patient_id,patient_first_name,patient_last_name,doctor_id,appointment_date
P0018,Sarah,Smith,Doctor 43,2022-12-31
P0207,Sandra,Rodriguez,Doctor 18,2022-12-31
P0243,Raymond,Hill,Doctor 38,2022-12-31
P0717,Raymond,Roberts,Doctor 51,2022-12-31
P0002,Sarah,King,Doctor 81,2023-01-01
P0164,Deborah,Howard,Doctor 56,2023-01-01
P0166,Daniel,Hall,Doctor 73,2023-01-01
P0374,Benjamin,Kelly,Doctor 98,2023-01-01
P0464,Frank,Perez,Doctor 9,2023-01-01
P0536,Nancy,Carter,Doctor 25,2023-01-01
P0690,Kenneth,Collins,Doctor 21,2023-01-01
P0715,Matthew,Ramirez,Doctor 67,2023-01-01
P0902,Thomas,Reed,Doctor 35,2023-01-01
P0937,Linda,Anderson,Doctor 8,2023-01-01
P1003,Stephen,Murphy,Doctor 83,2023-01-01
P1059,Jason,Wright,Doctor 39,2023-01-01
P1190,Betty,Thomas,Doctor 3,2023-01-01
P1246,Timothy,Young,Doctor 33,2023-01-01
P1360,Donald,Martin,Doctor 30,2023-01-01
P1390,Sharon,Flores,Doctor 16,2023-01-01
P0042,Brenda,Anderson,Doctor 67,2023-01-02
P0119,Jason,Price,Doctor 95,2023-01-02
P0132,Sharon,Martin,Doctor 45,2023-01-02
P0285,Michael,Richardson,Doctor 65,2023-01-02
P0304,Jonathan,Bailey,Doctor 91,2023-01-02
P0334,Joseph,Perez,Doctor 26,2023-01-02
P0394,Sandra,Young,Doctor 88,2023-01-02
P0395,Ryan,Wright,Doctor 49,2023-01-02
P0467,Karen,Martin,Doctor 98,2023-01-02
P0514,Sandra,Hill,Doctor 18,2023-01-02
P0616,Carol,Edwards,Doctor 17,2023-01-02
P0760,Dennis,Campbell,Doctor 82,2023-01-02
P0796,Kevin,Morales,Doctor 75,2023-01-02
P0812,Virginia,Thomas,Doctor 18,2023-01-02
P0841,David,Rodriguez,Doctor 55,2023-01-02
P0907,Anna,Chavez,Doctor 90,2023-01-02
P0914,Benjamin,Rodriguez,Doctor 17,2023-01-02
P0925,Carol,Castillo,Doctor 36,2023-01-02
P0980,Benjamin,Cox,Doctor 17,2023-01-02
P1200,Larry,Perez,Doctor 96,2023-01-02
P1273,Jeffrey,Gomez,Doctor 50,2023-01-02
P1368,Amy,Allen,Doctor 11,2023-01-02
P1513,Eric,Lee,Doctor 30,2023-01-02
P0051,Larry,Jackson,Doctor 82,2023-01-03
P0105,Elizabeth,Carter,Doctor 17,2023-01-03
P0121,Sarah,Reed,Doctor 88,2023-01-03
P0251,Amy,Gutierrez,Doctor 73,2023-01-03
P0469,Sandra,Rivera,Doctor 56,2023-01-03
P0544,Nancy,Nelson,Doctor 19,2023-01-03
P0602,Emma,Green,Doctor 5,2023-01-03
P0703,Jennifer,Lopez,Doctor 54,2023-01-03
P0738,Lisa,Nelson,Doctor 71,2023-01-03
P1026,Susan,Kelly,Doctor 61,2023-01-03
P1029,Jerry,Lee,Doctor 34,2023-01-03
P1421,Sandra,Lopez,Doctor 51,2023-01-03
P0001,Kimberly,Anderson,Doctor 18,2023-01-04
P0086,Lisa,Nguyen,Doctor 19,2023-01-04
P0103,Deborah,Hughes,Doctor 5,2023-01-04
P0146,Kevin,Clark,Doctor 80,2023-01-04
P0169,Gregory,Thomas,Doctor 14,2023-01-04
P0198,Michelle,Diaz,Doctor 98,2023-01-04
P0212,Betty,Martin,Doctor 1,2023-01-04
P0217,Donald,Cooper,Doctor 43,2023-01-04
P0283,Gary,Brooks,Doctor 60,2023-01-04
P0446,William,Patel,Doctor 52,2023-01-04
P0463,Sandra,Campbell,Doctor 40,2023-01-04
P0636,Donald,Young,Doctor 67,2023-01-04
P0668,Justin,Nguyen,Doctor 83,2023-01-04
P0676,Timothy,Bennett,Doctor 63,2023-01-04
P0863,Samuel,Sanders,Doctor 18,2023-01-04
P0873,Dennis,Ruiz,Doctor 13,2023-01-04
P0890,Larry,Cruz,Doctor 67,2023-01-04
P0921,Jennifer,Jones,Doctor 54,2023-01-04
P0986,Kevin,Peterson,Doctor 19,2023-01-04
P1059,Jason,Wright,Doctor 91,2023-01-04
P1105,Tyler,Watson,Doctor 33,2023-01-04
P1106,Kimberly,Jones,Doctor 13,2023-01-04
P1222,Aaron,Perez,Doctor 49,2023-01-04
P1228,Patrick,King,Doctor 94,2023-01-04
P1270,Gregory,Hughes,Doctor 2,2023-01-04
P1296,Kimberly,Morgan,Doctor 2,2023-01-04
P1307,Sarah,Wood,Doctor 72,2023-01-04
P1323,Mark,Thomas,Doctor 18,2023-01-04
P1366,Sarah,Gomez,Doctor 89,2023-01-04
P1378,Samuel,Cox,Doctor 37,2023-01-04
P1419,Barbara,Green,Doctor 100,2023-01-04
P1452,Brenda,Miller,Doctor 26,2023-01-04
P1494,Jonathan,Ruiz,Doctor 19,2023-01-04
P0057,Sharon,Hill,Doctor 23,2023-01-05
P0062,Linda,White,Doctor 77,2023-01-05
P0135,Virginia,Martinez,Doctor 90,2023-01-05
P0167,Brian,Wilson,Doctor 50,2023-01-05
P0170,Jeffrey,Wood,Doctor 28,2023-01-05
P0216,Scott,Scott,Doctor 73,2023-01-05
P0431,Sarah,Taylor,Doctor 6,2023-01-05
P0436,Karen,Gutierrez,Doctor 22,2023-01-05
P0515,Ryan,Castillo,Doctor 39,2023-01-05
P0516,Joshua,Cooper,Doctor 26,2023-01-05
P0680,Jeffrey,Lewis,Doctor 70,2023-01-05
P0780,Brian,Green,Doctor 74,2023-01-05
P0814,Aaron,Rodriguez,Doctor 44,2023-01-05
P0879,Shirley,Mendoza,Doctor 74,2023-01-05
P1076,Amy,Diaz,Doctor 44,2023-01-05
P1249,Laura,Morgan,Doctor 34,2023-01-05
P1336,Matthew,Collins,Doctor 37,2023-01-05
P1359,Daniel,Patel,Doctor 67,2023-01-05
P1415,Deborah,Allen,Doctor 100,2023-01-05
P1521,Patrick,Cook,Doctor 99,2023-01-05
P0005,Edward,Mendoza,Doctor 12,2023-01-06
P0012,Justin,Cruz,Doctor 32,2023-01-06
P0054,Joseph,Torres,Doctor 62,2023-01-06
P0101,Ruth,Ortiz,Doctor 48,2023-01-06
P0407,Steven,Miller,Doctor 46,2023-01-06
P0441,Charles,Kim,Doctor 53,2023-01-06
P0453,Ruth,Cox,Doctor 64,2023-01-06
P0480,Tyler,Rodriguez,Doctor 66,2023-01-06
P0652,Rebecca,Sanchez,Doctor 18,2023-01-06
P0701,Thomas,Adams,Doctor 35,2023-01-06
P0711,Deborah,Bailey,Doctor 55,2023-01-06
P0721,Gary,Smith,Doctor 62,2023-01-06
P0728,Gary,Lee,Doctor 31,2023-01-06
P0729,Donald,Walker,Doctor 34,2023-01-06
P0754,Jacob,Wood,Doctor 90,2023-01-06
P0833,Dennis,Lopez,Doctor 34,2023-01-06
P0901,Raymond,Lee,Doctor 68,2023-01-06
P0929,Lisa,Baker,Doctor 51,2023-01-06
P0960,Jeffrey,Martin,Doctor 97,2023-01-06
P0990,Lisa,Sanders,Doctor 92,2023-01-06
P0995,Donna,Young,Doctor 19,2023-01-06
P1012,Virginia,Rivera,Doctor 69,2023-01-06
P1057,Nancy,Rodriguez,Doctor 13,2023-01-06
P1058,Brandon,Cook,Doctor 81,2023-01-06
P1058,Brandon,Cook,Doctor 9,2023-01-06
P1130,Joseph,Peterson,Doctor 68,2023-01-06
P1199,Sarah,Ramos,Doctor 83,2023-01-06
P1200,Larry,Perez,Doctor 44,2023-01-06
P1216,Alexander,Thomas,Doctor 56,2023-01-06
P1318,Jonathan,Wilson,Doctor 94,2023-01-06
P1366,Sarah,Gomez,Doctor 7,2023-01-06
P1489,Jacob,Edwards,Doctor 25,2023-01-06
P0047,Daniel,Roberts,Doctor 13,2023-01-07
P0181,Amy,Torres,Doctor 7,2023-01-07
P0228,Alexander,Morales,Doctor 68,2023-01-07
P0265,Richard,Bailey,Doctor 15,2023-01-07
P0466,Sandra,Miller,Doctor 35,2023-01-07
P0516,Joshua,Cooper,Doctor 26,2023-01-07
P0564,Lisa,Bennett,Doctor 11,2023-01-07
P0595,George,Price,Doctor 24,2023-01-07
P0692,Linda,Cox,Doctor 88,2023-01-07
P0807,Donna,Ruiz,Doctor 17,2023-01-07
P0864,Ruth,Robinson,Doctor 87,2023-01-07
P1062,Aaron,Rivera,Doctor 54,2023-01-07
P1174,Deborah,Richardson,Doctor 57,2023-01-07
P1182,Kenneth,Brown,Doctor 2,2023-01-07
P1277,Sharon,Reed,Doctor 8,2023-01-07
P1305,Jack,Morales,Doctor 52,2023-01-07
P1333,Betty,Edwards,Doctor 83,2023-01-07
P1346,Michelle,Turner,Doctor 68,2023-01-07
P1426,Melissa,Richardson,Doctor 67,2023-01-07
P1516,Sandra,Morales,Doctor 39,2023-01-07
P0038,Cynthia,Cox,Doctor 57,2023-01-08
P0077,Ruth,Kelly,Doctor 64,2023-01-08
P0078,Dorothy,Phillips,Doctor 23,2023-01-08
P0092,Virginia,Morris,Doctor 50,2023-01-08
P0160,Carol,Phillips,Doctor 100,2023-01-08
P0221,Kathleen,Morales,Doctor 79,2023-01-08
P0249,Richard,Scott,Doctor 66,2023-01-08
P0365,Carol,Murphy,Doctor 31,2023-01-08
P0452,Daniel,Cox,Doctor 24,2023-01-08
P0560,Lisa,Thomas,Doctor 60,2023-01-08
P0658,Jessica,Campbell,Doctor 66,2023-01-08
P0833,Dennis,Lopez,Doctor 71,2023-01-08
P0862,Deborah,Scott,Doctor 8,2023-01-08
P0977,Edward,Howard,Doctor 48,2023-01-08
P0983,Nancy,Ramirez,Doctor 72,2023-01-08
P1034,George,Nguyen,Doctor 62,2023-01-08
P1159,Jerry,Kim,Doctor 52,2023-01-08
P1193,Charles,Hughes,Doctor 76,2023-01-08
P1213,Lisa,Rivera,Doctor 20,2023-01-08
P1226,Joseph,Richardson,Doctor 84,2023-01-08
P1280,Gregory,Peterson,Doctor 95,2023-01-08
P1416,Jerry,Turner,Doctor 29,2023-01-08
P1424,Edward,Castillo,Doctor 74,2023-01-08
P0001,Kimberly,Anderson,Doctor 79,2023-01-09
P0015,Susan,Murphy,Doctor 20,2023-01-09
P0029,Betty,Perez,Doctor 8,2023-01-09
P0110,Jessica,Baker,Doctor 50,2023-01-09
P0141,Ryan,Diaz,Doctor 92,2023-01-09
P0303,William,Clark,Doctor 100,2023-01-09
P0319,Patricia,Turner,Doctor 41,2023-01-09
P0421,Kathleen,Cox,Doctor 20,2023-01-09
P0426,Anthony,Brooks,Doctor 27,2023-01-09
P0452,Daniel,Cox,Doctor 24,2023-01-09
P0471,Raymond,Mendoza,Doctor 54,2023-01-09
P0684,Betty,Peterson,Doctor 26,2023-01-09
P0687,Jack,Bailey,Doctor 74,2023-01-09
P0793,Ruth,Sanchez,Doctor 66,2023-01-09
P0793,Ruth,Sanchez,Doctor 13,2023-01-09
P0829,Jerry,Williams,Doctor 30,2023-01-09
P0837,Kenneth,Campbell,Doctor 11,2023-01-09
P1055,Mary,Nguyen,Doctor 6,2023-01-09
P1136,Brenda,Castillo,Doctor 82,2023-01-09
P1139,Jose,Ward,Doctor 78,2023-01-09
P1161,Donna,Collins,Doctor 33,2023-01-09
P1171,Andrew,Morales,Doctor 44,2023-01-09
P1203,Jason,Hughes,Doctor 46,2023-01-09
P1269,Richard,Smith,Doctor 43,2023-01-09
P1319,Michael,Harris,Doctor 93,2023-01-09
P1374,Richard,Torres,Doctor 34,2023-01-09
P1397,Melissa,Jackson,Doctor 32,2023-01-09
P1483,Jessica,Stewart,Doctor 30,2023-01-09
P1500,Donald,Price,Doctor 53,2023-01-09
P0142,Samuel,Allen,Doctor 25,2023-01-10
P0162,Edward,Nguyen,Doctor 33,2023-01-10
P0273,Joshua,Kim,Doctor 81,2023-01-10
P0293,Stephen,Garcia,Doctor 96,2023-01-10
P0414,Laura,Evans,Doctor 82,2023-01-10
P0420,Jennifer,Cox,Doctor 42,2023-01-10
P0526,Nicholas,Ward,Doctor 99,2023-01-10
P0533,John,Anderson,Doctor 14,2023-01-10
P0605,Carol,Bailey,Doctor 97,2023-01-10
P0668,Justin,Nguyen,Doctor 83,2023-01-10
P0752,Kimberly,Harris,Doctor 100,2023-01-10
P1104,Jessica,Patel,Doctor 55,2023-01-10
P1106,Kimberly,Jones,Doctor 18,2023-01-10
P1253,Stephen,Phillips,Doctor 8,2023-01-10
P1401,Jerry,Wright,Doctor 55,2023-01-10
P1407,John,Hill,Doctor 15,2023-01-10
P0071,Sandra,Williams,Doctor 66,2023-01-11
P0147,Betty,Carter,Doctor 35,2023-01-11
P0220,Steven,Gomez,Doctor 97,2023-01-11
P0224,Aaron,Lopez,Doctor 70,2023-01-11
P0273,Joshua,Kim,Doctor 2,2023-01-11
P0307,Tyler,Scott,Doctor 37,2023-01-11
P0317,Kimberly,Gomez,Doctor 87,2023-01-11
P0331,Kathleen,Torres,Doctor 27,2023-01-11
P0350,Charles,Rodriguez,Doctor 19,2023-01-11
P0415,Mark,Gomez,Doctor 34,2023-01-11
P0607,Sharon,Turner,Doctor 93,2023-01-11
P0620,Donna,Reyes,Doctor 13,2023-01-11
P0804,Christopher,Evans,Doctor 76,2023-01-11
P0815,Matthew,Robinson,Doctor 41,2023-01-11
P0995,Donna,Young,Doctor 34,2023-01-11
P1206,Sarah,Cox,Doctor 71,2023-01-11
P1264,Frank,Allen,Doctor 90,2023-01-11
P1344,Laura,Flores,Doctor 68,2023-01-11
P1487,Laura,Morales,Doctor 24,2023-01-11
P0012,Justin,Cruz,Doctor 26,2023-01-12
P0063,Sarah,Parker,Doctor 53,2023-01-12
P0178,Dorothy,Taylor,Doctor 73,2023-01-12
P0192,Helen,Cook,Doctor 25,2023-01-12
P0355,Sharon,Scott,Doctor 73,2023-01-12
P0474,Sarah,Brown,Doctor 53,2023-01-12
P0634,Ruth,Gray,Doctor 30,2023-01-12
P0694,Tyler,Castillo,Doctor 76,2023-01-12
P0775,Virginia,Anderson,Doctor 3,2023-01-12
P0957,Justin,Phillips,Doctor 13,2023-01-12
P1032,Michael,Gonzalez,Doctor 46,2023-01-12
P1062,Aaron,Rivera,Doctor 97,2023-01-12
P1075,Eric,Parker,Doctor 13,2023-01-12
P1090,Ruth,Edwards,Doctor 41,2023-01-12
P1179,Lisa,Watson,Doctor 95,2023-01-12
P1353,George,Mitchell,Doctor 20,2023-01-12
P1354,Richard,Martin,Doctor 8,2023-01-12
P1402,Betty,Thompson,Doctor 43,2023-01-12
P1457,Karen,White,Doctor 91,2023-01-12
P1490,James,Ramirez,Doctor 27,2023-01-12
P0196,James,Bailey,Doctor 22,2023-01-13
P0242,Frank,Howard,Doctor 2,2023-01-13
P0446,William,Patel,Doctor 13,2023-01-13
P0508,Laura,Robinson,Doctor 55,2023-01-13
P0593,Joshua,Torres,Doctor 32,2023-01-13
P0598,Christopher,Sanchez,Doctor 33,2023-01-13
P0624,Sarah,Jackson,Doctor 26,2023-01-13
P0662,Shirley,Robinson,Doctor 92,2023-01-13
P0687,Jack,Bailey,Doctor 65,2023-01-13
P0746,Michael,Rodriguez,Doctor 60,2023-01-13
P0815,Matthew,Robinson,Doctor 67,2023-01-13
P0955,Laura,Howard,Doctor 100,2023-01-13
P1253,Stephen,Phillips,Doctor 59,2023-01-13
P1343,Rebecca,Ramirez,Doctor 84,2023-01-13
P1403,Alexander,Young,Doctor 67,2023-01-13
P0006,Steven,Scott,Doctor 1,2023-01-14
P0107,Gary,Hernandez,Doctor 40,2023-01-14
P0203,Carol,Hernandez,Doctor 9,2023-01-14
P0261,Justin,Ramirez,Doctor 93,2023-01-14
P0327,Laura,Scott,Doctor 64,2023-01-14
P0412,Betty,Campbell,Doctor 9,2023-01-14
P0417,Timothy,Harris,Doctor 46,2023-01-14
P0476,Jennifer,Miller,Doctor 30,2023-01-14
P0678,Mary,Jones,Doctor 36,2023-01-14
P0767,Karen,Morgan,Doctor 27,2023-01-14
P0775,Virginia,Anderson,Doctor 65,2023-01-14
P0811,Dennis,Evans,Doctor 71,2023-01-14
P0856,Sandra,Gonzalez,Doctor 55,2023-01-14
P0869,Barbara,King,Doctor 5,2023-01-14
P0907,Anna,Chavez,Doctor 90,2023-01-14
P0921,Jennifer,Jones,Doctor 35,2023-01-14
P0931,Aaron,Patel,Doctor 57,2023-01-14
P1011,Donald,Diaz,Doctor 75,2023-01-14
P1048,Andrew,Young,Doctor 56,2023-01-14
P1127,Kevin,Patel,Doctor 26,2023-01-14
P1177,Jeffrey,Baker,Doctor 98,2023-01-14
P1250,Ruth,Scott,Doctor 25,2023-01-14
P1274,Kathleen,Richardson,Doctor 8,2023-01-14
P1285,Laura,Lee,Doctor 80,2023-01-14
P1301,Stephen,Nguyen,Doctor 30,2023-01-14
P1451,Richard,Clark,Doctor 45,2023-01-14
P1480,Virginia,Allen,Doctor 46,2023-01-14
P1509,Sarah,Cruz,Doctor 28,2023-01-14
P1511,Samuel,Hill,Doctor 44,2023-01-14
P1531,Michelle,Garcia,Doctor 57,2023-01-14
P0081,George,Baker,Doctor 27,2023-01-15
P0171,Helen,Wright,Doctor 64,2023-01-15
P0211,Shirley,Green,Doctor 64,2023-01-15
P0366,Michelle,Richardson,Doctor 20,2023-01-15
P0397,Gary,Torres,Doctor 94,2023-01-15
P0463,Sandra,Campbell,Doctor 55,2023-01-15
P0475,Jonathan,Thompson,Doctor 97,2023-01-15
P0499,Melissa,Parker,Doctor 92,2023-01-15
P0539,Patrick,Green,Doctor 54,2023-01-15
P0722,Angela,King,Doctor 56,2023-01-15
P0774,Michael,Murphy,Doctor 13,2023-01-15
P0778,Kimberly,Sanders,Doctor 92,2023-01-15
P0786,Raymond,Myers,Doctor 97,2023-01-15
P0892,Jack,Brown,Doctor 41,2023-01-15
P0926,Sharon,Cox,Doctor 21,2023-01-15
P1067,Gary,Bailey,Doctor 20,2023-01-15
P1116,Laura,Lewis,Doctor 69,2023-01-15
P1164,Matthew,Wright,Doctor 6,2023-01-15
P1358,Steven,Walker,Doctor 99,2023-01-15
P0002,Sarah,King,Doctor 80,2023-01-16
P0245,Donna,Harris,Doctor 3,2023-01-16
P0372,Jose,Miller,Doctor 39,2023-01-16
P0373,Sharon,Edwards,Doctor 50,2023-01-16
P0501,Michelle,Stewart,Doctor 7,2023-01-16
P0637,Gregory,Gutierrez,Doctor 37,2023-01-16
P0679,Deborah,Castillo,Doctor 40,2023-01-16
P0711,Deborah,Bailey,Doctor 4,2023-01-16
P0763,Kimberly,Campbell,Doctor 34,2023-01-16
P0783,Anna,Carter,Doctor 8,2023-01-16
P0839,Alexander,Anderson,Doctor 73,2023-01-16
P0884,Raymond,Parker,Doctor 56,2023-01-16
P0920,Justin,Reed,Doctor 66,2023-01-16
P0939,Jack,Patel,Doctor 43,2023-01-16
P0997,Patrick,Richardson,Doctor 1,2023-01-16
P1002,Laura,Murphy,Doctor 8,2023-01-16
P1054,George,Alvarez,Doctor 90,2023-01-16
P1183,Andrew,Morgan,Doctor 72,2023-01-16
P1233,Jacob,Sanchez,Doctor 28,2023-01-16
P1298,Jacob,Cox,Doctor 65,2023-01-16
P1331,Gary,Ortiz,Doctor 35,2023-01-16
P1413,Ryan,White,Doctor 28,2023-01-16
P0106,Jennifer,Sanders,Doctor 81,2023-01-17
P0107,Gary,Hernandez,Doctor 39,2023-01-17
P0202,Mark,James,Doctor 44,2023-01-17
P0314,Jason,Diaz,Doctor 57,2023-01-17
P0370,Laura,Allen,Doctor 71,2023-01-17
P0453,Ruth,Cox,Doctor 79,2023-01-17
P0546,Donna,Richardson,Doctor 89,2023-01-17
P0568,Sarah,Evans,Doctor 67,2023-01-17
P0655,Helen,Wood,Doctor 56,2023-01-17
P0753,Jose,Alvarez,Doctor 5,2023-01-17
P0820,Tyler,Ramos,Doctor 24,2023-01-17
P0844,James,Castillo,Doctor 34,2023-01-17
P0909,Patrick,Gomez,Doctor 63,2023-01-17
P1021,Stephen,Allen,Doctor 54,2023-01-17
P1077,Gary,Edwards,Doctor 90,2023-01-17
P1157,Michelle,Green,Doctor 92,2023-01-17
P1197,Anthony,King,Doctor 8,2023-01-17
P1207,Jeffrey,Carter,Doctor 57,2023-01-17
P1279,Anthony,Edwards,Doctor 80,2023-01-17
P1285,Laura,Lee,Doctor 73,2023-01-17
P1435,James,Ortiz,Doctor 100,2023-01-17
P1458,Melissa,Harris,Doctor 85,2023-01-17
P0093,Jacob,Hall,Doctor 69,2023-01-18
P0122,Richard,Alvarez,Doctor 11,2023-01-18
P0154,Betty,Diaz,Doctor 15,2023-01-18
P0346,Michelle,Murphy,Doctor 15,2023-01-18
P0443,Jennifer,Brooks,Doctor 18,2023-01-18
P0523,Angela,Cook,Doctor 42,2023-01-18
P0580,Aaron,Adams,Doctor 92,2023-01-18
P0592,Kenneth,Roberts,Doctor 88,2023-01-18
P0600,Sharon,Johnson,Doctor 46,2023-01-18
P0752,Kimberly,Harris,Doctor 87,2023-01-18
P0778,Kimberly,Sanders,Doctor 92,2023-01-18
P0891,Ruth,Patel,Doctor 34,2023-01-18
P0955,Laura,Howard,Doctor 100,2023-01-18
P1089,Richard,Ortiz,Doctor 33,2023-01-18
P1520,Richard,Cruz,Doctor 30,2023-01-18
P0127,Jerry,Peterson,Doctor 30,2023-01-19
P0199,Ryan,Richardson,Doctor 2,2023-01-19
P0245,Donna,Harris,Doctor 45,2023-01-19
P0254,Rebecca,Martin,Doctor 38,2023-01-19
P0276,Jerry,Robinson,Doctor 95,2023-01-19
P0372,Jose,Miller,Doctor 39,2023-01-19
P0533,John,Anderson,Doctor 34,2023-01-19
P0553,Melissa,Reed,Doctor 33,2023-01-19
P0588,Lisa,Adams,Doctor 56,2023-01-19
P0735,Sarah,Carter,Doctor 32,2023-01-19
P0870,Jason,Bailey,Doctor 91,2023-01-19
P0933,Samuel,Smith,Doctor 4,2023-01-19
P0985,Dorothy,Johnson,Doctor 65,2023-01-19
P1029,Jerry,Lee,Doctor 34,2023-01-19
P1049,Linda,Morris,Doctor 96,2023-01-19
P1081,Deborah,Gray,Doctor 5,2023-01-19
P1112,Helen,Reed,Doctor 42,2023-01-19
P1235,Timothy,Cook,Doctor 75,2023-01-19
P1333,Betty,Edwards,Doctor 37,2023-01-19
P1337,Elizabeth,Mendoza,Doctor 67,2023-01-19
P1371,Barbara,Wood,Doctor 14,2023-01-19
P1441,Michelle,Collins,Doctor 11,2023-01-19
P0136,Richard,Miller,Doctor 72,2023-01-20
P0283,Gary,Brooks,Doctor 66,2023-01-20
P0425,Lisa,Anderson,Doctor 81,2023-01-20
P0435,Nancy,Wright,Doctor 13,2023-01-20
P0467,Karen,Martin,Doctor 98,2023-01-20
P0590,Lisa,Wright,Doctor 55,2023-01-20
P0626,Daniel,Allen,Doctor 23,2023-01-20
P0706,Dorothy,Anderson,Doctor 41,2023-01-20
P0740,Deborah,Cooper,Doctor 14,2023-01-20
P0749,Shirley,Jackson,Doctor 55,2023-01-20
P0761,Michelle,Cooper,Doctor 62,2023-01-20
P0778,Kimberly,Sanders,Doctor 68,2023-01-20
P0935,Sharon,Diaz,Doctor 11,2023-01-20
P1047,Nicholas,Rogers,Doctor 100,2023-01-20
P1159,Jerry,Kim,Doctor 14,2023-01-20
P1165,Scott,Flores,Doctor 10,2023-01-20
P1290,Ryan,Jones,Doctor 30,2023-01-20
P1337,Elizabeth,Mendoza,Doctor 33,2023-01-20
P1424,Edward,Castillo,Doctor 74,2023-01-20
P1482,David,Thomas,Doctor 35,2023-01-20
P1524,Laura,Gutierrez,Doctor 34,2023-01-20
P0058,Patrick,James,Doctor 36,2023-01-21
P0131,Christopher,Wilson,Doctor 50,2023-01-21
P0191,Dennis,Lewis,Doctor 80,2023-01-21
P0193,Sandra,Wood,Doctor 5,2023-01-21
P0368,Jonathan,Jones,Doctor 2,2023-01-21
P0380,Larry,Sanchez,Doctor 61,2023-01-21
P0408,Sandra,Kelly,Doctor 44,2023-01-21
P0470,Donald,Turner,Doctor 7,2023-01-21
P0473,Andrew,Thomas,Doctor 7,2023-01-21
P0515,Ryan,Castillo,Doctor 8,2023-01-21
P0598,Christopher,Sanchez,Doctor 22,2023-01-21
P0677,Anthony,Rogers,Doctor 84,2023-01-21
P0698,Betty,Clark,Doctor 75,2023-01-21
P0784,Deborah,Hall,Doctor 36,2023-01-21
P0887,Michelle,Jackson,Doctor 63,2023-01-21
P0989,Rebecca,Robinson,Doctor 64,2023-01-21
P1126,Robert,Gray,Doctor 91,2023-01-21
P1346,Michelle,Turner,Doctor 68,2023-01-21
P1492,Sandra,Thomas,Doctor 74,2023-01-21
P0062,Linda,White,Doctor 77,2023-01-22
P0078,Dorothy,Phillips,Doctor 23,2023-01-22
P0219,Timothy,Kim,Doctor 21,2023-01-22
P0342,Kenneth,Miller,Doctor 29,2023-01-22
P0501,Michelle,Stewart,Doctor 87,2023-01-22
P0510,Karen,Cooper,Doctor 26,2023-01-22
P0621,Sandra,Cook,Doctor 30,2023-01-22
P0781,Jessica,Kelly,Doctor 60,2023-01-22
P0867,Barbara,Diaz,Doctor 34,2023-01-22
P1044,Andrew,Cruz,Doctor 38,2023-01-22
P1129,Linda,Garcia,Doctor 75,2023-01-22
P1331,Gary,Ortiz,Doctor 68,2023-01-22
P1351,Sandra,Reyes,Doctor 44,2023-01-22
P1388,Ronald,Flores,Doctor 43,2023-01-22
P1454,Ruth,Perez,Doctor 9,2023-01-22
P0059,Karen,Phillips,Doctor 62,2023-01-23
P0253,Nicholas,Morales,Doctor 46,2023-01-23
P0339,Helen,Parker,Doctor 25,2023-01-23
P0441,Charles,Kim,Doctor 46,2023-01-23
P0458,Joseph,Brown,Doctor 11,2023-01-23
P0622,Sarah,Nelson,Doctor 53,2023-01-23
P0699,Michelle,Morgan,Doctor 70,2023-01-23
P0716,Brian,Castillo,Doctor 49,2023-01-23
P0730,Donna,Hill,Doctor 79,2023-01-23
P0785,Cynthia,Howard,Doctor 80,2023-01-23
P0820,Tyler,Ramos,Doctor 98,2023-01-23
P1114,Brandon,Hill,Doctor 28,2023-01-23
P1136,Brenda,Castillo,Doctor 68,2023-01-23
P1152,Kimberly,Cruz,Doctor 20,2023-01-23
P1167,Andrew,Roberts,Doctor 43,2023-01-23
P1189,Linda,Robinson,Doctor 49,2023-01-23
P1282,Kimberly,Baker,Doctor 41,2023-01-23
P1297,Shirley,Kelly,Doctor 14,2023-01-23
P1305,Jack,Morales,Doctor 7,2023-01-23
P1333,Betty,Edwards,Doctor 37,2023-01-23
P1355,Dennis,Brown,Doctor 95,2023-01-23
P1458,Melissa,Harris,Doctor 54,2023-01-23
P1492,Sandra,Thomas,Doctor 54,2023-01-23
P0059,Karen,Phillips,Doctor 96,2023-01-24
P0149,Susan,Gomez,Doctor 61,2023-01-24
P0238,Betty,Sanders,Doctor 11,2023-01-24
P0309,Anna,Baker,Doctor 47,2023-01-24
P0409,Angela,Hernandez,Doctor 55,2023-01-24
P0623,Laura,Edwards,Doctor 27,2023-01-24
P0663,Michael,Cooper,Doctor 1,2023-01-24
P0666,Matthew,Taylor,Doctor 22,2023-01-24
P0686,Elizabeth,Allen,Doctor 61,2023-01-24
P1068,Brandon,Baker,Doctor 58,2023-01-24
P1127,Kevin,Patel,Doctor 27,2023-01-24
P1279,Anthony,Edwards,Doctor 48,2023-01-24
P1357,Jacob,White,Doctor 58,2023-01-24
P1445,Ryan,Collins,Doctor 39,2023-01-24
P0064,David,Price,Doctor 64,2023-01-25
P0154,Betty,Diaz,Doctor 31,2023-01-25
P0182,Jerry,Young,Doctor 44,2023-01-25
P0302,Brenda,Hall,Doctor 67,2023-01-25
P0339,Helen,Parker,Doctor 2,2023-01-25
P0418,Jerry,Rivera,Doctor 85,2023-01-25
P0444,Brian,Ramos,Doctor 36,2023-01-25
P0579,Dorothy,Davis,Doctor 55,2023-01-25
P0732,Dorothy,Hill,Doctor 60,2023-01-25
P0929,Lisa,Baker,Doctor 80,2023-01-25
P0930,Kevin,Stewart,Doctor 31,2023-01-25
P0970,Michelle,Roberts,Doctor 72,2023-01-25
P1145,Jonathan,Howard,Doctor 44,2023-01-25
P1205,Robert,Wood,Doctor 15,2023-01-25
P1261,Gary,Collins,Doctor 28,2023-01-25
P1313,Scott,Kim,Doctor 52,2023-01-25
P1396,Matthew,Jackson,Doctor 100,2023-01-25
P1531,Michelle,Garcia,Doctor 57,2023-01-25
P0009,Jack,Perez,Doctor 4,2023-01-26
P0098,Karen,Green,Doctor 66,2023-01-26
P0104,Kimberly,Cox,Doctor 38,2023-01-26
P0126,John,Lopez,Doctor 17,2023-01-26
P0170,Jeffrey,Wood,Doctor 12,2023-01-26
P0322,Jose,Morgan,Doctor 11,2023-01-26
P0424,Jessica,Harris,Doctor 97,2023-01-26
P0429,Jessica,Ramirez,Doctor 45,2023-01-26
P0434,David,Gonzalez,Doctor 38,2023-01-26
P0437,George,Green,Doctor 83,2023-01-26
P0517,Linda,Rogers,Doctor 46,2023-01-26
P0637,Gregory,Gutierrez,Doctor 30,2023-01-26
P0863,Samuel,Sanders,Doctor 77,2023-01-26
P1077,Gary,Edwards,Doctor 87,2023-01-26
P1189,Linda,Robinson,Doctor 91,2023-01-26
P1234,Jessica,Miller,Doctor 96,2023-01-26
P1238,Michelle,Scott,Doctor 63,2023-01-26
P1347,Patricia,Parker,Doctor 35,2023-01-26
P1452,Brenda,Miller,Doctor 85,2023-01-26
P1453,Betty,Harris,Doctor 31,2023-01-26
P0090,Frank,Clark,Doctor 82,2023-01-27
P0143,Lisa,Cruz,Doctor 89,2023-01-27
P0169,Gregory,Thomas,Doctor 7,2023-01-27
P0225,Gregory,Miller,Doctor 88,2023-01-27
P0325,Karen,Gomez,Doctor 34,2023-01-27
P0339,Helen,Parker,Doctor 98,2023-01-27
P0467,Karen,Martin,Doctor 20,2023-01-27
P0537,Carol,Collins,Doctor 68,2023-01-27
P0680,Jeffrey,Lewis,Doctor 24,2023-01-27
P0714,Jessica,Murphy,Doctor 84,2023-01-27
P0835,Dorothy,Scott,Doctor 49,2023-01-27
P1054,George,Alvarez,Doctor 100,2023-01-27
P1132,Elizabeth,Green,Doctor 68,2023-01-27
P1194,Jennifer,Smith,Doctor 88,2023-01-27
P1312,Melissa,Walker,Doctor 65,2023-01-27
P1380,Dennis,Harris,Doctor 88,2023-01-27
P1425,Dennis,Ramos,Doctor 94,2023-01-27
P1475,Michelle,James,Doctor 88,2023-01-27
P1476,Jack,Jackson,Doctor 74,2023-01-27
P0020,Barbara,Miller,Doctor 50,2023-01-28
P0045,Angela,Diaz,Doctor 2,2023-01-28
P0052,Robert,Johnson,Doctor 97,2023-01-28
P0100,Carol,Garcia,Doctor 67,2023-01-28
P0110,Jessica,Baker,Doctor 20,2023-01-28
P0234,Melissa,Phillips,Doctor 67,2023-01-28
P0260,Jonathan,Hill,Doctor 10,2023-01-28
P0264,Nicholas,Scott,Doctor 98,2023-01-28
P0341,Angela,Perez,Doctor 3,2023-01-28
P0534,Helen,Flores,Doctor 16,2023-01-28
P0543,Brenda,Alvarez,Doctor 30,2023-01-28
P0631,Deborah,Thompson,Doctor 2,2023-01-28
P0636,Donald,Young,Doctor 90,2023-01-28
P0642,John,Kim,Doctor 85,2023-01-28
P0876,Ronald,Scott,Doctor 95,2023-01-28
P0900,Donna,Martinez,Doctor 64,2023-01-28
P0928,Sharon,Richardson,Doctor 69,2023-01-28
P0938,Gregory,Ramirez,Doctor 15,2023-01-28
P0941,Larry,Hall,Doctor 6,2023-01-28
P1014,Rebecca,Brown,Doctor 7,2023-01-28
P1052,Carol,Rogers,Doctor 93,2023-01-28
P1084,Jeffrey,Mitchell,Doctor 31,2023-01-28
P1116,Laura,Lewis,Doctor 87,2023-01-28
P1162,Kenneth,Johnson,Doctor 63,2023-01-28
P1280,Gregory,Peterson,Doctor 88,2023-01-28
P1325,Kathleen,Wilson,Doctor 49,2023-01-28
P1351,Sandra,Reyes,Doctor 56,2023-01-28
P1423,Edward,Gutierrez,Doctor 15,2023-01-28
P1425,Dennis,Ramos,Doctor 81,2023-01-28
P0068,Dorothy,Flores,Doctor 99,2023-01-29
P0123,Richard,Hill,Doctor 98,2023-01-29
P0169,Gregory,Thomas,Doctor 98,2023-01-29
P0243,Raymond,Hill,Doctor 7,2023-01-29
P0264,Nicholas,Scott,Doctor 98,2023-01-29
P0357,Stephen,Price,Doctor 11,2023-01-29
P0374,Benjamin,Kelly,Doctor 23,2023-01-29
P0629,Jeffrey,Wright,Doctor 3,2023-01-29
P0840,David,Baker,Doctor 62,2023-01-29
P0917,Susan,Torres,Doctor 61,2023-01-29
P1127,Kevin,Patel,Doctor 50,2023-01-29
P1156,Susan,Williams,Doctor 84,2023-01-29
P1167,Andrew,Roberts,Doctor 93,2023-01-29
P1199,Sarah,Ramos,Doctor 99,2023-01-29
P1227,Raymond,Morris,Doctor 5,2023-01-29
P1280,Gregory,Peterson,Doctor 48,2023-01-29
P1295,Helen,Lewis,Doctor 15,2023-01-29
P1350,Susan,Parker,Doctor 47,2023-01-29
P1350,Susan,Parker,Doctor 47,2023-01-29
P1441,Michelle,Collins,Doctor 7,2023-01-29
P1506,Jessica,Morris,Doctor 35,2023-01-29
P0031,Brenda,Moore,Doctor 95,2023-01-30
P0150,Laura,Baker,Doctor 76,2023-01-30
P0312,Alexander,Myers,Doctor 80,2023-01-30
P0405,Eric,Thomas,Doctor 30,2023-01-30
P0419,Daniel,Watson,Doctor 44,2023-01-30
P0435,Nancy,Wright,Doctor 85,2023-01-30
P0497,Anna,Sanders,Doctor 12,2023-01-30
P0510,Karen,Cooper,Doctor 14,2023-01-30
P0549,Deborah,Brooks,Doctor 87,2023-01-30
P0557,Sarah,Ortiz,Doctor 41,2023-01-30
P0564,Lisa,Bennett,Doctor 11,2023-01-30
P0610,Deborah,Thomas,Doctor 11,2023-01-30
P0648,Tyler,Robinson,Doctor 4,2023-01-30
P0885,Gregory,Brooks,Doctor 19,2023-01-30
P0921,Jennifer,Jones,Doctor 6,2023-01-30
P0979,Sarah,Moore,Doctor 60,2023-01-30
P1044,Andrew,Cruz,Doctor 59,2023-01-30
P1113,Sandra,White,Doctor 1,2023-01-30
P1230,Barbara,Edwards,Doctor 1,2023-01-30
P1290,Ryan,Jones,Doctor 87,2023-01-30
P1299,Raymond,Ramirez,Doctor 45,2023-01-30
P1358,Steven,Walker,Doctor 53,2023-01-30
P1367,Kenneth,Ramos,Doctor 24,2023-01-30
P1403,Alexander,Young,Doctor 67,2023-01-30
P1441,Michelle,Collins,Doctor 37,2023-01-30
P1491,Justin,Lewis,Doctor 71,2023-01-30
P1511,Samuel,Hill,Doctor 81,2023-01-30
P0305,Nancy,Mendoza,Doctor 12,2023-01-31
P0385,Nicholas,Baker,Doctor 1,2023-01-31
P0526,Nicholas,Ward,Doctor 94,2023-01-31
P0604,Andrew,Ortiz,Doctor 12,2023-01-31
P0908,Kenneth,Ramirez,Doctor 68,2023-01-31
P1311,Richard,Davis,Doctor 41,2023-01-31
P0099,Virginia,Green,Doctor 64,2023-02-01
P0107,Gary,Hernandez,Doctor 39,2023-02-01
P0121,Sarah,Reed,Doctor 22,2023-02-01
P0320,Rebecca,Phillips,Doctor 20,2023-02-01
P0361,Karen,Nguyen,Doctor 55,2023-02-01
P0384,Susan,Harris,Doctor 100,2023-02-01
P0445,Edward,Wright,Doctor 87,2023-02-01
P0534,Helen,Flores,Doctor 1,2023-02-01
P0578,Virginia,Murphy,Doctor 41,2023-02-01
P0686,Elizabeth,Allen,Doctor 77,2023-02-01
P0725,Kimberly,Walker,Doctor 32,2023-02-01
P0756,Sandra,Scott,Doctor 41,2023-02-01
P0879,Shirley,Mendoza,Doctor 19,2023-02-01
P0939,Jack,Patel,Doctor 14,2023-02-01
P1050,Scott,Reed,Doctor 66,2023-02-01
P1095,Rebecca,James,Doctor 13,2023-02-01
P1193,Charles,Hughes,Doctor 76,2023-02-01
P1253,Stephen,Phillips,Doctor 59,2023-02-01
P1441,Michelle,Collins,Doctor 37,2023-02-01
P1488,Jeffrey,Reed,Doctor 28,2023-02-01
P0043,Ruth,Martinez,Doctor 52,2023-02-02
P0155,Sarah,Castillo,Doctor 87,2023-02-02
P0159,Dennis,Scott,Doctor 51,2023-02-02
P0221,Kathleen,Morales,Doctor 44,2023-02-02
P0244,Alexander,Chavez,Doctor 24,2023-02-02
P0248,Susan,Bennett,Doctor 2,2023-02-02
P0255,Betty,White,Doctor 49,2023-02-02
P0302,Brenda,Hall,Doctor 72,2023-02-02
P0326,Jason,Peterson,Doctor 74,2023-02-02
P0379,Mary,Perez,Doctor 41,2023-02-02
P0382,Sarah,Murphy,Doctor 91,2023-02-02
P0383,Carol,Hughes,Doctor 82,2023-02-02
P0400,Jessica,Flores,Doctor 91,2023-02-02
P0405,Eric,Thomas,Doctor 68,2023-02-02
P0463,Sandra,Campbell,Doctor 43,2023-02-02
P0480,Tyler,Rodriguez,Doctor 29,2023-02-02
P0495,Frank,Ruiz,Doctor 24,2023-02-02
P0665,Emma,Morris,Doctor 39,2023-02-02
P0819,Larry,Cox,Doctor 64,2023-02-02
P0866,Michael,Robinson,Doctor 85,2023-02-02
P0904,Deborah,Edwards,Doctor 61,2023-02-02
P0985,Dorothy,Johnson,Doctor 98,2023-02-02
P1047,Nicholas,Rogers,Doctor 64,2023-02-02
P1069,George,Murphy,Doctor 77,2023-02-02
P1092,Jacob,Sanders,Doctor 41,2023-02-02
P1100,Jessica,Cook,Doctor 69,2023-02-02
P1166,Stephen,Howard,Doctor 2,2023-02-02
P1215,Kenneth,Evans,Doctor 39,2023-02-02
P1276,Jennifer,Cooper,Doctor 76,2023-02-02
P1335,Kevin,Richardson,Doctor 18,2023-02-02
P1341,Jerry,Hall,Doctor 85,2023-02-02
P1342,Kimberly,Diaz,Doctor 3,2023-02-02
P1398,James,Adams,Doctor 2,2023-02-02
P1535,Sarah,Bailey,Doctor 95,2023-02-02
P0014,Deborah,Stewart,Doctor 67,2023-02-03
P0047,Daniel,Roberts,Doctor 77,2023-02-03
P0125,Ryan,Myers,Doctor 31,2023-02-03
P0135,Virginia,Martinez,Doctor 2,2023-02-03
P0139,Sandra,Jackson,Doctor 46,2023-02-03
P0426,Anthony,Brooks,Doctor 27,2023-02-03
P0525,John,Thomas,Doctor 46,2023-02-03
P0527,Mark,Thompson,Doctor 75,2023-02-03
P0558,Shirley,Campbell,Doctor 54,2023-02-03
P0566,Anthony,Jones,Doctor 31,2023-02-03
P0644,Michael,Sanchez,Doctor 83,2023-02-03
P0795,Mark,Gutierrez,Doctor 24,2023-02-03
P0854,Patricia,Lee,Doctor 48,2023-02-03
P0869,Barbara,King,Doctor 72,2023-02-03
P0882,Angela,Evans,Doctor 98,2023-02-03
P0932,Donna,King,Doctor 95,2023-02-03
P0955,Laura,Howard,Doctor 100,2023-02-03
P1009,Gary,Clark,Doctor 7,2023-02-03
P1188,Kevin,Lee,Doctor 77,2023-02-03
P1198,Christopher,Cook,Doctor 27,2023-02-03
P1247,Jonathan,Mitchell,Doctor 48,2023-02-03
P1261,Gary,Collins,Doctor 89,2023-02-03
P1266,Richard,Myers,Doctor 21,2023-02-03
P1372,Larry,Flores,Doctor 85,2023-02-03
P1487,Laura,Morales,Doctor 13,2023-02-03
P1499,Carol,Baker,Doctor 25,2023-02-03
P1532,Sharon,Morgan,Doctor 25,2023-02-03
P0001,Kimberly,Anderson,Doctor 99,2023-02-04
P0391,Justin,Hughes,Doctor 68,2023-02-04
P0395,Ryan,Wright,Doctor 87,2023-02-04
P0408,Sandra,Kelly,Doctor 64,2023-02-04
P0472,Timothy,Torres,Doctor 78,2023-02-04
P0538,Jonathan,Thomas,Doctor 79,2023-02-04
P0578,Virginia,Murphy,Doctor 20,2023-02-04
P0665,Emma,Morris,Doctor 54,2023-02-04
P0684,Betty,Peterson,Doctor 77,2023-02-04
P0719,Donna,Ramos,Doctor 16,2023-02-04
P0730,Donna,Hill,Doctor 19,2023-02-04
P0916,Ronald,Nelson,Doctor 28,2023-02-04
P0990,Lisa,Sanders,Doctor 14,2023-02-04
P0993,Shirley,Evans,Doctor 85,2023-02-04
P1122,Robert,Wilson,Doctor 33,2023-02-04
P1167,Andrew,Roberts,Doctor 94,2023-02-04
P1224,Charles,Bailey,Doctor 21,2023-02-04
P1251,Anna,Hall,Doctor 71,2023-02-04
P1297,Shirley,Kelly,Doctor 85,2023-02-04
P1335,Kevin,Richardson,Doctor 14,2023-02-04
P1369,Brenda,Parker,Doctor 86,2023-02-04
P1412,Kathleen,Wright,Doctor 43,2023-02-04
P1441,Michelle,Collins,Doctor 23,2023-02-04
P1458,Melissa,Harris,Doctor 2,2023-02-04
P1524,Laura,Gutierrez,Doctor 13,2023-02-04
P1526,Christopher,Wright,Doctor 39,2023-02-04
P0264,Nicholas,Scott,Doctor 83,2023-02-05
P0406,Angela,Adams,Doctor 26,2023-02-05
P0465,Barbara,Brown,Doctor 44,2023-02-05
P0542,Brenda,Morales,Doctor 28,2023-02-05
P0550,Edward,Torres,Doctor 64,2023-02-05
P0592,Kenneth,Roberts,Doctor 96,2023-02-05
P0669,Jose,Harris,Doctor 8,2023-02-05
P0718,Sarah,Myers,Doctor 98,2023-02-05
P0818,Barbara,Mendoza,Doctor 95,2023-02-05
P0959,Jose,Nelson,Doctor 21,2023-02-05
P1140,Joseph,Gomez,Doctor 78,2023-02-05
P1268,Ruth,Rogers,Doctor 20,2023-02-05
P1278,Richard,Perez,Doctor 14,2023-02-05
P1296,Kimberly,Morgan,Doctor 14,2023-02-05
P1313,Scott,Kim,Doctor 89,2023-02-05
P1335,Kevin,Richardson,Doctor 14,2023-02-05
P1530,William,Parker,Doctor 32,2023-02-05
P0059,Karen,Phillips,Doctor 30,2023-02-06
P0072,Aaron,Hughes,Doctor 96,2023-02-06
P0151,James,Gutierrez,Doctor 94,2023-02-06
P0186,John,Ramirez,Doctor 32,2023-02-06
P0282,Linda,Jones,Doctor 8,2023-02-06
P0288,Justin,Wright,Doctor 86,2023-02-06
P0336,Laura,Ward,Doctor 87,2023-02-06
P0432,Jose,Reyes,Doctor 43,2023-02-06
P0472,Timothy,Torres,Doctor 65,2023-02-06
P0530,Sandra,Wilson,Doctor 16,2023-02-06
P0565,Thomas,Allen,Doctor 33,2023-02-06
P0658,Jessica,Campbell,Doctor 74,2023-02-06
P0815,Matthew,Robinson,Doctor 68,2023-02-06
P1041,Brandon,Richardson,Doctor 55,2023-02-06
P1063,Betty,Murphy,Doctor 46,2023-02-06
P1223,Joshua,Johnson,Doctor 55,2023-02-06
P1255,Betty,Gomez,Doctor 3,2023-02-06
P1262,Brandon,Jackson,Doctor 84,2023-02-06
P1407,John,Hill,Doctor 2,2023-02-06
P0345,Kimberly,Howard,Doctor 68,2023-02-07
P0401,Samuel,Flores,Doctor 12,2023-02-07
P0604,Andrew,Ortiz,Doctor 31,2023-02-07
P0608,Alexander,Williams,Doctor 95,2023-02-07
P0644,Michael,Sanchez,Doctor 82,2023-02-07
P0648,Tyler,Robinson,Doctor 4,2023-02-07
P0657,Jessica,Howard,Doctor 11,2023-02-07
P0663,Michael,Cooper,Doctor 70,2023-02-07
P0694,Tyler,Castillo,Doctor 3,2023-02-07
P0707,Jose,Cooper,Doctor 46,2023-02-07
P0831,Ruth,Price,Doctor 61,2023-02-07
P0903,Karen,Davis,Doctor 25,2023-02-07
P0923,Amy,Taylor,Doctor 62,2023-02-07
P1029,Jerry,Lee,Doctor 60,2023-02-07
P1062,Aaron,Rivera,Doctor 97,2023-02-07
P1215,Kenneth,Evans,Doctor 39,2023-02-07
P1349,Kenneth,Jackson,Doctor 10,2023-02-07
P1358,Steven,Walker,Doctor 9,2023-02-07
P1367,Kenneth,Ramos,Doctor 24,2023-02-07
P1408,Edward,Baker,Doctor 71,2023-02-07
P1422,Elizabeth,Davis,Doctor 18,2023-02-07
P1448,Raymond,Nelson,Doctor 37,2023-02-07
P1523,Kathleen,Gomez,Doctor 55,2023-02-07
P0023,Alexander,Phillips,Doctor 62,2023-02-08
P0024,Nancy,Alvarez,Doctor 73,2023-02-08
P0101,Ruth,Ortiz,Doctor 13,2023-02-08
P0141,Ryan,Diaz,Doctor 44,2023-02-08
P0149,Susan,Gomez,Doctor 61,2023-02-08
P0196,James,Bailey,Doctor 100,2023-02-08
P0302,Brenda,Hall,Doctor 63,2023-02-08
P0314,Jason,Diaz,Doctor 7,2023-02-08
P0348,Karen,Campbell,Doctor 7,2023-02-08
P0395,Ryan,Wright,Doctor 88,2023-02-08
P0408,Sandra,Kelly,Doctor 9,2023-02-08
P0473,Andrew,Thomas,Doctor 72,2023-02-08
P0477,Nancy,Ramos,Doctor 36,2023-02-08
P0555,Sharon,Chavez,Doctor 42,2023-02-08
P0621,Sandra,Cook,Doctor 41,2023-02-08
P0736,Alexander,Wood,Doctor 75,2023-02-08
P0925,Carol,Castillo,Doctor 50,2023-02-08
P0990,Lisa,Sanders,Doctor 76,2023-02-08
P1038,Angela,Johnson,Doctor 95,2023-02-08
P1090,Ruth,Edwards,Doctor 13,2023-02-08
P1158,John,Thompson,Doctor 8,2023-02-08
P1191,William,Thompson,Doctor 55,2023-02-08
P1211,Melissa,Johnson,Doctor 56,2023-02-08
P1271,Emma,White,Doctor 89,2023-02-08
P1276,Jennifer,Cooper,Doctor 76,2023-02-08
P1280,Gregory,Peterson,Doctor 61,2023-02-08
P1300,Carol,Wood,Doctor 35,2023-02-08
P1389,Nicholas,Lopez,Doctor 58,2023-02-08
P1499,Carol,Baker,Doctor 48,2023-02-08
P0026,Raymond,Campbell,Doctor 56,2023-02-09
P0178,Dorothy,Taylor,Doctor 73,2023-02-09
P0197,Elizabeth,Young,Doctor 96,2023-02-09
P0248,Susan,Bennett,Doctor 100,2023-02-09
P0295,Alexander,Collins,Doctor 71,2023-02-09
P0385,Nicholas,Baker,Doctor 19,2023-02-09
P0523,Angela,Cook,Doctor 85,2023-02-09
P0554,Betty,Howard,Doctor 46,2023-02-09
P0660,Nicholas,Turner,Doctor 28,2023-02-09
P0822,Kimberly,Smith,Doctor 28,2023-02-09
P0886,Michael,Reed,Doctor 3,2023-02-09
P0913,Helen,Miller,Doctor 96,2023-02-09
P0974,Sarah,Thompson,Doctor 75,2023-02-09
P0984,Brian,Kim,Doctor 7,2023-02-09
P1047,Nicholas,Rogers,Doctor 29,2023-02-09
P1265,Amy,Murphy,Doctor 16,2023-02-09
P1379,George,Collins,Doctor 59,2023-02-09
P0162,Edward,Nguyen,Doctor 18,2023-02-10
P0168,Sharon,Bailey,Doctor 25,2023-02-10
P0301,Emma,Turner,Doctor 37,2023-02-10
P0407,Steven,Miller,Doctor 29,2023-02-10
P0430,Nancy,Evans,Doctor 1,2023-02-10
P0506,Jessica,Reed,Doctor 91,2023-02-10
P0524,Jerry,Brown,Doctor 38,2023-02-10
P0576,Jack,Clark,Doctor 88,2023-02-10
P0639,Laura,Davis,Doctor 51,2023-02-10
P0728,Gary,Lee,Doctor 55,2023-02-10
P0764,Rebecca,Anderson,Doctor 33,2023-02-10
P0772,John,Mitchell,Doctor 8,2023-02-10
P0794,Thomas,Walker,Doctor 81,2023-02-10
P1015,Frank,Brown,Doctor 6,2023-02-10
P1047,Nicholas,Rogers,Doctor 40,2023-02-10
P1204,Donald,Clark,Doctor 8,2023-02-10
P1228,Patrick,King,Doctor 48,2023-02-10
P1314,Amy,Howard,Doctor 76,2023-02-10
P0089,Laura,Adams,Doctor 15,2023-02-11
P0149,Susan,Gomez,Doctor 4,2023-02-11
P0194,Michael,Cook,Doctor 31,2023-02-11
P0201,James,Evans,Doctor 79,2023-02-11
P0213,Barbara,Williams,Doctor 23,2023-02-11
P0220,Steven,Gomez,Doctor 94,2023-02-11
P0224,Aaron,Lopez,Doctor 39,2023-02-11
P0262,Matthew,Scott,Doctor 8,2023-02-11
P0363,Carol,Anderson,Doctor 45,2023-02-11
P0521,Daniel,Miller,Doctor 93,2023-02-11
P0550,Edward,Torres,Doctor 38,2023-02-11
P0563,Cynthia,Ward,Doctor 91,2023-02-11
P0613,Brandon,Morgan,Doctor 54,2023-02-11
P0709,Kenneth,Scott,Doctor 86,2023-02-11
P0749,Shirley,Jackson,Doctor 55,2023-02-11
P0811,Dennis,Evans,Doctor 77,2023-02-11
P0873,Dennis,Ruiz,Doctor 13,2023-02-11
P0964,Andrew,Martinez,Doctor 58,2023-02-11
P0964,Andrew,Martinez,Doctor 38,2023-02-11
P0999,Patrick,Morgan,Doctor 100,2023-02-11
P1011,Donald,Diaz,Doctor 65,2023-02-11
P1012,Virginia,Rivera,Doctor 71,2023-02-11
P1033,Angela,Mendoza,Doctor 58,2023-02-11
P1280,Gregory,Peterson,Doctor 31,2023-02-11
P1317,Angela,Taylor,Doctor 51,2023-02-11
P1324,Ruth,Jones,Doctor 43,2023-02-11
P1339,Jack,Price,Doctor 58,2023-02-11
P1367,Kenneth,Ramos,Doctor 30,2023-02-11
P1371,Barbara,Wood,Doctor 2,2023-02-11
P1388,Ronald,Flores,Doctor 34,2023-02-11
P1401,Jerry,Wright,Doctor 13,2023-02-11
P1474,Jonathan,Richardson,Doctor 32,2023-02-11
P1524,Laura,Gutierrez,Doctor 10,2023-02-11
P0048,Rebecca,Mitchell,Doctor 98,2023-02-12
P0162,Edward,Nguyen,Doctor 9,2023-02-12
P0197,Elizabeth,Young,Doctor 96,2023-02-12
P0338,Justin,Thomas,Doctor 58,2023-02-12
P0352,Jessica,Davis,Doctor 38,2023-02-12
P0521,Daniel,Miller,Doctor 93,2023-02-12
P0524,Jerry,Brown,Doctor 38,2023-02-12
P0612,Cynthia,Robinson,Doctor 21,2023-02-12
P0904,Deborah,Edwards,Doctor 61,2023-02-12
P1016,Jonathan,Evans,Doctor 75,2023-02-12
P1067,Gary,Bailey,Doctor 20,2023-02-12
P1100,Jessica,Cook,Doctor 43,2023-02-12
P1254,Alexander,Sanders,Doctor 41,2023-02-12
P1279,Anthony,Edwards,Doctor 66,2023-02-12
P1311,Richard,Davis,Doctor 41,2023-02-12
P1327,Sharon,Rodriguez,Doctor 41,2023-02-12
P1407,John,Hill,Doctor 2,2023-02-12
P1433,Frank,King,Doctor 69,2023-02-12
P1455,Robert,Cruz,Doctor 52,2023-02-12
P1468,Brandon,Nguyen,Doctor 5,2023-02-12
P1531,Michelle,Garcia,Doctor 82,2023-02-12
P0070,Jennifer,Hall,Doctor 81,2023-02-13
P0078,Dorothy,Phillips,Doctor 95,2023-02-13
P0312,Alexander,Myers,Doctor 75,2023-02-13
P0385,Nicholas,Baker,Doctor 10,2023-02-13
P0413,David,Torres,Doctor 17,2023-02-13
P0481,Benjamin,Sanders,Doctor 100,2023-02-13
P0511,Michael,Ward,Doctor 15,2023-02-13
P0622,Sarah,Nelson,Doctor 6,2023-02-13
P0637,Gregory,Gutierrez,Doctor 76,2023-02-13
P0751,Jerry,Martin,Doctor 4,2023-02-13
P0755,Christopher,Brooks,Doctor 32,2023-02-13
P0760,Dennis,Campbell,Doctor 82,2023-02-13
P0783,Anna,Carter,Doctor 70,2023-02-13
P0875,Stephen,Gutierrez,Doctor 3,2023-02-13
P0976,Helen,Gonzalez,Doctor 17,2023-02-13
P0987,Barbara,Ramirez,Doctor 30,2023-02-13
P0993,Shirley,Evans,Doctor 86,2023-02-13
P1048,Andrew,Young,Doctor 33,2023-02-13
P1116,Laura,Lewis,Doctor 87,2023-02-13
P1157,Michelle,Green,Doctor 22,2023-02-13
P1160,Ryan,Hughes,Doctor 72,2023-02-13
P1164,Matthew,Wright,Doctor 91,2023-02-13
P1242,Betty,Cox,Doctor 93,2023-02-13
P1272,Kimberly,Robinson,Doctor 57,2023-02-13
P1458,Melissa,Harris,Doctor 46,2023-02-13
P1464,Laura,Ramos,Doctor 16,2023-02-13
P0312,Alexander,Myers,Doctor 75,2023-02-14
P0385,Nicholas,Baker,Doctor 14,2023-02-14
P0404,Anthony,Turner,Doctor 38,2023-02-14
P0771,Kevin,Phillips,Doctor 88,2023-02-14
P0883,Richard,Mitchell,Doctor 34,2023-02-14
P0947,Lisa,Garcia,Doctor 44,2023-02-14
P1163,Mary,Jackson,Doctor 32,2023-02-14
P1172,Deborah,Taylor,Doctor 1,2023-02-14
P1247,Jonathan,Mitchell,Doctor 68,2023-02-14
P1373,Stephen,White,Doctor 64,2023-02-14
P1491,Justin,Lewis,Doctor 71,2023-02-14
P1537,Matthew,Adams,Doctor 56,2023-02-14
P0106,Jennifer,Sanders,Doctor 55,2023-02-15
P0112,Jonathan,Morgan,Doctor 27,2023-02-15
P0117,Larry,Kelly,Doctor 45,2023-02-15
P0117,Larry,Kelly,Doctor 28,2023-02-15
P0129,Melissa,Kelly,Doctor 66,2023-02-15
P0131,Christopher,Wilson,Doctor 50,2023-02-15
P0435,Nancy,Wright,Doctor 99,2023-02-15
P0466,Sandra,Miller,Doctor 20,2023-02-15
P0492,Robert,Howard,Doctor 38,2023-02-15
P0617,Donna,Flores,Doctor 93,2023-02-15
P0620,Donna,Reyes,Doctor 18,2023-02-15
P0737,Charles,Castillo,Doctor 48,2023-02-15
P0743,Sharon,Gonzalez,Doctor 88,2023-02-15
P0755,Christopher,Brooks,Doctor 3,2023-02-15
P0777,Emma,Murphy,Doctor 12,2023-02-15
P0789,Jacob,Scott,Doctor 34,2023-02-15
P0846,Benjamin,Kim,Doctor 59,2023-02-15
P0849,Jason,Ortiz,Doctor 66,2023-02-15
P1255,Betty,Gomez,Doctor 100,2023-02-15
P1259,Elizabeth,Moore,Doctor 15,2023-02-15
P1272,Kimberly,Robinson,Doctor 80,2023-02-15
P1366,Sarah,Gomez,Doctor 99,2023-02-15
P0068,Dorothy,Flores,Doctor 67,2023-02-16
P0148,Aaron,Roberts,Doctor 61,2023-02-16
P0159,Dennis,Scott,Doctor 37,2023-02-16
P0236,Sandra,Moore,Doctor 38,2023-02-16
P0262,Matthew,Scott,Doctor 51,2023-02-16
P0275,Melissa,Gray,Doctor 47,2023-02-16
P0313,Sarah,Perez,Doctor 37,2023-02-16
P0403,Benjamin,Edwards,Doctor 79,2023-02-16
P0582,Aaron,Hill,Doctor 14,2023-02-16
P0668,Justin,Nguyen,Doctor 83,2023-02-16
P0709,Kenneth,Scott,Doctor 86,2023-02-16
P0792,Benjamin,Adams,Doctor 21,2023-02-16
P0862,Deborah,Scott,Doctor 21,2023-02-16
P0896,David,Gomez,Doctor 7,2023-02-16
P1036,Linda,Ramos,Doctor 25,2023-02-16
P1055,Mary,Nguyen,Doctor 6,2023-02-16
P1063,Betty,Murphy,Doctor 46,2023-02-16
P1123,Jonathan,Taylor,Doctor 9,2023-02-16
P1164,Matthew,Wright,Doctor 44,2023-02-16
P1174,Deborah,Richardson,Doctor 53,2023-02-16
P1215,Kenneth,Evans,Doctor 54,2023-02-16
P1413,Ryan,White,Doctor 25,2023-02-16
P1420,Dorothy,Richardson,Doctor 88,2023-02-16
P1434,Frank,Diaz,Doctor 29,2023-02-16
P1502,Aaron,Davis,Doctor 4,2023-02-16
P0039,Jessica,Mendoza,Doctor 40,2023-02-17
P0187,Elizabeth,James,Doctor 27,2023-02-17
P0404,Anthony,Turner,Doctor 4,2023-02-17
P0467,Karen,Martin,Doctor 40,2023-02-17
P0473,Andrew,Thomas,Doctor 52,2023-02-17
P0514,Sandra,Hill,Doctor 18,2023-02-17
P0559,Brenda,Taylor,Doctor 72,2023-02-17
P0567,Deborah,Williams,Doctor 27,2023-02-17
P0665,Emma,Morris,Doctor 54,2023-02-17
P0729,Donald,Walker,Doctor 40,2023-02-17
P0750,Helen,Ward,Doctor 20,2023-02-17
P0812,Virginia,Thomas,Doctor 18,2023-02-17
P0847,David,Flores,Doctor 68,2023-02-17
P0853,Eric,White,Doctor 22,2023-02-17
P0892,Jack,Brown,Doctor 6,2023-02-17
P0993,Shirley,Evans,Doctor 73,2023-02-17
P1033,Angela,Mendoza,Doctor 20,2023-02-17
P1034,George,Nguyen,Doctor 56,2023-02-17
P1070,Jerry,Nguyen,Doctor 27,2023-02-17
P1088,Virginia,Cox,Doctor 35,2023-02-17
P1426,Melissa,Richardson,Doctor 40,2023-02-17
P1532,Sharon,Morgan,Doctor 47,2023-02-17
P0005,Edward,Mendoza,Doctor 92,2023-02-18
P0043,Ruth,Martinez,Doctor 50,2023-02-18
P0199,Ryan,Richardson,Doctor 58,2023-02-18
P0235,Deborah,Anderson,Doctor 69,2023-02-18
P0339,Helen,Parker,Doctor 52,2023-02-18
P0424,Jessica,Harris,Doctor 41,2023-02-18
P0425,Lisa,Anderson,Doctor 81,2023-02-18
P0550,Edward,Torres,Doctor 38,2023-02-18
P0620,Donna,Reyes,Doctor 41,2023-02-18
P0630,Jerry,Flores,Doctor 8,2023-02-18
P0641,Charles,Parker,Doctor 68,2023-02-18
P0689,Sharon,Myers,Doctor 68,2023-02-18
P0901,Raymond,Lee,Doctor 98,2023-02-18
P0957,Justin,Phillips,Doctor 38,2023-02-18
P1034,George,Nguyen,Doctor 45,2023-02-18
P1070,Jerry,Nguyen,Doctor 69,2023-02-18
P1215,Kenneth,Evans,Doctor 54,2023-02-18
P1227,Raymond,Morris,Doctor 66,2023-02-18
P1242,Betty,Cox,Doctor 10,2023-02-18
P1261,Gary,Collins,Doctor 83,2023-02-18
P1262,Brandon,Jackson,Doctor 84,2023-02-18
P1421,Sandra,Lopez,Doctor 67,2023-02-18
P1437,Gary,Gutierrez,Doctor 45,2023-02-18
P1466,Charles,Ramos,Doctor 41,2023-02-18
P1472,Jeffrey,Martinez,Doctor 38,2023-02-18
P0267,Brenda,Young,Doctor 7,2023-02-19
P0312,Alexander,Myers,Doctor 82,2023-02-19
P0351,Raymond,Richardson,Doctor 71,2023-02-19
P0374,Benjamin,Kelly,Doctor 35,2023-02-19
P0394,Sandra,Young,Doctor 14,2023-02-19
P0462,Thomas,Sanchez,Doctor 65,2023-02-19
P0601,Ryan,Cruz,Doctor 61,2023-02-19
P0613,Brandon,Morgan,Doctor 93,2023-02-19
P0614,Sarah,Lee,Doctor 44,2023-02-19
P0657,Jessica,Howard,Doctor 9,2023-02-19
P0937,Linda,Anderson,Doctor 66,2023-02-19
P1069,George,Murphy,Doctor 14,2023-02-19
P1075,Eric,Parker,Doctor 13,2023-02-19
P1168,Charles,Sanders,Doctor 98,2023-02-19
P1259,Elizabeth,Moore,Doctor 15,2023-02-19
P1341,Jerry,Hall,Doctor 91,2023-02-19
P1349,Kenneth,Jackson,Doctor 10,2023-02-19
P0070,Jennifer,Hall,Doctor 93,2023-02-20
P0077,Ruth,Kelly,Doctor 64,2023-02-20
P0116,Michael,Rogers,Doctor 8,2023-02-20
P0193,Sandra,Wood,Doctor 7,2023-02-20
P0203,Carol,Hernandez,Doctor 28,2023-02-20
P0209,Dennis,Torres,Doctor 78,2023-02-20
P0329,Helen,Jones,Doctor 53,2023-02-20
P0345,Kimberly,Howard,Doctor 23,2023-02-20
P0577,Lisa,Morgan,Doctor 28,2023-02-20
P0733,Timothy,Carter,Doctor 91,2023-02-20
P0806,Samuel,Robinson,Doctor 10,2023-02-20
P0897,Lisa,Patel,Doctor 24,2023-02-20
P0998,Gregory,Ortiz,Doctor 77,2023-02-20
P1084,Jeffrey,Mitchell,Doctor 89,2023-02-20
P1114,Brandon,Hill,Doctor 6,2023-02-20
P1138,Sharon,Taylor,Doctor 99,2023-02-20
P1163,Mary,Jackson,Doctor 32,2023-02-20
P1238,Michelle,Scott,Doctor 55,2023-02-20
P1268,Ruth,Rogers,Doctor 20,2023-02-20
P1275,Sandra,Johnson,Doctor 65,2023-02-20
P1321,Lisa,Gutierrez,Doctor 59,2023-02-20
P1424,Edward,Castillo,Doctor 52,2023-02-20
P1501,Helen,Anderson,Doctor 53,2023-02-20
P0167,Brian,Wilson,Doctor 58,2023-02-21
P0227,Steven,Cooper,Doctor 100,2023-02-21
P0322,Jose,Morgan,Doctor 70,2023-02-21
P0340,Joshua,Moore,Doctor 34,2023-02-21
P0376,Justin,Ramos,Doctor 77,2023-02-21
P0382,Sarah,Murphy,Doctor 88,2023-02-21
P0450,Sarah,Ruiz,Doctor 34,2023-02-21
P0528,Brenda,Hernandez,Doctor 37,2023-02-21
P0559,Brenda,Taylor,Doctor 72,2023-02-21
P0666,Matthew,Taylor,Doctor 53,2023-02-21
P0819,Larry,Cox,Doctor 64,2023-02-21
P0954,Sandra,Murphy,Doctor 59,2023-02-21
P1056,Joseph,Miller,Doctor 61,2023-02-21
P1079,Justin,Lopez,Doctor 58,2023-02-21
P1079,Justin,Lopez,Doctor 80,2023-02-21
P1198,Christopher,Cook,Doctor 29,2023-02-21
P1308,Thomas,Thompson,Doctor 58,2023-02-21
P1406,David,Morgan,Doctor 21,2023-02-21
P1411,Matthew,Lopez,Doctor 57,2023-02-21
P1483,Jessica,Stewart,Doctor 30,2023-02-21
P1526,Christopher,Wright,Doctor 10,2023-02-21
P0086,Lisa,Nguyen,Doctor 91,2023-02-22
P0099,Virginia,Green,Doctor 66,2023-02-22
P0100,Carol,Garcia,Doctor 30,2023-02-22
P0195,Raymond,Cox,Doctor 37,2023-02-22
P0270,Dennis,Hughes,Doctor 75,2023-02-22
P0313,Sarah,Perez,Doctor 16,2023-02-22
P0398,Sarah,Jones,Doctor 76,2023-02-22
P0506,Jessica,Reed,Doctor 31,2023-02-22
P0510,Karen,Cooper,Doctor 5,2023-02-22
P0584,Mark,Smith,Doctor 64,2023-02-22
P0603,Mark,Rivera,Doctor 90,2023-02-22
P0714,Jessica,Murphy,Doctor 36,2023-02-22
P0753,Jose,Alvarez,Doctor 7,2023-02-22
P0899,Raymond,Stewart,Doctor 30,2023-02-22
P0906,Donna,Miller,Doctor 23,2023-02-22
P0973,Patrick,Parker,Doctor 53,2023-02-22
P1034,George,Nguyen,Doctor 22,2023-02-22
P1103,Kimberly,Brown,Doctor 64,2023-02-22
P1122,Robert,Wilson,Doctor 41,2023-02-22
P1131,Dorothy,Price,Doctor 48,2023-02-22
P1233,Jacob,Sanchez,Doctor 39,2023-02-22
P1261,Gary,Collins,Doctor 71,2023-02-22
P1383,Melissa,Flores,Doctor 11,2023-02-22
P1462,Raymond,Garcia,Doctor 9,2023-02-22
P0010,Jessica,Evans,Doctor 66,2023-02-23
P0028,Jessica,Gray,Doctor 30,2023-02-23
P0146,Kevin,Clark,Doctor 80,2023-02-23
P0375,Eric,Thompson,Doctor 50,2023-02-23
P0410,Jessica,Anderson,Doctor 21,2023-02-23
P0543,Brenda,Alvarez,Doctor 88,2023-02-23
P0579,Dorothy,Davis,Doctor 79,2023-02-23
P0675,Jose,Cook,Doctor 28,2023-02-23
P0837,Kenneth,Campbell,Doctor 72,2023-02-23
P0855,Christopher,Garcia,Doctor 59,2023-02-23
P0867,Barbara,Diaz,Doctor 19,2023-02-23
P0870,Jason,Bailey,Doctor 27,2023-02-23
P0904,Deborah,Edwards,Doctor 53,2023-02-23
P0948,Sharon,Green,Doctor 31,2023-02-23
P0951,Jeffrey,Johnson,Doctor 100,2023-02-23
P1010,Kevin,Scott,Doctor 83,2023-02-23
P1028,Thomas,Nguyen,Doctor 100,2023-02-23
P1049,Linda,Morris,Doctor 56,2023-02-23
P1148,Kevin,Smith,Doctor 16,2023-02-23
P1179,Lisa,Watson,Doctor 95,2023-02-23
P1511,Samuel,Hill,Doctor 81,2023-02-23
P0066,Jack,Williams,Doctor 26,2023-02-24
P0180,Barbara,Gomez,Doctor 55,2023-02-24
P0335,Michael,Kim,Doctor 38,2023-02-24
P0396,Richard,Brooks,Doctor 16,2023-02-24
P0404,Anthony,Turner,Doctor 19,2023-02-24
P0415,Mark,Gomez,Doctor 34,2023-02-24
P0476,Jennifer,Miller,Doctor 70,2023-02-24
P0518,Emma,Castillo,Doctor 19,2023-02-24
P0561,Richard,James,Doctor 38,2023-02-24
P0567,Deborah,Williams,Doctor 40,2023-02-24
P0569,Eric,Miller,Doctor 1,2023-02-24
P0617,Donna,Flores,Doctor 37,2023-02-24
P0659,Jack,Evans,Doctor 54,2023-02-24
P0766,Sarah,Clark,Doctor 13,2023-02-24
P0802,Justin,Diaz,Doctor 63,2023-02-24
P0803,David,Garcia,Doctor 62,2023-02-24
P0857,Carol,Reed,Doctor 100,2023-02-24
P1021,Stephen,Allen,Doctor 54,2023-02-24
P1102,Melissa,Thompson,Doctor 36,2023-02-24
P1183,Andrew,Morgan,Doctor 100,2023-02-24
P1239,Elizabeth,Miller,Doctor 76,2023-02-24
P1275,Sandra,Johnson,Doctor 65,2023-02-24
P1335,Kevin,Richardson,Doctor 14,2023-02-24
P1364,Carol,Wilson,Doctor 38,2023-02-24
P1494,Jonathan,Ruiz,Doctor 35,2023-02-24
P1524,Laura,Gutierrez,Doctor 6,2023-02-24
P0236,Sandra,Moore,Doctor 41,2023-02-25
P0254,Rebecca,Martin,Doctor 89,2023-02-25
P0343,Gregory,Adams,Doctor 87,2023-02-25
P0393,Anna,Morales,Doctor 46,2023-02-25
P0424,Jessica,Harris,Doctor 31,2023-02-25
P0433,Karen,Wood,Doctor 96,2023-02-25
P0479,Deborah,Patel,Doctor 99,2023-02-25
P0606,Jerry,Collins,Doctor 10,2023-02-25
P0638,Kimberly,Torres,Doctor 34,2023-02-25
P0699,Michelle,Morgan,Doctor 2,2023-02-25
P0734,Kimberly,Collins,Doctor 25,2023-02-25
P0845,Shirley,Bennett,Doctor 61,2023-02-25
P0982,Helen,Sanders,Doctor 79,2023-02-25
P1003,Stephen,Murphy,Doctor 46,2023-02-25
P1009,Gary,Clark,Doctor 7,2023-02-25
P1136,Brenda,Castillo,Doctor 28,2023-02-25
P1304,Virginia,Hall,Doctor 80,2023-02-25
P1356,Laura,Taylor,Doctor 4,2023-02-25
P1456,Joshua,Stewart,Doctor 72,2023-02-25
P1461,Elizabeth,Sanders,Doctor 23,2023-02-25
P0076,Edward,Roberts,Doctor 65,2023-02-26
P0192,Helen,Cook,Doctor 64,2023-02-26
P0244,Alexander,Chavez,Doctor 79,2023-02-26
P0251,Amy,Gutierrez,Doctor 12,2023-02-26
P0344,Sharon,Ward,Doctor 69,2023-02-26
P0352,Jessica,Davis,Doctor 86,2023-02-26
P0379,Mary,Perez,Doctor 26,2023-02-26
P0615,Donna,Robinson,Doctor 61,2023-02-26
P0630,Jerry,Flores,Doctor 67,2023-02-26
P0693,Ruth,Howard,Doctor 67,2023-02-26
P0773,Lisa,Jones,Doctor 96,2023-02-26
P0797,Dennis,Castillo,Doctor 59,2023-02-26
P0910,Raymond,Castillo,Doctor 51,2023-02-26
P1016,Jonathan,Evans,Doctor 66,2023-02-26
P1032,Michael,Gonzalez,Doctor 1,2023-02-26
P1046,Donna,Watson,Doctor 9,2023-02-26
P1469,Joshua,Baker,Doctor 49,2023-02-26
P1527,Brandon,Ward,Doctor 7,2023-02-26
P0136,Richard,Miller,Doctor 72,2023-02-27
P0418,Jerry,Rivera,Doctor 77,2023-02-27
P0553,Melissa,Reed,Doctor 92,2023-02-27
P0653,Deborah,Cook,Doctor 35,2023-02-27
P0685,Jason,Carter,Doctor 45,2023-02-27
P0733,Timothy,Carter,Doctor 91,2023-02-27
P0776,Jessica,Cooper,Doctor 37,2023-02-27
P0900,Donna,Martinez,Doctor 58,2023-02-27
P0924,Justin,Hall,Doctor 30,2023-02-27
P0989,Rebecca,Robinson,Doctor 68,2023-02-27
P1011,Donald,Diaz,Doctor 95,2023-02-27
P1065,James,Nguyen,Doctor 49,2023-02-27
P1118,Anthony,Adams,Doctor 88,2023-02-27
P1145,Jonathan,Howard,Doctor 44,2023-02-27
P1153,David,Mitchell,Doctor 19,2023-02-27
P1295,Helen,Lewis,Doctor 74,2023-02-27
P1299,Raymond,Ramirez,Doctor 84,2023-02-27
P1321,Lisa,Gutierrez,Doctor 54,2023-02-27
P1406,David,Morgan,Doctor 98,2023-02-27
P0105,Elizabeth,Carter,Doctor 24,2023-02-28
P0308,Sarah,Collins,Doctor 27,2023-02-28
P0324,Christopher,Walker,Doctor 55,2023-02-28
P0363,Carol,Anderson,Doctor 17,2023-02-28
P0419,Daniel,Watson,Doctor 44,2023-02-28
P0423,Andrew,Alvarez,Doctor 22,2023-02-28
P0435,Nancy,Wright,Doctor 99,2023-02-28
P0501,Michelle,Stewart,Doctor 87,2023-02-28
P0582,Aaron,Hill,Doctor 39,2023-02-28
P0596,Edward,Watson,Doctor 3,2023-02-28
P0604,Andrew,Ortiz,Doctor 1,2023-02-28
P0785,Cynthia,Howard,Doctor 22,2023-02-28
P0905,George,Rodriguez,Doctor 4,2023-02-28
P0912,Carol,White,Doctor 79,2023-02-28
P1258,Kevin,Murphy,Doctor 32,2023-02-28
P1290,Ryan,Jones,Doctor 87,2023-02-28
P1315,Frank,Harris,Doctor 55,2023-02-28
P1365,Patricia,Garcia,Doctor 44,2023-02-28
P1412,Kathleen,Wright,Doctor 29,2023-02-28
P1530,William,Parker,Doctor 32,2023-02-28
P0002,Sarah,King,Doctor 80,2023-03-01
P0112,Jonathan,Morgan,Doctor 87,2023-03-01
P0127,Jerry,Peterson,Doctor 30,2023-03-01
P0181,Amy,Torres,Doctor 68,2023-03-01
P0183,Benjamin,Wright,Doctor 50,2023-03-01
P0222,Justin,Gomez,Doctor 73,2023-03-01
P0289,Jason,Cook,Doctor 1,2023-03-01
P0303,William,Clark,Doctor 45,2023-03-01
P0343,Gregory,Adams,Doctor 2,2023-03-01
P0370,Laura,Allen,Doctor 71,2023-03-01
P0399,Joseph,Harris,Doctor 18,2023-03-01
P0494,Richard,Morales,Doctor 5,2023-03-01
P0514,Sandra,Hill,Doctor 62,2023-03-01
P0537,Carol,Collins,Doctor 40,2023-03-01
P0617,Donna,Flores,Doctor 90,2023-03-01
P0672,Melissa,Gomez,Doctor 76,2023-03-01
P0725,Kimberly,Walker,Doctor 7,2023-03-01
P0826,Matthew,Perez,Doctor 21,2023-03-01
P0894,Anna,Ruiz,Doctor 50,2023-03-01
P0968,Christopher,Howard,Doctor 7,2023-03-01
P1120,Mark,Wright,Doctor 34,2023-03-01
P1175,Brian,Clark,Doctor 81,2023-03-01
P1462,Raymond,Garcia,Doctor 44,2023-03-01
P0034,Jacob,Hughes,Doctor 57,2023-03-02
P0184,Steven,Ramos,Doctor 48,2023-03-02
P0208,Christopher,Rogers,Doctor 76,2023-03-02
P0211,Shirley,Green,Doctor 76,2023-03-02
P0240,Kimberly,Peterson,Doctor 60,2023-03-02
P0436,Karen,Gutierrez,Doctor 22,2023-03-02
P0471,Raymond,Mendoza,Doctor 67,2023-03-02
P0541,Laura,Thompson,Doctor 96,2023-03-02
P0610,Deborah,Thomas,Doctor 90,2023-03-02
P0645,Kevin,Price,Doctor 50,2023-03-02
P0688,John,Robinson,Doctor 12,2023-03-02
P0692,Linda,Cox,Doctor 52,2023-03-02
P0741,Tyler,Ramirez,Doctor 35,2023-03-02
P1010,Kevin,Scott,Doctor 83,2023-03-02
P1150,Helen,Thompson,Doctor 53,2023-03-02
P1254,Alexander,Sanders,Doctor 16,2023-03-02
P1370,Kimberly,Hernandez,Doctor 35,2023-03-02
P1456,Joshua,Stewart,Doctor 86,2023-03-02
P1486,Rebecca,Moore,Doctor 21,2023-03-02
P1523,Kathleen,Gomez,Doctor 55,2023-03-02
P0087,Rebecca,Rodriguez,Doctor 15,2023-03-03
P0128,Justin,Green,Doctor 68,2023-03-03
P0162,Edward,Nguyen,Doctor 50,2023-03-03
P0263,Brenda,Morris,Doctor 19,2023-03-03
P0464,Frank,Perez,Doctor 85,2023-03-03
P0547,Scott,Morales,Doctor 33,2023-03-03
P0616,Carol,Edwards,Doctor 46,2023-03-03
P0632,Timothy,Smith,Doctor 46,2023-03-03
P0645,Kevin,Price,Doctor 1,2023-03-03
P0654,Rebecca,Perez,Doctor 42,2023-03-03
P0706,Dorothy,Anderson,Doctor 82,2023-03-03
P0931,Aaron,Patel,Doctor 73,2023-03-03
P1031,Sarah,Thomas,Doctor 85,2023-03-03
P1193,Charles,Hughes,Doctor 54,2023-03-03
P1294,Gregory,Myers,Doctor 34,2023-03-03
P1308,Thomas,Thompson,Doctor 22,2023-03-03
P1316,Ronald,Myers,Doctor 76,2023-03-03
P1363,Cynthia,Campbell,Doctor 96,2023-03-03
P1395,Jose,Johnson,Doctor 100,2023-03-03
P0092,Virginia,Morris,Doctor 98,2023-03-04
P0168,Sharon,Bailey,Doctor 7,2023-03-04
P0281,Raymond,Thompson,Doctor 83,2023-03-04
P0320,Rebecca,Phillips,Doctor 2,2023-03-04
P0401,Samuel,Flores,Doctor 24,2023-03-04
P0408,Sandra,Kelly,Doctor 9,2023-03-04
P0414,Laura,Evans,Doctor 82,2023-03-04
P0477,Nancy,Ramos,Doctor 57,2023-03-04
P0486,Jason,Nguyen,Doctor 93,2023-03-04
P0602,Emma,Green,Doctor 50,2023-03-04
P0622,Sarah,Nelson,Doctor 11,2023-03-04
P0673,Sharon,Cooper,Doctor 64,2023-03-04
P0753,Jose,Alvarez,Doctor 79,2023-03-04
P0790,Amy,Baker,Doctor 47,2023-03-04
P0838,Karen,Jones,Doctor 17,2023-03-04
P0853,Eric,White,Doctor 22,2023-03-04
P0894,Anna,Ruiz,Doctor 85,2023-03-04
P1006,Nicholas,Myers,Doctor 1,2023-03-04
P1103,Kimberly,Brown,Doctor 92,2023-03-04
P1178,Nancy,Mitchell,Doctor 91,2023-03-04
P1209,William,Rogers,Doctor 40,2023-03-04
P1218,William,Ramirez,Doctor 98,2023-03-04
P1238,Michelle,Scott,Doctor 14,2023-03-04
P1382,Sarah,Diaz,Doctor 95,2023-03-04
P1442,Matthew,Gutierrez,Doctor 56,2023-03-04
P1455,Robert,Cruz,Doctor 66,2023-03-04
P0056,Ronald,Ramos,Doctor 66,2023-03-05
P0154,Betty,Diaz,Doctor 73,2023-03-05
P0383,Carol,Hughes,Doctor 73,2023-03-05
P0384,Susan,Harris,Doctor 75,2023-03-05
P0421,Kathleen,Cox,Doctor 14,2023-03-05
P0482,Larry,Rogers,Doctor 72,2023-03-05
P0700,Ronald,Davis,Doctor 85,2023-03-05
P0750,Helen,Ward,Doctor 20,2023-03-05
P0802,Justin,Diaz,Doctor 63,2023-03-05
P0901,Raymond,Lee,Doctor 14,2023-03-05
P1073,Barbara,Thomas,Doctor 32,2023-03-05
P1096,Michael,Taylor,Doctor 21,2023-03-05
P1199,Sarah,Ramos,Doctor 99,2023-03-05
P1239,Elizabeth,Miller,Doctor 76,2023-03-05
P1285,Laura,Lee,Doctor 5,2023-03-05
P1389,Nicholas,Lopez,Doctor 17,2023-03-05
P1419,Barbara,Green,Doctor 19,2023-03-05
P1448,Raymond,Nelson,Doctor 63,2023-03-05
P0030,Timothy,Cooper,Doctor 22,2023-03-06
P0339,Helen,Parker,Doctor 83,2023-03-06
P0353,Dorothy,Torres,Doctor 74,2023-03-06
P0558,Shirley,Campbell,Doctor 54,2023-03-06
P0632,Timothy,Smith,Doctor 46,2023-03-06
P0676,Timothy,Bennett,Doctor 23,2023-03-06
P0696,Jerry,Cox,Doctor 25,2023-03-06
P0710,Jerry,Martinez,Doctor 78,2023-03-06
P0789,Jacob,Scott,Doctor 34,2023-03-06
P0803,David,Garcia,Doctor 35,2023-03-06
P0819,Larry,Cox,Doctor 64,2023-03-06
P0839,Alexander,Anderson,Doctor 50,2023-03-06
P0839,Alexander,Anderson,Doctor 24,2023-03-06
P0864,Ruth,Robinson,Doctor 11,2023-03-06
P0883,Richard,Mitchell,Doctor 95,2023-03-06
P0897,Lisa,Patel,Doctor 24,2023-03-06
P0912,Carol,White,Doctor 22,2023-03-06
P0948,Sharon,Green,Doctor 24,2023-03-06
P0964,Andrew,Martinez,Doctor 35,2023-03-06
P1069,George,Murphy,Doctor 14,2023-03-06
P1110,Jacob,Anderson,Doctor 3,2023-03-06
P1111,Kimberly,Martinez,Doctor 70,2023-03-06
P1225,Raymond,Wright,Doctor 24,2023-03-06
P1307,Sarah,Wood,Doctor 90,2023-03-06
P1315,Frank,Harris,Doctor 32,2023-03-06
P1352,Jack,Anderson,Doctor 37,2023-03-06
P1379,George,Collins,Doctor 98,2023-03-06
P1442,Matthew,Gutierrez,Doctor 84,2023-03-06
P0014,Deborah,Stewart,Doctor 17,2023-03-07
P0035,Lisa,Rodriguez,Doctor 33,2023-03-07
P0159,Dennis,Scott,Doctor 77,2023-03-07
P0274,Rebecca,Miller,Doctor 32,2023-03-07
P0365,Carol,Murphy,Doctor 31,2023-03-07
P0396,Richard,Brooks,Doctor 16,2023-03-07
P0449,Angela,Myers,Doctor 76,2023-03-07
P0457,Tyler,Lewis,Doctor 59,2023-03-07
P0479,Deborah,Patel,Doctor 99,2023-03-07
P0495,Frank,Ruiz,Doctor 82,2023-03-07
P0497,Anna,Sanders,Doctor 71,2023-03-07
P0541,Laura,Thompson,Doctor 55,2023-03-07
P0644,Michael,Sanchez,Doctor 32,2023-03-07
P0720,Joseph,Edwards,Doctor 41,2023-03-07
P0852,Patricia,Brown,Doctor 36,2023-03-07
P0929,Lisa,Baker,Doctor 34,2023-03-07
P0999,Patrick,Morgan,Doctor 60,2023-03-07
P1023,Thomas,Martinez,Doctor 26,2023-03-07
P1097,Benjamin,Turner,Doctor 38,2023-03-07
P1112,Helen,Reed,Doctor 13,2023-03-07
P1280,Gregory,Peterson,Doctor 44,2023-03-07
P1340,Jerry,Evans,Doctor 1,2023-03-07
P0076,Edward,Roberts,Doctor 65,2023-03-08
P0113,Robert,Cooper,Doctor 78,2023-03-08
P0114,David,Patel,Doctor 76,2023-03-08
P0163,Shirley,Morris,Doctor 92,2023-03-08
P0251,Amy,Gutierrez,Doctor 34,2023-03-08
P0411,Donna,Wood,Doctor 36,2023-03-08
P0529,Rebecca,Kelly,Doctor 55,2023-03-08
P0543,Brenda,Alvarez,Doctor 64,2023-03-08
P0572,Donna,Ward,Doctor 95,2023-03-08
P0589,Nicholas,Bennett,Doctor 22,2023-03-08
P0607,Sharon,Turner,Doctor 67,2023-03-08
P0619,Nicholas,Cook,Doctor 35,2023-03-08
P0660,Nicholas,Turner,Doctor 3,2023-03-08
P0758,Laura,Peterson,Doctor 20,2023-03-08
P0759,Barbara,Rogers,Doctor 21,2023-03-08
P0809,Kathleen,Kelly,Doctor 90,2023-03-08
P0861,Brenda,Myers,Doctor 4,2023-03-08
P1137,Jack,Rodriguez,Doctor 38,2023-03-08
P1275,Sandra,Johnson,Doctor 31,2023-03-08
P1286,Deborah,Morris,Doctor 42,2023-03-08
P1323,Mark,Thomas,Doctor 23,2023-03-08
P1393,Jack,Gonzalez,Doctor 99,2023-03-08
P1431,Sandra,Alvarez,Doctor 14,2023-03-08
P1435,James,Ortiz,Doctor 100,2023-03-08
P1468,Brandon,Nguyen,Doctor 5,2023-03-08
P1534,Steven,Gonzalez,Doctor 79,2023-03-08
P0029,Betty,Perez,Doctor 20,2023-03-09
P0062,Linda,White,Doctor 77,2023-03-09
P0110,Jessica,Baker,Doctor 83,2023-03-09
P0245,Donna,Harris,Doctor 45,2023-03-09
P0252,Kathleen,Martinez,Doctor 34,2023-03-09
P0276,Jerry,Robinson,Doctor 95,2023-03-09
P0411,Donna,Wood,Doctor 18,2023-03-09
P0423,Andrew,Alvarez,Doctor 45,2023-03-09
P0859,Ronald,Jones,Doctor 35,2023-03-09
P0871,Laura,Garcia,Doctor 48,2023-03-09
P1025,Rebecca,Mendoza,Doctor 45,2023-03-09
P1038,Angela,Johnson,Doctor 58,2023-03-09
P1083,Helen,Price,Doctor 58,2023-03-09
P1090,Ruth,Edwards,Doctor 68,2023-03-09
P1215,Kenneth,Evans,Doctor 99,2023-03-09
P1228,Patrick,King,Doctor 62,2023-03-09
P1252,Jonathan,Ward,Doctor 4,2023-03-09
P1284,Sharon,Price,Doctor 54,2023-03-09
P1381,Ronald,Gutierrez,Doctor 99,2023-03-09
P1433,Frank,King,Doctor 69,2023-03-09
P1461,Elizabeth,Sanders,Doctor 70,2023-03-09
P1518,Mary,Alvarez,Doctor 73,2023-03-09
P0026,Raymond,Campbell,Doctor 1,2023-03-10
P0047,Daniel,Roberts,Doctor 77,2023-03-10
P0097,Tyler,Hall,Doctor 45,2023-03-10
P0194,Michael,Cook,Doctor 44,2023-03-10
P0263,Brenda,Morris,Doctor 17,2023-03-10
P0287,Sharon,Harris,Doctor 96,2023-03-10
P0337,Tyler,Hughes,Doctor 91,2023-03-10
P0343,Gregory,Adams,Doctor 64,2023-03-10
P0398,Sarah,Jones,Doctor 79,2023-03-10
P0678,Mary,Jones,Doctor 36,2023-03-10
P0754,Jacob,Wood,Doctor 39,2023-03-10
P0934,Lisa,Williams,Doctor 82,2023-03-10
P1314,Amy,Howard,Doctor 98,2023-03-10
P1429,Timothy,Martin,Doctor 53,2023-03-10
P1484,Alexander,Watson,Doctor 2,2023-03-10
P1491,Justin,Lewis,Doctor 24,2023-03-10
P0032,Tyler,Ortiz,Doctor 60,2023-03-11
P0189,Barbara,Chavez,Doctor 46,2023-03-11
P0290,Michael,Nguyen,Doctor 73,2023-03-11
P0324,Christopher,Walker,Doctor 1,2023-03-11
P0458,Joseph,Brown,Doctor 3,2023-03-11
P0518,Emma,Castillo,Doctor 8,2023-03-11
P0522,Daniel,Peterson,Doctor 68,2023-03-11
P0529,Rebecca,Kelly,Doctor 20,2023-03-11
P0552,Karen,Robinson,Doctor 23,2023-03-11
P0692,Linda,Cox,Doctor 43,2023-03-11
P0803,David,Garcia,Doctor 35,2023-03-11
P0921,Jennifer,Jones,Doctor 52,2023-03-11
P1025,Rebecca,Mendoza,Doctor 96,2023-03-11
P1036,Linda,Ramos,Doctor 90,2023-03-11
P1045,Sandra,Chavez,Doctor 50,2023-03-11
P1097,Benjamin,Turner,Doctor 65,2023-03-11
P1197,Anthony,King,Doctor 65,2023-03-11
P1207,Jeffrey,Carter,Doctor 24,2023-03-11
P1248,Kathleen,Smith,Doctor 90,2023-03-11
P1281,Andrew,Hughes,Doctor 52,2023-03-11
P1340,Jerry,Evans,Doctor 17,2023-03-11
P1398,James,Adams,Doctor 52,2023-03-11
P1473,Mark,Johnson,Doctor 88,2023-03-11
P1497,Frank,Wright,Doctor 58,2023-03-11
P1508,Ronald,Anderson,Doctor 95,2023-03-11
P0073,Virginia,Diaz,Doctor 36,2023-03-12
P0128,Justin,Green,Doctor 22,2023-03-12
P0158,Angela,Kim,Doctor 82,2023-03-12
P0244,Alexander,Chavez,Doctor 14,2023-03-12
P0296,Shirley,Cruz,Doctor 96,2023-03-12
P0587,Sandra,Davis,Doctor 52,2023-03-12
P0595,George,Price,Doctor 25,2023-03-12
P0643,Thomas,Rivera,Doctor 25,2023-03-12
P0661,Robert,Mitchell,Doctor 74,2023-03-12
P0707,Jose,Cooper,Doctor 6,2023-03-12
P0716,Brian,Castillo,Doctor 1,2023-03-12
P0720,Joseph,Edwards,Doctor 7,2023-03-12
P0783,Anna,Carter,Doctor 70,2023-03-12
P0856,Sandra,Gonzalez,Doctor 55,2023-03-12
P0896,David,Gomez,Doctor 25,2023-03-12
P1043,Laura,Turner,Doctor 33,2023-03-12
P1077,Gary,Edwards,Doctor 3,2023-03-12
P1169,Steven,Carter,Doctor 83,2023-03-12
P1203,Jason,Hughes,Doctor 12,2023-03-12
P1305,Jack,Morales,Doctor 58,2023-03-12
P1379,George,Collins,Doctor 98,2023-03-12
P1401,Jerry,Wright,Doctor 7,2023-03-12
P1406,David,Morgan,Doctor 45,2023-03-12
P1434,Frank,Diaz,Doctor 19,2023-03-12
P1470,Tyler,Reyes,Doctor 100,2023-03-12
P1479,Betty,Alvarez,Doctor 75,2023-03-12
P0048,Rebecca,Mitchell,Doctor 56,2023-03-13
P0254,Rebecca,Martin,Doctor 23,2023-03-13
P0377,Jennifer,Nguyen,Doctor 52,2023-03-13
P0447,Carol,Perez,Doctor 49,2023-03-13
P0468,Nancy,Perez,Doctor 36,2023-03-13
P0469,Sandra,Rivera,Doctor 56,2023-03-13
P0481,Benjamin,Sanders,Doctor 28,2023-03-13
P0484,Angela,Garcia,Doctor 71,2023-03-13
P0540,Thomas,Baker,Doctor 31,2023-03-13
P0614,Sarah,Lee,Doctor 77,2023-03-13
P0718,Sarah,Myers,Doctor 22,2023-03-13
P0786,Raymond,Myers,Doctor 20,2023-03-13
P0892,Jack,Brown,Doctor 49,2023-03-13
P0901,Raymond,Lee,Doctor 88,2023-03-13
P0981,Dorothy,Martin,Doctor 34,2023-03-13
P0982,Helen,Sanders,Doctor 3,2023-03-13
P1155,Laura,Young,Doctor 16,2023-03-13
P1223,Joshua,Johnson,Doctor 25,2023-03-13
P1297,Shirley,Kelly,Doctor 100,2023-03-13
P1355,Dennis,Brown,Doctor 73,2023-03-13
P1445,Ryan,Collins,Doctor 69,2023-03-13
P1536,Jack,White,Doctor 69,2023-03-13
P0177,Donna,Wilson,Doctor 60,2023-03-14
P0206,Helen,Stewart,Doctor 69,2023-03-14
P0219,Timothy,Kim,Doctor 5,2023-03-14
P0267,Brenda,Young,Doctor 17,2023-03-14
P0311,Dorothy,Diaz,Doctor 10,2023-03-14
P0338,Justin,Thomas,Doctor 93,2023-03-14
P0359,Deborah,Walker,Doctor 41,2023-03-14
P0550,Edward,Torres,Doctor 72,2023-03-14
P0572,Donna,Ward,Doctor 95,2023-03-14
P0597,Carol,Miller,Doctor 62,2023-03-14
P0681,Lisa,James,Doctor 9,2023-03-14
P0782,Susan,Wood,Doctor 79,2023-03-14
P0853,Eric,White,Doctor 40,2023-03-14
P0923,Amy,Taylor,Doctor 62,2023-03-14
P1032,Michael,Gonzalez,Doctor 3,2023-03-14
P1058,Brandon,Cook,Doctor 48,2023-03-14
P1060,Timothy,Hughes,Doctor 83,2023-03-14
P1079,Justin,Lopez,Doctor 52,2023-03-14
P1179,Lisa,Watson,Doctor 11,2023-03-14
P1192,Ruth,Jackson,Doctor 80,2023-03-14
P1332,Shirley,Cox,Doctor 94,2023-03-14
P1338,Sarah,Anderson,Doctor 81,2023-03-14
P1353,George,Mitchell,Doctor 74,2023-03-14
P1407,John,Hill,Doctor 16,2023-03-14
P1412,Kathleen,Wright,Doctor 41,2023-03-14
P1479,Betty,Alvarez,Doctor 94,2023-03-14
P0039,Jessica,Mendoza,Doctor 81,2023-03-15
P0335,Michael,Kim,Doctor 58,2023-03-15
P0428,Jennifer,Kelly,Doctor 38,2023-03-15
P0571,Mary,Thompson,Doctor 11,2023-03-15
P0724,Deborah,Morales,Doctor 74,2023-03-15
P0739,Thomas,Hernandez,Doctor 51,2023-03-15
P0926,Sharon,Cox,Doctor 47,2023-03-15
P0994,Michelle,Bailey,Doctor 51,2023-03-15
P1141,Brenda,Jackson,Doctor 14,2023-03-15
P1350,Susan,Parker,Doctor 44,2023-03-15
P1510,Sharon,Howard,Doctor 99,2023-03-15
P0019,Melissa,Brooks,Doctor 66,2023-03-16
P0149,Susan,Gomez,Doctor 61,2023-03-16
P0190,Donna,Turner,Doctor 20,2023-03-16
P0211,Shirley,Green,Doctor 18,2023-03-16
P0229,Nicholas,Johnson,Doctor 13,2023-03-16
P0423,Andrew,Alvarez,Doctor 59,2023-03-16
P0441,Charles,Kim,Doctor 46,2023-03-16
P0556,Susan,Nelson,Doctor 94,2023-03-16
P0591,Edward,Ortiz,Doctor 15,2023-03-16
P0655,Helen,Wood,Doctor 84,2023-03-16
P0674,Karen,Rogers,Doctor 98,2023-03-16
P0714,Jessica,Murphy,Doctor 18,2023-03-16
P0742,Raymond,Sanders,Doctor 63,2023-03-16
P0764,Rebecca,Anderson,Doctor 3,2023-03-16
P0826,Matthew,Perez,Doctor 21,2023-03-16
P0947,Lisa,Garcia,Doctor 44,2023-03-16
P0973,Patrick,Parker,Doctor 78,2023-03-16
P1065,James,Nguyen,Doctor 25,2023-03-16
P1086,Daniel,Murphy,Doctor 29,2023-03-16
P1099,Jose,Morales,Doctor 64,2023-03-16
P1163,Mary,Jackson,Doctor 32,2023-03-16
P1467,Eric,Allen,Doctor 10,2023-03-16
P1533,Linda,Lee,Doctor 14,2023-03-16
P0039,Jessica,Mendoza,Doctor 12,2023-03-17
P0046,William,Taylor,Doctor 19,2023-03-17
P0268,Kimberly,Chavez,Doctor 31,2023-03-17
P0371,James,Scott,Doctor 14,2023-03-17
P0462,Thomas,Sanchez,Doctor 12,2023-03-17
P0474,Sarah,Brown,Doctor 63,2023-03-17
P0481,Benjamin,Sanders,Doctor 11,2023-03-17
P0545,Mary,Sanders,Doctor 77,2023-03-17
P0767,Karen,Morgan,Doctor 62,2023-03-17
P0778,Kimberly,Sanders,Doctor 69,2023-03-17
P0808,Donna,Anderson,Doctor 68,2023-03-17
P0830,Deborah,Ramos,Doctor 83,2023-03-17
P1005,Michael,Turner,Doctor 87,2023-03-17
P1026,Susan,Kelly,Doctor 14,2023-03-17
P1117,Brandon,Hall,Doctor 56,2023-03-17
P1122,Robert,Wilson,Doctor 56,2023-03-17
P1257,Robert,Campbell,Doctor 23,2023-03-17
P1286,Deborah,Morris,Doctor 66,2023-03-17
P1374,Richard,Torres,Doctor 34,2023-03-17
P1432,Matthew,Peterson,Doctor 11,2023-03-17
P1529,Gregory,Wright,Doctor 76,2023-03-17
P0006,Steven,Scott,Doctor 13,2023-03-18
P0033,Jessica,Perez,Doctor 52,2023-03-18
P0056,Ronald,Ramos,Doctor 66,2023-03-18
P0072,Aaron,Hughes,Doctor 31,2023-03-18
P0094,Scott,Myers,Doctor 27,2023-03-18
P0120,Anna,Torres,Doctor 98,2023-03-18
P0163,Shirley,Morris,Doctor 93,2023-03-18
P0291,Matthew,Johnson,Doctor 69,2023-03-18
P0317,Kimberly,Gomez,Doctor 53,2023-03-18
P0367,Kevin,Lewis,Doctor 19,2023-03-18
P0451,Jeffrey,Rivera,Doctor 58,2023-03-18
P0518,Emma,Castillo,Doctor 60,2023-03-18
P0570,Lisa,Robinson,Doctor 80,2023-03-18
P0615,Donna,Robinson,Doctor 61,2023-03-18
P0621,Sandra,Cook,Doctor 15,2023-03-18
P0637,Gregory,Gutierrez,Doctor 64,2023-03-18
P0683,Sharon,Nelson,Doctor 28,2023-03-18
P0723,Dorothy,Kelly,Doctor 36,2023-03-18
P0750,Helen,Ward,Doctor 73,2023-03-18
P0841,David,Rodriguez,Doctor 56,2023-03-18
P0868,Mary,Martin,Doctor 92,2023-03-18
P0968,Christopher,Howard,Doctor 87,2023-03-18
P1024,Aaron,Mendoza,Doctor 2,2023-03-18
P1158,John,Thompson,Doctor 94,2023-03-18
P1226,Joseph,Richardson,Doctor 93,2023-03-18
P1282,Kimberly,Baker,Doctor 41,2023-03-18
P1363,Cynthia,Campbell,Doctor 54,2023-03-18
P1520,Richard,Cruz,Doctor 61,2023-03-18
P1524,Laura,Gutierrez,Doctor 6,2023-03-18
P0347,Mary,Thomas,Doctor 17,2023-03-19
P0440,Edward,Patel,Doctor 58,2023-03-19
P0538,Jonathan,Thomas,Doctor 44,2023-03-19
P0600,Sharon,Johnson,Doctor 70,2023-03-19
P0655,Helen,Wood,Doctor 84,2023-03-19
P0870,Jason,Bailey,Doctor 27,2023-03-19
P0994,Michelle,Bailey,Doctor 22,2023-03-19
P1035,Donna,Allen,Doctor 68,2023-03-19
P1083,Helen,Price,Doctor 28,2023-03-19
P1114,Brandon,Hill,Doctor 45,2023-03-19
P1137,Jack,Rodriguez,Doctor 84,2023-03-19
P1161,Donna,Collins,Doctor 99,2023-03-19
P1313,Scott,Kim,Doctor 28,2023-03-19
P1323,Mark,Thomas,Doctor 99,2023-03-19
P1478,Kimberly,Moore,Doctor 17,2023-03-19
P1502,Aaron,Davis,Doctor 4,2023-03-19
P0084,Carol,Rivera,Doctor 23,2023-03-20
P0292,Jack,Sanders,Doctor 61,2023-03-20
P0361,Karen,Nguyen,Doctor 55,2023-03-20
P0418,Jerry,Rivera,Doctor 96,2023-03-20
P0486,Jason,Nguyen,Doctor 96,2023-03-20
P0495,Frank,Ruiz,Doctor 96,2023-03-20
P0531,Donald,Reed,Doctor 48,2023-03-20
P0564,Lisa,Bennett,Doctor 43,2023-03-20
P0592,Kenneth,Roberts,Doctor 23,2023-03-20
P0792,Benjamin,Adams,Doctor 12,2023-03-20
P0798,Michael,Miller,Doctor 40,2023-03-20
P1040,Edward,Edwards,Doctor 83,2023-03-20
P1116,Laura,Lewis,Doctor 87,2023-03-20
P1122,Robert,Wilson,Doctor 77,2023-03-20
P1182,Kenneth,Brown,Doctor 1,2023-03-20
P1252,Jonathan,Ward,Doctor 4,2023-03-20
P1296,Kimberly,Morgan,Doctor 14,2023-03-20
P1308,Thomas,Thompson,Doctor 14,2023-03-20
P1340,Jerry,Evans,Doctor 99,2023-03-20
P1361,Justin,Castillo,Doctor 28,2023-03-20
P1453,Betty,Harris,Doctor 61,2023-03-20
P1456,Joshua,Stewart,Doctor 86,2023-03-20
P0094,Scott,Myers,Doctor 72,2023-03-21
P0183,Benjamin,Wright,Doctor 72,2023-03-21
P0232,William,Nguyen,Doctor 27,2023-03-21
P0327,Laura,Scott,Doctor 64,2023-03-21
P0379,Mary,Perez,Doctor 27,2023-03-21
P0442,William,Thomas,Doctor 57,2023-03-21
P0477,Nancy,Ramos,Doctor 47,2023-03-21
P0565,Thomas,Allen,Doctor 7,2023-03-21
P0623,Laura,Edwards,Doctor 63,2023-03-21
P0681,Lisa,James,Doctor 45,2023-03-21
P0733,Timothy,Carter,Doctor 99,2023-03-21
P0788,Donna,Sanders,Doctor 66,2023-03-21
P1045,Sandra,Chavez,Doctor 7,2023-03-21
P1048,Andrew,Young,Doctor 89,2023-03-21
P1073,Barbara,Thomas,Doctor 32,2023-03-21
P1129,Linda,Garcia,Doctor 26,2023-03-21
P1142,Anthony,Brown,Doctor 87,2023-03-21
P1226,Joseph,Richardson,Doctor 59,2023-03-21
P1415,Deborah,Allen,Doctor 100,2023-03-21
P1429,Timothy,Martin,Doctor 43,2023-03-21
P0009,Jack,Perez,Doctor 71,2023-03-22
P0057,Sharon,Hill,Doctor 81,2023-03-22
P0066,Jack,Williams,Doctor 26,2023-03-22
P0118,Kathleen,Lee,Doctor 99,2023-03-22
P0142,Samuel,Allen,Doctor 27,2023-03-22
P0266,Jerry,Diaz,Doctor 49,2023-03-22
P0465,Barbara,Brown,Doctor 2,2023-03-22
P0477,Nancy,Ramos,Doctor 50,2023-03-22
P0576,Jack,Clark,Doctor 66,2023-03-22
P0667,Joseph,Ramirez,Doctor 97,2023-03-22
P0699,Michelle,Morgan,Doctor 92,2023-03-22
P0712,Robert,Turner,Doctor 68,2023-03-22
P0878,Sarah,Allen,Doctor 19,2023-03-22
P0953,Daniel,Garcia,Doctor 96,2023-03-22
P0964,Andrew,Martinez,Doctor 38,2023-03-22
P1002,Laura,Murphy,Doctor 66,2023-03-22
P1014,Rebecca,Brown,Doctor 80,2023-03-22
P1047,Nicholas,Rogers,Doctor 14,2023-03-22
P1107,Stephen,Chavez,Doctor 70,2023-03-22
P1185,John,Rogers,Doctor 71,2023-03-22
P1188,Kevin,Lee,Doctor 43,2023-03-22
P1266,Richard,Myers,Doctor 21,2023-03-22
P1272,Kimberly,Robinson,Doctor 15,2023-03-22
P1339,Jack,Price,Doctor 11,2023-03-22
P1379,George,Collins,Doctor 88,2023-03-22
P1381,Ronald,Gutierrez,Doctor 32,2023-03-22
P1459,Virginia,Taylor,Doctor 17,2023-03-22
P1465,Amy,Morris,Doctor 56,2023-03-22
P1488,Jeffrey,Reed,Doctor 28,2023-03-22
P1507,Carol,Rodriguez,Doctor 18,2023-03-22
P1523,Kathleen,Gomez,Doctor 55,2023-03-22
P0065,Jessica,Ramos,Doctor 1,2023-03-23
P0090,Frank,Clark,Doctor 57,2023-03-23
P0109,Scott,Cox,Doctor 53,2023-03-23
P0129,Melissa,Kelly,Doctor 66,2023-03-23
P0181,Amy,Torres,Doctor 68,2023-03-23
P0188,Alexander,James,Doctor 95,2023-03-23
P0211,Shirley,Green,Doctor 18,2023-03-23
P0393,Anna,Morales,Doctor 46,2023-03-23
P0441,Charles,Kim,Doctor 41,2023-03-23
P0449,Angela,Myers,Doctor 81,2023-03-23
P0599,Jessica,Wright,Doctor 48,2023-03-23
P0633,Andrew,Gomez,Doctor 78,2023-03-23
P0727,Charles,Thompson,Doctor 64,2023-03-23
P0763,Kimberly,Campbell,Doctor 49,2023-03-23
P0846,Benjamin,Kim,Doctor 60,2023-03-23
P0878,Sarah,Allen,Doctor 77,2023-03-23
P0884,Raymond,Parker,Doctor 71,2023-03-23
P0973,Patrick,Parker,Doctor 75,2023-03-23
P1142,Anthony,Brown,Doctor 35,2023-03-23
P1249,Laura,Morgan,Doctor 46,2023-03-23
P1484,Alexander,Watson,Doctor 2,2023-03-23
P1513,Eric,Lee,Doctor 84,2023-03-23
P0012,Justin,Cruz,Doctor 58,2023-03-24
P0160,Carol,Phillips,Doctor 75,2023-03-24
P0188,Alexander,James,Doctor 31,2023-03-24
P0247,Michael,Johnson,Doctor 51,2023-03-24
P0405,Eric,Thomas,Doctor 59,2023-03-24
P0523,Angela,Cook,Doctor 51,2023-03-24
P0537,Carol,Collins,Doctor 30,2023-03-24
P0559,Brenda,Taylor,Doctor 17,2023-03-24
P0649,Michelle,Allen,Doctor 44,2023-03-24
P0774,Michael,Murphy,Doctor 45,2023-03-24
P0864,Ruth,Robinson,Doctor 32,2023-03-24
P0892,Jack,Brown,Doctor 22,2023-03-24
P0906,Donna,Miller,Doctor 23,2023-03-24
P0982,Helen,Sanders,Doctor 87,2023-03-24
P1036,Linda,Ramos,Doctor 34,2023-03-24
P1091,Jessica,Parker,Doctor 69,2023-03-24
P1100,Jessica,Cook,Doctor 93,2023-03-24
P1125,Helen,Howard,Doctor 81,2023-03-24
P1186,Jessica,Nguyen,Doctor 7,2023-03-24
P1217,Susan,Flores,Doctor 35,2023-03-24
P1359,Daniel,Patel,Doctor 47,2023-03-24
P1438,George,Reed,Doctor 23,2023-03-24
P1443,Jose,Taylor,Doctor 2,2023-03-24
P1467,Eric,Allen,Doctor 61,2023-03-24
P0105,Elizabeth,Carter,Doctor 67,2023-03-25
P0187,Elizabeth,James,Doctor 27,2023-03-25
P0197,Elizabeth,Young,Doctor 43,2023-03-25
P0340,Joshua,Moore,Doctor 82,2023-03-25
P0499,Melissa,Parker,Doctor 92,2023-03-25
P0564,Lisa,Bennett,Doctor 43,2023-03-25
P0627,Michelle,Kim,Doctor 31,2023-03-25
P0643,Thomas,Rivera,Doctor 20,2023-03-25
P0753,Jose,Alvarez,Doctor 38,2023-03-25
P0814,Aaron,Rodriguez,Doctor 48,2023-03-25
P0831,Ruth,Price,Doctor 51,2023-03-25
P0876,Ronald,Scott,Doctor 66,2023-03-25
P0879,Shirley,Mendoza,Doctor 24,2023-03-25
P1034,George,Nguyen,Doctor 38,2023-03-25
P1057,Nancy,Rodriguez,Doctor 77,2023-03-25
P1194,Jennifer,Smith,Doctor 98,2023-03-25
P1237,Brian,White,Doctor 20,2023-03-25
P1435,James,Ortiz,Doctor 7,2023-03-25
P1476,Jack,Jackson,Doctor 83,2023-03-25
P1489,Jacob,Edwards,Doctor 24,2023-03-25
P0020,Barbara,Miller,Doctor 70,2023-03-26
P0059,Karen,Phillips,Doctor 12,2023-03-26
P0118,Kathleen,Lee,Doctor 91,2023-03-26
P0196,James,Bailey,Doctor 48,2023-03-26
P0230,Sandra,Mendoza,Doctor 63,2023-03-26
P0326,Jason,Peterson,Doctor 74,2023-03-26
P0618,Sandra,Morgan,Doctor 48,2023-03-26
P0705,Donna,Stewart,Doctor 41,2023-03-26
P0906,Donna,Miller,Doctor 11,2023-03-26
P1272,Kimberly,Robinson,Doctor 81,2023-03-26
P1316,Ronald,Myers,Doctor 85,2023-03-26
P1361,Justin,Castillo,Doctor 58,2023-03-26
P1371,Barbara,Wood,Doctor 90,2023-03-26
P1424,Edward,Castillo,Doctor 47,2023-03-26
P1450,Donald,Cruz,Doctor 10,2023-03-26
P1465,Amy,Morris,Doctor 93,2023-03-26
P1522,Rebecca,Diaz,Doctor 39,2023-03-26
P1537,Matthew,Adams,Doctor 96,2023-03-26
P0070,Jennifer,Hall,Doctor 75,2023-03-27
P0156,Nancy,Gray,Doctor 69,2023-03-27
P0174,Deborah,Sanchez,Doctor 37,2023-03-27
P0202,Mark,James,Doctor 65,2023-03-27
P0243,Raymond,Hill,Doctor 37,2023-03-27
P0404,Anthony,Turner,Doctor 19,2023-03-27
P0452,Daniel,Cox,Doctor 85,2023-03-27
P0460,Barbara,Bennett,Doctor 95,2023-03-27
P0692,Linda,Cox,Doctor 43,2023-03-27
P0747,Frank,Adams,Doctor 7,2023-03-27
P0756,Sandra,Scott,Doctor 5,2023-03-27
P0774,Michael,Murphy,Doctor 45,2023-03-27
P0934,Lisa,Williams,Doctor 97,2023-03-27
P0990,Lisa,Sanders,Doctor 31,2023-03-27
P1135,Susan,Ramirez,Doctor 41,2023-03-27
P1138,Sharon,Taylor,Doctor 99,2023-03-27
P1153,David,Mitchell,Doctor 68,2023-03-27
P1183,Andrew,Morgan,Doctor 7,2023-03-27
P1326,Ruth,Torres,Doctor 10,2023-03-27
P1368,Amy,Allen,Doctor 83,2023-03-27
P1428,Virginia,Kim,Doctor 40,2023-03-27
P1450,Donald,Cruz,Doctor 67,2023-03-27
P1486,Rebecca,Moore,Doctor 46,2023-03-27
P1517,Carol,Evans,Doctor 93,2023-03-27
P0018,Sarah,Smith,Doctor 42,2023-03-28
P0062,Linda,White,Doctor 78,2023-03-28
P0085,Betty,Nguyen,Doctor 60,2023-03-28
P0175,Justin,Robinson,Doctor 13,2023-03-28
P0287,Sharon,Harris,Doctor 24,2023-03-28
P0292,Jack,Sanders,Doctor 28,2023-03-28
P0588,Lisa,Adams,Doctor 69,2023-03-28
P0775,Virginia,Anderson,Doctor 75,2023-03-28
P0777,Emma,Murphy,Doctor 13,2023-03-28
P0869,Barbara,King,Doctor 72,2023-03-28
P0948,Sharon,Green,Doctor 25,2023-03-28
P0979,Sarah,Moore,Doctor 94,2023-03-28
P1037,Timothy,Miller,Doctor 66,2023-03-28
P1052,Carol,Rogers,Doctor 91,2023-03-28
P1158,John,Thompson,Doctor 10,2023-03-28
P1176,Linda,Brooks,Doctor 25,2023-03-28
P1248,Kathleen,Smith,Doctor 47,2023-03-28
P1440,Karen,Peterson,Doctor 83,2023-03-28
P1508,Ronald,Anderson,Doctor 95,2023-03-28
P0033,Jessica,Perez,Doctor 99,2023-03-29
P0139,Sandra,Jackson,Doctor 52,2023-03-29
P0156,Nancy,Gray,Doctor 97,2023-03-29
P0173,Angela,Gomez,Doctor 75,2023-03-29
P0189,Barbara,Chavez,Doctor 70,2023-03-29
P0344,Sharon,Ward,Doctor 19,2023-03-29
P0489,Gary,Thomas,Doctor 32,2023-03-29
P0560,Lisa,Thomas,Doctor 60,2023-03-29
P0821,Patrick,Rodriguez,Doctor 1,2023-03-29
P0872,Virginia,Bailey,Doctor 28,2023-03-29
P0919,Benjamin,Carter,Doctor 16,2023-03-29
P0985,Dorothy,Johnson,Doctor 85,2023-03-29
P1027,John,Rivera,Doctor 6,2023-03-29
P1138,Sharon,Taylor,Doctor 45,2023-03-29
P1220,William,James,Doctor 100,2023-03-29
P1264,Frank,Allen,Doctor 94,2023-03-29
P1330,Karen,Murphy,Doctor 73,2023-03-29
P1377,Scott,Alvarez,Doctor 31,2023-03-29
P1392,Gary,Bennett,Doctor 1,2023-03-29
P1418,Lisa,Roberts,Doctor 84,2023-03-29
P0044,Frank,Murphy,Doctor 65,2023-03-30
P0080,William,Davis,Doctor 91,2023-03-30
P0087,Rebecca,Rodriguez,Doctor 32,2023-03-30
P0104,Kimberly,Cox,Doctor 97,2023-03-30
P0227,Steven,Cooper,Doctor 40,2023-03-30
P0233,Sharon,Gray,Doctor 7,2023-03-30
P0264,Nicholas,Scott,Doctor 50,2023-03-30
P0301,Emma,Turner,Doctor 35,2023-03-30
P0305,Nancy,Mendoza,Doctor 49,2023-03-30
P0348,Karen,Campbell,Doctor 90,2023-03-30
P0359,Deborah,Walker,Doctor 50,2023-03-30
P0574,Laura,Cooper,Doctor 81,2023-03-30
P0609,Thomas,Richardson,Doctor 82,2023-03-30
P0654,Rebecca,Perez,Doctor 4,2023-03-30
P0817,Matthew,Moore,Doctor 10,2023-03-30
P0947,Lisa,Garcia,Doctor 58,2023-03-30
P1037,Timothy,Miller,Doctor 6,2023-03-30
P1057,Nancy,Rodriguez,Doctor 69,2023-03-30
P1084,Jeffrey,Mitchell,Doctor 25,2023-03-30
P1089,Richard,Ortiz,Doctor 33,2023-03-30
P1089,Richard,Ortiz,Doctor 25,2023-03-30
P1094,Jessica,Hall,Doctor 95,2023-03-30
P1242,Betty,Cox,Doctor 87,2023-03-30
P1291,Kimberly,Mendoza,Doctor 17,2023-03-30
P1314,Amy,Howard,Doctor 20,2023-03-30
P1459,Virginia,Taylor,Doctor 17,2023-03-30
P1494,Jonathan,Ruiz,Doctor 75,2023-03-30
P0011,Brandon,Davis,Doctor 29,2023-03-31
P0080,William,Davis,Doctor 31,2023-03-31
P0089,Laura,Adams,Doctor 86,2023-03-31
P0123,Richard,Hill,Doctor 98,2023-03-31
P0140,Carol,Gutierrez,Doctor 88,2023-03-31
P0280,Shirley,Parker,Doctor 72,2023-03-31
P0285,Michael,Richardson,Doctor 65,2023-03-31
P0308,Sarah,Collins,Doctor 30,2023-03-31
P0317,Kimberly,Gomez,Doctor 46,2023-03-31
P0337,Tyler,Hughes,Doctor 3,2023-03-31
P0377,Jennifer,Nguyen,Doctor 29,2023-03-31
P0406,Angela,Adams,Doctor 26,2023-03-31
P0530,Sandra,Wilson,Doctor 42,2023-03-31
P0699,Michelle,Morgan,Doctor 49,2023-03-31
P0807,Donna,Ruiz,Doctor 17,2023-03-31
P0823,Helen,Nguyen,Doctor 93,2023-03-31
P0933,Samuel,Smith,Doctor 47,2023-03-31
P0946,Mary,Carter,Doctor 80,2023-03-31
P0954,Sandra,Murphy,Doctor 40,2023-03-31
P1205,Robert,Wood,Doctor 59,2023-03-31
P1253,Stephen,Phillips,Doctor 82,2023-03-31
P1328,Matthew,Rogers,Doctor 20,2023-03-31
P1350,Susan,Parker,Doctor 44,2023-03-31
P1505,Shirley,Jones,Doctor 15,2023-03-31
P0013,Stephen,Hall,Doctor 85,2023-04-01
P0149,Susan,Gomez,Doctor 61,2023-04-01
P0257,David,Smith,Doctor 84,2023-04-01
P0409,Angela,Hernandez,Doctor 39,2023-04-01
P0677,Anthony,Rogers,Doctor 81,2023-04-01
P0715,Matthew,Ramirez,Doctor 82,2023-04-01
P0766,Sarah,Clark,Doctor 13,2023-04-01
P0846,Benjamin,Kim,Doctor 13,2023-04-01
P0963,Sharon,Smith,Doctor 44,2023-04-01
P1071,Deborah,Evans,Doctor 99,2023-04-01
P1087,Gregory,Gonzalez,Doctor 92,2023-04-01
P1101,Alexander,Kim,Doctor 27,2023-04-01
P1170,Helen,Carter,Doctor 94,2023-04-01
P1181,Virginia,Perez,Doctor 60,2023-04-01
P1434,Frank,Diaz,Doctor 33,2023-04-01
P0033,Jessica,Perez,Doctor 64,2023-04-02
P0080,William,Davis,Doctor 63,2023-04-02
P0090,Frank,Clark,Doctor 57,2023-04-02
P0097,Tyler,Hall,Doctor 76,2023-04-02
P0114,David,Patel,Doctor 41,2023-04-02
P0162,Edward,Nguyen,Doctor 63,2023-04-02
P0222,Justin,Gomez,Doctor 36,2023-04-02
P0240,Kimberly,Peterson,Doctor 60,2023-04-02
P0491,Helen,Turner,Doctor 23,2023-04-02
P0658,Jessica,Campbell,Doctor 74,2023-04-02
P0752,Kimberly,Harris,Doctor 3,2023-04-02
P0780,Brian,Green,Doctor 74,2023-04-02
P0792,Benjamin,Adams,Doctor 23,2023-04-02
P0843,Eric,Mendoza,Doctor 22,2023-04-02
P0847,David,Flores,Doctor 30,2023-04-02
P1084,Jeffrey,Mitchell,Doctor 32,2023-04-02
P1088,Virginia,Cox,Doctor 35,2023-04-02
P1144,Joshua,Young,Doctor 65,2023-04-02
P1293,Anthony,Hughes,Doctor 29,2023-04-02
P1436,Ronald,Hernandez,Doctor 7,2023-04-02
P0037,John,James,Doctor 35,2023-04-03
P0054,Joseph,Torres,Doctor 62,2023-04-03
P0116,Michael,Rogers,Doctor 8,2023-04-03
P0161,David,Anderson,Doctor 24,2023-04-03
P0161,David,Anderson,Doctor 24,2023-04-03
P0239,Jacob,Gutierrez,Doctor 33,2023-04-03
P0249,Richard,Scott,Doctor 24,2023-04-03
P0316,Laura,Brown,Doctor 95,2023-04-03
P0323,Frank,Gutierrez,Doctor 47,2023-04-03
P0363,Carol,Anderson,Doctor 56,2023-04-03
P0488,Richard,Castillo,Doctor 82,2023-04-03
P0566,Anthony,Jones,Doctor 9,2023-04-03
P0731,Dennis,Allen,Doctor 52,2023-04-03
P0820,Tyler,Ramos,Doctor 22,2023-04-03
P0830,Deborah,Ramos,Doctor 71,2023-04-03
P0951,Jeffrey,Johnson,Doctor 100,2023-04-03
P1048,Andrew,Young,Doctor 70,2023-04-03
P1208,Jerry,Thomas,Doctor 6,2023-04-03
P1252,Jonathan,Ward,Doctor 21,2023-04-03
P1252,Jonathan,Ward,Doctor 88,2023-04-03
P1278,Richard,Perez,Doctor 2,2023-04-03
P1427,Ryan,Wilson,Doctor 61,2023-04-03
P1453,Betty,Harris,Doctor 61,2023-04-03
P0045,Angela,Diaz,Doctor 44,2023-04-04
P0080,William,Davis,Doctor 63,2023-04-04
P0135,Virginia,Martinez,Doctor 45,2023-04-04
P0207,Sandra,Rodriguez,Doctor 18,2023-04-04
P0250,Helen,Martinez,Doctor 12,2023-04-04
P0291,Matthew,Johnson,Doctor 69,2023-04-04
P0307,Tyler,Scott,Doctor 18,2023-04-04
P0350,Charles,Rodriguez,Doctor 19,2023-04-04
P0359,Deborah,Walker,Doctor 21,2023-04-04
P0407,Steven,Miller,Doctor 100,2023-04-04
P0485,Cynthia,Ramirez,Doctor 16,2023-04-04
P0608,Alexander,Williams,Doctor 95,2023-04-04
P0733,Timothy,Carter,Doctor 52,2023-04-04
P0852,Patricia,Brown,Doctor 36,2023-04-04
P0909,Patrick,Gomez,Doctor 42,2023-04-04
P1091,Jessica,Parker,Doctor 58,2023-04-04
P1141,Brenda,Jackson,Doctor 2,2023-04-04
P1394,Nicholas,Hughes,Doctor 89,2023-04-04
P1476,Jack,Jackson,Doctor 2,2023-04-04
P0055,Nancy,Taylor,Doctor 1,2023-04-05
P0096,Betty,Stewart,Doctor 6,2023-04-05
P0159,Dennis,Scott,Doctor 93,2023-04-05
P0201,James,Evans,Doctor 50,2023-04-05
P0229,Nicholas,Johnson,Doctor 20,2023-04-05
P0238,Betty,Sanders,Doctor 11,2023-04-05
P0270,Dennis,Hughes,Doctor 11,2023-04-05
P0288,Justin,Wright,Doctor 4,2023-04-05
P0318,Barbara,Martin,Doctor 10,2023-04-05
P0325,Karen,Gomez,Doctor 60,2023-04-05
P0348,Karen,Campbell,Doctor 90,2023-04-05
P0383,Carol,Hughes,Doctor 49,2023-04-05
P0625,Daniel,Lopez,Doctor 96,2023-04-05
P0639,Laura,Davis,Doctor 56,2023-04-05
P0752,Kimberly,Harris,Doctor 97,2023-04-05
P0771,Kevin,Phillips,Doctor 17,2023-04-05
P0833,Dennis,Lopez,Doctor 57,2023-04-05
P0970,Michelle,Roberts,Doctor 93,2023-04-05
P0976,Helen,Gonzalez,Doctor 46,2023-04-05
P0977,Edward,Howard,Doctor 48,2023-04-05
P0983,Nancy,Ramirez,Doctor 60,2023-04-05
P1023,Thomas,Martinez,Doctor 26,2023-04-05
P1097,Benjamin,Turner,Doctor 70,2023-04-05
P1453,Betty,Harris,Doctor 27,2023-04-05
P1462,Raymond,Garcia,Doctor 8,2023-04-05
P0010,Jessica,Evans,Doctor 66,2023-04-06
P0029,Betty,Perez,Doctor 51,2023-04-06
P0080,William,Davis,Doctor 63,2023-04-06
P0239,Jacob,Gutierrez,Doctor 74,2023-04-06
P0298,Ruth,Hill,Doctor 56,2023-04-06
P0347,Mary,Thomas,Doctor 48,2023-04-06
P0366,Michelle,Richardson,Doctor 74,2023-04-06
P0410,Jessica,Anderson,Doctor 38,2023-04-06
P0411,Donna,Wood,Doctor 55,2023-04-06
P0455,Brandon,Chavez,Doctor 41,2023-04-06
P0509,Helen,Perez,Doctor 71,2023-04-06
P0529,Rebecca,Kelly,Doctor 42,2023-04-06
P0584,Mark,Smith,Doctor 30,2023-04-06
P0607,Sharon,Turner,Doctor 28,2023-04-06
P0635,Melissa,Rodriguez,Doctor 17,2023-04-06
P0642,John,Kim,Doctor 43,2023-04-06
P0842,Deborah,Kim,Doctor 59,2023-04-06
P1112,Helen,Reed,Doctor 16,2023-04-06
P1121,Michelle,Miller,Doctor 12,2023-04-06
P1290,Ryan,Jones,Doctor 65,2023-04-06
P0018,Sarah,Smith,Doctor 55,2023-04-07
P0024,Nancy,Alvarez,Doctor 98,2023-04-07
P0178,Dorothy,Taylor,Doctor 39,2023-04-07
P0271,Jennifer,Anderson,Doctor 74,2023-04-07
P0329,Helen,Jones,Doctor 89,2023-04-07
P0698,Betty,Clark,Doctor 75,2023-04-07
P0718,Sarah,Myers,Doctor 49,2023-04-07
P0735,Sarah,Carter,Doctor 32,2023-04-07
P0738,Lisa,Nelson,Doctor 92,2023-04-07
P0915,Jennifer,Flores,Doctor 5,2023-04-07
P0945,Scott,Johnson,Doctor 83,2023-04-07
P1011,Donald,Diaz,Doctor 38,2023-04-07
P1121,Michelle,Miller,Doctor 67,2023-04-07
P1166,Stephen,Howard,Doctor 52,2023-04-07
P1170,Helen,Carter,Doctor 93,2023-04-07
P1205,Robert,Wood,Doctor 53,2023-04-07
P1288,Jessica,Wilson,Doctor 60,2023-04-07
P1358,Steven,Walker,Doctor 81,2023-04-07
P1385,Jason,Morgan,Doctor 18,2023-04-07
P1424,Edward,Castillo,Doctor 47,2023-04-07
P1434,Frank,Diaz,Doctor 95,2023-04-07
P1511,Samuel,Hill,Doctor 61,2023-04-07
P0035,Lisa,Rodriguez,Doctor 33,2023-04-08
P0135,Virginia,Martinez,Doctor 46,2023-04-08
P0145,Barbara,Harris,Doctor 4,2023-04-08
P0153,Frank,Mendoza,Doctor 9,2023-04-08
P0182,Jerry,Young,Doctor 74,2023-04-08
P0214,Cynthia,Morgan,Doctor 36,2023-04-08
P0246,Brandon,Carter,Doctor 92,2023-04-08
P0360,George,Anderson,Doctor 96,2023-04-08
P0388,Scott,Nelson,Doctor 63,2023-04-08
P0416,Frank,Ramos,Doctor 60,2023-04-08
P0609,Thomas,Richardson,Doctor 97,2023-04-08
P0609,Thomas,Richardson,Doctor 17,2023-04-08
P0616,Carol,Edwards,Doctor 78,2023-04-08
P0742,Raymond,Sanders,Doctor 27,2023-04-08
P0788,Donna,Sanders,Doctor 32,2023-04-08
P0897,Lisa,Patel,Doctor 58,2023-04-08
P0909,Patrick,Gomez,Doctor 55,2023-04-08
P1079,Justin,Lopez,Doctor 88,2023-04-08
P1167,Andrew,Roberts,Doctor 94,2023-04-08
P1219,Jeffrey,Morris,Doctor 5,2023-04-08
P1223,Joshua,Johnson,Doctor 82,2023-04-08
P1277,Sharon,Reed,Doctor 61,2023-04-08
P1292,William,Diaz,Doctor 47,2023-04-08
P1296,Kimberly,Morgan,Doctor 14,2023-04-08
P1474,Jonathan,Richardson,Doctor 74,2023-04-08
P0021,Linda,Walker,Doctor 55,2023-04-09
P0033,Jessica,Perez,Doctor 64,2023-04-09
P0152,Joseph,Lopez,Doctor 30,2023-04-09
P0274,Rebecca,Miller,Doctor 12,2023-04-09
P0386,Linda,Gomez,Doctor 13,2023-04-09
P0480,Tyler,Rodriguez,Doctor 29,2023-04-09
P0888,Jessica,Alvarez,Doctor 55,2023-04-09
P0899,Raymond,Stewart,Doctor 33,2023-04-09
P0979,Sarah,Moore,Doctor 7,2023-04-09
P1129,Linda,Garcia,Doctor 22,2023-04-09
P1181,Virginia,Perez,Doctor 85,2023-04-09
P1391,Nancy,Adams,Doctor 35,2023-04-09
P1444,George,Ortiz,Doctor 40,2023-04-09
P1498,Brandon,Edwards,Doctor 18,2023-04-09
P0007,Sarah,Hill,Doctor 78,2023-04-10
P0140,Carol,Gutierrez,Doctor 60,2023-04-10
P0192,Helen,Cook,Doctor 64,2023-04-10
P0281,Raymond,Thompson,Doctor 21,2023-04-10
P0288,Justin,Wright,Doctor 79,2023-04-10
P0374,Benjamin,Kelly,Doctor 35,2023-04-10
P0442,William,Thomas,Doctor 48,2023-04-10
P0444,Brian,Ramos,Doctor 5,2023-04-10
P0448,Jack,Hill,Doctor 47,2023-04-10
P0490,Gregory,Carter,Doctor 1,2023-04-10
P0524,Jerry,Brown,Doctor 38,2023-04-10
P0679,Deborah,Castillo,Doctor 89,2023-04-10
P0790,Amy,Baker,Doctor 64,2023-04-10
P0883,Richard,Mitchell,Doctor 51,2023-04-10
P0939,Jack,Patel,Doctor 91,2023-04-10
P1110,Jacob,Anderson,Doctor 78,2023-04-10
P1204,Donald,Clark,Doctor 11,2023-04-10
P1276,Jennifer,Cooper,Doctor 98,2023-04-10
P1321,Lisa,Gutierrez,Doctor 29,2023-04-10
P1442,Matthew,Gutierrez,Doctor 1,2023-04-10
P1451,Richard,Clark,Doctor 23,2023-04-10
P1492,Sandra,Thomas,Doctor 58,2023-04-10
P1506,Jessica,Morris,Doctor 83,2023-04-10
P0083,Dennis,Patel,Doctor 71,2023-04-11
P0138,Brenda,Diaz,Doctor 59,2023-04-11
P0205,Laura,King,Doctor 93,2023-04-11
P0228,Alexander,Morales,Doctor 7,2023-04-11
P0272,Carol,Campbell,Doctor 64,2023-04-11
P0312,Alexander,Myers,Doctor 21,2023-04-11
P0421,Kathleen,Cox,Doctor 14,2023-04-11
P0431,Sarah,Taylor,Doctor 77,2023-04-11
P0455,Brandon,Chavez,Doctor 41,2023-04-11
P0573,Jason,Alvarez,Doctor 56,2023-04-11
P0594,John,Brown,Doctor 84,2023-04-11
P0646,Kevin,Jones,Doctor 1,2023-04-11
P0675,Jose,Cook,Doctor 19,2023-04-11
P0692,Linda,Cox,Doctor 66,2023-04-11
P0761,Michelle,Cooper,Doctor 59,2023-04-11
P0815,Matthew,Robinson,Doctor 6,2023-04-11
P0901,Raymond,Lee,Doctor 85,2023-04-11
P0928,Sharon,Richardson,Doctor 21,2023-04-11
P0976,Helen,Gonzalez,Doctor 32,2023-04-11
P1048,Andrew,Young,Doctor 25,2023-04-11
P1081,Deborah,Gray,Doctor 5,2023-04-11
P1121,Michelle,Miller,Doctor 9,2023-04-11
P1188,Kevin,Lee,Doctor 76,2023-04-11
P1327,Sharon,Rodriguez,Doctor 48,2023-04-11
P1425,Dennis,Ramos,Doctor 72,2023-04-11
P1440,Karen,Peterson,Doctor 60,2023-04-11
P1483,Jessica,Stewart,Doctor 18,2023-04-11
P0133,Jonathan,Young,Doctor 67,2023-04-12
P0317,Kimberly,Gomez,Doctor 51,2023-04-12
P0431,Sarah,Taylor,Doctor 77,2023-04-12
P0501,Michelle,Stewart,Doctor 92,2023-04-12
P0531,Donald,Reed,Doctor 54,2023-04-12
P0593,Joshua,Torres,Doctor 32,2023-04-12
P0963,Sharon,Smith,Doctor 42,2023-04-12
P1042,Betty,Green,Doctor 96,2023-04-12
P1122,Robert,Wilson,Doctor 77,2023-04-12
P1133,Ruth,Lee,Doctor 92,2023-04-12
P1153,David,Mitchell,Doctor 68,2023-04-12
P1176,Linda,Brooks,Doctor 1,2023-04-12
P1250,Ruth,Scott,Doctor 87,2023-04-12
P1255,Betty,Gomez,Doctor 21,2023-04-12
P1306,Kenneth,Rodriguez,Doctor 75,2023-04-12
P1354,Richard,Martin,Doctor 59,2023-04-12
P1476,Jack,Jackson,Doctor 55,2023-04-12
P0012,Justin,Cruz,Doctor 15,2023-04-13
P0037,John,James,Doctor 18,2023-04-13
P0215,Donna,Moore,Doctor 100,2023-04-13
P0222,Justin,Gomez,Doctor 70,2023-04-13
P0246,Brandon,Carter,Doctor 63,2023-04-13
P0247,Michael,Johnson,Doctor 48,2023-04-13
P0272,Carol,Campbell,Doctor 67,2023-04-13
P0305,Nancy,Mendoza,Doctor 8,2023-04-13
P0344,Sharon,Ward,Doctor 3,2023-04-13
P0371,James,Scott,Doctor 14,2023-04-13
P0533,John,Anderson,Doctor 56,2023-04-13
P0693,Ruth,Howard,Doctor 67,2023-04-13
P0700,Ronald,Davis,Doctor 85,2023-04-13
P0700,Ronald,Davis,Doctor 71,2023-04-13
P0702,Justin,Rogers,Doctor 38,2023-04-13
P0758,Laura,Peterson,Doctor 66,2023-04-13
P0762,Larry,Martin,Doctor 44,2023-04-13
P0843,Eric,Mendoza,Doctor 11,2023-04-13
P1005,Michael,Turner,Doctor 11,2023-04-13
P1054,George,Alvarez,Doctor 74,2023-04-13
P1232,Charles,Cook,Doctor 33,2023-04-13
P1348,Virginia,Scott,Doctor 53,2023-04-13
P1358,Steven,Walker,Doctor 25,2023-04-13
P1450,Donald,Cruz,Doctor 39,2023-04-13
P1496,Christopher,Phillips,Doctor 41,2023-04-13
P1516,Sandra,Morales,Doctor 92,2023-04-13
P0103,Deborah,Hughes,Doctor 32,2023-04-14
P0103,Deborah,Hughes,Doctor 38,2023-04-14
P0141,Ryan,Diaz,Doctor 44,2023-04-14
P0368,Jonathan,Jones,Doctor 32,2023-04-14
P0464,Frank,Perez,Doctor 5,2023-04-14
P0555,Sharon,Chavez,Doctor 42,2023-04-14
P0762,Larry,Martin,Doctor 44,2023-04-14
P0925,Carol,Castillo,Doctor 35,2023-04-14
P1174,Deborah,Richardson,Doctor 26,2023-04-14
P1270,Gregory,Hughes,Doctor 69,2023-04-14
P1322,Rebecca,Ortiz,Doctor 37,2023-04-14
P1355,Dennis,Brown,Doctor 73,2023-04-14
P1360,Donald,Martin,Doctor 20,2023-04-14
P1455,Robert,Cruz,Doctor 66,2023-04-14
P0033,Jessica,Perez,Doctor 64,2023-04-15
P0111,Carol,Morgan,Doctor 18,2023-04-15
P0279,David,Watson,Doctor 73,2023-04-15
P0289,Jason,Cook,Doctor 14,2023-04-15
P0331,Kathleen,Torres,Doctor 16,2023-04-15
P0356,Helen,Ramos,Doctor 21,2023-04-15
P0379,Mary,Perez,Doctor 44,2023-04-15
P0444,Brian,Ramos,Doctor 61,2023-04-15
P0540,Thomas,Baker,Doctor 33,2023-04-15
P0582,Aaron,Hill,Doctor 5,2023-04-15
P0629,Jeffrey,Wright,Doctor 34,2023-04-15
P0780,Brian,Green,Doctor 92,2023-04-15
P0852,Patricia,Brown,Doctor 90,2023-04-15
P0914,Benjamin,Rodriguez,Doctor 17,2023-04-15
P0941,Larry,Hall,Doctor 44,2023-04-15
P1025,Rebecca,Mendoza,Doctor 86,2023-04-15
P1150,Helen,Thompson,Doctor 44,2023-04-15
P1365,Patricia,Garcia,Doctor 23,2023-04-15
P1416,Jerry,Turner,Doctor 28,2023-04-15
P0126,John,Lopez,Doctor 91,2023-04-16
P0159,Dennis,Scott,Doctor 17,2023-04-16
P0178,Dorothy,Taylor,Doctor 26,2023-04-16
P0189,Barbara,Chavez,Doctor 87,2023-04-16
P0348,Karen,Campbell,Doctor 90,2023-04-16
P0389,Linda,Nelson,Doctor 97,2023-04-16
P0505,Robert,Rogers,Doctor 47,2023-04-16
P0533,John,Anderson,Doctor 6,2023-04-16
P0578,Virginia,Murphy,Doctor 20,2023-04-16
P0602,Emma,Green,Doctor 30,2023-04-16
P0643,Thomas,Rivera,Doctor 90,2023-04-16
P0938,Gregory,Ramirez,Doctor 49,2023-04-16
P0980,Benjamin,Cox,Doctor 34,2023-04-16
P1372,Larry,Flores,Doctor 92,2023-04-16
P1419,Barbara,Green,Doctor 86,2023-04-16
P1526,Christopher,Wright,Doctor 10,2023-04-16
P0005,Edward,Mendoza,Doctor 11,2023-04-17
P0032,Tyler,Ortiz,Doctor 60,2023-04-17
P0120,Anna,Torres,Doctor 91,2023-04-17
P0280,Shirley,Parker,Doctor 36,2023-04-17
P0341,Angela,Perez,Doctor 3,2023-04-17
P0377,Jennifer,Nguyen,Doctor 49,2023-04-17
P0431,Sarah,Taylor,Doctor 61,2023-04-17
P0506,Jessica,Reed,Doctor 2,2023-04-17
P0670,Ruth,King,Doctor 75,2023-04-17
P1060,Timothy,Hughes,Doctor 43,2023-04-17
P1260,Charles,Ortiz,Doctor 48,2023-04-17
P1265,Amy,Murphy,Doctor 97,2023-04-17
P1329,Edward,Hill,Doctor 56,2023-04-17
P1338,Sarah,Anderson,Doctor 27,2023-04-17
P1372,Larry,Flores,Doctor 41,2023-04-17
P1423,Edward,Gutierrez,Doctor 11,2023-04-17
P1471,Matthew,Bennett,Doctor 93,2023-04-17
P1529,Gregory,Wright,Doctor 81,2023-04-17
P0084,Carol,Rivera,Doctor 1,2023-04-18
P0113,Robert,Cooper,Doctor 34,2023-04-18
P0123,Richard,Hill,Doctor 98,2023-04-18
P0167,Brian,Wilson,Doctor 47,2023-04-18
P0180,Barbara,Gomez,Doctor 55,2023-04-18
P0184,Steven,Ramos,Doctor 43,2023-04-18
P0261,Justin,Ramirez,Doctor 37,2023-04-18
P0288,Justin,Wright,Doctor 84,2023-04-18
P0337,Tyler,Hughes,Doctor 75,2023-04-18
P0380,Larry,Sanchez,Doctor 44,2023-04-18
P0432,Jose,Reyes,Doctor 24,2023-04-18
P0434,David,Gonzalez,Doctor 97,2023-04-18
P0475,Jonathan,Thompson,Doctor 97,2023-04-18
P0512,Barbara,Hernandez,Doctor 64,2023-04-18
P0577,Lisa,Morgan,Doctor 78,2023-04-18
P0659,Jack,Evans,Doctor 72,2023-04-18
P0669,Jose,Harris,Doctor 87,2023-04-18
P0671,Andrew,Wood,Doctor 3,2023-04-18
P0691,Edward,Cox,Doctor 45,2023-04-18
P0745,Shirley,Morales,Doctor 53,2023-04-18
P0800,Barbara,Cook,Doctor 71,2023-04-18
P0894,Anna,Ruiz,Doctor 85,2023-04-18
P1083,Helen,Price,Doctor 83,2023-04-18
P1146,Stephen,Collins,Doctor 55,2023-04-18
P1161,Donna,Collins,Doctor 85,2023-04-18
P1177,Jeffrey,Baker,Doctor 52,2023-04-18
P1200,Larry,Perez,Doctor 38,2023-04-18
P1306,Kenneth,Rodriguez,Doctor 75,2023-04-18
P1458,Melissa,Harris,Doctor 46,2023-04-18
P1509,Sarah,Cruz,Doctor 81,2023-04-18
P0024,Nancy,Alvarez,Doctor 65,2023-04-19
P0191,Dennis,Lewis,Doctor 8,2023-04-19
P0200,Anthony,Jackson,Doctor 84,2023-04-19
P0303,William,Clark,Doctor 45,2023-04-19
P0485,Cynthia,Ramirez,Doctor 61,2023-04-19
P0541,Laura,Thompson,Doctor 55,2023-04-19
P0641,Charles,Parker,Doctor 68,2023-04-19
P0653,Deborah,Cook,Doctor 35,2023-04-19
P0684,Betty,Peterson,Doctor 73,2023-04-19
P0742,Raymond,Sanders,Doctor 25,2023-04-19
P0765,Lisa,Castillo,Doctor 82,2023-04-19
P0867,Barbara,Diaz,Doctor 69,2023-04-19
P0886,Michael,Reed,Doctor 3,2023-04-19
P0918,Sandra,James,Doctor 73,2023-04-19
P0973,Patrick,Parker,Doctor 73,2023-04-19
P1062,Aaron,Rivera,Doctor 97,2023-04-19
P1118,Anthony,Adams,Doctor 48,2023-04-19
P1203,Jason,Hughes,Doctor 3,2023-04-19
P1273,Jeffrey,Gomez,Doctor 32,2023-04-19
P1273,Jeffrey,Gomez,Doctor 32,2023-04-19
P1360,Donald,Martin,Doctor 86,2023-04-19
P1528,Deborah,Baker,Doctor 84,2023-04-19
P0026,Raymond,Campbell,Doctor 90,2023-04-20
P0145,Barbara,Harris,Doctor 46,2023-04-20
P0478,Dennis,Ward,Doctor 27,2023-04-20
P0489,Gary,Thomas,Doctor 94,2023-04-20
P0529,Rebecca,Kelly,Doctor 42,2023-04-20
P0748,Virginia,Campbell,Doctor 95,2023-04-20
P0751,Jerry,Martin,Doctor 91,2023-04-20
P0998,Gregory,Ortiz,Doctor 7,2023-04-20
P1046,Donna,Watson,Doctor 9,2023-04-20
P1223,Joshua,Johnson,Doctor 46,2023-04-20
P1430,Patrick,Hughes,Doctor 1,2023-04-20
P1437,Gary,Gutierrez,Doctor 43,2023-04-20
P0191,Dennis,Lewis,Doctor 60,2023-04-21
P0318,Barbara,Martin,Doctor 77,2023-04-21
P0365,Carol,Murphy,Doctor 31,2023-04-21
P0413,David,Torres,Doctor 52,2023-04-21
P0573,Jason,Alvarez,Doctor 98,2023-04-21
P0604,Andrew,Ortiz,Doctor 94,2023-04-21
P0617,Donna,Flores,Doctor 90,2023-04-21
P0675,Jose,Cook,Doctor 79,2023-04-21
P0757,Mary,Patel,Doctor 83,2023-04-21
P0831,Ruth,Price,Doctor 51,2023-04-21
P1032,Michael,Gonzalez,Doctor 17,2023-04-21
P1218,William,Ramirez,Doctor 98,2023-04-21
P1243,Sarah,Johnson,Doctor 95,2023-04-21
P1377,Scott,Alvarez,Doctor 30,2023-04-21
P1408,Edward,Baker,Doctor 3,2023-04-21
P1455,Robert,Cruz,Doctor 100,2023-04-21
P1477,Raymond,Cruz,Doctor 17,2023-04-21
P1506,Jessica,Morris,Doctor 86,2023-04-21
P0093,Jacob,Hall,Doctor 28,2023-04-22
P0120,Anna,Torres,Doctor 91,2023-04-22
P0143,Lisa,Cruz,Doctor 100,2023-04-22
P0144,Aaron,Phillips,Doctor 75,2023-04-22
P0200,Anthony,Jackson,Doctor 72,2023-04-22
P0231,Timothy,Wright,Doctor 85,2023-04-22
P0329,Helen,Jones,Doctor 37,2023-04-22
P0342,Kenneth,Miller,Doctor 29,2023-04-22
P0461,Kimberly,Price,Doctor 25,2023-04-22
P0531,Donald,Reed,Doctor 13,2023-04-22
P0643,Thomas,Rivera,Doctor 86,2023-04-22
P0668,Justin,Nguyen,Doctor 83,2023-04-22
P0754,Jacob,Wood,Doctor 88,2023-04-22
P0801,Carol,Mendoza,Doctor 37,2023-04-22
P0802,Justin,Diaz,Doctor 63,2023-04-22
P0836,Dennis,Stewart,Doctor 31,2023-04-22
P0868,Mary,Martin,Doctor 25,2023-04-22
P0873,Dennis,Ruiz,Doctor 11,2023-04-22
P0925,Carol,Castillo,Doctor 35,2023-04-22
P1248,Kathleen,Smith,Doctor 29,2023-04-22
P1260,Charles,Ortiz,Doctor 48,2023-04-22
P1293,Anthony,Hughes,Doctor 29,2023-04-22
P1385,Jason,Morgan,Doctor 69,2023-04-22
P1411,Matthew,Lopez,Doctor 57,2023-04-22
P1436,Ronald,Hernandez,Doctor 7,2023-04-22
P1533,Linda,Lee,Doctor 82,2023-04-22
P0007,Sarah,Hill,Doctor 41,2023-04-23
P0124,Matthew,Evans,Doctor 20,2023-04-23
P0179,Frank,Ortiz,Doctor 58,2023-04-23
P0256,Susan,Hughes,Doctor 5,2023-04-23
P0337,Tyler,Hughes,Doctor 92,2023-04-23
P0456,Steven,Nelson,Doctor 6,2023-04-23
P0468,Nancy,Perez,Doctor 51,2023-04-23
P0562,Larry,Baker,Doctor 6,2023-04-23
P0580,Aaron,Adams,Doctor 92,2023-04-23
P0628,Nicholas,Collins,Doctor 80,2023-04-23
P0649,Michelle,Allen,Doctor 44,2023-04-23
P0768,Virginia,Gray,Doctor 6,2023-04-23
P0930,Kevin,Stewart,Doctor 92,2023-04-23
P1007,Aaron,Moore,Doctor 99,2023-04-23
P1157,Michelle,Green,Doctor 25,2023-04-23
P1209,William,Rogers,Doctor 40,2023-04-23
P1269,Richard,Smith,Doctor 86,2023-04-23
P1281,Andrew,Hughes,Doctor 37,2023-04-23
P1285,Laura,Lee,Doctor 79,2023-04-23
P1302,Kathleen,Phillips,Doctor 34,2023-04-23
P1367,Kenneth,Ramos,Doctor 88,2023-04-23
P1425,Dennis,Ramos,Doctor 9,2023-04-23
P0049,Andrew,Williams,Doctor 23,2023-04-24
P0103,Deborah,Hughes,Doctor 38,2023-04-24
P0113,Robert,Cooper,Doctor 86,2023-04-24
P0206,Helen,Stewart,Doctor 21,2023-04-24
P0242,Frank,Howard,Doctor 2,2023-04-24
P0414,Laura,Evans,Doctor 80,2023-04-24
P0475,Jonathan,Thompson,Doctor 81,2023-04-24
P0505,Robert,Rogers,Doctor 4,2023-04-24
P0507,Sandra,Garcia,Doctor 10,2023-04-24
P0577,Lisa,Morgan,Doctor 98,2023-04-24
P0628,Nicholas,Collins,Doctor 55,2023-04-24
P0631,Deborah,Thompson,Doctor 28,2023-04-24
P0651,Patricia,Sanders,Doctor 75,2023-04-24
P0726,Ruth,Nguyen,Doctor 74,2023-04-24
P0887,Michelle,Jackson,Doctor 62,2023-04-24
P0897,Lisa,Patel,Doctor 4,2023-04-24
P1078,Raymond,Allen,Doctor 93,2023-04-24
P1078,Raymond,Allen,Doctor 50,2023-04-24
P1085,Samuel,Ruiz,Doctor 6,2023-04-24
P1127,Kevin,Patel,Doctor 16,2023-04-24
P1184,Benjamin,Roberts,Doctor 5,2023-04-24
P1363,Cynthia,Campbell,Doctor 80,2023-04-24
P1416,Jerry,Turner,Doctor 40,2023-04-24
P1432,Matthew,Peterson,Doctor 83,2023-04-24
P1504,Michelle,Nguyen,Doctor 37,2023-04-24
P0010,Jessica,Evans,Doctor 66,2023-04-25
P0112,Jonathan,Morgan,Doctor 69,2023-04-25
P0127,Jerry,Peterson,Doctor 24,2023-04-25
P0278,Sarah,Reyes,Doctor 83,2023-04-25
P0283,Gary,Brooks,Doctor 27,2023-04-25
P0288,Justin,Wright,Doctor 84,2023-04-25
P0470,Donald,Turner,Doctor 86,2023-04-25
P0486,Jason,Nguyen,Doctor 42,2023-04-25
P0626,Daniel,Allen,Doctor 23,2023-04-25
P0810,Lisa,Allen,Doctor 73,2023-04-25
P0821,Patrick,Rodriguez,Doctor 1,2023-04-25
P0862,Deborah,Scott,Doctor 29,2023-04-25
P0863,Samuel,Sanders,Doctor 54,2023-04-25
P0866,Michael,Robinson,Doctor 13,2023-04-25
P0958,Ryan,Adams,Doctor 78,2023-04-25
P1004,David,Williams,Doctor 69,2023-04-25
P1038,Angela,Johnson,Doctor 58,2023-04-25
P1054,George,Alvarez,Doctor 34,2023-04-25
P1086,Daniel,Murphy,Doctor 85,2023-04-25
P1177,Jeffrey,Baker,Doctor 52,2023-04-25
P1224,Charles,Bailey,Doctor 21,2023-04-25
P1233,Jacob,Sanchez,Doctor 22,2023-04-25
P1303,William,Jones,Doctor 51,2023-04-25
P1394,Nicholas,Hughes,Doctor 61,2023-04-25
P1397,Melissa,Jackson,Doctor 44,2023-04-25
P1533,Linda,Lee,Doctor 36,2023-04-25
P0063,Sarah,Parker,Doctor 53,2023-04-26
P0089,Laura,Adams,Doctor 86,2023-04-26
P0119,Jason,Price,Doctor 61,2023-04-26
P0148,Aaron,Roberts,Doctor 61,2023-04-26
P0308,Sarah,Collins,Doctor 75,2023-04-26
P0431,Sarah,Taylor,Doctor 90,2023-04-26
P0434,David,Gonzalez,Doctor 54,2023-04-26
P0472,Timothy,Torres,Doctor 6,2023-04-26
P0496,Brandon,Garcia,Doctor 69,2023-04-26
P0522,Daniel,Peterson,Doctor 68,2023-04-26
P0661,Robert,Mitchell,Doctor 74,2023-04-26
P0680,Jeffrey,Lewis,Doctor 10,2023-04-26
P0695,Jeffrey,Sanchez,Doctor 9,2023-04-26
P0729,Donald,Walker,Doctor 80,2023-04-26
P0800,Barbara,Cook,Doctor 71,2023-04-26
P0959,Jose,Nelson,Doctor 21,2023-04-26
P1001,Linda,Torres,Doctor 27,2023-04-26
P1341,Jerry,Hall,Doctor 26,2023-04-26
P1393,Jack,Gonzalez,Doctor 45,2023-04-26
P1452,Brenda,Miller,Doctor 32,2023-04-26
P0068,Dorothy,Flores,Doctor 67,2023-04-27
P0196,James,Bailey,Doctor 21,2023-04-27
P0230,Sandra,Mendoza,Doctor 92,2023-04-27
P0289,Jason,Cook,Doctor 5,2023-04-27
P0310,Jerry,Campbell,Doctor 8,2023-04-27
P0496,Brandon,Garcia,Doctor 27,2023-04-27
P0560,Lisa,Thomas,Doctor 60,2023-04-27
P0574,Laura,Cooper,Doctor 1,2023-04-27
P0585,Elizabeth,Hughes,Doctor 12,2023-04-27
P0658,Jessica,Campbell,Doctor 74,2023-04-27
P0711,Deborah,Bailey,Doctor 4,2023-04-27
P0745,Shirley,Morales,Doctor 99,2023-04-27
P0879,Shirley,Mendoza,Doctor 36,2023-04-27
P0902,Thomas,Reed,Doctor 63,2023-04-27
P0990,Lisa,Sanders,Doctor 37,2023-04-27
P1284,Sharon,Price,Doctor 85,2023-04-27
P1334,James,Torres,Doctor 77,2023-04-27
P1380,Dennis,Harris,Doctor 76,2023-04-27
P1496,Christopher,Phillips,Doctor 94,2023-04-27
P1503,Scott,Roberts,Doctor 12,2023-04-27
P0042,Brenda,Anderson,Doctor 73,2023-04-28
P0125,Ryan,Myers,Doctor 39,2023-04-28
P0266,Jerry,Diaz,Doctor 49,2023-04-28
P0267,Brenda,Young,Doctor 33,2023-04-28
P0351,Raymond,Richardson,Doctor 14,2023-04-28
P0398,Sarah,Jones,Doctor 79,2023-04-28
P0443,Jennifer,Brooks,Doctor 26,2023-04-28
P0484,Angela,Garcia,Doctor 12,2023-04-28
P0541,Laura,Thompson,Doctor 9,2023-04-28
P0573,Jason,Alvarez,Doctor 22,2023-04-28
P0593,Joshua,Torres,Doctor 35,2023-04-28
P0632,Timothy,Smith,Doctor 93,2023-04-28
P0634,Ruth,Gray,Doctor 10,2023-04-28
P0658,Jessica,Campbell,Doctor 81,2023-04-28
P0697,Ruth,White,Doctor 70,2023-04-28
P0716,Brian,Castillo,Doctor 97,2023-04-28
P0911,Karen,Brooks,Doctor 51,2023-04-28
P0935,Sharon,Diaz,Doctor 68,2023-04-28
P1029,Jerry,Lee,Doctor 6,2023-04-28
P1094,Jessica,Hall,Doctor 72,2023-04-28
P1266,Richard,Myers,Doctor 78,2023-04-28
P1300,Carol,Wood,Doctor 8,2023-04-28
P1327,Sharon,Rodriguez,Doctor 80,2023-04-28
P1355,Dennis,Brown,Doctor 73,2023-04-28
P1447,Karen,Richardson,Doctor 4,2023-04-28
P0022,Jason,Turner,Doctor 4,2023-04-29
P0121,Sarah,Reed,Doctor 63,2023-04-29
P0168,Sharon,Bailey,Doctor 7,2023-04-29
P0308,Sarah,Collins,Doctor 38,2023-04-29
P0349,Larry,Allen,Doctor 55,2023-04-29
P0349,Larry,Allen,Doctor 55,2023-04-29
P0371,James,Scott,Doctor 19,2023-04-29
P0517,Linda,Rogers,Doctor 93,2023-04-29
P0556,Susan,Nelson,Doctor 94,2023-04-29
P0739,Thomas,Hernandez,Doctor 74,2023-04-29
P0761,Michelle,Cooper,Doctor 59,2023-04-29
P0843,Eric,Mendoza,Doctor 65,2023-04-29
P0875,Stephen,Gutierrez,Doctor 69,2023-04-29
P0900,Donna,Martinez,Doctor 58,2023-04-29
P1054,George,Alvarez,Doctor 85,2023-04-29
P1061,Betty,Garcia,Doctor 36,2023-04-29
P1114,Brandon,Hill,Doctor 47,2023-04-29
P1119,Ronald,Bailey,Doctor 30,2023-04-29
P1122,Robert,Wilson,Doctor 14,2023-04-29
P1163,Mary,Jackson,Doctor 90,2023-04-29
P1195,Kathleen,Nelson,Doctor 100,2023-04-29
P1268,Ruth,Rogers,Doctor 41,2023-04-29
P1459,Virginia,Taylor,Doctor 14,2023-04-29
P0017,Kenneth,Ortiz,Doctor 98,2023-04-30
P0067,Gregory,Kim,Doctor 83,2023-04-30
P0075,Eric,Richardson,Doctor 95,2023-04-30
P0130,Jason,Stewart,Doctor 75,2023-04-30
P0176,Larry,Adams,Doctor 31,2023-04-30
P0489,Gary,Thomas,Doctor 8,2023-04-30
P0492,Robert,Howard,Doctor 3,2023-04-30
P0569,Eric,Miller,Doctor 90,2023-04-30
P0574,Laura,Cooper,Doctor 7,2023-04-30
P0630,Jerry,Flores,Doctor 35,2023-04-30
P0693,Ruth,Howard,Doctor 69,2023-04-30
P0707,Jose,Cooper,Doctor 68,2023-04-30
P0798,Michael,Miller,Doctor 38,2023-04-30
P0804,Christopher,Evans,Doctor 17,2023-04-30
P0811,Dennis,Evans,Doctor 78,2023-04-30
P0877,Steven,Lee,Doctor 35,2023-04-30
P0913,Helen,Miller,Doctor 83,2023-04-30
P0946,Mary,Carter,Doctor 6,2023-04-30
P0950,Ruth,Bailey,Doctor 5,2023-04-30
P1003,Stephen,Murphy,Doctor 57,2023-04-30
P1038,Angela,Johnson,Doctor 40,2023-04-30
P1230,Barbara,Edwards,Doctor 63,2023-04-30
P1307,Sarah,Wood,Doctor 14,2023-04-30
P1349,Kenneth,Jackson,Doctor 7,2023-04-30
P1351,Sandra,Reyes,Doctor 96,2023-04-30
P1384,Brenda,Bailey,Doctor 90,2023-04-30
P0042,Brenda,Anderson,Doctor 80,2023-05-01
P0122,Richard,Alvarez,Doctor 33,2023-05-01
P0164,Deborah,Howard,Doctor 84,2023-05-01
P0284,Steven,Reyes,Doctor 26,2023-05-01
P0291,Matthew,Johnson,Doctor 69,2023-05-01
P0337,Tyler,Hughes,Doctor 92,2023-05-01
P0428,Jennifer,Kelly,Doctor 52,2023-05-01
P0716,Brian,Castillo,Doctor 97,2023-05-01
P0898,Cynthia,Alvarez,Doctor 6,2023-05-01
P1008,Jack,Morris,Doctor 56,2023-05-01
P1260,Charles,Ortiz,Doctor 17,2023-05-01
P1287,Matthew,Harris,Doctor 24,2023-05-01
P1305,Jack,Morales,Doctor 58,2023-05-01
P1328,Matthew,Rogers,Doctor 57,2023-05-01
P1405,Lisa,Edwards,Doctor 50,2023-05-01
P1430,Patrick,Hughes,Doctor 1,2023-05-01
P1432,Matthew,Peterson,Doctor 83,2023-05-01
P1486,Rebecca,Moore,Doctor 25,2023-05-01
P0100,Carol,Garcia,Doctor 9,2023-05-02
P0206,Helen,Stewart,Doctor 86,2023-05-02
P0274,Rebecca,Miller,Doctor 60,2023-05-02
P0340,Joshua,Moore,Doctor 82,2023-05-02
P0346,Michelle,Murphy,Doctor 55,2023-05-02
P0349,Larry,Allen,Doctor 56,2023-05-02
P0400,Jessica,Flores,Doctor 91,2023-05-02
P0454,Brenda,Kelly,Doctor 34,2023-05-02
P0493,Angela,Ruiz,Doctor 34,2023-05-02
P0554,Betty,Howard,Doctor 45,2023-05-02
P0588,Lisa,Adams,Doctor 38,2023-05-02
P0745,Shirley,Morales,Doctor 27,2023-05-02
P0851,Jacob,Davis,Doctor 42,2023-05-02
P0993,Shirley,Evans,Doctor 73,2023-05-02
P1064,Deborah,Ortiz,Doctor 1,2023-05-02
P1072,Kimberly,Rivera,Doctor 30,2023-05-02
P1473,Mark,Johnson,Doctor 17,2023-05-02
P1474,Jonathan,Richardson,Doctor 10,2023-05-02
P1479,Betty,Alvarez,Doctor 49,2023-05-02
P1483,Jessica,Stewart,Doctor 18,2023-05-02
P1521,Patrick,Cook,Doctor 88,2023-05-02
P1525,Brandon,Wood,Doctor 7,2023-05-02
P1537,Matthew,Adams,Doctor 71,2023-05-02
P0081,George,Baker,Doctor 27,2023-05-03
P0146,Kevin,Clark,Doctor 94,2023-05-03
P0628,Nicholas,Collins,Doctor 81,2023-05-03
P0645,Kevin,Price,Doctor 22,2023-05-03
P0653,Deborah,Cook,Doctor 10,2023-05-03
P0869,Barbara,King,Doctor 72,2023-05-03
P0882,Angela,Evans,Doctor 98,2023-05-03
P0904,Deborah,Edwards,Doctor 48,2023-05-03
P0931,Aaron,Patel,Doctor 73,2023-05-03
P0986,Kevin,Peterson,Doctor 6,2023-05-03
P1052,Carol,Rogers,Doctor 9,2023-05-03
P1124,David,Martin,Doctor 54,2023-05-03
P1160,Ryan,Hughes,Doctor 31,2023-05-03
P1178,Nancy,Mitchell,Doctor 91,2023-05-03
P1392,Gary,Bennett,Doctor 78,2023-05-03
P1469,Joshua,Baker,Doctor 58,2023-05-03
P1481,Ryan,Reyes,Doctor 10,2023-05-03
P1503,Scott,Roberts,Doctor 9,2023-05-03
P1535,Sarah,Bailey,Doctor 48,2023-05-03
P0036,Brandon,Evans,Doctor 2,2023-05-04
P0059,Karen,Phillips,Doctor 57,2023-05-04
P0099,Virginia,Green,Doctor 77,2023-05-04
P0199,Ryan,Richardson,Doctor 35,2023-05-04
P0272,Carol,Campbell,Doctor 73,2023-05-04
P0302,Brenda,Hall,Doctor 73,2023-05-04
P0372,Jose,Miller,Doctor 93,2023-05-04
P0459,Sandra,Peterson,Doctor 17,2023-05-04
P0534,Helen,Flores,Doctor 1,2023-05-04
P0554,Betty,Howard,Doctor 33,2023-05-04
P0705,Donna,Stewart,Doctor 84,2023-05-04
P0883,Richard,Mitchell,Doctor 51,2023-05-04
P0915,Jennifer,Flores,Doctor 52,2023-05-04
P1254,Alexander,Sanders,Doctor 8,2023-05-04
P1390,Sharon,Flores,Doctor 96,2023-05-04
P1433,Frank,King,Doctor 2,2023-05-04
P0050,Kimberly,Gray,Doctor 71,2023-05-05
P0061,Helen,Torres,Doctor 72,2023-05-05
P0185,Benjamin,Gutierrez,Doctor 70,2023-05-05
P0273,Joshua,Kim,Doctor 89,2023-05-05
P0357,Stephen,Price,Doctor 92,2023-05-05
P0595,George,Price,Doctor 93,2023-05-05
P0723,Dorothy,Kelly,Doctor 21,2023-05-05
P0752,Kimberly,Harris,Doctor 97,2023-05-05
P0769,Cynthia,Reed,Doctor 78,2023-05-05
P0878,Sarah,Allen,Doctor 28,2023-05-05
P0905,George,Rodriguez,Doctor 31,2023-05-05
P0916,Ronald,Nelson,Doctor 28,2023-05-05
P0924,Justin,Hall,Doctor 81,2023-05-05
P0927,Angela,Collins,Doctor 68,2023-05-05
P1148,Kevin,Smith,Doctor 98,2023-05-05
P1149,Michelle,Cox,Doctor 74,2023-05-05
P1235,Timothy,Cook,Doctor 72,2023-05-05
P1278,Richard,Perez,Doctor 51,2023-05-05
P1327,Sharon,Rodriguez,Doctor 57,2023-05-05
P1371,Barbara,Wood,Doctor 47,2023-05-05
P1497,Frank,Wright,Doctor 16,2023-05-05
P1526,Christopher,Wright,Doctor 27,2023-05-05
P0016,Gregory,Green,Doctor 12,2023-05-06
P0268,Kimberly,Chavez,Doctor 61,2023-05-06
P0461,Kimberly,Price,Doctor 12,2023-05-06
P0552,Karen,Robinson,Doctor 91,2023-05-06
P0594,John,Brown,Doctor 93,2023-05-06
P0715,Matthew,Ramirez,Doctor 36,2023-05-06
P0885,Gregory,Brooks,Doctor 19,2023-05-06
P1076,Amy,Diaz,Doctor 61,2023-05-06
P1206,Sarah,Cox,Doctor 86,2023-05-06
P1234,Jessica,Miller,Doctor 97,2023-05-06
P1292,William,Diaz,Doctor 31,2023-05-06
P1380,Dennis,Harris,Doctor 89,2023-05-06
P1386,Sharon,Walker,Doctor 14,2023-05-06
P1444,George,Ortiz,Doctor 67,2023-05-06
P0004,Jonathan,Wood,Doctor 80,2023-05-07
P0088,James,Cox,Doctor 42,2023-05-07
P0124,Matthew,Evans,Doctor 76,2023-05-07
P0160,Carol,Phillips,Doctor 10,2023-05-07
P0177,Donna,Wilson,Doctor 34,2023-05-07
P0180,Barbara,Gomez,Doctor 49,2023-05-07
P0266,Jerry,Diaz,Doctor 49,2023-05-07
P0345,Kimberly,Howard,Doctor 70,2023-05-07
P0415,Mark,Gomez,Doctor 16,2023-05-07
P0437,George,Green,Doctor 16,2023-05-07
P0440,Edward,Patel,Doctor 47,2023-05-07
P0456,Steven,Nelson,Doctor 6,2023-05-07
P0504,John,Bennett,Doctor 43,2023-05-07
P0556,Susan,Nelson,Doctor 94,2023-05-07
P0661,Robert,Mitchell,Doctor 1,2023-05-07
P0703,Jennifer,Lopez,Doctor 47,2023-05-07
P0809,Kathleen,Kelly,Doctor 61,2023-05-07
P1155,Laura,Young,Doctor 16,2023-05-07
P1220,William,James,Doctor 90,2023-05-07
P1221,Deborah,Ward,Doctor 97,2023-05-07
P1534,Steven,Gonzalez,Doctor 17,2023-05-07
P0018,Sarah,Smith,Doctor 67,2023-05-08
P0203,Carol,Hernandez,Doctor 61,2023-05-08
P0468,Nancy,Perez,Doctor 77,2023-05-08
P0568,Sarah,Evans,Doctor 46,2023-05-08
P0839,Alexander,Anderson,Doctor 96,2023-05-08
P0842,Deborah,Kim,Doctor 5,2023-05-08
P0848,Thomas,Hughes,Doctor 80,2023-05-08
P0882,Angela,Evans,Doctor 81,2023-05-08
P0971,Sandra,Reed,Doctor 9,2023-05-08
P0983,Nancy,Ramirez,Doctor 15,2023-05-08
P1008,Jack,Morris,Doctor 91,2023-05-08
P1037,Timothy,Miller,Doctor 55,2023-05-08
P1262,Brandon,Jackson,Doctor 76,2023-05-08
P1306,Kenneth,Rodriguez,Doctor 84,2023-05-08
P1334,James,Torres,Doctor 77,2023-05-08
P1502,Aaron,Davis,Doctor 4,2023-05-08
P0011,Brandon,Davis,Doctor 31,2023-05-09
P0013,Stephen,Hall,Doctor 85,2023-05-09
P0015,Susan,Murphy,Doctor 10,2023-05-09
P0036,Brandon,Evans,Doctor 63,2023-05-09
P0126,John,Lopez,Doctor 97,2023-05-09
P0185,Benjamin,Gutierrez,Doctor 70,2023-05-09
P0191,Dennis,Lewis,Doctor 52,2023-05-09
P0493,Angela,Ruiz,Doctor 25,2023-05-09
P0676,Timothy,Bennett,Doctor 97,2023-05-09
P0695,Jeffrey,Sanchez,Doctor 25,2023-05-09
P0758,Laura,Peterson,Doctor 97,2023-05-09
P0826,Matthew,Perez,Doctor 18,2023-05-09
P0866,Michael,Robinson,Doctor 66,2023-05-09
P1023,Thomas,Martinez,Doctor 26,2023-05-09
P1217,Susan,Flores,Doctor 16,2023-05-09
P1350,Susan,Parker,Doctor 44,2023-05-09
P1359,Daniel,Patel,Doctor 22,2023-05-09
P1373,Stephen,White,Doctor 2,2023-05-09
P1398,James,Adams,Doctor 52,2023-05-09
P1438,George,Reed,Doctor 65,2023-05-09
P0135,Virginia,Martinez,Doctor 74,2023-05-10
P0169,Gregory,Thomas,Doctor 40,2023-05-10
P0554,Betty,Howard,Doctor 6,2023-05-10
P0683,Sharon,Nelson,Doctor 16,2023-05-10
P0758,Laura,Peterson,Doctor 49,2023-05-10
P0759,Barbara,Rogers,Doctor 21,2023-05-10
P0819,Larry,Cox,Doctor 32,2023-05-10
P0852,Patricia,Brown,Doctor 90,2023-05-10
P0860,Justin,Hill,Doctor 39,2023-05-10
P0951,Jeffrey,Johnson,Doctor 100,2023-05-10
P1013,Jessica,Wood,Doctor 24,2023-05-10
P1085,Samuel,Ruiz,Doctor 8,2023-05-10
P1125,Helen,Howard,Doctor 30,2023-05-10
P1135,Susan,Ramirez,Doctor 4,2023-05-10
P1281,Andrew,Hughes,Doctor 2,2023-05-10
P1289,Sarah,Lopez,Doctor 93,2023-05-10
P1403,Alexander,Young,Doctor 1,2023-05-10
P1433,Frank,King,Doctor 85,2023-05-10
P1492,Sandra,Thomas,Doctor 55,2023-05-10
P0148,Aaron,Roberts,Doctor 81,2023-05-11
P0153,Frank,Mendoza,Doctor 34,2023-05-11
P0253,Nicholas,Morales,Doctor 43,2023-05-11
P0282,Linda,Jones,Doctor 88,2023-05-11
P0415,Mark,Gomez,Doctor 92,2023-05-11
P0563,Cynthia,Ward,Doctor 95,2023-05-11
P0796,Kevin,Morales,Doctor 27,2023-05-11
P0941,Larry,Hall,Doctor 64,2023-05-11
P1015,Frank,Brown,Doctor 69,2023-05-11
P1022,Kimberly,Roberts,Doctor 97,2023-05-11
P1121,Michelle,Miller,Doctor 21,2023-05-11
P1147,Michael,Adams,Doctor 20,2023-05-11
P1150,Helen,Thompson,Doctor 44,2023-05-11
P1166,Stephen,Howard,Doctor 11,2023-05-11
P1167,Andrew,Roberts,Doctor 94,2023-05-11
P1391,Nancy,Adams,Doctor 82,2023-05-11
P1450,Donald,Cruz,Doctor 30,2023-05-11
P1454,Ruth,Perez,Doctor 5,2023-05-11
P0049,Andrew,Williams,Doctor 19,2023-05-12
P0098,Karen,Green,Doctor 23,2023-05-12
P0334,Joseph,Perez,Doctor 43,2023-05-12
P0363,Carol,Anderson,Doctor 46,2023-05-12
P0673,Sharon,Cooper,Doctor 52,2023-05-12
P0708,Dorothy,Alvarez,Doctor 54,2023-05-12
P0726,Ruth,Nguyen,Doctor 74,2023-05-12
P0766,Sarah,Clark,Doctor 13,2023-05-12
P0821,Patrick,Rodriguez,Doctor 43,2023-05-12
P0908,Kenneth,Ramirez,Doctor 28,2023-05-12
P0910,Raymond,Castillo,Doctor 90,2023-05-12
P0972,Jerry,Roberts,Doctor 97,2023-05-12
P1098,Larry,Myers,Doctor 2,2023-05-12
P1143,Jessica,Taylor,Doctor 10,2023-05-12
P1297,Shirley,Kelly,Doctor 91,2023-05-12
P1354,Richard,Martin,Doctor 55,2023-05-12
P1365,Patricia,Garcia,Doctor 33,2023-05-12
P1444,George,Ortiz,Doctor 63,2023-05-12
P1482,David,Thomas,Doctor 35,2023-05-12
P1517,Carol,Evans,Doctor 78,2023-05-12
P0120,Anna,Torres,Doctor 91,2023-05-13
P0138,Brenda,Diaz,Doctor 91,2023-05-13
P0143,Lisa,Cruz,Doctor 23,2023-05-13
P0213,Barbara,Williams,Doctor 75,2023-05-13
P0266,Jerry,Diaz,Doctor 70,2023-05-13
P0281,Raymond,Thompson,Doctor 52,2023-05-13
P0380,Larry,Sanchez,Doctor 18,2023-05-13
P0392,Anthony,Phillips,Doctor 29,2023-05-13
P0506,Jessica,Reed,Doctor 99,2023-05-13
P0529,Rebecca,Kelly,Doctor 14,2023-05-13
P0551,Michelle,Kelly,Doctor 59,2023-05-13
P0584,Mark,Smith,Doctor 36,2023-05-13
P0684,Betty,Peterson,Doctor 43,2023-05-13
P0696,Jerry,Cox,Doctor 33,2023-05-13
P0751,Jerry,Martin,Doctor 99,2023-05-13
P0790,Amy,Baker,Doctor 64,2023-05-13
P0804,Christopher,Evans,Doctor 84,2023-05-13
P0809,Kathleen,Kelly,Doctor 27,2023-05-13
P0967,Donna,Torres,Doctor 57,2023-05-13
P1018,Ruth,Wilson,Doctor 16,2023-05-13
P1024,Aaron,Mendoza,Doctor 64,2023-05-13
P1089,Richard,Ortiz,Doctor 36,2023-05-13
P1107,Stephen,Chavez,Doctor 29,2023-05-13
P1263,Shirley,Nelson,Doctor 75,2023-05-13
P1320,Andrew,Mendoza,Doctor 52,2023-05-13
P1370,Kimberly,Hernandez,Doctor 49,2023-05-13
P1475,Michelle,James,Doctor 58,2023-05-13
P1488,Jeffrey,Reed,Doctor 97,2023-05-13
P0015,Susan,Murphy,Doctor 71,2023-05-14
P0071,Sandra,Williams,Doctor 83,2023-05-14
P0127,Jerry,Peterson,Doctor 66,2023-05-14
P0176,Larry,Adams,Doctor 15,2023-05-14
P0190,Donna,Turner,Doctor 55,2023-05-14
P0220,Steven,Gomez,Doctor 46,2023-05-14
P0266,Jerry,Diaz,Doctor 36,2023-05-14
P0275,Melissa,Gray,Doctor 32,2023-05-14
P0314,Jason,Diaz,Doctor 81,2023-05-14
P0461,Kimberly,Price,Doctor 38,2023-05-14
P0466,Sandra,Miller,Doctor 59,2023-05-14
P0484,Angela,Garcia,Doctor 12,2023-05-14
P0508,Laura,Robinson,Doctor 55,2023-05-14
P0580,Aaron,Adams,Doctor 37,2023-05-14
P0702,Justin,Rogers,Doctor 38,2023-05-14
P0736,Alexander,Wood,Doctor 26,2023-05-14
P0796,Kevin,Morales,Doctor 53,2023-05-14
P0934,Lisa,Williams,Doctor 41,2023-05-14
P0984,Brian,Kim,Doctor 53,2023-05-14
P1030,Donald,Rodriguez,Doctor 94,2023-05-14
P1123,Jonathan,Taylor,Doctor 9,2023-05-14
P1153,David,Mitchell,Doctor 39,2023-05-14
P1217,Susan,Flores,Doctor 58,2023-05-14
P1311,Richard,Davis,Doctor 71,2023-05-14
P1332,Shirley,Cox,Doctor 77,2023-05-14
P1372,Larry,Flores,Doctor 1,2023-05-14
P1412,Kathleen,Wright,Doctor 63,2023-05-14
P1451,Richard,Clark,Doctor 24,2023-05-14
P0007,Sarah,Hill,Doctor 16,2023-05-15
P0095,Thomas,Bennett,Doctor 34,2023-05-15
P0200,Anthony,Jackson,Doctor 93,2023-05-15
P0236,Sandra,Moore,Doctor 58,2023-05-15
P0257,David,Smith,Doctor 24,2023-05-15
P0379,Mary,Perez,Doctor 91,2023-05-15
P0389,Linda,Nelson,Doctor 97,2023-05-15
P0402,Gregory,Bennett,Doctor 34,2023-05-15
P0506,Jessica,Reed,Doctor 81,2023-05-15
P0618,Sandra,Morgan,Doctor 74,2023-05-15
P0915,Jennifer,Flores,Doctor 65,2023-05-15
P0947,Lisa,Garcia,Doctor 99,2023-05-15
P1100,Jessica,Cook,Doctor 90,2023-05-15
P1103,Kimberly,Brown,Doctor 92,2023-05-15
P1227,Raymond,Morris,Doctor 60,2023-05-15
P1237,Brian,White,Doctor 24,2023-05-15
P1304,Virginia,Hall,Doctor 69,2023-05-15
P1307,Sarah,Wood,Doctor 60,2023-05-15
P1325,Kathleen,Wilson,Doctor 67,2023-05-15
P1443,Jose,Taylor,Doctor 79,2023-05-15
P0014,Deborah,Stewart,Doctor 59,2023-05-16
P0072,Aaron,Hughes,Doctor 41,2023-05-16
P0076,Edward,Roberts,Doctor 49,2023-05-16
P0205,Laura,King,Doctor 54,2023-05-16
P0274,Rebecca,Miller,Doctor 60,2023-05-16
P0426,Anthony,Brooks,Doctor 64,2023-05-16
P0505,Robert,Rogers,Doctor 29,2023-05-16
P0638,Kimberly,Torres,Doctor 65,2023-05-16
P0903,Karen,Davis,Doctor 28,2023-05-16
P0953,Daniel,Garcia,Doctor 71,2023-05-16
P0959,Jose,Nelson,Doctor 38,2023-05-16
P1167,Andrew,Roberts,Doctor 94,2023-05-16
P1247,Jonathan,Mitchell,Doctor 68,2023-05-16
P1263,Shirley,Nelson,Doctor 65,2023-05-16
P1285,Laura,Lee,Doctor 79,2023-05-16
P1354,Richard,Martin,Doctor 49,2023-05-16
P1443,Jose,Taylor,Doctor 79,2023-05-16
P1460,Tyler,Morales,Doctor 77,2023-05-16
P0164,Deborah,Howard,Doctor 92,2023-05-17
P0169,Gregory,Thomas,Doctor 65,2023-05-17
P0310,Jerry,Campbell,Doctor 55,2023-05-17
P0376,Justin,Ramos,Doctor 77,2023-05-17
P0416,Frank,Ramos,Doctor 31,2023-05-17
P0429,Jessica,Ramirez,Doctor 78,2023-05-17
P0495,Frank,Ruiz,Doctor 98,2023-05-17
P0691,Edward,Cox,Doctor 45,2023-05-17
P0744,Richard,Sanchez,Doctor 86,2023-05-17
P0755,Christopher,Brooks,Doctor 45,2023-05-17
P0863,Samuel,Sanders,Doctor 11,2023-05-17
P0886,Michael,Reed,Doctor 22,2023-05-17
P0914,Benjamin,Rodriguez,Doctor 93,2023-05-17
P0989,Rebecca,Robinson,Doctor 32,2023-05-17
P1002,Laura,Murphy,Doctor 71,2023-05-17
P1076,Amy,Diaz,Doctor 69,2023-05-17
P1097,Benjamin,Turner,Doctor 70,2023-05-17
P1225,Raymond,Wright,Doctor 71,2023-05-17
P1382,Sarah,Diaz,Doctor 96,2023-05-17
P1435,James,Ortiz,Doctor 23,2023-05-17
P1447,Karen,Richardson,Doctor 18,2023-05-17
P0019,Melissa,Brooks,Doctor 7,2023-05-18
P0113,Robert,Cooper,Doctor 3,2023-05-18
P0165,Kimberly,Ramos,Doctor 48,2023-05-18
P0211,Shirley,Green,Doctor 59,2023-05-18
P0217,Donald,Cooper,Doctor 43,2023-05-18
P0245,Donna,Harris,Doctor 90,2023-05-18
P0267,Brenda,Young,Doctor 61,2023-05-18
P0340,Joshua,Moore,Doctor 54,2023-05-18
P0414,Laura,Evans,Doctor 80,2023-05-18
P0495,Frank,Ruiz,Doctor 98,2023-05-18
P0499,Melissa,Parker,Doctor 6,2023-05-18
P0578,Virginia,Murphy,Doctor 50,2023-05-18
P0643,Thomas,Rivera,Doctor 86,2023-05-18
P1125,Helen,Howard,Doctor 25,2023-05-18
P1162,Kenneth,Johnson,Doctor 63,2023-05-18
P1338,Sarah,Anderson,Doctor 29,2023-05-18
P1472,Jeffrey,Martinez,Doctor 77,2023-05-18
P1520,Richard,Cruz,Doctor 12,2023-05-18
P0015,Susan,Murphy,Doctor 39,2023-05-19
P0015,Susan,Murphy,Doctor 82,2023-05-19
P0171,Helen,Wright,Doctor 27,2023-05-19
P0223,Barbara,White,Doctor 8,2023-05-19
P0233,Sharon,Gray,Doctor 91,2023-05-19
P0263,Brenda,Morris,Doctor 18,2023-05-19
P0296,Shirley,Cruz,Doctor 49,2023-05-19
P0348,Karen,Campbell,Doctor 52,2023-05-19
P0375,Eric,Thompson,Doctor 50,2023-05-19
P0443,Jennifer,Brooks,Doctor 59,2023-05-19
P0451,Jeffrey,Rivera,Doctor 26,2023-05-19
P0453,Ruth,Cox,Doctor 30,2023-05-19
P0465,Barbara,Brown,Doctor 33,2023-05-19
P0542,Brenda,Morales,Doctor 16,2023-05-19
P0747,Frank,Adams,Doctor 96,2023-05-19
P0781,Jessica,Kelly,Doctor 99,2023-05-19
P0823,Helen,Nguyen,Doctor 28,2023-05-19
P0833,Dennis,Lopez,Doctor 6,2023-05-19
P0916,Ronald,Nelson,Doctor 91,2023-05-19
P1032,Michael,Gonzalez,Doctor 71,2023-05-19
P1257,Robert,Campbell,Doctor 3,2023-05-19
P1286,Deborah,Morris,Doctor 14,2023-05-19
P1303,William,Jones,Doctor 1,2023-05-19
P1456,Joshua,Stewart,Doctor 97,2023-05-19
P1487,Laura,Morales,Doctor 9,2023-05-19
P1517,Carol,Evans,Doctor 51,2023-05-19
P0249,Richard,Scott,Doctor 52,2023-05-20
P0295,Alexander,Collins,Doctor 71,2023-05-20
P0302,Brenda,Hall,Doctor 6,2023-05-20
P0369,Nancy,Peterson,Doctor 14,2023-05-20
P0447,Carol,Perez,Doctor 55,2023-05-20
P0466,Sandra,Miller,Doctor 52,2023-05-20
P0469,Sandra,Rivera,Doctor 56,2023-05-20
P0473,Andrew,Thomas,Doctor 97,2023-05-20
P0702,Justin,Rogers,Doctor 62,2023-05-20
P0727,Charles,Thompson,Doctor 80,2023-05-20
P0757,Mary,Patel,Doctor 78,2023-05-20
P0759,Barbara,Rogers,Doctor 72,2023-05-20
P0772,John,Mitchell,Doctor 61,2023-05-20
P0796,Kevin,Morales,Doctor 72,2023-05-20
P0855,Christopher,Garcia,Doctor 33,2023-05-20
P1017,Betty,Collins,Doctor 21,2023-05-20
P1070,Jerry,Nguyen,Doctor 69,2023-05-20
P1205,Robert,Wood,Doctor 53,2023-05-20
P1215,Kenneth,Evans,Doctor 99,2023-05-20
P1240,Jeffrey,Cox,Doctor 75,2023-05-20
P1294,Gregory,Myers,Doctor 96,2023-05-20
P1306,Kenneth,Rodriguez,Doctor 44,2023-05-20
P1319,Michael,Harris,Doctor 7,2023-05-20
P1422,Elizabeth,Davis,Doctor 18,2023-05-20
P1438,George,Reed,Doctor 93,2023-05-20
P1487,Laura,Morales,Doctor 9,2023-05-20
P0079,Anthony,Collins,Doctor 98,2023-05-21
P0241,Nancy,Brooks,Doctor 16,2023-05-21
P0299,Eric,Morgan,Doctor 31,2023-05-21
P0313,Sarah,Perez,Doctor 17,2023-05-21
P0341,Angela,Perez,Doctor 5,2023-05-21
P0469,Sandra,Rivera,Doctor 91,2023-05-21
P0604,Andrew,Ortiz,Doctor 94,2023-05-21
P0620,Donna,Reyes,Doctor 10,2023-05-21
P0640,Betty,Mitchell,Doctor 94,2023-05-21
P0689,Sharon,Myers,Doctor 2,2023-05-21
P0717,Raymond,Roberts,Doctor 60,2023-05-21
P0788,Donna,Sanders,Doctor 78,2023-05-21
P0813,Christopher,Davis,Doctor 95,2023-05-21
P0828,Kevin,Myers,Doctor 19,2023-05-21
P0884,Raymond,Parker,Doctor 81,2023-05-21
P0931,Aaron,Patel,Doctor 26,2023-05-21
P0949,George,Walker,Doctor 94,2023-05-21
P0997,Patrick,Richardson,Doctor 84,2023-05-21
P1007,Aaron,Moore,Doctor 84,2023-05-21
P1140,Joseph,Gomez,Doctor 16,2023-05-21
P1185,John,Rogers,Doctor 12,2023-05-21
P1248,Kathleen,Smith,Doctor 98,2023-05-21
P1375,Eric,Roberts,Doctor 16,2023-05-21
P1449,Andrew,Wilson,Doctor 91,2023-05-21
P1502,Aaron,Davis,Doctor 82,2023-05-21
P1514,Ruth,Phillips,Doctor 75,2023-05-21
P0058,Patrick,James,Doctor 71,2023-05-22
P0198,Michelle,Diaz,Doctor 38,2023-05-22
P0234,Melissa,Phillips,Doctor 62,2023-05-22
P0315,Anthony,James,Doctor 79,2023-05-22
P0332,Ruth,Diaz,Doctor 99,2023-05-22
P0417,Timothy,Harris,Doctor 21,2023-05-22
P0490,Gregory,Carter,Doctor 86,2023-05-22
P0504,John,Bennett,Doctor 60,2023-05-22
P0614,Sarah,Lee,Doctor 46,2023-05-22
P0642,John,Kim,Doctor 73,2023-05-22
P0720,Joseph,Edwards,Doctor 77,2023-05-22
P0740,Deborah,Cooper,Doctor 14,2023-05-22
P0751,Jerry,Martin,Doctor 86,2023-05-22
P0776,Jessica,Cooper,Doctor 88,2023-05-22
P0876,Ronald,Scott,Doctor 44,2023-05-22
P0963,Sharon,Smith,Doctor 70,2023-05-22
P0964,Andrew,Martinez,Doctor 38,2023-05-22
P1132,Elizabeth,Green,Doctor 53,2023-05-22
P1363,Cynthia,Campbell,Doctor 80,2023-05-22
P1369,Brenda,Parker,Doctor 72,2023-05-22
P1375,Eric,Roberts,Doctor 16,2023-05-22
P1471,Matthew,Bennett,Doctor 4,2023-05-22
P0001,Kimberly,Anderson,Doctor 4,2023-05-23
P0054,Joseph,Torres,Doctor 3,2023-05-23
P0160,Carol,Phillips,Doctor 80,2023-05-23
P0265,Richard,Bailey,Doctor 58,2023-05-23
P0300,Jose,Evans,Doctor 11,2023-05-23
P0333,Ruth,Johnson,Doctor 42,2023-05-23
P0450,Sarah,Ruiz,Doctor 27,2023-05-23
P0513,Daniel,Price,Doctor 35,2023-05-23
P0611,Sharon,Gutierrez,Doctor 79,2023-05-23
P0704,Kathleen,Walker,Doctor 42,2023-05-23
P0823,Helen,Nguyen,Doctor 22,2023-05-23
P0922,Donna,Hernandez,Doctor 38,2023-05-23
P1113,Sandra,White,Doctor 58,2023-05-23
P1138,Sharon,Taylor,Doctor 4,2023-05-23
P1362,Daniel,Cooper,Doctor 41,2023-05-23
P1473,Mark,Johnson,Doctor 33,2023-05-23
P1495,Karen,Diaz,Doctor 29,2023-05-23
P1496,Christopher,Phillips,Doctor 32,2023-05-23
P0004,Jonathan,Wood,Doctor 11,2023-05-24
P0062,Linda,White,Doctor 6,2023-05-24
P0076,Edward,Roberts,Doctor 5,2023-05-24
P0091,Sharon,Carter,Doctor 20,2023-05-24
P0094,Scott,Myers,Doctor 88,2023-05-24
P0213,Barbara,Williams,Doctor 81,2023-05-24
P0228,Alexander,Morales,Doctor 14,2023-05-24
P0411,Donna,Wood,Doctor 55,2023-05-24
P0456,Steven,Nelson,Doctor 63,2023-05-24
P0512,Barbara,Hernandez,Doctor 17,2023-05-24
P0589,Nicholas,Bennett,Doctor 73,2023-05-24
P0686,Elizabeth,Allen,Doctor 90,2023-05-24
P0780,Brian,Green,Doctor 36,2023-05-24
P0842,Deborah,Kim,Doctor 5,2023-05-24
P0908,Kenneth,Ramirez,Doctor 77,2023-05-24
P0929,Lisa,Baker,Doctor 89,2023-05-24
P0993,Shirley,Evans,Doctor 99,2023-05-24
P0997,Patrick,Richardson,Doctor 25,2023-05-24
P1000,Sharon,Morales,Doctor 18,2023-05-24
P1139,Jose,Ward,Doctor 28,2023-05-24
P1212,Linda,Baker,Doctor 91,2023-05-24
P1228,Patrick,King,Doctor 79,2023-05-24
P1295,Helen,Lewis,Doctor 78,2023-05-24
P1315,Frank,Harris,Doctor 32,2023-05-24
P1343,Rebecca,Ramirez,Doctor 20,2023-05-24
P1434,Frank,Diaz,Doctor 31,2023-05-24
P1456,Joshua,Stewart,Doctor 84,2023-05-24
P0017,Kenneth,Ortiz,Doctor 63,2023-05-25
P0025,John,Wright,Doctor 16,2023-05-25
P0061,Helen,Torres,Doctor 78,2023-05-25
P0332,Ruth,Diaz,Doctor 71,2023-05-25
P0380,Larry,Sanchez,Doctor 64,2023-05-25
P0422,Linda,Martinez,Doctor 90,2023-05-25
P0545,Mary,Sanders,Doctor 38,2023-05-25
P0555,Sharon,Chavez,Doctor 16,2023-05-25
P0593,Joshua,Torres,Doctor 86,2023-05-25
P0620,Donna,Reyes,Doctor 56,2023-05-25
P1000,Sharon,Morales,Doctor 31,2023-05-25
P1101,Alexander,Kim,Doctor 46,2023-05-25
P1145,Jonathan,Howard,Doctor 31,2023-05-25
P1193,Charles,Hughes,Doctor 54,2023-05-25
P1209,William,Rogers,Doctor 76,2023-05-25
P1217,Susan,Flores,Doctor 84,2023-05-25
P1223,Joshua,Johnson,Doctor 30,2023-05-25
P1225,Raymond,Wright,Doctor 9,2023-05-25
P1264,Frank,Allen,Doctor 55,2023-05-25
P1333,Betty,Edwards,Doctor 52,2023-05-25
P1338,Sarah,Anderson,Doctor 45,2023-05-25
P1368,Amy,Allen,Doctor 42,2023-05-25
P1499,Carol,Baker,Doctor 39,2023-05-25
P0001,Kimberly,Anderson,Doctor 100,2023-05-26
P0039,Jessica,Mendoza,Doctor 100,2023-05-26
P0127,Jerry,Peterson,Doctor 36,2023-05-26
P0212,Betty,Martin,Doctor 66,2023-05-26
P0252,Kathleen,Martinez,Doctor 3,2023-05-26
P0292,Jack,Sanders,Doctor 59,2023-05-26
P0321,Patricia,Anderson,Doctor 9,2023-05-26
P0338,Justin,Thomas,Doctor 97,2023-05-26
P0467,Karen,Martin,Doctor 82,2023-05-26
P0523,Angela,Cook,Doctor 33,2023-05-26
P0771,Kevin,Phillips,Doctor 36,2023-05-26
P0869,Barbara,King,Doctor 27,2023-05-26
P1072,Kimberly,Rivera,Doctor 80,2023-05-26
P1142,Anthony,Brown,Doctor 23,2023-05-26
P1162,Kenneth,Johnson,Doctor 63,2023-05-26
P1444,George,Ortiz,Doctor 3,2023-05-26
P0068,Dorothy,Flores,Doctor 100,2023-05-27
P0173,Angela,Gomez,Doctor 23,2023-05-27
P0298,Ruth,Hill,Doctor 74,2023-05-27
P0360,George,Anderson,Doctor 96,2023-05-27
P0393,Anna,Morales,Doctor 67,2023-05-27
P0646,Kevin,Jones,Doctor 1,2023-05-27
P0660,Nicholas,Turner,Doctor 17,2023-05-27
P0679,Deborah,Castillo,Doctor 24,2023-05-27
P0765,Lisa,Castillo,Doctor 7,2023-05-27
P0770,Richard,Moore,Doctor 81,2023-05-27
P0790,Amy,Baker,Doctor 34,2023-05-27
P0800,Barbara,Cook,Doctor 45,2023-05-27
P0859,Ronald,Jones,Doctor 64,2023-05-27
P0874,Daniel,Thompson,Doctor 89,2023-05-27
P1008,Jack,Morris,Doctor 62,2023-05-27
P1030,Donald,Rodriguez,Doctor 72,2023-05-27
P1083,Helen,Price,Doctor 57,2023-05-27
P1252,Jonathan,Ward,Doctor 37,2023-05-27
P1298,Jacob,Cox,Doctor 65,2023-05-27
P1321,Lisa,Gutierrez,Doctor 87,2023-05-27
P1328,Matthew,Rogers,Doctor 45,2023-05-27
P1339,Jack,Price,Doctor 55,2023-05-27
P1400,Scott,Sanchez,Doctor 80,2023-05-27
P1402,Betty,Thompson,Doctor 43,2023-05-27
P1424,Edward,Castillo,Doctor 47,2023-05-27
P0043,Ruth,Martinez,Doctor 97,2023-05-28
P0061,Helen,Torres,Doctor 90,2023-05-28
P0102,Rebecca,Walker,Doctor 73,2023-05-28
P0107,Gary,Hernandez,Doctor 9,2023-05-28
P0206,Helen,Stewart,Doctor 80,2023-05-28
P0296,Shirley,Cruz,Doctor 64,2023-05-28
P0391,Justin,Hughes,Doctor 16,2023-05-28
P0412,Betty,Campbell,Doctor 53,2023-05-28
P0512,Barbara,Hernandez,Doctor 56,2023-05-28
P0576,Jack,Clark,Doctor 30,2023-05-28
P0583,Laura,Jackson,Doctor 56,2023-05-28
P0592,Kenneth,Roberts,Doctor 46,2023-05-28
P0680,Jeffrey,Lewis,Doctor 32,2023-05-28
P0761,Michelle,Cooper,Doctor 50,2023-05-28
P0967,Donna,Torres,Doctor 60,2023-05-28
P1164,Matthew,Wright,Doctor 44,2023-05-28
P1255,Betty,Gomez,Doctor 31,2023-05-28
P1333,Betty,Edwards,Doctor 67,2023-05-28
P1357,Jacob,White,Doctor 25,2023-05-28
P1410,Gregory,Cox,Doctor 86,2023-05-28
P0221,Kathleen,Morales,Doctor 56,2023-05-29
P0275,Melissa,Gray,Doctor 10,2023-05-29
P0298,Ruth,Hill,Doctor 58,2023-05-29
P0330,Sharon,Allen,Doctor 65,2023-05-29
P0595,George,Price,Doctor 93,2023-05-29
P0647,Elizabeth,Ortiz,Doctor 76,2023-05-29
P0649,Michelle,Allen,Doctor 2,2023-05-29
P0738,Lisa,Nelson,Doctor 70,2023-05-29
P0761,Michelle,Cooper,Doctor 33,2023-05-29
P0781,Jessica,Kelly,Doctor 95,2023-05-29
P0900,Donna,Martinez,Doctor 52,2023-05-29
P1066,Virginia,Sanchez,Doctor 20,2023-05-29
P1196,Sarah,Price,Doctor 35,2023-05-29
P1219,Jeffrey,Morris,Doctor 68,2023-05-29
P1303,William,Jones,Doctor 80,2023-05-29
P1387,Shirley,Chavez,Doctor 7,2023-05-29
P1415,Deborah,Allen,Doctor 100,2023-05-29
P1430,Patrick,Hughes,Doctor 8,2023-05-29
P1433,Frank,King,Doctor 45,2023-05-29
P1481,Ryan,Reyes,Doctor 10,2023-05-29
P0016,Gregory,Green,Doctor 22,2023-05-30
P0044,Frank,Murphy,Doctor 40,2023-05-30
P0120,Anna,Torres,Doctor 67,2023-05-30
P0629,Jeffrey,Wright,Doctor 33,2023-05-30
P0807,Donna,Ruiz,Doctor 96,2023-05-30
P0834,Karen,Cruz,Doctor 51,2023-05-30
P1176,Linda,Brooks,Doctor 50,2023-05-30
P1293,Anthony,Hughes,Doctor 21,2023-05-30
P1420,Dorothy,Richardson,Doctor 88,2023-05-30
P1442,Matthew,Gutierrez,Doctor 53,2023-05-30
P1477,Raymond,Cruz,Doctor 19,2023-05-30
P1479,Betty,Alvarez,Doctor 49,2023-05-30
P0120,Anna,Torres,Doctor 19,2023-05-31
P0268,Kimberly,Chavez,Doctor 61,2023-05-31
P0354,Dennis,Roberts,Doctor 80,2023-05-31
P0462,Thomas,Sanchez,Doctor 47,2023-05-31
P0644,Michael,Sanchez,Doctor 81,2023-05-31
P0652,Rebecca,Sanchez,Doctor 28,2023-05-31
P0723,Dorothy,Kelly,Doctor 74,2023-05-31
P0805,Joshua,Roberts,Doctor 43,2023-05-31
P0806,Samuel,Robinson,Doctor 1,2023-05-31
P0922,Donna,Hernandez,Doctor 58,2023-05-31
P0962,Cynthia,Sanchez,Doctor 62,2023-05-31
P0983,Nancy,Ramirez,Doctor 1,2023-05-31
P1075,Eric,Parker,Doctor 35,2023-05-31
P1197,Anthony,King,Doctor 61,2023-05-31
P1368,Amy,Allen,Doctor 88,2023-05-31
P1381,Ronald,Gutierrez,Doctor 32,2023-05-31
P1439,Stephen,Gonzalez,Doctor 60,2023-05-31
P1466,Charles,Ramos,Doctor 41,2023-05-31
P1472,Jeffrey,Martinez,Doctor 85,2023-05-31
P1484,Alexander,Watson,Doctor 64,2023-05-31
P1500,Donald,Price,Doctor 83,2023-05-31
P1513,Eric,Lee,Doctor 72,2023-05-31
P0034,Jacob,Hughes,Doctor 68,2023-06-01
P0061,Helen,Torres,Doctor 1,2023-06-01
P0195,Raymond,Cox,Doctor 34,2023-06-01
P0412,Betty,Campbell,Doctor 22,2023-06-01
P0471,Raymond,Mendoza,Doctor 67,2023-06-01
P0514,Sandra,Hill,Doctor 33,2023-06-01
P0581,Joshua,Anderson,Doctor 32,2023-06-01
P0614,Sarah,Lee,Doctor 6,2023-06-01
P0694,Tyler,Castillo,Doctor 3,2023-06-01
P0808,Donna,Anderson,Doctor 60,2023-06-01
P0832,Donald,Sanchez,Doctor 45,2023-06-01
P0860,Justin,Hill,Doctor 6,2023-06-01
P0985,Dorothy,Johnson,Doctor 85,2023-06-01
P1105,Tyler,Watson,Doctor 43,2023-06-01
P1221,Deborah,Ward,Doctor 88,2023-06-01
P1409,Brenda,Roberts,Doctor 29,2023-06-01
P1421,Sandra,Lopez,Doctor 49,2023-06-01
P1451,Richard,Clark,Doctor 24,2023-06-01
P1490,James,Ramirez,Doctor 99,2023-06-01
P0001,Kimberly,Anderson,Doctor 84,2023-06-02
P0011,Brandon,Davis,Doctor 58,2023-06-02
P0154,Betty,Diaz,Doctor 85,2023-06-02
P0338,Justin,Thomas,Doctor 39,2023-06-02
P0370,Laura,Allen,Doctor 71,2023-06-02
P0429,Jessica,Ramirez,Doctor 18,2023-06-02
P0497,Anna,Sanders,Doctor 62,2023-06-02
P0507,Sandra,Garcia,Doctor 55,2023-06-02
P0586,Justin,Edwards,Doctor 23,2023-06-02
P0617,Donna,Flores,Doctor 97,2023-06-02
P0746,Michael,Rodriguez,Doctor 52,2023-06-02
P0784,Deborah,Hall,Doctor 36,2023-06-02
P0911,Karen,Brooks,Doctor 93,2023-06-02
P1026,Susan,Kelly,Doctor 56,2023-06-02
P1165,Scott,Flores,Doctor 93,2023-06-02
P1191,William,Thompson,Doctor 76,2023-06-02
P1236,Sandra,Ward,Doctor 70,2023-06-02
P1238,Michelle,Scott,Doctor 33,2023-06-02
P1356,Laura,Taylor,Doctor 59,2023-06-02
P1403,Alexander,Young,Doctor 1,2023-06-02
P1406,David,Morgan,Doctor 10,2023-06-02
P0060,Jack,Taylor,Doctor 13,2023-06-03
P0068,Dorothy,Flores,Doctor 99,2023-06-03
P0138,Brenda,Diaz,Doctor 91,2023-06-03
P0212,Betty,Martin,Doctor 66,2023-06-03
P0212,Betty,Martin,Doctor 42,2023-06-03
P0321,Patricia,Anderson,Doctor 47,2023-06-03
P0369,Nancy,Peterson,Doctor 20,2023-06-03
P0447,Carol,Perez,Doctor 1,2023-06-03
P0756,Sandra,Scott,Doctor 79,2023-06-03
P0791,Justin,Thompson,Doctor 22,2023-06-03
P0824,Carol,Gonzalez,Doctor 11,2023-06-03
P0884,Raymond,Parker,Doctor 37,2023-06-03
P0971,Sandra,Reed,Doctor 85,2023-06-03
P1103,Kimberly,Brown,Doctor 53,2023-06-03
P1114,Brandon,Hill,Doctor 54,2023-06-03
P1225,Raymond,Wright,Doctor 56,2023-06-03
P1242,Betty,Cox,Doctor 73,2023-06-03
P1249,Laura,Morgan,Doctor 12,2023-06-03
P1340,Jerry,Evans,Doctor 3,2023-06-03
P1389,Nicholas,Lopez,Doctor 40,2023-06-03
P1399,Joseph,Hill,Doctor 12,2023-06-03
P1417,Ryan,Clark,Doctor 71,2023-06-03
P1496,Christopher,Phillips,Doctor 54,2023-06-03
P1525,Brandon,Wood,Doctor 7,2023-06-03
P0169,Gregory,Thomas,Doctor 20,2023-06-04
P0188,Alexander,James,Doctor 29,2023-06-04
P0336,Laura,Ward,Doctor 55,2023-06-04
P0413,David,Torres,Doctor 12,2023-06-04
P0467,Karen,Martin,Doctor 57,2023-06-04
P0541,Laura,Thompson,Doctor 16,2023-06-04
P0843,Eric,Mendoza,Doctor 65,2023-06-04
P0858,Jose,King,Doctor 34,2023-06-04
P0926,Sharon,Cox,Doctor 6,2023-06-04
P0961,Michael,Hughes,Doctor 64,2023-06-04
P1186,Jessica,Nguyen,Doctor 81,2023-06-04
P1187,Emma,Kim,Doctor 31,2023-06-04
P1389,Nicholas,Lopez,Doctor 35,2023-06-04
P1477,Raymond,Cruz,Doctor 41,2023-06-04
P1493,Edward,Thomas,Doctor 52,2023-06-04
P0112,Jonathan,Morgan,Doctor 48,2023-06-05
P0177,Donna,Wilson,Doctor 26,2023-06-05
P0183,Benjamin,Wright,Doctor 30,2023-06-05
P0326,Jason,Peterson,Doctor 74,2023-06-05
P0386,Linda,Gomez,Doctor 89,2023-06-05
P0442,William,Thomas,Doctor 34,2023-06-05
P0590,Lisa,Wright,Doctor 45,2023-06-05
P0661,Robert,Mitchell,Doctor 69,2023-06-05
P0722,Angela,King,Doctor 32,2023-06-05
P0724,Deborah,Morales,Doctor 53,2023-06-05
P0818,Barbara,Mendoza,Doctor 18,2023-06-05
P0868,Mary,Martin,Doctor 54,2023-06-05
P1017,Betty,Collins,Doctor 21,2023-06-05
P1031,Sarah,Thomas,Doctor 85,2023-06-05
P1093,Carol,Cooper,Doctor 61,2023-06-05
P1283,Deborah,King,Doctor 17,2023-06-05
P1342,Kimberly,Diaz,Doctor 97,2023-06-05
P1383,Melissa,Flores,Doctor 98,2023-06-05
P1391,Nancy,Adams,Doctor 82,2023-06-05
P1397,Melissa,Jackson,Doctor 83,2023-06-05
P0086,Lisa,Nguyen,Doctor 56,2023-06-06
P0168,Sharon,Bailey,Doctor 60,2023-06-06
P0192,Helen,Cook,Doctor 31,2023-06-06
P0229,Nicholas,Johnson,Doctor 20,2023-06-06
P0389,Linda,Nelson,Doctor 97,2023-06-06
P0423,Andrew,Alvarez,Doctor 15,2023-06-06
P0485,Cynthia,Ramirez,Doctor 50,2023-06-06
P0526,Nicholas,Ward,Doctor 15,2023-06-06
P0731,Dennis,Allen,Doctor 52,2023-06-06
P0788,Donna,Sanders,Doctor 78,2023-06-06
P0812,Virginia,Thomas,Doctor 62,2023-06-06
P0815,Matthew,Robinson,Doctor 19,2023-06-06
P0820,Tyler,Ramos,Doctor 98,2023-06-06
P0824,Carol,Gonzalez,Doctor 43,2023-06-06
P0916,Ronald,Nelson,Doctor 10,2023-06-06
P0946,Mary,Carter,Doctor 59,2023-06-06
P1005,Michael,Turner,Doctor 72,2023-06-06
P1056,Joseph,Miller,Doctor 18,2023-06-06
P1074,Christopher,Moore,Doctor 43,2023-06-06
P1108,Michelle,Hill,Doctor 81,2023-06-06
P1144,Joshua,Young,Doctor 65,2023-06-06
P1190,Betty,Thomas,Doctor 16,2023-06-06
P1236,Sandra,Ward,Doctor 39,2023-06-06
P1284,Sharon,Price,Doctor 29,2023-06-06
P1325,Kathleen,Wilson,Doctor 100,2023-06-06
P1416,Jerry,Turner,Doctor 40,2023-06-06
P1509,Sarah,Cruz,Doctor 81,2023-06-06
P1536,Jack,White,Doctor 14,2023-06-06
P0134,Jennifer,Johnson,Doctor 68,2023-06-07
P0269,Linda,Clark,Doctor 48,2023-06-07
P0475,Jonathan,Thompson,Doctor 68,2023-06-07
P0510,Karen,Cooper,Doctor 66,2023-06-07
P0536,Nancy,Carter,Doctor 78,2023-06-07
P0735,Sarah,Carter,Doctor 21,2023-06-07
P0768,Virginia,Gray,Doctor 48,2023-06-07
P0797,Dennis,Castillo,Doctor 24,2023-06-07
P0806,Samuel,Robinson,Doctor 93,2023-06-07
P0842,Deborah,Kim,Doctor 5,2023-06-07
P0866,Michael,Robinson,Doctor 77,2023-06-07
P0912,Carol,White,Doctor 5,2023-06-07
P0930,Kevin,Stewart,Doctor 86,2023-06-07
P0952,Anna,Rogers,Doctor 21,2023-06-07
P0962,Cynthia,Sanchez,Doctor 62,2023-06-07
P0999,Patrick,Morgan,Doctor 5,2023-06-07
P1013,Jessica,Wood,Doctor 31,2023-06-07
P1141,Brenda,Jackson,Doctor 16,2023-06-07
P1154,Laura,Hughes,Doctor 64,2023-06-07
P1180,Sarah,Wright,Doctor 12,2023-06-07
P1221,Deborah,Ward,Doctor 88,2023-06-07
P1235,Timothy,Cook,Doctor 57,2023-06-07
P1248,Kathleen,Smith,Doctor 98,2023-06-07
P1330,Karen,Murphy,Doctor 40,2023-06-07
P1348,Virginia,Scott,Doctor 53,2023-06-07
P1369,Brenda,Parker,Doctor 90,2023-06-07
P1454,Ruth,Perez,Doctor 32,2023-06-07
P1465,Amy,Morris,Doctor 82,2023-06-07
P0013,Stephen,Hall,Doctor 38,2023-06-08
P0031,Brenda,Moore,Doctor 98,2023-06-08
P0050,Kimberly,Gray,Doctor 67,2023-06-08
P0080,William,Davis,Doctor 70,2023-06-08
P0174,Deborah,Sanchez,Doctor 62,2023-06-08
P0341,Angela,Perez,Doctor 5,2023-06-08
P0386,Linda,Gomez,Doctor 89,2023-06-08
P0613,Brandon,Morgan,Doctor 33,2023-06-08
P0656,Angela,Anderson,Doctor 93,2023-06-08
P0855,Christopher,Garcia,Doctor 33,2023-06-08
P0936,Sarah,Rogers,Doctor 18,2023-06-08
P0942,Lisa,Gonzalez,Doctor 12,2023-06-08
P1016,Jonathan,Evans,Doctor 41,2023-06-08
P1043,Laura,Turner,Doctor 3,2023-06-08
P1110,Jacob,Anderson,Doctor 19,2023-06-08
P1221,Deborah,Ward,Doctor 29,2023-06-08
P1297,Shirley,Kelly,Doctor 14,2023-06-08
P1319,Michael,Harris,Doctor 30,2023-06-08
P1352,Jack,Anderson,Doctor 7,2023-06-08
P1418,Lisa,Roberts,Doctor 97,2023-06-08
P1511,Samuel,Hill,Doctor 56,2023-06-08
P0025,John,Wright,Doctor 73,2023-06-09
P0065,Jessica,Ramos,Doctor 1,2023-06-09
P0349,Larry,Allen,Doctor 83,2023-06-09
P0353,Dorothy,Torres,Doctor 46,2023-06-09
P0355,Sharon,Scott,Doctor 37,2023-06-09
P0382,Sarah,Murphy,Doctor 83,2023-06-09
P0507,Sandra,Garcia,Doctor 55,2023-06-09
P0546,Donna,Richardson,Doctor 24,2023-06-09
P0583,Laura,Jackson,Doctor 76,2023-06-09
P0587,Sandra,Davis,Doctor 48,2023-06-09
P0591,Edward,Ortiz,Doctor 30,2023-06-09
P0647,Elizabeth,Ortiz,Doctor 32,2023-06-09
P0742,Raymond,Sanders,Doctor 89,2023-06-09
P0765,Lisa,Castillo,Doctor 7,2023-06-09
P0862,Deborah,Scott,Doctor 5,2023-06-09
P0884,Raymond,Parker,Doctor 53,2023-06-09
P0944,Scott,Moore,Doctor 58,2023-06-09
P0962,Cynthia,Sanchez,Doctor 62,2023-06-09
P0970,Michelle,Roberts,Doctor 46,2023-06-09
P0971,Sandra,Reed,Doctor 97,2023-06-09
P1061,Betty,Garcia,Doctor 73,2023-06-09
P1091,Jessica,Parker,Doctor 68,2023-06-09
P1238,Michelle,Scott,Doctor 9,2023-06-09
P1333,Betty,Edwards,Doctor 33,2023-06-09
P1344,Laura,Flores,Doctor 68,2023-06-09
P1368,Amy,Allen,Doctor 22,2023-06-09
P1391,Nancy,Adams,Doctor 10,2023-06-09
P1392,Gary,Bennett,Doctor 17,2023-06-09
P1459,Virginia,Taylor,Doctor 57,2023-06-09
P1488,Jeffrey,Reed,Doctor 46,2023-06-09
P0061,Helen,Torres,Doctor 64,2023-06-10
P0441,Charles,Kim,Doctor 68,2023-06-10
P0479,Deborah,Patel,Doctor 99,2023-06-10
P0492,Robert,Howard,Doctor 49,2023-06-10
P0606,Jerry,Collins,Doctor 10,2023-06-10
P0694,Tyler,Castillo,Doctor 3,2023-06-10
P0730,Donna,Hill,Doctor 19,2023-06-10
P0795,Mark,Gutierrez,Doctor 24,2023-06-10
P0860,Justin,Hill,Doctor 84,2023-06-10
P0908,Kenneth,Ramirez,Doctor 78,2023-06-10
P0921,Jennifer,Jones,Doctor 92,2023-06-10
P0938,Gregory,Ramirez,Doctor 76,2023-06-10
P0949,George,Walker,Doctor 44,2023-06-10
P0962,Cynthia,Sanchez,Doctor 18,2023-06-10
P1018,Ruth,Wilson,Doctor 22,2023-06-10
P1080,Ronald,Brooks,Doctor 66,2023-06-10
P1118,Anthony,Adams,Doctor 64,2023-06-10
P1235,Timothy,Cook,Doctor 33,2023-06-10
P1279,Anthony,Edwards,Doctor 66,2023-06-10
P1283,Deborah,King,Doctor 61,2023-06-10
P1292,William,Diaz,Doctor 80,2023-06-10
P1494,Jonathan,Ruiz,Doctor 47,2023-06-10
P0041,Betty,Adams,Doctor 67,2023-06-11
P0052,Robert,Johnson,Doctor 97,2023-06-11
P0133,Jonathan,Young,Doctor 47,2023-06-11
P0161,David,Anderson,Doctor 59,2023-06-11
P0303,William,Clark,Doctor 63,2023-06-11
P0318,Barbara,Martin,Doctor 72,2023-06-11
P0505,Robert,Rogers,Doctor 88,2023-06-11
P0882,Angela,Evans,Doctor 84,2023-06-11
P0978,Betty,Robinson,Doctor 93,2023-06-11
P1194,Jennifer,Smith,Doctor 66,2023-06-11
P1224,Charles,Bailey,Doctor 99,2023-06-11
P1227,Raymond,Morris,Doctor 10,2023-06-11
P1326,Ruth,Torres,Doctor 28,2023-06-11
P1432,Matthew,Peterson,Doctor 98,2023-06-11
P1478,Kimberly,Moore,Doctor 30,2023-06-11
P0043,Ruth,Martinez,Doctor 81,2023-06-12
P0094,Scott,Myers,Doctor 58,2023-06-12
P0115,Anthony,Evans,Doctor 41,2023-06-12
P0211,Shirley,Green,Doctor 26,2023-06-12
P0232,William,Nguyen,Doctor 28,2023-06-12
P0333,Ruth,Johnson,Doctor 31,2023-06-12
P0394,Sandra,Young,Doctor 29,2023-06-12
P0427,Carol,Cook,Doctor 57,2023-06-12
P0485,Cynthia,Ramirez,Doctor 66,2023-06-12
P0508,Laura,Robinson,Doctor 24,2023-06-12
P0508,Laura,Robinson,Doctor 68,2023-06-12
P0586,Justin,Edwards,Doctor 86,2023-06-12
P0846,Benjamin,Kim,Doctor 13,2023-06-12
P0997,Patrick,Richardson,Doctor 16,2023-06-12
P1040,Edward,Edwards,Doctor 22,2023-06-12
P1265,Amy,Murphy,Doctor 90,2023-06-12
P1319,Michael,Harris,Doctor 14,2023-06-12
P1327,Sharon,Rodriguez,Doctor 57,2023-06-12
P1356,Laura,Taylor,Doctor 75,2023-06-12
P1439,Stephen,Gonzalez,Doctor 57,2023-06-12
P0232,William,Nguyen,Doctor 70,2023-06-13
P0233,Sharon,Gray,Doctor 31,2023-06-13
P0234,Melissa,Phillips,Doctor 3,2023-06-13
P0311,Dorothy,Diaz,Doctor 93,2023-06-13
P0345,Kimberly,Howard,Doctor 66,2023-06-13
P0415,Mark,Gomez,Doctor 92,2023-06-13
P0427,Carol,Cook,Doctor 69,2023-06-13
P0461,Kimberly,Price,Doctor 27,2023-06-13
P0533,John,Anderson,Doctor 6,2023-06-13
P0600,Sharon,Johnson,Doctor 57,2023-06-13
P0615,Donna,Robinson,Doctor 70,2023-06-13
P0641,Charles,Parker,Doctor 68,2023-06-13
P0767,Karen,Morgan,Doctor 74,2023-06-13
P0860,Justin,Hill,Doctor 85,2023-06-13
P0881,Jessica,Green,Doctor 52,2023-06-13
P0984,Brian,Kim,Doctor 52,2023-06-13
P1090,Ruth,Edwards,Doctor 72,2023-06-13
P1133,Ruth,Lee,Doctor 55,2023-06-13
P1169,Steven,Carter,Doctor 67,2023-06-13
P1194,Jennifer,Smith,Doctor 66,2023-06-13
P1206,Sarah,Cox,Doctor 62,2023-06-13
P1207,Jeffrey,Carter,Doctor 45,2023-06-13
P1245,Michelle,White,Doctor 88,2023-06-13
P1322,Rebecca,Ortiz,Doctor 37,2023-06-13
P1384,Brenda,Bailey,Doctor 72,2023-06-13
P1455,Robert,Cruz,Doctor 53,2023-06-13
P1479,Betty,Alvarez,Doctor 24,2023-06-13
P1493,Edward,Thomas,Doctor 52,2023-06-13
P1504,Michelle,Nguyen,Doctor 37,2023-06-13
P0034,Jacob,Hughes,Doctor 68,2023-06-14
P0136,Richard,Miller,Doctor 64,2023-06-14
P0324,Christopher,Walker,Doctor 1,2023-06-14
P0381,Christopher,Robinson,Doctor 43,2023-06-14
P0509,Helen,Perez,Doctor 71,2023-06-14
P0617,Donna,Flores,Doctor 63,2023-06-14
P0686,Elizabeth,Allen,Doctor 36,2023-06-14
P0722,Angela,King,Doctor 32,2023-06-14
P0770,Richard,Moore,Doctor 52,2023-06-14
P0855,Christopher,Garcia,Doctor 92,2023-06-14
P0861,Brenda,Myers,Doctor 16,2023-06-14
P0902,Thomas,Reed,Doctor 50,2023-06-14
P0937,Linda,Anderson,Doctor 69,2023-06-14
P1022,Kimberly,Roberts,Doctor 83,2023-06-14
P1042,Betty,Green,Doctor 75,2023-06-14
P1071,Deborah,Evans,Doctor 6,2023-06-14
P1143,Jessica,Taylor,Doctor 10,2023-06-14
P1150,Helen,Thompson,Doctor 72,2023-06-14
P1168,Charles,Sanders,Doctor 98,2023-06-14
P1173,Lisa,Gomez,Doctor 21,2023-06-14
P1259,Elizabeth,Moore,Doctor 13,2023-06-14
P1327,Sharon,Rodriguez,Doctor 57,2023-06-14
P1374,Richard,Torres,Doctor 25,2023-06-14
P1414,Thomas,Rodriguez,Doctor 37,2023-06-14
P1452,Brenda,Miller,Doctor 32,2023-06-14
P1497,Frank,Wright,Doctor 52,2023-06-14
P0028,Jessica,Gray,Doctor 30,2023-06-15
P0046,William,Taylor,Doctor 83,2023-06-15
P0125,Ryan,Myers,Doctor 100,2023-06-15
P0204,Justin,Bailey,Doctor 31,2023-06-15
P0321,Patricia,Anderson,Doctor 66,2023-06-15
P0398,Sarah,Jones,Doctor 79,2023-06-15
P0429,Jessica,Ramirez,Doctor 92,2023-06-15
P0535,Deborah,Rivera,Doctor 16,2023-06-15
P0764,Rebecca,Anderson,Doctor 96,2023-06-15
P0819,Larry,Cox,Doctor 94,2023-06-15
P0847,David,Flores,Doctor 30,2023-06-15
P0921,Jennifer,Jones,Doctor 4,2023-06-15
P0946,Mary,Carter,Doctor 50,2023-06-15
P0950,Ruth,Bailey,Doctor 5,2023-06-15
P1016,Jonathan,Evans,Doctor 41,2023-06-15
P1110,Jacob,Anderson,Doctor 75,2023-06-15
P1137,Jack,Rodriguez,Doctor 44,2023-06-15
P1140,Joseph,Gomez,Doctor 37,2023-06-15
P1160,Ryan,Hughes,Doctor 21,2023-06-15
P1221,Deborah,Ward,Doctor 93,2023-06-15
P1244,Dennis,Baker,Doctor 31,2023-06-15
P1324,Ruth,Jones,Doctor 93,2023-06-15
P1330,Karen,Murphy,Doctor 17,2023-06-15
P1351,Sandra,Reyes,Doctor 34,2023-06-15
P1496,Christopher,Phillips,Doctor 54,2023-06-15
P0042,Brenda,Anderson,Doctor 82,2023-06-16
P0170,Jeffrey,Wood,Doctor 59,2023-06-16
P0312,Alexander,Myers,Doctor 88,2023-06-16
P0331,Kathleen,Torres,Doctor 68,2023-06-16
P0366,Michelle,Richardson,Doctor 67,2023-06-16
P0568,Sarah,Evans,Doctor 66,2023-06-16
P0576,Jack,Clark,Doctor 30,2023-06-16
P0577,Lisa,Morgan,Doctor 93,2023-06-16
P0581,Joshua,Anderson,Doctor 25,2023-06-16
P0674,Karen,Rogers,Doctor 18,2023-06-16
P0676,Timothy,Bennett,Doctor 18,2023-06-16
P0737,Charles,Castillo,Doctor 48,2023-06-16
P0882,Angela,Evans,Doctor 19,2023-06-16
P1174,Deborah,Richardson,Doctor 36,2023-06-16
P1462,Raymond,Garcia,Doctor 78,2023-06-16
P0018,Sarah,Smith,Doctor 32,2023-06-17
P0037,John,James,Doctor 19,2023-06-17
P0046,William,Taylor,Doctor 48,2023-06-17
P0058,Patrick,James,Doctor 17,2023-06-17
P0092,Virginia,Morris,Doctor 98,2023-06-17
P0142,Samuel,Allen,Doctor 80,2023-06-17
P0174,Deborah,Sanchez,Doctor 62,2023-06-17
P0249,Richard,Scott,Doctor 16,2023-06-17
P0259,Helen,Rogers,Doctor 80,2023-06-17
P0306,James,Wright,Doctor 32,2023-06-17
P0406,Angela,Adams,Doctor 95,2023-06-17
P0454,Brenda,Kelly,Doctor 73,2023-06-17
P0469,Sandra,Rivera,Doctor 98,2023-06-17
P0516,Joshua,Cooper,Doctor 33,2023-06-17
P0530,Sandra,Wilson,Doctor 38,2023-06-17
P0545,Mary,Sanders,Doctor 76,2023-06-17
P0549,Deborah,Brooks,Doctor 87,2023-06-17
P0557,Sarah,Ortiz,Doctor 9,2023-06-17
P0557,Sarah,Ortiz,Doctor 18,2023-06-17
P1041,Brandon,Richardson,Doctor 87,2023-06-17
P1220,William,James,Doctor 88,2023-06-17
P1353,George,Mitchell,Doctor 74,2023-06-17
P0029,Betty,Perez,Doctor 57,2023-06-18
P0053,Lisa,Johnson,Doctor 43,2023-06-18
P0076,Edward,Roberts,Doctor 30,2023-06-18
P0082,Mary,Ortiz,Doctor 85,2023-06-18
P0091,Sharon,Carter,Doctor 24,2023-06-18
P0095,Thomas,Bennett,Doctor 34,2023-06-18
P0100,Carol,Garcia,Doctor 56,2023-06-18
P0130,Jason,Stewart,Doctor 75,2023-06-18
P0225,Gregory,Miller,Doctor 25,2023-06-18
P0298,Ruth,Hill,Doctor 58,2023-06-18
P0356,Helen,Ramos,Doctor 7,2023-06-18
P0537,Carol,Collins,Doctor 42,2023-06-18
P0613,Brandon,Morgan,Doctor 21,2023-06-18
P0656,Angela,Anderson,Doctor 5,2023-06-18
P0967,Donna,Torres,Doctor 68,2023-06-18
P0972,Jerry,Roberts,Doctor 71,2023-06-18
P1043,Laura,Turner,Doctor 45,2023-06-18
P1055,Mary,Nguyen,Doctor 6,2023-06-18
P1077,Gary,Edwards,Doctor 60,2023-06-18
P1116,Laura,Lewis,Doctor 10,2023-06-18
P1195,Kathleen,Nelson,Doctor 1,2023-06-18
P1236,Sandra,Ward,Doctor 64,2023-06-18
P1246,Timothy,Young,Doctor 86,2023-06-18
P1397,Melissa,Jackson,Doctor 14,2023-06-18
P0071,Sandra,Williams,Doctor 83,2023-06-19
P0189,Barbara,Chavez,Doctor 18,2023-06-19
P0281,Raymond,Thompson,Doctor 60,2023-06-19
P0350,Charles,Rodriguez,Doctor 34,2023-06-19
P0364,Joshua,Ramirez,Doctor 68,2023-06-19
P0492,Robert,Howard,Doctor 72,2023-06-19
P0543,Brenda,Alvarez,Doctor 40,2023-06-19
P0587,Sandra,Davis,Doctor 34,2023-06-19
P0694,Tyler,Castillo,Doctor 41,2023-06-19
P0954,Sandra,Murphy,Doctor 40,2023-06-19
P1143,Jessica,Taylor,Doctor 37,2023-06-19
P1159,Jerry,Kim,Doctor 21,2023-06-19
P1164,Matthew,Wright,Doctor 37,2023-06-19
P1278,Richard,Perez,Doctor 20,2023-06-19
P1405,Lisa,Edwards,Doctor 50,2023-06-19
P1412,Kathleen,Wright,Doctor 87,2023-06-19
P1506,Jessica,Morris,Doctor 43,2023-06-19
P1536,Jack,White,Doctor 35,2023-06-19
P0148,Aaron,Roberts,Doctor 80,2023-06-20
P0194,Michael,Cook,Doctor 44,2023-06-20
P0328,Benjamin,Patel,Doctor 2,2023-06-20
P0346,Michelle,Murphy,Doctor 49,2023-06-20
P0429,Jessica,Ramirez,Doctor 47,2023-06-20
P0499,Melissa,Parker,Doctor 6,2023-06-20
P0603,Mark,Rivera,Doctor 1,2023-06-20
P0609,Thomas,Richardson,Doctor 25,2023-06-20
P0753,Jose,Alvarez,Doctor 28,2023-06-20
P0966,Kimberly,Patel,Doctor 40,2023-06-20
P0973,Patrick,Parker,Doctor 73,2023-06-20
P0986,Kevin,Peterson,Doctor 96,2023-06-20
P0998,Gregory,Ortiz,Doctor 62,2023-06-20
P1141,Brenda,Jackson,Doctor 28,2023-06-20
P1229,Justin,Sanders,Doctor 67,2023-06-20
P1398,James,Adams,Doctor 51,2023-06-20
P1408,Edward,Baker,Doctor 9,2023-06-20
P1424,Edward,Castillo,Doctor 87,2023-06-20
P1480,Virginia,Allen,Doctor 68,2023-06-20
P1518,Mary,Alvarez,Doctor 73,2023-06-20
P1524,Laura,Gutierrez,Doctor 66,2023-06-20
P0067,Gregory,Kim,Doctor 56,2023-06-21
P0077,Ruth,Kelly,Doctor 49,2023-06-21
P0100,Carol,Garcia,Doctor 41,2023-06-21
P0123,Richard,Hill,Doctor 51,2023-06-21
P0148,Aaron,Roberts,Doctor 39,2023-06-21
P0167,Brian,Wilson,Doctor 57,2023-06-21
P0313,Sarah,Perez,Doctor 81,2023-06-21
P0459,Sandra,Peterson,Doctor 17,2023-06-21
P0491,Helen,Turner,Doctor 68,2023-06-21
P0542,Brenda,Morales,Doctor 16,2023-06-21
P0625,Daniel,Lopez,Doctor 79,2023-06-21
P0713,Donna,Gray,Doctor 75,2023-06-21
P1035,Donna,Allen,Doctor 51,2023-06-21
P1113,Sandra,White,Doctor 58,2023-06-21
P1238,Michelle,Scott,Doctor 24,2023-06-21
P1256,David,Nelson,Doctor 33,2023-06-21
P1287,Matthew,Harris,Doctor 24,2023-06-21
P1348,Virginia,Scott,Doctor 22,2023-06-21
P1357,Jacob,White,Doctor 25,2023-06-21
P1359,Daniel,Patel,Doctor 71,2023-06-21
P0053,Lisa,Johnson,Doctor 33,2023-06-22
P0130,Jason,Stewart,Doctor 75,2023-06-22
P0259,Helen,Rogers,Doctor 67,2023-06-22
P0297,Laura,Thomas,Doctor 32,2023-06-22
P0322,Jose,Morgan,Doctor 34,2023-06-22
P0372,Jose,Miller,Doctor 93,2023-06-22
P0863,Samuel,Sanders,Doctor 52,2023-06-22
P0888,Jessica,Alvarez,Doctor 64,2023-06-22
P0905,George,Rodriguez,Doctor 78,2023-06-22
P0918,Sandra,James,Doctor 68,2023-06-22
P0927,Angela,Collins,Doctor 22,2023-06-22
P1039,Patricia,Collins,Doctor 23,2023-06-22
P1061,Betty,Garcia,Doctor 68,2023-06-22
P1063,Betty,Murphy,Doctor 62,2023-06-22
P1127,Kevin,Patel,Doctor 90,2023-06-22
P1177,Jeffrey,Baker,Doctor 78,2023-06-22
P1248,Kathleen,Smith,Doctor 62,2023-06-22
P1272,Kimberly,Robinson,Doctor 35,2023-06-22
P1292,William,Diaz,Doctor 80,2023-06-22
P1315,Frank,Harris,Doctor 90,2023-06-22
P1356,Laura,Taylor,Doctor 60,2023-06-22
P1464,Laura,Ramos,Doctor 16,2023-06-22
P0073,Virginia,Diaz,Doctor 43,2023-06-23
P0130,Jason,Stewart,Doctor 75,2023-06-23
P0187,Elizabeth,James,Doctor 58,2023-06-23
P0378,Stephen,Perez,Doctor 92,2023-06-23
P0396,Richard,Brooks,Doctor 58,2023-06-23
P0488,Richard,Castillo,Doctor 30,2023-06-23
P0554,Betty,Howard,Doctor 68,2023-06-23
P0642,John,Kim,Doctor 56,2023-06-23
P0705,Donna,Stewart,Doctor 43,2023-06-23
P0725,Kimberly,Walker,Doctor 82,2023-06-23
P0770,Richard,Moore,Doctor 22,2023-06-23
P0909,Patrick,Gomez,Doctor 70,2023-06-23
P0918,Sandra,James,Doctor 18,2023-06-23
P0984,Brian,Kim,Doctor 19,2023-06-23
P1082,Nancy,Gutierrez,Doctor 79,2023-06-23
P1099,Jose,Morales,Doctor 64,2023-06-23
P1213,Lisa,Rivera,Doctor 84,2023-06-23
P1404,Emma,Taylor,Doctor 62,2023-06-23
P1410,Gregory,Cox,Doctor 37,2023-06-23
P1419,Barbara,Green,Doctor 36,2023-06-23
P1496,Christopher,Phillips,Doctor 5,2023-06-23
P1522,Rebecca,Diaz,Doctor 83,2023-06-23
P0139,Sandra,Jackson,Doctor 37,2023-06-24
P0168,Sharon,Bailey,Doctor 51,2023-06-24
P0172,Lisa,King,Doctor 91,2023-06-24
P0182,Jerry,Young,Doctor 23,2023-06-24
P0256,Susan,Hughes,Doctor 46,2023-06-24
P0360,George,Anderson,Doctor 96,2023-06-24
P0528,Brenda,Hernandez,Doctor 3,2023-06-24
P0647,Elizabeth,Ortiz,Doctor 70,2023-06-24
P0824,Carol,Gonzalez,Doctor 23,2023-06-24
P0834,Karen,Cruz,Doctor 88,2023-06-24
P0873,Dennis,Ruiz,Doctor 62,2023-06-24
P0922,Donna,Hernandez,Doctor 30,2023-06-24
P1033,Angela,Mendoza,Doctor 34,2023-06-24
P1101,Alexander,Kim,Doctor 12,2023-06-24
P1133,Ruth,Lee,Doctor 56,2023-06-24
P1142,Anthony,Brown,Doctor 25,2023-06-24
P1197,Anthony,King,Doctor 77,2023-06-24
P1239,Elizabeth,Miller,Doctor 76,2023-06-24
P1475,Michelle,James,Doctor 94,2023-06-24
P0045,Angela,Diaz,Doctor 89,2023-06-25
P0134,Jennifer,Johnson,Doctor 67,2023-06-25
P0150,Laura,Baker,Doctor 62,2023-06-25
P0161,David,Anderson,Doctor 69,2023-06-25
P0349,Larry,Allen,Doctor 75,2023-06-25
P0380,Larry,Sanchez,Doctor 88,2023-06-25
P0572,Donna,Ward,Doctor 2,2023-06-25
P0590,Lisa,Wright,Doctor 95,2023-06-25
P0591,Edward,Ortiz,Doctor 30,2023-06-25
P0837,Kenneth,Campbell,Doctor 72,2023-06-25
P0865,Barbara,Cox,Doctor 42,2023-06-25
P0938,Gregory,Ramirez,Doctor 97,2023-06-25
P1001,Linda,Torres,Doctor 52,2023-06-25
P1013,Jessica,Wood,Doctor 56,2023-06-25
P1159,Jerry,Kim,Doctor 19,2023-06-25
P1230,Barbara,Edwards,Doctor 63,2023-06-25
P1388,Ronald,Flores,Doctor 36,2023-06-25
P0035,Lisa,Rodriguez,Doctor 98,2023-06-26
P0035,Lisa,Rodriguez,Doctor 13,2023-06-26
P0235,Deborah,Anderson,Doctor 79,2023-06-26
P0278,Sarah,Reyes,Doctor 33,2023-06-26
P0307,Tyler,Scott,Doctor 65,2023-06-26
P0392,Anthony,Phillips,Doctor 1,2023-06-26
P0459,Sandra,Peterson,Doctor 79,2023-06-26
P0573,Jason,Alvarez,Doctor 21,2023-06-26
P0672,Melissa,Gomez,Doctor 76,2023-06-26
P0682,Eric,Evans,Doctor 99,2023-06-26
P0929,Lisa,Baker,Doctor 13,2023-06-26
P0932,Donna,King,Doctor 20,2023-06-26
P1009,Gary,Clark,Doctor 7,2023-06-26
P1183,Andrew,Morgan,Doctor 7,2023-06-26
P1294,Gregory,Myers,Doctor 91,2023-06-26
P1296,Kimberly,Morgan,Doctor 30,2023-06-26
P1404,Emma,Taylor,Doctor 8,2023-06-26
P1512,Jack,Cook,Doctor 38,2023-06-26
P0025,John,Wright,Doctor 12,2023-06-27
P0119,Jason,Price,Doctor 72,2023-06-27
P0186,John,Ramirez,Doctor 36,2023-06-27
P0375,Eric,Thompson,Doctor 71,2023-06-27
P0507,Sandra,Garcia,Doctor 55,2023-06-27
P0577,Lisa,Morgan,Doctor 95,2023-06-27
P0616,Carol,Edwards,Doctor 81,2023-06-27
P0799,William,Mendoza,Doctor 14,2023-06-27
P0804,Christopher,Evans,Doctor 87,2023-06-27
P0841,David,Rodriguez,Doctor 43,2023-06-27
P0930,Kevin,Stewart,Doctor 40,2023-06-27
P0988,Amy,Moore,Doctor 62,2023-06-27
P0993,Shirley,Evans,Doctor 62,2023-06-27
P1042,Betty,Green,Doctor 44,2023-06-27
P1078,Raymond,Allen,Doctor 19,2023-06-27
P1097,Benjamin,Turner,Doctor 4,2023-06-27
P1120,Mark,Wright,Doctor 18,2023-06-27
P1221,Deborah,Ward,Doctor 46,2023-06-27
P1328,Matthew,Rogers,Doctor 21,2023-06-27
P1354,Richard,Martin,Doctor 19,2023-06-27
P1399,Joseph,Hill,Doctor 89,2023-06-27
P1472,Jeffrey,Martinez,Doctor 24,2023-06-27
P1515,Stephen,Wood,Doctor 40,2023-06-27
P1527,Brandon,Ward,Doctor 53,2023-06-27
P0028,Jessica,Gray,Doctor 34,2023-06-28
P0213,Barbara,Williams,Doctor 69,2023-06-28
P0272,Carol,Campbell,Doctor 71,2023-06-28
P0275,Melissa,Gray,Doctor 33,2023-06-28
P0304,Jonathan,Bailey,Doctor 91,2023-06-28
P0333,Ruth,Johnson,Doctor 16,2023-06-28
P0339,Helen,Parker,Doctor 49,2023-06-28
P0418,Jerry,Rivera,Doctor 99,2023-06-28
P0429,Jessica,Ramirez,Doctor 45,2023-06-28
P0473,Andrew,Thomas,Doctor 42,2023-06-28
P0699,Michelle,Morgan,Doctor 51,2023-06-28
P0852,Patricia,Brown,Doctor 18,2023-06-28
P0878,Sarah,Allen,Doctor 10,2023-06-28
P0910,Raymond,Castillo,Doctor 91,2023-06-28
P0960,Jeffrey,Martin,Doctor 52,2023-06-28
P1055,Mary,Nguyen,Doctor 52,2023-06-28
P1137,Jack,Rodriguez,Doctor 11,2023-06-28
P1151,Benjamin,Jackson,Doctor 59,2023-06-28
P1180,Sarah,Wright,Doctor 1,2023-06-28
P1187,Emma,Kim,Doctor 64,2023-06-28
P1203,Jason,Hughes,Doctor 91,2023-06-28
P1224,Charles,Bailey,Doctor 78,2023-06-28
P1337,Elizabeth,Mendoza,Doctor 85,2023-06-28
P1428,Virginia,Kim,Doctor 40,2023-06-28
P1457,Karen,White,Doctor 14,2023-06-28
P0147,Betty,Carter,Doctor 80,2023-06-29
P0237,Aaron,Flores,Doctor 47,2023-06-29
P0238,Betty,Sanders,Doctor 13,2023-06-29
P0399,Joseph,Harris,Doctor 18,2023-06-29
P0427,Carol,Cook,Doctor 17,2023-06-29
P0440,Edward,Patel,Doctor 69,2023-06-29
P0480,Tyler,Rodriguez,Doctor 97,2023-06-29
P0553,Melissa,Reed,Doctor 22,2023-06-29
P0636,Donald,Young,Doctor 45,2023-06-29
P0649,Michelle,Allen,Doctor 90,2023-06-29
P0719,Donna,Ramos,Doctor 1,2023-06-29
P0972,Jerry,Roberts,Doctor 58,2023-06-29
P1068,Brandon,Baker,Doctor 58,2023-06-29
P1113,Sandra,White,Doctor 58,2023-06-29
P1146,Stephen,Collins,Doctor 40,2023-06-29
P1162,Kenneth,Johnson,Doctor 63,2023-06-29
P1178,Nancy,Mitchell,Doctor 69,2023-06-29
P1250,Ruth,Scott,Doctor 53,2023-06-29
P1289,Sarah,Lopez,Doctor 89,2023-06-29
P1294,Gregory,Myers,Doctor 14,2023-06-29
P1309,James,Young,Doctor 55,2023-06-29
P1384,Brenda,Bailey,Doctor 24,2023-06-29
P1408,Edward,Baker,Doctor 3,2023-06-29
P1537,Matthew,Adams,Doctor 51,2023-06-29
P0051,Larry,Jackson,Doctor 82,2023-06-30
P0060,Jack,Taylor,Doctor 53,2023-06-30
P0143,Lisa,Cruz,Doctor 18,2023-06-30
P0186,John,Ramirez,Doctor 73,2023-06-30
P0223,Barbara,White,Doctor 17,2023-06-30
P0307,Tyler,Scott,Doctor 30,2023-06-30
P0325,Karen,Gomez,Doctor 52,2023-06-30
P0336,Laura,Ward,Doctor 70,2023-06-30
P0455,Brandon,Chavez,Doctor 63,2023-06-30
P0494,Richard,Morales,Doctor 48,2023-06-30
P0539,Patrick,Green,Doctor 42,2023-06-30
P0754,Jacob,Wood,Doctor 64,2023-06-30
P0855,Christopher,Garcia,Doctor 81,2023-06-30
P0910,Raymond,Castillo,Doctor 38,2023-06-30
P0923,Amy,Taylor,Doctor 52,2023-06-30
P0935,Sharon,Diaz,Doctor 68,2023-06-30
P0955,Laura,Howard,Doctor 2,2023-06-30
P1241,Edward,Price,Doctor 29,2023-06-30
P1395,Jose,Johnson,Doctor 98,2023-06-30
P1433,Frank,King,Doctor 89,2023-06-30
P1450,Donald,Cruz,Doctor 71,2023-06-30
P1515,Stephen,Wood,Doctor 52,2023-06-30
P0124,Matthew,Evans,Doctor 84,2023-07-01
P0129,Melissa,Kelly,Doctor 81,2023-07-01
P0135,Virginia,Martinez,Doctor 8,2023-07-01
P0179,Frank,Ortiz,Doctor 47,2023-07-01
P0293,Stephen,Garcia,Doctor 64,2023-07-01
P0297,Laura,Thomas,Doctor 60,2023-07-01
P0355,Sharon,Scott,Doctor 20,2023-07-01
P0423,Andrew,Alvarez,Doctor 31,2023-07-01
P0432,Jose,Reyes,Doctor 30,2023-07-01
P0444,Brian,Ramos,Doctor 61,2023-07-01
P0539,Patrick,Green,Doctor 24,2023-07-01
P0638,Kimberly,Torres,Doctor 65,2023-07-01
P0718,Sarah,Myers,Doctor 49,2023-07-01
P1094,Jessica,Hall,Doctor 82,2023-07-01
P1160,Ryan,Hughes,Doctor 30,2023-07-01
P1165,Scott,Flores,Doctor 98,2023-07-01
P1194,Jennifer,Smith,Doctor 66,2023-07-01
P1240,Jeffrey,Cox,Doctor 67,2023-07-01
P1274,Kathleen,Richardson,Doctor 47,2023-07-01
P1306,Kenneth,Rodriguez,Doctor 71,2023-07-01
P1310,Matthew,Lee,Doctor 12,2023-07-01
P1328,Matthew,Rogers,Doctor 42,2023-07-01
P0172,Lisa,King,Doctor 25,2023-07-02
P0297,Laura,Thomas,Doctor 12,2023-07-02
P0443,Jennifer,Brooks,Doctor 74,2023-07-02
P0535,Deborah,Rivera,Doctor 43,2023-07-02
P0572,Donna,Ward,Doctor 92,2023-07-02
P0642,John,Kim,Doctor 68,2023-07-02
P0732,Dorothy,Hill,Doctor 85,2023-07-02
P0800,Barbara,Cook,Doctor 45,2023-07-02
P0806,Samuel,Robinson,Doctor 93,2023-07-02
P0844,James,Castillo,Doctor 26,2023-07-02
P0849,Jason,Ortiz,Doctor 24,2023-07-02
P0887,Michelle,Jackson,Doctor 62,2023-07-02
P1067,Gary,Bailey,Doctor 54,2023-07-02
P1081,Deborah,Gray,Doctor 33,2023-07-02
P1200,Larry,Perez,Doctor 76,2023-07-02
P1323,Mark,Thomas,Doctor 99,2023-07-02
P1446,Donna,Gonzalez,Doctor 62,2023-07-02
P1489,Jacob,Edwards,Doctor 94,2023-07-02
P0043,Ruth,Martinez,Doctor 83,2023-07-03
P0069,Nicholas,Patel,Doctor 96,2023-07-03
P0083,Dennis,Patel,Doctor 71,2023-07-03
P0200,Anthony,Jackson,Doctor 82,2023-07-03
P0444,Brian,Ramos,Doctor 87,2023-07-03
P0480,Tyler,Rodriguez,Doctor 97,2023-07-03
P0514,Sandra,Hill,Doctor 85,2023-07-03
P0571,Mary,Thompson,Doctor 76,2023-07-03
P0597,Carol,Miller,Doctor 62,2023-07-03
P0775,Virginia,Anderson,Doctor 94,2023-07-03
P0809,Kathleen,Kelly,Doctor 16,2023-07-03
P0919,Benjamin,Carter,Doctor 16,2023-07-03
P1149,Michelle,Cox,Doctor 24,2023-07-03
P1244,Dennis,Baker,Doctor 27,2023-07-03
P1470,Tyler,Reyes,Doctor 100,2023-07-03
P1481,Ryan,Reyes,Doctor 8,2023-07-03
P0019,Melissa,Brooks,Doctor 76,2023-07-04
P0108,Melissa,Alvarez,Doctor 26,2023-07-04
P0163,Shirley,Morris,Doctor 31,2023-07-04
P0163,Shirley,Morris,Doctor 19,2023-07-04
P0166,Daniel,Hall,Doctor 73,2023-07-04
P0184,Steven,Ramos,Doctor 23,2023-07-04
P0262,Matthew,Scott,Doctor 2,2023-07-04
P0354,Dennis,Roberts,Doctor 97,2023-07-04
P0457,Tyler,Lewis,Doctor 55,2023-07-04
P0568,Sarah,Evans,Doctor 66,2023-07-04
P0575,Nicholas,Cruz,Doctor 56,2023-07-04
P0664,Aaron,Alvarez,Doctor 83,2023-07-04
P0744,Richard,Sanchez,Doctor 24,2023-07-04
P0775,Virginia,Anderson,Doctor 73,2023-07-04
P0969,Larry,Torres,Doctor 4,2023-07-04
P1109,Daniel,King,Doctor 22,2023-07-04
P1134,Sarah,Harris,Doctor 59,2023-07-04
P1156,Susan,Williams,Doctor 84,2023-07-04
P1175,Brian,Clark,Doctor 81,2023-07-04
P1187,Emma,Kim,Doctor 10,2023-07-04
P1208,Jerry,Thomas,Doctor 6,2023-07-04
P1329,Edward,Hill,Doctor 36,2023-07-04
P1357,Jacob,White,Doctor 6,2023-07-04
P1463,Mark,Richardson,Doctor 51,2023-07-04
P1473,Mark,Johnson,Doctor 64,2023-07-04
P0046,William,Taylor,Doctor 48,2023-07-05
P0066,Jack,Williams,Doctor 50,2023-07-05
P0178,Dorothy,Taylor,Doctor 3,2023-07-05
P0370,Laura,Allen,Doctor 71,2023-07-05
P0468,Nancy,Perez,Doctor 51,2023-07-05
P0511,Michael,Ward,Doctor 13,2023-07-05
P0540,Thomas,Baker,Doctor 28,2023-07-05
P0602,Emma,Green,Doctor 30,2023-07-05
P0648,Tyler,Robinson,Doctor 50,2023-07-05
P0665,Emma,Morris,Doctor 1,2023-07-05
P0680,Jeffrey,Lewis,Doctor 19,2023-07-05
P0750,Helen,Ward,Doctor 96,2023-07-05
P0800,Barbara,Cook,Doctor 40,2023-07-05
P0936,Sarah,Rogers,Doctor 95,2023-07-05
P1010,Kevin,Scott,Doctor 83,2023-07-05
P1131,Dorothy,Price,Doctor 48,2023-07-05
P1265,Amy,Murphy,Doctor 6,2023-07-05
P1289,Sarah,Lopez,Doctor 40,2023-07-05
P0059,Karen,Phillips,Doctor 57,2023-07-06
P0154,Betty,Diaz,Doctor 100,2023-07-06
P0493,Angela,Ruiz,Doctor 33,2023-07-06
P0499,Melissa,Parker,Doctor 6,2023-07-06
P0548,Patrick,Gutierrez,Doctor 95,2023-07-06
P0596,Edward,Watson,Doctor 52,2023-07-06
P0639,Laura,Davis,Doctor 56,2023-07-06
P0656,Angela,Anderson,Doctor 28,2023-07-06
P0706,Dorothy,Anderson,Doctor 30,2023-07-06
P0825,Angela,Roberts,Doctor 76,2023-07-06
P0889,Charles,White,Doctor 60,2023-07-06
P1012,Virginia,Rivera,Doctor 71,2023-07-06
P1101,Alexander,Kim,Doctor 69,2023-07-06
P1105,Tyler,Watson,Doctor 43,2023-07-06
P1168,Charles,Sanders,Doctor 3,2023-07-06
P1204,Donald,Clark,Doctor 11,2023-07-06
P1209,William,Rogers,Doctor 91,2023-07-06
P1375,Eric,Roberts,Doctor 85,2023-07-06
P1394,Nicholas,Hughes,Doctor 9,2023-07-06
P1395,Jose,Johnson,Doctor 69,2023-07-06
P1400,Scott,Sanchez,Doctor 47,2023-07-06
P0040,Deborah,Kelly,Doctor 75,2023-07-07
P0074,Nancy,Richardson,Doctor 11,2023-07-07
P0106,Jennifer,Sanders,Doctor 5,2023-07-07
P0133,Jonathan,Young,Doctor 4,2023-07-07
P0319,Patricia,Turner,Doctor 41,2023-07-07
P0639,Laura,Davis,Doctor 56,2023-07-07
P0657,Jessica,Howard,Doctor 54,2023-07-07
P0710,Jerry,Martinez,Doctor 78,2023-07-07
P0760,Dennis,Campbell,Doctor 11,2023-07-07
P0768,Virginia,Gray,Doctor 48,2023-07-07
P0802,Justin,Diaz,Doctor 6,2023-07-07
P0922,Donna,Hernandez,Doctor 5,2023-07-07
P0995,Donna,Young,Doctor 9,2023-07-07
P1156,Susan,Williams,Doctor 44,2023-07-07
P1188,Kevin,Lee,Doctor 21,2023-07-07
P1493,Edward,Thomas,Doctor 76,2023-07-07
P0003,Jason,Richardson,Doctor 40,2023-07-08
P0052,Robert,Johnson,Doctor 16,2023-07-08
P0122,Richard,Alvarez,Doctor 46,2023-07-08
P0300,Jose,Evans,Doctor 90,2023-07-08
P0395,Ryan,Wright,Doctor 77,2023-07-08
P0410,Jessica,Anderson,Doctor 25,2023-07-08
P0422,Linda,Martinez,Doctor 60,2023-07-08
P0564,Lisa,Bennett,Doctor 43,2023-07-08
P0585,Elizabeth,Hughes,Doctor 63,2023-07-08
P0599,Jessica,Wright,Doctor 10,2023-07-08
P0663,Michael,Cooper,Doctor 70,2023-07-08
P0797,Dennis,Castillo,Doctor 81,2023-07-08
P0845,Shirley,Bennett,Doctor 66,2023-07-08
P1119,Ronald,Bailey,Doctor 95,2023-07-08
P1227,Raymond,Morris,Doctor 54,2023-07-08
P1376,Michael,Patel,Doctor 50,2023-07-08
P1469,Joshua,Baker,Doctor 58,2023-07-08
P1491,Justin,Lewis,Doctor 46,2023-07-08
P0007,Sarah,Hill,Doctor 29,2023-07-09
P0079,Anthony,Collins,Doctor 80,2023-07-09
P0118,Kathleen,Lee,Doctor 73,2023-07-09
P0226,Sandra,Roberts,Doctor 43,2023-07-09
P0385,Nicholas,Baker,Doctor 1,2023-07-09
P0608,Alexander,Williams,Doctor 25,2023-07-09
P0642,John,Kim,Doctor 46,2023-07-09
P0696,Jerry,Cox,Doctor 12,2023-07-09
P0708,Dorothy,Alvarez,Doctor 21,2023-07-09
P0835,Dorothy,Scott,Doctor 90,2023-07-09
P1016,Jonathan,Evans,Doctor 23,2023-07-09
P1125,Helen,Howard,Doctor 33,2023-07-09
P1304,Virginia,Hall,Doctor 83,2023-07-09
P1418,Lisa,Roberts,Doctor 97,2023-07-09
P1525,Brandon,Wood,Doctor 61,2023-07-09
P0074,Nancy,Richardson,Doctor 11,2023-07-10
P0145,Barbara,Harris,Doctor 55,2023-07-10
P0193,Sandra,Wood,Doctor 47,2023-07-10
P0218,Patricia,Peterson,Doctor 45,2023-07-10
P0255,Betty,White,Doctor 79,2023-07-10
P0392,Anthony,Phillips,Doctor 64,2023-07-10
P0417,Timothy,Harris,Doctor 72,2023-07-10
P0432,Jose,Reyes,Doctor 30,2023-07-10
P0475,Jonathan,Thompson,Doctor 25,2023-07-10
P0498,Emma,Price,Doctor 16,2023-07-10
P0513,Daniel,Price,Doctor 35,2023-07-10
P0540,Thomas,Baker,Doctor 68,2023-07-10
P0571,Mary,Thompson,Doctor 76,2023-07-10
P0679,Deborah,Castillo,Doctor 88,2023-07-10
P0684,Betty,Peterson,Doctor 43,2023-07-10
P0703,Jennifer,Lopez,Doctor 47,2023-07-10
P0727,Charles,Thompson,Doctor 27,2023-07-10
P0987,Barbara,Ramirez,Doctor 41,2023-07-10
P1098,Larry,Myers,Doctor 25,2023-07-10
P1174,Deborah,Richardson,Doctor 58,2023-07-10
P1201,Mark,Martin,Doctor 98,2023-07-10
P1216,Alexander,Thomas,Doctor 22,2023-07-10
P1240,Jeffrey,Cox,Doctor 67,2023-07-10
P1243,Sarah,Johnson,Doctor 68,2023-07-10
P1394,Nicholas,Hughes,Doctor 39,2023-07-10
P1467,Eric,Allen,Doctor 59,2023-07-10
P0035,Lisa,Rodriguez,Doctor 67,2023-07-11
P0044,Frank,Murphy,Doctor 14,2023-07-11
P0051,Larry,Jackson,Doctor 82,2023-07-11
P0053,Lisa,Johnson,Doctor 82,2023-07-11
P0079,Anthony,Collins,Doctor 81,2023-07-11
P0176,Larry,Adams,Doctor 15,2023-07-11
P0278,Sarah,Reyes,Doctor 96,2023-07-11
P0283,Gary,Brooks,Doctor 75,2023-07-11
P0297,Laura,Thomas,Doctor 98,2023-07-11
P0400,Jessica,Flores,Doctor 9,2023-07-11
P0611,Sharon,Gutierrez,Doctor 98,2023-07-11
P0670,Ruth,King,Doctor 48,2023-07-11
P0766,Sarah,Clark,Doctor 78,2023-07-11
P0819,Larry,Cox,Doctor 85,2023-07-11
P0945,Scott,Johnson,Doctor 97,2023-07-11
P0958,Ryan,Adams,Doctor 69,2023-07-11
P1020,Jonathan,Cooper,Doctor 41,2023-07-11
P1039,Patricia,Collins,Doctor 55,2023-07-11
P1151,Benjamin,Jackson,Doctor 32,2023-07-11
P1244,Dennis,Baker,Doctor 61,2023-07-11
P1418,Lisa,Roberts,Doctor 1,2023-07-11
P1438,George,Reed,Doctor 60,2023-07-11
P1486,Rebecca,Moore,Doctor 16,2023-07-11
P0152,Joseph,Lopez,Doctor 53,2023-07-12
P0259,Helen,Rogers,Doctor 26,2023-07-12
P0520,Benjamin,Thompson,Doctor 56,2023-07-12
P0586,Justin,Edwards,Doctor 69,2023-07-12
P0721,Gary,Smith,Doctor 62,2023-07-12
P0780,Brian,Green,Doctor 29,2023-07-12
P0838,Karen,Jones,Doctor 49,2023-07-12
P0854,Patricia,Lee,Doctor 79,2023-07-12
P0856,Sandra,Gonzalez,Doctor 55,2023-07-12
P0930,Kevin,Stewart,Doctor 40,2023-07-12
P0953,Daniel,Garcia,Doctor 51,2023-07-12
P1119,Ronald,Bailey,Doctor 97,2023-07-12
P1129,Linda,Garcia,Doctor 22,2023-07-12
P1146,Stephen,Collins,Doctor 40,2023-07-12
P1231,Sandra,Carter,Doctor 53,2023-07-12
P1275,Sandra,Johnson,Doctor 69,2023-07-12
P1444,George,Ortiz,Doctor 72,2023-07-12
P1499,Carol,Baker,Doctor 39,2023-07-12
P1499,Carol,Baker,Doctor 8,2023-07-12
P0174,Deborah,Sanchez,Doctor 62,2023-07-13
P0205,Laura,King,Doctor 2,2023-07-13
P0206,Helen,Stewart,Doctor 52,2023-07-13
P0336,Laura,Ward,Doctor 63,2023-07-13
P0339,Helen,Parker,Doctor 16,2023-07-13
P0370,Laura,Allen,Doctor 24,2023-07-13
P0457,Tyler,Lewis,Doctor 65,2023-07-13
P0501,Michelle,Stewart,Doctor 92,2023-07-13
P0539,Patrick,Green,Doctor 8,2023-07-13
P0584,Mark,Smith,Doctor 36,2023-07-13
P0627,Michelle,Kim,Doctor 21,2023-07-13
P0818,Barbara,Mendoza,Doctor 82,2023-07-13
P0902,Thomas,Reed,Doctor 19,2023-07-13
P1487,Laura,Morales,Doctor 46,2023-07-13
P0079,Anthony,Collins,Doctor 93,2023-07-14
P0253,Nicholas,Morales,Doctor 14,2023-07-14
P0262,Matthew,Scott,Doctor 25,2023-07-14
P0271,Jennifer,Anderson,Doctor 74,2023-07-14
P0366,Michelle,Richardson,Doctor 67,2023-07-14
P0387,Frank,Gonzalez,Doctor 2,2023-07-14
P0568,Sarah,Evans,Doctor 33,2023-07-14
P0596,Edward,Watson,Doctor 14,2023-07-14
P0652,Rebecca,Sanchez,Doctor 28,2023-07-14
P0712,Robert,Turner,Doctor 68,2023-07-14
P0770,Richard,Moore,Doctor 15,2023-07-14
P0998,Gregory,Ortiz,Doctor 9,2023-07-14
P1111,Kimberly,Martinez,Doctor 70,2023-07-14
P1154,Laura,Hughes,Doctor 71,2023-07-14
P1182,Kenneth,Brown,Doctor 1,2023-07-14
P1211,Melissa,Johnson,Doctor 49,2023-07-14
P1212,Linda,Baker,Doctor 36,2023-07-14
P1243,Sarah,Johnson,Doctor 51,2023-07-14
P1245,Michelle,White,Doctor 79,2023-07-14
P1344,Laura,Flores,Doctor 35,2023-07-14
P1400,Scott,Sanchez,Doctor 47,2023-07-14
P0025,John,Wright,Doctor 12,2023-07-15
P0096,Betty,Stewart,Doctor 8,2023-07-15
P0103,Deborah,Hughes,Doctor 38,2023-07-15
P0125,Ryan,Myers,Doctor 58,2023-07-15
P0223,Barbara,White,Doctor 28,2023-07-15
P0229,Nicholas,Johnson,Doctor 32,2023-07-15
P0235,Deborah,Anderson,Doctor 92,2023-07-15
P0276,Jerry,Robinson,Doctor 95,2023-07-15
P0459,Sandra,Peterson,Doctor 90,2023-07-15
P0507,Sandra,Garcia,Doctor 55,2023-07-15
P0592,Kenneth,Roberts,Doctor 38,2023-07-15
P0746,Michael,Rodriguez,Doctor 60,2023-07-15
P1107,Stephen,Chavez,Doctor 93,2023-07-15
P1158,John,Thompson,Doctor 16,2023-07-15
P1190,Betty,Thomas,Doctor 16,2023-07-15
P1234,Jessica,Miller,Doctor 66,2023-07-15
P1275,Sandra,Johnson,Doctor 43,2023-07-15
P1304,Virginia,Hall,Doctor 54,2023-07-15
P1320,Andrew,Mendoza,Doctor 100,2023-07-15
P1378,Samuel,Cox,Doctor 26,2023-07-15
P1391,Nancy,Adams,Doctor 96,2023-07-15
P1507,Carol,Rodriguez,Doctor 18,2023-07-15
P1526,Christopher,Wright,Doctor 44,2023-07-15
P0075,Eric,Richardson,Doctor 95,2023-07-16
P0090,Frank,Clark,Doctor 85,2023-07-16
P0176,Larry,Adams,Doctor 10,2023-07-16
P0276,Jerry,Robinson,Doctor 66,2023-07-16
P0307,Tyler,Scott,Doctor 29,2023-07-16
P0488,Richard,Castillo,Doctor 61,2023-07-16
P0510,Karen,Cooper,Doctor 95,2023-07-16
P0640,Betty,Mitchell,Doctor 94,2023-07-16
P0686,Elizabeth,Allen,Doctor 77,2023-07-16
P0749,Shirley,Jackson,Doctor 40,2023-07-16
P0811,Dennis,Evans,Doctor 25,2023-07-16
P0818,Barbara,Mendoza,Doctor 82,2023-07-16
P1025,Rebecca,Mendoza,Doctor 30,2023-07-16
P1051,Jose,Cox,Doctor 33,2023-07-16
P1114,Brandon,Hill,Doctor 17,2023-07-16
P1216,Alexander,Thomas,Doctor 79,2023-07-16
P1351,Sandra,Reyes,Doctor 34,2023-07-16
P1460,Tyler,Morales,Doctor 49,2023-07-16
P1512,Jack,Cook,Doctor 92,2023-07-16
P1529,Gregory,Wright,Doctor 65,2023-07-16
P0060,Jack,Taylor,Doctor 38,2023-07-17
P0126,John,Lopez,Doctor 89,2023-07-17
P0503,Patricia,Lewis,Doctor 72,2023-07-17
P0634,Ruth,Gray,Doctor 77,2023-07-17
P0653,Deborah,Cook,Doctor 85,2023-07-17
P0687,Jack,Bailey,Doctor 84,2023-07-17
P0708,Dorothy,Alvarez,Doctor 87,2023-07-17
P0744,Richard,Sanchez,Doctor 23,2023-07-17
P0770,Richard,Moore,Doctor 15,2023-07-17
P0828,Kevin,Myers,Doctor 19,2023-07-17
P0830,Deborah,Ramos,Doctor 71,2023-07-17
P0895,Ryan,Green,Doctor 28,2023-07-17
P1076,Amy,Diaz,Doctor 28,2023-07-17
P1106,Kimberly,Jones,Doctor 45,2023-07-17
P1510,Sharon,Howard,Doctor 99,2023-07-17
P1529,Gregory,Wright,Doctor 83,2023-07-17
P1529,Gregory,Wright,Doctor 45,2023-07-17
P0010,Jessica,Evans,Doctor 46,2023-07-18
P0013,Stephen,Hall,Doctor 99,2023-07-18
P0066,Jack,Williams,Doctor 50,2023-07-18
P0070,Jennifer,Hall,Doctor 14,2023-07-18
P0075,Eric,Richardson,Doctor 99,2023-07-18
P0256,Susan,Hughes,Doctor 70,2023-07-18
P0371,James,Scott,Doctor 5,2023-07-18
P0378,Stephen,Perez,Doctor 45,2023-07-18
P0573,Jason,Alvarez,Doctor 21,2023-07-18
P0791,Justin,Thompson,Doctor 71,2023-07-18
P0963,Sharon,Smith,Doctor 98,2023-07-18
P1096,Michael,Taylor,Doctor 40,2023-07-18
P1202,Rebecca,Nguyen,Doctor 32,2023-07-18
P1228,Patrick,King,Doctor 53,2023-07-18
P1232,Charles,Cook,Doctor 3,2023-07-18
P1245,Michelle,White,Doctor 13,2023-07-18
P1416,Jerry,Turner,Doctor 40,2023-07-18
P1449,Andrew,Wilson,Doctor 29,2023-07-18
P1484,Alexander,Watson,Doctor 87,2023-07-18
P0079,Anthony,Collins,Doctor 4,2023-07-19
P0098,Karen,Green,Doctor 34,2023-07-19
P0310,Jerry,Campbell,Doctor 8,2023-07-19
P0399,Joseph,Harris,Doctor 74,2023-07-19
P0535,Deborah,Rivera,Doctor 12,2023-07-19
P0650,Mark,Baker,Doctor 89,2023-07-19
P0660,Nicholas,Turner,Doctor 77,2023-07-19
P0669,Jose,Harris,Doctor 65,2023-07-19
P0688,John,Robinson,Doctor 72,2023-07-19
P0690,Kenneth,Collins,Doctor 68,2023-07-19
P0810,Lisa,Allen,Doctor 93,2023-07-19
P0862,Deborah,Scott,Doctor 99,2023-07-19
P0956,Mary,Parker,Doctor 20,2023-07-19
P1124,David,Martin,Doctor 54,2023-07-19
P1174,Deborah,Richardson,Doctor 61,2023-07-19
P1329,Edward,Hill,Doctor 17,2023-07-19
P1339,Jack,Price,Doctor 82,2023-07-19
P1452,Brenda,Miller,Doctor 32,2023-07-19
P0078,Dorothy,Phillips,Doctor 47,2023-07-20
P0198,Michelle,Diaz,Doctor 56,2023-07-20
P0226,Sandra,Roberts,Doctor 99,2023-07-20
P0236,Sandra,Moore,Doctor 26,2023-07-20
P0513,Daniel,Price,Doctor 52,2023-07-20
P0569,Eric,Miller,Doctor 91,2023-07-20
P0823,Helen,Nguyen,Doctor 11,2023-07-20
P0829,Jerry,Williams,Doctor 83,2023-07-20
P0846,Benjamin,Kim,Doctor 93,2023-07-20
P0978,Betty,Robinson,Doctor 55,2023-07-20
P0991,Aaron,Ramirez,Doctor 76,2023-07-20
P0996,Sharon,Garcia,Doctor 27,2023-07-20
P1006,Nicholas,Myers,Doctor 10,2023-07-20
P1102,Melissa,Thompson,Doctor 70,2023-07-20
P1131,Dorothy,Price,Doctor 48,2023-07-20
P1170,Helen,Carter,Doctor 85,2023-07-20
P1259,Elizabeth,Moore,Doctor 50,2023-07-20
P1323,Mark,Thomas,Doctor 45,2023-07-20
P1360,Donald,Martin,Doctor 45,2023-07-20
P0075,Eric,Richardson,Doctor 11,2023-07-21
P0088,James,Cox,Doctor 84,2023-07-21
P0096,Betty,Stewart,Doctor 8,2023-07-21
P0269,Linda,Clark,Doctor 95,2023-07-21
P0342,Kenneth,Miller,Doctor 33,2023-07-21
P0493,Angela,Ruiz,Doctor 34,2023-07-21
P0496,Brandon,Garcia,Doctor 97,2023-07-21
P0513,Daniel,Price,Doctor 85,2023-07-21
P0546,Donna,Richardson,Doctor 64,2023-07-21
P0671,Andrew,Wood,Doctor 26,2023-07-21
P0685,Jason,Carter,Doctor 23,2023-07-21
P0866,Michael,Robinson,Doctor 6,2023-07-21
P0958,Ryan,Adams,Doctor 16,2023-07-21
P1037,Timothy,Miller,Doctor 52,2023-07-21
P1120,Mark,Wright,Doctor 18,2023-07-21
P1131,Dorothy,Price,Doctor 89,2023-07-21
P1257,Robert,Campbell,Doctor 3,2023-07-21
P1257,Robert,Campbell,Doctor 13,2023-07-21
P1279,Anthony,Edwards,Doctor 66,2023-07-21
P1344,Laura,Flores,Doctor 6,2023-07-21
P1376,Michael,Patel,Doctor 46,2023-07-21
P1409,Brenda,Roberts,Doctor 29,2023-07-21
P1511,Samuel,Hill,Doctor 60,2023-07-21
P0168,Sharon,Bailey,Doctor 72,2023-07-22
P0341,Angela,Perez,Doctor 98,2023-07-22
P0528,Brenda,Hernandez,Doctor 62,2023-07-22
P0535,Deborah,Rivera,Doctor 71,2023-07-22
P0612,Cynthia,Robinson,Doctor 21,2023-07-22
P0674,Karen,Rogers,Doctor 51,2023-07-22
P0849,Jason,Ortiz,Doctor 25,2023-07-22
P0911,Karen,Brooks,Doctor 84,2023-07-22
P1099,Jose,Morales,Doctor 18,2023-07-22
P1129,Linda,Garcia,Doctor 22,2023-07-22
P1150,Helen,Thompson,Doctor 60,2023-07-22
P1168,Charles,Sanders,Doctor 2,2023-07-22
P1172,Deborah,Taylor,Doctor 19,2023-07-22
P1274,Kathleen,Richardson,Doctor 19,2023-07-22
P1332,Shirley,Cox,Doctor 46,2023-07-22
P1410,Gregory,Cox,Doctor 37,2023-07-22
P1437,Gary,Gutierrez,Doctor 25,2023-07-22
P0012,Justin,Cruz,Doctor 17,2023-07-23
P0183,Benjamin,Wright,Doctor 63,2023-07-23
P0191,Dennis,Lewis,Doctor 52,2023-07-23
P0320,Rebecca,Phillips,Doctor 2,2023-07-23
P0408,Sandra,Kelly,Doctor 4,2023-07-23
P0535,Deborah,Rivera,Doctor 59,2023-07-23
P0712,Robert,Turner,Doctor 68,2023-07-23
P0822,Kimberly,Smith,Doctor 95,2023-07-23
P0826,Matthew,Perez,Doctor 18,2023-07-23
P0836,Dennis,Stewart,Doctor 14,2023-07-23
P0858,Jose,King,Doctor 33,2023-07-23
P0881,Jessica,Green,Doctor 96,2023-07-23
P0929,Lisa,Baker,Doctor 19,2023-07-23
P0937,Linda,Anderson,Doctor 84,2023-07-23
P0965,Christopher,Smith,Doctor 33,2023-07-23
P1039,Patricia,Collins,Doctor 68,2023-07-23
P1071,Deborah,Evans,Doctor 23,2023-07-23
P1076,Amy,Diaz,Doctor 90,2023-07-23
P1111,Kimberly,Martinez,Doctor 89,2023-07-23
P1132,Elizabeth,Green,Doctor 4,2023-07-23
P1221,Deborah,Ward,Doctor 46,2023-07-23
P1250,Ruth,Scott,Doctor 26,2023-07-23
P0021,Linda,Walker,Doctor 31,2023-07-24
P0083,Dennis,Patel,Doctor 30,2023-07-24
P0269,Linda,Clark,Doctor 25,2023-07-24
P0374,Benjamin,Kelly,Doctor 20,2023-07-24
P0512,Barbara,Hernandez,Doctor 56,2023-07-24
P0674,Karen,Rogers,Doctor 13,2023-07-24
P0717,Raymond,Roberts,Doctor 71,2023-07-24
P0717,Raymond,Roberts,Doctor 51,2023-07-24
P0951,Jeffrey,Johnson,Doctor 91,2023-07-24
P1196,Sarah,Price,Doctor 35,2023-07-24
P1201,Mark,Martin,Doctor 98,2023-07-24
P1261,Gary,Collins,Doctor 71,2023-07-24
P1312,Melissa,Walker,Doctor 14,2023-07-24
P1352,Jack,Anderson,Doctor 97,2023-07-24
P0087,Rebecca,Rodriguez,Doctor 3,2023-07-25
P0184,Steven,Ramos,Doctor 96,2023-07-25
P0191,Dennis,Lewis,Doctor 7,2023-07-25
P0231,Timothy,Wright,Doctor 85,2023-07-25
P0305,Nancy,Mendoza,Doctor 64,2023-07-25
P0344,Sharon,Ward,Doctor 54,2023-07-25
P0416,Frank,Ramos,Doctor 31,2023-07-25
P0468,Nancy,Perez,Doctor 51,2023-07-25
P0492,Robert,Howard,Doctor 5,2023-07-25
P0517,Linda,Rogers,Doctor 91,2023-07-25
P0536,Nancy,Carter,Doctor 78,2023-07-25
P0558,Shirley,Campbell,Doctor 73,2023-07-25
P0614,Sarah,Lee,Doctor 3,2023-07-25
P0650,Mark,Baker,Doctor 60,2023-07-25
P0684,Betty,Peterson,Doctor 90,2023-07-25
P0712,Robert,Turner,Doctor 39,2023-07-25
P0726,Ruth,Nguyen,Doctor 96,2023-07-25
P0959,Jose,Nelson,Doctor 19,2023-07-25
P1009,Gary,Clark,Doctor 87,2023-07-25
P1043,Laura,Turner,Doctor 93,2023-07-25
P1053,Jessica,Martin,Doctor 99,2023-07-25
P1164,Matthew,Wright,Doctor 92,2023-07-25
P1209,William,Rogers,Doctor 91,2023-07-25
P1371,Barbara,Wood,Doctor 87,2023-07-25
P1388,Ronald,Flores,Doctor 22,2023-07-25
P1403,Alexander,Young,Doctor 51,2023-07-25
P1438,George,Reed,Doctor 22,2023-07-25
P1445,Ryan,Collins,Doctor 25,2023-07-25
P1457,Karen,White,Doctor 14,2023-07-25
P0059,Karen,Phillips,Doctor 14,2023-07-26
P0076,Edward,Roberts,Doctor 59,2023-07-26
P0148,Aaron,Roberts,Doctor 67,2023-07-26
P0207,Sandra,Rodriguez,Doctor 57,2023-07-26
P0259,Helen,Rogers,Doctor 46,2023-07-26
P0259,Helen,Rogers,Doctor 68,2023-07-26
P0360,George,Anderson,Doctor 31,2023-07-26
P0366,Michelle,Richardson,Doctor 19,2023-07-26
P0390,Brandon,Perez,Doctor 95,2023-07-26
P0454,Brenda,Kelly,Doctor 33,2023-07-26
P0516,Joshua,Cooper,Doctor 62,2023-07-26
P0522,Daniel,Peterson,Doctor 40,2023-07-26
P0528,Brenda,Hernandez,Doctor 71,2023-07-26
P0602,Emma,Green,Doctor 32,2023-07-26
P0650,Mark,Baker,Doctor 60,2023-07-26
P0835,Dorothy,Scott,Doctor 78,2023-07-26
P0861,Brenda,Myers,Doctor 16,2023-07-26
P0871,Laura,Garcia,Doctor 46,2023-07-26
P0875,Stephen,Gutierrez,Doctor 92,2023-07-26
P0899,Raymond,Stewart,Doctor 33,2023-07-26
P0933,Samuel,Smith,Doctor 66,2023-07-26
P0942,Lisa,Gonzalez,Doctor 72,2023-07-26
P1025,Rebecca,Mendoza,Doctor 75,2023-07-26
P1034,George,Nguyen,Doctor 19,2023-07-26
P1049,Linda,Morris,Doctor 53,2023-07-26
P1074,Christopher,Moore,Doctor 38,2023-07-26
P1172,Deborah,Taylor,Doctor 25,2023-07-26
P1202,Rebecca,Nguyen,Doctor 32,2023-07-26
P1210,Emma,Rodriguez,Doctor 73,2023-07-26
P1256,David,Nelson,Doctor 51,2023-07-26
P1318,Jonathan,Wilson,Doctor 94,2023-07-26
P1471,Matthew,Bennett,Doctor 4,2023-07-26
P1474,Jonathan,Richardson,Doctor 88,2023-07-26
P1532,Sharon,Morgan,Doctor 97,2023-07-26
P0041,Betty,Adams,Doctor 70,2023-07-27
P0355,Sharon,Scott,Doctor 72,2023-07-27
P0451,Jeffrey,Rivera,Doctor 26,2023-07-27
P0504,John,Bennett,Doctor 60,2023-07-27
P0638,Kimberly,Torres,Doctor 26,2023-07-27
P0683,Sharon,Nelson,Doctor 74,2023-07-27
P0773,Lisa,Jones,Doctor 53,2023-07-27
P0874,Daniel,Thompson,Doctor 25,2023-07-27
P1072,Kimberly,Rivera,Doctor 78,2023-07-27
P1154,Laura,Hughes,Doctor 74,2023-07-27
P1325,Kathleen,Wilson,Doctor 96,2023-07-27
P1337,Elizabeth,Mendoza,Doctor 92,2023-07-27
P1396,Matthew,Jackson,Doctor 77,2023-07-27
P0068,Dorothy,Flores,Doctor 35,2023-07-28
P0077,Ruth,Kelly,Doctor 49,2023-07-28
P0210,Andrew,Turner,Doctor 7,2023-07-28
P0270,Dennis,Hughes,Doctor 20,2023-07-28
P0471,Raymond,Mendoza,Doctor 46,2023-07-28
P0560,Lisa,Thomas,Doctor 15,2023-07-28
P0656,Angela,Anderson,Doctor 90,2023-07-28
P0776,Jessica,Cooper,Doctor 87,2023-07-28
P0850,Karen,Smith,Doctor 7,2023-07-28
P1171,Andrew,Morales,Doctor 54,2023-07-28
P1258,Kevin,Murphy,Doctor 21,2023-07-28
P1332,Shirley,Cox,Doctor 4,2023-07-28
P1335,Kevin,Richardson,Doctor 40,2023-07-28
P1337,Elizabeth,Mendoza,Doctor 8,2023-07-28
P0048,Rebecca,Mitchell,Doctor 42,2023-07-29
P0080,William,Davis,Doctor 59,2023-07-29
P0133,Jonathan,Young,Doctor 4,2023-07-29
P0173,Angela,Gomez,Doctor 77,2023-07-29
P0198,Michelle,Diaz,Doctor 56,2023-07-29
P0213,Barbara,Williams,Doctor 65,2023-07-29
P0330,Sharon,Allen,Doctor 50,2023-07-29
P0401,Samuel,Flores,Doctor 24,2023-07-29
P0449,Angela,Myers,Doctor 59,2023-07-29
P0663,Michael,Cooper,Doctor 75,2023-07-29
P0831,Ruth,Price,Doctor 57,2023-07-29
P0959,Jose,Nelson,Doctor 50,2023-07-29
P0962,Cynthia,Sanchez,Doctor 29,2023-07-29
P1095,Rebecca,James,Doctor 13,2023-07-29
P1273,Jeffrey,Gomez,Doctor 32,2023-07-29
P1434,Frank,Diaz,Doctor 11,2023-07-29
P1457,Karen,White,Doctor 14,2023-07-29
P1484,Alexander,Watson,Doctor 67,2023-07-29
P1513,Eric,Lee,Doctor 72,2023-07-29
P1531,Michelle,Garcia,Doctor 66,2023-07-29
P0019,Melissa,Brooks,Doctor 6,2023-07-30
P0036,Brandon,Evans,Doctor 63,2023-07-30
P0077,Ruth,Kelly,Doctor 82,2023-07-30
P0199,Ryan,Richardson,Doctor 53,2023-07-30
P0233,Sharon,Gray,Doctor 81,2023-07-30
P0343,Gregory,Adams,Doctor 16,2023-07-30
P0439,Frank,Turner,Doctor 47,2023-07-30
P0447,Carol,Perez,Doctor 59,2023-07-30
P0479,Deborah,Patel,Doctor 51,2023-07-30
P0491,Helen,Turner,Doctor 25,2023-07-30
P0543,Brenda,Alvarez,Doctor 75,2023-07-30
P0566,Anthony,Jones,Doctor 58,2023-07-30
P0626,Daniel,Allen,Doctor 7,2023-07-30
P0865,Barbara,Cox,Doctor 60,2023-07-30
P0932,Donna,King,Doctor 90,2023-07-30
P0960,Jeffrey,Martin,Doctor 71,2023-07-30
P0996,Sharon,Garcia,Doctor 83,2023-07-30
P1079,Justin,Lopez,Doctor 88,2023-07-30
P1101,Alexander,Kim,Doctor 51,2023-07-30
P1117,Brandon,Hall,Doctor 48,2023-07-30
P1187,Emma,Kim,Doctor 50,2023-07-30
P1427,Ryan,Wilson,Doctor 73,2023-07-30
P1489,Jacob,Edwards,Doctor 20,2023-07-30
P1528,Deborah,Baker,Doctor 36,2023-07-30
P0046,William,Taylor,Doctor 48,2023-07-31
P0152,Joseph,Lopez,Doctor 53,2023-07-31
P0240,Kimberly,Peterson,Doctor 48,2023-07-31
P0248,Susan,Bennett,Doctor 28,2023-07-31
P0455,Brandon,Chavez,Doctor 95,2023-07-31
P0633,Andrew,Gomez,Doctor 78,2023-07-31
P0784,Deborah,Hall,Doctor 80,2023-07-31
P0813,Christopher,Davis,Doctor 25,2023-07-31
P0816,Joshua,Phillips,Doctor 17,2023-07-31
P0845,Shirley,Bennett,Doctor 41,2023-07-31
P0874,Daniel,Thompson,Doctor 38,2023-07-31
P0974,Sarah,Thompson,Doctor 67,2023-07-31
P1067,Gary,Bailey,Doctor 67,2023-07-31
P1175,Brian,Clark,Doctor 81,2023-07-31
P1199,Sarah,Ramos,Doctor 55,2023-07-31
P1243,Sarah,Johnson,Doctor 66,2023-07-31
P1352,Jack,Anderson,Doctor 78,2023-07-31
P0036,Brandon,Evans,Doctor 95,2023-08-01
P0040,Deborah,Kelly,Doctor 75,2023-08-01
P0098,Karen,Green,Doctor 47,2023-08-01
P0106,Jennifer,Sanders,Doctor 5,2023-08-01
P0139,Sandra,Jackson,Doctor 49,2023-08-01
P0152,Joseph,Lopez,Doctor 2,2023-08-01
P0298,Ruth,Hill,Doctor 35,2023-08-01
P0300,Jose,Evans,Doctor 11,2023-08-01
P0425,Lisa,Anderson,Doctor 53,2023-08-01
P0440,Edward,Patel,Doctor 7,2023-08-01
P0481,Benjamin,Sanders,Doctor 11,2023-08-01
P0644,Michael,Sanchez,Doctor 83,2023-08-01
P0647,Elizabeth,Ortiz,Doctor 32,2023-08-01
P0820,Tyler,Ramos,Doctor 75,2023-08-01
P0825,Angela,Roberts,Doctor 29,2023-08-01
P0839,Alexander,Anderson,Doctor 96,2023-08-01
P1060,Timothy,Hughes,Doctor 43,2023-08-01
P1165,Scott,Flores,Doctor 98,2023-08-01
P1177,Jeffrey,Baker,Doctor 78,2023-08-01
P1350,Susan,Parker,Doctor 44,2023-08-01
P1401,Jerry,Wright,Doctor 71,2023-08-01
P1404,Emma,Taylor,Doctor 8,2023-08-01
P1503,Scott,Roberts,Doctor 18,2023-08-01
P0066,Jack,Williams,Doctor 34,2023-08-02
P0154,Betty,Diaz,Doctor 100,2023-08-02
P0180,Barbara,Gomez,Doctor 85,2023-08-02
P0214,Cynthia,Morgan,Doctor 61,2023-08-02
P0245,Donna,Harris,Doctor 90,2023-08-02
P0316,Laura,Brown,Doctor 95,2023-08-02
P0324,Christopher,Walker,Doctor 26,2023-08-02
P0371,James,Scott,Doctor 49,2023-08-02
P0550,Edward,Torres,Doctor 94,2023-08-02
P0606,Jerry,Collins,Doctor 37,2023-08-02
P0645,Kevin,Price,Doctor 20,2023-08-02
P0650,Mark,Baker,Doctor 38,2023-08-02
P0713,Donna,Gray,Doctor 87,2023-08-02
P0740,Deborah,Cooper,Doctor 39,2023-08-02
P0982,Helen,Sanders,Doctor 26,2023-08-02
P1120,Mark,Wright,Doctor 80,2023-08-02
P1192,Ruth,Jackson,Doctor 71,2023-08-02
P1396,Matthew,Jackson,Doctor 23,2023-08-02
P1407,John,Hill,Doctor 16,2023-08-02
P1490,James,Ramirez,Doctor 26,2023-08-02
P0031,Brenda,Moore,Doctor 10,2023-08-03
P0045,Angela,Diaz,Doctor 9,2023-08-03
P0144,Aaron,Phillips,Doctor 75,2023-08-03
P0282,Linda,Jones,Doctor 10,2023-08-03
P0315,Anthony,James,Doctor 23,2023-08-03
P0329,Helen,Jones,Doctor 37,2023-08-03
P0736,Alexander,Wood,Doctor 63,2023-08-03
P0794,Thomas,Walker,Doctor 8,2023-08-03
P0830,Deborah,Ramos,Doctor 91,2023-08-03
P0906,Donna,Miller,Doctor 39,2023-08-03
P1098,Larry,Myers,Doctor 48,2023-08-03
P1120,Mark,Wright,Doctor 80,2023-08-03
P1222,Aaron,Perez,Doctor 49,2023-08-03
P1275,Sandra,Johnson,Doctor 40,2023-08-03
P1329,Edward,Hill,Doctor 83,2023-08-03
P1339,Jack,Price,Doctor 82,2023-08-03
P1420,Dorothy,Richardson,Doctor 25,2023-08-03
P1425,Dennis,Ramos,Doctor 27,2023-08-03
P1476,Jack,Jackson,Doctor 35,2023-08-03
P0021,Linda,Walker,Doctor 14,2023-08-04
P0025,John,Wright,Doctor 15,2023-08-04
P0146,Kevin,Clark,Doctor 94,2023-08-04
P0164,Deborah,Howard,Doctor 92,2023-08-04
P0164,Deborah,Howard,Doctor 92,2023-08-04
P0168,Sharon,Bailey,Doctor 87,2023-08-04
P0239,Jacob,Gutierrez,Doctor 66,2023-08-04
P0364,Joshua,Ramirez,Doctor 75,2023-08-04
P0378,Stephen,Perez,Doctor 45,2023-08-04
P0401,Samuel,Flores,Doctor 18,2023-08-04
P0523,Angela,Cook,Doctor 81,2023-08-04
P0938,Gregory,Ramirez,Doctor 62,2023-08-04
P0990,Lisa,Sanders,Doctor 86,2023-08-04
P1239,Elizabeth,Miller,Doctor 48,2023-08-04
P1318,Jonathan,Wilson,Doctor 94,2023-08-04
P1448,Raymond,Nelson,Doctor 63,2023-08-04
P1489,Jacob,Edwards,Doctor 76,2023-08-04
P1503,Scott,Roberts,Doctor 93,2023-08-04
P0043,Ruth,Martinez,Doctor 34,2023-08-05
P0144,Aaron,Phillips,Doctor 77,2023-08-05
P0224,Aaron,Lopez,Doctor 39,2023-08-05
P0272,Carol,Campbell,Doctor 7,2023-08-05
P0345,Kimberly,Howard,Doctor 36,2023-08-05
P0668,Justin,Nguyen,Doctor 91,2023-08-05
P0697,Ruth,White,Doctor 79,2023-08-05
P0733,Timothy,Carter,Doctor 39,2023-08-05
P0794,Thomas,Walker,Doctor 81,2023-08-05
P0800,Barbara,Cook,Doctor 79,2023-08-05
P0912,Carol,White,Doctor 19,2023-08-05
P1019,John,Williams,Doctor 72,2023-08-05
P1043,Laura,Turner,Doctor 93,2023-08-05
P1092,Jacob,Sanders,Doctor 25,2023-08-05
P1234,Jessica,Miller,Doctor 31,2023-08-05
P1250,Ruth,Scott,Doctor 26,2023-08-05
P1490,James,Ramirez,Doctor 3,2023-08-05
P0199,Ryan,Richardson,Doctor 37,2023-08-06
P0219,Timothy,Kim,Doctor 81,2023-08-06
P0321,Patricia,Anderson,Doctor 78,2023-08-06
P0346,Michelle,Murphy,Doctor 67,2023-08-06
P0526,Nicholas,Ward,Doctor 58,2023-08-06
P0655,Helen,Wood,Doctor 84,2023-08-06
P0660,Nicholas,Turner,Doctor 67,2023-08-06
P0703,Jennifer,Lopez,Doctor 12,2023-08-06
P0759,Barbara,Rogers,Doctor 100,2023-08-06
P0933,Samuel,Smith,Doctor 5,2023-08-06
P0969,Larry,Torres,Doctor 60,2023-08-06
P0983,Nancy,Ramirez,Doctor 26,2023-08-06
P1004,David,Williams,Doctor 43,2023-08-06
P1269,Richard,Smith,Doctor 83,2023-08-06
P1395,Jose,Johnson,Doctor 62,2023-08-06
P1400,Scott,Sanchez,Doctor 95,2023-08-06
P1464,Laura,Ramos,Doctor 56,2023-08-06
P1503,Scott,Roberts,Doctor 14,2023-08-06
P1525,Brandon,Wood,Doctor 61,2023-08-06
P0038,Cynthia,Cox,Doctor 60,2023-08-07
P0138,Brenda,Diaz,Doctor 94,2023-08-07
P0214,Cynthia,Morgan,Doctor 34,2023-08-07
P0222,Justin,Gomez,Doctor 35,2023-08-07
P0318,Barbara,Martin,Doctor 83,2023-08-07
P0330,Sharon,Allen,Doctor 70,2023-08-07
P0378,Stephen,Perez,Doctor 45,2023-08-07
P0643,Thomas,Rivera,Doctor 24,2023-08-07
P0882,Angela,Evans,Doctor 3,2023-08-07
P0898,Cynthia,Alvarez,Doctor 69,2023-08-07
P0920,Justin,Reed,Doctor 39,2023-08-07
P0943,Steven,Robinson,Doctor 52,2023-08-07
P0984,Brian,Kim,Doctor 6,2023-08-07
P0987,Barbara,Ramirez,Doctor 99,2023-08-07
P0992,Mary,Gomez,Doctor 24,2023-08-07
P1012,Virginia,Rivera,Doctor 71,2023-08-07
P1151,Benjamin,Jackson,Doctor 38,2023-08-07
P1210,Emma,Rodriguez,Doctor 20,2023-08-07
P1285,Laura,Lee,Doctor 31,2023-08-07
P1291,Kimberly,Mendoza,Doctor 46,2023-08-07
P1500,Donald,Price,Doctor 83,2023-08-07
P0053,Lisa,Johnson,Doctor 23,2023-08-08
P0058,Patrick,James,Doctor 11,2023-08-08
P0238,Betty,Sanders,Doctor 21,2023-08-08
P0292,Jack,Sanders,Doctor 43,2023-08-08
P0442,William,Thomas,Doctor 26,2023-08-08
P0522,Daniel,Peterson,Doctor 41,2023-08-08
P0533,John,Anderson,Doctor 54,2023-08-08
P0578,Virginia,Murphy,Doctor 80,2023-08-08
P0597,Carol,Miller,Doctor 57,2023-08-08
P0695,Jeffrey,Sanchez,Doctor 74,2023-08-08
P0815,Matthew,Robinson,Doctor 100,2023-08-08
P0840,David,Baker,Doctor 62,2023-08-08
P0853,Eric,White,Doctor 86,2023-08-08
P0919,Benjamin,Carter,Doctor 45,2023-08-08
P1005,Michael,Turner,Doctor 34,2023-08-08
P1104,Jessica,Patel,Doctor 46,2023-08-08
P1118,Anthony,Adams,Doctor 74,2023-08-08
P1136,Brenda,Castillo,Doctor 89,2023-08-08
P1147,Michael,Adams,Doctor 27,2023-08-08
P1158,John,Thompson,Doctor 59,2023-08-08
P1163,Mary,Jackson,Doctor 62,2023-08-08
P1169,Steven,Carter,Doctor 27,2023-08-08
P1185,John,Rogers,Doctor 9,2023-08-08
P1204,Donald,Clark,Doctor 11,2023-08-08
P0011,Brandon,Davis,Doctor 44,2023-08-09
P0079,Anthony,Collins,Doctor 88,2023-08-09
P0098,Karen,Green,Doctor 12,2023-08-09
P0128,Justin,Green,Doctor 21,2023-08-09
P0195,Raymond,Cox,Doctor 77,2023-08-09
P0308,Sarah,Collins,Doctor 49,2023-08-09
P0320,Rebecca,Phillips,Doctor 49,2023-08-09
P0503,Patricia,Lewis,Doctor 72,2023-08-09
P0513,Daniel,Price,Doctor 64,2023-08-09
P0677,Anthony,Rogers,Doctor 81,2023-08-09
P0726,Ruth,Nguyen,Doctor 17,2023-08-09
P0755,Christopher,Brooks,Doctor 30,2023-08-09
P0784,Deborah,Hall,Doctor 15,2023-08-09
P0822,Kimberly,Smith,Doctor 27,2023-08-09
P0955,Laura,Howard,Doctor 2,2023-08-09
P1114,Brandon,Hill,Doctor 42,2023-08-09
P1213,Lisa,Rivera,Doctor 28,2023-08-09
P1307,Sarah,Wood,Doctor 60,2023-08-09
P1403,Alexander,Young,Doctor 26,2023-08-09
P1403,Alexander,Young,Doctor 33,2023-08-09
P1428,Virginia,Kim,Doctor 69,2023-08-09
P1513,Eric,Lee,Doctor 5,2023-08-09
P0067,Gregory,Kim,Doctor 69,2023-08-10
P0112,Jonathan,Morgan,Doctor 31,2023-08-10
P0175,Justin,Robinson,Doctor 90,2023-08-10
P0185,Benjamin,Gutierrez,Doctor 80,2023-08-10
P0226,Sandra,Roberts,Doctor 72,2023-08-10
P0287,Sharon,Harris,Doctor 56,2023-08-10
P0458,Joseph,Brown,Doctor 94,2023-08-10
P0561,Richard,James,Doctor 38,2023-08-10
P0625,Daniel,Lopez,Doctor 75,2023-08-10
P0635,Melissa,Rodriguez,Doctor 98,2023-08-10
P0801,Carol,Mendoza,Doctor 4,2023-08-10
P0850,Karen,Smith,Doctor 42,2023-08-10
P0917,Susan,Torres,Doctor 85,2023-08-10
P0924,Justin,Hall,Doctor 74,2023-08-10
P0942,Lisa,Gonzalez,Doctor 6,2023-08-10
P0967,Donna,Torres,Doctor 14,2023-08-10
P1074,Christopher,Moore,Doctor 72,2023-08-10
P1077,Gary,Edwards,Doctor 70,2023-08-10
P1089,Richard,Ortiz,Doctor 12,2023-08-10
P1130,Joseph,Peterson,Doctor 57,2023-08-10
P1165,Scott,Flores,Doctor 68,2023-08-10
P1229,Justin,Sanders,Doctor 67,2023-08-10
P1418,Lisa,Roberts,Doctor 1,2023-08-10
P1465,Amy,Morris,Doctor 2,2023-08-10
P1493,Edward,Thomas,Doctor 19,2023-08-10
P0089,Laura,Adams,Doctor 86,2023-08-11
P0119,Jason,Price,Doctor 72,2023-08-11
P0197,Elizabeth,Young,Doctor 43,2023-08-11
P0347,Mary,Thomas,Doctor 48,2023-08-11
P0408,Sandra,Kelly,Doctor 4,2023-08-11
P0420,Jennifer,Cox,Doctor 4,2023-08-11
P0526,Nicholas,Ward,Doctor 24,2023-08-11
P0702,Justin,Rogers,Doctor 67,2023-08-11
P0718,Sarah,Myers,Doctor 17,2023-08-11
P0750,Helen,Ward,Doctor 96,2023-08-11
P0751,Jerry,Martin,Doctor 86,2023-08-11
P0760,Dennis,Campbell,Doctor 11,2023-08-11
P0792,Benjamin,Adams,Doctor 23,2023-08-11
P0868,Mary,Martin,Doctor 28,2023-08-11
P0988,Amy,Moore,Doctor 31,2023-08-11
P1082,Nancy,Gutierrez,Doctor 79,2023-08-11
P1084,Jeffrey,Mitchell,Doctor 34,2023-08-11
P1129,Linda,Garcia,Doctor 57,2023-08-11
P1153,David,Mitchell,Doctor 65,2023-08-11
P1223,Joshua,Johnson,Doctor 100,2023-08-11
P1228,Patrick,King,Doctor 53,2023-08-11
P1244,Dennis,Baker,Doctor 61,2023-08-11
P1269,Richard,Smith,Doctor 93,2023-08-11
P1320,Andrew,Mendoza,Doctor 100,2023-08-11
P1336,Matthew,Collins,Doctor 21,2023-08-11
P1505,Shirley,Jones,Doctor 53,2023-08-11
P0049,Andrew,Williams,Doctor 19,2023-08-12
P0109,Scott,Cox,Doctor 60,2023-08-12
P0131,Christopher,Wilson,Doctor 50,2023-08-12
P0204,Justin,Bailey,Doctor 80,2023-08-12
P0208,Christopher,Rogers,Doctor 58,2023-08-12
P0226,Sandra,Roberts,Doctor 72,2023-08-12
P0331,Kathleen,Torres,Doctor 11,2023-08-12
P0345,Kimberly,Howard,Doctor 50,2023-08-12
P0389,Linda,Nelson,Doctor 11,2023-08-12
P0408,Sandra,Kelly,Doctor 85,2023-08-12
P0530,Sandra,Wilson,Doctor 99,2023-08-12
P0566,Anthony,Jones,Doctor 58,2023-08-12
P0662,Shirley,Robinson,Doctor 71,2023-08-12
P0803,David,Garcia,Doctor 99,2023-08-12
P0818,Barbara,Mendoza,Doctor 4,2023-08-12
P1231,Sandra,Carter,Doctor 53,2023-08-12
P1233,Jacob,Sanchez,Doctor 70,2023-08-12
P1241,Edward,Price,Doctor 16,2023-08-12
P1264,Frank,Allen,Doctor 71,2023-08-12
P1265,Amy,Murphy,Doctor 6,2023-08-12
P1389,Nicholas,Lopez,Doctor 60,2023-08-12
P1446,Donna,Gonzalez,Doctor 62,2023-08-12
P0003,Jason,Richardson,Doctor 45,2023-08-13
P0173,Angela,Gomez,Doctor 52,2023-08-13
P0193,Sandra,Wood,Doctor 92,2023-08-13
P0220,Steven,Gomez,Doctor 56,2023-08-13
P0469,Sandra,Rivera,Doctor 31,2023-08-13
P0493,Angela,Ruiz,Doctor 64,2023-08-13
P0553,Melissa,Reed,Doctor 62,2023-08-13
P0565,Thomas,Allen,Doctor 67,2023-08-13
P0708,Dorothy,Alvarez,Doctor 79,2023-08-13
P0728,Gary,Lee,Doctor 38,2023-08-13
P0787,Richard,Hall,Doctor 78,2023-08-13
P0830,Deborah,Ramos,Doctor 90,2023-08-13
P0930,Kevin,Stewart,Doctor 40,2023-08-13
P0965,Christopher,Smith,Doctor 33,2023-08-13
P1040,Edward,Edwards,Doctor 23,2023-08-13
P1100,Jessica,Cook,Doctor 60,2023-08-13
P1109,Daniel,King,Doctor 22,2023-08-13
P1218,William,Ramirez,Doctor 31,2023-08-13
P1273,Jeffrey,Gomez,Doctor 87,2023-08-13
P1346,Michelle,Turner,Doctor 26,2023-08-13
P1451,Richard,Clark,Doctor 99,2023-08-13
P1485,James,Turner,Doctor 70,2023-08-13
P1500,Donald,Price,Doctor 33,2023-08-13
P0062,Linda,White,Doctor 45,2023-08-14
P0336,Laura,Ward,Doctor 26,2023-08-14
P0428,Jennifer,Kelly,Doctor 52,2023-08-14
P0437,George,Green,Doctor 94,2023-08-14
P0443,Jennifer,Brooks,Doctor 14,2023-08-14
P0503,Patricia,Lewis,Doctor 63,2023-08-14
P0521,Daniel,Miller,Doctor 5,2023-08-14
P0608,Alexander,Williams,Doctor 25,2023-08-14
P0695,Jeffrey,Sanchez,Doctor 17,2023-08-14
P0749,Shirley,Jackson,Doctor 74,2023-08-14
P0885,Gregory,Brooks,Doctor 66,2023-08-14
P0902,Thomas,Reed,Doctor 54,2023-08-14
P0970,Michelle,Roberts,Doctor 15,2023-08-14
P0982,Helen,Sanders,Doctor 26,2023-08-14
P1000,Sharon,Morales,Doctor 36,2023-08-14
P1072,Kimberly,Rivera,Doctor 48,2023-08-14
P1241,Edward,Price,Doctor 13,2023-08-14
P1250,Ruth,Scott,Doctor 27,2023-08-14
P1413,Ryan,White,Doctor 24,2023-08-14
P1510,Sharon,Howard,Doctor 45,2023-08-14
P0093,Jacob,Hall,Doctor 22,2023-08-15
P0178,Dorothy,Taylor,Doctor 3,2023-08-15
P0209,Dennis,Torres,Doctor 57,2023-08-15
P0335,Michael,Kim,Doctor 58,2023-08-15
P0435,Nancy,Wright,Doctor 99,2023-08-15
P0462,Thomas,Sanchez,Doctor 85,2023-08-15
P0470,Donald,Turner,Doctor 86,2023-08-15
P0538,Jonathan,Thomas,Doctor 18,2023-08-15
P0769,Cynthia,Reed,Doctor 78,2023-08-15
P0807,Donna,Ruiz,Doctor 58,2023-08-15
P0880,Jonathan,Lewis,Doctor 87,2023-08-15
P0959,Jose,Nelson,Doctor 22,2023-08-15
P0967,Donna,Torres,Doctor 69,2023-08-15
P0976,Helen,Gonzalez,Doctor 75,2023-08-15
P1027,John,Rivera,Doctor 89,2023-08-15
P1040,Edward,Edwards,Doctor 11,2023-08-15
P1056,Joseph,Miller,Doctor 26,2023-08-15
P1171,Andrew,Morales,Doctor 21,2023-08-15
P1253,Stephen,Phillips,Doctor 42,2023-08-15
P1271,Emma,White,Doctor 86,2023-08-15
P1364,Carol,Wilson,Doctor 31,2023-08-15
P0216,Scott,Scott,Doctor 73,2023-08-16
P0225,Gregory,Miller,Doctor 26,2023-08-16
P0331,Kathleen,Torres,Doctor 75,2023-08-16
P0515,Ryan,Castillo,Doctor 16,2023-08-16
P0633,Andrew,Gomez,Doctor 25,2023-08-16
P0791,Justin,Thompson,Doctor 71,2023-08-16
P0833,Dennis,Lopez,Doctor 93,2023-08-16
P0874,Daniel,Thompson,Doctor 1,2023-08-16
P0888,Jessica,Alvarez,Doctor 100,2023-08-16
P1021,Stephen,Allen,Doctor 54,2023-08-16
P1048,Andrew,Young,Doctor 70,2023-08-16
P1055,Mary,Nguyen,Doctor 85,2023-08-16
P1117,Brandon,Hall,Doctor 48,2023-08-16
P1226,Joseph,Richardson,Doctor 95,2023-08-16
P1251,Anna,Hall,Doctor 33,2023-08-16
P1270,Gregory,Hughes,Doctor 16,2023-08-16
P1400,Scott,Sanchez,Doctor 16,2023-08-16
P1520,Richard,Cruz,Doctor 51,2023-08-16
P1525,Brandon,Wood,Doctor 54,2023-08-16
P0065,Jessica,Ramos,Doctor 70,2023-08-17
P0068,Dorothy,Flores,Doctor 91,2023-08-17
P0073,Virginia,Diaz,Doctor 82,2023-08-17
P0324,Christopher,Walker,Doctor 20,2023-08-17
P0329,Helen,Jones,Doctor 75,2023-08-17
P0565,Thomas,Allen,Doctor 67,2023-08-17
P0800,Barbara,Cook,Doctor 27,2023-08-17
P0806,Samuel,Robinson,Doctor 97,2023-08-17
P0840,David,Baker,Doctor 15,2023-08-17
P0880,Jonathan,Lewis,Doctor 95,2023-08-17
P0915,Jennifer,Flores,Doctor 57,2023-08-17
P0960,Jeffrey,Martin,Doctor 53,2023-08-17
P1068,Brandon,Baker,Doctor 85,2023-08-17
P1074,Christopher,Moore,Doctor 35,2023-08-17
P1268,Ruth,Rogers,Doctor 41,2023-08-17
P1391,Nancy,Adams,Doctor 82,2023-08-17
P1401,Jerry,Wright,Doctor 24,2023-08-17
P1525,Brandon,Wood,Doctor 84,2023-08-17
P0071,Sandra,Williams,Doctor 61,2023-08-18
P0087,Rebecca,Rodriguez,Doctor 84,2023-08-18
P0104,Kimberly,Cox,Doctor 15,2023-08-18
P0178,Dorothy,Taylor,Doctor 3,2023-08-18
P0212,Betty,Martin,Doctor 96,2023-08-18
P0442,William,Thomas,Doctor 10,2023-08-18
P0533,John,Anderson,Doctor 13,2023-08-18
P0557,Sarah,Ortiz,Doctor 45,2023-08-18
P0614,Sarah,Lee,Doctor 39,2023-08-18
P0619,Nicholas,Cook,Doctor 73,2023-08-18
P0656,Angela,Anderson,Doctor 94,2023-08-18
P0689,Sharon,Myers,Doctor 18,2023-08-18
P0693,Ruth,Howard,Doctor 69,2023-08-18
P0765,Lisa,Castillo,Doctor 85,2023-08-18
P0895,Ryan,Green,Doctor 28,2023-08-18
P0944,Scott,Moore,Doctor 58,2023-08-18
P0967,Donna,Torres,Doctor 10,2023-08-18
P1042,Betty,Green,Doctor 89,2023-08-18
P1082,Nancy,Gutierrez,Doctor 79,2023-08-18
P1158,John,Thompson,Doctor 56,2023-08-18
P1247,Jonathan,Mitchell,Doctor 68,2023-08-18
P1259,Elizabeth,Moore,Doctor 78,2023-08-18
P1310,Matthew,Lee,Doctor 12,2023-08-18
P0021,Linda,Walker,Doctor 13,2023-08-19
P0077,Ruth,Kelly,Doctor 92,2023-08-19
P0254,Rebecca,Martin,Doctor 48,2023-08-19
P0319,Patricia,Turner,Doctor 83,2023-08-19
P0423,Andrew,Alvarez,Doctor 31,2023-08-19
P0515,Ryan,Castillo,Doctor 16,2023-08-19
P0549,Deborah,Brooks,Doctor 51,2023-08-19
P0551,Michelle,Kelly,Doctor 51,2023-08-19
P0603,Mark,Rivera,Doctor 22,2023-08-19
P0635,Melissa,Rodriguez,Doctor 56,2023-08-19
P0662,Shirley,Robinson,Doctor 42,2023-08-19
P0713,Donna,Gray,Doctor 3,2023-08-19
P0755,Christopher,Brooks,Doctor 15,2023-08-19
P0865,Barbara,Cox,Doctor 50,2023-08-19
P0965,Christopher,Smith,Doctor 29,2023-08-19
P0969,Larry,Torres,Doctor 3,2023-08-19
P0999,Patrick,Morgan,Doctor 50,2023-08-19
P1033,Angela,Mendoza,Doctor 28,2023-08-19
P1086,Daniel,Murphy,Doctor 35,2023-08-19
P1087,Gregory,Gonzalez,Doctor 92,2023-08-19
P1303,William,Jones,Doctor 72,2023-08-19
P1331,Gary,Ortiz,Doctor 68,2023-08-19
P1340,Jerry,Evans,Doctor 22,2023-08-19
P0011,Brandon,Davis,Doctor 44,2023-08-20
P0036,Brandon,Evans,Doctor 44,2023-08-20
P0047,Daniel,Roberts,Doctor 22,2023-08-20
P0147,Betty,Carter,Doctor 10,2023-08-20
P0179,Frank,Ortiz,Doctor 7,2023-08-20
P0357,Stephen,Price,Doctor 46,2023-08-20
P0362,Gregory,Young,Doctor 90,2023-08-20
P0532,Raymond,Moore,Doctor 8,2023-08-20
P0641,Charles,Parker,Doctor 30,2023-08-20
P0790,Amy,Baker,Doctor 34,2023-08-20
P0865,Barbara,Cox,Doctor 17,2023-08-20
P0940,Sarah,Mendoza,Doctor 21,2023-08-20
P0981,Dorothy,Martin,Doctor 36,2023-08-20
P1007,Aaron,Moore,Doctor 57,2023-08-20
P1095,Rebecca,James,Doctor 54,2023-08-20
P1097,Benjamin,Turner,Doctor 79,2023-08-20
P1102,Melissa,Thompson,Doctor 36,2023-08-20
P1277,Sharon,Reed,Doctor 61,2023-08-20
P1304,Virginia,Hall,Doctor 74,2023-08-20
P1423,Edward,Gutierrez,Doctor 78,2023-08-20
P1498,Brandon,Edwards,Doctor 86,2023-08-20
P0134,Jennifer,Johnson,Doctor 16,2023-08-21
P0149,Susan,Gomez,Doctor 28,2023-08-21
P0206,Helen,Stewart,Doctor 86,2023-08-21
P0235,Deborah,Anderson,Doctor 86,2023-08-21
P0260,Jonathan,Hill,Doctor 10,2023-08-21
P0315,Anthony,James,Doctor 56,2023-08-21
P0335,Michael,Kim,Doctor 14,2023-08-21
P0388,Scott,Nelson,Doctor 59,2023-08-21
P0512,Barbara,Hernandez,Doctor 56,2023-08-21
P0570,Lisa,Robinson,Doctor 80,2023-08-21
P0624,Sarah,Jackson,Doctor 26,2023-08-21
P0647,Elizabeth,Ortiz,Doctor 49,2023-08-21
P0650,Mark,Baker,Doctor 37,2023-08-21
P0664,Aaron,Alvarez,Doctor 83,2023-08-21
P0749,Shirley,Jackson,Doctor 44,2023-08-21
P0792,Benjamin,Adams,Doctor 25,2023-08-21
P0879,Shirley,Mendoza,Doctor 36,2023-08-21
P0913,Helen,Miller,Doctor 59,2023-08-21
P0916,Ronald,Nelson,Doctor 40,2023-08-21
P0930,Kevin,Stewart,Doctor 8,2023-08-21
P1083,Helen,Price,Doctor 11,2023-08-21
P1238,Michelle,Scott,Doctor 16,2023-08-21
P1242,Betty,Cox,Doctor 37,2023-08-21
P1287,Matthew,Harris,Doctor 93,2023-08-21
P1379,George,Collins,Doctor 14,2023-08-21
P1518,Mary,Alvarez,Doctor 75,2023-08-21
P1530,William,Parker,Doctor 32,2023-08-21
P1532,Sharon,Morgan,Doctor 97,2023-08-21
P1532,Sharon,Morgan,Doctor 60,2023-08-21
P1537,Matthew,Adams,Doctor 41,2023-08-21
P0291,Matthew,Johnson,Doctor 69,2023-08-22
P0358,Larry,Johnson,Doctor 67,2023-08-22
P0419,Daniel,Watson,Doctor 44,2023-08-22
P0465,Barbara,Brown,Doctor 61,2023-08-22
P0960,Jeffrey,Martin,Doctor 53,2023-08-22
P1011,Donald,Diaz,Doctor 38,2023-08-22
P1290,Ryan,Jones,Doctor 82,2023-08-22
P1354,Richard,Martin,Doctor 86,2023-08-22
P1449,Andrew,Wilson,Doctor 38,2023-08-22
P1460,Tyler,Morales,Doctor 8,2023-08-22
P1522,Rebecca,Diaz,Doctor 24,2023-08-22
P0138,Brenda,Diaz,Doctor 34,2023-08-23
P0151,James,Gutierrez,Doctor 86,2023-08-23
P0272,Carol,Campbell,Doctor 91,2023-08-23
P0416,Frank,Ramos,Doctor 24,2023-08-23
P0436,Karen,Gutierrez,Doctor 85,2023-08-23
P0538,Jonathan,Thomas,Doctor 29,2023-08-23
P0607,Sharon,Turner,Doctor 42,2023-08-23
P0630,Jerry,Flores,Doctor 15,2023-08-23
P0947,Lisa,Garcia,Doctor 91,2023-08-23
P0990,Lisa,Sanders,Doctor 86,2023-08-23
P1161,Donna,Collins,Doctor 85,2023-08-23
P1276,Jennifer,Cooper,Doctor 98,2023-08-23
P1319,Michael,Harris,Doctor 28,2023-08-23
P1369,Brenda,Parker,Doctor 20,2023-08-23
P1497,Frank,Wright,Doctor 52,2023-08-23
P1498,Brandon,Edwards,Doctor 86,2023-08-23
P0004,Jonathan,Wood,Doctor 11,2023-08-24
P0161,David,Anderson,Doctor 69,2023-08-24
P0317,Kimberly,Gomez,Doctor 43,2023-08-24
P0433,Karen,Wood,Doctor 96,2023-08-24
P0487,Samuel,Evans,Doctor 22,2023-08-24
P0492,Robert,Howard,Doctor 61,2023-08-24
P0492,Robert,Howard,Doctor 83,2023-08-24
P0516,Joshua,Cooper,Doctor 24,2023-08-24
P0516,Joshua,Cooper,Doctor 17,2023-08-24
P0531,Donald,Reed,Doctor 24,2023-08-24
P0771,Kevin,Phillips,Doctor 54,2023-08-24
P0786,Raymond,Myers,Doctor 34,2023-08-24
P0832,Donald,Sanchez,Doctor 45,2023-08-24
P0866,Michael,Robinson,Doctor 88,2023-08-24
P0904,Deborah,Edwards,Doctor 48,2023-08-24
P0914,Benjamin,Rodriguez,Doctor 12,2023-08-24
P1073,Barbara,Thomas,Doctor 79,2023-08-24
P1172,Deborah,Taylor,Doctor 25,2023-08-24
P1181,Virginia,Perez,Doctor 85,2023-08-24
P1192,Ruth,Jackson,Doctor 92,2023-08-24
P1200,Larry,Perez,Doctor 51,2023-08-24
P1279,Anthony,Edwards,Doctor 88,2023-08-24
P1374,Richard,Torres,Doctor 1,2023-08-24
P1441,Michelle,Collins,Doctor 62,2023-08-24
P1506,Jessica,Morris,Doctor 89,2023-08-24
P1534,Steven,Gonzalez,Doctor 100,2023-08-24
P0089,Laura,Adams,Doctor 3,2023-08-25
P0134,Jennifer,Johnson,Doctor 18,2023-08-25
P0137,Christopher,Brown,Doctor 63,2023-08-25
P0218,Patricia,Peterson,Doctor 24,2023-08-25
P0240,Kimberly,Peterson,Doctor 78,2023-08-25
P0283,Gary,Brooks,Doctor 80,2023-08-25
P0409,Angela,Hernandez,Doctor 98,2023-08-25
P0570,Lisa,Robinson,Doctor 44,2023-08-25
P0646,Kevin,Jones,Doctor 31,2023-08-25
P0663,Michael,Cooper,Doctor 49,2023-08-25
P0697,Ruth,White,Doctor 69,2023-08-25
P0841,David,Rodriguez,Doctor 14,2023-08-25
P0886,Michael,Reed,Doctor 28,2023-08-25
P0898,Cynthia,Alvarez,Doctor 69,2023-08-25
P0945,Scott,Johnson,Doctor 97,2023-08-25
P1026,Susan,Kelly,Doctor 22,2023-08-25
P1127,Kevin,Patel,Doctor 90,2023-08-25
P1133,Ruth,Lee,Doctor 52,2023-08-25
P1186,Jessica,Nguyen,Doctor 81,2023-08-25
P1428,Virginia,Kim,Doctor 59,2023-08-25
P1471,Matthew,Bennett,Doctor 72,2023-08-25
P1483,Jessica,Stewart,Doctor 39,2023-08-25
P0070,Jennifer,Hall,Doctor 14,2023-08-26
P0077,Ruth,Kelly,Doctor 5,2023-08-26
P0098,Karen,Green,Doctor 78,2023-08-26
P0142,Samuel,Allen,Doctor 80,2023-08-26
P0169,Gregory,Thomas,Doctor 19,2023-08-26
P0263,Brenda,Morris,Doctor 92,2023-08-26
P0377,Jennifer,Nguyen,Doctor 72,2023-08-26
P0388,Scott,Nelson,Doctor 59,2023-08-26
P0426,Anthony,Brooks,Doctor 85,2023-08-26
P0527,Mark,Thompson,Doctor 72,2023-08-26
P0626,Daniel,Allen,Doctor 22,2023-08-26
P0651,Patricia,Sanders,Doctor 35,2023-08-26
P0710,Jerry,Martinez,Doctor 50,2023-08-26
P0770,Richard,Moore,Doctor 3,2023-08-26
P0786,Raymond,Myers,Doctor 27,2023-08-26
P0801,Carol,Mendoza,Doctor 7,2023-08-26
P0863,Samuel,Sanders,Doctor 52,2023-08-26
P1004,David,Williams,Doctor 4,2023-08-26
P1023,Thomas,Martinez,Doctor 24,2023-08-26
P1121,Michelle,Miller,Doctor 36,2023-08-26
P1130,Joseph,Peterson,Doctor 44,2023-08-26
P1245,Michelle,White,Doctor 95,2023-08-26
P1280,Gregory,Peterson,Doctor 51,2023-08-26
P1319,Michael,Harris,Doctor 28,2023-08-26
P1462,Raymond,Garcia,Doctor 19,2023-08-26
P0041,Betty,Adams,Doctor 48,2023-08-27
P0200,Anthony,Jackson,Doctor 79,2023-08-27
P0353,Dorothy,Torres,Doctor 46,2023-08-27
P0620,Donna,Reyes,Doctor 47,2023-08-27
P0649,Michelle,Allen,Doctor 90,2023-08-27
P0727,Charles,Thompson,Doctor 70,2023-08-27
P0775,Virginia,Anderson,Doctor 79,2023-08-27
P0809,Kathleen,Kelly,Doctor 16,2023-08-27
P0834,Karen,Cruz,Doctor 84,2023-08-27
P1013,Jessica,Wood,Doctor 99,2023-08-27
P1099,Jose,Morales,Doctor 37,2023-08-27
P1161,Donna,Collins,Doctor 48,2023-08-27
P1213,Lisa,Rivera,Doctor 17,2023-08-27
P1222,Aaron,Perez,Doctor 36,2023-08-27
P1318,Jonathan,Wilson,Doctor 62,2023-08-27
P1349,Kenneth,Jackson,Doctor 7,2023-08-27
P1406,David,Morgan,Doctor 55,2023-08-27
P1485,James,Turner,Doctor 66,2023-08-27
P1508,Ronald,Anderson,Doctor 44,2023-08-27
P0003,Jason,Richardson,Doctor 45,2023-08-28
P0185,Benjamin,Gutierrez,Doctor 80,2023-08-28
P0228,Alexander,Morales,Doctor 65,2023-08-28
P0242,Frank,Howard,Doctor 76,2023-08-28
P0254,Rebecca,Martin,Doctor 7,2023-08-28
P0376,Justin,Ramos,Doctor 77,2023-08-28
P0404,Anthony,Turner,Doctor 19,2023-08-28
P0633,Andrew,Gomez,Doctor 66,2023-08-28
P0704,Kathleen,Walker,Doctor 42,2023-08-28
P0771,Kevin,Phillips,Doctor 40,2023-08-28
P1018,Ruth,Wilson,Doctor 42,2023-08-28
P1033,Angela,Mendoza,Doctor 83,2023-08-28
P1075,Eric,Parker,Doctor 35,2023-08-28
P1128,Melissa,Morgan,Doctor 69,2023-08-28
P1148,Kevin,Smith,Doctor 97,2023-08-28
P1358,Steven,Walker,Doctor 77,2023-08-28
P1384,Brenda,Bailey,Doctor 3,2023-08-28
P1509,Sarah,Cruz,Doctor 81,2023-08-28
P0021,Linda,Walker,Doctor 13,2023-08-29
P0027,Donna,White,Doctor 52,2023-08-29
P0101,Ruth,Ortiz,Doctor 75,2023-08-29
P0231,Timothy,Wright,Doctor 85,2023-08-29
P0266,Jerry,Diaz,Doctor 33,2023-08-29
P0294,Jack,Robinson,Doctor 87,2023-08-29
P0331,Kathleen,Torres,Doctor 75,2023-08-29
P0373,Sharon,Edwards,Doctor 73,2023-08-29
P0461,Kimberly,Price,Doctor 34,2023-08-29
P0518,Emma,Castillo,Doctor 60,2023-08-29
P0562,Larry,Baker,Doctor 6,2023-08-29
P0875,Stephen,Gutierrez,Doctor 25,2023-08-29
P0894,Anna,Ruiz,Doctor 54,2023-08-29
P0935,Sharon,Diaz,Doctor 99,2023-08-29
P0975,Susan,Allen,Doctor 15,2023-08-29
P1038,Angela,Johnson,Doctor 40,2023-08-29
P1328,Matthew,Rogers,Doctor 42,2023-08-29
P1338,Sarah,Anderson,Doctor 45,2023-08-29
P1422,Elizabeth,Davis,Doctor 47,2023-08-29
P1526,Christopher,Wright,Doctor 95,2023-08-29
P0039,Jessica,Mendoza,Doctor 100,2023-08-30
P0070,Jennifer,Hall,Doctor 14,2023-08-30
P0188,Alexander,James,Doctor 29,2023-08-30
P0191,Dennis,Lewis,Doctor 53,2023-08-30
P0382,Sarah,Murphy,Doctor 71,2023-08-30
P0608,Alexander,Williams,Doctor 22,2023-08-30
P0656,Angela,Anderson,Doctor 42,2023-08-30
P0688,John,Robinson,Doctor 50,2023-08-30
P0742,Raymond,Sanders,Doctor 89,2023-08-30
P0748,Virginia,Campbell,Doctor 5,2023-08-30
P0799,William,Mendoza,Doctor 14,2023-08-30
P0919,Benjamin,Carter,Doctor 45,2023-08-30
P0964,Andrew,Martinez,Doctor 1,2023-08-30
P1190,Betty,Thomas,Doctor 14,2023-08-30
P1247,Jonathan,Mitchell,Doctor 61,2023-08-30
P1415,Deborah,Allen,Doctor 80,2023-08-30
P1475,Michelle,James,Doctor 21,2023-08-30
P0096,Betty,Stewart,Doctor 29,2023-08-31
P0166,Daniel,Hall,Doctor 73,2023-08-31
P0230,Sandra,Mendoza,Doctor 92,2023-08-31
P0337,Tyler,Hughes,Doctor 25,2023-08-31
P0351,Raymond,Richardson,Doctor 14,2023-08-31
P0409,Angela,Hernandez,Doctor 5,2023-08-31
P0530,Sandra,Wilson,Doctor 2,2023-08-31
P0617,Donna,Flores,Doctor 68,2023-08-31
P0743,Sharon,Gonzalez,Doctor 58,2023-08-31
P0791,Justin,Thompson,Doctor 71,2023-08-31
P0834,Karen,Cruz,Doctor 30,2023-08-31
P0881,Jessica,Green,Doctor 96,2023-08-31
P0891,Ruth,Patel,Doctor 12,2023-08-31
P0907,Anna,Chavez,Doctor 67,2023-08-31
P0943,Steven,Robinson,Doctor 19,2023-08-31
P0945,Scott,Johnson,Doctor 67,2023-08-31
P0977,Edward,Howard,Doctor 48,2023-08-31
P1041,Brandon,Richardson,Doctor 97,2023-08-31
P1118,Anthony,Adams,Doctor 66,2023-08-31
P1309,James,Young,Doctor 73,2023-08-31
P1392,Gary,Bennett,Doctor 82,2023-08-31
P1425,Dennis,Ramos,Doctor 53,2023-08-31
P1474,Jonathan,Richardson,Doctor 100,2023-08-31
P1492,Sandra,Thomas,Doctor 73,2023-08-31
P0073,Virginia,Diaz,Doctor 11,2023-09-01
P0195,Raymond,Cox,Doctor 53,2023-09-01
P0272,Carol,Campbell,Doctor 17,2023-09-01
P0295,Alexander,Collins,Doctor 71,2023-09-01
P0352,Jessica,Davis,Doctor 39,2023-09-01
P0372,Jose,Miller,Doctor 68,2023-09-01
P0384,Susan,Harris,Doctor 8,2023-09-01
P0421,Kathleen,Cox,Doctor 62,2023-09-01
P0452,Daniel,Cox,Doctor 33,2023-09-01
P0502,Kimberly,Reyes,Doctor 73,2023-09-01
P0570,Lisa,Robinson,Doctor 14,2023-09-01
P0645,Kevin,Price,Doctor 20,2023-09-01
P0782,Susan,Wood,Doctor 55,2023-09-01
P0796,Kevin,Morales,Doctor 72,2023-09-01
P0814,Aaron,Rodriguez,Doctor 34,2023-09-01
P0947,Lisa,Garcia,Doctor 54,2023-09-01
P1035,Donna,Allen,Doctor 51,2023-09-01
P1104,Jessica,Patel,Doctor 25,2023-09-01
P1124,David,Martin,Doctor 54,2023-09-01
P1162,Kenneth,Johnson,Doctor 4,2023-09-01
P1481,Ryan,Reyes,Doctor 72,2023-09-01
P0040,Deborah,Kelly,Doctor 49,2023-09-02
P0174,Deborah,Sanchez,Doctor 81,2023-09-02
P0237,Aaron,Flores,Doctor 46,2023-09-02
P0249,Richard,Scott,Doctor 16,2023-09-02
P0294,Jack,Robinson,Doctor 5,2023-09-02
P0452,Daniel,Cox,Doctor 77,2023-09-02
P0457,Tyler,Lewis,Doctor 65,2023-09-02
P0466,Sandra,Miller,Doctor 81,2023-09-02
P0470,Donald,Turner,Doctor 74,2023-09-02
P0512,Barbara,Hernandez,Doctor 40,2023-09-02
P0676,Timothy,Bennett,Doctor 83,2023-09-02
P0719,Donna,Ramos,Doctor 60,2023-09-02
P1004,David,Williams,Doctor 72,2023-09-02
P1061,Betty,Garcia,Doctor 74,2023-09-02
P1095,Rebecca,James,Doctor 46,2023-09-02
P1108,Michelle,Hill,Doctor 34,2023-09-02
P1140,Joseph,Gomez,Doctor 6,2023-09-02
P1152,Kimberly,Cruz,Doctor 72,2023-09-02
P1191,William,Thompson,Doctor 71,2023-09-02
P1266,Richard,Myers,Doctor 75,2023-09-02
P1307,Sarah,Wood,Doctor 60,2023-09-02
P1412,Kathleen,Wright,Doctor 87,2023-09-02
P0127,Jerry,Peterson,Doctor 42,2023-09-03
P0214,Cynthia,Morgan,Doctor 7,2023-09-03
P0351,Raymond,Richardson,Doctor 46,2023-09-03
P0383,Carol,Hughes,Doctor 77,2023-09-03
P0415,Mark,Gomez,Doctor 55,2023-09-03
P0505,Robert,Rogers,Doctor 50,2023-09-03
P0637,Gregory,Gutierrez,Doctor 69,2023-09-03
P0659,Jack,Evans,Doctor 13,2023-09-03
P0810,Lisa,Allen,Doctor 87,2023-09-03
P0844,James,Castillo,Doctor 21,2023-09-03
P0900,Donna,Martinez,Doctor 63,2023-09-03
P1100,Jessica,Cook,Doctor 51,2023-09-03
P1139,Jose,Ward,Doctor 28,2023-09-03
P1270,Gregory,Hughes,Doctor 78,2023-09-03
P1374,Richard,Torres,Doctor 76,2023-09-03
P1418,Lisa,Roberts,Doctor 54,2023-09-03
P0016,Gregory,Green,Doctor 14,2023-09-04
P0250,Helen,Martinez,Doctor 6,2023-09-04
P0328,Benjamin,Patel,Doctor 71,2023-09-04
P0381,Christopher,Robinson,Doctor 43,2023-09-04
P0434,David,Gonzalez,Doctor 54,2023-09-04
P0485,Cynthia,Ramirez,Doctor 29,2023-09-04
P0531,Donald,Reed,Doctor 24,2023-09-04
P0638,Kimberly,Torres,Doctor 15,2023-09-04
P0639,Laura,Davis,Doctor 91,2023-09-04
P0715,Matthew,Ramirez,Doctor 48,2023-09-04
P0769,Cynthia,Reed,Doctor 36,2023-09-04
P0805,Joshua,Roberts,Doctor 97,2023-09-04
P0890,Larry,Cruz,Doctor 59,2023-09-04
P0915,Jennifer,Flores,Doctor 57,2023-09-04
P0954,Sandra,Murphy,Doctor 40,2023-09-04
P0988,Amy,Moore,Doctor 31,2023-09-04
P1017,Betty,Collins,Doctor 14,2023-09-04
P1044,Andrew,Cruz,Doctor 95,2023-09-04
P1202,Rebecca,Nguyen,Doctor 92,2023-09-04
P1227,Raymond,Morris,Doctor 55,2023-09-04
P1436,Ronald,Hernandez,Doctor 21,2023-09-04
P1461,Elizabeth,Sanders,Doctor 92,2023-09-04
P1512,Jack,Cook,Doctor 92,2023-09-04
P0159,Dennis,Scott,Doctor 17,2023-09-05
P0227,Steven,Cooper,Doctor 95,2023-09-05
P0242,Frank,Howard,Doctor 31,2023-09-05
P0317,Kimberly,Gomez,Doctor 13,2023-09-05
P0321,Patricia,Anderson,Doctor 9,2023-09-05
P0336,Laura,Ward,Doctor 29,2023-09-05
P0395,Ryan,Wright,Doctor 21,2023-09-05
P0613,Brandon,Morgan,Doctor 97,2023-09-05
P0620,Donna,Reyes,Doctor 47,2023-09-05
P0659,Jack,Evans,Doctor 9,2023-09-05
P0667,Joseph,Ramirez,Doctor 41,2023-09-05
P0808,Donna,Anderson,Doctor 26,2023-09-05
P0824,Carol,Gonzalez,Doctor 77,2023-09-05
P0922,Donna,Hernandez,Doctor 47,2023-09-05
P0997,Patrick,Richardson,Doctor 8,2023-09-05
P1020,Jonathan,Cooper,Doctor 77,2023-09-05
P1137,Jack,Rodriguez,Doctor 83,2023-09-05
P1156,Susan,Williams,Doctor 40,2023-09-05
P1196,Sarah,Price,Doctor 35,2023-09-05
P1305,Jack,Morales,Doctor 15,2023-09-05
P1349,Kenneth,Jackson,Doctor 21,2023-09-05
P1505,Shirley,Jones,Doctor 53,2023-09-05
P0060,Jack,Taylor,Doctor 16,2023-09-06
P0132,Sharon,Martin,Doctor 81,2023-09-06
P0198,Michelle,Diaz,Doctor 56,2023-09-06
P0208,Christopher,Rogers,Doctor 93,2023-09-06
P0260,Jonathan,Hill,Doctor 10,2023-09-06
P0279,David,Watson,Doctor 67,2023-09-06
P0491,Helen,Turner,Doctor 25,2023-09-06
P0520,Benjamin,Thompson,Doctor 7,2023-09-06
P0691,Edward,Cox,Doctor 45,2023-09-06
P0818,Barbara,Mendoza,Doctor 37,2023-09-06
P0843,Eric,Mendoza,Doctor 65,2023-09-06
P0877,Steven,Lee,Doctor 4,2023-09-06
P1068,Brandon,Baker,Doctor 54,2023-09-06
P1092,Jacob,Sanders,Doctor 75,2023-09-06
P1130,Joseph,Peterson,Doctor 44,2023-09-06
P1153,David,Mitchell,Doctor 12,2023-09-06
P1216,Alexander,Thomas,Doctor 79,2023-09-06
P1245,Michelle,White,Doctor 30,2023-09-06
P1333,Betty,Edwards,Doctor 7,2023-09-06
P1453,Betty,Harris,Doctor 35,2023-09-06
P1456,Joshua,Stewart,Doctor 11,2023-09-06
P1471,Matthew,Bennett,Doctor 4,2023-09-06
P0116,Michael,Rogers,Doctor 56,2023-09-07
P0123,Richard,Hill,Doctor 83,2023-09-07
P0193,Sandra,Wood,Doctor 80,2023-09-07
P0235,Deborah,Anderson,Doctor 46,2023-09-07
P0240,Kimberly,Peterson,Doctor 76,2023-09-07
P0294,Jack,Robinson,Doctor 48,2023-09-07
P0332,Ruth,Diaz,Doctor 34,2023-09-07
P0393,Anna,Morales,Doctor 46,2023-09-07
P0500,Rebecca,Myers,Doctor 78,2023-09-07
P0537,Carol,Collins,Doctor 42,2023-09-07
P0578,Virginia,Murphy,Doctor 34,2023-09-07
P0590,Lisa,Wright,Doctor 33,2023-09-07
P0639,Laura,Davis,Doctor 91,2023-09-07
P0849,Jason,Ortiz,Doctor 92,2023-09-07
P0967,Donna,Torres,Doctor 35,2023-09-07
P1036,Linda,Ramos,Doctor 64,2023-09-07
P1295,Helen,Lewis,Doctor 86,2023-09-07
P1395,Jose,Johnson,Doctor 62,2023-09-07
P1466,Charles,Ramos,Doctor 50,2023-09-07
P1497,Frank,Wright,Doctor 52,2023-09-07
P0165,Kimberly,Ramos,Doctor 78,2023-09-08
P0297,Laura,Thomas,Doctor 43,2023-09-08
P0373,Sharon,Edwards,Doctor 73,2023-09-08
P0461,Kimberly,Price,Doctor 62,2023-09-08
P0473,Andrew,Thomas,Doctor 84,2023-09-08
P0618,Sandra,Morgan,Doctor 32,2023-09-08
P0763,Kimberly,Campbell,Doctor 78,2023-09-08
P0851,Jacob,Davis,Doctor 39,2023-09-08
P0878,Sarah,Allen,Doctor 55,2023-09-08
P0896,David,Gomez,Doctor 58,2023-09-08
P1067,Gary,Bailey,Doctor 14,2023-09-08
P1175,Brian,Clark,Doctor 56,2023-09-08
P1282,Kimberly,Baker,Doctor 62,2023-09-08
P1293,Anthony,Hughes,Doctor 21,2023-09-08
P1396,Matthew,Jackson,Doctor 23,2023-09-08
P1457,Karen,White,Doctor 5,2023-09-08
P0049,Andrew,Williams,Doctor 19,2023-09-09
P0081,George,Baker,Doctor 27,2023-09-09
P0081,George,Baker,Doctor 93,2023-09-09
P0184,Steven,Ramos,Doctor 96,2023-09-09
P0194,Michael,Cook,Doctor 46,2023-09-09
P0387,Frank,Gonzalez,Doctor 2,2023-09-09
P0413,David,Torres,Doctor 50,2023-09-09
P0805,Joshua,Roberts,Doctor 60,2023-09-09
P0839,Alexander,Anderson,Doctor 48,2023-09-09
P0996,Sharon,Garcia,Doctor 57,2023-09-09
P1106,Kimberly,Jones,Doctor 86,2023-09-09
P1145,Jonathan,Howard,Doctor 88,2023-09-09
P1147,Michael,Adams,Doctor 27,2023-09-09
P1214,Elizabeth,Diaz,Doctor 50,2023-09-09
P1297,Shirley,Kelly,Doctor 14,2023-09-09
P1387,Shirley,Chavez,Doctor 7,2023-09-09
P0173,Angela,Gomez,Doctor 80,2023-09-10
P0173,Angela,Gomez,Doctor 80,2023-09-10
P0235,Deborah,Anderson,Doctor 95,2023-09-10
P0597,Carol,Miller,Doctor 68,2023-09-10
P0630,Jerry,Flores,Doctor 53,2023-09-10
P0754,Jacob,Wood,Doctor 23,2023-09-10
P0772,John,Mitchell,Doctor 3,2023-09-10
P0889,Charles,White,Doctor 84,2023-09-10
P0905,George,Rodriguez,Doctor 78,2023-09-10
P0919,Benjamin,Carter,Doctor 79,2023-09-10
P0975,Susan,Allen,Doctor 71,2023-09-10
P1014,Rebecca,Brown,Doctor 92,2023-09-10
P1031,Sarah,Thomas,Doctor 5,2023-09-10
P1045,Sandra,Chavez,Doctor 57,2023-09-10
P1049,Linda,Morris,Doctor 58,2023-09-10
P1166,Stephen,Howard,Doctor 39,2023-09-10
P1413,Ryan,White,Doctor 38,2023-09-10
P1476,Jack,Jackson,Doctor 37,2023-09-10
P0065,Jessica,Ramos,Doctor 95,2023-09-11
P0084,Carol,Rivera,Doctor 1,2023-09-11
P0100,Carol,Garcia,Doctor 44,2023-09-11
P0172,Lisa,King,Doctor 99,2023-09-11
P0258,Aaron,Williams,Doctor 9,2023-09-11
P0292,Jack,Sanders,Doctor 3,2023-09-11
P0302,Brenda,Hall,Doctor 6,2023-09-11
P0361,Karen,Nguyen,Doctor 79,2023-09-11
P0418,Jerry,Rivera,Doctor 99,2023-09-11
P0544,Nancy,Nelson,Doctor 75,2023-09-11
P0739,Thomas,Hernandez,Doctor 82,2023-09-11
P0835,Dorothy,Scott,Doctor 38,2023-09-11
P0895,Ryan,Green,Doctor 44,2023-09-11
P0982,Helen,Sanders,Doctor 53,2023-09-11
P1006,Nicholas,Myers,Doctor 88,2023-09-11
P1031,Sarah,Thomas,Doctor 26,2023-09-11
P1048,Andrew,Young,Doctor 89,2023-09-11
P1156,Susan,Williams,Doctor 45,2023-09-11
P1159,Jerry,Kim,Doctor 29,2023-09-11
P1259,Elizabeth,Moore,Doctor 52,2023-09-11
P1317,Angela,Taylor,Doctor 40,2023-09-11
P1341,Jerry,Hall,Doctor 13,2023-09-11
P0026,Raymond,Campbell,Doctor 3,2023-09-12
P0113,Robert,Cooper,Doctor 60,2023-09-12
P0383,Carol,Hughes,Doctor 87,2023-09-12
P0612,Cynthia,Robinson,Doctor 23,2023-09-12
P0616,Carol,Edwards,Doctor 81,2023-09-12
P0697,Ruth,White,Doctor 91,2023-09-12
P0825,Angela,Roberts,Doctor 86,2023-09-12
P0826,Matthew,Perez,Doctor 79,2023-09-12
P0844,James,Castillo,Doctor 59,2023-09-12
P0947,Lisa,Garcia,Doctor 54,2023-09-12
P1143,Jessica,Taylor,Doctor 37,2023-09-12
P1246,Timothy,Young,Doctor 96,2023-09-12
P1329,Edward,Hill,Doctor 69,2023-09-12
P1341,Jerry,Hall,Doctor 50,2023-09-12
P1452,Brenda,Miller,Doctor 71,2023-09-12
P0078,Dorothy,Phillips,Doctor 74,2023-09-13
P0152,Joseph,Lopez,Doctor 53,2023-09-13
P0308,Sarah,Collins,Doctor 6,2023-09-13
P0316,Laura,Brown,Doctor 25,2023-09-13
P0459,Sandra,Peterson,Doctor 97,2023-09-13
P0634,Ruth,Gray,Doctor 86,2023-09-13
P0761,Michelle,Cooper,Doctor 85,2023-09-13
P0778,Kimberly,Sanders,Doctor 69,2023-09-13
P0789,Jacob,Scott,Doctor 90,2023-09-13
P0810,Lisa,Allen,Doctor 19,2023-09-13
P0895,Ryan,Green,Doctor 45,2023-09-13
P0896,David,Gomez,Doctor 58,2023-09-13
P0908,Kenneth,Ramirez,Doctor 85,2023-09-13
P0927,Angela,Collins,Doctor 58,2023-09-13
P0935,Sharon,Diaz,Doctor 94,2023-09-13
P1016,Jonathan,Evans,Doctor 61,2023-09-13
P1109,Daniel,King,Doctor 22,2023-09-13
P1133,Ruth,Lee,Doctor 52,2023-09-13
P1152,Kimberly,Cruz,Doctor 72,2023-09-13
P1205,Robert,Wood,Doctor 34,2023-09-13
P1224,Charles,Bailey,Doctor 2,2023-09-13
P1273,Jeffrey,Gomez,Doctor 87,2023-09-13
P1312,Melissa,Walker,Doctor 41,2023-09-13
P1426,Melissa,Richardson,Doctor 47,2023-09-13
P1444,George,Ortiz,Doctor 75,2023-09-13
P1473,Mark,Johnson,Doctor 81,2023-09-13
P0065,Jessica,Ramos,Doctor 95,2023-09-14
P0184,Steven,Ramos,Doctor 89,2023-09-14
P0223,Barbara,White,Doctor 29,2023-09-14
P0294,Jack,Robinson,Doctor 41,2023-09-14
P0487,Samuel,Evans,Doctor 83,2023-09-14
P0716,Brian,Castillo,Doctor 74,2023-09-14
P0776,Jessica,Cooper,Doctor 87,2023-09-14
P0783,Anna,Carter,Doctor 44,2023-09-14
P0829,Jerry,Williams,Doctor 85,2023-09-14
P1093,Carol,Cooper,Doctor 53,2023-09-14
P1125,Helen,Howard,Doctor 33,2023-09-14
P1150,Helen,Thompson,Doctor 60,2023-09-14
P1261,Gary,Collins,Doctor 71,2023-09-14
P1303,William,Jones,Doctor 89,2023-09-14
P1358,Steven,Walker,Doctor 30,2023-09-14
P1369,Brenda,Parker,Doctor 20,2023-09-14
P1502,Aaron,Davis,Doctor 65,2023-09-14
P1535,Sarah,Bailey,Doctor 48,2023-09-14
P0151,James,Gutierrez,Doctor 86,2023-09-15
P0190,Donna,Turner,Doctor 84,2023-09-15
P0195,Raymond,Cox,Doctor 81,2023-09-15
P0334,Joseph,Perez,Doctor 6,2023-09-15
P0445,Edward,Wright,Doctor 53,2023-09-15
P0446,William,Patel,Doctor 10,2023-09-15
P0573,Jason,Alvarez,Doctor 81,2023-09-15
P0581,Joshua,Anderson,Doctor 69,2023-09-15
P0606,Jerry,Collins,Doctor 13,2023-09-15
P0680,Jeffrey,Lewis,Doctor 38,2023-09-15
P0753,Jose,Alvarez,Doctor 68,2023-09-15
P0797,Dennis,Castillo,Doctor 60,2023-09-15
P0889,Charles,White,Doctor 22,2023-09-15
P0913,Helen,Miller,Doctor 49,2023-09-15
P0972,Jerry,Roberts,Doctor 10,2023-09-15
P1434,Frank,Diaz,Doctor 18,2023-09-15
P1485,James,Turner,Doctor 37,2023-09-15
P1489,Jacob,Edwards,Doctor 85,2023-09-15
P0055,Nancy,Taylor,Doctor 56,2023-09-16
P0086,Lisa,Nguyen,Doctor 33,2023-09-16
P0155,Sarah,Castillo,Doctor 96,2023-09-16
P0179,Frank,Ortiz,Doctor 93,2023-09-16
P0241,Nancy,Brooks,Doctor 46,2023-09-16
P0294,Jack,Robinson,Doctor 72,2023-09-16
P0341,Angela,Perez,Doctor 98,2023-09-16
P0426,Anthony,Brooks,Doctor 38,2023-09-16
P0627,Michelle,Kim,Doctor 19,2023-09-16
P0934,Lisa,Williams,Doctor 44,2023-09-16
P0991,Aaron,Ramirez,Doctor 46,2023-09-16
P1001,Linda,Torres,Doctor 79,2023-09-16
P1177,Jeffrey,Baker,Doctor 78,2023-09-16
P1392,Gary,Bennett,Doctor 42,2023-09-16
P1430,Patrick,Hughes,Doctor 12,2023-09-16
P0082,Mary,Ortiz,Doctor 9,2023-09-17
P0099,Virginia,Green,Doctor 22,2023-09-17
P0116,Michael,Rogers,Doctor 29,2023-09-17
P0197,Elizabeth,Young,Doctor 74,2023-09-17
P0205,Laura,King,Doctor 2,2023-09-17
P0328,Benjamin,Patel,Doctor 71,2023-09-17
P0371,James,Scott,Doctor 97,2023-09-17
P0402,Gregory,Bennett,Doctor 5,2023-09-17
P0466,Sandra,Miller,Doctor 86,2023-09-17
P0467,Karen,Martin,Doctor 23,2023-09-17
P0481,Benjamin,Sanders,Doctor 16,2023-09-17
P0526,Nicholas,Ward,Doctor 6,2023-09-17
P0558,Shirley,Campbell,Doctor 43,2023-09-17
P0578,Virginia,Murphy,Doctor 71,2023-09-17
P0744,Richard,Sanchez,Doctor 2,2023-09-17
P0763,Kimberly,Campbell,Doctor 45,2023-09-17
P1049,Linda,Morris,Doctor 54,2023-09-17
P1083,Helen,Price,Doctor 60,2023-09-17
P1100,Jessica,Cook,Doctor 100,2023-09-17
P1378,Samuel,Cox,Doctor 100,2023-09-17
P1410,Gregory,Cox,Doctor 26,2023-09-17
P1412,Kathleen,Wright,Doctor 63,2023-09-17
P1428,Virginia,Kim,Doctor 99,2023-09-17
P1485,James,Turner,Doctor 14,2023-09-17
P0429,Jessica,Ramirez,Doctor 91,2023-09-18
P0433,Karen,Wood,Doctor 82,2023-09-18
P0520,Benjamin,Thompson,Doctor 68,2023-09-18
P0605,Carol,Bailey,Doctor 97,2023-09-18
P0644,Michael,Sanchez,Doctor 49,2023-09-18
P0696,Jerry,Cox,Doctor 9,2023-09-18
P0808,Donna,Anderson,Doctor 81,2023-09-18
P0985,Dorothy,Johnson,Doctor 43,2023-09-18
P1102,Melissa,Thompson,Doctor 100,2023-09-18
P1107,Stephen,Chavez,Doctor 61,2023-09-18
P1172,Deborah,Taylor,Doctor 8,2023-09-18
P1185,John,Rogers,Doctor 80,2023-09-18
P1343,Rebecca,Ramirez,Doctor 30,2023-09-18
P1361,Justin,Castillo,Doctor 84,2023-09-18
P1375,Eric,Roberts,Doctor 42,2023-09-18
P1398,James,Adams,Doctor 45,2023-09-18
P1417,Ryan,Clark,Doctor 34,2023-09-18
P1457,Karen,White,Doctor 86,2023-09-18
P1479,Betty,Alvarez,Doctor 64,2023-09-18
P1507,Carol,Rodriguez,Doctor 25,2023-09-18
P1519,Brian,Torres,Doctor 19,2023-09-18
P0259,Helen,Rogers,Doctor 68,2023-09-19
P0311,Dorothy,Diaz,Doctor 64,2023-09-19
P0331,Kathleen,Torres,Doctor 90,2023-09-19
P0517,Linda,Rogers,Doctor 7,2023-09-19
P0577,Lisa,Morgan,Doctor 79,2023-09-19
P0653,Deborah,Cook,Doctor 1,2023-09-19
P0670,Ruth,King,Doctor 48,2023-09-19
P0687,Jack,Bailey,Doctor 90,2023-09-19
P0709,Kenneth,Scott,Doctor 65,2023-09-19
P0742,Raymond,Sanders,Doctor 89,2023-09-19
P0984,Brian,Kim,Doctor 35,2023-09-19
P0991,Aaron,Ramirez,Doctor 92,2023-09-19
P1138,Sharon,Taylor,Doctor 81,2023-09-19
P1244,Dennis,Baker,Doctor 63,2023-09-19
P1269,Richard,Smith,Doctor 6,2023-09-19
P0003,Jason,Richardson,Doctor 9,2023-09-20
P0005,Edward,Mendoza,Doctor 73,2023-09-20
P0030,Timothy,Cooper,Doctor 12,2023-09-20
P0044,Frank,Murphy,Doctor 14,2023-09-20
P0095,Thomas,Bennett,Doctor 77,2023-09-20
P0095,Thomas,Bennett,Doctor 53,2023-09-20
P0109,Scott,Cox,Doctor 60,2023-09-20
P0130,Jason,Stewart,Doctor 21,2023-09-20
P0137,Christopher,Brown,Doctor 80,2023-09-20
P0170,Jeffrey,Wood,Doctor 37,2023-09-20
P0215,Donna,Moore,Doctor 85,2023-09-20
P0266,Jerry,Diaz,Doctor 89,2023-09-20
P0433,Karen,Wood,Doctor 2,2023-09-20
P0500,Rebecca,Myers,Doctor 4,2023-09-20
P0521,Daniel,Miller,Doctor 30,2023-09-20
P0602,Emma,Green,Doctor 38,2023-09-20
P0606,Jerry,Collins,Doctor 38,2023-09-20
P0701,Thomas,Adams,Doctor 35,2023-09-20
P0737,Charles,Castillo,Doctor 29,2023-09-20
P0755,Christopher,Brooks,Doctor 88,2023-09-20
P0772,John,Mitchell,Doctor 72,2023-09-20
P0772,John,Mitchell,Doctor 56,2023-09-20
P0866,Michael,Robinson,Doctor 88,2023-09-20
P0879,Shirley,Mendoza,Doctor 36,2023-09-20
P0922,Donna,Hernandez,Doctor 89,2023-09-20
P0943,Steven,Robinson,Doctor 70,2023-09-20
P0999,Patrick,Morgan,Doctor 24,2023-09-20
P1149,Michelle,Cox,Doctor 2,2023-09-20
P1186,Jessica,Nguyen,Doctor 81,2023-09-20
P1194,Jennifer,Smith,Doctor 26,2023-09-20
P1274,Kathleen,Richardson,Doctor 79,2023-09-20
P1311,Richard,Davis,Doctor 57,2023-09-20
P1448,Raymond,Nelson,Doctor 92,2023-09-20
P0015,Susan,Murphy,Doctor 82,2023-09-21
P0204,Justin,Bailey,Doctor 80,2023-09-21
P0294,Jack,Robinson,Doctor 88,2023-09-21
P0364,Joshua,Ramirez,Doctor 36,2023-09-21
P0500,Rebecca,Myers,Doctor 4,2023-09-21
P0586,Justin,Edwards,Doctor 53,2023-09-21
P0644,Michael,Sanchez,Doctor 42,2023-09-21
P0654,Rebecca,Perez,Doctor 74,2023-09-21
P0676,Timothy,Bennett,Doctor 16,2023-09-21
P0799,William,Mendoza,Doctor 3,2023-09-21
P0900,Donna,Martinez,Doctor 6,2023-09-21
P0928,Sharon,Richardson,Doctor 7,2023-09-21
P1061,Betty,Garcia,Doctor 19,2023-09-21
P1101,Alexander,Kim,Doctor 68,2023-09-21
P1108,Michelle,Hill,Doctor 29,2023-09-21
P1132,Elizabeth,Green,Doctor 25,2023-09-21
P1155,Laura,Young,Doctor 16,2023-09-21
P1294,Gregory,Myers,Doctor 14,2023-09-21
P1311,Richard,Davis,Doctor 33,2023-09-21
P1410,Gregory,Cox,Doctor 74,2023-09-21
P1417,Ryan,Clark,Doctor 60,2023-09-21
P1478,Kimberly,Moore,Doctor 30,2023-09-21
P0004,Jonathan,Wood,Doctor 19,2023-09-22
P0166,Daniel,Hall,Doctor 3,2023-09-22
P0237,Aaron,Flores,Doctor 31,2023-09-22
P0238,Betty,Sanders,Doctor 21,2023-09-22
P0257,David,Smith,Doctor 62,2023-09-22
P0274,Rebecca,Miller,Doctor 77,2023-09-22
P0390,Brandon,Perez,Doctor 5,2023-09-22
P0424,Jessica,Harris,Doctor 31,2023-09-22
P0448,Jack,Hill,Doctor 82,2023-09-22
P0517,Linda,Rogers,Doctor 57,2023-09-22
P0600,Sharon,Johnson,Doctor 46,2023-09-22
P0689,Sharon,Myers,Doctor 61,2023-09-22
P0801,Carol,Mendoza,Doctor 42,2023-09-22
P0929,Lisa,Baker,Doctor 71,2023-09-22
P0940,Sarah,Mendoza,Doctor 75,2023-09-22
P0957,Justin,Phillips,Doctor 17,2023-09-22
P0991,Aaron,Ramirez,Doctor 36,2023-09-22
P0994,Michelle,Bailey,Doctor 80,2023-09-22
P1010,Kevin,Scott,Doctor 83,2023-09-22
P1043,Laura,Turner,Doctor 36,2023-09-22
P1079,Justin,Lopez,Doctor 59,2023-09-22
P1134,Sarah,Harris,Doctor 7,2023-09-22
P1241,Edward,Price,Doctor 97,2023-09-22
P1277,Sharon,Reed,Doctor 61,2023-09-22
P1366,Sarah,Gomez,Doctor 41,2023-09-22
P1500,Donald,Price,Doctor 50,2023-09-22
P1531,Michelle,Garcia,Doctor 49,2023-09-22
P0157,William,Robinson,Doctor 83,2023-09-23
P0189,Barbara,Chavez,Doctor 18,2023-09-23
P0374,Benjamin,Kelly,Doctor 20,2023-09-23
P0516,Joshua,Cooper,Doctor 62,2023-09-23
P0532,Raymond,Moore,Doctor 51,2023-09-23
P0636,Donald,Young,Doctor 11,2023-09-23
P0849,Jason,Ortiz,Doctor 8,2023-09-23
P0864,Ruth,Robinson,Doctor 32,2023-09-23
P0877,Steven,Lee,Doctor 4,2023-09-23
P1047,Nicholas,Rogers,Doctor 78,2023-09-23
P1077,Gary,Edwards,Doctor 40,2023-09-23
P1091,Jessica,Parker,Doctor 48,2023-09-23
P1128,Melissa,Morgan,Doctor 12,2023-09-23
P1347,Patricia,Parker,Doctor 70,2023-09-23
P1356,Laura,Taylor,Doctor 22,2023-09-23
P1375,Eric,Roberts,Doctor 39,2023-09-23
P1423,Edward,Gutierrez,Doctor 17,2023-09-23
P1443,Jose,Taylor,Doctor 79,2023-09-23
P1507,Carol,Rodriguez,Doctor 18,2023-09-23
P1521,Patrick,Cook,Doctor 88,2023-09-23
P1537,Matthew,Adams,Doctor 83,2023-09-23
P0027,Donna,White,Doctor 45,2023-09-24
P0032,Tyler,Ortiz,Doctor 46,2023-09-24
P0060,Jack,Taylor,Doctor 28,2023-09-24
P0064,David,Price,Doctor 88,2023-09-24
P0131,Christopher,Wilson,Doctor 61,2023-09-24
P0156,Nancy,Gray,Doctor 31,2023-09-24
P0193,Sandra,Wood,Doctor 35,2023-09-24
P0263,Brenda,Morris,Doctor 92,2023-09-24
P0286,Kimberly,Gonzalez,Doctor 24,2023-09-24
P0415,Mark,Gomez,Doctor 28,2023-09-24
P0424,Jessica,Harris,Doctor 88,2023-09-24
P0454,Brenda,Kelly,Doctor 17,2023-09-24
P0468,Nancy,Perez,Doctor 49,2023-09-24
P0598,Christopher,Sanchez,Doctor 22,2023-09-24
P0658,Jessica,Campbell,Doctor 6,2023-09-24
P0755,Christopher,Brooks,Doctor 38,2023-09-24
P0875,Stephen,Gutierrez,Doctor 78,2023-09-24
P0894,Anna,Ruiz,Doctor 11,2023-09-24
P0941,Larry,Hall,Doctor 43,2023-09-24
P1257,Robert,Campbell,Doctor 19,2023-09-24
P1478,Kimberly,Moore,Doctor 30,2023-09-24
P1529,Gregory,Wright,Doctor 9,2023-09-24
P0018,Sarah,Smith,Doctor 78,2023-09-25
P0029,Betty,Perez,Doctor 98,2023-09-25
P0193,Sandra,Wood,Doctor 35,2023-09-25
P0243,Raymond,Hill,Doctor 51,2023-09-25
P0299,Eric,Morgan,Doctor 89,2023-09-25
P0406,Angela,Adams,Doctor 65,2023-09-25
P0509,Helen,Perez,Doctor 71,2023-09-25
P0587,Sandra,Davis,Doctor 13,2023-09-25
P0622,Sarah,Nelson,Doctor 11,2023-09-25
P0681,Lisa,James,Doctor 81,2023-09-25
P0683,Sharon,Nelson,Doctor 95,2023-09-25
P0722,Angela,King,Doctor 32,2023-09-25
P0726,Ruth,Nguyen,Doctor 30,2023-09-25
P0799,William,Mendoza,Doctor 18,2023-09-25
P0912,Carol,White,Doctor 19,2023-09-25
P0919,Benjamin,Carter,Doctor 87,2023-09-25
P1057,Nancy,Rodriguez,Doctor 29,2023-09-25
P1152,Kimberly,Cruz,Doctor 46,2023-09-25
P1184,Benjamin,Roberts,Doctor 88,2023-09-25
P1334,James,Torres,Doctor 93,2023-09-25
P1392,Gary,Bennett,Doctor 2,2023-09-25
P1401,Jerry,Wright,Doctor 28,2023-09-25
P0115,Anthony,Evans,Doctor 98,2023-09-26
P0126,John,Lopez,Doctor 75,2023-09-26
P0225,Gregory,Miller,Doctor 31,2023-09-26
P0284,Steven,Reyes,Doctor 44,2023-09-26
P0362,Gregory,Young,Doctor 90,2023-09-26
P0411,Donna,Wood,Doctor 7,2023-09-26
P0430,Nancy,Evans,Doctor 60,2023-09-26
P0491,Helen,Turner,Doctor 100,2023-09-26
P0527,Mark,Thompson,Doctor 4,2023-09-26
P0539,Patrick,Green,Doctor 70,2023-09-26
P0547,Scott,Morales,Doctor 31,2023-09-26
P0662,Shirley,Robinson,Doctor 63,2023-09-26
P0743,Sharon,Gonzalez,Doctor 62,2023-09-26
P0764,Rebecca,Anderson,Doctor 48,2023-09-26
P0822,Kimberly,Smith,Doctor 93,2023-09-26
P0841,David,Rodriguez,Doctor 49,2023-09-26
P0864,Ruth,Robinson,Doctor 71,2023-09-26
P1057,Nancy,Rodriguez,Doctor 29,2023-09-26
P1105,Tyler,Watson,Doctor 43,2023-09-26
P1364,Carol,Wilson,Doctor 40,2023-09-26
P1406,David,Morgan,Doctor 55,2023-09-26
P1426,Melissa,Richardson,Doctor 54,2023-09-26
P1488,Jeffrey,Reed,Doctor 46,2023-09-26
P0020,Barbara,Miller,Doctor 31,2023-09-27
P0071,Sandra,Williams,Doctor 98,2023-09-27
P0306,James,Wright,Doctor 70,2023-09-27
P0320,Rebecca,Phillips,Doctor 2,2023-09-27
P0367,Kevin,Lewis,Doctor 11,2023-09-27
P0469,Sandra,Rivera,Doctor 44,2023-09-27
P0488,Richard,Castillo,Doctor 85,2023-09-27
P0991,Aaron,Ramirez,Doctor 14,2023-09-27
P1064,Deborah,Ortiz,Doctor 31,2023-09-27
P1088,Virginia,Cox,Doctor 80,2023-09-27
P1460,Tyler,Morales,Doctor 13,2023-09-27
P1493,Edward,Thomas,Doctor 29,2023-09-27
P0239,Jacob,Gutierrez,Doctor 14,2023-09-28
P0398,Sarah,Jones,Doctor 59,2023-09-28
P0434,David,Gonzalez,Doctor 63,2023-09-28
P0449,Angela,Myers,Doctor 59,2023-09-28
P0539,Patrick,Green,Doctor 70,2023-09-28
P0562,Larry,Baker,Doctor 60,2023-09-28
P0582,Aaron,Hill,Doctor 5,2023-09-28
P0633,Andrew,Gomez,Doctor 5,2023-09-28
P0779,Kevin,Adams,Doctor 16,2023-09-28
P0780,Brian,Green,Doctor 29,2023-09-28
P0785,Cynthia,Howard,Doctor 12,2023-09-28
P0826,Matthew,Perez,Doctor 98,2023-09-28
P0937,Linda,Anderson,Doctor 18,2023-09-28
P0945,Scott,Johnson,Doctor 13,2023-09-28
P0971,Sandra,Reed,Doctor 51,2023-09-28
P1068,Brandon,Baker,Doctor 32,2023-09-28
P1084,Jeffrey,Mitchell,Doctor 85,2023-09-28
P1112,Helen,Reed,Doctor 16,2023-09-28
P1138,Sharon,Taylor,Doctor 25,2023-09-28
P1173,Lisa,Gomez,Doctor 21,2023-09-28
P1240,Jeffrey,Cox,Doctor 2,2023-09-28
P1386,Sharon,Walker,Doctor 29,2023-09-28
P1423,Edward,Gutierrez,Doctor 87,2023-09-28
P1505,Shirley,Jones,Doctor 12,2023-09-28
P1523,Kathleen,Gomez,Doctor 17,2023-09-28
P0016,Gregory,Green,Doctor 84,2023-09-29
P0092,Virginia,Morris,Doctor 40,2023-09-29
P0130,Jason,Stewart,Doctor 21,2023-09-29
P0366,Michelle,Richardson,Doctor 100,2023-09-29
P0375,Eric,Thompson,Doctor 19,2023-09-29
P0482,Larry,Rogers,Doctor 41,2023-09-29
P0494,Richard,Morales,Doctor 48,2023-09-29
P0503,Patricia,Lewis,Doctor 83,2023-09-29
P0509,Helen,Perez,Doctor 28,2023-09-29
P0561,Richard,James,Doctor 38,2023-09-29
P0567,Deborah,Williams,Doctor 75,2023-09-29
P0624,Sarah,Jackson,Doctor 73,2023-09-29
P0641,Charles,Parker,Doctor 14,2023-09-29
P0656,Angela,Anderson,Doctor 8,2023-09-29
P0747,Frank,Adams,Doctor 51,2023-09-29
P0830,Deborah,Ramos,Doctor 68,2023-09-29
P0945,Scott,Johnson,Doctor 7,2023-09-29
P0982,Helen,Sanders,Doctor 46,2023-09-29
P0989,Rebecca,Robinson,Doctor 22,2023-09-29
P1046,Donna,Watson,Doctor 77,2023-09-29
P1263,Shirley,Nelson,Doctor 26,2023-09-29
P1276,Jennifer,Cooper,Doctor 98,2023-09-29
P1371,Barbara,Wood,Doctor 4,2023-09-29
P1455,Robert,Cruz,Doctor 81,2023-09-29
P1524,Laura,Gutierrez,Doctor 95,2023-09-29
P0042,Brenda,Anderson,Doctor 47,2023-09-30
P0048,Rebecca,Mitchell,Doctor 12,2023-09-30
P0213,Barbara,Williams,Doctor 65,2023-09-30
P0239,Jacob,Gutierrez,Doctor 76,2023-09-30
P0240,Kimberly,Peterson,Doctor 76,2023-09-30
P0257,David,Smith,Doctor 62,2023-09-30
P0265,Richard,Bailey,Doctor 67,2023-09-30
P0277,Amy,Parker,Doctor 53,2023-09-30
P0285,Michael,Richardson,Doctor 31,2023-09-30
P0364,Joshua,Ramirez,Doctor 36,2023-09-30
P0487,Samuel,Evans,Doctor 18,2023-09-30
P0508,Laura,Robinson,Doctor 73,2023-09-30
P0539,Patrick,Green,Doctor 75,2023-09-30
P0703,Jennifer,Lopez,Doctor 69,2023-09-30
P0839,Alexander,Anderson,Doctor 68,2023-09-30
P0933,Samuel,Smith,Doctor 37,2023-09-30
P1011,Donald,Diaz,Doctor 75,2023-09-30
P1029,Jerry,Lee,Doctor 57,2023-09-30
P1058,Brandon,Cook,Doctor 76,2023-09-30
P1131,Dorothy,Price,Doctor 19,2023-09-30
P1144,Joshua,Young,Doctor 65,2023-09-30
P1317,Angela,Taylor,Doctor 81,2023-09-30
P1429,Timothy,Martin,Doctor 15,2023-09-30
P0306,James,Wright,Doctor 70,2023-10-01
P0329,Helen,Jones,Doctor 62,2023-10-01
P0460,Barbara,Bennett,Doctor 95,2023-10-01
P0475,Jonathan,Thompson,Doctor 57,2023-10-01
P0494,Richard,Morales,Doctor 55,2023-10-01
P0561,Richard,James,Doctor 86,2023-10-01
P0804,Christopher,Evans,Doctor 52,2023-10-01
P0859,Ronald,Jones,Doctor 80,2023-10-01
P0886,Michael,Reed,Doctor 27,2023-10-01
P0909,Patrick,Gomez,Doctor 89,2023-10-01
P1072,Kimberly,Rivera,Doctor 69,2023-10-01
P1127,Kevin,Patel,Doctor 19,2023-10-01
P1130,Joseph,Peterson,Doctor 98,2023-10-01
P1169,Steven,Carter,Doctor 78,2023-10-01
P1173,Lisa,Gomez,Doctor 44,2023-10-01
P1288,Jessica,Wilson,Doctor 60,2023-10-01
P1296,Kimberly,Morgan,Doctor 95,2023-10-01
P1325,Kathleen,Wilson,Doctor 87,2023-10-01
P1365,Patricia,Garcia,Doctor 15,2023-10-01
P1386,Sharon,Walker,Doctor 97,2023-10-01
P1402,Betty,Thompson,Doctor 61,2023-10-01
P1444,George,Ortiz,Doctor 32,2023-10-01
P1521,Patrick,Cook,Doctor 65,2023-10-01
P0022,Jason,Turner,Doctor 21,2023-10-02
P0078,Dorothy,Phillips,Doctor 55,2023-10-02
P0176,Larry,Adams,Doctor 10,2023-10-02
P0258,Aaron,Williams,Doctor 57,2023-10-02
P0309,Anna,Baker,Doctor 47,2023-10-02
P0402,Gregory,Bennett,Doctor 77,2023-10-02
P0436,Karen,Gutierrez,Doctor 47,2023-10-02
P0494,Richard,Morales,Doctor 10,2023-10-02
P0804,Christopher,Evans,Doctor 54,2023-10-02
P0854,Patricia,Lee,Doctor 87,2023-10-02
P0888,Jessica,Alvarez,Doctor 81,2023-10-02
P1005,Michael,Turner,Doctor 34,2023-10-02
P1061,Betty,Garcia,Doctor 19,2023-10-02
P1085,Samuel,Ruiz,Doctor 59,2023-10-02
P1109,Daniel,King,Doctor 60,2023-10-02
P1195,Kathleen,Nelson,Doctor 1,2023-10-02
P1290,Ryan,Jones,Doctor 74,2023-10-02
P1298,Jacob,Cox,Doctor 65,2023-10-02
P1336,Matthew,Collins,Doctor 46,2023-10-02
P1487,Laura,Morales,Doctor 83,2023-10-02
P1535,Sarah,Bailey,Doctor 48,2023-10-02
P0173,Angela,Gomez,Doctor 80,2023-10-03
P0209,Dennis,Torres,Doctor 58,2023-10-03
P0317,Kimberly,Gomez,Doctor 13,2023-10-03
P0357,Stephen,Price,Doctor 46,2023-10-03
P0404,Anthony,Turner,Doctor 18,2023-10-03
P0405,Eric,Thomas,Doctor 75,2023-10-03
P0412,Betty,Campbell,Doctor 22,2023-10-03
P0462,Thomas,Sanchez,Doctor 83,2023-10-03
P0551,Michelle,Kelly,Doctor 29,2023-10-03
P0600,Sharon,Johnson,Doctor 46,2023-10-03
P0678,Mary,Jones,Doctor 39,2023-10-03
P0767,Karen,Morgan,Doctor 80,2023-10-03
P0942,Lisa,Gonzalez,Doctor 9,2023-10-03
P1005,Michael,Turner,Doctor 34,2023-10-03
P1029,Jerry,Lee,Doctor 37,2023-10-03
P1063,Betty,Murphy,Doctor 3,2023-10-03
P1085,Samuel,Ruiz,Doctor 12,2023-10-03
P1121,Michelle,Miller,Doctor 36,2023-10-03
P1216,Alexander,Thomas,Doctor 89,2023-10-03
P1370,Kimberly,Hernandez,Doctor 43,2023-10-03
P1468,Brandon,Nguyen,Doctor 90,2023-10-03
P1504,Michelle,Nguyen,Doctor 65,2023-10-03
P0039,Jessica,Mendoza,Doctor 100,2023-10-04
P0085,Betty,Nguyen,Doctor 43,2023-10-04
P0242,Frank,Howard,Doctor 86,2023-10-04
P0251,Amy,Gutierrez,Doctor 19,2023-10-04
P0391,Justin,Hughes,Doctor 93,2023-10-04
P0391,Justin,Hughes,Doctor 75,2023-10-04
P0457,Tyler,Lewis,Doctor 85,2023-10-04
P0749,Shirley,Jackson,Doctor 76,2023-10-04
P0754,Jacob,Wood,Doctor 9,2023-10-04
P0762,Larry,Martin,Doctor 49,2023-10-04
P0783,Anna,Carter,Doctor 8,2023-10-04
P0816,Joshua,Phillips,Doctor 76,2023-10-04
P0980,Benjamin,Cox,Doctor 49,2023-10-04
P1095,Rebecca,James,Doctor 44,2023-10-04
P1098,Larry,Myers,Doctor 48,2023-10-04
P1129,Linda,Garcia,Doctor 57,2023-10-04
P1137,Jack,Rodriguez,Doctor 73,2023-10-04
P1172,Deborah,Taylor,Doctor 8,2023-10-04
P1180,Sarah,Wright,Doctor 19,2023-10-04
P1231,Sandra,Carter,Doctor 88,2023-10-04
P1300,Carol,Wood,Doctor 32,2023-10-04
P1310,Matthew,Lee,Doctor 65,2023-10-04
P1372,Larry,Flores,Doctor 7,2023-10-04
P1489,Jacob,Edwards,Doctor 76,2023-10-04
P1495,Karen,Diaz,Doctor 96,2023-10-04
P1527,Brandon,Ward,Doctor 12,2023-10-04
P0013,Stephen,Hall,Doctor 99,2023-10-05
P0057,Sharon,Hill,Doctor 12,2023-10-05
P0206,Helen,Stewart,Doctor 1,2023-10-05
P0242,Frank,Howard,Doctor 56,2023-10-05
P0281,Raymond,Thompson,Doctor 95,2023-10-05
P0425,Lisa,Anderson,Doctor 8,2023-10-05
P0591,Edward,Ortiz,Doctor 30,2023-10-05
P0601,Ryan,Cruz,Doctor 7,2023-10-05
P0911,Karen,Brooks,Doctor 84,2023-10-05
P1057,Nancy,Rodriguez,Doctor 12,2023-10-05
P1133,Ruth,Lee,Doctor 55,2023-10-05
P1210,Emma,Rodriguez,Doctor 20,2023-10-05
P1263,Shirley,Nelson,Doctor 67,2023-10-05
P1294,Gregory,Myers,Doctor 33,2023-10-05
P1338,Sarah,Anderson,Doctor 26,2023-10-05
P1376,Michael,Patel,Doctor 79,2023-10-05
P1390,Sharon,Flores,Doctor 12,2023-10-05
P1439,Stephen,Gonzalez,Doctor 84,2023-10-05
P0115,Anthony,Evans,Doctor 8,2023-10-06
P0142,Samuel,Allen,Doctor 44,2023-10-06
P0144,Aaron,Phillips,Doctor 64,2023-10-06
P0196,James,Bailey,Doctor 24,2023-10-06
P0276,Jerry,Robinson,Doctor 22,2023-10-06
P0366,Michelle,Richardson,Doctor 80,2023-10-06
P0378,Stephen,Perez,Doctor 3,2023-10-06
P0432,Jose,Reyes,Doctor 6,2023-10-06
P0496,Brandon,Garcia,Doctor 86,2023-10-06
P0536,Nancy,Carter,Doctor 23,2023-10-06
P0754,Jacob,Wood,Doctor 9,2023-10-06
P0757,Mary,Patel,Doctor 25,2023-10-06
P0779,Kevin,Adams,Doctor 29,2023-10-06
P0848,Thomas,Hughes,Doctor 83,2023-10-06
P0971,Sandra,Reed,Doctor 89,2023-10-06
P0974,Sarah,Thompson,Doctor 28,2023-10-06
P1052,Carol,Rogers,Doctor 12,2023-10-06
P1070,Jerry,Nguyen,Doctor 14,2023-10-06
P1276,Jennifer,Cooper,Doctor 19,2023-10-06
P1337,Elizabeth,Mendoza,Doctor 8,2023-10-06
P1398,James,Adams,Doctor 89,2023-10-06
P1459,Virginia,Taylor,Doctor 73,2023-10-06
P1512,Jack,Cook,Doctor 92,2023-10-06
P0218,Patricia,Peterson,Doctor 24,2023-10-07
P0511,Michael,Ward,Doctor 52,2023-10-07
P0771,Kevin,Phillips,Doctor 37,2023-10-07
P0787,Richard,Hall,Doctor 16,2023-10-07
P0795,Mark,Gutierrez,Doctor 35,2023-10-07
P0881,Jessica,Green,Doctor 96,2023-10-07
P0897,Lisa,Patel,Doctor 47,2023-10-07
P0961,Michael,Hughes,Doctor 39,2023-10-07
P1066,Virginia,Sanchez,Doctor 63,2023-10-07
P1070,Jerry,Nguyen,Doctor 14,2023-10-07
P1165,Scott,Flores,Doctor 69,2023-10-07
P1188,Kevin,Lee,Doctor 81,2023-10-07
P1284,Sharon,Price,Doctor 28,2023-10-07
P1362,Daniel,Cooper,Doctor 83,2023-10-07
P1372,Larry,Flores,Doctor 25,2023-10-07
P1410,Gregory,Cox,Doctor 95,2023-10-07
P0055,Nancy,Taylor,Doctor 19,2023-10-08
P0111,Carol,Morgan,Doctor 23,2023-10-08
P0139,Sandra,Jackson,Doctor 88,2023-10-08
P0216,Scott,Scott,Doctor 94,2023-10-08
P0295,Alexander,Collins,Doctor 69,2023-10-08
P0460,Barbara,Bennett,Doctor 67,2023-10-08
P0481,Benjamin,Sanders,Doctor 56,2023-10-08
P0505,Robert,Rogers,Doctor 63,2023-10-08
P0513,Daniel,Price,Doctor 35,2023-10-08
P0518,Emma,Castillo,Doctor 7,2023-10-08
P0522,Daniel,Peterson,Doctor 3,2023-10-08
P0523,Angela,Cook,Doctor 10,2023-10-08
P0590,Lisa,Wright,Doctor 74,2023-10-08
P0613,Brandon,Morgan,Doctor 74,2023-10-08
P0718,Sarah,Myers,Doctor 40,2023-10-08
P0731,Dennis,Allen,Doctor 67,2023-10-08
P0790,Amy,Baker,Doctor 63,2023-10-08
P0968,Christopher,Howard,Doctor 48,2023-10-08
P1081,Deborah,Gray,Doctor 35,2023-10-08
P1160,Ryan,Hughes,Doctor 30,2023-10-08
P1395,Jose,Johnson,Doctor 62,2023-10-08
P1464,Laura,Ramos,Doctor 95,2023-10-08
P0015,Susan,Murphy,Doctor 1,2023-10-09
P0057,Sharon,Hill,Doctor 12,2023-10-09
P0099,Virginia,Green,Doctor 68,2023-10-09
P0163,Shirley,Morris,Doctor 19,2023-10-09
P0360,George,Anderson,Doctor 39,2023-10-09
P0454,Brenda,Kelly,Doctor 17,2023-10-09
P0555,Sharon,Chavez,Doctor 79,2023-10-09
P0738,Lisa,Nelson,Doctor 60,2023-10-09
P0752,Kimberly,Harris,Doctor 97,2023-10-09
P0782,Susan,Wood,Doctor 46,2023-10-09
P0827,Alexander,Evans,Doctor 36,2023-10-09
P0868,Mary,Martin,Doctor 28,2023-10-09
P0903,Karen,Davis,Doctor 64,2023-10-09
P1025,Rebecca,Mendoza,Doctor 55,2023-10-09
P1073,Barbara,Thomas,Doctor 66,2023-10-09
P1198,Christopher,Cook,Doctor 95,2023-10-09
P1201,Mark,Martin,Doctor 8,2023-10-09
P1222,Aaron,Perez,Doctor 43,2023-10-09
P1297,Shirley,Kelly,Doctor 14,2023-10-09
P1347,Patricia,Parker,Doctor 8,2023-10-09
P1404,Emma,Taylor,Doctor 47,2023-10-09
P0005,Edward,Mendoza,Doctor 73,2023-10-10
P0040,Deborah,Kelly,Doctor 42,2023-10-10
P0258,Aaron,Williams,Doctor 14,2023-10-10
P0270,Dennis,Hughes,Doctor 22,2023-10-10
P0271,Jennifer,Anderson,Doctor 51,2023-10-10
P0293,Stephen,Garcia,Doctor 30,2023-10-10
P0506,Jessica,Reed,Doctor 81,2023-10-10
P0580,Aaron,Adams,Doctor 1,2023-10-10
P0608,Alexander,Williams,Doctor 9,2023-10-10
P0619,Nicholas,Cook,Doctor 73,2023-10-10
P0817,Matthew,Moore,Doctor 99,2023-10-10
P0838,Karen,Jones,Doctor 57,2023-10-10
P0854,Patricia,Lee,Doctor 87,2023-10-10
P1115,Sandra,Brown,Doctor 47,2023-10-10
P1415,Deborah,Allen,Doctor 80,2023-10-10
P0120,Anna,Torres,Doctor 19,2023-10-11
P0132,Sharon,Martin,Doctor 62,2023-10-11
P0186,John,Ramirez,Doctor 42,2023-10-11
P0243,Raymond,Hill,Doctor 24,2023-10-11
P0252,Kathleen,Martinez,Doctor 4,2023-10-11
P0445,Edward,Wright,Doctor 53,2023-10-11
P0466,Sandra,Miller,Doctor 94,2023-10-11
P0500,Rebecca,Myers,Doctor 100,2023-10-11
P0565,Thomas,Allen,Doctor 48,2023-10-11
P0596,Edward,Watson,Doctor 54,2023-10-11
P0873,Dennis,Ruiz,Doctor 62,2023-10-11
P0943,Steven,Robinson,Doctor 69,2023-10-11
P0960,Jeffrey,Martin,Doctor 64,2023-10-11
P0968,Christopher,Howard,Doctor 95,2023-10-11
P0992,Mary,Gomez,Doctor 52,2023-10-11
P1009,Gary,Clark,Doctor 30,2023-10-11
P1040,Edward,Edwards,Doctor 11,2023-10-11
P1041,Brandon,Richardson,Doctor 2,2023-10-11
P1115,Sandra,Brown,Doctor 23,2023-10-11
P1148,Kevin,Smith,Doctor 80,2023-10-11
P1256,David,Nelson,Doctor 64,2023-10-11
P1299,Raymond,Ramirez,Doctor 1,2023-10-11
P1302,Kathleen,Phillips,Doctor 92,2023-10-11
P1375,Eric,Roberts,Doctor 39,2023-10-11
P1399,Joseph,Hill,Doctor 93,2023-10-11
P1407,John,Hill,Doctor 43,2023-10-11
P1414,Thomas,Rodriguez,Doctor 37,2023-10-11
P1431,Sandra,Alvarez,Doctor 78,2023-10-11
P1456,Joshua,Stewart,Doctor 58,2023-10-11
P0060,Jack,Taylor,Doctor 5,2023-10-12
P0171,Helen,Wright,Doctor 53,2023-10-12
P0284,Steven,Reyes,Doctor 44,2023-10-12
P0301,Emma,Turner,Doctor 72,2023-10-12
P0576,Jack,Clark,Doctor 30,2023-10-12
P0816,Joshua,Phillips,Doctor 94,2023-10-12
P0827,Alexander,Evans,Doctor 85,2023-10-12
P0855,Christopher,Garcia,Doctor 69,2023-10-12
P0869,Barbara,King,Doctor 63,2023-10-12
P0880,Jonathan,Lewis,Doctor 94,2023-10-12
P0917,Susan,Torres,Doctor 63,2023-10-12
P0977,Edward,Howard,Doctor 48,2023-10-12
P1042,Betty,Green,Doctor 36,2023-10-12
P1085,Samuel,Ruiz,Doctor 94,2023-10-12
P1229,Justin,Sanders,Doctor 67,2023-10-12
P1276,Jennifer,Cooper,Doctor 19,2023-10-12
P1293,Anthony,Hughes,Doctor 89,2023-10-12
P1359,Daniel,Patel,Doctor 70,2023-10-12
P1414,Thomas,Rodriguez,Doctor 69,2023-10-12
P1430,Patrick,Hughes,Doctor 12,2023-10-12
P1486,Rebecca,Moore,Doctor 97,2023-10-12
P1501,Helen,Anderson,Doctor 10,2023-10-12
P0070,Jennifer,Hall,Doctor 45,2023-10-13
P0097,Tyler,Hall,Doctor 76,2023-10-13
P0213,Barbara,Williams,Doctor 68,2023-10-13
P0316,Laura,Brown,Doctor 25,2023-10-13
P0321,Patricia,Anderson,Doctor 88,2023-10-13
P0383,Carol,Hughes,Doctor 87,2023-10-13
P0464,Frank,Perez,Doctor 100,2023-10-13
P0605,Carol,Bailey,Doctor 20,2023-10-13
P0649,Michelle,Allen,Doctor 90,2023-10-13
P0682,Eric,Evans,Doctor 99,2023-10-13
P0729,Donald,Walker,Doctor 9,2023-10-13
P0789,Jacob,Scott,Doctor 90,2023-10-13
P0814,Aaron,Rodriguez,Doctor 41,2023-10-13
P0861,Brenda,Myers,Doctor 42,2023-10-13
P0885,Gregory,Brooks,Doctor 21,2023-10-13
P0934,Lisa,Williams,Doctor 8,2023-10-13
P1030,Donald,Rodriguez,Doctor 13,2023-10-13
P1053,Jessica,Martin,Doctor 99,2023-10-13
P1078,Raymond,Allen,Doctor 19,2023-10-13
P1115,Sandra,Brown,Doctor 67,2023-10-13
P1138,Sharon,Taylor,Doctor 25,2023-10-13
P1192,Ruth,Jackson,Doctor 83,2023-10-13
P1241,Edward,Price,Doctor 48,2023-10-13
P1325,Kathleen,Wilson,Doctor 87,2023-10-13
P1384,Brenda,Bailey,Doctor 62,2023-10-13
P1431,Sandra,Alvarez,Doctor 78,2023-10-13
P1460,Tyler,Morales,Doctor 91,2023-10-13
P0347,Mary,Thomas,Doctor 67,2023-10-14
P0351,Raymond,Richardson,Doctor 82,2023-10-14
P0406,Angela,Adams,Doctor 56,2023-10-14
P0425,Lisa,Anderson,Doctor 62,2023-10-14
P0477,Nancy,Ramos,Doctor 58,2023-10-14
P0480,Tyler,Rodriguez,Doctor 16,2023-10-14
P0553,Melissa,Reed,Doctor 62,2023-10-14
P0850,Karen,Smith,Doctor 24,2023-10-14
P0928,Sharon,Richardson,Doctor 7,2023-10-14
P0970,Michelle,Roberts,Doctor 15,2023-10-14
P1058,Brandon,Cook,Doctor 83,2023-10-14
P1235,Timothy,Cook,Doctor 89,2023-10-14
P0011,Brandon,Davis,Doctor 84,2023-10-15
P0105,Elizabeth,Carter,Doctor 34,2023-10-15
P0222,Justin,Gomez,Doctor 35,2023-10-15
P0241,Nancy,Brooks,Doctor 93,2023-10-15
P0497,Anna,Sanders,Doctor 96,2023-10-15
P0641,Charles,Parker,Doctor 78,2023-10-15
P0694,Tyler,Castillo,Doctor 41,2023-10-15
P0842,Deborah,Kim,Doctor 11,2023-10-15
P0867,Barbara,Diaz,Doctor 33,2023-10-15
P0894,Anna,Ruiz,Doctor 11,2023-10-15
P0962,Cynthia,Sanchez,Doctor 100,2023-10-15
P1013,Jessica,Wood,Doctor 99,2023-10-15
P1019,John,Williams,Doctor 28,2023-10-15
P1156,Susan,Williams,Doctor 45,2023-10-15
P1173,Lisa,Gomez,Doctor 18,2023-10-15
P1187,Emma,Kim,Doctor 18,2023-10-15
P1269,Richard,Smith,Doctor 24,2023-10-15
P0040,Deborah,Kelly,Doctor 94,2023-10-16
P0089,Laura,Adams,Doctor 44,2023-10-16
P0113,Robert,Cooper,Doctor 28,2023-10-16
P0118,Kathleen,Lee,Doctor 71,2023-10-16
P0125,Ryan,Myers,Doctor 58,2023-10-16
P0151,James,Gutierrez,Doctor 96,2023-10-16
P0245,Donna,Harris,Doctor 50,2023-10-16
P0299,Eric,Morgan,Doctor 15,2023-10-16
P0315,Anthony,James,Doctor 19,2023-10-16
P0417,Timothy,Harris,Doctor 57,2023-10-16
P0436,Karen,Gutierrez,Doctor 79,2023-10-16
P0478,Dennis,Ward,Doctor 27,2023-10-16
P0544,Nancy,Nelson,Doctor 18,2023-10-16
P1095,Rebecca,James,Doctor 84,2023-10-16
P1111,Kimberly,Martinez,Doctor 76,2023-10-16
P1131,Dorothy,Price,Doctor 17,2023-10-16
P1146,Stephen,Collins,Doctor 40,2023-10-16
P1191,William,Thompson,Doctor 71,2023-10-16
P1205,Robert,Wood,Doctor 22,2023-10-16
P1353,George,Mitchell,Doctor 6,2023-10-16
P0114,David,Patel,Doctor 41,2023-10-17
P0121,Sarah,Reed,Doctor 63,2023-10-17
P0529,Rebecca,Kelly,Doctor 86,2023-10-17
P0573,Jason,Alvarez,Doctor 81,2023-10-17
P0807,Donna,Ruiz,Doctor 94,2023-10-17
P0830,Deborah,Ramos,Doctor 77,2023-10-17
P0831,Ruth,Price,Doctor 35,2023-10-17
P0849,Jason,Ortiz,Doctor 29,2023-10-17
P0873,Dennis,Ruiz,Doctor 24,2023-10-17
P0875,Stephen,Gutierrez,Doctor 90,2023-10-17
P1045,Sandra,Chavez,Doctor 6,2023-10-17
P1105,Tyler,Watson,Doctor 56,2023-10-17
P1157,Michelle,Green,Doctor 88,2023-10-17
P1258,Kevin,Murphy,Doctor 46,2023-10-17
P0023,Alexander,Phillips,Doctor 32,2023-10-18
P0203,Carol,Hernandez,Doctor 72,2023-10-18
P0418,Jerry,Rivera,Doctor 89,2023-10-18
P0420,Jennifer,Cox,Doctor 28,2023-10-18
P0490,Gregory,Carter,Doctor 76,2023-10-18
P0550,Edward,Torres,Doctor 39,2023-10-18
P0594,John,Brown,Doctor 93,2023-10-18
P0613,Brandon,Morgan,Doctor 69,2023-10-18
P0679,Deborah,Castillo,Doctor 36,2023-10-18
P0682,Eric,Evans,Doctor 67,2023-10-18
P0725,Kimberly,Walker,Doctor 94,2023-10-18
P0876,Ronald,Scott,Doctor 44,2023-10-18
P0922,Donna,Hernandez,Doctor 66,2023-10-18
P0951,Jeffrey,Johnson,Doctor 85,2023-10-18
P1085,Samuel,Ruiz,Doctor 94,2023-10-18
P1366,Sarah,Gomez,Doctor 31,2023-10-18
P1420,Dorothy,Richardson,Doctor 42,2023-10-18
P1423,Edward,Gutierrez,Doctor 39,2023-10-18
P1450,Donald,Cruz,Doctor 47,2023-10-18
P1464,Laura,Ramos,Doctor 71,2023-10-18
P1536,Jack,White,Doctor 22,2023-10-18
P0012,Justin,Cruz,Doctor 25,2023-10-19
P0030,Timothy,Cooper,Doctor 45,2023-10-19
P0048,Rebecca,Mitchell,Doctor 56,2023-10-19
P0158,Angela,Kim,Doctor 45,2023-10-19
P0219,Timothy,Kim,Doctor 6,2023-10-19
P0250,Helen,Martinez,Doctor 6,2023-10-19
P0463,Sandra,Campbell,Doctor 20,2023-10-19
P0500,Rebecca,Myers,Doctor 51,2023-10-19
P0695,Jeffrey,Sanchez,Doctor 76,2023-10-19
P0697,Ruth,White,Doctor 60,2023-10-19
P0735,Sarah,Carter,Doctor 92,2023-10-19
P0738,Lisa,Nelson,Doctor 60,2023-10-19
P0744,Richard,Sanchez,Doctor 97,2023-10-19
P0757,Mary,Patel,Doctor 22,2023-10-19
P0774,Michael,Murphy,Doctor 78,2023-10-19
P0876,Ronald,Scott,Doctor 44,2023-10-19
P1153,David,Mitchell,Doctor 30,2023-10-19
P1179,Lisa,Watson,Doctor 55,2023-10-19
P1186,Jessica,Nguyen,Doctor 81,2023-10-19
P1225,Raymond,Wright,Doctor 56,2023-10-19
P1304,Virginia,Hall,Doctor 74,2023-10-19
P1326,Ruth,Torres,Doctor 80,2023-10-19
P1427,Ryan,Wilson,Doctor 88,2023-10-19
P1495,Karen,Diaz,Doctor 91,2023-10-19
P1523,Kathleen,Gomez,Doctor 17,2023-10-19
P0261,Justin,Ramirez,Doctor 46,2023-10-20
P0286,Kimberly,Gonzalez,Doctor 40,2023-10-20
P0452,Daniel,Cox,Doctor 77,2023-10-20
P0590,Lisa,Wright,Doctor 94,2023-10-20
P0595,George,Price,Doctor 99,2023-10-20
P0647,Elizabeth,Ortiz,Doctor 81,2023-10-20
P0793,Ruth,Sanchez,Doctor 70,2023-10-20
P0942,Lisa,Gonzalez,Doctor 49,2023-10-20
P0983,Nancy,Ramirez,Doctor 48,2023-10-20
P1066,Virginia,Sanchez,Doctor 52,2023-10-20
P1068,Brandon,Baker,Doctor 79,2023-10-20
P1135,Susan,Ramirez,Doctor 97,2023-10-20
P1236,Sandra,Ward,Doctor 3,2023-10-20
P1245,Michelle,White,Doctor 30,2023-10-20
P1413,Ryan,White,Doctor 38,2023-10-20
P1503,Scott,Roberts,Doctor 8,2023-10-20
P0128,Justin,Green,Doctor 36,2023-10-21
P0134,Jennifer,Johnson,Doctor 80,2023-10-21
P0181,Amy,Torres,Doctor 68,2023-10-21
P0194,Michael,Cook,Doctor 87,2023-10-21
P0346,Michelle,Murphy,Doctor 67,2023-10-21
P0358,Larry,Johnson,Doctor 84,2023-10-21
P0457,Tyler,Lewis,Doctor 85,2023-10-21
P0524,Jerry,Brown,Doctor 30,2023-10-21
P0596,Edward,Watson,Doctor 54,2023-10-21
P0707,Jose,Cooper,Doctor 49,2023-10-21
P0914,Benjamin,Rodriguez,Doctor 8,2023-10-21
P1064,Deborah,Ortiz,Doctor 34,2023-10-21
P1101,Alexander,Kim,Doctor 20,2023-10-21
P1214,Elizabeth,Diaz,Doctor 95,2023-10-21
P1223,Joshua,Johnson,Doctor 100,2023-10-21
P1301,Stephen,Nguyen,Doctor 58,2023-10-21
P1341,Jerry,Hall,Doctor 26,2023-10-21
P1359,Daniel,Patel,Doctor 64,2023-10-21
P1370,Kimberly,Hernandez,Doctor 64,2023-10-21
P1373,Stephen,White,Doctor 95,2023-10-21
P0008,Joshua,Patel,Doctor 92,2023-10-22
P0058,Patrick,James,Doctor 11,2023-10-22
P0181,Amy,Torres,Doctor 15,2023-10-22
P0337,Tyler,Hughes,Doctor 53,2023-10-22
P0338,Justin,Thomas,Doctor 27,2023-10-22
P0410,Jessica,Anderson,Doctor 60,2023-10-22
P0549,Deborah,Brooks,Doctor 6,2023-10-22
P0709,Kenneth,Scott,Doctor 81,2023-10-22
P0735,Sarah,Carter,Doctor 22,2023-10-22
P0808,Donna,Anderson,Doctor 29,2023-10-22
P0864,Ruth,Robinson,Doctor 30,2023-10-22
P0898,Cynthia,Alvarez,Doctor 33,2023-10-22
P0919,Benjamin,Carter,Doctor 70,2023-10-22
P0936,Sarah,Rogers,Doctor 44,2023-10-22
P0941,Larry,Hall,Doctor 43,2023-10-22
P0991,Aaron,Ramirez,Doctor 14,2023-10-22
P0992,Mary,Gomez,Doctor 91,2023-10-22
P0999,Patrick,Morgan,Doctor 50,2023-10-22
P1001,Linda,Torres,Doctor 42,2023-10-22
P1143,Jessica,Taylor,Doctor 87,2023-10-22
P1388,Ronald,Flores,Doctor 19,2023-10-22
P1451,Richard,Clark,Doctor 68,2023-10-22
P0046,William,Taylor,Doctor 14,2023-10-23
P0075,Eric,Richardson,Doctor 18,2023-10-23
P0277,Amy,Parker,Doctor 53,2023-10-23
P0486,Jason,Nguyen,Doctor 52,2023-10-23
P0560,Lisa,Thomas,Doctor 75,2023-10-23
P0630,Jerry,Flores,Doctor 26,2023-10-23
P0646,Kevin,Jones,Doctor 30,2023-10-23
P0853,Eric,White,Doctor 37,2023-10-23
P0860,Justin,Hill,Doctor 77,2023-10-23
P0920,Justin,Reed,Doctor 39,2023-10-23
P0928,Sharon,Richardson,Doctor 3,2023-10-23
P0963,Sharon,Smith,Doctor 16,2023-10-23
P0998,Gregory,Ortiz,Doctor 36,2023-10-23
P1036,Linda,Ramos,Doctor 82,2023-10-23
P1051,Jose,Cox,Doctor 82,2023-10-23
P1086,Daniel,Murphy,Doctor 9,2023-10-23
P1232,Charles,Cook,Doctor 3,2023-10-23
P1282,Kimberly,Baker,Doctor 62,2023-10-23
P1283,Deborah,King,Doctor 61,2023-10-23
P1452,Brenda,Miller,Doctor 64,2023-10-23
P1532,Sharon,Morgan,Doctor 17,2023-10-23
P0311,Dorothy,Diaz,Doctor 32,2023-10-24
P0453,Ruth,Cox,Doctor 16,2023-10-24
P0453,Ruth,Cox,Doctor 16,2023-10-24
P0474,Sarah,Brown,Doctor 13,2023-10-24
P0503,Patricia,Lewis,Doctor 37,2023-10-24
P0543,Brenda,Alvarez,Doctor 50,2023-10-24
P0561,Richard,James,Doctor 31,2023-10-24
P0767,Karen,Morgan,Doctor 95,2023-10-24
P0870,Jason,Bailey,Doctor 100,2023-10-24
P0874,Daniel,Thompson,Doctor 1,2023-10-24
P0878,Sarah,Allen,Doctor 29,2023-10-24
P0891,Ruth,Patel,Doctor 12,2023-10-24
P1098,Larry,Myers,Doctor 48,2023-10-24
P1232,Charles,Cook,Doctor 69,2023-10-24
P1258,Kevin,Murphy,Doctor 35,2023-10-24
P1406,David,Morgan,Doctor 55,2023-10-24
P1475,Michelle,James,Doctor 23,2023-10-24
P0158,Angela,Kim,Doctor 50,2023-10-25
P0188,Alexander,James,Doctor 29,2023-10-25
P0237,Aaron,Flores,Doctor 43,2023-10-25
P0314,Jason,Diaz,Doctor 81,2023-10-25
P0338,Justin,Thomas,Doctor 40,2023-10-25
P0440,Edward,Patel,Doctor 20,2023-10-25
P0463,Sandra,Campbell,Doctor 68,2023-10-25
P0478,Dennis,Ward,Doctor 27,2023-10-25
P0531,Donald,Reed,Doctor 51,2023-10-25
P0554,Betty,Howard,Doctor 42,2023-10-25
P0664,Aaron,Alvarez,Doctor 82,2023-10-25
P0689,Sharon,Myers,Doctor 94,2023-10-25
P0708,Dorothy,Alvarez,Doctor 79,2023-10-25
P0708,Dorothy,Alvarez,Doctor 32,2023-10-25
P0836,Dennis,Stewart,Doctor 21,2023-10-25
P0975,Susan,Allen,Doctor 23,2023-10-25
P0997,Patrick,Richardson,Doctor 63,2023-10-25
P1080,Ronald,Brooks,Doctor 30,2023-10-25
P1198,Christopher,Cook,Doctor 95,2023-10-25
P1231,Sandra,Carter,Doctor 88,2023-10-25
P1261,Gary,Collins,Doctor 97,2023-10-25
P1273,Jeffrey,Gomez,Doctor 87,2023-10-25
P1315,Frank,Harris,Doctor 47,2023-10-25
P1336,Matthew,Collins,Doctor 59,2023-10-25
P1427,Ryan,Wilson,Doctor 84,2023-10-25
P1428,Virginia,Kim,Doctor 11,2023-10-25
P1476,Jack,Jackson,Doctor 51,2023-10-25
P0198,Michelle,Diaz,Doctor 48,2023-10-26
P0254,Rebecca,Martin,Doctor 2,2023-10-26
P0270,Dennis,Hughes,Doctor 1,2023-10-26
P0334,Joseph,Perez,Doctor 9,2023-10-26
P0367,Kevin,Lewis,Doctor 11,2023-10-26
P0506,Jessica,Reed,Doctor 81,2023-10-26
P0570,Lisa,Robinson,Doctor 79,2023-10-26
P0821,Patrick,Rodriguez,Doctor 38,2023-10-26
P0849,Jason,Ortiz,Doctor 45,2023-10-26
P0974,Sarah,Thompson,Doctor 89,2023-10-26
P1053,Jessica,Martin,Doctor 99,2023-10-26
P1126,Robert,Gray,Doctor 17,2023-10-26
P1228,Patrick,King,Doctor 53,2023-10-26
P1239,Elizabeth,Miller,Doctor 48,2023-10-26
P1290,Ryan,Jones,Doctor 7,2023-10-26
P1413,Ryan,White,Doctor 36,2023-10-26
P1523,Kathleen,Gomez,Doctor 50,2023-10-26
P0196,James,Bailey,Doctor 59,2023-10-27
P0438,Patricia,Adams,Doctor 5,2023-10-27
P0618,Sandra,Morgan,Doctor 92,2023-10-27
P0631,Deborah,Thompson,Doctor 69,2023-10-27
P0690,Kenneth,Collins,Doctor 30,2023-10-27
P0732,Dorothy,Hill,Doctor 48,2023-10-27
P0791,Justin,Thompson,Doctor 49,2023-10-27
P0917,Susan,Torres,Doctor 82,2023-10-27
P0950,Ruth,Bailey,Doctor 55,2023-10-27
P0974,Sarah,Thompson,Doctor 27,2023-10-27
P1012,Virginia,Rivera,Doctor 20,2023-10-27
P1268,Ruth,Rogers,Doctor 1,2023-10-27
P1285,Laura,Lee,Doctor 31,2023-10-27
P1298,Jacob,Cox,Doctor 15,2023-10-27
P1343,Rebecca,Ramirez,Doctor 49,2023-10-27
P1429,Timothy,Martin,Doctor 12,2023-10-27
P1473,Mark,Johnson,Doctor 76,2023-10-27
P0148,Aaron,Roberts,Doctor 7,2023-10-28
P0200,Anthony,Jackson,Doctor 79,2023-10-28
P0233,Sharon,Gray,Doctor 56,2023-10-28
P0236,Sandra,Moore,Doctor 29,2023-10-28
P0379,Mary,Perez,Doctor 50,2023-10-28
P0438,Patricia,Adams,Doctor 86,2023-10-28
P0439,Frank,Turner,Doctor 47,2023-10-28
P0487,Samuel,Evans,Doctor 76,2023-10-28
P0640,Betty,Mitchell,Doctor 57,2023-10-28
P0776,Jessica,Cooper,Doctor 13,2023-10-28
P0811,Dennis,Evans,Doctor 93,2023-10-28
P0811,Dennis,Evans,Doctor 93,2023-10-28
P0832,Donald,Sanchez,Doctor 45,2023-10-28
P0973,Patrick,Parker,Doctor 62,2023-10-28
P0985,Dorothy,Johnson,Doctor 5,2023-10-28
P1008,Jack,Morris,Doctor 54,2023-10-28
P1104,Jessica,Patel,Doctor 25,2023-10-28
P1211,Melissa,Johnson,Doctor 56,2023-10-28
P1267,Elizabeth,White,Doctor 46,2023-10-28
P1298,Jacob,Cox,Doctor 29,2023-10-28
P1326,Ruth,Torres,Doctor 44,2023-10-28
P1502,Aaron,Davis,Doctor 62,2023-10-28
P0017,Kenneth,Ortiz,Doctor 35,2023-10-29
P0201,James,Evans,Doctor 45,2023-10-29
P0235,Deborah,Anderson,Doctor 17,2023-10-29
P0310,Jerry,Campbell,Doctor 80,2023-10-29
P0364,Joshua,Ramirez,Doctor 48,2023-10-29
P0384,Susan,Harris,Doctor 77,2023-10-29
P0387,Frank,Gonzalez,Doctor 81,2023-10-29
P0397,Gary,Torres,Doctor 62,2023-10-29
P0454,Brenda,Kelly,Doctor 18,2023-10-29
P0498,Emma,Price,Doctor 96,2023-10-29
P0723,Dorothy,Kelly,Doctor 23,2023-10-29
P0897,Lisa,Patel,Doctor 33,2023-10-29
P0933,Samuel,Smith,Doctor 29,2023-10-29
P1032,Michael,Gonzalez,Doctor 81,2023-10-29
P1142,Anthony,Brown,Doctor 42,2023-10-29
P1146,Stephen,Collins,Doctor 21,2023-10-29
P1191,William,Thompson,Doctor 77,2023-10-29
P1219,Jeffrey,Morris,Doctor 54,2023-10-29
P1240,Jeffrey,Cox,Doctor 69,2023-10-29
P1371,Barbara,Wood,Doctor 4,2023-10-29
P1405,Lisa,Edwards,Doctor 98,2023-10-29
P1511,Samuel,Hill,Doctor 41,2023-10-29
P0026,Raymond,Campbell,Doctor 14,2023-10-30
P0072,Aaron,Hughes,Doctor 94,2023-10-30
P0399,Joseph,Harris,Doctor 74,2023-10-30
P0446,William,Patel,Doctor 72,2023-10-30
P0454,Brenda,Kelly,Doctor 14,2023-10-30
P0471,Raymond,Mendoza,Doctor 46,2023-10-30
P0480,Tyler,Rodriguez,Doctor 44,2023-10-30
P0482,Larry,Rogers,Doctor 12,2023-10-30
P0527,Mark,Thompson,Doctor 83,2023-10-30
P0547,Scott,Morales,Doctor 1,2023-10-30
P0667,Joseph,Ramirez,Doctor 65,2023-10-30
P0763,Kimberly,Campbell,Doctor 94,2023-10-30
P0799,William,Mendoza,Doctor 59,2023-10-30
P0806,Samuel,Robinson,Doctor 25,2023-10-30
P1037,Timothy,Miller,Doctor 33,2023-10-30
P1187,Emma,Kim,Doctor 58,2023-10-30
P1262,Brandon,Jackson,Doctor 2,2023-10-30
P1307,Sarah,Wood,Doctor 16,2023-10-30
P1467,Eric,Allen,Doctor 59,2023-10-30
P0108,Melissa,Alvarez,Doctor 51,2023-10-31
P0240,Kimberly,Peterson,Doctor 36,2023-10-31
P0279,David,Watson,Doctor 92,2023-10-31
P0398,Sarah,Jones,Doctor 90,2023-10-31
P0523,Angela,Cook,Doctor 17,2023-10-31
P0808,Donna,Anderson,Doctor 60,2023-10-31
P0844,James,Castillo,Doctor 6,2023-10-31
P0905,George,Rodriguez,Doctor 29,2023-10-31
P1092,Jacob,Sanders,Doctor 75,2023-10-31
P1123,Jonathan,Taylor,Doctor 19,2023-10-31
P1123,Jonathan,Taylor,Doctor 17,2023-10-31
P1149,Michelle,Cox,Doctor 67,2023-10-31
P1163,Mary,Jackson,Doctor 97,2023-10-31
P1199,Sarah,Ramos,Doctor 98,2023-10-31
P1393,Jack,Gonzalez,Doctor 63,2023-10-31
P1447,Karen,Richardson,Doctor 34,2023-10-31
P1491,Justin,Lewis,Doctor 68,2023-10-31
P0111,Carol,Morgan,Doctor 3,2023-11-01
P0112,Jonathan,Morgan,Doctor 17,2023-11-01
P0217,Donald,Cooper,Doctor 82,2023-11-01
P0241,Nancy,Brooks,Doctor 93,2023-11-01
P0356,Helen,Ramos,Doctor 19,2023-11-01
P0437,George,Green,Doctor 55,2023-11-01
P0442,William,Thomas,Doctor 10,2023-11-01
P0489,Gary,Thomas,Doctor 50,2023-11-01
P0612,Cynthia,Robinson,Doctor 25,2023-11-01
P0677,Anthony,Rogers,Doctor 5,2023-11-01
P0699,Michelle,Morgan,Doctor 51,2023-11-01
P0893,Nancy,Cook,Doctor 58,2023-11-01
P0931,Aaron,Patel,Doctor 55,2023-11-01
P0952,Anna,Rogers,Doctor 37,2023-11-01
P0970,Michelle,Roberts,Doctor 34,2023-11-01
P0975,Susan,Allen,Doctor 91,2023-11-01
P0976,Helen,Gonzalez,Doctor 43,2023-11-01
P1051,Jose,Cox,Doctor 82,2023-11-01
P1212,Linda,Baker,Doctor 36,2023-11-01
P1464,Laura,Ramos,Doctor 71,2023-11-01
P1536,Jack,White,Doctor 2,2023-11-01
P0014,Deborah,Stewart,Doctor 87,2023-11-02
P0014,Deborah,Stewart,Doctor 33,2023-11-02
P0049,Andrew,Williams,Doctor 19,2023-11-02
P0082,Mary,Ortiz,Doctor 48,2023-11-02
P0245,Donna,Harris,Doctor 78,2023-11-02
P0268,Kimberly,Chavez,Doctor 68,2023-11-02
P0277,Amy,Parker,Doctor 53,2023-11-02
P0354,Dennis,Roberts,Doctor 73,2023-11-02
P0359,Deborah,Walker,Doctor 87,2023-11-02
P0401,Samuel,Flores,Doctor 18,2023-11-02
P0431,Sarah,Taylor,Doctor 90,2023-11-02
P0459,Sandra,Peterson,Doctor 97,2023-11-02
P0477,Nancy,Ramos,Doctor 45,2023-11-02
P0597,Carol,Miller,Doctor 68,2023-11-02
P0667,Joseph,Ramirez,Doctor 39,2023-11-02
P0741,Tyler,Ramirez,Doctor 29,2023-11-02
P0850,Karen,Smith,Doctor 24,2023-11-02
P0909,Patrick,Gomez,Doctor 89,2023-11-02
P1007,Aaron,Moore,Doctor 98,2023-11-02
P1037,Timothy,Miller,Doctor 19,2023-11-02
P1105,Tyler,Watson,Doctor 47,2023-11-02
P1298,Jacob,Cox,Doctor 38,2023-11-02
P1328,Matthew,Rogers,Doctor 49,2023-11-02
P1340,Jerry,Evans,Doctor 42,2023-11-02
P1393,Jack,Gonzalez,Doctor 28,2023-11-02
P1427,Ryan,Wilson,Doctor 70,2023-11-02
P1449,Andrew,Wilson,Doctor 38,2023-11-02
P1460,Tyler,Morales,Doctor 48,2023-11-02
P0073,Virginia,Diaz,Doctor 11,2023-11-03
P0409,Angela,Hernandez,Doctor 5,2023-11-03
P0419,Daniel,Watson,Doctor 44,2023-11-03
P0504,John,Bennett,Doctor 85,2023-11-03
P0701,Thomas,Adams,Doctor 35,2023-11-03
P0711,Deborah,Bailey,Doctor 49,2023-11-03
P0741,Tyler,Ramirez,Doctor 6,2023-11-03
P0817,Matthew,Moore,Doctor 88,2023-11-03
P0889,Charles,White,Doctor 59,2023-11-03
P1161,Donna,Collins,Doctor 48,2023-11-03
P1171,Andrew,Morales,Doctor 74,2023-11-03
P1193,Charles,Hughes,Doctor 79,2023-11-03
P1301,Stephen,Nguyen,Doctor 34,2023-11-03
P1329,Edward,Hill,Doctor 69,2023-11-03
P1342,Kimberly,Diaz,Doctor 97,2023-11-03
P1350,Susan,Parker,Doctor 25,2023-11-03
P1418,Lisa,Roberts,Doctor 91,2023-11-03
P1471,Matthew,Bennett,Doctor 4,2023-11-03
P1499,Carol,Baker,Doctor 31,2023-11-03
P1502,Aaron,Davis,Doctor 63,2023-11-03
P1527,Brandon,Ward,Doctor 34,2023-11-03
P0003,Jason,Richardson,Doctor 67,2023-11-04
P0022,Jason,Turner,Doctor 18,2023-11-04
P0032,Tyler,Ortiz,Doctor 73,2023-11-04
P0062,Linda,White,Doctor 77,2023-11-04
P0232,William,Nguyen,Doctor 28,2023-11-04
P0278,Sarah,Reyes,Doctor 99,2023-11-04
P0290,Michael,Nguyen,Doctor 73,2023-11-04
P0291,Matthew,Johnson,Doctor 14,2023-11-04
P0412,Betty,Campbell,Doctor 70,2023-11-04
P0448,Jack,Hill,Doctor 84,2023-11-04
P0531,Donald,Reed,Doctor 73,2023-11-04
P0567,Deborah,Williams,Doctor 40,2023-11-04
P0593,Joshua,Torres,Doctor 2,2023-11-04
P0624,Sarah,Jackson,Doctor 73,2023-11-04
P0760,Dennis,Campbell,Doctor 25,2023-11-04
P0822,Kimberly,Smith,Doctor 39,2023-11-04
P0956,Mary,Parker,Doctor 18,2023-11-04
P1108,Michelle,Hill,Doctor 76,2023-11-04
P1140,Joseph,Gomez,Doctor 80,2023-11-04
P1338,Sarah,Anderson,Doctor 18,2023-11-04
P1353,George,Mitchell,Doctor 50,2023-11-04
P0003,Jason,Richardson,Doctor 75,2023-11-05
P0007,Sarah,Hill,Doctor 43,2023-11-05
P0060,Jack,Taylor,Doctor 57,2023-11-05
P0108,Melissa,Alvarez,Doctor 51,2023-11-05
P0172,Lisa,King,Doctor 84,2023-11-05
P0308,Sarah,Collins,Doctor 70,2023-11-05
P0458,Joseph,Brown,Doctor 22,2023-11-05
P0536,Nancy,Carter,Doctor 23,2023-11-05
P0553,Melissa,Reed,Doctor 15,2023-11-05
P0606,Jerry,Collins,Doctor 99,2023-11-05
P0674,Karen,Rogers,Doctor 60,2023-11-05
P0718,Sarah,Myers,Doctor 18,2023-11-05
P0834,Karen,Cruz,Doctor 20,2023-11-05
P0853,Eric,White,Doctor 33,2023-11-05
P0994,Michelle,Bailey,Doctor 80,2023-11-05
P1021,Stephen,Allen,Doctor 38,2023-11-05
P1028,Thomas,Nguyen,Doctor 80,2023-11-05
P1086,Daniel,Murphy,Doctor 84,2023-11-05
P1239,Elizabeth,Miller,Doctor 11,2023-11-05
P1259,Elizabeth,Moore,Doctor 25,2023-11-05
P1512,Jack,Cook,Doctor 92,2023-11-05
P0024,Nancy,Alvarez,Doctor 65,2023-11-06
P0194,Michael,Cook,Doctor 87,2023-11-06
P0199,Ryan,Richardson,Doctor 55,2023-11-06
P0404,Anthony,Turner,Doctor 24,2023-11-06
P0558,Shirley,Campbell,Doctor 70,2023-11-06
P0662,Shirley,Robinson,Doctor 71,2023-11-06
P0667,Joseph,Ramirez,Doctor 100,2023-11-06
P0807,Donna,Ruiz,Doctor 19,2023-11-06
P0865,Barbara,Cox,Doctor 6,2023-11-06
P1244,Dennis,Baker,Doctor 83,2023-11-06
P1265,Amy,Murphy,Doctor 37,2023-11-06
P1272,Kimberly,Robinson,Doctor 20,2023-11-06
P1378,Samuel,Cox,Doctor 100,2023-11-06
P1415,Deborah,Allen,Doctor 18,2023-11-06
P1498,Brandon,Edwards,Doctor 4,2023-11-06
P1512,Jack,Cook,Doctor 59,2023-11-06
P1528,Deborah,Baker,Doctor 7,2023-11-06
P1533,Linda,Lee,Doctor 88,2023-11-06
P0008,Joshua,Patel,Doctor 92,2023-11-07
P0091,Sharon,Carter,Doctor 61,2023-11-07
P0150,Laura,Baker,Doctor 62,2023-11-07
P0210,Andrew,Turner,Doctor 2,2023-11-07
P0261,Justin,Ramirez,Doctor 65,2023-11-07
P0271,Jennifer,Anderson,Doctor 51,2023-11-07
P0291,Matthew,Johnson,Doctor 6,2023-11-07
P0313,Sarah,Perez,Doctor 81,2023-11-07
P0323,Frank,Gutierrez,Doctor 10,2023-11-07
P0439,Frank,Turner,Doctor 99,2023-11-07
P0599,Jessica,Wright,Doctor 87,2023-11-07
P0612,Cynthia,Robinson,Doctor 33,2023-11-07
P0669,Jose,Harris,Doctor 65,2023-11-07
P0681,Lisa,James,Doctor 9,2023-11-07
P0707,Jose,Cooper,Doctor 49,2023-11-07
P0740,Deborah,Cooper,Doctor 44,2023-11-07
P0848,Thomas,Hughes,Doctor 24,2023-11-07
P1083,Helen,Price,Doctor 63,2023-11-07
P1109,Daniel,King,Doctor 34,2023-11-07
P1163,Mary,Jackson,Doctor 45,2023-11-07
P1178,Nancy,Mitchell,Doctor 54,2023-11-07
P1306,Kenneth,Rodriguez,Doctor 7,2023-11-07
P1345,Anna,Lee,Doctor 36,2023-11-07
P1453,Betty,Harris,Doctor 3,2023-11-07
P1490,James,Ramirez,Doctor 25,2023-11-07
P0087,Rebecca,Rodriguez,Doctor 22,2023-11-08
P0098,Karen,Green,Doctor 63,2023-11-08
P0118,Kathleen,Lee,Doctor 54,2023-11-08
P0223,Barbara,White,Doctor 29,2023-11-08
P0286,Kimberly,Gonzalez,Doctor 50,2023-11-08
P0307,Tyler,Scott,Doctor 75,2023-11-08
P0361,Karen,Nguyen,Doctor 47,2023-11-08
P0441,Charles,Kim,Doctor 73,2023-11-08
P0502,Kimberly,Reyes,Doctor 31,2023-11-08
P0607,Sharon,Turner,Doctor 10,2023-11-08
P0618,Sandra,Morgan,Doctor 74,2023-11-08
P0626,Daniel,Allen,Doctor 48,2023-11-08
P0820,Tyler,Ramos,Doctor 72,2023-11-08
P0874,Daniel,Thompson,Doctor 21,2023-11-08
P1036,Linda,Ramos,Doctor 37,2023-11-08
P1142,Anthony,Brown,Doctor 99,2023-11-08
P1320,Andrew,Mendoza,Doctor 59,2023-11-08
P1379,George,Collins,Doctor 13,2023-11-08
P1446,Donna,Gonzalez,Doctor 43,2023-11-08
P1455,Robert,Cruz,Doctor 81,2023-11-08
P0016,Gregory,Green,Doctor 76,2023-11-09
P0038,Cynthia,Cox,Doctor 2,2023-11-09
P0058,Patrick,James,Doctor 57,2023-11-09
P0304,Jonathan,Bailey,Doctor 64,2023-11-09
P0361,Karen,Nguyen,Doctor 82,2023-11-09
P0373,Sharon,Edwards,Doctor 28,2023-11-09
P0384,Susan,Harris,Doctor 83,2023-11-09
P0436,Karen,Gutierrez,Doctor 52,2023-11-09
P0452,Daniel,Cox,Doctor 27,2023-11-09
P0488,Richard,Castillo,Doctor 92,2023-11-09
P0490,Gregory,Carter,Doctor 9,2023-11-09
P0501,Michelle,Stewart,Doctor 25,2023-11-09
P0566,Anthony,Jones,Doctor 33,2023-11-09
P0607,Sharon,Turner,Doctor 8,2023-11-09
P0609,Thomas,Richardson,Doctor 49,2023-11-09
P0647,Elizabeth,Ortiz,Doctor 74,2023-11-09
P0751,Jerry,Martin,Doctor 32,2023-11-09
P0771,Kevin,Phillips,Doctor 86,2023-11-09
P0774,Michael,Murphy,Doctor 27,2023-11-09
P0833,Dennis,Lopez,Doctor 42,2023-11-09
P0893,Nancy,Cook,Doctor 4,2023-11-09
P1042,Betty,Green,Doctor 59,2023-11-09
P1064,Deborah,Ortiz,Doctor 92,2023-11-09
P1094,Jessica,Hall,Doctor 61,2023-11-09
P1111,Kimberly,Martinez,Doctor 68,2023-11-09
P1150,Helen,Thompson,Doctor 60,2023-11-09
P1239,Elizabeth,Miller,Doctor 6,2023-11-09
P1289,Sarah,Lopez,Doctor 81,2023-11-09
P1463,Mark,Richardson,Doctor 51,2023-11-09
P1481,Ryan,Reyes,Doctor 74,2023-11-09
P1485,James,Turner,Doctor 53,2023-11-09
P1527,Brandon,Ward,Doctor 40,2023-11-09
P0021,Linda,Walker,Doctor 73,2023-11-10
P0056,Ronald,Ramos,Doctor 32,2023-11-10
P0179,Frank,Ortiz,Doctor 52,2023-11-10
P0181,Amy,Torres,Doctor 98,2023-11-10
P0208,Christopher,Rogers,Doctor 93,2023-11-10
P0262,Matthew,Scott,Doctor 77,2023-11-10
P0312,Alexander,Myers,Doctor 45,2023-11-10
P0381,Christopher,Robinson,Doctor 2,2023-11-10
P0464,Frank,Perez,Doctor 6,2023-11-10
P0563,Cynthia,Ward,Doctor 95,2023-11-10
P0599,Jessica,Wright,Doctor 87,2023-11-10
P0749,Shirley,Jackson,Doctor 76,2023-11-10
P0809,Kathleen,Kelly,Doctor 26,2023-11-10
P0822,Kimberly,Smith,Doctor 65,2023-11-10
P0834,Karen,Cruz,Doctor 12,2023-11-10
P0851,Jacob,Davis,Doctor 39,2023-11-10
P1009,Gary,Clark,Doctor 22,2023-11-10
P1162,Kenneth,Johnson,Doctor 4,2023-11-10
P1213,Lisa,Rivera,Doctor 25,2023-11-10
P1311,Richard,Davis,Doctor 24,2023-11-10
P1318,Jonathan,Wilson,Doctor 87,2023-11-10
P1445,Ryan,Collins,Doctor 67,2023-11-10
P1480,Virginia,Allen,Doctor 73,2023-11-10
P1500,Donald,Price,Doctor 63,2023-11-10
P0084,Carol,Rivera,Doctor 91,2023-11-11
P0112,Jonathan,Morgan,Doctor 17,2023-11-11
P0113,Robert,Cooper,Doctor 32,2023-11-11
P0170,Jeffrey,Wood,Doctor 84,2023-11-11
P0185,Benjamin,Gutierrez,Doctor 40,2023-11-11
P0280,Shirley,Parker,Doctor 36,2023-11-11
P0288,Justin,Wright,Doctor 41,2023-11-11
P0297,Laura,Thomas,Doctor 73,2023-11-11
P0346,Michelle,Murphy,Doctor 92,2023-11-11
P0495,Frank,Ruiz,Doctor 26,2023-11-11
P0504,John,Bennett,Doctor 85,2023-11-11
P0564,Lisa,Bennett,Doctor 27,2023-11-11
P0597,Carol,Miller,Doctor 81,2023-11-11
P0774,Michael,Murphy,Doctor 4,2023-11-11
P0810,Lisa,Allen,Doctor 19,2023-11-11
P0873,Dennis,Ruiz,Doctor 27,2023-11-11
P0879,Shirley,Mendoza,Doctor 32,2023-11-11
P0961,Michael,Hughes,Doctor 44,2023-11-11
P0964,Andrew,Martinez,Doctor 30,2023-11-11
P1087,Gregory,Gonzalez,Doctor 92,2023-11-11
P1122,Robert,Wilson,Doctor 85,2023-11-11
P1288,Jessica,Wilson,Doctor 2,2023-11-11
P1308,Thomas,Thompson,Doctor 30,2023-11-11
P1334,James,Torres,Doctor 39,2023-11-11
P1391,Nancy,Adams,Doctor 36,2023-11-11
P1416,Jerry,Turner,Doctor 50,2023-11-11
P1435,James,Ortiz,Doctor 23,2023-11-11
P1509,Sarah,Cruz,Doctor 90,2023-11-11
P0021,Linda,Walker,Doctor 82,2023-11-12
P0268,Kimberly,Chavez,Doctor 64,2023-11-12
P0270,Dennis,Hughes,Doctor 97,2023-11-12
P0294,Jack,Robinson,Doctor 88,2023-11-12
P0368,Jonathan,Jones,Doctor 31,2023-11-12
P0476,Jennifer,Miller,Doctor 17,2023-11-12
P0481,Benjamin,Sanders,Doctor 56,2023-11-12
P0522,Daniel,Peterson,Doctor 7,2023-11-12
P0552,Karen,Robinson,Doctor 28,2023-11-12
P0555,Sharon,Chavez,Doctor 81,2023-11-12
P0581,Joshua,Anderson,Doctor 6,2023-11-12
P0698,Betty,Clark,Doctor 33,2023-11-12
P0714,Jessica,Murphy,Doctor 18,2023-11-12
P0789,Jacob,Scott,Doctor 93,2023-11-12
P0857,Carol,Reed,Doctor 76,2023-11-12
P0921,Jennifer,Jones,Doctor 20,2023-11-12
P0959,Jose,Nelson,Doctor 3,2023-11-12
P1018,Ruth,Wilson,Doctor 42,2023-11-12
P1104,Jessica,Patel,Doctor 25,2023-11-12
P1146,Stephen,Collins,Doctor 57,2023-11-12
P1209,William,Rogers,Doctor 51,2023-11-12
P1301,Stephen,Nguyen,Doctor 75,2023-11-12
P1362,Daniel,Cooper,Doctor 47,2023-11-12
P1508,Ronald,Anderson,Doctor 99,2023-11-12
P1520,Richard,Cruz,Doctor 93,2023-11-12
P0041,Betty,Adams,Doctor 42,2023-11-13
P0061,Helen,Torres,Doctor 64,2023-11-13
P0073,Virginia,Diaz,Doctor 11,2023-11-13
P0083,Dennis,Patel,Doctor 59,2023-11-13
P0089,Laura,Adams,Doctor 44,2023-11-13
P0144,Aaron,Phillips,Doctor 9,2023-11-13
P0204,Justin,Bailey,Doctor 15,2023-11-13
P0244,Alexander,Chavez,Doctor 30,2023-11-13
P0326,Jason,Peterson,Doctor 64,2023-11-13
P0365,Carol,Murphy,Doctor 31,2023-11-13
P0373,Sharon,Edwards,Doctor 64,2023-11-13
P0434,David,Gonzalez,Doctor 4,2023-11-13
P0622,Sarah,Nelson,Doctor 29,2023-11-13
P0648,Tyler,Robinson,Doctor 97,2023-11-13
P0681,Lisa,James,Doctor 18,2023-11-13
P0692,Linda,Cox,Doctor 66,2023-11-13
P0724,Deborah,Morales,Doctor 53,2023-11-13
P0762,Larry,Martin,Doctor 14,2023-11-13
P0779,Kevin,Adams,Doctor 72,2023-11-13
P0833,Dennis,Lopez,Doctor 42,2023-11-13
P1015,Frank,Brown,Doctor 72,2023-11-13
P1052,Carol,Rogers,Doctor 33,2023-11-13
P1070,Jerry,Nguyen,Doctor 27,2023-11-13
P1074,Christopher,Moore,Doctor 14,2023-11-13
P1126,Robert,Gray,Doctor 11,2023-11-13
P1134,Sarah,Harris,Doctor 7,2023-11-13
P1170,Helen,Carter,Doctor 84,2023-11-13
P1198,Christopher,Cook,Doctor 93,2023-11-13
P1304,Virginia,Hall,Doctor 54,2023-11-13
P1440,Karen,Peterson,Doctor 60,2023-11-13
P0016,Gregory,Green,Doctor 48,2023-11-14
P0066,Jack,Williams,Doctor 16,2023-11-14
P0076,Edward,Roberts,Doctor 34,2023-11-14
P0082,Mary,Ortiz,Doctor 48,2023-11-14
P0121,Sarah,Reed,Doctor 63,2023-11-14
P0133,Jonathan,Young,Doctor 94,2023-11-14
P0147,Betty,Carter,Doctor 89,2023-11-14
P0164,Deborah,Howard,Doctor 27,2023-11-14
P0175,Justin,Robinson,Doctor 90,2023-11-14
P0381,Christopher,Robinson,Doctor 46,2023-11-14
P0486,Jason,Nguyen,Doctor 53,2023-11-14
P0548,Patrick,Gutierrez,Doctor 39,2023-11-14
P0548,Patrick,Gutierrez,Doctor 37,2023-11-14
P0631,Deborah,Thompson,Doctor 69,2023-11-14
P0648,Tyler,Robinson,Doctor 71,2023-11-14
P0685,Jason,Carter,Doctor 67,2023-11-14
P0705,Donna,Stewart,Doctor 67,2023-11-14
P0734,Kimberly,Collins,Doctor 20,2023-11-14
P0736,Alexander,Wood,Doctor 33,2023-11-14
P0738,Lisa,Nelson,Doctor 8,2023-11-14
P0787,Richard,Hall,Doctor 61,2023-11-14
P0789,Jacob,Scott,Doctor 7,2023-11-14
P0816,Joshua,Phillips,Doctor 75,2023-11-14
P0840,David,Baker,Doctor 43,2023-11-14
P0944,Scott,Moore,Doctor 10,2023-11-14
P1092,Jacob,Sanders,Doctor 20,2023-11-14
P1176,Linda,Brooks,Doctor 57,2023-11-14
P1245,Michelle,White,Doctor 68,2023-11-14
P1306,Kenneth,Rodriguez,Doctor 7,2023-11-14
P0035,Lisa,Rodriguez,Doctor 65,2023-11-15
P0044,Frank,Murphy,Doctor 46,2023-11-15
P0128,Justin,Green,Doctor 89,2023-11-15
P0210,Andrew,Turner,Doctor 61,2023-11-15
P0247,Michael,Johnson,Doctor 8,2023-11-15
P0257,David,Smith,Doctor 5,2023-11-15
P0262,Matthew,Scott,Doctor 46,2023-11-15
P0275,Melissa,Gray,Doctor 33,2023-11-15
P0355,Sharon,Scott,Doctor 72,2023-11-15
P0432,Jose,Reyes,Doctor 50,2023-11-15
P0433,Karen,Wood,Doctor 2,2023-11-15
P0843,Eric,Mendoza,Doctor 49,2023-11-15
P0869,Barbara,King,Doctor 63,2023-11-15
P0932,Donna,King,Doctor 58,2023-11-15
P0978,Betty,Robinson,Doctor 92,2023-11-15
P1040,Edward,Edwards,Doctor 10,2023-11-15
P1053,Jessica,Martin,Doctor 56,2023-11-15
P1208,Jerry,Thomas,Doctor 8,2023-11-15
P1234,Jessica,Miller,Doctor 37,2023-11-15
P1289,Sarah,Lopez,Doctor 14,2023-11-15
P1295,Helen,Lewis,Doctor 27,2023-11-15
P1375,Eric,Roberts,Doctor 4,2023-11-15
P1534,Steven,Gonzalez,Doctor 100,2023-11-15
P0020,Barbara,Miller,Doctor 49,2023-11-16
P0042,Brenda,Anderson,Doctor 91,2023-11-16
P0216,Scott,Scott,Doctor 94,2023-11-16
P0220,Steven,Gomez,Doctor 5,2023-11-16
P0225,Gregory,Miller,Doctor 31,2023-11-16
P0353,Dorothy,Torres,Doctor 70,2023-11-16
P0518,Emma,Castillo,Doctor 34,2023-11-16
P0529,Rebecca,Kelly,Doctor 72,2023-11-16
P0638,Kimberly,Torres,Doctor 15,2023-11-16
P0688,John,Robinson,Doctor 86,2023-11-16
P0877,Steven,Lee,Doctor 90,2023-11-16
P0903,Karen,Davis,Doctor 26,2023-11-16
P0966,Kimberly,Patel,Doctor 40,2023-11-16
P0975,Susan,Allen,Doctor 79,2023-11-16
P1027,John,Rivera,Doctor 83,2023-11-16
P1074,Christopher,Moore,Doctor 39,2023-11-16
P1155,Laura,Young,Doctor 66,2023-11-16
P1249,Laura,Morgan,Doctor 85,2023-11-16
P1250,Ruth,Scott,Doctor 3,2023-11-16
P1251,Anna,Hall,Doctor 72,2023-11-16
P1302,Kathleen,Phillips,Doctor 74,2023-11-16
P1312,Melissa,Walker,Doctor 2,2023-11-16
P1353,George,Mitchell,Doctor 50,2023-11-16
P1387,Shirley,Chavez,Doctor 7,2023-11-16
P0006,Steven,Scott,Doctor 41,2023-11-17
P0277,Amy,Parker,Doctor 26,2023-11-17
P0358,Larry,Johnson,Doctor 29,2023-11-17
P0419,Daniel,Watson,Doctor 4,2023-11-17
P0438,Patricia,Adams,Doctor 81,2023-11-17
P0490,Gregory,Carter,Doctor 84,2023-11-17
P0704,Kathleen,Walker,Doctor 3,2023-11-17
P0711,Deborah,Bailey,Doctor 41,2023-11-17
P0740,Deborah,Cooper,Doctor 99,2023-11-17
P0824,Carol,Gonzalez,Doctor 77,2023-11-17
P0859,Ronald,Jones,Doctor 63,2023-11-17
P0882,Angela,Evans,Doctor 3,2023-11-17
P0916,Ronald,Nelson,Doctor 23,2023-11-17
P0956,Mary,Parker,Doctor 22,2023-11-17
P1028,Thomas,Nguyen,Doctor 80,2023-11-17
P1171,Andrew,Morales,Doctor 9,2023-11-17
P1192,Ruth,Jackson,Doctor 3,2023-11-17
P1199,Sarah,Ramos,Doctor 71,2023-11-17
P1256,David,Nelson,Doctor 43,2023-11-17
P1265,Amy,Murphy,Doctor 16,2023-11-17
P1266,Richard,Myers,Doctor 17,2023-11-17
P1345,Anna,Lee,Doctor 36,2023-11-17
P1401,Jerry,Wright,Doctor 28,2023-11-17
P1470,Tyler,Reyes,Doctor 36,2023-11-17
P1512,Jack,Cook,Doctor 39,2023-11-17
P0094,Scott,Myers,Doctor 23,2023-11-18
P0198,Michelle,Diaz,Doctor 84,2023-11-18
P0360,George,Anderson,Doctor 82,2023-11-18
P0436,Karen,Gutierrez,Doctor 77,2023-11-18
P0483,Daniel,Wright,Doctor 50,2023-11-18
P0497,Anna,Sanders,Doctor 23,2023-11-18
P0510,Karen,Cooper,Doctor 88,2023-11-18
P0781,Jessica,Kelly,Doctor 95,2023-11-18
P0862,Deborah,Scott,Doctor 21,2023-11-18
P0877,Steven,Lee,Doctor 84,2023-11-18
P0931,Aaron,Patel,Doctor 77,2023-11-18
P1013,Jessica,Wood,Doctor 95,2023-11-18
P1056,Joseph,Miller,Doctor 5,2023-11-18
P1061,Betty,Garcia,Doctor 55,2023-11-18
P1105,Tyler,Watson,Doctor 15,2023-11-18
P1145,Jonathan,Howard,Doctor 58,2023-11-18
P1203,Jason,Hughes,Doctor 37,2023-11-18
P1249,Laura,Morgan,Doctor 39,2023-11-18
P1425,Dennis,Ramos,Doctor 93,2023-11-18
P1443,Jose,Taylor,Doctor 23,2023-11-18
P1514,Ruth,Phillips,Doctor 75,2023-11-18
P1518,Mary,Alvarez,Doctor 44,2023-11-18
P1519,Brian,Torres,Doctor 19,2023-11-18
P0164,Deborah,Howard,Doctor 27,2023-11-19
P0249,Richard,Scott,Doctor 2,2023-11-19
P0263,Brenda,Morris,Doctor 15,2023-11-19
P0396,Richard,Brooks,Doctor 93,2023-11-19
P0485,Cynthia,Ramirez,Doctor 69,2023-11-19
P0610,Deborah,Thomas,Doctor 53,2023-11-19
P0614,Sarah,Lee,Doctor 39,2023-11-19
P0616,Carol,Edwards,Doctor 81,2023-11-19
P0618,Sandra,Morgan,Doctor 73,2023-11-19
P0682,Eric,Evans,Doctor 67,2023-11-19
P0780,Brian,Green,Doctor 21,2023-11-19
P0788,Donna,Sanders,Doctor 77,2023-11-19
P0796,Kevin,Morales,Doctor 17,2023-11-19
P0842,Deborah,Kim,Doctor 22,2023-11-19
P0886,Michael,Reed,Doctor 27,2023-11-19
P0943,Steven,Robinson,Doctor 69,2023-11-19
P1112,Helen,Reed,Doctor 100,2023-11-19
P1198,Christopher,Cook,Doctor 87,2023-11-19
P1205,Robert,Wood,Doctor 41,2023-11-19
P1267,Elizabeth,White,Doctor 59,2023-11-19
P1320,Andrew,Mendoza,Doctor 39,2023-11-19
P1497,Frank,Wright,Doctor 52,2023-11-19
P1525,Brandon,Wood,Doctor 5,2023-11-19
P0011,Brandon,Davis,Doctor 54,2023-11-20
P0026,Raymond,Campbell,Doctor 31,2023-11-20
P0088,James,Cox,Doctor 26,2023-11-20
P0273,Joshua,Kim,Doctor 4,2023-11-20
P0310,Jerry,Campbell,Doctor 66,2023-11-20
P0363,Carol,Anderson,Doctor 46,2023-11-20
P0363,Carol,Anderson,Doctor 76,2023-11-20
P0369,Nancy,Peterson,Doctor 20,2023-11-20
P0502,Kimberly,Reyes,Doctor 1,2023-11-20
P0520,Benjamin,Thompson,Doctor 19,2023-11-20
P0581,Joshua,Anderson,Doctor 6,2023-11-20
P0587,Sandra,Davis,Doctor 57,2023-11-20
P0673,Sharon,Cooper,Doctor 19,2023-11-20
P0725,Kimberly,Walker,Doctor 94,2023-11-20
P0881,Jessica,Green,Doctor 96,2023-11-20
P0941,Larry,Hall,Doctor 50,2023-11-20
P1045,Sandra,Chavez,Doctor 97,2023-11-20
P1050,Scott,Reed,Doctor 88,2023-11-20
P1051,Jose,Cox,Doctor 26,2023-11-20
P1086,Daniel,Murphy,Doctor 73,2023-11-20
P1088,Virginia,Cox,Doctor 13,2023-11-20
P1126,Robert,Gray,Doctor 16,2023-11-20
P1128,Melissa,Morgan,Doctor 38,2023-11-20
P1411,Matthew,Lopez,Doctor 27,2023-11-20
P1430,Patrick,Hughes,Doctor 69,2023-11-20
P1447,Karen,Richardson,Doctor 34,2023-11-20
P1454,Ruth,Perez,Doctor 32,2023-11-20
P0074,Nancy,Richardson,Doctor 11,2023-11-21
P0393,Anna,Morales,Doctor 13,2023-11-21
P0498,Emma,Price,Doctor 96,2023-11-21
P0680,Jeffrey,Lewis,Doctor 72,2023-11-21
P0711,Deborah,Bailey,Doctor 41,2023-11-21
P0777,Emma,Murphy,Doctor 16,2023-11-21
P0890,Larry,Cruz,Doctor 53,2023-11-21
P0913,Helen,Miller,Doctor 80,2023-11-21
P1035,Donna,Allen,Doctor 1,2023-11-21
P1045,Sandra,Chavez,Doctor 89,2023-11-21
P1072,Kimberly,Rivera,Doctor 50,2023-11-21
P1077,Gary,Edwards,Doctor 40,2023-11-21
P1159,Jerry,Kim,Doctor 80,2023-11-21
P1209,William,Rogers,Doctor 38,2023-11-21
P1396,Matthew,Jackson,Doctor 10,2023-11-21
P1417,Ryan,Clark,Doctor 43,2023-11-21
P0091,Sharon,Carter,Doctor 33,2023-11-22
P0154,Betty,Diaz,Doctor 63,2023-11-22
P0181,Amy,Torres,Doctor 98,2023-11-22
P0234,Melissa,Phillips,Doctor 82,2023-11-22
P0239,Jacob,Gutierrez,Doctor 58,2023-11-22
P0303,William,Clark,Doctor 87,2023-11-22
P0310,Jerry,Campbell,Doctor 66,2023-11-22
P0384,Susan,Harris,Doctor 92,2023-11-22
P0583,Laura,Jackson,Doctor 40,2023-11-22
P0697,Ruth,White,Doctor 64,2023-11-22
P0733,Timothy,Carter,Doctor 60,2023-11-22
P0762,Larry,Martin,Doctor 14,2023-11-22
P0791,Justin,Thompson,Doctor 49,2023-11-22
P0998,Gregory,Ortiz,Doctor 3,2023-11-22
P1066,Virginia,Sanchez,Doctor 52,2023-11-22
P1136,Brenda,Castillo,Doctor 51,2023-11-22
P1168,Charles,Sanders,Doctor 27,2023-11-22
P1310,Matthew,Lee,Doctor 84,2023-11-22
P1518,Mary,Alvarez,Doctor 2,2023-11-22
P0082,Mary,Ortiz,Doctor 25,2023-11-23
P0093,Jacob,Hall,Doctor 22,2023-11-23
P0095,Thomas,Bennett,Doctor 26,2023-11-23
P0097,Tyler,Hall,Doctor 76,2023-11-23
P0133,Jonathan,Young,Doctor 94,2023-11-23
P0152,Joseph,Lopez,Doctor 77,2023-11-23
P0170,Jeffrey,Wood,Doctor 27,2023-11-23
P0388,Scott,Nelson,Doctor 81,2023-11-23
P0622,Sarah,Nelson,Doctor 1,2023-11-23
P0681,Lisa,James,Doctor 18,2023-11-23
P0687,Jack,Bailey,Doctor 90,2023-11-23
P0803,David,Garcia,Doctor 9,2023-11-23
P0868,Mary,Martin,Doctor 100,2023-11-23
P1047,Nicholas,Rogers,Doctor 18,2023-11-23
P1155,Laura,Young,Doctor 52,2023-11-23
P1225,Raymond,Wright,Doctor 56,2023-11-23
P1252,Jonathan,Ward,Doctor 33,2023-11-23
P1319,Michael,Harris,Doctor 14,2023-11-23
P1383,Melissa,Flores,Doctor 94,2023-11-23
P1443,Jose,Taylor,Doctor 47,2023-11-23
P1462,Raymond,Garcia,Doctor 14,2023-11-23
P1471,Matthew,Bennett,Doctor 41,2023-11-23
P0086,Lisa,Nguyen,Doctor 65,2023-11-24
P0392,Anthony,Phillips,Doctor 64,2023-11-24
P0396,Richard,Brooks,Doctor 56,2023-11-24
P0397,Gary,Torres,Doctor 42,2023-11-24
P0427,Carol,Cook,Doctor 34,2023-11-24
P0434,David,Gonzalez,Doctor 83,2023-11-24
P0445,Edward,Wright,Doctor 78,2023-11-24
P0450,Sarah,Ruiz,Doctor 47,2023-11-24
P0525,John,Thomas,Doctor 79,2023-11-24
P0574,Laura,Cooper,Doctor 76,2023-11-24
P0634,Ruth,Gray,Doctor 21,2023-11-24
P0720,Joseph,Edwards,Doctor 77,2023-11-24
P1022,Kimberly,Roberts,Doctor 85,2023-11-24
P1051,Jose,Cox,Doctor 14,2023-11-24
P1062,Aaron,Rivera,Doctor 97,2023-11-24
P1080,Ronald,Brooks,Doctor 71,2023-11-24
P1115,Sandra,Brown,Doctor 67,2023-11-24
P1125,Helen,Howard,Doctor 33,2023-11-24
P1213,Lisa,Rivera,Doctor 25,2023-11-24
P1480,Virginia,Allen,Doctor 97,2023-11-24
P0024,Nancy,Alvarez,Doctor 83,2023-11-25
P0147,Betty,Carter,Doctor 88,2023-11-25
P0157,William,Robinson,Doctor 83,2023-11-25
P0449,Angela,Myers,Doctor 64,2023-11-25
P0474,Sarah,Brown,Doctor 66,2023-11-25
P0517,Linda,Rogers,Doctor 84,2023-11-25
P0650,Mark,Baker,Doctor 37,2023-11-25
P0726,Ruth,Nguyen,Doctor 55,2023-11-25
P0872,Virginia,Bailey,Doctor 44,2023-11-25
P1001,Linda,Torres,Doctor 58,2023-11-25
P1004,David,Williams,Doctor 36,2023-11-25
P1135,Susan,Ramirez,Doctor 34,2023-11-25
P1140,Joseph,Gomez,Doctor 99,2023-11-25
P1171,Andrew,Morales,Doctor 64,2023-11-25
P1189,Linda,Robinson,Doctor 90,2023-11-25
P1287,Matthew,Harris,Doctor 37,2023-11-25
P1329,Edward,Hill,Doctor 75,2023-11-25
P1346,Michelle,Turner,Doctor 47,2023-11-25
P1353,George,Mitchell,Doctor 75,2023-11-25
P1411,Matthew,Lopez,Doctor 10,2023-11-25
P1478,Kimberly,Moore,Doctor 7,2023-11-25
P1501,Helen,Anderson,Doctor 83,2023-11-25
P1517,Carol,Evans,Doctor 46,2023-11-25
P1534,Steven,Gonzalez,Doctor 70,2023-11-25
P0307,Tyler,Scott,Doctor 86,2023-11-26
P0609,Thomas,Richardson,Doctor 84,2023-11-26
P0639,Laura,Davis,Doctor 42,2023-11-26
P0743,Sharon,Gonzalez,Doctor 3,2023-11-26
P0773,Lisa,Jones,Doctor 57,2023-11-26
P0831,Ruth,Price,Doctor 12,2023-11-26
P0887,Michelle,Jackson,Doctor 9,2023-11-26
P0926,Sharon,Cox,Doctor 42,2023-11-26
P1035,Donna,Allen,Doctor 1,2023-11-26
P1175,Brian,Clark,Doctor 56,2023-11-26
P1189,Linda,Robinson,Doctor 90,2023-11-26
P1191,William,Thompson,Doctor 32,2023-11-26
P1227,Raymond,Morris,Doctor 91,2023-11-26
P1246,Timothy,Young,Doctor 43,2023-11-26
P1277,Sharon,Reed,Doctor 57,2023-11-26
P0069,Nicholas,Patel,Doctor 96,2023-11-27
P0101,Ruth,Ortiz,Doctor 75,2023-11-27
P0103,Deborah,Hughes,Doctor 100,2023-11-27
P0185,Benjamin,Gutierrez,Doctor 75,2023-11-27
P0403,Benjamin,Edwards,Doctor 79,2023-11-27
P0428,Jennifer,Kelly,Doctor 35,2023-11-27
P0628,Nicholas,Collins,Doctor 16,2023-11-27
P0862,Deborah,Scott,Doctor 44,2023-11-27
P0941,Larry,Hall,Doctor 83,2023-11-27
P1013,Jessica,Wood,Doctor 18,2023-11-27
P1014,Rebecca,Brown,Doctor 97,2023-11-27
P1084,Jeffrey,Mitchell,Doctor 85,2023-11-27
P1099,Jose,Morales,Doctor 37,2023-11-27
P1117,Brandon,Hall,Doctor 13,2023-11-27
P1149,Michelle,Cox,Doctor 14,2023-11-27
P1159,Jerry,Kim,Doctor 83,2023-11-27
P1168,Charles,Sanders,Doctor 22,2023-11-27
P1251,Anna,Hall,Doctor 30,2023-11-27
P1282,Kimberly,Baker,Doctor 62,2023-11-27
P1449,Andrew,Wilson,Doctor 24,2023-11-27
P0102,Rebecca,Walker,Doctor 68,2023-11-28
P0239,Jacob,Gutierrez,Doctor 38,2023-11-28
P0256,Susan,Hughes,Doctor 19,2023-11-28
P0289,Jason,Cook,Doctor 36,2023-11-28
P0409,Angela,Hernandez,Doctor 81,2023-11-28
P0547,Scott,Morales,Doctor 32,2023-11-28
P0575,Nicholas,Cruz,Doctor 70,2023-11-28
P0599,Jessica,Wright,Doctor 87,2023-11-28
P0610,Deborah,Thomas,Doctor 89,2023-11-28
P0685,Jason,Carter,Doctor 30,2023-11-28
P0719,Donna,Ramos,Doctor 89,2023-11-28
P0856,Sandra,Gonzalez,Doctor 69,2023-11-28
P1039,Patricia,Collins,Doctor 69,2023-11-28
P1146,Stephen,Collins,Doctor 35,2023-11-28
P1147,Michael,Adams,Doctor 27,2023-11-28
P1168,Charles,Sanders,Doctor 6,2023-11-28
P1214,Elizabeth,Diaz,Doctor 15,2023-11-28
P1243,Sarah,Johnson,Doctor 38,2023-11-28
P1393,Jack,Gonzalez,Doctor 37,2023-11-28
P1409,Brenda,Roberts,Doctor 71,2023-11-28
P1467,Eric,Allen,Doctor 39,2023-11-28
P1470,Tyler,Reyes,Doctor 93,2023-11-28
P0027,Donna,White,Doctor 45,2023-11-29
P0063,Sarah,Parker,Doctor 27,2023-11-29
P0102,Rebecca,Walker,Doctor 76,2023-11-29
P0251,Amy,Gutierrez,Doctor 38,2023-11-29
P0283,Gary,Brooks,Doctor 72,2023-11-29
P0326,Jason,Peterson,Doctor 70,2023-11-29
P0532,Raymond,Moore,Doctor 95,2023-11-29
P0556,Susan,Nelson,Doctor 81,2023-11-29
P0766,Sarah,Clark,Doctor 69,2023-11-29
P0911,Karen,Brooks,Doctor 65,2023-11-29
P0918,Sandra,James,Doctor 18,2023-11-29
P1040,Edward,Edwards,Doctor 24,2023-11-29
P1044,Andrew,Cruz,Doctor 95,2023-11-29
P1184,Benjamin,Roberts,Doctor 22,2023-11-29
P1215,Kenneth,Evans,Doctor 42,2023-11-29
P1324,Ruth,Jones,Doctor 93,2023-11-29
P1377,Scott,Alvarez,Doctor 86,2023-11-29
P1379,George,Collins,Doctor 41,2023-11-29
P1388,Ronald,Flores,Doctor 19,2023-11-29
P1393,Jack,Gonzalez,Doctor 32,2023-11-29
P1407,John,Hill,Doctor 16,2023-11-29
P1448,Raymond,Nelson,Doctor 79,2023-11-29
P1497,Frank,Wright,Doctor 29,2023-11-29
P0025,John,Wright,Doctor 83,2023-11-30
P0043,Ruth,Martinez,Doctor 34,2023-11-30
P0064,David,Price,Doctor 35,2023-11-30
P0071,Sandra,Williams,Doctor 98,2023-11-30
P0074,Nancy,Richardson,Doctor 79,2023-11-30
P0116,Michael,Rogers,Doctor 29,2023-11-30
P0117,Larry,Kelly,Doctor 5,2023-11-30
P0267,Brenda,Young,Doctor 95,2023-11-30
P0358,Larry,Johnson,Doctor 25,2023-11-30
P0457,Tyler,Lewis,Doctor 85,2023-11-30
P0483,Daniel,Wright,Doctor 54,2023-11-30
P0483,Daniel,Wright,Doctor 72,2023-11-30
P0555,Sharon,Chavez,Doctor 24,2023-11-30
P0665,Emma,Morris,Doctor 89,2023-11-30
P0709,Kenneth,Scott,Doctor 30,2023-11-30
P0727,Charles,Thompson,Doctor 43,2023-11-30
P0801,Carol,Mendoza,Doctor 42,2023-11-30
P0963,Sharon,Smith,Doctor 45,2023-11-30
P1042,Betty,Green,Doctor 67,2023-11-30
P1051,Jose,Cox,Doctor 44,2023-11-30
P1104,Jessica,Patel,Doctor 86,2023-11-30
P1156,Susan,Williams,Doctor 11,2023-11-30
P1192,Ruth,Jackson,Doctor 4,2023-11-30
P1237,Brian,White,Doctor 48,2023-11-30
P1240,Jeffrey,Cox,Doctor 98,2023-11-30
P1382,Sarah,Diaz,Doctor 96,2023-11-30
P1463,Mark,Richardson,Doctor 32,2023-11-30
P1494,Jonathan,Ruiz,Doctor 71,2023-11-30
P0019,Melissa,Brooks,Doctor 6,2023-12-01
P0023,Alexander,Phillips,Doctor 32,2023-12-01
P0046,William,Taylor,Doctor 14,2023-12-01
P0100,Carol,Garcia,Doctor 92,2023-12-01
P0128,Justin,Green,Doctor 57,2023-12-01
P0225,Gregory,Miller,Doctor 74,2023-12-01
P0270,Dennis,Hughes,Doctor 49,2023-12-01
P0298,Ruth,Hill,Doctor 73,2023-12-01
P0430,Nancy,Evans,Doctor 60,2023-12-01
P0484,Angela,Garcia,Doctor 75,2023-12-01
P0599,Jessica,Wright,Doctor 95,2023-12-01
P0607,Sharon,Turner,Doctor 23,2023-12-01
P0610,Deborah,Thomas,Doctor 8,2023-12-01
P0630,Jerry,Flores,Doctor 8,2023-12-01
P0658,Jessica,Campbell,Doctor 100,2023-12-01
P0713,Donna,Gray,Doctor 3,2023-12-01
P0778,Kimberly,Sanders,Doctor 23,2023-12-01
P0841,David,Rodriguez,Doctor 90,2023-12-01
P0870,Jason,Bailey,Doctor 100,2023-12-01
P1033,Angela,Mendoza,Doctor 96,2023-12-01
P1103,Kimberly,Brown,Doctor 55,2023-12-01
P1120,Mark,Wright,Doctor 87,2023-12-01
P1121,Michelle,Miller,Doctor 36,2023-12-01
P1183,Andrew,Morgan,Doctor 59,2023-12-01
P1187,Emma,Kim,Doctor 58,2023-12-01
P1288,Jessica,Wilson,Doctor 96,2023-12-01
P1451,Richard,Clark,Doctor 97,2023-12-01
P1537,Matthew,Adams,Doctor 69,2023-12-01
P0035,Lisa,Rodriguez,Doctor 23,2023-12-02
P0132,Sharon,Martin,Doctor 33,2023-12-02
P0200,Anthony,Jackson,Doctor 71,2023-12-02
P0319,Patricia,Turner,Doctor 91,2023-12-02
P0345,Kimberly,Howard,Doctor 85,2023-12-02
P0401,Samuel,Flores,Doctor 100,2023-12-02
P0451,Jeffrey,Rivera,Doctor 26,2023-12-02
P0522,Daniel,Peterson,Doctor 58,2023-12-02
P0672,Melissa,Gomez,Doctor 86,2023-12-02
P0692,Linda,Cox,Doctor 52,2023-12-02
P0695,Jeffrey,Sanchez,Doctor 76,2023-12-02
P0798,Michael,Miller,Doctor 54,2023-12-02
P0806,Samuel,Robinson,Doctor 35,2023-12-02
P0811,Dennis,Evans,Doctor 26,2023-12-02
P0876,Ronald,Scott,Doctor 44,2023-12-02
P0898,Cynthia,Alvarez,Doctor 35,2023-12-02
P0978,Betty,Robinson,Doctor 45,2023-12-02
P1024,Aaron,Mendoza,Doctor 92,2023-12-02
P1028,Thomas,Nguyen,Doctor 87,2023-12-02
P1050,Scott,Reed,Doctor 51,2023-12-02
P1070,Jerry,Nguyen,Doctor 7,2023-12-02
P1173,Lisa,Gomez,Doctor 86,2023-12-02
P1365,Patricia,Garcia,Doctor 90,2023-12-02
P1365,Patricia,Garcia,Doctor 51,2023-12-02
P1404,Emma,Taylor,Doctor 15,2023-12-02
P1420,Dorothy,Richardson,Doctor 42,2023-12-02
P1516,Sandra,Morales,Doctor 100,2023-12-02
P0050,Kimberly,Gray,Doctor 30,2023-12-03
P0121,Sarah,Reed,Doctor 67,2023-12-03
P0122,Richard,Alvarez,Doctor 46,2023-12-03
P0306,James,Wright,Doctor 82,2023-12-03
P0313,Sarah,Perez,Doctor 37,2023-12-03
P0400,Jessica,Flores,Doctor 62,2023-12-03
P0437,George,Green,Doctor 55,2023-12-03
P0518,Emma,Castillo,Doctor 39,2023-12-03
P0519,Carol,Green,Doctor 27,2023-12-03
P0748,Virginia,Campbell,Doctor 64,2023-12-03
P1179,Lisa,Watson,Doctor 26,2023-12-03
P1385,Jason,Morgan,Doctor 46,2023-12-03
P0040,Deborah,Kelly,Doctor 94,2023-12-04
P0049,Andrew,Williams,Doctor 67,2023-12-04
P0050,Kimberly,Gray,Doctor 55,2023-12-04
P0174,Deborah,Sanchez,Doctor 53,2023-12-04
P0357,Stephen,Price,Doctor 93,2023-12-04
P0364,Joshua,Ramirez,Doctor 48,2023-12-04
P0390,Brandon,Perez,Doctor 18,2023-12-04
P0409,Angela,Hernandez,Doctor 86,2023-12-04
P0418,Jerry,Rivera,Doctor 31,2023-12-04
P0475,Jonathan,Thompson,Doctor 10,2023-12-04
P0585,Elizabeth,Hughes,Doctor 14,2023-12-04
P0657,Jessica,Howard,Doctor 51,2023-12-04
P0801,Carol,Mendoza,Doctor 96,2023-12-04
P0908,Kenneth,Ramirez,Doctor 79,2023-12-04
P0936,Sarah,Rogers,Doctor 61,2023-12-04
P0971,Sandra,Reed,Doctor 11,2023-12-04
P0992,Mary,Gomez,Doctor 56,2023-12-04
P1266,Richard,Myers,Doctor 17,2023-12-04
P1342,Kimberly,Diaz,Doctor 84,2023-12-04
P1448,Raymond,Nelson,Doctor 79,2023-12-04
P1514,Ruth,Phillips,Doctor 32,2023-12-04
P1523,Kathleen,Gomez,Doctor 82,2023-12-04
P1536,Jack,White,Doctor 10,2023-12-04
P0102,Rebecca,Walker,Doctor 14,2023-12-05
P0242,Frank,Howard,Doctor 90,2023-12-05
P0441,Charles,Kim,Doctor 34,2023-12-05
P0750,Helen,Ward,Doctor 70,2023-12-05
P0784,Deborah,Hall,Doctor 97,2023-12-05
P0799,William,Mendoza,Doctor 50,2023-12-05
P0837,Kenneth,Campbell,Doctor 20,2023-12-05
P1059,Jason,Wright,Doctor 35,2023-12-05
P1155,Laura,Young,Doctor 52,2023-12-05
P1242,Betty,Cox,Doctor 55,2023-12-05
P1252,Jonathan,Ward,Doctor 38,2023-12-05
P1397,Melissa,Jackson,Doctor 29,2023-12-05
P1414,Thomas,Rodriguez,Doctor 69,2023-12-05
P1462,Raymond,Garcia,Doctor 37,2023-12-05
P0073,Virginia,Diaz,Doctor 24,2023-12-06
P0099,Virginia,Green,Doctor 11,2023-12-06
P0137,Christopher,Brown,Doctor 7,2023-12-06
P0274,Rebecca,Miller,Doctor 77,2023-12-06
P0287,Sharon,Harris,Doctor 26,2023-12-06
P0352,Jessica,Davis,Doctor 36,2023-12-06
P0373,Sharon,Edwards,Doctor 64,2023-12-06
P0385,Nicholas,Baker,Doctor 1,2023-12-06
P0478,Dennis,Ward,Doctor 2,2023-12-06
P0493,Angela,Ruiz,Doctor 64,2023-12-06
P0621,Sandra,Cook,Doctor 5,2023-12-06
P0636,Donald,Young,Doctor 11,2023-12-06
P0813,Christopher,Davis,Doctor 25,2023-12-06
P0874,Daniel,Thompson,Doctor 21,2023-12-06
P1007,Aaron,Moore,Doctor 22,2023-12-06
P1020,Jonathan,Cooper,Doctor 77,2023-12-06
P1107,Stephen,Chavez,Doctor 45,2023-12-06
P1253,Stephen,Phillips,Doctor 42,2023-12-06
P1271,Emma,White,Doctor 9,2023-12-06
P1322,Rebecca,Ortiz,Doctor 28,2023-12-06
P1356,Laura,Taylor,Doctor 53,2023-12-06
P1483,Jessica,Stewart,Doctor 50,2023-12-06
P0001,Kimberly,Anderson,Doctor 18,2023-12-07
P0025,John,Wright,Doctor 88,2023-12-07
P0061,Helen,Torres,Doctor 83,2023-12-07
P0117,Larry,Kelly,Doctor 49,2023-12-07
P0140,Carol,Gutierrez,Doctor 96,2023-12-07
P0290,Michael,Nguyen,Doctor 60,2023-12-07
P0335,Michael,Kim,Doctor 3,2023-12-07
P0403,Benjamin,Edwards,Doctor 57,2023-12-07
P0421,Kathleen,Cox,Doctor 22,2023-12-07
P0433,Karen,Wood,Doctor 50,2023-12-07
P0517,Linda,Rogers,Doctor 46,2023-12-07
P0625,Daniel,Lopez,Doctor 47,2023-12-07
P0687,Jack,Bailey,Doctor 41,2023-12-07
P0731,Dennis,Allen,Doctor 74,2023-12-07
P0739,Thomas,Hernandez,Doctor 35,2023-12-07
P1172,Deborah,Taylor,Doctor 69,2023-12-07
P1175,Brian,Clark,Doctor 81,2023-12-07
P1224,Charles,Bailey,Doctor 30,2023-12-07
P1249,Laura,Morgan,Doctor 9,2023-12-07
P1296,Kimberly,Morgan,Doctor 27,2023-12-07
P1323,Mark,Thomas,Doctor 69,2023-12-07
P1449,Andrew,Wilson,Doctor 41,2023-12-07
P1465,Amy,Morris,Doctor 2,2023-12-07
P0093,Jacob,Hall,Doctor 51,2023-12-08
P0188,Alexander,James,Doctor 29,2023-12-08
P0255,Betty,White,Doctor 34,2023-12-08
P0257,David,Smith,Doctor 5,2023-12-08
P0283,Gary,Brooks,Doctor 49,2023-12-08
P0322,Jose,Morgan,Doctor 6,2023-12-08
P0329,Helen,Jones,Doctor 66,2023-12-08
P0637,Gregory,Gutierrez,Doctor 36,2023-12-08
P0765,Lisa,Castillo,Doctor 58,2023-12-08
P1028,Thomas,Nguyen,Doctor 17,2023-12-08
P1031,Sarah,Thomas,Doctor 34,2023-12-08
P1098,Larry,Myers,Doctor 48,2023-12-08
P1506,Jessica,Morris,Doctor 89,2023-12-08
P0202,Mark,James,Doctor 32,2023-12-09
P0215,Donna,Moore,Doctor 85,2023-12-09
P0264,Nicholas,Scott,Doctor 36,2023-12-09
P0389,Linda,Nelson,Doctor 39,2023-12-09
P0514,Sandra,Hill,Doctor 94,2023-12-09
P0637,Gregory,Gutierrez,Doctor 13,2023-12-09
P0815,Matthew,Robinson,Doctor 91,2023-12-09
P0843,Eric,Mendoza,Doctor 49,2023-12-09
P0846,Benjamin,Kim,Doctor 47,2023-12-09
P0910,Raymond,Castillo,Doctor 98,2023-12-09
P0988,Amy,Moore,Doctor 34,2023-12-09
P1082,Nancy,Gutierrez,Doctor 90,2023-12-09
P1162,Kenneth,Johnson,Doctor 33,2023-12-09
P1426,Melissa,Richardson,Doctor 17,2023-12-09
P1458,Melissa,Harris,Doctor 57,2023-12-09
P1498,Brandon,Edwards,Doctor 4,2023-12-09
P0085,Betty,Nguyen,Doctor 43,2023-12-10
P0125,Ryan,Myers,Doctor 92,2023-12-10
P0305,Nancy,Mendoza,Doctor 27,2023-12-10
P0335,Michael,Kim,Doctor 73,2023-12-10
P0399,Joseph,Harris,Doctor 83,2023-12-10
P0575,Nicholas,Cruz,Doctor 14,2023-12-10
P0592,Kenneth,Roberts,Doctor 90,2023-12-10
P0611,Sharon,Gutierrez,Doctor 98,2023-12-10
P0857,Carol,Reed,Doctor 76,2023-12-10
P0865,Barbara,Cox,Doctor 52,2023-12-10
P0872,Virginia,Bailey,Doctor 92,2023-12-10
P0902,Thomas,Reed,Doctor 94,2023-12-10
P0992,Mary,Gomez,Doctor 96,2023-12-10
P1031,Sarah,Thomas,Doctor 5,2023-12-10
P1145,Jonathan,Howard,Doctor 25,2023-12-10
P1478,Kimberly,Moore,Doctor 12,2023-12-10
P0056,Ronald,Ramos,Doctor 32,2023-12-11
P0161,David,Anderson,Doctor 96,2023-12-11
P0192,Helen,Cook,Doctor 11,2023-12-11
P0254,Rebecca,Martin,Doctor 35,2023-12-11
P0284,Steven,Reyes,Doctor 44,2023-12-11
P0323,Frank,Gutierrez,Doctor 61,2023-12-11
P0327,Laura,Scott,Doctor 93,2023-12-11
P0507,Sandra,Garcia,Doctor 55,2023-12-11
P0514,Sandra,Hill,Doctor 13,2023-12-11
P0534,Helen,Flores,Doctor 58,2023-12-11
P0552,Karen,Robinson,Doctor 27,2023-12-11
P0760,Dennis,Campbell,Doctor 44,2023-12-11
P0779,Kevin,Adams,Doctor 16,2023-12-11
P0887,Michelle,Jackson,Doctor 94,2023-12-11
P0896,David,Gomez,Doctor 58,2023-12-11
P0934,Lisa,Williams,Doctor 93,2023-12-11
P1043,Laura,Turner,Doctor 94,2023-12-11
P1128,Melissa,Morgan,Doctor 88,2023-12-11
P1189,Linda,Robinson,Doctor 12,2023-12-11
P1254,Alexander,Sanders,Doctor 91,2023-12-11
P1293,Anthony,Hughes,Doctor 89,2023-12-11
P1327,Sharon,Rodriguez,Doctor 57,2023-12-11
P1515,Stephen,Wood,Doctor 94,2023-12-11
P0036,Brandon,Evans,Doctor 3,2023-12-12
P0047,Daniel,Roberts,Doctor 89,2023-12-12
P0130,Jason,Stewart,Doctor 66,2023-12-12
P0153,Frank,Mendoza,Doctor 7,2023-12-12
P0300,Jose,Evans,Doctor 74,2023-12-12
P0380,Larry,Sanchez,Doctor 82,2023-12-12
P0439,Frank,Turner,Doctor 54,2023-12-12
P0509,Helen,Perez,Doctor 1,2023-12-12
P0622,Sarah,Nelson,Doctor 1,2023-12-12
P0645,Kevin,Price,Doctor 20,2023-12-12
P0671,Andrew,Wood,Doctor 17,2023-12-12
P0686,Elizabeth,Allen,Doctor 86,2023-12-12
P0775,Virginia,Anderson,Doctor 79,2023-12-12
P0837,Kenneth,Campbell,Doctor 83,2023-12-12
P0858,Jose,King,Doctor 22,2023-12-12
P1033,Angela,Mendoza,Doctor 19,2023-12-12
P1267,Elizabeth,White,Doctor 69,2023-12-12
P1309,James,Young,Doctor 73,2023-12-12
P1426,Melissa,Richardson,Doctor 35,2023-12-12
P0009,Jack,Perez,Doctor 71,2023-12-13
P0114,David,Patel,Doctor 74,2023-12-13
P0122,Richard,Alvarez,Doctor 100,2023-12-13
P0142,Samuel,Allen,Doctor 64,2023-12-13
P0278,Sarah,Reyes,Doctor 1,2023-12-13
P0369,Nancy,Peterson,Doctor 20,2023-12-13
P0493,Angela,Ruiz,Doctor 86,2023-12-13
P0537,Carol,Collins,Doctor 95,2023-12-13
P0605,Carol,Bailey,Doctor 50,2023-12-13
P0704,Kathleen,Walker,Doctor 3,2023-12-13
P0918,Sandra,James,Doctor 82,2023-12-13
P0936,Sarah,Rogers,Doctor 61,2023-12-13
P0985,Dorothy,Johnson,Doctor 33,2023-12-13
P0988,Amy,Moore,Doctor 84,2023-12-13
P1094,Jessica,Hall,Doctor 3,2023-12-13
P1115,Sandra,Brown,Doctor 72,2023-12-13
P1197,Anthony,King,Doctor 81,2023-12-13
P1349,Kenneth,Jackson,Doctor 21,2023-12-13
P1400,Scott,Sanchez,Doctor 16,2023-12-13
P1435,James,Ortiz,Doctor 16,2023-12-13
P0225,Gregory,Miller,Doctor 36,2023-12-14
P0238,Betty,Sanders,Doctor 15,2023-12-14
P0246,Brandon,Carter,Doctor 82,2023-12-14
P0422,Linda,Martinez,Doctor 69,2023-12-14
P0431,Sarah,Taylor,Doctor 66,2023-12-14
P0560,Lisa,Thomas,Doctor 75,2023-12-14
P0611,Sharon,Gutierrez,Doctor 42,2023-12-14
P0624,Sarah,Jackson,Doctor 73,2023-12-14
P0631,Deborah,Thompson,Doctor 13,2023-12-14
P0690,Kenneth,Collins,Doctor 11,2023-12-14
P0696,Jerry,Cox,Doctor 6,2023-12-14
P0701,Thomas,Adams,Doctor 16,2023-12-14
P0703,Jennifer,Lopez,Doctor 1,2023-12-14
P0912,Carol,White,Doctor 97,2023-12-14
P0978,Betty,Robinson,Doctor 3,2023-12-14
P1015,Frank,Brown,Doctor 72,2023-12-14
P1110,Jacob,Anderson,Doctor 79,2023-12-14
P1213,Lisa,Rivera,Doctor 25,2023-12-14
P1266,Richard,Myers,Doctor 17,2023-12-14
P0041,Betty,Adams,Doctor 24,2023-12-15
P0042,Brenda,Anderson,Doctor 91,2023-12-15
P0165,Kimberly,Ramos,Doctor 81,2023-12-15
P0207,Sandra,Rodriguez,Doctor 80,2023-12-15
P0233,Sharon,Gray,Doctor 56,2023-12-15
P0400,Jessica,Flores,Doctor 60,2023-12-15
P0438,Patricia,Adams,Doctor 72,2023-12-15
P0519,Carol,Green,Doctor 15,2023-12-15
P0524,Jerry,Brown,Doctor 62,2023-12-15
P0596,Edward,Watson,Doctor 41,2023-12-15
P0621,Sandra,Cook,Doctor 6,2023-12-15
P0649,Michelle,Allen,Doctor 39,2023-12-15
P0711,Deborah,Bailey,Doctor 98,2023-12-15
P0723,Dorothy,Kelly,Doctor 91,2023-12-15
P0838,Karen,Jones,Doctor 50,2023-12-15
P0871,Laura,Garcia,Doctor 46,2023-12-15
P0895,Ryan,Green,Doctor 52,2023-12-15
P0932,Donna,King,Doctor 3,2023-12-15
P0956,Mary,Parker,Doctor 89,2023-12-15
P0984,Brian,Kim,Doctor 35,2023-12-15
P1031,Sarah,Thomas,Doctor 5,2023-12-15
P1069,George,Murphy,Doctor 29,2023-12-15
P1093,Carol,Cooper,Doctor 53,2023-12-15
P1177,Jeffrey,Baker,Doctor 87,2023-12-15
P1244,Dennis,Baker,Doctor 6,2023-12-15
P1459,Virginia,Taylor,Doctor 37,2023-12-15
P1482,David,Thomas,Doctor 22,2023-12-15
P0029,Betty,Perez,Doctor 98,2023-12-16
P0065,Jessica,Ramos,Doctor 95,2023-12-16
P0106,Jennifer,Sanders,Doctor 48,2023-12-16
P0122,Richard,Alvarez,Doctor 82,2023-12-16
P0167,Brian,Wilson,Doctor 57,2023-12-16
P0179,Frank,Ortiz,Doctor 50,2023-12-16
P0197,Elizabeth,Young,Doctor 64,2023-12-16
P0224,Aaron,Lopez,Doctor 84,2023-12-16
P0285,Michael,Richardson,Doctor 31,2023-12-16
P0377,Jennifer,Nguyen,Doctor 25,2023-12-16
P0432,Jose,Reyes,Doctor 5,2023-12-16
P0478,Dennis,Ward,Doctor 2,2023-12-16
P0629,Jeffrey,Wright,Doctor 33,2023-12-16
P0636,Donald,Young,Doctor 100,2023-12-16
P0648,Tyler,Robinson,Doctor 41,2023-12-16
P0894,Anna,Ruiz,Doctor 5,2023-12-16
P1035,Donna,Allen,Doctor 59,2023-12-16
P1148,Kevin,Smith,Doctor 19,2023-12-16
P1148,Kevin,Smith,Doctor 16,2023-12-16
P1363,Cynthia,Campbell,Doctor 56,2023-12-16
P1382,Sarah,Diaz,Doctor 96,2023-12-16
P0016,Gregory,Green,Doctor 73,2023-12-17
P0105,Elizabeth,Carter,Doctor 55,2023-12-17
P0145,Barbara,Harris,Doctor 83,2023-12-17
P0222,Justin,Gomez,Doctor 63,2023-12-17
P0248,Susan,Bennett,Doctor 67,2023-12-17
P0292,Jack,Sanders,Doctor 8,2023-12-17
P0359,Deborah,Walker,Doctor 81,2023-12-17
P0414,Laura,Evans,Doctor 80,2023-12-17
P0663,Michael,Cooper,Doctor 49,2023-12-17
P0670,Ruth,King,Doctor 43,2023-12-17
P0805,Joshua,Roberts,Doctor 30,2023-12-17
P0812,Virginia,Thomas,Doctor 62,2023-12-17
P0872,Virginia,Bailey,Doctor 92,2023-12-17
P0898,Cynthia,Alvarez,Doctor 61,2023-12-17
P0910,Raymond,Castillo,Doctor 2,2023-12-17
P1120,Mark,Wright,Doctor 63,2023-12-17
P1345,Anna,Lee,Doctor 92,2023-12-17
P1481,Ryan,Reyes,Doctor 74,2023-12-17
P1513,Eric,Lee,Doctor 5,2023-12-17
P0008,Joshua,Patel,Doctor 38,2023-12-18
P0085,Betty,Nguyen,Doctor 43,2023-12-18
P0157,William,Robinson,Doctor 83,2023-12-18
P0251,Amy,Gutierrez,Doctor 1,2023-12-18
P0300,Jose,Evans,Doctor 14,2023-12-18
P0419,Daniel,Watson,Doctor 27,2023-12-18
P0586,Justin,Edwards,Doctor 19,2023-12-18
P0593,Joshua,Torres,Doctor 38,2023-12-18
P0727,Charles,Thompson,Doctor 36,2023-12-18
P0744,Richard,Sanchez,Doctor 98,2023-12-18
P0778,Kimberly,Sanders,Doctor 23,2023-12-18
P0784,Deborah,Hall,Doctor 59,2023-12-18
P0792,Benjamin,Adams,Doctor 32,2023-12-18
P0966,Kimberly,Patel,Doctor 40,2023-12-18
P1001,Linda,Torres,Doctor 94,2023-12-18
P1049,Linda,Morris,Doctor 10,2023-12-18
P1116,Laura,Lewis,Doctor 23,2023-12-18
P1178,Nancy,Mitchell,Doctor 44,2023-12-18
P1224,Charles,Bailey,Doctor 24,2023-12-18
P1257,Robert,Campbell,Doctor 19,2023-12-18
P1399,Joseph,Hill,Doctor 72,2023-12-18
P1419,Barbara,Green,Doctor 13,2023-12-18
P1443,Jose,Taylor,Doctor 81,2023-12-18
P1506,Jessica,Morris,Doctor 58,2023-12-18
P1510,Sharon,Howard,Doctor 20,2023-12-18
P1520,Richard,Cruz,Doctor 92,2023-12-18
P0201,James,Evans,Doctor 5,2023-12-19
P0271,Jennifer,Anderson,Doctor 59,2023-12-19
P0313,Sarah,Perez,Doctor 47,2023-12-19
P0422,Linda,Martinez,Doctor 69,2023-12-19
P0430,Nancy,Evans,Doctor 60,2023-12-19
P0634,Ruth,Gray,Doctor 21,2023-12-19
P0828,Kevin,Myers,Doctor 19,2023-12-19
P0940,Sarah,Mendoza,Doctor 75,2023-12-19
P0961,Michael,Hughes,Doctor 41,2023-12-19
P0981,Dorothy,Martin,Doctor 4,2023-12-19
P1364,Carol,Wilson,Doctor 3,2023-12-19
P1395,Jose,Johnson,Doctor 5,2023-12-19
P1402,Betty,Thompson,Doctor 52,2023-12-19
P0009,Jack,Perez,Doctor 35,2023-12-20
P0010,Jessica,Evans,Doctor 95,2023-12-20
P0034,Jacob,Hughes,Doctor 68,2023-12-20
P0054,Joseph,Torres,Doctor 3,2023-12-20
P0140,Carol,Gutierrez,Doctor 36,2023-12-20
P0167,Brian,Wilson,Doctor 77,2023-12-20
P0197,Elizabeth,Young,Doctor 64,2023-12-20
P0367,Kevin,Lewis,Doctor 30,2023-12-20
P0451,Jeffrey,Rivera,Doctor 81,2023-12-20
P0461,Kimberly,Price,Doctor 62,2023-12-20
P0462,Thomas,Sanchez,Doctor 8,2023-12-20
P0543,Brenda,Alvarez,Doctor 83,2023-12-20
P0579,Dorothy,Davis,Doctor 21,2023-12-20
P0808,Donna,Anderson,Doctor 94,2023-12-20
P0810,Lisa,Allen,Doctor 9,2023-12-20
P0835,Dorothy,Scott,Doctor 86,2023-12-20
P0987,Barbara,Ramirez,Doctor 94,2023-12-20
P1019,John,Williams,Doctor 24,2023-12-20
P1049,Linda,Morris,Doctor 3,2023-12-20
P1161,Donna,Collins,Doctor 56,2023-12-20
P1294,Gregory,Myers,Doctor 33,2023-12-20
P1316,Ronald,Myers,Doctor 12,2023-12-20
P1384,Brenda,Bailey,Doctor 71,2023-12-20
P1520,Richard,Cruz,Doctor 19,2023-12-20
P0026,Raymond,Campbell,Doctor 31,2023-12-21
P0161,David,Anderson,Doctor 12,2023-12-21
P0277,Amy,Parker,Doctor 86,2023-12-21
P0315,Anthony,James,Doctor 67,2023-12-21
P0471,Raymond,Mendoza,Doctor 43,2023-12-21
P0812,Virginia,Thomas,Doctor 62,2023-12-21
P0893,Nancy,Cook,Doctor 46,2023-12-21
P0916,Ronald,Nelson,Doctor 23,2023-12-21
P0925,Carol,Castillo,Doctor 35,2023-12-21
P1253,Stephen,Phillips,Doctor 93,2023-12-21
P1385,Jason,Morgan,Doctor 18,2023-12-21
P1413,Ryan,White,Doctor 69,2023-12-21
P0047,Daniel,Roberts,Doctor 95,2023-12-22
P0275,Melissa,Gray,Doctor 99,2023-12-22
P0316,Laura,Brown,Doctor 25,2023-12-22
P0324,Christopher,Walker,Doctor 68,2023-12-22
P0372,Jose,Miller,Doctor 10,2023-12-22
P0503,Patricia,Lewis,Doctor 23,2023-12-22
P0527,Mark,Thompson,Doctor 31,2023-12-22
P0560,Lisa,Thomas,Doctor 75,2023-12-22
P0601,Ryan,Cruz,Doctor 60,2023-12-22
P0619,Nicholas,Cook,Doctor 80,2023-12-22
P0686,Elizabeth,Allen,Doctor 34,2023-12-22
P0705,Donna,Stewart,Doctor 55,2023-12-22
P0734,Kimberly,Collins,Doctor 27,2023-12-22
P0797,Dennis,Castillo,Doctor 12,2023-12-22
P0917,Susan,Torres,Doctor 82,2023-12-22
P0998,Gregory,Ortiz,Doctor 98,2023-12-22
P1009,Gary,Clark,Doctor 63,2023-12-22
P1063,Betty,Murphy,Doctor 3,2023-12-22
P1088,Virginia,Cox,Doctor 13,2023-12-22
P1235,Timothy,Cook,Doctor 88,2023-12-22
P1432,Matthew,Peterson,Doctor 74,2023-12-22
P1536,Jack,White,Doctor 38,2023-12-22
P0010,Jessica,Evans,Doctor 58,2023-12-23
P0162,Edward,Nguyen,Doctor 62,2023-12-23
P0177,Donna,Wilson,Doctor 91,2023-12-23
P0322,Jose,Morgan,Doctor 71,2023-12-23
P0393,Anna,Morales,Doctor 13,2023-12-23
P0419,Daniel,Watson,Doctor 13,2023-12-23
P0426,Anthony,Brooks,Doctor 98,2023-12-23
P0505,Robert,Rogers,Doctor 63,2023-12-23
P0590,Lisa,Wright,Doctor 78,2023-12-23
P0616,Carol,Edwards,Doctor 81,2023-12-23
P0651,Patricia,Sanders,Doctor 66,2023-12-23
P0797,Dennis,Castillo,Doctor 12,2023-12-23
P0844,James,Castillo,Doctor 70,2023-12-23
P0861,Brenda,Myers,Doctor 83,2023-12-23
P0949,George,Walker,Doctor 46,2023-12-23
P1001,Linda,Torres,Doctor 65,2023-12-23
P1145,Jonathan,Howard,Doctor 96,2023-12-23
P1249,Laura,Morgan,Doctor 9,2023-12-23
P1278,Richard,Perez,Doctor 10,2023-12-23
P1339,Jack,Price,Doctor 8,2023-12-23
P1372,Larry,Flores,Doctor 25,2023-12-23
P1373,Stephen,White,Doctor 17,2023-12-23
P1422,Elizabeth,Davis,Doctor 87,2023-12-23
P1439,Stephen,Gonzalez,Doctor 84,2023-12-23
P1509,Sarah,Cruz,Doctor 5,2023-12-23
P0126,John,Lopez,Doctor 96,2023-12-24
P0212,Betty,Martin,Doctor 53,2023-12-24
P0241,Nancy,Brooks,Doctor 78,2023-12-24
P0503,Patricia,Lewis,Doctor 2,2023-12-24
P0519,Carol,Green,Doctor 22,2023-12-24
P0589,Nicholas,Bennett,Doctor 99,2023-12-24
P0651,Patricia,Sanders,Doctor 87,2023-12-24
P0661,Robert,Mitchell,Doctor 66,2023-12-24
P0664,Aaron,Alvarez,Doctor 64,2023-12-24
P0743,Sharon,Gonzalez,Doctor 84,2023-12-24
P0746,Michael,Rodriguez,Doctor 70,2023-12-24
P0765,Lisa,Castillo,Doctor 81,2023-12-24
P0827,Alexander,Evans,Doctor 85,2023-12-24
P0837,Kenneth,Campbell,Doctor 88,2023-12-24
P0855,Christopher,Garcia,Doctor 57,2023-12-24
P0880,Jonathan,Lewis,Doctor 3,2023-12-24
P1014,Rebecca,Brown,Doctor 97,2023-12-24
P1059,Jason,Wright,Doctor 35,2023-12-24
P1064,Deborah,Ortiz,Doctor 26,2023-12-24
P1281,Andrew,Hughes,Doctor 2,2023-12-24
P1291,Kimberly,Mendoza,Doctor 99,2023-12-24
P1317,Angela,Taylor,Doctor 1,2023-12-24
P1325,Kathleen,Wilson,Doctor 65,2023-12-24
P1365,Patricia,Garcia,Doctor 80,2023-12-24
P1466,Charles,Ramos,Doctor 45,2023-12-24
P0057,Sharon,Hill,Doctor 12,2023-12-25
P0187,Elizabeth,James,Doctor 2,2023-12-25
P0249,Richard,Scott,Doctor 51,2023-12-25
P0262,Matthew,Scott,Doctor 85,2023-12-25
P0459,Sandra,Peterson,Doctor 97,2023-12-25
P0474,Sarah,Brown,Doctor 66,2023-12-25
P0500,Rebecca,Myers,Doctor 76,2023-12-25
P0510,Karen,Cooper,Doctor 88,2023-12-25
P0525,John,Thomas,Doctor 31,2023-12-25
P0608,Alexander,Williams,Doctor 9,2023-12-25
P0666,Matthew,Taylor,Doctor 71,2023-12-25
P0696,Jerry,Cox,Doctor 2,2023-12-25
P0812,Virginia,Thomas,Doctor 62,2023-12-25
P0870,Jason,Bailey,Doctor 11,2023-12-25
P0872,Virginia,Bailey,Doctor 92,2023-12-25
P0955,Laura,Howard,Doctor 99,2023-12-25
P1154,Laura,Hughes,Doctor 31,2023-12-25
P1184,Benjamin,Roberts,Doctor 89,2023-12-25
P1236,Sandra,Ward,Doctor 3,2023-12-25
P1420,Dorothy,Richardson,Doctor 10,2023-12-25
P1519,Brian,Torres,Doctor 49,2023-12-25
P0090,Frank,Clark,Doctor 12,2023-12-26
P0174,Deborah,Sanchez,Doctor 53,2023-12-26
P0212,Betty,Martin,Doctor 17,2023-12-26
P0251,Amy,Gutierrez,Doctor 27,2023-12-26
P0306,James,Wright,Doctor 26,2023-12-26
P0309,Anna,Baker,Doctor 2,2023-12-26
P0314,Jason,Diaz,Doctor 68,2023-12-26
P0486,Jason,Nguyen,Doctor 50,2023-12-26
P0545,Mary,Sanders,Doctor 76,2023-12-26
P0586,Justin,Edwards,Doctor 18,2023-12-26
P0623,Laura,Edwards,Doctor 62,2023-12-26
P0721,Gary,Smith,Doctor 67,2023-12-26
P0766,Sarah,Clark,Doctor 46,2023-12-26
P0840,David,Baker,Doctor 85,2023-12-26
P0846,Benjamin,Kim,Doctor 42,2023-12-26
P0902,Thomas,Reed,Doctor 59,2023-12-26
P0910,Raymond,Castillo,Doctor 2,2023-12-26
P1052,Carol,Rogers,Doctor 47,2023-12-26
P1108,Michelle,Hill,Doctor 58,2023-12-26
P1184,Benjamin,Roberts,Doctor 26,2023-12-26
P1220,William,James,Doctor 51,2023-12-26
P1241,Edward,Price,Doctor 85,2023-12-26
P1326,Ruth,Torres,Doctor 35,2023-12-26
P1393,Jack,Gonzalez,Doctor 32,2023-12-26
P0134,Jennifer,Johnson,Doctor 61,2023-12-27
P0155,Sarah,Castillo,Doctor 42,2023-12-27
P0278,Sarah,Reyes,Doctor 94,2023-12-27
P0297,Laura,Thomas,Doctor 47,2023-12-27
P0351,Raymond,Richardson,Doctor 82,2023-12-27
P0362,Gregory,Young,Doctor 90,2023-12-27
P0525,John,Thomas,Doctor 98,2023-12-27
P0586,Justin,Edwards,Doctor 98,2023-12-27
P0621,Sandra,Cook,Doctor 98,2023-12-27
P0704,Kathleen,Walker,Doctor 3,2023-12-27
P0761,Michelle,Cooper,Doctor 50,2023-12-27
P0908,Kenneth,Ramirez,Doctor 53,2023-12-27
P0952,Anna,Rogers,Doctor 98,2023-12-27
P0970,Michelle,Roberts,Doctor 98,2023-12-27
P0992,Mary,Gomez,Doctor 96,2023-12-27
P1005,Michael,Turner,Doctor 34,2023-12-27
P1045,Sandra,Chavez,Doctor 53,2023-12-27
P1065,James,Nguyen,Doctor 60,2023-12-27
P1174,Deborah,Richardson,Doctor 56,2023-12-27
P1189,Linda,Robinson,Doctor 96,2023-12-27
P1206,Sarah,Cox,Doctor 31,2023-12-27
P1236,Sandra,Ward,Doctor 3,2023-12-27
P1258,Kevin,Murphy,Doctor 7,2023-12-27
P1310,Matthew,Lee,Doctor 60,2023-12-27
P0125,Ryan,Myers,Doctor 92,2023-12-28
P0146,Kevin,Clark,Doctor 39,2023-12-28
P0176,Larry,Adams,Doctor 50,2023-12-28
P0303,William,Clark,Doctor 87,2023-12-28
P0393,Anna,Morales,Doctor 13,2023-12-28
P0406,Angela,Adams,Doctor 97,2023-12-28
P0476,Jennifer,Miller,Doctor 25,2023-12-28
P0489,Gary,Thomas,Doctor 50,2023-12-28
P0551,Michelle,Kelly,Doctor 29,2023-12-28
P0554,Betty,Howard,Doctor 22,2023-12-28
P0603,Mark,Rivera,Doctor 22,2023-12-28
P0621,Sandra,Cook,Doctor 97,2023-12-28
P0897,Lisa,Patel,Doctor 50,2023-12-28
P0986,Kevin,Peterson,Doctor 96,2023-12-28
P1004,David,Williams,Doctor 41,2023-12-28
P1096,Michael,Taylor,Doctor 40,2023-12-28
P1109,Daniel,King,Doctor 77,2023-12-28
P1113,Sandra,White,Doctor 99,2023-12-28
P1135,Susan,Ramirez,Doctor 52,2023-12-28
P1154,Laura,Hughes,Doctor 85,2023-12-28
P1423,Edward,Gutierrez,Doctor 36,2023-12-28
P1479,Betty,Alvarez,Doctor 71,2023-12-28
P1532,Sharon,Morgan,Doctor 39,2023-12-28
P0044,Frank,Murphy,Doctor 71,2023-12-29
P0069,Nicholas,Patel,Doctor 96,2023-12-29
P0119,Jason,Price,Doctor 58,2023-12-29
P0166,Daniel,Hall,Doctor 5,2023-12-29
P0470,Donald,Turner,Doctor 64,2023-12-29
P0513,Daniel,Price,Doctor 67,2023-12-29
P0541,Laura,Thompson,Doctor 38,2023-12-29
P0987,Barbara,Ramirez,Doctor 86,2023-12-29
P1018,Ruth,Wilson,Doctor 42,2023-12-29
P1136,Brenda,Castillo,Doctor 57,2023-12-29
P1206,Sarah,Cox,Doctor 31,2023-12-29
P1286,Deborah,Morris,Doctor 90,2023-12-29
P1337,Elizabeth,Mendoza,Doctor 54,2023-12-29
P1480,Virginia,Allen,Doctor 97,2023-12-29
P0133,Jonathan,Young,Doctor 81,2023-12-30
P0322,Jose,Morgan,Doctor 52,2023-12-30
P0382,Sarah,Murphy,Doctor 21,2023-12-30
P0566,Anthony,Jones,Doctor 33,2023-12-30
P0580,Aaron,Adams,Doctor 76,2023-12-30
P0715,Matthew,Ramirez,Doctor 98,2023-12-30
P0805,Joshua,Roberts,Doctor 21,2023-12-30
P0819,Larry,Cox,Doctor 14,2023-12-30
P0900,Donna,Martinez,Doctor 93,2023-12-30
P1133,Ruth,Lee,Doctor 10,2023-12-30
P1419,Barbara,Green,Doctor 22,2023-12-30
P1463,Mark,Richardson,Doctor 78,2023-12-30