patient_id,patient_first_name,patient_last_name,doctor_id,appointment_date
P0310,Michael,Ramos,Doctor 100,2022-12-31
P0464,Kimberly,Roberts,Doctor 47,2022-12-31
P0040,Kimberly,Collins,Doctor 37,2023-01-01
P0108,Matthew,Peterson,Doctor 12,2023-01-01
P0121,Barbara,Peterson,Doctor 29,2023-01-01
P0198,Raymond,Chavez,Doctor 48,2023-01-01
P0264,Anna,Nguyen,Doctor 81,2023-01-01
P0272,Betty,Stewart,Doctor 20,2023-01-01
P0369,Joshua,Mitchell,Doctor 94,2023-01-01
P0012,Mark,Perez,Doctor 91,2023-01-02
P0041,Laura,Brown,Doctor 16,2023-01-02
P0124,Jeffrey,Thomas,Doctor 44,2023-01-02
P0188,Patricia,Price,Doctor 63,2023-01-02
P0194,Gary,James,Doctor 29,2023-01-02
P0349,Scott,Ramirez,Doctor 52,2023-01-02
P0351,Helen,Campbell,Doctor 25,2023-01-02
P0441,Alexander,Williams,Doctor 41,2023-01-02
P0004,Andrew,Williams,Doctor 100,2023-01-03
P0320,Carol,Garcia,Doctor 31,2023-01-03
P0327,Jacob,Brown,Doctor 22,2023-01-03
P0483,Richard,Taylor,Doctor 31,2023-01-03
P0203,Scott,Lee,Doctor 22,2023-01-04
P0233,Alexander,Ramos,Doctor 39,2023-01-04
P0239,Benjamin,Sanders,Doctor 100,2023-01-04
P0261,Helen,Diaz,Doctor 40,2023-01-04
P0303,Donald,Gutierrez,Doctor 89,2023-01-04
P0311,Nancy,Peterson,Doctor 87,2023-01-04
P0037,Alexander,Ruiz,Doctor 73,2023-01-05
P0131,Alexander,Rogers,Doctor 10,2023-01-05
P0324,Amy,Cooper,Doctor 41,2023-01-05
P0473,Mary,Davis,Doctor 84,2023-01-05
P0158,Betty,Morales,Doctor 42,2023-01-06
P0180,Carol,Ramos,Doctor 26,2023-01-06
P0335,Shirley,Rogers,Doctor 11,2023-01-06
P0397,Sarah,White,Doctor 87,2023-01-06
P0413,Michelle,Lewis,Doctor 85,2023-01-06
P0434,Steven,Moore,Doctor 81,2023-01-06
P0455,Charles,Sanchez,Doctor 17,2023-01-06
P0131,Alexander,Rogers,Doctor 10,2023-01-07
P0237,Jacob,Campbell,Doctor 89,2023-01-07
P0320,Carol,Garcia,Doctor 31,2023-01-07
P0113,Jacob,Morales,Doctor 35,2023-01-08
P0114,Jose,Wright,Doctor 65,2023-01-08
P0118,Timothy,Carter,Doctor 57,2023-01-08
P0148,Stephen,Johnson,Doctor 96,2023-01-08
P0167,Christopher,Williams,Doctor 59,2023-01-08
P0237,Jacob,Campbell,Doctor 89,2023-01-08
P0318,Tyler,Robinson,Doctor 68,2023-01-08
P0374,Patricia,Brooks,Doctor 85,2023-01-08
P0382,Sandra,Clark,Doctor 35,2023-01-08
P0389,Alexander,Sanchez,Doctor 31,2023-01-08
P0033,Ronald,Campbell,Doctor 5,2023-01-09
P0313,Gary,Martin,Doctor 38,2023-01-09
P0358,Brian,Hernandez,Doctor 13,2023-01-09
P0216,Anthony,Ward,Doctor 50,2023-01-10
P0259,Sandra,Lopez,Doctor 95,2023-01-10
P0284,Larry,Patel,Doctor 59,2023-01-10
P0040,Kimberly,Collins,Doctor 37,2023-01-11
P0051,Laura,Cooper,Doctor 56,2023-01-11
P0161,Laura,Stewart,Doctor 49,2023-01-11
P0163,Donna,Murphy,Doctor 73,2023-01-11
P0166,Gregory,Smith,Doctor 73,2023-01-11
P0216,Anthony,Ward,Doctor 50,2023-01-11
P0280,William,Myers,Doctor 72,2023-01-11
P0281,Angela,Davis,Doctor 64,2023-01-11
P0426,Sharon,Hernandez,Doctor 22,2023-01-11
P0435,Scott,Peterson,Doctor 5,2023-01-11
P0011,Tyler,Reyes,Doctor 61,2023-01-12
P0036,Nancy,Stewart,Doctor 100,2023-01-12
P0183,Nancy,Cook,Doctor 26,2023-01-12
P0494,Barbara,Bailey,Doctor 85,2023-01-12
P0012,Mark,Perez,Doctor 91,2023-01-13
P0023,Jerry,Wright,Doctor 48,2023-01-13
P0027,Sandra,Jackson,Doctor 51,2023-01-13
P0037,Alexander,Ruiz,Doctor 73,2023-01-13
P0046,Sandra,Gray,Doctor 75,2023-01-13
P0074,Joseph,Carter,Doctor 66,2023-01-13
P0094,Deborah,Gutierrez,Doctor 41,2023-01-13
P0312,Laura,Diaz,Doctor 49,2023-01-13
P0318,Tyler,Robinson,Doctor 68,2023-01-13
P0318,Tyler,Robinson,Doctor 68,2023-01-13
P0322,Karen,Hill,Doctor 83,2023-01-13
P0357,Brenda,Ortiz,Doctor 29,2023-01-13
P0450,Ruth,Miller,Doctor 39,2023-01-13
P0182,Joseph,Patel,Doctor 59,2023-01-14
P0214,Jonathan,Peterson,Doctor 26,2023-01-14
P0214,Jonathan,Peterson,Doctor 26,2023-01-14
P0407,Kenneth,Diaz,Doctor 17,2023-01-14
P0448,Virginia,Martin,Doctor 4,2023-01-14
P0071,Laura,Brooks,Doctor 97,2023-01-15
P0171,Brandon,Taylor,Doctor 96,2023-01-15
P0176,Rebecca,Jones,Doctor 24,2023-01-15
P0239,Benjamin,Sanders,Doctor 100,2023-01-15
P0409,Betty,Nguyen,Doctor 48,2023-01-15
P0068,Jessica,Ward,Doctor 17,2023-01-16
P0103,Jeffrey,Morgan,Doctor 36,2023-01-16
P0106,Gregory,Thomas,Doctor 59,2023-01-16
P0236,Sarah,Morgan,Doctor 28,2023-01-16
P0339,Sharon,Thomas,Doctor 21,2023-01-16
P0355,Patrick,Roberts,Doctor 75,2023-01-16
P0444,Eric,Carter,Doctor 19,2023-01-16
P0472,Edward,Wood,Doctor 41,2023-01-16
P0026,Michelle,Baker,Doctor 6,2023-01-17
P0029,Virginia,Peterson,Doctor 87,2023-01-17
P0274,Frank,Kim,Doctor 83,2023-01-17
P0337,Sarah,Anderson,Doctor 68,2023-01-17
P0384,Daniel,Parker,Doctor 72,2023-01-17
P0075,Lisa,Diaz,Doctor 44,2023-01-18
P0081,Linda,Ruiz,Doctor 88,2023-01-18
P0270,Kathleen,Rodriguez,Doctor 9,2023-01-18
P0282,Jessica,Adams,Doctor 65,2023-01-18
P0306,Jose,James,Doctor 4,2023-01-18
P0368,Joshua,Watson,Doctor 10,2023-01-18
P0414,Susan,Morgan,Doctor 80,2023-01-18
P0008,Jerry,Martin,Doctor 3,2023-01-19
P0066,Alexander,Carter,Doctor 61,2023-01-19
P0218,Joseph,Wright,Doctor 16,2023-01-19
P0267,Sharon,Smith,Doctor 44,2023-01-19
P0331,James,Morris,Doctor 54,2023-01-19
P0382,Sandra,Clark,Doctor 35,2023-01-19
P0401,Aaron,Rivera,Doctor 79,2023-01-19
P0442,Barbara,Reed,Doctor 54,2023-01-19
P0485,Steven,Sanchez,Doctor 24,2023-01-19
P0120,Joseph,Rogers,Doctor 99,2023-01-20
P0282,Jessica,Adams,Doctor 65,2023-01-20
P0105,Nancy,Mendoza,Doctor 68,2023-01-21
P0167,Christopher,Williams,Doctor 59,2023-01-21
P0270,Kathleen,Rodriguez,Doctor 9,2023-01-21
P0319,Frank,Ward,Doctor 75,2023-01-21
P0425,Laura,Flores,Doctor 88,2023-01-21
P0036,Nancy,Stewart,Doctor 100,2023-01-22
P0099,Elizabeth,Lewis,Doctor 11,2023-01-22
P0107,Laura,Harris,Doctor 88,2023-01-22
P0222,Betty,King,Doctor 64,2023-01-22
P0254,Emma,Adams,Doctor 11,2023-01-22
P0262,Carol,Parker,Doctor 12,2023-01-22
P0298,Charles,Clark,Doctor 66,2023-01-22
P0352,Barbara,Edwards,Doctor 46,2023-01-22
P0487,Ruth,Ramos,Doctor 33,2023-01-22
P0117,Kimberly,Morales,Doctor 6,2023-01-23
P0249,Linda,Howard,Doctor 46,2023-01-23
P0266,Nicholas,Mitchell,Doctor 76,2023-01-23
P0284,Larry,Patel,Doctor 59,2023-01-23
P0026,Michelle,Baker,Doctor 6,2023-01-24
P0089,Patricia,Collins,Doctor 75,2023-01-24
P0141,Laura,Parker,Doctor 28,2023-01-24
P0147,Jessica,Rivera,Doctor 51,2023-01-24
P0210,Nancy,Kelly,Doctor 1,2023-01-24
P0222,Betty,King,Doctor 64,2023-01-24
P0230,Barbara,Brooks,Doctor 57,2023-01-24
P0239,Benjamin,Sanders,Doctor 100,2023-01-24
P0286,Ronald,Stewart,Doctor 79,2023-01-24
P0341,Scott,Perez,Doctor 52,2023-01-24
P0408,Linda,Green,Doctor 17,2023-01-24
P0135,Karen,Johnson,Doctor 46,2023-01-25
P0139,Eric,Hughes,Doctor 31,2023-01-25
P0161,Laura,Stewart,Doctor 49,2023-01-25
P0375,Melissa,Price,Doctor 47,2023-01-25
P0032,Samuel,Hill,Doctor 94,2023-01-26
P0086,Betty,Garcia,Doctor 55,2023-01-26
P0094,Deborah,Gutierrez,Doctor 41,2023-01-26
P0188,Patricia,Price,Doctor 63,2023-01-26
P0371,Carol,King,Doctor 29,2023-01-26
P0415,Joseph,Rivera,Doctor 38,2023-01-26
P0474,Ronald,Torres,Doctor 79,2023-01-26
P0004,Andrew,Williams,Doctor 100,2023-01-27
P0094,Deborah,Gutierrez,Doctor 41,2023-01-27
P0133,Sharon,Wright,Doctor 76,2023-01-27
P0213,Sandra,Patel,Doctor 14,2023-01-27
P0293,Betty,Diaz,Doctor 14,2023-01-27
P0343,Christopher,Perez,Doctor 13,2023-01-27
P0363,Nicholas,Miller,Doctor 81,2023-01-27
P0377,Samuel,Ruiz,Doctor 68,2023-01-27
P0381,Rebecca,Thompson,Doctor 36,2023-01-27
P0393,Jerry,Nguyen,Doctor 37,2023-01-27
P0008,Jerry,Martin,Doctor 3,2023-01-28
P0016,Joseph,Roberts,Doctor 56,2023-01-28
P0130,Lisa,Morris,Doctor 61,2023-01-28
P0191,Nancy,Collins,Doctor 29,2023-01-28
P0200,Laura,Nguyen,Doctor 88,2023-01-28
P0244,Sarah,Richardson,Doctor 79,2023-01-28
P0424,Justin,Harris,Doctor 88,2023-01-28
P0082,Anna,Richardson,Doctor 86,2023-01-29
P0104,Melissa,Anderson,Doctor 73,2023-01-29
P0247,Jerry,Brown,Doctor 39,2023-01-29
P0332,Sharon,Castillo,Doctor 5,2023-01-29
P0380,Sandra,Bennett,Doctor 19,2023-01-29
P0424,Justin,Harris,Doctor 88,2023-01-29
P0055,Frank,Ruiz,Doctor 26,2023-01-30
P0250,James,Kelly,Doctor 80,2023-01-30
P0263,Kenneth,Hernandez,Doctor 89,2023-01-30
P0434,Steven,Moore,Doctor 81,2023-01-30
P0016,Joseph,Roberts,Doctor 56,2023-01-31
P0255,William,Gray,Doctor 95,2023-01-31
P0335,Shirley,Rogers,Doctor 11,2023-01-31
P0340,Jason,Cook,Doctor 20,2023-01-31
P0439,Edward,Martinez,Doctor 70,2023-01-31
P0442,Barbara,Reed,Doctor 54,2023-01-31
P0455,Charles,Sanchez,Doctor 17,2023-01-31
P0009,Carol,Edwards,Doctor 13,2023-02-01
P0102,George,Sanders,Doctor 44,2023-02-01
P0160,William,Harris,Doctor 74,2023-02-01
P0166,Gregory,Smith,Doctor 73,2023-02-01
P0228,Jeffrey,Scott,Doctor 84,2023-02-01
P0244,Sarah,Richardson,Doctor 79,2023-02-01
P0279,Joshua,Hughes,Doctor 89,2023-02-01
P0311,Nancy,Peterson,Doctor 87,2023-02-01
P0357,Brenda,Ortiz,Doctor 29,2023-02-01
P0409,Betty,Nguyen,Doctor 48,2023-02-01
P0040,Kimberly,Collins,Doctor 37,2023-02-02
P0109,Jose,Cruz,Doctor 51,2023-02-02
P0135,Karen,Johnson,Doctor 46,2023-02-02
P0150,Aaron,Hill,Doctor 27,2023-02-02
P0199,Christopher,Cook,Doctor 89,2023-02-02
P0288,Gregory,Richardson,Doctor 98,2023-02-02
P0385,Joseph,Hernandez,Doctor 1,2023-02-02
P0061,Karen,Collins,Doctor 16,2023-02-03
P0278,Patrick,Patel,Doctor 66,2023-02-03
P0326,Karen,Allen,Doctor 54,2023-02-03
P0466,Cynthia,Gutierrez,Doctor 56,2023-02-03
P0010,Dorothy,Sanders,Doctor 62,2023-02-04
P0047,Justin,Ruiz,Doctor 85,2023-02-04
P0058,Matthew,Sanders,Doctor 56,2023-02-04
P0131,Alexander,Rogers,Doctor 10,2023-02-04
P0156,Sarah,Evans,Doctor 91,2023-02-04
P0181,Helen,Thompson,Doctor 84,2023-02-04
P0241,Jason,Parker,Doctor 52,2023-02-04
P0281,Angela,Davis,Doctor 64,2023-02-04
P0348,Ronald,King,Doctor 29,2023-02-04
P0399,Elizabeth,Gray,Doctor 28,2023-02-04
P0412,Michelle,Campbell,Doctor 78,2023-02-04
P0016,Joseph,Roberts,Doctor 56,2023-02-05
P0057,Steven,Martin,Doctor 56,2023-02-05
P0260,Donald,Reed,Doctor 93,2023-02-05
P0315,Rebecca,White,Doctor 78,2023-02-05
P0391,Carol,Gomez,Doctor 44,2023-02-05
P0470,Justin,Robinson,Doctor 7,2023-02-05
P0493,Kimberly,Flores,Doctor 7,2023-02-05
P0495,Patricia,Turner,Doctor 1,2023-02-05
P0053,Deborah,Jackson,Doctor 100,2023-02-06
P0062,Betty,Cruz,Doctor 58,2023-02-06
P0065,Dennis,Hall,Doctor 78,2023-02-06
P0250,James,Kelly,Doctor 80,2023-02-06
P0260,Donald,Reed,Doctor 93,2023-02-06
P0278,Patrick,Patel,Doctor 66,2023-02-06
P0280,William,Myers,Doctor 72,2023-02-06
P0311,Nancy,Peterson,Doctor 87,2023-02-06
P0378,Sarah,Wilson,Doctor 5,2023-02-06
P0458,Samuel,Sanders,Doctor 5,2023-02-06
P0482,Sarah,Cruz,Doctor 48,2023-02-06
P0065,Dennis,Hall,Doctor 78,2023-02-07
P0132,Brian,Miller,Doctor 91,2023-02-07
P0162,Ruth,Edwards,Doctor 96,2023-02-07
P0212,Mark,Thomas,Doctor 42,2023-02-07
P0294,Laura,Jones,Doctor 19,2023-02-07
P0339,Sharon,Thomas,Doctor 21,2023-02-07
P0343,Christopher,Perez,Doctor 13,2023-02-07
P0358,Brian,Hernandez,Doctor 13,2023-02-07
P0464,Kimberly,Roberts,Doctor 47,2023-02-07
P0467,Helen,Martin,Doctor 52,2023-02-07
P0053,Deborah,Jackson,Doctor 100,2023-02-08
P0210,Nancy,Kelly,Doctor 1,2023-02-08
P0239,Benjamin,Sanders,Doctor 100,2023-02-08
P0246,Justin,Mendoza,Doctor 24,2023-02-08
P0251,Karen,Young,Doctor 92,2023-02-08
P0280,William,Myers,Doctor 72,2023-02-08
P0311,Nancy,Peterson,Doctor 87,2023-02-08
P0493,Kimberly,Flores,Doctor 7,2023-02-08
P0033,Ronald,Campbell,Doctor 5,2023-02-09
P0159,Jerry,Richardson,Doctor 42,2023-02-09
P0190,Aaron,Lewis,Doctor 1,2023-02-09
P0234,Jose,Walker,Doctor 23,2023-02-09
P0271,Cynthia,Hall,Doctor 75,2023-02-09
P0495,Patricia,Turner,Doctor 1,2023-02-09
P0029,Virginia,Peterson,Doctor 87,2023-02-10
P0030,Andrew,Bennett,Doctor 64,2023-02-10
P0036,Nancy,Stewart,Doctor 100,2023-02-10
P0049,Lisa,Sanchez,Doctor 16,2023-02-10
P0138,Tyler,Mitchell,Doctor 28,2023-02-10
P0236,Sarah,Morgan,Doctor 28,2023-02-10
P0260,Donald,Reed,Doctor 93,2023-02-10
P0014,Deborah,Alvarez,Doctor 26,2023-02-11
P0171,Brandon,Taylor,Doctor 96,2023-02-11
P0280,William,Myers,Doctor 72,2023-02-11
P0290,Helen,Reed,Doctor 76,2023-02-11
P0297,Susan,Cruz,Doctor 4,2023-02-11
P0347,Joshua,Lopez,Doctor 15,2023-02-11
P0358,Brian,Hernandez,Doctor 13,2023-02-11
P0461,William,Sanchez,Doctor 99,2023-02-11
P0471,Elizabeth,Cruz,Doctor 65,2023-02-11
P0007,Thomas,White,Doctor 69,2023-02-12
P0295,Sarah,Reyes,Doctor 6,2023-02-12
P0320,Carol,Garcia,Doctor 31,2023-02-12
P0357,Brenda,Ortiz,Doctor 29,2023-02-12
P0380,Sandra,Bennett,Doctor 19,2023-02-12
P0398,Kevin,Wright,Doctor 48,2023-02-12
P0034,Carol,Reed,Doctor 53,2023-02-13
P0177,Elizabeth,Stewart,Doctor 69,2023-02-13
P0316,Anthony,Jackson,Doctor 74,2023-02-13
P0386,Dennis,Kelly,Doctor 20,2023-02-13
P0444,Eric,Carter,Doctor 19,2023-02-13
P0159,Jerry,Richardson,Doctor 42,2023-02-14
P0167,Christopher,Williams,Doctor 59,2023-02-14
P0294,Laura,Jones,Doctor 19,2023-02-14
P0452,Daniel,Ortiz,Doctor 39,2023-02-14
P0022,Susan,Bennett,Doctor 36,2023-02-15
P0036,Nancy,Stewart,Doctor 100,2023-02-15
P0158,Betty,Morales,Doctor 42,2023-02-15
P0172,Donna,Allen,Doctor 74,2023-02-15
P0190,Aaron,Lewis,Doctor 1,2023-02-15
P0228,Jeffrey,Scott,Doctor 84,2023-02-15
P0367,Kenneth,Clark,Doctor 45,2023-02-15
P0489,Jessica,Ruiz,Doctor 8,2023-02-15
P0021,Carol,Jackson,Doctor 40,2023-02-16
P0107,Laura,Harris,Doctor 88,2023-02-16
P0233,Alexander,Ramos,Doctor 39,2023-02-16
P0261,Helen,Diaz,Doctor 40,2023-02-16
P0434,Steven,Moore,Doctor 81,2023-02-16
P0446,Patrick,Thomas,Doctor 53,2023-02-16
P0488,Brandon,Allen,Doctor 32,2023-02-16
P0018,Helen,Patel,Doctor 52,2023-02-17
P0059,Sandra,Johnson,Doctor 20,2023-02-17
P0281,Angela,Davis,Doctor 64,2023-02-17
P0307,Steven,Gray,Doctor 18,2023-02-17
P0367,Kenneth,Clark,Doctor 45,2023-02-17
P0394,Anthony,Cooper,Doctor 73,2023-02-17
P0083,Sarah,Murphy,Doctor 95,2023-02-18
P0084,Robert,Wright,Doctor 35,2023-02-18
P0183,Nancy,Cook,Doctor 26,2023-02-18
P0375,Melissa,Price,Doctor 47,2023-02-18
P0385,Joseph,Hernandez,Doctor 1,2023-02-18
P0389,Alexander,Sanchez,Doctor 31,2023-02-18
P0023,Jerry,Wright,Doctor 48,2023-02-19
P0145,Mary,Cooper,Doctor 75,2023-02-19
P0334,Edward,Hernandez,Doctor 86,2023-02-19
P0399,Elizabeth,Gray,Doctor 28,2023-02-19
P0426,Sharon,Hernandez,Doctor 22,2023-02-19
P0024,Ruth,Cook,Doctor 66,2023-02-20
P0024,Ruth,Cook,Doctor 66,2023-02-20
P0157,Ruth,Johnson,Doctor 7,2023-02-20
P0216,Anthony,Ward,Doctor 50,2023-02-20
P0279,Joshua,Hughes,Doctor 89,2023-02-20
P0497,Larry,Carter,Doctor 91,2023-02-20
P0110,Deborah,Mendoza,Doctor 31,2023-02-21
P0142,Aaron,Reyes,Doctor 17,2023-02-21
P0403,Jacob,Martinez,Doctor 12,2023-02-21
P0457,Benjamin,Taylor,Doctor 57,2023-02-21
P0012,Mark,Perez,Doctor 91,2023-02-22
P0025,Jack,Cox,Doctor 3,2023-02-22
P0025,Jack,Cox,Doctor 3,2023-02-22
P0045,Sarah,Roberts,Doctor 21,2023-02-22
P0157,Ruth,Johnson,Doctor 7,2023-02-22
P0174,Mary,Nelson,Doctor 69,2023-02-22
P0344,Deborah,Richardson,Doctor 72,2023-02-22
P0365,Robert,Miller,Doctor 9,2023-02-22
P0384,Daniel,Parker,Doctor 72,2023-02-22
P0391,Carol,Gomez,Doctor 44,2023-02-22
P0424,Justin,Harris,Doctor 88,2023-02-22
P0043,Sarah,Torres,Doctor 33,2023-02-23
P0113,Jacob,Morales,Doctor 35,2023-02-23
P0114,Jose,Wright,Doctor 65,2023-02-23
P0122,Michelle,Ward,Doctor 17,2023-02-23
P0453,Cynthia,Peterson,Doctor 73,2023-02-23
P0469,James,Collins,Doctor 15,2023-02-23
P0058,Matthew,Sanders,Doctor 56,2023-02-24
P0104,Melissa,Anderson,Doctor 73,2023-02-24
P0220,Carol,Bennett,Doctor 18,2023-02-24
P0316,Anthony,Jackson,Doctor 74,2023-02-24
P0347,Joshua,Lopez,Doctor 15,2023-02-24
P0378,Sarah,Wilson,Doctor 5,2023-02-24
P0078,Ronald,Price,Doctor 86,2023-02-25
P0084,Robert,Wright,Doctor 35,2023-02-25
P0474,Ronald,Torres,Doctor 79,2023-02-25
P0479,Lisa,Martinez,Doctor 6,2023-02-25
P0125,Betty,Ward,Doctor 21,2023-02-26
P0303,Donald,Gutierrez,Doctor 89,2023-02-26
P0335,Shirley,Rogers,Doctor 11,2023-02-26
P0463,Jeffrey,Ramos,Doctor 64,2023-02-26
P0044,David,Johnson,Doctor 100,2023-02-27
P0056,Brenda,Gomez,Doctor 91,2023-02-27
P0064,Cynthia,Howard,Doctor 65,2023-02-27
P0101,Dorothy,Robinson,Doctor 82,2023-02-27
P0227,Ruth,Hill,Doctor 18,2023-02-27
P0234,Jose,Walker,Doctor 23,2023-02-27
P0331,James,Morris,Doctor 54,2023-02-27
P0473,Mary,Davis,Doctor 84,2023-02-27
P0076,James,Murphy,Doctor 85,2023-02-28
P0189,Robert,Lee,Doctor 65,2023-02-28
P0210,Nancy,Kelly,Doctor 1,2023-02-28
P0292,Brandon,Garcia,Doctor 27,2023-02-28
P0324,Amy,Cooper,Doctor 41,2023-02-28
P0022,Susan,Bennett,Doctor 36,2023-03-01
P0164,Patrick,Jackson,Doctor 93,2023-03-01
P0403,Jacob,Martinez,Doctor 12,2023-03-01
P0447,David,Edwards,Doctor 78,2023-03-01
P0451,Jason,Stewart,Doctor 4,2023-03-01
P0020,Sharon,Ramos,Doctor 27,2023-03-02
P0079,Robert,Diaz,Doctor 44,2023-03-02
P0096,Kimberly,Wilson,Doctor 5,2023-03-02
P0120,Joseph,Rogers,Doctor 99,2023-03-02
P0198,Raymond,Chavez,Doctor 48,2023-03-02
P0376,Anna,Rogers,Doctor 19,2023-03-02
P0385,Joseph,Hernandez,Doctor 1,2023-03-02
P0430,Jacob,Carter,Doctor 24,2023-03-02
P0118,Timothy,Carter,Doctor 57,2023-03-03
P0136,Susan,Ramirez,Doctor 86,2023-03-03
P0147,Jessica,Rivera,Doctor 51,2023-03-03
P0151,Deborah,Cooper,Doctor 21,2023-03-03
P0164,Patrick,Jackson,Doctor 93,2023-03-03
P0305,Jack,Young,Doctor 85,2023-03-03
P0367,Kenneth,Clark,Doctor 45,2023-03-03
P0414,Susan,Morgan,Doctor 80,2023-03-03
P0460,Jeffrey,Howard,Doctor 74,2023-03-03
P0076,James,Murphy,Doctor 85,2023-03-04
P0108,Matthew,Peterson,Doctor 12,2023-03-04
P0137,Angela,Brooks,Doctor 55,2023-03-04
P0212,Mark,Thomas,Doctor 42,2023-03-04
P0215,Amy,Myers,Doctor 34,2023-03-04
P0240,Matthew,Anderson,Doctor 86,2023-03-04
P0315,Rebecca,White,Doctor 78,2023-03-04
P0348,Ronald,King,Doctor 29,2023-03-04
P0494,Barbara,Bailey,Doctor 85,2023-03-04
P0052,Sarah,Sanchez,Doctor 44,2023-03-05
P0113,Jacob,Morales,Doctor 35,2023-03-05
P0129,Jason,Robinson,Doctor 58,2023-03-05
P0233,Alexander,Ramos,Doctor 39,2023-03-05
P0258,Donald,Cruz,Doctor 37,2023-03-05
P0263,Kenneth,Hernandez,Doctor 89,2023-03-05
P0304,Helen,Edwards,Doctor 98,2023-03-05
P0338,Jonathan,Ortiz,Doctor 34,2023-03-05
P0477,Donna,Diaz,Doctor 50,2023-03-05
P0483,Richard,Taylor,Doctor 31,2023-03-05
P0107,Laura,Harris,Doctor 88,2023-03-06
P0142,Aaron,Reyes,Doctor 17,2023-03-06
P0180,Carol,Ramos,Doctor 26,2023-03-06
P0328,Brandon,Young,Doctor 16,2023-03-06
P0436,Sarah,Peterson,Doctor 65,2023-03-06
P0002,Jack,Williams,Doctor 99,2023-03-07
P0126,Timothy,Wilson,Doctor 72,2023-03-07
P0136,Susan,Ramirez,Doctor 86,2023-03-07
P0138,Tyler,Mitchell,Doctor 28,2023-03-07
P0322,Karen,Hill,Doctor 83,2023-03-07
P0364,Joshua,Ortiz,Doctor 69,2023-03-07
P0372,Joshua,Nguyen,Doctor 31,2023-03-07
P0412,Michelle,Campbell,Doctor 78,2023-03-07
P0422,Kathleen,Gray,Doctor 90,2023-03-07
P0431,Patrick,Howard,Doctor 44,2023-03-07
P0444,Eric,Carter,Doctor 19,2023-03-07
P0467,Helen,Martin,Doctor 52,2023-03-07
P0479,Lisa,Martinez,Doctor 6,2023-03-07
P0032,Samuel,Hill,Doctor 94,2023-03-08
P0193,Dennis,Cruz,Doctor 27,2023-03-08
P0222,Betty,King,Doctor 64,2023-03-08
P0312,Laura,Diaz,Doctor 49,2023-03-08
P0424,Justin,Harris,Doctor 88,2023-03-08
P0435,Scott,Peterson,Doctor 5,2023-03-08
P0476,Jeffrey,Perez,Doctor 86,2023-03-08
P0477,Donna,Diaz,Doctor 50,2023-03-08
P0056,Brenda,Gomez,Doctor 91,2023-03-09
P0072,Carol,Roberts,Doctor 82,2023-03-09
P0111,Benjamin,Martinez,Doctor 81,2023-03-09
P0144,Sharon,Thompson,Doctor 21,2023-03-09
P0155,Cynthia,Gonzalez,Doctor 69,2023-03-09
P0244,Sarah,Richardson,Doctor 79,2023-03-09
P0285,John,Martinez,Doctor 26,2023-03-09
P0294,Laura,Jones,Doctor 19,2023-03-09
P0314,Jack,Martinez,Doctor 55,2023-03-09
P0326,Karen,Allen,Doctor 54,2023-03-09
P0422,Kathleen,Gray,Doctor 90,2023-03-09
P0018,Helen,Patel,Doctor 52,2023-03-10
P0019,Laura,Campbell,Doctor 46,2023-03-10
P0078,Ronald,Price,Doctor 86,2023-03-10
P0127,Carol,Ortiz,Doctor 5,2023-03-10
P0370,Larry,Taylor,Doctor 66,2023-03-10
P0489,Jessica,Ruiz,Doctor 8,2023-03-10
P0017,Sandra,Peterson,Doctor 95,2023-03-11
P0075,Lisa,Diaz,Doctor 44,2023-03-11
P0117,Kimberly,Morales,Doctor 6,2023-03-11
P0184,Barbara,Carter,Doctor 8,2023-03-11
P0191,Nancy,Collins,Doctor 29,2023-03-11
P0210,Nancy,Kelly,Doctor 1,2023-03-11
P0301,Lisa,Nelson,Doctor 41,2023-03-11
P0307,Steven,Gray,Doctor 18,2023-03-11
P0023,Jerry,Wright,Doctor 48,2023-03-12
P0049,Lisa,Sanchez,Doctor 16,2023-03-12
P0068,Jessica,Ward,Doctor 17,2023-03-12
P0153,Samuel,Wright,Doctor 70,2023-03-12
P0211,Tyler,Gonzalez,Doctor 69,2023-03-12
P0224,Angela,Peterson,Doctor 96,2023-03-12
P0286,Ronald,Stewart,Doctor 79,2023-03-12
P0296,Raymond,Edwards,Doctor 78,2023-03-12
P0420,Shirley,Scott,Doctor 49,2023-03-12
P0434,Steven,Moore,Doctor 81,2023-03-12
P0055,Frank,Ruiz,Doctor 26,2023-03-13
P0120,Joseph,Rogers,Doctor 99,2023-03-13
P0146,Karen,Ramirez,Doctor 88,2023-03-13
P0183,Nancy,Cook,Doctor 26,2023-03-13
P0358,Brian,Hernandez,Doctor 13,2023-03-13
P0362,Donna,Ward,Doctor 3,2023-03-13
P0005,Lisa,Wood,Doctor 62,2023-03-14
P0201,Shirley,Cook,Doctor 54,2023-03-14
P0202,Eric,Thomas,Doctor 55,2023-03-14
P0243,George,King,Doctor 91,2023-03-14
P0247,Jerry,Brown,Doctor 39,2023-03-14
P0259,Sandra,Lopez,Doctor 95,2023-03-14
P0325,Stephen,Murphy,Doctor 54,2023-03-14
P0343,Christopher,Perez,Doctor 13,2023-03-14
P0362,Donna,Ward,Doctor 3,2023-03-14
P0017,Sandra,Peterson,Doctor 95,2023-03-15
P0124,Jeffrey,Thomas,Doctor 44,2023-03-15
P0181,Helen,Thompson,Doctor 84,2023-03-15
P0368,Joshua,Watson,Doctor 10,2023-03-15
P0416,Brandon,Davis,Doctor 71,2023-03-15
P0472,Edward,Wood,Doctor 41,2023-03-15
P0073,Jessica,Hughes,Doctor 11,2023-03-16
P0183,Nancy,Cook,Doctor 26,2023-03-16
P0189,Robert,Lee,Doctor 65,2023-03-16
P0273,Tyler,Jones,Doctor 84,2023-03-16
P0273,Tyler,Jones,Doctor 84,2023-03-16
P0298,Charles,Clark,Doctor 66,2023-03-16
P0316,Anthony,Jackson,Doctor 74,2023-03-16
P0391,Carol,Gomez,Doctor 44,2023-03-16
P0430,Jacob,Carter,Doctor 24,2023-03-16
P0442,Barbara,Reed,Doctor 54,2023-03-16
P0462,Scott,Harris,Doctor 91,2023-03-16
P0028,Larry,Chavez,Doctor 27,2023-03-17
P0035,Donna,Peterson,Doctor 47,2023-03-17
P0078,Ronald,Price,Doctor 86,2023-03-17
P0242,Anna,White,Doctor 38,2023-03-17
P0289,Betty,Watson,Doctor 61,2023-03-17
P0353,Angela,Allen,Doctor 87,2023-03-17
P0379,Brian,Cruz,Doctor 49,2023-03-17
P0403,Jacob,Martinez,Doctor 12,2023-03-17
P0113,Jacob,Morales,Doctor 35,2023-03-18
P0194,Gary,James,Doctor 29,2023-03-18
P0335,Shirley,Rogers,Doctor 11,2023-03-18
P0351,Helen,Campbell,Doctor 25,2023-03-18
P0488,Brandon,Allen,Doctor 32,2023-03-18
P0051,Laura,Cooper,Doctor 56,2023-03-19
P0080,Aaron,Martin,Doctor 49,2023-03-19
P0192,Edward,Scott,Doctor 76,2023-03-19
P0232,Gary,Thompson,Doctor 66,2023-03-19
P0346,Amy,Hernandez,Doctor 92,2023-03-19
P0067,Michael,Williams,Doctor 42,2023-03-20
P0093,Brenda,Turner,Doctor 54,2023-03-20
P0133,Sharon,Wright,Doctor 76,2023-03-20
P0165,Michelle,Cooper,Doctor 5,2023-03-20
P0366,Samuel,Castillo,Doctor 81,2023-03-20
P0412,Michelle,Campbell,Doctor 78,2023-03-20
P0473,Mary,Davis,Doctor 84,2023-03-20
P0037,Alexander,Ruiz,Doctor 73,2023-03-21
P0039,Ronald,Patel,Doctor 97,2023-03-21
P0060,Betty,Bennett,Doctor 6,2023-03-21
P0118,Timothy,Carter,Doctor 57,2023-03-21
P0178,Shirley,Thompson,Doctor 53,2023-03-21
P0253,Benjamin,Turner,Doctor 85,2023-03-21
P0256,Donna,Clark,Doctor 70,2023-03-21
P0371,Carol,King,Doctor 29,2023-03-21
P0410,Shirley,Lopez,Doctor 53,2023-03-21
P0173,Jennifer,Wood,Doctor 55,2023-03-22
P0241,Jason,Parker,Doctor 52,2023-03-22
P0271,Cynthia,Hall,Doctor 75,2023-03-22
P0353,Angela,Allen,Doctor 87,2023-03-22
P0391,Carol,Gomez,Doctor 44,2023-03-22
P0396,Susan,Watson,Doctor 56,2023-03-22
P0419,Shirley,Sanchez,Doctor 16,2023-03-22
P0004,Andrew,Williams,Doctor 100,2023-03-23
P0028,Larry,Chavez,Doctor 27,2023-03-23
P0063,Betty,Roberts,Doctor 13,2023-03-23
P0090,Mary,Hernandez,Doctor 31,2023-03-23
P0133,Sharon,Wright,Doctor 76,2023-03-23
P0173,Jennifer,Wood,Doctor 55,2023-03-23
P0300,Steven,Cooper,Doctor 17,2023-03-23
P0304,Helen,Edwards,Doctor 98,2023-03-23
P0340,Jason,Cook,Doctor 20,2023-03-23
P0008,Jerry,Martin,Doctor 3,2023-03-24
P0107,Laura,Harris,Doctor 88,2023-03-24
P0269,Aaron,Wright,Doctor 71,2023-03-24
P0346,Amy,Hernandez,Doctor 92,2023-03-24
P0372,Joshua,Nguyen,Doctor 31,2023-03-24
P0494,Barbara,Bailey,Doctor 85,2023-03-24
P0074,Joseph,Carter,Doctor 66,2023-03-25
P0145,Mary,Cooper,Doctor 75,2023-03-25
P0162,Ruth,Edwards,Doctor 96,2023-03-25
P0165,Michelle,Cooper,Doctor 5,2023-03-25
P0226,Ruth,Gray,Doctor 63,2023-03-25
P0262,Carol,Parker,Doctor 12,2023-03-25
P0321,Sharon,Martinez,Doctor 83,2023-03-25
P0086,Betty,Garcia,Doctor 55,2023-03-26
P0146,Karen,Ramirez,Doctor 88,2023-03-26
P0193,Dennis,Cruz,Doctor 27,2023-03-26
P0225,Ruth,Carter,Doctor 58,2023-03-26
P0480,Robert,Evans,Doctor 85,2023-03-26
P0485,Steven,Sanchez,Doctor 24,2023-03-26
P0043,Sarah,Torres,Doctor 33,2023-03-27
P0067,Michael,Williams,Doctor 42,2023-03-27
P0070,Linda,Sanchez,Doctor 46,2023-03-27
P0248,Jessica,Carter,Doctor 97,2023-03-27
P0275,Anthony,Ruiz,Doctor 12,2023-03-27
P0285,John,Martinez,Doctor 26,2023-03-27
P0298,Charles,Clark,Doctor 66,2023-03-27
P0431,Patrick,Howard,Doctor 44,2023-03-27
P0471,Elizabeth,Cruz,Doctor 65,2023-03-27
P0471,Elizabeth,Cruz,Doctor 65,2023-03-27
P0013,Mary,Baker,Doctor 40,2023-03-28
P0050,Gary,Clark,Doctor 92,2023-03-28
P0202,Eric,Thomas,Doctor 55,2023-03-28
P0222,Betty,King,Doctor 64,2023-03-28
P0399,Elizabeth,Gray,Doctor 28,2023-03-28
P0480,Robert,Evans,Doctor 85,2023-03-28
P0029,Virginia,Peterson,Doctor 87,2023-03-29
P0039,Ronald,Patel,Doctor 97,2023-03-29
P0169,Jennifer,Perez,Doctor 28,2023-03-29
P0318,Tyler,Robinson,Doctor 68,2023-03-29
P0351,Helen,Campbell,Doctor 25,2023-03-29
P0470,Justin,Robinson,Doctor 7,2023-03-29
P0033,Ronald,Campbell,Doctor 5,2023-03-30
P0176,Rebecca,Jones,Doctor 24,2023-03-30
P0189,Robert,Lee,Doctor 65,2023-03-30
P0193,Dennis,Cruz,Doctor 27,2023-03-30
P0288,Gregory,Richardson,Doctor 98,2023-03-30
P0340,Jason,Cook,Doctor 20,2023-03-30
P0421,Scott,Thompson,Doctor 19,2023-03-30
P0458,Samuel,Sanders,Doctor 5,2023-03-30
P0043,Sarah,Torres,Doctor 33,2023-03-31
P0061,Karen,Collins,Doctor 16,2023-03-31
P0096,Kimberly,Wilson,Doctor 5,2023-03-31
P0267,Sharon,Smith,Doctor 44,2023-03-31
P0268,Frank,Martin,Doctor 2,2023-03-31
P0048,Betty,Nelson,Doctor 68,2023-04-01
P0129,Jason,Robinson,Doctor 58,2023-04-01
P0177,Elizabeth,Stewart,Doctor 69,2023-04-01
P0256,Donna,Clark,Doctor 70,2023-04-01
P0401,Aaron,Rivera,Doctor 79,2023-04-01
P0076,James,Murphy,Doctor 85,2023-04-02
P0151,Deborah,Cooper,Doctor 21,2023-04-02
P0180,Carol,Ramos,Doctor 26,2023-04-02
P0209,Justin,Anderson,Doctor 4,2023-04-02
P0265,Dennis,Richardson,Doctor 88,2023-04-02
P0307,Steven,Gray,Doctor 18,2023-04-02
P0018,Helen,Patel,Doctor 52,2023-04-03
P0050,Gary,Clark,Doctor 92,2023-04-03
P0053,Deborah,Jackson,Doctor 100,2023-04-03
P0154,Karen,Alvarez,Doctor 90,2023-04-03
P0216,Anthony,Ward,Doctor 50,2023-04-03
P0254,Emma,Adams,Doctor 11,2023-04-03
P0275,Anthony,Ruiz,Doctor 12,2023-04-03
P0279,Joshua,Hughes,Doctor 89,2023-04-03
P0402,William,Patel,Doctor 5,2023-04-03
P0419,Shirley,Sanchez,Doctor 16,2023-04-03
P0215,Amy,Myers,Doctor 34,2023-04-04
P0405,Gregory,Gutierrez,Doctor 43,2023-04-04
P0464,Kimberly,Roberts,Doctor 47,2023-04-04
P0006,Gary,Patel,Doctor 89,2023-04-05
P0056,Brenda,Gomez,Doctor 91,2023-04-05
P0070,Linda,Sanchez,Doctor 46,2023-04-05
P0181,Helen,Thompson,Doctor 84,2023-04-05
P0317,Kimberly,Cooper,Doctor 39,2023-04-05
P0326,Karen,Allen,Doctor 54,2023-04-05
P0378,Sarah,Wilson,Doctor 5,2023-04-05
P0466,Cynthia,Gutierrez,Doctor 56,2023-04-05
P0025,Jack,Cox,Doctor 3,2023-04-06
P0033,Ronald,Campbell,Doctor 5,2023-04-06
P0117,Kimberly,Morales,Doctor 6,2023-04-06
P0204,Linda,Turner,Doctor 6,2023-04-06
P0433,Helen,Moore,Doctor 17,2023-04-06
P0443,Linda,Baker,Doctor 25,2023-04-06
P0071,Laura,Brooks,Doctor 97,2023-04-07
P0074,Joseph,Carter,Doctor 66,2023-04-07
P0214,Jonathan,Peterson,Doctor 26,2023-04-07
P0223,Linda,Hernandez,Doctor 80,2023-04-07
P0320,Carol,Garcia,Doctor 31,2023-04-07
P0344,Deborah,Richardson,Doctor 72,2023-04-07
P0385,Joseph,Hernandez,Doctor 1,2023-04-07
P0451,Jason,Stewart,Doctor 4,2023-04-07
P0452,Daniel,Ortiz,Doctor 39,2023-04-07
P0184,Barbara,Carter,Doctor 8,2023-04-08
P0311,Nancy,Peterson,Doctor 87,2023-04-08
P0359,Jonathan,Smith,Doctor 73,2023-04-08
P0383,Ronald,Myers,Doctor 48,2023-04-08
P0471,Elizabeth,Cruz,Doctor 65,2023-04-08
P0033,Ronald,Campbell,Doctor 5,2023-04-09
P0163,Donna,Murphy,Doctor 73,2023-04-09
P0221,Benjamin,Howard,Doctor 35,2023-04-09
P0227,Ruth,Hill,Doctor 18,2023-04-09
P0235,Robert,Moore,Doctor 22,2023-04-09
P0240,Matthew,Anderson,Doctor 86,2023-04-09
P0292,Brandon,Garcia,Doctor 27,2023-04-09
P0373,Kevin,Cox,Doctor 52,2023-04-09
P0011,Tyler,Reyes,Doctor 61,2023-04-10
P0128,Patricia,Sanders,Doctor 85,2023-04-10
P0130,Lisa,Morris,Doctor 61,2023-04-10
P0164,Patrick,Jackson,Doctor 93,2023-04-10
P0207,Virginia,Ortiz,Doctor 54,2023-04-10
P0214,Jonathan,Peterson,Doctor 26,2023-04-10
P0216,Anthony,Ward,Doctor 50,2023-04-10
P0283,Michelle,Peterson,Doctor 61,2023-04-10
P0386,Dennis,Kelly,Doctor 20,2023-04-10
P0067,Michael,Williams,Doctor 42,2023-04-11
P0073,Jessica,Hughes,Doctor 11,2023-04-11
P0126,Timothy,Wilson,Doctor 72,2023-04-11
P0228,Jeffrey,Scott,Doctor 84,2023-04-11
P0349,Scott,Ramirez,Doctor 52,2023-04-11
P0054,Timothy,Stewart,Doctor 16,2023-04-12
P0163,Donna,Murphy,Doctor 73,2023-04-12
P0209,Justin,Anderson,Doctor 4,2023-04-12
P0214,Jonathan,Peterson,Doctor 26,2023-04-12
P0264,Anna,Nguyen,Doctor 81,2023-04-12
P0289,Betty,Watson,Doctor 61,2023-04-12
P0289,Betty,Watson,Doctor 61,2023-04-12
P0380,Sandra,Bennett,Doctor 19,2023-04-12
P0395,Carol,Davis,Doctor 85,2023-04-12
P0440,Cynthia,Parker,Doctor 75,2023-04-12
P0443,Linda,Baker,Doctor 25,2023-04-12
P0484,Gregory,Howard,Doctor 97,2023-04-12
P0053,Deborah,Jackson,Doctor 100,2023-04-13
P0130,Lisa,Morris,Doctor 61,2023-04-13
P0171,Brandon,Taylor,Doctor 96,2023-04-13
P0319,Frank,Ward,Doctor 75,2023-04-13
P0341,Scott,Perez,Doctor 52,2023-04-13
P0350,Michelle,Hall,Doctor 45,2023-04-13
P0443,Linda,Baker,Doctor 25,2023-04-13
P0138,Tyler,Mitchell,Doctor 28,2023-04-14
P0143,Linda,Wood,Doctor 45,2023-04-14
P0254,Emma,Adams,Doctor 11,2023-04-14
P0307,Steven,Gray,Doctor 18,2023-04-14
P0353,Angela,Allen,Doctor 87,2023-04-14
P0397,Sarah,White,Doctor 87,2023-04-14
P0411,Richard,Brooks,Doctor 19,2023-04-14
P0421,Scott,Thompson,Doctor 19,2023-04-14
P0463,Jeffrey,Ramos,Doctor 64,2023-04-14
P0006,Gary,Patel,Doctor 89,2023-04-15
P0205,Anthony,Walker,Doctor 9,2023-04-15
P0363,Nicholas,Miller,Doctor 81,2023-04-15
P0413,Michelle,Lewis,Doctor 85,2023-04-15
P0459,Daniel,Cooper,Doctor 70,2023-04-15
P0080,Aaron,Martin,Doctor 49,2023-04-16
P0169,Jennifer,Perez,Doctor 28,2023-04-16
P0191,Nancy,Collins,Doctor 29,2023-04-16
P0235,Robert,Moore,Doctor 22,2023-04-16
P0330,Dennis,Jones,Doctor 78,2023-04-16
P0387,Andrew,Ramirez,Doctor 67,2023-04-16
P0430,Jacob,Carter,Doctor 24,2023-04-16
P0448,Virginia,Martin,Doctor 4,2023-04-16
P0007,Thomas,White,Doctor 69,2023-04-17
P0032,Samuel,Hill,Doctor 94,2023-04-17
P0062,Betty,Cruz,Doctor 58,2023-04-17
P0141,Laura,Parker,Doctor 28,2023-04-17
P0218,Joseph,Wright,Doctor 16,2023-04-17
P0232,Gary,Thompson,Doctor 66,2023-04-17
P0254,Emma,Adams,Doctor 11,2023-04-17
P0274,Frank,Kim,Doctor 83,2023-04-17
P0283,Michelle,Peterson,Doctor 61,2023-04-17
P0372,Joshua,Nguyen,Doctor 31,2023-04-17
P0408,Linda,Green,Doctor 17,2023-04-17
P0497,Larry,Carter,Doctor 91,2023-04-17
P0012,Mark,Perez,Doctor 91,2023-04-18
P0361,Emma,Gonzalez,Doctor 77,2023-04-18
P0070,Linda,Sanchez,Doctor 46,2023-04-19
P0229,Ronald,James,Doctor 47,2023-04-19
P0334,Edward,Hernandez,Doctor 86,2023-04-19
P0380,Sandra,Bennett,Doctor 19,2023-04-19
P0165,Michelle,Cooper,Doctor 5,2023-04-20
P0237,Jacob,Campbell,Doctor 89,2023-04-20
P0352,Barbara,Edwards,Doctor 46,2023-04-20
P0356,Kimberly,Torres,Doctor 7,2023-04-20
P0400,Emma,Hall,Doctor 72,2023-04-20
P0424,Justin,Harris,Doctor 88,2023-04-20
P0434,Steven,Moore,Doctor 81,2023-04-20
P0052,Sarah,Sanchez,Doctor 44,2023-04-21
P0072,Carol,Roberts,Doctor 82,2023-04-21
P0323,Kenneth,Cruz,Doctor 33,2023-04-21
P0328,Brandon,Young,Doctor 16,2023-04-21
P0388,Anthony,Bennett,Doctor 89,2023-04-21
P0396,Susan,Watson,Doctor 56,2023-04-21
P0453,Cynthia,Peterson,Doctor 73,2023-04-21
P0019,Laura,Campbell,Doctor 46,2023-04-22
P0196,Nancy,Young,Doctor 92,2023-04-22
P0206,Jack,Murphy,Doctor 14,2023-04-22
P0367,Kenneth,Clark,Doctor 45,2023-04-22
P0400,Emma,Hall,Doctor 72,2023-04-22
P0424,Justin,Harris,Doctor 88,2023-04-22
P0085,Dorothy,Bennett,Doctor 27,2023-04-23
P0212,Mark,Thomas,Doctor 42,2023-04-23
P0320,Carol,Garcia,Doctor 31,2023-04-23
P0405,Gregory,Gutierrez,Doctor 43,2023-04-23
P0449,David,Williams,Doctor 82,2023-04-23
P0102,George,Sanders,Doctor 44,2023-04-24
P0128,Patricia,Sanders,Doctor 85,2023-04-24
P0338,Jonathan,Ortiz,Doctor 34,2023-04-24
P0145,Mary,Cooper,Doctor 75,2023-04-25
P0182,Joseph,Patel,Doctor 59,2023-04-25
P0207,Virginia,Ortiz,Doctor 54,2023-04-25
P0224,Angela,Peterson,Doctor 96,2023-04-25
P0225,Ruth,Carter,Doctor 58,2023-04-25
P0297,Susan,Cruz,Doctor 4,2023-04-25
P0358,Brian,Hernandez,Doctor 13,2023-04-25
P0395,Carol,Davis,Doctor 85,2023-04-25
P0403,Jacob,Martinez,Doctor 12,2023-04-25
P0407,Kenneth,Diaz,Doctor 17,2023-04-25
P0467,Helen,Martin,Doctor 52,2023-04-25
P0032,Samuel,Hill,Doctor 94,2023-04-26
P0150,Aaron,Hill,Doctor 27,2023-04-26
P0228,Jeffrey,Scott,Doctor 84,2023-04-26
P0287,James,Sanchez,Doctor 11,2023-04-26
P0341,Scott,Perez,Doctor 52,2023-04-26
P0418,Kenneth,Kim,Doctor 90,2023-04-26
P0429,Carol,Torres,Doctor 30,2023-04-26
P0105,Nancy,Mendoza,Doctor 68,2023-04-27
P0202,Eric,Thomas,Doctor 55,2023-04-27
P0306,Jose,James,Doctor 4,2023-04-27
P0412,Michelle,Campbell,Doctor 78,2023-04-27
P0005,Lisa,Wood,Doctor 62,2023-04-28
P0057,Steven,Martin,Doctor 56,2023-04-28
P0260,Donald,Reed,Doctor 93,2023-04-28
P0265,Dennis,Richardson,Doctor 88,2023-04-28
P0275,Anthony,Ruiz,Doctor 12,2023-04-28
P0376,Anna,Rogers,Doctor 19,2023-04-28
P0377,Samuel,Ruiz,Doctor 68,2023-04-28
P0459,Daniel,Cooper,Doctor 70,2023-04-28
P0476,Jeffrey,Perez,Doctor 86,2023-04-28
P0030,Andrew,Bennett,Doctor 64,2023-04-29
P0109,Jose,Cruz,Doctor 51,2023-04-29
P0159,Jerry,Richardson,Doctor 42,2023-04-29
P0224,Angela,Peterson,Doctor 96,2023-04-29
P0462,Scott,Harris,Doctor 91,2023-04-29
P0106,Gregory,Thomas,Doctor 59,2023-04-30
P0345,James,Rodriguez,Doctor 43,2023-04-30
P0388,Anthony,Bennett,Doctor 89,2023-04-30
P0462,Scott,Harris,Doctor 91,2023-04-30
P0039,Ronald,Patel,Doctor 97,2023-05-01
P0099,Elizabeth,Lewis,Doctor 11,2023-05-01
P0142,Aaron,Reyes,Doctor 17,2023-05-01
P0010,Dorothy,Sanders,Doctor 62,2023-05-02
P0056,Brenda,Gomez,Doctor 91,2023-05-02
P0098,Richard,Reyes,Doctor 58,2023-05-02
P0189,Robert,Lee,Doctor 65,2023-05-02
P0220,Carol,Bennett,Doctor 18,2023-05-02
P0348,Ronald,King,Doctor 29,2023-05-02
P0362,Donna,Ward,Doctor 3,2023-05-02
P0377,Samuel,Ruiz,Doctor 68,2023-05-02
P0394,Anthony,Cooper,Doctor 73,2023-05-02
P0438,William,King,Doctor 52,2023-05-02
P0053,Deborah,Jackson,Doctor 100,2023-05-03
P0097,Sandra,Turner,Doctor 61,2023-05-03
P0195,Barbara,Alvarez,Doctor 21,2023-05-03
P0211,Tyler,Gonzalez,Doctor 69,2023-05-03
P0223,Linda,Hernandez,Doctor 80,2023-05-03
P0254,Emma,Adams,Doctor 11,2023-05-03
P0303,Donald,Gutierrez,Doctor 89,2023-05-03
P0465,Helen,Cruz,Doctor 16,2023-05-03
P0003,Emma,Reed,Doctor 24,2023-05-04
P0048,Betty,Nelson,Doctor 68,2023-05-04
P0186,Kathleen,Rivera,Doctor 87,2023-05-04
P0306,Jose,James,Doctor 4,2023-05-04
P0029,Virginia,Peterson,Doctor 87,2023-05-05
P0140,Michelle,Carter,Doctor 26,2023-05-05
P0282,Jessica,Adams,Doctor 65,2023-05-05
P0365,Robert,Miller,Doctor 9,2023-05-05
P0488,Brandon,Allen,Doctor 32,2023-05-05
P0489,Jessica,Ruiz,Doctor 8,2023-05-05
P0044,David,Johnson,Doctor 100,2023-05-06
P0045,Sarah,Roberts,Doctor 21,2023-05-06
P0059,Sandra,Johnson,Doctor 20,2023-05-06
P0072,Carol,Roberts,Doctor 82,2023-05-06
P0119,Susan,Thomas,Doctor 50,2023-05-06
P0317,Kimberly,Cooper,Doctor 39,2023-05-06
P0375,Melissa,Price,Doctor 47,2023-05-06
P0417,Richard,Peterson,Doctor 42,2023-05-06
P0018,Helen,Patel,Doctor 52,2023-05-07
P0024,Ruth,Cook,Doctor 66,2023-05-07
P0271,Cynthia,Hall,Doctor 75,2023-05-07
P0353,Angela,Allen,Doctor 87,2023-05-07
P0461,William,Sanchez,Doctor 99,2023-05-07
P0047,Justin,Ruiz,Doctor 85,2023-05-08
P0123,Kimberly,Jackson,Doctor 37,2023-05-08
P0133,Sharon,Wright,Doctor 76,2023-05-08
P0153,Samuel,Wright,Doctor 70,2023-05-08
P0172,Donna,Allen,Doctor 74,2023-05-08
P0399,Elizabeth,Gray,Doctor 28,2023-05-08
P0499,Michelle,Garcia,Doctor 57,2023-05-08
P0125,Betty,Ward,Doctor 21,2023-05-09
P0126,Timothy,Wilson,Doctor 72,2023-05-09
P0195,Barbara,Alvarez,Doctor 21,2023-05-09
P0200,Laura,Nguyen,Doctor 88,2023-05-09
P0258,Donald,Cruz,Doctor 37,2023-05-09
P0376,Anna,Rogers,Doctor 19,2023-05-09
P0431,Patrick,Howard,Doctor 44,2023-05-09
P0005,Lisa,Wood,Doctor 62,2023-05-10
P0156,Sarah,Evans,Doctor 91,2023-05-10
P0296,Raymond,Edwards,Doctor 78,2023-05-10
P0299,Michelle,Sanchez,Doctor 18,2023-05-10
P0359,Jonathan,Smith,Doctor 73,2023-05-10
P0404,Sarah,Ruiz,Doctor 63,2023-05-10
P0424,Justin,Harris,Doctor 88,2023-05-10
P0442,Barbara,Reed,Doctor 54,2023-05-10
P0453,Cynthia,Peterson,Doctor 73,2023-05-10
P0057,Steven,Martin,Doctor 56,2023-05-11
P0065,Dennis,Hall,Doctor 78,2023-05-11
P0132,Brian,Miller,Doctor 91,2023-05-11
P0168,Helen,Cooper,Doctor 25,2023-05-11
P0287,James,Sanchez,Doctor 11,2023-05-11
P0332,Sharon,Castillo,Doctor 5,2023-05-11
P0334,Edward,Hernandez,Doctor 86,2023-05-11
P0407,Kenneth,Diaz,Doctor 17,2023-05-11
P0410,Shirley,Lopez,Doctor 53,2023-05-11
P0446,Patrick,Thomas,Doctor 53,2023-05-11
P0488,Brandon,Allen,Doctor 32,2023-05-11
P0248,Jessica,Carter,Doctor 97,2023-05-12
P0349,Scott,Ramirez,Doctor 52,2023-05-12
P0448,Virginia,Martin,Doctor 4,2023-05-12
P0491,Steven,Miller,Doctor 26,2023-05-12
P0064,Cynthia,Howard,Doctor 65,2023-05-13
P0229,Ronald,James,Doctor 47,2023-05-13
P0331,James,Morris,Doctor 54,2023-05-13
P0427,Patricia,Johnson,Doctor 71,2023-05-13
P0456,Lisa,Wilson,Doctor 57,2023-05-13
P0494,Barbara,Bailey,Doctor 85,2023-05-13
P0061,Karen,Collins,Doctor 16,2023-05-14
P0092,Daniel,Moore,Doctor 84,2023-05-14
P0168,Helen,Cooper,Doctor 25,2023-05-14
P0263,Kenneth,Hernandez,Doctor 89,2023-05-14
P0325,Stephen,Murphy,Doctor 54,2023-05-14
P0332,Sharon,Castillo,Doctor 5,2023-05-14
P0459,Daniel,Cooper,Doctor 70,2023-05-14
P0481,Jennifer,Thomas,Doctor 62,2023-05-14
P0486,Helen,Mendoza,Doctor 20,2023-05-14
P0417,Richard,Peterson,Doctor 42,2023-05-15
P0444,Eric,Carter,Doctor 19,2023-05-15
P0476,Jeffrey,Perez,Doctor 86,2023-05-15
P0145,Mary,Cooper,Doctor 75,2023-05-16
P0247,Jerry,Brown,Doctor 39,2023-05-16
P0299,Michelle,Sanchez,Doctor 18,2023-05-16
P0044,David,Johnson,Doctor 100,2023-05-17
P0141,Laura,Parker,Doctor 28,2023-05-17
P0401,Aaron,Rivera,Doctor 79,2023-05-17
P0419,Shirley,Sanchez,Doctor 16,2023-05-17
P0010,Dorothy,Sanders,Doctor 62,2023-05-18
P0133,Sharon,Wright,Doctor 76,2023-05-18
P0234,Jose,Walker,Doctor 23,2023-05-18
P0348,Ronald,King,Doctor 29,2023-05-18
P0373,Kevin,Cox,Doctor 52,2023-05-18
P0401,Aaron,Rivera,Doctor 79,2023-05-18
P0133,Sharon,Wright,Doctor 76,2023-05-19
P0148,Stephen,Johnson,Doctor 96,2023-05-19
P0228,Jeffrey,Scott,Doctor 84,2023-05-19
P0307,Steven,Gray,Doctor 18,2023-05-19
P0339,Sharon,Thomas,Doctor 21,2023-05-19
P0406,Robert,Sanchez,Doctor 33,2023-05-19
P0416,Brandon,Davis,Doctor 71,2023-05-19
P0014,Deborah,Alvarez,Doctor 26,2023-05-20
P0309,Kenneth,Rogers,Doctor 96,2023-05-20
P0329,Shirley,Williams,Doctor 60,2023-05-20
P0140,Michelle,Carter,Doctor 26,2023-05-21
P0203,Scott,Lee,Doctor 22,2023-05-21
P0345,James,Rodriguez,Doctor 43,2023-05-21
P0384,Daniel,Parker,Doctor 72,2023-05-21
P0395,Carol,Davis,Doctor 85,2023-05-21
P0458,Samuel,Sanders,Doctor 5,2023-05-21
P0055,Frank,Ruiz,Doctor 26,2023-05-22
P0144,Sharon,Thompson,Doctor 21,2023-05-22
P0156,Sarah,Evans,Doctor 91,2023-05-22
P0161,Laura,Stewart,Doctor 49,2023-05-22
P0208,Gary,Rogers,Doctor 37,2023-05-22
P0231,Jeffrey,Cox,Doctor 18,2023-05-22
P0250,James,Kelly,Doctor 80,2023-05-22
P0332,Sharon,Castillo,Doctor 5,2023-05-22
P0336,Angela,Campbell,Doctor 85,2023-05-22
P0064,Cynthia,Howard,Doctor 65,2023-05-23
P0156,Sarah,Evans,Doctor 91,2023-05-23
P0241,Jason,Parker,Doctor 52,2023-05-23
P0287,James,Sanchez,Doctor 11,2023-05-23
P0289,Betty,Watson,Doctor 61,2023-05-23
P0308,Jack,Price,Doctor 82,2023-05-23
P0310,Michael,Ramos,Doctor 100,2023-05-23
P0446,Patrick,Thomas,Doctor 53,2023-05-23
P0492,Dorothy,Brown,Doctor 59,2023-05-23
P0051,Laura,Cooper,Doctor 56,2023-05-24
P0383,Ronald,Myers,Doctor 48,2023-05-24
P0130,Lisa,Morris,Doctor 61,2023-05-25
P0161,Laura,Stewart,Doctor 49,2023-05-25
P0187,Steven,Nguyen,Doctor 94,2023-05-25
P0248,Jessica,Carter,Doctor 97,2023-05-25
P0270,Kathleen,Rodriguez,Doctor 9,2023-05-25
P0480,Robert,Evans,Doctor 85,2023-05-25
P0071,Laura,Brooks,Doctor 97,2023-05-26
P0221,Benjamin,Howard,Doctor 35,2023-05-26
P0247,Jerry,Brown,Doctor 39,2023-05-26
P0319,Frank,Ward,Doctor 75,2023-05-26
P0339,Sharon,Thomas,Doctor 21,2023-05-26
P0387,Andrew,Ramirez,Doctor 67,2023-05-26
P0392,Sandra,Parker,Doctor 81,2023-05-26
P0428,Linda,Jones,Doctor 18,2023-05-26
P0450,Ruth,Miller,Doctor 39,2023-05-26
P0458,Samuel,Sanders,Doctor 5,2023-05-26
P0028,Larry,Chavez,Doctor 27,2023-05-27
P0054,Timothy,Stewart,Doctor 16,2023-05-27
P0090,Mary,Hernandez,Doctor 31,2023-05-27
P0201,Shirley,Cook,Doctor 54,2023-05-27
P0322,Karen,Hill,Doctor 83,2023-05-27
P0048,Betty,Nelson,Doctor 68,2023-05-28
P0137,Angela,Brooks,Doctor 55,2023-05-28
P0153,Samuel,Wright,Doctor 70,2023-05-28
P0155,Cynthia,Gonzalez,Doctor 69,2023-05-28
P0219,Emma,Taylor,Doctor 9,2023-05-28
P0301,Lisa,Nelson,Doctor 41,2023-05-28
P0378,Sarah,Wilson,Doctor 5,2023-05-28
P0471,Elizabeth,Cruz,Doctor 65,2023-05-28
P0492,Dorothy,Brown,Doctor 59,2023-05-28
P0102,George,Sanders,Doctor 44,2023-05-29
P0124,Jeffrey,Thomas,Doctor 44,2023-05-29
P0199,Christopher,Cook,Doctor 89,2023-05-29
P0206,Jack,Murphy,Doctor 14,2023-05-29
P0307,Steven,Gray,Doctor 18,2023-05-29
P0460,Jeffrey,Howard,Doctor 74,2023-05-29
P0096,Kimberly,Wilson,Doctor 5,2023-05-30
P0103,Jeffrey,Morgan,Doctor 36,2023-05-30
P0170,Gary,Smith,Doctor 98,2023-05-30
P0302,Helen,Rodriguez,Doctor 69,2023-05-30
P0308,Jack,Price,Doctor 82,2023-05-30
P0484,Gregory,Howard,Doctor 97,2023-05-30
P0027,Sandra,Jackson,Doctor 51,2023-05-31
P0219,Emma,Taylor,Doctor 9,2023-05-31
P0331,James,Morris,Doctor 54,2023-05-31
P0346,Amy,Hernandez,Doctor 92,2023-05-31
P0492,Dorothy,Brown,Doctor 59,2023-05-31
P0024,Ruth,Cook,Doctor 66,2023-06-01
P0077,Linda,Richardson,Doctor 99,2023-06-01
P0249,Linda,Howard,Doctor 46,2023-06-01
P0276,Melissa,Howard,Doctor 48,2023-06-01
P0346,Amy,Hernandez,Doctor 92,2023-06-01
P0369,Joshua,Mitchell,Doctor 94,2023-06-01
P0429,Carol,Torres,Doctor 30,2023-06-01
P0089,Patricia,Collins,Doctor 75,2023-06-02
P0150,Aaron,Hill,Doctor 27,2023-06-02
P0182,Joseph,Patel,Doctor 59,2023-06-02
P0267,Sharon,Smith,Doctor 44,2023-06-02
P0342,Robert,Perez,Doctor 94,2023-06-02
P0396,Susan,Watson,Doctor 56,2023-06-02
P0038,Benjamin,Rivera,Doctor 15,2023-06-03
P0114,Jose,Wright,Doctor 65,2023-06-03
P0125,Betty,Ward,Doctor 21,2023-06-03
P0444,Eric,Carter,Doctor 19,2023-06-03
P0195,Barbara,Alvarez,Doctor 21,2023-06-04
P0200,Laura,Nguyen,Doctor 88,2023-06-04
P0276,Melissa,Howard,Doctor 48,2023-06-04
P0316,Anthony,Jackson,Doctor 74,2023-06-04
P0344,Deborah,Richardson,Doctor 72,2023-06-04
P0362,Donna,Ward,Doctor 3,2023-06-04
P0390,Ryan,Flores,Doctor 5,2023-06-04
P0404,Sarah,Ruiz,Doctor 63,2023-06-04
P0090,Mary,Hernandez,Doctor 31,2023-06-05
P0182,Joseph,Patel,Doctor 59,2023-06-05
P0210,Nancy,Kelly,Doctor 1,2023-06-05
P0272,Betty,Stewart,Doctor 20,2023-06-05
P0323,Kenneth,Cruz,Doctor 33,2023-06-05
P0361,Emma,Gonzalez,Doctor 77,2023-06-05
P0366,Samuel,Castillo,Doctor 81,2023-06-05
P0384,Daniel,Parker,Doctor 72,2023-06-05
P0448,Virginia,Martin,Doctor 4,2023-06-05
P0491,Steven,Miller,Doctor 26,2023-06-05
P0055,Frank,Ruiz,Doctor 26,2023-06-06
P0090,Mary,Hernandez,Doctor 31,2023-06-06
P0115,James,Mendoza,Doctor 85,2023-06-06
P0125,Betty,Ward,Doctor 21,2023-06-06
P0155,Cynthia,Gonzalez,Doctor 69,2023-06-06
P0271,Cynthia,Hall,Doctor 75,2023-06-06
P0282,Jessica,Adams,Doctor 65,2023-06-06
P0340,Jason,Cook,Doctor 20,2023-06-06
P0472,Edward,Wood,Doctor 41,2023-06-06
P0014,Deborah,Alvarez,Doctor 26,2023-06-07
P0059,Sandra,Johnson,Doctor 20,2023-06-07
P0292,Brandon,Garcia,Doctor 27,2023-06-07
P0326,Karen,Allen,Doctor 54,2023-06-07
P0397,Sarah,White,Doctor 87,2023-06-07
P0410,Shirley,Lopez,Doctor 53,2023-06-07
P0058,Matthew,Sanders,Doctor 56,2023-06-08
P0094,Deborah,Gutierrez,Doctor 41,2023-06-08
P0338,Jonathan,Ortiz,Doctor 34,2023-06-08
P0368,Joshua,Watson,Doctor 10,2023-06-08
P0421,Scott,Thompson,Doctor 19,2023-06-08
P0435,Scott,Peterson,Doctor 5,2023-06-08
P0205,Anthony,Walker,Doctor 9,2023-06-09
P0298,Charles,Clark,Doctor 66,2023-06-09
P0360,Ruth,White,Doctor 95,2023-06-09
P0080,Aaron,Martin,Doctor 49,2023-06-10
P0124,Jeffrey,Thomas,Doctor 44,2023-06-10
P0309,Kenneth,Rogers,Doctor 96,2023-06-10
P0390,Ryan,Flores,Doctor 5,2023-06-10
P0398,Kevin,Wright,Doctor 48,2023-06-10
P0020,Sharon,Ramos,Doctor 27,2023-06-11
P0033,Ronald,Campbell,Doctor 5,2023-06-11
P0100,Betty,Harris,Doctor 6,2023-06-11
P0175,Brian,Lee,Doctor 66,2023-06-11
P0325,Stephen,Murphy,Doctor 54,2023-06-11
P0330,Dennis,Jones,Doctor 78,2023-06-11
P0397,Sarah,White,Doctor 87,2023-06-11
P0468,Michelle,Morgan,Doctor 78,2023-06-11
P0030,Andrew,Bennett,Doctor 64,2023-06-12
P0074,Joseph,Carter,Doctor 66,2023-06-12
P0078,Ronald,Price,Doctor 86,2023-06-12
P0085,Dorothy,Bennett,Doctor 27,2023-06-12
P0185,Andrew,Ward,Doctor 99,2023-06-12
P0328,Brandon,Young,Doctor 16,2023-06-12
P0336,Angela,Campbell,Doctor 85,2023-06-12
P0414,Susan,Morgan,Doctor 80,2023-06-12
P0450,Ruth,Miller,Doctor 39,2023-06-12
P0484,Gregory,Howard,Doctor 97,2023-06-12
P0492,Dorothy,Brown,Doctor 59,2023-06-12
P0047,Justin,Ruiz,Doctor 85,2023-06-13
P0106,Gregory,Thomas,Doctor 59,2023-06-13
P0150,Aaron,Hill,Doctor 27,2023-06-13
P0150,Aaron,Hill,Doctor 27,2023-06-13
P0405,Gregory,Gutierrez,Doctor 43,2023-06-13
P0443,Linda,Baker,Doctor 25,2023-06-13
P0454,John,Reyes,Doctor 76,2023-06-13
P0099,Elizabeth,Lewis,Doctor 11,2023-06-14
P0105,Nancy,Mendoza,Doctor 68,2023-06-14
P0117,Kimberly,Morales,Doctor 6,2023-06-14
P0143,Linda,Wood,Doctor 45,2023-06-14
P0188,Patricia,Price,Doctor 63,2023-06-14
P0316,Anthony,Jackson,Doctor 74,2023-06-14
P0382,Sandra,Clark,Doctor 35,2023-06-14
P0423,Melissa,Lee,Doctor 67,2023-06-14
P0441,Alexander,Williams,Doctor 41,2023-06-14
P0011,Tyler,Reyes,Doctor 61,2023-06-15
P0138,Tyler,Mitchell,Doctor 28,2023-06-15
P0193,Dennis,Cruz,Doctor 27,2023-06-15
P0329,Shirley,Williams,Doctor 60,2023-06-15
P0487,Ruth,Ramos,Doctor 33,2023-06-15
P0077,Linda,Richardson,Doctor 99,2023-06-16
P0179,Jennifer,Price,Doctor 100,2023-06-16
P0420,Shirley,Scott,Doctor 49,2023-06-16
P0465,Helen,Cruz,Doctor 16,2023-06-16
P0490,Edward,Bennett,Doctor 7,2023-06-16
P0145,Mary,Cooper,Doctor 75,2023-06-17
P0249,Linda,Howard,Doctor 46,2023-06-17
P0330,Dennis,Jones,Doctor 78,2023-06-17
P0352,Barbara,Edwards,Doctor 46,2023-06-17
P0359,Jonathan,Smith,Doctor 73,2023-06-17
P0373,Kevin,Cox,Doctor 52,2023-06-17
P0491,Steven,Miller,Doctor 26,2023-06-17
P0077,Linda,Richardson,Doctor 99,2023-06-18
P0149,Edward,Smith,Doctor 56,2023-06-18
P0214,Jonathan,Peterson,Doctor 26,2023-06-18
P0398,Kevin,Wright,Doctor 48,2023-06-18
P0447,David,Edwards,Doctor 78,2023-06-18
P0001,Donald,Evans,Doctor 13,2023-06-19
P0073,Jessica,Hughes,Doctor 11,2023-06-19
P0202,Eric,Thomas,Doctor 55,2023-06-19
P0275,Anthony,Ruiz,Doctor 12,2023-06-19
P0432,Donna,Mitchell,Doctor 66,2023-06-19
P0437,Jennifer,Garcia,Doctor 60,2023-06-19
P0003,Emma,Reed,Doctor 24,2023-06-20
P0017,Sandra,Peterson,Doctor 95,2023-06-20
P0043,Sarah,Torres,Doctor 33,2023-06-20
P0065,Dennis,Hall,Doctor 78,2023-06-20
P0184,Barbara,Carter,Doctor 8,2023-06-20
P0212,Mark,Thomas,Doctor 42,2023-06-20
P0344,Deborah,Richardson,Doctor 72,2023-06-20
P0383,Ronald,Myers,Doctor 48,2023-06-20
P0454,John,Reyes,Doctor 76,2023-06-20
P0462,Scott,Harris,Doctor 91,2023-06-20
P0463,Jeffrey,Ramos,Doctor 64,2023-06-20
P0006,Gary,Patel,Doctor 89,2023-06-21
P0065,Dennis,Hall,Doctor 78,2023-06-21
P0094,Deborah,Gutierrez,Doctor 41,2023-06-21
P0100,Betty,Harris,Doctor 6,2023-06-21
P0111,Benjamin,Martinez,Doctor 81,2023-06-21
P0268,Frank,Martin,Doctor 2,2023-06-21
P0289,Betty,Watson,Doctor 61,2023-06-21
P0342,Robert,Perez,Doctor 94,2023-06-21
P0357,Brenda,Ortiz,Doctor 29,2023-06-21
P0404,Sarah,Ruiz,Doctor 63,2023-06-21
P0445,Amy,Evans,Doctor 93,2023-06-21
P0479,Lisa,Martinez,Doctor 6,2023-06-21
P0042,Thomas,Taylor,Doctor 53,2023-06-22
P0124,Jeffrey,Thomas,Doctor 44,2023-06-22
P0248,Jessica,Carter,Doctor 97,2023-06-22
P0288,Gregory,Richardson,Doctor 98,2023-06-22
P0326,Karen,Allen,Doctor 54,2023-06-22
P0349,Scott,Ramirez,Doctor 52,2023-06-22
P0361,Emma,Gonzalez,Doctor 77,2023-06-22
P0404,Sarah,Ruiz,Doctor 63,2023-06-22
P0421,Scott,Thompson,Doctor 19,2023-06-22
P0479,Lisa,Martinez,Doctor 6,2023-06-22
P0062,Betty,Cruz,Doctor 58,2023-06-23
P0078,Ronald,Price,Doctor 86,2023-06-23
P0251,Karen,Young,Doctor 92,2023-06-23
P0263,Kenneth,Hernandez,Doctor 89,2023-06-23
P0283,Michelle,Peterson,Doctor 61,2023-06-23
P0301,Lisa,Nelson,Doctor 41,2023-06-23
P0315,Rebecca,White,Doctor 78,2023-06-23
P0363,Nicholas,Miller,Doctor 81,2023-06-23
P0083,Sarah,Murphy,Doctor 95,2023-06-24
P0103,Jeffrey,Morgan,Doctor 36,2023-06-24
P0117,Kimberly,Morales,Doctor 6,2023-06-24
P0261,Helen,Diaz,Doctor 40,2023-06-24
P0300,Steven,Cooper,Doctor 17,2023-06-24
P0372,Joshua,Nguyen,Doctor 31,2023-06-24
P0377,Samuel,Ruiz,Doctor 68,2023-06-24
P0390,Ryan,Flores,Doctor 5,2023-06-24
P0402,William,Patel,Doctor 5,2023-06-24
P0429,Carol,Torres,Doctor 30,2023-06-24
P0477,Donna,Diaz,Doctor 50,2023-06-24
P0063,Betty,Roberts,Doctor 13,2023-06-25
P0099,Elizabeth,Lewis,Doctor 11,2023-06-25
P0199,Christopher,Cook,Doctor 89,2023-06-25
P0325,Stephen,Murphy,Doctor 54,2023-06-25
P0352,Barbara,Edwards,Doctor 46,2023-06-25
P0466,Cynthia,Gutierrez,Doctor 56,2023-06-25
P0071,Laura,Brooks,Doctor 97,2023-06-26
P0121,Barbara,Peterson,Doctor 29,2023-06-26
P0139,Eric,Hughes,Doctor 31,2023-06-26
P0478,Rebecca,Gutierrez,Doctor 42,2023-06-26
P0479,Lisa,Martinez,Doctor 6,2023-06-26
P0483,Richard,Taylor,Doctor 31,2023-06-26
P0071,Laura,Brooks,Doctor 97,2023-06-27
P0116,John,Lewis,Doctor 99,2023-06-27
P0213,Sandra,Patel,Doctor 14,2023-06-27
P0253,Benjamin,Turner,Doctor 85,2023-06-27
P0410,Shirley,Lopez,Doctor 53,2023-06-27
P0487,Ruth,Ramos,Doctor 33,2023-06-27
P0070,Linda,Sanchez,Doctor 46,2023-06-28
P0075,Lisa,Diaz,Doctor 44,2023-06-28
P0136,Susan,Ramirez,Doctor 86,2023-06-28
P0498,Jeffrey,Hernandez,Doctor 79,2023-06-28
P0155,Cynthia,Gonzalez,Doctor 69,2023-06-29
P0270,Kathleen,Rodriguez,Doctor 9,2023-06-29
P0293,Betty,Diaz,Doctor 14,2023-06-29
P0476,Jeffrey,Perez,Doctor 86,2023-06-29
P0176,Rebecca,Jones,Doctor 24,2023-06-30
P0246,Justin,Mendoza,Doctor 24,2023-06-30
P0253,Benjamin,Turner,Doctor 85,2023-06-30
P0323,Kenneth,Cruz,Doctor 33,2023-06-30
P0323,Kenneth,Cruz,Doctor 33,2023-06-30
P0338,Jonathan,Ortiz,Doctor 34,2023-06-30
P0496,Patricia,Cruz,Doctor 37,2023-06-30
P0102,George,Sanders,Doctor 44,2023-07-01
P0135,Karen,Johnson,Doctor 46,2023-07-01
P0231,Jeffrey,Cox,Doctor 18,2023-07-01
P0277,Justin,Reed,Doctor 10,2023-07-01
P0413,Michelle,Lewis,Doctor 85,2023-07-01
P0040,Kimberly,Collins,Doctor 37,2023-07-02
P0144,Sharon,Thompson,Doctor 21,2023-07-02
P0322,Karen,Hill,Doctor 83,2023-07-02
P0323,Kenneth,Cruz,Doctor 33,2023-07-02
P0350,Michelle,Hall,Doctor 45,2023-07-02
P0413,Michelle,Lewis,Doctor 85,2023-07-02
P0437,Jennifer,Garcia,Doctor 60,2023-07-02
P0469,James,Collins,Doctor 15,2023-07-02
P0007,Thomas,White,Doctor 69,2023-07-03
P0089,Patricia,Collins,Doctor 75,2023-07-03
P0105,Nancy,Mendoza,Doctor 68,2023-07-03
P0293,Betty,Diaz,Doctor 14,2023-07-03
P0299,Michelle,Sanchez,Doctor 18,2023-07-03
P0311,Nancy,Peterson,Doctor 87,2023-07-03
P0347,Joshua,Lopez,Doctor 15,2023-07-03
P0036,Nancy,Stewart,Doctor 100,2023-07-04
P0049,Lisa,Sanchez,Doctor 16,2023-07-04
P0085,Dorothy,Bennett,Doctor 27,2023-07-04
P0086,Betty,Garcia,Doctor 55,2023-07-04
P0150,Aaron,Hill,Doctor 27,2023-07-04
P0161,Laura,Stewart,Doctor 49,2023-07-04
P0485,Steven,Sanchez,Doctor 24,2023-07-04
P0123,Kimberly,Jackson,Doctor 37,2023-07-05
P0139,Eric,Hughes,Doctor 31,2023-07-05
P0189,Robert,Lee,Doctor 65,2023-07-05
P0227,Ruth,Hill,Doctor 18,2023-07-05
P0346,Amy,Hernandez,Doctor 92,2023-07-05
P0443,Linda,Baker,Doctor 25,2023-07-05
P0085,Dorothy,Bennett,Doctor 27,2023-07-06
P0111,Benjamin,Martinez,Doctor 81,2023-07-06
P0243,George,King,Doctor 91,2023-07-06
P0286,Ronald,Stewart,Doctor 79,2023-07-06
P0315,Rebecca,White,Doctor 78,2023-07-06
P0337,Sarah,Anderson,Doctor 68,2023-07-06
P0391,Carol,Gomez,Doctor 44,2023-07-06
P0415,Joseph,Rivera,Doctor 38,2023-07-06
P0052,Sarah,Sanchez,Doctor 44,2023-07-07
P0081,Linda,Ruiz,Doctor 88,2023-07-07
P0108,Matthew,Peterson,Doctor 12,2023-07-07
P0117,Kimberly,Morales,Doctor 6,2023-07-07
P0220,Carol,Bennett,Doctor 18,2023-07-07
P0015,Sharon,Clark,Doctor 66,2023-07-08
P0056,Brenda,Gomez,Doctor 91,2023-07-08
P0245,Jennifer,Jackson,Doctor 15,2023-07-08
P0272,Betty,Stewart,Doctor 20,2023-07-08
P0294,Laura,Jones,Doctor 19,2023-07-08
P0301,Lisa,Nelson,Doctor 41,2023-07-08
P0364,Joshua,Ortiz,Doctor 69,2023-07-08
P0494,Barbara,Bailey,Doctor 85,2023-07-08
P0041,Laura,Brown,Doctor 16,2023-07-09
P0100,Betty,Harris,Doctor 6,2023-07-09
P0168,Helen,Cooper,Doctor 25,2023-07-09
P0212,Mark,Thomas,Doctor 42,2023-07-09
P0233,Alexander,Ramos,Doctor 39,2023-07-09
P0286,Ronald,Stewart,Doctor 79,2023-07-09
P0381,Rebecca,Thompson,Doctor 36,2023-07-09
P0450,Ruth,Miller,Doctor 39,2023-07-09
P0023,Jerry,Wright,Doctor 48,2023-07-10
P0146,Karen,Ramirez,Doctor 88,2023-07-10
P0169,Jennifer,Perez,Doctor 28,2023-07-10
P0192,Edward,Scott,Doctor 76,2023-07-10
P0208,Gary,Rogers,Doctor 37,2023-07-10
P0238,Anthony,Ortiz,Doctor 6,2023-07-10
P0269,Aaron,Wright,Doctor 71,2023-07-10
P0337,Sarah,Anderson,Doctor 68,2023-07-10
P0345,James,Rodriguez,Doctor 43,2023-07-10
P0361,Emma,Gonzalez,Doctor 77,2023-07-10
P0381,Rebecca,Thompson,Doctor 36,2023-07-10
P0394,Anthony,Cooper,Doctor 73,2023-07-10
P0414,Susan,Morgan,Doctor 80,2023-07-10
P0432,Donna,Mitchell,Doctor 66,2023-07-10
P0440,Cynthia,Parker,Doctor 75,2023-07-10
P0445,Amy,Evans,Doctor 93,2023-07-10
P0041,Laura,Brown,Doctor 16,2023-07-11
P0075,Lisa,Diaz,Doctor 44,2023-07-11
P0082,Anna,Richardson,Doctor 86,2023-07-11
P0136,Susan,Ramirez,Doctor 86,2023-07-11
P0197,Joshua,Moore,Doctor 9,2023-07-11
P0225,Ruth,Carter,Doctor 58,2023-07-11
P0230,Barbara,Brooks,Doctor 57,2023-07-11
P0366,Samuel,Castillo,Doctor 81,2023-07-11
P0396,Susan,Watson,Doctor 56,2023-07-11
P0432,Donna,Mitchell,Doctor 66,2023-07-11
P0497,Larry,Carter,Doctor 91,2023-07-11
P0028,Larry,Chavez,Doctor 27,2023-07-12
P0032,Samuel,Hill,Doctor 94,2023-07-12
P0446,Patrick,Thomas,Doctor 53,2023-07-12
P0467,Helen,Martin,Doctor 52,2023-07-12
P0492,Dorothy,Brown,Doctor 59,2023-07-12
P0500,William,Ramos,Doctor 74,2023-07-12
P0077,Linda,Richardson,Doctor 99,2023-07-13
P0217,Stephen,Perez,Doctor 62,2023-07-13
P0318,Tyler,Robinson,Doctor 68,2023-07-13
P0330,Dennis,Jones,Doctor 78,2023-07-13
P0379,Brian,Cruz,Doctor 49,2023-07-13
P0002,Jack,Williams,Doctor 99,2023-07-14
P0083,Sarah,Murphy,Doctor 95,2023-07-14
P0168,Helen,Cooper,Doctor 25,2023-07-14
P0402,William,Patel,Doctor 5,2023-07-14
P0430,Jacob,Carter,Doctor 24,2023-07-14
P0464,Kimberly,Roberts,Doctor 47,2023-07-14
P0486,Helen,Mendoza,Doctor 20,2023-07-14
P0060,Betty,Bennett,Doctor 6,2023-07-15
P0120,Joseph,Rogers,Doctor 99,2023-07-15
P0317,Kimberly,Cooper,Doctor 39,2023-07-15
P0379,Brian,Cruz,Doctor 49,2023-07-15
P0386,Dennis,Kelly,Doctor 20,2023-07-15
P0067,Michael,Williams,Doctor 42,2023-07-16
P0075,Lisa,Diaz,Doctor 44,2023-07-16
P0174,Mary,Nelson,Doctor 69,2023-07-16
P0215,Amy,Myers,Doctor 34,2023-07-16
P0217,Stephen,Perez,Doctor 62,2023-07-16
P0427,Patricia,Johnson,Doctor 71,2023-07-16
P0066,Alexander,Carter,Doctor 61,2023-07-17
P0098,Richard,Reyes,Doctor 58,2023-07-17
P0151,Deborah,Cooper,Doctor 21,2023-07-17
P0024,Ruth,Cook,Doctor 66,2023-07-18
P0029,Virginia,Peterson,Doctor 87,2023-07-18
P0142,Aaron,Reyes,Doctor 17,2023-07-18
P0352,Barbara,Edwards,Doctor 46,2023-07-18
P0483,Richard,Taylor,Doctor 31,2023-07-18
P0037,Alexander,Ruiz,Doctor 73,2023-07-19
P0054,Timothy,Stewart,Doctor 16,2023-07-19
P0219,Emma,Taylor,Doctor 9,2023-07-19
P0224,Angela,Peterson,Doctor 96,2023-07-19
P0247,Jerry,Brown,Doctor 39,2023-07-19
P0301,Lisa,Nelson,Doctor 41,2023-07-19
P0031,William,Lopez,Doctor 25,2023-07-20
P0060,Betty,Bennett,Doctor 6,2023-07-20
P0142,Aaron,Reyes,Doctor 17,2023-07-20
P0182,Joseph,Patel,Doctor 59,2023-07-20
P0233,Alexander,Ramos,Doctor 39,2023-07-20
P0234,Jose,Walker,Doctor 23,2023-07-20
P0315,Rebecca,White,Doctor 78,2023-07-20
P0393,Jerry,Nguyen,Doctor 37,2023-07-20
P0409,Betty,Nguyen,Doctor 48,2023-07-20
P0087,Anthony,Price,Doctor 13,2023-07-21
P0093,Brenda,Turner,Doctor 54,2023-07-21
P0186,Kathleen,Rivera,Doctor 87,2023-07-21
P0052,Sarah,Sanchez,Doctor 44,2023-07-22
P0313,Gary,Martin,Doctor 38,2023-07-22
P0325,Stephen,Murphy,Doctor 54,2023-07-22
P0419,Shirley,Sanchez,Doctor 16,2023-07-22
P0467,Helen,Martin,Doctor 52,2023-07-22
P0161,Laura,Stewart,Doctor 49,2023-07-23
P0204,Linda,Turner,Doctor 6,2023-07-23
P0475,Angela,Rogers,Doctor 93,2023-07-23
P0143,Linda,Wood,Doctor 45,2023-07-24
P0238,Anthony,Ortiz,Doctor 6,2023-07-24
P0299,Michelle,Sanchez,Doctor 18,2023-07-24
P0392,Sandra,Parker,Doctor 81,2023-07-24
P0421,Scott,Thompson,Doctor 19,2023-07-24
P0479,Lisa,Martinez,Doctor 6,2023-07-24
P0480,Robert,Evans,Doctor 85,2023-07-24
P0061,Karen,Collins,Doctor 16,2023-07-25
P0203,Scott,Lee,Doctor 22,2023-07-25
P0218,Joseph,Wright,Doctor 16,2023-07-25
P0247,Jerry,Brown,Doctor 39,2023-07-25
P0299,Michelle,Sanchez,Doctor 18,2023-07-25
P0316,Anthony,Jackson,Doctor 74,2023-07-25
P0317,Kimberly,Cooper,Doctor 39,2023-07-25
P0046,Sandra,Gray,Doctor 75,2023-07-26
P0181,Helen,Thompson,Doctor 84,2023-07-26
P0001,Donald,Evans,Doctor 13,2023-07-27
P0113,Jacob,Morales,Doctor 35,2023-07-27
P0151,Deborah,Cooper,Doctor 21,2023-07-27
P0196,Nancy,Young,Doctor 92,2023-07-27
P0296,Raymond,Edwards,Doctor 78,2023-07-27
P0359,Jonathan,Smith,Doctor 73,2023-07-27
P0079,Robert,Diaz,Doctor 44,2023-07-28
P0107,Laura,Harris,Doctor 88,2023-07-28
P0126,Timothy,Wilson,Doctor 72,2023-07-28
P0144,Sharon,Thompson,Doctor 21,2023-07-28
P0267,Sharon,Smith,Doctor 44,2023-07-28
P0273,Tyler,Jones,Doctor 84,2023-07-28
P0293,Betty,Diaz,Doctor 14,2023-07-28
P0420,Shirley,Scott,Doctor 49,2023-07-28
P0045,Sarah,Roberts,Doctor 21,2023-07-29
P0085,Dorothy,Bennett,Doctor 27,2023-07-29
P0124,Jeffrey,Thomas,Doctor 44,2023-07-29
P0160,William,Harris,Doctor 74,2023-07-29
P0166,Gregory,Smith,Doctor 73,2023-07-29
P0021,Carol,Jackson,Doctor 40,2023-07-30
P0039,Ronald,Patel,Doctor 97,2023-07-30
P0058,Matthew,Sanders,Doctor 56,2023-07-30
P0335,Shirley,Rogers,Doctor 11,2023-07-30
P0461,William,Sanchez,Doctor 99,2023-07-30
P0040,Kimberly,Collins,Doctor 37,2023-07-31
P0133,Sharon,Wright,Doctor 76,2023-07-31
P0309,Kenneth,Rogers,Doctor 96,2023-07-31
P0380,Sandra,Bennett,Doctor 19,2023-07-31
P0404,Sarah,Ruiz,Doctor 63,2023-07-31
P0422,Kathleen,Gray,Doctor 90,2023-07-31
P0452,Daniel,Ortiz,Doctor 39,2023-07-31
P0473,Mary,Davis,Doctor 84,2023-07-31
P0026,Michelle,Baker,Doctor 6,2023-08-01
P0060,Betty,Bennett,Doctor 6,2023-08-01
P0115,James,Mendoza,Doctor 85,2023-08-01
P0131,Alexander,Rogers,Doctor 10,2023-08-01
P0208,Gary,Rogers,Doctor 37,2023-08-01
P0275,Anthony,Ruiz,Doctor 12,2023-08-01
P0359,Jonathan,Smith,Doctor 73,2023-08-01
P0045,Sarah,Roberts,Doctor 21,2023-08-02
P0055,Frank,Ruiz,Doctor 26,2023-08-02
P0069,Ruth,Cox,Doctor 26,2023-08-02
P0088,Angela,Flores,Doctor 99,2023-08-02
P0143,Linda,Wood,Doctor 45,2023-08-02
P0265,Dennis,Richardson,Doctor 88,2023-08-02
P0064,Cynthia,Howard,Doctor 65,2023-08-03
P0186,Kathleen,Rivera,Doctor 87,2023-08-03
P0204,Linda,Turner,Doctor 6,2023-08-03
P0226,Ruth,Gray,Doctor 63,2023-08-03
P0449,David,Williams,Doctor 82,2023-08-03
P0317,Kimberly,Cooper,Doctor 39,2023-08-04
P0416,Brandon,Davis,Doctor 71,2023-08-04
P0425,Laura,Flores,Doctor 88,2023-08-04
P0456,Lisa,Wilson,Doctor 57,2023-08-04
P0466,Cynthia,Gutierrez,Doctor 56,2023-08-04
P0472,Edward,Wood,Doctor 41,2023-08-04
P0034,Carol,Reed,Doctor 53,2023-08-05
P0059,Sandra,Johnson,Doctor 20,2023-08-05
P0096,Kimberly,Wilson,Doctor 5,2023-08-05
P0170,Gary,Smith,Doctor 98,2023-08-05
P0234,Jose,Walker,Doctor 23,2023-08-05
P0276,Melissa,Howard,Doctor 48,2023-08-05
P0043,Sarah,Torres,Doctor 33,2023-08-06
P0082,Anna,Richardson,Doctor 86,2023-08-06
P0108,Matthew,Peterson,Doctor 12,2023-08-06
P0151,Deborah,Cooper,Doctor 21,2023-08-06
P0259,Sandra,Lopez,Doctor 95,2023-08-06
P0329,Shirley,Williams,Doctor 60,2023-08-06
P0014,Deborah,Alvarez,Doctor 26,2023-08-07
P0079,Robert,Diaz,Doctor 44,2023-08-07
P0091,Sarah,King,Doctor 90,2023-08-07
P0319,Frank,Ward,Doctor 75,2023-08-07
P0319,Frank,Ward,Doctor 75,2023-08-07
P0362,Donna,Ward,Doctor 3,2023-08-07
P0037,Alexander,Ruiz,Doctor 73,2023-08-08
P0097,Sandra,Turner,Doctor 61,2023-08-08
P0209,Justin,Anderson,Doctor 4,2023-08-08
P0254,Emma,Adams,Doctor 11,2023-08-08
P0256,Donna,Clark,Doctor 70,2023-08-08
P0265,Dennis,Richardson,Doctor 88,2023-08-08
P0277,Justin,Reed,Doctor 10,2023-08-08
P0438,William,King,Doctor 52,2023-08-08
P0451,Jason,Stewart,Doctor 4,2023-08-08
P0491,Steven,Miller,Doctor 26,2023-08-08
P0039,Ronald,Patel,Doctor 97,2023-08-09
P0070,Linda,Sanchez,Doctor 46,2023-08-09
P0082,Anna,Richardson,Doctor 86,2023-08-09
P0123,Kimberly,Jackson,Doctor 37,2023-08-09
P0128,Patricia,Sanders,Doctor 85,2023-08-09
P0163,Donna,Murphy,Doctor 73,2023-08-09
P0412,Michelle,Campbell,Doctor 78,2023-08-09
P0414,Susan,Morgan,Doctor 80,2023-08-09
P0431,Patrick,Howard,Doctor 44,2023-08-09
P0445,Amy,Evans,Doctor 93,2023-08-09
P0445,Amy,Evans,Doctor 93,2023-08-09
P0073,Jessica,Hughes,Doctor 11,2023-08-10
P0096,Kimberly,Wilson,Doctor 5,2023-08-10
P0131,Alexander,Rogers,Doctor 10,2023-08-10
P0329,Shirley,Williams,Doctor 60,2023-08-10
P0411,Richard,Brooks,Doctor 19,2023-08-10
P0470,Justin,Robinson,Doctor 7,2023-08-10
P0013,Mary,Baker,Doctor 40,2023-08-11
P0115,James,Mendoza,Doctor 85,2023-08-11
P0141,Laura,Parker,Doctor 28,2023-08-11
P0212,Mark,Thomas,Doctor 42,2023-08-11
P0327,Jacob,Brown,Doctor 22,2023-08-11
P0429,Carol,Torres,Doctor 30,2023-08-11
P0095,Jonathan,Martinez,Doctor 6,2023-08-12
P0184,Barbara,Carter,Doctor 8,2023-08-12
P0197,Joshua,Moore,Doctor 9,2023-08-12
P0211,Tyler,Gonzalez,Doctor 69,2023-08-12
P0242,Anna,White,Doctor 38,2023-08-12
P0432,Donna,Mitchell,Doctor 66,2023-08-12
P0483,Richard,Taylor,Doctor 31,2023-08-12
P0497,Larry,Carter,Doctor 91,2023-08-12
P0039,Ronald,Patel,Doctor 97,2023-08-13
P0131,Alexander,Rogers,Doctor 10,2023-08-13
P0307,Steven,Gray,Doctor 18,2023-08-13
P0425,Laura,Flores,Doctor 88,2023-08-13
P0046,Sandra,Gray,Doctor 75,2023-08-14
P0083,Sarah,Murphy,Doctor 95,2023-08-14
P0108,Matthew,Peterson,Doctor 12,2023-08-14
P0175,Brian,Lee,Doctor 66,2023-08-14
P0360,Ruth,White,Doctor 95,2023-08-14
P0410,Shirley,Lopez,Doctor 53,2023-08-14
P0481,Jennifer,Thomas,Doctor 62,2023-08-14
P0230,Barbara,Brooks,Doctor 57,2023-08-15
P0258,Donald,Cruz,Doctor 37,2023-08-15
P0385,Joseph,Hernandez,Doctor 1,2023-08-15
P0438,William,King,Doctor 52,2023-08-15
P0020,Sharon,Ramos,Doctor 27,2023-08-16
P0087,Anthony,Price,Doctor 13,2023-08-16
P0101,Dorothy,Robinson,Doctor 82,2023-08-16
P0132,Brian,Miller,Doctor 91,2023-08-16
P0302,Helen,Rodriguez,Doctor 69,2023-08-16
P0361,Emma,Gonzalez,Doctor 77,2023-08-16
P0386,Dennis,Kelly,Doctor 20,2023-08-16
P0031,William,Lopez,Doctor 25,2023-08-17
P0137,Angela,Brooks,Doctor 55,2023-08-17
P0195,Barbara,Alvarez,Doctor 21,2023-08-17
P0273,Tyler,Jones,Doctor 84,2023-08-17
P0326,Karen,Allen,Doctor 54,2023-08-17
P0333,Aaron,Wilson,Doctor 37,2023-08-17
P0342,Robert,Perez,Doctor 94,2023-08-17
P0359,Jonathan,Smith,Doctor 73,2023-08-17
P0384,Daniel,Parker,Doctor 72,2023-08-17
P0471,Elizabeth,Cruz,Doctor 65,2023-08-17
P0054,Timothy,Stewart,Doctor 16,2023-08-18
P0087,Anthony,Price,Doctor 13,2023-08-18
P0093,Brenda,Turner,Doctor 54,2023-08-18
P0178,Shirley,Thompson,Doctor 53,2023-08-18
P0179,Jennifer,Price,Doctor 100,2023-08-18
P0250,James,Kelly,Doctor 80,2023-08-18
P0270,Kathleen,Rodriguez,Doctor 9,2023-08-18
P0374,Patricia,Brooks,Doctor 85,2023-08-18
P0464,Kimberly,Roberts,Doctor 47,2023-08-18
P0018,Helen,Patel,Doctor 52,2023-08-19
P0050,Gary,Clark,Doctor 92,2023-08-19
P0101,Dorothy,Robinson,Doctor 82,2023-08-19
P0244,Sarah,Richardson,Doctor 79,2023-08-19
P0262,Carol,Parker,Doctor 12,2023-08-19
P0341,Scott,Perez,Doctor 52,2023-08-19
P0417,Richard,Peterson,Doctor 42,2023-08-19
P0114,Jose,Wright,Doctor 65,2023-08-20
P0338,Jonathan,Ortiz,Doctor 34,2023-08-20
P0346,Amy,Hernandez,Doctor 92,2023-08-20
P0495,Patricia,Turner,Doctor 1,2023-08-20
P0038,Benjamin,Rivera,Doctor 15,2023-08-21
P0118,Timothy,Carter,Doctor 57,2023-08-21
P0263,Kenneth,Hernandez,Doctor 89,2023-08-21
P0402,William,Patel,Doctor 5,2023-08-21
P0068,Jessica,Ward,Doctor 17,2023-08-22
P0075,Lisa,Diaz,Doctor 44,2023-08-22
P0196,Nancy,Young,Doctor 92,2023-08-22
P0095,Jonathan,Martinez,Doctor 6,2023-08-23
P0187,Steven,Nguyen,Doctor 94,2023-08-23
P0323,Kenneth,Cruz,Doctor 33,2023-08-23
P0440,Cynthia,Parker,Doctor 75,2023-08-23
P0038,Benjamin,Rivera,Doctor 15,2023-08-24
P0063,Betty,Roberts,Doctor 13,2023-08-24
P0187,Steven,Nguyen,Doctor 94,2023-08-24
P0210,Nancy,Kelly,Doctor 1,2023-08-24
P0294,Laura,Jones,Doctor 19,2023-08-24
P0353,Angela,Allen,Doctor 87,2023-08-24
P0446,Patrick,Thomas,Doctor 53,2023-08-24
P0477,Donna,Diaz,Doctor 50,2023-08-24
P0075,Lisa,Diaz,Doctor 44,2023-08-25
P0076,James,Murphy,Doctor 85,2023-08-25
P0142,Aaron,Reyes,Doctor 17,2023-08-25
P0159,Jerry,Richardson,Doctor 42,2023-08-25
P0163,Donna,Murphy,Doctor 73,2023-08-25
P0231,Jeffrey,Cox,Doctor 18,2023-08-25
P0255,William,Gray,Doctor 95,2023-08-25
P0255,William,Gray,Doctor 95,2023-08-25
P0314,Jack,Martinez,Doctor 55,2023-08-25
P0320,Carol,Garcia,Doctor 31,2023-08-25
P0499,Michelle,Garcia,Doctor 57,2023-08-25
P0040,Kimberly,Collins,Doctor 37,2023-08-26
P0204,Linda,Turner,Doctor 6,2023-08-26
P0049,Lisa,Sanchez,Doctor 16,2023-08-27
P0071,Laura,Brooks,Doctor 97,2023-08-27
P0227,Ruth,Hill,Doctor 18,2023-08-27
P0233,Alexander,Ramos,Doctor 39,2023-08-27
P0389,Alexander,Sanchez,Doctor 31,2023-08-27
P0048,Betty,Nelson,Doctor 68,2023-08-28
P0052,Sarah,Sanchez,Doctor 44,2023-08-28
P0258,Donald,Cruz,Doctor 37,2023-08-28
P0297,Susan,Cruz,Doctor 4,2023-08-28
P0413,Michelle,Lewis,Doctor 85,2023-08-28
P0475,Angela,Rogers,Doctor 93,2023-08-28
P0484,Gregory,Howard,Doctor 97,2023-08-28
P0073,Jessica,Hughes,Doctor 11,2023-08-29
P0106,Gregory,Thomas,Doctor 59,2023-08-29
P0213,Sandra,Patel,Doctor 14,2023-08-29
P0433,Helen,Moore,Doctor 17,2023-08-29
P0080,Aaron,Martin,Doctor 49,2023-08-30
P0116,John,Lewis,Doctor 99,2023-08-30
P0196,Nancy,Young,Doctor 92,2023-08-30
P0276,Melissa,Howard,Doctor 48,2023-08-30
P0330,Dennis,Jones,Doctor 78,2023-08-30
P0382,Sandra,Clark,Doctor 35,2023-08-30
P0474,Ronald,Torres,Doctor 79,2023-08-30
P0478,Rebecca,Gutierrez,Doctor 42,2023-08-30
P0484,Gregory,Howard,Doctor 97,2023-08-30
P0493,Kimberly,Flores,Doctor 7,2023-08-30
P0115,James,Mendoza,Doctor 85,2023-08-31
P0234,Jose,Walker,Doctor 23,2023-08-31
P0299,Michelle,Sanchez,Doctor 18,2023-08-31
P0312,Laura,Diaz,Doctor 49,2023-08-31
P0321,Sharon,Martinez,Doctor 83,2023-08-31
P0425,Laura,Flores,Doctor 88,2023-08-31
P0026,Michelle,Baker,Doctor 6,2023-09-01
P0069,Ruth,Cox,Doctor 26,2023-09-01
P0108,Matthew,Peterson,Doctor 12,2023-09-01
P0346,Amy,Hernandez,Doctor 92,2023-09-01
P0012,Mark,Perez,Doctor 91,2023-09-02
P0025,Jack,Cox,Doctor 3,2023-09-02
P0150,Aaron,Hill,Doctor 27,2023-09-02
P0176,Rebecca,Jones,Doctor 24,2023-09-02
P0210,Nancy,Kelly,Doctor 1,2023-09-02
P0215,Amy,Myers,Doctor 34,2023-09-02
P0286,Ronald,Stewart,Doctor 79,2023-09-02
P0299,Michelle,Sanchez,Doctor 18,2023-09-02
P0334,Edward,Hernandez,Doctor 86,2023-09-02
P0430,Jacob,Carter,Doctor 24,2023-09-02
P0248,Jessica,Carter,Doctor 97,2023-09-03
P0276,Melissa,Howard,Doctor 48,2023-09-03
P0321,Sharon,Martinez,Doctor 83,2023-09-03
P0369,Joshua,Mitchell,Doctor 94,2023-09-03
P0092,Daniel,Moore,Doctor 84,2023-09-04
P0109,Jose,Cruz,Doctor 51,2023-09-04
P0114,Jose,Wright,Doctor 65,2023-09-04
P0032,Samuel,Hill,Doctor 94,2023-09-05
P0083,Sarah,Murphy,Doctor 95,2023-09-05
P0093,Brenda,Turner,Doctor 54,2023-09-05
P0121,Barbara,Peterson,Doctor 29,2023-09-05
P0219,Emma,Taylor,Doctor 9,2023-09-05
P0224,Angela,Peterson,Doctor 96,2023-09-05
P0241,Jason,Parker,Doctor 52,2023-09-05
P0285,John,Martinez,Doctor 26,2023-09-05
P0229,Ronald,James,Doctor 47,2023-09-06
P0355,Patrick,Roberts,Doctor 75,2023-09-06
P0395,Carol,Davis,Doctor 85,2023-09-06
P0053,Deborah,Jackson,Doctor 100,2023-09-07
P0134,Jessica,Hernandez,Doctor 56,2023-09-07
P0194,Gary,James,Doctor 29,2023-09-07
P0259,Sandra,Lopez,Doctor 95,2023-09-07
P0437,Jennifer,Garcia,Doctor 60,2023-09-07
P0477,Donna,Diaz,Doctor 50,2023-09-07
P0035,Donna,Peterson,Doctor 47,2023-09-08
P0088,Angela,Flores,Doctor 99,2023-09-08
P0169,Jennifer,Perez,Doctor 28,2023-09-08
P0194,Gary,James,Doctor 29,2023-09-08
P0305,Jack,Young,Doctor 85,2023-09-08
P0416,Brandon,Davis,Doctor 71,2023-09-08
P0006,Gary,Patel,Doctor 89,2023-09-09
P0046,Sandra,Gray,Doctor 75,2023-09-09
P0078,Ronald,Price,Doctor 86,2023-09-09
P0116,John,Lewis,Doctor 99,2023-09-09
P0127,Carol,Ortiz,Doctor 5,2023-09-09
P0273,Tyler,Jones,Doctor 84,2023-09-09
P0440,Cynthia,Parker,Doctor 75,2023-09-09
P0484,Gregory,Howard,Doctor 97,2023-09-09
P0035,Donna,Peterson,Doctor 47,2023-09-10
P0117,Kimberly,Morales,Doctor 6,2023-09-10
P0252,Sandra,Ward,Doctor 84,2023-09-10
P0400,Emma,Hall,Doctor 72,2023-09-10
P0415,Joseph,Rivera,Doctor 38,2023-09-10
P0441,Alexander,Williams,Doctor 41,2023-09-10
P0035,Donna,Peterson,Doctor 47,2023-09-11
P0095,Jonathan,Martinez,Doctor 6,2023-09-11
P0119,Susan,Thomas,Doctor 50,2023-09-11
P0165,Michelle,Cooper,Doctor 5,2023-09-11
P0211,Tyler,Gonzalez,Doctor 69,2023-09-11
P0262,Carol,Parker,Doctor 12,2023-09-11
P0014,Deborah,Alvarez,Doctor 26,2023-09-12
P0042,Thomas,Taylor,Doctor 53,2023-09-12
P0256,Donna,Clark,Doctor 70,2023-09-12
P0257,Susan,Lopez,Doctor 42,2023-09-12
P0293,Betty,Diaz,Doctor 14,2023-09-12
P0403,Jacob,Martinez,Doctor 12,2023-09-12
P0010,Dorothy,Sanders,Doctor 62,2023-09-13
P0077,Linda,Richardson,Doctor 99,2023-09-13
P0140,Michelle,Carter,Doctor 26,2023-09-13
P0148,Stephen,Johnson,Doctor 96,2023-09-13
P0228,Jeffrey,Scott,Doctor 84,2023-09-13
P0258,Donald,Cruz,Doctor 37,2023-09-13
P0455,Charles,Sanchez,Doctor 17,2023-09-13
P0469,James,Collins,Doctor 15,2023-09-13
P0002,Jack,Williams,Doctor 99,2023-09-14
P0147,Jessica,Rivera,Doctor 51,2023-09-14
P0182,Joseph,Patel,Doctor 59,2023-09-14
P0230,Barbara,Brooks,Doctor 57,2023-09-14
P0237,Jacob,Campbell,Doctor 89,2023-09-14
P0300,Steven,Cooper,Doctor 17,2023-09-14
P0301,Lisa,Nelson,Doctor 41,2023-09-14
P0333,Aaron,Wilson,Doctor 37,2023-09-14
P0433,Helen,Moore,Doctor 17,2023-09-14
P0011,Tyler,Reyes,Doctor 61,2023-09-15
P0017,Sandra,Peterson,Doctor 95,2023-09-15
P0172,Donna,Allen,Doctor 74,2023-09-15
P0184,Barbara,Carter,Doctor 8,2023-09-15
P0317,Kimberly,Cooper,Doctor 39,2023-09-15
P0357,Brenda,Ortiz,Doctor 29,2023-09-15
P0441,Alexander,Williams,Doctor 41,2023-09-15
P0468,Michelle,Morgan,Doctor 78,2023-09-15
P0038,Benjamin,Rivera,Doctor 15,2023-09-16
P0214,Jonathan,Peterson,Doctor 26,2023-09-16
P0231,Jeffrey,Cox,Doctor 18,2023-09-16
P0322,Karen,Hill,Doctor 83,2023-09-16
P0411,Richard,Brooks,Doctor 19,2023-09-16
P0478,Rebecca,Gutierrez,Doctor 42,2023-09-16
P0174,Mary,Nelson,Doctor 69,2023-09-17
P0213,Sandra,Patel,Doctor 14,2023-09-17
P0252,Sandra,Ward,Doctor 84,2023-09-17
P0291,Sharon,Carter,Doctor 81,2023-09-17
P0302,Helen,Rodriguez,Doctor 69,2023-09-17
P0381,Rebecca,Thompson,Doctor 36,2023-09-17
P0411,Richard,Brooks,Doctor 19,2023-09-17
P0460,Jeffrey,Howard,Doctor 74,2023-09-17
P0462,Scott,Harris,Doctor 91,2023-09-17
P0112,Anna,Davis,Doctor 65,2023-09-18
P0138,Tyler,Mitchell,Doctor 28,2023-09-18
P0257,Susan,Lopez,Doctor 42,2023-09-18
P0295,Sarah,Reyes,Doctor 6,2023-09-18
P0406,Robert,Sanchez,Doctor 33,2023-09-18
P0051,Laura,Cooper,Doctor 56,2023-09-19
P0058,Matthew,Sanders,Doctor 56,2023-09-19
P0113,Jacob,Morales,Doctor 35,2023-09-19
P0162,Ruth,Edwards,Doctor 96,2023-09-19
P0253,Benjamin,Turner,Doctor 85,2023-09-19
P0396,Susan,Watson,Doctor 56,2023-09-19
P0160,William,Harris,Doctor 74,2023-09-20
P0191,Nancy,Collins,Doctor 29,2023-09-20
P0225,Ruth,Carter,Doctor 58,2023-09-20
P0287,James,Sanchez,Doctor 11,2023-09-20
P0386,Dennis,Kelly,Doctor 20,2023-09-20
P0404,Sarah,Ruiz,Doctor 63,2023-09-20
P0440,Cynthia,Parker,Doctor 75,2023-09-20
P0064,Cynthia,Howard,Doctor 65,2023-09-21
P0104,Melissa,Anderson,Doctor 73,2023-09-21
P0162,Ruth,Edwards,Doctor 96,2023-09-21
P0301,Lisa,Nelson,Doctor 41,2023-09-21
P0434,Steven,Moore,Doctor 81,2023-09-21
P0444,Eric,Carter,Doctor 19,2023-09-21
P0461,William,Sanchez,Doctor 99,2023-09-21
P0477,Donna,Diaz,Doctor 50,2023-09-21
P0065,Dennis,Hall,Doctor 78,2023-09-22
P0143,Linda,Wood,Doctor 45,2023-09-22
P0154,Karen,Alvarez,Doctor 90,2023-09-22
P0377,Samuel,Ruiz,Doctor 68,2023-09-22
P0421,Scott,Thompson,Doctor 19,2023-09-22
P0472,Edward,Wood,Doctor 41,2023-09-22
P0473,Mary,Davis,Doctor 84,2023-09-22
P0006,Gary,Patel,Doctor 89,2023-09-23
P0109,Jose,Cruz,Doctor 51,2023-09-23
P0148,Stephen,Johnson,Doctor 96,2023-09-23
P0229,Ronald,James,Doctor 47,2023-09-23
P0268,Frank,Martin,Doctor 2,2023-09-23
P0390,Ryan,Flores,Doctor 5,2023-09-23
P0423,Melissa,Lee,Doctor 67,2023-09-23
P0051,Laura,Cooper,Doctor 56,2023-09-24
P0313,Gary,Martin,Doctor 38,2023-09-24
P0377,Samuel,Ruiz,Doctor 68,2023-09-24
P0115,James,Mendoza,Doctor 85,2023-09-25
P0148,Stephen,Johnson,Doctor 96,2023-09-25
P0176,Rebecca,Jones,Doctor 24,2023-09-25
P0223,Linda,Hernandez,Doctor 80,2023-09-25
P0294,Laura,Jones,Doctor 19,2023-09-25
P0059,Sandra,Johnson,Doctor 20,2023-09-26
P0191,Nancy,Collins,Doctor 29,2023-09-26
P0243,George,King,Doctor 91,2023-09-26
P0288,Gregory,Richardson,Doctor 98,2023-09-26
P0304,Helen,Edwards,Doctor 98,2023-09-26
P0368,Joshua,Watson,Doctor 10,2023-09-26
P0431,Patrick,Howard,Doctor 44,2023-09-26
P0465,Helen,Cruz,Doctor 16,2023-09-26
P0028,Larry,Chavez,Doctor 27,2023-09-27
P0223,Linda,Hernandez,Doctor 80,2023-09-27
P0226,Ruth,Gray,Doctor 63,2023-09-27
P0261,Helen,Diaz,Doctor 40,2023-09-27
P0342,Robert,Perez,Doctor 94,2023-09-27
P0400,Emma,Hall,Doctor 72,2023-09-27
P0443,Linda,Baker,Doctor 25,2023-09-27
P0486,Helen,Mendoza,Doctor 20,2023-09-27
P0137,Angela,Brooks,Doctor 55,2023-09-28
P0143,Linda,Wood,Doctor 45,2023-09-28
P0152,Lisa,Alvarez,Doctor 26,2023-09-28
P0177,Elizabeth,Stewart,Doctor 69,2023-09-28
P0183,Nancy,Cook,Doctor 26,2023-09-28
P0320,Carol,Garcia,Doctor 31,2023-09-28
P0359,Jonathan,Smith,Doctor 73,2023-09-28
P0066,Alexander,Carter,Doctor 61,2023-09-29
P0110,Deborah,Mendoza,Doctor 31,2023-09-29
P0229,Ronald,James,Doctor 47,2023-09-29
P0260,Donald,Reed,Doctor 93,2023-09-29
P0303,Donald,Gutierrez,Doctor 89,2023-09-29
P0477,Donna,Diaz,Doctor 50,2023-09-29
P0490,Edward,Bennett,Doctor 7,2023-09-29
P0039,Ronald,Patel,Doctor 97,2023-09-30
P0041,Laura,Brown,Doctor 16,2023-09-30
P0236,Sarah,Morgan,Doctor 28,2023-09-30
P0270,Kathleen,Rodriguez,Doctor 9,2023-09-30
P0309,Kenneth,Rogers,Doctor 96,2023-09-30
P0436,Sarah,Peterson,Doctor 65,2023-09-30
P0465,Helen,Cruz,Doctor 16,2023-09-30
P0015,Sharon,Clark,Doctor 66,2023-10-01
P0026,Michelle,Baker,Doctor 6,2023-10-01
P0216,Anthony,Ward,Doctor 50,2023-10-01
P0384,Daniel,Parker,Doctor 72,2023-10-01
P0429,Carol,Torres,Doctor 30,2023-10-01
P0482,Sarah,Cruz,Doctor 48,2023-10-01
P0121,Barbara,Peterson,Doctor 29,2023-10-02
P0282,Jessica,Adams,Doctor 65,2023-10-02
P0420,Shirley,Scott,Doctor 49,2023-10-02
P0171,Brandon,Taylor,Doctor 96,2023-10-03
P0269,Aaron,Wright,Doctor 71,2023-10-03
P0432,Donna,Mitchell,Doctor 66,2023-10-03
P0436,Sarah,Peterson,Doctor 65,2023-10-03
P0104,Melissa,Anderson,Doctor 73,2023-10-04
P0398,Kevin,Wright,Doctor 48,2023-10-04
P0020,Sharon,Ramos,Doctor 27,2023-10-05
P0206,Jack,Murphy,Doctor 14,2023-10-05
P0235,Robert,Moore,Doctor 22,2023-10-05
P0270,Kathleen,Rodriguez,Doctor 9,2023-10-05
P0327,Jacob,Brown,Doctor 22,2023-10-05
P0392,Sandra,Parker,Doctor 81,2023-10-05
P0402,William,Patel,Doctor 5,2023-10-05
P0036,Nancy,Stewart,Doctor 100,2023-10-06
P0041,Laura,Brown,Doctor 16,2023-10-06
P0074,Joseph,Carter,Doctor 66,2023-10-06
P0242,Anna,White,Doctor 38,2023-10-06
P0309,Kenneth,Rogers,Doctor 96,2023-10-06
P0066,Alexander,Carter,Doctor 61,2023-10-07
P0124,Jeffrey,Thomas,Doctor 44,2023-10-07
P0127,Carol,Ortiz,Doctor 5,2023-10-07
P0166,Gregory,Smith,Doctor 73,2023-10-07
P0258,Donald,Cruz,Doctor 37,2023-10-07
P0269,Aaron,Wright,Doctor 71,2023-10-07
P0019,Laura,Campbell,Doctor 46,2023-10-08
P0222,Betty,King,Doctor 64,2023-10-08
P0269,Aaron,Wright,Doctor 71,2023-10-08
P0288,Gregory,Richardson,Doctor 98,2023-10-08
P0317,Kimberly,Cooper,Doctor 39,2023-10-08
P0356,Kimberly,Torres,Doctor 7,2023-10-08
P0500,William,Ramos,Doctor 74,2023-10-08
P0240,Matthew,Anderson,Doctor 86,2023-10-09
P0352,Barbara,Edwards,Doctor 46,2023-10-09
P0154,Karen,Alvarez,Doctor 90,2023-10-10
P0220,Carol,Bennett,Doctor 18,2023-10-10
P0322,Karen,Hill,Doctor 83,2023-10-10
P0333,Aaron,Wilson,Doctor 37,2023-10-10
P0335,Shirley,Rogers,Doctor 11,2023-10-10
P0360,Ruth,White,Doctor 95,2023-10-10
P0437,Jennifer,Garcia,Doctor 60,2023-10-10
P0101,Dorothy,Robinson,Doctor 82,2023-10-11
P0319,Frank,Ward,Doctor 75,2023-10-11
P0365,Robert,Miller,Doctor 9,2023-10-11
P0368,Joshua,Watson,Doctor 10,2023-10-11
P0408,Linda,Green,Doctor 17,2023-10-11
P0462,Scott,Harris,Doctor 91,2023-10-11
P0109,Jose,Cruz,Doctor 51,2023-10-12
P0141,Laura,Parker,Doctor 28,2023-10-12
P0198,Raymond,Chavez,Doctor 48,2023-10-12
P0200,Laura,Nguyen,Doctor 88,2023-10-12
P0212,Mark,Thomas,Doctor 42,2023-10-12
P0225,Ruth,Carter,Doctor 58,2023-10-12
P0383,Ronald,Myers,Doctor 48,2023-10-12
P0006,Gary,Patel,Doctor 89,2023-10-13
P0010,Dorothy,Sanders,Doctor 62,2023-10-13
P0019,Laura,Campbell,Doctor 46,2023-10-13
P0113,Jacob,Morales,Doctor 35,2023-10-13
P0199,Christopher,Cook,Doctor 89,2023-10-13
P0274,Frank,Kim,Doctor 83,2023-10-13
P0368,Joshua,Watson,Doctor 10,2023-10-13
P0430,Jacob,Carter,Doctor 24,2023-10-13
P0018,Helen,Patel,Doctor 52,2023-10-14
P0019,Laura,Campbell,Doctor 46,2023-10-14
P0034,Carol,Reed,Doctor 53,2023-10-14
P0100,Betty,Harris,Doctor 6,2023-10-14
P0224,Angela,Peterson,Doctor 96,2023-10-14
P0245,Jennifer,Jackson,Doctor 15,2023-10-14
P0358,Brian,Hernandez,Doctor 13,2023-10-14
P0437,Jennifer,Garcia,Doctor 60,2023-10-14
P0269,Aaron,Wright,Doctor 71,2023-10-15
P0288,Gregory,Richardson,Doctor 98,2023-10-15
P0439,Edward,Martinez,Doctor 70,2023-10-15
P0493,Kimberly,Flores,Doctor 7,2023-10-15
P0002,Jack,Williams,Doctor 99,2023-10-16
P0029,Virginia,Peterson,Doctor 87,2023-10-16
P0110,Deborah,Mendoza,Doctor 31,2023-10-16
P0129,Jason,Robinson,Doctor 58,2023-10-16
P0139,Eric,Hughes,Doctor 31,2023-10-16
P0319,Frank,Ward,Doctor 75,2023-10-16
P0387,Andrew,Ramirez,Doctor 67,2023-10-16
P0486,Helen,Mendoza,Doctor 20,2023-10-16
P0496,Patricia,Cruz,Doctor 37,2023-10-16
P0054,Timothy,Stewart,Doctor 16,2023-10-17
P0170,Gary,Smith,Doctor 98,2023-10-17
P0197,Joshua,Moore,Doctor 9,2023-10-17
P0225,Ruth,Carter,Doctor 58,2023-10-17
P0382,Sandra,Clark,Doctor 35,2023-10-17
P0453,Cynthia,Peterson,Doctor 73,2023-10-17
P0021,Carol,Jackson,Doctor 40,2023-10-18
P0052,Sarah,Sanchez,Doctor 44,2023-10-18
P0073,Jessica,Hughes,Doctor 11,2023-10-18
P0178,Shirley,Thompson,Doctor 53,2023-10-18
P0183,Nancy,Cook,Doctor 26,2023-10-18
P0203,Scott,Lee,Doctor 22,2023-10-18
P0245,Jennifer,Jackson,Doctor 15,2023-10-18
P0279,Joshua,Hughes,Doctor 89,2023-10-18
P0287,James,Sanchez,Doctor 11,2023-10-18
P0336,Angela,Campbell,Doctor 85,2023-10-18
P0451,Jason,Stewart,Doctor 4,2023-10-18
P0453,Cynthia,Peterson,Doctor 73,2023-10-18
P0126,Timothy,Wilson,Doctor 72,2023-10-19
P0148,Stephen,Johnson,Doctor 96,2023-10-19
P0163,Donna,Murphy,Doctor 73,2023-10-19
P0223,Linda,Hernandez,Doctor 80,2023-10-19
P0410,Shirley,Lopez,Doctor 53,2023-10-19
P0426,Sharon,Hernandez,Doctor 22,2023-10-19
P0452,Daniel,Ortiz,Doctor 39,2023-10-19
P0015,Sharon,Clark,Doctor 66,2023-10-20
P0043,Sarah,Torres,Doctor 33,2023-10-20
P0069,Ruth,Cox,Doctor 26,2023-10-20
P0126,Timothy,Wilson,Doctor 72,2023-10-20
P0194,Gary,James,Doctor 29,2023-10-20
P0296,Raymond,Edwards,Doctor 78,2023-10-20
P0311,Nancy,Peterson,Doctor 87,2023-10-20
P0354,Matthew,Moore,Doctor 95,2023-10-20
P0360,Ruth,White,Doctor 95,2023-10-20
P0020,Sharon,Ramos,Doctor 27,2023-10-21
P0089,Patricia,Collins,Doctor 75,2023-10-21
P0198,Raymond,Chavez,Doctor 48,2023-10-21
P0453,Cynthia,Peterson,Doctor 73,2023-10-21
P0154,Karen,Alvarez,Doctor 90,2023-10-22
P0250,James,Kelly,Doctor 80,2023-10-22
P0466,Cynthia,Gutierrez,Doctor 56,2023-10-22
P0090,Mary,Hernandez,Doctor 31,2023-10-23
P0143,Linda,Wood,Doctor 45,2023-10-23
P0200,Laura,Nguyen,Doctor 88,2023-10-23
P0284,Larry,Patel,Doctor 59,2023-10-23
P0433,Helen,Moore,Doctor 17,2023-10-23
P0467,Helen,Martin,Doctor 52,2023-10-23
P0042,Thomas,Taylor,Doctor 53,2023-10-24
P0100,Betty,Harris,Doctor 6,2023-10-24
P0119,Susan,Thomas,Doctor 50,2023-10-24
P0125,Betty,Ward,Doctor 21,2023-10-24
P0158,Betty,Morales,Doctor 42,2023-10-24
P0184,Barbara,Carter,Doctor 8,2023-10-24
P0196,Nancy,Young,Doctor 92,2023-10-24
P0242,Anna,White,Doctor 38,2023-10-24
P0244,Sarah,Richardson,Doctor 79,2023-10-24
P0285,John,Martinez,Doctor 26,2023-10-24
P0445,Amy,Evans,Doctor 93,2023-10-24
P0037,Alexander,Ruiz,Doctor 73,2023-10-25
P0050,Gary,Clark,Doctor 92,2023-10-25
P0097,Sandra,Turner,Doctor 61,2023-10-25
P0115,James,Mendoza,Doctor 85,2023-10-25
P0156,Sarah,Evans,Doctor 91,2023-10-25
P0454,John,Reyes,Doctor 76,2023-10-25
P0043,Sarah,Torres,Doctor 33,2023-10-26
P0152,Lisa,Alvarez,Doctor 26,2023-10-26
P0345,James,Rodriguez,Doctor 43,2023-10-26
P0352,Barbara,Edwards,Doctor 46,2023-10-26
P0493,Kimberly,Flores,Doctor 7,2023-10-26
P0067,Michael,Williams,Doctor 42,2023-10-27
P0112,Anna,Davis,Doctor 65,2023-10-27
P0139,Eric,Hughes,Doctor 31,2023-10-27
P0292,Brandon,Garcia,Doctor 27,2023-10-27
P0310,Michael,Ramos,Doctor 100,2023-10-27
P0333,Aaron,Wilson,Doctor 37,2023-10-27
P0440,Cynthia,Parker,Doctor 75,2023-10-27
P0445,Amy,Evans,Doctor 93,2023-10-27
P0451,Jason,Stewart,Doctor 4,2023-10-27
P0008,Jerry,Martin,Doctor 3,2023-10-28
P0056,Brenda,Gomez,Doctor 91,2023-10-28
P0266,Nicholas,Mitchell,Doctor 76,2023-10-28
P0451,Jason,Stewart,Doctor 4,2023-10-28
P0498,Jeffrey,Hernandez,Doctor 79,2023-10-28
P0205,Anthony,Walker,Doctor 9,2023-10-29
P0231,Jeffrey,Cox,Doctor 18,2023-10-29
P0308,Jack,Price,Doctor 82,2023-10-29
P0329,Shirley,Williams,Doctor 60,2023-10-29
P0369,Joshua,Mitchell,Doctor 94,2023-10-29
P0407,Kenneth,Diaz,Doctor 17,2023-10-29
P0432,Donna,Mitchell,Doctor 66,2023-10-29
P0479,Lisa,Martinez,Doctor 6,2023-10-29
P0030,Andrew,Bennett,Doctor 64,2023-10-30
P0081,Linda,Ruiz,Doctor 88,2023-10-30
P0095,Jonathan,Martinez,Doctor 6,2023-10-30
P0172,Donna,Allen,Doctor 74,2023-10-30
P0175,Brian,Lee,Doctor 66,2023-10-30
P0209,Justin,Anderson,Doctor 4,2023-10-30
P0230,Barbara,Brooks,Doctor 57,2023-10-30
P0243,George,King,Doctor 91,2023-10-30
P0266,Nicholas,Mitchell,Doctor 76,2023-10-30
P0351,Helen,Campbell,Doctor 25,2023-10-30
P0373,Kevin,Cox,Doctor 52,2023-10-30
P0386,Dennis,Kelly,Doctor 20,2023-10-30
P0386,Dennis,Kelly,Doctor 20,2023-10-30
P0388,Anthony,Bennett,Doctor 89,2023-10-30
P0411,Richard,Brooks,Doctor 19,2023-10-30
P0422,Kathleen,Gray,Doctor 90,2023-10-30
P0007,Thomas,White,Doctor 69,2023-10-31
P0025,Jack,Cox,Doctor 3,2023-10-31
P0146,Karen,Ramirez,Doctor 88,2023-10-31
P0201,Shirley,Cook,Doctor 54,2023-10-31
P0263,Kenneth,Hernandez,Doctor 89,2023-10-31
P0305,Jack,Young,Doctor 85,2023-10-31
P0306,Jose,James,Doctor 4,2023-10-31
P0022,Susan,Bennett,Doctor 36,2023-11-01
P0035,Donna,Peterson,Doctor 47,2023-11-01
P0240,Matthew,Anderson,Doctor 86,2023-11-01
P0247,Jerry,Brown,Doctor 39,2023-11-01
P0325,Stephen,Murphy,Doctor 54,2023-11-01
P0397,Sarah,White,Doctor 87,2023-11-01
P0451,Jason,Stewart,Doctor 4,2023-11-01
P0485,Steven,Sanchez,Doctor 24,2023-11-01
P0122,Michelle,Ward,Doctor 17,2023-11-02
P0155,Cynthia,Gonzalez,Doctor 69,2023-11-02
P0170,Gary,Smith,Doctor 98,2023-11-02
P0178,Shirley,Thompson,Doctor 53,2023-11-02
P0394,Anthony,Cooper,Doctor 73,2023-11-02
P0428,Linda,Jones,Doctor 18,2023-11-02
P0448,Virginia,Martin,Doctor 4,2023-11-02
P0468,Michelle,Morgan,Doctor 78,2023-11-02
P0044,David,Johnson,Doctor 100,2023-11-03
P0046,Sandra,Gray,Doctor 75,2023-11-03
P0093,Brenda,Turner,Doctor 54,2023-11-03
P0110,Deborah,Mendoza,Doctor 31,2023-11-03
P0331,James,Morris,Doctor 54,2023-11-03
P0410,Shirley,Lopez,Doctor 53,2023-11-03
P0461,William,Sanchez,Doctor 99,2023-11-03
P0490,Edward,Bennett,Doctor 7,2023-11-03
P0495,Patricia,Turner,Doctor 1,2023-11-03
P0246,Justin,Mendoza,Doctor 24,2023-11-04
P0340,Jason,Cook,Doctor 20,2023-11-04
P0368,Joshua,Watson,Doctor 10,2023-11-04
P0372,Joshua,Nguyen,Doctor 31,2023-11-04
P0381,Rebecca,Thompson,Doctor 36,2023-11-04
P0385,Joseph,Hernandez,Doctor 1,2023-11-04
P0239,Benjamin,Sanders,Doctor 100,2023-11-05
P0248,Jessica,Carter,Doctor 97,2023-11-05
P0356,Kimberly,Torres,Doctor 7,2023-11-05
P0402,William,Patel,Doctor 5,2023-11-05
P0009,Carol,Edwards,Doctor 13,2023-11-06
P0157,Ruth,Johnson,Doctor 7,2023-11-06
P0220,Carol,Bennett,Doctor 18,2023-11-06
P0292,Brandon,Garcia,Doctor 27,2023-11-06
P0391,Carol,Gomez,Doctor 44,2023-11-06
P0402,William,Patel,Doctor 5,2023-11-06
P0487,Ruth,Ramos,Doctor 33,2023-11-06
P0490,Edward,Bennett,Doctor 7,2023-11-06
P0055,Frank,Ruiz,Doctor 26,2023-11-07
P0098,Richard,Reyes,Doctor 58,2023-11-07
P0115,James,Mendoza,Doctor 85,2023-11-07
P0152,Lisa,Alvarez,Doctor 26,2023-11-07
P0322,Karen,Hill,Doctor 83,2023-11-07
P0363,Nicholas,Miller,Doctor 81,2023-11-07
P0434,Steven,Moore,Doctor 81,2023-11-07
P0454,John,Reyes,Doctor 76,2023-11-07
P0076,James,Murphy,Doctor 85,2023-11-08
P0100,Betty,Harris,Doctor 6,2023-11-08
P0237,Jacob,Campbell,Doctor 89,2023-11-08
P0366,Samuel,Castillo,Doctor 81,2023-11-08
P0427,Patricia,Johnson,Doctor 71,2023-11-08
P0431,Patrick,Howard,Doctor 44,2023-11-08
P0077,Linda,Richardson,Doctor 99,2023-11-09
P0105,Nancy,Mendoza,Doctor 68,2023-11-09
P0128,Patricia,Sanders,Doctor 85,2023-11-09
P0216,Anthony,Ward,Doctor 50,2023-11-09
P0251,Karen,Young,Doctor 92,2023-11-10
P0291,Sharon,Carter,Doctor 81,2023-11-10
P0450,Ruth,Miller,Doctor 39,2023-11-10
P0013,Mary,Baker,Doctor 40,2023-11-11
P0118,Timothy,Carter,Doctor 57,2023-11-11
P0131,Alexander,Rogers,Doctor 10,2023-11-11
P0154,Karen,Alvarez,Doctor 90,2023-11-11
P0290,Helen,Reed,Doctor 76,2023-11-11
P0341,Scott,Perez,Doctor 52,2023-11-11
P0361,Emma,Gonzalez,Doctor 77,2023-11-11
P0003,Emma,Reed,Doctor 24,2023-11-12
P0229,Ronald,James,Doctor 47,2023-11-12
P0242,Anna,White,Doctor 38,2023-11-12
P0350,Michelle,Hall,Doctor 45,2023-11-12
P0452,Daniel,Ortiz,Doctor 39,2023-11-12
P0467,Helen,Martin,Doctor 52,2023-11-12
P0128,Patricia,Sanders,Doctor 85,2023-11-13
P0221,Benjamin,Howard,Doctor 35,2023-11-13
P0236,Sarah,Morgan,Doctor 28,2023-11-13
P0263,Kenneth,Hernandez,Doctor 89,2023-11-13
P0291,Sharon,Carter,Doctor 81,2023-11-13
P0362,Donna,Ward,Doctor 3,2023-11-13
P0378,Sarah,Wilson,Doctor 5,2023-11-13
P0035,Donna,Peterson,Doctor 47,2023-11-14
P0071,Laura,Brooks,Doctor 97,2023-11-14
P0290,Helen,Reed,Doctor 76,2023-11-14
P0306,Jose,James,Doctor 4,2023-11-14
P0308,Jack,Price,Doctor 82,2023-11-14
P0324,Amy,Cooper,Doctor 41,2023-11-14
P0380,Sandra,Bennett,Doctor 19,2023-11-14
P0475,Angela,Rogers,Doctor 93,2023-11-14
P0001,Donald,Evans,Doctor 13,2023-11-15
P0019,Laura,Campbell,Doctor 46,2023-11-15
P0088,Angela,Flores,Doctor 99,2023-11-15
P0254,Emma,Adams,Doctor 11,2023-11-15
P0292,Brandon,Garcia,Doctor 27,2023-11-15
P0296,Raymond,Edwards,Doctor 78,2023-11-15
P0358,Brian,Hernandez,Doctor 13,2023-11-15
P0454,John,Reyes,Doctor 76,2023-11-15
P0014,Deborah,Alvarez,Doctor 26,2023-11-16
P0134,Jessica,Hernandez,Doctor 56,2023-11-16
P0439,Edward,Martinez,Doctor 70,2023-11-16
P0031,William,Lopez,Doctor 25,2023-11-17
P0128,Patricia,Sanders,Doctor 85,2023-11-17
P0330,Dennis,Jones,Doctor 78,2023-11-17
P0340,Jason,Cook,Doctor 20,2023-11-17
P0449,David,Williams,Doctor 82,2023-11-17
P0454,John,Reyes,Doctor 76,2023-11-17
P0086,Betty,Garcia,Doctor 55,2023-11-18
P0107,Laura,Harris,Doctor 88,2023-11-18
P0134,Jessica,Hernandez,Doctor 56,2023-11-18
P0239,Benjamin,Sanders,Doctor 100,2023-11-18
P0278,Patrick,Patel,Doctor 66,2023-11-18
P0422,Kathleen,Gray,Doctor 90,2023-11-18
P0429,Carol,Torres,Doctor 30,2023-11-18
P0440,Cynthia,Parker,Doctor 75,2023-11-18
P0175,Brian,Lee,Doctor 66,2023-11-19
P0242,Anna,White,Doctor 38,2023-11-19
P0264,Anna,Nguyen,Doctor 81,2023-11-19
P0298,Charles,Clark,Doctor 66,2023-11-19
P0431,Patrick,Howard,Doctor 44,2023-11-19
P0070,Linda,Sanchez,Doctor 46,2023-11-20
P0180,Carol,Ramos,Doctor 26,2023-11-20
P0190,Aaron,Lewis,Doctor 1,2023-11-20
P0326,Karen,Allen,Doctor 54,2023-11-20
P0393,Jerry,Nguyen,Doctor 37,2023-11-20
P0423,Melissa,Lee,Doctor 67,2023-11-20
P0481,Jennifer,Thomas,Doctor 62,2023-11-20
P0500,William,Ramos,Doctor 74,2023-11-20
P0373,Kevin,Cox,Doctor 52,2023-11-21
P0104,Melissa,Anderson,Doctor 73,2023-11-22
P0112,Anna,Davis,Doctor 65,2023-11-22
P0185,Andrew,Ward,Doctor 99,2023-11-22
P0268,Frank,Martin,Doctor 2,2023-11-22
P0377,Samuel,Ruiz,Doctor 68,2023-11-22
P0430,Jacob,Carter,Doctor 24,2023-11-22
P0284,Larry,Patel,Doctor 59,2023-11-23
P0314,Jack,Martinez,Doctor 55,2023-11-23
P0315,Rebecca,White,Doctor 78,2023-11-23
P0328,Brandon,Young,Doctor 16,2023-11-23
P0349,Scott,Ramirez,Doctor 52,2023-11-23
P0370,Larry,Taylor,Doctor 66,2023-11-23
P0378,Sarah,Wilson,Doctor 5,2023-11-23
P0406,Robert,Sanchez,Doctor 33,2023-11-23
P0132,Brian,Miller,Doctor 91,2023-11-24
P0309,Kenneth,Rogers,Doctor 96,2023-11-24
P0364,Joshua,Ortiz,Doctor 69,2023-11-24
P0072,Carol,Roberts,Doctor 82,2023-11-25
P0102,George,Sanders,Doctor 44,2023-11-25
P0109,Jose,Cruz,Doctor 51,2023-11-25
P0111,Benjamin,Martinez,Doctor 81,2023-11-25
P0196,Nancy,Young,Doctor 92,2023-11-25
P0450,Ruth,Miller,Doctor 39,2023-11-25
P0482,Sarah,Cruz,Doctor 48,2023-11-25
P0029,Virginia,Peterson,Doctor 87,2023-11-26
P0053,Deborah,Jackson,Doctor 100,2023-11-26
P0102,George,Sanders,Doctor 44,2023-11-26
P0166,Gregory,Smith,Doctor 73,2023-11-26
P0198,Raymond,Chavez,Doctor 48,2023-11-26
P0278,Patrick,Patel,Doctor 66,2023-11-26
P0295,Sarah,Reyes,Doctor 6,2023-11-26
P0480,Robert,Evans,Doctor 85,2023-11-26
P0101,Dorothy,Robinson,Doctor 82,2023-11-27
P0127,Carol,Ortiz,Doctor 5,2023-11-27
P0136,Susan,Ramirez,Doctor 86,2023-11-27
P0146,Karen,Ramirez,Doctor 88,2023-11-27
P0180,Carol,Ramos,Doctor 26,2023-11-27
P0211,Tyler,Gonzalez,Doctor 69,2023-11-27
P0374,Patricia,Brooks,Doctor 85,2023-11-27
P0397,Sarah,White,Doctor 87,2023-11-27
P0464,Kimberly,Roberts,Doctor 47,2023-11-27
P0011,Tyler,Reyes,Doctor 61,2023-11-28
P0074,Joseph,Carter,Doctor 66,2023-11-28
P0173,Jennifer,Wood,Doctor 55,2023-11-28
P0457,Benjamin,Taylor,Doctor 57,2023-11-28
P0484,Gregory,Howard,Doctor 97,2023-11-28
P0011,Tyler,Reyes,Doctor 61,2023-11-29
P0023,Jerry,Wright,Doctor 48,2023-11-29
P0090,Mary,Hernandez,Doctor 31,2023-11-29
P0176,Rebecca,Jones,Doctor 24,2023-11-29
P0493,Kimberly,Flores,Doctor 7,2023-11-29
P0499,Michelle,Garcia,Doctor 57,2023-11-29
P0100,Betty,Harris,Doctor 6,2023-11-30
P0108,Matthew,Peterson,Doctor 12,2023-11-30
P0219,Emma,Taylor,Doctor 9,2023-11-30
P0238,Anthony,Ortiz,Doctor 6,2023-11-30
P0380,Sandra,Bennett,Doctor 19,2023-11-30
P0389,Alexander,Sanchez,Doctor 31,2023-11-30
P0496,Patricia,Cruz,Doctor 37,2023-11-30
P0073,Jessica,Hughes,Doctor 11,2023-12-01
P0205,Anthony,Walker,Doctor 9,2023-12-01
P0228,Jeffrey,Scott,Doctor 84,2023-12-01
P0261,Helen,Diaz,Doctor 40,2023-12-01
P0356,Kimberly,Torres,Doctor 7,2023-12-01
P0408,Linda,Green,Doctor 17,2023-12-01
P0486,Helen,Mendoza,Doctor 20,2023-12-01
P0098,Richard,Reyes,Doctor 58,2023-12-02
P0207,Virginia,Ortiz,Doctor 54,2023-12-02
P0249,Linda,Howard,Doctor 46,2023-12-02
P0401,Aaron,Rivera,Doctor 79,2023-12-02
P0024,Ruth,Cook,Doctor 66,2023-12-03
P0082,Anna,Richardson,Doctor 86,2023-12-03
P0092,Daniel,Moore,Doctor 84,2023-12-03
P0149,Edward,Smith,Doctor 56,2023-12-03
P0153,Samuel,Wright,Doctor 70,2023-12-03
P0374,Patricia,Brooks,Doctor 85,2023-12-03
P0418,Kenneth,Kim,Doctor 90,2023-12-03
P0447,David,Edwards,Doctor 78,2023-12-03
P0038,Benjamin,Rivera,Doctor 15,2023-12-04
P0057,Steven,Martin,Doctor 56,2023-12-04
P0154,Karen,Alvarez,Doctor 90,2023-12-04
P0176,Rebecca,Jones,Doctor 24,2023-12-04
P0227,Ruth,Hill,Doctor 18,2023-12-04
P0305,Jack,Young,Doctor 85,2023-12-04
P0354,Matthew,Moore,Doctor 95,2023-12-04
P0354,Matthew,Moore,Doctor 95,2023-12-04
P0376,Anna,Rogers,Doctor 19,2023-12-04
P0423,Melissa,Lee,Doctor 67,2023-12-04
P0041,Laura,Brown,Doctor 16,2023-12-05
P0161,Laura,Stewart,Doctor 49,2023-12-05
P0185,Andrew,Ward,Doctor 99,2023-12-05
P0207,Virginia,Ortiz,Doctor 54,2023-12-05
P0213,Sandra,Patel,Doctor 14,2023-12-05
P0236,Sarah,Morgan,Doctor 28,2023-12-05
P0329,Shirley,Williams,Doctor 60,2023-12-05
P0487,Ruth,Ramos,Doctor 33,2023-12-05
P0052,Sarah,Sanchez,Doctor 44,2023-12-06
P0202,Eric,Thomas,Doctor 55,2023-12-06
P0232,Gary,Thompson,Doctor 66,2023-12-06
P0249,Linda,Howard,Doctor 46,2023-12-06
P0271,Cynthia,Hall,Doctor 75,2023-12-06
P0274,Frank,Kim,Doctor 83,2023-12-06
P0278,Patrick,Patel,Doctor 66,2023-12-06
P0378,Sarah,Wilson,Doctor 5,2023-12-06
P0379,Brian,Cruz,Doctor 49,2023-12-06
P0391,Carol,Gomez,Doctor 44,2023-12-06
P0038,Benjamin,Rivera,Doctor 15,2023-12-07
P0167,Christopher,Williams,Doctor 59,2023-12-07
P0178,Shirley,Thompson,Doctor 53,2023-12-07
P0192,Edward,Scott,Doctor 76,2023-12-07
P0316,Anthony,Jackson,Doctor 74,2023-12-07
P0389,Alexander,Sanchez,Doctor 31,2023-12-07
P0404,Sarah,Ruiz,Doctor 63,2023-12-07
P0047,Justin,Ruiz,Doctor 85,2023-12-08
P0058,Matthew,Sanders,Doctor 56,2023-12-08
P0067,Michael,Williams,Doctor 42,2023-12-08
P0121,Barbara,Peterson,Doctor 29,2023-12-08
P0134,Jessica,Hernandez,Doctor 56,2023-12-08
P0149,Edward,Smith,Doctor 56,2023-12-08
P0443,Linda,Baker,Doctor 25,2023-12-08
P0444,Eric,Carter,Doctor 19,2023-12-08
P0461,William,Sanchez,Doctor 99,2023-12-08
P0054,Timothy,Stewart,Doctor 16,2023-12-09
P0141,Laura,Parker,Doctor 28,2023-12-09
P0257,Susan,Lopez,Doctor 42,2023-12-09
P0438,William,King,Doctor 52,2023-12-09
P0472,Edward,Wood,Doctor 41,2023-12-09
P0099,Elizabeth,Lewis,Doctor 11,2023-12-10
P0120,Joseph,Rogers,Doctor 99,2023-12-10
P0349,Scott,Ramirez,Doctor 52,2023-12-10
P0353,Angela,Allen,Doctor 87,2023-12-10
P0495,Patricia,Turner,Doctor 1,2023-12-10
P0091,Sarah,King,Doctor 90,2023-12-11
P0213,Sandra,Patel,Doctor 14,2023-12-11
P0226,Ruth,Gray,Doctor 63,2023-12-11
P0310,Michael,Ramos,Doctor 100,2023-12-11
P0093,Brenda,Turner,Doctor 54,2023-12-12
P0096,Kimberly,Wilson,Doctor 5,2023-12-12
P0246,Justin,Mendoza,Doctor 24,2023-12-12
P0462,Scott,Harris,Doctor 91,2023-12-12
P0044,David,Johnson,Doctor 100,2023-12-13
P0048,Betty,Nelson,Doctor 68,2023-12-13
P0082,Anna,Richardson,Doctor 86,2023-12-13
P0145,Mary,Cooper,Doctor 75,2023-12-13
P0217,Stephen,Perez,Doctor 62,2023-12-13
P0251,Karen,Young,Doctor 92,2023-12-13
P0415,Joseph,Rivera,Doctor 38,2023-12-13
P0481,Jennifer,Thomas,Doctor 62,2023-12-13
P0485,Steven,Sanchez,Doctor 24,2023-12-13
P0498,Jeffrey,Hernandez,Doctor 79,2023-12-13
P0167,Christopher,Williams,Doctor 59,2023-12-14
P0175,Brian,Lee,Doctor 66,2023-12-14
P0184,Barbara,Carter,Doctor 8,2023-12-14
P0211,Tyler,Gonzalez,Doctor 69,2023-12-14
P0252,Sandra,Ward,Doctor 84,2023-12-14
P0282,Jessica,Adams,Doctor 65,2023-12-14
P0379,Brian,Cruz,Doctor 49,2023-12-14
P0379,Brian,Cruz,Doctor 49,2023-12-14
P0475,Angela,Rogers,Doctor 93,2023-12-14
P0024,Ruth,Cook,Doctor 66,2023-12-15
P0241,Jason,Parker,Doctor 52,2023-12-15
P0308,Jack,Price,Doctor 82,2023-12-15
P0421,Scott,Thompson,Doctor 19,2023-12-15
P0437,Jennifer,Garcia,Doctor 60,2023-12-15
P0457,Benjamin,Taylor,Doctor 57,2023-12-15
P0014,Deborah,Alvarez,Doctor 26,2023-12-16
P0027,Sandra,Jackson,Doctor 51,2023-12-16
P0064,Cynthia,Howard,Doctor 65,2023-12-16
P0206,Jack,Murphy,Doctor 14,2023-12-16
P0277,Justin,Reed,Doctor 10,2023-12-16
P0367,Kenneth,Clark,Doctor 45,2023-12-16
P0385,Joseph,Hernandez,Doctor 1,2023-12-16
P0007,Thomas,White,Doctor 69,2023-12-17
P0105,Nancy,Mendoza,Doctor 68,2023-12-17
P0250,James,Kelly,Doctor 80,2023-12-17
P0396,Susan,Watson,Doctor 56,2023-12-17
P0417,Richard,Peterson,Doctor 42,2023-12-17
P0420,Shirley,Scott,Doctor 49,2023-12-17
P0428,Linda,Jones,Doctor 18,2023-12-17
P0446,Patrick,Thomas,Doctor 53,2023-12-17
P0078,Ronald,Price,Doctor 86,2023-12-18
P0177,Elizabeth,Stewart,Doctor 69,2023-12-18
P0188,Patricia,Price,Doctor 63,2023-12-18
P0251,Karen,Young,Doctor 92,2023-12-18
P0259,Sandra,Lopez,Doctor 95,2023-12-18
P0306,Jose,James,Doctor 4,2023-12-18
P0344,Deborah,Richardson,Doctor 72,2023-12-18
P0456,Lisa,Wilson,Doctor 57,2023-12-18
P0015,Sharon,Clark,Doctor 66,2023-12-19
P0084,Robert,Wright,Doctor 35,2023-12-19
P0088,Angela,Flores,Doctor 99,2023-12-19
P0180,Carol,Ramos,Doctor 26,2023-12-19
P0230,Barbara,Brooks,Doctor 57,2023-12-19
P0310,Michael,Ramos,Doctor 100,2023-12-19
P0350,Michelle,Hall,Doctor 45,2023-12-19
P0355,Patrick,Roberts,Doctor 75,2023-12-19
P0370,Larry,Taylor,Doctor 66,2023-12-19
P0371,Carol,King,Doctor 29,2023-12-19
P0174,Mary,Nelson,Doctor 69,2023-12-20
P0246,Justin,Mendoza,Doctor 24,2023-12-20
P0297,Susan,Cruz,Doctor 4,2023-12-20
P0334,Edward,Hernandez,Doctor 86,2023-12-20
P0398,Kevin,Wright,Doctor 48,2023-12-20
P0152,Lisa,Alvarez,Doctor 26,2023-12-21
P0262,Carol,Parker,Doctor 12,2023-12-21
P0328,Brandon,Young,Doctor 16,2023-12-21
P0342,Robert,Perez,Doctor 94,2023-12-21
P0470,Justin,Robinson,Doctor 7,2023-12-21
P0009,Carol,Edwards,Doctor 13,2023-12-22
P0091,Sarah,King,Doctor 90,2023-12-22
P0123,Kimberly,Jackson,Doctor 37,2023-12-22
P0134,Jessica,Hernandez,Doctor 56,2023-12-22
P0233,Alexander,Ramos,Doctor 39,2023-12-22
P0318,Tyler,Robinson,Doctor 68,2023-12-22
P0408,Linda,Green,Doctor 17,2023-12-22
P0446,Patrick,Thomas,Doctor 53,2023-12-22
P0286,Ronald,Stewart,Doctor 79,2023-12-23
P0341,Scott,Perez,Doctor 52,2023-12-23
P0356,Kimberly,Torres,Doctor 7,2023-12-23
P0474,Ronald,Torres,Doctor 79,2023-12-23
P0022,Susan,Bennett,Doctor 36,2023-12-24
P0205,Anthony,Walker,Doctor 9,2023-12-24
P0206,Jack,Murphy,Doctor 14,2023-12-24
P0256,Donna,Clark,Doctor 70,2023-12-24
P0405,Gregory,Gutierrez,Doctor 43,2023-12-24
P0415,Joseph,Rivera,Doctor 38,2023-12-24
P0448,Virginia,Martin,Doctor 4,2023-12-24
P0483,Richard,Taylor,Doctor 31,2023-12-24
P0048,Betty,Nelson,Doctor 68,2023-12-25
P0055,Frank,Ruiz,Doctor 26,2023-12-25
P0083,Sarah,Murphy,Doctor 95,2023-12-25
P0132,Brian,Miller,Doctor 91,2023-12-25
P0273,Tyler,Jones,Doctor 84,2023-12-25
P0278,Patrick,Patel,Doctor 66,2023-12-25
P0287,James,Sanchez,Doctor 11,2023-12-25
P0296,Raymond,Edwards,Doctor 78,2023-12-25
P0343,Christopher,Perez,Doctor 13,2023-12-25
P0369,Joshua,Mitchell,Doctor 94,2023-12-25
P0417,Richard,Peterson,Doctor 42,2023-12-25
P0456,Lisa,Wilson,Doctor 57,2023-12-25
P0473,Mary,Davis,Doctor 84,2023-12-25
P0020,Sharon,Ramos,Doctor 27,2023-12-26
P0027,Sandra,Jackson,Doctor 51,2023-12-26
P0074,Joseph,Carter,Doctor 66,2023-12-26
P0122,Michelle,Ward,Doctor 17,2023-12-26
P0179,Jennifer,Price,Doctor 100,2023-12-26
P0199,Christopher,Cook,Doctor 89,2023-12-26
P0288,Gregory,Richardson,Doctor 98,2023-12-26
P0453,Cynthia,Peterson,Doctor 73,2023-12-26
P0473,Mary,Davis,Doctor 84,2023-12-26
P0011,Tyler,Reyes,Doctor 61,2023-12-27
P0082,Anna,Richardson,Doctor 86,2023-12-27
P0085,Dorothy,Bennett,Doctor 27,2023-12-27
P0093,Brenda,Turner,Doctor 54,2023-12-27
P0097,Sandra,Turner,Doctor 61,2023-12-27
P0116,John,Lewis,Doctor 99,2023-12-27
P0140,Michelle,Carter,Doctor 26,2023-12-27
P0370,Larry,Taylor,Doctor 66,2023-12-27
P0418,Kenneth,Kim,Doctor 90,2023-12-27
P0460,Jeffrey,Howard,Doctor 74,2023-12-27
P0463,Jeffrey,Ramos,Doctor 64,2023-12-27
P0008,Jerry,Martin,Doctor 3,2023-12-28
P0096,Kimberly,Wilson,Doctor 5,2023-12-28
P0110,Deborah,Mendoza,Doctor 31,2023-12-28
P0387,Andrew,Ramirez,Doctor 67,2023-12-28
P0465,Helen,Cruz,Doctor 16,2023-12-28
P0481,Jennifer,Thomas,Doctor 62,2023-12-28
P0049,Lisa,Sanchez,Doctor 16,2023-12-29
P0126,Timothy,Wilson,Doctor 72,2023-12-29
P0128,Patricia,Sanders,Doctor 85,2023-12-29
P0168,Helen,Cooper,Doctor 25,2023-12-29
P0189,Robert,Lee,Doctor 65,2023-12-29
P0194,Gary,James,Doctor 29,2023-12-29
P0229,Ronald,James,Doctor 47,2023-12-29
P0265,Dennis,Richardson,Doctor 88,2023-12-29
P0297,Susan,Cruz,Doctor 4,2023-12-29
P0375,Melissa,Price,Doctor 47,2023-12-29
P0101,Dorothy,Robinson,Doctor 82,2023-12-30
P0202,Eric,Thomas,Doctor 55,2023-12-30
P0246,Justin,Mendoza,Doctor 24,2023-12-30