patient_id,patient_first_name,patient_last_name,doctor_id,appointment_date
P0089,Samuel,Mendoza,Doctor 42,2022-12-31
P0308,Jason,Green,Doctor 45,2023-01-01
P0444,Lisa,Bennett,Doctor 7,2023-01-01
P0022,Christopher,Rogers,Doctor 32,2023-01-02
P0105,Andrew,Diaz,Doctor 15,2023-01-02
P0209,Mark,Morgan,Doctor 21,2023-01-02
P0285,Barbara,Kelly,Doctor 39,2023-01-02
P0382,Sarah,Edwards,Doctor 40,2023-01-02
P0383,Linda,Carter,Doctor 31,2023-01-02
P0121,Timothy,Sanchez,Doctor 17,2023-01-03
P0245,Mary,Ortiz,Doctor 16,2023-01-03
P0292,Sharon,Myers,Doctor 26,2023-01-03
P0409,Samuel,Kelly,Doctor 22,2023-01-03
P0469,Stephen,Ortiz,Doctor 18,2023-01-03
P0487,Dorothy,Evans,Doctor 21,2023-01-03
P0051,Lisa,Young,Doctor 11,2023-01-04
P0162,Anthony,Young,Doctor 2,2023-01-04
P0222,Jessica,Gomez,Doctor 28,2023-01-04
P0228,Timothy,Cox,Doctor 37,2023-01-04
P0248,Ruth,Watson,Doctor 30,2023-01-04
P0316,Barbara,Clark,Doctor 39,2023-01-04
P0395,Justin,Ramirez,Doctor 1,2023-01-04
P0074,Richard,Nguyen,Doctor 31,2023-01-05
P0152,Charles,Castillo,Doctor 37,2023-01-05
P0175,Barbara,King,Doctor 29,2023-01-05
P0225,Joseph,Lewis,Doctor 7,2023-01-05
P0232,Rebecca,Thomas,Doctor 18,2023-01-05
P0235,Michelle,Watson,Doctor 16,2023-01-05
P0404,Joseph,Gomez,Doctor 4,2023-01-05
P0449,Larry,Kelly,Doctor 46,2023-01-05
P0483,Sarah,Torres,Doctor 10,2023-01-05
P0494,Benjamin,Baker,Doctor 22,2023-01-05
P0018,Ruth,Robinson,Doctor 45,2023-01-06
P0044,Michael,Morales,Doctor 46,2023-01-06
P0062,Samuel,Ruiz,Doctor 14,2023-01-06
P0099,Kevin,Rogers,Doctor 29,2023-01-06
P0172,Susan,Gomez,Doctor 13,2023-01-06
P0214,Rebecca,Ortiz,Doctor 40,2023-01-06
P0271,Carol,Miller,Doctor 15,2023-01-06
P0305,Joshua,Smith,Doctor 26,2023-01-06
P0313,Brandon,King,Doctor 24,2023-01-06
P0377,Sharon,Cooper,Doctor 29,2023-01-06
P0406,Robert,Campbell,Doctor 8,2023-01-06
P0407,Sarah,Hall,Doctor 36,2023-01-06
P0409,Samuel,Kelly,Doctor 22,2023-01-06
P0431,Frank,Thomas,Doctor 38,2023-01-06
P0458,Karen,Chavez,Doctor 46,2023-01-06
P0300,Sandra,Morris,Doctor 8,2023-01-07
P0346,Elizabeth,Thompson,Doctor 42,2023-01-07
P0400,Shirley,Ramirez,Doctor 26,2023-01-07
P0486,Frank,Sanders,Doctor 33,2023-01-07
P0051,Lisa,Young,Doctor 11,2023-01-08
P0220,Mary,Cook,Doctor 8,2023-01-08
P0286,Patricia,Phillips,Doctor 4,2023-01-08
P0353,Jonathan,Moore,Doctor 29,2023-01-08
P0415,Amy,Sanders,Doctor 24,2023-01-08
P0451,Barbara,Flores,Doctor 34,2023-01-08
P0023,Frank,Campbell,Doctor 50,2023-01-09
P0147,Christopher,Torres,Doctor 34,2023-01-09
P0170,Jacob,Sanchez,Doctor 13,2023-01-09
P0267,Justin,Evans,Doctor 7,2023-01-09
P0342,Timothy,Adams,Doctor 31,2023-01-09
P0347,Sarah,Scott,Doctor 46,2023-01-09
P0389,David,Cook,Doctor 39,2023-01-09
P0470,Jessica,Anderson,Doctor 49,2023-01-09
P0019,Jacob,Thompson,Doctor 9,2023-01-10
P0031,James,Mitchell,Doctor 48,2023-01-10
P0139,James,Hughes,Doctor 33,2023-01-10
P0292,Sharon,Myers,Doctor 26,2023-01-10
P0411,Nicholas,Robinson,Doctor 32,2023-01-10
P0412,Justin,Turner,Doctor 1,2023-01-10
P0479,Robert,Robinson,Doctor 12,2023-01-10
P0480,Amy,Brown,Doctor 27,2023-01-10
P0003,Gary,Ruiz,Doctor 37,2023-01-11
P0067,Kimberly,Gray,Doctor 41,2023-01-11
P0099,Kevin,Rogers,Doctor 29,2023-01-11
P0160,Jose,Edwards,Doctor 25,2023-01-11
P0299,Deborah,Martinez,Doctor 5,2023-01-11
P0333,Kevin,Roberts,Doctor 2,2023-01-11
P0354,Laura,Wright,Doctor 13,2023-01-11
P0416,Ruth,Lewis,Doctor 1,2023-01-11
P0488,Stephen,Wood,Doctor 15,2023-01-11
P0488,Stephen,Wood,Doctor 15,2023-01-11
P0032,Mark,Parker,Doctor 13,2023-01-12
P0122,Alexander,King,Doctor 30,2023-01-12
P0137,Anna,Morris,Doctor 34,2023-01-12
P0201,Shirley,Murphy,Doctor 17,2023-01-12
P0262,Virginia,Murphy,Doctor 38,2023-01-12
P0338,Ruth,Brooks,Doctor 15,2023-01-12
P0385,Donna,Parker,Doctor 37,2023-01-12
P0408,Mary,Cruz,Doctor 37,2023-01-12
P0433,Jacob,Gray,Doctor 33,2023-01-12
P0485,Sharon,Johnson,Doctor 40,2023-01-12
P0078,Donald,Young,Doctor 36,2023-01-13
P0094,Michael,Evans,Doctor 37,2023-01-13
P0173,Gary,Ramos,Doctor 19,2023-01-13
P0217,Melissa,Thomas,Doctor 20,2023-01-13
P0237,Kimberly,Garcia,Doctor 23,2023-01-13
P0239,Stephen,Morgan,Doctor 4,2023-01-13
P0499,Sarah,Wood,Doctor 35,2023-01-13
P0059,Anna,Nelson,Doctor 22,2023-01-14
P0084,Brandon,Watson,Doctor 2,2023-01-14
P0389,David,Cook,Doctor 39,2023-01-14
P0393,Helen,Thompson,Doctor 30,2023-01-14
P0016,Kimberly,Allen,Doctor 37,2023-01-15
P0045,Kevin,Carter,Doctor 6,2023-01-15
P0070,Shirley,Gomez,Doctor 37,2023-01-15
P0123,James,Turner,Doctor 44,2023-01-15
P0138,Betty,Kelly,Doctor 31,2023-01-15
P0184,Kathleen,Cruz,Doctor 39,2023-01-15
P0277,Nancy,Garcia,Doctor 33,2023-01-15
P0336,Jennifer,Gomez,Doctor 31,2023-01-15
P0015,Mark,Mendoza,Doctor 24,2023-01-16
P0195,Lisa,Parker,Doctor 31,2023-01-16
P0206,Sharon,Davis,Doctor 49,2023-01-16
P0252,Robert,Wright,Doctor 10,2023-01-16
P0301,George,Turner,Doctor 15,2023-01-16
P0382,Sarah,Edwards,Doctor 40,2023-01-16
P0391,Gregory,White,Doctor 4,2023-01-16
P0487,Dorothy,Evans,Doctor 21,2023-01-16
P0003,Gary,Ruiz,Doctor 37,2023-01-17
P0005,Joseph,Myers,Doctor 11,2023-01-17
P0151,Nancy,Hughes,Doctor 15,2023-01-17
P0157,Kathleen,Scott,Doctor 11,2023-01-17
P0299,Deborah,Martinez,Doctor 5,2023-01-17
P0430,Nancy,Robinson,Doctor 17,2023-01-17
P0441,Michael,Hughes,Doctor 24,2023-01-17
P0449,Larry,Kelly,Doctor 46,2023-01-17
P0024,Stephen,Roberts,Doctor 31,2023-01-18
P0074,Richard,Nguyen,Doctor 31,2023-01-18
P0103,Larry,Wood,Doctor 33,2023-01-18
P0214,Rebecca,Ortiz,Doctor 40,2023-01-18
P0251,Donald,Green,Doctor 42,2023-01-18
P0326,Helen,Lewis,Doctor 2,2023-01-18
P0353,Jonathan,Moore,Doctor 29,2023-01-18
P0354,Laura,Wright,Doctor 13,2023-01-18
P0394,Shirley,Rodriguez,Doctor 44,2023-01-18
P0444,Lisa,Bennett,Doctor 7,2023-01-18
P0165,Angela,Sanders,Doctor 8,2023-01-19
P0229,Angela,Cruz,Doctor 25,2023-01-19
P0138,Betty,Kelly,Doctor 31,2023-01-20
P0243,Anthony,Edwards,Doctor 37,2023-01-20
P0319,Jacob,Ramos,Doctor 32,2023-01-20
P0005,Joseph,Myers,Doctor 11,2023-01-21
P0258,Stephen,Cooper,Doctor 35,2023-01-21
P0314,Deborah,Collins,Doctor 32,2023-01-21
P0334,Alexander,Taylor,Doctor 32,2023-01-21
P0435,Kathleen,Wright,Doctor 26,2023-01-21
P0447,Patricia,Ruiz,Doctor 2,2023-01-21
P0050,Ryan,Reed,Doctor 34,2023-01-22
P0088,Ruth,Bennett,Doctor 23,2023-01-22
P0220,Mary,Cook,Doctor 8,2023-01-22
P0223,Gregory,Walker,Doctor 15,2023-01-22
P0234,Donald,Hall,Doctor 44,2023-01-22
P0267,Justin,Evans,Doctor 7,2023-01-22
P0306,Scott,Davis,Doctor 1,2023-01-22
P0314,Deborah,Collins,Doctor 32,2023-01-22
P0331,Virginia,King,Doctor 42,2023-01-22
P0349,Kimberly,Adams,Doctor 37,2023-01-22
P0350,Robert,Hughes,Doctor 31,2023-01-22
P0358,Jennifer,Bennett,Doctor 34,2023-01-22
P0368,Brenda,Clark,Doctor 6,2023-01-22
P0441,Michael,Hughes,Doctor 24,2023-01-22
P0036,Lisa,Wright,Doctor 9,2023-01-23
P0314,Deborah,Collins,Doctor 32,2023-01-23
P0341,Nicholas,Bailey,Doctor 35,2023-01-23
P0443,Joshua,Roberts,Doctor 40,2023-01-23
P0137,Anna,Morris,Doctor 34,2023-01-24
P0213,Joseph,Ruiz,Doctor 8,2023-01-24
P0238,Donna,Scott,Doctor 6,2023-01-24
P0239,Stephen,Morgan,Doctor 4,2023-01-24
P0249,Frank,Cooper,Doctor 23,2023-01-24
P0379,Lisa,Mendoza,Doctor 27,2023-01-24
P0074,Richard,Nguyen,Doctor 31,2023-01-25
P0163,George,Perez,Doctor 50,2023-01-25
P0171,Linda,Wright,Doctor 48,2023-01-25
P0199,Lisa,Thomas,Doctor 33,2023-01-25
P0291,Karen,Bailey,Doctor 26,2023-01-25
P0368,Brenda,Clark,Doctor 6,2023-01-25
P0384,Charles,Turner,Doctor 34,2023-01-25
P0408,Mary,Cruz,Doctor 37,2023-01-25
P0492,Linda,Murphy,Doctor 50,2023-01-25
P0085,Donna,Reed,Doctor 50,2023-01-26
P0089,Samuel,Mendoza,Doctor 42,2023-01-26
P0184,Kathleen,Cruz,Doctor 39,2023-01-26
P0252,Robert,Wright,Doctor 10,2023-01-26
P0299,Deborah,Martinez,Doctor 5,2023-01-26
P0007,Kenneth,Ruiz,Doctor 22,2023-01-27
P0022,Christopher,Rogers,Doctor 32,2023-01-27
P0024,Stephen,Roberts,Doctor 31,2023-01-27
P0075,Anthony,Campbell,Doctor 38,2023-01-27
P0113,Nicholas,Lee,Doctor 12,2023-01-27
P0175,Barbara,King,Doctor 29,2023-01-27
P0176,Nancy,Thomas,Doctor 9,2023-01-27
P0212,Mary,Murphy,Doctor 50,2023-01-27
P0278,David,Campbell,Doctor 30,2023-01-27
P0314,Deborah,Collins,Doctor 32,2023-01-27
P0329,Kimberly,Anderson,Doctor 32,2023-01-27
P0392,Andrew,Reyes,Doctor 34,2023-01-27
P0424,Jennifer,Rodriguez,Doctor 21,2023-01-27
P0430,Nancy,Robinson,Doctor 17,2023-01-27
P0438,Anna,Scott,Doctor 2,2023-01-27
P0059,Anna,Nelson,Doctor 22,2023-01-28
P0226,Steven,Rivera,Doctor 22,2023-01-28
P0274,Larry,Howard,Doctor 9,2023-01-28
P0300,Sandra,Morris,Doctor 8,2023-01-28
P0311,Kenneth,Miller,Doctor 36,2023-01-28
P0344,Jessica,Lee,Doctor 38,2023-01-28
P0471,Gregory,Sanchez,Doctor 10,2023-01-28
P0006,Lisa,Chavez,Doctor 48,2023-01-29
P0077,Brian,White,Doctor 27,2023-01-29
P0102,Gregory,Price,Doctor 36,2023-01-29
P0215,Jerry,Lewis,Doctor 23,2023-01-29
P0258,Stephen,Cooper,Doctor 35,2023-01-29
P0325,Tyler,Diaz,Doctor 10,2023-01-29
P0335,Timothy,Wright,Doctor 24,2023-01-29
P0350,Robert,Hughes,Doctor 31,2023-01-29
P0400,Shirley,Ramirez,Doctor 26,2023-01-29
P0418,Barbara,Richardson,Doctor 26,2023-01-29
P0432,Nancy,Chavez,Doctor 26,2023-01-29
P0010,Richard,Collins,Doctor 32,2023-01-30
P0144,Kimberly,Hill,Doctor 32,2023-01-30
P0190,Anna,Hughes,Doctor 26,2023-01-30
P0224,Sandra,Sanchez,Doctor 23,2023-01-30
P0482,Edward,Patel,Doctor 39,2023-01-30
P0111,Kimberly,Ward,Doctor 24,2023-01-31
P0191,Carol,Richardson,Doctor 39,2023-01-31
P0227,George,Allen,Doctor 6,2023-01-31
P0234,Donald,Hall,Doctor 44,2023-01-31
P0274,Larry,Howard,Doctor 9,2023-01-31
P0139,James,Hughes,Doctor 33,2023-02-01
P0218,Tyler,Kim,Doctor 47,2023-02-01
P0272,Thomas,Lopez,Doctor 31,2023-02-01
P0327,Sandra,Bennett,Doctor 30,2023-02-01
P0425,Justin,Perez,Doctor 4,2023-02-01
P0210,James,Robinson,Doctor 4,2023-02-02
P0318,Daniel,Rogers,Doctor 18,2023-02-02
P0203,Dennis,Wilson,Doctor 5,2023-02-03
P0251,Donald,Green,Doctor 42,2023-02-03
P0283,Samuel,Green,Doctor 49,2023-02-03
P0398,Andrew,Lewis,Doctor 38,2023-02-03
P0412,Justin,Turner,Doctor 1,2023-02-03
P0478,Elizabeth,Gomez,Doctor 50,2023-02-03
P0086,Shirley,Thomas,Doctor 25,2023-02-04
P0146,Samuel,Torres,Doctor 35,2023-02-04
P0156,George,Richardson,Doctor 42,2023-02-04
P0181,Joseph,Anderson,Doctor 39,2023-02-04
P0197,Tyler,Hall,Doctor 10,2023-02-04
P0211,Edward,Lee,Doctor 5,2023-02-04
P0236,Donald,Anderson,Doctor 40,2023-02-04
P0298,Michelle,Jackson,Doctor 49,2023-02-04
P0416,Ruth,Lewis,Doctor 1,2023-02-04
P0453,Scott,Rivera,Doctor 2,2023-02-04
P0461,Tyler,Cook,Doctor 3,2023-02-04
P0484,Ruth,Walker,Doctor 44,2023-02-04
P0497,Dennis,King,Doctor 12,2023-02-04
P0032,Mark,Parker,Doctor 13,2023-02-05
P0073,Barbara,Wilson,Doctor 39,2023-02-05
P0134,Jason,Morris,Doctor 6,2023-02-05
P0179,Larry,Williams,Doctor 33,2023-02-05
P0214,Rebecca,Ortiz,Doctor 40,2023-02-05
P0264,Dorothy,Bennett,Doctor 4,2023-02-05
P0302,Steven,Murphy,Doctor 42,2023-02-05
P0077,Brian,White,Doctor 27,2023-02-06
P0113,Nicholas,Lee,Doctor 12,2023-02-06
P0116,Scott,Brown,Doctor 37,2023-02-06
P0145,Matthew,Diaz,Doctor 17,2023-02-06
P0201,Shirley,Murphy,Doctor 17,2023-02-06
P0226,Steven,Rivera,Doctor 22,2023-02-06
P0027,Ruth,Bailey,Doctor 46,2023-02-07
P0083,Jennifer,James,Doctor 42,2023-02-07
P0147,Christopher,Torres,Doctor 34,2023-02-07
P0184,Kathleen,Cruz,Doctor 39,2023-02-07
P0258,Stephen,Cooper,Doctor 35,2023-02-07
P0309,Jeffrey,Jones,Doctor 8,2023-02-07
P0413,Justin,Chavez,Doctor 26,2023-02-07
P0418,Barbara,Richardson,Doctor 26,2023-02-07
P0039,Virginia,Jackson,Doctor 15,2023-02-08
P0049,Virginia,Howard,Doctor 6,2023-02-08
P0057,Virginia,Castillo,Doctor 17,2023-02-08
P0068,David,Edwards,Doctor 36,2023-02-08
P0221,Sarah,Anderson,Doctor 4,2023-02-08
P0322,James,Nguyen,Doctor 44,2023-02-08
P0332,William,Ward,Doctor 27,2023-02-08
P0394,Shirley,Rodriguez,Doctor 44,2023-02-08
P0484,Ruth,Walker,Doctor 44,2023-02-08
P0493,Mary,Stewart,Doctor 30,2023-02-08
P0120,Kathleen,Ramos,Doctor 44,2023-02-09
P0141,Richard,Stewart,Doctor 34,2023-02-09
P0219,John,Lewis,Doctor 34,2023-02-09
P0301,George,Turner,Doctor 15,2023-02-09
P0319,Jacob,Ramos,Doctor 32,2023-02-09
P0351,Aaron,Collins,Doctor 46,2023-02-09
P0417,Angela,Cox,Doctor 41,2023-02-09
P0453,Scott,Rivera,Doctor 2,2023-02-09
P0005,Joseph,Myers,Doctor 11,2023-02-10
P0071,Eric,Patel,Doctor 19,2023-02-10
P0289,Ryan,Ruiz,Doctor 35,2023-02-10
P0346,Elizabeth,Thompson,Doctor 42,2023-02-10
P0422,Edward,Rivera,Doctor 27,2023-02-10
P0447,Patricia,Ruiz,Doctor 2,2023-02-10
P0022,Christopher,Rogers,Doctor 32,2023-02-11
P0102,Gregory,Price,Doctor 36,2023-02-11
P0117,Helen,Evans,Doctor 9,2023-02-11
P0282,Jessica,Sanchez,Doctor 33,2023-02-11
P0297,Scott,Carter,Doctor 25,2023-02-11
P0392,Andrew,Reyes,Doctor 34,2023-02-11
P0478,Elizabeth,Gomez,Doctor 50,2023-02-11
P0080,Deborah,Hill,Doctor 38,2023-02-12
P0151,Nancy,Hughes,Doctor 15,2023-02-12
P0195,Lisa,Parker,Doctor 31,2023-02-12
P0217,Melissa,Thomas,Doctor 20,2023-02-12
P0227,George,Allen,Doctor 6,2023-02-12
P0240,Frank,James,Doctor 18,2023-02-12
P0307,Elizabeth,Jones,Doctor 34,2023-02-12
P0321,Dorothy,Gonzalez,Doctor 23,2023-02-12
P0380,Samuel,Alvarez,Doctor 36,2023-02-12
P0434,Kenneth,Price,Doctor 23,2023-02-12
P0119,Kimberly,Cox,Doctor 15,2023-02-13
P0156,George,Richardson,Doctor 42,2023-02-13
P0236,Donald,Anderson,Doctor 40,2023-02-13
P0248,Ruth,Watson,Doctor 30,2023-02-13
P0319,Jacob,Ramos,Doctor 32,2023-02-13
P0389,David,Cook,Doctor 39,2023-02-13
P0397,Brandon,Hill,Doctor 34,2023-02-13
P0410,Anna,Anderson,Doctor 7,2023-02-13
P0110,Karen,Nguyen,Doctor 1,2023-02-14
P0155,Justin,Thomas,Doctor 31,2023-02-14
P0184,Kathleen,Cruz,Doctor 39,2023-02-14
P0250,Sandra,Kelly,Doctor 34,2023-02-14
P0319,Jacob,Ramos,Doctor 32,2023-02-14
P0396,Patrick,Lopez,Doctor 22,2023-02-14
P0029,Michelle,White,Doctor 35,2023-02-15
P0190,Anna,Hughes,Doctor 26,2023-02-15
P0315,Brandon,Davis,Doctor 38,2023-02-15
P0403,Donald,Cooper,Doctor 11,2023-02-15
P0091,Charles,Howard,Doctor 34,2023-02-16
P0100,Patricia,Chavez,Doctor 26,2023-02-16
P0103,Larry,Wood,Doctor 33,2023-02-16
P0111,Kimberly,Ward,Doctor 24,2023-02-16
P0142,Carol,Stewart,Doctor 21,2023-02-16
P0299,Deborah,Martinez,Doctor 5,2023-02-16
P0048,Andrew,Brown,Doctor 14,2023-02-17
P0150,Daniel,Smith,Doctor 16,2023-02-17
P0165,Angela,Sanders,Doctor 8,2023-02-17
P0242,John,Green,Doctor 18,2023-02-17
P0270,Sandra,Baker,Doctor 20,2023-02-17
P0310,Mary,Rodriguez,Doctor 1,2023-02-17
P0031,James,Mitchell,Doctor 48,2023-02-18
P0034,Mary,Castillo,Doctor 19,2023-02-18
P0038,Christopher,Evans,Doctor 18,2023-02-18
P0327,Sandra,Bennett,Doctor 30,2023-02-18
P0338,Ruth,Brooks,Doctor 15,2023-02-18
P0363,Andrew,Adams,Doctor 15,2023-02-18
P0410,Anna,Anderson,Doctor 7,2023-02-18
P0087,Virginia,James,Doctor 3,2023-02-19
P0104,Donna,Carter,Doctor 30,2023-02-19
P0193,Jason,Ortiz,Doctor 50,2023-02-19
P0390,Emma,Thompson,Doctor 31,2023-02-19
P0458,Karen,Chavez,Doctor 46,2023-02-19
P0012,Anthony,Green,Doctor 19,2023-02-20
P0040,Laura,Gonzalez,Doctor 46,2023-02-20
P0293,Sarah,Jones,Doctor 28,2023-02-20
P0425,Justin,Perez,Doctor 4,2023-02-20
P0430,Nancy,Robinson,Doctor 17,2023-02-20
P0484,Ruth,Walker,Doctor 44,2023-02-20
P0145,Matthew,Diaz,Doctor 17,2023-02-21
P0182,Jessica,Mendoza,Doctor 36,2023-02-21
P0293,Sarah,Jones,Doctor 28,2023-02-21
P0344,Jessica,Lee,Doctor 38,2023-02-21
P0416,Ruth,Lewis,Doctor 1,2023-02-21
P0439,Jack,Richardson,Doctor 7,2023-02-21
P0030,Brenda,Diaz,Doctor 43,2023-02-22
P0165,Angela,Sanders,Doctor 8,2023-02-22
P0186,Laura,Anderson,Doctor 38,2023-02-22
P0268,Larry,Cooper,Doctor 34,2023-02-22
P0301,George,Turner,Doctor 15,2023-02-22
P0448,Donna,Gomez,Doctor 2,2023-02-22
P0007,Kenneth,Ruiz,Doctor 22,2023-02-23
P0058,Jessica,Evans,Doctor 17,2023-02-23
P0139,James,Hughes,Doctor 33,2023-02-23
P0184,Kathleen,Cruz,Doctor 39,2023-02-23
P0191,Carol,Richardson,Doctor 39,2023-02-23
P0207,Betty,Cruz,Doctor 36,2023-02-23
P0276,Samuel,Stewart,Doctor 49,2023-02-23
P0321,Dorothy,Gonzalez,Doctor 23,2023-02-23
P0333,Kevin,Roberts,Doctor 2,2023-02-23
P0375,Michael,Campbell,Doctor 45,2023-02-23
P0488,Stephen,Wood,Doctor 15,2023-02-23
P0032,Mark,Parker,Doctor 13,2023-02-24
P0051,Lisa,Young,Doctor 11,2023-02-24
P0135,Laura,Scott,Doctor 2,2023-02-24
P0281,Stephen,Campbell,Doctor 31,2023-02-24
P0026,George,Rodriguez,Doctor 47,2023-02-25
P0151,Nancy,Hughes,Doctor 15,2023-02-25
P0160,Jose,Edwards,Doctor 25,2023-02-25
P0241,Frank,Allen,Doctor 44,2023-02-25
P0263,Rebecca,Sanchez,Doctor 5,2023-02-25
P0441,Michael,Hughes,Doctor 24,2023-02-25
P0014,Karen,Clark,Doctor 1,2023-02-26
P0070,Shirley,Gomez,Doctor 37,2023-02-26
P0080,Deborah,Hill,Doctor 38,2023-02-26
P0082,Jennifer,Hughes,Doctor 25,2023-02-26
P0100,Patricia,Chavez,Doctor 26,2023-02-26
P0157,Kathleen,Scott,Doctor 11,2023-02-26
P0220,Mary,Cook,Doctor 8,2023-02-26
P0004,Timothy,White,Doctor 49,2023-02-27
P0098,Jessica,Allen,Doctor 40,2023-02-27
P0137,Anna,Morris,Doctor 34,2023-02-27
P0339,Timothy,Garcia,Doctor 48,2023-02-27
P0447,Patricia,Ruiz,Doctor 2,2023-02-27
P0004,Timothy,White,Doctor 49,2023-02-28
P0269,Brian,Edwards,Doctor 15,2023-02-28
P0305,Joshua,Smith,Doctor 26,2023-02-28
P0354,Laura,Wright,Doctor 13,2023-02-28
P0391,Gregory,White,Doctor 4,2023-02-28
P0096,Alexander,Evans,Doctor 38,2023-03-01
P0107,Betty,Reyes,Doctor 43,2023-03-01
P0157,Kathleen,Scott,Doctor 11,2023-03-01
P0239,Stephen,Morgan,Doctor 4,2023-03-01
P0264,Dorothy,Bennett,Doctor 4,2023-03-01
P0305,Joshua,Smith,Doctor 26,2023-03-01
P0382,Sarah,Edwards,Doctor 40,2023-03-01
P0396,Patrick,Lopez,Doctor 22,2023-03-01
P0424,Jennifer,Rodriguez,Doctor 21,2023-03-01
P0456,Dorothy,Richardson,Doctor 36,2023-03-01
P0057,Virginia,Castillo,Doctor 17,2023-03-02
P0189,Dennis,Jones,Doctor 17,2023-03-02
P0205,Elizabeth,Price,Doctor 19,2023-03-02
P0231,Deborah,Rogers,Doctor 28,2023-03-02
P0290,Christopher,Gray,Doctor 31,2023-03-02
P0394,Shirley,Rodriguez,Doctor 44,2023-03-02
P0412,Justin,Turner,Doctor 1,2023-03-02
P0459,Lisa,Smith,Doctor 50,2023-03-02
P0090,Ryan,Ramos,Doctor 13,2023-03-03
P0096,Alexander,Evans,Doctor 38,2023-03-03
P0264,Dorothy,Bennett,Doctor 4,2023-03-03
P0269,Brian,Edwards,Doctor 15,2023-03-03
P0308,Jason,Green,Doctor 45,2023-03-03
P0321,Dorothy,Gonzalez,Doctor 23,2023-03-03
P0390,Emma,Thompson,Doctor 31,2023-03-03
P0461,Tyler,Cook,Doctor 3,2023-03-03
P0489,Elizabeth,Myers,Doctor 38,2023-03-03
P0050,Ryan,Reed,Doctor 34,2023-03-04
P0078,Donald,Young,Doctor 36,2023-03-04
P0095,Sarah,Carter,Doctor 38,2023-03-04
P0181,Joseph,Anderson,Doctor 39,2023-03-04
P0214,Rebecca,Ortiz,Doctor 40,2023-03-04
P0225,Joseph,Lewis,Doctor 7,2023-03-04
P0365,Sharon,Alvarez,Doctor 28,2023-03-04
P0415,Amy,Sanders,Doctor 24,2023-03-04
P0443,Joshua,Roberts,Doctor 40,2023-03-04
P0241,Frank,Allen,Doctor 44,2023-03-05
P0407,Sarah,Hall,Doctor 36,2023-03-05
P0007,Kenneth,Ruiz,Doctor 22,2023-03-06
P0035,Andrew,Alvarez,Doctor 3,2023-03-06
P0045,Kevin,Carter,Doctor 6,2023-03-06
P0053,Christopher,Lee,Doctor 42,2023-03-06
P0090,Ryan,Ramos,Doctor 13,2023-03-06
P0205,Elizabeth,Price,Doctor 19,2023-03-06
P0213,Joseph,Ruiz,Doctor 8,2023-03-06
P0271,Carol,Miller,Doctor 15,2023-03-06
P0185,Nancy,Jones,Doctor 50,2023-03-07
P0230,Virginia,Evans,Doctor 31,2023-03-07
P0277,Nancy,Garcia,Doctor 33,2023-03-07
P0340,Nicholas,Kim,Doctor 33,2023-03-07
P0001,Robert,Bennett,Doctor 24,2023-03-08
P0025,Kevin,Martinez,Doctor 11,2023-03-08
P0205,Elizabeth,Price,Doctor 19,2023-03-08
P0281,Stephen,Campbell,Doctor 31,2023-03-08
P0361,Kenneth,Chavez,Doctor 24,2023-03-08
P0368,Brenda,Clark,Doctor 6,2023-03-08
P0440,Mary,Moore,Doctor 9,2023-03-08
P0448,Donna,Gomez,Doctor 2,2023-03-08
P0022,Christopher,Rogers,Doctor 32,2023-03-09
P0076,Donna,Reyes,Doctor 14,2023-03-09
P0315,Brandon,Davis,Doctor 38,2023-03-09
P0317,Helen,Walker,Doctor 29,2023-03-09
P0359,Mary,Diaz,Doctor 40,2023-03-09
P0376,Samuel,James,Doctor 32,2023-03-09
P0442,Betty,Castillo,Doctor 1,2023-03-09
P0477,Samuel,Edwards,Doctor 7,2023-03-09
P0159,Joshua,King,Doctor 26,2023-03-10
P0332,William,Ward,Doctor 27,2023-03-10
P0429,Ryan,Peterson,Doctor 44,2023-03-10
P0497,Dennis,King,Doctor 12,2023-03-10
P0061,Justin,Allen,Doctor 13,2023-03-11
P0360,Michael,Wood,Doctor 12,2023-03-11
P0468,Steven,Morgan,Doctor 9,2023-03-11
P0478,Elizabeth,Gomez,Doctor 50,2023-03-11
P0496,Jose,Hill,Doctor 2,2023-03-11
P0020,Elizabeth,Johnson,Doctor 38,2023-03-12
P0234,Donald,Hall,Doctor 44,2023-03-12
P0292,Sharon,Myers,Doctor 26,2023-03-12
P0329,Kimberly,Anderson,Doctor 32,2023-03-13
P0364,Edward,Garcia,Doctor 26,2023-03-13
P0024,Stephen,Roberts,Doctor 31,2023-03-14
P0033,Michelle,Kim,Doctor 27,2023-03-14
P0086,Shirley,Thomas,Doctor 25,2023-03-14
P0271,Carol,Miller,Doctor 15,2023-03-14
P0365,Sharon,Alvarez,Doctor 28,2023-03-14
P0375,Michael,Campbell,Doctor 45,2023-03-14
P0398,Andrew,Lewis,Doctor 38,2023-03-14
P0002,Donna,Ward,Doctor 42,2023-03-15
P0005,Joseph,Myers,Doctor 11,2023-03-15
P0011,Kimberly,Moore,Doctor 10,2023-03-15
P0116,Scott,Brown,Doctor 37,2023-03-15
P0122,Alexander,King,Doctor 30,2023-03-15
P0182,Jessica,Mendoza,Doctor 36,2023-03-15
P0187,James,Campbell,Doctor 33,2023-03-15
P0203,Dennis,Wilson,Doctor 5,2023-03-15
P0259,Susan,Martin,Doctor 34,2023-03-15
P0294,Donald,Walker,Doctor 48,2023-03-15
P0333,Kevin,Roberts,Doctor 2,2023-03-15
P0362,Deborah,Murphy,Doctor 31,2023-03-15
P0085,Donna,Reed,Doctor 50,2023-03-16
P0164,Mark,Jackson,Doctor 26,2023-03-16
P0296,Charles,Parker,Doctor 20,2023-03-16
P0397,Brandon,Hill,Doctor 34,2023-03-16
P0397,Brandon,Hill,Doctor 34,2023-03-16
P0032,Mark,Parker,Doctor 13,2023-03-17
P0120,Kathleen,Ramos,Doctor 44,2023-03-17
P0215,Jerry,Lewis,Doctor 23,2023-03-17
P0352,Matthew,Thomas,Doctor 20,2023-03-17
P0404,Joseph,Gomez,Doctor 4,2023-03-17
P0491,Sharon,Lopez,Doctor 44,2023-03-17
P0063,George,Chavez,Doctor 44,2023-03-18
P0207,Betty,Cruz,Doctor 36,2023-03-18
P0398,Andrew,Lewis,Doctor 38,2023-03-18
P0495,Nancy,Bailey,Doctor 6,2023-03-18
P0101,Kimberly,Gonzalez,Doctor 3,2023-03-19
P0106,Andrew,Nelson,Doctor 37,2023-03-19
P0190,Anna,Hughes,Doctor 26,2023-03-19
P0276,Samuel,Stewart,Doctor 49,2023-03-19
P0361,Kenneth,Chavez,Doctor 24,2023-03-19
P0461,Tyler,Cook,Doctor 3,2023-03-19
P0028,Kimberly,Phillips,Doctor 47,2023-03-20
P0056,Lisa,Bailey,Doctor 30,2023-03-20
P0061,Justin,Allen,Doctor 13,2023-03-20
P0127,Kevin,King,Doctor 2,2023-03-20
P0187,James,Campbell,Doctor 33,2023-03-20
P0305,Joshua,Smith,Doctor 26,2023-03-20
P0358,Jennifer,Bennett,Doctor 34,2023-03-20
P0373,Betty,Collins,Doctor 48,2023-03-20
P0428,Jessica,Martinez,Doctor 5,2023-03-20
P0435,Kathleen,Wright,Doctor 26,2023-03-20
P0274,Larry,Howard,Doctor 9,2023-03-21
P0331,Virginia,King,Doctor 42,2023-03-21
P0406,Robert,Campbell,Doctor 8,2023-03-21
P0448,Donna,Gomez,Doctor 2,2023-03-21
P0035,Andrew,Alvarez,Doctor 3,2023-03-22
P0037,Laura,Hill,Doctor 42,2023-03-22
P0038,Christopher,Evans,Doctor 18,2023-03-22
P0127,Kevin,King,Doctor 2,2023-03-22
P0143,Michelle,Morales,Doctor 50,2023-03-22
P0487,Dorothy,Evans,Doctor 21,2023-03-22
P0011,Kimberly,Moore,Doctor 10,2023-03-23
P0168,Elizabeth,Roberts,Doctor 16,2023-03-23
P0190,Anna,Hughes,Doctor 26,2023-03-23
P0232,Rebecca,Thomas,Doctor 18,2023-03-23
P0268,Larry,Cooper,Doctor 34,2023-03-23
P0285,Barbara,Kelly,Doctor 39,2023-03-23
P0293,Sarah,Jones,Doctor 28,2023-03-23
P0404,Joseph,Gomez,Doctor 4,2023-03-23
P0482,Edward,Patel,Doctor 39,2023-03-23
P0015,Mark,Mendoza,Doctor 24,2023-03-24
P0054,Joshua,Bailey,Doctor 9,2023-03-24
P0143,Michelle,Morales,Doctor 50,2023-03-24
P0157,Kathleen,Scott,Doctor 11,2023-03-24
P0228,Timothy,Cox,Doctor 37,2023-03-24
P0231,Deborah,Rogers,Doctor 28,2023-03-24
P0237,Kimberly,Garcia,Doctor 23,2023-03-24
P0244,Helen,Alvarez,Doctor 50,2023-03-24
P0419,Sharon,Wilson,Doctor 43,2023-03-24
P0425,Justin,Perez,Doctor 4,2023-03-24
P0003,Gary,Ruiz,Doctor 37,2023-03-25
P0029,Michelle,White,Doctor 35,2023-03-25
P0143,Michelle,Morales,Doctor 50,2023-03-25
P0170,Jacob,Sanchez,Doctor 13,2023-03-25
P0183,Patricia,Hill,Doctor 36,2023-03-25
P0265,Kimberly,Jones,Doctor 33,2023-03-25
P0292,Sharon,Myers,Doctor 26,2023-03-25
P0355,Benjamin,Jones,Doctor 33,2023-03-25
P0469,Stephen,Ortiz,Doctor 18,2023-03-25
P0485,Sharon,Johnson,Doctor 40,2023-03-25
P0053,Christopher,Lee,Doctor 42,2023-03-26
P0073,Barbara,Wilson,Doctor 39,2023-03-26
P0100,Patricia,Chavez,Doctor 26,2023-03-26
P0233,Sandra,Taylor,Doctor 9,2023-03-26
P0259,Susan,Martin,Doctor 34,2023-03-26
P0389,David,Cook,Doctor 39,2023-03-26
P0416,Ruth,Lewis,Doctor 1,2023-03-26
P0007,Kenneth,Ruiz,Doctor 22,2023-03-27
P0020,Elizabeth,Johnson,Doctor 38,2023-03-27
P0060,Edward,Baker,Doctor 12,2023-03-27
P0245,Mary,Ortiz,Doctor 16,2023-03-27
P0262,Virginia,Murphy,Doctor 38,2023-03-27
P0262,Virginia,Murphy,Doctor 38,2023-03-27
P0309,Jeffrey,Jones,Doctor 8,2023-03-27
P0436,Elizabeth,Morris,Doctor 32,2023-03-27
P0453,Scott,Rivera,Doctor 2,2023-03-27
P0139,James,Hughes,Doctor 33,2023-03-28
P0211,Edward,Lee,Doctor 5,2023-03-28
P0231,Deborah,Rogers,Doctor 28,2023-03-28
P0278,David,Campbell,Doctor 30,2023-03-28
P0021,Larry,King,Doctor 33,2023-03-29
P0323,Michael,Brooks,Doctor 4,2023-03-29
P0350,Robert,Hughes,Doctor 31,2023-03-29
P0457,Jack,Evans,Doctor 23,2023-03-29
P0208,Mary,Morris,Doctor 2,2023-03-30
P0228,Timothy,Cox,Doctor 37,2023-03-30
P0279,Steven,Roberts,Doctor 22,2023-03-30
P0331,Virginia,King,Doctor 42,2023-03-30
P0414,Helen,Morgan,Doctor 25,2023-03-30
P0442,Betty,Castillo,Doctor 1,2023-03-30
P0452,Betty,Roberts,Doctor 14,2023-03-30
P0048,Andrew,Brown,Doctor 14,2023-03-31
P0124,Jack,Gutierrez,Doctor 42,2023-03-31
P0125,Jason,Sanchez,Doctor 15,2023-03-31
P0239,Stephen,Morgan,Doctor 4,2023-03-31
P0320,Barbara,Ramos,Doctor 15,2023-03-31
P0419,Sharon,Wilson,Doctor 43,2023-03-31
P0451,Barbara,Flores,Doctor 34,2023-03-31
P0461,Tyler,Cook,Doctor 3,2023-03-31
P0103,Larry,Wood,Doctor 33,2023-04-01
P0188,Amy,Roberts,Doctor 38,2023-04-01
P0199,Lisa,Thomas,Doctor 33,2023-04-01
P0397,Brandon,Hill,Doctor 34,2023-04-01
P0062,Samuel,Ruiz,Doctor 14,2023-04-02
P0081,Joseph,Alvarez,Doctor 38,2023-04-02
P0120,Kathleen,Ramos,Doctor 44,2023-04-02
P0175,Barbara,King,Doctor 29,2023-04-02
P0233,Sandra,Taylor,Doctor 9,2023-04-02
P0235,Michelle,Watson,Doctor 16,2023-04-02
P0349,Kimberly,Adams,Doctor 37,2023-04-02
P0366,Deborah,Williams,Doctor 37,2023-04-02
P0425,Justin,Perez,Doctor 4,2023-04-02
P0052,Jessica,Peterson,Doctor 36,2023-04-03
P0181,Joseph,Anderson,Doctor 39,2023-04-03
P0208,Mary,Morris,Doctor 2,2023-04-03
P0349,Kimberly,Adams,Doctor 37,2023-04-03
P0457,Jack,Evans,Doctor 23,2023-04-03
P0085,Donna,Reed,Doctor 50,2023-04-04
P0136,Nicholas,Brooks,Doctor 22,2023-04-04
P0166,Samuel,Watson,Doctor 35,2023-04-04
P0179,Larry,Williams,Doctor 33,2023-04-04
P0261,Gregory,Bailey,Doctor 26,2023-04-04
P0295,Eric,Sanders,Doctor 3,2023-04-04
P0388,Karen,Garcia,Doctor 25,2023-04-04
P0435,Kathleen,Wright,Doctor 26,2023-04-04
P0484,Ruth,Walker,Doctor 44,2023-04-04
P0489,Elizabeth,Myers,Doctor 38,2023-04-04
P0033,Michelle,Kim,Doctor 27,2023-04-05
P0067,Kimberly,Gray,Doctor 41,2023-04-05
P0153,Cynthia,Rodriguez,Doctor 8,2023-04-05
P0178,Michelle,Rogers,Doctor 3,2023-04-05
P0379,Lisa,Mendoza,Doctor 27,2023-04-05
P0066,Gary,Collins,Doctor 24,2023-04-06
P0161,Donna,Castillo,Doctor 31,2023-04-06
P0182,Jessica,Mendoza,Doctor 36,2023-04-06
P0331,Virginia,King,Doctor 42,2023-04-06
P0458,Karen,Chavez,Doctor 46,2023-04-06
P0465,Jonathan,Cooper,Doctor 23,2023-04-06
P0477,Samuel,Edwards,Doctor 7,2023-04-06
P0495,Nancy,Bailey,Doctor 6,2023-04-06
P0083,Jennifer,James,Doctor 42,2023-04-07
P0151,Nancy,Hughes,Doctor 15,2023-04-07
P0154,Thomas,Nelson,Doctor 7,2023-04-07
P0162,Anthony,Young,Doctor 2,2023-04-07
P0204,Joshua,Cooper,Doctor 3,2023-04-07
P0229,Angela,Cruz,Doctor 25,2023-04-07
P0307,Elizabeth,Jones,Doctor 34,2023-04-07
P0393,Helen,Thompson,Doctor 30,2023-04-07
P0008,Jessica,Rogers,Doctor 14,2023-04-08
P0045,Kevin,Carter,Doctor 6,2023-04-08
P0052,Jessica,Peterson,Doctor 36,2023-04-08
P0105,Andrew,Diaz,Doctor 15,2023-04-08
P0119,Kimberly,Cox,Doctor 15,2023-04-08
P0183,Patricia,Hill,Doctor 36,2023-04-08
P0209,Mark,Morgan,Doctor 21,2023-04-08
P0217,Melissa,Thomas,Doctor 20,2023-04-08
P0373,Betty,Collins,Doctor 48,2023-04-08
P0041,Deborah,Carter,Doctor 45,2023-04-09
P0058,Jessica,Evans,Doctor 17,2023-04-09
P0125,Jason,Sanchez,Doctor 15,2023-04-09
P0176,Nancy,Thomas,Doctor 9,2023-04-09
P0186,Laura,Anderson,Doctor 38,2023-04-09
P0258,Stephen,Cooper,Doctor 35,2023-04-09
P0302,Steven,Murphy,Doctor 42,2023-04-09
P0356,Patricia,Cox,Doctor 13,2023-04-09
P0406,Robert,Campbell,Doctor 8,2023-04-09
P0422,Edward,Rivera,Doctor 27,2023-04-09
P0101,Kimberly,Gonzalez,Doctor 3,2023-04-10
P0257,Dennis,Mendoza,Doctor 30,2023-04-10
P0275,Ruth,Kelly,Doctor 18,2023-04-10
P0004,Timothy,White,Doctor 49,2023-04-11
P0028,Kimberly,Phillips,Doctor 47,2023-04-11
P0108,Shirley,Robinson,Doctor 2,2023-04-11
P0127,Kevin,King,Doctor 2,2023-04-11
P0256,Jessica,Kim,Doctor 34,2023-04-11
P0361,Kenneth,Chavez,Doctor 24,2023-04-11
P0401,Patricia,Wright,Doctor 40,2023-04-11
P0407,Sarah,Hall,Doctor 36,2023-04-11
P0413,Justin,Chavez,Doctor 26,2023-04-11
P0495,Nancy,Bailey,Doctor 6,2023-04-11
P0030,Brenda,Diaz,Doctor 43,2023-04-12
P0093,Timothy,Rogers,Doctor 1,2023-04-12
P0227,George,Allen,Doctor 6,2023-04-12
P0268,Larry,Cooper,Doctor 34,2023-04-12
P0303,Alexander,White,Doctor 43,2023-04-12
P0327,Sandra,Bennett,Doctor 30,2023-04-12
P0384,Charles,Turner,Doctor 34,2023-04-12
P0433,Jacob,Gray,Doctor 33,2023-04-12
P0065,Sharon,Ortiz,Doctor 1,2023-04-13
P0173,Gary,Ramos,Doctor 19,2023-04-13
P0301,George,Turner,Doctor 15,2023-04-13
P0325,Tyler,Diaz,Doctor 10,2023-04-13
P0340,Nicholas,Kim,Doctor 33,2023-04-13
P0488,Stephen,Wood,Doctor 15,2023-04-13
P0406,Robert,Campbell,Doctor 8,2023-04-14
P0449,Larry,Kelly,Doctor 46,2023-04-14
P0453,Scott,Rivera,Doctor 2,2023-04-14
P0075,Anthony,Campbell,Doctor 38,2023-04-15
P0078,Donald,Young,Doctor 36,2023-04-15
P0087,Virginia,James,Doctor 3,2023-04-15
P0108,Shirley,Robinson,Doctor 2,2023-04-15
P0374,Larry,Myers,Doctor 34,2023-04-15
P0376,Samuel,James,Doctor 32,2023-04-15
P0387,George,Robinson,Doctor 36,2023-04-15
P0388,Karen,Garcia,Doctor 25,2023-04-15
P0121,Timothy,Sanchez,Doctor 17,2023-04-16
P0149,Elizabeth,Anderson,Doctor 15,2023-04-16
P0396,Patrick,Lopez,Doctor 22,2023-04-16
P0475,Angela,Mendoza,Doctor 28,2023-04-16
P0024,Stephen,Roberts,Doctor 31,2023-04-17
P0172,Susan,Gomez,Doctor 13,2023-04-17
P0260,Helen,James,Doctor 40,2023-04-17
P0288,Deborah,Perez,Doctor 41,2023-04-17
P0313,Brandon,King,Doctor 24,2023-04-17
P0431,Frank,Thomas,Doctor 38,2023-04-17
P0436,Elizabeth,Morris,Doctor 32,2023-04-17
P0437,Emma,Ortiz,Doctor 19,2023-04-17
P0476,Laura,Johnson,Doctor 48,2023-04-17
P0484,Ruth,Walker,Doctor 44,2023-04-17
P0001,Robert,Bennett,Doctor 24,2023-04-18
P0044,Michael,Morales,Doctor 46,2023-04-18
P0118,George,Watson,Doctor 29,2023-04-18
P0251,Donald,Green,Doctor 42,2023-04-18
P0315,Brandon,Davis,Doctor 38,2023-04-18
P0337,Larry,Phillips,Doctor 29,2023-04-18
P0400,Shirley,Ramirez,Doctor 26,2023-04-18
P0424,Jennifer,Rodriguez,Doctor 21,2023-04-18
P0018,Ruth,Robinson,Doctor 45,2023-04-19
P0061,Justin,Allen,Doctor 13,2023-04-19
P0122,Alexander,King,Doctor 30,2023-04-19
P0135,Laura,Scott,Doctor 2,2023-04-19
P0216,Melissa,Hernandez,Doctor 43,2023-04-19
P0252,Robert,Wright,Doctor 10,2023-04-19
P0328,John,Flores,Doctor 20,2023-04-19
P0451,Barbara,Flores,Doctor 34,2023-04-19
P0042,Betty,Thompson,Doctor 46,2023-04-20
P0095,Sarah,Carter,Doctor 38,2023-04-20
P0134,Jason,Morris,Doctor 6,2023-04-20
P0299,Deborah,Martinez,Doctor 5,2023-04-20
P0301,George,Turner,Doctor 15,2023-04-20
P0320,Barbara,Ramos,Doctor 15,2023-04-20
P0344,Jessica,Lee,Doctor 38,2023-04-20
P0356,Patricia,Cox,Doctor 13,2023-04-20
P0366,Deborah,Williams,Doctor 37,2023-04-20
P0385,Donna,Parker,Doctor 37,2023-04-20
P0428,Jessica,Martinez,Doctor 5,2023-04-20
P0428,Jessica,Martinez,Doctor 5,2023-04-20
P0084,Brandon,Watson,Doctor 2,2023-04-21
P0156,George,Richardson,Doctor 42,2023-04-21
P0167,Benjamin,Torres,Doctor 40,2023-04-21
P0226,Steven,Rivera,Doctor 22,2023-04-21
P0372,Jack,Walker,Doctor 4,2023-04-21
P0388,Karen,Garcia,Doctor 25,2023-04-21
P0039,Virginia,Jackson,Doctor 15,2023-04-22
P0058,Jessica,Evans,Doctor 17,2023-04-22
P0152,Charles,Castillo,Doctor 37,2023-04-22
P0181,Joseph,Anderson,Doctor 39,2023-04-22
P0289,Ryan,Ruiz,Doctor 35,2023-04-22
P0454,Jonathan,Edwards,Doctor 6,2023-04-22
P0022,Christopher,Rogers,Doctor 32,2023-04-23
P0117,Helen,Evans,Doctor 9,2023-04-23
P0192,Gregory,Gray,Doctor 15,2023-04-23
P0194,Justin,Roberts,Doctor 23,2023-04-23
P0259,Susan,Martin,Doctor 34,2023-04-23
P0327,Sandra,Bennett,Doctor 30,2023-04-23
P0433,Jacob,Gray,Doctor 33,2023-04-23
P0479,Robert,Robinson,Doctor 12,2023-04-23
P0018,Ruth,Robinson,Doctor 45,2023-04-24
P0055,James,Murphy,Doctor 18,2023-04-24
P0089,Samuel,Mendoza,Doctor 42,2023-04-24
P0145,Matthew,Diaz,Doctor 17,2023-04-24
P0212,Mary,Murphy,Doctor 50,2023-04-24
P0325,Tyler,Diaz,Doctor 10,2023-04-24
P0436,Elizabeth,Morris,Doctor 32,2023-04-24
P0060,Edward,Baker,Doctor 12,2023-04-25
P0133,Jennifer,Taylor,Doctor 29,2023-04-25
P0192,Gregory,Gray,Doctor 15,2023-04-25
P0227,George,Allen,Doctor 6,2023-04-25
P0352,Matthew,Thomas,Doctor 20,2023-04-25
P0416,Ruth,Lewis,Doctor 1,2023-04-25
P0434,Kenneth,Price,Doctor 23,2023-04-25
P0073,Barbara,Wilson,Doctor 39,2023-04-26
P0126,Anthony,Baker,Doctor 19,2023-04-26
P0230,Virginia,Evans,Doctor 31,2023-04-26
P0433,Jacob,Gray,Doctor 33,2023-04-26
P0084,Brandon,Watson,Doctor 2,2023-04-27
P0158,Jerry,Brooks,Doctor 18,2023-04-27
P0207,Betty,Cruz,Doctor 36,2023-04-27
P0287,Rebecca,Lee,Doctor 13,2023-04-27
P0317,Helen,Walker,Doctor 29,2023-04-27
P0321,Dorothy,Gonzalez,Doctor 23,2023-04-27
P0329,Kimberly,Anderson,Doctor 32,2023-04-27
P0389,David,Cook,Doctor 39,2023-04-27
P0421,Jessica,Richardson,Doctor 2,2023-04-27
P0027,Ruth,Bailey,Doctor 46,2023-04-28
P0167,Benjamin,Torres,Doctor 40,2023-04-28
P0215,Jerry,Lewis,Doctor 23,2023-04-28
P0308,Jason,Green,Doctor 45,2023-04-28
P0354,Laura,Wright,Doctor 13,2023-04-28
P0481,Richard,Martinez,Doctor 22,2023-04-28
P0013,Helen,Sanders,Doctor 33,2023-04-29
P0175,Barbara,King,Doctor 29,2023-04-29
P0209,Mark,Morgan,Doctor 21,2023-04-29
P0214,Rebecca,Ortiz,Doctor 40,2023-04-29
P0228,Timothy,Cox,Doctor 37,2023-04-29
P0255,Donna,Johnson,Doctor 49,2023-04-29
P0071,Eric,Patel,Doctor 19,2023-04-30
P0326,Helen,Lewis,Doctor 2,2023-04-30
P0352,Matthew,Thomas,Doctor 20,2023-04-30
P0454,Jonathan,Edwards,Doctor 6,2023-04-30
P0014,Karen,Clark,Doctor 1,2023-05-01
P0212,Mary,Murphy,Doctor 50,2023-05-01
P0310,Mary,Rodriguez,Doctor 1,2023-05-01
P0317,Helen,Walker,Doctor 29,2023-05-01
P0318,Daniel,Rogers,Doctor 18,2023-05-01
P0329,Kimberly,Anderson,Doctor 32,2023-05-01
P0333,Kevin,Roberts,Doctor 2,2023-05-01
P0423,Daniel,Perez,Doctor 19,2023-05-01
P0094,Michael,Evans,Doctor 37,2023-05-02
P0145,Matthew,Diaz,Doctor 17,2023-05-02
P0249,Frank,Cooper,Doctor 23,2023-05-02
P0279,Steven,Roberts,Doctor 22,2023-05-02
P0411,Nicholas,Robinson,Doctor 32,2023-05-02
P0423,Daniel,Perez,Doctor 19,2023-05-02
P0164,Mark,Jackson,Doctor 26,2023-05-03
P0178,Michelle,Rogers,Doctor 3,2023-05-03
P0178,Michelle,Rogers,Doctor 3,2023-05-03
P0180,Donna,Roberts,Doctor 23,2023-05-03
P0277,Nancy,Garcia,Doctor 33,2023-05-03
P0459,Lisa,Smith,Doctor 50,2023-05-03
P0465,Jonathan,Cooper,Doctor 23,2023-05-03
P0482,Edward,Patel,Doctor 39,2023-05-03
P0071,Eric,Patel,Doctor 19,2023-05-04
P0088,Ruth,Bennett,Doctor 23,2023-05-04
P0252,Robert,Wright,Doctor 10,2023-05-04
P0275,Ruth,Kelly,Doctor 18,2023-05-04
P0368,Brenda,Clark,Doctor 6,2023-05-04
P0381,Rebecca,Phillips,Doctor 19,2023-05-04
P0424,Jennifer,Rodriguez,Doctor 21,2023-05-04
P0462,Alexander,Lewis,Doctor 28,2023-05-04
P0019,Jacob,Thompson,Doctor 9,2023-05-05
P0069,Justin,Jackson,Doctor 7,2023-05-05
P0081,Joseph,Alvarez,Doctor 38,2023-05-05
P0084,Brandon,Watson,Doctor 2,2023-05-05
P0260,Helen,James,Doctor 40,2023-05-05
P0352,Matthew,Thomas,Doctor 20,2023-05-05
P0376,Samuel,James,Doctor 32,2023-05-05
P0497,Dennis,King,Doctor 12,2023-05-05
P0014,Karen,Clark,Doctor 1,2023-05-06
P0036,Lisa,Wright,Doctor 9,2023-05-06
P0126,Anthony,Baker,Doctor 19,2023-05-06
P0206,Sharon,Davis,Doctor 49,2023-05-06
P0227,George,Allen,Doctor 6,2023-05-06
P0244,Helen,Alvarez,Doctor 50,2023-05-06
P0301,George,Turner,Doctor 15,2023-05-06
P0338,Ruth,Brooks,Doctor 15,2023-05-06
P0365,Sharon,Alvarez,Doctor 28,2023-05-06
P0380,Samuel,Alvarez,Doctor 36,2023-05-06
P0412,Justin,Turner,Doctor 1,2023-05-06
P0451,Barbara,Flores,Doctor 34,2023-05-06
P0023,Frank,Campbell,Doctor 50,2023-05-07
P0072,Sandra,Ward,Doctor 27,2023-05-07
P0106,Andrew,Nelson,Doctor 37,2023-05-07
P0121,Timothy,Sanchez,Doctor 17,2023-05-07
P0307,Elizabeth,Jones,Doctor 34,2023-05-07
P0373,Betty,Collins,Doctor 48,2023-05-07
P0482,Edward,Patel,Doctor 39,2023-05-07
P0055,James,Murphy,Doctor 18,2023-05-08
P0072,Sandra,Ward,Doctor 27,2023-05-08
P0089,Samuel,Mendoza,Doctor 42,2023-05-08
P0140,Cynthia,Cooper,Doctor 45,2023-05-08
P0154,Thomas,Nelson,Doctor 7,2023-05-08
P0184,Kathleen,Cruz,Doctor 39,2023-05-08
P0185,Nancy,Jones,Doctor 50,2023-05-08
P0209,Mark,Morgan,Doctor 21,2023-05-08
P0355,Benjamin,Jones,Doctor 33,2023-05-08
P0431,Frank,Thomas,Doctor 38,2023-05-08
P0492,Linda,Murphy,Doctor 50,2023-05-08
P0128,Ryan,Morris,Doctor 22,2023-05-09
P0141,Richard,Stewart,Doctor 34,2023-05-09
P0251,Donald,Green,Doctor 42,2023-05-09
P0281,Stephen,Campbell,Doctor 31,2023-05-09
P0326,Helen,Lewis,Doctor 2,2023-05-09
P0397,Brandon,Hill,Doctor 34,2023-05-09
P0417,Angela,Cox,Doctor 41,2023-05-09
P0446,George,Gomez,Doctor 8,2023-05-09
P0054,Joshua,Bailey,Doctor 9,2023-05-10
P0096,Alexander,Evans,Doctor 38,2023-05-10
P0195,Lisa,Parker,Doctor 31,2023-05-10
P0221,Sarah,Anderson,Doctor 4,2023-05-10
P0399,Mark,Gomez,Doctor 12,2023-05-10
P0492,Linda,Murphy,Doctor 50,2023-05-10
P0112,Lisa,Sanchez,Doctor 7,2023-05-11
P0135,Laura,Scott,Doctor 2,2023-05-11
P0266,Andrew,Evans,Doctor 49,2023-05-11
P0294,Donald,Walker,Doctor 48,2023-05-11
P0337,Larry,Phillips,Doctor 29,2023-05-11
P0463,Joseph,Cooper,Doctor 28,2023-05-11
P0021,Larry,King,Doctor 33,2023-05-12
P0077,Brian,White,Doctor 27,2023-05-12
P0200,Carol,Harris,Doctor 31,2023-05-12
P0206,Sharon,Davis,Doctor 49,2023-05-12
P0272,Thomas,Lopez,Doctor 31,2023-05-12
P0373,Betty,Collins,Doctor 48,2023-05-12
P0375,Michael,Campbell,Doctor 45,2023-05-12
P0023,Frank,Campbell,Doctor 50,2023-05-13
P0198,Thomas,Ruiz,Doctor 37,2023-05-13
P0271,Carol,Miller,Doctor 15,2023-05-13
P0330,Jessica,Brooks,Doctor 42,2023-05-13
P0339,Timothy,Garcia,Doctor 48,2023-05-13
P0015,Mark,Mendoza,Doctor 24,2023-05-14
P0125,Jason,Sanchez,Doctor 15,2023-05-14
P0127,Kevin,King,Doctor 2,2023-05-14
P0172,Susan,Gomez,Doctor 13,2023-05-14
P0406,Robert,Campbell,Doctor 8,2023-05-14
P0494,Benjamin,Baker,Doctor 22,2023-05-14
P0025,Kevin,Martinez,Doctor 11,2023-05-15
P0243,Anthony,Edwards,Doctor 37,2023-05-15
P0257,Dennis,Mendoza,Doctor 30,2023-05-15
P0325,Tyler,Diaz,Doctor 10,2023-05-15
P0416,Ruth,Lewis,Doctor 1,2023-05-15
P0041,Deborah,Carter,Doctor 45,2023-05-16
P0111,Kimberly,Ward,Doctor 24,2023-05-16
P0115,Virginia,Harris,Doctor 5,2023-05-16
P0136,Nicholas,Brooks,Doctor 22,2023-05-16
P0140,Cynthia,Cooper,Doctor 45,2023-05-16
P0386,Sharon,Adams,Doctor 45,2023-05-16
P0394,Shirley,Rodriguez,Doctor 44,2023-05-16
P0421,Jessica,Richardson,Doctor 2,2023-05-16
P0436,Elizabeth,Morris,Doctor 32,2023-05-16
P0445,Jack,White,Doctor 40,2023-05-16
P0035,Andrew,Alvarez,Doctor 3,2023-05-17
P0054,Joshua,Bailey,Doctor 9,2023-05-17
P0146,Samuel,Torres,Doctor 35,2023-05-17
P0246,Karen,Wright,Doctor 38,2023-05-17
P0276,Samuel,Stewart,Doctor 49,2023-05-17
P0325,Tyler,Diaz,Doctor 10,2023-05-17
P0395,Justin,Ramirez,Doctor 1,2023-05-17
P0403,Donald,Cooper,Doctor 11,2023-05-17
P0019,Jacob,Thompson,Doctor 9,2023-05-18
P0040,Laura,Gonzalez,Doctor 46,2023-05-18
P0159,Joshua,King,Doctor 26,2023-05-18
P0237,Kimberly,Garcia,Doctor 23,2023-05-18
P0261,Gregory,Bailey,Doctor 26,2023-05-18
P0318,Daniel,Rogers,Doctor 18,2023-05-18
P0325,Tyler,Diaz,Doctor 10,2023-05-18
P0367,Emma,Phillips,Doctor 28,2023-05-18
P0127,Kevin,King,Doctor 2,2023-05-19
P0216,Melissa,Hernandez,Doctor 43,2023-05-19
P0398,Andrew,Lewis,Doctor 38,2023-05-19
P0018,Ruth,Robinson,Doctor 45,2023-05-20
P0039,Virginia,Jackson,Doctor 15,2023-05-20
P0045,Kevin,Carter,Doctor 6,2023-05-20
P0062,Samuel,Ruiz,Doctor 14,2023-05-20
P0190,Anna,Hughes,Doctor 26,2023-05-20
P0330,Jessica,Brooks,Doctor 42,2023-05-20
P0485,Sharon,Johnson,Doctor 40,2023-05-20
P0013,Helen,Sanders,Doctor 33,2023-05-21
P0017,Raymond,Ruiz,Doctor 41,2023-05-21
P0122,Alexander,King,Doctor 30,2023-05-21
P0133,Jennifer,Taylor,Doctor 29,2023-05-21
P0136,Nicholas,Brooks,Doctor 22,2023-05-21
P0192,Gregory,Gray,Doctor 15,2023-05-21
P0463,Joseph,Cooper,Doctor 28,2023-05-21
P0475,Angela,Mendoza,Doctor 28,2023-05-21
P0019,Jacob,Thompson,Doctor 9,2023-05-22
P0177,Kenneth,Nguyen,Doctor 27,2023-05-22
P0211,Edward,Lee,Doctor 5,2023-05-22
P0448,Donna,Gomez,Doctor 2,2023-05-22
P0473,Timothy,Collins,Doctor 4,2023-05-22
P0500,Steven,Bennett,Doctor 4,2023-05-22
P0047,Brenda,Baker,Doctor 26,2023-05-23
P0258,Stephen,Cooper,Doctor 35,2023-05-23
P0452,Betty,Roberts,Doctor 14,2023-05-23
P0464,Justin,Nelson,Doctor 28,2023-05-23
P0495,Nancy,Bailey,Doctor 6,2023-05-23
P0497,Dennis,King,Doctor 12,2023-05-23
P0101,Kimberly,Gonzalez,Doctor 3,2023-05-24
P0156,George,Richardson,Doctor 42,2023-05-24
P0173,Gary,Ramos,Doctor 19,2023-05-24
P0227,George,Allen,Doctor 6,2023-05-24
P0334,Alexander,Taylor,Doctor 32,2023-05-24
P0200,Carol,Harris,Doctor 31,2023-05-25
P0483,Sarah,Torres,Doctor 10,2023-05-25
P0486,Frank,Sanders,Doctor 33,2023-05-25
P0142,Carol,Stewart,Doctor 21,2023-05-26
P0164,Mark,Jackson,Doctor 26,2023-05-26
P0285,Barbara,Kelly,Doctor 39,2023-05-26
P0286,Patricia,Phillips,Doctor 4,2023-05-26
P0311,Kenneth,Miller,Doctor 36,2023-05-26
P0347,Sarah,Scott,Doctor 46,2023-05-26
P0456,Dorothy,Richardson,Doctor 36,2023-05-26
P0478,Elizabeth,Gomez,Doctor 50,2023-05-26
P0004,Timothy,White,Doctor 49,2023-05-27
P0035,Andrew,Alvarez,Doctor 3,2023-05-27
P0038,Christopher,Evans,Doctor 18,2023-05-27
P0396,Patrick,Lopez,Doctor 22,2023-05-27
P0446,George,Gomez,Doctor 8,2023-05-27
P0498,Laura,Mendoza,Doctor 50,2023-05-27
P0096,Alexander,Evans,Doctor 38,2023-05-28
P0231,Deborah,Rogers,Doctor 28,2023-05-28
P0303,Alexander,White,Doctor 43,2023-05-28
P0369,Donald,Allen,Doctor 7,2023-05-28
P0404,Joseph,Gomez,Doctor 4,2023-05-28
P0418,Barbara,Richardson,Doctor 26,2023-05-28
P0451,Barbara,Flores,Doctor 34,2023-05-28
P0470,Jessica,Anderson,Doctor 49,2023-05-28
P0058,Jessica,Evans,Doctor 17,2023-05-29
P0281,Stephen,Campbell,Doctor 31,2023-05-29
P0316,Barbara,Clark,Doctor 39,2023-05-29
P0335,Timothy,Wright,Doctor 24,2023-05-29
P0343,Carol,Anderson,Doctor 17,2023-05-29
P0451,Barbara,Flores,Doctor 34,2023-05-29
P0020,Elizabeth,Johnson,Doctor 38,2023-05-30
P0065,Sharon,Ortiz,Doctor 1,2023-05-30
P0079,Christopher,Clark,Doctor 29,2023-05-30
P0112,Lisa,Sanchez,Doctor 7,2023-05-30
P0182,Jessica,Mendoza,Doctor 36,2023-05-30
P0356,Patricia,Cox,Doctor 13,2023-05-30
P0452,Betty,Roberts,Doctor 14,2023-05-30
P0471,Gregory,Sanchez,Doctor 10,2023-05-30
P0487,Dorothy,Evans,Doctor 21,2023-05-30
P0008,Jessica,Rogers,Doctor 14,2023-05-31
P0058,Jessica,Evans,Doctor 17,2023-05-31
P0139,James,Hughes,Doctor 33,2023-05-31
P0160,Jose,Edwards,Doctor 25,2023-05-31
P0166,Samuel,Watson,Doctor 35,2023-05-31
P0221,Sarah,Anderson,Doctor 4,2023-05-31
P0248,Ruth,Watson,Doctor 30,2023-05-31
P0434,Kenneth,Price,Doctor 23,2023-05-31
P0469,Stephen,Ortiz,Doctor 18,2023-05-31
P0480,Amy,Brown,Doctor 27,2023-05-31
P0093,Timothy,Rogers,Doctor 1,2023-06-01
P0120,Kathleen,Ramos,Doctor 44,2023-06-01
P0146,Samuel,Torres,Doctor 35,2023-06-01
P0159,Joshua,King,Doctor 26,2023-06-01
P0259,Susan,Martin,Doctor 34,2023-06-01
P0280,Donna,Moore,Doctor 19,2023-06-01
P0220,Mary,Cook,Doctor 8,2023-06-02
P0243,Anthony,Edwards,Doctor 37,2023-06-02
P0246,Karen,Wright,Doctor 38,2023-06-02
P0397,Brandon,Hill,Doctor 34,2023-06-02
P0428,Jessica,Martinez,Doctor 5,2023-06-02
P0026,George,Rodriguez,Doctor 47,2023-06-03
P0116,Scott,Brown,Doctor 37,2023-06-03
P0165,Angela,Sanders,Doctor 8,2023-06-03
P0272,Thomas,Lopez,Doctor 31,2023-06-03
P0298,Michelle,Jackson,Doctor 49,2023-06-03
P0370,Betty,Perez,Doctor 41,2023-06-03
P0445,Jack,White,Doctor 40,2023-06-03
P0086,Shirley,Thomas,Doctor 25,2023-06-04
P0120,Kathleen,Ramos,Doctor 44,2023-06-04
P0122,Alexander,King,Doctor 30,2023-06-04
P0137,Anna,Morris,Doctor 34,2023-06-04
P0158,Jerry,Brooks,Doctor 18,2023-06-04
P0161,Donna,Castillo,Doctor 31,2023-06-04
P0260,Helen,James,Doctor 40,2023-06-04
P0293,Sarah,Jones,Doctor 28,2023-06-04
P0329,Kimberly,Anderson,Doctor 32,2023-06-04
P0368,Brenda,Clark,Doctor 6,2023-06-04
P0381,Rebecca,Phillips,Doctor 19,2023-06-04
P0387,George,Robinson,Doctor 36,2023-06-04
P0411,Nicholas,Robinson,Doctor 32,2023-06-04
P0025,Kevin,Martinez,Doctor 11,2023-06-05
P0125,Jason,Sanchez,Doctor 15,2023-06-05
P0148,Daniel,Morris,Doctor 36,2023-06-05
P0272,Thomas,Lopez,Doctor 31,2023-06-05
P0287,Rebecca,Lee,Doctor 13,2023-06-05
P0322,James,Nguyen,Doctor 44,2023-06-05
P0327,Sandra,Bennett,Doctor 30,2023-06-05
P0400,Shirley,Ramirez,Doctor 26,2023-06-05
P0420,Jessica,Cook,Doctor 10,2023-06-05
P0456,Dorothy,Richardson,Doctor 36,2023-06-05
P0022,Christopher,Rogers,Doctor 32,2023-06-06
P0134,Jason,Morris,Doctor 6,2023-06-06
P0204,Joshua,Cooper,Doctor 3,2023-06-06
P0326,Helen,Lewis,Doctor 2,2023-06-06
P0347,Sarah,Scott,Doctor 46,2023-06-06
P0465,Jonathan,Cooper,Doctor 23,2023-06-06
P0493,Mary,Stewart,Doctor 30,2023-06-06
P0053,Christopher,Lee,Doctor 42,2023-06-07
P0057,Virginia,Castillo,Doctor 17,2023-06-07
P0098,Jessica,Allen,Doctor 40,2023-06-07
P0213,Joseph,Ruiz,Doctor 8,2023-06-07
P0270,Sandra,Baker,Doctor 20,2023-06-07
P0270,Sandra,Baker,Doctor 20,2023-06-07
P0349,Kimberly,Adams,Doctor 37,2023-06-07
P0494,Benjamin,Baker,Doctor 22,2023-06-07
P0037,Laura,Hill,Doctor 42,2023-06-09
P0064,William,Watson,Doctor 16,2023-06-09
P0069,Justin,Jackson,Doctor 7,2023-06-09
P0075,Anthony,Campbell,Doctor 38,2023-06-09
P0201,Shirley,Murphy,Doctor 17,2023-06-09
P0201,Shirley,Murphy,Doctor 17,2023-06-09
P0307,Elizabeth,Jones,Doctor 34,2023-06-09
P0358,Jennifer,Bennett,Doctor 34,2023-06-09
P0407,Sarah,Hall,Doctor 36,2023-06-09
P0006,Lisa,Chavez,Doctor 48,2023-06-10
P0013,Helen,Sanders,Doctor 33,2023-06-10
P0167,Benjamin,Torres,Doctor 40,2023-06-10
P0187,James,Campbell,Doctor 33,2023-06-10
P0239,Stephen,Morgan,Doctor 4,2023-06-10
P0308,Jason,Green,Doctor 45,2023-06-10
P0339,Timothy,Garcia,Doctor 48,2023-06-10
P0379,Lisa,Mendoza,Doctor 27,2023-06-10
P0467,Charles,Morgan,Doctor 44,2023-06-10
P0490,Gregory,Adams,Doctor 6,2023-06-10
P0009,Linda,Cook,Doctor 24,2023-06-11
P0068,David,Edwards,Doctor 36,2023-06-11
P0136,Nicholas,Brooks,Doctor 22,2023-06-11
P0206,Sharon,Davis,Doctor 49,2023-06-11
P0295,Eric,Sanders,Doctor 3,2023-06-11
P0322,James,Nguyen,Doctor 44,2023-06-11
P0353,Jonathan,Moore,Doctor 29,2023-06-11
P0357,Gregory,Parker,Doctor 12,2023-06-11
P0376,Samuel,James,Doctor 32,2023-06-11
P0383,Linda,Carter,Doctor 31,2023-06-11
P0064,William,Watson,Doctor 16,2023-06-12
P0131,Susan,Cox,Doctor 17,2023-06-12
P0169,Christopher,Cruz,Doctor 48,2023-06-12
P0197,Tyler,Hall,Doctor 10,2023-06-12
P0284,Donna,Cox,Doctor 11,2023-06-12
P0309,Jeffrey,Jones,Doctor 8,2023-06-12
P0336,Jennifer,Gomez,Doctor 31,2023-06-12
P0341,Nicholas,Bailey,Doctor 35,2023-06-12
P0357,Gregory,Parker,Doctor 12,2023-06-12
P0450,Patricia,Bailey,Doctor 37,2023-06-12
P0042,Betty,Thompson,Doctor 46,2023-06-13
P0097,Susan,Mitchell,Doctor 22,2023-06-13
P0214,Rebecca,Ortiz,Doctor 40,2023-06-13
P0224,Sandra,Sanchez,Doctor 23,2023-06-13
P0238,Donna,Scott,Doctor 6,2023-06-13
P0249,Frank,Cooper,Doctor 23,2023-06-13
P0265,Kimberly,Jones,Doctor 33,2023-06-13
P0290,Christopher,Gray,Doctor 31,2023-06-13
P0317,Helen,Walker,Doctor 29,2023-06-13
P0406,Robert,Campbell,Doctor 8,2023-06-13
P0492,Linda,Murphy,Doctor 50,2023-06-13
P0065,Sharon,Ortiz,Doctor 1,2023-06-14
P0131,Susan,Cox,Doctor 17,2023-06-14
P0241,Frank,Allen,Doctor 44,2023-06-14
P0263,Rebecca,Sanchez,Doctor 5,2023-06-14
P0283,Samuel,Green,Doctor 49,2023-06-14
P0340,Nicholas,Kim,Doctor 33,2023-06-14
P0376,Samuel,James,Doctor 32,2023-06-14
P0455,Raymond,Anderson,Doctor 22,2023-06-14
P0478,Elizabeth,Gomez,Doctor 50,2023-06-14
P0034,Mary,Castillo,Doctor 19,2023-06-15
P0125,Jason,Sanchez,Doctor 15,2023-06-15
P0244,Helen,Alvarez,Doctor 50,2023-06-15
P0361,Kenneth,Chavez,Doctor 24,2023-06-15
P0024,Stephen,Roberts,Doctor 31,2023-06-16
P0028,Kimberly,Phillips,Doctor 47,2023-06-16
P0414,Helen,Morgan,Doctor 25,2023-06-16
P0085,Donna,Reed,Doctor 50,2023-06-17
P0111,Kimberly,Ward,Doctor 24,2023-06-17
P0132,Helen,Taylor,Doctor 3,2023-06-17
P0211,Edward,Lee,Doctor 5,2023-06-17
P0316,Barbara,Clark,Doctor 39,2023-06-17
P0382,Sarah,Edwards,Doctor 40,2023-06-17
P0404,Joseph,Gomez,Doctor 4,2023-06-17
P0489,Elizabeth,Myers,Doctor 38,2023-06-17
P0492,Linda,Murphy,Doctor 50,2023-06-17
P0004,Timothy,White,Doctor 49,2023-06-18
P0089,Samuel,Mendoza,Doctor 42,2023-06-18
P0126,Anthony,Baker,Doctor 19,2023-06-18
P0172,Susan,Gomez,Doctor 13,2023-06-18
P0177,Kenneth,Nguyen,Doctor 27,2023-06-18
P0312,Matthew,Turner,Doctor 24,2023-06-18
P0144,Kimberly,Hill,Doctor 32,2023-06-19
P0194,Justin,Roberts,Doctor 23,2023-06-19
P0216,Melissa,Hernandez,Doctor 43,2023-06-19
P0248,Ruth,Watson,Doctor 30,2023-06-19
P0284,Donna,Cox,Doctor 11,2023-06-19
P0299,Deborah,Martinez,Doctor 5,2023-06-19
P0308,Jason,Green,Doctor 45,2023-06-19
P0328,John,Flores,Doctor 20,2023-06-19
P0338,Ruth,Brooks,Doctor 15,2023-06-19
P0357,Gregory,Parker,Doctor 12,2023-06-19
P0444,Lisa,Bennett,Doctor 7,2023-06-19
P0069,Justin,Jackson,Doctor 7,2023-06-20
P0145,Matthew,Diaz,Doctor 17,2023-06-20
P0160,Jose,Edwards,Doctor 25,2023-06-20
P0233,Sandra,Taylor,Doctor 9,2023-06-20
P0247,Jeffrey,Stewart,Doctor 49,2023-06-20
P0323,Michael,Brooks,Doctor 4,2023-06-20
P0338,Ruth,Brooks,Doctor 15,2023-06-20
P0354,Laura,Wright,Doctor 13,2023-06-20
P0384,Charles,Turner,Doctor 34,2023-06-20
P0421,Jessica,Richardson,Doctor 2,2023-06-20
P0063,George,Chavez,Doctor 44,2023-06-21
P0205,Elizabeth,Price,Doctor 19,2023-06-21
P0257,Dennis,Mendoza,Doctor 30,2023-06-21
P0344,Jessica,Lee,Doctor 38,2023-06-21
P0356,Patricia,Cox,Doctor 13,2023-06-21
P0417,Angela,Cox,Doctor 41,2023-06-21
P0429,Ryan,Peterson,Doctor 44,2023-06-21
P0430,Nancy,Robinson,Doctor 17,2023-06-21
P0462,Alexander,Lewis,Doctor 28,2023-06-21
P0001,Robert,Bennett,Doctor 24,2023-06-22
P0072,Sandra,Ward,Doctor 27,2023-06-22
P0118,George,Watson,Doctor 29,2023-06-22
P0308,Jason,Green,Doctor 45,2023-06-22
P0376,Samuel,James,Doctor 32,2023-06-22
P0073,Barbara,Wilson,Doctor 39,2023-06-23
P0183,Patricia,Hill,Doctor 36,2023-06-23
P0224,Sandra,Sanchez,Doctor 23,2023-06-23
P0316,Barbara,Clark,Doctor 39,2023-06-23
P0374,Larry,Myers,Doctor 34,2023-06-23
P0494,Benjamin,Baker,Doctor 22,2023-06-23
P0052,Jessica,Peterson,Doctor 36,2023-06-24
P0090,Ryan,Ramos,Doctor 13,2023-06-24
P0268,Larry,Cooper,Doctor 34,2023-06-24
P0284,Donna,Cox,Doctor 11,2023-06-24
P0352,Matthew,Thomas,Doctor 20,2023-06-24
P0025,Kevin,Martinez,Doctor 11,2023-06-25
P0242,John,Green,Doctor 18,2023-06-25
P0331,Virginia,King,Doctor 42,2023-06-25
P0394,Shirley,Rodriguez,Doctor 44,2023-06-25
P0421,Jessica,Richardson,Doctor 2,2023-06-25
P0422,Edward,Rivera,Doctor 27,2023-06-25
P0209,Mark,Morgan,Doctor 21,2023-06-26
P0365,Sharon,Alvarez,Doctor 28,2023-06-26
P0018,Ruth,Robinson,Doctor 45,2023-06-27
P0093,Timothy,Rogers,Doctor 1,2023-06-27
P0121,Timothy,Sanchez,Doctor 17,2023-06-27
P0129,Kathleen,Cook,Doctor 32,2023-06-27
P0434,Kenneth,Price,Doctor 23,2023-06-27
P0003,Gary,Ruiz,Doctor 37,2023-06-28
P0254,Sharon,Young,Doctor 35,2023-06-28
P0292,Sharon,Myers,Doctor 26,2023-06-28
P0306,Scott,Davis,Doctor 1,2023-06-28
P0378,Kimberly,Mendoza,Doctor 31,2023-06-28
P0460,Amy,Cox,Doctor 15,2023-06-28
P0470,Jessica,Anderson,Doctor 49,2023-06-28
P0148,Daniel,Morris,Doctor 36,2023-06-29
P0282,Jessica,Sanchez,Doctor 33,2023-06-29
P0304,Edward,Reyes,Doctor 20,2023-06-29
P0371,Deborah,Campbell,Doctor 44,2023-06-29
P0403,Donald,Cooper,Doctor 11,2023-06-29
P0427,Lisa,Ruiz,Doctor 9,2023-06-29
P0466,Sandra,Rodriguez,Doctor 33,2023-06-29
P0015,Mark,Mendoza,Doctor 24,2023-06-30
P0016,Kimberly,Allen,Doctor 37,2023-06-30
P0053,Christopher,Lee,Doctor 42,2023-06-30
P0113,Nicholas,Lee,Doctor 12,2023-06-30
P0152,Charles,Castillo,Doctor 37,2023-06-30
P0166,Samuel,Watson,Doctor 35,2023-06-30
P0199,Lisa,Thomas,Doctor 33,2023-06-30
P0232,Rebecca,Thomas,Doctor 18,2023-06-30
P0402,Dorothy,White,Doctor 46,2023-06-30
P0468,Steven,Morgan,Doctor 9,2023-06-30
P0093,Timothy,Rogers,Doctor 1,2023-07-01
P0122,Alexander,King,Doctor 30,2023-07-01
P0130,Carol,Perez,Doctor 25,2023-07-01
P0186,Laura,Anderson,Doctor 38,2023-07-01
P0293,Sarah,Jones,Doctor 28,2023-07-01
P0123,James,Turner,Doctor 44,2023-07-02
P0177,Kenneth,Nguyen,Doctor 27,2023-07-02
P0291,Karen,Bailey,Doctor 26,2023-07-02
P0316,Barbara,Clark,Doctor 39,2023-07-02
P0333,Kevin,Roberts,Doctor 2,2023-07-02
P0400,Shirley,Ramirez,Doctor 26,2023-07-02
P0402,Dorothy,White,Doctor 46,2023-07-02
P0464,Justin,Nelson,Doctor 28,2023-07-02
P0039,Virginia,Jackson,Doctor 15,2023-07-03
P0216,Melissa,Hernandez,Doctor 43,2023-07-03
P0275,Ruth,Kelly,Doctor 18,2023-07-03
P0308,Jason,Green,Doctor 45,2023-07-03
P0367,Emma,Phillips,Doctor 28,2023-07-03
P0412,Justin,Turner,Doctor 1,2023-07-03
P0474,Melissa,Wilson,Doctor 10,2023-07-03
P0091,Charles,Howard,Doctor 34,2023-07-04
P0107,Betty,Reyes,Doctor 43,2023-07-04
P0356,Patricia,Cox,Doctor 13,2023-07-04
P0393,Helen,Thompson,Doctor 30,2023-07-04
P0413,Justin,Chavez,Doctor 26,2023-07-04
P0467,Charles,Morgan,Doctor 44,2023-07-04
P0497,Dennis,King,Doctor 12,2023-07-04
P0242,John,Green,Doctor 18,2023-07-05
P0335,Timothy,Wright,Doctor 24,2023-07-05
P0401,Patricia,Wright,Doctor 40,2023-07-05
P0418,Barbara,Richardson,Doctor 26,2023-07-05
P0427,Lisa,Ruiz,Doctor 9,2023-07-05
P0033,Michelle,Kim,Doctor 27,2023-07-06
P0034,Mary,Castillo,Doctor 19,2023-07-06
P0061,Justin,Allen,Doctor 13,2023-07-06
P0099,Kevin,Rogers,Doctor 29,2023-07-06
P0209,Mark,Morgan,Doctor 21,2023-07-06
P0291,Karen,Bailey,Doctor 26,2023-07-06
P0341,Nicholas,Bailey,Doctor 35,2023-07-07
P0426,Betty,Anderson,Doctor 14,2023-07-07
P0461,Tyler,Cook,Doctor 3,2023-07-07
P0478,Elizabeth,Gomez,Doctor 50,2023-07-07
P0044,Michael,Morales,Doctor 46,2023-07-08
P0057,Virginia,Castillo,Doctor 17,2023-07-08
P0069,Justin,Jackson,Doctor 7,2023-07-08
P0072,Sandra,Ward,Doctor 27,2023-07-08
P0081,Joseph,Alvarez,Doctor 38,2023-07-08
P0243,Anthony,Edwards,Doctor 37,2023-07-08
P0255,Donna,Johnson,Doctor 49,2023-07-08
P0343,Carol,Anderson,Doctor 17,2023-07-08
P0358,Jennifer,Bennett,Doctor 34,2023-07-08
P0443,Joshua,Roberts,Doctor 40,2023-07-08
P0498,Laura,Mendoza,Doctor 50,2023-07-08
P0499,Sarah,Wood,Doctor 35,2023-07-08
P0046,Ruth,Kim,Doctor 36,2023-07-09
P0126,Anthony,Baker,Doctor 19,2023-07-09
P0197,Tyler,Hall,Doctor 10,2023-07-09
P0252,Robert,Wright,Doctor 10,2023-07-09
P0375,Michael,Campbell,Doctor 45,2023-07-09
P0443,Joshua,Roberts,Doctor 40,2023-07-09
P0061,Justin,Allen,Doctor 13,2023-07-10
P0121,Timothy,Sanchez,Doctor 17,2023-07-10
P0122,Alexander,King,Doctor 30,2023-07-10
P0126,Anthony,Baker,Doctor 19,2023-07-10
P0151,Nancy,Hughes,Doctor 15,2023-07-10
P0177,Kenneth,Nguyen,Doctor 27,2023-07-10
P0205,Elizabeth,Price,Doctor 19,2023-07-10
P0129,Kathleen,Cook,Doctor 32,2023-07-11
P0176,Nancy,Thomas,Doctor 9,2023-07-11
P0189,Dennis,Jones,Doctor 17,2023-07-11
P0196,Gregory,Evans,Doctor 34,2023-07-11
P0496,Jose,Hill,Doctor 2,2023-07-11
P0033,Michelle,Kim,Doctor 27,2023-07-12
P0225,Joseph,Lewis,Doctor 7,2023-07-12
P0303,Alexander,White,Doctor 43,2023-07-12
P0320,Barbara,Ramos,Doctor 15,2023-07-12
P0352,Matthew,Thomas,Doctor 20,2023-07-12
P0424,Jennifer,Rodriguez,Doctor 21,2023-07-12
P0467,Charles,Morgan,Doctor 44,2023-07-12
P0444,Lisa,Bennett,Doctor 7,2023-07-13
P0488,Stephen,Wood,Doctor 15,2023-07-13
P0023,Frank,Campbell,Doctor 50,2023-07-14
P0174,Donald,Stewart,Doctor 26,2023-07-14
P0179,Larry,Williams,Doctor 33,2023-07-14
P0235,Michelle,Watson,Doctor 16,2023-07-14
P0472,Sarah,Diaz,Doctor 15,2023-07-14
P0107,Betty,Reyes,Doctor 43,2023-07-15
P0117,Helen,Evans,Doctor 9,2023-07-15
P0202,Lisa,Jackson,Doctor 48,2023-07-15
P0331,Virginia,King,Doctor 42,2023-07-15
P0348,Michelle,Collins,Doctor 1,2023-07-15
P0398,Andrew,Lewis,Doctor 38,2023-07-15
P0487,Dorothy,Evans,Doctor 21,2023-07-15
P0055,James,Murphy,Doctor 18,2023-07-16
P0111,Kimberly,Ward,Doctor 24,2023-07-16
P0236,Donald,Anderson,Doctor 40,2023-07-16
P0274,Larry,Howard,Doctor 9,2023-07-16
P0334,Alexander,Taylor,Doctor 32,2023-07-16
P0472,Sarah,Diaz,Doctor 15,2023-07-16
P0500,Steven,Bennett,Doctor 4,2023-07-16
P0037,Laura,Hill,Doctor 42,2023-07-17
P0074,Richard,Nguyen,Doctor 31,2023-07-17
P0110,Karen,Nguyen,Doctor 1,2023-07-17
P0153,Cynthia,Rodriguez,Doctor 8,2023-07-17
P0399,Mark,Gomez,Doctor 12,2023-07-17
P0438,Anna,Scott,Doctor 2,2023-07-17
P0008,Jessica,Rogers,Doctor 14,2023-07-18
P0014,Karen,Clark,Doctor 1,2023-07-18
P0131,Susan,Cox,Doctor 17,2023-07-18
P0171,Linda,Wright,Doctor 48,2023-07-18
P0239,Stephen,Morgan,Doctor 4,2023-07-18
P0322,James,Nguyen,Doctor 44,2023-07-18
P0410,Anna,Anderson,Doctor 7,2023-07-18
P0024,Stephen,Roberts,Doctor 31,2023-07-19
P0041,Deborah,Carter,Doctor 45,2023-07-19
P0117,Helen,Evans,Doctor 9,2023-07-19
P0131,Susan,Cox,Doctor 17,2023-07-19
P0220,Mary,Cook,Doctor 8,2023-07-19
P0262,Virginia,Murphy,Doctor 38,2023-07-19
P0274,Larry,Howard,Doctor 9,2023-07-19
P0290,Christopher,Gray,Doctor 31,2023-07-19
P0372,Jack,Walker,Doctor 4,2023-07-19
P0425,Justin,Perez,Doctor 4,2023-07-19
P0476,Laura,Johnson,Doctor 48,2023-07-19
P0486,Frank,Sanders,Doctor 33,2023-07-19
P0093,Timothy,Rogers,Doctor 1,2023-07-20
P0126,Anthony,Baker,Doctor 19,2023-07-20
P0257,Dennis,Mendoza,Doctor 30,2023-07-20
P0386,Sharon,Adams,Doctor 45,2023-07-20
P0466,Sandra,Rodriguez,Doctor 33,2023-07-20
P0026,George,Rodriguez,Doctor 47,2023-07-21
P0113,Nicholas,Lee,Doctor 12,2023-07-21
P0261,Gregory,Bailey,Doctor 26,2023-07-21
P0385,Donna,Parker,Doctor 37,2023-07-21
P0389,David,Cook,Doctor 39,2023-07-21
P0480,Amy,Brown,Doctor 27,2023-07-21
P0006,Lisa,Chavez,Doctor 48,2023-07-22
P0064,William,Watson,Doctor 16,2023-07-22
P0065,Sharon,Ortiz,Doctor 1,2023-07-22
P0116,Scott,Brown,Doctor 37,2023-07-22
P0176,Nancy,Thomas,Doctor 9,2023-07-22
P0347,Sarah,Scott,Doctor 46,2023-07-22
P0358,Jennifer,Bennett,Doctor 34,2023-07-22
P0375,Michael,Campbell,Doctor 45,2023-07-22
P0056,Lisa,Bailey,Doctor 30,2023-07-23
P0127,Kevin,King,Doctor 2,2023-07-23
P0133,Jennifer,Taylor,Doctor 29,2023-07-23
P0149,Elizabeth,Anderson,Doctor 15,2023-07-23
P0224,Sandra,Sanchez,Doctor 23,2023-07-23
P0268,Larry,Cooper,Doctor 34,2023-07-23
P0283,Samuel,Green,Doctor 49,2023-07-23
P0322,James,Nguyen,Doctor 44,2023-07-23
P0395,Justin,Ramirez,Doctor 1,2023-07-23
P0427,Lisa,Ruiz,Doctor 9,2023-07-23
P0466,Sandra,Rodriguez,Doctor 33,2023-07-23
P0498,Laura,Mendoza,Doctor 50,2023-07-23
P0104,Donna,Carter,Doctor 30,2023-07-24
P0183,Patricia,Hill,Doctor 36,2023-07-24
P0262,Virginia,Murphy,Doctor 38,2023-07-24
P0290,Christopher,Gray,Doctor 31,2023-07-24
P0419,Sharon,Wilson,Doctor 43,2023-07-24
P0464,Justin,Nelson,Doctor 28,2023-07-24
P0013,Helen,Sanders,Doctor 33,2023-07-25
P0024,Stephen,Roberts,Doctor 31,2023-07-25
P0156,George,Richardson,Doctor 42,2023-07-25
P0328,John,Flores,Doctor 20,2023-07-25
P0367,Emma,Phillips,Doctor 28,2023-07-25
P0138,Betty,Kelly,Doctor 31,2023-07-26
P0184,Kathleen,Cruz,Doctor 39,2023-07-26
P0186,Laura,Anderson,Doctor 38,2023-07-26
P0248,Ruth,Watson,Doctor 30,2023-07-26
P0418,Barbara,Richardson,Doctor 26,2023-07-26
P0063,George,Chavez,Doctor 44,2023-07-27
P0094,Michael,Evans,Doctor 37,2023-07-27
P0162,Anthony,Young,Doctor 2,2023-07-27
P0225,Joseph,Lewis,Doctor 7,2023-07-27
P0379,Lisa,Mendoza,Doctor 27,2023-07-27
P0410,Anna,Anderson,Doctor 7,2023-07-27
P0437,Emma,Ortiz,Doctor 19,2023-07-27
P0009,Linda,Cook,Doctor 24,2023-07-28
P0087,Virginia,James,Doctor 3,2023-07-28
P0193,Jason,Ortiz,Doctor 50,2023-07-28
P0220,Mary,Cook,Doctor 8,2023-07-28
P0312,Matthew,Turner,Doctor 24,2023-07-28
P0448,Donna,Gomez,Doctor 2,2023-07-28
P0050,Ryan,Reed,Doctor 34,2023-07-29
P0113,Nicholas,Lee,Doctor 12,2023-07-29
P0119,Kimberly,Cox,Doctor 15,2023-07-29
P0235,Michelle,Watson,Doctor 16,2023-07-29
P0281,Stephen,Campbell,Doctor 31,2023-07-29
P0356,Patricia,Cox,Doctor 13,2023-07-29
P0479,Robert,Robinson,Doctor 12,2023-07-29
P0500,Steven,Bennett,Doctor 4,2023-07-29
P0006,Lisa,Chavez,Doctor 48,2023-07-30
P0039,Virginia,Jackson,Doctor 15,2023-07-30
P0179,Larry,Williams,Doctor 33,2023-07-30
P0243,Anthony,Edwards,Doctor 37,2023-07-30
P0246,Karen,Wright,Doctor 38,2023-07-30
P0277,Nancy,Garcia,Doctor 33,2023-07-30
P0288,Deborah,Perez,Doctor 41,2023-07-30
P0329,Kimberly,Anderson,Doctor 32,2023-07-30
P0403,Donald,Cooper,Doctor 11,2023-07-30
P0430,Nancy,Robinson,Doctor 17,2023-07-30
P0003,Gary,Ruiz,Doctor 37,2023-07-31
P0039,Virginia,Jackson,Doctor 15,2023-07-31
P0078,Donald,Young,Doctor 36,2023-07-31
P0081,Joseph,Alvarez,Doctor 38,2023-07-31
P0119,Kimberly,Cox,Doctor 15,2023-07-31
P0178,Michelle,Rogers,Doctor 3,2023-07-31
P0381,Rebecca,Phillips,Doctor 19,2023-07-31
P0043,Patrick,Young,Doctor 20,2023-08-01
P0253,Ronald,Murphy,Doctor 49,2023-08-01
P0350,Robert,Hughes,Doctor 31,2023-08-01
P0491,Sharon,Lopez,Doctor 44,2023-08-01
P0034,Mary,Castillo,Doctor 19,2023-08-02
P0055,James,Murphy,Doctor 18,2023-08-02
P0108,Shirley,Robinson,Doctor 2,2023-08-02
P0148,Daniel,Morris,Doctor 36,2023-08-02
P0210,James,Robinson,Doctor 4,2023-08-02
P0215,Jerry,Lewis,Doctor 23,2023-08-02
P0415,Amy,Sanders,Doctor 24,2023-08-02
P0140,Cynthia,Cooper,Doctor 45,2023-08-03
P0278,David,Campbell,Doctor 30,2023-08-03
P0296,Charles,Parker,Doctor 20,2023-08-03
P0453,Scott,Rivera,Doctor 2,2023-08-03
P0105,Andrew,Diaz,Doctor 15,2023-08-04
P0134,Jason,Morris,Doctor 6,2023-08-04
P0195,Lisa,Parker,Doctor 31,2023-08-04
P0298,Michelle,Jackson,Doctor 49,2023-08-04
P0305,Joshua,Smith,Doctor 26,2023-08-04
P0326,Helen,Lewis,Doctor 2,2023-08-04
P0382,Sarah,Edwards,Doctor 40,2023-08-04
P0002,Donna,Ward,Doctor 42,2023-08-05
P0067,Kimberly,Gray,Doctor 41,2023-08-05
P0119,Kimberly,Cox,Doctor 15,2023-08-05
P0145,Matthew,Diaz,Doctor 17,2023-08-05
P0161,Donna,Castillo,Doctor 31,2023-08-05
P0213,Joseph,Ruiz,Doctor 8,2023-08-05
P0375,Michael,Campbell,Doctor 45,2023-08-05
P0378,Kimberly,Mendoza,Doctor 31,2023-08-05
P0500,Steven,Bennett,Doctor 4,2023-08-05
P0302,Steven,Murphy,Doctor 42,2023-08-06
P0309,Jeffrey,Jones,Doctor 8,2023-08-06
P0337,Larry,Phillips,Doctor 29,2023-08-06
P0419,Sharon,Wilson,Doctor 43,2023-08-06
P0431,Frank,Thomas,Doctor 38,2023-08-06
P0459,Lisa,Smith,Doctor 50,2023-08-06
P0004,Timothy,White,Doctor 49,2023-08-07
P0028,Kimberly,Phillips,Doctor 47,2023-08-07
P0047,Brenda,Baker,Doctor 26,2023-08-07
P0054,Joshua,Bailey,Doctor 9,2023-08-07
P0132,Helen,Taylor,Doctor 3,2023-08-07
P0137,Anna,Morris,Doctor 34,2023-08-07
P0140,Cynthia,Cooper,Doctor 45,2023-08-07
P0206,Sharon,Davis,Doctor 49,2023-08-07
P0223,Gregory,Walker,Doctor 15,2023-08-07
P0300,Sandra,Morris,Doctor 8,2023-08-07
P0489,Elizabeth,Myers,Doctor 38,2023-08-07
P0035,Andrew,Alvarez,Doctor 3,2023-08-08
P0064,William,Watson,Doctor 16,2023-08-08
P0066,Gary,Collins,Doctor 24,2023-08-08
P0194,Justin,Roberts,Doctor 23,2023-08-08
P0215,Jerry,Lewis,Doctor 23,2023-08-08
P0266,Andrew,Evans,Doctor 49,2023-08-08
P0429,Ryan,Peterson,Doctor 44,2023-08-08
P0064,William,Watson,Doctor 16,2023-08-09
P0237,Kimberly,Garcia,Doctor 23,2023-08-09
P0239,Stephen,Morgan,Doctor 4,2023-08-09
P0272,Thomas,Lopez,Doctor 31,2023-08-09
P0144,Kimberly,Hill,Doctor 32,2023-08-10
P0221,Sarah,Anderson,Doctor 4,2023-08-10
P0264,Dorothy,Bennett,Doctor 4,2023-08-10
P0353,Jonathan,Moore,Doctor 29,2023-08-10
P0399,Mark,Gomez,Doctor 12,2023-08-10
P0442,Betty,Castillo,Doctor 1,2023-08-10
P0040,Laura,Gonzalez,Doctor 46,2023-08-11
P0171,Linda,Wright,Doctor 48,2023-08-11
P0237,Kimberly,Garcia,Doctor 23,2023-08-11
P0251,Donald,Green,Doctor 42,2023-08-11
P0353,Jonathan,Moore,Doctor 29,2023-08-11
P0363,Andrew,Adams,Doctor 15,2023-08-11
P0369,Donald,Allen,Doctor 7,2023-08-11
P0384,Charles,Turner,Doctor 34,2023-08-11
P0401,Patricia,Wright,Doctor 40,2023-08-11
P0438,Anna,Scott,Doctor 2,2023-08-11
P0056,Lisa,Bailey,Doctor 30,2023-08-12
P0068,David,Edwards,Doctor 36,2023-08-12
P0097,Susan,Mitchell,Doctor 22,2023-08-12
P0125,Jason,Sanchez,Doctor 15,2023-08-12
P0241,Frank,Allen,Doctor 44,2023-08-12
P0249,Frank,Cooper,Doctor 23,2023-08-12
P0261,Gregory,Bailey,Doctor 26,2023-08-12
P0288,Deborah,Perez,Doctor 41,2023-08-12
P0413,Justin,Chavez,Doctor 26,2023-08-12
P0428,Jessica,Martinez,Doctor 5,2023-08-12
P0454,Jonathan,Edwards,Doctor 6,2023-08-12
P0076,Donna,Reyes,Doctor 14,2023-08-13
P0091,Charles,Howard,Doctor 34,2023-08-13
P0199,Lisa,Thomas,Doctor 33,2023-08-13
P0386,Sharon,Adams,Doctor 45,2023-08-13
P0437,Emma,Ortiz,Doctor 19,2023-08-13
P0455,Raymond,Anderson,Doctor 22,2023-08-13
P0060,Edward,Baker,Doctor 12,2023-08-14
P0092,Susan,Peterson,Doctor 47,2023-08-14
P0138,Betty,Kelly,Doctor 31,2023-08-14
P0179,Larry,Williams,Doctor 33,2023-08-14
P0181,Joseph,Anderson,Doctor 39,2023-08-14
P0221,Sarah,Anderson,Doctor 4,2023-08-14
P0275,Ruth,Kelly,Doctor 18,2023-08-14
P0282,Jessica,Sanchez,Doctor 33,2023-08-14
P0422,Edward,Rivera,Doctor 27,2023-08-14
P0441,Michael,Hughes,Doctor 24,2023-08-14
P0450,Patricia,Bailey,Doctor 37,2023-08-14
P0031,James,Mitchell,Doctor 48,2023-08-15
P0089,Samuel,Mendoza,Doctor 42,2023-08-15
P0196,Gregory,Evans,Doctor 34,2023-08-15
P0236,Donald,Anderson,Doctor 40,2023-08-15
P0284,Donna,Cox,Doctor 11,2023-08-15
P0334,Alexander,Taylor,Doctor 32,2023-08-15
P0349,Kimberly,Adams,Doctor 37,2023-08-15
P0361,Kenneth,Chavez,Doctor 24,2023-08-15
P0376,Samuel,James,Doctor 32,2023-08-15
P0437,Emma,Ortiz,Doctor 19,2023-08-15
P0468,Steven,Morgan,Doctor 9,2023-08-15
P0023,Frank,Campbell,Doctor 50,2023-08-16
P0168,Elizabeth,Roberts,Doctor 16,2023-08-16
P0282,Jessica,Sanchez,Doctor 33,2023-08-16
P0408,Mary,Cruz,Doctor 37,2023-08-16
P0411,Nicholas,Robinson,Doctor 32,2023-08-16
P0033,Michelle,Kim,Doctor 27,2023-08-17
P0132,Helen,Taylor,Doctor 3,2023-08-17
P0256,Jessica,Kim,Doctor 34,2023-08-17
P0319,Jacob,Ramos,Doctor 32,2023-08-17
P0390,Emma,Thompson,Doctor 31,2023-08-17
P0042,Betty,Thompson,Doctor 46,2023-08-18
P0043,Patrick,Young,Doctor 20,2023-08-18
P0062,Samuel,Ruiz,Doctor 14,2023-08-18
P0065,Sharon,Ortiz,Doctor 1,2023-08-18
P0069,Justin,Jackson,Doctor 7,2023-08-18
P0207,Betty,Cruz,Doctor 36,2023-08-18
P0217,Melissa,Thomas,Doctor 20,2023-08-18
P0222,Jessica,Gomez,Doctor 28,2023-08-18
P0302,Steven,Murphy,Doctor 42,2023-08-18
P0342,Timothy,Adams,Doctor 31,2023-08-18
P0438,Anna,Scott,Doctor 2,2023-08-18
P0064,William,Watson,Doctor 16,2023-08-19
P0076,Donna,Reyes,Doctor 14,2023-08-19
P0114,Michelle,Cooper,Doctor 50,2023-08-19
P0128,Ryan,Morris,Doctor 22,2023-08-19
P0317,Helen,Walker,Doctor 29,2023-08-19
P0399,Mark,Gomez,Doctor 12,2023-08-19
P0461,Tyler,Cook,Doctor 3,2023-08-19
P0083,Jennifer,James,Doctor 42,2023-08-20
P0208,Mary,Morris,Doctor 2,2023-08-20
P0259,Susan,Martin,Doctor 34,2023-08-20
P0294,Donald,Walker,Doctor 48,2023-08-20
P0408,Mary,Cruz,Doctor 37,2023-08-20
P0427,Lisa,Ruiz,Doctor 9,2023-08-20
P0462,Alexander,Lewis,Doctor 28,2023-08-20
P0012,Anthony,Green,Doctor 19,2023-08-21
P0071,Eric,Patel,Doctor 19,2023-08-21
P0106,Andrew,Nelson,Doctor 37,2023-08-21
P0217,Melissa,Thomas,Doctor 20,2023-08-21
P0440,Mary,Moore,Doctor 9,2023-08-21
P0473,Timothy,Collins,Doctor 4,2023-08-21
P0042,Betty,Thompson,Doctor 46,2023-08-22
P0123,James,Turner,Doctor 44,2023-08-22
P0131,Susan,Cox,Doctor 17,2023-08-22
P0169,Christopher,Cruz,Doctor 48,2023-08-22
P0253,Ronald,Murphy,Doctor 49,2023-08-22
P0343,Carol,Anderson,Doctor 17,2023-08-22
P0350,Robert,Hughes,Doctor 31,2023-08-22
P0360,Michael,Wood,Doctor 12,2023-08-22
P0472,Sarah,Diaz,Doctor 15,2023-08-22
P0140,Cynthia,Cooper,Doctor 45,2023-08-23
P0234,Donald,Hall,Doctor 44,2023-08-23
P0323,Michael,Brooks,Doctor 4,2023-08-23
P0360,Michael,Wood,Doctor 12,2023-08-23
P0405,Barbara,Turner,Doctor 8,2023-08-23
P0115,Virginia,Harris,Doctor 5,2023-08-24
P0137,Anna,Morris,Doctor 34,2023-08-24
P0273,Linda,Watson,Doctor 27,2023-08-24
P0388,Karen,Garcia,Doctor 25,2023-08-24
P0177,Kenneth,Nguyen,Doctor 27,2023-08-25
P0330,Jessica,Brooks,Doctor 42,2023-08-25
P0381,Rebecca,Phillips,Doctor 19,2023-08-25
P0389,David,Cook,Doctor 39,2023-08-25
P0398,Andrew,Lewis,Doctor 38,2023-08-25
P0460,Amy,Cox,Doctor 15,2023-08-25
P0480,Amy,Brown,Doctor 27,2023-08-25
P0144,Kimberly,Hill,Doctor 32,2023-08-26
P0148,Daniel,Morris,Doctor 36,2023-08-26
P0335,Timothy,Wright,Doctor 24,2023-08-26
P0435,Kathleen,Wright,Doctor 26,2023-08-26
P0438,Anna,Scott,Doctor 2,2023-08-26
P0098,Jessica,Allen,Doctor 40,2023-08-27
P0185,Nancy,Jones,Doctor 50,2023-08-27
P0366,Deborah,Williams,Doctor 37,2023-08-27
P0199,Lisa,Thomas,Doctor 33,2023-08-28
P0245,Mary,Ortiz,Doctor 16,2023-08-28
P0279,Steven,Roberts,Doctor 22,2023-08-28
P0345,Kimberly,Thompson,Doctor 5,2023-08-28
P0021,Larry,King,Doctor 33,2023-08-29
P0290,Christopher,Gray,Doctor 31,2023-08-29
P0302,Steven,Murphy,Doctor 42,2023-08-29
P0436,Elizabeth,Morris,Doctor 32,2023-08-29
P0472,Sarah,Diaz,Doctor 15,2023-08-29
P0011,Kimberly,Moore,Doctor 10,2023-08-30
P0051,Lisa,Young,Doctor 11,2023-08-30
P0083,Jennifer,James,Doctor 42,2023-08-30
P0131,Susan,Cox,Doctor 17,2023-08-30
P0147,Christopher,Torres,Doctor 34,2023-08-30
P0186,Laura,Anderson,Doctor 38,2023-08-30
P0220,Mary,Cook,Doctor 8,2023-08-30
P0232,Rebecca,Thomas,Doctor 18,2023-08-30
P0264,Dorothy,Bennett,Doctor 4,2023-08-30
P0296,Charles,Parker,Doctor 20,2023-08-30
P0372,Jack,Walker,Doctor 4,2023-08-30
P0450,Patricia,Bailey,Doctor 37,2023-08-30
P0458,Karen,Chavez,Doctor 46,2023-08-30
P0073,Barbara,Wilson,Doctor 39,2023-08-31
P0230,Virginia,Evans,Doctor 31,2023-08-31
P0306,Scott,Davis,Doctor 1,2023-08-31
P0088,Ruth,Bennett,Doctor 23,2023-09-01
P0173,Gary,Ramos,Doctor 19,2023-09-01
P0182,Jessica,Mendoza,Doctor 36,2023-09-01
P0316,Barbara,Clark,Doctor 39,2023-09-01
P0460,Amy,Cox,Doctor 15,2023-09-01
P0097,Susan,Mitchell,Doctor 22,2023-09-02
P0099,Kevin,Rogers,Doctor 29,2023-09-02
P0337,Larry,Phillips,Doctor 29,2023-09-02
P0036,Lisa,Wright,Doctor 9,2023-09-03
P0178,Michelle,Rogers,Doctor 3,2023-09-03
P0183,Patricia,Hill,Doctor 36,2023-09-03
P0311,Kenneth,Miller,Doctor 36,2023-09-03
P0023,Frank,Campbell,Doctor 50,2023-09-04
P0057,Virginia,Castillo,Doctor 17,2023-09-04
P0109,Scott,Gomez,Doctor 20,2023-09-04
P0196,Gregory,Evans,Doctor 34,2023-09-04
P0298,Michelle,Jackson,Doctor 49,2023-09-04
P0332,William,Ward,Doctor 27,2023-09-04
P0374,Larry,Myers,Doctor 34,2023-09-04
P0434,Kenneth,Price,Doctor 23,2023-09-04
P0465,Jonathan,Cooper,Doctor 23,2023-09-04
P0466,Sandra,Rodriguez,Doctor 33,2023-09-04
P0005,Joseph,Myers,Doctor 11,2023-09-05
P0006,Lisa,Chavez,Doctor 48,2023-09-05
P0052,Jessica,Peterson,Doctor 36,2023-09-05
P0162,Anthony,Young,Doctor 2,2023-09-05
P0286,Patricia,Phillips,Doctor 4,2023-09-05
P0286,Patricia,Phillips,Doctor 4,2023-09-05
P0351,Aaron,Collins,Doctor 46,2023-09-05
P0427,Lisa,Ruiz,Doctor 9,2023-09-05
P0471,Gregory,Sanchez,Doctor 10,2023-09-05
P0490,Gregory,Adams,Doctor 6,2023-09-05
P0129,Kathleen,Cook,Doctor 32,2023-09-06
P0133,Jennifer,Taylor,Doctor 29,2023-09-06
P0174,Donald,Stewart,Doctor 26,2023-09-06
P0328,John,Flores,Doctor 20,2023-09-06
P0411,Nicholas,Robinson,Doctor 32,2023-09-06
P0461,Tyler,Cook,Doctor 3,2023-09-06
P0477,Samuel,Edwards,Doctor 7,2023-09-06
P0066,Gary,Collins,Doctor 24,2023-09-07
P0069,Justin,Jackson,Doctor 7,2023-09-07
P0132,Helen,Taylor,Doctor 3,2023-09-07
P0135,Laura,Scott,Doctor 2,2023-09-07
P0276,Samuel,Stewart,Doctor 49,2023-09-07
P0431,Frank,Thomas,Doctor 38,2023-09-07
P0474,Melissa,Wilson,Doctor 10,2023-09-07
P0147,Christopher,Torres,Doctor 34,2023-09-08
P0198,Thomas,Ruiz,Doctor 37,2023-09-08
P0344,Jessica,Lee,Doctor 38,2023-09-08
P0481,Richard,Martinez,Doctor 22,2023-09-08
P0008,Jessica,Rogers,Doctor 14,2023-09-09
P0101,Kimberly,Gonzalez,Doctor 3,2023-09-09
P0198,Thomas,Ruiz,Doctor 37,2023-09-09
P0203,Dennis,Wilson,Doctor 5,2023-09-09
P0263,Rebecca,Sanchez,Doctor 5,2023-09-09
P0311,Kenneth,Miller,Doctor 36,2023-09-09
P0481,Richard,Martinez,Doctor 22,2023-09-09
P0489,Elizabeth,Myers,Doctor 38,2023-09-09
P0002,Donna,Ward,Doctor 42,2023-09-10
P0045,Kevin,Carter,Doctor 6,2023-09-10
P0112,Lisa,Sanchez,Doctor 7,2023-09-10
P0264,Dorothy,Bennett,Doctor 4,2023-09-10
P0286,Patricia,Phillips,Doctor 4,2023-09-10
P0424,Jennifer,Rodriguez,Doctor 21,2023-09-10
P0453,Scott,Rivera,Doctor 2,2023-09-10
P0124,Jack,Gutierrez,Doctor 42,2023-09-11
P0355,Benjamin,Jones,Doctor 33,2023-09-11
P0180,Donna,Roberts,Doctor 23,2023-09-12
P0200,Carol,Harris,Doctor 31,2023-09-12
P0372,Jack,Walker,Doctor 4,2023-09-12
P0395,Justin,Ramirez,Doctor 1,2023-09-12
P0091,Charles,Howard,Doctor 34,2023-09-13
P0213,Joseph,Ruiz,Doctor 8,2023-09-13
P0219,John,Lewis,Doctor 34,2023-09-13
P0189,Dennis,Jones,Doctor 17,2023-09-14
P0294,Donald,Walker,Doctor 48,2023-09-14
P0442,Betty,Castillo,Doctor 1,2023-09-14
P0066,Gary,Collins,Doctor 24,2023-09-15
P0076,Donna,Reyes,Doctor 14,2023-09-15
P0139,James,Hughes,Doctor 33,2023-09-15
P0141,Richard,Stewart,Doctor 34,2023-09-15
P0230,Virginia,Evans,Doctor 31,2023-09-15
P0474,Melissa,Wilson,Doctor 10,2023-09-15
P0033,Michelle,Kim,Doctor 27,2023-09-16
P0086,Shirley,Thomas,Doctor 25,2023-09-16
P0092,Susan,Peterson,Doctor 47,2023-09-16
P0154,Thomas,Nelson,Doctor 7,2023-09-16
P0252,Robert,Wright,Doctor 10,2023-09-16
P0267,Justin,Evans,Doctor 7,2023-09-16
P0318,Daniel,Rogers,Doctor 18,2023-09-16
P0326,Helen,Lewis,Doctor 2,2023-09-16
P0394,Shirley,Rodriguez,Doctor 44,2023-09-16
P0456,Dorothy,Richardson,Doctor 36,2023-09-16
P0479,Robert,Robinson,Doctor 12,2023-09-16
P0143,Michelle,Morales,Doctor 50,2023-09-17
P0190,Anna,Hughes,Doctor 26,2023-09-17
P0272,Thomas,Lopez,Doctor 31,2023-09-17
P0328,John,Flores,Doctor 20,2023-09-17
P0034,Mary,Castillo,Doctor 19,2023-09-18
P0043,Patrick,Young,Doctor 20,2023-09-18
P0112,Lisa,Sanchez,Doctor 7,2023-09-18
P0210,James,Robinson,Doctor 4,2023-09-18
P0268,Larry,Cooper,Doctor 34,2023-09-18
P0317,Helen,Walker,Doctor 29,2023-09-18
P0346,Elizabeth,Thompson,Doctor 42,2023-09-18
P0423,Daniel,Perez,Doctor 19,2023-09-18
P0106,Andrew,Nelson,Doctor 37,2023-09-19
P0158,Jerry,Brooks,Doctor 18,2023-09-19
P0194,Justin,Roberts,Doctor 23,2023-09-19
P0261,Gregory,Bailey,Doctor 26,2023-09-19
P0278,David,Campbell,Doctor 30,2023-09-19
P0306,Scott,Davis,Doctor 1,2023-09-19
P0306,Scott,Davis,Doctor 1,2023-09-19
P0100,Patricia,Chavez,Doctor 26,2023-09-20
P0115,Virginia,Harris,Doctor 5,2023-09-20
P0185,Nancy,Jones,Doctor 50,2023-09-20
P0254,Sharon,Young,Doctor 35,2023-09-20
P0344,Jessica,Lee,Doctor 38,2023-09-20
P0359,Mary,Diaz,Doctor 40,2023-09-20
P0380,Samuel,Alvarez,Doctor 36,2023-09-20
P0435,Kathleen,Wright,Doctor 26,2023-09-20
P0486,Frank,Sanders,Doctor 33,2023-09-20
P0029,Michelle,White,Doctor 35,2023-09-21
P0041,Deborah,Carter,Doctor 45,2023-09-21
P0050,Ryan,Reed,Doctor 34,2023-09-21
P0075,Anthony,Campbell,Doctor 38,2023-09-21
P0140,Cynthia,Cooper,Doctor 45,2023-09-21
P0163,George,Perez,Doctor 50,2023-09-21
P0253,Ronald,Murphy,Doctor 49,2023-09-21
P0299,Deborah,Martinez,Doctor 5,2023-09-21
P0408,Mary,Cruz,Doctor 37,2023-09-21
P0456,Dorothy,Richardson,Doctor 36,2023-09-21
P0041,Deborah,Carter,Doctor 45,2023-09-22
P0047,Brenda,Baker,Doctor 26,2023-09-22
P0049,Virginia,Howard,Doctor 6,2023-09-22
P0197,Tyler,Hall,Doctor 10,2023-09-22
P0226,Steven,Rivera,Doctor 22,2023-09-22
P0304,Edward,Reyes,Doctor 20,2023-09-22
P0455,Raymond,Anderson,Doctor 22,2023-09-22
P0458,Karen,Chavez,Doctor 46,2023-09-22
P0485,Sharon,Johnson,Doctor 40,2023-09-22
P0488,Stephen,Wood,Doctor 15,2023-09-22
P0499,Sarah,Wood,Doctor 35,2023-09-22
P0046,Ruth,Kim,Doctor 36,2023-09-23
P0297,Scott,Carter,Doctor 25,2023-09-23
P0458,Karen,Chavez,Doctor 46,2023-09-23
P0489,Elizabeth,Myers,Doctor 38,2023-09-23
P0002,Donna,Ward,Doctor 42,2023-09-24
P0009,Linda,Cook,Doctor 24,2023-09-24
P0049,Virginia,Howard,Doctor 6,2023-09-24
P0203,Dennis,Wilson,Doctor 5,2023-09-24
P0222,Jessica,Gomez,Doctor 28,2023-09-24
P0228,Timothy,Cox,Doctor 37,2023-09-24
P0342,Timothy,Adams,Doctor 31,2023-09-24
P0353,Jonathan,Moore,Doctor 29,2023-09-24
P0374,Larry,Myers,Doctor 34,2023-09-24
P0383,Linda,Carter,Doctor 31,2023-09-24
P0391,Gregory,White,Doctor 4,2023-09-24
P0014,Karen,Clark,Doctor 1,2023-09-25
P0065,Sharon,Ortiz,Doctor 1,2023-09-25
P0104,Donna,Carter,Doctor 30,2023-09-25
P0155,Justin,Thomas,Doctor 31,2023-09-25
P0248,Ruth,Watson,Doctor 30,2023-09-25
P0324,Sandra,Morales,Doctor 8,2023-09-25
P0479,Robert,Robinson,Doctor 12,2023-09-25
P0010,Richard,Collins,Doctor 32,2023-09-26
P0015,Mark,Mendoza,Doctor 24,2023-09-26
P0068,David,Edwards,Doctor 36,2023-09-26
P0200,Carol,Harris,Doctor 31,2023-09-26
P0219,John,Lewis,Doctor 34,2023-09-26
P0240,Frank,James,Doctor 18,2023-09-26
P0267,Justin,Evans,Doctor 7,2023-09-26
P0317,Helen,Walker,Doctor 29,2023-09-26
P0371,Deborah,Campbell,Doctor 44,2023-09-26
P0432,Nancy,Chavez,Doctor 26,2023-09-26
P0462,Alexander,Lewis,Doctor 28,2023-09-26
P0042,Betty,Thompson,Doctor 46,2023-09-27
P0059,Anna,Nelson,Doctor 22,2023-09-27
P0104,Donna,Carter,Doctor 30,2023-09-27
P0134,Jason,Morris,Doctor 6,2023-09-27
P0148,Daniel,Morris,Doctor 36,2023-09-27
P0236,Donald,Anderson,Doctor 40,2023-09-27
P0289,Ryan,Ruiz,Doctor 35,2023-09-27
P0338,Ruth,Brooks,Doctor 15,2023-09-27
P0377,Sharon,Cooper,Doctor 29,2023-09-27
P0396,Patrick,Lopez,Doctor 22,2023-09-27
P0438,Anna,Scott,Doctor 2,2023-09-27
P0028,Kimberly,Phillips,Doctor 47,2023-09-28
P0059,Anna,Nelson,Doctor 22,2023-09-28
P0143,Michelle,Morales,Doctor 50,2023-09-28
P0205,Elizabeth,Price,Doctor 19,2023-09-28
P0323,Michael,Brooks,Doctor 4,2023-09-28
P0327,Sandra,Bennett,Doctor 30,2023-09-28
P0167,Benjamin,Torres,Doctor 40,2023-09-29
P0175,Barbara,King,Doctor 29,2023-09-29
P0180,Donna,Roberts,Doctor 23,2023-09-29
P0279,Steven,Roberts,Doctor 22,2023-09-29
P0334,Alexander,Taylor,Doctor 32,2023-09-29
P0352,Matthew,Thomas,Doctor 20,2023-09-29
P0450,Patricia,Bailey,Doctor 37,2023-09-29
P0457,Jack,Evans,Doctor 23,2023-09-29
P0476,Laura,Johnson,Doctor 48,2023-09-29
P0081,Joseph,Alvarez,Doctor 38,2023-09-30
P0085,Donna,Reed,Doctor 50,2023-09-30
P0098,Jessica,Allen,Doctor 40,2023-09-30
P0108,Shirley,Robinson,Doctor 2,2023-09-30
P0221,Sarah,Anderson,Doctor 4,2023-09-30
P0234,Donald,Hall,Doctor 44,2023-09-30
P0318,Daniel,Rogers,Doctor 18,2023-09-30
P0336,Jennifer,Gomez,Doctor 31,2023-09-30
P0421,Jessica,Richardson,Doctor 2,2023-09-30
P0085,Donna,Reed,Doctor 50,2023-10-01
P0152,Charles,Castillo,Doctor 37,2023-10-01
P0482,Edward,Patel,Doctor 39,2023-10-01
P0021,Larry,King,Doctor 33,2023-10-02
P0030,Brenda,Diaz,Doctor 43,2023-10-02
P0071,Eric,Patel,Doctor 19,2023-10-02
P0074,Richard,Nguyen,Doctor 31,2023-10-02
P0107,Betty,Reyes,Doctor 43,2023-10-02
P0123,James,Turner,Doctor 44,2023-10-02
P0202,Lisa,Jackson,Doctor 48,2023-10-02
P0208,Mary,Morris,Doctor 2,2023-10-02
P0247,Jeffrey,Stewart,Doctor 49,2023-10-02
P0271,Carol,Miller,Doctor 15,2023-10-02
P0368,Brenda,Clark,Doctor 6,2023-10-02
P0400,Shirley,Ramirez,Doctor 26,2023-10-02
P0154,Thomas,Nelson,Doctor 7,2023-10-03
P0213,Joseph,Ruiz,Doctor 8,2023-10-03
P0256,Jessica,Kim,Doctor 34,2023-10-03
P0409,Samuel,Kelly,Doctor 22,2023-10-03
P0473,Timothy,Collins,Doctor 4,2023-10-03
P0083,Jennifer,James,Doctor 42,2023-10-04
P0147,Christopher,Torres,Doctor 34,2023-10-04
P0161,Donna,Castillo,Doctor 31,2023-10-04
P0229,Angela,Cruz,Doctor 25,2023-10-04
P0259,Susan,Martin,Doctor 34,2023-10-04
P0003,Gary,Ruiz,Doctor 37,2023-10-05
P0052,Jessica,Peterson,Doctor 36,2023-10-05
P0260,Helen,James,Doctor 40,2023-10-05
P0309,Jeffrey,Jones,Doctor 8,2023-10-05
P0365,Sharon,Alvarez,Doctor 28,2023-10-05
P0071,Eric,Patel,Doctor 19,2023-10-06
P0129,Kathleen,Cook,Doctor 32,2023-10-06
P0163,George,Perez,Doctor 50,2023-10-06
P0244,Helen,Alvarez,Doctor 50,2023-10-06
P0250,Sandra,Kelly,Doctor 34,2023-10-06
P0411,Nicholas,Robinson,Doctor 32,2023-10-06
P0036,Lisa,Wright,Doctor 9,2023-10-07
P0147,Christopher,Torres,Doctor 34,2023-10-07
P0156,George,Richardson,Doctor 42,2023-10-07
P0280,Donna,Moore,Doctor 19,2023-10-07
P0358,Jennifer,Bennett,Doctor 34,2023-10-07
P0424,Jennifer,Rodriguez,Doctor 21,2023-10-07
P0071,Eric,Patel,Doctor 19,2023-10-08
P0179,Larry,Williams,Doctor 33,2023-10-08
P0192,Gregory,Gray,Doctor 15,2023-10-08
P0197,Tyler,Hall,Doctor 10,2023-10-08
P0258,Stephen,Cooper,Doctor 35,2023-10-08
P0324,Sandra,Morales,Doctor 8,2023-10-08
P0497,Dennis,King,Doctor 12,2023-10-08
P0141,Richard,Stewart,Doctor 34,2023-10-09
P0263,Rebecca,Sanchez,Doctor 5,2023-10-09
P0414,Helen,Morgan,Doctor 25,2023-10-09
P0003,Gary,Ruiz,Doctor 37,2023-10-10
P0086,Shirley,Thomas,Doctor 25,2023-10-10
P0176,Nancy,Thomas,Doctor 9,2023-10-10
P0265,Kimberly,Jones,Doctor 33,2023-10-10
P0270,Sandra,Baker,Doctor 20,2023-10-10
P0390,Emma,Thompson,Doctor 31,2023-10-10
P0453,Scott,Rivera,Doctor 2,2023-10-10
P0056,Lisa,Bailey,Doctor 30,2023-10-11
P0087,Virginia,James,Doctor 3,2023-10-11
P0351,Aaron,Collins,Doctor 46,2023-10-11
P0380,Samuel,Alvarez,Doctor 36,2023-10-11
P0491,Sharon,Lopez,Doctor 44,2023-10-11
P0054,Joshua,Bailey,Doctor 9,2023-10-12
P0067,Kimberly,Gray,Doctor 41,2023-10-12
P0125,Jason,Sanchez,Doctor 15,2023-10-12
P0151,Nancy,Hughes,Doctor 15,2023-10-12
P0203,Dennis,Wilson,Doctor 5,2023-10-12
P0257,Dennis,Mendoza,Doctor 30,2023-10-12
P0273,Linda,Watson,Doctor 27,2023-10-12
P0277,Nancy,Garcia,Doctor 33,2023-10-12
P0464,Justin,Nelson,Doctor 28,2023-10-12
P0062,Samuel,Ruiz,Doctor 14,2023-10-13
P0092,Susan,Peterson,Doctor 47,2023-10-13
P0134,Jason,Morris,Doctor 6,2023-10-13
P0153,Cynthia,Rodriguez,Doctor 8,2023-10-13
P0261,Gregory,Bailey,Doctor 26,2023-10-13
P0402,Dorothy,White,Doctor 46,2023-10-13
P0496,Jose,Hill,Doctor 2,2023-10-13
P0019,Jacob,Thompson,Doctor 9,2023-10-14
P0058,Jessica,Evans,Doctor 17,2023-10-14
P0132,Helen,Taylor,Doctor 3,2023-10-14
P0155,Justin,Thomas,Doctor 31,2023-10-14
P0182,Jessica,Mendoza,Doctor 36,2023-10-14
P0198,Thomas,Ruiz,Doctor 37,2023-10-14
P0257,Dennis,Mendoza,Doctor 30,2023-10-14
P0446,George,Gomez,Doctor 8,2023-10-14
P0001,Robert,Bennett,Doctor 24,2023-10-15
P0005,Joseph,Myers,Doctor 11,2023-10-15
P0226,Steven,Rivera,Doctor 22,2023-10-15
P0402,Dorothy,White,Doctor 46,2023-10-15
P0233,Sandra,Taylor,Doctor 9,2023-10-16
P0362,Deborah,Murphy,Doctor 31,2023-10-16
P0404,Joseph,Gomez,Doctor 4,2023-10-16
P0471,Gregory,Sanchez,Doctor 10,2023-10-16
P0476,Laura,Johnson,Doctor 48,2023-10-16
P0056,Lisa,Bailey,Doctor 30,2023-10-17
P0079,Christopher,Clark,Doctor 29,2023-10-17
P0106,Andrew,Nelson,Doctor 37,2023-10-17
P0135,Laura,Scott,Doctor 2,2023-10-17
P0195,Lisa,Parker,Doctor 31,2023-10-17
P0340,Nicholas,Kim,Doctor 33,2023-10-17
P0361,Kenneth,Chavez,Doctor 24,2023-10-17
P0390,Emma,Thompson,Doctor 31,2023-10-17
P0015,Mark,Mendoza,Doctor 24,2023-10-18
P0046,Ruth,Kim,Doctor 36,2023-10-18
P0098,Jessica,Allen,Doctor 40,2023-10-18
P0153,Cynthia,Rodriguez,Doctor 8,2023-10-18
P0199,Lisa,Thomas,Doctor 33,2023-10-18
P0367,Emma,Phillips,Doctor 28,2023-10-18
P0392,Andrew,Reyes,Doctor 34,2023-10-18
P0118,George,Watson,Doctor 29,2023-10-19
P0165,Angela,Sanders,Doctor 8,2023-10-19
P0246,Karen,Wright,Doctor 38,2023-10-19
P0396,Patrick,Lopez,Doctor 22,2023-10-19
P0410,Anna,Anderson,Doctor 7,2023-10-19
P0001,Robert,Bennett,Doctor 24,2023-10-20
P0052,Jessica,Peterson,Doctor 36,2023-10-20
P0107,Betty,Reyes,Doctor 43,2023-10-20
P0198,Thomas,Ruiz,Doctor 37,2023-10-20
P0222,Jessica,Gomez,Doctor 28,2023-10-20
P0225,Joseph,Lewis,Doctor 7,2023-10-20
P0243,Anthony,Edwards,Doctor 37,2023-10-20
P0060,Edward,Baker,Doctor 12,2023-10-21
P0100,Patricia,Chavez,Doctor 26,2023-10-21
P0218,Tyler,Kim,Doctor 47,2023-10-21
P0345,Kimberly,Thompson,Doctor 5,2023-10-21
P0355,Benjamin,Jones,Doctor 33,2023-10-21
P0431,Frank,Thomas,Doctor 38,2023-10-21
P0468,Steven,Morgan,Doctor 9,2023-10-21
P0034,Mary,Castillo,Doctor 19,2023-10-22
P0062,Samuel,Ruiz,Doctor 14,2023-10-22
P0102,Gregory,Price,Doctor 36,2023-10-22
P0167,Benjamin,Torres,Doctor 40,2023-10-22
P0387,George,Robinson,Doctor 36,2023-10-22
P0499,Sarah,Wood,Doctor 35,2023-10-22
P0168,Elizabeth,Roberts,Doctor 16,2023-10-23
P0236,Donald,Anderson,Doctor 40,2023-10-23
P0264,Dorothy,Bennett,Doctor 4,2023-10-23
P0285,Barbara,Kelly,Doctor 39,2023-10-23
P0323,Michael,Brooks,Doctor 4,2023-10-23
P0072,Sandra,Ward,Doctor 27,2023-10-24
P0109,Scott,Gomez,Doctor 20,2023-10-24
P0115,Virginia,Harris,Doctor 5,2023-10-24
P0354,Laura,Wright,Doctor 13,2023-10-24
P0360,Michael,Wood,Doctor 12,2023-10-24
P0012,Anthony,Green,Doctor 19,2023-10-25
P0082,Jennifer,Hughes,Doctor 25,2023-10-25
P0179,Larry,Williams,Doctor 33,2023-10-25
P0214,Rebecca,Ortiz,Doctor 40,2023-10-25
P0471,Gregory,Sanchez,Doctor 10,2023-10-25
P0472,Sarah,Diaz,Doctor 15,2023-10-25
P0180,Donna,Roberts,Doctor 23,2023-10-26
P0271,Carol,Miller,Doctor 15,2023-10-26
P0471,Gregory,Sanchez,Doctor 10,2023-10-26
P0017,Raymond,Ruiz,Doctor 41,2023-10-27
P0042,Betty,Thompson,Doctor 46,2023-10-27
P0108,Shirley,Robinson,Doctor 2,2023-10-27
P0154,Thomas,Nelson,Doctor 7,2023-10-27
P0354,Laura,Wright,Doctor 13,2023-10-27
P0426,Betty,Anderson,Doctor 14,2023-10-27
P0463,Joseph,Cooper,Doctor 28,2023-10-27
P0005,Joseph,Myers,Doctor 11,2023-10-28
P0081,Joseph,Alvarez,Doctor 38,2023-10-28
P0109,Scott,Gomez,Doctor 20,2023-10-28
P0134,Jason,Morris,Doctor 6,2023-10-28
P0241,Frank,Allen,Doctor 44,2023-10-28
P0370,Betty,Perez,Doctor 41,2023-10-28
P0101,Kimberly,Gonzalez,Doctor 3,2023-10-29
P0127,Kevin,King,Doctor 2,2023-10-29
P0154,Thomas,Nelson,Doctor 7,2023-10-29
P0276,Samuel,Stewart,Doctor 49,2023-10-29
P0284,Donna,Cox,Doctor 11,2023-10-29
P0359,Mary,Diaz,Doctor 40,2023-10-29
P0439,Jack,Richardson,Doctor 7,2023-10-29
P0492,Linda,Murphy,Doctor 50,2023-10-29
P0009,Linda,Cook,Doctor 24,2023-10-30
P0019,Jacob,Thompson,Doctor 9,2023-10-30
P0073,Barbara,Wilson,Doctor 39,2023-10-30
P0270,Sandra,Baker,Doctor 20,2023-10-30
P0379,Lisa,Mendoza,Doctor 27,2023-10-30
P0406,Robert,Campbell,Doctor 8,2023-10-30
P0410,Anna,Anderson,Doctor 7,2023-10-30
P0418,Barbara,Richardson,Doctor 26,2023-10-30
P0469,Stephen,Ortiz,Doctor 18,2023-10-30
P0196,Gregory,Evans,Doctor 34,2023-10-31
P0203,Dennis,Wilson,Doctor 5,2023-10-31
P0217,Melissa,Thomas,Doctor 20,2023-10-31
P0246,Karen,Wright,Doctor 38,2023-10-31
P0255,Donna,Johnson,Doctor 49,2023-10-31
P0310,Mary,Rodriguez,Doctor 1,2023-10-31
P0328,John,Flores,Doctor 20,2023-10-31
P0031,James,Mitchell,Doctor 48,2023-11-01
P0114,Michelle,Cooper,Doctor 50,2023-11-01
P0119,Kimberly,Cox,Doctor 15,2023-11-01
P0172,Susan,Gomez,Doctor 13,2023-11-01
P0231,Deborah,Rogers,Doctor 28,2023-11-01
P0454,Jonathan,Edwards,Doctor 6,2023-11-01
P0458,Karen,Chavez,Doctor 46,2023-11-01
P0010,Richard,Collins,Doctor 32,2023-11-02
P0159,Joshua,King,Doctor 26,2023-11-02
P0255,Donna,Johnson,Doctor 49,2023-11-02
P0259,Susan,Martin,Doctor 34,2023-11-02
P0287,Rebecca,Lee,Doctor 13,2023-11-02
P0384,Charles,Turner,Doctor 34,2023-11-02
P0479,Robert,Robinson,Doctor 12,2023-11-02
P0490,Gregory,Adams,Doctor 6,2023-11-02
P0217,Melissa,Thomas,Doctor 20,2023-11-03
P0278,David,Campbell,Doctor 30,2023-11-03
P0331,Virginia,King,Doctor 42,2023-11-03
P0160,Jose,Edwards,Doctor 25,2023-11-04
P0248,Ruth,Watson,Doctor 30,2023-11-04
P0311,Kenneth,Miller,Doctor 36,2023-11-04
P0337,Larry,Phillips,Doctor 29,2023-11-04
P0106,Andrew,Nelson,Doctor 37,2023-11-05
P0124,Jack,Gutierrez,Doctor 42,2023-11-05
P0133,Jennifer,Taylor,Doctor 29,2023-11-05
P0150,Daniel,Smith,Doctor 16,2023-11-05
P0266,Andrew,Evans,Doctor 49,2023-11-05
P0366,Deborah,Williams,Doctor 37,2023-11-05
P0377,Sharon,Cooper,Doctor 29,2023-11-05
P0427,Lisa,Ruiz,Doctor 9,2023-11-05
P0034,Mary,Castillo,Doctor 19,2023-11-06
P0057,Virginia,Castillo,Doctor 17,2023-11-06
P0117,Helen,Evans,Doctor 9,2023-11-06
P0182,Jessica,Mendoza,Doctor 36,2023-11-06
P0196,Gregory,Evans,Doctor 34,2023-11-06
P0330,Jessica,Brooks,Doctor 42,2023-11-06
P0411,Nicholas,Robinson,Doctor 32,2023-11-06
P0001,Robert,Bennett,Doctor 24,2023-11-07
P0038,Christopher,Evans,Doctor 18,2023-11-07
P0056,Lisa,Bailey,Doctor 30,2023-11-07
P0088,Ruth,Bennett,Doctor 23,2023-11-07
P0089,Samuel,Mendoza,Doctor 42,2023-11-07
P0119,Kimberly,Cox,Doctor 15,2023-11-07
P0170,Jacob,Sanchez,Doctor 13,2023-11-07
P0194,Justin,Roberts,Doctor 23,2023-11-07
P0196,Gregory,Evans,Doctor 34,2023-11-07
P0221,Sarah,Anderson,Doctor 4,2023-11-07
P0296,Charles,Parker,Doctor 20,2023-11-07
P0421,Jessica,Richardson,Doctor 2,2023-11-07
P0495,Nancy,Bailey,Doctor 6,2023-11-07
P0020,Elizabeth,Johnson,Doctor 38,2023-11-08
P0084,Brandon,Watson,Doctor 2,2023-11-08
P0195,Lisa,Parker,Doctor 31,2023-11-08
P0234,Donald,Hall,Doctor 44,2023-11-08
P0265,Kimberly,Jones,Doctor 33,2023-11-08
P0339,Timothy,Garcia,Doctor 48,2023-11-08
P0432,Nancy,Chavez,Doctor 26,2023-11-08
P0434,Kenneth,Price,Doctor 23,2023-11-08
P0472,Sarah,Diaz,Doctor 15,2023-11-08
P0081,Joseph,Alvarez,Doctor 38,2023-11-09
P0115,Virginia,Harris,Doctor 5,2023-11-09
P0207,Betty,Cruz,Doctor 36,2023-11-09
P0253,Ronald,Murphy,Doctor 49,2023-11-09
P0254,Sharon,Young,Doctor 35,2023-11-09
P0279,Steven,Roberts,Doctor 22,2023-11-09
P0240,Frank,James,Doctor 18,2023-11-10
P0245,Mary,Ortiz,Doctor 16,2023-11-10
P0249,Frank,Cooper,Doctor 23,2023-11-10
P0333,Kevin,Roberts,Doctor 2,2023-11-10
P0390,Emma,Thompson,Doctor 31,2023-11-10
P0471,Gregory,Sanchez,Doctor 10,2023-11-10
P0051,Lisa,Young,Doctor 11,2023-11-11
P0075,Anthony,Campbell,Doctor 38,2023-11-11
P0128,Ryan,Morris,Doctor 22,2023-11-11
P0129,Kathleen,Cook,Doctor 32,2023-11-11
P0173,Gary,Ramos,Doctor 19,2023-11-11
P0269,Brian,Edwards,Doctor 15,2023-11-11
P0288,Deborah,Perez,Doctor 41,2023-11-11
P0300,Sandra,Morris,Doctor 8,2023-11-11
P0337,Larry,Phillips,Doctor 29,2023-11-11
P0363,Andrew,Adams,Doctor 15,2023-11-11
P0113,Nicholas,Lee,Doctor 12,2023-11-12
P0241,Frank,Allen,Doctor 44,2023-11-12
P0272,Thomas,Lopez,Doctor 31,2023-11-12
P0280,Donna,Moore,Doctor 19,2023-11-12
P0341,Nicholas,Bailey,Doctor 35,2023-11-12
P0345,Kimberly,Thompson,Doctor 5,2023-11-12
P0487,Dorothy,Evans,Doctor 21,2023-11-12
P0032,Mark,Parker,Doctor 13,2023-11-13
P0048,Andrew,Brown,Doctor 14,2023-11-13
P0107,Betty,Reyes,Doctor 43,2023-11-13
P0112,Lisa,Sanchez,Doctor 7,2023-11-13
P0112,Lisa,Sanchez,Doctor 7,2023-11-13
P0260,Helen,James,Doctor 40,2023-11-13
P0293,Sarah,Jones,Doctor 28,2023-11-13
P0313,Brandon,King,Doctor 24,2023-11-13
P0348,Michelle,Collins,Doctor 1,2023-11-13
P0379,Lisa,Mendoza,Doctor 27,2023-11-13
P0396,Patrick,Lopez,Doctor 22,2023-11-13
P0304,Edward,Reyes,Doctor 20,2023-11-14
P0380,Samuel,Alvarez,Doctor 36,2023-11-14
P0407,Sarah,Hall,Doctor 36,2023-11-14
P0428,Jessica,Martinez,Doctor 5,2023-11-14
P0446,George,Gomez,Doctor 8,2023-11-14
P0027,Ruth,Bailey,Doctor 46,2023-11-15
P0041,Deborah,Carter,Doctor 45,2023-11-15
P0186,Laura,Anderson,Doctor 38,2023-11-15
P0206,Sharon,Davis,Doctor 49,2023-11-15
P0306,Scott,Davis,Doctor 1,2023-11-15
P0346,Elizabeth,Thompson,Doctor 42,2023-11-15
P0500,Steven,Bennett,Doctor 4,2023-11-15
P0001,Robert,Bennett,Doctor 24,2023-11-16
P0009,Linda,Cook,Doctor 24,2023-11-16
P0069,Justin,Jackson,Doctor 7,2023-11-16
P0133,Jennifer,Taylor,Doctor 29,2023-11-16
P0147,Christopher,Torres,Doctor 34,2023-11-16
P0150,Daniel,Smith,Doctor 16,2023-11-16
P0172,Susan,Gomez,Doctor 13,2023-11-16
P0226,Steven,Rivera,Doctor 22,2023-11-16
P0246,Karen,Wright,Doctor 38,2023-11-16
P0371,Deborah,Campbell,Doctor 44,2023-11-16
P0418,Barbara,Richardson,Doctor 26,2023-11-16
P0421,Jessica,Richardson,Doctor 2,2023-11-16
P0434,Kenneth,Price,Doctor 23,2023-11-16
P0452,Betty,Roberts,Doctor 14,2023-11-16
P0118,George,Watson,Doctor 29,2023-11-17
P0218,Tyler,Kim,Doctor 47,2023-11-17
P0267,Justin,Evans,Doctor 7,2023-11-17
P0338,Ruth,Brooks,Doctor 15,2023-11-17
P0413,Justin,Chavez,Doctor 26,2023-11-17
P0010,Richard,Collins,Doctor 32,2023-11-18
P0129,Kathleen,Cook,Doctor 32,2023-11-18
P0202,Lisa,Jackson,Doctor 48,2023-11-18
P0267,Justin,Evans,Doctor 7,2023-11-18
P0276,Samuel,Stewart,Doctor 49,2023-11-18
P0295,Eric,Sanders,Doctor 3,2023-11-18
P0344,Jessica,Lee,Doctor 38,2023-11-18
P0482,Edward,Patel,Doctor 39,2023-11-18
P0483,Sarah,Torres,Doctor 10,2023-11-18
P0009,Linda,Cook,Doctor 24,2023-11-19
P0051,Lisa,Young,Doctor 11,2023-11-19
P0068,David,Edwards,Doctor 36,2023-11-19
P0176,Nancy,Thomas,Doctor 9,2023-11-19
P0247,Jeffrey,Stewart,Doctor 49,2023-11-19
P0322,James,Nguyen,Doctor 44,2023-11-19
P0350,Robert,Hughes,Doctor 31,2023-11-19
P0440,Mary,Moore,Doctor 9,2023-11-19
P0451,Barbara,Flores,Doctor 34,2023-11-19
P0171,Linda,Wright,Doctor 48,2023-11-20
P0245,Mary,Ortiz,Doctor 16,2023-11-20
P0267,Justin,Evans,Doctor 7,2023-11-20
P0015,Mark,Mendoza,Doctor 24,2023-11-21
P0066,Gary,Collins,Doctor 24,2023-11-21
P0218,Tyler,Kim,Doctor 47,2023-11-21
P0238,Donna,Scott,Doctor 6,2023-11-21
P0279,Steven,Roberts,Doctor 22,2023-11-21
P0314,Deborah,Collins,Doctor 32,2023-11-21
P0402,Dorothy,White,Doctor 46,2023-11-21
P0475,Angela,Mendoza,Doctor 28,2023-11-21
P0496,Jose,Hill,Doctor 2,2023-11-21
P0128,Ryan,Morris,Doctor 22,2023-11-22
P0279,Steven,Roberts,Doctor 22,2023-11-22
P0364,Edward,Garcia,Doctor 26,2023-11-22
P0386,Sharon,Adams,Doctor 45,2023-11-22
P0425,Justin,Perez,Doctor 4,2023-11-22
P0114,Michelle,Cooper,Doctor 50,2023-11-23
P0209,Mark,Morgan,Doctor 21,2023-11-23
P0281,Stephen,Campbell,Doctor 31,2023-11-23
P0283,Samuel,Green,Doctor 49,2023-11-23
P0297,Scott,Carter,Doctor 25,2023-11-23
P0030,Brenda,Diaz,Doctor 43,2023-11-24
P0130,Carol,Perez,Doctor 25,2023-11-24
P0143,Michelle,Morales,Doctor 50,2023-11-24
P0223,Gregory,Walker,Doctor 15,2023-11-24
P0247,Jeffrey,Stewart,Doctor 49,2023-11-24
P0273,Linda,Watson,Doctor 27,2023-11-24
P0334,Alexander,Taylor,Doctor 32,2023-11-24
P0419,Sharon,Wilson,Doctor 43,2023-11-24
P0493,Mary,Stewart,Doctor 30,2023-11-24
P0035,Andrew,Alvarez,Doctor 3,2023-11-25
P0072,Sandra,Ward,Doctor 27,2023-11-25
P0224,Sandra,Sanchez,Doctor 23,2023-11-25
P0280,Donna,Moore,Doctor 19,2023-11-25
P0370,Betty,Perez,Doctor 41,2023-11-25
P0380,Samuel,Alvarez,Doctor 36,2023-11-25
P0063,George,Chavez,Doctor 44,2023-11-26
P0066,Gary,Collins,Doctor 24,2023-11-26
P0083,Jennifer,James,Doctor 42,2023-11-26
P0132,Helen,Taylor,Doctor 3,2023-11-26
P0401,Patricia,Wright,Doctor 40,2023-11-26
P0445,Jack,White,Doctor 40,2023-11-26
P0017,Raymond,Ruiz,Doctor 41,2023-11-27
P0021,Larry,King,Doctor 33,2023-11-27
P0215,Jerry,Lewis,Doctor 23,2023-11-27
P0294,Donald,Walker,Doctor 48,2023-11-27
P0232,Rebecca,Thomas,Doctor 18,2023-11-28
P0309,Jeffrey,Jones,Doctor 8,2023-11-28
P0455,Raymond,Anderson,Doctor 22,2023-11-28
P0487,Dorothy,Evans,Doctor 21,2023-11-28
P0070,Shirley,Gomez,Doctor 37,2023-11-29
P0082,Jennifer,Hughes,Doctor 25,2023-11-29
P0123,James,Turner,Doctor 44,2023-11-29
P0132,Helen,Taylor,Doctor 3,2023-11-29
P0145,Matthew,Diaz,Doctor 17,2023-11-29
P0169,Christopher,Cruz,Doctor 48,2023-11-29
P0296,Charles,Parker,Doctor 20,2023-11-29
P0397,Brandon,Hill,Doctor 34,2023-11-29
P0007,Kenneth,Ruiz,Doctor 22,2023-11-30
P0062,Samuel,Ruiz,Doctor 14,2023-11-30
P0070,Shirley,Gomez,Doctor 37,2023-11-30
P0167,Benjamin,Torres,Doctor 40,2023-11-30
P0262,Virginia,Murphy,Doctor 38,2023-11-30
P0374,Larry,Myers,Doctor 34,2023-11-30
P0377,Sharon,Cooper,Doctor 29,2023-11-30
P0386,Sharon,Adams,Doctor 45,2023-11-30
P0408,Mary,Cruz,Doctor 37,2023-11-30
P0086,Shirley,Thomas,Doctor 25,2023-12-01
P0095,Sarah,Carter,Doctor 38,2023-12-01
P0148,Daniel,Morris,Doctor 36,2023-12-01
P0193,Jason,Ortiz,Doctor 50,2023-12-01
P0241,Frank,Allen,Doctor 44,2023-12-01
P0460,Amy,Cox,Doctor 15,2023-12-01
P0160,Jose,Edwards,Doctor 25,2023-12-02
P0174,Donald,Stewart,Doctor 26,2023-12-02
P0369,Donald,Allen,Doctor 7,2023-12-02
P0455,Raymond,Anderson,Doctor 22,2023-12-02
P0129,Kathleen,Cook,Doctor 32,2023-12-03
P0142,Carol,Stewart,Doctor 21,2023-12-03
P0153,Cynthia,Rodriguez,Doctor 8,2023-12-03
P0165,Angela,Sanders,Doctor 8,2023-12-03
P0215,Jerry,Lewis,Doctor 23,2023-12-03
P0282,Jessica,Sanchez,Doctor 33,2023-12-03
P0287,Rebecca,Lee,Doctor 13,2023-12-03
P0342,Timothy,Adams,Doctor 31,2023-12-03
P0347,Sarah,Scott,Doctor 46,2023-12-03
P0351,Aaron,Collins,Doctor 46,2023-12-03
P0404,Joseph,Gomez,Doctor 4,2023-12-03
P0444,Lisa,Bennett,Doctor 7,2023-12-03
P0035,Andrew,Alvarez,Doctor 3,2023-12-04
P0138,Betty,Kelly,Doctor 31,2023-12-04
P0254,Sharon,Young,Doctor 35,2023-12-04
P0270,Sandra,Baker,Doctor 20,2023-12-04
P0281,Stephen,Campbell,Doctor 31,2023-12-04
P0296,Charles,Parker,Doctor 20,2023-12-04
P0300,Sandra,Morris,Doctor 8,2023-12-04
P0305,Joshua,Smith,Doctor 26,2023-12-04
P0322,James,Nguyen,Doctor 44,2023-12-04
P0359,Mary,Diaz,Doctor 40,2023-12-04
P0413,Justin,Chavez,Doctor 26,2023-12-04
P0022,Christopher,Rogers,Doctor 32,2023-12-05
P0162,Anthony,Young,Doctor 2,2023-12-05
P0181,Joseph,Anderson,Doctor 39,2023-12-05
P0185,Nancy,Jones,Doctor 50,2023-12-05
P0194,Justin,Roberts,Doctor 23,2023-12-05
P0230,Virginia,Evans,Doctor 31,2023-12-05
P0327,Sandra,Bennett,Doctor 30,2023-12-05
P0358,Jennifer,Bennett,Doctor 34,2023-12-05
P0384,Charles,Turner,Doctor 34,2023-12-05
P0236,Donald,Anderson,Doctor 40,2023-12-06
P0295,Eric,Sanders,Doctor 3,2023-12-06
P0378,Kimberly,Mendoza,Doctor 31,2023-12-06
P0420,Jessica,Cook,Doctor 10,2023-12-06
P0452,Betty,Roberts,Doctor 14,2023-12-06
P0033,Michelle,Kim,Doctor 27,2023-12-07
P0068,David,Edwards,Doctor 36,2023-12-07
P0146,Samuel,Torres,Doctor 35,2023-12-07
P0153,Cynthia,Rodriguez,Doctor 8,2023-12-07
P0243,Anthony,Edwards,Doctor 37,2023-12-07
P0366,Deborah,Williams,Doctor 37,2023-12-07
P0431,Frank,Thomas,Doctor 38,2023-12-07
P0439,Jack,Richardson,Doctor 7,2023-12-07
P0444,Lisa,Bennett,Doctor 7,2023-12-07
P0111,Kimberly,Ward,Doctor 24,2023-12-08
P0442,Betty,Castillo,Doctor 1,2023-12-08
P0460,Amy,Cox,Doctor 15,2023-12-08
P0108,Shirley,Robinson,Doctor 2,2023-12-09
P0155,Justin,Thomas,Doctor 31,2023-12-09
P0292,Sharon,Myers,Doctor 26,2023-12-09
P0311,Kenneth,Miller,Doctor 36,2023-12-09
P0321,Dorothy,Gonzalez,Doctor 23,2023-12-09
P0403,Donald,Cooper,Doctor 11,2023-12-09
P0247,Jeffrey,Stewart,Doctor 49,2023-12-10
P0265,Kimberly,Jones,Doctor 33,2023-12-10
P0375,Michael,Campbell,Doctor 45,2023-12-10
P0414,Helen,Morgan,Doctor 25,2023-12-10
P0469,Stephen,Ortiz,Doctor 18,2023-12-10
P0031,James,Mitchell,Doctor 48,2023-12-11
P0289,Ryan,Ruiz,Doctor 35,2023-12-11
P0310,Mary,Rodriguez,Doctor 1,2023-12-11
P0311,Kenneth,Miller,Doctor 36,2023-12-11
P0394,Shirley,Rodriguez,Doctor 44,2023-12-11
P0445,Jack,White,Doctor 40,2023-12-11
P0475,Angela,Mendoza,Doctor 28,2023-12-11
P0490,Gregory,Adams,Doctor 6,2023-12-11
P0057,Virginia,Castillo,Doctor 17,2023-12-12
P0123,James,Turner,Doctor 44,2023-12-12
P0237,Kimberly,Garcia,Doctor 23,2023-12-12
P0266,Andrew,Evans,Doctor 49,2023-12-12
P0390,Emma,Thompson,Doctor 31,2023-12-12
P0110,Karen,Nguyen,Doctor 1,2023-12-13
P0265,Kimberly,Jones,Doctor 33,2023-12-13
P0362,Deborah,Murphy,Doctor 31,2023-12-13
P0410,Anna,Anderson,Doctor 7,2023-12-13
P0414,Helen,Morgan,Doctor 25,2023-12-13
P0045,Kevin,Carter,Doctor 6,2023-12-14
P0187,James,Campbell,Doctor 33,2023-12-14
P0304,Edward,Reyes,Doctor 20,2023-12-14
P0348,Michelle,Collins,Doctor 1,2023-12-14
P0405,Barbara,Turner,Doctor 8,2023-12-14
P0013,Helen,Sanders,Doctor 33,2023-12-15
P0039,Virginia,Jackson,Doctor 15,2023-12-15
P0141,Richard,Stewart,Doctor 34,2023-12-15
P0208,Mary,Morris,Doctor 2,2023-12-15
P0250,Sandra,Kelly,Doctor 34,2023-12-15
P0355,Benjamin,Jones,Doctor 33,2023-12-15
P0475,Angela,Mendoza,Doctor 28,2023-12-15
P0112,Lisa,Sanchez,Doctor 7,2023-12-16
P0149,Elizabeth,Anderson,Doctor 15,2023-12-16
P0355,Benjamin,Jones,Doctor 33,2023-12-16
P0464,Justin,Nelson,Doctor 28,2023-12-16
P0475,Angela,Mendoza,Doctor 28,2023-12-16
P0188,Amy,Roberts,Doctor 38,2023-12-17
P0198,Thomas,Ruiz,Doctor 37,2023-12-17
P0336,Jennifer,Gomez,Doctor 31,2023-12-17
P0373,Betty,Collins,Doctor 48,2023-12-17
P0400,Shirley,Ramirez,Doctor 26,2023-12-17
P0405,Barbara,Turner,Doctor 8,2023-12-17
P0181,Joseph,Anderson,Doctor 39,2023-12-18
P0187,James,Campbell,Doctor 33,2023-12-18
P0206,Sharon,Davis,Doctor 49,2023-12-18
P0226,Steven,Rivera,Doctor 22,2023-12-18
P0301,George,Turner,Doctor 15,2023-12-18
P0302,Steven,Murphy,Doctor 42,2023-12-18
P0419,Sharon,Wilson,Doctor 43,2023-12-18
P0479,Robert,Robinson,Doctor 12,2023-12-18
P0080,Deborah,Hill,Doctor 38,2023-12-19
P0108,Shirley,Robinson,Doctor 2,2023-12-20
P0163,George,Perez,Doctor 50,2023-12-20
P0204,Joshua,Cooper,Doctor 3,2023-12-20
P0274,Larry,Howard,Doctor 9,2023-12-20
P0474,Melissa,Wilson,Doctor 10,2023-12-20
P0014,Karen,Clark,Doctor 1,2023-12-21
P0086,Shirley,Thomas,Doctor 25,2023-12-21
P0224,Sandra,Sanchez,Doctor 23,2023-12-21
P0252,Robert,Wright,Doctor 10,2023-12-21
P0480,Amy,Brown,Doctor 27,2023-12-21
P0011,Kimberly,Moore,Doctor 10,2023-12-22
P0041,Deborah,Carter,Doctor 45,2023-12-22
P0055,James,Murphy,Doctor 18,2023-12-22
P0064,William,Watson,Doctor 16,2023-12-22
P0268,Larry,Cooper,Doctor 34,2023-12-22
P0364,Edward,Garcia,Doctor 26,2023-12-22
P0392,Andrew,Reyes,Doctor 34,2023-12-22
P0420,Jessica,Cook,Doctor 10,2023-12-22
P0486,Frank,Sanders,Doctor 33,2023-12-22
P0010,Richard,Collins,Doctor 32,2023-12-23
P0130,Carol,Perez,Doctor 25,2023-12-23
P0162,Anthony,Young,Doctor 2,2023-12-23
P0277,Nancy,Garcia,Doctor 33,2023-12-23
P0330,Jessica,Brooks,Doctor 42,2023-12-23
P0452,Betty,Roberts,Doctor 14,2023-12-23
P0474,Melissa,Wilson,Doctor 10,2023-12-23
P0499,Sarah,Wood,Doctor 35,2023-12-23
P0466,Sandra,Rodriguez,Doctor 33,2023-12-24
P0480,Amy,Brown,Doctor 27,2023-12-24
P0020,Elizabeth,Johnson,Doctor 38,2023-12-25
P0051,Lisa,Young,Doctor 11,2023-12-25
P0159,Joshua,King,Doctor 26,2023-12-25
P0191,Carol,Richardson,Doctor 39,2023-12-25
P0419,Sharon,Wilson,Doctor 43,2023-12-25
P0450,Patricia,Bailey,Doctor 37,2023-12-25
P0459,Lisa,Smith,Doctor 50,2023-12-25
P0459,Lisa,Smith,Doctor 50,2023-12-25
P0058,Jessica,Evans,Doctor 17,2023-12-26
P0155,Justin,Thomas,Doctor 31,2023-12-26
P0234,Donald,Hall,Doctor 44,2023-12-26
P0260,Helen,James,Doctor 40,2023-12-26
P0280,Donna,Moore,Doctor 19,2023-12-26
P0298,Michelle,Jackson,Doctor 49,2023-12-26
P0312,Matthew,Turner,Doctor 24,2023-12-26
P0314,Deborah,Collins,Doctor 32,2023-12-26
P0459,Lisa,Smith,Doctor 50,2023-12-26
P0016,Kimberly,Allen,Doctor 37,2023-12-27
P0079,Christopher,Clark,Doctor 29,2023-12-27
P0188,Amy,Roberts,Doctor 38,2023-12-27
P0246,Karen,Wright,Doctor 38,2023-12-27
P0363,Andrew,Adams,Doctor 15,2023-12-27
P0124,Jack,Gutierrez,Doctor 42,2023-12-28
P0176,Nancy,Thomas,Doctor 9,2023-12-28
P0211,Edward,Lee,Doctor 5,2023-12-28
P0227,George,Allen,Doctor 6,2023-12-28
P0324,Sandra,Morales,Doctor 8,2023-12-28
P0402,Dorothy,White,Doctor 46,2023-12-28
P0470,Jessica,Anderson,Doctor 49,2023-12-28
P0178,Michelle,Rogers,Doctor 3,2023-12-29
P0256,Jessica,Kim,Doctor 34,2023-12-29
P0372,Jack,Walker,Doctor 4,2023-12-29
P0414,Helen,Morgan,Doctor 25,2023-12-29
P0426,Betty,Anderson,Doctor 14,2023-12-29
P0456,Dorothy,Richardson,Doctor 36,2023-12-29
P0076,Donna,Reyes,Doctor 14,2023-12-30
P0228,Timothy,Cox,Doctor 37,2023-12-30
P0289,Ryan,Ruiz,Doctor 35,2023-12-30