patient_id,patient_first_name,patient_last_name,doctor_id,appointment_date
P0284,Eric,Harris,Doctor 4,2022-12-31
P0473,Stephen,Cooper,Doctor 16,2022-12-31
P0861,Nancy,Rivera,Doctor 20,2022-12-31
P1048,Angela,Johnson,Doctor 18,2022-12-31
P1799,James,Brooks,Doctor 6,2022-12-31
P2034,Frank,Rogers,Doctor 16,2022-12-31
P0105,John,Morris,Doctor 1,2023-01-01
P0264,Donna,Perez,Doctor 11,2023-01-01
P0400,Brenda,Gray,Doctor 3,2023-01-01
P0405,Kathleen,White,Doctor 13,2023-01-01
P0424,Raymond,Phillips,Doctor 18,2023-01-01
P0447,Jacob,Kim,Doctor 15,2023-01-01
P0517,Brandon,Gonzalez,Doctor 5,2023-01-01
P0934,Thomas,Lopez,Doctor 3,2023-01-01
P0963,George,Castillo,Doctor 9,2023-01-01
P1027,Betty,Bailey,Doctor 15,2023-01-01
P1213,Sarah,Richardson,Doctor 5,2023-01-01
P1245,Jessica,Allen,Doctor 19,2023-01-01
P1311,Mark,King,Doctor 9,2023-01-01
P1545,Stephen,Wilson,Doctor 15,2023-01-01
P1597,Joshua,Ward,Doctor 10,2023-01-01
P1615,Robert,Ortiz,Doctor 20,2023-01-01
P1681,Samuel,Moore,Doctor 4,2023-01-01
P1701,Mary,Sanchez,Doctor 18,2023-01-01
P1723,Nicholas,Howard,Doctor 6,2023-01-01
P1776,Sharon,Ruiz,Doctor 3,2023-01-01
P1798,Sandra,Kelly,Doctor 20,2023-01-01
P2175,Nancy,Richardson,Doctor 16,2023-01-01
P2190,Laura,Morgan,Doctor 19,2023-01-01
P2235,Richard,Rodriguez,Doctor 11,2023-01-01
P2287,Gary,Morris,Doctor 7,2023-01-01
P0142,Elizabeth,Evans,Doctor 18,2023-01-02
P0313,Jason,Smith,Doctor 7,2023-01-02
P0329,Joseph,Sanders,Doctor 16,2023-01-02
P0364,Rebecca,Martin,Doctor 10,2023-01-02
P0516,Samuel,Bennett,Doctor 20,2023-01-02
P0635,Elizabeth,Lewis,Doctor 7,2023-01-02
P0640,Raymond,Price,Doctor 2,2023-01-02
P0823,Sarah,Ramirez,Doctor 3,2023-01-02
P0865,Mark,Davis,Doctor 9,2023-01-02
P0987,Donna,Murphy,Doctor 10,2023-01-02
P1058,Jennifer,Clark,Doctor 1,2023-01-02
P1120,Sarah,Hill,Doctor 2,2023-01-02
P1137,Anthony,Anderson,Doctor 12,2023-01-02
P1494,Anthony,Cooper,Doctor 16,2023-01-02
P1595,Amy,Kim,Doctor 18,2023-01-02
P1660,Nancy,Campbell,Doctor 9,2023-01-02
P1660,Nancy,Campbell,Doctor 9,2023-01-02
P1695,Betty,Diaz,Doctor 19,2023-01-02
P1763,Brenda,Stewart,Doctor 15,2023-01-02
P1797,Jessica,Miller,Doctor 18,2023-01-02
P1932,Betty,Green,Doctor 3,2023-01-02
P1940,Dennis,Thomas,Doctor 11,2023-01-02
P2023,Deborah,Ramos,Doctor 4,2023-01-02
P0057,Deborah,Thompson,Doctor 15,2023-01-03
P0189,Helen,Scott,Doctor 3,2023-01-03
P0352,Rebecca,Watson,Doctor 9,2023-01-03
P0452,Frank,Brooks,Doctor 6,2023-01-03
P0466,Cynthia,Taylor,Doctor 17,2023-01-03
P0556,Lisa,Chavez,Doctor 18,2023-01-03
P0618,Joshua,Jackson,Doctor 9,2023-01-03
P0907,Michelle,Phillips,Doctor 20,2023-01-03
P0957,Sharon,Chavez,Doctor 10,2023-01-03
P0994,Andrew,Bennett,Doctor 9,2023-01-03
P1115,Justin,Collins,Doctor 12,2023-01-03
P1196,Jason,Cook,Doctor 13,2023-01-03
P1423,Jessica,Brooks,Doctor 3,2023-01-03
P1492,Deborah,Kim,Doctor 6,2023-01-03
P1619,Jack,Murphy,Doctor 17,2023-01-03
P1636,Thomas,Anderson,Doctor 7,2023-01-03
P1642,Richard,Lopez,Doctor 9,2023-01-03
P1809,Steven,Sanchez,Doctor 14,2023-01-03
P1826,Emma,Murphy,Doctor 17,2023-01-03
P1915,Karen,Bennett,Doctor 9,2023-01-03
P1987,Barbara,Martinez,Doctor 16,2023-01-03
P2134,Timothy,Scott,Doctor 5,2023-01-03
P2221,Sandra,Reyes,Doctor 9,2023-01-03
P2279,Brenda,Adams,Doctor 3,2023-01-03
P0028,Amy,Watson,Doctor 18,2023-01-04
P0059,Mary,Gray,Doctor 17,2023-01-04
P0171,Edward,Jackson,Doctor 8,2023-01-04
P0239,Aaron,Phillips,Doctor 13,2023-01-04
P0295,Patrick,Johnson,Doctor 3,2023-01-04
P0312,Helen,Reed,Doctor 8,2023-01-04
P0315,Charles,Chavez,Doctor 4,2023-01-04
P0326,Justin,Clark,Doctor 14,2023-01-04
P0334,Joseph,Diaz,Doctor 20,2023-01-04
P0405,Kathleen,White,Doctor 13,2023-01-04
P0422,Jerry,Lee,Doctor 1,2023-01-04
P0428,Sandra,White,Doctor 9,2023-01-04
P0533,Betty,Price,Doctor 11,2023-01-04
P0534,Richard,Morgan,Doctor 18,2023-01-04
P0624,Sarah,Murphy,Doctor 12,2023-01-04
P0644,Betty,Scott,Doctor 17,2023-01-04
P0720,Jose,Jackson,Doctor 10,2023-01-04
P0822,Ryan,Mitchell,Doctor 20,2023-01-04
P0827,Anthony,Howard,Doctor 19,2023-01-04
P0890,Dennis,Sanchez,Doctor 3,2023-01-04
P0953,Laura,Ortiz,Doctor 18,2023-01-04
P0957,Sharon,Chavez,Doctor 10,2023-01-04
P1015,Sarah,Gonzalez,Doctor 18,2023-01-04
P1052,Brenda,Allen,Doctor 16,2023-01-04
P1358,Gary,Hill,Doctor 14,2023-01-04
P1639,Dorothy,Evans,Doctor 5,2023-01-04
P1778,Daniel,Rivera,Doctor 20,2023-01-04
P1892,Joshua,Walker,Doctor 14,2023-01-04
P1916,Ronald,Thompson,Doctor 6,2023-01-04
P1931,Jeffrey,Collins,Doctor 19,2023-01-04
P1970,Laura,Torres,Doctor 8,2023-01-04
P2089,Charles,Reed,Doctor 16,2023-01-04
P2211,Benjamin,Moore,Doctor 9,2023-01-04
P2241,Jerry,Wilson,Doctor 11,2023-01-04
P2255,Donna,Lewis,Doctor 15,2023-01-04
P2292,Matthew,Alvarez,Doctor 11,2023-01-04
P0180,Linda,Cox,Doctor 2,2023-01-05
P0301,Linda,Hall,Doctor 5,2023-01-05
P0318,Barbara,Ward,Doctor 8,2023-01-05
P0380,Edward,Nelson,Doctor 1,2023-01-05
P0405,Kathleen,White,Doctor 13,2023-01-05
P0495,Angela,Rogers,Doctor 3,2023-01-05
P0520,David,Reed,Doctor 9,2023-01-05
P0551,Laura,Adams,Doctor 19,2023-01-05
P0573,Barbara,Cooper,Doctor 13,2023-01-05
P0590,Deborah,Collins,Doctor 11,2023-01-05
P0663,Anna,Young,Doctor 7,2023-01-05
P0674,Carol,Price,Doctor 4,2023-01-05
P0733,John,Reyes,Doctor 11,2023-01-05
P0744,Eric,Garcia,Doctor 3,2023-01-05
P0750,Edward,Patel,Doctor 17,2023-01-05
P0848,Matthew,Phillips,Doctor 10,2023-01-05
P0862,Linda,James,Doctor 12,2023-01-05
P0879,Sarah,Hall,Doctor 15,2023-01-05
P0907,Michelle,Phillips,Doctor 20,2023-01-05
P0962,Laura,Garcia,Doctor 17,2023-01-05
P0996,Melissa,Collins,Doctor 20,2023-01-05
P1157,Ronald,Reed,Doctor 15,2023-01-05
P1214,Larry,Bennett,Doctor 8,2023-01-05
P1238,Brandon,Lee,Doctor 2,2023-01-05
P1344,Nicholas,Price,Doctor 19,2023-01-05
P1353,Jeffrey,Martinez,Doctor 4,2023-01-05
P1518,Cynthia,Peterson,Doctor 17,2023-01-05
P1560,Amy,Flores,Doctor 3,2023-01-05
P1565,Ruth,Morgan,Doctor 18,2023-01-05
P1780,John,Rivera,Doctor 12,2023-01-05
P1780,John,Rivera,Doctor 14,2023-01-05
P1861,Gary,Peterson,Doctor 5,2023-01-05
P1900,Andrew,Taylor,Doctor 15,2023-01-05
P1903,Nancy,Harris,Doctor 20,2023-01-05
P2019,Donald,Moore,Doctor 12,2023-01-05
P2117,Mary,Kelly,Doctor 2,2023-01-05
P0049,Anthony,Adams,Doctor 13,2023-01-06
P0090,Sharon,Harris,Doctor 17,2023-01-06
P0214,Frank,Torres,Doctor 4,2023-01-06
P0322,Cynthia,Robinson,Doctor 19,2023-01-06
P0429,Kimberly,Flores,Doctor 19,2023-01-06
P0501,Samuel,Chavez,Doctor 9,2023-01-06
P0541,Kimberly,Adams,Doctor 20,2023-01-06
P0650,Stephen,Lee,Doctor 11,2023-01-06
P0669,Nicholas,Castillo,Doctor 6,2023-01-06
P0680,Barbara,Adams,Doctor 13,2023-01-06
P0750,Edward,Patel,Doctor 17,2023-01-06
P0890,Dennis,Sanchez,Doctor 3,2023-01-06
P0936,Robert,Hernandez,Doctor 6,2023-01-06
P1040,Kathleen,Phillips,Doctor 14,2023-01-06
P1117,Steven,Gray,Doctor 2,2023-01-06
P1177,John,Patel,Doctor 18,2023-01-06
P1177,John,Patel,Doctor 3,2023-01-06
P1228,Susan,Rogers,Doctor 4,2023-01-06
P1547,Helen,Cooper,Doctor 15,2023-01-06
P1552,Ronald,Cox,Doctor 15,2023-01-06
P1753,Kimberly,Rogers,Doctor 12,2023-01-06
P1768,Patricia,Thomas,Doctor 9,2023-01-06
P1830,Jack,Rivera,Doctor 4,2023-01-06
P1833,Angela,Clark,Doctor 5,2023-01-06
P2055,Shirley,Adams,Doctor 15,2023-01-06
P2087,Mary,Chavez,Doctor 2,2023-01-06
P2249,Sandra,Bennett,Doctor 2,2023-01-06
P0033,Ronald,Rodriguez,Doctor 1,2023-01-07
P0248,Tyler,Brown,Doctor 3,2023-01-07
P0265,Angela,Bennett,Doctor 7,2023-01-07
P0316,Jacob,Rogers,Doctor 15,2023-01-07
P0412,Sandra,Wood,Doctor 19,2023-01-07
P0516,Samuel,Bennett,Doctor 13,2023-01-07
P0544,Frank,Clark,Doctor 17,2023-01-07
P0584,Tyler,Alvarez,Doctor 8,2023-01-07
P0663,Anna,Young,Doctor 7,2023-01-07
P0706,Gregory,Cox,Doctor 2,2023-01-07
P0724,Richard,Flores,Doctor 2,2023-01-07
P0727,Benjamin,Rodriguez,Doctor 16,2023-01-07
P0812,Jennifer,Flores,Doctor 18,2023-01-07
P0959,Jonathan,Kelly,Doctor 8,2023-01-07
P0989,Matthew,Flores,Doctor 16,2023-01-07
P1103,Jeffrey,Moore,Doctor 1,2023-01-07
P1146,Jose,Chavez,Doctor 3,2023-01-07
P1408,Scott,Castillo,Doctor 15,2023-01-07
P1429,Steven,Jones,Doctor 15,2023-01-07
P1441,Jack,Young,Doctor 11,2023-01-07
P1561,Nicholas,Rodriguez,Doctor 19,2023-01-07
P1677,Raymond,Davis,Doctor 19,2023-01-07
P1697,William,Mendoza,Doctor 11,2023-01-07
P1978,Jacob,Alvarez,Doctor 3,2023-01-07
P2129,Betty,Torres,Doctor 1,2023-01-07
P2139,Jason,Ortiz,Doctor 15,2023-01-07
P2223,Andrew,Green,Doctor 1,2023-01-07
P2278,Benjamin,Brown,Doctor 16,2023-01-07
P0005,Stephen,Morales,Doctor 18,2023-01-08
P0073,Michael,Torres,Doctor 17,2023-01-08
P0144,Betty,Thomas,Doctor 3,2023-01-08
P0145,Jose,Cruz,Doctor 4,2023-01-08
P0174,Amy,Thompson,Doctor 20,2023-01-08
P0188,Jennifer,Alvarez,Doctor 6,2023-01-08
P0208,Ryan,Clark,Doctor 5,2023-01-08
P0258,Scott,Smith,Doctor 20,2023-01-08
P0413,Anna,Chavez,Doctor 6,2023-01-08
P0452,Frank,Brooks,Doctor 6,2023-01-08
P0465,Kathleen,Edwards,Doctor 13,2023-01-08
P0503,Carol,James,Doctor 10,2023-01-08
P0504,Joseph,Gray,Doctor 12,2023-01-08
P0570,Amy,Davis,Doctor 2,2023-01-08
P0635,Elizabeth,Lewis,Doctor 7,2023-01-08
P0732,William,Reed,Doctor 16,2023-01-08
P0778,Sandra,Alvarez,Doctor 15,2023-01-08
P0869,Helen,Perez,Doctor 12,2023-01-08
P0933,Steven,Harris,Doctor 18,2023-01-08
P0961,Helen,Lee,Doctor 3,2023-01-08
P0991,Deborah,Ortiz,Doctor 5,2023-01-08
P1269,Laura,Hill,Doctor 16,2023-01-08
P1296,Linda,Nguyen,Doctor 7,2023-01-08
P1320,Ryan,Young,Doctor 1,2023-01-08
P1661,Sharon,Cox,Doctor 7,2023-01-08
P1706,Dennis,Gomez,Doctor 1,2023-01-08
P1932,Betty,Green,Doctor 16,2023-01-08
P1970,Laura,Torres,Doctor 8,2023-01-08
P2037,Lisa,Collins,Doctor 9,2023-01-08
P2106,Anthony,Gutierrez,Doctor 12,2023-01-08
P2150,Karen,Cruz,Doctor 14,2023-01-08
P2219,Karen,White,Doctor 5,2023-01-08
P2261,Alexander,Cook,Doctor 1,2023-01-08
P2267,Matthew,Torres,Doctor 5,2023-01-08
P0042,Deborah,Green,Doctor 9,2023-01-09
P0076,Patrick,Nelson,Doctor 7,2023-01-09
P0078,Kenneth,Turner,Doctor 3,2023-01-09
P0179,Jacob,Gray,Doctor 5,2023-01-09
P0208,Ryan,Clark,Doctor 5,2023-01-09
P0218,Michael,Reed,Doctor 13,2023-01-09
P0361,Donald,Smith,Doctor 3,2023-01-09
P0459,Sarah,Kim,Doctor 1,2023-01-09
P0522,Donna,Edwards,Doctor 1,2023-01-09
P0568,Virginia,Davis,Doctor 17,2023-01-09
P0592,Brian,Jackson,Doctor 10,2023-01-09
P0593,Carol,Walker,Doctor 18,2023-01-09
P0748,William,Adams,Doctor 5,2023-01-09
P0981,Kenneth,Gray,Doctor 13,2023-01-09
P1010,Joseph,Alvarez,Doctor 12,2023-01-09
P1010,Joseph,Alvarez,Doctor 12,2023-01-09
P1245,Jessica,Allen,Doctor 1,2023-01-09
P1335,William,Nelson,Doctor 16,2023-01-09
P1374,Joshua,Morris,Doctor 7,2023-01-09
P1419,Nicholas,Harris,Doctor 4,2023-01-09
P1479,Ryan,Garcia,Doctor 20,2023-01-09
P1632,Amy,Mitchell,Doctor 2,2023-01-09
P1649,Elizabeth,Green,Doctor 2,2023-01-09
P1668,Dorothy,Moore,Doctor 20,2023-01-09
P1709,Sandra,Jones,Doctor 2,2023-01-09
P1727,Brandon,Hernandez,Doctor 2,2023-01-09
P1761,Betty,Anderson,Doctor 10,2023-01-09
P1828,George,Nguyen,Doctor 11,2023-01-09
P1936,Linda,Smith,Doctor 8,2023-01-09
P2049,Christopher,Walker,Doctor 5,2023-01-09
P2086,Elizabeth,Patel,Doctor 19,2023-01-09
P2215,James,Howard,Doctor 2,2023-01-09
P0070,Timothy,Torres,Doctor 14,2023-01-10
P0134,William,Lewis,Doctor 4,2023-01-10
P0148,Mark,Clark,Doctor 12,2023-01-10
P0318,Barbara,Ward,Doctor 14,2023-01-10
P0414,Aaron,Rogers,Doctor 19,2023-01-10
P0535,Carol,Green,Doctor 5,2023-01-10
P0740,Eric,Moore,Doctor 4,2023-01-10
P0753,Nicholas,Clark,Doctor 14,2023-01-10
P0905,Sarah,Nelson,Doctor 9,2023-01-10
P0907,Michelle,Phillips,Doctor 20,2023-01-10
P0954,James,Wright,Doctor 14,2023-01-10
P0965,Brenda,King,Doctor 2,2023-01-10
P0971,Brian,Cox,Doctor 2,2023-01-10
P1096,Gregory,Kim,Doctor 4,2023-01-10
P1175,Jennifer,Hill,Doctor 8,2023-01-10
P1265,Stephen,Reyes,Doctor 14,2023-01-10
P1266,Michael,Ruiz,Doctor 7,2023-01-10
P1390,Nancy,Alvarez,Doctor 16,2023-01-10
P1492,Deborah,Kim,Doctor 6,2023-01-10
P1568,Raymond,Thomas,Doctor 9,2023-01-10
P1579,Susan,Brooks,Doctor 6,2023-01-10
P1598,Mark,Cook,Doctor 8,2023-01-10
P1610,Matthew,Taylor,Doctor 18,2023-01-10
P1636,Thomas,Anderson,Doctor 10,2023-01-10
P1642,Richard,Lopez,Doctor 9,2023-01-10
P1652,Donna,Gomez,Doctor 10,2023-01-10
P1710,Michael,Peterson,Doctor 11,2023-01-10
P1785,Samuel,Morris,Doctor 20,2023-01-10
P1856,Dorothy,Sanchez,Doctor 2,2023-01-10
P1984,Melissa,Cruz,Doctor 7,2023-01-10
P2025,Joseph,Hughes,Doctor 9,2023-01-10
P2126,Jacob,Lewis,Doctor 11,2023-01-10
P2137,Brenda,Phillips,Doctor 15,2023-01-10
P2168,Larry,Allen,Doctor 1,2023-01-10
P2278,Benjamin,Brown,Doctor 16,2023-01-10
P0087,Benjamin,Wright,Doctor 8,2023-01-11
P0395,Sandra,Sanchez,Doctor 11,2023-01-11
P0408,Karen,Gray,Doctor 6,2023-01-11
P0411,Rebecca,Kim,Doctor 8,2023-01-11
P0492,Alexander,Davis,Doctor 11,2023-01-11
P0507,Melissa,Smith,Doctor 13,2023-01-11
P0524,Raymond,Mendoza,Doctor 19,2023-01-11
P0528,Frank,Price,Doctor 3,2023-01-11
P0565,Jeffrey,Wilson,Doctor 4,2023-01-11
P0588,Nancy,Morris,Doctor 9,2023-01-11
P0682,Rebecca,Robinson,Doctor 16,2023-01-11
P0710,Ronald,Evans,Doctor 12,2023-01-11
P0739,Tyler,Rodriguez,Doctor 11,2023-01-11
P0769,Virginia,Reyes,Doctor 12,2023-01-11
P0845,Gary,Watson,Doctor 8,2023-01-11
P0850,Frank,Carter,Doctor 18,2023-01-11
P0881,Anthony,Thomas,Doctor 12,2023-01-11
P1033,Edward,Wright,Doctor 1,2023-01-11
P1084,Kenneth,Morales,Doctor 15,2023-01-11
P1089,Anthony,Green,Doctor 6,2023-01-11
P1261,Gregory,Hughes,Doctor 15,2023-01-11
P1317,Laura,Brown,Doctor 20,2023-01-11
P1499,Justin,Thomas,Doctor 16,2023-01-11
P1520,Larry,Nelson,Doctor 12,2023-01-11
P1543,Laura,Diaz,Doctor 11,2023-01-11
P1558,Donald,Wood,Doctor 9,2023-01-11
P1593,Deborah,Smith,Doctor 13,2023-01-11
P1674,Edward,Hughes,Doctor 4,2023-01-11
P1711,William,Sanchez,Doctor 7,2023-01-11
P1846,Kenneth,Anderson,Doctor 8,2023-01-11
P1909,Ruth,Watson,Doctor 17,2023-01-11
P1947,Michelle,Brooks,Doctor 10,2023-01-11
P2098,Shirley,Cook,Doctor 2,2023-01-11
P2108,Betty,Reed,Doctor 7,2023-01-11
P2224,Deborah,Thomas,Doctor 5,2023-01-11
P2280,Sharon,Martinez,Doctor 11,2023-01-11
P2297,Andrew,Miller,Doctor 19,2023-01-11
P0031,Edward,Cruz,Doctor 17,2023-01-12
P0125,Jerry,Martin,Doctor 2,2023-01-12
P0168,Brenda,Wright,Doctor 15,2023-01-12
P0293,Christopher,Carter,Doctor 4,2023-01-12
P0447,Jacob,Kim,Doctor 19,2023-01-12
P0450,Brian,Peterson,Doctor 18,2023-01-12
P0575,Laura,Clark,Doctor 6,2023-01-12
P0583,Jessica,Price,Doctor 5,2023-01-12
P0626,Patricia,Phillips,Doctor 10,2023-01-12
P0629,Ruth,Reed,Doctor 19,2023-01-12
P0631,Ronald,Johnson,Doctor 19,2023-01-12
P0723,Jessica,Cruz,Doctor 17,2023-01-12
P0780,Nancy,Smith,Doctor 20,2023-01-12
P0829,Charles,Adams,Doctor 4,2023-01-12
P0971,Brian,Cox,Doctor 2,2023-01-12
P1013,Robert,Anderson,Doctor 9,2023-01-12
P1142,Jonathan,Johnson,Doctor 14,2023-01-12
P1159,Donna,Taylor,Doctor 20,2023-01-12
P1307,Ronald,Castillo,Doctor 3,2023-01-12
P1389,Melissa,Gray,Doctor 8,2023-01-12
P1430,Ryan,Chavez,Doctor 17,2023-01-12
P1584,Michelle,Bennett,Doctor 1,2023-01-12
P1741,Susan,Kim,Doctor 9,2023-01-12
P1773,Carol,Martinez,Doctor 15,2023-01-12
P1784,Joseph,Peterson,Doctor 2,2023-01-12
P1786,Matthew,Morales,Doctor 2,2023-01-12
P1894,Kimberly,Alvarez,Doctor 10,2023-01-12
P1962,James,Gray,Doctor 10,2023-01-12
P2004,Deborah,Gutierrez,Doctor 2,2023-01-12
P2031,Anna,Kelly,Doctor 7,2023-01-12
P2042,Anthony,Parker,Doctor 16,2023-01-12
P2057,Michelle,Myers,Doctor 16,2023-01-12
P2101,Jonathan,Hall,Doctor 1,2023-01-12
P2102,Linda,Taylor,Doctor 4,2023-01-12
P2286,Jerry,Thomas,Doctor 4,2023-01-12
P0192,Steven,Perez,Doctor 15,2023-01-13
P0235,Patrick,Sanchez,Doctor 11,2023-01-13
P0374,Angela,Gray,Doctor 17,2023-01-13
P0643,Andrew,Nguyen,Doctor 18,2023-01-13
P0722,Mark,Miller,Doctor 11,2023-01-13
P0735,Brian,Cooper,Doctor 12,2023-01-13
P0808,Jennifer,Stewart,Doctor 13,2023-01-13
P0865,Mark,Davis,Doctor 9,2023-01-13
P1051,Dorothy,Cruz,Doctor 4,2023-01-13
P1096,Gregory,Kim,Doctor 19,2023-01-13
P1113,Sharon,Richardson,Doctor 13,2023-01-13
P1244,Matthew,Rivera,Doctor 17,2023-01-13
P1258,Stephen,Roberts,Doctor 13,2023-01-13
P1281,Raymond,Martinez,Doctor 12,2023-01-13
P1287,James,Lewis,Doctor 4,2023-01-13
P1399,Matthew,Campbell,Doctor 13,2023-01-13
P1527,Donald,Peterson,Doctor 15,2023-01-13
P1554,Kathleen,Brooks,Doctor 6,2023-01-13
P1568,Raymond,Thomas,Doctor 9,2023-01-13
P1593,Deborah,Smith,Doctor 13,2023-01-13
P1692,Jose,Adams,Doctor 1,2023-01-13
P1757,Deborah,Parker,Doctor 16,2023-01-13
P1851,David,Brooks,Doctor 9,2023-01-13
P1897,James,Lee,Doctor 18,2023-01-13
P1956,Brian,Taylor,Doctor 17,2023-01-13
P2036,Steven,Garcia,Doctor 18,2023-01-13
P2124,Jonathan,Torres,Doctor 19,2023-01-13
P2266,Kathleen,Ward,Doctor 16,2023-01-13
P2293,Melissa,Lewis,Doctor 7,2023-01-13
P0025,Patricia,Hill,Doctor 18,2023-01-14
P0047,Eric,Nguyen,Doctor 7,2023-01-14
P0177,Mary,White,Doctor 7,2023-01-14
P0225,Amy,Cruz,Doctor 6,2023-01-14
P0280,Shirley,Walker,Doctor 7,2023-01-14
P0337,Larry,Phillips,Doctor 19,2023-01-14
P0381,Kathleen,Sanchez,Doctor 16,2023-01-14
P0492,Alexander,Davis,Doctor 4,2023-01-14
P0643,Andrew,Nguyen,Doctor 18,2023-01-14
P0646,Christopher,Green,Doctor 5,2023-01-14
P0668,Karen,Gomez,Doctor 10,2023-01-14
P0675,Deborah,Gray,Doctor 12,2023-01-14
P0865,Mark,Davis,Doctor 9,2023-01-14
P0884,Virginia,Turner,Doctor 7,2023-01-14
P0891,Nancy,Diaz,Doctor 8,2023-01-14
P0929,Brenda,Harris,Doctor 13,2023-01-14
P0951,Barbara,Young,Doctor 3,2023-01-14
P1076,Thomas,Rodriguez,Doctor 17,2023-01-14
P1081,Elizabeth,Edwards,Doctor 11,2023-01-14
P1208,James,Anderson,Doctor 17,2023-01-14
P1223,Jonathan,Green,Doctor 9,2023-01-14
P1236,Sandra,Howard,Doctor 1,2023-01-14
P1633,Kimberly,Phillips,Doctor 6,2023-01-14
P1642,Richard,Lopez,Doctor 20,2023-01-14
P1892,Joshua,Walker,Doctor 5,2023-01-14
P1899,Jeffrey,Bailey,Doctor 7,2023-01-14
P1901,Raymond,Nelson,Doctor 17,2023-01-14
P2025,Joseph,Hughes,Doctor 9,2023-01-14
P2050,Joseph,Richardson,Doctor 10,2023-01-14
P2093,Stephen,Murphy,Doctor 7,2023-01-14
P2171,Linda,Lewis,Doctor 20,2023-01-14
P2215,James,Howard,Doctor 2,2023-01-14
P2302,Brenda,Myers,Doctor 7,2023-01-14
P0120,Rebecca,Nguyen,Doctor 2,2023-01-15
P0324,Sharon,Howard,Doctor 15,2023-01-15
P0373,Lisa,Cook,Doctor 10,2023-01-15
P0438,Brandon,Miller,Doctor 16,2023-01-15
P0528,Frank,Price,Doctor 19,2023-01-15
P0576,Donald,Howard,Doctor 16,2023-01-15
P0613,Jeffrey,Cook,Doctor 20,2023-01-15
P0820,Joshua,Ruiz,Doctor 18,2023-01-15
P0825,Samuel,Walker,Doctor 12,2023-01-15
P0844,Gary,Morgan,Doctor 18,2023-01-15
P0904,Aaron,Patel,Doctor 11,2023-01-15
P0931,Edward,Hernandez,Doctor 12,2023-01-15
P1065,Ruth,Myers,Doctor 6,2023-01-15
P1078,Kevin,Johnson,Doctor 7,2023-01-15
P1086,Larry,Brooks,Doctor 20,2023-01-15
P1220,Justin,Phillips,Doctor 6,2023-01-15
P1231,Sharon,Johnson,Doctor 20,2023-01-15
P1280,Nancy,Peterson,Doctor 3,2023-01-15
P1308,Anna,Nguyen,Doctor 2,2023-01-15
P1334,Thomas,Miller,Doctor 9,2023-01-15
P1350,Gary,Nelson,Doctor 8,2023-01-15
P1435,Nancy,White,Doctor 18,2023-01-15
P1532,Dennis,Howard,Doctor 9,2023-01-15
P1533,Jerry,Ward,Doctor 8,2023-01-15
P1585,Elizabeth,Davis,Doctor 4,2023-01-15
P1658,Samuel,Clark,Doctor 19,2023-01-15
P1678,Sandra,Brown,Doctor 9,2023-01-15
P1679,Barbara,Smith,Doctor 16,2023-01-15
P1750,Jason,White,Doctor 4,2023-01-15
P1756,Brenda,Flores,Doctor 14,2023-01-15
P1826,Emma,Murphy,Doctor 17,2023-01-15
P1853,Joshua,Murphy,Doctor 13,2023-01-15
P1925,Jonathan,Patel,Doctor 7,2023-01-15
P1969,Jacob,Gutierrez,Doctor 13,2023-01-15
P1977,Deborah,Flores,Doctor 18,2023-01-15
P1990,Scott,Morris,Doctor 5,2023-01-15
P2080,Brian,Miller,Doctor 5,2023-01-15
P2108,Betty,Reed,Doctor 12,2023-01-15
P2134,Timothy,Scott,Doctor 17,2023-01-15
P2269,Kenneth,Jackson,Doctor 2,2023-01-15
P0350,Sarah,Evans,Doctor 9,2023-01-16
P0497,Patrick,Price,Doctor 7,2023-01-16
P0516,Samuel,Bennett,Doctor 13,2023-01-16
P0538,Rebecca,Gutierrez,Doctor 16,2023-01-16
P0660,Helen,Taylor,Doctor 11,2023-01-16
P0892,Elizabeth,Baker,Doctor 4,2023-01-16
P0983,Mark,Sanders,Doctor 2,2023-01-16
P1095,Kenneth,Hughes,Doctor 16,2023-01-16
P1112,Andrew,Williams,Doctor 19,2023-01-16
P1194,Kevin,Jackson,Doctor 14,2023-01-16
P1230,Susan,Ward,Doctor 15,2023-01-16
P1295,Jessica,Hall,Doctor 3,2023-01-16
P1372,Betty,Lee,Doctor 11,2023-01-16
P1382,Michelle,Hill,Doctor 16,2023-01-16
P1471,Jeffrey,Green,Doctor 10,2023-01-16
P1537,Rebecca,Moore,Doctor 10,2023-01-16
P1545,Stephen,Wilson,Doctor 15,2023-01-16
P1632,Amy,Mitchell,Doctor 2,2023-01-16
P1714,Ruth,Ortiz,Doctor 20,2023-01-16
P1761,Betty,Anderson,Doctor 10,2023-01-16
P1823,Jessica,Martin,Doctor 18,2023-01-16
P0059,Mary,Gray,Doctor 13,2023-01-17
P0149,Larry,Turner,Doctor 7,2023-01-17
P0158,Timothy,Morgan,Doctor 18,2023-01-17
P0184,Cynthia,Patel,Doctor 15,2023-01-17
P0202,Brandon,Mendoza,Doctor 16,2023-01-17
P0295,Patrick,Johnson,Doctor 3,2023-01-17
P0386,Barbara,Thompson,Doctor 7,2023-01-17
P0393,Sandra,Robinson,Doctor 9,2023-01-17
P0399,Jack,Hall,Doctor 3,2023-01-17
P0467,Ruth,Hernandez,Doctor 18,2023-01-17
P0521,Michelle,Thomas,Doctor 1,2023-01-17
P0538,Rebecca,Gutierrez,Doctor 8,2023-01-17
P0824,Anthony,Torres,Doctor 6,2023-01-17
P0856,Brian,Baker,Doctor 15,2023-01-17
P0863,Brenda,James,Doctor 10,2023-01-17
P1021,Dennis,Kelly,Doctor 1,2023-01-17
P1052,Brenda,Allen,Doctor 20,2023-01-17
P1130,Dorothy,Hill,Doctor 17,2023-01-17
P1351,Joseph,Smith,Doctor 15,2023-01-17
P1364,Kathleen,Sanders,Doctor 4,2023-01-17
P1444,Laura,Anderson,Doctor 9,2023-01-17
P1485,Helen,Young,Doctor 10,2023-01-17
P1540,Patrick,Ramos,Doctor 11,2023-01-17
P1627,Robert,Patel,Doctor 11,2023-01-17
P1650,Patricia,King,Doctor 20,2023-01-17
P1840,Sarah,Patel,Doctor 5,2023-01-17
P1847,Sarah,Turner,Doctor 3,2023-01-17
P1938,Thomas,Robinson,Doctor 2,2023-01-17
P1943,John,Martinez,Doctor 12,2023-01-17
P2152,William,Cox,Doctor 19,2023-01-17
P2203,Brenda,Morgan,Doctor 1,2023-01-17
P0041,Virginia,Rogers,Doctor 16,2023-01-18
P0051,Jessica,Wright,Doctor 7,2023-01-18
P0251,Larry,Carter,Doctor 2,2023-01-18
P0273,Christopher,Howard,Doctor 15,2023-01-18
P0336,Jose,Gutierrez,Doctor 7,2023-01-18
P0339,Sharon,Gomez,Doctor 9,2023-01-18
P0363,Stephen,Ramirez,Doctor 7,2023-01-18
P0481,Christopher,Bailey,Doctor 15,2023-01-18
P0487,Lisa,Lewis,Doctor 18,2023-01-18
P0617,Patrick,Rogers,Doctor 9,2023-01-18
P0714,Stephen,Gonzalez,Doctor 17,2023-01-18
P0905,Sarah,Nelson,Doctor 6,2023-01-18
P0905,Sarah,Nelson,Doctor 6,2023-01-18
P0913,Kenneth,Wright,Doctor 1,2023-01-18
P1148,Ryan,Turner,Doctor 17,2023-01-18
P1213,Sarah,Richardson,Doctor 6,2023-01-18
P1328,Frank,Diaz,Doctor 5,2023-01-18
P1380,Helen,Bennett,Doctor 9,2023-01-18
P1419,Nicholas,Harris,Doctor 4,2023-01-18
P1517,Patrick,Adams,Doctor 13,2023-01-18
P1679,Barbara,Smith,Doctor 15,2023-01-18
P1685,Gary,King,Doctor 12,2023-01-18
P1714,Ruth,Ortiz,Doctor 20,2023-01-18
P1737,Michael,Cooper,Doctor 13,2023-01-18
P1860,Kimberly,Torres,Doctor 12,2023-01-18
P2008,Benjamin,Martinez,Doctor 17,2023-01-18
P2012,Jennifer,Johnson,Doctor 8,2023-01-18
P2166,Michelle,Wood,Doctor 17,2023-01-18
P2190,Laura,Morgan,Doctor 8,2023-01-18
P2275,Virginia,Gonzalez,Doctor 1,2023-01-18
P0002,Emma,Peterson,Doctor 13,2023-01-19
P0075,Gary,Reyes,Doctor 12,2023-01-19
P0105,John,Morris,Doctor 1,2023-01-19
P0117,Kimberly,Ruiz,Doctor 18,2023-01-19
P0237,Scott,Hill,Doctor 17,2023-01-19
P0361,Donald,Smith,Doctor 17,2023-01-19
P0393,Sandra,Robinson,Doctor 9,2023-01-19
P0393,Sandra,Robinson,Doctor 19,2023-01-19
P0432,Michelle,Ortiz,Doctor 8,2023-01-19
P0541,Kimberly,Adams,Doctor 20,2023-01-19
P0542,Kimberly,Bennett,Doctor 16,2023-01-19
P0684,Carol,Scott,Doctor 9,2023-01-19
P0685,Daniel,Davis,Doctor 18,2023-01-19
P0905,Sarah,Nelson,Doctor 8,2023-01-19
P1002,Gary,Jackson,Doctor 4,2023-01-19
P1112,Andrew,Williams,Doctor 19,2023-01-19
P1132,Cynthia,Young,Doctor 7,2023-01-19
P1334,Thomas,Miller,Doctor 16,2023-01-19
P1378,Karen,Richardson,Doctor 7,2023-01-19
P1405,Scott,Lewis,Doctor 14,2023-01-19
P1426,William,Martin,Doctor 10,2023-01-19
P1437,Carol,Evans,Doctor 14,2023-01-19
P1450,Mary,Allen,Doctor 11,2023-01-19
P1579,Susan,Brooks,Doctor 11,2023-01-19
P1650,Patricia,King,Doctor 20,2023-01-19
P1808,Linda,Wright,Doctor 1,2023-01-19
P1824,Jack,Perez,Doctor 10,2023-01-19
P1937,Brandon,Jones,Doctor 2,2023-01-19
P2004,Deborah,Gutierrez,Doctor 2,2023-01-19
P2034,Frank,Rogers,Doctor 16,2023-01-19
P2086,Elizabeth,Patel,Doctor 19,2023-01-19
P2212,Carol,Jones,Doctor 20,2023-01-19
P2226,Linda,Miller,Doctor 16,2023-01-19
P2263,Frank,Ruiz,Doctor 16,2023-01-19
P2271,Helen,Thompson,Doctor 10,2023-01-19
P2303,Patricia,James,Doctor 1,2023-01-19
P0012,Linda,Lopez,Doctor 2,2023-01-20
P0152,Michelle,Adams,Doctor 1,2023-01-20
P0230,Joseph,Anderson,Doctor 5,2023-01-20
P0274,Jacob,Sanchez,Doctor 13,2023-01-20
P0289,Gary,Anderson,Doctor 11,2023-01-20
P0393,Sandra,Robinson,Doctor 19,2023-01-20
P0415,George,Miller,Doctor 19,2023-01-20
P0511,Donald,Baker,Doctor 16,2023-01-20
P0525,Lisa,Stewart,Doctor 2,2023-01-20
P0543,Amy,Brooks,Doctor 15,2023-01-20
P0554,George,Gutierrez,Doctor 12,2023-01-20
P0647,Virginia,Cooper,Doctor 2,2023-01-20
P0659,Susan,Howard,Doctor 6,2023-01-20
P0733,John,Reyes,Doctor 17,2023-01-20
P0798,Steven,Bennett,Doctor 9,2023-01-20
P0837,Helen,Gray,Doctor 11,2023-01-20
P0849,Charles,Rivera,Doctor 18,2023-01-20
P0993,Sharon,Reed,Doctor 15,2023-01-20
P1220,Justin,Phillips,Doctor 6,2023-01-20
P1405,Scott,Lewis,Doctor 19,2023-01-20
P1484,Ruth,Baker,Doctor 9,2023-01-20
P1509,John,Hall,Doctor 4,2023-01-20
P1594,Linda,Ramirez,Doctor 19,2023-01-20
P1628,Ruth,Richardson,Doctor 5,2023-01-20
P1744,Kimberly,Stewart,Doctor 6,2023-01-20
P1793,Gary,Ramos,Doctor 17,2023-01-20
P1810,Andrew,Moore,Doctor 4,2023-01-20
P1812,James,Diaz,Doctor 11,2023-01-20
P1844,John,Thomas,Doctor 13,2023-01-20
P1893,Tyler,Wood,Doctor 7,2023-01-20
P1918,Barbara,Nelson,Doctor 10,2023-01-20
P2056,Nicholas,Watson,Doctor 9,2023-01-20
P2114,Patrick,Jackson,Doctor 1,2023-01-20
P2175,Nancy,Richardson,Doctor 16,2023-01-20
P2223,Andrew,Green,Doctor 13,2023-01-20
P0020,Michelle,Garcia,Doctor 7,2023-01-21
P0040,Sharon,Smith,Doctor 7,2023-01-21
P0074,Karen,Carter,Doctor 15,2023-01-21
P0111,Nancy,Lopez,Doctor 16,2023-01-21
P0146,Sharon,Baker,Doctor 10,2023-01-21
P0244,George,Brown,Doctor 10,2023-01-21
P0264,Donna,Perez,Doctor 10,2023-01-21
P0293,Christopher,Carter,Doctor 2,2023-01-21
P0327,Brenda,Howard,Doctor 2,2023-01-21
P0483,Helen,Smith,Doctor 4,2023-01-21
P0553,Ruth,Anderson,Doctor 12,2023-01-21
P0576,Donald,Howard,Doctor 7,2023-01-21
P0593,Carol,Walker,Doctor 5,2023-01-21
P0598,Carol,Garcia,Doctor 10,2023-01-21
P0830,Daniel,Hughes,Doctor 5,2023-01-21
P0869,Helen,Perez,Doctor 12,2023-01-21
P0912,Carol,Alvarez,Doctor 5,2023-01-21
P0916,Robert,Evans,Doctor 6,2023-01-21
P0939,Christopher,Smith,Doctor 20,2023-01-21
P0957,Sharon,Chavez,Doctor 10,2023-01-21
P1008,Joseph,Wood,Doctor 20,2023-01-21
P1034,Timothy,Rivera,Doctor 10,2023-01-21
P1078,Kevin,Johnson,Doctor 7,2023-01-21
P1081,Elizabeth,Edwards,Doctor 11,2023-01-21
P1241,Dorothy,White,Doctor 1,2023-01-21
P1251,Kimberly,Patel,Doctor 1,2023-01-21
P1252,Ronald,Cooper,Doctor 3,2023-01-21
P1358,Gary,Hill,Doctor 14,2023-01-21
P1389,Melissa,Gray,Doctor 8,2023-01-21
P1481,Karen,Harris,Doctor 13,2023-01-21
P1568,Raymond,Thomas,Doctor 9,2023-01-21
P1628,Ruth,Richardson,Doctor 16,2023-01-21
P1664,Sandra,Taylor,Doctor 12,2023-01-21
P1765,Cynthia,Gray,Doctor 4,2023-01-21
P1804,Jack,Price,Doctor 3,2023-01-21
P1856,Dorothy,Sanchez,Doctor 11,2023-01-21
P1863,Susan,Thompson,Doctor 16,2023-01-21
P1866,Frank,Morgan,Doctor 18,2023-01-21
P1920,Gary,Parker,Doctor 9,2023-01-21
P1931,Jeffrey,Collins,Doctor 19,2023-01-21
P2025,Joseph,Hughes,Doctor 9,2023-01-21
P2151,Dorothy,Davis,Doctor 11,2023-01-21
P0157,Sharon,Wood,Doctor 15,2023-01-22
P0220,Frank,Lewis,Doctor 5,2023-01-22
P0227,Jonathan,Bailey,Doctor 3,2023-01-22
P0344,Donna,Clark,Doctor 18,2023-01-22
P0470,Michelle,Williams,Doctor 14,2023-01-22
P0557,Joshua,Jones,Doctor 13,2023-01-22
P0762,Matthew,Young,Doctor 6,2023-01-22
P0905,Sarah,Nelson,Doctor 8,2023-01-22
P1022,Emma,Chavez,Doctor 9,2023-01-22
P1200,Nancy,Thompson,Doctor 2,2023-01-22
P1204,Thomas,Williams,Doctor 15,2023-01-22
P1219,Laura,Scott,Doctor 12,2023-01-22
P1227,Brandon,King,Doctor 19,2023-01-22
P1408,Scott,Castillo,Doctor 15,2023-01-22
P1435,Nancy,White,Doctor 18,2023-01-22
P1436,Linda,Howard,Doctor 6,2023-01-22
P1458,Kevin,Turner,Doctor 18,2023-01-22
P1601,Stephen,Peterson,Doctor 11,2023-01-22
P1725,Nancy,Taylor,Doctor 16,2023-01-22
P1793,Gary,Ramos,Doctor 15,2023-01-22
P1820,Raymond,Kelly,Doctor 8,2023-01-22
P1856,Dorothy,Sanchez,Doctor 11,2023-01-22
P1982,Kathleen,Patel,Doctor 17,2023-01-22
P2043,David,Kim,Doctor 10,2023-01-22
P2196,Richard,Clark,Doctor 12,2023-01-22
P0064,Eric,Chavez,Doctor 9,2023-01-23
P0131,Karen,Hughes,Doctor 20,2023-01-23
P0209,Benjamin,Campbell,Doctor 2,2023-01-23
P0311,Carol,Ramos,Doctor 10,2023-01-23
P0382,Samuel,Rivera,Doctor 12,2023-01-23
P0517,Brandon,Gonzalez,Doctor 5,2023-01-23
P0528,Frank,Price,Doctor 19,2023-01-23
P0558,Gregory,Martin,Doctor 15,2023-01-23
P0672,Sharon,Williams,Doctor 17,2023-01-23
P0688,Brenda,Lee,Doctor 12,2023-01-23
P0844,Gary,Morgan,Doctor 18,2023-01-23
P0850,Frank,Carter,Doctor 18,2023-01-23
P0879,Sarah,Hall,Doctor 16,2023-01-23
P1091,Edward,Rodriguez,Doctor 7,2023-01-23
P1146,Jose,Chavez,Doctor 2,2023-01-23
P1311,Mark,King,Doctor 9,2023-01-23
P1356,James,Flores,Doctor 11,2023-01-23
P1424,Michelle,Scott,Doctor 1,2023-01-23
P1490,Charles,Carter,Doctor 19,2023-01-23
P1531,Kathleen,Thompson,Doctor 2,2023-01-23
P1566,Edward,Murphy,Doctor 8,2023-01-23
P1597,Joshua,Ward,Doctor 3,2023-01-23
P1687,Nancy,Young,Doctor 18,2023-01-23
P1712,Sarah,Young,Doctor 8,2023-01-23
P1723,Nicholas,Howard,Doctor 6,2023-01-23
P1882,Justin,Kelly,Doctor 4,2023-01-23
P2061,Michael,Miller,Doctor 9,2023-01-23
P2115,Raymond,Jones,Doctor 20,2023-01-23
P2179,Charles,Wilson,Doctor 18,2023-01-23
P2215,James,Howard,Doctor 9,2023-01-23
P2249,Sandra,Bennett,Doctor 2,2023-01-23
P0256,Karen,Hernandez,Doctor 6,2023-01-24
P0286,Sharon,Ward,Doctor 20,2023-01-24
P0309,Robert,Green,Doctor 4,2023-01-24
P0317,Scott,Kelly,Doctor 14,2023-01-24
P0333,Laura,Nguyen,Doctor 20,2023-01-24
P0362,Lisa,James,Doctor 11,2023-01-24
P0376,Justin,Peterson,Doctor 12,2023-01-24
P0394,Aaron,Cox,Doctor 3,2023-01-24
P0522,Donna,Edwards,Doctor 1,2023-01-24
P0534,Richard,Morgan,Doctor 18,2023-01-24
P0558,Gregory,Martin,Doctor 19,2023-01-24
P0585,Eric,Gray,Doctor 6,2023-01-24
P0640,Raymond,Price,Doctor 2,2023-01-24
P0681,Donna,Cooper,Doctor 9,2023-01-24
P0842,Cynthia,Allen,Doctor 5,2023-01-24
P0924,Matthew,Diaz,Doctor 13,2023-01-24
P1017,Laura,Gonzalez,Doctor 18,2023-01-24
P1027,Betty,Bailey,Doctor 5,2023-01-24
P1044,Ruth,Phillips,Doctor 16,2023-01-24
P1083,Rebecca,Richardson,Doctor 19,2023-01-24
P1121,Tyler,Flores,Doctor 20,2023-01-24
P1157,Ronald,Reed,Doctor 15,2023-01-24
P1228,Susan,Rogers,Doctor 1,2023-01-24
P1244,Matthew,Rivera,Doctor 17,2023-01-24
P1265,Stephen,Reyes,Doctor 17,2023-01-24
P1275,William,Brooks,Doctor 14,2023-01-24
P1316,Jose,Mendoza,Doctor 1,2023-01-24
P1369,Tyler,Robinson,Doctor 13,2023-01-24
P1633,Kimberly,Phillips,Doctor 6,2023-01-24
P1674,Edward,Hughes,Doctor 4,2023-01-24
P1677,Raymond,Davis,Doctor 10,2023-01-24
P1687,Nancy,Young,Doctor 6,2023-01-24
P1812,James,Diaz,Doctor 11,2023-01-24
P1872,Kathleen,Parker,Doctor 13,2023-01-24
P1899,Jeffrey,Bailey,Doctor 20,2023-01-24
P1950,Justin,Reyes,Doctor 17,2023-01-24
P2141,David,Morgan,Doctor 20,2023-01-24
P2177,James,Rodriguez,Doctor 8,2023-01-24
P2182,Sandra,King,Doctor 3,2023-01-24
P2219,Karen,White,Doctor 5,2023-01-24
P0127,Robert,Brooks,Doctor 3,2023-01-25
P0269,Jacob,Perez,Doctor 17,2023-01-25
P0313,Jason,Smith,Doctor 19,2023-01-25
P0380,Edward,Nelson,Doctor 1,2023-01-25
P0410,Donald,Ramirez,Doctor 1,2023-01-25
P0441,Kimberly,Cooper,Doctor 19,2023-01-25
P0444,Donna,Allen,Doctor 9,2023-01-25
P0808,Jennifer,Stewart,Doctor 13,2023-01-25
P0808,Jennifer,Stewart,Doctor 13,2023-01-25
P0874,Aaron,Hall,Doctor 15,2023-01-25
P0966,Benjamin,Baker,Doctor 15,2023-01-25
P1182,Aaron,Martin,Doctor 8,2023-01-25
P1202,Jennifer,Carter,Doctor 11,2023-01-25
P1233,Deborah,Johnson,Doctor 14,2023-01-25
P1241,Dorothy,White,Doctor 1,2023-01-25
P1489,Mary,Alvarez,Doctor 4,2023-01-25
P1594,Linda,Ramirez,Doctor 19,2023-01-25
P1686,Benjamin,Chavez,Doctor 1,2023-01-25
P1709,Sandra,Jones,Doctor 14,2023-01-25
P1719,Scott,Watson,Doctor 4,2023-01-25
P1740,Patrick,Hill,Doctor 13,2023-01-25
P1878,George,Nelson,Doctor 16,2023-01-25
P1925,Jonathan,Patel,Doctor 7,2023-01-25
P1928,Patrick,Williams,Doctor 12,2023-01-25
P2038,Andrew,Allen,Doctor 11,2023-01-25
P2043,David,Kim,Doctor 10,2023-01-25
P2059,Michael,Ortiz,Doctor 12,2023-01-25
P2120,Kenneth,Gomez,Doctor 7,2023-01-25
P2209,Jessica,Walker,Doctor 2,2023-01-25
P0066,Andrew,Hill,Doctor 14,2023-01-26
P0284,Eric,Harris,Doctor 4,2023-01-26
P0404,Rebecca,Lee,Doctor 1,2023-01-26
P0430,Jerry,Ramos,Doctor 10,2023-01-26
P0435,Eric,Johnson,Doctor 9,2023-01-26
P0457,Melissa,Mendoza,Doctor 9,2023-01-26
P0465,Kathleen,Edwards,Doctor 1,2023-01-26
P0486,Linda,Mendoza,Doctor 14,2023-01-26
P0495,Angela,Rogers,Doctor 6,2023-01-26
P0507,Melissa,Smith,Doctor 13,2023-01-26
P0578,Donna,Williams,Doctor 20,2023-01-26
P0595,Justin,Gutierrez,Doctor 15,2023-01-26
P0612,David,Watson,Doctor 1,2023-01-26
P0659,Susan,Howard,Doctor 6,2023-01-26
P0673,Laura,Edwards,Doctor 9,2023-01-26
P0726,Betty,Phillips,Doctor 9,2023-01-26
P0727,Benjamin,Rodriguez,Doctor 17,2023-01-26
P0800,Jose,Scott,Doctor 19,2023-01-26
P1035,Brian,Perez,Doctor 14,2023-01-26
P1120,Sarah,Hill,Doctor 2,2023-01-26
P1326,Ronald,Adams,Doctor 20,2023-01-26
P1344,Nicholas,Price,Doctor 19,2023-01-26
P1455,Nancy,Bailey,Doctor 15,2023-01-26
P1517,Patrick,Adams,Doctor 14,2023-01-26
P1789,Rebecca,Reyes,Doctor 9,2023-01-26
P1914,Betty,Hall,Doctor 9,2023-01-26
P1960,Ruth,Taylor,Doctor 8,2023-01-26
P2111,James,Ortiz,Doctor 2,2023-01-26
P2123,Betty,Ruiz,Doctor 10,2023-01-26
P2167,Donna,Lee,Doctor 4,2023-01-26
P2197,Daniel,Taylor,Doctor 18,2023-01-26
P0031,Edward,Cruz,Doctor 17,2023-01-27
P0095,Lisa,Kelly,Doctor 5,2023-01-27
P0192,Steven,Perez,Doctor 19,2023-01-27
P0240,Sandra,Mitchell,Doctor 8,2023-01-27
P0442,Donna,Mitchell,Doctor 14,2023-01-27
P0511,Donald,Baker,Doctor 16,2023-01-27
P0532,Kimberly,Kim,Doctor 14,2023-01-27
P0590,Deborah,Collins,Doctor 11,2023-01-27
P0609,Cynthia,Roberts,Doctor 8,2023-01-27
P0663,Anna,Young,Doctor 18,2023-01-27
P0700,Michelle,Kelly,Doctor 19,2023-01-27
P0730,Deborah,Wood,Doctor 14,2023-01-27
P0937,Nancy,Cooper,Doctor 12,2023-01-27
P1035,Brian,Perez,Doctor 14,2023-01-27
P1128,Susan,Stewart,Doctor 11,2023-01-27
P1165,Helen,Collins,Doctor 19,2023-01-27
P1402,Karen,Williams,Doctor 7,2023-01-27
P1439,Brenda,Hernandez,Doctor 4,2023-01-27
P1458,Kevin,Turner,Doctor 13,2023-01-27
P1572,Jacob,Brooks,Doctor 12,2023-01-27
P1960,Ruth,Taylor,Doctor 8,2023-01-27
P2140,Angela,Nguyen,Doctor 15,2023-01-27
P2145,Daniel,Lewis,Doctor 13,2023-01-27
P2182,Sandra,King,Doctor 3,2023-01-27
P0056,Aaron,Kim,Doctor 10,2023-01-28
P0243,Jeffrey,Patel,Doctor 17,2023-01-28
P0282,Thomas,Roberts,Doctor 15,2023-01-28
P0294,Ryan,Lopez,Doctor 3,2023-01-28
P0396,Susan,Smith,Doctor 5,2023-01-28
P0540,Kenneth,Collins,Doctor 20,2023-01-28
P0713,Kenneth,Adams,Doctor 9,2023-01-28
P0785,Nicholas,Sanchez,Doctor 20,2023-01-28
P0805,Helen,Murphy,Doctor 14,2023-01-28
P0894,Kimberly,Nelson,Doctor 8,2023-01-28
P0981,Kenneth,Gray,Doctor 11,2023-01-28
P1079,Frank,Harris,Doctor 15,2023-01-28
P1099,Jason,Anderson,Doctor 8,2023-01-28
P1171,Carol,Young,Doctor 16,2023-01-28
P1365,Stephen,Jackson,Doctor 10,2023-01-28
P1461,Jonathan,Clark,Doctor 2,2023-01-28
P1466,James,Collins,Doctor 6,2023-01-28
P1472,Jose,Evans,Doctor 18,2023-01-28
P1542,Charles,Nguyen,Doctor 8,2023-01-28
P1673,Matthew,Peterson,Doctor 20,2023-01-28
P1682,Sandra,Stewart,Doctor 11,2023-01-28
P1710,Michael,Peterson,Doctor 10,2023-01-28
P1817,Sandra,Parker,Doctor 7,2023-01-28
P1853,Joshua,Murphy,Doctor 13,2023-01-28
P1985,Alexander,Gray,Doctor 6,2023-01-28
P2148,Gregory,Watson,Doctor 20,2023-01-28
P2148,Gregory,Watson,Doctor 20,2023-01-28
P2199,Patrick,Perez,Doctor 18,2023-01-28
P2283,James,Torres,Doctor 7,2023-01-28
P0147,Brandon,Gomez,Doctor 6,2023-01-29
P0153,Ryan,Peterson,Doctor 6,2023-01-29
P0184,Cynthia,Patel,Doctor 20,2023-01-29
P0287,Eric,Peterson,Doctor 1,2023-01-29
P0451,Steven,Robinson,Doctor 11,2023-01-29
P0477,Betty,Roberts,Doctor 3,2023-01-29
P0518,Donna,Sanders,Doctor 11,2023-01-29
P0621,Raymond,Morris,Doctor 16,2023-01-29
P0648,Daniel,Howard,Doctor 7,2023-01-29
P0672,Sharon,Williams,Doctor 17,2023-01-29
P0692,Ryan,Sanders,Doctor 13,2023-01-29
P0785,Nicholas,Sanchez,Doctor 20,2023-01-29
P0796,Jerry,Brooks,Doctor 17,2023-01-29
P0870,Betty,Young,Doctor 10,2023-01-29
P0933,Steven,Harris,Doctor 18,2023-01-29
P0976,Deborah,Davis,Doctor 7,2023-01-29
P0978,Jessica,Mitchell,Doctor 9,2023-01-29
P1149,James,Walker,Doctor 18,2023-01-29
P1182,Aaron,Martin,Doctor 8,2023-01-29
P1221,Kimberly,Gray,Doctor 14,2023-01-29
P1240,Helen,Sanchez,Doctor 14,2023-01-29
P1303,Karen,Lopez,Doctor 5,2023-01-29
P1319,Angela,Hughes,Doctor 12,2023-01-29
P1342,Jose,Diaz,Doctor 18,2023-01-29
P1345,Linda,Brown,Doctor 19,2023-01-29
P1519,Michelle,Hernandez,Doctor 15,2023-01-29
P1519,Michelle,Hernandez,Doctor 12,2023-01-29
P1627,Robert,Patel,Doctor 11,2023-01-29
P1669,Kimberly,Turner,Doctor 3,2023-01-29
P1861,Gary,Peterson,Doctor 5,2023-01-29
P2025,Joseph,Hughes,Doctor 2,2023-01-29
P2055,Shirley,Adams,Doctor 15,2023-01-29
P2062,Steven,Adams,Doctor 12,2023-01-29
P2070,Andrew,Rivera,Doctor 15,2023-01-29
P2074,Sarah,Campbell,Doctor 3,2023-01-29
P2080,Brian,Miller,Doctor 5,2023-01-29
P2090,Anna,Sanchez,Doctor 18,2023-01-29
P2227,Jerry,Bennett,Doctor 9,2023-01-29
P0048,Samuel,Young,Doctor 6,2023-01-30
P0142,Elizabeth,Evans,Doctor 18,2023-01-30
P0325,Patricia,Bennett,Doctor 9,2023-01-30
P0678,James,Garcia,Doctor 7,2023-01-30
P0801,George,Ramos,Doctor 5,2023-01-30
P0833,Amy,Lewis,Doctor 4,2023-01-30
P0892,Elizabeth,Baker,Doctor 4,2023-01-30
P0926,Robert,Castillo,Doctor 6,2023-01-30
P1012,Patrick,Wilson,Doctor 13,2023-01-30
P1013,Robert,Anderson,Doctor 9,2023-01-30
P1053,Ruth,Lopez,Doctor 15,2023-01-30
P1099,Jason,Anderson,Doctor 20,2023-01-30
P1138,Ruth,Perez,Doctor 4,2023-01-30
P1314,Rebecca,Mendoza,Doctor 5,2023-01-30
P1340,George,Myers,Doctor 3,2023-01-30
P1478,Daniel,Cooper,Doctor 19,2023-01-30
P1567,Steven,Cook,Doctor 18,2023-01-30
P1739,Carol,Patel,Doctor 8,2023-01-30
P1750,Jason,White,Doctor 17,2023-01-30
P1830,Jack,Rivera,Doctor 3,2023-01-30
P1873,Jonathan,Turner,Doctor 20,2023-01-30
P1909,Ruth,Watson,Doctor 17,2023-01-30
P0120,Rebecca,Nguyen,Doctor 2,2023-01-31
P0184,Cynthia,Patel,Doctor 20,2023-01-31
P0214,Frank,Torres,Doctor 19,2023-01-31
P0222,Ryan,Taylor,Doctor 14,2023-01-31
P0404,Rebecca,Lee,Doctor 14,2023-01-31
P0553,Ruth,Anderson,Doctor 12,2023-01-31
P0644,Betty,Scott,Doctor 9,2023-01-31
P0685,Daniel,Davis,Doctor 18,2023-01-31
P1002,Gary,Jackson,Doctor 9,2023-01-31
P1372,Betty,Lee,Doctor 11,2023-01-31
P1402,Karen,Williams,Doctor 4,2023-01-31
P1441,Jack,Young,Doctor 7,2023-01-31
P1508,Amy,Morris,Doctor 5,2023-01-31
P1540,Patrick,Ramos,Doctor 11,2023-01-31
P1716,Sarah,Lee,Doctor 8,2023-01-31
P1725,Nancy,Taylor,Doctor 13,2023-01-31
P1788,Sarah,Diaz,Doctor 15,2023-01-31
P1789,Rebecca,Reyes,Doctor 2,2023-01-31
P1806,Sharon,Lewis,Doctor 19,2023-01-31
P2007,Ryan,Sanchez,Doctor 4,2023-01-31
P2102,Linda,Taylor,Doctor 1,2023-01-31
P2136,Sarah,Robinson,Doctor 9,2023-01-31
P2179,Charles,Wilson,Doctor 11,2023-01-31
P2201,Joseph,Martin,Doctor 8,2023-01-31
P2223,Andrew,Green,Doctor 13,2023-01-31
P2297,Andrew,Miller,Doctor 10,2023-01-31
P0052,Kevin,Perez,Doctor 3,2023-02-01
P0128,Eric,Nelson,Doctor 13,2023-02-01
P0132,Amy,Patel,Doctor 20,2023-02-01
P0378,Melissa,Thomas,Doctor 1,2023-02-01
P0408,Karen,Gray,Doctor 18,2023-02-01
P0490,Gary,Ramirez,Doctor 14,2023-02-01
P0520,David,Reed,Doctor 9,2023-02-01
P0596,Nicholas,Ramos,Doctor 3,2023-02-01
P0667,Richard,Nelson,Doctor 17,2023-02-01
P0671,Karen,Cook,Doctor 17,2023-02-01
P0682,Rebecca,Robinson,Doctor 9,2023-02-01
P0703,Tyler,Ortiz,Doctor 18,2023-02-01
P0726,Betty,Phillips,Doctor 9,2023-02-01
P0945,Shirley,Gomez,Doctor 5,2023-02-01
P1102,Samuel,Hill,Doctor 1,2023-02-01
P1194,Kevin,Jackson,Doctor 11,2023-02-01
P1253,Deborah,Bennett,Doctor 18,2023-02-01
P1500,Tyler,Williams,Doctor 16,2023-02-01
P1581,Jason,Johnson,Doctor 5,2023-02-01
P1689,John,Kim,Doctor 15,2023-02-01
P1776,Sharon,Ruiz,Doctor 14,2023-02-01
P1910,Jose,Allen,Doctor 18,2023-02-01
P2017,Jose,Taylor,Doctor 6,2023-02-01
P2119,Lisa,Nguyen,Doctor 18,2023-02-01
P2162,Nicholas,Kim,Doctor 10,2023-02-01
P2193,Donna,Patel,Doctor 16,2023-02-01
P0286,Sharon,Ward,Doctor 5,2023-02-02
P0374,Angela,Gray,Doctor 17,2023-02-02
P0383,Brandon,Morales,Doctor 13,2023-02-02
P0432,Michelle,Ortiz,Doctor 10,2023-02-02
P0497,Patrick,Price,Doctor 13,2023-02-02
P0504,Joseph,Gray,Doctor 12,2023-02-02
P0713,Kenneth,Adams,Doctor 9,2023-02-02
P0761,Daniel,Miller,Doctor 13,2023-02-02
P0837,Helen,Gray,Doctor 11,2023-02-02
P1164,Steven,Gutierrez,Doctor 14,2023-02-02
P1287,James,Lewis,Doctor 4,2023-02-02
P1320,Ryan,Young,Doctor 1,2023-02-02
P1389,Melissa,Gray,Doctor 4,2023-02-02
P1409,Kimberly,Sanchez,Doctor 1,2023-02-02
P1500,Tyler,Williams,Doctor 16,2023-02-02
P1596,Amy,Gomez,Doctor 9,2023-02-02
P1627,Robert,Patel,Doctor 1,2023-02-02
P1672,Eric,Hill,Doctor 15,2023-02-02
P1739,Carol,Patel,Doctor 8,2023-02-02
P1745,Anthony,Ruiz,Doctor 10,2023-02-02
P1863,Susan,Thompson,Doctor 10,2023-02-02
P1912,Helen,Brooks,Doctor 9,2023-02-02
P1963,Lisa,Martin,Doctor 8,2023-02-02
P2001,Sarah,Moore,Doctor 15,2023-02-02
P2028,Mark,Wright,Doctor 8,2023-02-02
P2186,Kimberly,Evans,Doctor 15,2023-02-02
P0084,Jonathan,Campbell,Doctor 2,2023-02-03
P0262,William,Nguyen,Doctor 20,2023-02-03
P0293,Christopher,Carter,Doctor 1,2023-02-03
P0360,Amy,King,Doctor 9,2023-02-03
P0495,Angela,Rogers,Doctor 6,2023-02-03
P0530,Brian,Nelson,Doctor 17,2023-02-03
P0559,Mark,Chavez,Doctor 20,2023-02-03
P0591,Jason,Thomas,Doctor 3,2023-02-03
P0625,Elizabeth,Collins,Doctor 8,2023-02-03
P0758,Jessica,Wilson,Doctor 20,2023-02-03
P0977,Karen,Torres,Doctor 14,2023-02-03
P1045,Mary,Wright,Doctor 12,2023-02-03
P1074,Sharon,Allen,Doctor 18,2023-02-03
P1165,Helen,Collins,Doctor 19,2023-02-03
P1209,Deborah,Garcia,Doctor 2,2023-02-03
P1225,Ruth,Thomas,Doctor 16,2023-02-03
P1288,Edward,Watson,Doctor 4,2023-02-03
P1298,Linda,Bennett,Doctor 1,2023-02-03
P1301,Nancy,Ramos,Doctor 8,2023-02-03
P1620,Scott,Robinson,Doctor 1,2023-02-03
P1672,Eric,Hill,Doctor 15,2023-02-03
P1717,Steven,Turner,Doctor 12,2023-02-03
P1786,Matthew,Morales,Doctor 2,2023-02-03
P1790,Jessica,Rivera,Doctor 14,2023-02-03
P1805,Dorothy,Young,Doctor 7,2023-02-03
P2068,Anna,Robinson,Doctor 13,2023-02-03
P2174,Timothy,Martin,Doctor 20,2023-02-03
P2264,Joshua,Brown,Doctor 5,2023-02-03
P2286,Jerry,Thomas,Doctor 4,2023-02-03
P2287,Gary,Morris,Doctor 7,2023-02-03
P2290,Raymond,Bailey,Doctor 12,2023-02-03
P2302,Brenda,Myers,Doctor 17,2023-02-03
P0115,Raymond,Collins,Doctor 13,2023-02-04
P0129,Richard,Kim,Doctor 19,2023-02-04
P0193,Alexander,Gonzalez,Doctor 10,2023-02-04
P0304,John,Jones,Doctor 13,2023-02-04
P0365,Gregory,Hernandez,Doctor 6,2023-02-04
P0592,Brian,Jackson,Doctor 10,2023-02-04
P0649,Jack,Adams,Doctor 19,2023-02-04
P0742,Sarah,Cox,Doctor 5,2023-02-04
P0755,Lisa,Morgan,Doctor 16,2023-02-04
P0765,Laura,Collins,Doctor 19,2023-02-04
P0955,Nicholas,Roberts,Doctor 4,2023-02-04
P1131,Melissa,Campbell,Doctor 15,2023-02-04
P1142,Jonathan,Johnson,Doctor 14,2023-02-04
P1170,Shirley,Brown,Doctor 19,2023-02-04
P1196,Jason,Cook,Doctor 13,2023-02-04
P1252,Ronald,Cooper,Doctor 3,2023-02-04
P1377,Joshua,Nguyen,Doctor 1,2023-02-04
P1407,Sharon,Rodriguez,Doctor 9,2023-02-04
P1439,Brenda,Hernandez,Doctor 15,2023-02-04
P1486,Susan,King,Doctor 2,2023-02-04
P1563,Daniel,Kim,Doctor 19,2023-02-04
P1573,Carol,Lewis,Doctor 18,2023-02-04
P1584,Michelle,Bennett,Doctor 1,2023-02-04
P1664,Sandra,Taylor,Doctor 12,2023-02-04
P1738,Amy,Taylor,Doctor 15,2023-02-04
P1760,Ronald,Brown,Doctor 8,2023-02-04
P1867,Joshua,White,Doctor 13,2023-02-04
P2020,Benjamin,King,Doctor 9,2023-02-04
P2094,Charles,Lopez,Doctor 5,2023-02-04
P2173,Jerry,Collins,Doctor 19,2023-02-04
P2204,Brenda,Perez,Doctor 20,2023-02-04
P2213,Sandra,Hill,Doctor 4,2023-02-04
P2284,Betty,Wright,Doctor 13,2023-02-04
P0119,Benjamin,Morales,Doctor 1,2023-02-05
P0137,Kenneth,Scott,Doctor 6,2023-02-05
P0137,Kenneth,Scott,Doctor 2,2023-02-05
P0188,Jennifer,Alvarez,Doctor 6,2023-02-05
P0395,Sandra,Sanchez,Doctor 11,2023-02-05
P0544,Frank,Clark,Doctor 10,2023-02-05
P0773,Carol,Castillo,Doctor 2,2023-02-05
P0805,Helen,Murphy,Doctor 14,2023-02-05
P0816,Cynthia,Martin,Doctor 3,2023-02-05
P0861,Nancy,Rivera,Doctor 12,2023-02-05
P0870,Betty,Young,Doctor 10,2023-02-05
P1019,Andrew,Ruiz,Doctor 16,2023-02-05
P1169,Daniel,Sanders,Doctor 8,2023-02-05
P1267,Helen,Morales,Doctor 5,2023-02-05
P1271,Christopher,Peterson,Doctor 5,2023-02-05
P1363,David,Morales,Doctor 11,2023-02-05
P1382,Michelle,Hill,Doctor 11,2023-02-05
P1475,Jonathan,Edwards,Doctor 7,2023-02-05
P1640,Sharon,Thomas,Doctor 1,2023-02-05
P1663,Richard,Jackson,Doctor 16,2023-02-05
P1744,Kimberly,Stewart,Doctor 1,2023-02-05
P1753,Kimberly,Rogers,Doctor 16,2023-02-05
P1798,Sandra,Kelly,Doctor 20,2023-02-05
P1806,Sharon,Lewis,Doctor 19,2023-02-05
P1840,Sarah,Patel,Doctor 15,2023-02-05
P1886,Shirley,Williams,Doctor 12,2023-02-05
P1897,James,Lee,Doctor 18,2023-02-05
P1983,Samuel,Nelson,Doctor 13,2023-02-05
P2150,Karen,Cruz,Doctor 14,2023-02-05
P2305,Jessica,Young,Doctor 11,2023-02-05
P0082,Nancy,Ramirez,Doctor 10,2023-02-06
P0164,Robert,Price,Doctor 15,2023-02-06
P0178,Donna,White,Doctor 14,2023-02-06
P0204,Laura,Perez,Doctor 15,2023-02-06
P0330,Amy,Garcia,Doctor 4,2023-02-06
P0397,Scott,Sanchez,Doctor 1,2023-02-06
P0540,Kenneth,Collins,Doctor 20,2023-02-06
P0576,Donald,Howard,Doctor 7,2023-02-06
P0658,Richard,Rivera,Doctor 2,2023-02-06
P0686,Anthony,Kim,Doctor 20,2023-02-06
P0817,Joshua,Scott,Doctor 3,2023-02-06
P0877,Helen,Stewart,Doctor 11,2023-02-06
P0881,Anthony,Thomas,Doctor 12,2023-02-06
P0933,Steven,Harris,Doctor 18,2023-02-06
P1280,Nancy,Peterson,Doctor 3,2023-02-06
P1321,Cynthia,Nguyen,Doctor 4,2023-02-06
P1328,Frank,Diaz,Doctor 5,2023-02-06
P1368,Susan,Edwards,Doctor 11,2023-02-06
P1407,Sharon,Rodriguez,Doctor 9,2023-02-06
P1487,Emma,Hill,Doctor 18,2023-02-06
P1574,Robert,Stewart,Doctor 11,2023-02-06
P1579,Susan,Brooks,Doctor 7,2023-02-06
P1617,Jessica,Peterson,Doctor 16,2023-02-06
P1620,Scott,Robinson,Doctor 1,2023-02-06
P1774,Stephen,White,Doctor 17,2023-02-06
P1857,Stephen,Lewis,Doctor 15,2023-02-06
P2013,Rebecca,Parker,Doctor 8,2023-02-06
P2053,Scott,Morales,Doctor 9,2023-02-06
P2105,Aaron,Perez,Doctor 15,2023-02-06
P2157,Kathleen,Carter,Doctor 3,2023-02-06
P2295,Kenneth,Richardson,Doctor 19,2023-02-06
P0016,Stephen,Ruiz,Doctor 5,2023-02-07
P0210,Donna,Castillo,Doctor 8,2023-02-07
P0218,Michael,Reed,Doctor 13,2023-02-07
P0223,Jacob,Parker,Doctor 5,2023-02-07
P0305,Brenda,Gonzalez,Doctor 6,2023-02-07
P0383,Brandon,Morales,Doctor 13,2023-02-07
P0418,Jose,Rodriguez,Doctor 12,2023-02-07
P0527,Jessica,Rogers,Doctor 15,2023-02-07
P0620,Barbara,Ruiz,Doctor 15,2023-02-07
P0722,Mark,Miller,Doctor 11,2023-02-07
P0796,Jerry,Brooks,Doctor 18,2023-02-07
P0846,Amy,Martin,Doctor 19,2023-02-07
P1133,Virginia,Rivera,Doctor 9,2023-02-07
P1134,Mary,Lee,Doctor 9,2023-02-07
P1272,Thomas,Jones,Doctor 8,2023-02-07
P1273,Larry,Kelly,Doctor 7,2023-02-07
P1315,Amy,Baker,Doctor 14,2023-02-07
P1380,Helen,Bennett,Doctor 9,2023-02-07
P1441,Jack,Young,Doctor 4,2023-02-07
P1495,Kimberly,Mendoza,Doctor 6,2023-02-07
P1520,Larry,Nelson,Doctor 12,2023-02-07
P1581,Jason,Johnson,Doctor 5,2023-02-07
P1611,Donna,Turner,Doctor 16,2023-02-07
P1622,Kimberly,Roberts,Doctor 17,2023-02-07
P1649,Elizabeth,Green,Doctor 2,2023-02-07
P1685,Gary,King,Doctor 12,2023-02-07
P1743,Sharon,Nguyen,Doctor 7,2023-02-07
P1790,Jessica,Rivera,Doctor 14,2023-02-07
P1911,Thomas,Stewart,Doctor 19,2023-02-07
P1976,Cynthia,Green,Doctor 9,2023-02-07
P2000,Lisa,Cooper,Doctor 1,2023-02-07
P2009,Karen,Smith,Doctor 20,2023-02-07
P2049,Christopher,Walker,Doctor 5,2023-02-07
P2206,Patricia,Brown,Doctor 4,2023-02-07
P2270,Justin,Davis,Doctor 11,2023-02-07
P2282,Virginia,James,Doctor 13,2023-02-07
P2301,Dennis,Reed,Doctor 10,2023-02-07
P0070,Timothy,Torres,Doctor 14,2023-02-08
P0113,Donald,James,Doctor 7,2023-02-08
P0126,Mark,Allen,Doctor 11,2023-02-08
P0447,Jacob,Kim,Doctor 14,2023-02-08
P0466,Cynthia,Taylor,Doctor 17,2023-02-08
P0882,Daniel,Watson,Doctor 16,2023-02-08
P0930,Anthony,Diaz,Doctor 11,2023-02-08
P1054,Kimberly,Miller,Doctor 7,2023-02-08
P1062,Lisa,Castillo,Doctor 12,2023-02-08
P1153,Daniel,Martin,Doctor 8,2023-02-08
P1532,Dennis,Howard,Doctor 9,2023-02-08
P1536,Ronald,Allen,Doctor 1,2023-02-08
P1676,Jack,Martin,Doctor 10,2023-02-08
P1685,Gary,King,Doctor 17,2023-02-08
P1728,Cynthia,Adams,Doctor 11,2023-02-08
P2131,Lisa,Lopez,Doctor 17,2023-02-08
P2162,Nicholas,Kim,Doctor 17,2023-02-08
P2197,Daniel,Taylor,Doctor 18,2023-02-08
P2206,Patricia,Brown,Doctor 4,2023-02-08
P2258,Anna,Garcia,Doctor 9,2023-02-08
P2277,Sharon,Carter,Doctor 3,2023-02-08
P0090,Sharon,Harris,Doctor 17,2023-02-09
P0342,Jeffrey,Kelly,Doctor 10,2023-02-09
P0417,Justin,Garcia,Doctor 8,2023-02-09
P0500,Anthony,Ramirez,Doctor 3,2023-02-09
P0509,David,Myers,Doctor 20,2023-02-09
P0550,Larry,Lewis,Doctor 18,2023-02-09
P0574,William,Johnson,Doctor 17,2023-02-09
P0594,Shirley,Morales,Doctor 15,2023-02-09
P0700,Michelle,Kelly,Doctor 17,2023-02-09
P0700,Michelle,Kelly,Doctor 17,2023-02-09
P0711,Ryan,Williams,Doctor 13,2023-02-09
P0732,William,Reed,Doctor 16,2023-02-09
P0873,Alexander,Bailey,Doctor 17,2023-02-09
P0932,Jessica,Torres,Doctor 7,2023-02-09
P0948,Justin,Campbell,Doctor 5,2023-02-09
P0983,Mark,Sanders,Doctor 2,2023-02-09
P1051,Dorothy,Cruz,Doctor 5,2023-02-09
P1107,Brandon,Alvarez,Doctor 7,2023-02-09
P1138,Ruth,Perez,Doctor 13,2023-02-09
P1171,Carol,Young,Doctor 16,2023-02-09
P1235,Steven,Morgan,Doctor 15,2023-02-09
P1271,Christopher,Peterson,Doctor 5,2023-02-09
P1292,Jessica,Anderson,Doctor 1,2023-02-09
P1340,George,Myers,Doctor 6,2023-02-09
P1495,Kimberly,Mendoza,Doctor 6,2023-02-09
P1598,Mark,Cook,Doctor 11,2023-02-09
P1616,Daniel,Scott,Doctor 10,2023-02-09
P1629,Donald,Johnson,Doctor 17,2023-02-09
P1665,Laura,Carter,Doctor 16,2023-02-09
P1884,Mary,Nguyen,Doctor 2,2023-02-09
P1894,Kimberly,Alvarez,Doctor 10,2023-02-09
P2045,Sharon,Campbell,Doctor 17,2023-02-09
P2098,Shirley,Cook,Doctor 3,2023-02-09
P2211,Benjamin,Moore,Doctor 16,2023-02-09
P2213,Sandra,Hill,Doctor 4,2023-02-09
P2240,Jacob,Reed,Doctor 7,2023-02-09
P0075,Gary,Reyes,Doctor 10,2023-02-10
P0167,Anna,Mendoza,Doctor 9,2023-02-10
P0175,Kenneth,Castillo,Doctor 6,2023-02-10
P0278,Virginia,Morris,Doctor 8,2023-02-10
P0288,Nancy,Miller,Doctor 10,2023-02-10
P0365,Gregory,Hernandez,Doctor 6,2023-02-10
P0436,Emma,Alvarez,Doctor 6,2023-02-10
P0438,Brandon,Miller,Doctor 16,2023-02-10
P0445,Melissa,Parker,Doctor 2,2023-02-10
P0539,Betty,Alvarez,Doctor 7,2023-02-10
P0555,Alexander,Sanchez,Doctor 8,2023-02-10
P0586,Jerry,Morales,Doctor 11,2023-02-10
P0598,Carol,Garcia,Doctor 4,2023-02-10
P0600,Carol,Thomas,Doctor 16,2023-02-10
P0738,Benjamin,Hernandez,Doctor 13,2023-02-10
P0784,Gregory,Ruiz,Doctor 13,2023-02-10
P0848,Matthew,Phillips,Doctor 10,2023-02-10
P1050,Steven,White,Doctor 5,2023-02-10
P1218,Scott,Torres,Doctor 15,2023-02-10
P1246,Stephen,Ortiz,Doctor 7,2023-02-10
P1409,Kimberly,Sanchez,Doctor 1,2023-02-10
P1428,Samuel,Price,Doctor 3,2023-02-10
P1552,Ronald,Cox,Doctor 15,2023-02-10
P1702,Donna,James,Doctor 6,2023-02-10
P1762,Ruth,Wilson,Doctor 3,2023-02-10
P1765,Cynthia,Gray,Doctor 11,2023-02-10
P1782,Sharon,Alvarez,Doctor 6,2023-02-10
P1862,James,Peterson,Doctor 10,2023-02-10
P1919,Jessica,Perez,Doctor 4,2023-02-10
P1929,Helen,Ward,Doctor 6,2023-02-10
P1952,William,Flores,Doctor 19,2023-02-10
P0192,Steven,Perez,Doctor 19,2023-02-11
P0254,Frank,Castillo,Doctor 2,2023-02-11
P0271,Ruth,Morales,Doctor 2,2023-02-11
P0292,Tyler,Ramos,Doctor 18,2023-02-11
P0303,Emma,Green,Doctor 12,2023-02-11
P0303,Emma,Green,Doctor 12,2023-02-11
P0402,Jessica,King,Doctor 19,2023-02-11
P0463,Jeffrey,Hernandez,Doctor 8,2023-02-11
P0531,Anthony,Lee,Doctor 6,2023-02-11
P0655,Alexander,White,Doctor 11,2023-02-11
P0679,Kimberly,Rivera,Doctor 20,2023-02-11
P0683,Gregory,Clark,Doctor 1,2023-02-11
P0702,Sharon,Cooper,Doctor 6,2023-02-11
P0843,Dennis,Thompson,Doctor 4,2023-02-11
P0969,Donna,Brown,Doctor 10,2023-02-11
P1006,Jason,Ruiz,Doctor 10,2023-02-11
P1023,Benjamin,Cook,Doctor 17,2023-02-11
P1075,Ruth,Martinez,Doctor 5,2023-02-11
P1140,Raymond,Gutierrez,Doctor 13,2023-02-11
P1192,Jason,Turner,Doctor 4,2023-02-11
P1227,Brandon,King,Doctor 19,2023-02-11
P1291,Matthew,Thompson,Doctor 15,2023-02-11
P1459,Sandra,Wright,Doctor 19,2023-02-11
P1470,Dorothy,Walker,Doctor 15,2023-02-11
P1560,Amy,Flores,Doctor 20,2023-02-11
P1590,Gregory,Davis,Doctor 15,2023-02-11
P1637,John,Harris,Doctor 6,2023-02-11
P1811,Elizabeth,Morales,Doctor 16,2023-02-11
P1811,Elizabeth,Morales,Doctor 16,2023-02-11
P1910,Jose,Allen,Doctor 18,2023-02-11
P1918,Barbara,Nelson,Doctor 3,2023-02-11
P2033,Donna,Rivera,Doctor 16,2023-02-11
P2069,Melissa,Morris,Doctor 2,2023-02-11
P2131,Lisa,Lopez,Doctor 17,2023-02-11
P2181,Jack,Hill,Doctor 6,2023-02-11
P2268,Joseph,Turner,Doctor 7,2023-02-11
P0036,Angela,Cooper,Doctor 9,2023-02-12
P0207,Daniel,Baker,Doctor 2,2023-02-12
P0314,Sandra,Price,Doctor 1,2023-02-12
P0319,Raymond,Hill,Doctor 16,2023-02-12
P0370,Jonathan,Wilson,Doctor 8,2023-02-12
P0400,Brenda,Gray,Doctor 19,2023-02-12
P0444,Donna,Allen,Doctor 17,2023-02-12
P0489,Jennifer,Gutierrez,Doctor 10,2023-02-12
P0563,Kimberly,Rodriguez,Doctor 19,2023-02-12
P0603,Laura,Ramos,Doctor 2,2023-02-12
P0647,Virginia,Cooper,Doctor 5,2023-02-12
P0699,Jacob,Ruiz,Doctor 10,2023-02-12
P0715,Lisa,Cruz,Doctor 8,2023-02-12
P0897,Linda,Wood,Doctor 5,2023-02-12
P0954,James,Wright,Doctor 6,2023-02-12
P0979,Joshua,Allen,Doctor 7,2023-02-12
P1064,Dorothy,Turner,Doctor 19,2023-02-12
P1065,Ruth,Myers,Doctor 16,2023-02-12
P1108,Brenda,Torres,Doctor 5,2023-02-12
P1199,Alexander,Green,Doctor 1,2023-02-12
P1215,Betty,Hernandez,Doctor 17,2023-02-12
P1243,Virginia,Scott,Doctor 17,2023-02-12
P1249,Donna,Mendoza,Doctor 16,2023-02-12
P1254,Rebecca,Smith,Doctor 10,2023-02-12
P1348,Nancy,Evans,Doctor 9,2023-02-12
P1398,James,Brown,Doctor 13,2023-02-12
P1465,Sarah,King,Doctor 20,2023-02-12
P1535,Jessica,Bailey,Doctor 15,2023-02-12
P1577,Samuel,Thompson,Doctor 18,2023-02-12
P1635,Donna,Ramos,Doctor 2,2023-02-12
P1715,Deborah,Cox,Doctor 1,2023-02-12
P1742,Shirley,Myers,Doctor 7,2023-02-12
P1812,James,Diaz,Doctor 15,2023-02-12
P1915,Karen,Bennett,Doctor 9,2023-02-12
P1949,Elizabeth,Sanders,Doctor 12,2023-02-12
P2025,Joseph,Hughes,Doctor 2,2023-02-12
P2049,Christopher,Walker,Doctor 5,2023-02-12
P2050,Joseph,Richardson,Doctor 11,2023-02-12
P2200,James,Baker,Doctor 15,2023-02-12
P2242,Donna,Myers,Doctor 19,2023-02-12
P0012,Linda,Lopez,Doctor 2,2023-02-13
P0198,Sharon,Jackson,Doctor 13,2023-02-13
P0336,Jose,Gutierrez,Doctor 7,2023-02-13
P0472,Jerry,Sanders,Doctor 14,2023-02-13
P0538,Rebecca,Gutierrez,Doctor 8,2023-02-13
P0616,Deborah,Sanchez,Doctor 16,2023-02-13
P0646,Christopher,Green,Doctor 5,2023-02-13
P0669,Nicholas,Castillo,Doctor 16,2023-02-13
P0684,Carol,Scott,Doctor 9,2023-02-13
P0741,James,Hall,Doctor 20,2023-02-13
P0779,Jeffrey,Price,Doctor 13,2023-02-13
P0811,Joshua,Parker,Doctor 19,2023-02-13
P0820,Joshua,Ruiz,Doctor 18,2023-02-13
P0823,Sarah,Ramirez,Doctor 3,2023-02-13
P0893,Anna,Gomez,Doctor 7,2023-02-13
P1021,Dennis,Kelly,Doctor 1,2023-02-13
P1041,Linda,Martinez,Doctor 18,2023-02-13
P1045,Mary,Wright,Doctor 4,2023-02-13
P1069,Daniel,Young,Doctor 7,2023-02-13
P1278,Jessica,Bennett,Doctor 14,2023-02-13
P1308,Anna,Nguyen,Doctor 14,2023-02-13
P1335,William,Nelson,Doctor 16,2023-02-13
P1622,Kimberly,Roberts,Doctor 17,2023-02-13
P1679,Barbara,Smith,Doctor 12,2023-02-13
P1696,Patrick,Lewis,Doctor 6,2023-02-13
P1712,Sarah,Young,Doctor 18,2023-02-13
P1766,Cynthia,Harris,Doctor 9,2023-02-13
P1853,Joshua,Murphy,Doctor 15,2023-02-13
P1878,George,Nelson,Doctor 16,2023-02-13
P1974,Brenda,Castillo,Doctor 6,2023-02-13
P2073,Charles,Thompson,Doctor 1,2023-02-13
P2121,Mary,Wilson,Doctor 12,2023-02-13
P2126,Jacob,Lewis,Doctor 2,2023-02-13
P2211,Benjamin,Moore,Doctor 16,2023-02-13
P2271,Helen,Thompson,Doctor 5,2023-02-13
P2298,Kevin,Jones,Doctor 15,2023-02-13
P0014,Samuel,Anderson,Doctor 3,2023-02-14
P0079,Elizabeth,Murphy,Doctor 20,2023-02-14
P0309,Robert,Green,Doctor 4,2023-02-14
P0355,Virginia,Williams,Doctor 7,2023-02-14
P0452,Frank,Brooks,Doctor 6,2023-02-14
P0677,Sharon,Kelly,Doctor 14,2023-02-14
P0720,Jose,Jackson,Doctor 10,2023-02-14
P0920,George,Morales,Doctor 10,2023-02-14
P1016,Carol,Johnson,Doctor 14,2023-02-14
P1040,Kathleen,Phillips,Doctor 16,2023-02-14
P1071,Kathleen,Robinson,Doctor 19,2023-02-14
P1089,Anthony,Green,Doctor 6,2023-02-14
P1179,Emma,Howard,Doctor 6,2023-02-14
P1330,Alexander,Young,Doctor 3,2023-02-14
P1373,Jose,Cook,Doctor 18,2023-02-14
P1398,James,Brown,Doctor 13,2023-02-14
P1441,Jack,Young,Doctor 4,2023-02-14
P1504,Betty,Walker,Doctor 19,2023-02-14
P1533,Jerry,Ward,Doctor 19,2023-02-14
P1551,Richard,Perez,Doctor 20,2023-02-14
P1556,Larry,James,Doctor 9,2023-02-14
P1647,Richard,Stewart,Doctor 5,2023-02-14
P1651,Mark,Hernandez,Doctor 18,2023-02-14
P1892,Joshua,Walker,Doctor 5,2023-02-14
P1931,Jeffrey,Collins,Doctor 19,2023-02-14
P2016,Edward,Bennett,Doctor 15,2023-02-14
P2063,Michelle,Murphy,Doctor 1,2023-02-14
P2092,Kimberly,Cox,Doctor 2,2023-02-14
P2126,Jacob,Lewis,Doctor 2,2023-02-14
P2155,Alexander,Thompson,Doctor 17,2023-02-14
P2196,Richard,Clark,Doctor 20,2023-02-14
P2208,Kevin,Evans,Doctor 6,2023-02-14
P2299,Cynthia,Cooper,Doctor 5,2023-02-14
P0050,Sandra,Patel,Doctor 8,2023-02-15
P0381,Kathleen,Sanchez,Doctor 16,2023-02-15
P0453,Barbara,Rogers,Doctor 3,2023-02-15
P0462,Jennifer,Cox,Doctor 1,2023-02-15
P0466,Cynthia,Taylor,Doctor 5,2023-02-15
P0468,Ronald,Torres,Doctor 2,2023-02-15
P0592,Brian,Jackson,Doctor 10,2023-02-15
P0734,Mary,Nelson,Doctor 15,2023-02-15
P0772,Lisa,Hill,Doctor 4,2023-02-15
P0972,Jack,Cooper,Doctor 11,2023-02-15
P0987,Donna,Murphy,Doctor 10,2023-02-15
P0993,Sharon,Reed,Doctor 15,2023-02-15
P1077,Patrick,Young,Doctor 16,2023-02-15
P1090,Eric,Carter,Doctor 2,2023-02-15
P1112,Andrew,Williams,Doctor 8,2023-02-15
P1167,Mark,Hughes,Doctor 2,2023-02-15
P1396,Lisa,Walker,Doctor 7,2023-02-15
P1576,Rebecca,Mitchell,Doctor 1,2023-02-15
P1585,Elizabeth,Davis,Doctor 4,2023-02-15
P1615,Robert,Ortiz,Doctor 20,2023-02-15
P1809,Steven,Sanchez,Doctor 14,2023-02-15
P1909,Ruth,Watson,Doctor 17,2023-02-15
P1910,Jose,Allen,Doctor 11,2023-02-15
P1988,Jonathan,Wright,Doctor 15,2023-02-15
P1997,Kevin,Flores,Doctor 1,2023-02-15
P2197,Daniel,Taylor,Doctor 15,2023-02-15
P2227,Jerry,Bennett,Doctor 9,2023-02-15
P2232,Shirley,Green,Doctor 10,2023-02-15
P2239,Michael,Davis,Doctor 1,2023-02-15
P0018,Brenda,Anderson,Doctor 16,2023-02-16
P0109,Brandon,Cruz,Doctor 9,2023-02-16
P0231,Carol,Campbell,Doctor 9,2023-02-16
P0243,Jeffrey,Patel,Doctor 17,2023-02-16
P0270,Eric,Brooks,Doctor 19,2023-02-16
P0280,Shirley,Walker,Doctor 8,2023-02-16
P0380,Edward,Nelson,Doctor 10,2023-02-16
P0385,Justin,Mendoza,Doctor 9,2023-02-16
P0433,Kevin,Ward,Doctor 5,2023-02-16
P0602,Anna,Adams,Doctor 15,2023-02-16
P0690,Kenneth,Flores,Doctor 4,2023-02-16
P0701,Kimberly,Campbell,Doctor 11,2023-02-16
P0833,Amy,Lewis,Doctor 13,2023-02-16
P0848,Matthew,Phillips,Doctor 10,2023-02-16
P0852,Lisa,Reed,Doctor 11,2023-02-16
P0859,Anna,Reed,Doctor 8,2023-02-16
P0926,Robert,Castillo,Doctor 6,2023-02-16
P1095,Kenneth,Hughes,Doctor 16,2023-02-16
P1200,Nancy,Thompson,Doctor 4,2023-02-16
P1204,Thomas,Williams,Doctor 15,2023-02-16
P1243,Virginia,Scott,Doctor 5,2023-02-16
P1525,Donna,Brooks,Doctor 18,2023-02-16
P1622,Kimberly,Roberts,Doctor 6,2023-02-16
P1779,Jessica,Green,Doctor 8,2023-02-16
P1861,Gary,Peterson,Doctor 5,2023-02-16
P1916,Ronald,Thompson,Doctor 6,2023-02-16
P1940,Dennis,Thomas,Doctor 8,2023-02-16
P2068,Anna,Robinson,Doctor 12,2023-02-16
P2108,Betty,Reed,Doctor 12,2023-02-16
P2133,Scott,Cooper,Doctor 5,2023-02-16
P2159,Alexander,Torres,Doctor 5,2023-02-16
P2169,Michelle,Evans,Doctor 2,2023-02-16
P2216,Sharon,Roberts,Doctor 12,2023-02-16
P2254,Mark,Castillo,Doctor 7,2023-02-16
P0148,Mark,Clark,Doctor 16,2023-02-17
P0326,Justin,Clark,Doctor 14,2023-02-17
P0329,Joseph,Sanders,Doctor 16,2023-02-17
P0357,Jeffrey,Young,Doctor 8,2023-02-17
P0456,Betty,Myers,Doctor 8,2023-02-17
P0470,Michelle,Williams,Doctor 14,2023-02-17
P0503,Carol,James,Doctor 10,2023-02-17
P0800,Jose,Scott,Doctor 16,2023-02-17
P0825,Samuel,Walker,Doctor 12,2023-02-17
P0946,Timothy,Cox,Doctor 8,2023-02-17
P0994,Andrew,Bennett,Doctor 9,2023-02-17
P1057,Gary,Clark,Doctor 17,2023-02-17
P1157,Ronald,Reed,Doctor 15,2023-02-17
P1264,Laura,Ruiz,Doctor 2,2023-02-17
P1457,Timothy,Garcia,Doctor 4,2023-02-17
P1494,Anthony,Cooper,Doctor 8,2023-02-17
P1665,Laura,Carter,Doctor 5,2023-02-17
P1701,Mary,Sanchez,Doctor 18,2023-02-17
P1724,Helen,Diaz,Doctor 2,2023-02-17
P1727,Brandon,Hernandez,Doctor 5,2023-02-17
P1759,Jacob,Robinson,Doctor 12,2023-02-17
P1850,Carol,Phillips,Doctor 18,2023-02-17
P1861,Gary,Peterson,Doctor 5,2023-02-17
P1886,Shirley,Williams,Doctor 12,2023-02-17
P1890,Lisa,Price,Doctor 8,2023-02-17
P2052,Robert,Myers,Doctor 3,2023-02-17
P2107,Scott,Cox,Doctor 5,2023-02-17
P2237,Cynthia,Wright,Doctor 2,2023-02-17
P0039,Edward,Miller,Doctor 6,2023-02-18
P0054,Steven,Green,Doctor 20,2023-02-18
P0118,Sarah,Reed,Doctor 12,2023-02-18
P0297,Samuel,Harris,Doctor 13,2023-02-18
P0309,Robert,Green,Doctor 4,2023-02-18
P0618,Joshua,Jackson,Doctor 9,2023-02-18
P0629,Ruth,Reed,Doctor 20,2023-02-18
P0650,Stephen,Lee,Doctor 11,2023-02-18
P0662,Amy,Parker,Doctor 10,2023-02-18
P0744,Eric,Garcia,Doctor 14,2023-02-18
P0782,Brenda,Wood,Doctor 16,2023-02-18
P0830,Daniel,Hughes,Doctor 5,2023-02-18
P0849,Charles,Rivera,Doctor 2,2023-02-18
P1049,Jennifer,Thomas,Doctor 3,2023-02-18
P1122,Kenneth,Evans,Doctor 6,2023-02-18
P1189,Ruth,Johnson,Doctor 3,2023-02-18
P1525,Donna,Brooks,Doctor 18,2023-02-18
P1573,Carol,Lewis,Doctor 18,2023-02-18
P1590,Gregory,Davis,Doctor 1,2023-02-18
P1597,Joshua,Ward,Doctor 14,2023-02-18
P1707,Joseph,Edwards,Doctor 20,2023-02-18
P1777,Lisa,Harris,Doctor 2,2023-02-18
P1838,Betty,Morales,Doctor 16,2023-02-18
P1926,Helen,Johnson,Doctor 16,2023-02-18
P2031,Anna,Kelly,Doctor 7,2023-02-18
P2157,Kathleen,Carter,Doctor 3,2023-02-18
P2195,Angela,Smith,Doctor 7,2023-02-18
P2208,Kevin,Evans,Doctor 14,2023-02-18
P2286,Jerry,Thomas,Doctor 4,2023-02-18
P0068,John,Edwards,Doctor 20,2023-02-19
P0109,Brandon,Cruz,Doctor 9,2023-02-19
P0298,Sarah,Jackson,Doctor 20,2023-02-19
P0518,Donna,Sanders,Doctor 13,2023-02-19
P0536,Thomas,Martinez,Doctor 2,2023-02-19
P0683,Gregory,Clark,Doctor 1,2023-02-19
P0880,Carol,Flores,Doctor 7,2023-02-19
P1316,Jose,Mendoza,Doctor 15,2023-02-19
P1473,Shirley,Nguyen,Doctor 11,2023-02-19
P1479,Ryan,Garcia,Doctor 5,2023-02-19
P1530,Karen,Myers,Doctor 1,2023-02-19
P1565,Ruth,Morgan,Doctor 10,2023-02-19
P1604,Nancy,Reed,Doctor 19,2023-02-19
P1616,Daniel,Scott,Doctor 10,2023-02-19
P1634,Kenneth,Thompson,Doctor 5,2023-02-19
P1782,Sharon,Alvarez,Doctor 6,2023-02-19
P1799,James,Brooks,Doctor 14,2023-02-19
P1802,Joseph,Cooper,Doctor 19,2023-02-19
P1811,Elizabeth,Morales,Doctor 19,2023-02-19
P1883,Anna,Martin,Doctor 7,2023-02-19
P2136,Sarah,Robinson,Doctor 9,2023-02-19
P2288,Alexander,Brooks,Doctor 10,2023-02-19
P2299,Cynthia,Cooper,Doctor 5,2023-02-19
P0038,Andrew,Wright,Doctor 16,2023-02-20
P0291,Angela,Anderson,Doctor 11,2023-02-20
P0308,Cynthia,Kelly,Doctor 17,2023-02-20
P0372,Jeffrey,Wood,Doctor 2,2023-02-20
P0446,Emma,Adams,Doctor 8,2023-02-20
P0626,Patricia,Phillips,Doctor 10,2023-02-20
P0694,David,Taylor,Doctor 10,2023-02-20
P0733,John,Reyes,Doctor 2,2023-02-20
P0879,Sarah,Hall,Doctor 15,2023-02-20
P0883,Gregory,Young,Doctor 5,2023-02-20
P0977,Karen,Torres,Doctor 14,2023-02-20
P0984,Edward,Myers,Doctor 7,2023-02-20
P0999,Samuel,Stewart,Doctor 17,2023-02-20
P1277,Mary,Young,Doctor 18,2023-02-20
P1283,Samuel,Parker,Doctor 13,2023-02-20
P1316,Jose,Mendoza,Doctor 4,2023-02-20
P1332,Sharon,Hill,Doctor 20,2023-02-20
P1380,Helen,Bennett,Doctor 9,2023-02-20
P1503,Samuel,Kelly,Doctor 5,2023-02-20
P1564,Karen,Garcia,Doctor 11,2023-02-20
P1586,Carol,Turner,Doctor 1,2023-02-20
P1663,Richard,Jackson,Doctor 16,2023-02-20
P1665,Laura,Carter,Doctor 7,2023-02-20
P1684,Patricia,Rodriguez,Doctor 11,2023-02-20
P1845,George,Cook,Doctor 8,2023-02-20
P1902,Anthony,Richardson,Doctor 15,2023-02-20
P1911,Thomas,Stewart,Doctor 19,2023-02-20
P2047,Kimberly,Wilson,Doctor 17,2023-02-20
P2172,Alexander,Garcia,Doctor 2,2023-02-20
P2184,Michael,Sanchez,Doctor 20,2023-02-20
P2193,Donna,Patel,Doctor 16,2023-02-20
P2199,Patrick,Perez,Doctor 11,2023-02-20
P2277,Sharon,Carter,Doctor 3,2023-02-20
P0030,Thomas,Scott,Doctor 15,2023-02-21
P0156,Michelle,Cooper,Doctor 16,2023-02-21
P0173,Laura,Walker,Doctor 7,2023-02-21
P0206,Aaron,Allen,Doctor 2,2023-02-21
P0359,Steven,Wright,Doctor 10,2023-02-21
P0479,Larry,Moore,Doctor 20,2023-02-21
P0494,Andrew,Cruz,Doctor 2,2023-02-21
P0584,Tyler,Alvarez,Doctor 8,2023-02-21
P0646,Christopher,Green,Doctor 5,2023-02-21
P0790,Michelle,Thompson,Doctor 19,2023-02-21
P0800,Jose,Scott,Doctor 3,2023-02-21
P0811,Joshua,Parker,Doctor 19,2023-02-21
P0986,Emma,Nguyen,Doctor 3,2023-02-21
P0989,Matthew,Flores,Doctor 2,2023-02-21
P1014,Donald,Scott,Doctor 5,2023-02-21
P1062,Lisa,Castillo,Doctor 6,2023-02-21
P1065,Ruth,Myers,Doctor 3,2023-02-21
P1137,Anthony,Anderson,Doctor 12,2023-02-21
P1427,Christopher,Gonzalez,Doctor 1,2023-02-21
P1453,Frank,Gomez,Doctor 8,2023-02-21
P1514,David,Nguyen,Doctor 18,2023-02-21
P1659,Patrick,Cooper,Doctor 16,2023-02-21
P1666,Karen,Howard,Doctor 9,2023-02-21
P1735,David,Cook,Doctor 15,2023-02-21
P1757,Deborah,Parker,Doctor 1,2023-02-21
P1787,Sharon,Ramos,Doctor 7,2023-02-21
P1803,Angela,Kim,Doctor 13,2023-02-21
P1808,Linda,Wright,Doctor 1,2023-02-21
P1829,Gregory,James,Doctor 18,2023-02-21
P1966,Mary,Baker,Doctor 13,2023-02-21
P2033,Donna,Rivera,Doctor 16,2023-02-21
P2051,Cynthia,Hernandez,Doctor 7,2023-02-21
P2228,Ryan,Ward,Doctor 18,2023-02-21
P2247,Brian,Cook,Doctor 10,2023-02-21
P0026,Betty,Richardson,Doctor 9,2023-02-22
P0039,Edward,Miller,Doctor 12,2023-02-22
P0234,Alexander,Scott,Doctor 6,2023-02-22
P0272,Dorothy,Roberts,Doctor 13,2023-02-22
P0300,Larry,Roberts,Doctor 2,2023-02-22
P0370,Jonathan,Wilson,Doctor 8,2023-02-22
P0406,William,Brown,Doctor 3,2023-02-22
P0471,John,Ramos,Doctor 14,2023-02-22
P0545,Kimberly,Brooks,Doctor 5,2023-02-22
P0586,Jerry,Morales,Doctor 2,2023-02-22
P0611,Alexander,Smith,Doctor 20,2023-02-22
P0614,Carol,Thompson,Doctor 19,2023-02-22
P0660,Helen,Taylor,Doctor 11,2023-02-22
P0756,Alexander,Clark,Doctor 11,2023-02-22
P0832,Carol,Wright,Doctor 9,2023-02-22
P0834,Sarah,Thomas,Doctor 10,2023-02-22
P0855,Sarah,Gomez,Doctor 12,2023-02-22
P0895,Lisa,Wright,Doctor 5,2023-02-22
P1002,Gary,Jackson,Doctor 3,2023-02-22
P1106,Sandra,Morales,Doctor 4,2023-02-22
P1151,Ronald,Clark,Doctor 19,2023-02-22
P1306,Betty,Gutierrez,Doctor 18,2023-02-22
P1333,Joshua,Collins,Doctor 4,2023-02-22
P1395,Rebecca,Carter,Doctor 8,2023-02-22
P1423,Jessica,Brooks,Doctor 1,2023-02-22
P1634,Kenneth,Thompson,Doctor 5,2023-02-22
P1692,Jose,Adams,Doctor 18,2023-02-22
P1741,Susan,Kim,Doctor 9,2023-02-22
P1823,Jessica,Martin,Doctor 18,2023-02-22
P1858,George,Alvarez,Doctor 17,2023-02-22
P1868,Jeffrey,Miller,Doctor 12,2023-02-22
P1878,George,Nelson,Doctor 16,2023-02-22
P2004,Deborah,Gutierrez,Doctor 17,2023-02-22
P2265,Donna,Morales,Doctor 13,2023-02-22
P0092,Alexander,Wright,Doctor 2,2023-02-23
P0156,Michelle,Cooper,Doctor 16,2023-02-23
P0308,Cynthia,Kelly,Doctor 17,2023-02-23
P0383,Brandon,Morales,Doctor 13,2023-02-23
P0386,Barbara,Thompson,Doctor 7,2023-02-23
P0557,Joshua,Jones,Doctor 13,2023-02-23
P0632,Laura,Castillo,Doctor 16,2023-02-23
P0651,Justin,Williams,Doctor 19,2023-02-23
P0697,Sharon,Turner,Doctor 2,2023-02-23
P0792,Mary,Murphy,Doctor 1,2023-02-23
P0839,Christopher,Johnson,Doctor 18,2023-02-23
P0853,Justin,Myers,Doctor 20,2023-02-23
P0946,Timothy,Cox,Doctor 8,2023-02-23
P1046,Tyler,Nguyen,Doctor 2,2023-02-23
P1061,Aaron,Chavez,Doctor 17,2023-02-23
P1281,Raymond,Martinez,Doctor 12,2023-02-23
P1327,Michelle,Young,Doctor 19,2023-02-23
P1390,Nancy,Alvarez,Doctor 16,2023-02-23
P1462,Nancy,Sanchez,Doctor 14,2023-02-23
P1763,Brenda,Stewart,Doctor 20,2023-02-23
P2175,Nancy,Richardson,Doctor 16,2023-02-23
P2223,Andrew,Green,Doctor 12,2023-02-23
P0119,Benjamin,Morales,Doctor 14,2023-02-24
P0271,Ruth,Morales,Doctor 2,2023-02-24
P0282,Thomas,Roberts,Doctor 17,2023-02-24
P0321,Brian,Wood,Doctor 8,2023-02-24
P0392,Alexander,Parker,Doctor 2,2023-02-24
P0622,Linda,Bailey,Doctor 2,2023-02-24
P0624,Sarah,Murphy,Doctor 10,2023-02-24
P0711,Ryan,Williams,Doctor 14,2023-02-24
P0863,Brenda,James,Doctor 10,2023-02-24
P0886,Anna,Clark,Doctor 1,2023-02-24
P0971,Brian,Cox,Doctor 2,2023-02-24
P1021,Dennis,Kelly,Doctor 5,2023-02-24
P1067,Ruth,Rogers,Doctor 17,2023-02-24
P1087,Stephen,Hall,Doctor 16,2023-02-24
P1147,Daniel,Myers,Doctor 20,2023-02-24
P1207,Nancy,Ortiz,Doctor 4,2023-02-24
P1208,James,Anderson,Doctor 17,2023-02-24
P1297,Thomas,Walker,Doctor 18,2023-02-24
P1343,Tyler,Perez,Doctor 9,2023-02-24
P1470,Dorothy,Walker,Doctor 10,2023-02-24
P1504,Betty,Walker,Doctor 4,2023-02-24
P1535,Jessica,Bailey,Doctor 19,2023-02-24
P1641,Kenneth,Cook,Doctor 12,2023-02-24
P1750,Jason,White,Doctor 14,2023-02-24
P1939,Susan,Rivera,Doctor 14,2023-02-24
P2064,Carol,Watson,Doctor 13,2023-02-24
P0101,David,Rodriguez,Doctor 6,2023-02-25
P0126,Mark,Allen,Doctor 11,2023-02-25
P0193,Alexander,Gonzalez,Doctor 10,2023-02-25
P0213,Sharon,Lee,Doctor 1,2023-02-25
P0252,Carol,Cruz,Doctor 11,2023-02-25
P0276,Scott,Davis,Doctor 1,2023-02-25
P0313,Jason,Smith,Doctor 19,2023-02-25
P0335,John,Baker,Doctor 15,2023-02-25
P0488,Sharon,Mendoza,Doctor 2,2023-02-25
P0563,Kimberly,Rodriguez,Doctor 19,2023-02-25
P0639,Robert,Miller,Doctor 17,2023-02-25
P0649,Jack,Adams,Doctor 10,2023-02-25
P0766,Donald,Ramos,Doctor 10,2023-02-25
P0786,Donald,Mitchell,Doctor 12,2023-02-25
P1025,Alexander,Harris,Doctor 10,2023-02-25
P1062,Lisa,Castillo,Doctor 15,2023-02-25
P1123,Barbara,Morales,Doctor 9,2023-02-25
P1226,Joseph,Mendoza,Doctor 5,2023-02-25
P1301,Nancy,Ramos,Doctor 12,2023-02-25
P1353,Jeffrey,Martinez,Doctor 4,2023-02-25
P1497,Thomas,Morris,Doctor 10,2023-02-25
P1521,Linda,Mitchell,Doctor 12,2023-02-25
P1988,Jonathan,Wright,Doctor 15,2023-02-25
P2135,Patrick,Gray,Doctor 3,2023-02-25
P2140,Angela,Nguyen,Doctor 15,2023-02-25
P0015,Jessica,Lopez,Doctor 8,2023-02-26
P0072,Sandra,James,Doctor 6,2023-02-26
P0102,Kathleen,Jackson,Doctor 12,2023-02-26
P0129,Richard,Kim,Doctor 17,2023-02-26
P0247,Nancy,Lee,Doctor 1,2023-02-26
P0341,Deborah,Sanders,Doctor 10,2023-02-26
P0387,Samuel,Ward,Doctor 8,2023-02-26
P0491,Sandra,Cruz,Doctor 11,2023-02-26
P0688,Brenda,Lee,Doctor 12,2023-02-26
P0732,William,Reed,Doctor 11,2023-02-26
P0799,Amy,Scott,Doctor 14,2023-02-26
P0930,Anthony,Diaz,Doctor 11,2023-02-26
P0982,Jennifer,King,Doctor 17,2023-02-26
P1004,Nancy,Kelly,Doctor 17,2023-02-26
P1109,Matthew,Harris,Doctor 4,2023-02-26
P1130,Dorothy,Hill,Doctor 17,2023-02-26
P1138,Ruth,Perez,Doctor 15,2023-02-26
P1268,Benjamin,Kelly,Doctor 1,2023-02-26
P1278,Jessica,Bennett,Doctor 14,2023-02-26
P1285,Shirley,Roberts,Doctor 16,2023-02-26
P1300,Sandra,Cook,Doctor 8,2023-02-26
P1311,Mark,King,Doctor 4,2023-02-26
P1478,Daniel,Cooper,Doctor 19,2023-02-26
P1481,Karen,Harris,Doctor 13,2023-02-26
P1623,Melissa,Lee,Doctor 11,2023-02-26
P1660,Nancy,Campbell,Doctor 9,2023-02-26
P1797,Jessica,Miller,Doctor 20,2023-02-26
P1798,Sandra,Kelly,Doctor 20,2023-02-26
P1838,Betty,Morales,Doctor 16,2023-02-26
P1853,Joshua,Murphy,Doctor 12,2023-02-26
P1881,Carol,Lopez,Doctor 10,2023-02-26
P2006,Scott,Turner,Doctor 9,2023-02-26
P2027,Aaron,Lewis,Doctor 17,2023-02-26
P2144,Linda,Evans,Doctor 4,2023-02-26
P2185,Richard,Edwards,Doctor 15,2023-02-26
P0028,Amy,Watson,Doctor 17,2023-02-27
P0068,John,Edwards,Doctor 1,2023-02-27
P0136,Karen,Perez,Doctor 13,2023-02-27
P0148,Mark,Clark,Doctor 16,2023-02-27
P0172,Stephen,Brown,Doctor 14,2023-02-27
P0223,Jacob,Parker,Doctor 5,2023-02-27
P0233,Karen,Robinson,Doctor 7,2023-02-27
P0239,Aaron,Phillips,Doctor 3,2023-02-27
P0255,Kenneth,Campbell,Doctor 19,2023-02-27
P0256,Karen,Hernandez,Doctor 6,2023-02-27
P0306,Patricia,Gray,Doctor 7,2023-02-27
P0366,Christopher,Ortiz,Doctor 9,2023-02-27
P0480,Melissa,Brooks,Doctor 14,2023-02-27
P0492,Alexander,Davis,Doctor 4,2023-02-27
P0528,Frank,Price,Doctor 19,2023-02-27
P0559,Mark,Chavez,Doctor 19,2023-02-27
P0560,Donna,Watson,Doctor 16,2023-02-27
P0587,Larry,Cruz,Doctor 5,2023-02-27
P0788,Laura,Turner,Doctor 2,2023-02-27
P0906,Nancy,Brooks,Doctor 6,2023-02-27
P0931,Edward,Hernandez,Doctor 12,2023-02-27
P0991,Deborah,Ortiz,Doctor 5,2023-02-27
P1018,Jacob,Wood,Doctor 10,2023-02-27
P1062,Lisa,Castillo,Doctor 15,2023-02-27
P1092,Elizabeth,James,Doctor 2,2023-02-27
P1131,Melissa,Campbell,Doctor 15,2023-02-27
P1135,Sharon,Martin,Doctor 7,2023-02-27
P1177,John,Patel,Doctor 3,2023-02-27
P1205,Anna,Parker,Doctor 15,2023-02-27
P1315,Amy,Baker,Doctor 10,2023-02-27
P1476,Alexander,Moore,Doctor 12,2023-02-27
P1659,Patrick,Cooper,Doctor 16,2023-02-27
P1676,Jack,Martin,Doctor 10,2023-02-27
P1679,Barbara,Smith,Doctor 19,2023-02-27
P1720,Kimberly,Harris,Doctor 8,2023-02-27
P1772,Deborah,Ramirez,Doctor 16,2023-02-27
P1819,Carol,Edwards,Doctor 12,2023-02-27
P1849,Robert,Thompson,Doctor 5,2023-02-27
P1885,James,Gomez,Doctor 4,2023-02-27
P1981,Edward,Collins,Doctor 6,2023-02-27
P2015,James,Kelly,Doctor 10,2023-02-27
P2113,Jason,Torres,Doctor 5,2023-02-27
P2120,Kenneth,Gomez,Doctor 7,2023-02-27
P2283,James,Torres,Doctor 6,2023-02-27
P2284,Betty,Wright,Doctor 13,2023-02-27
P2289,Donald,Bailey,Doctor 16,2023-02-27
P0006,Jessica,Collins,Doctor 14,2023-02-28
P0021,Sharon,Torres,Doctor 9,2023-02-28
P0031,Edward,Cruz,Doctor 17,2023-02-28
P0091,Brandon,Kim,Doctor 15,2023-02-28
P0124,Frank,Davis,Doctor 17,2023-02-28
P0214,Frank,Torres,Doctor 19,2023-02-28
P0362,Lisa,James,Doctor 11,2023-02-28
P0530,Brian,Nelson,Doctor 17,2023-02-28
P0608,Benjamin,Kim,Doctor 4,2023-02-28
P0654,John,Morales,Doctor 10,2023-02-28
P0802,Nicholas,Walker,Doctor 11,2023-02-28
P0841,Ronald,Gutierrez,Doctor 11,2023-02-28
P0881,Anthony,Thomas,Doctor 14,2023-02-28
P0958,Kimberly,Anderson,Doctor 16,2023-02-28
P0969,Donna,Brown,Doctor 6,2023-02-28
P1015,Sarah,Gonzalez,Doctor 5,2023-02-28
P1199,Alexander,Green,Doctor 1,2023-02-28
P1247,Steven,Myers,Doctor 14,2023-02-28
P1274,Helen,Cruz,Doctor 7,2023-02-28
P1277,Mary,Young,Doctor 18,2023-02-28
P1421,Sandra,Richardson,Doctor 3,2023-02-28
P1475,Jonathan,Edwards,Doctor 7,2023-02-28
P1508,Amy,Morris,Doctor 1,2023-02-28
P1541,Matthew,Clark,Doctor 15,2023-02-28
P1582,Rebecca,Wright,Doctor 3,2023-02-28
P1800,Laura,Miller,Doctor 10,2023-02-28
P1857,Stephen,Lewis,Doctor 15,2023-02-28
P1870,Kevin,Allen,Doctor 4,2023-02-28
P1921,Jessica,Morales,Doctor 2,2023-02-28
P1971,George,Martin,Doctor 13,2023-02-28
P2160,Jennifer,Evans,Doctor 11,2023-02-28
P2236,Jason,Lee,Doctor 7,2023-02-28
P0119,Benjamin,Morales,Doctor 14,2023-03-01
P0197,Timothy,Nguyen,Doctor 10,2023-03-01
P0240,Sandra,Mitchell,Doctor 5,2023-03-01
P0340,Sarah,Bennett,Doctor 10,2023-03-01
P0356,Ruth,Rivera,Doctor 16,2023-03-01
P0426,David,Thomas,Doctor 3,2023-03-01
P0465,Kathleen,Edwards,Doctor 1,2023-03-01
P0550,Larry,Lewis,Doctor 18,2023-03-01
P0583,Jessica,Price,Doctor 8,2023-03-01
P0682,Rebecca,Robinson,Doctor 5,2023-03-01
P0739,Tyler,Rodriguez,Doctor 10,2023-03-01
P0869,Helen,Perez,Doctor 9,2023-03-01
P0948,Justin,Campbell,Doctor 5,2023-03-01
P1058,Jennifer,Clark,Doctor 1,2023-03-01
P1097,James,Allen,Doctor 19,2023-03-01
P1171,Carol,Young,Doctor 11,2023-03-01
P1176,Eric,Roberts,Doctor 9,2023-03-01
P1200,Nancy,Thompson,Doctor 4,2023-03-01
P1205,Anna,Parker,Doctor 15,2023-03-01
P1345,Linda,Brown,Doctor 19,2023-03-01
P1362,William,Cooper,Doctor 3,2023-03-01
P1396,Lisa,Walker,Doctor 7,2023-03-01
P1412,Barbara,Cruz,Doctor 7,2023-03-01
P1447,Linda,Jones,Doctor 16,2023-03-01
P1627,Robert,Patel,Doctor 11,2023-03-01
P1636,Thomas,Anderson,Doctor 13,2023-03-01
P1743,Sharon,Nguyen,Doctor 17,2023-03-01
P1791,Patricia,Gomez,Doctor 18,2023-03-01
P1998,Frank,Ramirez,Doctor 13,2023-03-01
P2082,James,Bailey,Doctor 8,2023-03-01
P2119,Lisa,Nguyen,Doctor 18,2023-03-01
P0063,Jonathan,Gomez,Doctor 11,2023-03-02
P0134,William,Lewis,Doctor 4,2023-03-02
P0165,Frank,Gonzalez,Doctor 18,2023-03-02
P0212,Christopher,Lee,Doctor 9,2023-03-02
P0243,Jeffrey,Patel,Doctor 17,2023-03-02
P0298,Sarah,Jackson,Doctor 20,2023-03-02
P0304,John,Jones,Doctor 2,2023-03-02
P0345,Frank,Cooper,Doctor 10,2023-03-02
P0392,Alexander,Parker,Doctor 2,2023-03-02
P0406,William,Brown,Doctor 3,2023-03-02
P0604,Nicholas,Murphy,Doctor 3,2023-03-02
P0731,Richard,Gonzalez,Doctor 18,2023-03-02
P0737,Larry,Kim,Doctor 10,2023-03-02
P0759,Carol,Rogers,Doctor 1,2023-03-02
P0921,Sharon,Edwards,Doctor 17,2023-03-02
P0924,Matthew,Diaz,Doctor 13,2023-03-02
P1208,James,Anderson,Doctor 5,2023-03-02
P1345,Linda,Brown,Doctor 19,2023-03-02
P1465,Sarah,King,Doctor 3,2023-03-02
P1485,Helen,Young,Doctor 3,2023-03-02
P1631,Jack,White,Doctor 10,2023-03-02
P1664,Sandra,Taylor,Doctor 17,2023-03-02
P1986,Dorothy,Torres,Doctor 8,2023-03-02
P2042,Anthony,Parker,Doctor 16,2023-03-02
P2051,Cynthia,Hernandez,Doctor 7,2023-03-02
P2121,Mary,Wilson,Doctor 12,2023-03-02
P2124,Jonathan,Torres,Doctor 19,2023-03-02
P2228,Ryan,Ward,Doctor 18,2023-03-02
P0008,Brian,Flores,Doctor 2,2023-03-03
P0018,Brenda,Anderson,Doctor 16,2023-03-03
P0024,Nicholas,Gray,Doctor 13,2023-03-03
P0281,Mary,Phillips,Doctor 4,2023-03-03
P0305,Brenda,Gonzalez,Doctor 17,2023-03-03
P0347,Betty,Miller,Doctor 20,2023-03-03
P0393,Sandra,Robinson,Doctor 19,2023-03-03
P0396,Susan,Smith,Doctor 5,2023-03-03
P0421,Betty,Peterson,Doctor 9,2023-03-03
P0436,Emma,Alvarez,Doctor 14,2023-03-03
P0468,Ronald,Torres,Doctor 2,2023-03-03
P0474,Sarah,James,Doctor 15,2023-03-03
P0548,Timothy,Wood,Doctor 15,2023-03-03
P0617,Patrick,Rogers,Doctor 9,2023-03-03
P0704,Nicholas,Mendoza,Doctor 14,2023-03-03
P0742,Sarah,Cox,Doctor 2,2023-03-03
P0778,Sandra,Alvarez,Doctor 15,2023-03-03
P0881,Anthony,Thomas,Doctor 12,2023-03-03
P1128,Susan,Stewart,Doctor 13,2023-03-03
P1201,Jack,Wood,Doctor 12,2023-03-03
P1276,Rebecca,Gonzalez,Doctor 5,2023-03-03
P1410,Amy,Brown,Doctor 19,2023-03-03
P1425,Kevin,Wright,Doctor 8,2023-03-03
P1479,Ryan,Garcia,Doctor 2,2023-03-03
P1511,William,Peterson,Doctor 5,2023-03-03
P1544,Helen,Lopez,Doctor 4,2023-03-03
P1630,Edward,Martinez,Doctor 17,2023-03-03
P1820,Raymond,Kelly,Doctor 18,2023-03-03
P2168,Larry,Allen,Doctor 13,2023-03-03
P0135,Benjamin,Rivera,Doctor 19,2023-03-04
P0140,Jessica,Clark,Doctor 7,2023-03-04
P0220,Frank,Lewis,Doctor 5,2023-03-04
P0271,Ruth,Morales,Doctor 2,2023-03-04
P0475,Joseph,Campbell,Doctor 17,2023-03-04
P0513,Sharon,Gutierrez,Doctor 13,2023-03-04
P0534,Richard,Morgan,Doctor 18,2023-03-04
P0617,Patrick,Rogers,Doctor 9,2023-03-04
P0725,Elizabeth,Ward,Doctor 7,2023-03-04
P0762,Matthew,Young,Doctor 7,2023-03-04
P0903,Emma,Brown,Doctor 8,2023-03-04
P0996,Melissa,Collins,Doctor 4,2023-03-04
P1210,Lisa,Brown,Doctor 3,2023-03-04
P1359,Susan,Flores,Doctor 9,2023-03-04
P1522,Karen,Ward,Doctor 13,2023-03-04
P1796,Angela,Moore,Doctor 9,2023-03-04
P1828,George,Nguyen,Doctor 11,2023-03-04
P1845,George,Cook,Doctor 8,2023-03-04
P1897,James,Lee,Doctor 18,2023-03-04
P1998,Frank,Ramirez,Doctor 13,2023-03-04
P2024,Kenneth,Ward,Doctor 6,2023-03-04
P2030,Benjamin,Clark,Doctor 2,2023-03-04
P2151,Dorothy,Davis,Doctor 4,2023-03-04
P2161,Brian,Anderson,Doctor 10,2023-03-04
P2251,Scott,Rogers,Doctor 16,2023-03-04
P2293,Melissa,Lewis,Doctor 17,2023-03-04
P0133,Helen,Walker,Doctor 5,2023-03-05
P0146,Sharon,Baker,Doctor 10,2023-03-05
P0195,Eric,Ortiz,Doctor 1,2023-03-05
P0353,Jacob,Cook,Doctor 13,2023-03-05
P0426,David,Thomas,Doctor 3,2023-03-05
P0526,Brenda,Morris,Doctor 9,2023-03-05
P0626,Patricia,Phillips,Doctor 14,2023-03-05
P0869,Helen,Perez,Doctor 9,2023-03-05
P0970,Tyler,Cooper,Doctor 7,2023-03-05
P1042,Kathleen,Evans,Doctor 7,2023-03-05
P1178,Sarah,Perez,Doctor 14,2023-03-05
P1226,Joseph,Mendoza,Doctor 5,2023-03-05
P1295,Jessica,Hall,Doctor 3,2023-03-05
P1365,Stephen,Jackson,Doctor 10,2023-03-05
P1418,Shirley,Mitchell,Doctor 15,2023-03-05
P1463,Brian,Rodriguez,Doctor 13,2023-03-05
P1471,Jeffrey,Green,Doctor 6,2023-03-05
P1486,Susan,King,Doctor 3,2023-03-05
P1496,Raymond,Lee,Doctor 8,2023-03-05
P1531,Kathleen,Thompson,Doctor 16,2023-03-05
P1565,Ruth,Morgan,Doctor 19,2023-03-05
P1598,Mark,Cook,Doctor 11,2023-03-05
P1748,David,Nelson,Doctor 3,2023-03-05
P1815,Kimberly,White,Doctor 15,2023-03-05
P1819,Carol,Edwards,Doctor 12,2023-03-05
P1891,Jessica,White,Doctor 1,2023-03-05
P2040,Ruth,Harris,Doctor 2,2023-03-05
P2111,James,Ortiz,Doctor 2,2023-03-05
P2188,Donald,Reyes,Doctor 19,2023-03-05
P2214,Patrick,Chavez,Doctor 3,2023-03-05
P2264,Joshua,Brown,Doctor 5,2023-03-05
P0104,Dorothy,Garcia,Doctor 9,2023-03-06
P0268,Deborah,Edwards,Doctor 10,2023-03-06
P0330,Amy,Garcia,Doctor 4,2023-03-06
P0404,Rebecca,Lee,Doctor 11,2023-03-06
P0474,Sarah,James,Doctor 8,2023-03-06
P0517,Brandon,Gonzalez,Doctor 1,2023-03-06
P0527,Jessica,Rogers,Doctor 20,2023-03-06
P0624,Sarah,Murphy,Doctor 10,2023-03-06
P0642,Stephen,Rivera,Doctor 6,2023-03-06
P0666,Tyler,Jones,Doctor 7,2023-03-06
P0689,Samuel,Mendoza,Doctor 17,2023-03-06
P0814,Jerry,Kelly,Doctor 6,2023-03-06
P0886,Anna,Clark,Doctor 1,2023-03-06
P0926,Robert,Castillo,Doctor 6,2023-03-06
P0992,Mark,Reed,Doctor 15,2023-03-06
P1147,Daniel,Myers,Doctor 11,2023-03-06
P1193,Justin,Ortiz,Doctor 17,2023-03-06
P1224,Ryan,Alvarez,Doctor 9,2023-03-06
P1249,Donna,Mendoza,Doctor 14,2023-03-06
P1290,Aaron,Alvarez,Doctor 3,2023-03-06
P1326,Ronald,Adams,Doctor 20,2023-03-06
P1358,Gary,Hill,Doctor 9,2023-03-06
P1669,Kimberly,Turner,Doctor 3,2023-03-06
P1698,Deborah,Nguyen,Doctor 8,2023-03-06
P1743,Sharon,Nguyen,Doctor 17,2023-03-06
P1746,Justin,Morgan,Doctor 12,2023-03-06
P1793,Gary,Ramos,Doctor 12,2023-03-06
P1877,Nancy,Garcia,Doctor 1,2023-03-06
P1885,James,Gomez,Doctor 4,2023-03-06
P1975,Jeffrey,Roberts,Doctor 13,2023-03-06
P1980,Larry,Morgan,Doctor 18,2023-03-06
P2015,James,Kelly,Doctor 8,2023-03-06
P2031,Anna,Kelly,Doctor 7,2023-03-06
P2091,Donald,Miller,Doctor 4,2023-03-06
P2150,Karen,Cruz,Doctor 18,2023-03-06
P2264,Joshua,Brown,Doctor 5,2023-03-06
P2300,John,Campbell,Doctor 3,2023-03-06
P0035,Samuel,Morgan,Doctor 7,2023-03-07
P0086,Joshua,Gray,Doctor 6,2023-03-07
P0094,Jerry,Rogers,Doctor 2,2023-03-07
P0103,John,Myers,Doctor 15,2023-03-07
P0157,Sharon,Wood,Doctor 5,2023-03-07
P0175,Kenneth,Castillo,Doctor 20,2023-03-07
P0302,Edward,Flores,Doctor 4,2023-03-07
P0350,Sarah,Evans,Doctor 9,2023-03-07
P0571,Jessica,Ortiz,Doctor 16,2023-03-07
P0777,Kimberly,Nguyen,Doctor 10,2023-03-07
P0923,Kathleen,Hernandez,Doctor 2,2023-03-07
P0927,Sharon,Morris,Doctor 3,2023-03-07
P1134,Mary,Lee,Doctor 1,2023-03-07
P1296,Linda,Nguyen,Doctor 7,2023-03-07
P1602,Charles,Jones,Doctor 6,2023-03-07
P1613,Patrick,Thompson,Doctor 1,2023-03-07
P1792,John,Lewis,Doctor 4,2023-03-07
P1835,Angela,King,Doctor 19,2023-03-07
P1848,Jack,Cox,Doctor 15,2023-03-07
P1865,Sarah,Alvarez,Doctor 6,2023-03-07
P1882,Justin,Kelly,Doctor 4,2023-03-07
P2040,Ruth,Harris,Doctor 19,2023-03-07
P2186,Kimberly,Evans,Doctor 15,2023-03-07
P2213,Sandra,Hill,Doctor 4,2023-03-07
P2252,Jonathan,Harris,Doctor 18,2023-03-07
P0021,Sharon,Torres,Doctor 10,2023-03-08
P0215,Sharon,Myers,Doctor 11,2023-03-08
P0220,Frank,Lewis,Doctor 5,2023-03-08
P0371,Carol,Anderson,Doctor 1,2023-03-08
P0409,Jennifer,Mitchell,Doctor 5,2023-03-08
P0478,Nancy,Ruiz,Doctor 6,2023-03-08
P0490,Gary,Ramirez,Doctor 14,2023-03-08
P0532,Kimberly,Kim,Doctor 14,2023-03-08
P0625,Elizabeth,Collins,Doctor 8,2023-03-08
P0742,Sarah,Cox,Doctor 2,2023-03-08
P0933,Steven,Harris,Doctor 18,2023-03-08
P1014,Donald,Scott,Doctor 7,2023-03-08
P1117,Steven,Gray,Doctor 17,2023-03-08
P1212,Michelle,Clark,Doctor 13,2023-03-08
P1356,James,Flores,Doctor 16,2023-03-08
P1734,Lisa,Patel,Doctor 17,2023-03-08
P1836,Scott,Campbell,Doctor 3,2023-03-08
P1838,Betty,Morales,Doctor 16,2023-03-08
P1839,Donald,Evans,Doctor 20,2023-03-08
P1863,Susan,Thompson,Doctor 10,2023-03-08
P1875,Lisa,Brooks,Doctor 6,2023-03-08
P1993,Jessica,Stewart,Doctor 2,2023-03-08
P2172,Alexander,Garcia,Doctor 2,2023-03-08
P0001,Nicholas,Peterson,Doctor 20,2023-03-09
P0013,Sandra,Gomez,Doctor 10,2023-03-09
P0019,Jose,Mitchell,Doctor 3,2023-03-09
P0179,Jacob,Gray,Doctor 5,2023-03-09
P0331,Sarah,Rivera,Doctor 3,2023-03-09
P0344,Donna,Clark,Doctor 18,2023-03-09
P0350,Sarah,Evans,Doctor 9,2023-03-09
P0443,Laura,Mitchell,Doctor 7,2023-03-09
P0540,Kenneth,Collins,Doctor 20,2023-03-09
P0561,Karen,Kim,Doctor 14,2023-03-09
P0572,Kimberly,Chavez,Doctor 3,2023-03-09
P0691,Matthew,Davis,Doctor 10,2023-03-09
P0857,Joshua,Anderson,Doctor 4,2023-03-09
P0869,Helen,Perez,Doctor 11,2023-03-09
P1052,Brenda,Allen,Doctor 19,2023-03-09
P1113,Sharon,Richardson,Doctor 13,2023-03-09
P1249,Donna,Mendoza,Doctor 14,2023-03-09
P1352,David,Wood,Doctor 5,2023-03-09
P1357,Matthew,Wright,Doctor 9,2023-03-09
P1462,Nancy,Sanchez,Doctor 5,2023-03-09
P1475,Jonathan,Edwards,Doctor 15,2023-03-09
P1541,Matthew,Clark,Doctor 15,2023-03-09
P1648,Eric,Sanchez,Doctor 1,2023-03-09
P1694,Stephen,Gomez,Doctor 6,2023-03-09
P1825,Tyler,Edwards,Doctor 9,2023-03-09
P2039,Richard,Wright,Doctor 4,2023-03-09
P2138,Linda,Gutierrez,Doctor 17,2023-03-09
P2144,Linda,Evans,Doctor 15,2023-03-09
P0071,Helen,Phillips,Doctor 3,2023-03-10
P0168,Brenda,Wright,Doctor 6,2023-03-10
P0208,Ryan,Clark,Doctor 17,2023-03-10
P0325,Patricia,Bennett,Doctor 4,2023-03-10
P0333,Laura,Nguyen,Doctor 20,2023-03-10
P0440,Mary,Hill,Doctor 16,2023-03-10
P0665,Betty,Jackson,Doctor 3,2023-03-10
P0773,Carol,Castillo,Doctor 2,2023-03-10
P0878,John,Martin,Doctor 15,2023-03-10
P0887,Lisa,Kim,Doctor 20,2023-03-10
P0977,Karen,Torres,Doctor 14,2023-03-10
P1071,Kathleen,Robinson,Doctor 19,2023-03-10
P1318,Michelle,Nelson,Doctor 1,2023-03-10
P1461,Jonathan,Clark,Doctor 6,2023-03-10
P1481,Karen,Harris,Doctor 13,2023-03-10
P1760,Ronald,Brown,Doctor 8,2023-03-10
P1801,Frank,Campbell,Doctor 5,2023-03-10
P1813,Sandra,Ramos,Doctor 8,2023-03-10
P1856,Dorothy,Sanchez,Doctor 11,2023-03-10
P1930,Dennis,Scott,Doctor 7,2023-03-10
P0001,Nicholas,Peterson,Doctor 20,2023-03-11
P0018,Brenda,Anderson,Doctor 12,2023-03-11
P0098,Joseph,Phillips,Doctor 4,2023-03-11
P0099,Michael,Rivera,Doctor 14,2023-03-11
P0174,Amy,Thompson,Doctor 3,2023-03-11
P0205,Robert,Davis,Doctor 6,2023-03-11
P0338,Brandon,Thomas,Doctor 15,2023-03-11
P0339,Sharon,Gomez,Doctor 9,2023-03-11
P0395,Sandra,Sanchez,Doctor 11,2023-03-11
P0519,Robert,Cooper,Doctor 6,2023-03-11
P0545,Kimberly,Brooks,Doctor 11,2023-03-11
P0587,Larry,Cruz,Doctor 5,2023-03-11
P0847,Jack,Morris,Doctor 18,2023-03-11
P0860,Laura,Richardson,Doctor 10,2023-03-11
P0860,Laura,Richardson,Doctor 20,2023-03-11
P0948,Justin,Campbell,Doctor 5,2023-03-11
P0961,Helen,Lee,Doctor 3,2023-03-11
P1033,Edward,Wright,Doctor 1,2023-03-11
P1038,Cynthia,Nelson,Doctor 16,2023-03-11
P1104,Jonathan,Cook,Doctor 10,2023-03-11
P1138,Ruth,Perez,Doctor 3,2023-03-11
P1153,Daniel,Martin,Doctor 8,2023-03-11
P1154,Stephen,Kelly,Doctor 15,2023-03-11
P1257,Jerry,Scott,Doctor 14,2023-03-11
P1306,Betty,Gutierrez,Doctor 13,2023-03-11
P1324,Andrew,King,Doctor 1,2023-03-11
P1429,Steven,Jones,Doctor 15,2023-03-11
P1705,Timothy,Thompson,Doctor 9,2023-03-11
P1747,David,Jones,Doctor 6,2023-03-11
P1762,Ruth,Wilson,Doctor 3,2023-03-11
P1874,Shirley,Bailey,Doctor 17,2023-03-11
P1919,Jessica,Perez,Doctor 4,2023-03-11
P1934,Laura,Hughes,Doctor 16,2023-03-11
P0016,Stephen,Ruiz,Doctor 5,2023-03-12
P0043,Sarah,Harris,Doctor 9,2023-03-12
P0053,Lisa,Rogers,Doctor 13,2023-03-12
P0161,Betty,Murphy,Doctor 3,2023-03-12
P0266,Jason,Sanchez,Doctor 2,2023-03-12
P0319,Raymond,Hill,Doctor 4,2023-03-12
P0688,Brenda,Lee,Doctor 15,2023-03-12
P0696,Larry,Reed,Doctor 7,2023-03-12
P0810,Steven,James,Doctor 14,2023-03-12
P0826,Helen,Mitchell,Doctor 3,2023-03-12
P0932,Jessica,Torres,Doctor 7,2023-03-12
P1164,Steven,Gutierrez,Doctor 14,2023-03-12
P1192,Jason,Turner,Doctor 15,2023-03-12
P1226,Joseph,Mendoza,Doctor 5,2023-03-12
P1234,Donna,Morgan,Doctor 6,2023-03-12
P1280,Nancy,Peterson,Doctor 3,2023-03-12
P1468,Eric,Brown,Doctor 8,2023-03-12
P1498,Sarah,Wood,Doctor 16,2023-03-12
P1599,Samuel,Ramos,Doctor 9,2023-03-12
P1640,Sharon,Thomas,Doctor 1,2023-03-12
P1652,Donna,Gomez,Doctor 10,2023-03-12
P1735,David,Cook,Doctor 15,2023-03-12
P1899,Jeffrey,Bailey,Doctor 20,2023-03-12
P2011,Gary,Stewart,Doctor 4,2023-03-12
P2172,Alexander,Garcia,Doctor 16,2023-03-12
P2241,Jerry,Wilson,Doctor 11,2023-03-12
P0007,Anthony,Ramos,Doctor 11,2023-03-13
P0019,Jose,Mitchell,Doctor 1,2023-03-13
P0030,Thomas,Scott,Doctor 15,2023-03-13
P0129,Richard,Kim,Doctor 17,2023-03-13
P0241,Donna,Moore,Doctor 20,2023-03-13
P0301,Linda,Hall,Doctor 11,2023-03-13
P0381,Kathleen,Sanchez,Doctor 11,2023-03-13
P0387,Samuel,Ward,Doctor 8,2023-03-13
P0452,Frank,Brooks,Doctor 6,2023-03-13
P0587,Larry,Cruz,Doctor 8,2023-03-13
P0599,Jerry,Moore,Doctor 10,2023-03-13
P0634,Jose,Morris,Doctor 5,2023-03-13
P0651,Justin,Williams,Doctor 19,2023-03-13
P0652,Joseph,Morales,Doctor 20,2023-03-13
P0678,James,Garcia,Doctor 7,2023-03-13
P0861,Nancy,Rivera,Doctor 13,2023-03-13
P0994,Andrew,Bennett,Doctor 7,2023-03-13
P1001,Andrew,Murphy,Doctor 9,2023-03-13
P1165,Helen,Collins,Doctor 19,2023-03-13
P1203,Michelle,Reyes,Doctor 19,2023-03-13
P1231,Sharon,Johnson,Doctor 20,2023-03-13
P1291,Matthew,Thompson,Doctor 19,2023-03-13
P1523,Nicholas,Torres,Doctor 4,2023-03-13
P1567,Steven,Cook,Doctor 18,2023-03-13
P1629,Donald,Johnson,Doctor 17,2023-03-13
P1651,Mark,Hernandez,Doctor 18,2023-03-13
P1652,Donna,Gomez,Doctor 19,2023-03-13
P1795,Sharon,Rivera,Doctor 5,2023-03-13
P1805,Dorothy,Young,Doctor 7,2023-03-13
P1935,Carol,Miller,Doctor 16,2023-03-13
P2059,Michael,Ortiz,Doctor 12,2023-03-13
P2076,Jerry,Ruiz,Doctor 7,2023-03-13
P2156,Steven,Ortiz,Doctor 4,2023-03-13
P2158,Ronald,Smith,Doctor 1,2023-03-13
P2207,Tyler,Ramirez,Doctor 4,2023-03-13
P0035,Samuel,Morgan,Doctor 7,2023-03-14
P0050,Sandra,Patel,Doctor 8,2023-03-14
P0081,Charles,Martin,Doctor 3,2023-03-14
P0131,Karen,Hughes,Doctor 20,2023-03-14
P0174,Amy,Thompson,Doctor 10,2023-03-14
P0176,Thomas,Perez,Doctor 16,2023-03-14
P0332,Eric,Howard,Doctor 18,2023-03-14
P0524,Raymond,Mendoza,Doctor 19,2023-03-14
P0546,Alexander,Rivera,Doctor 16,2023-03-14
P0757,Sandra,Brooks,Doctor 3,2023-03-14
P0779,Jeffrey,Price,Doctor 15,2023-03-14
P0804,Christopher,Gomez,Doctor 2,2023-03-14
P1085,Patrick,Gutierrez,Doctor 1,2023-03-14
P1120,Sarah,Hill,Doctor 2,2023-03-14
P1503,Samuel,Kelly,Doctor 5,2023-03-14
P1596,Amy,Gomez,Doctor 16,2023-03-14
P1627,Robert,Patel,Doctor 11,2023-03-14
P1632,Amy,Mitchell,Doctor 2,2023-03-14
P1675,Gary,Roberts,Doctor 3,2023-03-14
P1678,Sandra,Brown,Doctor 9,2023-03-14
P1725,Nancy,Taylor,Doctor 13,2023-03-14
P1734,Lisa,Patel,Doctor 17,2023-03-14
P1813,Sandra,Ramos,Doctor 6,2023-03-14
P1818,Michael,Reyes,Doctor 4,2023-03-14
P1839,Donald,Evans,Doctor 20,2023-03-14
P1918,Barbara,Nelson,Doctor 3,2023-03-14
P2004,Deborah,Gutierrez,Doctor 13,2023-03-14
P2026,Justin,Brown,Doctor 13,2023-03-14
P2102,Linda,Taylor,Doctor 3,2023-03-14
P2189,Carol,Perez,Doctor 5,2023-03-14
P0250,Rebecca,Wilson,Doctor 20,2023-03-15
P0330,Amy,Garcia,Doctor 2,2023-03-15
P0434,Anthony,Flores,Doctor 18,2023-03-15
P0472,Jerry,Sanders,Doctor 12,2023-03-15
P0506,George,Richardson,Doctor 13,2023-03-15
P0593,Carol,Walker,Doctor 5,2023-03-15
P0766,Donald,Ramos,Doctor 10,2023-03-15
P0795,Thomas,Clark,Doctor 5,2023-03-15
P0830,Daniel,Hughes,Doctor 12,2023-03-15
P0902,Lisa,Thompson,Doctor 14,2023-03-15
P0911,Aaron,Johnson,Doctor 9,2023-03-15
P0928,Mary,Clark,Doctor 9,2023-03-15
P0948,Justin,Campbell,Doctor 5,2023-03-15
P0967,Steven,Johnson,Doctor 8,2023-03-15
P0996,Melissa,Collins,Doctor 4,2023-03-15
P1028,Lisa,Hughes,Doctor 6,2023-03-15
P1028,Lisa,Hughes,Doctor 14,2023-03-15
P1309,Barbara,Walker,Doctor 17,2023-03-15
P1422,Richard,Cox,Doctor 1,2023-03-15
P1446,Jeffrey,Ortiz,Doctor 12,2023-03-15
P1583,Shirley,Gonzalez,Doctor 14,2023-03-15
P1607,Brandon,Diaz,Doctor 3,2023-03-15
P1720,Kimberly,Harris,Doctor 8,2023-03-15
P1790,Jessica,Rivera,Doctor 14,2023-03-15
P2033,Donna,Rivera,Doctor 9,2023-03-15
P2039,Richard,Wright,Doctor 4,2023-03-15
P0074,Karen,Carter,Doctor 17,2023-03-16
P0083,Jose,Carter,Doctor 15,2023-03-16
P0101,David,Rodriguez,Doctor 6,2023-03-16
P0139,Patricia,Reed,Doctor 16,2023-03-16
P0196,Donna,Chavez,Doctor 16,2023-03-16
P0478,Nancy,Ruiz,Doctor 6,2023-03-16
P0512,Eric,Williams,Doctor 20,2023-03-16
P0568,Virginia,Davis,Doctor 17,2023-03-16
P0582,Lisa,Sanchez,Doctor 15,2023-03-16
P0594,Shirley,Morales,Doctor 15,2023-03-16
P0634,Jose,Morris,Doctor 5,2023-03-16
P0669,Nicholas,Castillo,Doctor 16,2023-03-16
P0782,Brenda,Wood,Doctor 18,2023-03-16
P0787,Richard,Brown,Doctor 2,2023-03-16
P0822,Ryan,Mitchell,Doctor 20,2023-03-16
P0928,Mary,Clark,Doctor 17,2023-03-16
P1011,Donald,Harris,Doctor 18,2023-03-16
P1030,Helen,Sanders,Doctor 19,2023-03-16
P1087,Stephen,Hall,Doctor 2,2023-03-16
P1141,Shirley,Ortiz,Doctor 3,2023-03-16
P1173,William,Sanders,Doctor 18,2023-03-16
P1285,Shirley,Roberts,Doctor 9,2023-03-16
P1305,Betty,Sanders,Doctor 10,2023-03-16
P1426,William,Martin,Doctor 10,2023-03-16
P1467,Frank,White,Doctor 14,2023-03-16
P1535,Jessica,Bailey,Doctor 15,2023-03-16
P1575,Scott,King,Doctor 3,2023-03-16
P1638,Scott,Martinez,Doctor 12,2023-03-16
P1730,Tyler,Walker,Doctor 4,2023-03-16
P1751,James,Cook,Doctor 18,2023-03-16
P1878,George,Nelson,Doctor 16,2023-03-16
P1997,Kevin,Flores,Doctor 1,2023-03-16
P1999,Robert,Watson,Doctor 1,2023-03-16
P2070,Andrew,Rivera,Doctor 15,2023-03-16
P2191,Jennifer,Kelly,Doctor 8,2023-03-16
P2223,Andrew,Green,Doctor 12,2023-03-16
P2276,George,Morris,Doctor 8,2023-03-16
P0101,David,Rodriguez,Doctor 6,2023-03-17
P0190,Betty,Edwards,Doctor 19,2023-03-17
P0202,Brandon,Mendoza,Doctor 16,2023-03-17
P0322,Cynthia,Robinson,Doctor 19,2023-03-17
P0371,Carol,Anderson,Doctor 12,2023-03-17
P0409,Jennifer,Mitchell,Doctor 5,2023-03-17
P0420,Angela,Evans,Doctor 2,2023-03-17
P0484,Dorothy,Cox,Doctor 10,2023-03-17
P0569,Nancy,Martinez,Doctor 20,2023-03-17
P0604,Nicholas,Murphy,Doctor 3,2023-03-17
P0615,Jack,Kim,Doctor 15,2023-03-17
P0677,Sharon,Kelly,Doctor 14,2023-03-17
P0727,Benjamin,Rodriguez,Doctor 19,2023-03-17
P0735,Brian,Cooper,Doctor 12,2023-03-17
P0782,Brenda,Wood,Doctor 18,2023-03-17
P0880,Carol,Flores,Doctor 7,2023-03-17
P0884,Virginia,Turner,Doctor 7,2023-03-17
P0887,Lisa,Kim,Doctor 1,2023-03-17
P1033,Edward,Wright,Doctor 1,2023-03-17
P1045,Mary,Wright,Doctor 4,2023-03-17
P1063,Lisa,Ortiz,Doctor 2,2023-03-17
P1092,Elizabeth,James,Doctor 2,2023-03-17
P1225,Ruth,Thomas,Doctor 16,2023-03-17
P1260,Joshua,Hill,Doctor 11,2023-03-17
P1315,Amy,Baker,Doctor 10,2023-03-17
P1394,Christopher,Evans,Doctor 4,2023-03-17
P1418,Shirley,Mitchell,Doctor 16,2023-03-17
P1477,John,Wilson,Doctor 8,2023-03-17
P1532,Dennis,Howard,Doctor 2,2023-03-17
P1593,Deborah,Smith,Doctor 11,2023-03-17
P1723,Nicholas,Howard,Doctor 6,2023-03-17
P1791,Patricia,Gomez,Doctor 18,2023-03-17
P1982,Kathleen,Patel,Doctor 2,2023-03-17
P2054,Kenneth,Peterson,Doctor 3,2023-03-17
P2113,Jason,Torres,Doctor 5,2023-03-17
P2202,Kimberly,King,Doctor 10,2023-03-17
P2219,Karen,White,Doctor 12,2023-03-17
P2259,Sharon,Morales,Doctor 16,2023-03-17
P0159,Anthony,Rivera,Doctor 16,2023-03-18
P0258,Scott,Smith,Doctor 20,2023-03-18
P0339,Sharon,Gomez,Doctor 9,2023-03-18
P0441,Kimberly,Cooper,Doctor 19,2023-03-18
P0452,Frank,Brooks,Doctor 6,2023-03-18
P0459,Sarah,Kim,Doctor 1,2023-03-18
P0689,Samuel,Mendoza,Doctor 17,2023-03-18
P0778,Sandra,Alvarez,Doctor 17,2023-03-18
P0797,Larry,Alvarez,Doctor 13,2023-03-18
P1081,Elizabeth,Edwards,Doctor 11,2023-03-18
P1140,Raymond,Gutierrez,Doctor 13,2023-03-18
P1163,Rebecca,Price,Doctor 5,2023-03-18
P1286,Susan,Taylor,Doctor 18,2023-03-18
P1526,Laura,Lee,Doctor 15,2023-03-18
P1560,Amy,Flores,Doctor 20,2023-03-18
P1599,Samuel,Ramos,Doctor 9,2023-03-18
P1613,Patrick,Thompson,Doctor 1,2023-03-18
P1705,Timothy,Thompson,Doctor 11,2023-03-18
P1752,Matthew,Perez,Doctor 3,2023-03-18
P1836,Scott,Campbell,Doctor 14,2023-03-18
P1888,Michael,Cox,Doctor 17,2023-03-18
P2014,Justin,Sanchez,Doctor 8,2023-03-18
P2022,Emma,Allen,Doctor 1,2023-03-18
P2056,Nicholas,Watson,Doctor 4,2023-03-18
P2123,Betty,Ruiz,Doctor 10,2023-03-18
P2134,Timothy,Scott,Doctor 17,2023-03-18
P2134,Timothy,Scott,Doctor 5,2023-03-18
P2248,Emma,Ramirez,Doctor 5,2023-03-18
P0085,Jack,Anderson,Doctor 10,2023-03-19
P0287,Eric,Peterson,Doctor 7,2023-03-19
P0290,Linda,Cruz,Doctor 10,2023-03-19
P0333,Laura,Nguyen,Doctor 15,2023-03-19
P0495,Angela,Rogers,Doctor 6,2023-03-19
P0615,Jack,Kim,Doctor 4,2023-03-19
P0689,Samuel,Mendoza,Doctor 4,2023-03-19
P0733,John,Reyes,Doctor 2,2023-03-19
P0735,Brian,Cooper,Doctor 19,2023-03-19
P0745,Raymond,Wilson,Doctor 17,2023-03-19
P0827,Anthony,Howard,Doctor 19,2023-03-19
P0930,Anthony,Diaz,Doctor 11,2023-03-19
P1061,Aaron,Chavez,Doctor 17,2023-03-19
P1140,Raymond,Gutierrez,Doctor 13,2023-03-19
P1256,Brian,Ramos,Doctor 10,2023-03-19
P1348,Nancy,Evans,Doctor 9,2023-03-19
P1369,Tyler,Robinson,Doctor 13,2023-03-19
P1379,Eric,Mendoza,Doctor 1,2023-03-19
P1432,James,Williams,Doctor 18,2023-03-19
P1440,Ruth,Allen,Doctor 16,2023-03-19
P1479,Ryan,Garcia,Doctor 2,2023-03-19
P1512,Brian,Parker,Doctor 3,2023-03-19
P1513,Sarah,Rodriguez,Doctor 16,2023-03-19
P1551,Richard,Perez,Doctor 20,2023-03-19
P1673,Matthew,Peterson,Doctor 20,2023-03-19
P1718,Jose,Hall,Doctor 13,2023-03-19
P2169,Michelle,Evans,Doctor 2,2023-03-19
P2218,Anna,Bailey,Doctor 18,2023-03-19
P2226,Linda,Miller,Doctor 16,2023-03-19
P0153,Ryan,Peterson,Doctor 6,2023-03-20
P0200,Brian,Martin,Doctor 13,2023-03-20
P0243,Jeffrey,Patel,Doctor 17,2023-03-20
P0464,Ruth,Mitchell,Doctor 5,2023-03-20
P0589,Steven,Wood,Doctor 4,2023-03-20
P0623,Nicholas,Anderson,Doctor 13,2023-03-20
P0955,Nicholas,Roberts,Doctor 7,2023-03-20
P0992,Mark,Reed,Doctor 5,2023-03-20
P1506,Gregory,Thomas,Doctor 8,2023-03-20
P1637,John,Harris,Doctor 6,2023-03-20
P1781,Jack,Lee,Doctor 6,2023-03-20
P1811,Elizabeth,Morales,Doctor 19,2023-03-20
P1881,Carol,Lopez,Doctor 14,2023-03-20
P1973,Elizabeth,Gomez,Doctor 7,2023-03-20
P2015,James,Kelly,Doctor 8,2023-03-20
P2067,Betty,Cooper,Doctor 3,2023-03-20
P2142,Patricia,Castillo,Doctor 5,2023-03-20
P2148,Gregory,Watson,Doctor 20,2023-03-20
P2158,Ronald,Smith,Doctor 1,2023-03-20
P2162,Nicholas,Kim,Doctor 17,2023-03-20
P2265,Donna,Morales,Doctor 13,2023-03-20
P2293,Melissa,Lewis,Doctor 17,2023-03-20
P0275,Cynthia,Jones,Doctor 16,2023-03-21
P0354,Jack,Ramirez,Doctor 12,2023-03-21
P0414,Aaron,Rogers,Doctor 19,2023-03-21
P0467,Ruth,Hernandez,Doctor 18,2023-03-21
P0473,Stephen,Cooper,Doctor 8,2023-03-21
P0482,Anthony,Lewis,Doctor 9,2023-03-21
P0538,Rebecca,Gutierrez,Doctor 8,2023-03-21
P0549,Sarah,Garcia,Doctor 15,2023-03-21
P0834,Sarah,Thomas,Doctor 10,2023-03-21
P0873,Alexander,Bailey,Doctor 17,2023-03-21
P0886,Anna,Clark,Doctor 12,2023-03-21
P0890,Dennis,Sanchez,Doctor 3,2023-03-21
P1139,Alexander,Cox,Doctor 11,2023-03-21
P1260,Joshua,Hill,Doctor 11,2023-03-21
P1260,Joshua,Hill,Doctor 11,2023-03-21
P1307,Ronald,Castillo,Doctor 3,2023-03-21
P1349,Kevin,Cooper,Doctor 19,2023-03-21
P1425,Kevin,Wright,Doctor 8,2023-03-21
P1456,Barbara,Richardson,Doctor 18,2023-03-21
P1498,Sarah,Wood,Doctor 16,2023-03-21
P1698,Deborah,Nguyen,Doctor 3,2023-03-21
P1724,Helen,Diaz,Doctor 7,2023-03-21
P1824,Jack,Perez,Doctor 10,2023-03-21
P1839,Donald,Evans,Doctor 12,2023-03-21
P1868,Jeffrey,Miller,Doctor 12,2023-03-21
P1870,Kevin,Allen,Doctor 10,2023-03-21
P1894,Kimberly,Alvarez,Doctor 10,2023-03-21
P1935,Carol,Miller,Doctor 16,2023-03-21
P2004,Deborah,Gutierrez,Doctor 13,2023-03-21
P2041,Sandra,Rivera,Doctor 2,2023-03-21
P2048,Timothy,Wright,Doctor 1,2023-03-21
P2084,George,Green,Doctor 8,2023-03-21
P2140,Angela,Nguyen,Doctor 4,2023-03-21
P0004,Stephen,Richardson,Doctor 7,2023-03-22
P0072,Sandra,James,Doctor 5,2023-03-22
P0451,Steven,Robinson,Doctor 5,2023-03-22
P0510,Laura,Martin,Doctor 14,2023-03-22
P0562,Donna,Green,Doctor 3,2023-03-22
P0583,Jessica,Price,Doctor 8,2023-03-22
P0603,Laura,Ramos,Doctor 2,2023-03-22
P0608,Benjamin,Kim,Doctor 6,2023-03-22
P0700,Michelle,Kelly,Doctor 17,2023-03-22
P0759,Carol,Rogers,Doctor 1,2023-03-22
P0775,Mary,Smith,Doctor 16,2023-03-22
P0813,Karen,Taylor,Doctor 8,2023-03-22
P0846,Amy,Martin,Doctor 19,2023-03-22
P0980,Sarah,Castillo,Doctor 5,2023-03-22
P0991,Deborah,Ortiz,Doctor 5,2023-03-22
P1249,Donna,Mendoza,Doctor 18,2023-03-22
P1254,Rebecca,Smith,Doctor 19,2023-03-22
P1328,Frank,Diaz,Doctor 5,2023-03-22
P1435,Nancy,White,Doctor 9,2023-03-22
P1543,Laura,Diaz,Doctor 11,2023-03-22
P1685,Gary,King,Doctor 12,2023-03-22
P1718,Jose,Hall,Doctor 13,2023-03-22
P1726,Ronald,Mitchell,Doctor 17,2023-03-22
P1916,Ronald,Thompson,Doctor 17,2023-03-22
P1938,Thomas,Robinson,Doctor 2,2023-03-22
P1941,Ruth,Rodriguez,Doctor 10,2023-03-22
P1943,John,Martinez,Doctor 12,2023-03-22
P2012,Jennifer,Johnson,Doctor 20,2023-03-22
P2013,Rebecca,Parker,Doctor 8,2023-03-22
P2020,Benjamin,King,Doctor 10,2023-03-22
P2072,Brian,Cruz,Doctor 9,2023-03-22
P2131,Lisa,Lopez,Doctor 12,2023-03-22
P2132,Christopher,Nelson,Doctor 11,2023-03-22
P2143,Andrew,White,Doctor 17,2023-03-22
P2154,Kevin,Watson,Doctor 18,2023-03-22
P2254,Mark,Castillo,Doctor 7,2023-03-22
P0060,Jessica,Robinson,Doctor 5,2023-03-23
P0083,Jose,Carter,Doctor 15,2023-03-23
P0158,Timothy,Morgan,Doctor 18,2023-03-23
P0593,Carol,Walker,Doctor 1,2023-03-23
P0609,Cynthia,Roberts,Doctor 8,2023-03-23
P0632,Laura,Castillo,Doctor 13,2023-03-23
P0679,Kimberly,Rivera,Doctor 11,2023-03-23
P0722,Mark,Miller,Doctor 11,2023-03-23
P0879,Sarah,Hall,Doctor 15,2023-03-23
P0924,Matthew,Diaz,Doctor 13,2023-03-23
P1036,Brian,King,Doctor 2,2023-03-23
P1152,Sandra,Lopez,Doctor 20,2023-03-23
P1215,Betty,Hernandez,Doctor 6,2023-03-23
P1260,Joshua,Hill,Doctor 11,2023-03-23
P1288,Edward,Watson,Doctor 3,2023-03-23
P1391,Michael,Adams,Doctor 19,2023-03-23
P1413,Betty,Robinson,Doctor 3,2023-03-23
P1414,Nicholas,Brooks,Doctor 1,2023-03-23
P1414,Nicholas,Brooks,Doctor 4,2023-03-23
P1434,Sandra,Morgan,Doctor 15,2023-03-23
P1710,Michael,Peterson,Doctor 10,2023-03-23
P1810,Andrew,Moore,Doctor 4,2023-03-23
P2010,Dorothy,Clark,Doctor 16,2023-03-23
P2097,Linda,Lee,Doctor 11,2023-03-23
P2178,Sarah,Lewis,Doctor 16,2023-03-23
P2302,Brenda,Myers,Doctor 17,2023-03-23
P0041,Virginia,Rogers,Doctor 16,2023-03-24
P0055,Dennis,Richardson,Doctor 19,2023-03-24
P0182,Donald,Ruiz,Doctor 2,2023-03-24
P0248,Tyler,Brown,Doctor 3,2023-03-24
P0271,Ruth,Morales,Doctor 2,2023-03-24
P0368,Carol,Hughes,Doctor 16,2023-03-24
P0373,Lisa,Cook,Doctor 20,2023-03-24
P0448,David,Rivera,Doctor 6,2023-03-24
P0591,Jason,Thomas,Doctor 11,2023-03-24
P0602,Anna,Adams,Doctor 15,2023-03-24
P0730,Deborah,Wood,Doctor 14,2023-03-24
P0756,Alexander,Clark,Doctor 11,2023-03-24
P0765,Laura,Collins,Doctor 19,2023-03-24
P0799,Amy,Scott,Doctor 12,2023-03-24
P0837,Helen,Gray,Doctor 11,2023-03-24
P0843,Dennis,Thompson,Doctor 4,2023-03-24
P0931,Edward,Hernandez,Doctor 12,2023-03-24
P0950,James,Hughes,Doctor 19,2023-03-24
P1055,Jessica,Thomas,Doctor 15,2023-03-24
P1134,Mary,Lee,Doctor 1,2023-03-24
P1184,Donna,Collins,Doctor 1,2023-03-24
P1213,Sarah,Richardson,Doctor 1,2023-03-24
P1344,Nicholas,Price,Doctor 19,2023-03-24
P1684,Patricia,Rodriguez,Doctor 8,2023-03-24
P1719,Scott,Watson,Doctor 4,2023-03-24
P1934,Laura,Hughes,Doctor 16,2023-03-24
P1966,Mary,Baker,Doctor 13,2023-03-24
P1991,Mark,Peterson,Doctor 8,2023-03-24
P2010,Dorothy,Clark,Doctor 16,2023-03-24
P2018,Patrick,Myers,Doctor 19,2023-03-24
P2243,Susan,Moore,Doctor 13,2023-03-24
P0078,Kenneth,Turner,Doctor 3,2023-03-25
P0123,Betty,Kelly,Doctor 16,2023-03-25
P0203,Michelle,Moore,Doctor 13,2023-03-25
P0255,Kenneth,Campbell,Doctor 19,2023-03-25
P0279,Gregory,Miller,Doctor 20,2023-03-25
P0288,Nancy,Miller,Doctor 10,2023-03-25
P0365,Gregory,Hernandez,Doctor 6,2023-03-25
P0417,Justin,Garcia,Doctor 8,2023-03-25
P0728,Helen,Jones,Doctor 11,2023-03-25
P0817,Joshua,Scott,Doctor 3,2023-03-25
P1028,Lisa,Hughes,Doctor 16,2023-03-25
P1154,Stephen,Kelly,Doctor 15,2023-03-25
P1173,William,Sanders,Doctor 18,2023-03-25
P1181,Eric,Ramirez,Doctor 1,2023-03-25
P1340,George,Myers,Doctor 10,2023-03-25
P1533,Jerry,Ward,Doctor 19,2023-03-25
P1569,Ruth,Ramos,Doctor 11,2023-03-25
P1609,Jason,Campbell,Doctor 15,2023-03-25
P1617,Jessica,Peterson,Doctor 17,2023-03-25
P1710,Michael,Peterson,Doctor 10,2023-03-25
P1755,Patricia,Watson,Doctor 4,2023-03-25
P1816,Benjamin,Rogers,Doctor 4,2023-03-25
P1950,Justin,Reyes,Doctor 17,2023-03-25
P1992,Donna,Wilson,Doctor 1,2023-03-25
P2072,Brian,Cruz,Doctor 9,2023-03-25
P2154,Kevin,Watson,Doctor 18,2023-03-25
P2163,Emma,Lewis,Doctor 17,2023-03-25
P2228,Ryan,Ward,Doctor 8,2023-03-25
P2246,Shirley,Gray,Doctor 1,2023-03-25
P0044,Scott,Rodriguez,Doctor 11,2023-03-26
P0089,Anna,Morales,Doctor 3,2023-03-26
P0128,Eric,Nelson,Doctor 13,2023-03-26
P0197,Timothy,Nguyen,Doctor 10,2023-03-26
P0327,Brenda,Howard,Doctor 4,2023-03-26
P0440,Mary,Hill,Doctor 8,2023-03-26
P0463,Jeffrey,Hernandez,Doctor 7,2023-03-26
P0596,Nicholas,Ramos,Doctor 6,2023-03-26
P0725,Elizabeth,Ward,Doctor 12,2023-03-26
P0839,Christopher,Johnson,Doctor 18,2023-03-26
P0968,Daniel,Phillips,Doctor 15,2023-03-26
P1030,Helen,Sanders,Doctor 19,2023-03-26
P1065,Ruth,Myers,Doctor 3,2023-03-26
P1084,Kenneth,Morales,Doctor 18,2023-03-26
P1108,Brenda,Torres,Doctor 5,2023-03-26
P1152,Sandra,Lopez,Doctor 1,2023-03-26
P1300,Sandra,Cook,Doctor 8,2023-03-26
P1331,Susan,Reed,Doctor 2,2023-03-26
P1562,Jerry,Hernandez,Doctor 6,2023-03-26
P1588,George,Brooks,Doctor 7,2023-03-26
P1609,Jason,Campbell,Doctor 15,2023-03-26
P1621,Christopher,Jackson,Doctor 13,2023-03-26
P1676,Jack,Martin,Doctor 10,2023-03-26
P1758,Frank,Sanders,Doctor 16,2023-03-26
P1926,Helen,Johnson,Doctor 16,2023-03-26
P2081,Christopher,Castillo,Doctor 10,2023-03-26
P2112,Carol,Moore,Doctor 10,2023-03-26
P2122,Sarah,Gutierrez,Doctor 9,2023-03-26
P2138,Linda,Gutierrez,Doctor 17,2023-03-26
P2192,Helen,Jackson,Doctor 20,2023-03-26
P2194,Mary,Green,Doctor 17,2023-03-26
P2268,Joseph,Turner,Doctor 10,2023-03-26
P0236,Sarah,Rogers,Doctor 13,2023-03-27
P0246,Carol,Robinson,Doctor 9,2023-03-27
P0294,Ryan,Lopez,Doctor 15,2023-03-27
P0346,Brandon,Hughes,Doctor 13,2023-03-27
P0515,Donald,Price,Doctor 5,2023-03-27
P0627,Matthew,King,Doctor 7,2023-03-27
P0697,Sharon,Turner,Doctor 2,2023-03-27
P0731,Richard,Gonzalez,Doctor 18,2023-03-27
P0785,Nicholas,Sanchez,Doctor 2,2023-03-27
P0786,Donald,Mitchell,Doctor 12,2023-03-27
P0804,Christopher,Gomez,Doctor 1,2023-03-27
P0850,Frank,Carter,Doctor 2,2023-03-27
P1298,Linda,Bennett,Doctor 16,2023-03-27
P1333,Joshua,Collins,Doctor 4,2023-03-27
P1361,Elizabeth,Scott,Doctor 20,2023-03-27
P1363,David,Morales,Doctor 19,2023-03-27
P1365,Stephen,Jackson,Doctor 10,2023-03-27
P1502,Larry,Campbell,Doctor 18,2023-03-27
P1538,Nancy,Mendoza,Doctor 4,2023-03-27
P1565,Ruth,Morgan,Doctor 20,2023-03-27
P1748,David,Nelson,Doctor 3,2023-03-27
P1795,Sharon,Rivera,Doctor 5,2023-03-27
P1927,Nicholas,Collins,Doctor 4,2023-03-27
P1984,Melissa,Cruz,Doctor 19,2023-03-27
P2051,Cynthia,Hernandez,Doctor 10,2023-03-27
P2155,Alexander,Thompson,Doctor 17,2023-03-27
P2164,Jason,Clark,Doctor 1,2023-03-27
P2204,Brenda,Perez,Doctor 20,2023-03-27
P2229,Laura,Roberts,Doctor 2,2023-03-27
P2237,Cynthia,Wright,Doctor 2,2023-03-27
P2250,Aaron,Wilson,Doctor 10,2023-03-27
P2255,Donna,Lewis,Doctor 14,2023-03-27
P2299,Cynthia,Cooper,Doctor 3,2023-03-27
P0054,Steven,Green,Doctor 20,2023-03-28
P0063,Jonathan,Gomez,Doctor 1,2023-03-28
P0366,Christopher,Ortiz,Doctor 9,2023-03-28
P0406,William,Brown,Doctor 15,2023-03-28
P0432,Michelle,Ortiz,Doctor 10,2023-03-28
P0443,Laura,Mitchell,Doctor 4,2023-03-28
P0611,Alexander,Smith,Doctor 20,2023-03-28
P0915,Karen,Turner,Doctor 7,2023-03-28
P1009,Jennifer,Gonzalez,Doctor 9,2023-03-28
P1025,Alexander,Harris,Doctor 18,2023-03-28
P1031,Mark,Sanchez,Doctor 4,2023-03-28
P1045,Mary,Wright,Doctor 4,2023-03-28
P1094,Laura,Lopez,Doctor 15,2023-03-28
P1183,Robert,Nelson,Doctor 18,2023-03-28
P1214,Larry,Bennett,Doctor 8,2023-03-28
P1283,Samuel,Parker,Doctor 13,2023-03-28
P1344,Nicholas,Price,Doctor 19,2023-03-28
P1583,Shirley,Gonzalez,Doctor 20,2023-03-28
P1589,Virginia,Chavez,Doctor 6,2023-03-28
P1612,Ruth,Price,Doctor 3,2023-03-28
P1695,Betty,Diaz,Doctor 19,2023-03-28
P1706,Dennis,Gomez,Doctor 1,2023-03-28
P1837,Kenneth,Parker,Doctor 14,2023-03-28
P1841,Scott,Martin,Doctor 19,2023-03-28
P1930,Dennis,Scott,Doctor 10,2023-03-28
P2042,Anthony,Parker,Doctor 16,2023-03-28
P2058,Frank,Ward,Doctor 18,2023-03-28
P2171,Linda,Lewis,Doctor 20,2023-03-28
P2182,Sandra,King,Doctor 3,2023-03-28
P2199,Patrick,Perez,Doctor 11,2023-03-28
P2210,Rebecca,Gray,Doctor 6,2023-03-28
P2256,Emma,Watson,Doctor 17,2023-03-28
P0030,Thomas,Scott,Doctor 18,2023-03-29
P0045,Kimberly,Jackson,Doctor 6,2023-03-29
P0307,Nancy,Scott,Doctor 17,2023-03-29
P0346,Brandon,Hughes,Doctor 13,2023-03-29
P0518,Donna,Sanders,Doctor 6,2023-03-29
P0545,Kimberly,Brooks,Doctor 11,2023-03-29
P0619,Michelle,Davis,Doctor 6,2023-03-29
P0746,Kevin,Anderson,Doctor 18,2023-03-29
P0757,Sandra,Brooks,Doctor 14,2023-03-29
P0826,Helen,Mitchell,Doctor 7,2023-03-29
P0889,Jose,Cooper,Doctor 5,2023-03-29
P0903,Emma,Brown,Doctor 8,2023-03-29
P0918,Patricia,Harris,Doctor 12,2023-03-29
P0943,Jerry,Sanchez,Doctor 5,2023-03-29
P0946,Timothy,Cox,Doctor 8,2023-03-29
P0952,Donna,Anderson,Doctor 1,2023-03-29
P0993,Sharon,Reed,Doctor 15,2023-03-29
P1023,Benjamin,Cook,Doctor 17,2023-03-29
P1132,Cynthia,Young,Doctor 9,2023-03-29
P1145,Charles,Anderson,Doctor 20,2023-03-29
P1213,Sarah,Richardson,Doctor 1,2023-03-29
P1217,Jack,Howard,Doctor 6,2023-03-29
P1244,Matthew,Rivera,Doctor 6,2023-03-29
P1253,Deborah,Bennett,Doctor 14,2023-03-29
P1298,Linda,Bennett,Doctor 16,2023-03-29
P1400,Patricia,Morris,Doctor 13,2023-03-29
P1428,Samuel,Price,Doctor 3,2023-03-29
P1442,Scott,Chavez,Doctor 8,2023-03-29
P1532,Dennis,Howard,Doctor 2,2023-03-29
P1586,Carol,Turner,Doctor 16,2023-03-29
P1649,Elizabeth,Green,Doctor 2,2023-03-29
P1713,Michael,Kim,Doctor 18,2023-03-29
P1765,Cynthia,Gray,Doctor 3,2023-03-29
P1794,Laura,Cruz,Doctor 10,2023-03-29
P1846,Kenneth,Anderson,Doctor 8,2023-03-29
P1940,Dennis,Thomas,Doctor 8,2023-03-29
P1971,George,Martin,Doctor 13,2023-03-29
P2016,Edward,Bennett,Doctor 2,2023-03-29
P2067,Betty,Cooper,Doctor 1,2023-03-29
P2147,Angela,Morgan,Doctor 5,2023-03-29
P2241,Jerry,Wilson,Doctor 11,2023-03-29
P0009,Gregory,Thompson,Doctor 17,2023-03-30
P0026,Betty,Richardson,Doctor 7,2023-03-30
P0123,Betty,Kelly,Doctor 16,2023-03-30
P0135,Benjamin,Rivera,Doctor 19,2023-03-30
P0150,Nicholas,Moore,Doctor 5,2023-03-30
P0226,Angela,Kelly,Doctor 5,2023-03-30
P0398,Frank,Hall,Doctor 14,2023-03-30
P0554,George,Gutierrez,Doctor 12,2023-03-30
P0612,David,Watson,Doctor 1,2023-03-30
P0693,Kevin,Williams,Doctor 18,2023-03-30
P0708,Raymond,Scott,Doctor 8,2023-03-30
P0745,Raymond,Wilson,Doctor 17,2023-03-30
P0854,Anna,Lewis,Doctor 8,2023-03-30
P0950,James,Hughes,Doctor 19,2023-03-30
P1003,Eric,Kim,Doctor 15,2023-03-30
P1036,Brian,King,Doctor 10,2023-03-30
P1202,Jennifer,Carter,Doctor 11,2023-03-30
P1258,Stephen,Roberts,Doctor 13,2023-03-30
P1363,David,Morales,Doctor 18,2023-03-30
P1604,Nancy,Reed,Doctor 17,2023-03-30
P1639,Dorothy,Evans,Doctor 2,2023-03-30
P1670,Betty,Lopez,Doctor 7,2023-03-30
P1873,Jonathan,Turner,Doctor 1,2023-03-30
P2187,Emma,Anderson,Doctor 6,2023-03-30
P2237,Cynthia,Wright,Doctor 2,2023-03-30
P2271,Helen,Thompson,Doctor 5,2023-03-30
P2297,Andrew,Miller,Doctor 3,2023-03-30
P0005,Stephen,Morales,Doctor 5,2023-03-31
P0058,John,Young,Doctor 19,2023-03-31
P0113,Donald,James,Doctor 7,2023-03-31
P0158,Timothy,Morgan,Doctor 1,2023-03-31
P0256,Karen,Hernandez,Doctor 20,2023-03-31
P0375,Kenneth,Davis,Doctor 14,2023-03-31
P0511,Donald,Baker,Doctor 16,2023-03-31
P0520,David,Reed,Doctor 9,2023-03-31
P0523,Ryan,Kim,Doctor 8,2023-03-31
P0549,Sarah,Garcia,Doctor 15,2023-03-31
P0637,Charles,Ward,Doctor 19,2023-03-31
P0696,Larry,Reed,Doctor 10,2023-03-31
P0704,Nicholas,Mendoza,Doctor 10,2023-03-31
P0760,Cynthia,Lee,Doctor 3,2023-03-31
P0813,Karen,Taylor,Doctor 8,2023-03-31
P0897,Linda,Wood,Doctor 5,2023-03-31
P1043,Frank,Taylor,Doctor 17,2023-03-31
P1221,Kimberly,Gray,Doctor 17,2023-03-31
P1235,Steven,Morgan,Doctor 8,2023-03-31
P1264,Laura,Ruiz,Doctor 2,2023-03-31
P1341,Ruth,Moore,Doctor 2,2023-03-31
P1468,Eric,Brown,Doctor 8,2023-03-31
P1528,Linda,Gomez,Doctor 15,2023-03-31
P1555,Jennifer,Wood,Doctor 12,2023-03-31
P1658,Samuel,Clark,Doctor 12,2023-03-31
P1683,Emma,Cooper,Doctor 5,2023-03-31
P1731,Patricia,Chavez,Doctor 7,2023-03-31
P1870,Kevin,Allen,Doctor 10,2023-03-31
P1959,Richard,Morales,Doctor 10,2023-03-31
P2027,Aaron,Lewis,Doctor 10,2023-03-31
P2029,Timothy,Collins,Doctor 14,2023-03-31
P2078,Donna,Gonzalez,Doctor 20,2023-03-31
P2159,Alexander,Torres,Doctor 5,2023-03-31
P2218,Anna,Bailey,Doctor 18,2023-03-31
P2234,Laura,Kelly,Doctor 4,2023-03-31
P2278,Benjamin,Brown,Doctor 16,2023-03-31
P0082,Nancy,Ramirez,Doctor 4,2023-04-01
P0131,Karen,Hughes,Doctor 17,2023-04-01
P0501,Samuel,Chavez,Doctor 9,2023-04-01
P0513,Sharon,Gutierrez,Doctor 13,2023-04-01
P0517,Brandon,Gonzalez,Doctor 17,2023-04-01
P0531,Anthony,Lee,Doctor 6,2023-04-01
P0543,Amy,Brooks,Doctor 15,2023-04-01
P0591,Jason,Thomas,Doctor 15,2023-04-01
P0596,Nicholas,Ramos,Doctor 6,2023-04-01
P0771,Carol,Ramirez,Doctor 12,2023-04-01
P0839,Christopher,Johnson,Doctor 4,2023-04-01
P0884,Virginia,Turner,Doctor 12,2023-04-01
P0885,Brandon,Harris,Doctor 9,2023-04-01
P0928,Mary,Clark,Doctor 20,2023-04-01
P0956,Alexander,Gomez,Doctor 1,2023-04-01
P0963,George,Castillo,Doctor 9,2023-04-01
P1038,Cynthia,Nelson,Doctor 1,2023-04-01
P1069,Daniel,Young,Doctor 7,2023-04-01
P1110,Benjamin,Williams,Doctor 8,2023-04-01
P1152,Sandra,Lopez,Doctor 1,2023-04-01
P1163,Rebecca,Price,Doctor 5,2023-04-01
P1174,Charles,Clark,Doctor 16,2023-04-01
P1233,Deborah,Johnson,Doctor 14,2023-04-01
P1281,Raymond,Martinez,Doctor 12,2023-04-01
P1295,Jessica,Hall,Doctor 3,2023-04-01
P1335,William,Nelson,Doctor 3,2023-04-01
P1706,Dennis,Gomez,Doctor 18,2023-04-01
P1768,Patricia,Thomas,Doctor 5,2023-04-01
P1878,George,Nelson,Doctor 16,2023-04-01
P1904,Jacob,Jackson,Doctor 14,2023-04-01
P1954,Amy,Moore,Doctor 10,2023-04-01
P1958,Aaron,Clark,Doctor 17,2023-04-01
P2008,Benjamin,Martinez,Doctor 5,2023-04-01
P2014,Justin,Sanchez,Doctor 8,2023-04-01
P2032,Helen,Rivera,Doctor 6,2023-04-01
P2067,Betty,Cooper,Doctor 1,2023-04-01
P2156,Steven,Ortiz,Doctor 4,2023-04-01
P0048,Samuel,Young,Doctor 6,2023-04-02
P0172,Stephen,Brown,Doctor 14,2023-04-02
P0234,Alexander,Scott,Doctor 6,2023-04-02
P0264,Donna,Perez,Doctor 10,2023-04-02
P0333,Laura,Nguyen,Doctor 15,2023-04-02
P0337,Larry,Phillips,Doctor 19,2023-04-02
P0433,Kevin,Ward,Doctor 19,2023-04-02
P0478,Nancy,Ruiz,Doctor 12,2023-04-02
P0531,Anthony,Lee,Doctor 6,2023-04-02
P0768,Kevin,Reed,Doctor 19,2023-04-02
P0935,Richard,Ward,Doctor 3,2023-04-02
P0996,Melissa,Collins,Doctor 17,2023-04-02
P1001,Andrew,Murphy,Doctor 2,2023-04-02
P1098,Brenda,Cooper,Doctor 7,2023-04-02
P1284,Michelle,Hughes,Doctor 7,2023-04-02
P1308,Anna,Nguyen,Doctor 14,2023-04-02
P1404,Laura,Gutierrez,Doctor 9,2023-04-02
P1494,Anthony,Cooper,Doctor 8,2023-04-02
P1553,Brandon,Torres,Doctor 9,2023-04-02
P1595,Amy,Kim,Doctor 18,2023-04-02
P1656,Patricia,Gonzalez,Doctor 5,2023-04-02
P1663,Richard,Jackson,Doctor 16,2023-04-02
P1728,Cynthia,Adams,Doctor 9,2023-04-02
P1738,Amy,Taylor,Doctor 15,2023-04-02
P1809,Steven,Sanchez,Doctor 11,2023-04-02
P1817,Sandra,Parker,Doctor 8,2023-04-02
P1851,David,Brooks,Doctor 9,2023-04-02
P1921,Jessica,Morales,Doctor 7,2023-04-02
P1992,Donna,Wilson,Doctor 11,2023-04-02
P2215,James,Howard,Doctor 17,2023-04-02
P2282,Virginia,James,Doctor 13,2023-04-02
P2284,Betty,Wright,Doctor 13,2023-04-02
P0108,Steven,Reed,Doctor 18,2023-04-03
P0117,Kimberly,Ruiz,Doctor 18,2023-04-03
P0322,Cynthia,Robinson,Doctor 19,2023-04-03
P0346,Brandon,Hughes,Doctor 13,2023-04-03
P0416,Nicholas,Davis,Doctor 1,2023-04-03
P0573,Barbara,Cooper,Doctor 13,2023-04-03
P0655,Alexander,White,Doctor 15,2023-04-03
P0661,Joshua,Evans,Doctor 2,2023-04-03
P0687,Karen,Ruiz,Doctor 18,2023-04-03
P0710,Ronald,Evans,Doctor 12,2023-04-03
P0744,Eric,Garcia,Doctor 13,2023-04-03
P0809,Raymond,Parker,Doctor 15,2023-04-03
P0848,Matthew,Phillips,Doctor 19,2023-04-03
P0873,Alexander,Bailey,Doctor 20,2023-04-03
P0916,Robert,Evans,Doctor 6,2023-04-03
P1024,Betty,Cox,Doctor 20,2023-04-03
P1043,Frank,Taylor,Doctor 16,2023-04-03
P1087,Stephen,Hall,Doctor 15,2023-04-03
P1239,Deborah,Brown,Doctor 14,2023-04-03
P1250,Brian,Walker,Doctor 8,2023-04-03
P1388,Justin,Roberts,Doctor 8,2023-04-03
P1402,Karen,Williams,Doctor 4,2023-04-03
P1489,Mary,Alvarez,Doctor 4,2023-04-03
P1529,Jack,Kelly,Doctor 14,2023-04-03
P1569,Ruth,Ramos,Doctor 11,2023-04-03
P1614,Nicholas,Hall,Doctor 17,2023-04-03
P1886,Shirley,Williams,Doctor 20,2023-04-03
P2026,Justin,Brown,Doctor 13,2023-04-03
P2065,Robert,White,Doctor 19,2023-04-03
P2172,Alexander,Garcia,Doctor 16,2023-04-03
P2173,Jerry,Collins,Doctor 19,2023-04-03
P2292,Matthew,Alvarez,Doctor 10,2023-04-03
P0296,Patricia,Cox,Doctor 8,2023-04-04
P0357,Jeffrey,Young,Doctor 6,2023-04-04
P0420,Angela,Evans,Doctor 2,2023-04-04
P0437,John,Ramirez,Doctor 12,2023-04-04
P0561,Karen,Kim,Doctor 4,2023-04-04
P0703,Tyler,Ortiz,Doctor 8,2023-04-04
P0713,Kenneth,Adams,Doctor 9,2023-04-04
P0738,Benjamin,Hernandez,Doctor 13,2023-04-04
P0750,Edward,Patel,Doctor 10,2023-04-04
P0778,Sandra,Alvarez,Doctor 18,2023-04-04
P0779,Jeffrey,Price,Doctor 1,2023-04-04
P0886,Anna,Clark,Doctor 12,2023-04-04
P0905,Sarah,Nelson,Doctor 8,2023-04-04
P1006,Jason,Ruiz,Doctor 14,2023-04-04
P1226,Joseph,Mendoza,Doctor 16,2023-04-04
P1251,Kimberly,Patel,Doctor 1,2023-04-04
P1267,Helen,Morales,Doctor 5,2023-04-04
P1424,Michelle,Scott,Doctor 5,2023-04-04
P1473,Shirley,Nguyen,Doctor 11,2023-04-04
P1518,Cynthia,Peterson,Doctor 17,2023-04-04
P1721,Gary,Baker,Doctor 5,2023-04-04
P1748,David,Nelson,Doctor 11,2023-04-04
P1814,Frank,Scott,Doctor 3,2023-04-04
P1922,Jack,Wilson,Doctor 2,2023-04-04
P2041,Sandra,Rivera,Doctor 2,2023-04-04
P2048,Timothy,Wright,Doctor 1,2023-04-04
P2068,Anna,Robinson,Doctor 14,2023-04-04
P2071,Sarah,Price,Doctor 14,2023-04-04
P2145,Daniel,Lewis,Doctor 6,2023-04-04
P2161,Brian,Anderson,Doctor 10,2023-04-04
P2177,James,Rodriguez,Doctor 8,2023-04-04
P2204,Brenda,Perez,Doctor 14,2023-04-04
P2244,Larry,Watson,Doctor 13,2023-04-04
P0150,Nicholas,Moore,Doctor 20,2023-04-05
P0198,Sharon,Jackson,Doctor 13,2023-04-05
P0227,Jonathan,Bailey,Doctor 3,2023-04-05
P0240,Sandra,Mitchell,Doctor 12,2023-04-05
P0250,Rebecca,Wilson,Doctor 20,2023-04-05
P0269,Jacob,Perez,Doctor 18,2023-04-05
P0343,Karen,Phillips,Doctor 19,2023-04-05
P0369,Raymond,Perez,Doctor 15,2023-04-05
P0407,Jeffrey,Wright,Doctor 11,2023-04-05
P0548,Timothy,Wood,Doctor 11,2023-04-05
P0724,Richard,Flores,Doctor 2,2023-04-05
P0769,Virginia,Reyes,Doctor 12,2023-04-05
P0883,Gregory,Young,Doctor 5,2023-04-05
P0973,Helen,Garcia,Doctor 17,2023-04-05
P1074,Sharon,Allen,Doctor 16,2023-04-05
P1109,Matthew,Harris,Doctor 4,2023-04-05
P1230,Susan,Ward,Doctor 15,2023-04-05
P1234,Donna,Morgan,Doctor 13,2023-04-05
P1250,Brian,Walker,Doctor 8,2023-04-05
P1258,Stephen,Roberts,Doctor 13,2023-04-05
P1332,Sharon,Hill,Doctor 20,2023-04-05
P1341,Ruth,Moore,Doctor 18,2023-04-05
P1347,Brenda,Sanders,Doctor 3,2023-04-05
P1374,Joshua,Morris,Doctor 2,2023-04-05
P1490,Charles,Carter,Doctor 3,2023-04-05
P1512,Brian,Parker,Doctor 5,2023-04-05
P1690,Emma,Garcia,Doctor 3,2023-04-05
P1699,Patrick,Stewart,Doctor 6,2023-04-05
P1784,Joseph,Peterson,Doctor 2,2023-04-05
P1845,George,Cook,Doctor 2,2023-04-05
P1979,Karen,Morales,Doctor 7,2023-04-05
P1999,Robert,Watson,Doctor 1,2023-04-05
P2214,Patrick,Chavez,Doctor 3,2023-04-05
P2261,Alexander,Cook,Doctor 1,2023-04-05
P2288,Alexander,Brooks,Doctor 14,2023-04-05
P2298,Kevin,Jones,Doctor 15,2023-04-05
P0033,Ronald,Rodriguez,Doctor 1,2023-04-06
P0048,Samuel,Young,Doctor 4,2023-04-06
P0173,Laura,Walker,Doctor 5,2023-04-06
P0217,Elizabeth,Harris,Doctor 19,2023-04-06
P0222,Ryan,Taylor,Doctor 14,2023-04-06
P0266,Jason,Sanchez,Doctor 2,2023-04-06
P0277,Michelle,Howard,Doctor 16,2023-04-06
P0304,John,Jones,Doctor 2,2023-04-06
P0347,Betty,Miller,Doctor 20,2023-04-06
P0425,Edward,Gray,Doctor 5,2023-04-06
P0473,Stephen,Cooper,Doctor 9,2023-04-06
P0560,Donna,Watson,Doctor 16,2023-04-06
P0590,Deborah,Collins,Doctor 20,2023-04-06
P0752,Brandon,Sanders,Doctor 11,2023-04-06
P0756,Alexander,Clark,Doctor 11,2023-04-06
P0791,Carol,Cox,Doctor 3,2023-04-06
P0845,Gary,Watson,Doctor 8,2023-04-06
P0922,Carol,Collins,Doctor 17,2023-04-06
P0945,Shirley,Gomez,Doctor 5,2023-04-06
P0970,Tyler,Cooper,Doctor 7,2023-04-06
P0978,Jessica,Mitchell,Doctor 9,2023-04-06
P1012,Patrick,Wilson,Doctor 15,2023-04-06
P1039,Jack,Ward,Doctor 11,2023-04-06
P1072,Jacob,Clark,Doctor 2,2023-04-06
P1129,Patricia,Mitchell,Doctor 15,2023-04-06
P1210,Lisa,Brown,Doctor 8,2023-04-06
P1271,Christopher,Peterson,Doctor 8,2023-04-06
P1274,Helen,Cruz,Doctor 7,2023-04-06
P1325,William,Cruz,Doctor 2,2023-04-06
P1347,Brenda,Sanders,Doctor 3,2023-04-06
P1401,Robert,Rogers,Doctor 20,2023-04-06
P1523,Nicholas,Torres,Doctor 15,2023-04-06
P1638,Scott,Martinez,Doctor 12,2023-04-06
P1680,Sharon,Hernandez,Doctor 20,2023-04-06
P1943,John,Martinez,Doctor 6,2023-04-06
P1956,Brian,Taylor,Doctor 17,2023-04-06
P2036,Steven,Garcia,Doctor 18,2023-04-06
P2241,Jerry,Wilson,Doctor 11,2023-04-06
P0056,Aaron,Kim,Doctor 2,2023-04-07
P0210,Donna,Castillo,Doctor 8,2023-04-07
P0344,Donna,Clark,Doctor 18,2023-04-07
P0358,Laura,Young,Doctor 14,2023-04-07
P0394,Aaron,Cox,Doctor 9,2023-04-07
P0490,Gary,Ramirez,Doctor 16,2023-04-07
P0494,Andrew,Cruz,Doctor 4,2023-04-07
P0501,Samuel,Chavez,Doctor 9,2023-04-07
P0543,Amy,Brooks,Doctor 20,2023-04-07
P0552,Matthew,Lopez,Doctor 5,2023-04-07
P0671,Karen,Cook,Doctor 12,2023-04-07
P0694,David,Taylor,Doctor 10,2023-04-07
P0761,Daniel,Miller,Doctor 13,2023-04-07
P0780,Nancy,Smith,Doctor 20,2023-04-07
P0886,Anna,Clark,Doctor 12,2023-04-07
P0893,Anna,Gomez,Doctor 7,2023-04-07
P0909,Scott,Morgan,Doctor 14,2023-04-07
P0967,Steven,Johnson,Doctor 16,2023-04-07
P1099,Jason,Anderson,Doctor 6,2023-04-07
P1118,Thomas,Jackson,Doctor 9,2023-04-07
P1120,Sarah,Hill,Doctor 2,2023-04-07
P1205,Anna,Parker,Doctor 14,2023-04-07
P1353,Jeffrey,Martinez,Doctor 4,2023-04-07
P1483,Justin,Lee,Doctor 3,2023-04-07
P1623,Melissa,Lee,Doctor 17,2023-04-07
P1685,Gary,King,Doctor 12,2023-04-07
P1738,Amy,Taylor,Doctor 12,2023-04-07
P1849,Robert,Thompson,Doctor 16,2023-04-07
P1898,Carol,Myers,Doctor 8,2023-04-07
P2087,Mary,Chavez,Doctor 2,2023-04-07
P2134,Timothy,Scott,Doctor 5,2023-04-07
P2151,Dorothy,Davis,Doctor 10,2023-04-07
P2153,Andrew,Sanchez,Doctor 13,2023-04-07
P2158,Ronald,Smith,Doctor 1,2023-04-07
P2287,Gary,Morris,Doctor 7,2023-04-07
P0053,Lisa,Rogers,Doctor 13,2023-04-08
P0308,Cynthia,Kelly,Doctor 16,2023-04-08
P0329,Joseph,Sanders,Doctor 10,2023-04-08
P0509,David,Myers,Doctor 15,2023-04-08
P0622,Linda,Bailey,Doctor 2,2023-04-08
P0710,Ronald,Evans,Doctor 12,2023-04-08
P0878,John,Martin,Doctor 7,2023-04-08
P0918,Patricia,Harris,Doctor 8,2023-04-08
P0978,Jessica,Mitchell,Doctor 9,2023-04-08
P0986,Emma,Nguyen,Doctor 3,2023-04-08
P0997,Sarah,Parker,Doctor 5,2023-04-08
P1052,Brenda,Allen,Doctor 19,2023-04-08
P1145,Charles,Anderson,Doctor 20,2023-04-08
P1214,Larry,Bennett,Doctor 8,2023-04-08
P1217,Jack,Howard,Doctor 17,2023-04-08
P1342,Jose,Diaz,Doctor 18,2023-04-08
P1417,Cynthia,Price,Doctor 2,2023-04-08
P1418,Shirley,Mitchell,Doctor 13,2023-04-08
P1483,Justin,Lee,Doctor 14,2023-04-08
P1649,Elizabeth,Green,Doctor 2,2023-04-08
P1744,Kimberly,Stewart,Doctor 12,2023-04-08
P1754,Sandra,Martinez,Doctor 5,2023-04-08
P1755,Patricia,Watson,Doctor 4,2023-04-08
P1835,Angela,King,Doctor 19,2023-04-08
P1850,Carol,Phillips,Doctor 18,2023-04-08
P1910,Jose,Allen,Doctor 15,2023-04-08
P2198,John,Hernandez,Doctor 5,2023-04-08
P2225,Lisa,Rodriguez,Doctor 5,2023-04-08
P2261,Alexander,Cook,Doctor 2,2023-04-08
P2292,Matthew,Alvarez,Doctor 10,2023-04-08
P0023,Joseph,Rodriguez,Doctor 14,2023-04-09
P0033,Ronald,Rodriguez,Doctor 1,2023-04-09
P0051,Jessica,Wright,Doctor 10,2023-04-09
P0125,Jerry,Martin,Doctor 18,2023-04-09
P0201,Brandon,Hill,Doctor 8,2023-04-09
P0252,Carol,Cruz,Doctor 11,2023-04-09
P0453,Barbara,Rogers,Doctor 8,2023-04-09
P0498,Shirley,Kim,Doctor 18,2023-04-09
P0527,Jessica,Rogers,Doctor 6,2023-04-09
P0529,Brian,Ramirez,Doctor 17,2023-04-09
P0687,Karen,Ruiz,Doctor 18,2023-04-09
P0790,Michelle,Thompson,Doctor 19,2023-04-09
P0855,Sarah,Gomez,Doctor 14,2023-04-09
P0865,Mark,Davis,Doctor 3,2023-04-09
P0995,Matthew,Carter,Doctor 8,2023-04-09
P1139,Alexander,Cox,Doctor 3,2023-04-09
P1172,Ruth,Ramirez,Doctor 18,2023-04-09
P1387,Barbara,Cox,Doctor 2,2023-04-09
P1405,Scott,Lewis,Doctor 20,2023-04-09
P1422,Richard,Cox,Doctor 1,2023-04-09
P1534,John,Diaz,Doctor 10,2023-04-09
P1538,Nancy,Mendoza,Doctor 10,2023-04-09
P1540,Patrick,Ramos,Doctor 11,2023-04-09
P1572,Jacob,Brooks,Doctor 12,2023-04-09
P1626,Joshua,Ramirez,Doctor 2,2023-04-09
P1648,Eric,Sanchez,Doctor 16,2023-04-09
P1688,Sandra,Chavez,Doctor 18,2023-04-09
P1987,Barbara,Martinez,Doctor 16,2023-04-09
P2070,Andrew,Rivera,Doctor 5,2023-04-09
P2104,Sandra,Collins,Doctor 12,2023-04-09
P2146,Tyler,Parker,Doctor 4,2023-04-09
P2267,Matthew,Torres,Doctor 5,2023-04-09
P2267,Matthew,Torres,Doctor 20,2023-04-09
P2304,Nancy,Wood,Doctor 8,2023-04-09
P0103,John,Myers,Doctor 19,2023-04-10
P0185,Samuel,Roberts,Doctor 13,2023-04-10
P0272,Dorothy,Roberts,Doctor 13,2023-04-10
P0327,Brenda,Howard,Doctor 4,2023-04-10
P0349,Daniel,Reed,Doctor 19,2023-04-10
P0378,Melissa,Thomas,Doctor 1,2023-04-10
P0414,Aaron,Rogers,Doctor 19,2023-04-10
P0416,Nicholas,Davis,Doctor 8,2023-04-10
P0611,Alexander,Smith,Doctor 5,2023-04-10
P0614,Carol,Thompson,Doctor 19,2023-04-10
P0684,Carol,Scott,Doctor 9,2023-04-10
P0711,Ryan,Williams,Doctor 13,2023-04-10
P0801,George,Ramos,Doctor 15,2023-04-10
P0855,Sarah,Gomez,Doctor 14,2023-04-10
P0946,Timothy,Cox,Doctor 12,2023-04-10
P0981,Kenneth,Gray,Doctor 11,2023-04-10
P1056,David,Hernandez,Doctor 20,2023-04-10
P1057,Gary,Clark,Doctor 17,2023-04-10
P1066,John,Gomez,Doctor 8,2023-04-10
P1131,Melissa,Campbell,Doctor 15,2023-04-10
P1162,Christopher,Cruz,Doctor 15,2023-04-10
P1175,Jennifer,Hill,Doctor 8,2023-04-10
P1191,Michelle,Ramos,Doctor 14,2023-04-10
P1218,Scott,Torres,Doctor 15,2023-04-10
P1404,Laura,Gutierrez,Doctor 15,2023-04-10
P1448,Jeffrey,Jackson,Doctor 19,2023-04-10
P1509,John,Hall,Doctor 4,2023-04-10
P1673,Matthew,Peterson,Doctor 2,2023-04-10
P1710,Michael,Peterson,Doctor 3,2023-04-10
P1742,Shirley,Myers,Doctor 7,2023-04-10
P1772,Deborah,Ramirez,Doctor 16,2023-04-10
P1920,Gary,Parker,Doctor 5,2023-04-10
P1946,Sandra,Ortiz,Doctor 11,2023-04-10
P2110,Donna,Thomas,Doctor 11,2023-04-10
P2213,Sandra,Hill,Doctor 4,2023-04-10
P2254,Mark,Castillo,Doctor 7,2023-04-10
P0075,Gary,Reyes,Doctor 10,2023-04-11
P0198,Sharon,Jackson,Doctor 13,2023-04-11
P0284,Eric,Harris,Doctor 4,2023-04-11
P0328,Michael,Robinson,Doctor 16,2023-04-11
P0375,Kenneth,Davis,Doctor 14,2023-04-11
P0447,Jacob,Kim,Doctor 11,2023-04-11
P0585,Eric,Gray,Doctor 6,2023-04-11
P0586,Jerry,Morales,Doctor 2,2023-04-11
P0722,Mark,Miller,Doctor 18,2023-04-11
P0841,Ronald,Gutierrez,Doctor 2,2023-04-11
P0895,Lisa,Wright,Doctor 15,2023-04-11
P1013,Robert,Anderson,Doctor 10,2023-04-11
P1023,Benjamin,Cook,Doctor 17,2023-04-11
P1026,Kevin,Cook,Doctor 17,2023-04-11
P1060,Kimberly,Martinez,Doctor 20,2023-04-11
P1226,Joseph,Mendoza,Doctor 16,2023-04-11
P1268,Benjamin,Kelly,Doctor 1,2023-04-11
P1282,Gregory,Rodriguez,Doctor 3,2023-04-11
P1569,Ruth,Ramos,Doctor 11,2023-04-11
P1634,Kenneth,Thompson,Doctor 5,2023-04-11
P1779,Jessica,Green,Doctor 7,2023-04-11
P1901,Raymond,Nelson,Doctor 17,2023-04-11
P2035,Joseph,Cook,Doctor 8,2023-04-11
P2099,Susan,Myers,Doctor 20,2023-04-11
P2101,Jonathan,Hall,Doctor 1,2023-04-11
P2112,Carol,Moore,Doctor 2,2023-04-11
P2173,Jerry,Collins,Doctor 16,2023-04-11
P2224,Deborah,Thomas,Doctor 8,2023-04-11
P0084,Jonathan,Campbell,Doctor 17,2023-04-12
P0100,Michael,Roberts,Doctor 9,2023-04-12
P0132,Amy,Patel,Doctor 20,2023-04-12
P0186,Gary,Taylor,Doctor 14,2023-04-12
P0206,Aaron,Allen,Doctor 3,2023-04-12
P0281,Mary,Phillips,Doctor 7,2023-04-12
P0282,Thomas,Roberts,Doctor 17,2023-04-12
P0328,Michael,Robinson,Doctor 16,2023-04-12
P0349,Daniel,Reed,Doctor 19,2023-04-12
P0367,Scott,Wood,Doctor 10,2023-04-12
P0457,Melissa,Mendoza,Doctor 10,2023-04-12
P0546,Alexander,Rivera,Doctor 6,2023-04-12
P0851,Nicholas,James,Doctor 8,2023-04-12
P1057,Gary,Clark,Doctor 17,2023-04-12
P1094,Laura,Lopez,Doctor 15,2023-04-12
P1216,Nancy,Reyes,Doctor 7,2023-04-12
P1243,Virginia,Scott,Doctor 5,2023-04-12
P1364,Kathleen,Sanders,Doctor 4,2023-04-12
P1443,Laura,Brooks,Doctor 4,2023-04-12
P1524,Mark,Green,Doctor 20,2023-04-12
P1697,William,Mendoza,Doctor 8,2023-04-12
P1940,Dennis,Thomas,Doctor 8,2023-04-12
P1985,Alexander,Gray,Doctor 6,2023-04-12
P1990,Scott,Morris,Doctor 5,2023-04-12
P2053,Scott,Morales,Doctor 9,2023-04-12
P2082,James,Bailey,Doctor 8,2023-04-12
P2123,Betty,Ruiz,Doctor 10,2023-04-12
P2226,Linda,Miller,Doctor 5,2023-04-12
P0027,Jacob,Hernandez,Doctor 19,2023-04-13
P0046,Jack,Alvarez,Doctor 1,2023-04-13
P0110,Nancy,Williams,Doctor 10,2023-04-13
P0138,Thomas,Bennett,Doctor 5,2023-04-13
P0197,Timothy,Nguyen,Doctor 10,2023-04-13
P0288,Nancy,Miller,Doctor 10,2023-04-13
P0436,Emma,Alvarez,Doctor 4,2023-04-13
P0482,Anthony,Lewis,Doctor 9,2023-04-13
P0491,Sandra,Cruz,Doctor 11,2023-04-13
P0544,Frank,Clark,Doctor 10,2023-04-13
P0819,Richard,Ramirez,Doctor 4,2023-04-13
P0853,Justin,Myers,Doctor 14,2023-04-13
P0857,Joshua,Anderson,Doctor 4,2023-04-13
P0896,Sarah,Myers,Doctor 20,2023-04-13
P1003,Eric,Kim,Doctor 17,2023-04-13
P1043,Frank,Taylor,Doctor 16,2023-04-13
P1110,Benjamin,Williams,Doctor 8,2023-04-13
P1142,Jonathan,Johnson,Doctor 14,2023-04-13
P1178,Sarah,Perez,Doctor 10,2023-04-13
P1250,Brian,Walker,Doctor 15,2023-04-13
P1268,Benjamin,Kelly,Doctor 3,2023-04-13
P1536,Ronald,Allen,Doctor 10,2023-04-13
P1543,Laura,Diaz,Doctor 14,2023-04-13
P1550,Ruth,Howard,Doctor 11,2023-04-13
P1605,Jason,Cox,Doctor 17,2023-04-13
P1628,Ruth,Richardson,Doctor 16,2023-04-13
P1638,Scott,Martinez,Doctor 2,2023-04-13
P1646,Sarah,Collins,Doctor 5,2023-04-13
P1674,Edward,Hughes,Doctor 4,2023-04-13
P1812,James,Diaz,Doctor 15,2023-04-13
P1831,Donald,Ward,Doctor 20,2023-04-13
P1862,James,Peterson,Doctor 10,2023-04-13
P1882,Justin,Kelly,Doctor 2,2023-04-13
P1888,Michael,Cox,Doctor 4,2023-04-13
P1945,James,Richardson,Doctor 9,2023-04-13
P2027,Aaron,Lewis,Doctor 10,2023-04-13
P2201,Joseph,Martin,Doctor 8,2023-04-13
P2214,Patrick,Chavez,Doctor 3,2023-04-13
P0075,Gary,Reyes,Doctor 10,2023-04-14
P0084,Jonathan,Campbell,Doctor 17,2023-04-14
P0142,Elizabeth,Evans,Doctor 13,2023-04-14
P0194,Aaron,Collins,Doctor 6,2023-04-14
P0264,Donna,Perez,Doctor 10,2023-04-14
P0282,Thomas,Roberts,Doctor 17,2023-04-14
P0313,Jason,Smith,Doctor 19,2023-04-14
P0331,Sarah,Rivera,Doctor 18,2023-04-14
P0411,Rebecca,Kim,Doctor 8,2023-04-14
P0425,Edward,Gray,Doctor 5,2023-04-14
P0483,Helen,Smith,Doctor 13,2023-04-14
P0486,Linda,Mendoza,Doctor 14,2023-04-14
P0572,Kimberly,Chavez,Doctor 18,2023-04-14
P0582,Lisa,Sanchez,Doctor 15,2023-04-14
P0631,Ronald,Johnson,Doctor 19,2023-04-14
P0864,Rebecca,Rodriguez,Doctor 8,2023-04-14
P0918,Patricia,Harris,Doctor 3,2023-04-14
P0962,Laura,Garcia,Doctor 17,2023-04-14
P1057,Gary,Clark,Doctor 17,2023-04-14
P1125,Mark,Campbell,Doctor 16,2023-04-14
P1325,William,Cruz,Doctor 7,2023-04-14
P1553,Brandon,Torres,Doctor 7,2023-04-14
P1659,Patrick,Cooper,Doctor 16,2023-04-14
P1663,Richard,Jackson,Doctor 16,2023-04-14
P1700,Donald,Morris,Doctor 20,2023-04-14
P1722,Aaron,Mitchell,Doctor 16,2023-04-14
P1799,James,Brooks,Doctor 14,2023-04-14
P1886,Shirley,Williams,Doctor 15,2023-04-14
P2090,Anna,Sanchez,Doctor 18,2023-04-14
P2131,Lisa,Lopez,Doctor 12,2023-04-14
P2240,Jacob,Reed,Doctor 10,2023-04-14
P2262,Thomas,Morales,Doctor 11,2023-04-14
P2264,Joshua,Brown,Doctor 5,2023-04-14
P2288,Alexander,Brooks,Doctor 14,2023-04-14
P2302,Brenda,Myers,Doctor 17,2023-04-14
P0123,Betty,Kelly,Doctor 16,2023-04-15
P0130,Nicholas,Ruiz,Doctor 13,2023-04-15
P0170,Amy,Peterson,Doctor 7,2023-04-15
P0213,Sharon,Lee,Doctor 10,2023-04-15
P0294,Ryan,Lopez,Doctor 15,2023-04-15
P0308,Cynthia,Kelly,Doctor 16,2023-04-15
P0467,Ruth,Hernandez,Doctor 18,2023-04-15
P0547,William,Collins,Doctor 10,2023-04-15
P0658,Richard,Rivera,Doctor 4,2023-04-15
P0666,Tyler,Jones,Doctor 7,2023-04-15
P0691,Matthew,Davis,Doctor 8,2023-04-15
P0694,David,Taylor,Doctor 10,2023-04-15
P0705,Ryan,Wright,Doctor 10,2023-04-15
P0715,Lisa,Cruz,Doctor 8,2023-04-15
P0718,Ryan,Watson,Doctor 8,2023-04-15
P0754,Brenda,Brown,Doctor 12,2023-04-15
P0797,Larry,Alvarez,Doctor 13,2023-04-15
P0920,George,Morales,Doctor 10,2023-04-15
P1051,Dorothy,Cruz,Doctor 7,2023-04-15
P1217,Jack,Howard,Doctor 3,2023-04-15
P1246,Stephen,Ortiz,Doctor 19,2023-04-15
P1305,Betty,Sanders,Doctor 10,2023-04-15
P1347,Brenda,Sanders,Doctor 14,2023-04-15
P1355,Jessica,Carter,Doctor 9,2023-04-15
P1368,Susan,Edwards,Doctor 10,2023-04-15
P1373,Jose,Cook,Doctor 10,2023-04-15
P1444,Laura,Anderson,Doctor 19,2023-04-15
P1458,Kevin,Turner,Doctor 19,2023-04-15
P1546,Kathleen,Mitchell,Doctor 5,2023-04-15
P1553,Brandon,Torres,Doctor 20,2023-04-15
P1591,Karen,Evans,Doctor 2,2023-04-15
P1743,Sharon,Nguyen,Doctor 17,2023-04-15
P1771,Raymond,Morales,Doctor 9,2023-04-15
P1864,Betty,Collins,Doctor 18,2023-04-15
P1954,Amy,Moore,Doctor 17,2023-04-15
P1967,Stephen,Rogers,Doctor 17,2023-04-15
P2069,Melissa,Morris,Doctor 2,2023-04-15
P0024,Nicholas,Gray,Doctor 13,2023-04-16
P0028,Amy,Watson,Doctor 17,2023-04-16
P0082,Nancy,Ramirez,Doctor 4,2023-04-16
P0101,David,Rodriguez,Doctor 6,2023-04-16
P0188,Jennifer,Alvarez,Doctor 6,2023-04-16
P0207,Daniel,Baker,Doctor 2,2023-04-16
P0374,Angela,Gray,Doctor 17,2023-04-16
P0441,Kimberly,Cooper,Doctor 19,2023-04-16
P0450,Brian,Peterson,Doctor 8,2023-04-16
P0514,Timothy,Parker,Doctor 2,2023-04-16
P0588,Nancy,Morris,Doctor 9,2023-04-16
P0634,Jose,Morris,Doctor 5,2023-04-16
P0693,Kevin,Williams,Doctor 12,2023-04-16
P0706,Gregory,Cox,Doctor 2,2023-04-16
P0725,Elizabeth,Ward,Doctor 12,2023-04-16
P0740,Eric,Moore,Doctor 4,2023-04-16
P0774,Justin,Watson,Doctor 19,2023-04-16
P0784,Gregory,Ruiz,Doctor 13,2023-04-16
P0923,Kathleen,Hernandez,Doctor 2,2023-04-16
P1099,Jason,Anderson,Doctor 6,2023-04-16
P1168,Donna,Parker,Doctor 17,2023-04-16
P1222,Laura,Thompson,Doctor 17,2023-04-16
P1297,Thomas,Walker,Doctor 18,2023-04-16
P1426,William,Martin,Doctor 1,2023-04-16
P1520,Larry,Nelson,Doctor 12,2023-04-16
P1642,Richard,Lopez,Doctor 3,2023-04-16
P1671,Rebecca,Hughes,Doctor 17,2023-04-16
P1783,Susan,Diaz,Doctor 18,2023-04-16
P1910,Jose,Allen,Doctor 7,2023-04-16
P2030,Benjamin,Clark,Doctor 2,2023-04-16
P2042,Anthony,Parker,Doctor 16,2023-04-16
P2138,Linda,Gutierrez,Doctor 9,2023-04-16
P2141,David,Morgan,Doctor 20,2023-04-16
P2235,Richard,Rodriguez,Doctor 2,2023-04-16
P2253,George,Kelly,Doctor 11,2023-04-16
P0105,John,Morris,Doctor 1,2023-04-17
P0363,Stephen,Ramirez,Doctor 14,2023-04-17
P0418,Jose,Rodriguez,Doctor 7,2023-04-17
P0423,Steven,Lopez,Doctor 2,2023-04-17
P0606,Lisa,Ramos,Doctor 16,2023-04-17
P0643,Andrew,Nguyen,Doctor 19,2023-04-17
P0656,Edward,Hall,Doctor 19,2023-04-17
P0707,Jessica,Gomez,Doctor 8,2023-04-17
P0718,Ryan,Watson,Doctor 4,2023-04-17
P0739,Tyler,Rodriguez,Doctor 10,2023-04-17
P0746,Kevin,Anderson,Doctor 18,2023-04-17
P0753,Nicholas,Clark,Doctor 14,2023-04-17
P0761,Daniel,Miller,Doctor 17,2023-04-17
P0782,Brenda,Wood,Doctor 20,2023-04-17
P0806,Donald,Kim,Doctor 20,2023-04-17
P1026,Kevin,Cook,Doctor 11,2023-04-17
P1027,Betty,Bailey,Doctor 5,2023-04-17
P1051,Dorothy,Cruz,Doctor 18,2023-04-17
P1100,Jonathan,Cox,Doctor 10,2023-04-17
P1210,Lisa,Brown,Doctor 8,2023-04-17
P1381,Karen,Sanders,Doctor 10,2023-04-17
P1506,Gregory,Thomas,Doctor 8,2023-04-17
P1581,Jason,Johnson,Doctor 7,2023-04-17
P1609,Jason,Campbell,Doctor 15,2023-04-17
P1665,Laura,Carter,Doctor 7,2023-04-17
P1796,Angela,Moore,Doctor 9,2023-04-17
P1805,Dorothy,Young,Doctor 7,2023-04-17
P1828,George,Nguyen,Doctor 11,2023-04-17
P1834,Scott,Young,Doctor 9,2023-04-17
P1842,Donna,Carter,Doctor 15,2023-04-17
P1864,Betty,Collins,Doctor 1,2023-04-17
P2095,James,Gonzalez,Doctor 12,2023-04-17
P2109,Kimberly,Allen,Doctor 12,2023-04-17
P2207,Tyler,Ramirez,Doctor 10,2023-04-17
P2246,Shirley,Gray,Doctor 1,2023-04-17
P0069,James,King,Doctor 6,2023-04-18
P0205,Robert,Davis,Doctor 6,2023-04-18
P0257,Nicholas,Reed,Doctor 18,2023-04-18
P0358,Laura,Young,Doctor 14,2023-04-18
P0358,Laura,Young,Doctor 12,2023-04-18
P0378,Melissa,Thomas,Doctor 12,2023-04-18
P0386,Barbara,Thompson,Doctor 7,2023-04-18
P0562,Donna,Green,Doctor 3,2023-04-18
P0696,Larry,Reed,Doctor 20,2023-04-18
P0808,Jennifer,Stewart,Doctor 13,2023-04-18
P0893,Anna,Gomez,Doctor 7,2023-04-18
P0995,Matthew,Carter,Doctor 8,2023-04-18
P1122,Kenneth,Evans,Doctor 7,2023-04-18
P1188,Melissa,Torres,Doctor 5,2023-04-18
P1247,Steven,Myers,Doctor 14,2023-04-18
P1332,Sharon,Hill,Doctor 20,2023-04-18
P1368,Susan,Edwards,Doctor 10,2023-04-18
P1430,Ryan,Chavez,Doctor 17,2023-04-18
P1590,Gregory,Davis,Doctor 1,2023-04-18
P1592,Michael,Murphy,Doctor 5,2023-04-18
P1628,Ruth,Richardson,Doctor 16,2023-04-18
P1702,Donna,James,Doctor 6,2023-04-18
P1839,Donald,Evans,Doctor 12,2023-04-18
P1968,Carol,Chavez,Doctor 4,2023-04-18
P2027,Aaron,Lewis,Doctor 15,2023-04-18
P2063,Michelle,Murphy,Doctor 1,2023-04-18
P2112,Carol,Moore,Doctor 2,2023-04-18
P2136,Sarah,Robinson,Doctor 9,2023-04-18
P2157,Kathleen,Carter,Doctor 3,2023-04-18
P2173,Jerry,Collins,Doctor 16,2023-04-18
P0099,Michael,Rivera,Doctor 13,2023-04-19
P0356,Ruth,Rivera,Doctor 16,2023-04-19
P0438,Brandon,Miller,Doctor 16,2023-04-19
P0472,Jerry,Sanders,Doctor 12,2023-04-19
P0658,Richard,Rivera,Doctor 4,2023-04-19
P0663,Anna,Young,Doctor 18,2023-04-19
P0720,Jose,Jackson,Doctor 10,2023-04-19
P1022,Emma,Chavez,Doctor 9,2023-04-19
P1056,David,Hernandez,Doctor 20,2023-04-19
P1070,Michelle,Campbell,Doctor 19,2023-04-19
P1135,Sharon,Martin,Doctor 3,2023-04-19
P1482,Helen,White,Doctor 16,2023-04-19
P1488,Barbara,Harris,Doctor 2,2023-04-19
P1603,Jeffrey,Ruiz,Doctor 2,2023-04-19
P1824,Jack,Perez,Doctor 10,2023-04-19
P1844,John,Thomas,Doctor 13,2023-04-19
P1847,Sarah,Turner,Doctor 3,2023-04-19
P1981,Edward,Collins,Doctor 6,2023-04-19
P2068,Anna,Robinson,Doctor 14,2023-04-19
P2095,James,Gonzalez,Doctor 3,2023-04-19
P2191,Jennifer,Kelly,Doctor 8,2023-04-19
P2212,Carol,Jones,Doctor 20,2023-04-19
P0002,Emma,Peterson,Doctor 13,2023-04-20
P0023,Joseph,Rodriguez,Doctor 17,2023-04-20
P0086,Joshua,Gray,Doctor 6,2023-04-20
P0222,Ryan,Taylor,Doctor 3,2023-04-20
P0254,Frank,Castillo,Doctor 15,2023-04-20
P0315,Charles,Chavez,Doctor 4,2023-04-20
P0500,Anthony,Ramirez,Doctor 2,2023-04-20
P0510,Laura,Martin,Doctor 6,2023-04-20
P0520,David,Reed,Doctor 9,2023-04-20
P0575,Laura,Clark,Doctor 6,2023-04-20
P0617,Patrick,Rogers,Doctor 9,2023-04-20
P0652,Joseph,Morales,Doctor 20,2023-04-20
P0707,Jessica,Gomez,Doctor 18,2023-04-20
P0799,Amy,Scott,Doctor 12,2023-04-20
P0859,Anna,Reed,Doctor 8,2023-04-20
P0883,Gregory,Young,Doctor 4,2023-04-20
P1121,Tyler,Flores,Doctor 15,2023-04-20
P1161,Sarah,Mitchell,Doctor 14,2023-04-20
P1245,Jessica,Allen,Doctor 1,2023-04-20
P1373,Jose,Cook,Doctor 3,2023-04-20
P1381,Karen,Sanders,Doctor 10,2023-04-20
P1393,Eric,Smith,Doctor 13,2023-04-20
P1481,Karen,Harris,Doctor 14,2023-04-20
P1497,Thomas,Morris,Doctor 10,2023-04-20
P1621,Christopher,Jackson,Doctor 13,2023-04-20
P1637,John,Harris,Doctor 6,2023-04-20
P1642,Richard,Lopez,Doctor 3,2023-04-20
P1678,Sandra,Brown,Doctor 16,2023-04-20
P1683,Emma,Cooper,Doctor 8,2023-04-20
P1696,Patrick,Lewis,Doctor 6,2023-04-20
P1733,Ryan,Castillo,Doctor 9,2023-04-20
P1819,Carol,Edwards,Doctor 12,2023-04-20
P1881,Carol,Lopez,Doctor 14,2023-04-20
P1909,Ruth,Watson,Doctor 17,2023-04-20
P1993,Jessica,Stewart,Doctor 8,2023-04-20
P2067,Betty,Cooper,Doctor 1,2023-04-20
P2239,Michael,Davis,Doctor 3,2023-04-20
P0281,Mary,Phillips,Doctor 7,2023-04-21
P0317,Scott,Kelly,Doctor 14,2023-04-21
P0427,Laura,Reed,Doctor 13,2023-04-21
P0430,Jerry,Ramos,Doctor 10,2023-04-21
P0448,David,Rivera,Doctor 6,2023-04-21
P0539,Betty,Alvarez,Doctor 7,2023-04-21
P0627,Matthew,King,Doctor 7,2023-04-21
P0701,Kimberly,Campbell,Doctor 11,2023-04-21
P0837,Helen,Gray,Doctor 7,2023-04-21
P1144,Sharon,Miller,Doctor 12,2023-04-21
P1230,Susan,Ward,Doctor 15,2023-04-21
P1358,Gary,Hill,Doctor 9,2023-04-21
P1369,Tyler,Robinson,Doctor 13,2023-04-21
P1415,Jerry,Williams,Doctor 15,2023-04-21
P1448,Jeffrey,Jackson,Doctor 19,2023-04-21
P1489,Mary,Alvarez,Doctor 4,2023-04-21
P1511,William,Peterson,Doctor 5,2023-04-21
P1523,Nicholas,Torres,Doctor 15,2023-04-21
P1574,Robert,Stewart,Doctor 8,2023-04-21
P1605,Jason,Cox,Doctor 17,2023-04-21
P1740,Patrick,Hill,Doctor 15,2023-04-21
P1746,Justin,Morgan,Doctor 12,2023-04-21
P1840,Sarah,Patel,Doctor 11,2023-04-21
P1935,Carol,Miller,Doctor 16,2023-04-21
P2044,Stephen,Cook,Doctor 8,2023-04-21
P2157,Kathleen,Carter,Doctor 3,2023-04-21
P2260,Deborah,Price,Doctor 14,2023-04-21
P0035,Samuel,Morgan,Doctor 12,2023-04-22
P0035,Samuel,Morgan,Doctor 12,2023-04-22
P0154,Jonathan,Rodriguez,Doctor 10,2023-04-22
P0210,Donna,Castillo,Doctor 8,2023-04-22
P0387,Samuel,Ward,Doctor 14,2023-04-22
P0410,Donald,Ramirez,Doctor 1,2023-04-22
P0492,Alexander,Davis,Doctor 4,2023-04-22
P0497,Patrick,Price,Doctor 20,2023-04-22
P0522,Donna,Edwards,Doctor 1,2023-04-22
P0697,Sharon,Turner,Doctor 2,2023-04-22
P0751,Jennifer,Martinez,Doctor 19,2023-04-22
P0781,Jonathan,Miller,Doctor 9,2023-04-22
P0889,Jose,Cooper,Doctor 9,2023-04-22
P0925,Anna,Gonzalez,Doctor 18,2023-04-22
P1246,Stephen,Ortiz,Doctor 20,2023-04-22
P1424,Michelle,Scott,Doctor 11,2023-04-22
P1591,Karen,Evans,Doctor 15,2023-04-22
P1606,Joseph,Moore,Doctor 20,2023-04-22
P1678,Sandra,Brown,Doctor 9,2023-04-22
P1681,Samuel,Moore,Doctor 14,2023-04-22
P1683,Emma,Cooper,Doctor 7,2023-04-22
P1705,Timothy,Thompson,Doctor 11,2023-04-22
P1752,Matthew,Perez,Doctor 5,2023-04-22
P1847,Sarah,Turner,Doctor 3,2023-04-22
P1958,Aaron,Clark,Doctor 17,2023-04-22
P2166,Michelle,Wood,Doctor 17,2023-04-22
P2270,Justin,Davis,Doctor 11,2023-04-22
P2303,Patricia,James,Doctor 14,2023-04-22
P0108,Steven,Reed,Doctor 19,2023-04-23
P0112,Linda,Gonzalez,Doctor 7,2023-04-23
P0191,Laura,Murphy,Doctor 20,2023-04-23
P0231,Carol,Campbell,Doctor 20,2023-04-23
P0311,Carol,Ramos,Doctor 10,2023-04-23
P0471,John,Ramos,Doctor 3,2023-04-23
P0503,Carol,James,Doctor 10,2023-04-23
P0532,Kimberly,Kim,Doctor 16,2023-04-23
P0556,Lisa,Chavez,Doctor 18,2023-04-23
P0556,Lisa,Chavez,Doctor 18,2023-04-23
P0638,Donna,Bennett,Doctor 6,2023-04-23
P0674,Carol,Price,Doctor 4,2023-04-23
P0701,Kimberly,Campbell,Doctor 3,2023-04-23
P0788,Laura,Turner,Doctor 2,2023-04-23
P0953,Laura,Ortiz,Doctor 18,2023-04-23
P0999,Samuel,Stewart,Doctor 1,2023-04-23
P1034,Timothy,Rivera,Doctor 12,2023-04-23
P1078,Kevin,Johnson,Doctor 6,2023-04-23
P1182,Aaron,Martin,Doctor 15,2023-04-23
P1318,Michelle,Nelson,Doctor 1,2023-04-23
P1345,Linda,Brown,Doctor 19,2023-04-23
P1410,Amy,Brown,Doctor 8,2023-04-23
P1502,Larry,Campbell,Doctor 18,2023-04-23
P1555,Jennifer,Wood,Doctor 1,2023-04-23
P1895,Eric,Morales,Doctor 19,2023-04-23
P1913,Joshua,James,Doctor 3,2023-04-23
P2050,Joseph,Richardson,Doctor 10,2023-04-23
P2072,Brian,Cruz,Doctor 3,2023-04-23
P2116,Raymond,Wright,Doctor 4,2023-04-23
P2277,Sharon,Carter,Doctor 15,2023-04-23
P0067,Joshua,Phillips,Doctor 12,2023-04-24
P0086,Joshua,Gray,Doctor 6,2023-04-24
P0170,Amy,Peterson,Doctor 19,2023-04-24
P0227,Jonathan,Bailey,Doctor 3,2023-04-24
P0235,Patrick,Sanchez,Doctor 11,2023-04-24
P0302,Edward,Flores,Doctor 4,2023-04-24
P0315,Charles,Chavez,Doctor 4,2023-04-24
P0467,Ruth,Hernandez,Doctor 18,2023-04-24
P0557,Joshua,Jones,Doctor 13,2023-04-24
P0700,Michelle,Kelly,Doctor 17,2023-04-24
P0792,Mary,Murphy,Doctor 10,2023-04-24
P0947,Gregory,Mitchell,Doctor 6,2023-04-24
P1043,Frank,Taylor,Doctor 19,2023-04-24
P1112,Andrew,Williams,Doctor 8,2023-04-24
P1132,Cynthia,Young,Doctor 9,2023-04-24
P1156,Sandra,Mendoza,Doctor 7,2023-04-24
P1231,Sharon,Johnson,Doctor 18,2023-04-24
P1237,Sandra,Nguyen,Doctor 19,2023-04-24
P1294,Joseph,Adams,Doctor 10,2023-04-24
P1316,Jose,Mendoza,Doctor 4,2023-04-24
P1320,Ryan,Young,Doctor 1,2023-04-24
P1484,Ruth,Baker,Doctor 8,2023-04-24
P1584,Michelle,Bennett,Doctor 19,2023-04-24
P1605,Jason,Cox,Doctor 17,2023-04-24
P1658,Samuel,Clark,Doctor 12,2023-04-24
P1731,Patricia,Chavez,Doctor 18,2023-04-24
P1994,Rebecca,Chavez,Doctor 7,2023-04-24
P2073,Charles,Thompson,Doctor 20,2023-04-24
P2108,Betty,Reed,Doctor 12,2023-04-24
P2179,Charles,Wilson,Doctor 11,2023-04-24
P2181,Jack,Hill,Doctor 6,2023-04-24
P2269,Kenneth,Jackson,Doctor 2,2023-04-24
P2271,Helen,Thompson,Doctor 5,2023-04-24
P0101,David,Rodriguez,Doctor 6,2023-04-25
P0106,Donna,Miller,Doctor 9,2023-04-25
P0148,Mark,Clark,Doctor 2,2023-04-25
P0188,Jennifer,Alvarez,Doctor 20,2023-04-25
P0239,Aaron,Phillips,Doctor 4,2023-04-25
P0241,Donna,Moore,Doctor 2,2023-04-25
P0348,Helen,Mendoza,Doctor 4,2023-04-25
P0401,Steven,Lee,Doctor 5,2023-04-25
P0402,Jessica,King,Doctor 19,2023-04-25
P0513,Sharon,Gutierrez,Doctor 11,2023-04-25
P0796,Jerry,Brooks,Doctor 18,2023-04-25
P0827,Anthony,Howard,Doctor 19,2023-04-25
P0882,Daniel,Watson,Doctor 16,2023-04-25
P0883,Gregory,Young,Doctor 4,2023-04-25
P1128,Susan,Stewart,Doctor 13,2023-04-25
P1153,Daniel,Martin,Doctor 20,2023-04-25
P1214,Larry,Bennett,Doctor 20,2023-04-25
P1240,Helen,Sanchez,Doctor 14,2023-04-25
P1259,Thomas,Turner,Doctor 9,2023-04-25
P1566,Edward,Murphy,Doctor 8,2023-04-25
P1651,Mark,Hernandez,Doctor 19,2023-04-25
P1668,Dorothy,Moore,Doctor 20,2023-04-25
P1778,Daniel,Rivera,Doctor 16,2023-04-25
P1867,Joshua,White,Doctor 5,2023-04-25
P1874,Shirley,Bailey,Doctor 13,2023-04-25
P2041,Sandra,Rivera,Doctor 6,2023-04-25
P0172,Stephen,Brown,Doctor 14,2023-04-26
P0213,Sharon,Lee,Doctor 10,2023-04-26
P0226,Angela,Kelly,Doctor 5,2023-04-26
P0254,Frank,Castillo,Doctor 19,2023-04-26
P0314,Sandra,Price,Doctor 1,2023-04-26
P0388,Tyler,James,Doctor 10,2023-04-26
P0402,Jessica,King,Doctor 19,2023-04-26
P0416,Nicholas,Davis,Doctor 8,2023-04-26
P0456,Betty,Myers,Doctor 8,2023-04-26
P0605,Susan,Lee,Doctor 17,2023-04-26
P0607,Sarah,Ramos,Doctor 8,2023-04-26
P0662,Amy,Parker,Doctor 10,2023-04-26
P0664,Kenneth,White,Doctor 11,2023-04-26
P0690,Kenneth,Flores,Doctor 12,2023-04-26
P0810,Steven,James,Doctor 14,2023-04-26
P0842,Cynthia,Allen,Doctor 5,2023-04-26
P0880,Carol,Flores,Doctor 7,2023-04-26
P0981,Kenneth,Gray,Doctor 11,2023-04-26
P1047,Robert,Taylor,Doctor 20,2023-04-26
P1105,Nancy,Nelson,Doctor 5,2023-04-26
P1158,Stephen,Jones,Doctor 13,2023-04-26
P1238,Brandon,Lee,Doctor 2,2023-04-26
P1307,Ronald,Castillo,Doctor 3,2023-04-26
P1386,Sandra,Green,Doctor 15,2023-04-26
P1498,Sarah,Wood,Doctor 16,2023-04-26
P1520,Larry,Nelson,Doctor 12,2023-04-26
P1544,Helen,Lopez,Doctor 12,2023-04-26
P1549,Donald,Allen,Doctor 12,2023-04-26
P1590,Gregory,Davis,Doctor 1,2023-04-26
P1773,Carol,Martinez,Doctor 16,2023-04-26
P1779,Jessica,Green,Doctor 7,2023-04-26
P1807,Helen,Alvarez,Doctor 5,2023-04-26
P1933,Jose,Jones,Doctor 20,2023-04-26
P2100,Robert,King,Doctor 8,2023-04-26
P2163,Emma,Lewis,Doctor 17,2023-04-26
P2300,John,Campbell,Doctor 18,2023-04-26
P0020,Michelle,Garcia,Doctor 7,2023-04-27
P0035,Samuel,Morgan,Doctor 12,2023-04-27
P0035,Samuel,Morgan,Doctor 12,2023-04-27
P0048,Samuel,Young,Doctor 8,2023-04-27
P0077,Angela,Reyes,Doctor 3,2023-04-27
P0099,Michael,Rivera,Doctor 10,2023-04-27
P0114,Joseph,Carter,Doctor 16,2023-04-27
P0222,Ryan,Taylor,Doctor 11,2023-04-27
P0231,Carol,Campbell,Doctor 14,2023-04-27
P0245,John,Phillips,Doctor 16,2023-04-27
P0247,Nancy,Lee,Doctor 14,2023-04-27
P0275,Cynthia,Jones,Doctor 16,2023-04-27
P0279,Gregory,Miller,Doctor 20,2023-04-27
P0348,Helen,Mendoza,Doctor 20,2023-04-27
P0367,Scott,Wood,Doctor 10,2023-04-27
P0513,Sharon,Gutierrez,Doctor 14,2023-04-27
P0513,Sharon,Gutierrez,Doctor 6,2023-04-27
P0645,Virginia,Peterson,Doctor 19,2023-04-27
P0690,Kenneth,Flores,Doctor 5,2023-04-27
P0770,Jose,Kelly,Doctor 10,2023-04-27
P0903,Emma,Brown,Doctor 8,2023-04-27
P0977,Karen,Torres,Doctor 8,2023-04-27
P0979,Joshua,Allen,Doctor 13,2023-04-27
P1004,Nancy,Kelly,Doctor 19,2023-04-27
P1053,Ruth,Lopez,Doctor 1,2023-04-27
P1086,Larry,Brooks,Doctor 20,2023-04-27
P1100,Jonathan,Cox,Doctor 18,2023-04-27
P1573,Carol,Lewis,Doctor 18,2023-04-27
P1606,Joseph,Moore,Doctor 2,2023-04-27
P1628,Ruth,Richardson,Doctor 4,2023-04-27
P1671,Rebecca,Hughes,Doctor 10,2023-04-27
P1687,Nancy,Young,Doctor 6,2023-04-27
P1713,Michael,Kim,Doctor 3,2023-04-27
P1720,Kimberly,Harris,Doctor 8,2023-04-27
P1728,Cynthia,Adams,Doctor 9,2023-04-27
P1765,Cynthia,Gray,Doctor 13,2023-04-27
P1989,Elizabeth,Turner,Doctor 4,2023-04-27
P2024,Kenneth,Ward,Doctor 6,2023-04-27
P2063,Michelle,Murphy,Doctor 1,2023-04-27
P2141,David,Morgan,Doctor 12,2023-04-27
P2145,Daniel,Lewis,Doctor 12,2023-04-27
P2161,Brian,Anderson,Doctor 10,2023-04-27
P2188,Donald,Reyes,Doctor 19,2023-04-27
P2217,Barbara,Sanchez,Doctor 20,2023-04-27
P0027,Jacob,Hernandez,Doctor 10,2023-04-28
P0243,Jeffrey,Patel,Doctor 17,2023-04-28
P0252,Carol,Cruz,Doctor 11,2023-04-28
P0253,Deborah,Rodriguez,Doctor 13,2023-04-28
P0281,Mary,Phillips,Doctor 7,2023-04-28
P0305,Brenda,Gonzalez,Doctor 17,2023-04-28
P0434,Anthony,Flores,Doctor 18,2023-04-28
P0447,Jacob,Kim,Doctor 15,2023-04-28
P0493,Shirley,Watson,Doctor 5,2023-04-28
P0594,Shirley,Morales,Doctor 11,2023-04-28
P0615,Jack,Kim,Doctor 19,2023-04-28
P0747,Thomas,Hall,Doctor 2,2023-04-28
P0825,Samuel,Walker,Doctor 12,2023-04-28
P0922,Carol,Collins,Doctor 17,2023-04-28
P0922,Carol,Collins,Doctor 10,2023-04-28
P1028,Lisa,Hughes,Doctor 16,2023-04-28
P1039,Jack,Ward,Doctor 11,2023-04-28
P1115,Justin,Collins,Doctor 12,2023-04-28
P1213,Sarah,Richardson,Doctor 1,2023-04-28
P1351,Joseph,Smith,Doctor 10,2023-04-28
P1366,Jonathan,King,Doctor 10,2023-04-28
P1463,Brian,Rodriguez,Doctor 13,2023-04-28
P1469,Virginia,Parker,Doctor 20,2023-04-28
P1677,Raymond,Davis,Doctor 10,2023-04-28
P1888,Michael,Cox,Doctor 2,2023-04-28
P1904,Jacob,Jackson,Doctor 14,2023-04-28
P1960,Ruth,Taylor,Doctor 8,2023-04-28
P2005,Virginia,Lee,Doctor 4,2023-04-28
P2026,Justin,Brown,Doctor 13,2023-04-28
P2155,Alexander,Thompson,Doctor 17,2023-04-28
P2170,Donna,Campbell,Doctor 1,2023-04-28
P2180,Carol,Hall,Doctor 9,2023-04-28
P2193,Donna,Patel,Doctor 16,2023-04-28
P2254,Mark,Castillo,Doctor 16,2023-04-28
P2278,Benjamin,Brown,Doctor 16,2023-04-28
P2280,Sharon,Martinez,Doctor 9,2023-04-28
P2286,Jerry,Thomas,Doctor 18,2023-04-28
P0073,Michael,Torres,Doctor 17,2023-04-29
P0100,Michael,Roberts,Doctor 6,2023-04-29
P0119,Benjamin,Morales,Doctor 14,2023-04-29
P0278,Virginia,Morris,Doctor 20,2023-04-29
P0302,Edward,Flores,Doctor 4,2023-04-29
P0434,Anthony,Flores,Doctor 18,2023-04-29
P0500,Anthony,Ramirez,Doctor 2,2023-04-29
P0582,Lisa,Sanchez,Doctor 15,2023-04-29
P0603,Laura,Ramos,Doctor 18,2023-04-29
P0674,Carol,Price,Doctor 11,2023-04-29
P0803,Jose,Peterson,Doctor 5,2023-04-29
P0856,Brian,Baker,Doctor 15,2023-04-29
P0960,Donna,Ortiz,Doctor 11,2023-04-29
P1071,Kathleen,Robinson,Doctor 19,2023-04-29
P1102,Samuel,Hill,Doctor 1,2023-04-29
P1129,Patricia,Mitchell,Doctor 15,2023-04-29
P1166,Gregory,Carter,Doctor 16,2023-04-29
P1251,Kimberly,Patel,Doctor 1,2023-04-29
P1294,Joseph,Adams,Doctor 10,2023-04-29
P1388,Justin,Roberts,Doctor 8,2023-04-29
P1419,Nicholas,Harris,Doctor 20,2023-04-29
P1527,Donald,Peterson,Doctor 15,2023-04-29
P1543,Laura,Diaz,Doctor 14,2023-04-29
P1590,Gregory,Davis,Doctor 1,2023-04-29
P1715,Deborah,Cox,Doctor 1,2023-04-29
P1731,Patricia,Chavez,Doctor 18,2023-04-29
P1733,Ryan,Castillo,Doctor 16,2023-04-29
P1770,Jessica,Hernandez,Doctor 14,2023-04-29
P1807,Helen,Alvarez,Doctor 15,2023-04-29
P1907,Steven,Sanders,Doctor 20,2023-04-29
P1932,Betty,Green,Doctor 16,2023-04-29
P1935,Carol,Miller,Doctor 16,2023-04-29
P1937,Brandon,Jones,Doctor 10,2023-04-29
P2150,Karen,Cruz,Doctor 18,2023-04-29
P0016,Stephen,Ruiz,Doctor 5,2023-04-30
P0126,Mark,Allen,Doctor 7,2023-04-30
P0196,Donna,Chavez,Doctor 16,2023-04-30
P0299,Daniel,Harris,Doctor 2,2023-04-30
P0323,Sandra,Evans,Doctor 1,2023-04-30
P0368,Carol,Hughes,Doctor 16,2023-04-30
P0373,Lisa,Cook,Doctor 11,2023-04-30
P0435,Eric,Johnson,Doctor 9,2023-04-30
P0464,Ruth,Mitchell,Doctor 5,2023-04-30
P0561,Karen,Kim,Doctor 4,2023-04-30
P0632,Laura,Castillo,Doctor 13,2023-04-30
P0679,Kimberly,Rivera,Doctor 11,2023-04-30
P0685,Daniel,Davis,Doctor 18,2023-04-30
P0718,Ryan,Watson,Doctor 4,2023-04-30
P0966,Benjamin,Baker,Doctor 15,2023-04-30
P0989,Matthew,Flores,Doctor 2,2023-04-30
P1057,Gary,Clark,Doctor 17,2023-04-30
P1225,Ruth,Thomas,Doctor 3,2023-04-30
P1238,Brandon,Lee,Doctor 2,2023-04-30
P1255,Jose,Gray,Doctor 6,2023-04-30
P1304,Jose,Price,Doctor 5,2023-04-30
P1475,Jonathan,Edwards,Doctor 11,2023-04-30
P1646,Sarah,Collins,Doctor 5,2023-04-30
P1661,Sharon,Cox,Doctor 7,2023-04-30
P1763,Brenda,Stewart,Doctor 20,2023-04-30
P1813,Sandra,Ramos,Doctor 6,2023-04-30
P1885,James,Gomez,Doctor 4,2023-04-30
P1900,Andrew,Taylor,Doctor 15,2023-04-30
P1908,Michael,James,Doctor 1,2023-04-30
P1943,John,Martinez,Doctor 1,2023-04-30
P1971,George,Martin,Doctor 4,2023-04-30
P1985,Alexander,Gray,Doctor 12,2023-04-30
P1998,Frank,Ramirez,Doctor 13,2023-04-30
P2129,Betty,Torres,Doctor 1,2023-04-30
P2146,Tyler,Parker,Doctor 4,2023-04-30
P2176,Dennis,Lopez,Doctor 12,2023-04-30
P2224,Deborah,Thomas,Doctor 6,2023-04-30
P2258,Anna,Garcia,Doctor 9,2023-04-30
P0040,Sharon,Smith,Doctor 7,2023-05-01
P0183,Nancy,Edwards,Doctor 3,2023-05-01
P0361,Donald,Smith,Doctor 2,2023-05-01
P0378,Melissa,Thomas,Doctor 8,2023-05-01
P0436,Emma,Alvarez,Doctor 13,2023-05-01
P0437,John,Ramirez,Doctor 12,2023-05-01
P0452,Frank,Brooks,Doctor 14,2023-05-01
P0472,Jerry,Sanders,Doctor 2,2023-05-01
P0489,Jennifer,Gutierrez,Doctor 10,2023-05-01
P0507,Melissa,Smith,Doctor 13,2023-05-01
P0630,Betty,Thompson,Doctor 20,2023-05-01
P0660,Helen,Taylor,Doctor 11,2023-05-01
P0692,Ryan,Sanders,Doctor 13,2023-05-01
P0806,Donald,Kim,Doctor 20,2023-05-01
P0867,Edward,Hill,Doctor 11,2023-05-01
P0899,Amy,Young,Doctor 15,2023-05-01
P0926,Robert,Castillo,Doctor 6,2023-05-01
P0961,Helen,Lee,Doctor 3,2023-05-01
P1042,Kathleen,Evans,Doctor 7,2023-05-01
P1084,Kenneth,Morales,Doctor 18,2023-05-01
P1162,Christopher,Cruz,Doctor 15,2023-05-01
P1185,Lisa,Johnson,Doctor 1,2023-05-01
P1209,Deborah,Garcia,Doctor 2,2023-05-01
P1222,Laura,Thompson,Doctor 17,2023-05-01
P1317,Laura,Brown,Doctor 20,2023-05-01
P1423,Jessica,Brooks,Doctor 1,2023-05-01
P1474,Ryan,Hernandez,Doctor 13,2023-05-01
P1604,Nancy,Reed,Doctor 17,2023-05-01
P1621,Christopher,Jackson,Doctor 13,2023-05-01
P1768,Patricia,Thomas,Doctor 5,2023-05-01
P1812,James,Diaz,Doctor 15,2023-05-01
P1847,Sarah,Turner,Doctor 6,2023-05-01
P1869,Brandon,Lopez,Doctor 17,2023-05-01
P1878,George,Nelson,Doctor 16,2023-05-01
P1939,Susan,Rivera,Doctor 14,2023-05-01
P2016,Edward,Bennett,Doctor 9,2023-05-01
P2074,Sarah,Campbell,Doctor 19,2023-05-01
P2124,Jonathan,Torres,Doctor 19,2023-05-01
P2140,Angela,Nguyen,Doctor 17,2023-05-01
P2148,Gregory,Watson,Doctor 9,2023-05-01
P2167,Donna,Lee,Doctor 4,2023-05-01
P2196,Richard,Clark,Doctor 10,2023-05-01
P2274,Linda,Ward,Doctor 17,2023-05-01
P2275,Virginia,Gonzalez,Doctor 16,2023-05-01
P0067,Joshua,Phillips,Doctor 1,2023-05-02
P0111,Nancy,Lopez,Doctor 16,2023-05-02
P0367,Scott,Wood,Doctor 10,2023-05-02
P0458,Edward,Kim,Doctor 9,2023-05-02
P0484,Dorothy,Cox,Doctor 10,2023-05-02
P0519,Robert,Cooper,Doctor 6,2023-05-02
P0604,Nicholas,Murphy,Doctor 6,2023-05-02
P0661,Joshua,Evans,Doctor 2,2023-05-02
P0806,Donald,Kim,Doctor 3,2023-05-02
P0934,Thomas,Lopez,Doctor 3,2023-05-02
P0997,Sarah,Parker,Doctor 5,2023-05-02
P1080,Daniel,Morgan,Doctor 7,2023-05-02
P1145,Charles,Anderson,Doctor 20,2023-05-02
P1164,Steven,Gutierrez,Doctor 14,2023-05-02
P1288,Edward,Watson,Doctor 12,2023-05-02
P1297,Thomas,Walker,Doctor 18,2023-05-02
P1302,Helen,Rodriguez,Doctor 13,2023-05-02
P1445,Laura,Smith,Doctor 14,2023-05-02
P1536,Ronald,Allen,Doctor 14,2023-05-02
P1596,Amy,Gomez,Doctor 14,2023-05-02
P1625,Patrick,Ortiz,Doctor 17,2023-05-02
P2034,Frank,Rogers,Doctor 14,2023-05-02
P2056,Nicholas,Watson,Doctor 4,2023-05-02
P2163,Emma,Lewis,Doctor 5,2023-05-02
P2289,Donald,Bailey,Doctor 1,2023-05-02
P0044,Scott,Rodriguez,Doctor 13,2023-05-03
P0065,Betty,Ramos,Doctor 4,2023-05-03
P0073,Michael,Torres,Doctor 1,2023-05-03
P0153,Ryan,Peterson,Doctor 12,2023-05-03
P0182,Donald,Ruiz,Doctor 2,2023-05-03
P0226,Angela,Kelly,Doctor 4,2023-05-03
P0236,Sarah,Rogers,Doctor 13,2023-05-03
P0248,Tyler,Brown,Doctor 3,2023-05-03
P0284,Eric,Harris,Doctor 4,2023-05-03
P0631,Ronald,Johnson,Doctor 19,2023-05-03
P0735,Brian,Cooper,Doctor 9,2023-05-03
P0834,Sarah,Thomas,Doctor 10,2023-05-03
P0945,Shirley,Gomez,Doctor 5,2023-05-03
P0948,Justin,Campbell,Doctor 15,2023-05-03
P0949,Virginia,Castillo,Doctor 18,2023-05-03
P0953,Laura,Ortiz,Doctor 14,2023-05-03
P1095,Kenneth,Hughes,Doctor 17,2023-05-03
P1134,Mary,Lee,Doctor 2,2023-05-03
P1441,Jack,Young,Doctor 13,2023-05-03
P1527,Donald,Peterson,Doctor 16,2023-05-03
P1560,Amy,Flores,Doctor 20,2023-05-03
P1618,Sarah,Jones,Doctor 6,2023-05-03
P1907,Steven,Sanders,Doctor 16,2023-05-03
P1978,Jacob,Alvarez,Doctor 9,2023-05-03
P2018,Patrick,Myers,Doctor 19,2023-05-03
P2074,Sarah,Campbell,Doctor 8,2023-05-03
P2105,Aaron,Perez,Doctor 15,2023-05-03
P2190,Laura,Morgan,Doctor 1,2023-05-03
P2227,Jerry,Bennett,Doctor 9,2023-05-03
P0011,William,Morales,Doctor 15,2023-05-04
P0017,Ruth,Sanchez,Doctor 17,2023-05-04
P0037,Rebecca,Sanchez,Doctor 6,2023-05-04
P0085,Jack,Anderson,Doctor 10,2023-05-04
P0129,Richard,Kim,Doctor 17,2023-05-04
P0155,Christopher,Harris,Doctor 15,2023-05-04
P0156,Michelle,Cooper,Doctor 16,2023-05-04
P0359,Steven,Wright,Doctor 10,2023-05-04
P0501,Samuel,Chavez,Doctor 18,2023-05-04
P0525,Lisa,Stewart,Doctor 14,2023-05-04
P0536,Thomas,Martinez,Doctor 2,2023-05-04
P0641,Brian,Robinson,Doctor 5,2023-05-04
P0706,Gregory,Cox,Doctor 12,2023-05-04
P0774,Justin,Watson,Doctor 19,2023-05-04
P0846,Amy,Martin,Doctor 19,2023-05-04
P1087,Stephen,Hall,Doctor 15,2023-05-04
P1253,Deborah,Bennett,Doctor 2,2023-05-04
P1318,Michelle,Nelson,Doctor 1,2023-05-04
P1377,Joshua,Nguyen,Doctor 1,2023-05-04
P1447,Linda,Jones,Doctor 16,2023-05-04
P1523,Nicholas,Torres,Doctor 15,2023-05-04
P1547,Helen,Cooper,Doctor 15,2023-05-04
P1548,George,Reyes,Doctor 8,2023-05-04
P1643,Christopher,Murphy,Doctor 9,2023-05-04
P1654,Brandon,Allen,Doctor 18,2023-05-04
P1687,Nancy,Young,Doctor 1,2023-05-04
P1704,Timothy,Ruiz,Doctor 14,2023-05-04
P1747,David,Jones,Doctor 2,2023-05-04
P1759,Jacob,Robinson,Doctor 12,2023-05-04
P1806,Sharon,Lewis,Doctor 3,2023-05-04
P1877,Nancy,Garcia,Doctor 14,2023-05-04
P2044,Stephen,Cook,Doctor 5,2023-05-04
P2127,Deborah,Morgan,Doctor 9,2023-05-04
P2242,Donna,Myers,Doctor 3,2023-05-04
P0059,Mary,Gray,Doctor 14,2023-05-05
P0116,Virginia,Watson,Doctor 8,2023-05-05
P0492,Alexander,Davis,Doctor 4,2023-05-05
P0497,Patrick,Price,Doctor 20,2023-05-05
P0504,Joseph,Gray,Doctor 12,2023-05-05
P0579,Joshua,Harris,Doctor 8,2023-05-05
P0672,Sharon,Williams,Doctor 17,2023-05-05
P0675,Deborah,Gray,Doctor 12,2023-05-05
P0708,Raymond,Scott,Doctor 8,2023-05-05
P1026,Kevin,Cook,Doctor 18,2023-05-05
P1177,John,Patel,Doctor 19,2023-05-05
P1449,Angela,Patel,Doctor 12,2023-05-05
P1621,Christopher,Jackson,Doctor 13,2023-05-05
P1664,Sandra,Taylor,Doctor 2,2023-05-05
P1669,Kimberly,Turner,Doctor 14,2023-05-05
P1763,Brenda,Stewart,Doctor 20,2023-05-05
P1768,Patricia,Thomas,Doctor 5,2023-05-05
P1787,Sharon,Ramos,Doctor 7,2023-05-05
P1792,John,Lewis,Doctor 4,2023-05-05
P1922,Jack,Wilson,Doctor 11,2023-05-05
P1951,Susan,Wilson,Doctor 18,2023-05-05
P2034,Frank,Rogers,Doctor 14,2023-05-05
P2195,Angela,Smith,Doctor 20,2023-05-05
P0045,Kimberly,Jackson,Doctor 14,2023-05-06
P0057,Deborah,Thompson,Doctor 15,2023-05-06
P0138,Thomas,Bennett,Doctor 5,2023-05-06
P0162,Deborah,Lewis,Doctor 10,2023-05-06
P0173,Laura,Walker,Doctor 5,2023-05-06
P0246,Carol,Robinson,Doctor 9,2023-05-06
P0252,Carol,Cruz,Doctor 20,2023-05-06
P0384,Sharon,Ortiz,Doctor 17,2023-05-06
P0481,Christopher,Bailey,Doctor 15,2023-05-06
P0491,Sandra,Cruz,Doctor 11,2023-05-06
P0515,Donald,Price,Doctor 5,2023-05-06
P0518,Donna,Sanders,Doctor 6,2023-05-06
P0538,Rebecca,Gutierrez,Doctor 9,2023-05-06
P0595,Justin,Gutierrez,Doctor 17,2023-05-06
P0660,Helen,Taylor,Doctor 11,2023-05-06
P0665,Betty,Jackson,Doctor 6,2023-05-06
P0705,Ryan,Wright,Doctor 17,2023-05-06
P0775,Mary,Smith,Doctor 16,2023-05-06
P0811,Joshua,Parker,Doctor 12,2023-05-06
P0815,Barbara,Murphy,Doctor 15,2023-05-06
P0930,Anthony,Diaz,Doctor 11,2023-05-06
P0939,Christopher,Smith,Doctor 5,2023-05-06
P1071,Kathleen,Robinson,Doctor 4,2023-05-06
P1211,Elizabeth,Johnson,Doctor 17,2023-05-06
P1336,Eric,Murphy,Doctor 6,2023-05-06
P1355,Jessica,Carter,Doctor 9,2023-05-06
P1438,Joseph,Brooks,Doctor 14,2023-05-06
P1467,Frank,White,Doctor 14,2023-05-06
P1563,Daniel,Kim,Doctor 19,2023-05-06
P1579,Susan,Brooks,Doctor 1,2023-05-06
P1739,Carol,Patel,Doctor 8,2023-05-06
P1803,Angela,Kim,Doctor 19,2023-05-06
P1829,Gregory,James,Doctor 18,2023-05-06
P1994,Rebecca,Chavez,Doctor 15,2023-05-06
P2052,Robert,Myers,Doctor 3,2023-05-06
P2110,Donna,Thomas,Doctor 11,2023-05-06
P0086,Joshua,Gray,Doctor 6,2023-05-07
P0099,Michael,Rivera,Doctor 10,2023-05-07
P0408,Karen,Gray,Doctor 18,2023-05-07
P0573,Barbara,Cooper,Doctor 13,2023-05-07
P0685,Daniel,Davis,Doctor 18,2023-05-07
P0693,Kevin,Williams,Doctor 3,2023-05-07
P0726,Betty,Phillips,Doctor 9,2023-05-07
P0742,Sarah,Cox,Doctor 2,2023-05-07
P0790,Michelle,Thompson,Doctor 19,2023-05-07
P0842,Cynthia,Allen,Doctor 5,2023-05-07
P0853,Justin,Myers,Doctor 14,2023-05-07
P0938,Nancy,Bennett,Doctor 12,2023-05-07
P1031,Mark,Sanchez,Doctor 4,2023-05-07
P1193,Justin,Ortiz,Doctor 18,2023-05-07
P1219,Laura,Scott,Doctor 6,2023-05-07
P1258,Stephen,Roberts,Doctor 13,2023-05-07
P1284,Michelle,Hughes,Doctor 7,2023-05-07
P1418,Shirley,Mitchell,Doctor 16,2023-05-07
P1466,James,Collins,Doctor 11,2023-05-07
P1478,Daniel,Cooper,Doctor 19,2023-05-07
P1662,Steven,Rivera,Doctor 13,2023-05-07
P1763,Brenda,Stewart,Doctor 20,2023-05-07
P1913,Joshua,James,Doctor 3,2023-05-07
P1939,Susan,Rivera,Doctor 14,2023-05-07
P1996,Dorothy,Cook,Doctor 1,2023-05-07
P1998,Frank,Ramirez,Doctor 13,2023-05-07
P2139,Jason,Ortiz,Doctor 15,2023-05-07
P2139,Jason,Ortiz,Doctor 15,2023-05-07
P2194,Mary,Green,Doctor 17,2023-05-07
P0029,Laura,Thomas,Doctor 10,2023-05-08
P0069,James,King,Doctor 6,2023-05-08
P0082,Nancy,Ramirez,Doctor 12,2023-05-08
P0093,Benjamin,Taylor,Doctor 12,2023-05-08
P0104,Dorothy,Garcia,Doctor 9,2023-05-08
P0192,Steven,Perez,Doctor 19,2023-05-08
P0260,Jerry,Garcia,Doctor 1,2023-05-08
P0415,George,Miller,Doctor 8,2023-05-08
P0460,Patricia,Bailey,Doctor 2,2023-05-08
P0657,Christopher,Ruiz,Doctor 5,2023-05-08
P0662,Amy,Parker,Doctor 10,2023-05-08
P0775,Mary,Smith,Doctor 6,2023-05-08
P0781,Jonathan,Miller,Doctor 13,2023-05-08
P0799,Amy,Scott,Doctor 12,2023-05-08
P0826,Helen,Mitchell,Doctor 7,2023-05-08
P0898,Charles,James,Doctor 8,2023-05-08
P0928,Mary,Clark,Doctor 20,2023-05-08
P1119,Jacob,Baker,Doctor 8,2023-05-08
P1172,Ruth,Ramirez,Doctor 18,2023-05-08
P1176,Eric,Roberts,Doctor 9,2023-05-08
P1391,Michael,Adams,Doctor 19,2023-05-08
P1395,Rebecca,Carter,Doctor 8,2023-05-08
P1406,Dennis,Martinez,Doctor 9,2023-05-08
P1467,Frank,White,Doctor 7,2023-05-08
P1487,Emma,Hill,Doctor 18,2023-05-08
P1506,Gregory,Thomas,Doctor 8,2023-05-08
P1532,Dennis,Howard,Doctor 7,2023-05-08
P1572,Jacob,Brooks,Doctor 16,2023-05-08
P1637,John,Harris,Doctor 18,2023-05-08
P1691,Benjamin,Hall,Doctor 11,2023-05-08
P1701,Mary,Sanchez,Doctor 18,2023-05-08
P1721,Gary,Baker,Doctor 5,2023-05-08
P1721,Gary,Baker,Doctor 5,2023-05-08
P1817,Sandra,Parker,Doctor 8,2023-05-08
P1820,Raymond,Kelly,Doctor 18,2023-05-08
P1840,Sarah,Patel,Doctor 11,2023-05-08
P1858,George,Alvarez,Doctor 17,2023-05-08
P1958,Aaron,Clark,Doctor 17,2023-05-08
P2044,Stephen,Cook,Doctor 5,2023-05-08
P2097,Linda,Lee,Doctor 11,2023-05-08
P2112,Carol,Moore,Doctor 2,2023-05-08
P0009,Gregory,Thompson,Doctor 15,2023-05-09
P0024,Nicholas,Gray,Doctor 18,2023-05-09
P0198,Sharon,Jackson,Doctor 13,2023-05-09
P0232,Daniel,Price,Doctor 4,2023-05-09
P0337,Larry,Phillips,Doctor 1,2023-05-09
P0571,Jessica,Ortiz,Doctor 20,2023-05-09
P0715,Lisa,Cruz,Doctor 8,2023-05-09
P0741,James,Hall,Doctor 20,2023-05-09
P0889,Jose,Cooper,Doctor 9,2023-05-09
P0917,Steven,Howard,Doctor 5,2023-05-09
P1149,James,Walker,Doctor 18,2023-05-09
P1202,Jennifer,Carter,Doctor 11,2023-05-09
P1269,Laura,Hill,Doctor 10,2023-05-09
P1411,Jerry,Murphy,Doctor 8,2023-05-09
P1412,Barbara,Cruz,Doctor 7,2023-05-09
P1420,Karen,James,Doctor 8,2023-05-09
P1482,Helen,White,Doctor 17,2023-05-09
P1602,Charles,Jones,Doctor 6,2023-05-09
P1605,Jason,Cox,Doctor 17,2023-05-09
P1611,Donna,Turner,Doctor 16,2023-05-09
P1654,Brandon,Allen,Doctor 5,2023-05-09
P1677,Raymond,Davis,Doctor 10,2023-05-09
P1716,Sarah,Lee,Doctor 15,2023-05-09
P1905,Michael,Scott,Doctor 17,2023-05-09
P2005,Virginia,Lee,Doctor 18,2023-05-09
P2042,Anthony,Parker,Doctor 16,2023-05-09
P2050,Joseph,Richardson,Doctor 10,2023-05-09
P2091,Donald,Miller,Doctor 4,2023-05-09
P2099,Susan,Myers,Doctor 20,2023-05-09
P2234,Laura,Kelly,Doctor 4,2023-05-09
P2259,Sharon,Morales,Doctor 16,2023-05-09
P2262,Thomas,Morales,Doctor 11,2023-05-09
P2278,Benjamin,Brown,Doctor 18,2023-05-09
P2304,Nancy,Wood,Doctor 8,2023-05-09
P0139,Patricia,Reed,Doctor 16,2023-05-10
P0155,Christopher,Harris,Doctor 10,2023-05-10
P0171,Edward,Jackson,Doctor 8,2023-05-10
P0402,Jessica,King,Doctor 19,2023-05-10
P0485,Kimberly,Johnson,Doctor 13,2023-05-10
P0502,Deborah,Martinez,Doctor 14,2023-05-10
P0581,Laura,Moore,Doctor 12,2023-05-10
P0589,Steven,Wood,Doctor 4,2023-05-10
P0611,Alexander,Smith,Doctor 16,2023-05-10
P0673,Laura,Edwards,Doctor 9,2023-05-10
P0729,William,Smith,Doctor 7,2023-05-10
P0762,Matthew,Young,Doctor 7,2023-05-10
P0782,Brenda,Wood,Doctor 19,2023-05-10
P0832,Carol,Wright,Doctor 12,2023-05-10
P0867,Edward,Hill,Doctor 2,2023-05-10
P0987,Donna,Murphy,Doctor 10,2023-05-10
P1004,Nancy,Kelly,Doctor 19,2023-05-10
P1060,Kimberly,Martinez,Doctor 20,2023-05-10
P1077,Patrick,Young,Doctor 16,2023-05-10
P1098,Brenda,Cooper,Doctor 3,2023-05-10
P1113,Sharon,Richardson,Doctor 14,2023-05-10
P1124,Richard,Garcia,Doctor 6,2023-05-10
P1248,Lisa,White,Doctor 7,2023-05-10
P1332,Sharon,Hill,Doctor 20,2023-05-10
P1357,Matthew,Wright,Doctor 1,2023-05-10
P1440,Ruth,Allen,Doctor 16,2023-05-10
P1684,Patricia,Rodriguez,Doctor 8,2023-05-10
P1714,Ruth,Ortiz,Doctor 11,2023-05-10
P1743,Sharon,Nguyen,Doctor 17,2023-05-10
P1852,Sharon,Nelson,Doctor 15,2023-05-10
P1853,Joshua,Murphy,Doctor 12,2023-05-10
P1925,Jonathan,Patel,Doctor 7,2023-05-10
P1929,Helen,Ward,Doctor 6,2023-05-10
P2027,Aaron,Lewis,Doctor 15,2023-05-10
P2192,Helen,Jackson,Doctor 20,2023-05-10
P2212,Carol,Jones,Doctor 17,2023-05-10
P2244,Larry,Watson,Doctor 15,2023-05-10
P2297,Andrew,Miller,Doctor 3,2023-05-10
P2305,Jessica,Young,Doctor 11,2023-05-10
P0055,Dennis,Richardson,Doctor 19,2023-05-11
P0174,Amy,Thompson,Doctor 10,2023-05-11
P0218,Michael,Reed,Doctor 13,2023-05-11
P0273,Christopher,Howard,Doctor 15,2023-05-11
P0529,Brian,Ramirez,Doctor 17,2023-05-11
P0530,Brian,Nelson,Doctor 9,2023-05-11
P0574,William,Johnson,Doctor 17,2023-05-11
P0582,Lisa,Sanchez,Doctor 15,2023-05-11
P0653,Karen,Young,Doctor 13,2023-05-11
P0714,Stephen,Gonzalez,Doctor 8,2023-05-11
P0808,Jennifer,Stewart,Doctor 10,2023-05-11
P0862,Linda,James,Doctor 12,2023-05-11
P0960,Donna,Ortiz,Doctor 11,2023-05-11
P1002,Gary,Jackson,Doctor 14,2023-05-11
P1099,Jason,Anderson,Doctor 6,2023-05-11
P1150,Sandra,Miller,Doctor 10,2023-05-11
P1308,Anna,Nguyen,Doctor 14,2023-05-11
P1332,Sharon,Hill,Doctor 20,2023-05-11
P1711,William,Sanchez,Doctor 7,2023-05-11
P1794,Laura,Cruz,Doctor 2,2023-05-11
P1834,Scott,Young,Doctor 9,2023-05-11
P1904,Jacob,Jackson,Doctor 15,2023-05-11
P1981,Edward,Collins,Doctor 6,2023-05-11
P2038,Andrew,Allen,Doctor 11,2023-05-11
P2066,Helen,Anderson,Doctor 9,2023-05-11
P2111,James,Ortiz,Doctor 2,2023-05-11
P0002,Emma,Peterson,Doctor 11,2023-05-12
P0058,John,Young,Doctor 12,2023-05-12
P0097,Benjamin,Morgan,Doctor 3,2023-05-12
P0146,Sharon,Baker,Doctor 10,2023-05-12
P0168,Brenda,Wright,Doctor 6,2023-05-12
P0178,Donna,White,Doctor 14,2023-05-12
P0197,Timothy,Nguyen,Doctor 10,2023-05-12
P0305,Brenda,Gonzalez,Doctor 17,2023-05-12
P0346,Brandon,Hughes,Doctor 15,2023-05-12
P0377,Benjamin,Ward,Doctor 14,2023-05-12
P0406,William,Brown,Doctor 15,2023-05-12
P0458,Edward,Kim,Doctor 9,2023-05-12
P0494,Andrew,Cruz,Doctor 4,2023-05-12
P1005,Sandra,Gutierrez,Doctor 3,2023-05-12
P1025,Alexander,Harris,Doctor 18,2023-05-12
P1173,William,Sanders,Doctor 13,2023-05-12
P1209,Deborah,Garcia,Doctor 14,2023-05-12
P1273,Larry,Kelly,Doctor 7,2023-05-12
P1279,Michelle,Sanders,Doctor 14,2023-05-12
P1285,Shirley,Roberts,Doctor 20,2023-05-12
P1299,Dennis,Parker,Doctor 7,2023-05-12
P1309,Barbara,Walker,Doctor 17,2023-05-12
P1351,Joseph,Smith,Doctor 13,2023-05-12
P1444,Laura,Anderson,Doctor 19,2023-05-12
P1453,Frank,Gomez,Doctor 8,2023-05-12
P1562,Jerry,Hernandez,Doctor 6,2023-05-12
P1574,Robert,Stewart,Doctor 2,2023-05-12
P1702,Donna,James,Doctor 6,2023-05-12
P1787,Sharon,Ramos,Doctor 7,2023-05-12
P1806,Sharon,Lewis,Doctor 3,2023-05-12
P1832,Linda,Ruiz,Doctor 20,2023-05-12
P1915,Karen,Bennett,Doctor 9,2023-05-12
P2020,Benjamin,King,Doctor 10,2023-05-12
P2029,Timothy,Collins,Doctor 14,2023-05-12
P2159,Alexander,Torres,Doctor 6,2023-05-12
P2225,Lisa,Rodriguez,Doctor 2,2023-05-12
P2244,Larry,Watson,Doctor 15,2023-05-12
P2280,Sharon,Martinez,Doctor 9,2023-05-12
P0160,Angela,Lopez,Doctor 5,2023-05-13
P0220,Frank,Lewis,Doctor 5,2023-05-13
P0267,Karen,Roberts,Doctor 16,2023-05-13
P0355,Virginia,Williams,Doctor 7,2023-05-13
P0377,Benjamin,Ward,Doctor 14,2023-05-13
P0552,Matthew,Lopez,Doctor 5,2023-05-13
P0566,Barbara,Moore,Doctor 2,2023-05-13
P0618,Joshua,Jackson,Doctor 9,2023-05-13
P0702,Sharon,Cooper,Doctor 6,2023-05-13
P0819,Richard,Ramirez,Doctor 4,2023-05-13
P0894,Kimberly,Nelson,Doctor 8,2023-05-13
P0974,Ruth,Smith,Doctor 16,2023-05-13
P1005,Sandra,Gutierrez,Doctor 1,2023-05-13
P1042,Kathleen,Evans,Doctor 7,2023-05-13
P1054,Kimberly,Miller,Doctor 7,2023-05-13
P1118,Thomas,Jackson,Doctor 9,2023-05-13
P1124,Richard,Garcia,Doctor 6,2023-05-13
P1131,Melissa,Campbell,Doctor 15,2023-05-13
P1185,Lisa,Johnson,Doctor 1,2023-05-13
P1293,Patricia,Davis,Doctor 5,2023-05-13
P1303,Karen,Lopez,Doctor 5,2023-05-13
P1310,John,James,Doctor 6,2023-05-13
P1357,Matthew,Wright,Doctor 1,2023-05-13
P1450,Mary,Allen,Doctor 20,2023-05-13
P1496,Raymond,Lee,Doctor 8,2023-05-13
P1545,Stephen,Wilson,Doctor 15,2023-05-13
P1654,Brandon,Allen,Doctor 5,2023-05-13
P1671,Rebecca,Hughes,Doctor 10,2023-05-13
P1751,James,Cook,Doctor 12,2023-05-13
P1958,Aaron,Clark,Doctor 15,2023-05-13
P2178,Sarah,Lewis,Doctor 16,2023-05-13
P2296,Sharon,Diaz,Doctor 12,2023-05-13
P0065,Betty,Ramos,Doctor 4,2023-05-14
P0091,Brandon,Kim,Doctor 15,2023-05-14
P0261,Steven,Flores,Doctor 7,2023-05-14
P0286,Sharon,Ward,Doctor 5,2023-05-14
P0311,Carol,Ramos,Doctor 13,2023-05-14
P0319,Raymond,Hill,Doctor 4,2023-05-14
P0345,Frank,Cooper,Doctor 15,2023-05-14
P0461,Daniel,Gonzalez,Doctor 14,2023-05-14
P0490,Gary,Ramirez,Doctor 13,2023-05-14
P0537,Lisa,Campbell,Doctor 19,2023-05-14
P0554,George,Gutierrez,Doctor 12,2023-05-14
P0668,Karen,Gomez,Doctor 18,2023-05-14
P0695,Lisa,Ruiz,Doctor 13,2023-05-14
P0712,Nancy,Jackson,Doctor 14,2023-05-14
P0797,Larry,Alvarez,Doctor 10,2023-05-14
P0805,Helen,Murphy,Doctor 1,2023-05-14
P0821,Laura,Wilson,Doctor 7,2023-05-14
P1069,Daniel,Young,Doctor 2,2023-05-14
P1097,James,Allen,Doctor 19,2023-05-14
P1162,Christopher,Cruz,Doctor 15,2023-05-14
P1218,Scott,Torres,Doctor 12,2023-05-14
P1262,Daniel,Diaz,Doctor 10,2023-05-14
P1303,Karen,Lopez,Doctor 14,2023-05-14
P1334,Thomas,Miller,Doctor 16,2023-05-14
P1462,Nancy,Sanchez,Doctor 10,2023-05-14
P1469,Virginia,Parker,Doctor 20,2023-05-14
P1505,Patricia,Roberts,Doctor 10,2023-05-14
P1561,Nicholas,Rodriguez,Doctor 19,2023-05-14
P1566,Edward,Murphy,Doctor 8,2023-05-14
P1629,Donald,Johnson,Doctor 17,2023-05-14
P1631,Jack,White,Doctor 7,2023-05-14
P1813,Sandra,Ramos,Doctor 6,2023-05-14
P1820,Raymond,Kelly,Doctor 18,2023-05-14
P2027,Aaron,Lewis,Doctor 15,2023-05-14
P2103,Deborah,White,Doctor 10,2023-05-14
P2156,Steven,Ortiz,Doctor 4,2023-05-14
P2227,Jerry,Bennett,Doctor 3,2023-05-14
P2257,Susan,Hall,Doctor 1,2023-05-14
P0001,Nicholas,Peterson,Doctor 20,2023-05-15
P0032,Timothy,James,Doctor 1,2023-05-15
P0043,Sarah,Harris,Doctor 3,2023-05-15
P0258,Scott,Smith,Doctor 20,2023-05-15
P0428,Sandra,White,Doctor 9,2023-05-15
P0456,Betty,Myers,Doctor 8,2023-05-15
P0610,Sharon,Garcia,Doctor 15,2023-05-15
P0697,Sharon,Turner,Doctor 2,2023-05-15
P0875,Thomas,Price,Doctor 5,2023-05-15
P1016,Carol,Johnson,Doctor 2,2023-05-15
P1115,Justin,Collins,Doctor 12,2023-05-15
P1123,Barbara,Morales,Doctor 9,2023-05-15
P1163,Rebecca,Price,Doctor 8,2023-05-15
P1300,Sandra,Cook,Doctor 19,2023-05-15
P1341,Ruth,Moore,Doctor 18,2023-05-15
P1422,Richard,Cox,Doctor 1,2023-05-15
P1682,Sandra,Stewart,Doctor 11,2023-05-15
P1701,Mary,Sanchez,Doctor 6,2023-05-15
P1776,Sharon,Ruiz,Doctor 17,2023-05-15
P1877,Nancy,Garcia,Doctor 14,2023-05-15
P1897,James,Lee,Doctor 19,2023-05-15
P1929,Helen,Ward,Doctor 19,2023-05-15
P1971,George,Martin,Doctor 14,2023-05-15
P2219,Karen,White,Doctor 12,2023-05-15
P2254,Mark,Castillo,Doctor 16,2023-05-15
P2271,Helen,Thompson,Doctor 5,2023-05-15
P0246,Carol,Robinson,Doctor 9,2023-05-16
P0260,Jerry,Garcia,Doctor 9,2023-05-16
P0287,Eric,Peterson,Doctor 15,2023-05-16
P0302,Edward,Flores,Doctor 9,2023-05-16
P0362,Lisa,James,Doctor 11,2023-05-16
P0508,Jeffrey,Chavez,Doctor 16,2023-05-16
P0514,Timothy,Parker,Doctor 2,2023-05-16
P0581,Laura,Moore,Doctor 15,2023-05-16
P0586,Jerry,Morales,Doctor 2,2023-05-16
P0600,Carol,Thomas,Doctor 16,2023-05-16
P0600,Carol,Thomas,Doctor 16,2023-05-16
P0641,Brian,Robinson,Doctor 15,2023-05-16
P0642,Stephen,Rivera,Doctor 6,2023-05-16
P0779,Jeffrey,Price,Doctor 1,2023-05-16
P0784,Gregory,Ruiz,Doctor 2,2023-05-16
P0862,Linda,James,Doctor 12,2023-05-16
P1048,Angela,Johnson,Doctor 9,2023-05-16
P1082,Jose,Brown,Doctor 1,2023-05-16
P1135,Sharon,Martin,Doctor 3,2023-05-16
P1262,Daniel,Diaz,Doctor 13,2023-05-16
P1372,Betty,Lee,Doctor 16,2023-05-16
P1411,Jerry,Murphy,Doctor 8,2023-05-16
P1435,Nancy,White,Doctor 9,2023-05-16
P1474,Ryan,Hernandez,Doctor 6,2023-05-16
P1482,Helen,White,Doctor 5,2023-05-16
P1549,Donald,Allen,Doctor 12,2023-05-16
P1616,Daniel,Scott,Doctor 10,2023-05-16
P1897,James,Lee,Doctor 10,2023-05-16
P2009,Karen,Smith,Doctor 20,2023-05-16
P2069,Melissa,Morris,Doctor 2,2023-05-16
P2099,Susan,Myers,Doctor 17,2023-05-16
P2256,Emma,Watson,Doctor 17,2023-05-16
P2285,Barbara,Flores,Doctor 1,2023-05-16
P0007,Anthony,Ramos,Doctor 11,2023-05-17
P0039,Edward,Miller,Doctor 12,2023-05-17
P0049,Anthony,Adams,Doctor 13,2023-05-17
P0079,Elizabeth,Murphy,Doctor 20,2023-05-17
P0203,Michelle,Moore,Doctor 13,2023-05-17
P0269,Jacob,Perez,Doctor 17,2023-05-17
P0316,Jacob,Rogers,Doctor 15,2023-05-17
P0343,Karen,Phillips,Doctor 19,2023-05-17
P0427,Laura,Reed,Doctor 13,2023-05-17
P0442,Donna,Mitchell,Doctor 14,2023-05-17
P0507,Melissa,Smith,Doctor 13,2023-05-17
P0564,Deborah,Gonzalez,Doctor 8,2023-05-17
P0601,Jessica,Garcia,Doctor 4,2023-05-17
P0740,Eric,Moore,Doctor 1,2023-05-17
P0750,Edward,Patel,Doctor 2,2023-05-17
P0771,Carol,Ramirez,Doctor 12,2023-05-17
P0935,Richard,Ward,Doctor 20,2023-05-17
P0960,Donna,Ortiz,Doctor 11,2023-05-17
P0993,Sharon,Reed,Doctor 15,2023-05-17
P1020,Jason,Perez,Doctor 5,2023-05-17
P1049,Jennifer,Thomas,Doctor 3,2023-05-17
P1055,Jessica,Thomas,Doctor 20,2023-05-17
P1126,Deborah,Clark,Doctor 9,2023-05-17
P1194,Kevin,Jackson,Doctor 12,2023-05-17
P1219,Laura,Scott,Doctor 6,2023-05-17
P1232,Steven,Kelly,Doctor 6,2023-05-17
P1383,Carol,Reyes,Doctor 3,2023-05-17
P1446,Jeffrey,Ortiz,Doctor 12,2023-05-17
P1589,Virginia,Chavez,Doctor 6,2023-05-17
P1809,Steven,Sanchez,Doctor 4,2023-05-17
P1811,Elizabeth,Morales,Doctor 17,2023-05-17
P1951,Susan,Wilson,Doctor 14,2023-05-17
P1980,Larry,Morgan,Doctor 13,2023-05-17
P2017,Jose,Taylor,Doctor 11,2023-05-17
P2077,Jeffrey,Peterson,Doctor 6,2023-05-17
P2170,Donna,Campbell,Doctor 1,2023-05-17
P2214,Patrick,Chavez,Doctor 15,2023-05-17
P2214,Patrick,Chavez,Doctor 15,2023-05-17
P2274,Linda,Ward,Doctor 6,2023-05-17
P0027,Jacob,Hernandez,Doctor 10,2023-05-18
P0183,Nancy,Edwards,Doctor 13,2023-05-18
P0211,Nicholas,Mitchell,Doctor 6,2023-05-18
P0217,Elizabeth,Harris,Doctor 19,2023-05-18
P0251,Larry,Carter,Doctor 8,2023-05-18
P0360,Amy,King,Doctor 9,2023-05-18
P0396,Susan,Smith,Doctor 17,2023-05-18
P0445,Melissa,Parker,Doctor 2,2023-05-18
P0458,Edward,Kim,Doctor 9,2023-05-18
P0460,Patricia,Bailey,Doctor 2,2023-05-18
P0526,Brenda,Morris,Doctor 3,2023-05-18
P0554,George,Gutierrez,Doctor 7,2023-05-18
P0568,Virginia,Davis,Doctor 13,2023-05-18
P0651,Justin,Williams,Doctor 19,2023-05-18
P0747,Thomas,Hall,Doctor 15,2023-05-18
P0758,Jessica,Wilson,Doctor 20,2023-05-18
P0787,Richard,Brown,Doctor 17,2023-05-18
P0898,Charles,James,Doctor 8,2023-05-18
P1056,David,Hernandez,Doctor 20,2023-05-18
P1223,Jonathan,Green,Doctor 9,2023-05-18
P1229,Robert,Chavez,Doctor 2,2023-05-18
P1247,Steven,Myers,Doctor 14,2023-05-18
P1318,Michelle,Nelson,Doctor 1,2023-05-18
P1382,Michelle,Hill,Doctor 11,2023-05-18
P1392,Barbara,Carter,Doctor 6,2023-05-18
P1406,Dennis,Martinez,Doctor 9,2023-05-18
P1702,Donna,James,Doctor 1,2023-05-18
P1762,Ruth,Wilson,Doctor 3,2023-05-18
P1816,Benjamin,Rogers,Doctor 4,2023-05-18
P2079,Matthew,Wood,Doctor 1,2023-05-18
P2142,Patricia,Castillo,Doctor 15,2023-05-18
P2155,Alexander,Thompson,Doctor 17,2023-05-18
P0008,Brian,Flores,Doctor 8,2023-05-19
P0031,Edward,Cruz,Doctor 18,2023-05-19
P0124,Frank,Davis,Doctor 15,2023-05-19
P0129,Richard,Kim,Doctor 17,2023-05-19
P0274,Jacob,Sanchez,Doctor 13,2023-05-19
P0351,Steven,Evans,Doctor 19,2023-05-19
P0479,Larry,Moore,Doctor 20,2023-05-19
P0633,Sandra,Rogers,Doctor 17,2023-05-19
P0643,Andrew,Nguyen,Doctor 19,2023-05-19
P0762,Matthew,Young,Doctor 7,2023-05-19
P0767,Joseph,Miller,Doctor 7,2023-05-19
P0777,Kimberly,Nguyen,Doctor 5,2023-05-19
P0805,Helen,Murphy,Doctor 1,2023-05-19
P0911,Aaron,Johnson,Doctor 18,2023-05-19
P0983,Mark,Sanders,Doctor 2,2023-05-19
P1021,Dennis,Kelly,Doctor 5,2023-05-19
P1089,Anthony,Green,Doctor 12,2023-05-19
P1133,Virginia,Rivera,Doctor 9,2023-05-19
P1154,Stephen,Kelly,Doctor 14,2023-05-19
P1177,John,Patel,Doctor 19,2023-05-19
P1236,Sandra,Howard,Doctor 1,2023-05-19
P1336,Eric,Murphy,Doctor 6,2023-05-19
P1468,Eric,Brown,Doctor 5,2023-05-19
P1471,Jeffrey,Green,Doctor 6,2023-05-19
P1499,Justin,Thomas,Doctor 10,2023-05-19
P1512,Brian,Parker,Doctor 5,2023-05-19
P1848,Jack,Cox,Doctor 7,2023-05-19
P1979,Karen,Morales,Doctor 7,2023-05-19
P2165,Elizabeth,Carter,Doctor 16,2023-05-19
P2170,Donna,Campbell,Doctor 1,2023-05-19
P0069,James,King,Doctor 6,2023-05-20
P0116,Virginia,Watson,Doctor 11,2023-05-20
P0279,Gregory,Miller,Doctor 6,2023-05-20
P0306,Patricia,Gray,Doctor 7,2023-05-20
P0312,Helen,Reed,Doctor 1,2023-05-20
P0318,Barbara,Ward,Doctor 14,2023-05-20
P0539,Betty,Alvarez,Doctor 7,2023-05-20
P0627,Matthew,King,Doctor 17,2023-05-20
P0643,Andrew,Nguyen,Doctor 11,2023-05-20
P0727,Benjamin,Rodriguez,Doctor 19,2023-05-20
P0794,Alexander,Anderson,Doctor 12,2023-05-20
P0797,Larry,Alvarez,Doctor 10,2023-05-20
P0803,Jose,Peterson,Doctor 19,2023-05-20
P0852,Lisa,Reed,Doctor 15,2023-05-20
P0916,Robert,Evans,Doctor 14,2023-05-20
P1011,Donald,Harris,Doctor 18,2023-05-20
P1040,Kathleen,Phillips,Doctor 16,2023-05-20
P1101,Deborah,Hernandez,Doctor 16,2023-05-20
P1122,Kenneth,Evans,Doctor 7,2023-05-20
P1127,Lisa,Jackson,Doctor 13,2023-05-20
P1162,Christopher,Cruz,Doctor 16,2023-05-20
P1187,Timothy,Williams,Doctor 18,2023-05-20
P1194,Kevin,Jackson,Doctor 12,2023-05-20
P1216,Nancy,Reyes,Doctor 7,2023-05-20
P1330,Alexander,Young,Doctor 3,2023-05-20
P1347,Brenda,Sanders,Doctor 6,2023-05-20
P1370,Steven,Martinez,Doctor 4,2023-05-20
P1427,Christopher,Gonzalez,Doctor 4,2023-05-20
P1552,Ronald,Cox,Doctor 20,2023-05-20
P1556,Larry,James,Doctor 19,2023-05-20
P1732,Cynthia,Walker,Doctor 12,2023-05-20
P1814,Frank,Scott,Doctor 13,2023-05-20
P1934,Laura,Hughes,Doctor 16,2023-05-20
P1999,Robert,Watson,Doctor 1,2023-05-20
P2065,Robert,White,Doctor 1,2023-05-20
P2106,Anthony,Gutierrez,Doctor 12,2023-05-20
P2157,Kathleen,Carter,Doctor 3,2023-05-20
P2247,Brian,Cook,Doctor 10,2023-05-20
P0123,Betty,Kelly,Doctor 15,2023-05-21
P0250,Rebecca,Wilson,Doctor 20,2023-05-21
P0510,Laura,Martin,Doctor 6,2023-05-21
P0565,Jeffrey,Wilson,Doctor 8,2023-05-21
P0565,Jeffrey,Wilson,Doctor 15,2023-05-21
P0612,David,Watson,Doctor 11,2023-05-21
P0745,Raymond,Wilson,Doctor 17,2023-05-21
P0936,Robert,Hernandez,Doctor 6,2023-05-21
P0941,Raymond,Torres,Doctor 18,2023-05-21
P0966,Benjamin,Baker,Doctor 15,2023-05-21
P1129,Patricia,Mitchell,Doctor 15,2023-05-21
P1166,Gregory,Carter,Doctor 16,2023-05-21
P1170,Shirley,Brown,Doctor 19,2023-05-21
P1270,Nancy,Murphy,Doctor 20,2023-05-21
P1279,Michelle,Sanders,Doctor 14,2023-05-21
P1422,Richard,Cox,Doctor 1,2023-05-21
P1431,Brenda,Green,Doctor 13,2023-05-21
P1456,Barbara,Richardson,Doctor 3,2023-05-21
P1473,Shirley,Nguyen,Doctor 11,2023-05-21
P1477,John,Wilson,Doctor 8,2023-05-21
P1505,Patricia,Roberts,Doctor 19,2023-05-21
P1524,Mark,Green,Doctor 11,2023-05-21
P1528,Linda,Gomez,Doctor 20,2023-05-21
P1530,Karen,Myers,Doctor 1,2023-05-21
P1694,Stephen,Gomez,Doctor 6,2023-05-21
P2024,Kenneth,Ward,Doctor 15,2023-05-21
P2067,Betty,Cooper,Doctor 1,2023-05-21
P2119,Lisa,Nguyen,Doctor 18,2023-05-21
P2122,Sarah,Gutierrez,Doctor 9,2023-05-21
P2219,Karen,White,Doctor 12,2023-05-21
P2270,Justin,Davis,Doctor 11,2023-05-21
P0015,Jessica,Lopez,Doctor 8,2023-05-22
P0124,Frank,Davis,Doctor 11,2023-05-22
P0164,Robert,Price,Doctor 15,2023-05-22
P0382,Samuel,Rivera,Doctor 8,2023-05-22
P0407,Jeffrey,Wright,Doctor 11,2023-05-22
P0413,Anna,Chavez,Doctor 18,2023-05-22
P0441,Kimberly,Cooper,Doctor 6,2023-05-22
P0491,Sandra,Cruz,Doctor 11,2023-05-22
P0533,Betty,Price,Doctor 11,2023-05-22
P0583,Jessica,Price,Doctor 8,2023-05-22
P0699,Jacob,Ruiz,Doctor 10,2023-05-22
P0816,Cynthia,Martin,Doctor 3,2023-05-22
P0897,Linda,Wood,Doctor 11,2023-05-22
P0898,Charles,James,Doctor 16,2023-05-22
P0957,Sharon,Chavez,Doctor 10,2023-05-22
P1006,Jason,Ruiz,Doctor 14,2023-05-22
P1063,Lisa,Ortiz,Doctor 9,2023-05-22
P1173,William,Sanders,Doctor 13,2023-05-22
P1291,Matthew,Thompson,Doctor 19,2023-05-22
P1326,Ronald,Adams,Doctor 20,2023-05-22
P1384,Donald,Nelson,Doctor 7,2023-05-22
P1385,Eric,Hall,Doctor 7,2023-05-22
P1387,Barbara,Cox,Doctor 2,2023-05-22
P1503,Samuel,Kelly,Doctor 12,2023-05-22
P1601,Stephen,Peterson,Doctor 11,2023-05-22
P1631,Jack,White,Doctor 18,2023-05-22
P1760,Ronald,Brown,Doctor 6,2023-05-22
P1776,Sharon,Ruiz,Doctor 6,2023-05-22
P1925,Jonathan,Patel,Doctor 15,2023-05-22
P2135,Patrick,Gray,Doctor 10,2023-05-22
P2237,Cynthia,Wright,Doctor 13,2023-05-22
P2298,Kevin,Jones,Doctor 15,2023-05-22
P0204,Laura,Perez,Doctor 2,2023-05-23
P0212,Christopher,Lee,Doctor 9,2023-05-23
P0254,Frank,Castillo,Doctor 19,2023-05-23
P0438,Brandon,Miller,Doctor 4,2023-05-23
P0442,Donna,Mitchell,Doctor 14,2023-05-23
P0509,David,Myers,Doctor 15,2023-05-23
P0549,Sarah,Garcia,Doctor 14,2023-05-23
P0720,Jose,Jackson,Doctor 10,2023-05-23
P0768,Kevin,Reed,Doctor 15,2023-05-23
P0806,Donald,Kim,Doctor 3,2023-05-23
P0807,Jessica,Taylor,Doctor 14,2023-05-23
P0828,Gary,Gutierrez,Doctor 12,2023-05-23
P0949,Virginia,Castillo,Doctor 18,2023-05-23
P0987,Donna,Murphy,Doctor 10,2023-05-23
P1069,Daniel,Young,Doctor 5,2023-05-23
P1113,Sharon,Richardson,Doctor 14,2023-05-23
P1119,Jacob,Baker,Doctor 8,2023-05-23
P1214,Larry,Bennett,Doctor 20,2023-05-23
P1301,Nancy,Ramos,Doctor 12,2023-05-23
P1326,Ronald,Adams,Doctor 14,2023-05-23
P1410,Amy,Brown,Doctor 8,2023-05-23
P1523,Nicholas,Torres,Doctor 14,2023-05-23
P1655,Charles,Brown,Doctor 10,2023-05-23
P1738,Amy,Taylor,Doctor 12,2023-05-23
P1761,Betty,Anderson,Doctor 10,2023-05-23
P1792,John,Lewis,Doctor 6,2023-05-23
P1919,Jessica,Perez,Doctor 14,2023-05-23
P1962,James,Gray,Doctor 10,2023-05-23
P2027,Aaron,Lewis,Doctor 15,2023-05-23
P2052,Robert,Myers,Doctor 9,2023-05-23
P2093,Stephen,Murphy,Doctor 19,2023-05-23
P2107,Scott,Cox,Doctor 5,2023-05-23
P2144,Linda,Evans,Doctor 12,2023-05-23
P2164,Jason,Clark,Doctor 1,2023-05-23
P0064,Eric,Chavez,Doctor 9,2023-05-24
P0408,Karen,Gray,Doctor 5,2023-05-24
P0504,Joseph,Gray,Doctor 12,2023-05-24
P0536,Thomas,Martinez,Doctor 16,2023-05-24
P0605,Susan,Lee,Doctor 9,2023-05-24
P0646,Christopher,Green,Doctor 5,2023-05-24
P0689,Samuel,Mendoza,Doctor 11,2023-05-24
P0771,Carol,Ramirez,Doctor 12,2023-05-24
P0776,Sarah,Ortiz,Doctor 5,2023-05-24
P0835,Matthew,Roberts,Doctor 19,2023-05-24
P0864,Rebecca,Rodriguez,Doctor 7,2023-05-24
P0888,Deborah,King,Doctor 15,2023-05-24
P0937,Nancy,Cooper,Doctor 15,2023-05-24
P0967,Steven,Johnson,Doctor 18,2023-05-24
P0993,Sharon,Reed,Doctor 15,2023-05-24
P1158,Stephen,Jones,Doctor 9,2023-05-24
P1302,Helen,Rodriguez,Doctor 13,2023-05-24
P1529,Jack,Kelly,Doctor 14,2023-05-24
P1580,Thomas,Sanchez,Doctor 16,2023-05-24
P1655,Charles,Brown,Doctor 6,2023-05-24
P1807,Helen,Alvarez,Doctor 15,2023-05-24
P1819,Carol,Edwards,Doctor 10,2023-05-24
P1947,Michelle,Brooks,Doctor 10,2023-05-24
P2038,Andrew,Allen,Doctor 11,2023-05-24
P2130,Sarah,Torres,Doctor 10,2023-05-24
P2167,Donna,Lee,Doctor 4,2023-05-24
P2228,Ryan,Ward,Doctor 7,2023-05-24
P2232,Shirley,Green,Doctor 12,2023-05-24
P2254,Mark,Castillo,Doctor 16,2023-05-24
P2294,Donald,Diaz,Doctor 5,2023-05-24
P2303,Patricia,James,Doctor 14,2023-05-24
P2305,Jessica,Young,Doctor 11,2023-05-24
P0113,Donald,James,Doctor 12,2023-05-25
P0260,Jerry,Garcia,Doctor 9,2023-05-25
P0310,Robert,Walker,Doctor 6,2023-05-25
P0319,Raymond,Hill,Doctor 10,2023-05-25
P0372,Jeffrey,Wood,Doctor 2,2023-05-25
P0379,Benjamin,Price,Doctor 10,2023-05-25
P0380,Edward,Nelson,Doctor 19,2023-05-25
P0406,William,Brown,Doctor 15,2023-05-25
P0560,Donna,Watson,Doctor 16,2023-05-25
P0589,Steven,Wood,Doctor 4,2023-05-25
P0701,Kimberly,Campbell,Doctor 3,2023-05-25
P0856,Brian,Baker,Doctor 15,2023-05-25
P0864,Rebecca,Rodriguez,Doctor 7,2023-05-25
P0953,Laura,Ortiz,Doctor 15,2023-05-25
P0982,Jennifer,King,Doctor 17,2023-05-25
P1002,Gary,Jackson,Doctor 14,2023-05-25
P1055,Jessica,Thomas,Doctor 20,2023-05-25
P1137,Anthony,Anderson,Doctor 12,2023-05-25
P1273,Larry,Kelly,Doctor 7,2023-05-25
P1351,Joseph,Smith,Doctor 1,2023-05-25
P1510,William,Wright,Doctor 9,2023-05-25
P1533,Jerry,Ward,Doctor 10,2023-05-25
P1552,Ronald,Cox,Doctor 5,2023-05-25
P1574,Robert,Stewart,Doctor 2,2023-05-25
P1801,Frank,Campbell,Doctor 15,2023-05-25
P1887,Ryan,Stewart,Doctor 3,2023-05-25
P1929,Helen,Ward,Doctor 16,2023-05-25
P1942,Jeffrey,Lewis,Doctor 9,2023-05-25
P2124,Jonathan,Torres,Doctor 3,2023-05-25
P2143,Andrew,White,Doctor 17,2023-05-25
P0154,Jonathan,Rodriguez,Doctor 10,2023-05-26
P0324,Sharon,Howard,Doctor 16,2023-05-26
P0365,Gregory,Hernandez,Doctor 6,2023-05-26
P0369,Raymond,Perez,Doctor 20,2023-05-26
P0403,Frank,Howard,Doctor 18,2023-05-26
P0483,Helen,Smith,Doctor 13,2023-05-26
P0629,Ruth,Reed,Doctor 20,2023-05-26
P0642,Stephen,Rivera,Doctor 6,2023-05-26
P0677,Sharon,Kelly,Doctor 14,2023-05-26
P0691,Matthew,Davis,Doctor 13,2023-05-26
P0702,Sharon,Cooper,Doctor 6,2023-05-26
P0710,Ronald,Evans,Doctor 12,2023-05-26
P0736,Raymond,Walker,Doctor 14,2023-05-26
P0770,Jose,Kelly,Doctor 10,2023-05-26
P0802,Nicholas,Walker,Doctor 10,2023-05-26
P0841,Ronald,Gutierrez,Doctor 2,2023-05-26
P1056,David,Hernandez,Doctor 20,2023-05-26
P1304,Jose,Price,Doctor 5,2023-05-26
P1361,Elizabeth,Scott,Doctor 1,2023-05-26
P1391,Michael,Adams,Doctor 19,2023-05-26
P1646,Sarah,Collins,Doctor 19,2023-05-26
P1703,Sharon,Gray,Doctor 6,2023-05-26
P1723,Nicholas,Howard,Doctor 19,2023-05-26
P1818,Michael,Reyes,Doctor 14,2023-05-26
P1838,Betty,Morales,Doctor 19,2023-05-26
P1889,Richard,Wood,Doctor 7,2023-05-26
P1906,Amy,Kelly,Doctor 14,2023-05-26
P1924,Anna,Cook,Doctor 13,2023-05-26
P2094,Charles,Lopez,Doctor 5,2023-05-26
P2116,Raymond,Wright,Doctor 4,2023-05-26
P2154,Kevin,Watson,Doctor 18,2023-05-26
P2221,Sandra,Reyes,Doctor 19,2023-05-26
P2221,Sandra,Reyes,Doctor 19,2023-05-26
P2231,Jacob,Wilson,Doctor 10,2023-05-26
P2273,Samuel,Martin,Doctor 7,2023-05-26
P0020,Michelle,Garcia,Doctor 7,2023-05-27
P0038,Andrew,Wright,Doctor 16,2023-05-27
P0068,John,Edwards,Doctor 16,2023-05-27
P0084,Jonathan,Campbell,Doctor 4,2023-05-27
P0109,Brandon,Cruz,Doctor 10,2023-05-27
P0383,Brandon,Morales,Doctor 15,2023-05-27
P0519,Robert,Cooper,Doctor 13,2023-05-27
P0610,Sharon,Garcia,Doctor 20,2023-05-27
P0743,Kimberly,James,Doctor 8,2023-05-27
P0776,Sarah,Ortiz,Doctor 5,2023-05-27
P0842,Cynthia,Allen,Doctor 5,2023-05-27
P0964,Donna,Jones,Doctor 16,2023-05-27
P0971,Brian,Cox,Doctor 15,2023-05-27
P1149,James,Walker,Doctor 18,2023-05-27
P1217,Jack,Howard,Doctor 3,2023-05-27
P1251,Kimberly,Patel,Doctor 1,2023-05-27
P1459,Sandra,Wright,Doctor 8,2023-05-27
P1692,Jose,Adams,Doctor 7,2023-05-27
P1738,Amy,Taylor,Doctor 4,2023-05-27
P1923,Sandra,Ward,Doctor 10,2023-05-27
P1992,Donna,Wilson,Doctor 13,2023-05-27
P2001,Sarah,Moore,Doctor 15,2023-05-27
P2018,Patrick,Myers,Doctor 19,2023-05-27
P2047,Kimberly,Wilson,Doctor 3,2023-05-27
P2165,Elizabeth,Carter,Doctor 16,2023-05-27
P2244,Larry,Watson,Doctor 15,2023-05-27
P2253,George,Kelly,Doctor 15,2023-05-27
P2283,James,Torres,Doctor 6,2023-05-27
P0024,Nicholas,Gray,Doctor 5,2023-05-28
P0099,Michael,Rivera,Doctor 17,2023-05-28
P0235,Patrick,Sanchez,Doctor 11,2023-05-28
P0783,Larry,Hernandez,Doctor 10,2023-05-28
P0814,Jerry,Kelly,Doctor 6,2023-05-28
P0855,Sarah,Gomez,Doctor 14,2023-05-28
P1059,Anthony,Martinez,Doctor 14,2023-05-28
P1115,Justin,Collins,Doctor 12,2023-05-28
P1207,Nancy,Ortiz,Doctor 8,2023-05-28
P1301,Nancy,Ramos,Doctor 13,2023-05-28
P1760,Ronald,Brown,Doctor 6,2023-05-28
P1820,Raymond,Kelly,Doctor 18,2023-05-28
P1875,Lisa,Brooks,Doctor 6,2023-05-28
P1888,Michael,Cox,Doctor 2,2023-05-28
P1936,Linda,Smith,Doctor 8,2023-05-28
P2073,Charles,Thompson,Doctor 20,2023-05-28
P2195,Angela,Smith,Doctor 20,2023-05-28
P2293,Melissa,Lewis,Doctor 17,2023-05-28
P2305,Jessica,Young,Doctor 17,2023-05-28
P0061,James,Parker,Doctor 5,2023-05-29
P0115,Raymond,Collins,Doctor 9,2023-05-29
P0162,Deborah,Lewis,Doctor 1,2023-05-29
P0235,Patrick,Sanchez,Doctor 10,2023-05-29
P0240,Sandra,Mitchell,Doctor 12,2023-05-29
P0249,Raymond,Hughes,Doctor 2,2023-05-29
P0337,Larry,Phillips,Doctor 1,2023-05-29
P0426,David,Thomas,Doctor 3,2023-05-29
P0555,Alexander,Sanchez,Doctor 9,2023-05-29
P0823,Sarah,Ramirez,Doctor 3,2023-05-29
P0893,Anna,Gomez,Doctor 7,2023-05-29
P0895,Lisa,Wright,Doctor 14,2023-05-29
P0981,Kenneth,Gray,Doctor 11,2023-05-29
P0981,Kenneth,Gray,Doctor 11,2023-05-29
P1013,Robert,Anderson,Doctor 9,2023-05-29
P1086,Larry,Brooks,Doctor 4,2023-05-29
P1090,Eric,Carter,Doctor 17,2023-05-29
P1158,Stephen,Jones,Doctor 5,2023-05-29
P1325,William,Cruz,Doctor 7,2023-05-29
P1434,Sandra,Morgan,Doctor 11,2023-05-29
P1442,Scott,Chavez,Doctor 8,2023-05-29
P1749,Sandra,Murphy,Doctor 2,2023-05-29
P1884,Mary,Nguyen,Doctor 6,2023-05-29
P1940,Dennis,Thomas,Doctor 10,2023-05-29
P2118,Nancy,Myers,Doctor 1,2023-05-29
P2176,Dennis,Lopez,Doctor 12,2023-05-29
P2218,Anna,Bailey,Doctor 4,2023-05-29
P0148,Mark,Clark,Doctor 2,2023-05-30
P0325,Patricia,Bennett,Doctor 4,2023-05-30
P0421,Betty,Peterson,Doctor 9,2023-05-30
P0540,Kenneth,Collins,Doctor 20,2023-05-30
P0578,Donna,Williams,Doctor 20,2023-05-30
P0592,Brian,Jackson,Doctor 10,2023-05-30
P0742,Sarah,Cox,Doctor 2,2023-05-30
P0768,Kevin,Reed,Doctor 2,2023-05-30
P0802,Nicholas,Walker,Doctor 14,2023-05-30
P0882,Daniel,Watson,Doctor 4,2023-05-30
P0931,Edward,Hernandez,Doctor 19,2023-05-30
P0946,Timothy,Cox,Doctor 12,2023-05-30
P0961,Helen,Lee,Doctor 17,2023-05-30
P0972,Jack,Cooper,Doctor 11,2023-05-30
P1172,Ruth,Ramirez,Doctor 18,2023-05-30
P1180,Donna,Reed,Doctor 1,2023-05-30
P1207,Nancy,Ortiz,Doctor 2,2023-05-30
P1212,Michelle,Clark,Doctor 16,2023-05-30
P1311,Mark,King,Doctor 8,2023-05-30
P1405,Scott,Lewis,Doctor 20,2023-05-30
P1415,Jerry,Williams,Doctor 1,2023-05-30
P1465,Sarah,King,Doctor 3,2023-05-30
P1487,Emma,Hill,Doctor 18,2023-05-30
P1507,Frank,Parker,Doctor 14,2023-05-30
P1546,Kathleen,Mitchell,Doctor 20,2023-05-30
P1550,Ruth,Howard,Doctor 11,2023-05-30
P1553,Brandon,Torres,Doctor 20,2023-05-30
P1691,Benjamin,Hall,Doctor 11,2023-05-30
P1693,Ronald,Turner,Doctor 9,2023-05-30
P1779,Jessica,Green,Doctor 6,2023-05-30
P1810,Andrew,Moore,Doctor 18,2023-05-30
P1842,Donna,Carter,Doctor 15,2023-05-30
P1916,Ronald,Thompson,Doctor 13,2023-05-30
P1923,Sandra,Ward,Doctor 14,2023-05-30
P2066,Helen,Anderson,Doctor 9,2023-05-30
P2082,James,Bailey,Doctor 8,2023-05-30
P2122,Sarah,Gutierrez,Doctor 9,2023-05-30
P2184,Michael,Sanchez,Doctor 20,2023-05-30
P2192,Helen,Jackson,Doctor 20,2023-05-30
P2233,Emma,Ward,Doctor 13,2023-05-30
P2305,Jessica,Young,Doctor 17,2023-05-30
P0010,Carol,Kelly,Doctor 1,2023-05-31
P0015,Jessica,Lopez,Doctor 8,2023-05-31
P0052,Kevin,Perez,Doctor 3,2023-05-31
P0055,Dennis,Richardson,Doctor 16,2023-05-31
P0063,Jonathan,Gomez,Doctor 1,2023-05-31
P0281,Mary,Phillips,Doctor 7,2023-05-31
P0303,Emma,Green,Doctor 12,2023-05-31
P0347,Betty,Miller,Doctor 20,2023-05-31
P0429,Kimberly,Flores,Doctor 19,2023-05-31
P0454,Kathleen,Anderson,Doctor 2,2023-05-31
P0842,Cynthia,Allen,Doctor 17,2023-05-31
P1055,Jessica,Thomas,Doctor 20,2023-05-31
P1091,Edward,Rodriguez,Doctor 7,2023-05-31
P1170,Shirley,Brown,Doctor 19,2023-05-31
P1339,Sandra,Perez,Doctor 13,2023-05-31
P1440,Ruth,Allen,Doctor 16,2023-05-31
P1814,Frank,Scott,Doctor 13,2023-05-31
P1817,Sandra,Parker,Doctor 10,2023-05-31
P2080,Brian,Miller,Doctor 5,2023-05-31
P2263,Frank,Ruiz,Doctor 16,2023-05-31
P2264,Joshua,Brown,Doctor 5,2023-05-31
P0014,Samuel,Anderson,Doctor 3,2023-06-01
P0121,Dennis,Cooper,Doctor 10,2023-06-01
P0167,Anna,Mendoza,Doctor 9,2023-06-01
P0335,John,Baker,Doctor 15,2023-06-01
P0559,Mark,Chavez,Doctor 14,2023-06-01
P0660,Helen,Taylor,Doctor 4,2023-06-01
P0672,Sharon,Williams,Doctor 16,2023-06-01
P0821,Laura,Wilson,Doctor 7,2023-06-01
P0888,Deborah,King,Doctor 20,2023-06-01
P1040,Kathleen,Phillips,Doctor 16,2023-06-01
P1047,Robert,Taylor,Doctor 11,2023-06-01
P1096,Gregory,Kim,Doctor 19,2023-06-01
P1111,Melissa,Baker,Doctor 15,2023-06-01
P1133,Virginia,Rivera,Doctor 9,2023-06-01
P1354,Helen,Roberts,Doctor 11,2023-06-01
P1462,Nancy,Sanchez,Doctor 19,2023-06-01
P1652,Donna,Gomez,Doctor 17,2023-06-01
P1680,Sharon,Hernandez,Doctor 10,2023-06-01
P1680,Sharon,Hernandez,Doctor 10,2023-06-01
P1751,James,Cook,Doctor 7,2023-06-01
P1781,Jack,Lee,Doctor 18,2023-06-01
P1867,Joshua,White,Doctor 5,2023-06-01
P1908,Michael,James,Doctor 17,2023-06-01
P1996,Dorothy,Cook,Doctor 1,2023-06-01
P2062,Steven,Adams,Doctor 12,2023-06-01
P0021,Sharon,Torres,Doctor 10,2023-06-02
P0154,Jonathan,Rodriguez,Doctor 10,2023-06-02
P0250,Rebecca,Wilson,Doctor 12,2023-06-02
P0335,John,Baker,Doctor 15,2023-06-02
P0352,Rebecca,Watson,Doctor 9,2023-06-02
P0435,Eric,Johnson,Doctor 1,2023-06-02
P0436,Emma,Alvarez,Doctor 13,2023-06-02
P0554,George,Gutierrez,Doctor 7,2023-06-02
P0561,Karen,Kim,Doctor 2,2023-06-02
P0673,Laura,Edwards,Doctor 9,2023-06-02
P0830,Daniel,Hughes,Doctor 10,2023-06-02
P0889,Jose,Cooper,Doctor 9,2023-06-02
P0920,George,Morales,Doctor 15,2023-06-02
P1118,Thomas,Jackson,Doctor 9,2023-06-02
P1136,Angela,Garcia,Doctor 16,2023-06-02
P1149,James,Walker,Doctor 18,2023-06-02
P1399,Matthew,Campbell,Doctor 13,2023-06-02
P1417,Cynthia,Price,Doctor 12,2023-06-02
P1448,Jeffrey,Jackson,Doctor 19,2023-06-02
P1476,Alexander,Moore,Doctor 12,2023-06-02
P1502,Larry,Campbell,Doctor 8,2023-06-02
P1544,Helen,Lopez,Doctor 12,2023-06-02
P1605,Jason,Cox,Doctor 17,2023-06-02
P1781,Jack,Lee,Doctor 18,2023-06-02
P1835,Angela,King,Doctor 19,2023-06-02
P1930,Dennis,Scott,Doctor 10,2023-06-02
P2191,Jennifer,Kelly,Doctor 14,2023-06-02
P2245,Kimberly,Wright,Doctor 17,2023-06-02
P2277,Sharon,Carter,Doctor 10,2023-06-02
P0026,Betty,Richardson,Doctor 7,2023-06-03
P0104,Dorothy,Garcia,Doctor 15,2023-06-03
P0178,Donna,White,Doctor 14,2023-06-03
P0306,Patricia,Gray,Doctor 7,2023-06-03
P0310,Robert,Walker,Doctor 1,2023-06-03
P0383,Brandon,Morales,Doctor 15,2023-06-03
P0421,Betty,Peterson,Doctor 9,2023-06-03
P0592,Brian,Jackson,Doctor 12,2023-06-03
P0613,Jeffrey,Cook,Doctor 20,2023-06-03
P0614,Carol,Thompson,Doctor 19,2023-06-03
P0773,Carol,Castillo,Doctor 2,2023-06-03
P0822,Ryan,Mitchell,Doctor 11,2023-06-03
P0833,Amy,Lewis,Doctor 13,2023-06-03
P0843,Dennis,Thompson,Doctor 4,2023-06-03
P0944,Ruth,Brooks,Doctor 8,2023-06-03
P1156,Sandra,Mendoza,Doctor 18,2023-06-03
P1313,Mary,Scott,Doctor 11,2023-06-03
P1349,Kevin,Cooper,Doctor 19,2023-06-03
P1420,Karen,James,Doctor 8,2023-06-03
P1519,Michelle,Hernandez,Doctor 9,2023-06-03
P1521,Linda,Mitchell,Doctor 15,2023-06-03
P1524,Mark,Green,Doctor 4,2023-06-03
P1621,Christopher,Jackson,Doctor 13,2023-06-03
P1691,Benjamin,Hall,Doctor 10,2023-06-03
P1717,Steven,Turner,Doctor 13,2023-06-03
P1852,Sharon,Nelson,Doctor 11,2023-06-03
P1862,James,Peterson,Doctor 10,2023-06-03
P1911,Thomas,Stewart,Doctor 13,2023-06-03
P1967,Stephen,Rogers,Doctor 5,2023-06-03
P2143,Andrew,White,Doctor 17,2023-06-03
P2212,Carol,Jones,Doctor 17,2023-06-03
P2239,Michael,Davis,Doctor 3,2023-06-03
P0076,Patrick,Nelson,Doctor 13,2023-06-04
P0094,Jerry,Rogers,Doctor 2,2023-06-04
P0098,Joseph,Phillips,Doctor 4,2023-06-04
P0107,Carol,Richardson,Doctor 2,2023-06-04
P0127,Robert,Brooks,Doctor 3,2023-06-04
P0152,Michelle,Adams,Doctor 1,2023-06-04
P0189,Helen,Scott,Doctor 3,2023-06-04
P0253,Deborah,Rodriguez,Doctor 13,2023-06-04
P0256,Karen,Hernandez,Doctor 20,2023-06-04
P0291,Angela,Anderson,Doctor 11,2023-06-04
P0412,Sandra,Wood,Doctor 19,2023-06-04
P0426,David,Thomas,Doctor 3,2023-06-04
P0469,Kevin,Cruz,Doctor 15,2023-06-04
P0506,George,Richardson,Doctor 13,2023-06-04
P0563,Kimberly,Rodriguez,Doctor 9,2023-06-04
P0578,Donna,Williams,Doctor 20,2023-06-04
P0609,Cynthia,Roberts,Doctor 8,2023-06-04
P0889,Jose,Cooper,Doctor 9,2023-06-04
P0906,Nancy,Brooks,Doctor 5,2023-06-04
P0931,Edward,Hernandez,Doctor 18,2023-06-04
P0985,Ruth,Collins,Doctor 16,2023-06-04
P0994,Andrew,Bennett,Doctor 7,2023-06-04
P1046,Tyler,Nguyen,Doctor 2,2023-06-04
P1120,Sarah,Hill,Doctor 16,2023-06-04
P1297,Thomas,Walker,Doctor 18,2023-06-04
P1586,Carol,Turner,Doctor 16,2023-06-04
P1594,Linda,Ramirez,Doctor 19,2023-06-04
P1606,Joseph,Moore,Doctor 2,2023-06-04
P1635,Donna,Ramos,Doctor 2,2023-06-04
P1706,Dennis,Gomez,Doctor 18,2023-06-04
P1823,Jessica,Martin,Doctor 10,2023-06-04
P1838,Betty,Morales,Doctor 19,2023-06-04
P2124,Jonathan,Torres,Doctor 3,2023-06-04
P2142,Patricia,Castillo,Doctor 19,2023-06-04
P2176,Dennis,Lopez,Doctor 12,2023-06-04
P0131,Karen,Hughes,Doctor 17,2023-06-05
P0144,Betty,Thomas,Doctor 15,2023-06-05
P0328,Michael,Robinson,Doctor 12,2023-06-05
P0335,John,Baker,Doctor 17,2023-06-05
P0478,Nancy,Ruiz,Doctor 12,2023-06-05
P0484,Dorothy,Cox,Doctor 10,2023-06-05
P0516,Samuel,Bennett,Doctor 13,2023-06-05
P0537,Lisa,Campbell,Doctor 19,2023-06-05
P0771,Carol,Ramirez,Doctor 12,2023-06-05
P0783,Larry,Hernandez,Doctor 12,2023-06-05
P0885,Brandon,Harris,Doctor 4,2023-06-05
P0902,Lisa,Thompson,Doctor 13,2023-06-05
P0947,Gregory,Mitchell,Doctor 18,2023-06-05
P1312,Charles,Mitchell,Doctor 15,2023-06-05
P1389,Melissa,Gray,Doctor 4,2023-06-05
P1406,Dennis,Martinez,Doctor 12,2023-06-05
P1516,Richard,Alvarez,Doctor 13,2023-06-05
P1544,Helen,Lopez,Doctor 16,2023-06-05
P1736,Melissa,Diaz,Doctor 15,2023-06-05
P1783,Susan,Diaz,Doctor 18,2023-06-05
P1841,Scott,Martin,Doctor 19,2023-06-05
P1941,Ruth,Rodriguez,Doctor 19,2023-06-05
P1989,Elizabeth,Turner,Doctor 4,2023-06-05
P2098,Shirley,Cook,Doctor 18,2023-06-05
P2160,Jennifer,Evans,Doctor 11,2023-06-05
P2235,Richard,Rodriguez,Doctor 2,2023-06-05
P0083,Jose,Carter,Doctor 5,2023-06-06
P0130,Nicholas,Ruiz,Doctor 10,2023-06-06
P0230,Joseph,Anderson,Doctor 5,2023-06-06
P0354,Jack,Ramirez,Doctor 12,2023-06-06
P0627,Matthew,King,Doctor 17,2023-06-06
P0788,Laura,Turner,Doctor 2,2023-06-06
P0825,Samuel,Walker,Doctor 12,2023-06-06
P0890,Dennis,Sanchez,Doctor 3,2023-06-06
P0919,Laura,Howard,Doctor 12,2023-06-06
P0963,George,Castillo,Doctor 9,2023-06-06
P1060,Kimberly,Martinez,Doctor 20,2023-06-06
P1063,Lisa,Ortiz,Doctor 9,2023-06-06
P1105,Nancy,Nelson,Doctor 3,2023-06-06
P1124,Richard,Garcia,Doctor 19,2023-06-06
P1339,Sandra,Perez,Doctor 10,2023-06-06
P1436,Linda,Howard,Doctor 6,2023-06-06
P1561,Nicholas,Rodriguez,Doctor 19,2023-06-06
P1609,Jason,Campbell,Doctor 15,2023-06-06
P1817,Sandra,Parker,Doctor 4,2023-06-06
P1997,Kevin,Flores,Doctor 7,2023-06-06
P2113,Jason,Torres,Doctor 5,2023-06-06
P2172,Alexander,Garcia,Doctor 16,2023-06-06
P2247,Brian,Cook,Doctor 10,2023-06-06
P2264,Joshua,Brown,Doctor 2,2023-06-06
P0039,Edward,Miller,Doctor 12,2023-06-07
P0040,Sharon,Smith,Doctor 2,2023-06-07
P0041,Virginia,Rogers,Doctor 8,2023-06-07
P0143,Brandon,Cox,Doctor 17,2023-06-07
P0158,Timothy,Morgan,Doctor 11,2023-06-07
P0165,Frank,Gonzalez,Doctor 13,2023-06-07
P0290,Linda,Cruz,Doctor 10,2023-06-07
P0322,Cynthia,Robinson,Doctor 19,2023-06-07
P0338,Brandon,Thomas,Doctor 4,2023-06-07
P0384,Sharon,Ortiz,Doctor 16,2023-06-07
P0528,Frank,Price,Doctor 5,2023-06-07
P0581,Laura,Moore,Doctor 15,2023-06-07
P0669,Nicholas,Castillo,Doctor 16,2023-06-07
P0726,Betty,Phillips,Doctor 9,2023-06-07
P0742,Sarah,Cox,Doctor 2,2023-06-07
P0868,Thomas,Nelson,Doctor 9,2023-06-07
P0912,Carol,Alvarez,Doctor 5,2023-06-07
P0929,Brenda,Harris,Doctor 17,2023-06-07
P0941,Raymond,Torres,Doctor 18,2023-06-07
P0951,Barbara,Young,Doctor 6,2023-06-07
P0962,Laura,Garcia,Doctor 17,2023-06-07
P1010,Joseph,Alvarez,Doctor 2,2023-06-07
P1155,Kenneth,Robinson,Doctor 17,2023-06-07
P1168,Donna,Parker,Doctor 17,2023-06-07
P1190,Eric,Gonzalez,Doctor 1,2023-06-07
P1200,Nancy,Thompson,Doctor 4,2023-06-07
P1222,Laura,Thompson,Doctor 17,2023-06-07
P1261,Gregory,Hughes,Doctor 14,2023-06-07
P1321,Cynthia,Nguyen,Doctor 4,2023-06-07
P1350,Gary,Nelson,Doctor 8,2023-06-07
P1446,Jeffrey,Ortiz,Doctor 4,2023-06-07
P1464,Nancy,James,Doctor 12,2023-06-07
P1577,Samuel,Thompson,Doctor 18,2023-06-07
P1611,Donna,Turner,Doctor 16,2023-06-07
P1667,Michelle,Bailey,Doctor 1,2023-06-07
P1699,Patrick,Stewart,Doctor 6,2023-06-07
P1748,David,Nelson,Doctor 4,2023-06-07
P1885,James,Gomez,Doctor 19,2023-06-07
P1940,Dennis,Thomas,Doctor 3,2023-06-07
P2265,Donna,Morales,Doctor 14,2023-06-07
P0111,Nancy,Lopez,Doctor 17,2023-06-08
P0270,Eric,Brooks,Doctor 17,2023-06-08
P0307,Nancy,Scott,Doctor 16,2023-06-08
P0337,Larry,Phillips,Doctor 7,2023-06-08
P0363,Stephen,Ramirez,Doctor 14,2023-06-08
P0364,Rebecca,Martin,Doctor 10,2023-06-08
P0425,Edward,Gray,Doctor 14,2023-06-08
P0564,Deborah,Gonzalez,Doctor 19,2023-06-08
P0767,Joseph,Miller,Doctor 7,2023-06-08
P0897,Linda,Wood,Doctor 11,2023-06-08
P0935,Richard,Ward,Doctor 20,2023-06-08
P0942,Dorothy,Wood,Doctor 9,2023-06-08
P1143,Benjamin,Morris,Doctor 8,2023-06-08
P1227,Brandon,King,Doctor 6,2023-06-08
P1442,Scott,Chavez,Doctor 8,2023-06-08
P1522,Karen,Ward,Doctor 13,2023-06-08
P1564,Karen,Garcia,Doctor 11,2023-06-08
P1592,Michael,Murphy,Doctor 17,2023-06-08
P1652,Donna,Gomez,Doctor 17,2023-06-08
P1684,Patricia,Rodriguez,Doctor 8,2023-06-08
P1693,Ronald,Turner,Doctor 9,2023-06-08
P1739,Carol,Patel,Doctor 8,2023-06-08
P1756,Brenda,Flores,Doctor 14,2023-06-08
P1781,Jack,Lee,Doctor 18,2023-06-08
P1825,Tyler,Edwards,Doctor 18,2023-06-08
P1860,Kimberly,Torres,Doctor 16,2023-06-08
P1869,Brandon,Lopez,Doctor 17,2023-06-08
P1908,Michael,James,Doctor 17,2023-06-08
P2124,Jonathan,Torres,Doctor 14,2023-06-08
P2205,Thomas,Gonzalez,Doctor 9,2023-06-08
P2296,Sharon,Diaz,Doctor 12,2023-06-08
P2305,Jessica,Young,Doctor 17,2023-06-08
P0030,Thomas,Scott,Doctor 20,2023-06-09
P0122,Larry,Ortiz,Doctor 9,2023-06-09
P0137,Kenneth,Scott,Doctor 2,2023-06-09
P0220,Frank,Lewis,Doctor 5,2023-06-09
P0262,William,Nguyen,Doctor 10,2023-06-09
P0283,Brian,Collins,Doctor 13,2023-06-09
P0480,Melissa,Brooks,Doctor 14,2023-06-09
P0551,Laura,Adams,Doctor 19,2023-06-09
P0686,Anthony,Kim,Doctor 18,2023-06-09
P0693,Kevin,Williams,Doctor 3,2023-06-09
P0714,Stephen,Gonzalez,Doctor 8,2023-06-09
P0762,Matthew,Young,Doctor 7,2023-06-09
P0846,Amy,Martin,Doctor 19,2023-06-09
P0870,Betty,Young,Doctor 10,2023-06-09
P0888,Deborah,King,Doctor 20,2023-06-09
P0911,Aaron,Johnson,Doctor 18,2023-06-09
P1086,Larry,Brooks,Doctor 2,2023-06-09
P1131,Melissa,Campbell,Doctor 15,2023-06-09
P1136,Angela,Garcia,Doctor 16,2023-06-09
P1189,Ruth,Johnson,Doctor 3,2023-06-09
P1196,Jason,Cook,Doctor 18,2023-06-09
P1204,Thomas,Williams,Doctor 15,2023-06-09
P1255,Jose,Gray,Doctor 6,2023-06-09
P1262,Daniel,Diaz,Doctor 13,2023-06-09
P1313,Mary,Scott,Doctor 3,2023-06-09
P1366,Jonathan,King,Doctor 18,2023-06-09
P1399,Matthew,Campbell,Doctor 13,2023-06-09
P1460,Benjamin,Gonzalez,Doctor 2,2023-06-09
P1480,Rebecca,Morris,Doctor 19,2023-06-09
P1490,Charles,Carter,Doctor 7,2023-06-09
P1503,Samuel,Kelly,Doctor 12,2023-06-09
P1516,Richard,Alvarez,Doctor 20,2023-06-09
P1618,Sarah,Jones,Doctor 17,2023-06-09
P1649,Elizabeth,Green,Doctor 2,2023-06-09
P1771,Raymond,Morales,Doctor 9,2023-06-09
P1822,Mark,Ramirez,Doctor 18,2023-06-09
P1862,James,Peterson,Doctor 10,2023-06-09
P1875,Lisa,Brooks,Doctor 6,2023-06-09
P1917,Carol,Cook,Doctor 6,2023-06-09
P1943,John,Martinez,Doctor 1,2023-06-09
P1974,Brenda,Castillo,Doctor 6,2023-06-09
P2068,Anna,Robinson,Doctor 5,2023-06-09
P2116,Raymond,Wright,Doctor 4,2023-06-09
P2125,Gregory,Myers,Doctor 13,2023-06-09
P2203,Brenda,Morgan,Doctor 1,2023-06-09
P0020,Michelle,Garcia,Doctor 7,2023-06-10
P0288,Nancy,Miller,Doctor 15,2023-06-10
P0446,Emma,Adams,Doctor 16,2023-06-10
P0514,Timothy,Parker,Doctor 2,2023-06-10
P0534,Richard,Morgan,Doctor 18,2023-06-10
P0598,Carol,Garcia,Doctor 4,2023-06-10
P0736,Raymond,Walker,Doctor 14,2023-06-10
P0770,Jose,Kelly,Doctor 10,2023-06-10
P0831,David,Miller,Doctor 15,2023-06-10
P0861,Nancy,Rivera,Doctor 13,2023-06-10
P0875,Thomas,Price,Doctor 5,2023-06-10
P0900,Gary,Hernandez,Doctor 14,2023-06-10
P0979,Joshua,Allen,Doctor 13,2023-06-10
P1045,Mary,Wright,Doctor 9,2023-06-10
P1070,Michelle,Campbell,Doctor 19,2023-06-10
P1247,Steven,Myers,Doctor 14,2023-06-10
P1269,Laura,Hill,Doctor 10,2023-06-10
P1294,Joseph,Adams,Doctor 10,2023-06-10
P1324,Andrew,King,Doctor 11,2023-06-10
P1337,Jessica,Cox,Doctor 3,2023-06-10
P1394,Christopher,Evans,Doctor 4,2023-06-10
P1395,Rebecca,Carter,Doctor 9,2023-06-10
P1465,Sarah,King,Doctor 3,2023-06-10
P1572,Jacob,Brooks,Doctor 5,2023-06-10
P1584,Michelle,Bennett,Doctor 19,2023-06-10
P1680,Sharon,Hernandez,Doctor 6,2023-06-10
P1703,Sharon,Gray,Doctor 5,2023-06-10
P1755,Patricia,Watson,Doctor 4,2023-06-10
P1832,Linda,Ruiz,Doctor 20,2023-06-10
P1994,Rebecca,Chavez,Doctor 15,2023-06-10
P2000,Lisa,Cooper,Doctor 17,2023-06-10
P2033,Donna,Rivera,Doctor 17,2023-06-10
P2058,Frank,Ward,Doctor 11,2023-06-10
P2060,Jonathan,Jones,Doctor 7,2023-06-10
P2072,Brian,Cruz,Doctor 3,2023-06-10
P2140,Angela,Nguyen,Doctor 11,2023-06-10
P2278,Benjamin,Brown,Doctor 9,2023-06-10
P2279,Brenda,Adams,Doctor 5,2023-06-10
P2283,James,Torres,Doctor 6,2023-06-10
P0025,Patricia,Hill,Doctor 4,2023-06-11
P0297,Samuel,Harris,Doctor 13,2023-06-11
P0338,Brandon,Thomas,Doctor 4,2023-06-11
P0520,David,Reed,Doctor 8,2023-06-11
P0697,Sharon,Turner,Doctor 2,2023-06-11
P0700,Michelle,Kelly,Doctor 19,2023-06-11
P0898,Charles,James,Doctor 8,2023-06-11
P0913,Kenneth,Wright,Doctor 1,2023-06-11
P0961,Helen,Lee,Doctor 17,2023-06-11
P1031,Mark,Sanchez,Doctor 1,2023-06-11
P1214,Larry,Bennett,Doctor 8,2023-06-11
P1241,Dorothy,White,Doctor 1,2023-06-11
P1259,Thomas,Turner,Doctor 16,2023-06-11
P1270,Nancy,Murphy,Doctor 20,2023-06-11
P1432,James,Williams,Doctor 19,2023-06-11
P1506,Gregory,Thomas,Doctor 1,2023-06-11
P1541,Matthew,Clark,Doctor 18,2023-06-11
P1783,Susan,Diaz,Doctor 18,2023-06-11
P1786,Matthew,Morales,Doctor 2,2023-06-11
P1818,Michael,Reyes,Doctor 14,2023-06-11
P1852,Sharon,Nelson,Doctor 11,2023-06-11
P2209,Jessica,Walker,Doctor 2,2023-06-11
P2216,Sharon,Roberts,Doctor 19,2023-06-11
P2243,Susan,Moore,Doctor 13,2023-06-11
P2250,Aaron,Wilson,Doctor 16,2023-06-11
P2275,Virginia,Gonzalez,Doctor 16,2023-06-11
P0036,Angela,Cooper,Doctor 4,2023-06-12
P0065,Betty,Ramos,Doctor 14,2023-06-12
P0242,Aaron,Myers,Doctor 11,2023-06-12
P0352,Rebecca,Watson,Doctor 13,2023-06-12
P0390,Melissa,Ruiz,Doctor 11,2023-06-12
P0416,Nicholas,Davis,Doctor 8,2023-06-12
P0513,Sharon,Gutierrez,Doctor 6,2023-06-12
P0581,Laura,Moore,Doctor 12,2023-06-12
P0596,Nicholas,Ramos,Doctor 6,2023-06-12
P0647,Virginia,Cooper,Doctor 5,2023-06-12
P0713,Kenneth,Adams,Doctor 9,2023-06-12
P0738,Benjamin,Hernandez,Doctor 9,2023-06-12
P0922,Carol,Collins,Doctor 10,2023-06-12
P0928,Mary,Clark,Doctor 6,2023-06-12
P0955,Nicholas,Roberts,Doctor 8,2023-06-12
P1143,Benjamin,Morris,Doctor 8,2023-06-12
P1221,Kimberly,Gray,Doctor 17,2023-06-12
P1257,Jerry,Scott,Doctor 14,2023-06-12
P1321,Cynthia,Nguyen,Doctor 4,2023-06-12
P1395,Rebecca,Carter,Doctor 9,2023-06-12
P1541,Matthew,Clark,Doctor 18,2023-06-12
P1548,George,Reyes,Doctor 8,2023-06-12
P1725,Nancy,Taylor,Doctor 13,2023-06-12
P1740,Patrick,Hill,Doctor 15,2023-06-12
P1806,Sharon,Lewis,Doctor 3,2023-06-12
P1810,Andrew,Moore,Doctor 18,2023-06-12
P1811,Elizabeth,Morales,Doctor 17,2023-06-12
P1900,Andrew,Taylor,Doctor 6,2023-06-12
P1939,Susan,Rivera,Doctor 7,2023-06-12
P1953,Sarah,Miller,Doctor 7,2023-06-12
P1954,Amy,Moore,Doctor 16,2023-06-12
P1989,Elizabeth,Turner,Doctor 14,2023-06-12
P2121,Mary,Wilson,Doctor 15,2023-06-12
P2128,Karen,Watson,Doctor 10,2023-06-12
P2208,Kevin,Evans,Doctor 14,2023-06-12
P0042,Deborah,Green,Doctor 9,2023-06-13
P0064,Eric,Chavez,Doctor 9,2023-06-13
P0075,Gary,Reyes,Doctor 10,2023-06-13
P0169,Jose,King,Doctor 14,2023-06-13
P0183,Nancy,Edwards,Doctor 13,2023-06-13
P0228,John,Carter,Doctor 3,2023-06-13
P0337,Larry,Phillips,Doctor 7,2023-06-13
P0366,Christopher,Ortiz,Doctor 9,2023-06-13
P0412,Sandra,Wood,Doctor 1,2023-06-13
P0511,Donald,Baker,Doctor 15,2023-06-13
P0535,Carol,Green,Doctor 5,2023-06-13
P0596,Nicholas,Ramos,Doctor 6,2023-06-13
P0676,Cynthia,King,Doctor 9,2023-06-13
P0691,Matthew,Davis,Doctor 15,2023-06-13
P0751,Jennifer,Martinez,Doctor 19,2023-06-13
P0824,Anthony,Torres,Doctor 16,2023-06-13
P0863,Brenda,James,Doctor 6,2023-06-13
P0969,Donna,Brown,Doctor 14,2023-06-13
P1030,Helen,Sanders,Doctor 19,2023-06-13
P1234,Donna,Morgan,Doctor 11,2023-06-13
P1283,Samuel,Parker,Doctor 13,2023-06-13
P1288,Edward,Watson,Doctor 12,2023-06-13
P1294,Joseph,Adams,Doctor 10,2023-06-13
P1431,Brenda,Green,Doctor 13,2023-06-13
P1488,Barbara,Harris,Doctor 2,2023-06-13
P1539,Edward,Cox,Doctor 7,2023-06-13
P1672,Eric,Hill,Doctor 15,2023-06-13
P1677,Raymond,Davis,Doctor 10,2023-06-13
P1866,Frank,Morgan,Doctor 18,2023-06-13
P1879,Brandon,Hall,Doctor 10,2023-06-13
P2085,Linda,Richardson,Doctor 18,2023-06-13
P2221,Sandra,Reyes,Doctor 8,2023-06-13
P2230,Jason,Edwards,Doctor 16,2023-06-13
P2251,Scott,Rogers,Doctor 16,2023-06-13
P2290,Raymond,Bailey,Doctor 12,2023-06-13
P0139,Patricia,Reed,Doctor 16,2023-06-14
P0325,Patricia,Bennett,Doctor 4,2023-06-14
P0499,Patrick,Wright,Doctor 18,2023-06-14
P0601,Jessica,Garcia,Doctor 8,2023-06-14
P0649,Jack,Adams,Doctor 10,2023-06-14
P0771,Carol,Ramirez,Doctor 19,2023-06-14
P0878,John,Martin,Doctor 7,2023-06-14
P0885,Brandon,Harris,Doctor 4,2023-06-14
P0959,Jonathan,Kelly,Doctor 15,2023-06-14
P0962,Laura,Garcia,Doctor 17,2023-06-14
P0998,Justin,Brooks,Doctor 15,2023-06-14
P1174,Charles,Clark,Doctor 15,2023-06-14
P1222,Laura,Thompson,Doctor 17,2023-06-14
P1292,Jessica,Anderson,Doctor 17,2023-06-14
P1363,David,Morales,Doctor 18,2023-06-14
P1419,Nicholas,Harris,Doctor 20,2023-06-14
P1458,Kevin,Turner,Doctor 19,2023-06-14
P1514,David,Nguyen,Doctor 4,2023-06-14
P1683,Emma,Cooper,Doctor 7,2023-06-14
P1706,Dennis,Gomez,Doctor 3,2023-06-14
P1762,Ruth,Wilson,Doctor 1,2023-06-14
P1954,Amy,Moore,Doctor 13,2023-06-14
P1967,Stephen,Rogers,Doctor 19,2023-06-14
P2016,Edward,Bennett,Doctor 11,2023-06-14
P2234,Laura,Kelly,Doctor 13,2023-06-14
P2239,Michael,Davis,Doctor 3,2023-06-14
P2252,Jonathan,Harris,Doctor 18,2023-06-14
P0130,Nicholas,Ruiz,Doctor 10,2023-06-15
P0132,Amy,Patel,Doctor 20,2023-06-15
P0239,Aaron,Phillips,Doctor 4,2023-06-15
P0422,Jerry,Lee,Doctor 1,2023-06-15
P0534,Richard,Morgan,Doctor 18,2023-06-15
P0588,Nancy,Morris,Doctor 11,2023-06-15
P0599,Jerry,Moore,Doctor 10,2023-06-15
P0634,Jose,Morris,Doctor 5,2023-06-15
P0667,Richard,Nelson,Doctor 17,2023-06-15
P0804,Christopher,Gomez,Doctor 10,2023-06-15
P0818,Donna,Roberts,Doctor 20,2023-06-15
P0821,Laura,Wilson,Doctor 1,2023-06-15
P0904,Aaron,Patel,Doctor 11,2023-06-15
P0919,Laura,Howard,Doctor 12,2023-06-15
P0963,George,Castillo,Doctor 9,2023-06-15
P1200,Nancy,Thompson,Doctor 4,2023-06-15
P1344,Nicholas,Price,Doctor 19,2023-06-15
P1362,William,Cooper,Doctor 11,2023-06-15
P1371,Carol,Gutierrez,Doctor 8,2023-06-15
P1416,David,Roberts,Doctor 10,2023-06-15
P1473,Shirley,Nguyen,Doctor 5,2023-06-15
P1496,Raymond,Lee,Doctor 8,2023-06-15
P1574,Robert,Stewart,Doctor 2,2023-06-15
P1600,Shirley,Mendoza,Doctor 10,2023-06-15
P1626,Joshua,Ramirez,Doctor 2,2023-06-15
P1814,Frank,Scott,Doctor 13,2023-06-15
P1834,Scott,Young,Doctor 15,2023-06-15
P1948,Ryan,Jackson,Doctor 2,2023-06-15
P1990,Scott,Morris,Doctor 5,2023-06-15
P2010,Dorothy,Clark,Doctor 9,2023-06-15
P2194,Mary,Green,Doctor 3,2023-06-15
P2205,Thomas,Gonzalez,Doctor 9,2023-06-15
P2271,Helen,Thompson,Doctor 2,2023-06-15
P0042,Deborah,Green,Doctor 9,2023-06-16
P0141,Frank,Lee,Doctor 9,2023-06-16
P0153,Ryan,Peterson,Doctor 12,2023-06-16
P0164,Robert,Price,Doctor 13,2023-06-16
P0283,Brian,Collins,Doctor 13,2023-06-16
P0292,Tyler,Ramos,Doctor 18,2023-06-16
P0348,Helen,Mendoza,Doctor 20,2023-06-16
P0399,Jack,Hall,Doctor 3,2023-06-16
P0494,Andrew,Cruz,Doctor 19,2023-06-16
P0496,Nicholas,Gomez,Doctor 20,2023-06-16
P0546,Alexander,Rivera,Doctor 6,2023-06-16
P0560,Donna,Watson,Doctor 16,2023-06-16
P0716,Sarah,Howard,Doctor 20,2023-06-16
P0811,Joshua,Parker,Doctor 12,2023-06-16
P0824,Anthony,Torres,Doctor 9,2023-06-16
P0869,Helen,Perez,Doctor 1,2023-06-16
P0891,Nancy,Diaz,Doctor 18,2023-06-16
P0899,Amy,Young,Doctor 15,2023-06-16
P0903,Emma,Brown,Doctor 8,2023-06-16
P1029,Lisa,Alvarez,Doctor 9,2023-06-16
P1118,Thomas,Jackson,Doctor 9,2023-06-16
P1252,Ronald,Cooper,Doctor 2,2023-06-16
P1403,Anna,Wood,Doctor 19,2023-06-16
P1440,Ruth,Allen,Doctor 4,2023-06-16
P1479,Ryan,Garcia,Doctor 2,2023-06-16
P1494,Anthony,Cooper,Doctor 8,2023-06-16
P1537,Rebecca,Moore,Doctor 19,2023-06-16
P1675,Gary,Roberts,Doctor 18,2023-06-16
P1681,Samuel,Moore,Doctor 14,2023-06-16
P1691,Benjamin,Hall,Doctor 15,2023-06-16
P1862,James,Peterson,Doctor 10,2023-06-16
P2007,Ryan,Sanchez,Doctor 4,2023-06-16
P2127,Deborah,Morgan,Doctor 9,2023-06-16
P2127,Deborah,Morgan,Doctor 9,2023-06-16
P2144,Linda,Evans,Doctor 14,2023-06-16
P2217,Barbara,Sanchez,Doctor 20,2023-06-16
P0074,Karen,Carter,Doctor 17,2023-06-17
P0223,Jacob,Parker,Doctor 5,2023-06-17
P0237,Scott,Hill,Doctor 11,2023-06-17
P0594,Shirley,Morales,Doctor 11,2023-06-17
P0595,Justin,Gutierrez,Doctor 2,2023-06-17
P0635,Elizabeth,Lewis,Doctor 7,2023-06-17
P0637,Charles,Ward,Doctor 19,2023-06-17
P0650,Stephen,Lee,Doctor 8,2023-06-17
P0759,Carol,Rogers,Doctor 1,2023-06-17
P0814,Jerry,Kelly,Doctor 6,2023-06-17
P0838,Lisa,Morris,Doctor 15,2023-06-17
P0847,Jack,Morris,Doctor 18,2023-06-17
P0872,Robert,Scott,Doctor 1,2023-06-17
P0929,Brenda,Harris,Doctor 2,2023-06-17
P0938,Nancy,Bennett,Doctor 18,2023-06-17
P0963,George,Castillo,Doctor 9,2023-06-17
P1202,Jennifer,Carter,Doctor 7,2023-06-17
P1367,Patrick,Bailey,Doctor 17,2023-06-17
P1395,Rebecca,Carter,Doctor 7,2023-06-17
P1411,Jerry,Murphy,Doctor 8,2023-06-17
P1436,Linda,Howard,Doctor 1,2023-06-17
P1604,Nancy,Reed,Doctor 17,2023-06-17
P1667,Michelle,Bailey,Doctor 10,2023-06-17
P2066,Helen,Anderson,Doctor 9,2023-06-17
P2163,Emma,Lewis,Doctor 18,2023-06-17
P2193,Donna,Patel,Doctor 16,2023-06-17
P0093,Benjamin,Taylor,Doctor 12,2023-06-18
P0138,Thomas,Bennett,Doctor 6,2023-06-18
P0155,Christopher,Harris,Doctor 13,2023-06-18
P0209,Benjamin,Campbell,Doctor 9,2023-06-18
P0245,John,Phillips,Doctor 15,2023-06-18
P0252,Carol,Cruz,Doctor 20,2023-06-18
P0322,Cynthia,Robinson,Doctor 19,2023-06-18
P0350,Sarah,Evans,Doctor 11,2023-06-18
P0664,Kenneth,White,Doctor 11,2023-06-18
P0667,Richard,Nelson,Doctor 17,2023-06-18
P0726,Betty,Phillips,Doctor 18,2023-06-18
P0762,Matthew,Young,Doctor 7,2023-06-18
P0831,David,Miller,Doctor 15,2023-06-18
P1090,Eric,Carter,Doctor 17,2023-06-18
P1111,Melissa,Baker,Doctor 15,2023-06-18
P1140,Raymond,Gutierrez,Doctor 20,2023-06-18
P1291,Matthew,Thompson,Doctor 19,2023-06-18
P1302,Helen,Rodriguez,Doctor 13,2023-06-18
P1483,Justin,Lee,Doctor 14,2023-06-18
P1533,Jerry,Ward,Doctor 10,2023-06-18
P1563,Daniel,Kim,Doctor 19,2023-06-18
P1600,Shirley,Mendoza,Doctor 2,2023-06-18
P1614,Nicholas,Hall,Doctor 17,2023-06-18
P1767,John,Price,Doctor 10,2023-06-18
P1770,Jessica,Hernandez,Doctor 14,2023-06-18
P1796,Angela,Moore,Doctor 9,2023-06-18
P1912,Helen,Brooks,Doctor 9,2023-06-18
P1987,Barbara,Martinez,Doctor 16,2023-06-18
P2147,Angela,Morgan,Doctor 5,2023-06-18
P2158,Ronald,Smith,Doctor 1,2023-06-18
P0025,Patricia,Hill,Doctor 20,2023-06-19
P0080,Matthew,Hall,Doctor 17,2023-06-19
P0128,Eric,Nelson,Doctor 11,2023-06-19
P0210,Donna,Castillo,Doctor 8,2023-06-19
P0314,Sandra,Price,Doctor 1,2023-06-19
P0432,Michelle,Ortiz,Doctor 10,2023-06-19
P0580,Ruth,Patel,Doctor 11,2023-06-19
P0723,Jessica,Cruz,Doctor 17,2023-06-19
P0835,Matthew,Roberts,Doctor 4,2023-06-19
P0922,Carol,Collins,Doctor 7,2023-06-19
P1022,Emma,Chavez,Doctor 1,2023-06-19
P1112,Andrew,Williams,Doctor 8,2023-06-19
P1337,Jessica,Cox,Doctor 3,2023-06-19
P1368,Susan,Edwards,Doctor 10,2023-06-19
P1427,Christopher,Gonzalez,Doctor 4,2023-06-19
P1442,Scott,Chavez,Doctor 8,2023-06-19
P1454,Melissa,Miller,Doctor 14,2023-06-19
P1466,James,Collins,Doctor 11,2023-06-19
P1510,William,Wright,Doctor 12,2023-06-19
P1571,Justin,Bailey,Doctor 15,2023-06-19
P1594,Linda,Ramirez,Doctor 19,2023-06-19
P1729,Michelle,Gomez,Doctor 15,2023-06-19
P1769,Mark,Morales,Doctor 14,2023-06-19
P1810,Andrew,Moore,Doctor 18,2023-06-19
P1833,Angela,Clark,Doctor 5,2023-06-19
P1837,Kenneth,Parker,Doctor 14,2023-06-19
P1843,Deborah,Roberts,Doctor 17,2023-06-19
P1919,Jessica,Perez,Doctor 14,2023-06-19
P1964,Betty,Nelson,Doctor 11,2023-06-19
P1970,Laura,Torres,Doctor 8,2023-06-19
P2095,James,Gonzalez,Doctor 1,2023-06-19
P2220,Kevin,Morales,Doctor 8,2023-06-19
P0011,William,Morales,Doctor 15,2023-06-20
P0015,Jessica,Lopez,Doctor 8,2023-06-20
P0089,Anna,Morales,Doctor 3,2023-06-20
P0186,Gary,Taylor,Doctor 14,2023-06-20
P0325,Patricia,Bennett,Doctor 4,2023-06-20
P0331,Sarah,Rivera,Doctor 10,2023-06-20
P0431,Jessica,Johnson,Doctor 12,2023-06-20
P0477,Betty,Roberts,Doctor 3,2023-06-20
P0577,Ronald,Sanders,Doctor 12,2023-06-20
P0666,Tyler,Jones,Doctor 7,2023-06-20
P0728,Helen,Jones,Doctor 4,2023-06-20
P0759,Carol,Rogers,Doctor 3,2023-06-20
P0770,Jose,Kelly,Doctor 7,2023-06-20
P0927,Sharon,Morris,Doctor 5,2023-06-20
P1004,Nancy,Kelly,Doctor 19,2023-06-20
P1053,Ruth,Lopez,Doctor 1,2023-06-20
P1088,Ronald,Roberts,Doctor 15,2023-06-20
P1138,Ruth,Perez,Doctor 17,2023-06-20
P1443,Laura,Brooks,Doctor 19,2023-06-20
P1480,Rebecca,Morris,Doctor 3,2023-06-20
P1490,Charles,Carter,Doctor 17,2023-06-20
P1556,Larry,James,Doctor 20,2023-06-20
P1626,Joshua,Ramirez,Doctor 3,2023-06-20
P1712,Sarah,Young,Doctor 18,2023-06-20
P1722,Aaron,Mitchell,Doctor 18,2023-06-20
P1728,Cynthia,Adams,Doctor 17,2023-06-20
P1766,Cynthia,Harris,Doctor 9,2023-06-20
P1782,Sharon,Alvarez,Doctor 9,2023-06-20
P1854,Robert,Hughes,Doctor 10,2023-06-20
P1922,Jack,Wilson,Doctor 12,2023-06-20
P1958,Aaron,Clark,Doctor 5,2023-06-20
P2000,Lisa,Cooper,Doctor 17,2023-06-20
P2125,Gregory,Myers,Doctor 13,2023-06-20
P2295,Kenneth,Richardson,Doctor 19,2023-06-20
P0034,Donald,Patel,Doctor 14,2023-06-21
P0236,Sarah,Rogers,Doctor 14,2023-06-21
P0258,Scott,Smith,Doctor 20,2023-06-21
P0312,Helen,Reed,Doctor 1,2023-06-21
P0355,Virginia,Williams,Doctor 9,2023-06-21
P0359,Steven,Wright,Doctor 10,2023-06-21
P0392,Alexander,Parker,Doctor 5,2023-06-21
P0449,Joshua,Gomez,Doctor 1,2023-06-21
P0504,Joseph,Gray,Doctor 19,2023-06-21
P0525,Lisa,Stewart,Doctor 19,2023-06-21
P0619,Michelle,Davis,Doctor 6,2023-06-21
P0724,Richard,Flores,Doctor 2,2023-06-21
P0729,William,Smith,Doctor 1,2023-06-21
P0741,James,Hall,Doctor 20,2023-06-21
P0855,Sarah,Gomez,Doctor 3,2023-06-21
P0943,Jerry,Sanchez,Doctor 6,2023-06-21
P1334,Thomas,Miller,Doctor 16,2023-06-21
P1351,Joseph,Smith,Doctor 1,2023-06-21
P1372,Betty,Lee,Doctor 16,2023-06-21
P1388,Justin,Roberts,Doctor 8,2023-06-21
P1553,Brandon,Torres,Doctor 9,2023-06-21
P1654,Brandon,Allen,Doctor 5,2023-06-21
P1835,Angela,King,Doctor 4,2023-06-21
P1884,Mary,Nguyen,Doctor 6,2023-06-21
P1939,Susan,Rivera,Doctor 7,2023-06-21
P1959,Richard,Morales,Doctor 19,2023-06-21
P2005,Virginia,Lee,Doctor 18,2023-06-21
P2180,Carol,Hall,Doctor 9,2023-06-21
P2233,Emma,Ward,Doctor 1,2023-06-21
P2263,Frank,Ruiz,Doctor 16,2023-06-21
P0039,Edward,Miller,Doctor 10,2023-06-22
P0131,Karen,Hughes,Doctor 17,2023-06-22
P0165,Frank,Gonzalez,Doctor 13,2023-06-22
P0280,Shirley,Walker,Doctor 10,2023-06-22
P0357,Jeffrey,Young,Doctor 6,2023-06-22
P0449,Joshua,Gomez,Doctor 1,2023-06-22
P0480,Melissa,Brooks,Doctor 14,2023-06-22
P0493,Shirley,Watson,Doctor 14,2023-06-22
P0540,Kenneth,Collins,Doctor 8,2023-06-22
P0748,William,Adams,Doctor 5,2023-06-22
P0766,Donald,Ramos,Doctor 10,2023-06-22
P0787,Richard,Brown,Doctor 13,2023-06-22
P0818,Donna,Roberts,Doctor 20,2023-06-22
P1005,Sandra,Gutierrez,Doctor 9,2023-06-22
P1213,Sarah,Richardson,Doctor 1,2023-06-22
P1239,Deborah,Brown,Doctor 14,2023-06-22
P1317,Laura,Brown,Doctor 20,2023-06-22
P1343,Tyler,Perez,Doctor 9,2023-06-22
P1420,Karen,James,Doctor 8,2023-06-22
P1430,Ryan,Chavez,Doctor 18,2023-06-22
P1441,Jack,Young,Doctor 13,2023-06-22
P1621,Christopher,Jackson,Doctor 13,2023-06-22
P1625,Patrick,Ortiz,Doctor 17,2023-06-22
P1629,Donald,Johnson,Doctor 17,2023-06-22
P1696,Patrick,Lewis,Doctor 12,2023-06-22
P1728,Cynthia,Adams,Doctor 17,2023-06-22
P1783,Susan,Diaz,Doctor 15,2023-06-22
P1829,Gregory,James,Doctor 16,2023-06-22
P1916,Ronald,Thompson,Doctor 14,2023-06-22
P1938,Thomas,Robinson,Doctor 2,2023-06-22
P1949,Elizabeth,Sanders,Doctor 17,2023-06-22
P1970,Laura,Torres,Doctor 8,2023-06-22
P1974,Brenda,Castillo,Doctor 3,2023-06-22
P2022,Emma,Allen,Doctor 8,2023-06-22
P2122,Sarah,Gutierrez,Doctor 15,2023-06-22
P2134,Timothy,Scott,Doctor 5,2023-06-22
P2206,Patricia,Brown,Doctor 4,2023-06-22
P2249,Sandra,Bennett,Doctor 2,2023-06-22
P2252,Jonathan,Harris,Doctor 20,2023-06-22
P0144,Betty,Thomas,Doctor 15,2023-06-23
P0172,Stephen,Brown,Doctor 12,2023-06-23
P0347,Betty,Miller,Doctor 20,2023-06-23
P0465,Kathleen,Edwards,Doctor 1,2023-06-23
P0718,Ryan,Watson,Doctor 4,2023-06-23
P0839,Christopher,Johnson,Doctor 4,2023-06-23
P0942,Dorothy,Wood,Doctor 14,2023-06-23
P1027,Betty,Bailey,Doctor 5,2023-06-23
P1096,Gregory,Kim,Doctor 19,2023-06-23
P1183,Robert,Nelson,Doctor 18,2023-06-23
P1236,Sandra,Howard,Doctor 1,2023-06-23
P1284,Michelle,Hughes,Doctor 7,2023-06-23
P1319,Angela,Hughes,Doctor 2,2023-06-23
P1578,Mark,Evans,Doctor 2,2023-06-23
P1779,Jessica,Green,Doctor 6,2023-06-23
P1804,Jack,Price,Doctor 3,2023-06-23
P1926,Helen,Johnson,Doctor 16,2023-06-23
P1934,Laura,Hughes,Doctor 16,2023-06-23
P2056,Nicholas,Watson,Doctor 2,2023-06-23
P2105,Aaron,Perez,Doctor 15,2023-06-23
P2190,Laura,Morgan,Doctor 1,2023-06-23
P0279,Gregory,Miller,Doctor 6,2023-06-24
P0378,Melissa,Thomas,Doctor 8,2023-06-24
P0532,Kimberly,Kim,Doctor 16,2023-06-24
P0538,Rebecca,Gutierrez,Doctor 14,2023-06-24
P0566,Barbara,Moore,Doctor 11,2023-06-24
P0594,Shirley,Morales,Doctor 11,2023-06-24
P0754,Brenda,Brown,Doctor 2,2023-06-24
P0985,Ruth,Collins,Doctor 16,2023-06-24
P1108,Brenda,Torres,Doctor 6,2023-06-24
P1166,Gregory,Carter,Doctor 16,2023-06-24
P1267,Helen,Morales,Doctor 1,2023-06-24
P1285,Shirley,Roberts,Doctor 20,2023-06-24
P1293,Patricia,Davis,Doctor 20,2023-06-24
P1386,Sandra,Green,Doctor 6,2023-06-24
P1436,Linda,Howard,Doctor 1,2023-06-24
P1486,Susan,King,Doctor 3,2023-06-24
P1546,Kathleen,Mitchell,Doctor 20,2023-06-24
P1621,Christopher,Jackson,Doctor 13,2023-06-24
P1695,Betty,Diaz,Doctor 19,2023-06-24
P1869,Brandon,Lopez,Doctor 17,2023-06-24
P1949,Elizabeth,Sanders,Doctor 17,2023-06-24
P1967,Stephen,Rogers,Doctor 10,2023-06-24
P2192,Helen,Jackson,Doctor 20,2023-06-24
P0071,Helen,Phillips,Doctor 3,2023-06-25
P0110,Nancy,Williams,Doctor 10,2023-06-25
P0206,Aaron,Allen,Doctor 3,2023-06-25
P0222,Ryan,Taylor,Doctor 11,2023-06-25
P0257,Nicholas,Reed,Doctor 18,2023-06-25
P0274,Jacob,Sanchez,Doctor 5,2023-06-25
P0423,Steven,Lopez,Doctor 4,2023-06-25
P0455,Jonathan,Howard,Doctor 17,2023-06-25
P0492,Alexander,Davis,Doctor 4,2023-06-25
P0501,Samuel,Chavez,Doctor 18,2023-06-25
P0532,Kimberly,Kim,Doctor 16,2023-06-25
P0577,Ronald,Sanders,Doctor 12,2023-06-25
P0584,Tyler,Alvarez,Doctor 8,2023-06-25
P0686,Anthony,Kim,Doctor 4,2023-06-25
P0828,Gary,Gutierrez,Doctor 12,2023-06-25
P0841,Ronald,Gutierrez,Doctor 9,2023-06-25
P1056,David,Hernandez,Doctor 1,2023-06-25
P1237,Sandra,Nguyen,Doctor 16,2023-06-25
P1292,Jessica,Anderson,Doctor 17,2023-06-25
P1338,Edward,Turner,Doctor 10,2023-06-25
P1353,Jeffrey,Martinez,Doctor 4,2023-06-25
P1598,Mark,Cook,Doctor 11,2023-06-25
P1608,Karen,Campbell,Doctor 17,2023-06-25
P1700,Donald,Morris,Doctor 13,2023-06-25
P1868,Jeffrey,Miller,Doctor 12,2023-06-25
P2087,Mary,Chavez,Doctor 18,2023-06-25
P2155,Alexander,Thompson,Doctor 17,2023-06-25
P2212,Carol,Jones,Doctor 13,2023-06-25
P2223,Andrew,Green,Doctor 12,2023-06-25
P0093,Benjamin,Taylor,Doctor 20,2023-06-26
P0130,Nicholas,Ruiz,Doctor 19,2023-06-26
P0152,Michelle,Adams,Doctor 1,2023-06-26
P0193,Alexander,Gonzalez,Doctor 10,2023-06-26
P0246,Carol,Robinson,Doctor 9,2023-06-26
P0390,Melissa,Ruiz,Doctor 11,2023-06-26
P0397,Scott,Sanchez,Doctor 1,2023-06-26
P0409,Jennifer,Mitchell,Doctor 5,2023-06-26
P0417,Justin,Garcia,Doctor 15,2023-06-26
P0430,Jerry,Ramos,Doctor 10,2023-06-26
P0436,Emma,Alvarez,Doctor 13,2023-06-26
P0446,Emma,Adams,Doctor 16,2023-06-26
P0493,Shirley,Watson,Doctor 14,2023-06-26
P0514,Timothy,Parker,Doctor 2,2023-06-26
P0541,Kimberly,Adams,Doctor 20,2023-06-26
P0553,Ruth,Anderson,Doctor 12,2023-06-26
P0623,Nicholas,Anderson,Doctor 4,2023-06-26
P0648,Daniel,Howard,Doctor 7,2023-06-26
P0699,Jacob,Ruiz,Doctor 5,2023-06-26
P0916,Robert,Evans,Doctor 14,2023-06-26
P1016,Carol,Johnson,Doctor 2,2023-06-26
P1078,Kevin,Johnson,Doctor 6,2023-06-26
P1174,Charles,Clark,Doctor 5,2023-06-26
P1273,Larry,Kelly,Doctor 7,2023-06-26
P1661,Sharon,Cox,Doctor 7,2023-06-26
P1681,Samuel,Moore,Doctor 14,2023-06-26
P1745,Anthony,Ruiz,Doctor 16,2023-06-26
P1872,Kathleen,Parker,Doctor 13,2023-06-26
P1969,Jacob,Gutierrez,Doctor 13,2023-06-26
P1971,George,Martin,Doctor 12,2023-06-26
P2011,Gary,Stewart,Doctor 4,2023-06-26
P2293,Melissa,Lewis,Doctor 17,2023-06-26
P0002,Emma,Peterson,Doctor 11,2023-06-27
P0045,Kimberly,Jackson,Doctor 8,2023-06-27
P0067,Joshua,Phillips,Doctor 1,2023-06-27
P0142,Elizabeth,Evans,Doctor 13,2023-06-27
P0202,Brandon,Mendoza,Doctor 16,2023-06-27
P0474,Sarah,James,Doctor 8,2023-06-27
P0568,Virginia,Davis,Doctor 13,2023-06-27
P0648,Daniel,Howard,Doctor 7,2023-06-27
P0678,James,Garcia,Doctor 7,2023-06-27
P0710,Ronald,Evans,Doctor 14,2023-06-27
P0894,Kimberly,Nelson,Doctor 18,2023-06-27
P1063,Lisa,Ortiz,Doctor 9,2023-06-27
P1094,Laura,Lopez,Doctor 15,2023-06-27
P1189,Ruth,Johnson,Doctor 3,2023-06-27
P1257,Jerry,Scott,Doctor 9,2023-06-27
P1349,Kevin,Cooper,Doctor 19,2023-06-27
P1354,Helen,Roberts,Doctor 1,2023-06-27
P1593,Deborah,Smith,Doctor 11,2023-06-27
P1613,Patrick,Thompson,Doctor 1,2023-06-27
P1640,Sharon,Thomas,Doctor 19,2023-06-27
P1654,Brandon,Allen,Doctor 9,2023-06-27
P1664,Sandra,Taylor,Doctor 14,2023-06-27
P1764,Andrew,Lewis,Doctor 11,2023-06-27
P1827,Dorothy,Patel,Doctor 20,2023-06-27
P1974,Brenda,Castillo,Doctor 3,2023-06-27
P2021,Gregory,Jackson,Doctor 15,2023-06-27
P2117,Mary,Kelly,Doctor 13,2023-06-27
P0079,Elizabeth,Murphy,Doctor 20,2023-06-28
P0121,Dennis,Cooper,Doctor 10,2023-06-28
P0305,Brenda,Gonzalez,Doctor 10,2023-06-28
P0361,Donald,Smith,Doctor 2,2023-06-28
P0378,Melissa,Thomas,Doctor 8,2023-06-28
P0386,Barbara,Thompson,Doctor 12,2023-06-28
P0411,Rebecca,Kim,Doctor 4,2023-06-28
P0589,Steven,Wood,Doctor 4,2023-06-28
P0651,Justin,Williams,Doctor 16,2023-06-28
P0743,Kimberly,James,Doctor 8,2023-06-28
P0788,Laura,Turner,Doctor 2,2023-06-28
P0872,Robert,Scott,Doctor 1,2023-06-28
P0969,Donna,Brown,Doctor 14,2023-06-28
P0986,Emma,Nguyen,Doctor 3,2023-06-28
P1341,Ruth,Moore,Doctor 18,2023-06-28
P1449,Angela,Patel,Doctor 5,2023-06-28
P1455,Nancy,Bailey,Doctor 15,2023-06-28
P1458,Kevin,Turner,Doctor 13,2023-06-28
P1530,Karen,Myers,Doctor 19,2023-06-28
P1701,Mary,Sanchez,Doctor 6,2023-06-28
P1814,Frank,Scott,Doctor 5,2023-06-28
P1826,Emma,Murphy,Doctor 17,2023-06-28
P1918,Barbara,Nelson,Doctor 10,2023-06-28
P2083,Ryan,Ramirez,Doctor 20,2023-06-28
P2129,Betty,Torres,Doctor 1,2023-06-28
P2149,Laura,James,Doctor 13,2023-06-28
P2151,Dorothy,Davis,Doctor 17,2023-06-28
P2243,Susan,Moore,Doctor 17,2023-06-28
P2244,Larry,Watson,Doctor 11,2023-06-28
P2258,Anna,Garcia,Doctor 9,2023-06-28
P0122,Larry,Ortiz,Doctor 11,2023-06-29
P0156,Michelle,Cooper,Doctor 16,2023-06-29
P0164,Robert,Price,Doctor 13,2023-06-29
P0176,Thomas,Perez,Doctor 16,2023-06-29
P0257,Nicholas,Reed,Doctor 14,2023-06-29
P0270,Eric,Brooks,Doctor 17,2023-06-29
P0289,Gary,Anderson,Doctor 14,2023-06-29
P0455,Jonathan,Howard,Doctor 17,2023-06-29
P0475,Joseph,Campbell,Doctor 17,2023-06-29
P0502,Deborah,Martinez,Doctor 14,2023-06-29
P0581,Laura,Moore,Doctor 12,2023-06-29
P0592,Brian,Jackson,Doctor 12,2023-06-29
P0676,Cynthia,King,Doctor 3,2023-06-29
P0680,Barbara,Adams,Doctor 7,2023-06-29
P0721,Laura,Bailey,Doctor 8,2023-06-29
P0738,Benjamin,Hernandez,Doctor 19,2023-06-29
P0801,George,Ramos,Doctor 15,2023-06-29
P0818,Donna,Roberts,Doctor 20,2023-06-29
P0871,Jose,Flores,Doctor 1,2023-06-29
P0942,Dorothy,Wood,Doctor 14,2023-06-29
P1049,Jennifer,Thomas,Doctor 14,2023-06-29
P1088,Ronald,Roberts,Doctor 15,2023-06-29
P1120,Sarah,Hill,Doctor 1,2023-06-29
P1171,Carol,Young,Doctor 11,2023-06-29
P1186,Donald,Gonzalez,Doctor 1,2023-06-29
P1299,Dennis,Parker,Doctor 8,2023-06-29
P1352,David,Wood,Doctor 20,2023-06-29
P1406,Dennis,Martinez,Doctor 12,2023-06-29
P1440,Ruth,Allen,Doctor 4,2023-06-29
P1448,Jeffrey,Jackson,Doctor 19,2023-06-29
P1511,William,Peterson,Doctor 5,2023-06-29
P1530,Karen,Myers,Doctor 19,2023-06-29
P1544,Helen,Lopez,Doctor 16,2023-06-29
P1747,David,Jones,Doctor 2,2023-06-29
P1749,Sandra,Murphy,Doctor 2,2023-06-29
P1813,Sandra,Ramos,Doctor 6,2023-06-29
P1874,Shirley,Bailey,Doctor 13,2023-06-29
P1920,Gary,Parker,Doctor 5,2023-06-29
P1983,Samuel,Nelson,Doctor 13,2023-06-29
P2004,Deborah,Gutierrez,Doctor 2,2023-06-29
P2238,Brian,Alvarez,Doctor 1,2023-06-29
P2285,Barbara,Flores,Doctor 1,2023-06-29
P0110,Nancy,Williams,Doctor 10,2023-06-30
P0136,Karen,Perez,Doctor 13,2023-06-30
P0141,Frank,Lee,Doctor 6,2023-06-30
P0151,Kathleen,Castillo,Doctor 1,2023-06-30
P0171,Edward,Jackson,Doctor 8,2023-06-30
P0235,Patrick,Sanchez,Doctor 10,2023-06-30
P0249,Raymond,Hughes,Doctor 2,2023-06-30
P0287,Eric,Peterson,Doctor 15,2023-06-30
P0381,Kathleen,Sanchez,Doctor 11,2023-06-30
P0389,Sandra,Bailey,Doctor 10,2023-06-30
P0462,Jennifer,Cox,Doctor 1,2023-06-30
P0510,Laura,Martin,Doctor 8,2023-06-30
P0557,Joshua,Jones,Doctor 13,2023-06-30
P0593,Carol,Walker,Doctor 1,2023-06-30
P0721,Laura,Bailey,Doctor 17,2023-06-30
P0734,Mary,Nelson,Doctor 7,2023-06-30
P0800,Jose,Scott,Doctor 3,2023-06-30
P0815,Barbara,Murphy,Doctor 16,2023-06-30
P0936,Robert,Hernandez,Doctor 20,2023-06-30
P0940,Ronald,Chavez,Doctor 15,2023-06-30
P1000,Joshua,Carter,Doctor 10,2023-06-30
P1009,Jennifer,Gonzalez,Doctor 12,2023-06-30
P1020,Jason,Perez,Doctor 5,2023-06-30
P1082,Jose,Brown,Doctor 8,2023-06-30
P1093,Virginia,Ortiz,Doctor 20,2023-06-30
P1274,Helen,Cruz,Doctor 7,2023-06-30
P1507,Frank,Parker,Doctor 13,2023-06-30
P1574,Robert,Stewart,Doctor 2,2023-06-30
P1576,Rebecca,Mitchell,Doctor 1,2023-06-30
P1611,Donna,Turner,Doctor 18,2023-06-30
P1774,Stephen,White,Doctor 17,2023-06-30
P1802,Joseph,Cooper,Doctor 19,2023-06-30
P1822,Mark,Ramirez,Doctor 14,2023-06-30
P1846,Kenneth,Anderson,Doctor 8,2023-06-30
P1878,George,Nelson,Doctor 16,2023-06-30
P2018,Patrick,Myers,Doctor 19,2023-06-30
P2054,Kenneth,Peterson,Doctor 3,2023-06-30
P2078,Donna,Gonzalez,Doctor 14,2023-06-30
P2121,Mary,Wilson,Doctor 15,2023-06-30
P2198,John,Hernandez,Doctor 6,2023-06-30
P2201,Joseph,Martin,Doctor 8,2023-06-30
P2237,Cynthia,Wright,Doctor 14,2023-06-30
P2256,Emma,Watson,Doctor 17,2023-06-30
P0017,Ruth,Sanchez,Doctor 17,2023-07-01
P0109,Brandon,Cruz,Doctor 12,2023-07-01
P0166,Michael,Moore,Doctor 9,2023-07-01
P0175,Kenneth,Castillo,Doctor 20,2023-07-01
P0219,Shirley,Scott,Doctor 14,2023-07-01
P0308,Cynthia,Kelly,Doctor 16,2023-07-01
P0323,Sandra,Evans,Doctor 1,2023-07-01
P0393,Sandra,Robinson,Doctor 19,2023-07-01
P0428,Sandra,White,Doctor 9,2023-07-01
P0477,Betty,Roberts,Doctor 12,2023-07-01
P0527,Jessica,Rogers,Doctor 6,2023-07-01
P0567,Ryan,Morgan,Doctor 13,2023-07-01
P0617,Patrick,Rogers,Doctor 9,2023-07-01
P0722,Mark,Miller,Doctor 20,2023-07-01
P0736,Raymond,Walker,Doctor 14,2023-07-01
P0741,James,Hall,Doctor 15,2023-07-01
P0807,Jessica,Taylor,Doctor 6,2023-07-01
P0816,Cynthia,Martin,Doctor 3,2023-07-01
P0884,Virginia,Turner,Doctor 2,2023-07-01
P0906,Nancy,Brooks,Doctor 2,2023-07-01
P0995,Matthew,Carter,Doctor 8,2023-07-01
P1132,Cynthia,Young,Doctor 3,2023-07-01
P1277,Mary,Young,Doctor 18,2023-07-01
P1292,Jessica,Anderson,Doctor 17,2023-07-01
P1340,George,Myers,Doctor 11,2023-07-01
P1346,Donald,Richardson,Doctor 10,2023-07-01
P1563,Daniel,Kim,Doctor 19,2023-07-01
P1608,Karen,Campbell,Doctor 11,2023-07-01
P1713,Michael,Kim,Doctor 3,2023-07-01
P1718,Jose,Hall,Doctor 13,2023-07-01
P1733,Ryan,Castillo,Doctor 1,2023-07-01
P1746,Justin,Morgan,Doctor 12,2023-07-01
P1765,Cynthia,Gray,Doctor 13,2023-07-01
P1846,Kenneth,Anderson,Doctor 8,2023-07-01
P1901,Raymond,Nelson,Doctor 17,2023-07-01
P1934,Laura,Hughes,Doctor 16,2023-07-01
P2223,Andrew,Green,Doctor 12,2023-07-01
P0019,Jose,Mitchell,Doctor 14,2023-07-02
P0141,Frank,Lee,Doctor 6,2023-07-02
P0162,Deborah,Lewis,Doctor 20,2023-07-02
P0175,Kenneth,Castillo,Doctor 20,2023-07-02
P0287,Eric,Peterson,Doctor 15,2023-07-02
P0346,Brandon,Hughes,Doctor 15,2023-07-02
P0372,Jeffrey,Wood,Doctor 9,2023-07-02
P0378,Melissa,Thomas,Doctor 15,2023-07-02
P0410,Donald,Ramirez,Doctor 1,2023-07-02
P0486,Linda,Mendoza,Doctor 3,2023-07-02
P0490,Gary,Ramirez,Doctor 13,2023-07-02
P0491,Sandra,Cruz,Doctor 1,2023-07-02
P0509,David,Myers,Doctor 15,2023-07-02
P0621,Raymond,Morris,Doctor 11,2023-07-02
P0671,Karen,Cook,Doctor 12,2023-07-02
P0730,Deborah,Wood,Doctor 12,2023-07-02
P0753,Nicholas,Clark,Doctor 14,2023-07-02
P0768,Kevin,Reed,Doctor 12,2023-07-02
P0867,Edward,Hill,Doctor 9,2023-07-02
P1093,Virginia,Ortiz,Doctor 8,2023-07-02
P1127,Lisa,Jackson,Doctor 11,2023-07-02
P1151,Ronald,Clark,Doctor 20,2023-07-02
P1547,Helen,Cooper,Doctor 15,2023-07-02
P1672,Eric,Hill,Doctor 3,2023-07-02
P1747,David,Jones,Doctor 2,2023-07-02
P1764,Andrew,Lewis,Doctor 11,2023-07-02
P1864,Betty,Collins,Doctor 5,2023-07-02
P1984,Melissa,Cruz,Doctor 19,2023-07-02
P2032,Helen,Rivera,Doctor 6,2023-07-02
P2045,Sharon,Campbell,Doctor 17,2023-07-02
P2122,Sarah,Gutierrez,Doctor 11,2023-07-02
P2203,Brenda,Morgan,Doctor 1,2023-07-02
P0072,Sandra,James,Doctor 5,2023-07-03
P0155,Christopher,Harris,Doctor 1,2023-07-03
P0206,Aaron,Allen,Doctor 3,2023-07-03
P0207,Daniel,Baker,Doctor 2,2023-07-03
P0297,Samuel,Harris,Doctor 13,2023-07-03
P0413,Anna,Chavez,Doctor 18,2023-07-03
P0434,Anthony,Flores,Doctor 9,2023-07-03
P0572,Kimberly,Chavez,Doctor 20,2023-07-03
P0646,Christopher,Green,Doctor 20,2023-07-03
P0668,Karen,Gomez,Doctor 18,2023-07-03
P0701,Kimberly,Campbell,Doctor 3,2023-07-03
P0831,David,Miller,Doctor 15,2023-07-03
P0870,Betty,Young,Doctor 10,2023-07-03
P1065,Ruth,Myers,Doctor 3,2023-07-03
P1115,Justin,Collins,Doctor 12,2023-07-03
P1155,Kenneth,Robinson,Doctor 17,2023-07-03
P1164,Steven,Gutierrez,Doctor 18,2023-07-03
P1182,Aaron,Martin,Doctor 15,2023-07-03
P1188,Melissa,Torres,Doctor 17,2023-07-03
P1211,Elizabeth,Johnson,Doctor 17,2023-07-03
P1217,Jack,Howard,Doctor 8,2023-07-03
P1229,Robert,Chavez,Doctor 2,2023-07-03
P1241,Dorothy,White,Doctor 1,2023-07-03
P1252,Ronald,Cooper,Doctor 17,2023-07-03
P1393,Eric,Smith,Doctor 13,2023-07-03
P1437,Carol,Evans,Doctor 15,2023-07-03
P1563,Daniel,Kim,Doctor 19,2023-07-03
P1644,Timothy,Lopez,Doctor 9,2023-07-03
P1671,Rebecca,Hughes,Doctor 10,2023-07-03
P1671,Rebecca,Hughes,Doctor 6,2023-07-03
P1732,Cynthia,Walker,Doctor 12,2023-07-03
P1734,Lisa,Patel,Doctor 2,2023-07-03
P1978,Jacob,Alvarez,Doctor 9,2023-07-03
P1984,Melissa,Cruz,Doctor 18,2023-07-03
P2007,Ryan,Sanchez,Doctor 20,2023-07-03
P2031,Anna,Kelly,Doctor 14,2023-07-03
P2071,Sarah,Price,Doctor 15,2023-07-03
P2078,Donna,Gonzalez,Doctor 2,2023-07-03
P2187,Emma,Anderson,Doctor 4,2023-07-03
P2190,Laura,Morgan,Doctor 1,2023-07-03
P2212,Carol,Jones,Doctor 14,2023-07-03
P0044,Scott,Rodriguez,Doctor 13,2023-07-04
P0078,Kenneth,Turner,Doctor 3,2023-07-04
P0160,Angela,Lopez,Doctor 5,2023-07-04
P0175,Kenneth,Castillo,Doctor 20,2023-07-04
P0270,Eric,Brooks,Doctor 5,2023-07-04
P0275,Cynthia,Jones,Doctor 16,2023-07-04
P0287,Eric,Peterson,Doctor 15,2023-07-04
P0331,Sarah,Rivera,Doctor 10,2023-07-04
P0486,Linda,Mendoza,Doctor 3,2023-07-04
P0570,Amy,Davis,Doctor 2,2023-07-04
P0572,Kimberly,Chavez,Doctor 20,2023-07-04
P0591,Jason,Thomas,Doctor 18,2023-07-04
P0622,Linda,Bailey,Doctor 2,2023-07-04
P0642,Stephen,Rivera,Doctor 6,2023-07-04
P0688,Brenda,Lee,Doctor 15,2023-07-04
P0715,Lisa,Cruz,Doctor 8,2023-07-04
P0830,Daniel,Hughes,Doctor 10,2023-07-04
P0951,Barbara,Young,Doctor 4,2023-07-04
P0952,Donna,Anderson,Doctor 1,2023-07-04
P1103,Jeffrey,Moore,Doctor 1,2023-07-04
P1105,Nancy,Nelson,Doctor 3,2023-07-04
P1255,Jose,Gray,Doctor 16,2023-07-04
P1334,Thomas,Miller,Doctor 16,2023-07-04
P1368,Susan,Edwards,Doctor 14,2023-07-04
P1397,Kevin,Rivera,Doctor 19,2023-07-04
P1742,Shirley,Myers,Doctor 7,2023-07-04
P1747,David,Jones,Doctor 12,2023-07-04
P1844,John,Thomas,Doctor 3,2023-07-04
P1860,Kimberly,Torres,Doctor 8,2023-07-04
P1876,Melissa,Reyes,Doctor 1,2023-07-04
P2016,Edward,Bennett,Doctor 11,2023-07-04
P2111,James,Ortiz,Doctor 2,2023-07-04
P2147,Angela,Morgan,Doctor 16,2023-07-04
P2193,Donna,Patel,Doctor 16,2023-07-04
P2225,Lisa,Rodriguez,Doctor 2,2023-07-04
P2302,Brenda,Myers,Doctor 17,2023-07-04
P0054,Steven,Green,Doctor 20,2023-07-05
P0057,Deborah,Thompson,Doctor 16,2023-07-05
P0095,Lisa,Kelly,Doctor 8,2023-07-05
P0229,Justin,King,Doctor 5,2023-07-05
P0289,Gary,Anderson,Doctor 14,2023-07-05
P0418,Jose,Rodriguez,Doctor 7,2023-07-05
P0615,Jack,Kim,Doctor 19,2023-07-05
P0681,Donna,Cooper,Doctor 9,2023-07-05
P0821,Laura,Wilson,Doctor 18,2023-07-05
P0855,Sarah,Gomez,Doctor 6,2023-07-05
P0882,Daniel,Watson,Doctor 4,2023-07-05
P1070,Michelle,Campbell,Doctor 19,2023-07-05
P1074,Sharon,Allen,Doctor 16,2023-07-05
P1152,Sandra,Lopez,Doctor 15,2023-07-05
P1161,Sarah,Mitchell,Doctor 14,2023-07-05
P1484,Ruth,Baker,Doctor 17,2023-07-05
P1597,Joshua,Ward,Doctor 12,2023-07-05
P1695,Betty,Diaz,Doctor 13,2023-07-05
P1714,Ruth,Ortiz,Doctor 11,2023-07-05
P1723,Nicholas,Howard,Doctor 18,2023-07-05
P1750,Jason,White,Doctor 14,2023-07-05
P1780,John,Rivera,Doctor 14,2023-07-05
P1827,Dorothy,Patel,Doctor 20,2023-07-05
P1947,Michelle,Brooks,Doctor 10,2023-07-05
P1960,Ruth,Taylor,Doctor 8,2023-07-05
P1962,James,Gray,Doctor 10,2023-07-05
P2020,Benjamin,King,Doctor 10,2023-07-05
P0003,Brandon,Peterson,Doctor 5,2023-07-06
P0077,Angela,Reyes,Doctor 17,2023-07-06
P0087,Benjamin,Wright,Doctor 8,2023-07-06
P0096,Jack,Richardson,Doctor 2,2023-07-06
P0146,Sharon,Baker,Doctor 10,2023-07-06
P0152,Michelle,Adams,Doctor 12,2023-07-06
P0234,Alexander,Scott,Doctor 6,2023-07-06
P0271,Ruth,Morales,Doctor 2,2023-07-06
P0276,Scott,Davis,Doctor 11,2023-07-06
P0302,Edward,Flores,Doctor 9,2023-07-06
P0476,Timothy,Flores,Doctor 20,2023-07-06
P0773,Carol,Castillo,Doctor 14,2023-07-06
P0893,Anna,Gomez,Doctor 9,2023-07-06
P0974,Ruth,Smith,Doctor 16,2023-07-06
P1018,Jacob,Wood,Doctor 10,2023-07-06
P1230,Susan,Ward,Doctor 15,2023-07-06
P1328,Frank,Diaz,Doctor 5,2023-07-06
P1383,Carol,Reyes,Doctor 16,2023-07-06
P1408,Scott,Castillo,Doctor 18,2023-07-06
P1493,Karen,Wood,Doctor 5,2023-07-06
P1524,Mark,Green,Doctor 4,2023-07-06
P1528,Linda,Gomez,Doctor 20,2023-07-06
P1592,Michael,Murphy,Doctor 17,2023-07-06
P1662,Steven,Rivera,Doctor 7,2023-07-06
P1717,Steven,Turner,Doctor 7,2023-07-06
P1799,James,Brooks,Doctor 14,2023-07-06
P1803,Angela,Kim,Doctor 19,2023-07-06
P1995,Susan,Sanchez,Doctor 10,2023-07-06
P2069,Melissa,Morris,Doctor 2,2023-07-06
P2199,Patrick,Perez,Doctor 11,2023-07-06
P2229,Laura,Roberts,Doctor 8,2023-07-06
P2253,George,Kelly,Doctor 15,2023-07-06
P2291,Kimberly,Baker,Doctor 2,2023-07-06
P0130,Nicholas,Ruiz,Doctor 19,2023-07-07
P0321,Brian,Wood,Doctor 11,2023-07-07
P0369,Raymond,Perez,Doctor 2,2023-07-07
P0382,Samuel,Rivera,Doctor 19,2023-07-07
P0450,Brian,Peterson,Doctor 8,2023-07-07
P0503,Carol,James,Doctor 5,2023-07-07
P0600,Carol,Thomas,Doctor 16,2023-07-07
P0668,Karen,Gomez,Doctor 18,2023-07-07
P0923,Kathleen,Hernandez,Doctor 7,2023-07-07
P0992,Mark,Reed,Doctor 5,2023-07-07
P1003,Eric,Kim,Doctor 17,2023-07-07
P1049,Jennifer,Thomas,Doctor 19,2023-07-07
P1175,Jennifer,Hill,Doctor 8,2023-07-07
P1307,Ronald,Castillo,Doctor 16,2023-07-07
P1376,William,Ruiz,Doctor 13,2023-07-07
P1400,Patricia,Morris,Doctor 13,2023-07-07
P1471,Jeffrey,Green,Doctor 6,2023-07-07
P1536,Ronald,Allen,Doctor 14,2023-07-07
P1551,Richard,Perez,Doctor 5,2023-07-07
P1685,Gary,King,Doctor 3,2023-07-07
P1769,Mark,Morales,Doctor 14,2023-07-07
P1843,Deborah,Roberts,Doctor 17,2023-07-07
P1877,Nancy,Garcia,Doctor 14,2023-07-07
P2002,Deborah,Martin,Doctor 15,2023-07-07
P2121,Mary,Wilson,Doctor 15,2023-07-07
P2279,Brenda,Adams,Doctor 5,2023-07-07
P0071,Helen,Phillips,Doctor 3,2023-07-08
P0083,Jose,Carter,Doctor 5,2023-07-08
P0096,Jack,Richardson,Doctor 2,2023-07-08
P0113,Donald,James,Doctor 6,2023-07-08
P0115,Raymond,Collins,Doctor 9,2023-07-08
P0129,Richard,Kim,Doctor 17,2023-07-08
P0228,John,Carter,Doctor 3,2023-07-08
P0253,Deborah,Rodriguez,Doctor 13,2023-07-08
P0273,Christopher,Howard,Doctor 8,2023-07-08
P0397,Scott,Sanchez,Doctor 1,2023-07-08
P0408,Karen,Gray,Doctor 6,2023-07-08
P0468,Ronald,Torres,Doctor 2,2023-07-08
P0546,Alexander,Rivera,Doctor 6,2023-07-08
P0549,Sarah,Garcia,Doctor 9,2023-07-08
P0623,Nicholas,Anderson,Doctor 7,2023-07-08
P0627,Matthew,King,Doctor 18,2023-07-08
P0684,Carol,Scott,Doctor 9,2023-07-08
P0850,Frank,Carter,Doctor 2,2023-07-08
P1152,Sandra,Lopez,Doctor 15,2023-07-08
P1193,Justin,Ortiz,Doctor 12,2023-07-08
P1268,Benjamin,Kelly,Doctor 3,2023-07-08
P1279,Michelle,Sanders,Doctor 9,2023-07-08
P1386,Sandra,Green,Doctor 6,2023-07-08
P1397,Kevin,Rivera,Doctor 12,2023-07-08
P1491,Kathleen,Cruz,Doctor 2,2023-07-08
P1505,Patricia,Roberts,Doctor 19,2023-07-08
P1545,Stephen,Wilson,Doctor 15,2023-07-08
P1610,Matthew,Taylor,Doctor 13,2023-07-08
P1772,Deborah,Ramirez,Doctor 7,2023-07-08
P1796,Angela,Moore,Doctor 5,2023-07-08
P1815,Kimberly,White,Doctor 15,2023-07-08
P1902,Anthony,Richardson,Doctor 15,2023-07-08
P1948,Ryan,Jackson,Doctor 2,2023-07-08
P2076,Jerry,Ruiz,Doctor 7,2023-07-08
P2109,Kimberly,Allen,Doctor 12,2023-07-08
P2208,Kevin,Evans,Doctor 6,2023-07-08
P2261,Alexander,Cook,Doctor 2,2023-07-08
P2267,Matthew,Torres,Doctor 15,2023-07-08
P0010,Carol,Kelly,Doctor 1,2023-07-09
P0034,Donald,Patel,Doctor 14,2023-07-09
P0094,Jerry,Rogers,Doctor 2,2023-07-09
P0096,Jack,Richardson,Doctor 6,2023-07-09
P0134,William,Lewis,Doctor 19,2023-07-09
P0211,Nicholas,Mitchell,Doctor 6,2023-07-09
P0216,Jennifer,Mendoza,Doctor 20,2023-07-09
P0226,Angela,Kelly,Doctor 4,2023-07-09
P0446,Emma,Adams,Doctor 16,2023-07-09
P0526,Brenda,Morris,Doctor 3,2023-07-09
P0528,Frank,Price,Doctor 5,2023-07-09
P0693,Kevin,Williams,Doctor 3,2023-07-09
P0717,Brenda,Martin,Doctor 17,2023-07-09
P0801,George,Ramos,Doctor 10,2023-07-09
P0851,Nicholas,James,Doctor 3,2023-07-09
P0864,Rebecca,Rodriguez,Doctor 2,2023-07-09
P0965,Brenda,King,Doctor 2,2023-07-09
P0978,Jessica,Mitchell,Doctor 17,2023-07-09
P1010,Joseph,Alvarez,Doctor 2,2023-07-09
P1049,Jennifer,Thomas,Doctor 19,2023-07-09
P1105,Nancy,Nelson,Doctor 17,2023-07-09
P1185,Lisa,Johnson,Doctor 1,2023-07-09
P1212,Michelle,Clark,Doctor 16,2023-07-09
P1357,Matthew,Wright,Doctor 1,2023-07-09
P1421,Sandra,Richardson,Doctor 10,2023-07-09
P1461,Jonathan,Clark,Doctor 6,2023-07-09
P1639,Dorothy,Evans,Doctor 2,2023-07-09
P1704,Timothy,Ruiz,Doctor 8,2023-07-09
P1762,Ruth,Wilson,Doctor 1,2023-07-09
P2047,Kimberly,Wilson,Doctor 3,2023-07-09
P2049,Christopher,Walker,Doctor 18,2023-07-09
P2066,Helen,Anderson,Doctor 16,2023-07-09
P2114,Patrick,Jackson,Doctor 1,2023-07-09
P2196,Richard,Clark,Doctor 6,2023-07-09
P2276,George,Morris,Doctor 8,2023-07-09
P0026,Betty,Richardson,Doctor 7,2023-07-10
P0114,Joseph,Carter,Doctor 16,2023-07-10
P0180,Linda,Cox,Doctor 2,2023-07-10
P0194,Aaron,Collins,Doctor 6,2023-07-10
P0356,Ruth,Rivera,Doctor 16,2023-07-10
P0561,Karen,Kim,Doctor 18,2023-07-10
P0665,Betty,Jackson,Doctor 6,2023-07-10
P0677,Sharon,Kelly,Doctor 14,2023-07-10
P0686,Anthony,Kim,Doctor 17,2023-07-10
P0695,Lisa,Ruiz,Doctor 6,2023-07-10
P0792,Mary,Murphy,Doctor 9,2023-07-10
P0947,Gregory,Mitchell,Doctor 6,2023-07-10
P0984,Edward,Myers,Doctor 7,2023-07-10
P1060,Kimberly,Martinez,Doctor 20,2023-07-10
P1089,Anthony,Green,Doctor 16,2023-07-10
P1136,Angela,Garcia,Doctor 16,2023-07-10
P1168,Donna,Parker,Doctor 7,2023-07-10
P1248,Lisa,White,Doctor 7,2023-07-10
P1287,James,Lewis,Doctor 4,2023-07-10
P1323,Deborah,Taylor,Doctor 2,2023-07-10
P1460,Benjamin,Gonzalez,Doctor 2,2023-07-10
P1531,Kathleen,Thompson,Doctor 16,2023-07-10
P1543,Laura,Diaz,Doctor 14,2023-07-10
P1624,Jack,Myers,Doctor 1,2023-07-10
P1711,William,Sanchez,Doctor 7,2023-07-10
P1716,Sarah,Lee,Doctor 12,2023-07-10
P1719,Scott,Watson,Doctor 4,2023-07-10
P1735,David,Cook,Doctor 3,2023-07-10
P1951,Susan,Wilson,Doctor 14,2023-07-10
P2062,Steven,Adams,Doctor 20,2023-07-10
P2088,Anthony,Carter,Doctor 14,2023-07-10
P2209,Jessica,Walker,Doctor 7,2023-07-10
P2240,Jacob,Reed,Doctor 10,2023-07-10
P0054,Steven,Green,Doctor 20,2023-07-11
P0112,Linda,Gonzalez,Doctor 7,2023-07-11
P0240,Sandra,Mitchell,Doctor 12,2023-07-11
P0240,Sandra,Mitchell,Doctor 3,2023-07-11
P0331,Sarah,Rivera,Doctor 8,2023-07-11
P0472,Jerry,Sanders,Doctor 2,2023-07-11
P0496,Nicholas,Gomez,Doctor 11,2023-07-11
P0563,Kimberly,Rodriguez,Doctor 8,2023-07-11
P0595,Justin,Gutierrez,Doctor 2,2023-07-11
P0664,Kenneth,White,Doctor 11,2023-07-11
P0752,Brandon,Sanders,Doctor 11,2023-07-11
P0884,Virginia,Turner,Doctor 2,2023-07-11
P0902,Lisa,Thompson,Doctor 13,2023-07-11
P0945,Shirley,Gomez,Doctor 5,2023-07-11
P1041,Linda,Martinez,Doctor 18,2023-07-11
P1109,Matthew,Harris,Doctor 4,2023-07-11
P1110,Benjamin,Williams,Doctor 8,2023-07-11
P1114,Dennis,Evans,Doctor 11,2023-07-11
P1207,Nancy,Ortiz,Doctor 3,2023-07-11
P1209,Deborah,Garcia,Doctor 14,2023-07-11
P1287,James,Lewis,Doctor 4,2023-07-11
P1290,Aaron,Alvarez,Doctor 15,2023-07-11
P1331,Susan,Reed,Doctor 2,2023-07-11
P1371,Carol,Gutierrez,Doctor 16,2023-07-11
P1449,Angela,Patel,Doctor 5,2023-07-11
P1737,Michael,Cooper,Doctor 16,2023-07-11
P1987,Barbara,Martinez,Doctor 16,2023-07-11
P2217,Barbara,Sanchez,Doctor 20,2023-07-11
P2235,Richard,Rodriguez,Doctor 2,2023-07-11
P2272,Jonathan,Evans,Doctor 17,2023-07-11
P0056,Aaron,Kim,Doctor 2,2023-07-12
P0082,Nancy,Ramirez,Doctor 12,2023-07-12
P0193,Alexander,Gonzalez,Doctor 10,2023-07-12
P0395,Sandra,Sanchez,Doctor 6,2023-07-12
P0436,Emma,Alvarez,Doctor 13,2023-07-12
P0672,Sharon,Williams,Doctor 3,2023-07-12
P0771,Carol,Ramirez,Doctor 19,2023-07-12
P0983,Mark,Sanders,Doctor 2,2023-07-12
P1033,Edward,Wright,Doctor 12,2023-07-12
P1042,Kathleen,Evans,Doctor 7,2023-07-12
P1056,David,Hernandez,Doctor 18,2023-07-12
P1289,Joseph,Sanchez,Doctor 14,2023-07-12
P1374,Joshua,Morris,Doctor 2,2023-07-12
P1405,Scott,Lewis,Doctor 20,2023-07-12
P1548,George,Reyes,Doctor 8,2023-07-12
P1960,Ruth,Taylor,Doctor 8,2023-07-12
P1977,Deborah,Flores,Doctor 16,2023-07-12
P2091,Donald,Miller,Doctor 4,2023-07-12
P2113,Jason,Torres,Doctor 8,2023-07-12
P2117,Mary,Kelly,Doctor 13,2023-07-12
P2139,Jason,Ortiz,Doctor 15,2023-07-12
P2228,Ryan,Ward,Doctor 7,2023-07-12
P2282,Virginia,James,Doctor 13,2023-07-12
P2296,Sharon,Diaz,Doctor 12,2023-07-12
P0207,Daniel,Baker,Doctor 1,2023-07-13
P0288,Nancy,Miller,Doctor 15,2023-07-13
P0387,Samuel,Ward,Doctor 5,2023-07-13
P0552,Matthew,Lopez,Doctor 5,2023-07-13
P0559,Mark,Chavez,Doctor 14,2023-07-13
P0629,Ruth,Reed,Doctor 20,2023-07-13
P1050,Steven,White,Doctor 5,2023-07-13
P1151,Ronald,Clark,Doctor 17,2023-07-13
P1239,Deborah,Brown,Doctor 14,2023-07-13
P1450,Mary,Allen,Doctor 5,2023-07-13
P1717,Steven,Turner,Doctor 7,2023-07-13
P1783,Susan,Diaz,Doctor 20,2023-07-13
P1826,Emma,Murphy,Doctor 17,2023-07-13
P1943,John,Martinez,Doctor 15,2023-07-13
P1999,Robert,Watson,Doctor 1,2023-07-13
P2214,Patrick,Chavez,Doctor 15,2023-07-13
P2269,Kenneth,Jackson,Doctor 1,2023-07-13
P2285,Barbara,Flores,Doctor 1,2023-07-13
P0022,Emma,Hernandez,Doctor 18,2023-07-14
P0144,Betty,Thomas,Doctor 15,2023-07-14
P0178,Donna,White,Doctor 14,2023-07-14
P0236,Sarah,Rogers,Doctor 14,2023-07-14
P0286,Sharon,Ward,Doctor 5,2023-07-14
P0307,Nancy,Scott,Doctor 10,2023-07-14
P0398,Frank,Hall,Doctor 14,2023-07-14
P0622,Linda,Bailey,Doctor 2,2023-07-14
P0777,Kimberly,Nguyen,Doctor 5,2023-07-14
P0840,Anna,Allen,Doctor 20,2023-07-14
P0958,Kimberly,Anderson,Doctor 16,2023-07-14
P0994,Andrew,Bennett,Doctor 7,2023-07-14
P1003,Eric,Kim,Doctor 17,2023-07-14
P1117,Steven,Gray,Doctor 17,2023-07-14
P1253,Deborah,Bennett,Doctor 2,2023-07-14
P1289,Joseph,Sanchez,Doctor 14,2023-07-14
P1293,Patricia,Davis,Doctor 4,2023-07-14
P1471,Jeffrey,Green,Doctor 6,2023-07-14
P1477,John,Wilson,Doctor 4,2023-07-14
P1480,Rebecca,Morris,Doctor 5,2023-07-14
P1518,Cynthia,Peterson,Doctor 20,2023-07-14
P1526,Laura,Lee,Doctor 15,2023-07-14
P1594,Linda,Ramirez,Doctor 19,2023-07-14
P1737,Michael,Cooper,Doctor 5,2023-07-14
P1771,Raymond,Morales,Doctor 7,2023-07-14
P1845,George,Cook,Doctor 12,2023-07-14
P1896,Karen,Jones,Doctor 14,2023-07-14
P1927,Nicholas,Collins,Doctor 4,2023-07-14
P2070,Andrew,Rivera,Doctor 5,2023-07-14
P2071,Sarah,Price,Doctor 15,2023-07-14
P2099,Susan,Myers,Doctor 17,2023-07-14
P0022,Emma,Hernandez,Doctor 10,2023-07-15
P0048,Samuel,Young,Doctor 8,2023-07-15
P0081,Charles,Martin,Doctor 3,2023-07-15
P0186,Gary,Taylor,Doctor 14,2023-07-15
P0315,Charles,Chavez,Doctor 5,2023-07-15
P0351,Steven,Evans,Doctor 14,2023-07-15
P0384,Sharon,Ortiz,Doctor 16,2023-07-15
P0480,Melissa,Brooks,Doctor 14,2023-07-15
P0600,Carol,Thomas,Doctor 17,2023-07-15
P0633,Sandra,Rogers,Doctor 17,2023-07-15
P0665,Betty,Jackson,Doctor 6,2023-07-15
P0768,Kevin,Reed,Doctor 8,2023-07-15
P0801,George,Ramos,Doctor 10,2023-07-15
P0983,Mark,Sanders,Doctor 20,2023-07-15
P0985,Ruth,Collins,Doctor 16,2023-07-15
P1157,Ronald,Reed,Doctor 1,2023-07-15
P1180,Donna,Reed,Doctor 1,2023-07-15
P1309,Barbara,Walker,Doctor 17,2023-07-15
P1323,Deborah,Taylor,Doctor 9,2023-07-15
P1603,Jeffrey,Ruiz,Doctor 2,2023-07-15
P1823,Jessica,Martin,Doctor 10,2023-07-15
P1831,Donald,Ward,Doctor 13,2023-07-15
P1933,Jose,Jones,Doctor 20,2023-07-15
P1935,Carol,Miller,Doctor 16,2023-07-15
P2123,Betty,Ruiz,Doctor 3,2023-07-15
P2206,Patricia,Brown,Doctor 4,2023-07-15
P2219,Karen,White,Doctor 12,2023-07-15
P0014,Samuel,Anderson,Doctor 3,2023-07-16
P0043,Sarah,Harris,Doctor 3,2023-07-16
P0064,Eric,Chavez,Doctor 9,2023-07-16
P0177,Mary,White,Doctor 7,2023-07-16
P0362,Lisa,James,Doctor 8,2023-07-16
P0420,Angela,Evans,Doctor 2,2023-07-16
P0439,Joseph,Castillo,Doctor 14,2023-07-16
P0519,Robert,Cooper,Doctor 13,2023-07-16
P0682,Rebecca,Robinson,Doctor 5,2023-07-16
P0779,Jeffrey,Price,Doctor 1,2023-07-16
P0831,David,Miller,Doctor 15,2023-07-16
P1043,Frank,Taylor,Doctor 19,2023-07-16
P1108,Brenda,Torres,Doctor 6,2023-07-16
P1154,Stephen,Kelly,Doctor 3,2023-07-16
P1216,Nancy,Reyes,Doctor 7,2023-07-16
P1298,Linda,Bennett,Doctor 16,2023-07-16
P1345,Linda,Brown,Doctor 19,2023-07-16
P1353,Jeffrey,Martinez,Doctor 4,2023-07-16
P1553,Brandon,Torres,Doctor 7,2023-07-16
P1583,Shirley,Gonzalez,Doctor 20,2023-07-16
P1678,Sandra,Brown,Doctor 5,2023-07-16
P1687,Nancy,Young,Doctor 1,2023-07-16
P1706,Dennis,Gomez,Doctor 3,2023-07-16
P1784,Joseph,Peterson,Doctor 2,2023-07-16
P1788,Sarah,Diaz,Doctor 15,2023-07-16
P1821,Eric,White,Doctor 5,2023-07-16
P1917,Carol,Cook,Doctor 6,2023-07-16
P1953,Sarah,Miller,Doctor 7,2023-07-16
P1973,Elizabeth,Gomez,Doctor 15,2023-07-16
P1987,Barbara,Martinez,Doctor 6,2023-07-16
P2009,Karen,Smith,Doctor 20,2023-07-16
P2288,Alexander,Brooks,Doctor 10,2023-07-16
P0036,Angela,Cooper,Doctor 12,2023-07-17
P0096,Jack,Richardson,Doctor 5,2023-07-17
P0493,Shirley,Watson,Doctor 14,2023-07-17
P0543,Amy,Brooks,Doctor 20,2023-07-17
P0567,Ryan,Morgan,Doctor 13,2023-07-17
P0637,Charles,Ward,Doctor 19,2023-07-17
P0936,Robert,Hernandez,Doctor 1,2023-07-17
P1005,Sandra,Gutierrez,Doctor 9,2023-07-17
P1068,Andrew,Bailey,Doctor 15,2023-07-17
P1236,Sandra,Howard,Doctor 1,2023-07-17
P1305,Betty,Sanders,Doctor 4,2023-07-17
P1416,David,Roberts,Doctor 17,2023-07-17
P1428,Samuel,Price,Doctor 3,2023-07-17
P1536,Ronald,Allen,Doctor 14,2023-07-17
P1707,Joseph,Edwards,Doctor 20,2023-07-17
P1783,Susan,Diaz,Doctor 20,2023-07-17
P1798,Sandra,Kelly,Doctor 20,2023-07-17
P1908,Michael,James,Doctor 12,2023-07-17
P1967,Stephen,Rogers,Doctor 9,2023-07-17
P1972,John,Reed,Doctor 14,2023-07-17
P2005,Virginia,Lee,Doctor 18,2023-07-17
P2005,Virginia,Lee,Doctor 18,2023-07-17
P2065,Robert,White,Doctor 1,2023-07-17
P2078,Donna,Gonzalez,Doctor 18,2023-07-17
P2089,Charles,Reed,Doctor 16,2023-07-17
P2148,Gregory,Watson,Doctor 9,2023-07-17
P0186,Gary,Taylor,Doctor 9,2023-07-18
P0226,Angela,Kelly,Doctor 4,2023-07-18
P0280,Shirley,Walker,Doctor 19,2023-07-18
P0307,Nancy,Scott,Doctor 10,2023-07-18
P0506,George,Richardson,Doctor 13,2023-07-18
P0636,Ryan,Phillips,Doctor 6,2023-07-18
P0673,Laura,Edwards,Doctor 8,2023-07-18
P1198,Patricia,Hall,Doctor 1,2023-07-18
P1286,Susan,Taylor,Doctor 19,2023-07-18
P1317,Laura,Brown,Doctor 7,2023-07-18
P1353,Jeffrey,Martinez,Doctor 4,2023-07-18
P1525,Donna,Brooks,Doctor 18,2023-07-18
P1653,Jonathan,Lewis,Doctor 19,2023-07-18
P1756,Brenda,Flores,Doctor 5,2023-07-18
P1756,Brenda,Flores,Doctor 5,2023-07-18
P1982,Kathleen,Patel,Doctor 17,2023-07-18
P2033,Donna,Rivera,Doctor 17,2023-07-18
P2043,David,Kim,Doctor 10,2023-07-18
P2059,Michael,Ortiz,Doctor 12,2023-07-18
P2075,Betty,Chavez,Doctor 12,2023-07-18
P2091,Donald,Miller,Doctor 18,2023-07-18
P2291,Kimberly,Baker,Doctor 2,2023-07-18
P0164,Robert,Price,Doctor 3,2023-07-19
P0178,Donna,White,Doctor 14,2023-07-19
P0537,Lisa,Campbell,Doctor 19,2023-07-19
P0571,Jessica,Ortiz,Doctor 20,2023-07-19
P0575,Laura,Clark,Doctor 5,2023-07-19
P0650,Stephen,Lee,Doctor 8,2023-07-19
P0874,Aaron,Hall,Doctor 19,2023-07-19
P0880,Carol,Flores,Doctor 7,2023-07-19
P0888,Deborah,King,Doctor 16,2023-07-19
P1096,Gregory,Kim,Doctor 19,2023-07-19
P1202,Jennifer,Carter,Doctor 7,2023-07-19
P1407,Sharon,Rodriguez,Doctor 9,2023-07-19
P1410,Amy,Brown,Doctor 8,2023-07-19
P1415,Jerry,Williams,Doctor 1,2023-07-19
P1486,Susan,King,Doctor 3,2023-07-19
P1626,Joshua,Ramirez,Doctor 3,2023-07-19
P1665,Laura,Carter,Doctor 7,2023-07-19
P1673,Matthew,Peterson,Doctor 2,2023-07-19
P1728,Cynthia,Adams,Doctor 17,2023-07-19
P1830,Jack,Rivera,Doctor 3,2023-07-19
P1872,Kathleen,Parker,Doctor 13,2023-07-19
P1894,Kimberly,Alvarez,Doctor 2,2023-07-19
P1946,Sandra,Ortiz,Doctor 11,2023-07-19
P1952,William,Flores,Doctor 19,2023-07-19
P1955,Donald,Garcia,Doctor 12,2023-07-19
P2070,Andrew,Rivera,Doctor 5,2023-07-19
P2146,Tyler,Parker,Doctor 4,2023-07-19
P2266,Kathleen,Ward,Doctor 16,2023-07-19
P0066,Andrew,Hill,Doctor 14,2023-07-20
P0085,Jack,Anderson,Doctor 10,2023-07-20
P0181,Raymond,Wood,Doctor 17,2023-07-20
P0410,Donald,Ramirez,Doctor 1,2023-07-20
P0458,Edward,Kim,Doctor 9,2023-07-20
P0483,Helen,Smith,Doctor 13,2023-07-20
P0519,Robert,Cooper,Doctor 13,2023-07-20
P0614,Carol,Thompson,Doctor 11,2023-07-20
P0920,George,Morales,Doctor 15,2023-07-20
P1059,Anthony,Martinez,Doctor 14,2023-07-20
P1078,Kevin,Johnson,Doctor 6,2023-07-20
P1156,Sandra,Mendoza,Doctor 18,2023-07-20
P1414,Nicholas,Brooks,Doctor 4,2023-07-20
P1416,David,Roberts,Doctor 7,2023-07-20
P1499,Justin,Thomas,Doctor 10,2023-07-20
P1568,Raymond,Thomas,Doctor 9,2023-07-20
P1585,Elizabeth,Davis,Doctor 3,2023-07-20
P1721,Gary,Baker,Doctor 5,2023-07-20
P1871,Dorothy,Thomas,Doctor 19,2023-07-20
P1879,Brandon,Hall,Doctor 17,2023-07-20
P1969,Jacob,Gutierrez,Doctor 9,2023-07-20
P1981,Edward,Collins,Doctor 6,2023-07-20
P1989,Elizabeth,Turner,Doctor 14,2023-07-20
P2209,Jessica,Walker,Doctor 5,2023-07-20
P2244,Larry,Watson,Doctor 11,2023-07-20
P2300,John,Campbell,Doctor 18,2023-07-20
P0015,Jessica,Lopez,Doctor 8,2023-07-21
P0027,Jacob,Hernandez,Doctor 10,2023-07-21
P0059,Mary,Gray,Doctor 14,2023-07-21
P0248,Tyler,Brown,Doctor 3,2023-07-21
P0304,John,Jones,Doctor 2,2023-07-21
P0317,Scott,Kelly,Doctor 8,2023-07-21
P0419,Samuel,Phillips,Doctor 11,2023-07-21
P0440,Mary,Hill,Doctor 8,2023-07-21
P0573,Barbara,Cooper,Doctor 3,2023-07-21
P0719,Jason,Walker,Doctor 2,2023-07-21
P0729,William,Smith,Doctor 16,2023-07-21
P0733,John,Reyes,Doctor 20,2023-07-21
P0735,Brian,Cooper,Doctor 9,2023-07-21
P0787,Richard,Brown,Doctor 10,2023-07-21
P0791,Carol,Cox,Doctor 3,2023-07-21
P0913,Kenneth,Wright,Doctor 8,2023-07-21
P0952,Donna,Anderson,Doctor 5,2023-07-21
P1023,Benjamin,Cook,Doctor 17,2023-07-21
P1314,Rebecca,Mendoza,Doctor 5,2023-07-21
P1321,Cynthia,Nguyen,Doctor 10,2023-07-21
P1673,Matthew,Peterson,Doctor 4,2023-07-21
P1850,Carol,Phillips,Doctor 11,2023-07-21
P2170,Donna,Campbell,Doctor 19,2023-07-21
P2252,Jonathan,Harris,Doctor 8,2023-07-21
P2294,Donald,Diaz,Doctor 5,2023-07-21
P0021,Sharon,Torres,Doctor 6,2023-07-22
P0199,Kevin,Thomas,Doctor 11,2023-07-22
P0371,Carol,Anderson,Doctor 9,2023-07-22
P0374,Angela,Gray,Doctor 17,2023-07-22
P0474,Sarah,James,Doctor 8,2023-07-22
P0475,Joseph,Campbell,Doctor 17,2023-07-22
P0482,Anthony,Lewis,Doctor 9,2023-07-22
P0654,John,Morales,Doctor 4,2023-07-22
P0798,Steven,Bennett,Doctor 9,2023-07-22
P0987,Donna,Murphy,Doctor 10,2023-07-22
P1075,Ruth,Martinez,Doctor 5,2023-07-22
P1188,Melissa,Torres,Doctor 17,2023-07-22
P1188,Melissa,Torres,Doctor 17,2023-07-22
P1204,Thomas,Williams,Doctor 15,2023-07-22
P1222,Laura,Thompson,Doctor 17,2023-07-22
P1235,Steven,Morgan,Doctor 18,2023-07-22
P1291,Matthew,Thompson,Doctor 19,2023-07-22
P1330,Alexander,Young,Doctor 3,2023-07-22
P1343,Tyler,Perez,Doctor 9,2023-07-22
P1469,Virginia,Parker,Doctor 20,2023-07-22
P1497,Thomas,Morris,Doctor 10,2023-07-22
P1578,Mark,Evans,Doctor 12,2023-07-22
P1729,Michelle,Gomez,Doctor 15,2023-07-22
P1773,Carol,Martinez,Doctor 15,2023-07-22
P1986,Dorothy,Torres,Doctor 8,2023-07-22
P2019,Donald,Moore,Doctor 12,2023-07-22
P2116,Raymond,Wright,Doctor 4,2023-07-22
P2182,Sandra,King,Doctor 3,2023-07-22
P2226,Linda,Miller,Doctor 5,2023-07-22
P2265,Donna,Morales,Doctor 13,2023-07-22
P0186,Gary,Taylor,Doctor 6,2023-07-23
P0211,Nicholas,Mitchell,Doctor 6,2023-07-23
P0285,Lisa,Gray,Doctor 18,2023-07-23
P0301,Linda,Hall,Doctor 11,2023-07-23
P0444,Donna,Allen,Doctor 17,2023-07-23
P0489,Jennifer,Gutierrez,Doctor 12,2023-07-23
P0525,Lisa,Stewart,Doctor 19,2023-07-23
P0613,Jeffrey,Cook,Doctor 20,2023-07-23
P0675,Deborah,Gray,Doctor 8,2023-07-23
P0770,Jose,Kelly,Doctor 7,2023-07-23
P0824,Anthony,Torres,Doctor 8,2023-07-23
P0907,Michelle,Phillips,Doctor 20,2023-07-23
P0910,John,Gray,Doctor 6,2023-07-23
P1010,Joseph,Alvarez,Doctor 2,2023-07-23
P1018,Jacob,Wood,Doctor 10,2023-07-23
P1180,Donna,Reed,Doctor 1,2023-07-23
P1289,Joseph,Sanchez,Doctor 14,2023-07-23
P1298,Linda,Bennett,Doctor 2,2023-07-23
P1311,Mark,King,Doctor 8,2023-07-23
P1324,Andrew,King,Doctor 11,2023-07-23
P1490,Charles,Carter,Doctor 17,2023-07-23
P1526,Laura,Lee,Doctor 1,2023-07-23
P1610,Matthew,Taylor,Doctor 13,2023-07-23
P1734,Lisa,Patel,Doctor 2,2023-07-23
P1745,Anthony,Ruiz,Doctor 9,2023-07-23
P1747,David,Jones,Doctor 12,2023-07-23
P1781,Jack,Lee,Doctor 11,2023-07-23
P1799,James,Brooks,Doctor 14,2023-07-23
P1812,James,Diaz,Doctor 15,2023-07-23
P2016,Edward,Bennett,Doctor 11,2023-07-23
P2021,Gregory,Jackson,Doctor 15,2023-07-23
P2142,Patricia,Castillo,Doctor 19,2023-07-23
P2153,Andrew,Sanchez,Doctor 13,2023-07-23
P2268,Joseph,Turner,Doctor 10,2023-07-23
P0022,Emma,Hernandez,Doctor 12,2023-07-24
P0212,Christopher,Lee,Doctor 17,2023-07-24
P0222,Ryan,Taylor,Doctor 11,2023-07-24
P0254,Frank,Castillo,Doctor 19,2023-07-24
P0301,Linda,Hall,Doctor 13,2023-07-24
P0438,Brandon,Miller,Doctor 4,2023-07-24
P0529,Brian,Ramirez,Doctor 7,2023-07-24
P0613,Jeffrey,Cook,Doctor 20,2023-07-24
P0829,Charles,Adams,Doctor 4,2023-07-24
P0846,Amy,Martin,Doctor 15,2023-07-24
P0921,Sharon,Edwards,Doctor 15,2023-07-24
P0968,Daniel,Phillips,Doctor 15,2023-07-24
P0976,Deborah,Davis,Doctor 16,2023-07-24
P1009,Jennifer,Gonzalez,Doctor 17,2023-07-24
P1072,Jacob,Clark,Doctor 4,2023-07-24
P1177,John,Patel,Doctor 19,2023-07-24
P1266,Michael,Ruiz,Doctor 7,2023-07-24
P1268,Benjamin,Kelly,Doctor 3,2023-07-24
P1314,Rebecca,Mendoza,Doctor 5,2023-07-24
P1374,Joshua,Morris,Doctor 13,2023-07-24
P1378,Karen,Richardson,Doctor 14,2023-07-24
P1392,Barbara,Carter,Doctor 6,2023-07-24
P1527,Donald,Peterson,Doctor 16,2023-07-24
P1567,Steven,Cook,Doctor 18,2023-07-24
P1736,Melissa,Diaz,Doctor 15,2023-07-24
P1767,John,Price,Doctor 10,2023-07-24
P1774,Stephen,White,Doctor 8,2023-07-24
P1855,Jessica,Nguyen,Doctor 19,2023-07-24
P1931,Jeffrey,Collins,Doctor 19,2023-07-24
P2140,Angela,Nguyen,Doctor 11,2023-07-24
P2200,James,Baker,Doctor 15,2023-07-24
P2283,James,Torres,Doctor 6,2023-07-24
P0023,Joseph,Rodriguez,Doctor 17,2023-07-25
P0087,Benjamin,Wright,Doctor 8,2023-07-25
P0106,Donna,Miller,Doctor 9,2023-07-25
P0111,Nancy,Lopez,Doctor 17,2023-07-25
P0164,Robert,Price,Doctor 9,2023-07-25
P0256,Karen,Hernandez,Doctor 20,2023-07-25
P0405,Kathleen,White,Doctor 2,2023-07-25
P0423,Steven,Lopez,Doctor 4,2023-07-25
P0562,Donna,Green,Doctor 3,2023-07-25
P0613,Jeffrey,Cook,Doctor 20,2023-07-25
P0669,Nicholas,Castillo,Doctor 16,2023-07-25
P0843,Dennis,Thompson,Doctor 4,2023-07-25
P0867,Edward,Hill,Doctor 15,2023-07-25
P0874,Aaron,Hall,Doctor 5,2023-07-25
P0876,Gary,Cook,Doctor 5,2023-07-25
P0934,Thomas,Lopez,Doctor 3,2023-07-25
P1038,Cynthia,Nelson,Doctor 1,2023-07-25
P1067,Ruth,Rogers,Doctor 18,2023-07-25
P1141,Shirley,Ortiz,Doctor 3,2023-07-25
P1279,Michelle,Sanders,Doctor 17,2023-07-25
P1296,Linda,Nguyen,Doctor 7,2023-07-25
P1426,William,Martin,Doctor 1,2023-07-25
P1541,Matthew,Clark,Doctor 5,2023-07-25
P1805,Dorothy,Young,Doctor 7,2023-07-25
P1967,Stephen,Rogers,Doctor 9,2023-07-25
P2260,Deborah,Price,Doctor 14,2023-07-25
P0231,Carol,Campbell,Doctor 12,2023-07-26
P0245,John,Phillips,Doctor 2,2023-07-26
P0499,Patrick,Wright,Doctor 3,2023-07-26
P0761,Daniel,Miller,Doctor 17,2023-07-26
P0941,Raymond,Torres,Doctor 20,2023-07-26
P1001,Andrew,Murphy,Doctor 3,2023-07-26
P1172,Ruth,Ramirez,Doctor 13,2023-07-26
P1232,Steven,Kelly,Doctor 8,2023-07-26
P1314,Rebecca,Mendoza,Doctor 5,2023-07-26
P1330,Alexander,Young,Doctor 4,2023-07-26
P1374,Joshua,Morris,Doctor 11,2023-07-26
P1466,James,Collins,Doctor 9,2023-07-26
P1686,Benjamin,Chavez,Doctor 1,2023-07-26
P1708,Thomas,Patel,Doctor 15,2023-07-26
P1722,Aaron,Mitchell,Doctor 15,2023-07-26
P1898,Carol,Myers,Doctor 8,2023-07-26
P1993,Jessica,Stewart,Doctor 8,2023-07-26
P2094,Charles,Lopez,Doctor 6,2023-07-26
P2175,Nancy,Richardson,Doctor 9,2023-07-26
P2303,Patricia,James,Doctor 14,2023-07-26
P0061,James,Parker,Doctor 5,2023-07-27
P0095,Lisa,Kelly,Doctor 8,2023-07-27
P0147,Brandon,Gomez,Doctor 6,2023-07-27
P0233,Karen,Robinson,Doctor 7,2023-07-27
P0267,Karen,Roberts,Doctor 16,2023-07-27
P0318,Barbara,Ward,Doctor 11,2023-07-27
P0364,Rebecca,Martin,Doctor 9,2023-07-27
P0417,Justin,Garcia,Doctor 15,2023-07-27
P0805,Helen,Murphy,Doctor 9,2023-07-27
P0809,Raymond,Parker,Doctor 15,2023-07-27
P0981,Kenneth,Gray,Doctor 15,2023-07-27
P1030,Helen,Sanders,Doctor 19,2023-07-27
P1047,Robert,Taylor,Doctor 6,2023-07-27
P1077,Patrick,Young,Doctor 15,2023-07-27
P1101,Deborah,Hernandez,Doctor 3,2023-07-27
P1148,Ryan,Turner,Doctor 3,2023-07-27
P1168,Donna,Parker,Doctor 7,2023-07-27
P1215,Betty,Hernandez,Doctor 6,2023-07-27
P1221,Kimberly,Gray,Doctor 10,2023-07-27
P1238,Brandon,Lee,Doctor 2,2023-07-27
P1318,Michelle,Nelson,Doctor 1,2023-07-27
P1367,Patrick,Bailey,Doctor 11,2023-07-27
P1680,Sharon,Hernandez,Doctor 10,2023-07-27
P1851,David,Brooks,Doctor 9,2023-07-27
P1927,Nicholas,Collins,Doctor 8,2023-07-27
P2074,Sarah,Campbell,Doctor 8,2023-07-27
P2233,Emma,Ward,Doctor 4,2023-07-27
P2234,Laura,Kelly,Doctor 20,2023-07-27
P2280,Sharon,Martinez,Doctor 17,2023-07-27
P0136,Karen,Perez,Doctor 7,2023-07-28
P0253,Deborah,Rodriguez,Doctor 13,2023-07-28
P0262,William,Nguyen,Doctor 7,2023-07-28
P0303,Emma,Green,Doctor 12,2023-07-28
P0303,Emma,Green,Doctor 3,2023-07-28
P0324,Sharon,Howard,Doctor 16,2023-07-28
P0347,Betty,Miller,Doctor 20,2023-07-28
P0373,Lisa,Cook,Doctor 11,2023-07-28
P0412,Sandra,Wood,Doctor 1,2023-07-28
P0521,Michelle,Thomas,Doctor 1,2023-07-28
P0550,Larry,Lewis,Doctor 18,2023-07-28
P0550,Larry,Lewis,Doctor 18,2023-07-28
P0649,Jack,Adams,Doctor 10,2023-07-28
P0654,John,Morales,Doctor 4,2023-07-28
P0686,Anthony,Kim,Doctor 14,2023-07-28
P0769,Virginia,Reyes,Doctor 12,2023-07-28
P0839,Christopher,Johnson,Doctor 9,2023-07-28
P0881,Anthony,Thomas,Doctor 12,2023-07-28
P0898,Charles,James,Doctor 19,2023-07-28
P0982,Jennifer,King,Doctor 17,2023-07-28
P1016,Carol,Johnson,Doctor 2,2023-07-28
P1179,Emma,Howard,Doctor 6,2023-07-28
P1325,William,Cruz,Doctor 2,2023-07-28
P1438,Joseph,Brooks,Doctor 5,2023-07-28
P1460,Benjamin,Gonzalez,Doctor 7,2023-07-28
P1483,Justin,Lee,Doctor 12,2023-07-28
P1585,Elizabeth,Davis,Doctor 3,2023-07-28
P1588,George,Brooks,Doctor 7,2023-07-28
P1643,Christopher,Murphy,Doctor 9,2023-07-28
P1717,Steven,Turner,Doctor 7,2023-07-28
P1850,Carol,Phillips,Doctor 11,2023-07-28
P1957,Helen,Myers,Doctor 1,2023-07-28
P1970,Laura,Torres,Doctor 8,2023-07-28
P2045,Sharon,Campbell,Doctor 17,2023-07-28
P2133,Scott,Cooper,Doctor 11,2023-07-28
P2300,John,Campbell,Doctor 18,2023-07-28
P0038,Andrew,Wright,Doctor 15,2023-07-29
P0278,Virginia,Morris,Doctor 20,2023-07-29
P0323,Sandra,Evans,Doctor 1,2023-07-29
P0368,Carol,Hughes,Doctor 16,2023-07-29
P0398,Frank,Hall,Doctor 8,2023-07-29
P0439,Joseph,Castillo,Doctor 14,2023-07-29
P0648,Daniel,Howard,Doctor 16,2023-07-29
P0680,Barbara,Adams,Doctor 7,2023-07-29
P0696,Larry,Reed,Doctor 20,2023-07-29
P0712,Nancy,Jackson,Doctor 14,2023-07-29
P0736,Raymond,Walker,Doctor 3,2023-07-29
P0788,Laura,Turner,Doctor 19,2023-07-29
P0852,Lisa,Reed,Doctor 15,2023-07-29
P0857,Joshua,Anderson,Doctor 16,2023-07-29
P0949,Virginia,Castillo,Doctor 18,2023-07-29
P1012,Patrick,Wilson,Doctor 15,2023-07-29
P1031,Mark,Sanchez,Doctor 14,2023-07-29
P1261,Gregory,Hughes,Doctor 3,2023-07-29
P1464,Nancy,James,Doctor 3,2023-07-29
P1538,Nancy,Mendoza,Doctor 10,2023-07-29
P1570,Susan,Martinez,Doctor 7,2023-07-29
P1666,Karen,Howard,Doctor 9,2023-07-29
P1716,Sarah,Lee,Doctor 11,2023-07-29
P1880,Dennis,Alvarez,Doctor 13,2023-07-29
P1900,Andrew,Taylor,Doctor 6,2023-07-29
P1909,Ruth,Watson,Doctor 17,2023-07-29
P1923,Sandra,Ward,Doctor 14,2023-07-29
P2035,Joseph,Cook,Doctor 8,2023-07-29
P2043,David,Kim,Doctor 10,2023-07-29
P2083,Ryan,Ramirez,Doctor 20,2023-07-29
P2114,Patrick,Jackson,Doctor 1,2023-07-29
P2144,Linda,Evans,Doctor 14,2023-07-29
P2174,Timothy,Martin,Doctor 10,2023-07-29
P0355,Virginia,Williams,Doctor 9,2023-07-30
P0460,Patricia,Bailey,Doctor 2,2023-07-30
P0536,Thomas,Martinez,Doctor 18,2023-07-30
P0642,Stephen,Rivera,Doctor 6,2023-07-30
P0777,Kimberly,Nguyen,Doctor 7,2023-07-30
P0799,Amy,Scott,Doctor 12,2023-07-30
P0865,Mark,Davis,Doctor 3,2023-07-30
P1026,Kevin,Cook,Doctor 18,2023-07-30
P1181,Eric,Ramirez,Doctor 1,2023-07-30
P1299,Dennis,Parker,Doctor 8,2023-07-30
P1329,Kevin,Miller,Doctor 20,2023-07-30
P1354,Helen,Roberts,Doctor 1,2023-07-30
P1376,William,Ruiz,Doctor 13,2023-07-30
P1447,Linda,Jones,Doctor 16,2023-07-30
P1606,Joseph,Moore,Doctor 2,2023-07-30
P1812,James,Diaz,Doctor 15,2023-07-30
P1869,Brandon,Lopez,Doctor 17,2023-07-30
P1895,Eric,Morales,Doctor 10,2023-07-30
P1914,Betty,Hall,Doctor 9,2023-07-30
P1925,Jonathan,Patel,Doctor 15,2023-07-30
P1976,Cynthia,Green,Doctor 9,2023-07-30
P2057,Michelle,Myers,Doctor 16,2023-07-30
P2187,Emma,Anderson,Doctor 4,2023-07-30
P2194,Mary,Green,Doctor 12,2023-07-30
P2278,Benjamin,Brown,Doctor 9,2023-07-30
P2290,Raymond,Bailey,Doctor 16,2023-07-30
P0122,Larry,Ortiz,Doctor 16,2023-07-31
P0133,Helen,Walker,Doctor 2,2023-07-31
P0202,Brandon,Mendoza,Doctor 8,2023-07-31
P0326,Justin,Clark,Doctor 14,2023-07-31
P0398,Frank,Hall,Doctor 3,2023-07-31
P0519,Robert,Cooper,Doctor 13,2023-07-31
P0558,Gregory,Martin,Doctor 19,2023-07-31
P0599,Jerry,Moore,Doctor 8,2023-07-31
P0617,Patrick,Rogers,Doctor 13,2023-07-31
P0666,Tyler,Jones,Doctor 7,2023-07-31
P0669,Nicholas,Castillo,Doctor 2,2023-07-31
P0670,Thomas,Evans,Doctor 3,2023-07-31
P0912,Carol,Alvarez,Doctor 5,2023-07-31
P0943,Jerry,Sanchez,Doctor 6,2023-07-31
P1013,Robert,Anderson,Doctor 3,2023-07-31
P1035,Brian,Perez,Doctor 14,2023-07-31
P1077,Patrick,Young,Doctor 13,2023-07-31
P1188,Melissa,Torres,Doctor 20,2023-07-31
P1264,Laura,Ruiz,Doctor 2,2023-07-31
P1339,Sandra,Perez,Doctor 10,2023-07-31
P1388,Justin,Roberts,Doctor 8,2023-07-31
P1451,Gary,Bailey,Doctor 15,2023-07-31
P1527,Donald,Peterson,Doctor 6,2023-07-31
P1581,Jason,Johnson,Doctor 7,2023-07-31
P1600,Shirley,Mendoza,Doctor 2,2023-07-31
P1659,Patrick,Cooper,Doctor 16,2023-07-31
P1692,Jose,Adams,Doctor 19,2023-07-31
P1738,Amy,Taylor,Doctor 4,2023-07-31
P1884,Mary,Nguyen,Doctor 6,2023-07-31
P1959,Richard,Morales,Doctor 18,2023-07-31
P2039,Richard,Wright,Doctor 4,2023-07-31
P2058,Frank,Ward,Doctor 3,2023-07-31
P2084,George,Green,Doctor 8,2023-07-31
P2202,Kimberly,King,Doctor 10,2023-07-31
P0016,Stephen,Ruiz,Doctor 5,2023-08-01
P0037,Rebecca,Sanchez,Doctor 11,2023-08-01
P0102,Kathleen,Jackson,Doctor 7,2023-08-01
P0128,Eric,Nelson,Doctor 11,2023-08-01
P0140,Jessica,Clark,Doctor 3,2023-08-01
P0353,Jacob,Cook,Doctor 5,2023-08-01
P0390,Melissa,Ruiz,Doctor 11,2023-08-01
P0437,John,Ramirez,Doctor 12,2023-08-01
P0493,Shirley,Watson,Doctor 14,2023-08-01
P0526,Brenda,Morris,Doctor 6,2023-08-01
P0534,Richard,Morgan,Doctor 18,2023-08-01
P0645,Virginia,Peterson,Doctor 14,2023-08-01
P0775,Mary,Smith,Doctor 19,2023-08-01
P0795,Thomas,Clark,Doctor 5,2023-08-01
P0906,Nancy,Brooks,Doctor 10,2023-08-01
P1017,Laura,Gonzalez,Doctor 18,2023-08-01
P1117,Steven,Gray,Doctor 17,2023-08-01
P1303,Karen,Lopez,Doctor 8,2023-08-01
P1339,Sandra,Perez,Doctor 10,2023-08-01
P1362,William,Cooper,Doctor 11,2023-08-01
P1366,Jonathan,King,Doctor 1,2023-08-01
P1417,Cynthia,Price,Doctor 2,2023-08-01
P1451,Gary,Bailey,Doctor 15,2023-08-01
P1549,Donald,Allen,Doctor 12,2023-08-01
P1582,Rebecca,Wright,Doctor 14,2023-08-01
P1638,Scott,Martinez,Doctor 2,2023-08-01
P1641,Kenneth,Cook,Doctor 12,2023-08-01
P1644,Timothy,Lopez,Doctor 9,2023-08-01
P1723,Nicholas,Howard,Doctor 16,2023-08-01
P1739,Carol,Patel,Doctor 6,2023-08-01
P1740,Patrick,Hill,Doctor 15,2023-08-01
P1841,Scott,Martin,Doctor 19,2023-08-01
P1974,Brenda,Castillo,Doctor 11,2023-08-01
P2041,Sandra,Rivera,Doctor 6,2023-08-01
P2162,Nicholas,Kim,Doctor 15,2023-08-01
P2184,Michael,Sanchez,Doctor 20,2023-08-01
P2281,Mary,Ruiz,Doctor 12,2023-08-01
P0082,Nancy,Ramirez,Doctor 20,2023-08-02
P0139,Patricia,Reed,Doctor 16,2023-08-02
P0165,Frank,Gonzalez,Doctor 13,2023-08-02
P0168,Brenda,Wright,Doctor 6,2023-08-02
P0208,Ryan,Clark,Doctor 17,2023-08-02
P0397,Scott,Sanchez,Doctor 1,2023-08-02
P0485,Kimberly,Johnson,Doctor 13,2023-08-02
P0520,David,Reed,Doctor 8,2023-08-02
P0553,Ruth,Anderson,Doctor 12,2023-08-02
P0566,Barbara,Moore,Doctor 11,2023-08-02
P0569,Nancy,Martinez,Doctor 12,2023-08-02
P0572,Kimberly,Chavez,Doctor 2,2023-08-02
P0574,William,Johnson,Doctor 17,2023-08-02
P0584,Tyler,Alvarez,Doctor 8,2023-08-02
P0591,Jason,Thomas,Doctor 18,2023-08-02
P0602,Anna,Adams,Doctor 17,2023-08-02
P0607,Sarah,Ramos,Doctor 8,2023-08-02
P0614,Carol,Thompson,Doctor 11,2023-08-02
P0653,Karen,Young,Doctor 8,2023-08-02
P0678,James,Garcia,Doctor 7,2023-08-02
P0730,Deborah,Wood,Doctor 20,2023-08-02
P0743,Kimberly,James,Doctor 8,2023-08-02
P0909,Scott,Morgan,Doctor 14,2023-08-02
P1079,Frank,Harris,Doctor 15,2023-08-02
P1080,Daniel,Morgan,Doctor 7,2023-08-02
P1118,Thomas,Jackson,Doctor 17,2023-08-02
P1258,Stephen,Roberts,Doctor 6,2023-08-02
P1306,Betty,Gutierrez,Doctor 15,2023-08-02
P1330,Alexander,Young,Doctor 4,2023-08-02
P1364,Kathleen,Sanders,Doctor 8,2023-08-02
P1469,Virginia,Parker,Doctor 20,2023-08-02
P1496,Raymond,Lee,Doctor 8,2023-08-02
P1660,Nancy,Campbell,Doctor 14,2023-08-02
P1760,Ronald,Brown,Doctor 6,2023-08-02
P1785,Samuel,Morris,Doctor 20,2023-08-02
P1797,Jessica,Miller,Doctor 20,2023-08-02
P1876,Melissa,Reyes,Doctor 1,2023-08-02
P1901,Raymond,Nelson,Doctor 17,2023-08-02
P1932,Betty,Green,Doctor 16,2023-08-02
P1990,Scott,Morris,Doctor 5,2023-08-02
P2053,Scott,Morales,Doctor 13,2023-08-02
P2082,James,Bailey,Doctor 8,2023-08-02
P2195,Angela,Smith,Doctor 7,2023-08-02
P2225,Lisa,Rodriguez,Doctor 2,2023-08-02
P0012,Linda,Lopez,Doctor 2,2023-08-03
P0082,Nancy,Ramirez,Doctor 20,2023-08-03
P0089,Anna,Morales,Doctor 4,2023-08-03
P0090,Sharon,Harris,Doctor 14,2023-08-03
P0177,Mary,White,Doctor 7,2023-08-03
P0209,Benjamin,Campbell,Doctor 9,2023-08-03
P0210,Donna,Castillo,Doctor 8,2023-08-03
P0293,Christopher,Carter,Doctor 1,2023-08-03
P0350,Sarah,Evans,Doctor 6,2023-08-03
P0454,Kathleen,Anderson,Doctor 2,2023-08-03
P0483,Helen,Smith,Doctor 13,2023-08-03
P0510,Laura,Martin,Doctor 13,2023-08-03
P0678,James,Garcia,Doctor 7,2023-08-03
P0769,Virginia,Reyes,Doctor 11,2023-08-03
P0840,Anna,Allen,Doctor 20,2023-08-03
P0868,Thomas,Nelson,Doctor 9,2023-08-03
P0930,Anthony,Diaz,Doctor 11,2023-08-03
P0958,Kimberly,Anderson,Doctor 16,2023-08-03
P1037,Steven,Hall,Doctor 17,2023-08-03
P1112,Andrew,Williams,Doctor 1,2023-08-03
P1162,Christopher,Cruz,Doctor 16,2023-08-03
P1172,Ruth,Ramirez,Doctor 13,2023-08-03
P1224,Ryan,Alvarez,Doctor 9,2023-08-03
P1250,Brian,Walker,Doctor 11,2023-08-03
P1286,Susan,Taylor,Doctor 19,2023-08-03
P1289,Joseph,Sanchez,Doctor 14,2023-08-03
P1293,Patricia,Davis,Doctor 1,2023-08-03
P1324,Andrew,King,Doctor 12,2023-08-03
P1355,Jessica,Carter,Doctor 16,2023-08-03
P1369,Tyler,Robinson,Doctor 12,2023-08-03
P1477,John,Wilson,Doctor 4,2023-08-03
P1498,Sarah,Wood,Doctor 16,2023-08-03
P1589,Virginia,Chavez,Doctor 6,2023-08-03
P1617,Jessica,Peterson,Doctor 17,2023-08-03
P1958,Aaron,Clark,Doctor 5,2023-08-03
P2071,Sarah,Price,Doctor 15,2023-08-03
P2085,Linda,Richardson,Doctor 8,2023-08-03
P0141,Frank,Lee,Doctor 7,2023-08-04
P0170,Amy,Peterson,Doctor 15,2023-08-04
P0238,Eric,Parker,Doctor 13,2023-08-04
P0380,Edward,Nelson,Doctor 4,2023-08-04
P0470,Michelle,Williams,Doctor 14,2023-08-04
P0579,Joshua,Harris,Doctor 8,2023-08-04
P0612,David,Watson,Doctor 10,2023-08-04
P0641,Brian,Robinson,Doctor 15,2023-08-04
P0708,Raymond,Scott,Doctor 8,2023-08-04
P0898,Charles,James,Doctor 19,2023-08-04
P0906,Nancy,Brooks,Doctor 2,2023-08-04
P0968,Daniel,Phillips,Doctor 15,2023-08-04
P0987,Donna,Murphy,Doctor 10,2023-08-04
P1056,David,Hernandez,Doctor 18,2023-08-04
P1208,James,Anderson,Doctor 5,2023-08-04
P1211,Elizabeth,Johnson,Doctor 17,2023-08-04
P1274,Helen,Cruz,Doctor 7,2023-08-04
P1297,Thomas,Walker,Doctor 18,2023-08-04
P1312,Charles,Mitchell,Doctor 1,2023-08-04
P1352,David,Wood,Doctor 20,2023-08-04
P1452,Kathleen,Rogers,Doctor 12,2023-08-04
P1472,Jose,Evans,Doctor 18,2023-08-04
P1719,Scott,Watson,Doctor 12,2023-08-04
P1741,Susan,Kim,Doctor 4,2023-08-04
P1799,James,Brooks,Doctor 14,2023-08-04
P1829,Gregory,James,Doctor 16,2023-08-04
P1859,Mark,Edwards,Doctor 20,2023-08-04
P1922,Jack,Wilson,Doctor 18,2023-08-04
P1942,Jeffrey,Lewis,Doctor 9,2023-08-04
P2006,Scott,Turner,Doctor 6,2023-08-04
P2058,Frank,Ward,Doctor 17,2023-08-04
P2093,Stephen,Murphy,Doctor 19,2023-08-04
P2114,Patrick,Jackson,Doctor 1,2023-08-04
P2144,Linda,Evans,Doctor 14,2023-08-04
P2200,James,Baker,Doctor 15,2023-08-04
P2221,Sandra,Reyes,Doctor 8,2023-08-04
P0042,Deborah,Green,Doctor 9,2023-08-05
P0049,Anthony,Adams,Doctor 11,2023-08-05
P0163,Jason,Robinson,Doctor 19,2023-08-05
P0191,Laura,Murphy,Doctor 20,2023-08-05
P0372,Jeffrey,Wood,Doctor 6,2023-08-05
P0384,Sharon,Ortiz,Doctor 16,2023-08-05
P0399,Jack,Hall,Doctor 10,2023-08-05
P0422,Jerry,Lee,Doctor 20,2023-08-05
P0460,Patricia,Bailey,Doctor 2,2023-08-05
P0838,Lisa,Morris,Doctor 15,2023-08-05
P0928,Mary,Clark,Doctor 8,2023-08-05
P0985,Ruth,Collins,Doctor 16,2023-08-05
P1098,Brenda,Cooper,Doctor 6,2023-08-05
P1251,Kimberly,Patel,Doctor 1,2023-08-05
P1328,Frank,Diaz,Doctor 5,2023-08-05
P1471,Jeffrey,Green,Doctor 6,2023-08-05
P1499,Justin,Thomas,Doctor 7,2023-08-05
P1554,Kathleen,Brooks,Doctor 20,2023-08-05
P1643,Christopher,Murphy,Doctor 9,2023-08-05
P1688,Sandra,Chavez,Doctor 4,2023-08-05
P1709,Sandra,Jones,Doctor 5,2023-08-05
P1778,Daniel,Rivera,Doctor 6,2023-08-05
P1839,Donald,Evans,Doctor 12,2023-08-05
P1973,Elizabeth,Gomez,Doctor 11,2023-08-05
P2090,Anna,Sanchez,Doctor 18,2023-08-05
P2104,Sandra,Collins,Doctor 12,2023-08-05
P2105,Aaron,Perez,Doctor 10,2023-08-05
P0152,Michelle,Adams,Doctor 12,2023-08-06
P0183,Nancy,Edwards,Doctor 20,2023-08-06
P0185,Samuel,Roberts,Doctor 13,2023-08-06
P0214,Frank,Torres,Doctor 19,2023-08-06
P0244,George,Brown,Doctor 3,2023-08-06
P0286,Sharon,Ward,Doctor 5,2023-08-06
P0340,Sarah,Bennett,Doctor 10,2023-08-06
P0397,Scott,Sanchez,Doctor 1,2023-08-06
P0453,Barbara,Rogers,Doctor 6,2023-08-06
P0516,Samuel,Bennett,Doctor 8,2023-08-06
P0517,Brandon,Gonzalez,Doctor 8,2023-08-06
P0556,Lisa,Chavez,Doctor 18,2023-08-06
P0565,Jeffrey,Wilson,Doctor 15,2023-08-06
P0577,Ronald,Sanders,Doctor 17,2023-08-06
P0583,Jessica,Price,Doctor 8,2023-08-06
P0584,Tyler,Alvarez,Doctor 2,2023-08-06
P0728,Helen,Jones,Doctor 4,2023-08-06
P0764,Larry,Rogers,Doctor 7,2023-08-06
P0821,Laura,Wilson,Doctor 18,2023-08-06
P0898,Charles,James,Doctor 5,2023-08-06
P0913,Kenneth,Wright,Doctor 8,2023-08-06
P1125,Mark,Campbell,Doctor 16,2023-08-06
P1131,Melissa,Campbell,Doctor 15,2023-08-06
P1203,Michelle,Reyes,Doctor 19,2023-08-06
P1204,Thomas,Williams,Doctor 15,2023-08-06
P1375,Brian,Gutierrez,Doctor 3,2023-08-06
P1431,Brenda,Green,Doctor 13,2023-08-06
P1451,Gary,Bailey,Doctor 15,2023-08-06
P1487,Emma,Hill,Doctor 18,2023-08-06
P1529,Jack,Kelly,Doctor 14,2023-08-06
P1573,Carol,Lewis,Doctor 18,2023-08-06
P1639,Dorothy,Evans,Doctor 2,2023-08-06
P1656,Patricia,Gonzalez,Doctor 5,2023-08-06
P1689,John,Kim,Doctor 15,2023-08-06
P1923,Sandra,Ward,Doctor 14,2023-08-06
P2250,Aaron,Wilson,Doctor 16,2023-08-06
P0002,Emma,Peterson,Doctor 11,2023-08-07
P0224,Kenneth,Murphy,Doctor 12,2023-08-07
P0289,Gary,Anderson,Doctor 14,2023-08-07
P0488,Sharon,Mendoza,Doctor 18,2023-08-07
P0676,Cynthia,King,Doctor 14,2023-08-07
P0677,Sharon,Kelly,Doctor 2,2023-08-07
P0713,Kenneth,Adams,Doctor 15,2023-08-07
P0861,Nancy,Rivera,Doctor 13,2023-08-07
P0866,Jerry,Campbell,Doctor 17,2023-08-07
P0921,Sharon,Edwards,Doctor 15,2023-08-07
P0939,Christopher,Smith,Doctor 7,2023-08-07
P0968,Daniel,Phillips,Doctor 15,2023-08-07
P0999,Samuel,Stewart,Doctor 1,2023-08-07
P1085,Patrick,Gutierrez,Doctor 6,2023-08-07
P1091,Edward,Rodriguez,Doctor 2,2023-08-07
P1107,Brandon,Alvarez,Doctor 7,2023-08-07
P1118,Thomas,Jackson,Doctor 17,2023-08-07
P1184,Donna,Collins,Doctor 14,2023-08-07
P1216,Nancy,Reyes,Doctor 7,2023-08-07
P1232,Steven,Kelly,Doctor 4,2023-08-07
P1246,Stephen,Ortiz,Doctor 20,2023-08-07
P1261,Gregory,Hughes,Doctor 3,2023-08-07
P1358,Gary,Hill,Doctor 9,2023-08-07
P1391,Michael,Adams,Doctor 19,2023-08-07
P1431,Brenda,Green,Doctor 13,2023-08-07
P1549,Donald,Allen,Doctor 12,2023-08-07
P1602,Charles,Jones,Doctor 6,2023-08-07
P1691,Benjamin,Hall,Doctor 5,2023-08-07
P1726,Ronald,Mitchell,Doctor 16,2023-08-07
P1889,Richard,Wood,Doctor 17,2023-08-07
P2032,Helen,Rivera,Doctor 6,2023-08-07
P2081,Christopher,Castillo,Doctor 20,2023-08-07
P2242,Donna,Myers,Doctor 3,2023-08-07
P0064,Eric,Chavez,Doctor 9,2023-08-08
P0106,Donna,Miller,Doctor 6,2023-08-08
P0145,Jose,Cruz,Doctor 4,2023-08-08
P0148,Mark,Clark,Doctor 2,2023-08-08
P0216,Jennifer,Mendoza,Doctor 20,2023-08-08
P0228,John,Carter,Doctor 3,2023-08-08
P0419,Samuel,Phillips,Doctor 11,2023-08-08
P0419,Samuel,Phillips,Doctor 11,2023-08-08
P0421,Betty,Peterson,Doctor 9,2023-08-08
P0430,Jerry,Ramos,Doctor 7,2023-08-08
P0439,Joseph,Castillo,Doctor 14,2023-08-08
P0449,Joshua,Gomez,Doctor 1,2023-08-08
P0512,Eric,Williams,Doctor 20,2023-08-08
P0726,Betty,Phillips,Doctor 18,2023-08-08
P0781,Jonathan,Miller,Doctor 13,2023-08-08
P0789,Justin,Hernandez,Doctor 12,2023-08-08
P0964,Donna,Jones,Doctor 15,2023-08-08
P1044,Ruth,Phillips,Doctor 16,2023-08-08
P1205,Anna,Parker,Doctor 11,2023-08-08
P1260,Joshua,Hill,Doctor 11,2023-08-08
P1316,Jose,Mendoza,Doctor 4,2023-08-08
P1327,Michelle,Young,Doctor 19,2023-08-08
P1444,Laura,Anderson,Doctor 19,2023-08-08
P1489,Mary,Alvarez,Doctor 4,2023-08-08
P1692,Jose,Adams,Doctor 19,2023-08-08
P1788,Sarah,Diaz,Doctor 2,2023-08-08
P1844,John,Thomas,Doctor 3,2023-08-08
P1896,Karen,Jones,Doctor 14,2023-08-08
P1961,Anthony,James,Doctor 15,2023-08-08
P2046,David,Young,Doctor 7,2023-08-08
P2142,Patricia,Castillo,Doctor 19,2023-08-08
P2213,Sandra,Hill,Doctor 4,2023-08-08
P2250,Aaron,Wilson,Doctor 16,2023-08-08
P2283,James,Torres,Doctor 6,2023-08-08
P2295,Kenneth,Richardson,Doctor 19,2023-08-08
P0011,William,Morales,Doctor 15,2023-08-09
P0060,Jessica,Robinson,Doctor 17,2023-08-09
P0111,Nancy,Lopez,Doctor 13,2023-08-09
P0304,John,Jones,Doctor 17,2023-08-09
P0422,Jerry,Lee,Doctor 20,2023-08-09
P0459,Sarah,Kim,Doctor 1,2023-08-09
P0522,Donna,Edwards,Doctor 8,2023-08-09
P0793,Virginia,Hill,Doctor 17,2023-08-09
P0868,Thomas,Nelson,Doctor 9,2023-08-09
P0896,Sarah,Myers,Doctor 2,2023-08-09
P0956,Alexander,Gomez,Doctor 1,2023-08-09
P1001,Andrew,Murphy,Doctor 3,2023-08-09
P1002,Gary,Jackson,Doctor 14,2023-08-09
P1061,Aaron,Chavez,Doctor 12,2023-08-09
P1196,Jason,Cook,Doctor 18,2023-08-09
P1272,Thomas,Jones,Doctor 8,2023-08-09
P1305,Betty,Sanders,Doctor 20,2023-08-09
P1354,Helen,Roberts,Doctor 19,2023-08-09
P1430,Ryan,Chavez,Doctor 2,2023-08-09
P1472,Jose,Evans,Doctor 18,2023-08-09
P1507,Frank,Parker,Doctor 1,2023-08-09
P1583,Shirley,Gonzalez,Doctor 14,2023-08-09
P1667,Michelle,Bailey,Doctor 10,2023-08-09
P1808,Linda,Wright,Doctor 15,2023-08-09
P1831,Donald,Ward,Doctor 10,2023-08-09
P2005,Virginia,Lee,Doctor 14,2023-08-09
P2018,Patrick,Myers,Doctor 10,2023-08-09
P2030,Benjamin,Clark,Doctor 2,2023-08-09
P2036,Steven,Garcia,Doctor 18,2023-08-09
P2276,George,Morris,Doctor 16,2023-08-09
P2294,Donald,Diaz,Doctor 14,2023-08-09
P0025,Patricia,Hill,Doctor 9,2023-08-10
P0085,Jack,Anderson,Doctor 11,2023-08-10
P0607,Sarah,Ramos,Doctor 8,2023-08-10
P0648,Daniel,Howard,Doctor 16,2023-08-10
P0924,Matthew,Diaz,Doctor 17,2023-08-10
P1061,Aaron,Chavez,Doctor 12,2023-08-10
P1066,John,Gomez,Doctor 8,2023-08-10
P1129,Patricia,Mitchell,Doctor 15,2023-08-10
P1174,Charles,Clark,Doctor 5,2023-08-10
P1343,Tyler,Perez,Doctor 9,2023-08-10
P1448,Jeffrey,Jackson,Doctor 19,2023-08-10
P1551,Richard,Perez,Doctor 5,2023-08-10
P1724,Helen,Diaz,Doctor 7,2023-08-10
P1817,Sandra,Parker,Doctor 4,2023-08-10
P1908,Michael,James,Doctor 12,2023-08-10
P1963,Lisa,Martin,Doctor 5,2023-08-10
P2122,Sarah,Gutierrez,Doctor 4,2023-08-10
P2184,Michael,Sanchez,Doctor 14,2023-08-10
P2194,Mary,Green,Doctor 6,2023-08-10
P2196,Richard,Clark,Doctor 6,2023-08-10
P2212,Carol,Jones,Doctor 14,2023-08-10
P0104,Dorothy,Garcia,Doctor 15,2023-08-11
P0114,Joseph,Carter,Doctor 16,2023-08-11
P0383,Brandon,Morales,Doctor 15,2023-08-11
P0405,Kathleen,White,Doctor 2,2023-08-11
P0440,Mary,Hill,Doctor 15,2023-08-11
P0472,Jerry,Sanders,Doctor 1,2023-08-11
P0763,Lisa,King,Doctor 9,2023-08-11
P0764,Larry,Rogers,Doctor 15,2023-08-11
P0900,Gary,Hernandez,Doctor 14,2023-08-11
P0908,Nicholas,Hughes,Doctor 20,2023-08-11
P0960,Donna,Ortiz,Doctor 11,2023-08-11
P0975,Sharon,Flores,Doctor 7,2023-08-11
P0995,Matthew,Carter,Doctor 8,2023-08-11
P1055,Jessica,Thomas,Doctor 20,2023-08-11
P1122,Kenneth,Evans,Doctor 20,2023-08-11
P1135,Sharon,Martin,Doctor 8,2023-08-11
P1258,Stephen,Roberts,Doctor 6,2023-08-11
P1346,Donald,Richardson,Doctor 10,2023-08-11
P1383,Carol,Reyes,Doctor 1,2023-08-11
P1416,David,Roberts,Doctor 7,2023-08-11
P1436,Linda,Howard,Doctor 1,2023-08-11
P1492,Deborah,Kim,Doctor 6,2023-08-11
P1547,Helen,Cooper,Doctor 15,2023-08-11
P1691,Benjamin,Hall,Doctor 5,2023-08-11
P1707,Joseph,Edwards,Doctor 20,2023-08-11
P1725,Nancy,Taylor,Doctor 13,2023-08-11
P1776,Sharon,Ruiz,Doctor 16,2023-08-11
P1962,James,Gray,Doctor 10,2023-08-11
P2042,Anthony,Parker,Doctor 16,2023-08-11
P2168,Larry,Allen,Doctor 13,2023-08-11
P0048,Samuel,Young,Doctor 8,2023-08-12
P0062,Cynthia,Thomas,Doctor 16,2023-08-12
P0135,Benjamin,Rivera,Doctor 19,2023-08-12
P0157,Sharon,Wood,Doctor 5,2023-08-12
P0318,Barbara,Ward,Doctor 11,2023-08-12
P0328,Michael,Robinson,Doctor 4,2023-08-12
P0473,Stephen,Cooper,Doctor 7,2023-08-12
P0607,Sarah,Ramos,Doctor 8,2023-08-12
P0610,Sharon,Garcia,Doctor 13,2023-08-12
P0615,Jack,Kim,Doctor 8,2023-08-12
P0714,Stephen,Gonzalez,Doctor 19,2023-08-12
P0755,Lisa,Morgan,Doctor 16,2023-08-12
P0774,Justin,Watson,Doctor 19,2023-08-12
P0782,Brenda,Wood,Doctor 19,2023-08-12
P0896,Sarah,Myers,Doctor 2,2023-08-12
P1031,Mark,Sanchez,Doctor 20,2023-08-12
P1198,Patricia,Hall,Doctor 13,2023-08-12
P1292,Jessica,Anderson,Doctor 17,2023-08-12
P1384,Donald,Nelson,Doctor 7,2023-08-12
P1428,Samuel,Price,Doctor 3,2023-08-12
P1576,Rebecca,Mitchell,Doctor 14,2023-08-12
P1661,Sharon,Cox,Doctor 7,2023-08-12
P1686,Benjamin,Chavez,Doctor 1,2023-08-12
P1714,Ruth,Ortiz,Doctor 11,2023-08-12
P1716,Sarah,Lee,Doctor 5,2023-08-12
P1742,Shirley,Myers,Doctor 7,2023-08-12
P1790,Jessica,Rivera,Doctor 12,2023-08-12
P1962,James,Gray,Doctor 10,2023-08-12
P1964,Betty,Nelson,Doctor 8,2023-08-12
P1969,Jacob,Gutierrez,Doctor 12,2023-08-12
P1999,Robert,Watson,Doctor 13,2023-08-12
P2021,Gregory,Jackson,Doctor 7,2023-08-12
P2161,Brian,Anderson,Doctor 11,2023-08-12
P2163,Emma,Lewis,Doctor 18,2023-08-12
P0032,Timothy,James,Doctor 1,2023-08-13
P0036,Angela,Cooper,Doctor 12,2023-08-13
P0075,Gary,Reyes,Doctor 2,2023-08-13
P0164,Robert,Price,Doctor 9,2023-08-13
P0221,Andrew,Sanders,Doctor 10,2023-08-13
P0241,Donna,Moore,Doctor 2,2023-08-13
P0262,William,Nguyen,Doctor 4,2023-08-13
P0307,Nancy,Scott,Doctor 10,2023-08-13
P0385,Justin,Mendoza,Doctor 9,2023-08-13
P0498,Shirley,Kim,Doctor 17,2023-08-13
P0556,Lisa,Chavez,Doctor 20,2023-08-13
P0703,Tyler,Ortiz,Doctor 8,2023-08-13
P0716,Sarah,Howard,Doctor 20,2023-08-13
P0914,Michael,Garcia,Doctor 14,2023-08-13
P0959,Jonathan,Kelly,Doctor 15,2023-08-13
P1027,Betty,Bailey,Doctor 5,2023-08-13
P1080,Daniel,Morgan,Doctor 19,2023-08-13
P1139,Alexander,Cox,Doctor 3,2023-08-13
P1279,Michelle,Sanders,Doctor 17,2023-08-13
P1319,Angela,Hughes,Doctor 15,2023-08-13
P1387,Barbara,Cox,Doctor 2,2023-08-13
P1403,Anna,Wood,Doctor 4,2023-08-13
P1427,Christopher,Gonzalez,Doctor 11,2023-08-13
P1437,Carol,Evans,Doctor 15,2023-08-13
P1613,Patrick,Thompson,Doctor 5,2023-08-13
P1793,Gary,Ramos,Doctor 11,2023-08-13
P2174,Timothy,Martin,Doctor 10,2023-08-13
P2189,Carol,Perez,Doctor 17,2023-08-13
P2224,Deborah,Thomas,Doctor 6,2023-08-13
P0089,Anna,Morales,Doctor 4,2023-08-14
P0094,Jerry,Rogers,Doctor 2,2023-08-14
P0150,Nicholas,Moore,Doctor 20,2023-08-14
P0179,Jacob,Gray,Doctor 5,2023-08-14
P0190,Betty,Edwards,Doctor 20,2023-08-14
P0196,Donna,Chavez,Doctor 16,2023-08-14
P0303,Emma,Green,Doctor 3,2023-08-14
P0320,Sarah,Thompson,Doctor 8,2023-08-14
P0369,Raymond,Perez,Doctor 7,2023-08-14
P0403,Frank,Howard,Doctor 18,2023-08-14
P0415,George,Miller,Doctor 8,2023-08-14
P0457,Melissa,Mendoza,Doctor 19,2023-08-14
P0567,Ryan,Morgan,Doctor 11,2023-08-14
P0790,Michelle,Thompson,Doctor 19,2023-08-14
P0827,Anthony,Howard,Doctor 19,2023-08-14
P0858,Ruth,Gomez,Doctor 7,2023-08-14
P1038,Cynthia,Nelson,Doctor 1,2023-08-14
P1064,Dorothy,Turner,Doctor 19,2023-08-14
P1099,Jason,Anderson,Doctor 4,2023-08-14
P1205,Anna,Parker,Doctor 11,2023-08-14
P1364,Kathleen,Sanders,Doctor 9,2023-08-14
P1393,Eric,Smith,Doctor 13,2023-08-14
P1489,Mary,Alvarez,Doctor 14,2023-08-14
P1545,Stephen,Wilson,Doctor 15,2023-08-14
P1796,Angela,Moore,Doctor 5,2023-08-14
P1948,Ryan,Jackson,Doctor 18,2023-08-14
P2128,Karen,Watson,Doctor 18,2023-08-14
P2168,Larry,Allen,Doctor 1,2023-08-14
P2207,Tyler,Ramirez,Doctor 10,2023-08-14
P2236,Jason,Lee,Doctor 7,2023-08-14
P2270,Justin,Davis,Doctor 12,2023-08-14
P2275,Virginia,Gonzalez,Doctor 16,2023-08-14
P0018,Brenda,Anderson,Doctor 1,2023-08-15
P0126,Mark,Allen,Doctor 17,2023-08-15
P0249,Raymond,Hughes,Doctor 2,2023-08-15
P0452,Frank,Brooks,Doctor 14,2023-08-15
P0497,Patrick,Price,Doctor 13,2023-08-15
P0611,Alexander,Smith,Doctor 16,2023-08-15
P0731,Richard,Gonzalez,Doctor 18,2023-08-15
P0810,Steven,James,Doctor 14,2023-08-15
P1030,Helen,Sanders,Doctor 19,2023-08-15
P1050,Steven,White,Doctor 5,2023-08-15
P1054,Kimberly,Miller,Doctor 7,2023-08-15
P1066,John,Gomez,Doctor 8,2023-08-15
P1322,Anna,Taylor,Doctor 7,2023-08-15
P1396,Lisa,Walker,Doctor 7,2023-08-15
P1436,Linda,Howard,Doctor 4,2023-08-15
P1562,Jerry,Hernandez,Doctor 6,2023-08-15
P1632,Amy,Mitchell,Doctor 2,2023-08-15
P1654,Brandon,Allen,Doctor 9,2023-08-15
P1674,Edward,Hughes,Doctor 4,2023-08-15
P1686,Benjamin,Chavez,Doctor 1,2023-08-15
P1851,David,Brooks,Doctor 4,2023-08-15
P1896,Karen,Jones,Doctor 14,2023-08-15
P1926,Helen,Johnson,Doctor 16,2023-08-15
P2057,Michelle,Myers,Doctor 16,2023-08-15
P2216,Sharon,Roberts,Doctor 19,2023-08-15
P2273,Samuel,Martin,Doctor 7,2023-08-15
P2280,Sharon,Martinez,Doctor 5,2023-08-15
P0025,Patricia,Hill,Doctor 9,2023-08-16
P0032,Timothy,James,Doctor 4,2023-08-16
P0060,Jessica,Robinson,Doctor 17,2023-08-16
P0076,Patrick,Nelson,Doctor 13,2023-08-16
P0504,Joseph,Gray,Doctor 19,2023-08-16
P0542,Kimberly,Bennett,Doctor 4,2023-08-16
P0570,Amy,Davis,Doctor 2,2023-08-16
P0628,Jeffrey,Gomez,Doctor 16,2023-08-16
P0784,Gregory,Ruiz,Doctor 2,2023-08-16
P0794,Alexander,Anderson,Doctor 12,2023-08-16
P0970,Tyler,Cooper,Doctor 18,2023-08-16
P1072,Jacob,Clark,Doctor 4,2023-08-16
P1108,Brenda,Torres,Doctor 3,2023-08-16
P1131,Melissa,Campbell,Doctor 15,2023-08-16
P1154,Stephen,Kelly,Doctor 3,2023-08-16
P1253,Deborah,Bennett,Doctor 14,2023-08-16
P1288,Edward,Watson,Doctor 12,2023-08-16
P1548,George,Reyes,Doctor 8,2023-08-16
P1572,Jacob,Brooks,Doctor 17,2023-08-16
P1648,Eric,Sanchez,Doctor 16,2023-08-16
P2178,Sarah,Lewis,Doctor 8,2023-08-16
P2200,James,Baker,Doctor 15,2023-08-16
P2213,Sandra,Hill,Doctor 4,2023-08-16
P2269,Kenneth,Jackson,Doctor 1,2023-08-16
P2296,Sharon,Diaz,Doctor 12,2023-08-16
P0115,Raymond,Collins,Doctor 9,2023-08-17
P0118,Sarah,Reed,Doctor 12,2023-08-17
P0166,Michael,Moore,Doctor 9,2023-08-17
P0198,Sharon,Jackson,Doctor 17,2023-08-17
P0254,Frank,Castillo,Doctor 19,2023-08-17
P0300,Larry,Roberts,Doctor 2,2023-08-17
P0376,Justin,Peterson,Doctor 12,2023-08-17
P0431,Jessica,Johnson,Doctor 3,2023-08-17
P0611,Alexander,Smith,Doctor 16,2023-08-17
P0645,Virginia,Peterson,Doctor 7,2023-08-17
P0788,Laura,Turner,Doctor 13,2023-08-17
P1004,Nancy,Kelly,Doctor 19,2023-08-17
P1113,Sharon,Richardson,Doctor 14,2023-08-17
P1115,Justin,Collins,Doctor 3,2023-08-17
P1238,Brandon,Lee,Doctor 2,2023-08-17
P1242,Andrew,Campbell,Doctor 9,2023-08-17
P1444,Laura,Anderson,Doctor 19,2023-08-17
P1508,Amy,Morris,Doctor 18,2023-08-17
P1649,Elizabeth,Green,Doctor 2,2023-08-17
P1789,Rebecca,Reyes,Doctor 2,2023-08-17
P1830,Jack,Rivera,Doctor 3,2023-08-17
P1860,Kimberly,Torres,Doctor 8,2023-08-17
P1954,Amy,Moore,Doctor 19,2023-08-17
P2030,Benjamin,Clark,Doctor 2,2023-08-17
P2184,Michael,Sanchez,Doctor 14,2023-08-17
P0022,Emma,Hernandez,Doctor 12,2023-08-18
P0033,Ronald,Rodriguez,Doctor 1,2023-08-18
P0076,Patrick,Nelson,Doctor 16,2023-08-18
P0085,Jack,Anderson,Doctor 11,2023-08-18
P0161,Betty,Murphy,Doctor 3,2023-08-18
P0195,Eric,Ortiz,Doctor 1,2023-08-18
P0277,Michelle,Howard,Doctor 16,2023-08-18
P0306,Patricia,Gray,Doctor 7,2023-08-18
P0369,Raymond,Perez,Doctor 7,2023-08-18
P0441,Kimberly,Cooper,Doctor 16,2023-08-18
P0798,Steven,Bennett,Doctor 9,2023-08-18
P0837,Helen,Gray,Doctor 20,2023-08-18
P0901,Karen,King,Doctor 20,2023-08-18
P0909,Scott,Morgan,Doctor 3,2023-08-18
P1044,Ruth,Phillips,Doctor 16,2023-08-18
P1065,Ruth,Myers,Doctor 4,2023-08-18
P1107,Brandon,Alvarez,Doctor 17,2023-08-18
P1319,Angela,Hughes,Doctor 15,2023-08-18
P1410,Amy,Brown,Doctor 8,2023-08-18
P1688,Sandra,Chavez,Doctor 3,2023-08-18
P1705,Timothy,Thompson,Doctor 11,2023-08-18
P1897,James,Lee,Doctor 10,2023-08-18
P1902,Anthony,Richardson,Doctor 15,2023-08-18
P1944,Dorothy,Chavez,Doctor 1,2023-08-18
P2040,Ruth,Harris,Doctor 19,2023-08-18
P2044,Stephen,Cook,Doctor 5,2023-08-18
P2068,Anna,Robinson,Doctor 1,2023-08-18
P2074,Sarah,Campbell,Doctor 8,2023-08-18
P2118,Nancy,Myers,Doctor 18,2023-08-18
P2135,Patrick,Gray,Doctor 10,2023-08-18
P2260,Deborah,Price,Doctor 18,2023-08-18
P2274,Linda,Ward,Doctor 6,2023-08-18
P0009,Gregory,Thompson,Doctor 2,2023-08-19
P0090,Sharon,Harris,Doctor 15,2023-08-19
P0272,Dorothy,Roberts,Doctor 20,2023-08-19
P0339,Sharon,Gomez,Doctor 9,2023-08-19
P0349,Daniel,Reed,Doctor 19,2023-08-19
P0517,Brandon,Gonzalez,Doctor 8,2023-08-19
P0603,Laura,Ramos,Doctor 18,2023-08-19
P0670,Thomas,Evans,Doctor 18,2023-08-19
P0781,Jonathan,Miller,Doctor 11,2023-08-19
P0816,Cynthia,Martin,Doctor 3,2023-08-19
P0854,Anna,Lewis,Doctor 8,2023-08-19
P0866,Jerry,Campbell,Doctor 17,2023-08-19
P0939,Christopher,Smith,Doctor 1,2023-08-19
P1029,Lisa,Alvarez,Doctor 13,2023-08-19
P1119,Jacob,Baker,Doctor 6,2023-08-19
P1340,George,Myers,Doctor 11,2023-08-19
P1389,Melissa,Gray,Doctor 4,2023-08-19
P1459,Sandra,Wright,Doctor 8,2023-08-19
P1488,Barbara,Harris,Doctor 8,2023-08-19
P1571,Justin,Bailey,Doctor 19,2023-08-19
P1610,Matthew,Taylor,Doctor 13,2023-08-19
P1665,Laura,Carter,Doctor 7,2023-08-19
P1784,Joseph,Peterson,Doctor 6,2023-08-19
P1793,Gary,Ramos,Doctor 4,2023-08-19
P1880,Dennis,Alvarez,Doctor 13,2023-08-19
P1919,Jessica,Perez,Doctor 14,2023-08-19
P1955,Donald,Garcia,Doctor 11,2023-08-19
P1993,Jessica,Stewart,Doctor 8,2023-08-19
P2096,Stephen,Anderson,Doctor 13,2023-08-19
P2269,Kenneth,Jackson,Doctor 1,2023-08-19
P0068,John,Edwards,Doctor 16,2023-08-20
P0072,Sandra,James,Doctor 5,2023-08-20
P0154,Jonathan,Rodriguez,Doctor 17,2023-08-20
P0187,Jack,Sanchez,Doctor 9,2023-08-20
P0257,Nicholas,Reed,Doctor 13,2023-08-20
P0341,Deborah,Sanders,Doctor 10,2023-08-20
P0563,Kimberly,Rodriguez,Doctor 19,2023-08-20
P0699,Jacob,Ruiz,Doctor 5,2023-08-20
P0747,Thomas,Hall,Doctor 12,2023-08-20
P0840,Anna,Allen,Doctor 2,2023-08-20
P0900,Gary,Hernandez,Doctor 14,2023-08-20
P0944,Ruth,Brooks,Doctor 8,2023-08-20
P0988,Jose,Morgan,Doctor 16,2023-08-20
P1093,Virginia,Ortiz,Doctor 8,2023-08-20
P1100,Jonathan,Cox,Doctor 3,2023-08-20
P1100,Jonathan,Cox,Doctor 3,2023-08-20
P1152,Sandra,Lopez,Doctor 4,2023-08-20
P1219,Laura,Scott,Doctor 6,2023-08-20
P1283,Samuel,Parker,Doctor 13,2023-08-20
P1338,Edward,Turner,Doctor 10,2023-08-20
P1394,Christopher,Evans,Doctor 11,2023-08-20
P1458,Kevin,Turner,Doctor 20,2023-08-20
P1579,Susan,Brooks,Doctor 1,2023-08-20
P1698,Deborah,Nguyen,Doctor 3,2023-08-20
P1768,Patricia,Thomas,Doctor 12,2023-08-20
P1855,Jessica,Nguyen,Doctor 19,2023-08-20
P1861,Gary,Peterson,Doctor 5,2023-08-20
P2007,Ryan,Sanchez,Doctor 20,2023-08-20
P2038,Andrew,Allen,Doctor 11,2023-08-20
P2047,Kimberly,Wilson,Doctor 1,2023-08-20
P2064,Carol,Watson,Doctor 13,2023-08-20
P2064,Carol,Watson,Doctor 13,2023-08-20
P2070,Andrew,Rivera,Doctor 10,2023-08-20
P2164,Jason,Clark,Doctor 4,2023-08-20
P2206,Patricia,Brown,Doctor 9,2023-08-20
P2222,Anthony,Kelly,Doctor 13,2023-08-20
P2264,Joshua,Brown,Doctor 12,2023-08-20
P0171,Edward,Jackson,Doctor 8,2023-08-21
P0285,Lisa,Gray,Doctor 17,2023-08-21
P0341,Deborah,Sanders,Doctor 6,2023-08-21
P0364,Rebecca,Martin,Doctor 9,2023-08-21
P0392,Alexander,Parker,Doctor 16,2023-08-21
P0494,Andrew,Cruz,Doctor 15,2023-08-21
P0497,Patrick,Price,Doctor 7,2023-08-21
P0522,Donna,Edwards,Doctor 3,2023-08-21
P0529,Brian,Ramirez,Doctor 7,2023-08-21
P0636,Ryan,Phillips,Doctor 4,2023-08-21
P0645,Virginia,Peterson,Doctor 7,2023-08-21
P0667,Richard,Nelson,Doctor 3,2023-08-21
P0688,Brenda,Lee,Doctor 19,2023-08-21
P0713,Kenneth,Adams,Doctor 2,2023-08-21
P0744,Eric,Garcia,Doctor 17,2023-08-21
P0805,Helen,Murphy,Doctor 9,2023-08-21
P0863,Brenda,James,Doctor 3,2023-08-21
P0870,Betty,Young,Doctor 10,2023-08-21
P0982,Jennifer,King,Doctor 19,2023-08-21
P1013,Robert,Anderson,Doctor 5,2023-08-21
P1032,Daniel,Thomas,Doctor 4,2023-08-21
P1038,Cynthia,Nelson,Doctor 1,2023-08-21
P1148,Ryan,Turner,Doctor 3,2023-08-21
P1206,Kimberly,Taylor,Doctor 5,2023-08-21
P1212,Michelle,Clark,Doctor 2,2023-08-21
P1362,William,Cooper,Doctor 6,2023-08-21
P1451,Gary,Bailey,Doctor 12,2023-08-21
P1552,Ronald,Cox,Doctor 5,2023-08-21
P1587,Matthew,Ward,Doctor 10,2023-08-21
P1589,Virginia,Chavez,Doctor 6,2023-08-21
P1660,Nancy,Campbell,Doctor 1,2023-08-21
P1671,Rebecca,Hughes,Doctor 6,2023-08-21
P1681,Samuel,Moore,Doctor 14,2023-08-21
P1717,Steven,Turner,Doctor 7,2023-08-21
P1741,Susan,Kim,Doctor 4,2023-08-21
P1920,Gary,Parker,Doctor 5,2023-08-21
P2019,Donald,Moore,Doctor 12,2023-08-21
P2114,Patrick,Jackson,Doctor 1,2023-08-21
P2117,Mary,Kelly,Doctor 20,2023-08-21
P2130,Sarah,Torres,Doctor 10,2023-08-21
P2187,Emma,Anderson,Doctor 20,2023-08-21
P2274,Linda,Ward,Doctor 9,2023-08-21
P2289,Donald,Bailey,Doctor 15,2023-08-21
P0313,Jason,Smith,Doctor 19,2023-08-22
P0334,Joseph,Diaz,Doctor 20,2023-08-22
P0341,Deborah,Sanders,Doctor 6,2023-08-22
P0388,Tyler,James,Doctor 10,2023-08-22
P0505,Nancy,Gutierrez,Doctor 13,2023-08-22
P0510,Laura,Martin,Doctor 13,2023-08-22
P0652,Joseph,Morales,Doctor 20,2023-08-22
P0664,Kenneth,White,Doctor 19,2023-08-22
P0712,Nancy,Jackson,Doctor 17,2023-08-22
P0926,Robert,Castillo,Doctor 13,2023-08-22
P0962,Laura,Garcia,Doctor 17,2023-08-22
P1116,Kevin,King,Doctor 9,2023-08-22
P1183,Robert,Nelson,Doctor 13,2023-08-22
P1288,Edward,Watson,Doctor 7,2023-08-22
P1348,Nancy,Evans,Doctor 9,2023-08-22
P1375,Brian,Gutierrez,Doctor 3,2023-08-22
P1396,Lisa,Walker,Doctor 3,2023-08-22
P1405,Scott,Lewis,Doctor 9,2023-08-22
P1425,Kevin,Wright,Doctor 8,2023-08-22
P1513,Sarah,Rodriguez,Doctor 11,2023-08-22
P1658,Samuel,Clark,Doctor 12,2023-08-22
P1660,Nancy,Campbell,Doctor 1,2023-08-22
P1682,Sandra,Stewart,Doctor 11,2023-08-22
P1733,Ryan,Castillo,Doctor 6,2023-08-22
P1748,David,Nelson,Doctor 4,2023-08-22
P1823,Jessica,Martin,Doctor 1,2023-08-22
P1877,Nancy,Garcia,Doctor 14,2023-08-22
P2059,Michael,Ortiz,Doctor 12,2023-08-22
P2093,Stephen,Murphy,Doctor 19,2023-08-22
P2238,Brian,Alvarez,Doctor 1,2023-08-22
P0242,Aaron,Myers,Doctor 11,2023-08-23
P0445,Melissa,Parker,Doctor 2,2023-08-23
P0716,Sarah,Howard,Doctor 1,2023-08-23
P0728,Helen,Jones,Doctor 4,2023-08-23
P0850,Frank,Carter,Doctor 16,2023-08-23
P0894,Kimberly,Nelson,Doctor 2,2023-08-23
P0990,Jerry,Baker,Doctor 18,2023-08-23
P0998,Justin,Brooks,Doctor 15,2023-08-23
P1032,Daniel,Thomas,Doctor 13,2023-08-23
P1063,Lisa,Ortiz,Doctor 9,2023-08-23
P1092,Elizabeth,James,Doctor 1,2023-08-23
P1180,Donna,Reed,Doctor 1,2023-08-23
P1223,Jonathan,Green,Doctor 9,2023-08-23
P1314,Rebecca,Mendoza,Doctor 5,2023-08-23
P1508,Amy,Morris,Doctor 5,2023-08-23
P1525,Donna,Brooks,Doctor 17,2023-08-23
P1733,Ryan,Castillo,Doctor 7,2023-08-23
P1796,Angela,Moore,Doctor 5,2023-08-23
P1862,James,Peterson,Doctor 10,2023-08-23
P1902,Anthony,Richardson,Doctor 15,2023-08-23
P2041,Sandra,Rivera,Doctor 6,2023-08-23
P2085,Linda,Richardson,Doctor 8,2023-08-23
P2124,Jonathan,Torres,Doctor 16,2023-08-23
P2158,Ronald,Smith,Doctor 1,2023-08-23
P2173,Jerry,Collins,Doctor 16,2023-08-23
P2213,Sandra,Hill,Doctor 11,2023-08-23
P2226,Linda,Miller,Doctor 5,2023-08-23
P0003,Brandon,Peterson,Doctor 1,2023-08-24
P0039,Edward,Miller,Doctor 19,2023-08-24
P0040,Sharon,Smith,Doctor 2,2023-08-24
P0150,Nicholas,Moore,Doctor 20,2023-08-24
P0170,Amy,Peterson,Doctor 17,2023-08-24
P0189,Helen,Scott,Doctor 3,2023-08-24
P0194,Aaron,Collins,Doctor 15,2023-08-24
P0210,Donna,Castillo,Doctor 8,2023-08-24
P0309,Robert,Green,Doctor 13,2023-08-24
P0446,Emma,Adams,Doctor 12,2023-08-24
P0451,Steven,Robinson,Doctor 5,2023-08-24
P0530,Brian,Nelson,Doctor 9,2023-08-24
P0570,Amy,Davis,Doctor 2,2023-08-24
P0581,Laura,Moore,Doctor 12,2023-08-24
P0668,Karen,Gomez,Doctor 18,2023-08-24
P0889,Jose,Cooper,Doctor 10,2023-08-24
P0973,Helen,Garcia,Doctor 8,2023-08-24
P1110,Benjamin,Williams,Doctor 9,2023-08-24
P1137,Anthony,Anderson,Doctor 12,2023-08-24
P1173,William,Sanders,Doctor 13,2023-08-24
P1276,Rebecca,Gonzalez,Doctor 5,2023-08-24
P1570,Susan,Martinez,Doctor 4,2023-08-24
P1662,Steven,Rivera,Doctor 7,2023-08-24
P1691,Benjamin,Hall,Doctor 5,2023-08-24
P1777,Lisa,Harris,Doctor 2,2023-08-24
P1799,James,Brooks,Doctor 11,2023-08-24
P2009,Karen,Smith,Doctor 20,2023-08-24
P2019,Donald,Moore,Doctor 17,2023-08-24
P2169,Michelle,Evans,Doctor 11,2023-08-24
P0149,Larry,Turner,Doctor 7,2023-08-25
P0208,Ryan,Clark,Doctor 16,2023-08-25
P0470,Michelle,Williams,Doctor 14,2023-08-25
P0481,Christopher,Bailey,Doctor 15,2023-08-25
P0553,Ruth,Anderson,Doctor 12,2023-08-25
P0564,Deborah,Gonzalez,Doctor 5,2023-08-25
P0571,Jessica,Ortiz,Doctor 12,2023-08-25
P0719,Jason,Walker,Doctor 2,2023-08-25
P0781,Jonathan,Miller,Doctor 11,2023-08-25
P0791,Carol,Cox,Doctor 3,2023-08-25
P0840,Anna,Allen,Doctor 12,2023-08-25
P0872,Robert,Scott,Doctor 17,2023-08-25
P0933,Steven,Harris,Doctor 18,2023-08-25
P1193,Justin,Ortiz,Doctor 12,2023-08-25
P1286,Susan,Taylor,Doctor 19,2023-08-25
P1290,Aaron,Alvarez,Doctor 7,2023-08-25
P1361,Elizabeth,Scott,Doctor 1,2023-08-25
P1379,Eric,Mendoza,Doctor 1,2023-08-25
P1420,Karen,James,Doctor 8,2023-08-25
P1441,Jack,Young,Doctor 13,2023-08-25
P1509,John,Hall,Doctor 4,2023-08-25
P1554,Kathleen,Brooks,Doctor 20,2023-08-25
P1585,Elizabeth,Davis,Doctor 10,2023-08-25
P1592,Michael,Murphy,Doctor 17,2023-08-25
P1699,Patrick,Stewart,Doctor 6,2023-08-25
P1699,Patrick,Stewart,Doctor 6,2023-08-25
P1787,Sharon,Ramos,Doctor 7,2023-08-25
P1885,James,Gomez,Doctor 14,2023-08-25
P1886,Shirley,Williams,Doctor 8,2023-08-25
P2119,Lisa,Nguyen,Doctor 18,2023-08-25
P2168,Larry,Allen,Doctor 1,2023-08-25
P2230,Jason,Edwards,Doctor 16,2023-08-25
P2232,Shirley,Green,Doctor 12,2023-08-25
P2239,Michael,Davis,Doctor 3,2023-08-25
P0006,Jessica,Collins,Doctor 14,2023-08-26
P0054,Steven,Green,Doctor 5,2023-08-26
P0079,Elizabeth,Murphy,Doctor 20,2023-08-26
P0103,John,Myers,Doctor 19,2023-08-26
P0121,Dennis,Cooper,Doctor 5,2023-08-26
P0125,Jerry,Martin,Doctor 12,2023-08-26
P0196,Donna,Chavez,Doctor 16,2023-08-26
P0206,Aaron,Allen,Doctor 6,2023-08-26
P0227,Jonathan,Bailey,Doctor 3,2023-08-26
P0263,Amy,Anderson,Doctor 14,2023-08-26
P0573,Barbara,Cooper,Doctor 8,2023-08-26
P0630,Betty,Thompson,Doctor 20,2023-08-26
P0655,Alexander,White,Doctor 17,2023-08-26
P0694,David,Taylor,Doctor 10,2023-08-26
P0817,Joshua,Scott,Doctor 3,2023-08-26
P0845,Gary,Watson,Doctor 8,2023-08-26
P0938,Nancy,Bennett,Doctor 20,2023-08-26
P0942,Dorothy,Wood,Doctor 14,2023-08-26
P1047,Robert,Taylor,Doctor 6,2023-08-26
P1074,Sharon,Allen,Doctor 16,2023-08-26
P1079,Frank,Harris,Doctor 4,2023-08-26
P1283,Samuel,Parker,Doctor 13,2023-08-26
P1320,Ryan,Young,Doctor 1,2023-08-26
P1472,Jose,Evans,Doctor 8,2023-08-26
P1473,Shirley,Nguyen,Doctor 5,2023-08-26
P1670,Betty,Lopez,Doctor 7,2023-08-26
P1672,Eric,Hill,Doctor 3,2023-08-26
P1798,Sandra,Kelly,Doctor 20,2023-08-26
P1829,Gregory,James,Doctor 1,2023-08-26
P1841,Scott,Martin,Doctor 19,2023-08-26
P1871,Dorothy,Thomas,Doctor 19,2023-08-26
P1960,Ruth,Taylor,Doctor 8,2023-08-26
P1986,Dorothy,Torres,Doctor 8,2023-08-26
P2180,Carol,Hall,Doctor 13,2023-08-26
P0153,Ryan,Peterson,Doctor 12,2023-08-27
P0156,Michelle,Cooper,Doctor 10,2023-08-27
P0169,Jose,King,Doctor 6,2023-08-27
P0192,Steven,Perez,Doctor 6,2023-08-27
P0205,Robert,Davis,Doctor 1,2023-08-27
P0205,Robert,Davis,Doctor 12,2023-08-27
P0248,Tyler,Brown,Doctor 12,2023-08-27
P0387,Samuel,Ward,Doctor 17,2023-08-27
P0390,Melissa,Ruiz,Doctor 17,2023-08-27
P0437,John,Ramirez,Doctor 1,2023-08-27
P0547,William,Collins,Doctor 10,2023-08-27
P0547,William,Collins,Doctor 16,2023-08-27
P0547,William,Collins,Doctor 14,2023-08-27
P0565,Jeffrey,Wilson,Doctor 15,2023-08-27
P0596,Nicholas,Ramos,Doctor 6,2023-08-27
P0623,Nicholas,Anderson,Doctor 7,2023-08-27
P0648,Daniel,Howard,Doctor 16,2023-08-27
P0728,Helen,Jones,Doctor 10,2023-08-27
P0781,Jonathan,Miller,Doctor 11,2023-08-27
P0907,Michelle,Phillips,Doctor 2,2023-08-27
P0927,Sharon,Morris,Doctor 5,2023-08-27
P1101,Deborah,Hernandez,Doctor 15,2023-08-27
P1111,Melissa,Baker,Doctor 15,2023-08-27
P1114,Dennis,Evans,Doctor 11,2023-08-27
P1117,Steven,Gray,Doctor 17,2023-08-27
P1463,Brian,Rodriguez,Doctor 17,2023-08-27
P1474,Ryan,Hernandez,Doctor 6,2023-08-27
P1641,Kenneth,Cook,Doctor 5,2023-08-27
P1644,Timothy,Lopez,Doctor 9,2023-08-27
P1677,Raymond,Davis,Doctor 10,2023-08-27
P1700,Donald,Morris,Doctor 13,2023-08-27
P1874,Shirley,Bailey,Doctor 13,2023-08-27
P1900,Andrew,Taylor,Doctor 6,2023-08-27
P1966,Mary,Baker,Doctor 2,2023-08-27
P1972,John,Reed,Doctor 14,2023-08-27
P2039,Richard,Wright,Doctor 4,2023-08-27
P2056,Nicholas,Watson,Doctor 2,2023-08-27
P2155,Alexander,Thompson,Doctor 17,2023-08-27
P2206,Patricia,Brown,Doctor 9,2023-08-27
P0060,Jessica,Robinson,Doctor 1,2023-08-28
P0109,Brandon,Cruz,Doctor 12,2023-08-28
P0140,Jessica,Clark,Doctor 3,2023-08-28
P0305,Brenda,Gonzalez,Doctor 10,2023-08-28
P0316,Jacob,Rogers,Doctor 15,2023-08-28
P0386,Barbara,Thompson,Doctor 6,2023-08-28
P0402,Jessica,King,Doctor 19,2023-08-28
P0423,Steven,Lopez,Doctor 16,2023-08-28
P0479,Larry,Moore,Doctor 20,2023-08-28
P0543,Amy,Brooks,Doctor 5,2023-08-28
P0555,Alexander,Sanchez,Doctor 8,2023-08-28
P0571,Jessica,Ortiz,Doctor 4,2023-08-28
P0602,Anna,Adams,Doctor 17,2023-08-28
P0657,Christopher,Ruiz,Doctor 5,2023-08-28
P0734,Mary,Nelson,Doctor 20,2023-08-28
P0906,Nancy,Brooks,Doctor 4,2023-08-28
P0932,Jessica,Torres,Doctor 7,2023-08-28
P1104,Jonathan,Cook,Doctor 13,2023-08-28
P1124,Richard,Garcia,Doctor 12,2023-08-28
P1136,Angela,Garcia,Doctor 7,2023-08-28
P1370,Steven,Martinez,Doctor 4,2023-08-28
P1503,Samuel,Kelly,Doctor 12,2023-08-28
P1535,Jessica,Bailey,Doctor 5,2023-08-28
P1718,Jose,Hall,Doctor 13,2023-08-28
P2003,Aaron,Campbell,Doctor 13,2023-08-28
P2074,Sarah,Campbell,Doctor 8,2023-08-28
P2093,Stephen,Murphy,Doctor 19,2023-08-28
P2153,Andrew,Sanchez,Doctor 13,2023-08-28
P2172,Alexander,Garcia,Doctor 13,2023-08-28
P0017,Ruth,Sanchez,Doctor 17,2023-08-29
P0047,Eric,Nguyen,Doctor 7,2023-08-29
P0051,Jessica,Wright,Doctor 15,2023-08-29
P0144,Betty,Thomas,Doctor 15,2023-08-29
P0201,Brandon,Hill,Doctor 8,2023-08-29
P0220,Frank,Lewis,Doctor 5,2023-08-29
P0291,Angela,Anderson,Doctor 11,2023-08-29
P0306,Patricia,Gray,Doctor 3,2023-08-29
P0533,Betty,Price,Doctor 11,2023-08-29
P0650,Stephen,Lee,Doctor 8,2023-08-29
P0664,Kenneth,White,Doctor 19,2023-08-29
P0710,Ronald,Evans,Doctor 1,2023-08-29
P0755,Lisa,Morgan,Doctor 3,2023-08-29
P0888,Deborah,King,Doctor 16,2023-08-29
P1025,Alexander,Harris,Doctor 18,2023-08-29
P1063,Lisa,Ortiz,Doctor 17,2023-08-29
P1122,Kenneth,Evans,Doctor 20,2023-08-29
P1187,Timothy,Williams,Doctor 18,2023-08-29
P1195,Eric,Scott,Doctor 11,2023-08-29
P1223,Jonathan,Green,Doctor 9,2023-08-29
P1305,Betty,Sanders,Doctor 20,2023-08-29
P1340,George,Myers,Doctor 11,2023-08-29
P1393,Eric,Smith,Doctor 3,2023-08-29
P1409,Kimberly,Sanchez,Doctor 1,2023-08-29
P1451,Gary,Bailey,Doctor 12,2023-08-29
P1495,Kimberly,Mendoza,Doctor 8,2023-08-29
P1562,Jerry,Hernandez,Doctor 6,2023-08-29
P1657,Ruth,Kim,Doctor 18,2023-08-29
P1697,William,Mendoza,Doctor 5,2023-08-29
P1732,Cynthia,Walker,Doctor 12,2023-08-29
P1875,Lisa,Brooks,Doctor 6,2023-08-29
P1933,Jose,Jones,Doctor 20,2023-08-29
P1944,Dorothy,Chavez,Doctor 1,2023-08-29
P1991,Mark,Peterson,Doctor 8,2023-08-29
P2259,Sharon,Morales,Doctor 18,2023-08-29
P0076,Patrick,Nelson,Doctor 16,2023-08-30
P0214,Frank,Torres,Doctor 19,2023-08-30
P0232,Daniel,Price,Doctor 5,2023-08-30
P0264,Donna,Perez,Doctor 10,2023-08-30
P0268,Deborah,Edwards,Doctor 10,2023-08-30
P0685,Daniel,Davis,Doctor 19,2023-08-30
P0723,Jessica,Cruz,Doctor 17,2023-08-30
P0739,Tyler,Rodriguez,Doctor 10,2023-08-30
P0778,Sandra,Alvarez,Doctor 18,2023-08-30
P0826,Helen,Mitchell,Doctor 7,2023-08-30
P0853,Justin,Myers,Doctor 3,2023-08-30
P0932,Jessica,Torres,Doctor 13,2023-08-30
P0990,Jerry,Baker,Doctor 18,2023-08-30
P1039,Jack,Ward,Doctor 12,2023-08-30
P1140,Raymond,Gutierrez,Doctor 20,2023-08-30
P1331,Susan,Reed,Doctor 17,2023-08-30
P1333,Joshua,Collins,Doctor 4,2023-08-30
P1357,Matthew,Wright,Doctor 1,2023-08-30
P1452,Kathleen,Rogers,Doctor 12,2023-08-30
P1485,Helen,Young,Doctor 3,2023-08-30
P1512,Brian,Parker,Doctor 5,2023-08-30
P1560,Amy,Flores,Doctor 20,2023-08-30
P1645,Brenda,Mendoza,Doctor 15,2023-08-30
P1652,Donna,Gomez,Doctor 5,2023-08-30
P1655,Charles,Brown,Doctor 6,2023-08-30
P1712,Sarah,Young,Doctor 18,2023-08-30
P1761,Betty,Anderson,Doctor 10,2023-08-30
P1804,Jack,Price,Doctor 3,2023-08-30
P1874,Shirley,Bailey,Doctor 8,2023-08-30
P1959,Richard,Morales,Doctor 11,2023-08-30
P2043,David,Kim,Doctor 16,2023-08-30
P2056,Nicholas,Watson,Doctor 2,2023-08-30
P2141,David,Morgan,Doctor 12,2023-08-30
P2143,Andrew,White,Doctor 17,2023-08-30
P2185,Richard,Edwards,Doctor 15,2023-08-30
P2253,George,Kelly,Doctor 11,2023-08-30
P0051,Jessica,Wright,Doctor 7,2023-08-31
P0394,Aaron,Cox,Doctor 9,2023-08-31
P0399,Jack,Hall,Doctor 13,2023-08-31
P0456,Betty,Myers,Doctor 8,2023-08-31
P0597,Michelle,Hall,Doctor 19,2023-08-31
P0649,Jack,Adams,Doctor 10,2023-08-31
P0651,Justin,Williams,Doctor 16,2023-08-31
P0715,Lisa,Cruz,Doctor 13,2023-08-31
P0725,Elizabeth,Ward,Doctor 12,2023-08-31
P0836,Donna,Hall,Doctor 2,2023-08-31
P0854,Anna,Lewis,Doctor 16,2023-08-31
P0870,Betty,Young,Doctor 10,2023-08-31
P0911,Aaron,Johnson,Doctor 12,2023-08-31
P1042,Kathleen,Evans,Doctor 7,2023-08-31
P1185,Lisa,Johnson,Doctor 12,2023-08-31
P1207,Nancy,Ortiz,Doctor 3,2023-08-31
P1279,Michelle,Sanders,Doctor 17,2023-08-31
P1518,Cynthia,Peterson,Doctor 20,2023-08-31
P1548,George,Reyes,Doctor 8,2023-08-31
P1556,Larry,James,Doctor 20,2023-08-31
P1560,Amy,Flores,Doctor 20,2023-08-31
P1575,Scott,King,Doctor 3,2023-08-31
P1637,John,Harris,Doctor 18,2023-08-31
P1645,Brenda,Mendoza,Doctor 4,2023-08-31
P1845,George,Cook,Doctor 15,2023-08-31
P1865,Sarah,Alvarez,Doctor 12,2023-08-31
P1872,Kathleen,Parker,Doctor 11,2023-08-31
P2031,Anna,Kelly,Doctor 14,2023-08-31
P2079,Matthew,Wood,Doctor 15,2023-08-31
P2176,Dennis,Lopez,Doctor 12,2023-08-31
P0002,Emma,Peterson,Doctor 11,2023-09-01
P0147,Brandon,Gomez,Doctor 18,2023-09-01
P0179,Jacob,Gray,Doctor 10,2023-09-01
P0191,Laura,Murphy,Doctor 20,2023-09-01
P0225,Amy,Cruz,Doctor 6,2023-09-01
P0263,Amy,Anderson,Doctor 16,2023-09-01
P0279,Gregory,Miller,Doctor 6,2023-09-01
P0346,Brandon,Hughes,Doctor 15,2023-09-01
P0379,Benjamin,Price,Doctor 15,2023-09-01
P0416,Nicholas,Davis,Doctor 8,2023-09-01
P0469,Kevin,Cruz,Doctor 15,2023-09-01
P0655,Alexander,White,Doctor 17,2023-09-01
P0692,Ryan,Sanders,Doctor 13,2023-09-01
P1113,Sharon,Richardson,Doctor 14,2023-09-01
P1166,Gregory,Carter,Doctor 16,2023-09-01
P1192,Jason,Turner,Doctor 15,2023-09-01
P1256,Brian,Ramos,Doctor 10,2023-09-01
P1282,Gregory,Rodriguez,Doctor 4,2023-09-01
P1294,Joseph,Adams,Doctor 10,2023-09-01
P1294,Joseph,Adams,Doctor 14,2023-09-01
P1369,Tyler,Robinson,Doctor 12,2023-09-01
P1443,Laura,Brooks,Doctor 19,2023-09-01
P1540,Patrick,Ramos,Doctor 11,2023-09-01
P1555,Jennifer,Wood,Doctor 1,2023-09-01
P1809,Steven,Sanchez,Doctor 4,2023-09-01
P1845,George,Cook,Doctor 15,2023-09-01
P1980,Larry,Morgan,Doctor 13,2023-09-01
P2129,Betty,Torres,Doctor 1,2023-09-01
P2229,Laura,Roberts,Doctor 8,2023-09-01
P2270,Justin,Davis,Doctor 12,2023-09-01
P0029,Laura,Thomas,Doctor 10,2023-09-02
P0349,Daniel,Reed,Doctor 5,2023-09-02
P0417,Justin,Garcia,Doctor 3,2023-09-02
P0458,Edward,Kim,Doctor 9,2023-09-02
P0458,Edward,Kim,Doctor 9,2023-09-02
P0482,Anthony,Lewis,Doctor 7,2023-09-02
P0506,George,Richardson,Doctor 18,2023-09-02
P0576,Donald,Howard,Doctor 7,2023-09-02
P0585,Eric,Gray,Doctor 6,2023-09-02
P0606,Lisa,Ramos,Doctor 16,2023-09-02
P0685,Daniel,Davis,Doctor 19,2023-09-02
P0692,Ryan,Sanders,Doctor 19,2023-09-02
P0871,Jose,Flores,Doctor 1,2023-09-02
P0917,Steven,Howard,Doctor 5,2023-09-02
P0922,Carol,Collins,Doctor 7,2023-09-02
P0941,Raymond,Torres,Doctor 20,2023-09-02
P0965,Brenda,King,Doctor 2,2023-09-02
P0967,Steven,Johnson,Doctor 3,2023-09-02
P1136,Angela,Garcia,Doctor 7,2023-09-02
P1398,James,Brown,Doctor 13,2023-09-02
P1482,Helen,White,Doctor 5,2023-09-02
P1516,Richard,Alvarez,Doctor 20,2023-09-02
P1549,Donald,Allen,Doctor 12,2023-09-02
P1669,Kimberly,Turner,Doctor 20,2023-09-02
P1677,Raymond,Davis,Doctor 14,2023-09-02
P1689,John,Kim,Doctor 20,2023-09-02
P1690,Emma,Garcia,Doctor 3,2023-09-02
P1701,Mary,Sanchez,Doctor 20,2023-09-02
P1709,Sandra,Jones,Doctor 5,2023-09-02
P1811,Elizabeth,Morales,Doctor 17,2023-09-02
P2039,Richard,Wright,Doctor 13,2023-09-02
P2052,Robert,Myers,Doctor 12,2023-09-02
P2058,Frank,Ward,Doctor 17,2023-09-02
P2075,Betty,Chavez,Doctor 12,2023-09-02
P2094,Charles,Lopez,Doctor 6,2023-09-02
P0018,Brenda,Anderson,Doctor 1,2023-09-03
P0077,Angela,Reyes,Doctor 20,2023-09-03
P0086,Joshua,Gray,Doctor 6,2023-09-03
P0093,Benjamin,Taylor,Doctor 20,2023-09-03
P0163,Jason,Robinson,Doctor 19,2023-09-03
P0258,Scott,Smith,Doctor 1,2023-09-03
P0370,Jonathan,Wilson,Doctor 8,2023-09-03
P0415,George,Miller,Doctor 8,2023-09-03
P0445,Melissa,Parker,Doctor 2,2023-09-03
P0495,Angela,Rogers,Doctor 6,2023-09-03
P0496,Nicholas,Gomez,Doctor 11,2023-09-03
P0545,Kimberly,Brooks,Doctor 11,2023-09-03
P0577,Ronald,Sanders,Doctor 17,2023-09-03
P0592,Brian,Jackson,Doctor 19,2023-09-03
P0625,Elizabeth,Collins,Doctor 12,2023-09-03
P0753,Nicholas,Clark,Doctor 10,2023-09-03
P0977,Karen,Torres,Doctor 8,2023-09-03
P0992,Mark,Reed,Doctor 5,2023-09-03
P0998,Justin,Brooks,Doctor 15,2023-09-03
P1075,Ruth,Martinez,Doctor 5,2023-09-03
P1143,Benjamin,Morris,Doctor 8,2023-09-03
P1323,Deborah,Taylor,Doctor 9,2023-09-03
P1407,Sharon,Rodriguez,Doctor 19,2023-09-03
P1408,Scott,Castillo,Doctor 18,2023-09-03
P1475,Jonathan,Edwards,Doctor 11,2023-09-03
P1539,Edward,Cox,Doctor 7,2023-09-03
P1554,Kathleen,Brooks,Doctor 20,2023-09-03
P1603,Jeffrey,Ruiz,Doctor 2,2023-09-03
P1719,Scott,Watson,Doctor 15,2023-09-03
P1802,Joseph,Cooper,Doctor 19,2023-09-03
P1864,Betty,Collins,Doctor 5,2023-09-03
P1867,Joshua,White,Doctor 5,2023-09-03
P1890,Lisa,Price,Doctor 16,2023-09-03
P1952,William,Flores,Doctor 19,2023-09-03
P1962,James,Gray,Doctor 10,2023-09-03
P2092,Kimberly,Cox,Doctor 2,2023-09-03
P2115,Raymond,Jones,Doctor 20,2023-09-03
P0108,Steven,Reed,Doctor 19,2023-09-04
P0207,Daniel,Baker,Doctor 1,2023-09-04
P0224,Kenneth,Murphy,Doctor 12,2023-09-04
P0293,Christopher,Carter,Doctor 12,2023-09-04
P0357,Jeffrey,Young,Doctor 6,2023-09-04
P0358,Laura,Young,Doctor 12,2023-09-04
P0379,Benjamin,Price,Doctor 2,2023-09-04
P0435,Eric,Johnson,Doctor 11,2023-09-04
P0497,Patrick,Price,Doctor 8,2023-09-04
P0559,Mark,Chavez,Doctor 4,2023-09-04
P0613,Jeffrey,Cook,Doctor 20,2023-09-04
P0694,David,Taylor,Doctor 10,2023-09-04
P0814,Jerry,Kelly,Doctor 1,2023-09-04
P0826,Helen,Mitchell,Doctor 6,2023-09-04
P0874,Aaron,Hall,Doctor 12,2023-09-04
P0925,Anna,Gonzalez,Doctor 8,2023-09-04
P0930,Anthony,Diaz,Doctor 11,2023-09-04
P0954,James,Wright,Doctor 9,2023-09-04
P1198,Patricia,Hall,Doctor 13,2023-09-04
P1199,Alexander,Green,Doctor 1,2023-09-04
P1440,Ruth,Allen,Doctor 4,2023-09-04
P1453,Frank,Gomez,Doctor 6,2023-09-04
P1559,Joseph,Johnson,Doctor 19,2023-09-04
P1885,James,Gomez,Doctor 8,2023-09-04
P1978,Jacob,Alvarez,Doctor 9,2023-09-04
P2005,Virginia,Lee,Doctor 18,2023-09-04
P2097,Linda,Lee,Doctor 11,2023-09-04
P2173,Jerry,Collins,Doctor 16,2023-09-04
P2287,Gary,Morris,Doctor 7,2023-09-04
P2296,Sharon,Diaz,Doctor 12,2023-09-04
P0138,Thomas,Bennett,Doctor 16,2023-09-05
P0291,Angela,Anderson,Doctor 14,2023-09-05
P0301,Linda,Hall,Doctor 13,2023-09-05
P0431,Jessica,Johnson,Doctor 3,2023-09-05
P0445,Melissa,Parker,Doctor 10,2023-09-05
P0518,Donna,Sanders,Doctor 11,2023-09-05
P0527,Jessica,Rogers,Doctor 6,2023-09-05
P0574,William,Johnson,Doctor 17,2023-09-05
P0627,Matthew,King,Doctor 20,2023-09-05
P0718,Ryan,Watson,Doctor 4,2023-09-05
P0806,Donald,Kim,Doctor 3,2023-09-05
P0825,Samuel,Walker,Doctor 13,2023-09-05
P0835,Matthew,Roberts,Doctor 15,2023-09-05
P0854,Anna,Lewis,Doctor 3,2023-09-05
P0893,Anna,Gomez,Doctor 9,2023-09-05
P0962,Laura,Garcia,Doctor 17,2023-09-05
P1098,Brenda,Cooper,Doctor 6,2023-09-05
P1260,Joshua,Hill,Doctor 5,2023-09-05
P1285,Shirley,Roberts,Doctor 9,2023-09-05
P1349,Kevin,Cooper,Doctor 1,2023-09-05
P1379,Eric,Mendoza,Doctor 6,2023-09-05
P1429,Steven,Jones,Doctor 10,2023-09-05
P1438,Joseph,Brooks,Doctor 5,2023-09-05
P1459,Sandra,Wright,Doctor 9,2023-09-05
P1588,George,Brooks,Doctor 7,2023-09-05
P1675,Gary,Roberts,Doctor 18,2023-09-05
P1802,Joseph,Cooper,Doctor 19,2023-09-05
P1844,John,Thomas,Doctor 3,2023-09-05
P1853,Joshua,Murphy,Doctor 12,2023-09-05
P1873,Jonathan,Turner,Doctor 1,2023-09-05
P2008,Benjamin,Martinez,Doctor 12,2023-09-05
P2081,Christopher,Castillo,Doctor 20,2023-09-05
P2217,Barbara,Sanchez,Doctor 20,2023-09-05
P0120,Rebecca,Nguyen,Doctor 2,2023-09-06
P0160,Angela,Lopez,Doctor 5,2023-09-06
P0174,Amy,Thompson,Doctor 10,2023-09-06
P0181,Raymond,Wood,Doctor 17,2023-09-06
P0223,Jacob,Parker,Doctor 6,2023-09-06
P0238,Eric,Parker,Doctor 18,2023-09-06
P0297,Samuel,Harris,Doctor 10,2023-09-06
P0388,Tyler,James,Doctor 10,2023-09-06
P0418,Jose,Rodriguez,Doctor 14,2023-09-06
P0479,Larry,Moore,Doctor 1,2023-09-06
P0495,Angela,Rogers,Doctor 10,2023-09-06
P0509,David,Myers,Doctor 10,2023-09-06
P0560,Donna,Watson,Doctor 16,2023-09-06
P0580,Ruth,Patel,Doctor 11,2023-09-06
P0663,Anna,Young,Doctor 18,2023-09-06
P0719,Jason,Walker,Doctor 2,2023-09-06
P0793,Virginia,Hill,Doctor 1,2023-09-06
P0797,Larry,Alvarez,Doctor 10,2023-09-06
P0858,Ruth,Gomez,Doctor 7,2023-09-06
P0978,Jessica,Mitchell,Doctor 10,2023-09-06
P1007,Carol,Taylor,Doctor 2,2023-09-06
P1183,Robert,Nelson,Doctor 13,2023-09-06
P1191,Michelle,Ramos,Doctor 13,2023-09-06
P1378,Karen,Richardson,Doctor 18,2023-09-06
P1535,Jessica,Bailey,Doctor 5,2023-09-06
P1546,Kathleen,Mitchell,Doctor 20,2023-09-06
P1752,Matthew,Perez,Doctor 5,2023-09-06
P1755,Patricia,Watson,Doctor 4,2023-09-06
P1757,Deborah,Parker,Doctor 13,2023-09-06
P1804,Jack,Price,Doctor 3,2023-09-06
P1846,Kenneth,Anderson,Doctor 16,2023-09-06
P1846,Kenneth,Anderson,Doctor 16,2023-09-06
P1855,Jessica,Nguyen,Doctor 5,2023-09-06
P1889,Richard,Wood,Doctor 8,2023-09-06
P1924,Anna,Cook,Doctor 13,2023-09-06
P1945,James,Richardson,Doctor 9,2023-09-06
P2263,Frank,Ruiz,Doctor 16,2023-09-06
P0062,Cynthia,Thomas,Doctor 16,2023-09-07
P0101,David,Rodriguez,Doctor 6,2023-09-07
P0173,Laura,Walker,Doctor 15,2023-09-07
P0212,Christopher,Lee,Doctor 12,2023-09-07
P0217,Elizabeth,Harris,Doctor 4,2023-09-07
P0351,Steven,Evans,Doctor 14,2023-09-07
P0372,Jeffrey,Wood,Doctor 6,2023-09-07
P0397,Scott,Sanchez,Doctor 6,2023-09-07
P0464,Ruth,Mitchell,Doctor 5,2023-09-07
P0540,Kenneth,Collins,Doctor 8,2023-09-07
P0745,Raymond,Wilson,Doctor 17,2023-09-07
P0881,Anthony,Thomas,Doctor 12,2023-09-07
P0982,Jennifer,King,Doctor 5,2023-09-07
P1021,Dennis,Kelly,Doctor 19,2023-09-07
P1126,Deborah,Clark,Doctor 9,2023-09-07
P1189,Ruth,Johnson,Doctor 3,2023-09-07
P1215,Betty,Hernandez,Doctor 6,2023-09-07
P1248,Lisa,White,Doctor 7,2023-09-07
P1338,Edward,Turner,Doctor 9,2023-09-07
P1433,Rebecca,Cook,Doctor 7,2023-09-07
P1550,Ruth,Howard,Doctor 7,2023-09-07
P1597,Joshua,Ward,Doctor 11,2023-09-07
P1601,Stephen,Peterson,Doctor 15,2023-09-07
P1613,Patrick,Thompson,Doctor 5,2023-09-07
P1758,Frank,Sanders,Doctor 16,2023-09-07
P1763,Brenda,Stewart,Doctor 20,2023-09-07
P1805,Dorothy,Young,Doctor 13,2023-09-07
P1993,Jessica,Stewart,Doctor 17,2023-09-07
P2013,Rebecca,Parker,Doctor 8,2023-09-07
P2086,Elizabeth,Patel,Doctor 19,2023-09-07
P2100,Robert,King,Doctor 8,2023-09-07
P2188,Donald,Reyes,Doctor 19,2023-09-07
P0021,Sharon,Torres,Doctor 15,2023-09-08
P0032,Timothy,James,Doctor 4,2023-09-08
P0099,Michael,Rivera,Doctor 17,2023-09-08
P0202,Brandon,Mendoza,Doctor 3,2023-09-08
P0247,Nancy,Lee,Doctor 6,2023-09-08
P0400,Brenda,Gray,Doctor 3,2023-09-08
P0466,Cynthia,Taylor,Doctor 16,2023-09-08
P0500,Anthony,Ramirez,Doctor 17,2023-09-08
P0523,Ryan,Kim,Doctor 8,2023-09-08
P0534,Richard,Morgan,Doctor 18,2023-09-08
P0623,Nicholas,Anderson,Doctor 16,2023-09-08
P0709,Justin,Scott,Doctor 15,2023-09-08
P0732,William,Reed,Doctor 11,2023-09-08
P0896,Sarah,Myers,Doctor 2,2023-09-08
P0992,Mark,Reed,Doctor 5,2023-09-08
P1054,Kimberly,Miller,Doctor 7,2023-09-08
P1082,Jose,Brown,Doctor 8,2023-09-08
P1155,Kenneth,Robinson,Doctor 17,2023-09-08
P1272,Thomas,Jones,Doctor 8,2023-09-08
P1318,Michelle,Nelson,Doctor 1,2023-09-08
P1341,Ruth,Moore,Doctor 18,2023-09-08
P1407,Sharon,Rodriguez,Doctor 19,2023-09-08
P1430,Ryan,Chavez,Doctor 2,2023-09-08
P1452,Kathleen,Rogers,Doctor 5,2023-09-08
P1607,Brandon,Diaz,Doctor 3,2023-09-08
P1630,Edward,Martinez,Doctor 3,2023-09-08
P1756,Brenda,Flores,Doctor 5,2023-09-08
P1779,Jessica,Green,Doctor 6,2023-09-08
P1800,Laura,Miller,Doctor 7,2023-09-08
P1829,Gregory,James,Doctor 16,2023-09-08
P2023,Deborah,Ramos,Doctor 4,2023-09-08
P2084,George,Green,Doctor 1,2023-09-08
P2272,Jonathan,Evans,Doctor 2,2023-09-08
P2305,Jessica,Young,Doctor 17,2023-09-08
P0038,Andrew,Wright,Doctor 15,2023-09-09
P0094,Jerry,Rogers,Doctor 2,2023-09-09
P0095,Lisa,Kelly,Doctor 8,2023-09-09
P0159,Anthony,Rivera,Doctor 17,2023-09-09
P0189,Helen,Scott,Doctor 13,2023-09-09
P0241,Donna,Moore,Doctor 14,2023-09-09
P0245,John,Phillips,Doctor 2,2023-09-09
P0251,Larry,Carter,Doctor 8,2023-09-09
P0376,Justin,Peterson,Doctor 13,2023-09-09
P0377,Benjamin,Ward,Doctor 8,2023-09-09
P0424,Raymond,Phillips,Doctor 14,2023-09-09
P0432,Michelle,Ortiz,Doctor 10,2023-09-09
P0449,Joshua,Gomez,Doctor 8,2023-09-09
P0463,Jeffrey,Hernandez,Doctor 7,2023-09-09
P0801,George,Ramos,Doctor 10,2023-09-09
P0849,Charles,Rivera,Doctor 7,2023-09-09
P1173,William,Sanders,Doctor 13,2023-09-09
P1393,Eric,Smith,Doctor 3,2023-09-09
P1484,Ruth,Baker,Doctor 17,2023-09-09
P1591,Karen,Evans,Doctor 15,2023-09-09
P1626,Joshua,Ramirez,Doctor 3,2023-09-09
P1680,Sharon,Hernandez,Doctor 1,2023-09-09
P1738,Amy,Taylor,Doctor 4,2023-09-09
P1787,Sharon,Ramos,Doctor 4,2023-09-09
P1925,Jonathan,Patel,Doctor 12,2023-09-09
P2036,Steven,Garcia,Doctor 10,2023-09-09
P2108,Betty,Reed,Doctor 12,2023-09-09
P2112,Carol,Moore,Doctor 7,2023-09-09
P2113,Jason,Torres,Doctor 8,2023-09-09
P2132,Christopher,Nelson,Doctor 11,2023-09-09
P2147,Angela,Morgan,Doctor 17,2023-09-09
P2171,Linda,Lewis,Doctor 20,2023-09-09
P0031,Edward,Cruz,Doctor 18,2023-09-10
P0070,Timothy,Torres,Doctor 13,2023-09-10
P0113,Donald,James,Doctor 15,2023-09-10
P0311,Carol,Ramos,Doctor 13,2023-09-10
P0358,Laura,Young,Doctor 12,2023-09-10
P0368,Carol,Hughes,Doctor 17,2023-09-10
P0401,Steven,Lee,Doctor 12,2023-09-10
P0464,Ruth,Mitchell,Doctor 15,2023-09-10
P0527,Jessica,Rogers,Doctor 6,2023-09-10
P0638,Donna,Bennett,Doctor 11,2023-09-10
P0645,Virginia,Peterson,Doctor 7,2023-09-10
P0742,Sarah,Cox,Doctor 2,2023-09-10
P0848,Matthew,Phillips,Doctor 19,2023-09-10
P0869,Helen,Perez,Doctor 6,2023-09-10
P0878,John,Martin,Doctor 2,2023-09-10
P1017,Laura,Gonzalez,Doctor 15,2023-09-10
P1270,Nancy,Murphy,Doctor 19,2023-09-10
P1395,Rebecca,Carter,Doctor 7,2023-09-10
P1515,Jose,Patel,Doctor 6,2023-09-10
P1615,Robert,Ortiz,Doctor 16,2023-09-10
P1653,Jonathan,Lewis,Doctor 19,2023-09-10
P1746,Justin,Morgan,Doctor 12,2023-09-10
P1751,James,Cook,Doctor 7,2023-09-10
P1756,Brenda,Flores,Doctor 5,2023-09-10
P1858,George,Alvarez,Doctor 9,2023-09-10
P2097,Linda,Lee,Doctor 9,2023-09-10
P2137,Brenda,Phillips,Doctor 15,2023-09-10
P2189,Carol,Perez,Doctor 17,2023-09-10
P2235,Richard,Rodriguez,Doctor 2,2023-09-10
P0012,Linda,Lopez,Doctor 2,2023-09-11
P0040,Sharon,Smith,Doctor 2,2023-09-11
P0087,Benjamin,Wright,Doctor 5,2023-09-11
P0157,Sharon,Wood,Doctor 19,2023-09-11
P0282,Thomas,Roberts,Doctor 9,2023-09-11
P0416,Nicholas,Davis,Doctor 14,2023-09-11
P0482,Anthony,Lewis,Doctor 7,2023-09-11
P0609,Cynthia,Roberts,Doctor 8,2023-09-11
P0632,Laura,Castillo,Doctor 13,2023-09-11
P0656,Edward,Hall,Doctor 19,2023-09-11
P0815,Barbara,Murphy,Doctor 16,2023-09-11
P0884,Virginia,Turner,Doctor 2,2023-09-11
P0940,Ronald,Chavez,Doctor 2,2023-09-11
P1046,Tyler,Nguyen,Doctor 2,2023-09-11
P1159,Donna,Taylor,Doctor 20,2023-09-11
P1309,Barbara,Walker,Doctor 4,2023-09-11
P1383,Carol,Reyes,Doctor 19,2023-09-11
P1544,Helen,Lopez,Doctor 10,2023-09-11
P1565,Ruth,Morgan,Doctor 19,2023-09-11
P1905,Michael,Scott,Doctor 17,2023-09-11
P1928,Patrick,Williams,Doctor 20,2023-09-11
P2071,Sarah,Price,Doctor 15,2023-09-11
P2182,Sandra,King,Doctor 3,2023-09-11
P0038,Andrew,Wright,Doctor 17,2023-09-12
P0114,Joseph,Carter,Doctor 11,2023-09-12
P0118,Sarah,Reed,Doctor 7,2023-09-12
P0134,William,Lewis,Doctor 19,2023-09-12
P0150,Nicholas,Moore,Doctor 9,2023-09-12
P0242,Aaron,Myers,Doctor 14,2023-09-12
P0445,Melissa,Parker,Doctor 10,2023-09-12
P0638,Donna,Bennett,Doctor 11,2023-09-12
P0659,Susan,Howard,Doctor 11,2023-09-12
P0670,Thomas,Evans,Doctor 18,2023-09-12
P0812,Jennifer,Flores,Doctor 18,2023-09-12
P0900,Gary,Hernandez,Doctor 14,2023-09-12
P0972,Jack,Cooper,Doctor 9,2023-09-12
P1037,Steven,Hall,Doctor 19,2023-09-12
P1085,Patrick,Gutierrez,Doctor 2,2023-09-12
P1100,Jonathan,Cox,Doctor 3,2023-09-12
P1181,Eric,Ramirez,Doctor 1,2023-09-12
P1286,Susan,Taylor,Doctor 5,2023-09-12
P1453,Frank,Gomez,Doctor 6,2023-09-12
P1617,Jessica,Peterson,Doctor 17,2023-09-12
P1645,Brenda,Mendoza,Doctor 9,2023-09-12
P1785,Samuel,Morris,Doctor 7,2023-09-12
P1971,George,Martin,Doctor 12,2023-09-12
P2196,Richard,Clark,Doctor 6,2023-09-12
P2302,Brenda,Myers,Doctor 17,2023-09-12
P0007,Anthony,Ramos,Doctor 11,2023-09-13
P0023,Joseph,Rodriguez,Doctor 17,2023-09-13
P0070,Timothy,Torres,Doctor 13,2023-09-13
P0142,Elizabeth,Evans,Doctor 13,2023-09-13
P0169,Jose,King,Doctor 6,2023-09-13
P0229,Justin,King,Doctor 1,2023-09-13
P0390,Melissa,Ruiz,Doctor 17,2023-09-13
P0440,Mary,Hill,Doctor 15,2023-09-13
P0503,Carol,James,Doctor 11,2023-09-13
P0505,Nancy,Gutierrez,Doctor 13,2023-09-13
P0507,Melissa,Smith,Doctor 19,2023-09-13
P0587,Larry,Cruz,Doctor 8,2023-09-13
P0664,Kenneth,White,Doctor 19,2023-09-13
P0767,Joseph,Miller,Doctor 13,2023-09-13
P0798,Steven,Bennett,Doctor 10,2023-09-13
P0807,Jessica,Taylor,Doctor 6,2023-09-13
P0819,Richard,Ramirez,Doctor 8,2023-09-13
P0899,Amy,Young,Doctor 15,2023-09-13
P0902,Lisa,Thompson,Doctor 14,2023-09-13
P0957,Sharon,Chavez,Doctor 10,2023-09-13
P1010,Joseph,Alvarez,Doctor 2,2023-09-13
P1073,Anthony,Smith,Doctor 7,2023-09-13
P1100,Jonathan,Cox,Doctor 14,2023-09-13
P1124,Richard,Garcia,Doctor 12,2023-09-13
P1265,Stephen,Reyes,Doctor 17,2023-09-13
P1292,Jessica,Anderson,Doctor 17,2023-09-13
P1342,Jose,Diaz,Doctor 18,2023-09-13
P1373,Jose,Cook,Doctor 3,2023-09-13
P1503,Samuel,Kelly,Doctor 17,2023-09-13
P1630,Edward,Martinez,Doctor 19,2023-09-13
P1681,Samuel,Moore,Doctor 14,2023-09-13
P1717,Steven,Turner,Doctor 7,2023-09-13
P1733,Ryan,Castillo,Doctor 7,2023-09-13
P1837,Kenneth,Parker,Doctor 14,2023-09-13
P1876,Melissa,Reyes,Doctor 1,2023-09-13
P1917,Carol,Cook,Doctor 12,2023-09-13
P1951,Susan,Wilson,Doctor 14,2023-09-13
P1996,Dorothy,Cook,Doctor 11,2023-09-13
P2069,Melissa,Morris,Doctor 2,2023-09-13
P2110,Donna,Thomas,Doctor 9,2023-09-13
P2179,Charles,Wilson,Doctor 19,2023-09-13
P2237,Cynthia,Wright,Doctor 14,2023-09-13
P2259,Sharon,Morales,Doctor 18,2023-09-13
P0010,Carol,Kelly,Doctor 1,2023-09-14
P0041,Virginia,Rogers,Doctor 8,2023-09-14
P0048,Samuel,Young,Doctor 8,2023-09-14
P0122,Larry,Ortiz,Doctor 16,2023-09-14
P0169,Jose,King,Doctor 6,2023-09-14
P0198,Sharon,Jackson,Doctor 6,2023-09-14
P0267,Karen,Roberts,Doctor 5,2023-09-14
P0286,Sharon,Ward,Doctor 5,2023-09-14
P0369,Raymond,Perez,Doctor 7,2023-09-14
P0475,Joseph,Campbell,Doctor 17,2023-09-14
P0547,William,Collins,Doctor 9,2023-09-14
P0568,Virginia,Davis,Doctor 13,2023-09-14
P0602,Anna,Adams,Doctor 17,2023-09-14
P0642,Stephen,Rivera,Doctor 8,2023-09-14
P0724,Richard,Flores,Doctor 2,2023-09-14
P0746,Kevin,Anderson,Doctor 12,2023-09-14
P0909,Scott,Morgan,Doctor 3,2023-09-14
P1059,Anthony,Martinez,Doctor 14,2023-09-14
P1059,Anthony,Martinez,Doctor 8,2023-09-14
P1275,William,Brooks,Doctor 14,2023-09-14
P1279,Michelle,Sanders,Doctor 3,2023-09-14
P1321,Cynthia,Nguyen,Doctor 10,2023-09-14
P1380,Helen,Bennett,Doctor 16,2023-09-14
P1387,Barbara,Cox,Doctor 2,2023-09-14
P1404,Laura,Gutierrez,Doctor 15,2023-09-14
P1506,Gregory,Thomas,Doctor 20,2023-09-14
P1507,Frank,Parker,Doctor 4,2023-09-14
P1696,Patrick,Lewis,Doctor 15,2023-09-14
P1709,Sandra,Jones,Doctor 5,2023-09-14
P1716,Sarah,Lee,Doctor 18,2023-09-14
P1728,Cynthia,Adams,Doctor 17,2023-09-14
P1755,Patricia,Watson,Doctor 4,2023-09-14
P1815,Kimberly,White,Doctor 2,2023-09-14
P1845,George,Cook,Doctor 15,2023-09-14
P2020,Benjamin,King,Doctor 10,2023-09-14
P2078,Donna,Gonzalez,Doctor 4,2023-09-14
P2230,Jason,Edwards,Doctor 20,2023-09-14
P2270,Justin,Davis,Doctor 12,2023-09-14
P0065,Betty,Ramos,Doctor 14,2023-09-15
P0167,Anna,Mendoza,Doctor 4,2023-09-15
P0222,Ryan,Taylor,Doctor 11,2023-09-15
P0224,Kenneth,Murphy,Doctor 20,2023-09-15
P0265,Angela,Bennett,Doctor 7,2023-09-15
P0326,Justin,Clark,Doctor 14,2023-09-15
P0328,Michael,Robinson,Doctor 4,2023-09-15
P0456,Betty,Myers,Doctor 8,2023-09-15
P0535,Carol,Green,Doctor 5,2023-09-15
P0560,Donna,Watson,Doctor 7,2023-09-15
P0639,Robert,Miller,Doctor 9,2023-09-15
P0756,Alexander,Clark,Doctor 11,2023-09-15
P0763,Lisa,King,Doctor 9,2023-09-15
P1116,Kevin,King,Doctor 14,2023-09-15
P1145,Charles,Anderson,Doctor 13,2023-09-15
P1168,Donna,Parker,Doctor 7,2023-09-15
P1216,Nancy,Reyes,Doctor 7,2023-09-15
P1324,Andrew,King,Doctor 12,2023-09-15
P1329,Kevin,Miller,Doctor 20,2023-09-15
P1349,Kevin,Cooper,Doctor 1,2023-09-15
P1353,Jeffrey,Martinez,Doctor 4,2023-09-15
P1360,Donald,Davis,Doctor 11,2023-09-15
P1377,Joshua,Nguyen,Doctor 1,2023-09-15
P1454,Melissa,Miller,Doctor 11,2023-09-15
P1472,Jose,Evans,Doctor 8,2023-09-15
P1481,Karen,Harris,Doctor 2,2023-09-15
P1547,Helen,Cooper,Doctor 15,2023-09-15
P1594,Linda,Ramirez,Doctor 19,2023-09-15
P1676,Jack,Martin,Doctor 17,2023-09-15
P1737,Michael,Cooper,Doctor 12,2023-09-15
P1846,Kenneth,Anderson,Doctor 6,2023-09-15
P1860,Kimberly,Torres,Doctor 8,2023-09-15
P1937,Brandon,Jones,Doctor 10,2023-09-15
P1990,Scott,Morris,Doctor 5,2023-09-15
P2047,Kimberly,Wilson,Doctor 2,2023-09-15
P2048,Timothy,Wright,Doctor 6,2023-09-15
P2053,Scott,Morales,Doctor 12,2023-09-15
P2180,Carol,Hall,Doctor 13,2023-09-15
P2249,Sandra,Bennett,Doctor 2,2023-09-15
P2276,George,Morris,Doctor 10,2023-09-15
P0183,Nancy,Edwards,Doctor 20,2023-09-16
P0201,Brandon,Hill,Doctor 15,2023-09-16
P0315,Charles,Chavez,Doctor 5,2023-09-16
P0462,Jennifer,Cox,Doctor 1,2023-09-16
P0496,Nicholas,Gomez,Doctor 16,2023-09-16
P0501,Samuel,Chavez,Doctor 18,2023-09-16
P0729,William,Smith,Doctor 7,2023-09-16
P0764,Larry,Rogers,Doctor 7,2023-09-16
P0792,Mary,Murphy,Doctor 9,2023-09-16
P0796,Jerry,Brooks,Doctor 18,2023-09-16
P0835,Matthew,Roberts,Doctor 13,2023-09-16
P0887,Lisa,Kim,Doctor 10,2023-09-16
P0952,Donna,Anderson,Doctor 2,2023-09-16
P1029,Lisa,Alvarez,Doctor 7,2023-09-16
P1130,Dorothy,Hill,Doctor 5,2023-09-16
P1264,Laura,Ruiz,Doctor 10,2023-09-16
P1376,William,Ruiz,Doctor 9,2023-09-16
P1384,Donald,Nelson,Doctor 9,2023-09-16
P1708,Thomas,Patel,Doctor 15,2023-09-16
P1775,Michelle,Jones,Doctor 10,2023-09-16
P1792,John,Lewis,Doctor 6,2023-09-16
P1898,Carol,Myers,Doctor 8,2023-09-16
P1935,Carol,Miller,Doctor 16,2023-09-16
P2053,Scott,Morales,Doctor 12,2023-09-16
P2105,Aaron,Perez,Doctor 14,2023-09-16
P2119,Lisa,Nguyen,Doctor 18,2023-09-16
P2175,Nancy,Richardson,Doctor 9,2023-09-16
P2238,Brian,Alvarez,Doctor 1,2023-09-16
P0103,John,Myers,Doctor 19,2023-09-17
P0204,Laura,Perez,Doctor 17,2023-09-17
P0266,Jason,Sanchez,Doctor 2,2023-09-17
P0268,Deborah,Edwards,Doctor 10,2023-09-17
P0297,Samuel,Harris,Doctor 10,2023-09-17
P0312,Helen,Reed,Doctor 15,2023-09-17
P0327,Brenda,Howard,Doctor 17,2023-09-17
P0342,Jeffrey,Kelly,Doctor 10,2023-09-17
P0582,Lisa,Sanchez,Doctor 15,2023-09-17
P0825,Samuel,Walker,Doctor 13,2023-09-17
P0836,Donna,Hall,Doctor 2,2023-09-17
P0959,Jonathan,Kelly,Doctor 15,2023-09-17
P0998,Justin,Brooks,Doctor 15,2023-09-17
P1025,Alexander,Harris,Doctor 15,2023-09-17
P1181,Eric,Ramirez,Doctor 2,2023-09-17
P1329,Kevin,Miller,Doctor 11,2023-09-17
P1356,James,Flores,Doctor 15,2023-09-17
P1366,Jonathan,King,Doctor 1,2023-09-17
P1367,Patrick,Bailey,Doctor 11,2023-09-17
P1537,Rebecca,Moore,Doctor 15,2023-09-17
P1540,Patrick,Ramos,Doctor 11,2023-09-17
P1560,Amy,Flores,Doctor 20,2023-09-17
P1631,Jack,White,Doctor 19,2023-09-17
P1704,Timothy,Ruiz,Doctor 8,2023-09-17
P1707,Joseph,Edwards,Doctor 19,2023-09-17
P1730,Tyler,Walker,Doctor 4,2023-09-17
P1874,Shirley,Bailey,Doctor 8,2023-09-17
P2000,Lisa,Cooper,Doctor 17,2023-09-17
P2021,Gregory,Jackson,Doctor 7,2023-09-17
P2111,James,Ortiz,Doctor 2,2023-09-17
P2236,Jason,Lee,Doctor 7,2023-09-17
P0018,Brenda,Anderson,Doctor 1,2023-09-18
P0022,Emma,Hernandez,Doctor 12,2023-09-18
P0139,Patricia,Reed,Doctor 3,2023-09-18
P0223,Jacob,Parker,Doctor 6,2023-09-18
P0338,Brandon,Thomas,Doctor 4,2023-09-18
P0435,Eric,Johnson,Doctor 10,2023-09-18
P0462,Jennifer,Cox,Doctor 1,2023-09-18
P0466,Cynthia,Taylor,Doctor 20,2023-09-18
P0490,Gary,Ramirez,Doctor 7,2023-09-18
P0584,Tyler,Alvarez,Doctor 2,2023-09-18
P0657,Christopher,Ruiz,Doctor 1,2023-09-18
P0702,Sharon,Cooper,Doctor 6,2023-09-18
P0728,Helen,Jones,Doctor 10,2023-09-18
P0831,David,Miller,Doctor 20,2023-09-18
P1073,Anthony,Smith,Doctor 1,2023-09-18
P1101,Deborah,Hernandez,Doctor 9,2023-09-18
P1143,Benjamin,Morris,Doctor 8,2023-09-18
P1256,Brian,Ramos,Doctor 10,2023-09-18
P1275,William,Brooks,Doctor 14,2023-09-18
P1337,Jessica,Cox,Doctor 3,2023-09-18
P1337,Jessica,Cox,Doctor 3,2023-09-18
P1373,Jose,Cook,Doctor 7,2023-09-18
P1508,Amy,Morris,Doctor 16,2023-09-18
P1610,Matthew,Taylor,Doctor 13,2023-09-18
P1626,Joshua,Ramirez,Doctor 3,2023-09-18
P1800,Laura,Miller,Doctor 7,2023-09-18
P1816,Benjamin,Rogers,Doctor 11,2023-09-18
P1848,Jack,Cox,Doctor 16,2023-09-18
P1914,Betty,Hall,Doctor 13,2023-09-18
P1936,Linda,Smith,Doctor 8,2023-09-18
P1982,Kathleen,Patel,Doctor 18,2023-09-18
P2103,Deborah,White,Doctor 10,2023-09-18
P2241,Jerry,Wilson,Doctor 11,2023-09-18
P2302,Brenda,Myers,Doctor 15,2023-09-18
P0079,Elizabeth,Murphy,Doctor 20,2023-09-19
P0142,Elizabeth,Evans,Doctor 4,2023-09-19
P0160,Angela,Lopez,Doctor 9,2023-09-19
P0160,Angela,Lopez,Doctor 9,2023-09-19
P0209,Benjamin,Campbell,Doctor 3,2023-09-19
P0214,Frank,Torres,Doctor 19,2023-09-19
P0324,Sharon,Howard,Doctor 12,2023-09-19
P0439,Joseph,Castillo,Doctor 14,2023-09-19
P0604,Nicholas,Murphy,Doctor 3,2023-09-19
P0635,Elizabeth,Lewis,Doctor 5,2023-09-19
P0635,Elizabeth,Lewis,Doctor 5,2023-09-19
P0801,George,Ramos,Doctor 10,2023-09-19
P0827,Anthony,Howard,Doctor 19,2023-09-19
P0902,Lisa,Thompson,Doctor 14,2023-09-19
P1004,Nancy,Kelly,Doctor 19,2023-09-19
P1016,Carol,Johnson,Doctor 2,2023-09-19
P1218,Scott,Torres,Doctor 12,2023-09-19
P1416,David,Roberts,Doctor 7,2023-09-19
P1461,Jonathan,Clark,Doctor 9,2023-09-19
P1521,Linda,Mitchell,Doctor 15,2023-09-19
P1535,Jessica,Bailey,Doctor 5,2023-09-19
P1558,Donald,Wood,Doctor 9,2023-09-19
P1559,Joseph,Johnson,Doctor 19,2023-09-19
P1657,Ruth,Kim,Doctor 3,2023-09-19
P1775,Michelle,Jones,Doctor 17,2023-09-19
P2076,Jerry,Ruiz,Doctor 7,2023-09-19
P2179,Charles,Wilson,Doctor 11,2023-09-19
P0025,Patricia,Hill,Doctor 9,2023-09-20
P0197,Timothy,Nguyen,Doctor 11,2023-09-20
P0298,Sarah,Jackson,Doctor 20,2023-09-20
P0334,Joseph,Diaz,Doctor 20,2023-09-20
P0379,Benjamin,Price,Doctor 1,2023-09-20
P0594,Shirley,Morales,Doctor 17,2023-09-20
P0741,James,Hall,Doctor 15,2023-09-20
P0797,Larry,Alvarez,Doctor 10,2023-09-20
P0829,Charles,Adams,Doctor 17,2023-09-20
P1129,Patricia,Mitchell,Doctor 15,2023-09-20
P1263,David,Turner,Doctor 3,2023-09-20
P1283,Samuel,Parker,Doctor 13,2023-09-20
P1299,Dennis,Parker,Doctor 17,2023-09-20
P1383,Carol,Reyes,Doctor 19,2023-09-20
P1385,Eric,Hall,Doctor 7,2023-09-20
P1476,Alexander,Moore,Doctor 12,2023-09-20
P1565,Ruth,Morgan,Doctor 19,2023-09-20
P1696,Patrick,Lewis,Doctor 16,2023-09-20
P1808,Linda,Wright,Doctor 15,2023-09-20
P1862,James,Peterson,Doctor 10,2023-09-20
P1991,Mark,Peterson,Doctor 2,2023-09-20
P2098,Shirley,Cook,Doctor 2,2023-09-20
P2183,Scott,Parker,Doctor 10,2023-09-20
P2200,James,Baker,Doctor 2,2023-09-20
P0144,Betty,Thomas,Doctor 15,2023-09-21
P0193,Alexander,Gonzalez,Doctor 10,2023-09-21
P0266,Jason,Sanchez,Doctor 13,2023-09-21
P0269,Jacob,Perez,Doctor 17,2023-09-21
P0380,Edward,Nelson,Doctor 6,2023-09-21
P0402,Jessica,King,Doctor 19,2023-09-21
P0492,Alexander,Davis,Doctor 3,2023-09-21
P0501,Samuel,Chavez,Doctor 18,2023-09-21
P0514,Timothy,Parker,Doctor 6,2023-09-21
P0549,Sarah,Garcia,Doctor 11,2023-09-21
P0570,Amy,Davis,Doctor 2,2023-09-21
P0644,Betty,Scott,Doctor 7,2023-09-21
P0729,William,Smith,Doctor 8,2023-09-21
P0743,Kimberly,James,Doctor 8,2023-09-21
P0808,Jennifer,Stewart,Doctor 10,2023-09-21
P0852,Lisa,Reed,Doctor 15,2023-09-21
P0867,Edward,Hill,Doctor 2,2023-09-21
P0886,Anna,Clark,Doctor 10,2023-09-21
P0974,Ruth,Smith,Doctor 16,2023-09-21
P0982,Jennifer,King,Doctor 2,2023-09-21
P1188,Melissa,Torres,Doctor 8,2023-09-21
P1330,Alexander,Young,Doctor 4,2023-09-21
P1356,James,Flores,Doctor 15,2023-09-21
P1443,Laura,Brooks,Doctor 19,2023-09-21
P1508,Amy,Morris,Doctor 16,2023-09-21
P1522,Karen,Ward,Doctor 15,2023-09-21
P1632,Amy,Mitchell,Doctor 20,2023-09-21
P1899,Jeffrey,Bailey,Doctor 20,2023-09-21
P1964,Betty,Nelson,Doctor 8,2023-09-21
P2182,Sandra,King,Doctor 3,2023-09-21
P2227,Jerry,Bennett,Doctor 2,2023-09-21
P0073,Michael,Torres,Doctor 4,2023-09-22
P0133,Helen,Walker,Doctor 12,2023-09-22
P0140,Jessica,Clark,Doctor 3,2023-09-22
P0193,Alexander,Gonzalez,Doctor 10,2023-09-22
P0209,Benjamin,Campbell,Doctor 8,2023-09-22
P0212,Christopher,Lee,Doctor 12,2023-09-22
P0305,Brenda,Gonzalez,Doctor 7,2023-09-22
P0353,Jacob,Cook,Doctor 5,2023-09-22
P0546,Alexander,Rivera,Doctor 9,2023-09-22
P0637,Charles,Ward,Doctor 19,2023-09-22
P0645,Virginia,Peterson,Doctor 6,2023-09-22
P0721,Laura,Bailey,Doctor 17,2023-09-22
P0779,Jeffrey,Price,Doctor 1,2023-09-22
P0795,Thomas,Clark,Doctor 5,2023-09-22
P0830,Daniel,Hughes,Doctor 10,2023-09-22
P0894,Kimberly,Nelson,Doctor 2,2023-09-22
P0937,Nancy,Cooper,Doctor 11,2023-09-22
P0940,Ronald,Chavez,Doctor 2,2023-09-22
P1104,Jonathan,Cook,Doctor 14,2023-09-22
P1106,Sandra,Morales,Doctor 4,2023-09-22
P1121,Tyler,Flores,Doctor 15,2023-09-22
P1278,Jessica,Bennett,Doctor 15,2023-09-22
P1295,Jessica,Hall,Doctor 20,2023-09-22
P1371,Carol,Gutierrez,Doctor 3,2023-09-22
P1736,Melissa,Diaz,Doctor 11,2023-09-22
P1763,Brenda,Stewart,Doctor 20,2023-09-22
P1766,Cynthia,Harris,Doctor 9,2023-09-22
P1967,Stephen,Rogers,Doctor 9,2023-09-22
P1996,Dorothy,Cook,Doctor 19,2023-09-22
P2009,Karen,Smith,Doctor 20,2023-09-22
P2039,Richard,Wright,Doctor 4,2023-09-22
P2054,Kenneth,Peterson,Doctor 3,2023-09-22
P2104,Sandra,Collins,Doctor 15,2023-09-22
P2130,Sarah,Torres,Doctor 8,2023-09-22
P2226,Linda,Miller,Doctor 15,2023-09-22
P2238,Brian,Alvarez,Doctor 4,2023-09-22
P2282,Virginia,James,Doctor 13,2023-09-22
P0092,Alexander,Wright,Doctor 2,2023-09-23
P0173,Laura,Walker,Doctor 15,2023-09-23
P0301,Linda,Hall,Doctor 15,2023-09-23
P0418,Jose,Rodriguez,Doctor 19,2023-09-23
P0464,Ruth,Mitchell,Doctor 15,2023-09-23
P0556,Lisa,Chavez,Doctor 16,2023-09-23
P0673,Laura,Edwards,Doctor 8,2023-09-23
P0702,Sharon,Cooper,Doctor 10,2023-09-23
P0757,Sandra,Brooks,Doctor 14,2023-09-23
P0885,Brandon,Harris,Doctor 4,2023-09-23
P0939,Christopher,Smith,Doctor 1,2023-09-23
P1103,Jeffrey,Moore,Doctor 16,2023-09-23
P1134,Mary,Lee,Doctor 17,2023-09-23
P1266,Michael,Ruiz,Doctor 7,2023-09-23
P1304,Jose,Price,Doctor 5,2023-09-23
P1424,Michelle,Scott,Doctor 11,2023-09-23
P1433,Rebecca,Cook,Doctor 8,2023-09-23
P1443,Laura,Brooks,Doctor 14,2023-09-23
P1513,Sarah,Rodriguez,Doctor 14,2023-09-23
P1630,Edward,Martinez,Doctor 18,2023-09-23
P1662,Steven,Rivera,Doctor 7,2023-09-23
P1702,Donna,James,Doctor 1,2023-09-23
P1704,Timothy,Ruiz,Doctor 4,2023-09-23
P1797,Jessica,Miller,Doctor 20,2023-09-23
P1821,Eric,White,Doctor 5,2023-09-23
P1883,Anna,Martin,Doctor 7,2023-09-23
P1942,Jeffrey,Lewis,Doctor 9,2023-09-23
P2007,Ryan,Sanchez,Doctor 20,2023-09-23
P2038,Andrew,Allen,Doctor 11,2023-09-23
P2073,Charles,Thompson,Doctor 20,2023-09-23
P2091,Donald,Miller,Doctor 7,2023-09-23
P2106,Anthony,Gutierrez,Doctor 12,2023-09-23
P2183,Scott,Parker,Doctor 17,2023-09-23
P2285,Barbara,Flores,Doctor 1,2023-09-23
P2290,Raymond,Bailey,Doctor 17,2023-09-23
P2291,Kimberly,Baker,Doctor 2,2023-09-23
P0084,Jonathan,Campbell,Doctor 12,2023-09-24
P0132,Amy,Patel,Doctor 13,2023-09-24
P0190,Betty,Edwards,Doctor 20,2023-09-24
P0290,Linda,Cruz,Doctor 16,2023-09-24
P0316,Jacob,Rogers,Doctor 12,2023-09-24
P0409,Jennifer,Mitchell,Doctor 5,2023-09-24
P0441,Kimberly,Cooper,Doctor 16,2023-09-24
P0466,Cynthia,Taylor,Doctor 4,2023-09-24
P0477,Betty,Roberts,Doctor 12,2023-09-24
P0511,Donald,Baker,Doctor 15,2023-09-24
P0533,Betty,Price,Doctor 15,2023-09-24
P0577,Ronald,Sanders,Doctor 17,2023-09-24
P0668,Karen,Gomez,Doctor 17,2023-09-24
P0700,Michelle,Kelly,Doctor 19,2023-09-24
P0844,Gary,Morgan,Doctor 18,2023-09-24
P0989,Matthew,Flores,Doctor 2,2023-09-24
P0992,Mark,Reed,Doctor 7,2023-09-24
P1026,Kevin,Cook,Doctor 18,2023-09-24
P1179,Emma,Howard,Doctor 6,2023-09-24
P1186,Donald,Gonzalez,Doctor 1,2023-09-24
P1326,Ronald,Adams,Doctor 13,2023-09-24
P1493,Karen,Wood,Doctor 15,2023-09-24
P1518,Cynthia,Peterson,Doctor 20,2023-09-24
P1533,Jerry,Ward,Doctor 10,2023-09-24
P1598,Mark,Cook,Doctor 17,2023-09-24
P1615,Robert,Ortiz,Doctor 17,2023-09-24
P1620,Scott,Robinson,Doctor 3,2023-09-24
P1622,Kimberly,Roberts,Doctor 6,2023-09-24
P1674,Edward,Hughes,Doctor 4,2023-09-24
P1714,Ruth,Ortiz,Doctor 7,2023-09-24
P1751,James,Cook,Doctor 7,2023-09-24
P1883,Anna,Martin,Doctor 18,2023-09-24
P1906,Amy,Kelly,Doctor 2,2023-09-24
P1922,Jack,Wilson,Doctor 18,2023-09-24
P2152,William,Cox,Doctor 19,2023-09-24
P2174,Timothy,Martin,Doctor 10,2023-09-24
P2175,Nancy,Richardson,Doctor 6,2023-09-24
P2179,Charles,Wilson,Doctor 11,2023-09-24
P2198,John,Hernandez,Doctor 6,2023-09-24
P0013,Sandra,Gomez,Doctor 9,2023-09-25
P0081,Charles,Martin,Doctor 3,2023-09-25
P0349,Daniel,Reed,Doctor 5,2023-09-25
P0422,Jerry,Lee,Doctor 17,2023-09-25
P0431,Jessica,Johnson,Doctor 11,2023-09-25
P0536,Thomas,Martinez,Doctor 18,2023-09-25
P0708,Raymond,Scott,Doctor 4,2023-09-25
P0868,Thomas,Nelson,Doctor 14,2023-09-25
P0945,Shirley,Gomez,Doctor 5,2023-09-25
P0976,Deborah,Davis,Doctor 16,2023-09-25
P0996,Melissa,Collins,Doctor 20,2023-09-25
P1116,Kevin,King,Doctor 14,2023-09-25
P1142,Jonathan,Johnson,Doctor 2,2023-09-25
P1305,Betty,Sanders,Doctor 20,2023-09-25
P1350,Gary,Nelson,Doctor 17,2023-09-25
P1396,Lisa,Walker,Doctor 20,2023-09-25
P1490,Charles,Carter,Doctor 17,2023-09-25
P1510,William,Wright,Doctor 9,2023-09-25
P1513,Sarah,Rodriguez,Doctor 14,2023-09-25
P1547,Helen,Cooper,Doctor 15,2023-09-25
P1572,Jacob,Brooks,Doctor 4,2023-09-25
P1675,Gary,Roberts,Doctor 18,2023-09-25
P1702,Donna,James,Doctor 1,2023-09-25
P1866,Frank,Morgan,Doctor 2,2023-09-25
P1896,Karen,Jones,Doctor 14,2023-09-25
P1960,Ruth,Taylor,Doctor 8,2023-09-25
P1969,Jacob,Gutierrez,Doctor 14,2023-09-25
P2066,Helen,Anderson,Doctor 16,2023-09-25
P2149,Laura,James,Doctor 13,2023-09-25
P2210,Rebecca,Gray,Doctor 14,2023-09-25
P0013,Sandra,Gomez,Doctor 9,2023-09-26
P0021,Sharon,Torres,Doctor 5,2023-09-26
P0385,Justin,Mendoza,Doctor 9,2023-09-26
P0476,Timothy,Flores,Doctor 20,2023-09-26
P0507,Melissa,Smith,Doctor 19,2023-09-26
P0538,Rebecca,Gutierrez,Doctor 13,2023-09-26
P0555,Alexander,Sanchez,Doctor 8,2023-09-26
P0557,Joshua,Jones,Doctor 20,2023-09-26
P0579,Joshua,Harris,Doctor 8,2023-09-26
P0598,Carol,Garcia,Doctor 4,2023-09-26
P0633,Sandra,Rogers,Doctor 17,2023-09-26
P0637,Charles,Ward,Doctor 19,2023-09-26
P0661,Joshua,Evans,Doctor 2,2023-09-26
P0756,Alexander,Clark,Doctor 8,2023-09-26
P0788,Laura,Turner,Doctor 17,2023-09-26
P0826,Helen,Mitchell,Doctor 6,2023-09-26
P0904,Aaron,Patel,Doctor 11,2023-09-26
P1220,Justin,Phillips,Doctor 6,2023-09-26
P1278,Jessica,Bennett,Doctor 4,2023-09-26
P1280,Nancy,Peterson,Doctor 3,2023-09-26
P1375,Brian,Gutierrez,Doctor 18,2023-09-26
P1410,Amy,Brown,Doctor 20,2023-09-26
P1412,Barbara,Cruz,Doctor 7,2023-09-26
P1465,Sarah,King,Doctor 3,2023-09-26
P1567,Steven,Cook,Doctor 18,2023-09-26
P1703,Sharon,Gray,Doctor 5,2023-09-26
P2158,Ronald,Smith,Doctor 1,2023-09-26
P2182,Sandra,King,Doctor 3,2023-09-26
P0116,Virginia,Watson,Doctor 15,2023-09-27
P0183,Nancy,Edwards,Doctor 20,2023-09-27
P0193,Alexander,Gonzalez,Doctor 10,2023-09-27
P0209,Benjamin,Campbell,Doctor 8,2023-09-27
P0226,Angela,Kelly,Doctor 4,2023-09-27
P0276,Scott,Davis,Doctor 17,2023-09-27
P0299,Daniel,Harris,Doctor 2,2023-09-27
P0332,Eric,Howard,Doctor 18,2023-09-27
P0367,Scott,Wood,Doctor 10,2023-09-27
P0407,Jeffrey,Wright,Doctor 11,2023-09-27
P0554,George,Gutierrez,Doctor 7,2023-09-27
P0661,Joshua,Evans,Doctor 12,2023-09-27
P0720,Jose,Jackson,Doctor 10,2023-09-27
P0736,Raymond,Walker,Doctor 5,2023-09-27
P0759,Carol,Rogers,Doctor 15,2023-09-27
P0817,Joshua,Scott,Doctor 3,2023-09-27
P0978,Jessica,Mitchell,Doctor 10,2023-09-27
P1000,Joshua,Carter,Doctor 17,2023-09-27
P1200,Nancy,Thompson,Doctor 9,2023-09-27
P1212,Michelle,Clark,Doctor 14,2023-09-27
P1242,Andrew,Campbell,Doctor 9,2023-09-27
P1258,Stephen,Roberts,Doctor 15,2023-09-27
P1285,Shirley,Roberts,Doctor 9,2023-09-27
P1327,Michelle,Young,Doctor 19,2023-09-27
P1329,Kevin,Miller,Doctor 11,2023-09-27
P1359,Susan,Flores,Doctor 12,2023-09-27
P1439,Brenda,Hernandez,Doctor 15,2023-09-27
P1461,Jonathan,Clark,Doctor 9,2023-09-27
P1468,Eric,Brown,Doctor 17,2023-09-27
P1586,Carol,Turner,Doctor 16,2023-09-27
P1865,Sarah,Alvarez,Doctor 12,2023-09-27
P1898,Carol,Myers,Doctor 19,2023-09-27
P1912,Helen,Brooks,Doctor 9,2023-09-27
P1914,Betty,Hall,Doctor 13,2023-09-27
P1936,Linda,Smith,Doctor 8,2023-09-27
P1988,Jonathan,Wright,Doctor 15,2023-09-27
P2104,Sandra,Collins,Doctor 17,2023-09-27
P2239,Michael,Davis,Doctor 3,2023-09-27
P0036,Angela,Cooper,Doctor 4,2023-09-28
P0367,Scott,Wood,Doctor 10,2023-09-28
P0381,Kathleen,Sanchez,Doctor 11,2023-09-28
P0415,George,Miller,Doctor 8,2023-09-28
P0476,Timothy,Flores,Doctor 20,2023-09-28
P0521,Michelle,Thomas,Doctor 1,2023-09-28
P0796,Jerry,Brooks,Doctor 18,2023-09-28
P0819,Richard,Ramirez,Doctor 12,2023-09-28
P0988,Jose,Morgan,Doctor 16,2023-09-28
P1024,Betty,Cox,Doctor 20,2023-09-28
P1115,Justin,Collins,Doctor 17,2023-09-28
P1232,Steven,Kelly,Doctor 6,2023-09-28
P1340,George,Myers,Doctor 4,2023-09-28
P1381,Karen,Sanders,Doctor 15,2023-09-28
P1571,Justin,Bailey,Doctor 19,2023-09-28
P1620,Scott,Robinson,Doctor 9,2023-09-28
P1813,Sandra,Ramos,Doctor 6,2023-09-28
P1868,Jeffrey,Miller,Doctor 11,2023-09-28
P1927,Nicholas,Collins,Doctor 8,2023-09-28
P1946,Sandra,Ortiz,Doctor 3,2023-09-28
P2033,Donna,Rivera,Doctor 20,2023-09-28
P2038,Andrew,Allen,Doctor 11,2023-09-28
P2105,Aaron,Perez,Doctor 14,2023-09-28
P2133,Scott,Cooper,Doctor 11,2023-09-28
P2149,Laura,James,Doctor 13,2023-09-28
P2243,Susan,Moore,Doctor 10,2023-09-28
P2281,Mary,Ruiz,Doctor 11,2023-09-28
P2281,Mary,Ruiz,Doctor 11,2023-09-28
P0074,Karen,Carter,Doctor 5,2023-09-29
P0249,Raymond,Hughes,Doctor 2,2023-09-29
P0255,Kenneth,Campbell,Doctor 19,2023-09-29
P0356,Ruth,Rivera,Doctor 16,2023-09-29
P0387,Samuel,Ward,Doctor 17,2023-09-29
P0423,Steven,Lopez,Doctor 4,2023-09-29
P0651,Justin,Williams,Doctor 16,2023-09-29
P0653,Karen,Young,Doctor 11,2023-09-29
P0670,Thomas,Evans,Doctor 18,2023-09-29
P0727,Benjamin,Rodriguez,Doctor 19,2023-09-29
P0815,Barbara,Murphy,Doctor 16,2023-09-29
P0849,Charles,Rivera,Doctor 3,2023-09-29
P0879,Sarah,Hall,Doctor 15,2023-09-29
P0969,Donna,Brown,Doctor 14,2023-09-29
P1045,Mary,Wright,Doctor 11,2023-09-29
P1053,Ruth,Lopez,Doctor 1,2023-09-29
P1075,Ruth,Martinez,Doctor 5,2023-09-29
P1130,Dorothy,Hill,Doctor 5,2023-09-29
P1199,Alexander,Green,Doctor 10,2023-09-29
P1220,Justin,Phillips,Doctor 6,2023-09-29
P1346,Donald,Richardson,Doctor 10,2023-09-29
P1424,Michelle,Scott,Doctor 11,2023-09-29
P1461,Jonathan,Clark,Doctor 5,2023-09-29
P1484,Ruth,Baker,Doctor 17,2023-09-29
P1507,Frank,Parker,Doctor 4,2023-09-29
P1512,Brian,Parker,Doctor 5,2023-09-29
P1515,Jose,Patel,Doctor 6,2023-09-29
P1536,Ronald,Allen,Doctor 5,2023-09-29
P1603,Jeffrey,Ruiz,Doctor 5,2023-09-29
P1636,Thomas,Anderson,Doctor 13,2023-09-29
P1703,Sharon,Gray,Doctor 20,2023-09-29
P1795,Sharon,Rivera,Doctor 20,2023-09-29
P1880,Dennis,Alvarez,Doctor 12,2023-09-29
P1893,Tyler,Wood,Doctor 20,2023-09-29
P1977,Deborah,Flores,Doctor 4,2023-09-29
P2076,Jerry,Ruiz,Doctor 7,2023-09-29
P2142,Patricia,Castillo,Doctor 19,2023-09-29
P2246,Shirley,Gray,Doctor 1,2023-09-29
P2289,Donald,Bailey,Doctor 15,2023-09-29
P0009,Gregory,Thompson,Doctor 19,2023-09-30
P0037,Rebecca,Sanchez,Doctor 11,2023-09-30
P0087,Benjamin,Wright,Doctor 5,2023-09-30
P0166,Michael,Moore,Doctor 12,2023-09-30
P0350,Sarah,Evans,Doctor 17,2023-09-30
P0456,Betty,Myers,Doctor 15,2023-09-30
P0481,Christopher,Bailey,Doctor 15,2023-09-30
P0488,Sharon,Mendoza,Doctor 6,2023-09-30
P0516,Samuel,Bennett,Doctor 8,2023-09-30
P0696,Larry,Reed,Doctor 7,2023-09-30
P0774,Justin,Watson,Doctor 19,2023-09-30
P0853,Justin,Myers,Doctor 3,2023-09-30
P0868,Thomas,Nelson,Doctor 15,2023-09-30
P0871,Jose,Flores,Doctor 1,2023-09-30
P1104,Jonathan,Cook,Doctor 14,2023-09-30
P1123,Barbara,Morales,Doctor 9,2023-09-30
P1184,Donna,Collins,Doctor 14,2023-09-30
P1278,Jessica,Bennett,Doctor 4,2023-09-30
P1319,Angela,Hughes,Doctor 15,2023-09-30
P1349,Kevin,Cooper,Doctor 2,2023-09-30
P1400,Patricia,Morris,Doctor 13,2023-09-30
P1577,Samuel,Thompson,Doctor 18,2023-09-30
P1623,Melissa,Lee,Doctor 17,2023-09-30
P1745,Anthony,Ruiz,Doctor 15,2023-09-30
P1828,George,Nguyen,Doctor 11,2023-09-30
P1852,Sharon,Nelson,Doctor 11,2023-09-30
P1995,Susan,Sanchez,Doctor 10,2023-09-30
P1996,Dorothy,Cook,Doctor 19,2023-09-30
P2051,Cynthia,Hernandez,Doctor 10,2023-09-30
P2086,Elizabeth,Patel,Doctor 19,2023-09-30
P2110,Donna,Thomas,Doctor 9,2023-09-30
P2250,Aaron,Wilson,Doctor 16,2023-09-30
P0003,Brandon,Peterson,Doctor 1,2023-10-01
P0154,Jonathan,Rodriguez,Doctor 16,2023-10-01
P0187,Jack,Sanchez,Doctor 9,2023-10-01
P0315,Charles,Chavez,Doctor 11,2023-10-01
P0344,Donna,Clark,Doctor 18,2023-10-01
P0345,Frank,Cooper,Doctor 17,2023-10-01
P0418,Jose,Rodriguez,Doctor 5,2023-10-01
P0420,Angela,Evans,Doctor 18,2023-10-01
P0619,Michelle,Davis,Doctor 6,2023-10-01
P0626,Patricia,Phillips,Doctor 17,2023-10-01
P0684,Carol,Scott,Doctor 15,2023-10-01
P0760,Cynthia,Lee,Doctor 3,2023-10-01
P0803,Jose,Peterson,Doctor 19,2023-10-01
P0904,Aaron,Patel,Doctor 11,2023-10-01
P0961,Helen,Lee,Doctor 17,2023-10-01
P1025,Alexander,Harris,Doctor 15,2023-10-01
P1093,Virginia,Ortiz,Doctor 9,2023-10-01
P1106,Sandra,Morales,Doctor 6,2023-10-01
P1128,Susan,Stewart,Doctor 5,2023-10-01
P1165,Helen,Collins,Doctor 15,2023-10-01
P1219,Laura,Scott,Doctor 6,2023-10-01
P1299,Dennis,Parker,Doctor 17,2023-10-01
P1487,Emma,Hill,Doctor 18,2023-10-01
P1618,Sarah,Jones,Doctor 20,2023-10-01
P1710,Michael,Peterson,Doctor 3,2023-10-01
P1759,Jacob,Robinson,Doctor 12,2023-10-01
P1836,Scott,Campbell,Doctor 14,2023-10-01
P1895,Eric,Morales,Doctor 6,2023-10-01
P1917,Carol,Cook,Doctor 12,2023-10-01
P2205,Thomas,Gonzalez,Doctor 9,2023-10-01
P0175,Kenneth,Castillo,Doctor 6,2023-10-02
P0243,Jeffrey,Patel,Doctor 17,2023-10-02
P0292,Tyler,Ramos,Doctor 18,2023-10-02
P0424,Raymond,Phillips,Doctor 14,2023-10-02
P0570,Amy,Davis,Doctor 2,2023-10-02
P0586,Jerry,Morales,Doctor 2,2023-10-02
P0605,Susan,Lee,Doctor 9,2023-10-02
P0649,Jack,Adams,Doctor 10,2023-10-02
P0698,Jessica,Mendoza,Doctor 2,2023-10-02
P0838,Lisa,Morris,Doctor 10,2023-10-02
P0968,Daniel,Phillips,Doctor 15,2023-10-02
P0975,Sharon,Flores,Doctor 7,2023-10-02
P1339,Sandra,Perez,Doctor 6,2023-10-02
P1376,William,Ruiz,Doctor 5,2023-10-02
P1500,Tyler,Williams,Doctor 7,2023-10-02
P1624,Jack,Myers,Doctor 13,2023-10-02
P1770,Jessica,Hernandez,Doctor 14,2023-10-02
P1789,Rebecca,Reyes,Doctor 17,2023-10-02
P1801,Frank,Campbell,Doctor 11,2023-10-02
P2039,Richard,Wright,Doctor 2,2023-10-02
P2139,Jason,Ortiz,Doctor 15,2023-10-02
P2196,Richard,Clark,Doctor 6,2023-10-02
P2222,Anthony,Kelly,Doctor 17,2023-10-02
P2254,Mark,Castillo,Doctor 16,2023-10-02
P0050,Sandra,Patel,Doctor 8,2023-10-03
P0209,Benjamin,Campbell,Doctor 8,2023-10-03
P0379,Benjamin,Price,Doctor 1,2023-10-03
P0523,Ryan,Kim,Doctor 8,2023-10-03
P0616,Deborah,Sanchez,Doctor 16,2023-10-03
P0626,Patricia,Phillips,Doctor 17,2023-10-03
P0695,Lisa,Ruiz,Doctor 6,2023-10-03
P0705,Ryan,Wright,Doctor 17,2023-10-03
P0717,Brenda,Martin,Doctor 15,2023-10-03
P0787,Richard,Brown,Doctor 17,2023-10-03
P0789,Justin,Hernandez,Doctor 12,2023-10-03
P0880,Carol,Flores,Doctor 19,2023-10-03
P0885,Brandon,Harris,Doctor 4,2023-10-03
P0888,Deborah,King,Doctor 16,2023-10-03
P0902,Lisa,Thompson,Doctor 14,2023-10-03
P0924,Matthew,Diaz,Doctor 17,2023-10-03
P1310,John,James,Doctor 6,2023-10-03
P1349,Kevin,Cooper,Doctor 2,2023-10-03
P1352,David,Wood,Doctor 15,2023-10-03
P1412,Barbara,Cruz,Doctor 7,2023-10-03
P1492,Deborah,Kim,Doctor 6,2023-10-03
P1602,Charles,Jones,Doctor 13,2023-10-03
P1660,Nancy,Campbell,Doctor 1,2023-10-03
P1670,Betty,Lopez,Doctor 7,2023-10-03
P1679,Barbara,Smith,Doctor 1,2023-10-03
P1731,Patricia,Chavez,Doctor 18,2023-10-03
P1792,John,Lewis,Doctor 6,2023-10-03
P1842,Donna,Carter,Doctor 11,2023-10-03
P1897,James,Lee,Doctor 15,2023-10-03
P2014,Justin,Sanchez,Doctor 8,2023-10-03
P2206,Patricia,Brown,Doctor 9,2023-10-03
P0002,Emma,Peterson,Doctor 11,2023-10-04
P0088,Frank,Edwards,Doctor 2,2023-10-04
P0117,Kimberly,Ruiz,Doctor 18,2023-10-04
P0275,Cynthia,Jones,Doctor 20,2023-10-04
P0419,Samuel,Phillips,Doctor 11,2023-10-04
P0455,Jonathan,Howard,Doctor 17,2023-10-04
P0653,Karen,Young,Doctor 11,2023-10-04
P0858,Ruth,Gomez,Doctor 7,2023-10-04
P1053,Ruth,Lopez,Doctor 1,2023-10-04
P1223,Jonathan,Green,Doctor 10,2023-10-04
P1246,Stephen,Ortiz,Doctor 20,2023-10-04
P1256,Brian,Ramos,Doctor 10,2023-10-04
P1322,Anna,Taylor,Doctor 7,2023-10-04
P1372,Betty,Lee,Doctor 16,2023-10-04
P1490,Charles,Carter,Doctor 17,2023-10-04
P1704,Timothy,Ruiz,Doctor 4,2023-10-04
P1722,Aaron,Mitchell,Doctor 3,2023-10-04
P1879,Brandon,Hall,Doctor 17,2023-10-04
P1955,Donald,Garcia,Doctor 11,2023-10-04
P1981,Edward,Collins,Doctor 6,2023-10-04
P1983,Samuel,Nelson,Doctor 13,2023-10-04
P1987,Barbara,Martinez,Doctor 6,2023-10-04
P2046,David,Young,Doctor 8,2023-10-04
P2053,Scott,Morales,Doctor 14,2023-10-04
P2084,George,Green,Doctor 1,2023-10-04
P2089,Charles,Reed,Doctor 16,2023-10-04
P2152,William,Cox,Doctor 19,2023-10-04
P2159,Alexander,Torres,Doctor 6,2023-10-04
P0004,Stephen,Richardson,Doctor 7,2023-10-05
P0171,Edward,Jackson,Doctor 8,2023-10-05
P0203,Michelle,Moore,Doctor 13,2023-10-05
P0245,John,Phillips,Doctor 2,2023-10-05
P0267,Karen,Roberts,Doctor 5,2023-10-05
P0352,Rebecca,Watson,Doctor 1,2023-10-05
P0485,Kimberly,Johnson,Doctor 13,2023-10-05
P0512,Eric,Williams,Doctor 10,2023-10-05
P0541,Kimberly,Adams,Doctor 20,2023-10-05
P0650,Stephen,Lee,Doctor 10,2023-10-05
P0679,Kimberly,Rivera,Doctor 11,2023-10-05
P0744,Eric,Garcia,Doctor 17,2023-10-05
P0749,Sharon,Rogers,Doctor 1,2023-10-05
P0795,Thomas,Clark,Doctor 5,2023-10-05
P0951,Barbara,Young,Doctor 4,2023-10-05
P0986,Emma,Nguyen,Doctor 3,2023-10-05
P1121,Tyler,Flores,Doctor 15,2023-10-05
P1143,Benjamin,Morris,Doctor 8,2023-10-05
P1163,Rebecca,Price,Doctor 12,2023-10-05
P1276,Rebecca,Gonzalez,Doctor 5,2023-10-05
P1343,Tyler,Perez,Doctor 18,2023-10-05
P1550,Ruth,Howard,Doctor 7,2023-10-05
P1570,Susan,Martinez,Doctor 6,2023-10-05
P1607,Brandon,Diaz,Doctor 3,2023-10-05
P1896,Karen,Jones,Doctor 17,2023-10-05
P1953,Sarah,Miller,Doctor 7,2023-10-05
P2093,Stephen,Murphy,Doctor 4,2023-10-05
P2166,Michelle,Wood,Doctor 17,2023-10-05
P0024,Nicholas,Gray,Doctor 5,2023-10-06
P0095,Lisa,Kelly,Doctor 8,2023-10-06
P0171,Edward,Jackson,Doctor 20,2023-10-06
P0232,Daniel,Price,Doctor 5,2023-10-06
P0363,Stephen,Ramirez,Doctor 20,2023-10-06
P0405,Kathleen,White,Doctor 8,2023-10-06
P0484,Dorothy,Cox,Doctor 10,2023-10-06
P0508,Jeffrey,Chavez,Doctor 16,2023-10-06
P0548,Timothy,Wood,Doctor 15,2023-10-06
P0633,Sandra,Rogers,Doctor 17,2023-10-06
P0647,Virginia,Cooper,Doctor 14,2023-10-06
P0662,Amy,Parker,Doctor 10,2023-10-06
P0737,Larry,Kim,Doctor 10,2023-10-06
P0752,Brandon,Sanders,Doctor 11,2023-10-06
P0850,Frank,Carter,Doctor 18,2023-10-06
P0920,George,Morales,Doctor 15,2023-10-06
P0940,Ronald,Chavez,Doctor 2,2023-10-06
P1011,Donald,Harris,Doctor 18,2023-10-06
P1088,Ronald,Roberts,Doctor 15,2023-10-06
P1160,Patricia,Wilson,Doctor 18,2023-10-06
P1199,Alexander,Green,Doctor 20,2023-10-06
P1224,Ryan,Alvarez,Doctor 9,2023-10-06
P1233,Deborah,Johnson,Doctor 14,2023-10-06
P1280,Nancy,Peterson,Doctor 3,2023-10-06
P1335,William,Nelson,Doctor 4,2023-10-06
P1363,David,Morales,Doctor 18,2023-10-06
P1375,Brian,Gutierrez,Doctor 18,2023-10-06
P1454,Melissa,Miller,Doctor 11,2023-10-06
P1506,Gregory,Thomas,Doctor 20,2023-10-06
P1515,Jose,Patel,Doctor 6,2023-10-06
P1518,Cynthia,Peterson,Doctor 20,2023-10-06
P1527,Donald,Peterson,Doctor 4,2023-10-06
P1576,Rebecca,Mitchell,Doctor 8,2023-10-06
P1593,Deborah,Smith,Doctor 11,2023-10-06
P1595,Amy,Kim,Doctor 18,2023-10-06
P1643,Christopher,Murphy,Doctor 9,2023-10-06
P1753,Kimberly,Rogers,Doctor 15,2023-10-06
P1836,Scott,Campbell,Doctor 14,2023-10-06
P1854,Robert,Hughes,Doctor 10,2023-10-06
P1939,Susan,Rivera,Doctor 7,2023-10-06
P2003,Aaron,Campbell,Doctor 5,2023-10-06
P2013,Rebecca,Parker,Doctor 8,2023-10-06
P2081,Christopher,Castillo,Doctor 20,2023-10-06
P2156,Steven,Ortiz,Doctor 4,2023-10-06
P2178,Sarah,Lewis,Doctor 1,2023-10-06
P0071,Helen,Phillips,Doctor 3,2023-10-07
P0121,Dennis,Cooper,Doctor 3,2023-10-07
P0186,Gary,Taylor,Doctor 6,2023-10-07
P0192,Steven,Perez,Doctor 8,2023-10-07
P0271,Ruth,Morales,Doctor 9,2023-10-07
P0371,Carol,Anderson,Doctor 9,2023-10-07
P0374,Angela,Gray,Doctor 7,2023-10-07
P0411,Rebecca,Kim,Doctor 4,2023-10-07
P0465,Kathleen,Edwards,Doctor 1,2023-10-07
P0474,Sarah,James,Doctor 8,2023-10-07
P0560,Donna,Watson,Doctor 7,2023-10-07
P0828,Gary,Gutierrez,Doctor 7,2023-10-07
P1005,Sandra,Gutierrez,Doctor 9,2023-10-07
P1149,James,Walker,Doctor 18,2023-10-07
P1161,Sarah,Mitchell,Doctor 9,2023-10-07
P1217,Jack,Howard,Doctor 8,2023-10-07
P1313,Mary,Scott,Doctor 3,2023-10-07
P1411,Jerry,Murphy,Doctor 10,2023-10-07
P1457,Timothy,Garcia,Doctor 4,2023-10-07
P1473,Shirley,Nguyen,Doctor 5,2023-10-07
P1523,Nicholas,Torres,Doctor 14,2023-10-07
P1556,Larry,James,Doctor 20,2023-10-07
P1559,Joseph,Johnson,Doctor 2,2023-10-07
P1706,Dennis,Gomez,Doctor 3,2023-10-07
P1899,Jeffrey,Bailey,Doctor 20,2023-10-07
P2023,Deborah,Ramos,Doctor 4,2023-10-07
P2187,Emma,Anderson,Doctor 8,2023-10-07
P0044,Scott,Rodriguez,Doctor 13,2023-10-08
P0135,Benjamin,Rivera,Doctor 14,2023-10-08
P0145,Jose,Cruz,Doctor 4,2023-10-08
P0232,Daniel,Price,Doctor 4,2023-10-08
P0295,Patrick,Johnson,Doctor 3,2023-10-08
P0315,Charles,Chavez,Doctor 11,2023-10-08
P0328,Michael,Robinson,Doctor 4,2023-10-08
P0355,Virginia,Williams,Doctor 9,2023-10-08
P0411,Rebecca,Kim,Doctor 8,2023-10-08
P0537,Lisa,Campbell,Doctor 19,2023-10-08
P0598,Carol,Garcia,Doctor 4,2023-10-08
P0640,Raymond,Price,Doctor 2,2023-10-08
P0656,Edward,Hall,Doctor 17,2023-10-08
P0681,Donna,Cooper,Doctor 12,2023-10-08
P0698,Jessica,Mendoza,Doctor 12,2023-10-08
P0837,Helen,Gray,Doctor 14,2023-10-08
P1019,Andrew,Ruiz,Doctor 20,2023-10-08
P1028,Lisa,Hughes,Doctor 16,2023-10-08
P1194,Kevin,Jackson,Doctor 12,2023-10-08
P1264,Laura,Ruiz,Doctor 1,2023-10-08
P1282,Gregory,Rodriguez,Doctor 4,2023-10-08
P1305,Betty,Sanders,Doctor 20,2023-10-08
P1312,Charles,Mitchell,Doctor 9,2023-10-08
P1451,Gary,Bailey,Doctor 15,2023-10-08
P1549,Donald,Allen,Doctor 10,2023-10-08
P1586,Carol,Turner,Doctor 16,2023-10-08
P1694,Stephen,Gomez,Doctor 6,2023-10-08
P1782,Sharon,Alvarez,Doctor 9,2023-10-08
P1790,Jessica,Rivera,Doctor 19,2023-10-08
P1870,Kevin,Allen,Doctor 10,2023-10-08
P2024,Kenneth,Ward,Doctor 15,2023-10-08
P2055,Shirley,Adams,Doctor 8,2023-10-08
P2060,Jonathan,Jones,Doctor 7,2023-10-08
P2077,Jeffrey,Peterson,Doctor 6,2023-10-08
P2263,Frank,Ruiz,Doctor 16,2023-10-08
P2301,Dennis,Reed,Doctor 10,2023-10-08
P0058,John,Young,Doctor 19,2023-10-09
P0106,Donna,Miller,Doctor 6,2023-10-09
P0229,Justin,King,Doctor 1,2023-10-09
P0281,Mary,Phillips,Doctor 10,2023-10-09
P0303,Emma,Green,Doctor 18,2023-10-09
P0410,Donald,Ramirez,Doctor 6,2023-10-09
P0489,Jennifer,Gutierrez,Doctor 14,2023-10-09
P0544,Frank,Clark,Doctor 10,2023-10-09
P0614,Carol,Thompson,Doctor 10,2023-10-09
P0615,Jack,Kim,Doctor 14,2023-10-09
P0743,Kimberly,James,Doctor 11,2023-10-09
P0906,Nancy,Brooks,Doctor 4,2023-10-09
P0919,Laura,Howard,Doctor 12,2023-10-09
P1058,Jennifer,Clark,Doctor 7,2023-10-09
P1241,Dorothy,White,Doctor 1,2023-10-09
P1364,Kathleen,Sanders,Doctor 9,2023-10-09
P1535,Jessica,Bailey,Doctor 12,2023-10-09
P1625,Patrick,Ortiz,Doctor 17,2023-10-09
P1755,Patricia,Watson,Doctor 4,2023-10-09
P1786,Matthew,Morales,Doctor 2,2023-10-09
P1832,Linda,Ruiz,Doctor 13,2023-10-09
P1884,Mary,Nguyen,Doctor 6,2023-10-09
P1887,Ryan,Stewart,Doctor 3,2023-10-09
P1915,Karen,Bennett,Doctor 9,2023-10-09
P2155,Alexander,Thompson,Doctor 17,2023-10-09
P2171,Linda,Lewis,Doctor 9,2023-10-09
P2202,Kimberly,King,Doctor 3,2023-10-09
P2255,Donna,Lewis,Doctor 4,2023-10-09
P0133,Helen,Walker,Doctor 12,2023-10-10
P0163,Jason,Robinson,Doctor 19,2023-10-10
P0219,Shirley,Scott,Doctor 14,2023-10-10
P0259,Betty,Johnson,Doctor 19,2023-10-10
P0388,Tyler,James,Doctor 10,2023-10-10
P0443,Laura,Mitchell,Doctor 4,2023-10-10
P0473,Stephen,Cooper,Doctor 20,2023-10-10
P0561,Karen,Kim,Doctor 14,2023-10-10
P0680,Barbara,Adams,Doctor 19,2023-10-10
P0744,Eric,Garcia,Doctor 11,2023-10-10
P0859,Anna,Reed,Doctor 4,2023-10-10
P0882,Daniel,Watson,Doctor 4,2023-10-10
P0909,Scott,Morgan,Doctor 3,2023-10-10
P0942,Dorothy,Wood,Doctor 14,2023-10-10
P0960,Donna,Ortiz,Doctor 11,2023-10-10
P1070,Michelle,Campbell,Doctor 16,2023-10-10
P1117,Steven,Gray,Doctor 17,2023-10-10
P1176,Eric,Roberts,Doctor 9,2023-10-10
P1379,Eric,Mendoza,Doctor 6,2023-10-10
P1459,Sandra,Wright,Doctor 9,2023-10-10
P1565,Ruth,Morgan,Doctor 3,2023-10-10
P1588,George,Brooks,Doctor 19,2023-10-10
P1657,Ruth,Kim,Doctor 3,2023-10-10
P1663,Richard,Jackson,Doctor 16,2023-10-10
P1684,Patricia,Rodriguez,Doctor 8,2023-10-10
P1800,Laura,Miller,Doctor 7,2023-10-10
P1905,Michael,Scott,Doctor 17,2023-10-10
P2048,Timothy,Wright,Doctor 6,2023-10-10
P2091,Donald,Miller,Doctor 4,2023-10-10
P2121,Mary,Wilson,Doctor 15,2023-10-10
P2137,Brenda,Phillips,Doctor 15,2023-10-10
P2168,Larry,Allen,Doctor 1,2023-10-10
P2205,Thomas,Gonzalez,Doctor 9,2023-10-10
P2245,Kimberly,Wright,Doctor 9,2023-10-10
P0016,Stephen,Ruiz,Doctor 9,2023-10-11
P0128,Eric,Nelson,Doctor 11,2023-10-11
P0216,Jennifer,Mendoza,Doctor 20,2023-10-11
P0340,Sarah,Bennett,Doctor 17,2023-10-11
P0349,Daniel,Reed,Doctor 5,2023-10-11
P0371,Carol,Anderson,Doctor 9,2023-10-11
P0412,Sandra,Wood,Doctor 1,2023-10-11
P0476,Timothy,Flores,Doctor 20,2023-10-11
P0589,Steven,Wood,Doctor 4,2023-10-11
P0876,Gary,Cook,Doctor 2,2023-10-11
P1084,Kenneth,Morales,Doctor 1,2023-10-11
P1151,Ronald,Clark,Doctor 17,2023-10-11
P1159,Donna,Taylor,Doctor 20,2023-10-11
P1190,Eric,Gonzalez,Doctor 7,2023-10-11
P1306,Betty,Gutierrez,Doctor 17,2023-10-11
P1334,Thomas,Miller,Doctor 16,2023-10-11
P1392,Barbara,Carter,Doctor 6,2023-10-11
P1429,Steven,Jones,Doctor 10,2023-10-11
P1613,Patrick,Thompson,Doctor 6,2023-10-11
P1981,Edward,Collins,Doctor 2,2023-10-11
P1981,Edward,Collins,Doctor 2,2023-10-11
P1993,Jessica,Stewart,Doctor 17,2023-10-11
P2028,Mark,Wright,Doctor 8,2023-10-11
P2075,Betty,Chavez,Doctor 12,2023-10-11
P2100,Robert,King,Doctor 10,2023-10-11
P2132,Christopher,Nelson,Doctor 11,2023-10-11
P0151,Kathleen,Castillo,Doctor 1,2023-10-12
P0247,Nancy,Lee,Doctor 4,2023-10-12
P0250,Rebecca,Wilson,Doctor 12,2023-10-12
P0287,Eric,Peterson,Doctor 12,2023-10-12
P0368,Carol,Hughes,Doctor 2,2023-10-12
P0532,Kimberly,Kim,Doctor 16,2023-10-12
P0594,Shirley,Morales,Doctor 2,2023-10-12
P0652,Joseph,Morales,Doctor 20,2023-10-12
P0671,Karen,Cook,Doctor 12,2023-10-12
P0790,Michelle,Thompson,Doctor 19,2023-10-12
P0810,Steven,James,Doctor 14,2023-10-12
P0947,Gregory,Mitchell,Doctor 4,2023-10-12
P1020,Jason,Perez,Doctor 5,2023-10-12
P1060,Kimberly,Martinez,Doctor 20,2023-10-12
P1078,Kevin,Johnson,Doctor 14,2023-10-12
P1097,James,Allen,Doctor 19,2023-10-12
P1144,Sharon,Miller,Doctor 12,2023-10-12
P1159,Donna,Taylor,Doctor 20,2023-10-12
P1474,Ryan,Hernandez,Doctor 4,2023-10-12
P1614,Nicholas,Hall,Doctor 17,2023-10-12
P1634,Kenneth,Thompson,Doctor 13,2023-10-12
P1703,Sharon,Gray,Doctor 4,2023-10-12
P1890,Lisa,Price,Doctor 16,2023-10-12
P1893,Tyler,Wood,Doctor 20,2023-10-12
P1947,Michelle,Brooks,Doctor 10,2023-10-12
P2010,Dorothy,Clark,Doctor 12,2023-10-12
P2018,Patrick,Myers,Doctor 12,2023-10-12
P2072,Brian,Cruz,Doctor 18,2023-10-12
P2122,Sarah,Gutierrez,Doctor 7,2023-10-12
P2144,Linda,Evans,Doctor 14,2023-10-12
P2151,Dorothy,Davis,Doctor 17,2023-10-12
P2242,Donna,Myers,Doctor 3,2023-10-12
P2276,George,Morris,Doctor 4,2023-10-12
P2291,Kimberly,Baker,Doctor 2,2023-10-12
P0014,Samuel,Anderson,Doctor 3,2023-10-13
P0123,Betty,Kelly,Doctor 15,2023-10-13
P0223,Jacob,Parker,Doctor 2,2023-10-13
P0227,Jonathan,Bailey,Doctor 15,2023-10-13
P0257,Nicholas,Reed,Doctor 13,2023-10-13
P0295,Patrick,Johnson,Doctor 3,2023-10-13
P0297,Samuel,Harris,Doctor 10,2023-10-13
P0404,Rebecca,Lee,Doctor 11,2023-10-13
P0635,Elizabeth,Lewis,Doctor 5,2023-10-13
P0691,Matthew,Davis,Doctor 1,2023-10-13
P0818,Donna,Roberts,Doctor 20,2023-10-13
P0843,Dennis,Thompson,Doctor 10,2023-10-13
P0850,Frank,Carter,Doctor 18,2023-10-13
P0870,Betty,Young,Doctor 6,2023-10-13
P0873,Alexander,Bailey,Doctor 16,2023-10-13
P0984,Edward,Myers,Doctor 7,2023-10-13
P0999,Samuel,Stewart,Doctor 6,2023-10-13
P1054,Kimberly,Miller,Doctor 7,2023-10-13
P1070,Michelle,Campbell,Doctor 16,2023-10-13
P1377,Joshua,Nguyen,Doctor 16,2023-10-13
P1516,Richard,Alvarez,Doctor 12,2023-10-13
P1545,Stephen,Wilson,Doctor 15,2023-10-13
P1562,Jerry,Hernandez,Doctor 6,2023-10-13
P1692,Jose,Adams,Doctor 3,2023-10-13
P1729,Michelle,Gomez,Doctor 15,2023-10-13
P1917,Carol,Cook,Doctor 5,2023-10-13
P2022,Emma,Allen,Doctor 8,2023-10-13
P2184,Michael,Sanchez,Doctor 14,2023-10-13
P2231,Jacob,Wilson,Doctor 10,2023-10-13
P2280,Sharon,Martinez,Doctor 5,2023-10-13
P0001,Nicholas,Peterson,Doctor 20,2023-10-14
P0080,Matthew,Hall,Doctor 17,2023-10-14
P0107,Carol,Richardson,Doctor 2,2023-10-14
P0119,Benjamin,Morales,Doctor 14,2023-10-14
P0231,Carol,Campbell,Doctor 12,2023-10-14
P0234,Alexander,Scott,Doctor 4,2023-10-14
P0266,Jason,Sanchez,Doctor 13,2023-10-14
P0343,Karen,Phillips,Doctor 3,2023-10-14
P0359,Steven,Wright,Doctor 6,2023-10-14
P0389,Sandra,Bailey,Doctor 6,2023-10-14
P0502,Deborah,Martinez,Doctor 16,2023-10-14
P0524,Raymond,Mendoza,Doctor 9,2023-10-14
P0990,Jerry,Baker,Doctor 18,2023-10-14
P1055,Jessica,Thomas,Doctor 20,2023-10-14
P1192,Jason,Turner,Doctor 10,2023-10-14
P1201,Jack,Wood,Doctor 12,2023-10-14
P1248,Lisa,White,Doctor 7,2023-10-14
P1397,Kevin,Rivera,Doctor 12,2023-10-14
P1633,Kimberly,Phillips,Doctor 8,2023-10-14
P1658,Samuel,Clark,Doctor 12,2023-10-14
P1672,Eric,Hill,Doctor 3,2023-10-14
P1760,Ronald,Brown,Doctor 7,2023-10-14
P1765,Cynthia,Gray,Doctor 13,2023-10-14
P1800,Laura,Miller,Doctor 7,2023-10-14
P1922,Jack,Wilson,Doctor 20,2023-10-14
P2022,Emma,Allen,Doctor 8,2023-10-14
P2281,Mary,Ruiz,Doctor 18,2023-10-14
P0106,Donna,Miller,Doctor 6,2023-10-15
P0117,Kimberly,Ruiz,Doctor 18,2023-10-15
P0136,Karen,Perez,Doctor 7,2023-10-15
P0240,Sandra,Mitchell,Doctor 3,2023-10-15
P0258,Scott,Smith,Doctor 15,2023-10-15
P0265,Angela,Bennett,Doctor 16,2023-10-15
P0277,Michelle,Howard,Doctor 16,2023-10-15
P0399,Jack,Hall,Doctor 4,2023-10-15
P0589,Steven,Wood,Doctor 4,2023-10-15
P0675,Deborah,Gray,Doctor 8,2023-10-15
P0683,Gregory,Clark,Doctor 1,2023-10-15
P0731,Richard,Gonzalez,Doctor 18,2023-10-15
P0736,Raymond,Walker,Doctor 9,2023-10-15
P0749,Sharon,Rogers,Doctor 6,2023-10-15
P0775,Mary,Smith,Doctor 19,2023-10-15
P0817,Joshua,Scott,Doctor 3,2023-10-15
P0890,Dennis,Sanchez,Doctor 8,2023-10-15
P0931,Edward,Hernandez,Doctor 15,2023-10-15
P1032,Daniel,Thomas,Doctor 13,2023-10-15
P1059,Anthony,Martinez,Doctor 8,2023-10-15
P1128,Susan,Stewart,Doctor 9,2023-10-15
P1207,Nancy,Ortiz,Doctor 3,2023-10-15
P1255,Jose,Gray,Doctor 16,2023-10-15
P1386,Sandra,Green,Doctor 6,2023-10-15
P1462,Nancy,Sanchez,Doctor 19,2023-10-15
P1494,Anthony,Cooper,Doctor 8,2023-10-15
P1511,William,Peterson,Doctor 19,2023-10-15
P1587,Matthew,Ward,Doctor 6,2023-10-15
P1589,Virginia,Chavez,Doctor 14,2023-10-15
P1656,Patricia,Gonzalez,Doctor 6,2023-10-15
P1663,Richard,Jackson,Doctor 16,2023-10-15
P1676,Jack,Martin,Doctor 8,2023-10-15
P1719,Scott,Watson,Doctor 15,2023-10-15
P1848,Jack,Cox,Doctor 16,2023-10-15
P1860,Kimberly,Torres,Doctor 8,2023-10-15
P1882,Justin,Kelly,Doctor 2,2023-10-15
P1909,Ruth,Watson,Doctor 17,2023-10-15
P1963,Lisa,Martin,Doctor 5,2023-10-15
P2012,Jennifer,Johnson,Doctor 20,2023-10-15
P2024,Kenneth,Ward,Doctor 15,2023-10-15
P2184,Michael,Sanchez,Doctor 14,2023-10-15
P2220,Kevin,Morales,Doctor 8,2023-10-15
P2249,Sandra,Bennett,Doctor 2,2023-10-15
P2301,Dennis,Reed,Doctor 11,2023-10-15
P0053,Lisa,Rogers,Doctor 11,2023-10-16
P0319,Raymond,Hill,Doctor 10,2023-10-16
P0332,Eric,Howard,Doctor 18,2023-10-16
P0353,Jacob,Cook,Doctor 3,2023-10-16
P0413,Anna,Chavez,Doctor 18,2023-10-16
P0458,Edward,Kim,Doctor 9,2023-10-16
P0523,Ryan,Kim,Doctor 8,2023-10-16
P0531,Anthony,Lee,Doctor 6,2023-10-16
P0600,Carol,Thomas,Doctor 17,2023-10-16
P0635,Elizabeth,Lewis,Doctor 10,2023-10-16
P0637,Charles,Ward,Doctor 19,2023-10-16
P0783,Larry,Hernandez,Doctor 18,2023-10-16
P0922,Carol,Collins,Doctor 13,2023-10-16
P0952,Donna,Anderson,Doctor 2,2023-10-16
P1029,Lisa,Alvarez,Doctor 3,2023-10-16
P1241,Dorothy,White,Doctor 1,2023-10-16
P1252,Ronald,Cooper,Doctor 17,2023-10-16
P1339,Sandra,Perez,Doctor 6,2023-10-16
P1352,David,Wood,Doctor 15,2023-10-16
P1488,Barbara,Harris,Doctor 8,2023-10-16
P1827,Dorothy,Patel,Doctor 20,2023-10-16
P1950,Justin,Reyes,Doctor 17,2023-10-16
P1997,Kevin,Flores,Doctor 16,2023-10-16
P2021,Gregory,Jackson,Doctor 18,2023-10-16
P2050,Joseph,Richardson,Doctor 10,2023-10-16
P2103,Deborah,White,Doctor 10,2023-10-16
P2257,Susan,Hall,Doctor 1,2023-10-16
P2282,Virginia,James,Doctor 17,2023-10-16
P0123,Betty,Kelly,Doctor 5,2023-10-17
P0386,Barbara,Thompson,Doctor 5,2023-10-17
P0566,Barbara,Moore,Doctor 9,2023-10-17
P0679,Kimberly,Rivera,Doctor 11,2023-10-17
P0699,Jacob,Ruiz,Doctor 5,2023-10-17
P1063,Lisa,Ortiz,Doctor 6,2023-10-17
P1140,Raymond,Gutierrez,Doctor 20,2023-10-17
P1209,Deborah,Garcia,Doctor 14,2023-10-17
P1222,Laura,Thompson,Doctor 15,2023-10-17
P1434,Sandra,Morgan,Doctor 11,2023-10-17
P1504,Betty,Walker,Doctor 4,2023-10-17
P1532,Dennis,Howard,Doctor 7,2023-10-17
P1571,Justin,Bailey,Doctor 3,2023-10-17
P1627,Robert,Patel,Doctor 11,2023-10-17
P1917,Carol,Cook,Doctor 5,2023-10-17
P1925,Jonathan,Patel,Doctor 12,2023-10-17
P2082,James,Bailey,Doctor 8,2023-10-17
P2181,Jack,Hill,Doctor 6,2023-10-17
P2248,Emma,Ramirez,Doctor 5,2023-10-17
P2251,Scott,Rogers,Doctor 16,2023-10-17
P0114,Joseph,Carter,Doctor 11,2023-10-18
P0184,Cynthia,Patel,Doctor 19,2023-10-18
P0631,Ronald,Johnson,Doctor 19,2023-10-18
P0802,Nicholas,Walker,Doctor 14,2023-10-18
P0928,Mary,Clark,Doctor 8,2023-10-18
P1042,Kathleen,Evans,Doctor 7,2023-10-18
P1168,Donna,Parker,Doctor 4,2023-10-18
P1168,Donna,Parker,Doctor 10,2023-10-18
P1172,Ruth,Ramirez,Doctor 13,2023-10-18
P1184,Donna,Collins,Doctor 16,2023-10-18
P1202,Jennifer,Carter,Doctor 7,2023-10-18
P1293,Patricia,Davis,Doctor 1,2023-10-18
P1310,John,James,Doctor 6,2023-10-18
P1526,Laura,Lee,Doctor 10,2023-10-18
P1624,Jack,Myers,Doctor 13,2023-10-18
P1805,Dorothy,Young,Doctor 14,2023-10-18
P1915,Karen,Bennett,Doctor 9,2023-10-18
P1941,Ruth,Rodriguez,Doctor 19,2023-10-18
P1944,Dorothy,Chavez,Doctor 13,2023-10-18
P1959,Richard,Morales,Doctor 11,2023-10-18
P2026,Justin,Brown,Doctor 13,2023-10-18
P2091,Donald,Miller,Doctor 4,2023-10-18
P2186,Kimberly,Evans,Doctor 15,2023-10-18
P2201,Joseph,Martin,Doctor 8,2023-10-18
P2246,Shirley,Gray,Doctor 17,2023-10-18
P0004,Stephen,Richardson,Doctor 7,2023-10-19
P0009,Gregory,Thompson,Doctor 19,2023-10-19
P0049,Anthony,Adams,Doctor 13,2023-10-19
P0097,Benjamin,Morgan,Doctor 3,2023-10-19
P0221,Andrew,Sanders,Doctor 10,2023-10-19
P0291,Angela,Anderson,Doctor 16,2023-10-19
P0338,Brandon,Thomas,Doctor 4,2023-10-19
P0487,Lisa,Lewis,Doctor 12,2023-10-19
P0572,Kimberly,Chavez,Doctor 2,2023-10-19
P0796,Jerry,Brooks,Doctor 13,2023-10-19
P0832,Carol,Wright,Doctor 6,2023-10-19
P0877,Helen,Stewart,Doctor 6,2023-10-19
P0913,Kenneth,Wright,Doctor 12,2023-10-19
P0942,Dorothy,Wood,Doctor 14,2023-10-19
P0947,Gregory,Mitchell,Doctor 4,2023-10-19
P1077,Patrick,Young,Doctor 13,2023-10-19
P1133,Virginia,Rivera,Doctor 9,2023-10-19
P1136,Angela,Garcia,Doctor 7,2023-10-19
P1161,Sarah,Mitchell,Doctor 13,2023-10-19
P1222,Laura,Thompson,Doctor 15,2023-10-19
P1270,Nancy,Murphy,Doctor 9,2023-10-19
P1302,Helen,Rodriguez,Doctor 2,2023-10-19
P1350,Gary,Nelson,Doctor 17,2023-10-19
P1370,Steven,Martinez,Doctor 18,2023-10-19
P1568,Raymond,Thomas,Doctor 1,2023-10-19
P1604,Nancy,Reed,Doctor 2,2023-10-19
P1726,Ronald,Mitchell,Doctor 16,2023-10-19
P1727,Brandon,Hernandez,Doctor 5,2023-10-19
P1766,Cynthia,Harris,Doctor 9,2023-10-19
P1848,Jack,Cox,Doctor 16,2023-10-19
P2075,Betty,Chavez,Doctor 3,2023-10-19
P2085,Linda,Richardson,Doctor 20,2023-10-19
P2132,Christopher,Nelson,Doctor 20,2023-10-19
P2145,Daniel,Lewis,Doctor 12,2023-10-19
P0313,Jason,Smith,Doctor 12,2023-10-20
P0317,Scott,Kelly,Doctor 8,2023-10-20
P0354,Jack,Ramirez,Doctor 12,2023-10-20
P0384,Sharon,Ortiz,Doctor 16,2023-10-20
P0384,Sharon,Ortiz,Doctor 16,2023-10-20
P0418,Jose,Rodriguez,Doctor 5,2023-10-20
P0478,Nancy,Ruiz,Doctor 12,2023-10-20
P0621,Raymond,Morris,Doctor 10,2023-10-20
P0759,Carol,Rogers,Doctor 15,2023-10-20
P0829,Charles,Adams,Doctor 15,2023-10-20
P0860,Laura,Richardson,Doctor 20,2023-10-20
P0865,Mark,Davis,Doctor 3,2023-10-20
P1159,Donna,Taylor,Doctor 20,2023-10-20
P1176,Eric,Roberts,Doctor 9,2023-10-20
P1196,Jason,Cook,Doctor 18,2023-10-20
P1274,Helen,Cruz,Doctor 7,2023-10-20
P1282,Gregory,Rodriguez,Doctor 4,2023-10-20
P1290,Aaron,Alvarez,Doctor 7,2023-10-20
P1317,Laura,Brown,Doctor 7,2023-10-20
P1357,Matthew,Wright,Doctor 1,2023-10-20
P1375,Brian,Gutierrez,Doctor 18,2023-10-20
P1429,Steven,Jones,Doctor 10,2023-10-20
P1434,Sandra,Morgan,Doctor 14,2023-10-20
P1494,Anthony,Cooper,Doctor 8,2023-10-20
P1624,Jack,Myers,Doctor 13,2023-10-20
P1788,Sarah,Diaz,Doctor 2,2023-10-20
P1830,Jack,Rivera,Doctor 3,2023-10-20
P1850,Carol,Phillips,Doctor 5,2023-10-20
P1957,Helen,Myers,Doctor 1,2023-10-20
P1996,Dorothy,Cook,Doctor 19,2023-10-20
P2088,Anthony,Carter,Doctor 14,2023-10-20
P2108,Betty,Reed,Doctor 12,2023-10-20
P2209,Jessica,Walker,Doctor 5,2023-10-20
P2256,Emma,Watson,Doctor 19,2023-10-20
P0045,Kimberly,Jackson,Doctor 8,2023-10-21
P0097,Benjamin,Morgan,Doctor 13,2023-10-21
P0221,Andrew,Sanders,Doctor 10,2023-10-21
P0340,Sarah,Bennett,Doctor 6,2023-10-21
P0509,David,Myers,Doctor 14,2023-10-21
P0723,Jessica,Cruz,Doctor 10,2023-10-21
P0901,Karen,King,Doctor 20,2023-10-21
P0901,Karen,King,Doctor 20,2023-10-21
P0997,Sarah,Parker,Doctor 5,2023-10-21
P1075,Ruth,Martinez,Doctor 5,2023-10-21
P1238,Brandon,Lee,Doctor 2,2023-10-21
P1245,Jessica,Allen,Doctor 6,2023-10-21
P1248,Lisa,White,Doctor 7,2023-10-21
P1250,Brian,Walker,Doctor 11,2023-10-21
P1316,Jose,Mendoza,Doctor 4,2023-10-21
P1344,Nicholas,Price,Doctor 1,2023-10-21
P1438,Joseph,Brooks,Doctor 5,2023-10-21
P1439,Brenda,Hernandez,Doctor 8,2023-10-21
P1488,Barbara,Harris,Doctor 8,2023-10-21
P1552,Ronald,Cox,Doctor 5,2023-10-21
P1662,Steven,Rivera,Doctor 20,2023-10-21
P1764,Andrew,Lewis,Doctor 11,2023-10-21
P1793,Gary,Ramos,Doctor 3,2023-10-21
P1980,Larry,Morgan,Doctor 13,2023-10-21
P2088,Anthony,Carter,Doctor 3,2023-10-21
P2166,Michelle,Wood,Doctor 17,2023-10-21
P2189,Carol,Perez,Doctor 14,2023-10-21
P2248,Emma,Ramirez,Doctor 19,2023-10-21
P2294,Donald,Diaz,Doctor 14,2023-10-21
P0032,Timothy,James,Doctor 11,2023-10-22
P0262,William,Nguyen,Doctor 2,2023-10-22
P0376,Justin,Peterson,Doctor 11,2023-10-22
P0476,Timothy,Flores,Doctor 20,2023-10-22
P0490,Gary,Ramirez,Doctor 18,2023-10-22
P0555,Alexander,Sanchez,Doctor 8,2023-10-22
P0609,Cynthia,Roberts,Doctor 8,2023-10-22
P0621,Raymond,Morris,Doctor 10,2023-10-22
P0691,Matthew,Davis,Doctor 1,2023-10-22
P0807,Jessica,Taylor,Doctor 6,2023-10-22
P0858,Ruth,Gomez,Doctor 18,2023-10-22
P0880,Carol,Flores,Doctor 19,2023-10-22
P0920,George,Morales,Doctor 15,2023-10-22
P0952,Donna,Anderson,Doctor 2,2023-10-22
P1163,Rebecca,Price,Doctor 12,2023-10-22
P1187,Timothy,Williams,Doctor 12,2023-10-22
P1278,Jessica,Bennett,Doctor 4,2023-10-22
P1328,Frank,Diaz,Doctor 5,2023-10-22
P1335,William,Nelson,Doctor 8,2023-10-22
P1385,Eric,Hall,Doctor 19,2023-10-22
P1595,Amy,Kim,Doctor 6,2023-10-22
P1648,Eric,Sanchez,Doctor 16,2023-10-22
P1697,William,Mendoza,Doctor 1,2023-10-22
P1760,Ronald,Brown,Doctor 17,2023-10-22
P2115,Raymond,Jones,Doctor 20,2023-10-22
P2185,Richard,Edwards,Doctor 15,2023-10-22
P2257,Susan,Hall,Doctor 1,2023-10-22
P2304,Nancy,Wood,Doctor 8,2023-10-22
P0046,Jack,Alvarez,Doctor 3,2023-10-23
P0072,Sandra,James,Doctor 5,2023-10-23
P0119,Benjamin,Morales,Doctor 14,2023-10-23
P0169,Jose,King,Doctor 6,2023-10-23
P0169,Jose,King,Doctor 11,2023-10-23
P0184,Cynthia,Patel,Doctor 19,2023-10-23
P0329,Joseph,Sanders,Doctor 10,2023-10-23
P0459,Sarah,Kim,Doctor 1,2023-10-23
P0546,Alexander,Rivera,Doctor 16,2023-10-23
P0576,Donald,Howard,Doctor 14,2023-10-23
P0599,Jerry,Moore,Doctor 8,2023-10-23
P0604,Nicholas,Murphy,Doctor 15,2023-10-23
P0741,James,Hall,Doctor 3,2023-10-23
P0849,Charles,Rivera,Doctor 6,2023-10-23
P0860,Laura,Richardson,Doctor 10,2023-10-23
P0892,Elizabeth,Baker,Doctor 9,2023-10-23
P1034,Timothy,Rivera,Doctor 12,2023-10-23
P1409,Kimberly,Sanchez,Doctor 10,2023-10-23
P1575,Scott,King,Doctor 3,2023-10-23
P1708,Thomas,Patel,Doctor 8,2023-10-23
P1771,Raymond,Morales,Doctor 12,2023-10-23
P1809,Steven,Sanchez,Doctor 4,2023-10-23
P1854,Robert,Hughes,Doctor 10,2023-10-23
P1857,Stephen,Lewis,Doctor 15,2023-10-23
P1966,Mary,Baker,Doctor 2,2023-10-23
P1977,Deborah,Flores,Doctor 15,2023-10-23
P2065,Robert,White,Doctor 1,2023-10-23
P2127,Deborah,Morgan,Doctor 9,2023-10-23
P2131,Lisa,Lopez,Doctor 12,2023-10-23
P2272,Jonathan,Evans,Doctor 6,2023-10-23
P2281,Mary,Ruiz,Doctor 12,2023-10-23
P0091,Brandon,Kim,Doctor 15,2023-10-24
P0129,Richard,Kim,Doctor 10,2023-10-24
P0199,Kevin,Thomas,Doctor 11,2023-10-24
P0244,George,Brown,Doctor 3,2023-10-24
P0307,Nancy,Scott,Doctor 1,2023-10-24
P0455,Jonathan,Howard,Doctor 17,2023-10-24
P0472,Jerry,Sanders,Doctor 1,2023-10-24
P0505,Nancy,Gutierrez,Doctor 13,2023-10-24
P0528,Frank,Price,Doctor 1,2023-10-24
P0532,Kimberly,Kim,Doctor 13,2023-10-24
P0721,Laura,Bailey,Doctor 17,2023-10-24
P0732,William,Reed,Doctor 11,2023-10-24
P0812,Jennifer,Flores,Doctor 18,2023-10-24
P0822,Ryan,Mitchell,Doctor 11,2023-10-24
P0897,Linda,Wood,Doctor 11,2023-10-24
P1068,Andrew,Bailey,Doctor 2,2023-10-24
P1132,Cynthia,Young,Doctor 20,2023-10-24
P1146,Jose,Chavez,Doctor 4,2023-10-24
P1247,Steven,Myers,Doctor 17,2023-10-24
P1286,Susan,Taylor,Doctor 14,2023-10-24
P1319,Angela,Hughes,Doctor 15,2023-10-24
P1439,Brenda,Hernandez,Doctor 8,2023-10-24
P1493,Karen,Wood,Doctor 15,2023-10-24
P1653,Jonathan,Lewis,Doctor 17,2023-10-24
P1696,Patrick,Lewis,Doctor 16,2023-10-24
P1778,Daniel,Rivera,Doctor 18,2023-10-24
P1794,Laura,Cruz,Doctor 2,2023-10-24
P1819,Carol,Edwards,Doctor 10,2023-10-24
P1871,Dorothy,Thomas,Doctor 16,2023-10-24
P1891,Jessica,White,Doctor 1,2023-10-24
P1899,Jeffrey,Bailey,Doctor 14,2023-10-24
P2100,Robert,King,Doctor 14,2023-10-24
P2125,Gregory,Myers,Doctor 16,2023-10-24
P2234,Laura,Kelly,Doctor 20,2023-10-24
P2286,Jerry,Thomas,Doctor 16,2023-10-24
P2303,Patricia,James,Doctor 14,2023-10-24
P0119,Benjamin,Morales,Doctor 14,2023-10-25
P0199,Kevin,Thomas,Doctor 11,2023-10-25
P0349,Daniel,Reed,Doctor 5,2023-10-25
P0379,Benjamin,Price,Doctor 1,2023-10-25
P0391,Christopher,Nguyen,Doctor 16,2023-10-25
P0410,Donald,Ramirez,Doctor 5,2023-10-25
P0485,Kimberly,Johnson,Doctor 13,2023-10-25
P0523,Ryan,Kim,Doctor 8,2023-10-25
P0625,Elizabeth,Collins,Doctor 12,2023-10-25
P0690,Kenneth,Flores,Doctor 5,2023-10-25
P0694,David,Taylor,Doctor 10,2023-10-25
P0758,Jessica,Wilson,Doctor 20,2023-10-25
P0794,Alexander,Anderson,Doctor 12,2023-10-25
P0847,Jack,Morris,Doctor 18,2023-10-25
P0971,Brian,Cox,Doctor 6,2023-10-25
P1075,Ruth,Martinez,Doctor 5,2023-10-25
P1126,Deborah,Clark,Doctor 14,2023-10-25
P1157,Ronald,Reed,Doctor 7,2023-10-25
P1161,Sarah,Mitchell,Doctor 13,2023-10-25
P1191,Michelle,Ramos,Doctor 13,2023-10-25
P1220,Justin,Phillips,Doctor 6,2023-10-25
P1314,Rebecca,Mendoza,Doctor 13,2023-10-25
P1413,Betty,Robinson,Doctor 15,2023-10-25
P1432,James,Williams,Doctor 19,2023-10-25
P1460,Benjamin,Gonzalez,Doctor 7,2023-10-25
P1467,Frank,White,Doctor 10,2023-10-25
P1596,Amy,Gomez,Doctor 14,2023-10-25
P1630,Edward,Martinez,Doctor 18,2023-10-25
P1699,Patrick,Stewart,Doctor 14,2023-10-25
P1732,Cynthia,Walker,Doctor 12,2023-10-25
P1826,Emma,Murphy,Doctor 14,2023-10-25
P2064,Carol,Watson,Doctor 13,2023-10-25
P2065,Robert,White,Doctor 1,2023-10-25
P2137,Brenda,Phillips,Doctor 15,2023-10-25
P2149,Laura,James,Doctor 13,2023-10-25
P2167,Donna,Lee,Doctor 4,2023-10-25
P0008,Brian,Flores,Doctor 8,2023-10-26
P0402,Jessica,King,Doctor 19,2023-10-26
P0408,Karen,Gray,Doctor 6,2023-10-26
P0620,Barbara,Ruiz,Doctor 13,2023-10-26
P0675,Deborah,Gray,Doctor 8,2023-10-26
P0762,Matthew,Young,Doctor 7,2023-10-26
P0771,Carol,Ramirez,Doctor 19,2023-10-26
P0832,Carol,Wright,Doctor 6,2023-10-26
P0864,Rebecca,Rodriguez,Doctor 2,2023-10-26
P1003,Eric,Kim,Doctor 17,2023-10-26
P1050,Steven,White,Doctor 5,2023-10-26
P1125,Mark,Campbell,Doctor 18,2023-10-26
P1166,Gregory,Carter,Doctor 20,2023-10-26
P1197,James,Carter,Doctor 15,2023-10-26
P1209,Deborah,Garcia,Doctor 14,2023-10-26
P1216,Nancy,Reyes,Doctor 7,2023-10-26
P1236,Sandra,Howard,Doctor 1,2023-10-26
P1313,Mary,Scott,Doctor 14,2023-10-26
P1322,Anna,Taylor,Doctor 10,2023-10-26
P1326,Ronald,Adams,Doctor 13,2023-10-26
P1383,Carol,Reyes,Doctor 19,2023-10-26
P1449,Angela,Patel,Doctor 5,2023-10-26
P1548,George,Reyes,Doctor 8,2023-10-26
P1628,Ruth,Richardson,Doctor 4,2023-10-26
P1699,Patrick,Stewart,Doctor 14,2023-10-26
P1718,Jose,Hall,Doctor 20,2023-10-26
P1718,Jose,Hall,Doctor 20,2023-10-26
P1748,David,Nelson,Doctor 20,2023-10-26
P1765,Cynthia,Gray,Doctor 13,2023-10-26
P1771,Raymond,Morales,Doctor 13,2023-10-26
P1939,Susan,Rivera,Doctor 7,2023-10-26
P1975,Jeffrey,Roberts,Doctor 7,2023-10-26
P1978,Jacob,Alvarez,Doctor 9,2023-10-26
P2105,Aaron,Perez,Doctor 14,2023-10-26
P2205,Thomas,Gonzalez,Doctor 6,2023-10-26
P2295,Kenneth,Richardson,Doctor 19,2023-10-26
P0061,James,Parker,Doctor 5,2023-10-27
P0100,Michael,Roberts,Doctor 3,2023-10-27
P0166,Michael,Moore,Doctor 12,2023-10-27
P0198,Sharon,Jackson,Doctor 6,2023-10-27
P0233,Karen,Robinson,Doctor 15,2023-10-27
P0237,Scott,Hill,Doctor 14,2023-10-27
P0282,Thomas,Roberts,Doctor 9,2023-10-27
P0323,Sandra,Evans,Doctor 1,2023-10-27
P0357,Jeffrey,Young,Doctor 9,2023-10-27
P0367,Scott,Wood,Doctor 7,2023-10-27
P0512,Eric,Williams,Doctor 2,2023-10-27
P0621,Raymond,Morris,Doctor 9,2023-10-27
P0646,Christopher,Green,Doctor 20,2023-10-27
P0652,Joseph,Morales,Doctor 20,2023-10-27
P0673,Laura,Edwards,Doctor 8,2023-10-27
P0732,William,Reed,Doctor 4,2023-10-27
P0828,Gary,Gutierrez,Doctor 2,2023-10-27
P0853,Justin,Myers,Doctor 3,2023-10-27
P0871,Jose,Flores,Doctor 8,2023-10-27
P0893,Anna,Gomez,Doctor 2,2023-10-27
P0957,Sharon,Chavez,Doctor 10,2023-10-27
P0970,Tyler,Cooper,Doctor 18,2023-10-27
P1047,Robert,Taylor,Doctor 14,2023-10-27
P1050,Steven,White,Doctor 15,2023-10-27
P1121,Tyler,Flores,Doctor 1,2023-10-27
P1150,Sandra,Miller,Doctor 10,2023-10-27
P1289,Joseph,Sanchez,Doctor 14,2023-10-27
P1352,David,Wood,Doctor 15,2023-10-27
P1465,Sarah,King,Doctor 16,2023-10-27
P1557,Angela,Adams,Doctor 15,2023-10-27
P1707,Joseph,Edwards,Doctor 19,2023-10-27
P1740,Patrick,Hill,Doctor 7,2023-10-27
P1748,David,Nelson,Doctor 20,2023-10-27
P1821,Eric,White,Doctor 5,2023-10-27
P1869,Brandon,Lopez,Doctor 17,2023-10-27
P1880,Dennis,Alvarez,Doctor 12,2023-10-27
P1986,Dorothy,Torres,Doctor 8,2023-10-27
P2009,Karen,Smith,Doctor 16,2023-10-27
P2079,Matthew,Wood,Doctor 15,2023-10-27
P2096,Stephen,Anderson,Doctor 13,2023-10-27
P2139,Jason,Ortiz,Doctor 4,2023-10-27
P2177,James,Rodriguez,Doctor 15,2023-10-27
P2243,Susan,Moore,Doctor 19,2023-10-27
P2304,Nancy,Wood,Doctor 11,2023-10-27
P0132,Amy,Patel,Doctor 1,2023-10-28
P0199,Kevin,Thomas,Doctor 13,2023-10-28
P0225,Amy,Cruz,Doctor 6,2023-10-28
P0359,Steven,Wright,Doctor 11,2023-10-28
P0498,Shirley,Kim,Doctor 10,2023-10-28
P0751,Jennifer,Martinez,Doctor 18,2023-10-28
P0789,Justin,Hernandez,Doctor 12,2023-10-28
P0809,Raymond,Parker,Doctor 15,2023-10-28
P0933,Steven,Harris,Doctor 18,2023-10-28
P0942,Dorothy,Wood,Doctor 13,2023-10-28
P0989,Matthew,Flores,Doctor 3,2023-10-28
P1101,Deborah,Hernandez,Doctor 9,2023-10-28
P1137,Anthony,Anderson,Doctor 15,2023-10-28
P1296,Linda,Nguyen,Doctor 7,2023-10-28
P1447,Linda,Jones,Doctor 16,2023-10-28
P1506,Gregory,Thomas,Doctor 10,2023-10-28
P1636,Thomas,Anderson,Doctor 8,2023-10-28
P1666,Karen,Howard,Doctor 9,2023-10-28
P1947,Michelle,Brooks,Doctor 10,2023-10-28
P1995,Susan,Sanchez,Doctor 10,2023-10-28
P2066,Helen,Anderson,Doctor 18,2023-10-28
P2118,Nancy,Myers,Doctor 18,2023-10-28
P0022,Emma,Hernandez,Doctor 15,2023-10-29
P0143,Brandon,Cox,Doctor 6,2023-10-29
P0175,Kenneth,Castillo,Doctor 8,2023-10-29
P0249,Raymond,Hughes,Doctor 2,2023-10-29
P0294,Ryan,Lopez,Doctor 15,2023-10-29
P0295,Patrick,Johnson,Doctor 11,2023-10-29
P0401,Steven,Lee,Doctor 12,2023-10-29
P0429,Kimberly,Flores,Doctor 7,2023-10-29
P0476,Timothy,Flores,Doctor 20,2023-10-29
P0477,Betty,Roberts,Doctor 17,2023-10-29
P0587,Larry,Cruz,Doctor 8,2023-10-29
P0686,Anthony,Kim,Doctor 16,2023-10-29
P0797,Larry,Alvarez,Doctor 19,2023-10-29
P0931,Edward,Hernandez,Doctor 15,2023-10-29
P1020,Jason,Perez,Doctor 20,2023-10-29
P1042,Kathleen,Evans,Doctor 7,2023-10-29
P1085,Patrick,Gutierrez,Doctor 2,2023-10-29
P1203,Michelle,Reyes,Doctor 19,2023-10-29
P1391,Michael,Adams,Doctor 15,2023-10-29
P1588,George,Brooks,Doctor 18,2023-10-29
P1619,Jack,Murphy,Doctor 17,2023-10-29
P1687,Nancy,Young,Doctor 1,2023-10-29
P1767,John,Price,Doctor 10,2023-10-29
P1975,Jeffrey,Roberts,Doctor 13,2023-10-29
P1990,Scott,Morris,Doctor 5,2023-10-29
P2028,Mark,Wright,Doctor 8,2023-10-29
P2148,Gregory,Watson,Doctor 9,2023-10-29
P2166,Michelle,Wood,Doctor 17,2023-10-29
P2258,Anna,Garcia,Doctor 10,2023-10-29
P0033,Ronald,Rodriguez,Doctor 1,2023-10-30
P0172,Stephen,Brown,Doctor 12,2023-10-30
P0230,Joseph,Anderson,Doctor 5,2023-10-30
P0244,George,Brown,Doctor 3,2023-10-30
P0345,Frank,Cooper,Doctor 17,2023-10-30
P0399,Jack,Hall,Doctor 4,2023-10-30
P0403,Frank,Howard,Doctor 5,2023-10-30
P0415,George,Miller,Doctor 8,2023-10-30
P0471,John,Ramos,Doctor 3,2023-10-30
P0545,Kimberly,Brooks,Doctor 4,2023-10-30
P0599,Jerry,Moore,Doctor 10,2023-10-30
P0627,Matthew,King,Doctor 20,2023-10-30
P0644,Betty,Scott,Doctor 7,2023-10-30
P1124,Richard,Garcia,Doctor 12,2023-10-30
P1141,Shirley,Ortiz,Doctor 18,2023-10-30
P1203,Michelle,Reyes,Doctor 19,2023-10-30
P1223,Jonathan,Green,Doctor 10,2023-10-30
P1226,Joseph,Mendoza,Doctor 2,2023-10-30
P1234,Donna,Morgan,Doctor 11,2023-10-30
P1412,Barbara,Cruz,Doctor 7,2023-10-30
P1425,Kevin,Wright,Doctor 8,2023-10-30
P1447,Linda,Jones,Doctor 16,2023-10-30
P1542,Charles,Nguyen,Doctor 8,2023-10-30
P1703,Sharon,Gray,Doctor 4,2023-10-30
P1718,Jose,Hall,Doctor 14,2023-10-30
P1780,John,Rivera,Doctor 14,2023-10-30
P1847,Sarah,Turner,Doctor 1,2023-10-30
P2064,Carol,Watson,Doctor 13,2023-10-30
P2078,Donna,Gonzalez,Doctor 1,2023-10-30
P2160,Jennifer,Evans,Doctor 11,2023-10-30
P2200,James,Baker,Doctor 2,2023-10-30
P0077,Angela,Reyes,Doctor 20,2023-10-31
P0096,Jack,Richardson,Doctor 5,2023-10-31
P0322,Cynthia,Robinson,Doctor 3,2023-10-31
P0464,Ruth,Mitchell,Doctor 10,2023-10-31
P0468,Ronald,Torres,Doctor 2,2023-10-31
P0616,Deborah,Sanchez,Doctor 16,2023-10-31
P0731,Richard,Gonzalez,Doctor 13,2023-10-31
P0807,Jessica,Taylor,Doctor 6,2023-10-31
P0988,Jose,Morgan,Doctor 11,2023-10-31
P1169,Daniel,Sanders,Doctor 15,2023-10-31
P1179,Emma,Howard,Doctor 6,2023-10-31
P1239,Deborah,Brown,Doctor 20,2023-10-31
P1290,Aaron,Alvarez,Doctor 7,2023-10-31
P1414,Nicholas,Brooks,Doctor 4,2023-10-31
P1415,Jerry,Williams,Doctor 1,2023-10-31
P1445,Laura,Smith,Doctor 14,2023-10-31
P1666,Karen,Howard,Doctor 9,2023-10-31
P1678,Sandra,Brown,Doctor 9,2023-10-31
P1742,Shirley,Myers,Doctor 7,2023-10-31
P1774,Stephen,White,Doctor 8,2023-10-31
P1795,Sharon,Rivera,Doctor 10,2023-10-31
P1873,Jonathan,Turner,Doctor 9,2023-10-31
P1875,Lisa,Brooks,Doctor 7,2023-10-31
P2026,Justin,Brown,Doctor 2,2023-10-31
P2129,Betty,Torres,Doctor 11,2023-10-31
P0053,Lisa,Rogers,Doctor 11,2023-11-01
P0066,Andrew,Hill,Doctor 6,2023-11-01
P0137,Kenneth,Scott,Doctor 9,2023-11-01
P0185,Samuel,Roberts,Doctor 4,2023-11-01
P0248,Tyler,Brown,Doctor 12,2023-11-01
P0334,Joseph,Diaz,Doctor 12,2023-11-01
P0468,Ronald,Torres,Doctor 2,2023-11-01
P0505,Nancy,Gutierrez,Doctor 13,2023-11-01
P0577,Ronald,Sanders,Doctor 17,2023-11-01
P0583,Jessica,Price,Doctor 6,2023-11-01
P0611,Alexander,Smith,Doctor 16,2023-11-01
P0622,Linda,Bailey,Doctor 2,2023-11-01
P0628,Jeffrey,Gomez,Doctor 16,2023-11-01
P0631,Ronald,Johnson,Doctor 14,2023-11-01
P0633,Sandra,Rogers,Doctor 6,2023-11-01
P0638,Donna,Bennett,Doctor 11,2023-11-01
P0643,Andrew,Nguyen,Doctor 11,2023-11-01
P0916,Robert,Evans,Doctor 14,2023-11-01
P0993,Sharon,Reed,Doctor 15,2023-11-01
P1026,Kevin,Cook,Doctor 18,2023-11-01
P1087,Stephen,Hall,Doctor 15,2023-11-01
P1101,Deborah,Hernandez,Doctor 9,2023-11-01
P1241,Dorothy,White,Doctor 1,2023-11-01
P1264,Laura,Ruiz,Doctor 16,2023-11-01
P1347,Brenda,Sanders,Doctor 6,2023-11-01
P1462,Nancy,Sanchez,Doctor 19,2023-11-01
P1510,William,Wright,Doctor 9,2023-11-01
P1514,David,Nguyen,Doctor 4,2023-11-01
P1562,Jerry,Hernandez,Doctor 16,2023-11-01
P1580,Thomas,Sanchez,Doctor 10,2023-11-01
P1690,Emma,Garcia,Doctor 3,2023-11-01
P1708,Thomas,Patel,Doctor 8,2023-11-01
P1808,Linda,Wright,Doctor 15,2023-11-01
P1877,Nancy,Garcia,Doctor 14,2023-11-01
P1924,Anna,Cook,Doctor 13,2023-11-01
P2032,Helen,Rivera,Doctor 6,2023-11-01
P2070,Andrew,Rivera,Doctor 10,2023-11-01
P2109,Kimberly,Allen,Doctor 12,2023-11-01
P2160,Jennifer,Evans,Doctor 11,2023-11-01
P2201,Joseph,Martin,Doctor 8,2023-11-01
P2265,Donna,Morales,Doctor 13,2023-11-01
P0138,Thomas,Bennett,Doctor 16,2023-11-02
P0255,Kenneth,Campbell,Doctor 19,2023-11-02
P0314,Sandra,Price,Doctor 2,2023-11-02
P0326,Justin,Clark,Doctor 14,2023-11-02
P0397,Scott,Sanchez,Doctor 19,2023-11-02
P0431,Jessica,Johnson,Doctor 6,2023-11-02
P0502,Deborah,Martinez,Doctor 16,2023-11-02
P0552,Matthew,Lopez,Doctor 10,2023-11-02
P0724,Richard,Flores,Doctor 2,2023-11-02
P0735,Brian,Cooper,Doctor 4,2023-11-02
P0792,Mary,Murphy,Doctor 9,2023-11-02
P0839,Christopher,Johnson,Doctor 9,2023-11-02
P0857,Joshua,Anderson,Doctor 7,2023-11-02
P0864,Rebecca,Rodriguez,Doctor 13,2023-11-02
P0867,Edward,Hill,Doctor 2,2023-11-02
P1218,Scott,Torres,Doctor 3,2023-11-02
P1250,Brian,Walker,Doctor 11,2023-11-02
P1455,Nancy,Bailey,Doctor 15,2023-11-02
P1630,Edward,Martinez,Doctor 18,2023-11-02
P1666,Karen,Howard,Doctor 10,2023-11-02
P1805,Dorothy,Young,Doctor 14,2023-11-02
P1822,Mark,Ramirez,Doctor 14,2023-11-02
P1921,Jessica,Morales,Doctor 16,2023-11-02
P1946,Sandra,Ortiz,Doctor 3,2023-11-02
P1977,Deborah,Flores,Doctor 15,2023-11-02
P2061,Michael,Miller,Doctor 9,2023-11-02
P2093,Stephen,Murphy,Doctor 4,2023-11-02
P2153,Andrew,Sanchez,Doctor 13,2023-11-02
P2221,Sandra,Reyes,Doctor 8,2023-11-02
P2226,Linda,Miller,Doctor 5,2023-11-02
P2290,Raymond,Bailey,Doctor 17,2023-11-02
P0001,Nicholas,Peterson,Doctor 20,2023-11-03
P0059,Mary,Gray,Doctor 16,2023-11-03
P0159,Anthony,Rivera,Doctor 17,2023-11-03
P0169,Jose,King,Doctor 14,2023-11-03
P0304,John,Jones,Doctor 17,2023-11-03
P0482,Anthony,Lewis,Doctor 17,2023-11-03
P0495,Angela,Rogers,Doctor 10,2023-11-03
P0623,Nicholas,Anderson,Doctor 7,2023-11-03
P0746,Kevin,Anderson,Doctor 8,2023-11-03
P0778,Sandra,Alvarez,Doctor 18,2023-11-03
P0820,Joshua,Ruiz,Doctor 18,2023-11-03
P1008,Joseph,Wood,Doctor 16,2023-11-03
P1114,Dennis,Evans,Doctor 11,2023-11-03
P1151,Ronald,Clark,Doctor 18,2023-11-03
P1163,Rebecca,Price,Doctor 14,2023-11-03
P1188,Melissa,Torres,Doctor 8,2023-11-03
P1211,Elizabeth,Johnson,Doctor 17,2023-11-03
P1389,Melissa,Gray,Doctor 4,2023-11-03
P1558,Donald,Wood,Doctor 6,2023-11-03
P1574,Robert,Stewart,Doctor 2,2023-11-03
P1635,Donna,Ramos,Doctor 2,2023-11-03
P1683,Emma,Cooper,Doctor 7,2023-11-03
P1703,Sharon,Gray,Doctor 4,2023-11-03
P1825,Tyler,Edwards,Doctor 6,2023-11-03
P1884,Mary,Nguyen,Doctor 3,2023-11-03
P2066,Helen,Anderson,Doctor 18,2023-11-03
P2094,Charles,Lopez,Doctor 14,2023-11-03
P2102,Linda,Taylor,Doctor 3,2023-11-03
P2106,Anthony,Gutierrez,Doctor 6,2023-11-03
P2178,Sarah,Lewis,Doctor 1,2023-11-03
P2266,Kathleen,Ward,Doctor 20,2023-11-03
P2295,Kenneth,Richardson,Doctor 10,2023-11-03
P0098,Joseph,Phillips,Doctor 4,2023-11-04
P0233,Karen,Robinson,Doctor 15,2023-11-04
P0236,Sarah,Rogers,Doctor 13,2023-11-04
P0292,Tyler,Ramos,Doctor 18,2023-11-04
P0319,Raymond,Hill,Doctor 10,2023-11-04
P0728,Helen,Jones,Doctor 10,2023-11-04
P0772,Lisa,Hill,Doctor 20,2023-11-04
P1094,Laura,Lopez,Doctor 15,2023-11-04
P1234,Donna,Morgan,Doctor 11,2023-11-04
P1284,Michelle,Hughes,Doctor 7,2023-11-04
P1464,Nancy,James,Doctor 7,2023-11-04
P1508,Amy,Morris,Doctor 1,2023-11-04
P1516,Richard,Alvarez,Doctor 12,2023-11-04
P1636,Thomas,Anderson,Doctor 12,2023-11-04
P1670,Betty,Lopez,Doctor 1,2023-11-04
P1776,Sharon,Ruiz,Doctor 16,2023-11-04
P1888,Michael,Cox,Doctor 14,2023-11-04
P2073,Charles,Thompson,Doctor 7,2023-11-04
P2123,Betty,Ruiz,Doctor 3,2023-11-04
P2129,Betty,Torres,Doctor 11,2023-11-04
P2272,Jonathan,Evans,Doctor 6,2023-11-04
P2276,George,Morris,Doctor 6,2023-11-04
P0042,Deborah,Green,Doctor 13,2023-11-05
P0093,Benjamin,Taylor,Doctor 20,2023-11-05
P0153,Ryan,Peterson,Doctor 12,2023-11-05
P0480,Melissa,Brooks,Doctor 14,2023-11-05
P0576,Donald,Howard,Doctor 14,2023-11-05
P0682,Rebecca,Robinson,Doctor 8,2023-11-05
P0715,Lisa,Cruz,Doctor 13,2023-11-05
P0718,Ryan,Watson,Doctor 4,2023-11-05
P0909,Scott,Morgan,Doctor 5,2023-11-05
P0925,Anna,Gonzalez,Doctor 8,2023-11-05
P1068,Andrew,Bailey,Doctor 13,2023-11-05
P1184,Donna,Collins,Doctor 16,2023-11-05
P1190,Eric,Gonzalez,Doctor 7,2023-11-05
P1332,Sharon,Hill,Doctor 3,2023-11-05
P1392,Barbara,Carter,Doctor 6,2023-11-05
P1505,Patricia,Roberts,Doctor 19,2023-11-05
P1587,Matthew,Ward,Doctor 1,2023-11-05
P1850,Carol,Phillips,Doctor 5,2023-11-05
P1866,Frank,Morgan,Doctor 4,2023-11-05
P1912,Helen,Brooks,Doctor 15,2023-11-05
P2111,James,Ortiz,Doctor 2,2023-11-05
P2218,Anna,Bailey,Doctor 4,2023-11-05
P2256,Emma,Watson,Doctor 5,2023-11-05
P2304,Nancy,Wood,Doctor 11,2023-11-05
P2304,Nancy,Wood,Doctor 13,2023-11-05
P0047,Eric,Nguyen,Doctor 17,2023-11-06
P0086,Joshua,Gray,Doctor 6,2023-11-06
P0148,Mark,Clark,Doctor 2,2023-11-06
P0201,Brandon,Hill,Doctor 15,2023-11-06
P0204,Laura,Perez,Doctor 17,2023-11-06
P0285,Lisa,Gray,Doctor 11,2023-11-06
P0479,Larry,Moore,Doctor 18,2023-11-06
P0493,Shirley,Watson,Doctor 2,2023-11-06
P0704,Nicholas,Mendoza,Doctor 10,2023-11-06
P0891,Nancy,Diaz,Doctor 18,2023-11-06
P0909,Scott,Morgan,Doctor 4,2023-11-06
P1048,Angela,Johnson,Doctor 9,2023-11-06
P1228,Susan,Rogers,Doctor 1,2023-11-06
P1237,Sandra,Nguyen,Doctor 5,2023-11-06
P1413,Betty,Robinson,Doctor 15,2023-11-06
P1434,Sandra,Morgan,Doctor 16,2023-11-06
P1457,Timothy,Garcia,Doctor 4,2023-11-06
P1482,Helen,White,Doctor 2,2023-11-06
P1637,John,Harris,Doctor 18,2023-11-06
P1644,Timothy,Lopez,Doctor 9,2023-11-06
P1689,John,Kim,Doctor 16,2023-11-06
P1809,Steven,Sanchez,Doctor 4,2023-11-06
P1905,Michael,Scott,Doctor 20,2023-11-06
P2001,Sarah,Moore,Doctor 15,2023-11-06
P2073,Charles,Thompson,Doctor 5,2023-11-06
P2076,Jerry,Ruiz,Doctor 19,2023-11-06
P2126,Jacob,Lewis,Doctor 2,2023-11-06
P2169,Michelle,Evans,Doctor 11,2023-11-06
P0087,Benjamin,Wright,Doctor 7,2023-11-07
P0091,Brandon,Kim,Doctor 20,2023-11-07
P0113,Donald,James,Doctor 15,2023-11-07
P0219,Shirley,Scott,Doctor 1,2023-11-07
P0383,Brandon,Morales,Doctor 19,2023-11-07
P0439,Joseph,Castillo,Doctor 14,2023-11-07
P0586,Jerry,Morales,Doctor 2,2023-11-07
P0705,Ryan,Wright,Doctor 17,2023-11-07
P0739,Tyler,Rodriguez,Doctor 12,2023-11-07
P0784,Gregory,Ruiz,Doctor 2,2023-11-07
P0829,Charles,Adams,Doctor 15,2023-11-07
P0852,Lisa,Reed,Doctor 15,2023-11-07
P0944,Ruth,Brooks,Doctor 14,2023-11-07
P1027,Betty,Bailey,Doctor 20,2023-11-07
P1328,Frank,Diaz,Doctor 5,2023-11-07
P1471,Jeffrey,Green,Doctor 6,2023-11-07
P1561,Nicholas,Rodriguez,Doctor 5,2023-11-07
P1598,Mark,Cook,Doctor 17,2023-11-07
P1876,Melissa,Reyes,Doctor 1,2023-11-07
P1892,Joshua,Walker,Doctor 5,2023-11-07
P1901,Raymond,Nelson,Doctor 17,2023-11-07
P1952,William,Flores,Doctor 8,2023-11-07
P2034,Frank,Rogers,Doctor 16,2023-11-07
P2199,Patrick,Perez,Doctor 12,2023-11-07
P0034,Donald,Patel,Doctor 14,2023-11-08
P0110,Nancy,Williams,Doctor 10,2023-11-08
P0146,Sharon,Baker,Doctor 4,2023-11-08
P0183,Nancy,Edwards,Doctor 20,2023-11-08
P0189,Helen,Scott,Doctor 18,2023-11-08
P0210,Donna,Castillo,Doctor 16,2023-11-08
P0251,Larry,Carter,Doctor 8,2023-11-08
P0345,Frank,Cooper,Doctor 2,2023-11-08
P0409,Jennifer,Mitchell,Doctor 5,2023-11-08
P0454,Kathleen,Anderson,Doctor 2,2023-11-08
P0462,Jennifer,Cox,Doctor 1,2023-11-08
P0539,Betty,Alvarez,Doctor 11,2023-11-08
P0717,Brenda,Martin,Doctor 15,2023-11-08
P0730,Deborah,Wood,Doctor 5,2023-11-08
P0743,Kimberly,James,Doctor 18,2023-11-08
P0768,Kevin,Reed,Doctor 20,2023-11-08
P0817,Joshua,Scott,Doctor 3,2023-11-08
P0845,Gary,Watson,Doctor 8,2023-11-08
P0855,Sarah,Gomez,Doctor 6,2023-11-08
P0998,Justin,Brooks,Doctor 15,2023-11-08
P1061,Aaron,Chavez,Doctor 6,2023-11-08
P1145,Charles,Anderson,Doctor 13,2023-11-08
P1236,Sandra,Howard,Doctor 20,2023-11-08
P1423,Jessica,Brooks,Doctor 7,2023-11-08
P1480,Rebecca,Morris,Doctor 5,2023-11-08
P1585,Elizabeth,Davis,Doctor 10,2023-11-08
P1619,Jack,Murphy,Doctor 17,2023-11-08
P1750,Jason,White,Doctor 11,2023-11-08
P1990,Scott,Morris,Doctor 5,2023-11-08
P2075,Betty,Chavez,Doctor 11,2023-11-08
P2080,Brian,Miller,Doctor 5,2023-11-08
P2168,Larry,Allen,Doctor 1,2023-11-08
P2185,Richard,Edwards,Doctor 15,2023-11-08
P2230,Jason,Edwards,Doctor 3,2023-11-08
P2245,Kimberly,Wright,Doctor 8,2023-11-08
P0095,Lisa,Kelly,Doctor 16,2023-11-09
P0160,Angela,Lopez,Doctor 18,2023-11-09
P0231,Carol,Campbell,Doctor 20,2023-11-09
P0255,Kenneth,Campbell,Doctor 20,2023-11-09
P0290,Linda,Cruz,Doctor 8,2023-11-09
P0375,Kenneth,Davis,Doctor 7,2023-11-09
P0597,Michelle,Hall,Doctor 19,2023-11-09
P0640,Raymond,Price,Doctor 18,2023-11-09
P0670,Thomas,Evans,Doctor 18,2023-11-09
P0967,Steven,Johnson,Doctor 3,2023-11-09
P1140,Raymond,Gutierrez,Doctor 20,2023-11-09
P1145,Charles,Anderson,Doctor 13,2023-11-09
P1158,Stephen,Jones,Doctor 5,2023-11-09
P1163,Rebecca,Price,Doctor 14,2023-11-09
P1167,Mark,Hughes,Doctor 2,2023-11-09
P1182,Aaron,Martin,Doctor 15,2023-11-09
P1211,Elizabeth,Johnson,Doctor 17,2023-11-09
P1269,Laura,Hill,Doctor 6,2023-11-09
P1406,Dennis,Martinez,Doctor 12,2023-11-09
P1505,Patricia,Roberts,Doctor 19,2023-11-09
P1534,John,Diaz,Doctor 10,2023-11-09
P1577,Samuel,Thompson,Doctor 3,2023-11-09
P1647,Richard,Stewart,Doctor 5,2023-11-09
P1661,Sharon,Cox,Doctor 6,2023-11-09
P1814,Frank,Scott,Doctor 5,2023-11-09
P1860,Kimberly,Torres,Doctor 8,2023-11-09
P1968,Carol,Chavez,Doctor 4,2023-11-09
P2106,Anthony,Gutierrez,Doctor 20,2023-11-09
P2153,Andrew,Sanchez,Doctor 13,2023-11-09
P0069,James,King,Doctor 19,2023-11-10
P0071,Helen,Phillips,Doctor 3,2023-11-10
P0139,Patricia,Reed,Doctor 20,2023-11-10
P0172,Stephen,Brown,Doctor 19,2023-11-10
P0296,Patricia,Cox,Doctor 8,2023-11-10
P0355,Virginia,Williams,Doctor 9,2023-11-10
P0377,Benjamin,Ward,Doctor 8,2023-11-10
P0423,Steven,Lopez,Doctor 20,2023-11-10
P0540,Kenneth,Collins,Doctor 8,2023-11-10
P0665,Betty,Jackson,Doctor 15,2023-11-10
P0737,Larry,Kim,Doctor 10,2023-11-10
P0767,Joseph,Miller,Doctor 13,2023-11-10
P0775,Mary,Smith,Doctor 19,2023-11-10
P0791,Carol,Cox,Doctor 3,2023-11-10
P0812,Jennifer,Flores,Doctor 18,2023-11-10
P0846,Amy,Martin,Doctor 15,2023-11-10
P0890,Dennis,Sanchez,Doctor 18,2023-11-10
P1020,Jason,Perez,Doctor 20,2023-11-10
P1026,Kevin,Cook,Doctor 14,2023-11-10
P1059,Anthony,Martinez,Doctor 8,2023-11-10
P1126,Deborah,Clark,Doctor 9,2023-11-10
P1127,Lisa,Jackson,Doctor 11,2023-11-10
P1167,Mark,Hughes,Doctor 19,2023-11-10
P1263,David,Turner,Doctor 3,2023-11-10
P1318,Michelle,Nelson,Doctor 1,2023-11-10
P1401,Robert,Rogers,Doctor 20,2023-11-10
P1428,Samuel,Price,Doctor 3,2023-11-10
P1431,Brenda,Green,Doctor 12,2023-11-10
P1501,Sharon,Adams,Doctor 5,2023-11-10
P1607,Brandon,Diaz,Doctor 1,2023-11-10
P1651,Mark,Hernandez,Doctor 20,2023-11-10
P1652,Donna,Gomez,Doctor 5,2023-11-10
P1669,Kimberly,Turner,Doctor 20,2023-11-10
P1707,Joseph,Edwards,Doctor 16,2023-11-10
P1883,Anna,Martin,Doctor 18,2023-11-10
P1983,Samuel,Nelson,Doctor 11,2023-11-10
P2141,David,Morgan,Doctor 12,2023-11-10
P2169,Michelle,Evans,Doctor 11,2023-11-10
P0005,Stephen,Morales,Doctor 9,2023-11-11
P0072,Sandra,James,Doctor 5,2023-11-11
P0154,Jonathan,Rodriguez,Doctor 16,2023-11-11
P0259,Betty,Johnson,Doctor 19,2023-11-11
P0261,Steven,Flores,Doctor 7,2023-11-11
P0324,Sharon,Howard,Doctor 12,2023-11-11
P0391,Christopher,Nguyen,Doctor 8,2023-11-11
P0470,Michelle,Williams,Doctor 14,2023-11-11
P0487,Lisa,Lewis,Doctor 12,2023-11-11
P0552,Matthew,Lopez,Doctor 10,2023-11-11
P0785,Nicholas,Sanchez,Doctor 18,2023-11-11
P0786,Donald,Mitchell,Doctor 12,2023-11-11
P0824,Anthony,Torres,Doctor 1,2023-11-11
P0932,Jessica,Torres,Doctor 13,2023-11-11
P1031,Mark,Sanchez,Doctor 20,2023-11-11
P1118,Thomas,Jackson,Doctor 17,2023-11-11
P1122,Kenneth,Evans,Doctor 12,2023-11-11
P1263,David,Turner,Doctor 3,2023-11-11
P1293,Patricia,Davis,Doctor 1,2023-11-11
P1382,Michelle,Hill,Doctor 11,2023-11-11
P1390,Nancy,Alvarez,Doctor 16,2023-11-11
P1424,Michelle,Scott,Doctor 9,2023-11-11
P1487,Emma,Hill,Doctor 12,2023-11-11
P1568,Raymond,Thomas,Doctor 1,2023-11-11
P1683,Emma,Cooper,Doctor 7,2023-11-11
P1839,Donald,Evans,Doctor 12,2023-11-11
P1945,James,Richardson,Doctor 9,2023-11-11
P1968,Carol,Chavez,Doctor 1,2023-11-11
P2121,Mary,Wilson,Doctor 15,2023-11-11
P2164,Jason,Clark,Doctor 4,2023-11-11
P2297,Andrew,Miller,Doctor 3,2023-11-11
P0095,Lisa,Kelly,Doctor 16,2023-11-12
P0151,Kathleen,Castillo,Doctor 1,2023-11-12
P0317,Scott,Kelly,Doctor 5,2023-11-12
P0362,Lisa,James,Doctor 8,2023-11-12
P0368,Carol,Hughes,Doctor 2,2023-11-12
P0379,Benjamin,Price,Doctor 1,2023-11-12
P0422,Jerry,Lee,Doctor 20,2023-11-12
P0462,Jennifer,Cox,Doctor 1,2023-11-12
P0748,William,Adams,Doctor 8,2023-11-12
P0822,Ryan,Mitchell,Doctor 11,2023-11-12
P0871,Jose,Flores,Doctor 9,2023-11-12
P0987,Donna,Murphy,Doctor 10,2023-11-12
P1123,Barbara,Morales,Doctor 9,2023-11-12
P1240,Helen,Sanchez,Doctor 14,2023-11-12
P1253,Deborah,Bennett,Doctor 17,2023-11-12
P1323,Deborah,Taylor,Doctor 9,2023-11-12
P1373,Jose,Cook,Doctor 5,2023-11-12
P1391,Michael,Adams,Doctor 8,2023-11-12
P1449,Angela,Patel,Doctor 16,2023-11-12
P1529,Jack,Kelly,Doctor 10,2023-11-12
P1757,Deborah,Parker,Doctor 1,2023-11-12
P1792,John,Lewis,Doctor 4,2023-11-12
P1938,Thomas,Robinson,Doctor 2,2023-11-12
P1962,James,Gray,Doctor 12,2023-11-12
P2003,Aaron,Campbell,Doctor 5,2023-11-12
P2195,Angela,Smith,Doctor 12,2023-11-12
P0042,Deborah,Green,Doctor 13,2023-11-13
P0092,Alexander,Wright,Doctor 2,2023-11-13
P0177,Mary,White,Doctor 13,2023-11-13
P0194,Aaron,Collins,Doctor 15,2023-11-13
P0202,Brandon,Mendoza,Doctor 3,2023-11-13
P0221,Andrew,Sanders,Doctor 16,2023-11-13
P0335,John,Baker,Doctor 17,2023-11-13
P0424,Raymond,Phillips,Doctor 19,2023-11-13
P0441,Kimberly,Cooper,Doctor 16,2023-11-13
P0445,Melissa,Parker,Doctor 10,2023-11-13
P0500,Anthony,Ramirez,Doctor 17,2023-11-13
P0521,Michelle,Thomas,Doctor 1,2023-11-13
P0630,Betty,Thompson,Doctor 20,2023-11-13
P0876,Gary,Cook,Doctor 1,2023-11-13
P0939,Christopher,Smith,Doctor 9,2023-11-13
P1008,Joseph,Wood,Doctor 3,2023-11-13
P1017,Laura,Gonzalez,Doctor 2,2023-11-13
P1030,Helen,Sanders,Doctor 19,2023-11-13
P1041,Linda,Martinez,Doctor 18,2023-11-13
P1101,Deborah,Hernandez,Doctor 17,2023-11-13
P1117,Steven,Gray,Doctor 17,2023-11-13
P1313,Mary,Scott,Doctor 16,2023-11-13
P1333,Joshua,Collins,Doctor 4,2023-11-13
P1411,Jerry,Murphy,Doctor 15,2023-11-13
P1568,Raymond,Thomas,Doctor 1,2023-11-13
P1582,Rebecca,Wright,Doctor 14,2023-11-13
P1681,Samuel,Moore,Doctor 15,2023-11-13
P1873,Jonathan,Turner,Doctor 9,2023-11-13
P1909,Ruth,Watson,Doctor 17,2023-11-13
P1988,Jonathan,Wright,Doctor 15,2023-11-13
P2036,Steven,Garcia,Doctor 10,2023-11-13
P2065,Robert,White,Doctor 9,2023-11-13
P2068,Anna,Robinson,Doctor 1,2023-11-13
P2094,Charles,Lopez,Doctor 14,2023-11-13
P2114,Patrick,Jackson,Doctor 1,2023-11-13
P2145,Daniel,Lewis,Doctor 12,2023-11-13
P2198,John,Hernandez,Doctor 6,2023-11-13
P0047,Eric,Nguyen,Doctor 17,2023-11-14
P0081,Charles,Martin,Doctor 3,2023-11-14
P0107,Carol,Richardson,Doctor 2,2023-11-14
P0266,Jason,Sanchez,Doctor 13,2023-11-14
P0294,Ryan,Lopez,Doctor 15,2023-11-14
P0325,Patricia,Bennett,Doctor 7,2023-11-14
P0367,Scott,Wood,Doctor 5,2023-11-14
P0433,Kevin,Ward,Doctor 20,2023-11-14
P0468,Ronald,Torres,Doctor 7,2023-11-14
P0499,Patrick,Wright,Doctor 4,2023-11-14
P0586,Jerry,Morales,Doctor 7,2023-11-14
P0612,David,Watson,Doctor 20,2023-11-14
P0759,Carol,Rogers,Doctor 15,2023-11-14
P0793,Virginia,Hill,Doctor 11,2023-11-14
P0866,Jerry,Campbell,Doctor 3,2023-11-14
P0882,Daniel,Watson,Doctor 5,2023-11-14
P0904,Aaron,Patel,Doctor 6,2023-11-14
P0927,Sharon,Morris,Doctor 5,2023-11-14
P1018,Jacob,Wood,Doctor 10,2023-11-14
P1034,Timothy,Rivera,Doctor 8,2023-11-14
P1322,Anna,Taylor,Doctor 17,2023-11-14
P1470,Dorothy,Walker,Doctor 10,2023-11-14
P1673,Matthew,Peterson,Doctor 4,2023-11-14
P1740,Patrick,Hill,Doctor 7,2023-11-14
P1790,Jessica,Rivera,Doctor 19,2023-11-14
P1833,Angela,Clark,Doctor 5,2023-11-14
P1903,Nancy,Harris,Doctor 15,2023-11-14
P1934,Laura,Hughes,Doctor 16,2023-11-14
P1961,Anthony,James,Doctor 15,2023-11-14
P1992,Donna,Wilson,Doctor 13,2023-11-14
P2024,Kenneth,Ward,Doctor 15,2023-11-14
P2032,Helen,Rivera,Doctor 11,2023-11-14
P2125,Gregory,Myers,Doctor 5,2023-11-14
P2203,Brenda,Morgan,Doctor 1,2023-11-14
P0105,John,Morris,Doctor 1,2023-11-15
P0108,Steven,Reed,Doctor 9,2023-11-15
P0111,Nancy,Lopez,Doctor 5,2023-11-15
P0138,Thomas,Bennett,Doctor 6,2023-11-15
P0166,Michael,Moore,Doctor 5,2023-11-15
P0185,Samuel,Roberts,Doctor 4,2023-11-15
P0185,Samuel,Roberts,Doctor 4,2023-11-15
P0215,Sharon,Myers,Doctor 8,2023-11-15
P0233,Karen,Robinson,Doctor 15,2023-11-15
P0283,Brian,Collins,Doctor 3,2023-11-15
P0398,Frank,Hall,Doctor 3,2023-11-15
P0478,Nancy,Ruiz,Doctor 12,2023-11-15
P0545,Kimberly,Brooks,Doctor 12,2023-11-15
P0553,Ruth,Anderson,Doctor 12,2023-11-15
P0582,Lisa,Sanchez,Doctor 17,2023-11-15
P0597,Michelle,Hall,Doctor 17,2023-11-15
P0625,Elizabeth,Collins,Doctor 11,2023-11-15
P0631,Ronald,Johnson,Doctor 14,2023-11-15
P0657,Christopher,Ruiz,Doctor 1,2023-11-15
P0698,Jessica,Mendoza,Doctor 12,2023-11-15
P0756,Alexander,Clark,Doctor 1,2023-11-15
P0840,Anna,Allen,Doctor 12,2023-11-15
P0845,Gary,Watson,Doctor 3,2023-11-15
P0937,Nancy,Cooper,Doctor 13,2023-11-15
P0999,Samuel,Stewart,Doctor 18,2023-11-15
P1061,Aaron,Chavez,Doctor 6,2023-11-15
P1098,Brenda,Cooper,Doctor 17,2023-11-15
P1162,Christopher,Cruz,Doctor 1,2023-11-15
P1195,Eric,Scott,Doctor 1,2023-11-15
P1379,Eric,Mendoza,Doctor 3,2023-11-15
P1425,Kevin,Wright,Doctor 11,2023-11-15
P1450,Mary,Allen,Doctor 15,2023-11-15
P1479,Ryan,Garcia,Doctor 2,2023-11-15
P1705,Timothy,Thompson,Doctor 11,2023-11-15
P1712,Sarah,Young,Doctor 5,2023-11-15
P1842,Donna,Carter,Doctor 11,2023-11-15
P1882,Justin,Kelly,Doctor 20,2023-11-15
P1899,Jeffrey,Bailey,Doctor 17,2023-11-15
P1948,Ryan,Jackson,Doctor 17,2023-11-15
P2006,Scott,Turner,Doctor 6,2023-11-15
P2037,Lisa,Collins,Doctor 9,2023-11-15
P2174,Timothy,Martin,Doctor 8,2023-11-15
P2247,Brian,Cook,Doctor 16,2023-11-15
P2298,Kevin,Jones,Doctor 15,2023-11-15
P0102,Kathleen,Jackson,Doctor 7,2023-11-16
P0135,Benjamin,Rivera,Doctor 5,2023-11-16
P0151,Kathleen,Castillo,Doctor 13,2023-11-16
P0181,Raymond,Wood,Doctor 4,2023-11-16
P0202,Brandon,Mendoza,Doctor 20,2023-11-16
P0238,Eric,Parker,Doctor 17,2023-11-16
P0400,Brenda,Gray,Doctor 3,2023-11-16
P0448,David,Rivera,Doctor 6,2023-11-16
P0505,Nancy,Gutierrez,Doctor 13,2023-11-16
P0545,Kimberly,Brooks,Doctor 12,2023-11-16
P0583,Jessica,Price,Doctor 6,2023-11-16
P0672,Sharon,Williams,Doctor 3,2023-11-16
P0784,Gregory,Ruiz,Doctor 2,2023-11-16
P0868,Thomas,Nelson,Doctor 3,2023-11-16
P0877,Helen,Stewart,Doctor 6,2023-11-16
P0979,Joshua,Allen,Doctor 13,2023-11-16
P1057,Gary,Clark,Doctor 3,2023-11-16
P1062,Lisa,Castillo,Doctor 15,2023-11-16
P1260,Joshua,Hill,Doctor 5,2023-11-16
P1278,Jessica,Bennett,Doctor 4,2023-11-16
P1449,Angela,Patel,Doctor 16,2023-11-16
P1493,Karen,Wood,Doctor 15,2023-11-16
P1494,Anthony,Cooper,Doctor 8,2023-11-16
P1523,Nicholas,Torres,Doctor 9,2023-11-16
P1540,Patrick,Ramos,Doctor 13,2023-11-16
P1667,Michelle,Bailey,Doctor 12,2023-11-16
P1707,Joseph,Edwards,Doctor 16,2023-11-16
P1783,Susan,Diaz,Doctor 20,2023-11-16
P1833,Angela,Clark,Doctor 13,2023-11-16
P1957,Helen,Myers,Doctor 1,2023-11-16
P1994,Rebecca,Chavez,Doctor 12,2023-11-16
P1995,Susan,Sanchez,Doctor 10,2023-11-16
P2183,Scott,Parker,Doctor 17,2023-11-16
P2204,Brenda,Perez,Doctor 4,2023-11-16
P0156,Michelle,Cooper,Doctor 10,2023-11-17
P0189,Helen,Scott,Doctor 6,2023-11-17
P0247,Nancy,Lee,Doctor 4,2023-11-17
P0399,Jack,Hall,Doctor 4,2023-11-17
P0413,Anna,Chavez,Doctor 17,2023-11-17
P0432,Michelle,Ortiz,Doctor 10,2023-11-17
P0479,Larry,Moore,Doctor 18,2023-11-17
P0499,Patrick,Wright,Doctor 4,2023-11-17
P0514,Timothy,Parker,Doctor 15,2023-11-17
P0567,Ryan,Morgan,Doctor 5,2023-11-17
P0619,Michelle,Davis,Doctor 5,2023-11-17
P0834,Sarah,Thomas,Doctor 10,2023-11-17
P0914,Michael,Garcia,Doctor 16,2023-11-17
P0966,Benjamin,Baker,Doctor 20,2023-11-17
P1037,Steven,Hall,Doctor 19,2023-11-17
P1055,Jessica,Thomas,Doctor 20,2023-11-17
P1073,Anthony,Smith,Doctor 1,2023-11-17
P1116,Kevin,King,Doctor 14,2023-11-17
P1129,Patricia,Mitchell,Doctor 15,2023-11-17
P1175,Jennifer,Hill,Doctor 3,2023-11-17
P1206,Kimberly,Taylor,Doctor 5,2023-11-17
P1221,Kimberly,Gray,Doctor 10,2023-11-17
P1299,Dennis,Parker,Doctor 17,2023-11-17
P1316,Jose,Mendoza,Doctor 4,2023-11-17
P1329,Kevin,Miller,Doctor 16,2023-11-17
P1492,Deborah,Kim,Doctor 6,2023-11-17
P1496,Raymond,Lee,Doctor 8,2023-11-17
P1514,David,Nguyen,Doctor 16,2023-11-17
P1577,Samuel,Thompson,Doctor 3,2023-11-17
P1608,Karen,Campbell,Doctor 15,2023-11-17
P1655,Charles,Brown,Doctor 13,2023-11-17
P1776,Sharon,Ruiz,Doctor 3,2023-11-17
P1852,Sharon,Nelson,Doctor 9,2023-11-17
P1891,Jessica,White,Doctor 1,2023-11-17
P1900,Andrew,Taylor,Doctor 17,2023-11-17
P1987,Barbara,Martinez,Doctor 6,2023-11-17
P2065,Robert,White,Doctor 9,2023-11-17
P2096,Stephen,Anderson,Doctor 2,2023-11-17
P2125,Gregory,Myers,Doctor 17,2023-11-17
P2164,Jason,Clark,Doctor 15,2023-11-17
P2290,Raymond,Bailey,Doctor 17,2023-11-17
P0268,Deborah,Edwards,Doctor 19,2023-11-18
P0282,Thomas,Roberts,Doctor 9,2023-11-18
P0469,Kevin,Cruz,Doctor 8,2023-11-18
P0562,Donna,Green,Doctor 3,2023-11-18
P0662,Amy,Parker,Doctor 10,2023-11-18
P0730,Deborah,Wood,Doctor 5,2023-11-18
P0765,Laura,Collins,Doctor 14,2023-11-18
P1036,Brian,King,Doctor 6,2023-11-18
P1159,Donna,Taylor,Doctor 20,2023-11-18
P1191,Michelle,Ramos,Doctor 13,2023-11-18
P1323,Deborah,Taylor,Doctor 10,2023-11-18
P1374,Joshua,Morris,Doctor 4,2023-11-18
P1495,Kimberly,Mendoza,Doctor 4,2023-11-18
P1517,Patrick,Adams,Doctor 14,2023-11-18
P1591,Karen,Evans,Doctor 15,2023-11-18
P1656,Patricia,Gonzalez,Doctor 6,2023-11-18
P1668,Dorothy,Moore,Doctor 20,2023-11-18
P1699,Patrick,Stewart,Doctor 7,2023-11-18
P1708,Thomas,Patel,Doctor 8,2023-11-18
P1834,Scott,Young,Doctor 15,2023-11-18
P1875,Lisa,Brooks,Doctor 10,2023-11-18
P1883,Anna,Martin,Doctor 8,2023-11-18
P1926,Helen,Johnson,Doctor 16,2023-11-18
P1928,Patrick,Williams,Doctor 15,2023-11-18
P1930,Dennis,Scott,Doctor 10,2023-11-18
P1999,Robert,Watson,Doctor 20,2023-11-18
P2010,Dorothy,Clark,Doctor 12,2023-11-18
P2051,Cynthia,Hernandez,Doctor 16,2023-11-18
P2078,Donna,Gonzalez,Doctor 1,2023-11-18
P2234,Laura,Kelly,Doctor 20,2023-11-18
P2237,Cynthia,Wright,Doctor 14,2023-11-18
P2241,Jerry,Wilson,Doctor 11,2023-11-18
P0021,Sharon,Torres,Doctor 5,2023-11-19
P0063,Jonathan,Gomez,Doctor 1,2023-11-19
P0143,Brandon,Cox,Doctor 19,2023-11-19
P0318,Barbara,Ward,Doctor 4,2023-11-19
P0342,Jeffrey,Kelly,Doctor 10,2023-11-19
P0377,Benjamin,Ward,Doctor 8,2023-11-19
P0553,Ruth,Anderson,Doctor 6,2023-11-19
P0606,Lisa,Ramos,Doctor 18,2023-11-19
P0639,Robert,Miller,Doctor 17,2023-11-19
P0772,Lisa,Hill,Doctor 20,2023-11-19
P0772,Lisa,Hill,Doctor 20,2023-11-19
P0783,Larry,Hernandez,Doctor 15,2023-11-19
P0827,Anthony,Howard,Doctor 2,2023-11-19
P0915,Karen,Turner,Doctor 6,2023-11-19
P1000,Joshua,Carter,Doctor 9,2023-11-19
P1034,Timothy,Rivera,Doctor 11,2023-11-19
P1048,Angela,Johnson,Doctor 4,2023-11-19
P1052,Brenda,Allen,Doctor 5,2023-11-19
P1135,Sharon,Martin,Doctor 12,2023-11-19
P1343,Tyler,Perez,Doctor 9,2023-11-19
P1350,Gary,Nelson,Doctor 4,2023-11-19
P1358,Gary,Hill,Doctor 9,2023-11-19
P1377,Joshua,Nguyen,Doctor 15,2023-11-19
P1451,Gary,Bailey,Doctor 2,2023-11-19
P1456,Barbara,Richardson,Doctor 18,2023-11-19
P1542,Charles,Nguyen,Doctor 14,2023-11-19
P1557,Angela,Adams,Doctor 15,2023-11-19
P1622,Kimberly,Roberts,Doctor 6,2023-11-19
P1656,Patricia,Gonzalez,Doctor 14,2023-11-19
P1737,Michael,Cooper,Doctor 12,2023-11-19
P2140,Angela,Nguyen,Doctor 11,2023-11-19
P2187,Emma,Anderson,Doctor 8,2023-11-19
P2235,Richard,Rodriguez,Doctor 2,2023-11-19
P0084,Jonathan,Campbell,Doctor 14,2023-11-20
P0127,Robert,Brooks,Doctor 3,2023-11-20
P0254,Frank,Castillo,Doctor 19,2023-11-20
P0289,Gary,Anderson,Doctor 20,2023-11-20
P0341,Deborah,Sanders,Doctor 6,2023-11-20
P0615,Jack,Kim,Doctor 12,2023-11-20
P0672,Sharon,Williams,Doctor 10,2023-11-20
P0739,Tyler,Rodriguez,Doctor 20,2023-11-20
P0989,Matthew,Flores,Doctor 18,2023-11-20
P0992,Mark,Reed,Doctor 15,2023-11-20
P1090,Eric,Carter,Doctor 17,2023-11-20
P1153,Daniel,Martin,Doctor 20,2023-11-20
P1178,Sarah,Perez,Doctor 10,2023-11-20
P1186,Donald,Gonzalez,Doctor 1,2023-11-20
P1201,Jack,Wood,Doctor 12,2023-11-20
P1326,Ronald,Adams,Doctor 11,2023-11-20
P1501,Sharon,Adams,Doctor 3,2023-11-20
P1645,Brenda,Mendoza,Doctor 2,2023-11-20
P1671,Rebecca,Hughes,Doctor 6,2023-11-20
P1744,Kimberly,Stewart,Doctor 18,2023-11-20
P1829,Gregory,James,Doctor 16,2023-11-20
P1965,Jeffrey,Mendoza,Doctor 14,2023-11-20
P2108,Betty,Reed,Doctor 12,2023-11-20
P2114,Patrick,Jackson,Doctor 1,2023-11-20
P2145,Daniel,Lewis,Doctor 12,2023-11-20
P0061,James,Parker,Doctor 5,2023-11-21
P0069,James,King,Doctor 19,2023-11-21
P0088,Frank,Edwards,Doctor 2,2023-11-21
P0515,Donald,Price,Doctor 5,2023-11-21
P0578,Donna,Williams,Doctor 20,2023-11-21
P0607,Sarah,Ramos,Doctor 8,2023-11-21
P0661,Joshua,Evans,Doctor 12,2023-11-21
P0670,Thomas,Evans,Doctor 3,2023-11-21
P0939,Christopher,Smith,Doctor 9,2023-11-21
P0948,Justin,Campbell,Doctor 15,2023-11-21
P0978,Jessica,Mitchell,Doctor 10,2023-11-21
P0980,Sarah,Castillo,Doctor 5,2023-11-21
P1122,Kenneth,Evans,Doctor 12,2023-11-21
P1183,Robert,Nelson,Doctor 13,2023-11-21
P1284,Michelle,Hughes,Doctor 7,2023-11-21
P1392,Barbara,Carter,Doctor 20,2023-11-21
P1648,Eric,Sanchez,Doctor 16,2023-11-21
P1722,Aaron,Mitchell,Doctor 3,2023-11-21
P1779,Jessica,Green,Doctor 6,2023-11-21
P1850,Carol,Phillips,Doctor 5,2023-11-21
P2048,Timothy,Wright,Doctor 6,2023-11-21
P2061,Michael,Miller,Doctor 10,2023-11-21
P2061,Michael,Miller,Doctor 10,2023-11-21
P2178,Sarah,Lewis,Doctor 2,2023-11-21
P2220,Kevin,Morales,Doctor 8,2023-11-21
P2244,Larry,Watson,Doctor 11,2023-11-21
P2274,Linda,Ward,Doctor 9,2023-11-21
P2277,Sharon,Carter,Doctor 10,2023-11-21
P2288,Alexander,Brooks,Doctor 10,2023-11-21
P0064,Eric,Chavez,Doctor 9,2023-11-22
P0330,Amy,Garcia,Doctor 2,2023-11-22
P0355,Virginia,Williams,Doctor 9,2023-11-22
P0510,Laura,Martin,Doctor 13,2023-11-22
P0709,Justin,Scott,Doctor 15,2023-11-22
P0835,Matthew,Roberts,Doctor 13,2023-11-22
P0934,Thomas,Lopez,Doctor 3,2023-11-22
P1108,Brenda,Torres,Doctor 3,2023-11-22
P1259,Thomas,Turner,Doctor 16,2023-11-22
P1394,Christopher,Evans,Doctor 11,2023-11-22
P1433,Rebecca,Cook,Doctor 16,2023-11-22
P1540,Patrick,Ramos,Doctor 13,2023-11-22
P1643,Christopher,Murphy,Doctor 9,2023-11-22
P1663,Richard,Jackson,Doctor 16,2023-11-22
P1685,Gary,King,Doctor 3,2023-11-22
P1730,Tyler,Walker,Doctor 4,2023-11-22
P1747,David,Jones,Doctor 12,2023-11-22
P1780,John,Rivera,Doctor 1,2023-11-22
P2014,Justin,Sanchez,Doctor 18,2023-11-22
P2029,Timothy,Collins,Doctor 14,2023-11-22
P2037,Lisa,Collins,Doctor 5,2023-11-22
P2210,Rebecca,Gray,Doctor 14,2023-11-22
P2289,Donald,Bailey,Doctor 15,2023-11-22
P0076,Patrick,Nelson,Doctor 16,2023-11-23
P0080,Matthew,Hall,Doctor 18,2023-11-23
P0159,Anthony,Rivera,Doctor 17,2023-11-23
P0244,George,Brown,Doctor 3,2023-11-23
P0277,Michelle,Howard,Doctor 16,2023-11-23
P0300,Larry,Roberts,Doctor 12,2023-11-23
P0410,Donald,Ramirez,Doctor 3,2023-11-23
P0435,Eric,Johnson,Doctor 14,2023-11-23
P0505,Nancy,Gutierrez,Doctor 13,2023-11-23
P0628,Jeffrey,Gomez,Doctor 5,2023-11-23
P0702,Sharon,Cooper,Doctor 10,2023-11-23
P0718,Ryan,Watson,Doctor 18,2023-11-23
P0723,Jessica,Cruz,Doctor 10,2023-11-23
P0794,Alexander,Anderson,Doctor 12,2023-11-23
P0835,Matthew,Roberts,Doctor 13,2023-11-23
P0853,Justin,Myers,Doctor 9,2023-11-23
P0854,Anna,Lewis,Doctor 3,2023-11-23
P0934,Thomas,Lopez,Doctor 8,2023-11-23
P1014,Donald,Scott,Doctor 7,2023-11-23
P1142,Jonathan,Johnson,Doctor 7,2023-11-23
P1538,Nancy,Mendoza,Doctor 17,2023-11-23
P1579,Susan,Brooks,Doctor 1,2023-11-23
P1751,James,Cook,Doctor 7,2023-11-23
P1822,Mark,Ramirez,Doctor 4,2023-11-23
P1965,Jeffrey,Mendoza,Doctor 16,2023-11-23
P2100,Robert,King,Doctor 14,2023-11-23
P2143,Andrew,White,Doctor 17,2023-11-23
P2245,Kimberly,Wright,Doctor 18,2023-11-23
P2267,Matthew,Torres,Doctor 15,2023-11-23
P2291,Kimberly,Baker,Doctor 2,2023-11-23
P0055,Dennis,Richardson,Doctor 16,2023-11-24
P0112,Linda,Gonzalez,Doctor 7,2023-11-24
P0117,Kimberly,Ruiz,Doctor 18,2023-11-24
P0221,Andrew,Sanders,Doctor 16,2023-11-24
P0239,Aaron,Phillips,Doctor 1,2023-11-24
P0272,Dorothy,Roberts,Doctor 11,2023-11-24
P0321,Brian,Wood,Doctor 11,2023-11-24
P0384,Sharon,Ortiz,Doctor 10,2023-11-24
P0427,Laura,Reed,Doctor 13,2023-11-24
P0503,Carol,James,Doctor 11,2023-11-24
P0509,David,Myers,Doctor 14,2023-11-24
P0568,Virginia,Davis,Doctor 13,2023-11-24
P0601,Jessica,Garcia,Doctor 8,2023-11-24
P0663,Anna,Young,Doctor 8,2023-11-24
P0675,Deborah,Gray,Doctor 17,2023-11-24
P0818,Donna,Roberts,Doctor 20,2023-11-24
P0848,Matthew,Phillips,Doctor 19,2023-11-24
P0930,Anthony,Diaz,Doctor 19,2023-11-24
P0998,Justin,Brooks,Doctor 15,2023-11-24
P1043,Frank,Taylor,Doctor 19,2023-11-24
P1061,Aaron,Chavez,Doctor 11,2023-11-24
P1067,Ruth,Rogers,Doctor 18,2023-11-24
P1080,Daniel,Morgan,Doctor 19,2023-11-24
P1091,Edward,Rodriguez,Doctor 3,2023-11-24
P1129,Patricia,Mitchell,Doctor 2,2023-11-24
P1205,Anna,Parker,Doctor 19,2023-11-24
P1261,Gregory,Hughes,Doctor 17,2023-11-24
P1272,Thomas,Jones,Doctor 5,2023-11-24
P1297,Thomas,Walker,Doctor 18,2023-11-24
P1609,Jason,Campbell,Doctor 15,2023-11-24
P1629,Donald,Johnson,Doctor 17,2023-11-24
P1797,Jessica,Miller,Doctor 20,2023-11-24
P1927,Nicholas,Collins,Doctor 8,2023-11-24
P1930,Dennis,Scott,Doctor 10,2023-11-24
P2130,Sarah,Torres,Doctor 8,2023-11-24
P2170,Donna,Campbell,Doctor 19,2023-11-24
P2201,Joseph,Martin,Doctor 15,2023-11-24
P2208,Kevin,Evans,Doctor 6,2023-11-24
P2219,Karen,White,Doctor 12,2023-11-24
P2283,James,Torres,Doctor 14,2023-11-24
P0115,Raymond,Collins,Doctor 9,2023-11-25
P0230,Joseph,Anderson,Doctor 15,2023-11-25
P0310,Robert,Walker,Doctor 3,2023-11-25
P0316,Jacob,Rogers,Doctor 12,2023-11-25
P0325,Patricia,Bennett,Doctor 7,2023-11-25
P0350,Sarah,Evans,Doctor 17,2023-11-25
P0360,Amy,King,Doctor 9,2023-11-25
P0475,Joseph,Campbell,Doctor 20,2023-11-25
P0604,Nicholas,Murphy,Doctor 15,2023-11-25
P0613,Jeffrey,Cook,Doctor 2,2023-11-25
P0704,Nicholas,Mendoza,Doctor 18,2023-11-25
P0705,Ryan,Wright,Doctor 17,2023-11-25
P0910,John,Gray,Doctor 6,2023-11-25
P0917,Steven,Howard,Doctor 4,2023-11-25
P0935,Richard,Ward,Doctor 20,2023-11-25
P0946,Timothy,Cox,Doctor 8,2023-11-25
P1121,Tyler,Flores,Doctor 6,2023-11-25
P1248,Lisa,White,Doctor 7,2023-11-25
P1287,James,Lewis,Doctor 4,2023-11-25
P1391,Michael,Adams,Doctor 8,2023-11-25
P1410,Amy,Brown,Doctor 19,2023-11-25
P1428,Samuel,Price,Doctor 3,2023-11-25
P1457,Timothy,Garcia,Doctor 2,2023-11-25
P1567,Steven,Cook,Doctor 18,2023-11-25
P1599,Samuel,Ramos,Doctor 9,2023-11-25
P1605,Jason,Cox,Doctor 17,2023-11-25
P1629,Donald,Johnson,Doctor 17,2023-11-25
P1861,Gary,Peterson,Doctor 5,2023-11-25
P1956,Brian,Taylor,Doctor 17,2023-11-25
P1976,Cynthia,Green,Doctor 2,2023-11-25
P2225,Lisa,Rodriguez,Doctor 2,2023-11-25
P2271,Helen,Thompson,Doctor 2,2023-11-25
P0176,Thomas,Perez,Doctor 16,2023-11-26
P0285,Lisa,Gray,Doctor 11,2023-11-26
P0526,Brenda,Morris,Doctor 6,2023-11-26
P0562,Donna,Green,Doctor 12,2023-11-26
P0634,Jose,Morris,Doctor 5,2023-11-26
P0865,Mark,Davis,Doctor 3,2023-11-26
P0884,Virginia,Turner,Doctor 2,2023-11-26
P0888,Deborah,King,Doctor 16,2023-11-26
P1076,Thomas,Rodriguez,Doctor 15,2023-11-26
P1086,Larry,Brooks,Doctor 20,2023-11-26
P1285,Shirley,Roberts,Doctor 18,2023-11-26
P1525,Donna,Brooks,Doctor 17,2023-11-26
P1579,Susan,Brooks,Doctor 9,2023-11-26
P1612,Ruth,Price,Doctor 3,2023-11-26
P1782,Sharon,Alvarez,Doctor 16,2023-11-26
P1848,Jack,Cox,Doctor 12,2023-11-26
P1859,Mark,Edwards,Doctor 15,2023-11-26
P1957,Helen,Myers,Doctor 1,2023-11-26
P2169,Michelle,Evans,Doctor 11,2023-11-26
P2303,Patricia,James,Doctor 14,2023-11-26
P0182,Donald,Ruiz,Doctor 2,2023-11-27
P0196,Donna,Chavez,Doctor 12,2023-11-27
P0408,Karen,Gray,Doctor 5,2023-11-27
P0461,Daniel,Gonzalez,Doctor 14,2023-11-27
P0508,Jeffrey,Chavez,Doctor 16,2023-11-27
P0565,Jeffrey,Wilson,Doctor 15,2023-11-27
P0607,Sarah,Ramos,Doctor 8,2023-11-27
P0686,Anthony,Kim,Doctor 16,2023-11-27
P0690,Kenneth,Flores,Doctor 5,2023-11-27
P0695,Lisa,Ruiz,Doctor 6,2023-11-27
P0936,Robert,Hernandez,Doctor 15,2023-11-27
P1013,Robert,Anderson,Doctor 13,2023-11-27
P1047,Robert,Taylor,Doctor 14,2023-11-27
P1071,Kathleen,Robinson,Doctor 4,2023-11-27
P1141,Shirley,Ortiz,Doctor 15,2023-11-27
P1200,Nancy,Thompson,Doctor 9,2023-11-27
P1228,Susan,Rogers,Doctor 1,2023-11-27
P1270,Nancy,Murphy,Doctor 9,2023-11-27
P1445,Laura,Smith,Doctor 20,2023-11-27
P1538,Nancy,Mendoza,Doctor 17,2023-11-27
P1539,Edward,Cox,Doctor 7,2023-11-27
P1632,Amy,Mitchell,Doctor 17,2023-11-27
P1642,Richard,Lopez,Doctor 3,2023-11-27
P1724,Helen,Diaz,Doctor 12,2023-11-27
P2246,Shirley,Gray,Doctor 17,2023-11-27
P0122,Larry,Ortiz,Doctor 13,2023-11-28
P0130,Nicholas,Ruiz,Doctor 20,2023-11-28
P0266,Jason,Sanchez,Doctor 12,2023-11-28
P0386,Barbara,Thompson,Doctor 5,2023-11-28
P0524,Raymond,Mendoza,Doctor 9,2023-11-28
P0684,Carol,Scott,Doctor 15,2023-11-28
P0812,Jennifer,Flores,Doctor 18,2023-11-28
P0881,Anthony,Thomas,Doctor 12,2023-11-28
P0961,Helen,Lee,Doctor 6,2023-11-28
P1015,Sarah,Gonzalez,Doctor 5,2023-11-28
P1054,Kimberly,Miller,Doctor 16,2023-11-28
P1159,Donna,Taylor,Doctor 1,2023-11-28
P1209,Deborah,Garcia,Doctor 14,2023-11-28
P1282,Gregory,Rodriguez,Doctor 4,2023-11-28
P1298,Linda,Bennett,Doctor 20,2023-11-28
P1390,Nancy,Alvarez,Doctor 5,2023-11-28
P1399,Matthew,Campbell,Doctor 6,2023-11-28
P1489,Mary,Alvarez,Doctor 3,2023-11-28
P1640,Sharon,Thomas,Doctor 19,2023-11-28
P1890,Lisa,Price,Doctor 16,2023-11-28
P1986,Dorothy,Torres,Doctor 9,2023-11-28
P1997,Kevin,Flores,Doctor 5,2023-11-28
P2002,Deborah,Martin,Doctor 14,2023-11-28
P2043,David,Kim,Doctor 2,2023-11-28
P0005,Stephen,Morales,Doctor 9,2023-11-29
P0081,Charles,Martin,Doctor 1,2023-11-29
P0134,William,Lewis,Doctor 19,2023-11-29
P0149,Larry,Turner,Doctor 7,2023-11-29
P0219,Shirley,Scott,Doctor 1,2023-11-29
P0230,Joseph,Anderson,Doctor 16,2023-11-29
P0268,Deborah,Edwards,Doctor 19,2023-11-29
P0554,George,Gutierrez,Doctor 7,2023-11-29
P0600,Carol,Thomas,Doctor 17,2023-11-29
P0636,Ryan,Phillips,Doctor 4,2023-11-29
P0646,Christopher,Green,Doctor 20,2023-11-29
P0699,Jacob,Ruiz,Doctor 5,2023-11-29
P0779,Jeffrey,Price,Doctor 20,2023-11-29
P0828,Gary,Gutierrez,Doctor 2,2023-11-29
P0975,Sharon,Flores,Doctor 7,2023-11-29
P1133,Virginia,Rivera,Doctor 9,2023-11-29
P1366,Jonathan,King,Doctor 20,2023-11-29
P1647,Richard,Stewart,Doctor 5,2023-11-29
P1751,James,Cook,Doctor 7,2023-11-29
P1755,Patricia,Watson,Doctor 1,2023-11-29
P1767,John,Price,Doctor 10,2023-11-29
P1825,Tyler,Edwards,Doctor 6,2023-11-29
P1961,Anthony,James,Doctor 15,2023-11-29
P1982,Kathleen,Patel,Doctor 18,2023-11-29
P2071,Sarah,Price,Doctor 14,2023-11-29
P2221,Sandra,Reyes,Doctor 8,2023-11-29
P2222,Anthony,Kelly,Doctor 17,2023-11-29
P0055,Dennis,Richardson,Doctor 16,2023-11-30
P0091,Brandon,Kim,Doctor 20,2023-11-30
P0190,Betty,Edwards,Doctor 20,2023-11-30
P0278,Virginia,Morris,Doctor 20,2023-11-30
P0310,Robert,Walker,Doctor 3,2023-11-30
P0330,Amy,Garcia,Doctor 18,2023-11-30
P0363,Stephen,Ramirez,Doctor 20,2023-11-30
P0451,Steven,Robinson,Doctor 5,2023-11-30
P0656,Edward,Hall,Doctor 8,2023-11-30
P0678,James,Garcia,Doctor 7,2023-11-30
P0794,Alexander,Anderson,Doctor 12,2023-11-30
P0861,Nancy,Rivera,Doctor 13,2023-11-30
P0996,Melissa,Collins,Doctor 4,2023-11-30
P1116,Kevin,King,Doctor 14,2023-11-30
P1141,Shirley,Ortiz,Doctor 12,2023-11-30
P1144,Sharon,Miller,Doctor 12,2023-11-30
P1229,Robert,Chavez,Doctor 17,2023-11-30
P1439,Brenda,Hernandez,Doctor 15,2023-11-30
P1474,Ryan,Hernandez,Doctor 4,2023-11-30
P1479,Ryan,Garcia,Doctor 2,2023-11-30
P1612,Ruth,Price,Doctor 3,2023-11-30
P1623,Melissa,Lee,Doctor 17,2023-11-30
P1871,Dorothy,Thomas,Doctor 16,2023-11-30
P1913,Joshua,James,Doctor 3,2023-11-30
P2025,Joseph,Hughes,Doctor 14,2023-11-30
P2045,Sharon,Campbell,Doctor 17,2023-11-30
P2123,Betty,Ruiz,Doctor 3,2023-11-30
P2129,Betty,Torres,Doctor 11,2023-11-30
P2137,Brenda,Phillips,Doctor 15,2023-11-30
P2195,Angela,Smith,Doctor 12,2023-11-30
P2205,Thomas,Gonzalez,Doctor 6,2023-11-30
P2286,Jerry,Thomas,Doctor 2,2023-11-30
P2296,Sharon,Diaz,Doctor 12,2023-11-30
P0031,Edward,Cruz,Doctor 18,2023-12-01
P0289,Gary,Anderson,Doctor 18,2023-12-01
P0360,Amy,King,Doctor 9,2023-12-01
P0444,Donna,Allen,Doctor 7,2023-12-01
P0567,Ryan,Morgan,Doctor 20,2023-12-01
P0568,Virginia,Davis,Doctor 6,2023-12-01
P0587,Larry,Cruz,Doctor 8,2023-12-01
P0679,Kimberly,Rivera,Doctor 12,2023-12-01
P0751,Jennifer,Martinez,Doctor 18,2023-12-01
P0837,Helen,Gray,Doctor 14,2023-12-01
P0877,Helen,Stewart,Doctor 6,2023-12-01
P0926,Robert,Castillo,Doctor 15,2023-12-01
P0937,Nancy,Cooper,Doctor 13,2023-12-01
P0964,Donna,Jones,Doctor 3,2023-12-01
P0977,Karen,Torres,Doctor 9,2023-12-01
P0998,Justin,Brooks,Doctor 8,2023-12-01
P1110,Benjamin,Williams,Doctor 9,2023-12-01
P1156,Sandra,Mendoza,Doctor 18,2023-12-01
P1164,Steven,Gutierrez,Doctor 18,2023-12-01
P1197,James,Carter,Doctor 15,2023-12-01
P1370,Steven,Martinez,Doctor 18,2023-12-01
P1373,Jose,Cook,Doctor 5,2023-12-01
P1424,Michelle,Scott,Doctor 14,2023-12-01
P1477,John,Wilson,Doctor 15,2023-12-01
P1687,Nancy,Young,Doctor 13,2023-12-01
P1806,Sharon,Lewis,Doctor 13,2023-12-01
P1889,Richard,Wood,Doctor 8,2023-12-01
P1926,Helen,Johnson,Doctor 16,2023-12-01
P1933,Jose,Jones,Doctor 20,2023-12-01
P1972,John,Reed,Doctor 14,2023-12-01
P1979,Karen,Morales,Doctor 6,2023-12-01
P2085,Linda,Richardson,Doctor 20,2023-12-01
P2089,Charles,Reed,Doctor 9,2023-12-01
P2103,Deborah,White,Doctor 10,2023-12-01
P2110,Donna,Thomas,Doctor 9,2023-12-01
P2110,Donna,Thomas,Doctor 9,2023-12-01
P2134,Timothy,Scott,Doctor 17,2023-12-01
P2169,Michelle,Evans,Doctor 11,2023-12-01
P2197,Daniel,Taylor,Doctor 16,2023-12-01
P2285,Barbara,Flores,Doctor 1,2023-12-01
P0128,Eric,Nelson,Doctor 11,2023-12-02
P0246,Carol,Robinson,Doctor 9,2023-12-02
P0359,Steven,Wright,Doctor 5,2023-12-02
P0395,Sandra,Sanchez,Doctor 6,2023-12-02
P0508,Jeffrey,Chavez,Doctor 16,2023-12-02
P0662,Amy,Parker,Doctor 2,2023-12-02
P0690,Kenneth,Flores,Doctor 14,2023-12-02
P0696,Larry,Reed,Doctor 15,2023-12-02
P0720,Jose,Jackson,Doctor 10,2023-12-02
P0770,Jose,Kelly,Doctor 7,2023-12-02
P0778,Sandra,Alvarez,Doctor 18,2023-12-02
P0829,Charles,Adams,Doctor 10,2023-12-02
P0867,Edward,Hill,Doctor 17,2023-12-02
P0880,Carol,Flores,Doctor 5,2023-12-02
P0914,Michael,Garcia,Doctor 16,2023-12-02
P0947,Gregory,Mitchell,Doctor 7,2023-12-02
P1048,Angela,Johnson,Doctor 14,2023-12-02
P1082,Jose,Brown,Doctor 19,2023-12-02
P1090,Eric,Carter,Doctor 17,2023-12-02
P1311,Mark,King,Doctor 8,2023-12-02
P1409,Kimberly,Sanchez,Doctor 10,2023-12-02
P1448,Jeffrey,Jackson,Doctor 19,2023-12-02
P1566,Edward,Murphy,Doctor 8,2023-12-02
P1578,Mark,Evans,Doctor 17,2023-12-02
P1891,Jessica,White,Doctor 1,2023-12-02
P1952,William,Flores,Doctor 8,2023-12-02
P2069,Melissa,Morris,Doctor 2,2023-12-02
P2257,Susan,Hall,Doctor 1,2023-12-02
P2287,Gary,Morris,Doctor 4,2023-12-02
P0019,Jose,Mitchell,Doctor 4,2023-12-03
P0092,Alexander,Wright,Doctor 17,2023-12-03
P0128,Eric,Nelson,Doctor 11,2023-12-03
P0215,Sharon,Myers,Doctor 8,2023-12-03
P0232,Daniel,Price,Doctor 4,2023-12-03
P0234,Alexander,Scott,Doctor 8,2023-12-03
P0235,Patrick,Sanchez,Doctor 9,2023-12-03
P0247,Nancy,Lee,Doctor 14,2023-12-03
P0251,Larry,Carter,Doctor 12,2023-12-03
P0377,Benjamin,Ward,Doctor 8,2023-12-03
P0413,Anna,Chavez,Doctor 10,2023-12-03
P0427,Laura,Reed,Doctor 13,2023-12-03
P0428,Sandra,White,Doctor 14,2023-12-03
P0715,Lisa,Cruz,Doctor 13,2023-12-03
P0756,Alexander,Clark,Doctor 1,2023-12-03
P0952,Donna,Anderson,Doctor 20,2023-12-03
P1030,Helen,Sanders,Doctor 19,2023-12-03
P1052,Brenda,Allen,Doctor 5,2023-12-03
P1083,Rebecca,Richardson,Doctor 7,2023-12-03
P1184,Donna,Collins,Doctor 18,2023-12-03
P1267,Helen,Morales,Doctor 1,2023-12-03
P1317,Laura,Brown,Doctor 7,2023-12-03
P1351,Joseph,Smith,Doctor 1,2023-12-03
P1521,Linda,Mitchell,Doctor 15,2023-12-03
P1538,Nancy,Mendoza,Doctor 17,2023-12-03
P1583,Shirley,Gonzalez,Doctor 14,2023-12-03
P1620,Scott,Robinson,Doctor 9,2023-12-03
P1726,Ronald,Mitchell,Doctor 7,2023-12-03
P1866,Frank,Morgan,Doctor 18,2023-12-03
P1948,Ryan,Jackson,Doctor 9,2023-12-03
P1954,Amy,Moore,Doctor 19,2023-12-03
P1972,John,Reed,Doctor 14,2023-12-03
P2115,Raymond,Jones,Doctor 20,2023-12-03
P2141,David,Morgan,Doctor 12,2023-12-03
P2286,Jerry,Thomas,Doctor 2,2023-12-03
P0055,Dennis,Richardson,Doctor 16,2023-12-04
P0163,Jason,Robinson,Doctor 19,2023-12-04
P0217,Elizabeth,Harris,Doctor 4,2023-12-04
P0242,Aaron,Myers,Doctor 16,2023-12-04
P0374,Angela,Gray,Doctor 7,2023-12-04
P0527,Jessica,Rogers,Doctor 1,2023-12-04
P0567,Ryan,Morgan,Doctor 7,2023-12-04
P0640,Raymond,Price,Doctor 7,2023-12-04
P0955,Nicholas,Roberts,Doctor 17,2023-12-04
P1052,Brenda,Allen,Doctor 13,2023-12-04
P1078,Kevin,Johnson,Doctor 14,2023-12-04
P1098,Brenda,Cooper,Doctor 17,2023-12-04
P1231,Sharon,Johnson,Doctor 18,2023-12-04
P1324,Andrew,King,Doctor 12,2023-12-04
P1384,Donald,Nelson,Doctor 8,2023-12-04
P1438,Joseph,Brooks,Doctor 5,2023-12-04
P1518,Cynthia,Peterson,Doctor 20,2023-12-04
P1608,Karen,Campbell,Doctor 15,2023-12-04
P1659,Patrick,Cooper,Doctor 16,2023-12-04
P1665,Laura,Carter,Doctor 14,2023-12-04
P1686,Benjamin,Chavez,Doctor 12,2023-12-04
P1833,Angela,Clark,Doctor 13,2023-12-04
P1974,Brenda,Castillo,Doctor 11,2023-12-04
P2030,Benjamin,Clark,Doctor 2,2023-12-04
P2049,Christopher,Walker,Doctor 16,2023-12-04
P2152,William,Cox,Doctor 19,2023-12-04
P0035,Samuel,Morgan,Doctor 6,2023-12-05
P0154,Jonathan,Rodriguez,Doctor 10,2023-12-05
P0170,Amy,Peterson,Doctor 12,2023-12-05
P0640,Raymond,Price,Doctor 7,2023-12-05
P0745,Raymond,Wilson,Doctor 17,2023-12-05
P0832,Carol,Wright,Doctor 4,2023-12-05
P0840,Anna,Allen,Doctor 12,2023-12-05
P0854,Anna,Lewis,Doctor 8,2023-12-05
P0890,Dennis,Sanchez,Doctor 18,2023-12-05
P0891,Nancy,Diaz,Doctor 18,2023-12-05
P0908,Nicholas,Hughes,Doctor 15,2023-12-05
P0982,Jennifer,King,Doctor 16,2023-12-05
P1125,Mark,Campbell,Doctor 18,2023-12-05
P1142,Jonathan,Johnson,Doctor 7,2023-12-05
P1360,Donald,Davis,Doctor 11,2023-12-05
P1371,Carol,Gutierrez,Doctor 3,2023-12-05
P1409,Kimberly,Sanchez,Doctor 10,2023-12-05
P1450,Mary,Allen,Doctor 15,2023-12-05
P1520,Larry,Nelson,Doctor 1,2023-12-05
P1534,John,Diaz,Doctor 9,2023-12-05
P1593,Deborah,Smith,Doctor 11,2023-12-05
P1605,Jason,Cox,Doctor 17,2023-12-05
P1606,Joseph,Moore,Doctor 2,2023-12-05
P1616,Daniel,Scott,Doctor 2,2023-12-05
P1618,Sarah,Jones,Doctor 20,2023-12-05
P1650,Patricia,King,Doctor 20,2023-12-05
P1746,Justin,Morgan,Doctor 12,2023-12-05
P1815,Kimberly,White,Doctor 2,2023-12-05
P1855,Jessica,Nguyen,Doctor 5,2023-12-05
P1972,John,Reed,Doctor 14,2023-12-05
P2015,James,Kelly,Doctor 1,2023-12-05
P2038,Andrew,Allen,Doctor 2,2023-12-05
P2060,Jonathan,Jones,Doctor 9,2023-12-05
P2158,Ronald,Smith,Doctor 20,2023-12-05
P2303,Patricia,James,Doctor 14,2023-12-05
P0049,Anthony,Adams,Doctor 7,2023-12-06
P0057,Deborah,Thompson,Doctor 16,2023-12-06
P0071,Helen,Phillips,Doctor 3,2023-12-06
P0099,Michael,Rivera,Doctor 17,2023-12-06
P0200,Brian,Martin,Doctor 11,2023-12-06
P0237,Scott,Hill,Doctor 14,2023-12-06
P0288,Nancy,Miller,Doctor 8,2023-12-06
P0374,Angela,Gray,Doctor 7,2023-12-06
P0416,Nicholas,Davis,Doctor 8,2023-12-06
P0684,Carol,Scott,Doctor 15,2023-12-06
P0748,William,Adams,Doctor 8,2023-12-06
P0754,Brenda,Brown,Doctor 2,2023-12-06
P0871,Jose,Flores,Doctor 9,2023-12-06
P0968,Daniel,Phillips,Doctor 15,2023-12-06
P1008,Joseph,Wood,Doctor 3,2023-12-06
P1076,Thomas,Rodriguez,Doctor 19,2023-12-06
P1196,Jason,Cook,Doctor 18,2023-12-06
P1257,Jerry,Scott,Doctor 9,2023-12-06
P1392,Barbara,Carter,Doctor 2,2023-12-06
P1423,Jessica,Brooks,Doctor 7,2023-12-06
P1516,Richard,Alvarez,Doctor 20,2023-12-06
P1704,Timothy,Ruiz,Doctor 4,2023-12-06
P1724,Helen,Diaz,Doctor 12,2023-12-06
P1886,Shirley,Williams,Doctor 16,2023-12-06
P1907,Steven,Sanders,Doctor 16,2023-12-06
P2139,Jason,Ortiz,Doctor 7,2023-12-06
P2290,Raymond,Bailey,Doctor 17,2023-12-06
P2295,Kenneth,Richardson,Doctor 17,2023-12-06
P0118,Sarah,Reed,Doctor 14,2023-12-07
P0137,Kenneth,Scott,Doctor 8,2023-12-07
P0155,Christopher,Harris,Doctor 2,2023-12-07
P0168,Brenda,Wright,Doctor 6,2023-12-07
P0284,Eric,Harris,Doctor 4,2023-12-07
P0421,Betty,Peterson,Doctor 9,2023-12-07
P0542,Kimberly,Bennett,Doctor 4,2023-12-07
P0606,Lisa,Ramos,Doctor 3,2023-12-07
P0781,Jonathan,Miller,Doctor 11,2023-12-07
P0831,David,Miller,Doctor 14,2023-12-07
P0846,Amy,Martin,Doctor 9,2023-12-07
P0851,Nicholas,James,Doctor 2,2023-12-07
P1015,Sarah,Gonzalez,Doctor 5,2023-12-07
P1091,Edward,Rodriguez,Doctor 16,2023-12-07
P1113,Sharon,Richardson,Doctor 14,2023-12-07
P1138,Ruth,Perez,Doctor 15,2023-12-07
P1216,Nancy,Reyes,Doctor 7,2023-12-07
P1474,Ryan,Hernandez,Doctor 4,2023-12-07
P1557,Angela,Adams,Doctor 15,2023-12-07
P1627,Robert,Patel,Doctor 11,2023-12-07
P1630,Edward,Martinez,Doctor 18,2023-12-07
P1710,Michael,Peterson,Doctor 13,2023-12-07
P1767,John,Price,Doctor 10,2023-12-07
P1825,Tyler,Edwards,Doctor 6,2023-12-07
P1843,Deborah,Roberts,Doctor 17,2023-12-07
P1905,Michael,Scott,Doctor 20,2023-12-07
P1950,Justin,Reyes,Doctor 17,2023-12-07
P1959,Richard,Morales,Doctor 2,2023-12-07
P2046,David,Young,Doctor 8,2023-12-07
P2156,Steven,Ortiz,Doctor 5,2023-12-07
P2225,Lisa,Rodriguez,Doctor 2,2023-12-07
P2253,George,Kelly,Doctor 11,2023-12-07
P0063,Jonathan,Gomez,Doctor 1,2023-12-08
P0083,Jose,Carter,Doctor 5,2023-12-08
P0340,Sarah,Bennett,Doctor 18,2023-12-08
P0471,John,Ramos,Doctor 3,2023-12-08
P0588,Nancy,Morris,Doctor 11,2023-12-08
P0804,Christopher,Gomez,Doctor 8,2023-12-08
P0883,Gregory,Young,Doctor 4,2023-12-08
P0908,Nicholas,Hughes,Doctor 7,2023-12-08
P0937,Nancy,Cooper,Doctor 12,2023-12-08
P1093,Virginia,Ortiz,Doctor 9,2023-12-08
P1100,Jonathan,Cox,Doctor 14,2023-12-08
P1158,Stephen,Jones,Doctor 5,2023-12-08
P1203,Michelle,Reyes,Doctor 19,2023-12-08
P1207,Nancy,Ortiz,Doctor 4,2023-12-08
P1358,Gary,Hill,Doctor 9,2023-12-08
P1389,Melissa,Gray,Doctor 4,2023-12-08
P1491,Kathleen,Cruz,Doctor 8,2023-12-08
P1493,Karen,Wood,Doctor 15,2023-12-08
P1529,Jack,Kelly,Doctor 12,2023-12-08
P1604,Nancy,Reed,Doctor 2,2023-12-08
P1684,Patricia,Rodriguez,Doctor 20,2023-12-08
P1769,Mark,Morales,Doctor 14,2023-12-08
P1788,Sarah,Diaz,Doctor 2,2023-12-08
P1986,Dorothy,Torres,Doctor 6,2023-12-08
P2083,Ryan,Ramirez,Doctor 18,2023-12-08
P0011,William,Morales,Doctor 15,2023-12-09
P0063,Jonathan,Gomez,Doctor 10,2023-12-09
P0133,Helen,Walker,Doctor 12,2023-12-09
P0226,Angela,Kelly,Doctor 2,2023-12-09
P0229,Justin,King,Doctor 17,2023-12-09
P0439,Joseph,Castillo,Doctor 14,2023-12-09
P0474,Sarah,James,Doctor 8,2023-12-09
P0482,Anthony,Lewis,Doctor 16,2023-12-09
P0561,Karen,Kim,Doctor 5,2023-12-09
P0581,Laura,Moore,Doctor 12,2023-12-09
P0655,Alexander,White,Doctor 17,2023-12-09
P0706,Gregory,Cox,Doctor 12,2023-12-09
P0709,Justin,Scott,Doctor 15,2023-12-09
P0730,Deborah,Wood,Doctor 5,2023-12-09
P0745,Raymond,Wilson,Doctor 17,2023-12-09
P1039,Jack,Ward,Doctor 14,2023-12-09
P1123,Barbara,Morales,Doctor 9,2023-12-09
P1232,Steven,Kelly,Doctor 7,2023-12-09
P1250,Brian,Walker,Doctor 10,2023-12-09
P1271,Christopher,Peterson,Doctor 8,2023-12-09
P1363,David,Morales,Doctor 18,2023-12-09
P1396,Lisa,Walker,Doctor 1,2023-12-09
P1444,Laura,Anderson,Doctor 3,2023-12-09
P1572,Jacob,Brooks,Doctor 2,2023-12-09
P1580,Thomas,Sanchez,Doctor 10,2023-12-09
P1641,Kenneth,Cook,Doctor 18,2023-12-09
P1669,Kimberly,Turner,Doctor 20,2023-12-09
P1786,Matthew,Morales,Doctor 3,2023-12-09
P1889,Richard,Wood,Doctor 8,2023-12-09
P1932,Betty,Green,Doctor 3,2023-12-09
P1989,Elizabeth,Turner,Doctor 14,2023-12-09
P2172,Alexander,Garcia,Doctor 13,2023-12-09
P2174,Timothy,Martin,Doctor 8,2023-12-09
P2209,Jessica,Walker,Doctor 14,2023-12-09
P0055,Dennis,Richardson,Doctor 10,2023-12-10
P0167,Anna,Mendoza,Doctor 4,2023-12-10
P0170,Amy,Peterson,Doctor 18,2023-12-10
P0372,Jeffrey,Wood,Doctor 10,2023-12-10
P0395,Sandra,Sanchez,Doctor 11,2023-12-10
P0522,Donna,Edwards,Doctor 9,2023-12-10
P0544,Frank,Clark,Doctor 18,2023-12-10
P0669,Nicholas,Castillo,Doctor 20,2023-12-10
P0673,Laura,Edwards,Doctor 4,2023-12-10
P0676,Cynthia,King,Doctor 14,2023-12-10
P0809,Raymond,Parker,Doctor 15,2023-12-10
P0854,Anna,Lewis,Doctor 8,2023-12-10
P0915,Karen,Turner,Doctor 6,2023-12-10
P0915,Karen,Turner,Doctor 19,2023-12-10
P0935,Richard,Ward,Doctor 20,2023-12-10
P1019,Andrew,Ruiz,Doctor 20,2023-12-10
P1156,Sandra,Mendoza,Doctor 18,2023-12-10
P1406,Dennis,Martinez,Doctor 12,2023-12-10
P1631,Jack,White,Doctor 19,2023-12-10
P1737,Michael,Cooper,Doctor 12,2023-12-10
P1814,Frank,Scott,Doctor 5,2023-12-10
P1893,Tyler,Wood,Doctor 12,2023-12-10
P1894,Kimberly,Alvarez,Doctor 2,2023-12-10
P2203,Brenda,Morgan,Doctor 1,2023-12-10
P2247,Brian,Cook,Doctor 16,2023-12-10
P2263,Frank,Ruiz,Doctor 16,2023-12-10
P0089,Anna,Morales,Doctor 4,2023-12-11
P0115,Raymond,Collins,Doctor 9,2023-12-11
P0176,Thomas,Perez,Doctor 16,2023-12-11
P0178,Donna,White,Doctor 14,2023-12-11
P0234,Alexander,Scott,Doctor 2,2023-12-11
P0278,Virginia,Morris,Doctor 20,2023-12-11
P0299,Daniel,Harris,Doctor 2,2023-12-11
P0304,John,Jones,Doctor 17,2023-12-11
P0320,Sarah,Thompson,Doctor 8,2023-12-11
P0362,Lisa,James,Doctor 8,2023-12-11
P0465,Kathleen,Edwards,Doctor 10,2023-12-11
P0470,Michelle,Williams,Doctor 14,2023-12-11
P0525,Lisa,Stewart,Doctor 18,2023-12-11
P0529,Brian,Ramirez,Doctor 7,2023-12-11
P0567,Ryan,Morgan,Doctor 7,2023-12-11
P0610,Sharon,Garcia,Doctor 13,2023-12-11
P0830,Daniel,Hughes,Doctor 10,2023-12-11
P0871,Jose,Flores,Doctor 19,2023-12-11
P1151,Ronald,Clark,Doctor 1,2023-12-11
P1294,Joseph,Adams,Doctor 14,2023-12-11
P1360,Donald,Davis,Doctor 11,2023-12-11
P1403,Anna,Wood,Doctor 4,2023-12-11
P1594,Linda,Ramirez,Doctor 12,2023-12-11
P1679,Barbara,Smith,Doctor 1,2023-12-11
P1714,Ruth,Ortiz,Doctor 17,2023-12-11
P1744,Kimberly,Stewart,Doctor 18,2023-12-11
P1852,Sharon,Nelson,Doctor 18,2023-12-11
P1865,Sarah,Alvarez,Doctor 12,2023-12-11
P1993,Jessica,Stewart,Doctor 17,2023-12-11
P2035,Joseph,Cook,Doctor 13,2023-12-11
P2040,Ruth,Harris,Doctor 2,2023-12-11
P2051,Cynthia,Hernandez,Doctor 16,2023-12-11
P2077,Jeffrey,Peterson,Doctor 13,2023-12-11
P2089,Charles,Reed,Doctor 9,2023-12-11
P2170,Donna,Campbell,Doctor 4,2023-12-11
P2176,Dennis,Lopez,Doctor 14,2023-12-11
P2215,James,Howard,Doctor 17,2023-12-11
P2233,Emma,Ward,Doctor 4,2023-12-11
P2238,Brian,Alvarez,Doctor 4,2023-12-11
P2300,John,Campbell,Doctor 18,2023-12-11
P0052,Kevin,Perez,Doctor 3,2023-12-12
P0263,Amy,Anderson,Doctor 14,2023-12-12
P0338,Brandon,Thomas,Doctor 5,2023-12-12
P0462,Jennifer,Cox,Doctor 1,2023-12-12
P0599,Jerry,Moore,Doctor 10,2023-12-12
P0620,Barbara,Ruiz,Doctor 1,2023-12-12
P0714,Stephen,Gonzalez,Doctor 5,2023-12-12
P0836,Donna,Hall,Doctor 2,2023-12-12
P0841,Ronald,Gutierrez,Doctor 9,2023-12-12
P0862,Linda,James,Doctor 2,2023-12-12
P0875,Thomas,Price,Doctor 5,2023-12-12
P0960,Donna,Ortiz,Doctor 11,2023-12-12
P1379,Eric,Mendoza,Doctor 3,2023-12-12
P1432,James,Williams,Doctor 9,2023-12-12
P1444,Laura,Anderson,Doctor 3,2023-12-12
P1600,Shirley,Mendoza,Doctor 2,2023-12-12
P2058,Frank,Ward,Doctor 17,2023-12-12
P2112,Carol,Moore,Doctor 2,2023-12-12
P0043,Sarah,Harris,Doctor 3,2023-12-13
P0054,Steven,Green,Doctor 19,2023-12-13
P0058,John,Young,Doctor 14,2023-12-13
P0100,Michael,Roberts,Doctor 14,2023-12-13
P0114,Joseph,Carter,Doctor 11,2023-12-13
P0251,Larry,Carter,Doctor 12,2023-12-13
P0449,Joshua,Gomez,Doctor 8,2023-12-13
P0489,Jennifer,Gutierrez,Doctor 14,2023-12-13
P0549,Sarah,Garcia,Doctor 11,2023-12-13
P0551,Laura,Adams,Doctor 19,2023-12-13
P0591,Jason,Thomas,Doctor 9,2023-12-13
P0606,Lisa,Ramos,Doctor 8,2023-12-13
P0631,Ronald,Johnson,Doctor 14,2023-12-13
P0746,Kevin,Anderson,Doctor 8,2023-12-13
P0802,Nicholas,Walker,Doctor 14,2023-12-13
P0810,Steven,James,Doctor 14,2023-12-13
P0956,Alexander,Gomez,Doctor 6,2023-12-13
P1050,Steven,White,Doctor 5,2023-12-13
P1672,Eric,Hill,Doctor 7,2023-12-13
P1689,John,Kim,Doctor 16,2023-12-13
P1737,Michael,Cooper,Doctor 12,2023-12-13
P1837,Kenneth,Parker,Doctor 14,2023-12-13
P1859,Mark,Edwards,Doctor 15,2023-12-13
P1875,Lisa,Brooks,Doctor 10,2023-12-13
P1884,Mary,Nguyen,Doctor 3,2023-12-13
P1903,Nancy,Harris,Doctor 15,2023-12-13
P1915,Karen,Bennett,Doctor 16,2023-12-13
P1917,Carol,Cook,Doctor 5,2023-12-13
P1965,Jeffrey,Mendoza,Doctor 16,2023-12-13
P2115,Raymond,Jones,Doctor 20,2023-12-13
P2273,Samuel,Martin,Doctor 7,2023-12-13
P0293,Christopher,Carter,Doctor 1,2023-12-14
P0294,Ryan,Lopez,Doctor 7,2023-12-14
P0306,Patricia,Gray,Doctor 2,2023-12-14
P0346,Brandon,Hughes,Doctor 10,2023-12-14
P0365,Gregory,Hernandez,Doctor 6,2023-12-14
P0459,Sarah,Kim,Doctor 5,2023-12-14
P0566,Barbara,Moore,Doctor 9,2023-12-14
P0569,Nancy,Martinez,Doctor 12,2023-12-14
P0582,Lisa,Sanchez,Doctor 19,2023-12-14
P0726,Betty,Phillips,Doctor 18,2023-12-14
P0755,Lisa,Morgan,Doctor 8,2023-12-14
P0766,Donald,Ramos,Doctor 10,2023-12-14
P0807,Jessica,Taylor,Doctor 6,2023-12-14
P0822,Ryan,Mitchell,Doctor 16,2023-12-14
P0842,Cynthia,Allen,Doctor 5,2023-12-14
P0861,Nancy,Rivera,Doctor 13,2023-12-14
P0988,Jose,Morgan,Doctor 11,2023-12-14
P1054,Kimberly,Miller,Doctor 16,2023-12-14
P1150,Sandra,Miller,Doctor 10,2023-12-14
P1166,Gregory,Carter,Doctor 6,2023-12-14
P1335,William,Nelson,Doctor 8,2023-12-14
P1382,Michelle,Hill,Doctor 16,2023-12-14
P1455,Nancy,Bailey,Doctor 15,2023-12-14
P1455,Nancy,Bailey,Doctor 15,2023-12-14
P1456,Barbara,Richardson,Doctor 18,2023-12-14
P1460,Benjamin,Gonzalez,Doctor 2,2023-12-14
P1524,Mark,Green,Doctor 4,2023-12-14
P1544,Helen,Lopez,Doctor 20,2023-12-14
P1655,Charles,Brown,Doctor 13,2023-12-14
P1922,Jack,Wilson,Doctor 20,2023-12-14
P2036,Steven,Garcia,Doctor 6,2023-12-14
P2056,Nicholas,Watson,Doctor 9,2023-12-14
P0015,Jessica,Lopez,Doctor 3,2023-12-15
P0032,Timothy,James,Doctor 17,2023-12-15
P0043,Sarah,Harris,Doctor 11,2023-12-15
P0084,Jonathan,Campbell,Doctor 14,2023-12-15
P0187,Jack,Sanchez,Doctor 9,2023-12-15
P0294,Ryan,Lopez,Doctor 7,2023-12-15
P0301,Linda,Hall,Doctor 15,2023-12-15
P0343,Karen,Phillips,Doctor 17,2023-12-15
P0395,Sandra,Sanchez,Doctor 11,2023-12-15
P0404,Rebecca,Lee,Doctor 11,2023-12-15
P0743,Kimberly,James,Doctor 18,2023-12-15
P0770,Jose,Kelly,Doctor 7,2023-12-15
P0813,Karen,Taylor,Doctor 20,2023-12-15
P0937,Nancy,Cooper,Doctor 20,2023-12-15
P0950,James,Hughes,Doctor 13,2023-12-15
P0962,Laura,Garcia,Doctor 10,2023-12-15
P1007,Carol,Taylor,Doctor 2,2023-12-15
P1058,Jennifer,Clark,Doctor 7,2023-12-15
P1213,Sarah,Richardson,Doctor 1,2023-12-15
P1298,Linda,Bennett,Doctor 8,2023-12-15
P1323,Deborah,Taylor,Doctor 18,2023-12-15
P1461,Jonathan,Clark,Doctor 5,2023-12-15
P1546,Kathleen,Mitchell,Doctor 12,2023-12-15
P1595,Amy,Kim,Doctor 3,2023-12-15
P1609,Jason,Campbell,Doctor 15,2023-12-15
P1638,Scott,Martinez,Doctor 2,2023-12-15
P1647,Richard,Stewart,Doctor 4,2023-12-15
P1679,Barbara,Smith,Doctor 5,2023-12-15
P1886,Shirley,Williams,Doctor 7,2023-12-15
P2170,Donna,Campbell,Doctor 4,2023-12-15
P2300,John,Campbell,Doctor 18,2023-12-15
P0066,Andrew,Hill,Doctor 3,2023-12-16
P0070,Timothy,Torres,Doctor 13,2023-12-16
P0195,Eric,Ortiz,Doctor 9,2023-12-16
P0271,Ruth,Morales,Doctor 9,2023-12-16
P0556,Lisa,Chavez,Doctor 16,2023-12-16
P0630,Betty,Thompson,Doctor 20,2023-12-16
P0652,Joseph,Morales,Doctor 20,2023-12-16
P0725,Elizabeth,Ward,Doctor 12,2023-12-16
P0760,Cynthia,Lee,Doctor 3,2023-12-16
P0859,Anna,Reed,Doctor 4,2023-12-16
P0864,Rebecca,Rodriguez,Doctor 13,2023-12-16
P1024,Betty,Cox,Doctor 20,2023-12-16
P1102,Samuel,Hill,Doctor 1,2023-12-16
P1160,Patricia,Wilson,Doctor 1,2023-12-16
P1244,Matthew,Rivera,Doctor 3,2023-12-16
P1262,Daniel,Diaz,Doctor 9,2023-12-16
P1343,Tyler,Perez,Doctor 9,2023-12-16
P1459,Sandra,Wright,Doctor 15,2023-12-16
P1545,Stephen,Wilson,Doctor 15,2023-12-16
P1619,Jack,Murphy,Doctor 17,2023-12-16
P1669,Kimberly,Turner,Doctor 11,2023-12-16
P1807,Helen,Alvarez,Doctor 4,2023-12-16
P1873,Jonathan,Turner,Doctor 9,2023-12-16
P1941,Ruth,Rodriguez,Doctor 19,2023-12-16
P2003,Aaron,Campbell,Doctor 14,2023-12-16
P2050,Joseph,Richardson,Doctor 10,2023-12-16
P2120,Kenneth,Gomez,Doctor 8,2023-12-16
P2136,Sarah,Robinson,Doctor 8,2023-12-16
P2165,Elizabeth,Carter,Doctor 16,2023-12-16
P2197,Daniel,Taylor,Doctor 3,2023-12-16
P2203,Brenda,Morgan,Doctor 10,2023-12-16
P0046,Jack,Alvarez,Doctor 3,2023-12-17
P0139,Patricia,Reed,Doctor 20,2023-12-17
P0212,Christopher,Lee,Doctor 13,2023-12-17
P0281,Mary,Phillips,Doctor 4,2023-12-17
P0344,Donna,Clark,Doctor 3,2023-12-17
P0494,Andrew,Cruz,Doctor 15,2023-12-17
P0576,Donald,Howard,Doctor 14,2023-12-17
P0780,Nancy,Smith,Doctor 20,2023-12-17
P0841,Ronald,Gutierrez,Doctor 9,2023-12-17
P0859,Anna,Reed,Doctor 4,2023-12-17
P0929,Brenda,Harris,Doctor 16,2023-12-17
P0973,Helen,Garcia,Doctor 4,2023-12-17
P1111,Melissa,Baker,Doctor 15,2023-12-17
P1224,Ryan,Alvarez,Doctor 9,2023-12-17
P1291,Matthew,Thompson,Doctor 19,2023-12-17
P1375,Brian,Gutierrez,Doctor 18,2023-12-17
P1375,Brian,Gutierrez,Doctor 18,2023-12-17
P1415,Jerry,Williams,Doctor 1,2023-12-17
P1419,Nicholas,Harris,Doctor 20,2023-12-17
P1600,Shirley,Mendoza,Doctor 2,2023-12-17
P1693,Ronald,Turner,Doctor 17,2023-12-17
P1713,Michael,Kim,Doctor 3,2023-12-17
P1952,William,Flores,Doctor 8,2023-12-17
P2002,Deborah,Martin,Doctor 20,2023-12-17
P2017,Jose,Taylor,Doctor 3,2023-12-17
P2075,Betty,Chavez,Doctor 11,2023-12-17
P2163,Emma,Lewis,Doctor 18,2023-12-17
P2185,Richard,Edwards,Doctor 15,2023-12-17
P2197,Daniel,Taylor,Doctor 17,2023-12-17
P2257,Susan,Hall,Doctor 13,2023-12-17
P0009,Gregory,Thompson,Doctor 19,2023-12-18
P0029,Laura,Thomas,Doctor 1,2023-12-18
P0091,Brandon,Kim,Doctor 15,2023-12-18
P0107,Carol,Richardson,Doctor 14,2023-12-18
P0126,Mark,Allen,Doctor 4,2023-12-18
P0152,Michelle,Adams,Doctor 7,2023-12-18
P0758,Jessica,Wilson,Doctor 20,2023-12-18
P0804,Christopher,Gomez,Doctor 14,2023-12-18
P1064,Dorothy,Turner,Doctor 14,2023-12-18
P1197,James,Carter,Doctor 5,2023-12-18
P1242,Andrew,Campbell,Doctor 1,2023-12-18
P1245,Jessica,Allen,Doctor 6,2023-12-18
P1274,Helen,Cruz,Doctor 7,2023-12-18
P1291,Matthew,Thompson,Doctor 1,2023-12-18
P1308,Anna,Nguyen,Doctor 14,2023-12-18
P1339,Sandra,Perez,Doctor 3,2023-12-18
P1521,Linda,Mitchell,Doctor 20,2023-12-18
P1564,Karen,Garcia,Doctor 11,2023-12-18
P1645,Brenda,Mendoza,Doctor 16,2023-12-18
P1678,Sandra,Brown,Doctor 9,2023-12-18
P1732,Cynthia,Walker,Doctor 12,2023-12-18
P1775,Michelle,Jones,Doctor 17,2023-12-18
P1823,Jessica,Martin,Doctor 17,2023-12-18
P1824,Jack,Perez,Doctor 10,2023-12-18
P1941,Ruth,Rodriguez,Doctor 14,2023-12-18
P1964,Betty,Nelson,Doctor 9,2023-12-18
P1982,Kathleen,Patel,Doctor 18,2023-12-18
P1998,Frank,Ramirez,Doctor 1,2023-12-18
P2086,Elizabeth,Patel,Doctor 19,2023-12-18
P2110,Donna,Thomas,Doctor 5,2023-12-18
P2231,Jacob,Wilson,Doctor 10,2023-12-18
P0195,Eric,Ortiz,Doctor 7,2023-12-19
P0237,Scott,Hill,Doctor 14,2023-12-19
P0426,David,Thomas,Doctor 3,2023-12-19
P0471,John,Ramos,Doctor 1,2023-12-19
P0580,Ruth,Patel,Doctor 11,2023-12-19
P0705,Ryan,Wright,Doctor 17,2023-12-19
P0792,Mary,Murphy,Doctor 9,2023-12-19
P0907,Michelle,Phillips,Doctor 2,2023-12-19
P0918,Patricia,Harris,Doctor 3,2023-12-19
P0986,Emma,Nguyen,Doctor 8,2023-12-19
P1007,Carol,Taylor,Doctor 8,2023-12-19
P1083,Rebecca,Richardson,Doctor 7,2023-12-19
P1134,Mary,Lee,Doctor 17,2023-12-19
P1310,John,James,Doctor 5,2023-12-19
P1315,Amy,Baker,Doctor 10,2023-12-19
P1369,Tyler,Robinson,Doctor 12,2023-12-19
P1411,Jerry,Murphy,Doctor 15,2023-12-19
P1609,Jason,Campbell,Doctor 7,2023-12-19
P1611,Donna,Turner,Doctor 20,2023-12-19
P1622,Kimberly,Roberts,Doctor 6,2023-12-19
P1632,Amy,Mitchell,Doctor 3,2023-12-19
P1749,Sandra,Murphy,Doctor 2,2023-12-19
P1838,Betty,Morales,Doctor 19,2023-12-19
P1876,Melissa,Reyes,Doctor 1,2023-12-19
P1887,Ryan,Stewart,Doctor 3,2023-12-19
P1984,Melissa,Cruz,Doctor 1,2023-12-19
P2033,Donna,Rivera,Doctor 10,2023-12-19
P2067,Betty,Cooper,Doctor 9,2023-12-19
P2274,Linda,Ward,Doctor 9,2023-12-19
P2291,Kimberly,Baker,Doctor 12,2023-12-19
P0017,Ruth,Sanchez,Doctor 12,2023-12-20
P0047,Eric,Nguyen,Doctor 17,2023-12-20
P0215,Sharon,Myers,Doctor 8,2023-12-20
P0297,Samuel,Harris,Doctor 10,2023-12-20
P0414,Aaron,Rogers,Doctor 16,2023-12-20
P0464,Ruth,Mitchell,Doctor 10,2023-12-20
P0468,Ronald,Torres,Doctor 9,2023-12-20
P0485,Kimberly,Johnson,Doctor 13,2023-12-20
P0664,Kenneth,White,Doctor 7,2023-12-20
P0697,Sharon,Turner,Doctor 2,2023-12-20
P0763,Lisa,King,Doctor 15,2023-12-20
P0796,Jerry,Brooks,Doctor 13,2023-12-20
P0826,Helen,Mitchell,Doctor 6,2023-12-20
P0827,Anthony,Howard,Doctor 9,2023-12-20
P0960,Donna,Ortiz,Doctor 7,2023-12-20
P1016,Carol,Johnson,Doctor 2,2023-12-20
P1112,Andrew,Williams,Doctor 13,2023-12-20
P1147,Daniel,Myers,Doctor 5,2023-12-20
P1231,Sharon,Johnson,Doctor 18,2023-12-20
P1254,Rebecca,Smith,Doctor 18,2023-12-20
P1417,Cynthia,Price,Doctor 2,2023-12-20
P1457,Timothy,Garcia,Doctor 2,2023-12-20
P1487,Emma,Hill,Doctor 12,2023-12-20
P1762,Ruth,Wilson,Doctor 1,2023-12-20
P1777,Lisa,Harris,Doctor 2,2023-12-20
P1785,Samuel,Morris,Doctor 7,2023-12-20
P1828,George,Nguyen,Doctor 11,2023-12-20
P1832,Linda,Ruiz,Doctor 13,2023-12-20
P1842,Donna,Carter,Doctor 11,2023-12-20
P1887,Ryan,Stewart,Doctor 8,2023-12-20
P2090,Anna,Sanchez,Doctor 18,2023-12-20
P2151,Dorothy,Davis,Doctor 17,2023-12-20
P2218,Anna,Bailey,Doctor 4,2023-12-20
P2240,Jacob,Reed,Doctor 16,2023-12-20
P2246,Shirley,Gray,Doctor 20,2023-12-20
P2260,Deborah,Price,Doctor 18,2023-12-20
P0257,Nicholas,Reed,Doctor 13,2023-12-21
P0296,Patricia,Cox,Doctor 8,2023-12-21
P0389,Sandra,Bailey,Doctor 6,2023-12-21
P0403,Frank,Howard,Doctor 5,2023-12-21
P0536,Thomas,Martinez,Doctor 9,2023-12-21
P0607,Sarah,Ramos,Doctor 8,2023-12-21
P0612,David,Watson,Doctor 7,2023-12-21
P0643,Andrew,Nguyen,Doctor 11,2023-12-21
P0682,Rebecca,Robinson,Doctor 17,2023-12-21
P0706,Gregory,Cox,Doctor 13,2023-12-21
P0714,Stephen,Gonzalez,Doctor 5,2023-12-21
P0760,Cynthia,Lee,Doctor 3,2023-12-21
P1007,Carol,Taylor,Doctor 8,2023-12-21
P1041,Linda,Martinez,Doctor 3,2023-12-21
P1083,Rebecca,Richardson,Doctor 7,2023-12-21
P1161,Sarah,Mitchell,Doctor 13,2023-12-21
P1184,Donna,Collins,Doctor 18,2023-12-21
P1356,James,Flores,Doctor 15,2023-12-21
P1366,Jonathan,King,Doctor 20,2023-12-21
P1415,Jerry,Williams,Doctor 3,2023-12-21
P1638,Scott,Martinez,Doctor 5,2023-12-21
P1701,Mary,Sanchez,Doctor 18,2023-12-21
P1732,Cynthia,Walker,Doctor 12,2023-12-21
P1793,Gary,Ramos,Doctor 3,2023-12-21
P1825,Tyler,Edwards,Doctor 6,2023-12-21
P1842,Donna,Carter,Doctor 16,2023-12-21
P1873,Jonathan,Turner,Doctor 9,2023-12-21
P1970,Laura,Torres,Doctor 8,2023-12-21
P2061,Michael,Miller,Doctor 19,2023-12-21
P2107,Scott,Cox,Doctor 5,2023-12-21
P2225,Lisa,Rodriguez,Doctor 15,2023-12-21
P2259,Sharon,Morales,Doctor 18,2023-12-21
P2275,Virginia,Gonzalez,Doctor 6,2023-12-21
P0041,Virginia,Rogers,Doctor 8,2023-12-22
P0172,Stephen,Brown,Doctor 19,2023-12-22
P0180,Linda,Cox,Doctor 2,2023-12-22
P0261,Steven,Flores,Doctor 7,2023-12-22
P0324,Sharon,Howard,Doctor 6,2023-12-22
P0434,Anthony,Flores,Doctor 9,2023-12-22
P0461,Daniel,Gonzalez,Doctor 14,2023-12-22
P0517,Brandon,Gonzalez,Doctor 8,2023-12-22
P0578,Donna,Williams,Doctor 20,2023-12-22
P0619,Michelle,Davis,Doctor 5,2023-12-22
P0619,Michelle,Davis,Doctor 5,2023-12-22
P0655,Alexander,White,Doctor 17,2023-12-22
P0731,Richard,Gonzalez,Doctor 13,2023-12-22
P0809,Raymond,Parker,Doctor 15,2023-12-22
P0980,Sarah,Castillo,Doctor 14,2023-12-22
P0984,Edward,Myers,Doctor 7,2023-12-22
P0997,Sarah,Parker,Doctor 5,2023-12-22
P1029,Lisa,Alvarez,Doctor 3,2023-12-22
P1043,Frank,Taylor,Doctor 3,2023-12-22
P1062,Lisa,Castillo,Doctor 12,2023-12-22
P1065,Ruth,Myers,Doctor 4,2023-12-22
P1253,Deborah,Bennett,Doctor 17,2023-12-22
P1310,John,James,Doctor 19,2023-12-22
P1325,William,Cruz,Doctor 2,2023-12-22
P1335,William,Nelson,Doctor 8,2023-12-22
P1402,Karen,Williams,Doctor 4,2023-12-22
P1421,Sandra,Richardson,Doctor 10,2023-12-22
P1497,Thomas,Morris,Doctor 10,2023-12-22
P1754,Sandra,Martinez,Doctor 5,2023-12-22
P1758,Frank,Sanders,Doctor 16,2023-12-22
P2156,Steven,Ortiz,Doctor 5,2023-12-22
P2171,Linda,Lewis,Doctor 9,2023-12-22
P2205,Thomas,Gonzalez,Doctor 20,2023-12-22
P2298,Kevin,Jones,Doctor 15,2023-12-22
P0020,Michelle,Garcia,Doctor 7,2023-12-23
P0036,Angela,Cooper,Doctor 20,2023-12-23
P0081,Charles,Martin,Doctor 1,2023-12-23
P0093,Benjamin,Taylor,Doctor 20,2023-12-23
P0117,Kimberly,Ruiz,Doctor 3,2023-12-23
P0127,Robert,Brooks,Doctor 3,2023-12-23
P0127,Robert,Brooks,Doctor 3,2023-12-23
P0223,Jacob,Parker,Doctor 5,2023-12-23
P0292,Tyler,Ramos,Doctor 18,2023-12-23
P0328,Michael,Robinson,Doctor 4,2023-12-23
P0337,Larry,Phillips,Doctor 18,2023-12-23
P0398,Frank,Hall,Doctor 3,2023-12-23
P0440,Mary,Hill,Doctor 15,2023-12-23
P0608,Benjamin,Kim,Doctor 6,2023-12-23
P0626,Patricia,Phillips,Doctor 17,2023-12-23
P0687,Karen,Ruiz,Doctor 17,2023-12-23
P0949,Virginia,Castillo,Doctor 18,2023-12-23
P1035,Brian,Perez,Doctor 7,2023-12-23
P1104,Jonathan,Cook,Doctor 14,2023-12-23
P1354,Helen,Roberts,Doctor 7,2023-12-23
P1377,Joshua,Nguyen,Doctor 19,2023-12-23
P1390,Nancy,Alvarez,Doctor 19,2023-12-23
P1390,Nancy,Alvarez,Doctor 11,2023-12-23
P1442,Scott,Chavez,Doctor 8,2023-12-23
P1521,Linda,Mitchell,Doctor 20,2023-12-23
P1563,Daniel,Kim,Doctor 19,2023-12-23
P1576,Rebecca,Mitchell,Doctor 14,2023-12-23
P1655,Charles,Brown,Doctor 16,2023-12-23
P1662,Steven,Rivera,Doctor 9,2023-12-23
P1788,Sarah,Diaz,Doctor 2,2023-12-23
P1791,Patricia,Gomez,Doctor 18,2023-12-23
P1849,Robert,Thompson,Doctor 19,2023-12-23
P1900,Andrew,Taylor,Doctor 17,2023-12-23
P2011,Gary,Stewart,Doctor 4,2023-12-23
P2023,Deborah,Ramos,Doctor 4,2023-12-23
P2092,Kimberly,Cox,Doctor 2,2023-12-23
P2128,Karen,Watson,Doctor 5,2023-12-23
P2159,Alexander,Torres,Doctor 17,2023-12-23
P2164,Jason,Clark,Doctor 9,2023-12-23
P2230,Jason,Edwards,Doctor 3,2023-12-23
P2257,Susan,Hall,Doctor 13,2023-12-23
P2262,Thomas,Morales,Doctor 11,2023-12-23
P0068,John,Edwards,Doctor 16,2023-12-24
P0097,Benjamin,Morgan,Doctor 9,2023-12-24
P0134,William,Lewis,Doctor 19,2023-12-24
P0242,Aaron,Myers,Doctor 16,2023-12-24
P0245,John,Phillips,Doctor 2,2023-12-24
P0286,Sharon,Ward,Doctor 4,2023-12-24
P0362,Lisa,James,Doctor 16,2023-12-24
P0440,Mary,Hill,Doctor 15,2023-12-24
P0525,Lisa,Stewart,Doctor 18,2023-12-24
P0626,Patricia,Phillips,Doctor 12,2023-12-24
P0644,Betty,Scott,Doctor 7,2023-12-24
P0776,Sarah,Ortiz,Doctor 11,2023-12-24
P0806,Donald,Kim,Doctor 3,2023-12-24
P0825,Samuel,Walker,Doctor 13,2023-12-24
P0957,Sharon,Chavez,Doctor 10,2023-12-24
P1169,Daniel,Sanders,Doctor 15,2023-12-24
P1360,Donald,Davis,Doctor 11,2023-12-24
P1453,Frank,Gomez,Doctor 12,2023-12-24
P1488,Barbara,Harris,Doctor 8,2023-12-24
P1501,Sharon,Adams,Doctor 3,2023-12-24
P1588,George,Brooks,Doctor 18,2023-12-24
P1647,Richard,Stewart,Doctor 9,2023-12-24
P1771,Raymond,Morales,Doctor 13,2023-12-24
P1936,Linda,Smith,Doctor 8,2023-12-24
P2031,Anna,Kelly,Doctor 14,2023-12-24
P2051,Cynthia,Hernandez,Doctor 7,2023-12-24
P2101,Jonathan,Hall,Doctor 3,2023-12-24
P2135,Patrick,Gray,Doctor 15,2023-12-24
P2291,Kimberly,Baker,Doctor 12,2023-12-24
P0014,Samuel,Anderson,Doctor 3,2023-12-25
P0088,Frank,Edwards,Doctor 2,2023-12-25
P0118,Sarah,Reed,Doctor 14,2023-12-25
P0137,Kenneth,Scott,Doctor 7,2023-12-25
P0161,Betty,Murphy,Doctor 10,2023-12-25
P0167,Anna,Mendoza,Doctor 4,2023-12-25
P0392,Alexander,Parker,Doctor 16,2023-12-25
P0614,Carol,Thompson,Doctor 10,2023-12-25
P0707,Jessica,Gomez,Doctor 18,2023-12-25
P0713,Kenneth,Adams,Doctor 1,2023-12-25
P0882,Daniel,Watson,Doctor 5,2023-12-25
P1066,John,Gomez,Doctor 8,2023-12-25
P1195,Eric,Scott,Doctor 1,2023-12-25
P1206,Kimberly,Taylor,Doctor 5,2023-12-25
P1277,Mary,Young,Doctor 10,2023-12-25
P1299,Dennis,Parker,Doctor 17,2023-12-25
P1337,Jessica,Cox,Doctor 3,2023-12-25
P1378,Karen,Richardson,Doctor 18,2023-12-25
P1401,Robert,Rogers,Doctor 9,2023-12-25
P1412,Barbara,Cruz,Doctor 13,2023-12-25
P1414,Nicholas,Brooks,Doctor 4,2023-12-25
P1489,Mary,Alvarez,Doctor 3,2023-12-25
P1513,Sarah,Rodriguez,Doctor 14,2023-12-25
P1552,Ronald,Cox,Doctor 16,2023-12-25
P1658,Samuel,Clark,Doctor 12,2023-12-25
P1724,Helen,Diaz,Doctor 12,2023-12-25
P1726,Ronald,Mitchell,Doctor 7,2023-12-25
P1832,Linda,Ruiz,Doctor 20,2023-12-25
P1834,Scott,Young,Doctor 15,2023-12-25
P1848,Jack,Cox,Doctor 8,2023-12-25
P1943,John,Martinez,Doctor 15,2023-12-25
P2143,Andrew,White,Doctor 17,2023-12-25
P0149,Larry,Turner,Doctor 7,2023-12-26
P0174,Amy,Thompson,Doctor 11,2023-12-26
P0188,Jennifer,Alvarez,Doctor 20,2023-12-26
P0259,Betty,Johnson,Doctor 9,2023-12-26
P0334,Joseph,Diaz,Doctor 1,2023-12-26
P0342,Jeffrey,Kelly,Doctor 10,2023-12-26
P0419,Samuel,Phillips,Doctor 11,2023-12-26
P0587,Larry,Cruz,Doctor 8,2023-12-26
P0630,Betty,Thompson,Doctor 20,2023-12-26
P0740,Eric,Moore,Doctor 14,2023-12-26
P0863,Brenda,James,Doctor 3,2023-12-26
P0971,Brian,Cox,Doctor 11,2023-12-26
P1003,Eric,Kim,Doctor 17,2023-12-26
P1075,Ruth,Martinez,Doctor 5,2023-12-26
P1127,Lisa,Jackson,Doctor 11,2023-12-26
P1175,Jennifer,Hill,Doctor 1,2023-12-26
P1230,Susan,Ward,Doctor 15,2023-12-26
P1239,Deborah,Brown,Doctor 20,2023-12-26
P1263,David,Turner,Doctor 3,2023-12-26
P1344,Nicholas,Price,Doctor 1,2023-12-26
P1359,Susan,Flores,Doctor 12,2023-12-26
P1426,William,Martin,Doctor 1,2023-12-26
P1456,Barbara,Richardson,Doctor 1,2023-12-26
P1507,Frank,Parker,Doctor 4,2023-12-26
P1555,Jennifer,Wood,Doctor 8,2023-12-26
P1643,Christopher,Murphy,Doctor 9,2023-12-26
P1753,Kimberly,Rogers,Doctor 13,2023-12-26
P1759,Jacob,Robinson,Doctor 12,2023-12-26
P1828,George,Nguyen,Doctor 11,2023-12-26
P1830,Jack,Rivera,Doctor 19,2023-12-26
P1855,Jessica,Nguyen,Doctor 1,2023-12-26
P1906,Amy,Kelly,Doctor 2,2023-12-26
P2095,James,Gonzalez,Doctor 1,2023-12-26
P2095,James,Gonzalez,Doctor 20,2023-12-26
P2115,Raymond,Jones,Doctor 20,2023-12-26
P2143,Andrew,White,Doctor 17,2023-12-26
P2266,Kathleen,Ward,Doctor 1,2023-12-26
P2294,Donald,Diaz,Doctor 14,2023-12-26
P0009,Gregory,Thompson,Doctor 19,2023-12-27
P0062,Cynthia,Thomas,Doctor 19,2023-12-27
P0069,James,King,Doctor 16,2023-12-27
P0110,Nancy,Williams,Doctor 5,2023-12-27
P0168,Brenda,Wright,Doctor 6,2023-12-27
P0179,Jacob,Gray,Doctor 10,2023-12-27
P0200,Brian,Martin,Doctor 12,2023-12-27
P0208,Ryan,Clark,Doctor 12,2023-12-27
P0311,Carol,Ramos,Doctor 13,2023-12-27
P0320,Sarah,Thompson,Doctor 8,2023-12-27
P0336,Jose,Gutierrez,Doctor 3,2023-12-27
P0391,Christopher,Nguyen,Doctor 13,2023-12-27
P0422,Jerry,Lee,Doctor 11,2023-12-27
P0423,Steven,Lopez,Doctor 11,2023-12-27
P0692,Ryan,Sanders,Doctor 11,2023-12-27
P0840,Anna,Allen,Doctor 2,2023-12-27
P0921,Sharon,Edwards,Doctor 16,2023-12-27
P0932,Jessica,Torres,Doctor 8,2023-12-27
P0936,Robert,Hernandez,Doctor 15,2023-12-27
P0941,Raymond,Torres,Doctor 20,2023-12-27
P1010,Joseph,Alvarez,Doctor 5,2023-12-27
P1099,Jason,Anderson,Doctor 1,2023-12-27
P1263,David,Turner,Doctor 8,2023-12-27
P1295,Jessica,Hall,Doctor 20,2023-12-27
P1325,William,Cruz,Doctor 2,2023-12-27
P1332,Sharon,Hill,Doctor 3,2023-12-27
P1386,Sandra,Green,Doctor 6,2023-12-27
P1403,Anna,Wood,Doctor 4,2023-12-27
P1437,Carol,Evans,Doctor 8,2023-12-27
P1491,Kathleen,Cruz,Doctor 8,2023-12-27
P1611,Donna,Turner,Doctor 20,2023-12-27
P1629,Donald,Johnson,Doctor 8,2023-12-27
P1754,Sandra,Martinez,Doctor 17,2023-12-27
P1787,Sharon,Ramos,Doctor 4,2023-12-27
P1790,Jessica,Rivera,Doctor 2,2023-12-27
P1817,Sandra,Parker,Doctor 4,2023-12-27
P1877,Nancy,Garcia,Doctor 4,2023-12-27
P1988,Jonathan,Wright,Doctor 15,2023-12-27
P2049,Christopher,Walker,Doctor 7,2023-12-27
P2055,Shirley,Adams,Doctor 8,2023-12-27
P2076,Jerry,Ruiz,Doctor 14,2023-12-27
P2079,Matthew,Wood,Doctor 19,2023-12-27
P2100,Robert,King,Doctor 14,2023-12-27
P0025,Patricia,Hill,Doctor 3,2023-12-28
P0115,Raymond,Collins,Doctor 9,2023-12-28
P0184,Cynthia,Patel,Doctor 19,2023-12-28
P0234,Alexander,Scott,Doctor 2,2023-12-28
P0280,Shirley,Walker,Doctor 19,2023-12-28
P0311,Carol,Ramos,Doctor 6,2023-12-28
P0348,Helen,Mendoza,Doctor 7,2023-12-28
P0569,Nancy,Martinez,Doctor 12,2023-12-28
P0604,Nicholas,Murphy,Doctor 15,2023-12-28
P0655,Alexander,White,Doctor 17,2023-12-28
P0699,Jacob,Ruiz,Doctor 5,2023-12-28
P0786,Donald,Mitchell,Doctor 12,2023-12-28
P0845,Gary,Watson,Doctor 17,2023-12-28
P0910,John,Gray,Doctor 6,2023-12-28
P0934,Thomas,Lopez,Doctor 5,2023-12-28
P0956,Alexander,Gomez,Doctor 19,2023-12-28
P1060,Kimberly,Martinez,Doctor 20,2023-12-28
P1107,Brandon,Alvarez,Doctor 18,2023-12-28
P1617,Jessica,Peterson,Doctor 7,2023-12-28
P1761,Betty,Anderson,Doctor 14,2023-12-28
P1827,Dorothy,Patel,Doctor 13,2023-12-28
P1880,Dennis,Alvarez,Doctor 13,2023-12-28
P1977,Deborah,Flores,Doctor 15,2023-12-28
P2125,Gregory,Myers,Doctor 17,2023-12-28
P2253,George,Kelly,Doctor 11,2023-12-28
P0006,Jessica,Collins,Doctor 10,2023-12-29
P0018,Brenda,Anderson,Doctor 3,2023-12-29
P0075,Gary,Reyes,Doctor 2,2023-12-29
P0306,Patricia,Gray,Doctor 2,2023-12-29
P0316,Jacob,Rogers,Doctor 12,2023-12-29
P0331,Sarah,Rivera,Doctor 8,2023-12-29
P0335,John,Baker,Doctor 14,2023-12-29
P0364,Rebecca,Martin,Doctor 13,2023-12-29
P0466,Cynthia,Taylor,Doctor 4,2023-12-29
P0570,Amy,Davis,Doctor 12,2023-12-29
P0571,Jessica,Ortiz,Doctor 4,2023-12-29
P0591,Jason,Thomas,Doctor 9,2023-12-29
P0619,Michelle,Davis,Doctor 20,2023-12-29
P0704,Nicholas,Mendoza,Doctor 18,2023-12-29
P0769,Virginia,Reyes,Doctor 20,2023-12-29
P0847,Jack,Morris,Doctor 18,2023-12-29
P0847,Jack,Morris,Doctor 18,2023-12-29
P0923,Kathleen,Hernandez,Doctor 19,2023-12-29
P0993,Sharon,Reed,Doctor 15,2023-12-29
P1009,Jennifer,Gonzalez,Doctor 17,2023-12-29
P1058,Jennifer,Clark,Doctor 7,2023-12-29
P1226,Joseph,Mendoza,Doctor 2,2023-12-29
P1228,Susan,Rogers,Doctor 1,2023-12-29
P1275,William,Brooks,Doctor 14,2023-12-29
P1345,Linda,Brown,Doctor 19,2023-12-29
P1431,Brenda,Green,Doctor 15,2023-12-29
P1481,Karen,Harris,Doctor 2,2023-12-29
P1509,John,Hall,Doctor 19,2023-12-29
P1512,Brian,Parker,Doctor 17,2023-12-29
P1585,Elizabeth,Davis,Doctor 10,2023-12-29
P1606,Joseph,Moore,Doctor 2,2023-12-29
P1715,Deborah,Cox,Doctor 1,2023-12-29
P1944,Dorothy,Chavez,Doctor 15,2023-12-29
P1974,Brenda,Castillo,Doctor 11,2023-12-29
P1995,Susan,Sanchez,Doctor 10,2023-12-29
P2009,Karen,Smith,Doctor 10,2023-12-29
P2222,Anthony,Kelly,Doctor 8,2023-12-29
P0123,Betty,Kelly,Doctor 5,2023-12-30
P0174,Amy,Thompson,Doctor 4,2023-12-30
P0566,Barbara,Moore,Doctor 9,2023-12-30
P0661,Joshua,Evans,Doctor 16,2023-12-30
P0708,Raymond,Scott,Doctor 4,2023-12-30
P0744,Eric,Garcia,Doctor 15,2023-12-30
P0749,Sharon,Rogers,Doctor 1,2023-12-30
P0815,Barbara,Murphy,Doctor 16,2023-12-30
P0923,Kathleen,Hernandez,Doctor 1,2023-12-30
P1036,Brian,King,Doctor 2,2023-12-30
P1160,Patricia,Wilson,Doctor 1,2023-12-30
P1172,Ruth,Ramirez,Doctor 13,2023-12-30
P1195,Eric,Scott,Doctor 7,2023-12-30
P1336,Eric,Murphy,Doctor 6,2023-12-30
P1387,Barbara,Cox,Doctor 6,2023-12-30
P1395,Rebecca,Carter,Doctor 14,2023-12-30
P1520,Larry,Nelson,Doctor 1,2023-12-30
P1575,Scott,King,Doctor 3,2023-12-30
P1786,Matthew,Morales,Doctor 3,2023-12-30
P1844,John,Thomas,Doctor 3,2023-12-30
P1866,Frank,Morgan,Doctor 2,2023-12-30
P2075,Betty,Chavez,Doctor 11,2023-12-30
P2112,Carol,Moore,Doctor 2,2023-12-30
P2246,Shirley,Gray,Doctor 20,2023-12-30
P2261,Alexander,Cook,Doctor 2,2023-12-30