patient_id,patient_first_name,patient_last_name,doctor_id,appointment_date
P0067,Jessica,Robinson,Doctor 8,2022-12-31
P1802,Matthew,Young,Doctor 4,2022-12-31
P2178,Emma,Collins,Doctor 89,2022-12-31
P2271,Lisa,Rogers,Doctor 8,2022-12-31
P0020,Michael,Diaz,Doctor 14,2023-01-01
P0049,Lisa,Murphy,Doctor 33,2023-01-01
P0087,Kevin,Morris,Doctor 21,2023-01-01
P0150,Cynthia,Flores,Doctor 15,2023-01-01
P0229,Sandra,Lopez,Doctor 57,2023-01-01
P0255,Patrick,Rodriguez,Doctor 32,2023-01-01
P0387,Emma,Sanchez,Doctor 3,2023-01-01
P0431,Frank,Howard,Doctor 69,2023-01-01
P0470,Timothy,Morgan,Doctor 83,2023-01-01
P0475,Jose,Garcia,Doctor 95,2023-01-01
P0535,Shirley,Alvarez,Doctor 88,2023-01-01
P0898,Gary,Ortiz,Doctor 20,2023-01-01
P0979,Charles,Williams,Doctor 30,2023-01-01
P1034,Sarah,Martinez,Doctor 99,2023-01-01
P1147,Daniel,Gutierrez,Doctor 48,2023-01-01
P1216,Steven,Campbell,Doctor 3,2023-01-01
P1244,Brenda,Garcia,Doctor 55,2023-01-01
P1268,Ruth,Kelly,Doctor 58,2023-01-01
P1294,William,Jackson,Doctor 95,2023-01-01
P1333,Robert,Wilson,Doctor 76,2023-01-01
P1373,Christopher,Young,Doctor 92,2023-01-01
P1507,Sandra,Martin,Doctor 93,2023-01-01
P1518,Deborah,Reyes,Doctor 79,2023-01-01
P1591,Scott,Robinson,Doctor 32,2023-01-01
P1610,Sandra,Edwards,Doctor 73,2023-01-01
P1661,Scott,Morales,Doctor 30,2023-01-01
P1724,Carol,Flores,Doctor 19,2023-01-01
P1757,Sandra,Clark,Doctor 37,2023-01-01
P2280,Patricia,Gonzalez,Doctor 61,2023-01-01
P0116,Steven,Flores,Doctor 35,2023-01-02
P0123,Brenda,White,Doctor 98,2023-01-02
P0150,Cynthia,Flores,Doctor 15,2023-01-02
P0191,Robert,Hill,Doctor 78,2023-01-02
P0213,Scott,Brown,Doctor 50,2023-01-02
P0332,Michael,Rogers,Doctor 5,2023-01-02
P0419,Larry,Martinez,Doctor 10,2023-01-02
P0424,Nicholas,Mendoza,Doctor 20,2023-01-02
P0484,Brandon,Carter,Doctor 57,2023-01-02
P0814,Deborah,Miller,Doctor 55,2023-01-02
P0898,Gary,Ortiz,Doctor 20,2023-01-02
P1012,Rebecca,Gonzalez,Doctor 56,2023-01-02
P1095,Benjamin,Ruiz,Doctor 20,2023-01-02
P1129,Sharon,Morris,Doctor 48,2023-01-02
P1217,Rebecca,Bennett,Doctor 57,2023-01-02
P1336,Carol,Hernandez,Doctor 97,2023-01-02
P1340,Nancy,James,Doctor 65,2023-01-02
P1345,Melissa,Thomas,Doctor 75,2023-01-02
P1444,Christopher,James,Doctor 38,2023-01-02
P1469,Sandra,King,Doctor 91,2023-01-02
P1492,Rebecca,Hernandez,Doctor 38,2023-01-02
P1562,Virginia,Rodriguez,Doctor 20,2023-01-02
P1795,Elizabeth,Thompson,Doctor 32,2023-01-02
P1821,Larry,Richardson,Doctor 67,2023-01-02
P1855,Kathleen,Rivera,Doctor 43,2023-01-02
P1919,Gregory,Gray,Doctor 95,2023-01-02
P2055,Stephen,Allen,Doctor 51,2023-01-02
P2111,Jason,Wood,Doctor 5,2023-01-02
P0029,Michelle,Wilson,Doctor 60,2023-01-03
P0113,Robert,Brooks,Doctor 45,2023-01-03
P0127,Mary,Allen,Doctor 52,2023-01-03
P0136,Jennifer,Ruiz,Doctor 6,2023-01-03
P0140,Charles,Lewis,Doctor 97,2023-01-03
P0220,Daniel,Garcia,Doctor 73,2023-01-03
P0261,Nancy,Collins,Doctor 2,2023-01-03
P0264,Sharon,Rodriguez,Doctor 28,2023-01-03
P0297,Deborah,Moore,Doctor 70,2023-01-03
P0540,Betty,Miller,Doctor 72,2023-01-03
P0543,Cynthia,Sanchez,Doctor 47,2023-01-03
P0554,Sarah,Ortiz,Doctor 39,2023-01-03
P0590,Tyler,Thompson,Doctor 15,2023-01-03
P0595,Jonathan,Kelly,Doctor 34,2023-01-03
P0597,Sarah,Thomas,Doctor 35,2023-01-03
P0668,Joseph,Flores,Doctor 63,2023-01-03
P0786,Sharon,Reed,Doctor 46,2023-01-03
P0833,Samuel,Gray,Doctor 8,2023-01-03
P0841,Sarah,Reyes,Doctor 100,2023-01-03
P0844,Jeffrey,Moore,Doctor 6,2023-01-03
P0861,Steven,Richardson,Doctor 18,2023-01-03
P0867,Kimberly,Green,Doctor 32,2023-01-03
P0875,Nancy,Alvarez,Doctor 65,2023-01-03
P1032,Joseph,Clark,Doctor 78,2023-01-03
P1064,Brandon,Davis,Doctor 3,2023-01-03
P1119,Patricia,Murphy,Doctor 60,2023-01-03
P1170,Sandra,Baker,Doctor 39,2023-01-03
P1237,Angela,Torres,Doctor 100,2023-01-03
P1273,Jessica,Lee,Doctor 95,2023-01-03
P1394,Jerry,Watson,Doctor 41,2023-01-03
P1395,Karen,Lee,Doctor 89,2023-01-03
P1423,Sarah,Rogers,Doctor 10,2023-01-03
P1670,Dennis,Parker,Doctor 66,2023-01-03
P1764,Sandra,Williams,Doctor 41,2023-01-03
P1884,Nancy,Lee,Doctor 93,2023-01-03
P1906,Sharon,Davis,Doctor 33,2023-01-03
P1932,Jonathan,Reyes,Doctor 90,2023-01-03
P1933,Mary,Sanders,Doctor 70,2023-01-03
P1964,Richard,Cox,Doctor 13,2023-01-03
P1968,Gary,Morgan,Doctor 62,2023-01-03
P1999,Andrew,Garcia,Doctor 99,2023-01-03
P2055,Stephen,Allen,Doctor 51,2023-01-03
P2057,Michelle,Gomez,Doctor 25,2023-01-03
P2060,Jeffrey,Flores,Doctor 19,2023-01-03
P2157,Carol,James,Doctor 9,2023-01-03
P2190,George,Morales,Doctor 11,2023-01-03
P0007,Nancy,Allen,Doctor 99,2023-01-04
P0016,Ruth,Taylor,Doctor 8,2023-01-04
P0039,Deborah,Campbell,Doctor 27,2023-01-04
P0075,Dennis,Ruiz,Doctor 17,2023-01-04
P0076,Karen,Ramirez,Doctor 4,2023-01-04
P0133,Joseph,Jones,Doctor 50,2023-01-04
P0260,Angela,Nelson,Doctor 42,2023-01-04
P0413,Charles,Harris,Doctor 38,2023-01-04
P0415,Jessica,Wood,Doctor 54,2023-01-04
P0538,Betty,Phillips,Doctor 55,2023-01-04
P0558,Jeffrey,Adams,Doctor 31,2023-01-04
P0602,Rebecca,Hill,Doctor 69,2023-01-04
P0609,Susan,Hernandez,Doctor 73,2023-01-04
P0790,Benjamin,Morgan,Doctor 12,2023-01-04
P1092,Benjamin,Cox,Doctor 29,2023-01-04
P1099,Brenda,Kim,Doctor 89,2023-01-04
P1127,James,Ruiz,Doctor 43,2023-01-04
P1173,Linda,Mitchell,Doctor 90,2023-01-04
P1239,Kimberly,Baker,Doctor 7,2023-01-04
P1292,Jerry,Rodriguez,Doctor 100,2023-01-04
P1298,Charles,Brown,Doctor 16,2023-01-04
P1308,James,Martinez,Doctor 27,2023-01-04
P1324,Alexander,Clark,Doctor 77,2023-01-04
P1660,Kenneth,Ramos,Doctor 27,2023-01-04
P1681,Mary,White,Doctor 22,2023-01-04
P1694,Charles,Ramos,Doctor 7,2023-01-04
P1715,Laura,Myers,Doctor 17,2023-01-04
P1779,Rebecca,Ortiz,Doctor 49,2023-01-04
P1780,Betty,Hughes,Doctor 59,2023-01-04
P1817,Jose,Jackson,Doctor 35,2023-01-04
P1908,Donald,Smith,Doctor 94,2023-01-04
P1993,Brandon,Rodriguez,Doctor 50,2023-01-04
P1999,Andrew,Garcia,Doctor 99,2023-01-04
P2065,Tyler,Cooper,Doctor 28,2023-01-04
P2083,Kimberly,Gonzalez,Doctor 16,2023-01-04
P2121,Sandra,Watson,Doctor 44,2023-01-04
P2223,Michelle,Garcia,Doctor 81,2023-01-04
P2263,Robert,Campbell,Doctor 71,2023-01-04
P0097,Robert,Rivera,Doctor 94,2023-01-05
P0193,Anthony,Kelly,Doctor 47,2023-01-05
P0194,Michael,Robinson,Doctor 79,2023-01-05
P0288,Jacob,Patel,Doctor 36,2023-01-05
P0478,Lisa,Reyes,Doctor 57,2023-01-05
P0493,Carol,Roberts,Doctor 50,2023-01-05
P0517,Jonathan,Lopez,Doctor 77,2023-01-05
P0608,Robert,Ramos,Doctor 6,2023-01-05
P0617,Steven,King,Doctor 90,2023-01-05
P0702,Virginia,Morales,Doctor 22,2023-01-05
P0727,Deborah,Williams,Doctor 70,2023-01-05
P0774,Frank,Johnson,Doctor 62,2023-01-05
P0783,Ryan,Wood,Doctor 36,2023-01-05
P0872,Virginia,Davis,Doctor 65,2023-01-05
P0897,Jonathan,Sanders,Doctor 10,2023-01-05
P0956,Gregory,Rivera,Doctor 39,2023-01-05
P1036,Larry,Harris,Doctor 56,2023-01-05
P1062,Elizabeth,Bailey,Doctor 78,2023-01-05
P1144,Eric,Hill,Doctor 31,2023-01-05
P1164,Justin,Green,Doctor 41,2023-01-05
P1194,Andrew,Nelson,Doctor 95,2023-01-05
P1230,Larry,Lopez,Doctor 65,2023-01-05
P1319,Benjamin,Martin,Doctor 97,2023-01-05
P1332,Joshua,Parker,Doctor 75,2023-01-05
P1342,Karen,Collins,Doctor 38,2023-01-05
P1653,Deborah,Rodriguez,Doctor 83,2023-01-05
P1654,Jonathan,Hall,Doctor 6,2023-01-05
P1827,Christopher,Miller,Doctor 83,2023-01-05
P1868,Nancy,Richardson,Doctor 68,2023-01-05
P1897,Mary,Richardson,Doctor 20,2023-01-05
P1919,Gregory,Gray,Doctor 21,2023-01-05
P1920,Carol,Smith,Doctor 74,2023-01-05
P2079,Patrick,Kim,Doctor 40,2023-01-05
P2089,Robert,Richardson,Doctor 1,2023-01-05
P2132,Angela,Baker,Doctor 22,2023-01-05
P0128,Jack,Hernandez,Doctor 79,2023-01-06
P0159,Brandon,Cook,Doctor 54,2023-01-06
P0177,Melissa,Campbell,Doctor 39,2023-01-06
P0281,Barbara,Taylor,Doctor 79,2023-01-06
P0305,Dorothy,Myers,Doctor 88,2023-01-06
P0375,James,Diaz,Doctor 13,2023-01-06
P0442,Shirley,Taylor,Doctor 58,2023-01-06
P0490,Stephen,Nelson,Doctor 58,2023-01-06
P0523,John,Cook,Doctor 68,2023-01-06
P0536,Aaron,Peterson,Doctor 31,2023-01-06
P0581,Robert,Miller,Doctor 51,2023-01-06
P0666,James,Gomez,Doctor 97,2023-01-06
P0693,Michelle,Parker,Doctor 7,2023-01-06
P0787,Donna,Chavez,Doctor 18,2023-01-06
P0797,Richard,Davis,Doctor 86,2023-01-06
P0811,Melissa,Gutierrez,Doctor 16,2023-01-06
P0835,Christopher,Morgan,Doctor 20,2023-01-06
P0936,Michael,Green,Doctor 84,2023-01-06
P0958,Donna,Watson,Doctor 21,2023-01-06
P1196,Jason,Ramos,Doctor 97,2023-01-06
P1267,Anthony,James,Doctor 76,2023-01-06
P1273,Jessica,Lee,Doctor 95,2023-01-06
P1280,David,Jones,Doctor 82,2023-01-06
P1374,Susan,Perez,Doctor 38,2023-01-06
P1588,Lisa,Young,Doctor 16,2023-01-06
P1646,Virginia,Hernandez,Doctor 62,2023-01-06
P1651,Anthony,Ortiz,Doctor 30,2023-01-06
P1874,Andrew,Hill,Doctor 23,2023-01-06
P1942,Jose,Flores,Doctor 85,2023-01-06
P2072,Justin,Jackson,Doctor 48,2023-01-06
P2084,Jonathan,Adams,Doctor 17,2023-01-06
P2088,Ruth,Murphy,Doctor 51,2023-01-06
P2131,Laura,Harris,Doctor 81,2023-01-06
P2173,Helen,Morgan,Doctor 94,2023-01-06
P2180,Ryan,Anderson,Doctor 80,2023-01-06
P2226,Susan,Hall,Doctor 75,2023-01-06
P2261,Angela,Sanders,Doctor 20,2023-01-06
P2288,Laura,Young,Doctor 37,2023-01-06
P2302,Kimberly,Perez,Doctor 13,2023-01-06
P0080,Donna,Parker,Doctor 6,2023-01-07
P0371,Jonathan,Moore,Doctor 47,2023-01-07
P0372,Gregory,Ward,Doctor 84,2023-01-07
P0435,Kimberly,Hughes,Doctor 76,2023-01-07
P0448,Nancy,Carter,Doctor 39,2023-01-07
P0546,Scott,Roberts,Doctor 63,2023-01-07
P0654,Ruth,Stewart,Doctor 84,2023-01-07
P0912,Kimberly,Cook,Doctor 11,2023-01-07
P1037,Kimberly,Alvarez,Doctor 80,2023-01-07
P1073,Andrew,Thompson,Doctor 61,2023-01-07
P1273,Jessica,Lee,Doctor 95,2023-01-07
P1459,Stephen,Lee,Doctor 86,2023-01-07
P1463,Brenda,Roberts,Doctor 93,2023-01-07
P1585,David,Ramirez,Doctor 40,2023-01-07
P1644,Sharon,Peterson,Doctor 54,2023-01-07
P1663,Michelle,Cox,Doctor 99,2023-01-07
P1665,Charles,Patel,Doctor 71,2023-01-07
P1830,Carol,Edwards,Doctor 4,2023-01-07
P1850,Joseph,Taylor,Doctor 82,2023-01-07
P1862,Betty,Martin,Doctor 56,2023-01-07
P1913,Timothy,Kim,Doctor 22,2023-01-07
P2022,Kevin,Kelly,Doctor 68,2023-01-07
P2162,Amy,Ruiz,Doctor 26,2023-01-07
P0029,Michelle,Wilson,Doctor 60,2023-01-08
P0124,Frank,Rogers,Doctor 51,2023-01-08
P0131,Barbara,Green,Doctor 59,2023-01-08
P0159,Brandon,Cook,Doctor 77,2023-01-08
P0371,Jonathan,Moore,Doctor 79,2023-01-08
P0388,Jeffrey,Hall,Doctor 51,2023-01-08
P0389,Joseph,Gray,Doctor 21,2023-01-08
P0472,Daniel,Murphy,Doctor 76,2023-01-08
P0496,Ryan,Ruiz,Doctor 49,2023-01-08
P0532,Edward,Stewart,Doctor 35,2023-01-08
P0645,Donald,Martin,Doctor 16,2023-01-08
P0717,Kevin,Howard,Doctor 20,2023-01-08
P0807,Eric,Bailey,Doctor 46,2023-01-08
P1135,Justin,Allen,Doctor 85,2023-01-08
P1197,Nancy,Thompson,Doctor 86,2023-01-08
P1244,Brenda,Garcia,Doctor 55,2023-01-08
P1308,James,Martinez,Doctor 54,2023-01-08
P1315,Karen,Kim,Doctor 25,2023-01-08
P1374,Susan,Perez,Doctor 75,2023-01-08
P1513,Karen,Richardson,Doctor 43,2023-01-08
P1521,Gregory,Wood,Doctor 26,2023-01-08
P1530,Jeffrey,Brooks,Doctor 93,2023-01-08
P1551,Mark,James,Doctor 63,2023-01-08
P1649,Betty,Kim,Doctor 6,2023-01-08
P1694,Charles,Ramos,Doctor 7,2023-01-08
P1828,Aaron,Lopez,Doctor 12,2023-01-08
P2003,Betty,Cook,Doctor 99,2023-01-08
P2046,George,Walker,Doctor 28,2023-01-08
P2050,Anthony,Martinez,Doctor 57,2023-01-08
P2064,Anna,Green,Doctor 22,2023-01-08
P2066,Donna,Mitchell,Doctor 14,2023-01-08
P2235,Tyler,Williams,Doctor 2,2023-01-08
P0154,Patrick,Howard,Doctor 60,2023-01-09
P0177,Melissa,Campbell,Doctor 39,2023-01-09
P0224,Brian,Adams,Doctor 54,2023-01-09
P0236,Betty,Morales,Doctor 1,2023-01-09
P0333,Deborah,Anderson,Doctor 24,2023-01-09
P0372,Gregory,Ward,Doctor 84,2023-01-09
P0475,Jose,Garcia,Doctor 95,2023-01-09
P0512,Laura,Campbell,Doctor 14,2023-01-09
P0517,Jonathan,Lopez,Doctor 54,2023-01-09
P0529,Daniel,Richardson,Doctor 80,2023-01-09
P0588,Brandon,Gonzalez,Doctor 38,2023-01-09
P0721,James,Campbell,Doctor 13,2023-01-09
P0811,Melissa,Gutierrez,Doctor 16,2023-01-09
P0834,Joshua,Young,Doctor 18,2023-01-09
P0863,Brian,Edwards,Doctor 36,2023-01-09
P0908,Anthony,Chavez,Doctor 18,2023-01-09
P0930,Cynthia,Peterson,Doctor 73,2023-01-09
P1012,Rebecca,Gonzalez,Doctor 56,2023-01-09
P1033,Angela,Johnson,Doctor 86,2023-01-09
P1059,Betty,Carter,Doctor 69,2023-01-09
P1075,Sharon,Gonzalez,Doctor 47,2023-01-09
P1076,Jessica,Kelly,Doctor 88,2023-01-09
P1251,Shirley,Hall,Doctor 8,2023-01-09
P1348,Robert,Wright,Doctor 48,2023-01-09
P1388,Nancy,Reyes,Doctor 94,2023-01-09
P1456,Deborah,Morris,Doctor 13,2023-01-09
P1666,Matthew,Ruiz,Doctor 14,2023-01-09
P1693,Kimberly,James,Doctor 100,2023-01-09
P1810,Virginia,Howard,Doctor 15,2023-01-09
P1908,Donald,Smith,Doctor 81,2023-01-09
P1964,Richard,Cox,Doctor 21,2023-01-09
P2097,Laura,Garcia,Doctor 49,2023-01-09
P2151,Virginia,Rivera,Doctor 18,2023-01-09
P2264,Kathleen,Nelson,Doctor 75,2023-01-09
P2271,Lisa,Rogers,Doctor 34,2023-01-09
P0050,Daniel,Roberts,Doctor 49,2023-01-10
P0069,Deborah,Robinson,Doctor 22,2023-01-10
P0104,Joshua,Anderson,Doctor 31,2023-01-10
P0253,Laura,Smith,Doctor 46,2023-01-10
P0274,Helen,Robinson,Doctor 22,2023-01-10
P0454,Jason,Thompson,Doctor 50,2023-01-10
P0497,Edward,Hall,Doctor 7,2023-01-10
P0507,Lisa,Ramos,Doctor 50,2023-01-10
P0527,Thomas,Lee,Doctor 40,2023-01-10
P0634,Deborah,Ruiz,Doctor 85,2023-01-10
P0635,Sharon,Wood,Doctor 10,2023-01-10
P0653,Andrew,Wright,Doctor 30,2023-01-10
P0688,Cynthia,Cook,Doctor 17,2023-01-10
P0802,Brandon,Campbell,Doctor 90,2023-01-10
P0898,Gary,Ortiz,Doctor 20,2023-01-10
P0939,James,Moore,Doctor 38,2023-01-10
P1076,Jessica,Kelly,Doctor 14,2023-01-10
P1398,Robert,Murphy,Doctor 30,2023-01-10
P1726,Ruth,Ramos,Doctor 51,2023-01-10
P1755,Jonathan,Clark,Doctor 22,2023-01-10
P1766,Donna,Wilson,Doctor 37,2023-01-10
P1843,James,Clark,Doctor 61,2023-01-10
P1876,Karen,Johnson,Doctor 21,2023-01-10
P2091,Lisa,Reed,Doctor 32,2023-01-10
P0021,Daniel,Kim,Doctor 61,2023-01-11
P0088,Andrew,Collins,Doctor 1,2023-01-11
P0131,Barbara,Green,Doctor 59,2023-01-11
P0222,Justin,Flores,Doctor 22,2023-01-11
P0349,Daniel,Williams,Doctor 68,2023-01-11
P0411,Jennifer,Young,Doctor 10,2023-01-11
P0478,Lisa,Reyes,Doctor 57,2023-01-11
P0490,Stephen,Nelson,Doctor 58,2023-01-11
P0572,Jose,Lewis,Doctor 49,2023-01-11
P0639,Michelle,Hill,Doctor 22,2023-01-11
P0677,Christopher,Mitchell,Doctor 39,2023-01-11
P0699,Karen,Diaz,Doctor 18,2023-01-11
P0790,Benjamin,Morgan,Doctor 12,2023-01-11
P0798,Sandra,Hall,Doctor 92,2023-01-11
P0902,Mark,Chavez,Doctor 44,2023-01-11
P0938,Cynthia,Jackson,Doctor 28,2023-01-11
P0975,Carol,Chavez,Doctor 30,2023-01-11
P1133,Aaron,Hernandez,Doctor 77,2023-01-11
P1312,Edward,Bailey,Doctor 87,2023-01-11
P1320,Robert,Torres,Doctor 5,2023-01-11
P1321,Jose,Edwards,Doctor 31,2023-01-11
P1413,Amy,Ortiz,Doctor 22,2023-01-11
P1418,Jacob,Stewart,Doctor 14,2023-01-11
P1579,Patrick,Ortiz,Doctor 17,2023-01-11
P1741,Jose,Price,Doctor 95,2023-01-11
P1764,Sandra,Williams,Doctor 41,2023-01-11
P2005,Ryan,Scott,Doctor 96,2023-01-11
P2062,James,Anderson,Doctor 53,2023-01-11
P2179,Elizabeth,Mendoza,Doctor 45,2023-01-11
P2195,Scott,Clark,Doctor 1,2023-01-11
P2204,Nancy,Ramirez,Doctor 4,2023-01-11
P2206,Anna,James,Doctor 34,2023-01-11
P2285,Melissa,Kim,Doctor 47,2023-01-11
P0006,Joseph,Diaz,Doctor 1,2023-01-12
P0117,Eric,Brown,Doctor 88,2023-01-12
P0194,Michael,Robinson,Doctor 79,2023-01-12
P0208,Kenneth,Brooks,Doctor 80,2023-01-12
P0215,Nancy,Gutierrez,Doctor 5,2023-01-12
P0239,Sarah,Williams,Doctor 9,2023-01-12
P0251,Kimberly,Campbell,Doctor 77,2023-01-12
P0278,Brenda,Lewis,Doctor 77,2023-01-12
P0349,Daniel,Williams,Doctor 10,2023-01-12
P0393,Edward,Rodriguez,Doctor 17,2023-01-12
P0407,Stephen,Young,Doctor 77,2023-01-12
P0450,Brandon,Collins,Doctor 84,2023-01-12
P0498,Helen,Watson,Doctor 19,2023-01-12
P0589,Lisa,Mitchell,Doctor 45,2023-01-12
P0623,Laura,Rogers,Doctor 56,2023-01-12
P0752,Ronald,Morgan,Doctor 54,2023-01-12
P0778,Patrick,Scott,Doctor 17,2023-01-12
P0805,Jerry,Williams,Doctor 33,2023-01-12
P0810,Deborah,Carter,Doctor 95,2023-01-12
P0847,Steven,Hernandez,Doctor 18,2023-01-12
P0886,Sandra,Reed,Doctor 76,2023-01-12
P0969,Deborah,White,Doctor 91,2023-01-12
P1120,Sharon,Evans,Doctor 86,2023-01-12
P1127,James,Ruiz,Doctor 43,2023-01-12
P1199,Dennis,Walker,Doctor 32,2023-01-12
P1213,Steven,Stewart,Doctor 31,2023-01-12
P1231,William,Kelly,Doctor 37,2023-01-12
P1257,Lisa,Lewis,Doctor 51,2023-01-12
P1303,Brenda,Ortiz,Doctor 51,2023-01-12
P1480,Deborah,Price,Doctor 49,2023-01-12
P1595,Brenda,Carter,Doctor 43,2023-01-12
P1633,George,King,Doctor 47,2023-01-12
P1688,Sharon,Mendoza,Doctor 80,2023-01-12
P1823,Emma,Roberts,Doctor 56,2023-01-12
P1908,Donald,Smith,Doctor 81,2023-01-12
P2074,Dorothy,Bennett,Doctor 23,2023-01-12
P2230,Larry,Hill,Doctor 54,2023-01-12
P2251,Virginia,Edwards,Doctor 49,2023-01-12
P0072,Melissa,Alvarez,Doctor 20,2023-01-13
P0106,James,Taylor,Doctor 38,2023-01-13
P0187,Edward,Cook,Doctor 55,2023-01-13
P0353,Jonathan,Bailey,Doctor 45,2023-01-13
P0512,Laura,Campbell,Doctor 14,2023-01-13
P0559,Lisa,Jones,Doctor 56,2023-01-13
P0572,Jose,Lewis,Doctor 49,2023-01-13
P0646,Donna,Diaz,Doctor 75,2023-01-13
P0693,Michelle,Parker,Doctor 7,2023-01-13
P0713,Deborah,Taylor,Doctor 98,2023-01-13
P0722,Virginia,Sanders,Doctor 4,2023-01-13
P0773,Michael,Martin,Doctor 46,2023-01-13
P0839,Jonathan,Morgan,Doctor 66,2023-01-13
P1005,Barbara,Smith,Doctor 32,2023-01-13
P1137,Sharon,Jones,Doctor 4,2023-01-13
P1204,Christopher,Bennett,Doctor 72,2023-01-13
P1219,Dennis,Baker,Doctor 65,2023-01-13
P1570,Jessica,Diaz,Doctor 62,2023-01-13
P1604,Donald,Lee,Doctor 16,2023-01-13
P1719,Cynthia,Phillips,Doctor 27,2023-01-13
P1761,Anthony,Moore,Doctor 37,2023-01-13
P1870,Ryan,Castillo,Doctor 32,2023-01-13
P1898,John,Lee,Doctor 34,2023-01-13
P0044,Barbara,Cooper,Doctor 68,2023-01-14
P0059,Benjamin,Cruz,Doctor 63,2023-01-14
P0207,Edward,Brooks,Doctor 14,2023-01-14
P0323,Emma,Robinson,Doctor 68,2023-01-14
P0330,Dorothy,Wood,Doctor 75,2023-01-14
P0398,Timothy,James,Doctor 14,2023-01-14
P0399,Alexander,Edwards,Doctor 100,2023-01-14
P0421,Scott,Cruz,Doctor 69,2023-01-14
P0783,Ryan,Wood,Doctor 36,2023-01-14
P0909,Benjamin,Turner,Doctor 90,2023-01-14
P0917,Jessica,Torres,Doctor 25,2023-01-14
P0960,Nicholas,Sanchez,Doctor 55,2023-01-14
P1010,Elizabeth,Clark,Doctor 79,2023-01-14
P1035,George,Garcia,Doctor 40,2023-01-14
P1077,Sandra,Castillo,Doctor 10,2023-01-14
P1177,Raymond,Lopez,Doctor 9,2023-01-14
P1358,Edward,Murphy,Doctor 43,2023-01-14
P1391,Michelle,Campbell,Doctor 15,2023-01-14
P1485,Christopher,Kelly,Doctor 66,2023-01-14
P1493,Richard,Reed,Doctor 18,2023-01-14
P1543,Brian,Hughes,Doctor 59,2023-01-14
P1588,Lisa,Young,Doctor 16,2023-01-14
P1719,Cynthia,Phillips,Doctor 27,2023-01-14
P1748,Frank,King,Doctor 9,2023-01-14
P1835,Charles,Miller,Doctor 56,2023-01-14
P1951,Gregory,Young,Doctor 35,2023-01-14
P2016,Betty,Nguyen,Doctor 36,2023-01-14
P2083,Kimberly,Gonzalez,Doctor 16,2023-01-14
P2100,Deborah,Castillo,Doctor 44,2023-01-14
P2114,Raymond,Adams,Doctor 33,2023-01-14
P2119,Ruth,Ortiz,Doctor 15,2023-01-14
P2242,Betty,Wilson,Doctor 1,2023-01-14
P0031,Andrew,Mendoza,Doctor 47,2023-01-15
P0040,Michelle,Adams,Doctor 63,2023-01-15
P0139,Karen,Mitchell,Doctor 74,2023-01-15
P0218,Shirley,Lopez,Doctor 37,2023-01-15
P0303,Nancy,Diaz,Doctor 93,2023-01-15
P0338,Andrew,Hall,Doctor 67,2023-01-15
P0546,Scott,Roberts,Doctor 63,2023-01-15
P0678,Barbara,Roberts,Doctor 76,2023-01-15
P0706,Sandra,Phillips,Doctor 83,2023-01-15
P0798,Sandra,Hall,Doctor 92,2023-01-15
P0949,Aaron,James,Doctor 15,2023-01-15
P1044,Justin,Robinson,Doctor 61,2023-01-15
P1085,Eric,Adams,Doctor 62,2023-01-15
P1128,Betty,Chavez,Doctor 54,2023-01-15
P1151,Kevin,Robinson,Doctor 11,2023-01-15
P1341,Nicholas,Ruiz,Doctor 36,2023-01-15
P1432,Thomas,Ward,Doctor 79,2023-01-15
P1584,Barbara,White,Doctor 57,2023-01-15
P1630,Lisa,Hernandez,Doctor 45,2023-01-15
P1640,James,Chavez,Doctor 38,2023-01-15
P1644,Sharon,Peterson,Doctor 34,2023-01-15
P1758,Charles,Bailey,Doctor 79,2023-01-15
P1779,Rebecca,Ortiz,Doctor 57,2023-01-15
P1794,David,Jackson,Doctor 25,2023-01-15
P1897,Mary,Richardson,Doctor 20,2023-01-15
P2090,Laura,Adams,Doctor 51,2023-01-15
P2115,Susan,Nelson,Doctor 34,2023-01-15
P2141,Sharon,Kim,Doctor 94,2023-01-15
P2144,Nancy,Morgan,Doctor 22,2023-01-15
P2233,John,Wright,Doctor 76,2023-01-15
P2257,Kevin,Hall,Doctor 72,2023-01-15
P0164,Donna,Martinez,Doctor 83,2023-01-16
P0187,Edward,Cook,Doctor 24,2023-01-16
P0250,Lisa,Carter,Doctor 18,2023-01-16
P0262,Aaron,Scott,Doctor 72,2023-01-16
P0595,Jonathan,Kelly,Doctor 34,2023-01-16
P0709,Laura,Davis,Doctor 14,2023-01-16
P0754,Virginia,Morgan,Doctor 1,2023-01-16
P0761,Elizabeth,Brown,Doctor 91,2023-01-16
P0801,Anthony,Jackson,Doctor 62,2023-01-16
P0819,Kenneth,Kim,Doctor 58,2023-01-16
P0952,Sandra,Price,Doctor 16,2023-01-16
P1002,Kathleen,Bennett,Doctor 91,2023-01-16
P1039,Frank,Brown,Doctor 13,2023-01-16
P1050,Lisa,Sanchez,Doctor 40,2023-01-16
P1069,Justin,Brown,Doctor 99,2023-01-16
P1164,Justin,Green,Doctor 41,2023-01-16
P1172,Angela,Cook,Doctor 43,2023-01-16
P1310,Nicholas,Gray,Doctor 55,2023-01-16
P1430,Elizabeth,Martinez,Doctor 48,2023-01-16
P1467,Ryan,Martinez,Doctor 91,2023-01-16
P1810,Virginia,Howard,Doctor 15,2023-01-16
P1890,Eric,Garcia,Doctor 65,2023-01-16
P2179,Elizabeth,Mendoza,Doctor 58,2023-01-16
P2250,Jacob,Murphy,Doctor 81,2023-01-16
P0084,Edward,Morris,Doctor 68,2023-01-17
P0275,Kevin,Flores,Doctor 83,2023-01-17
P0352,Dorothy,Edwards,Doctor 22,2023-01-17
P0396,Michelle,Kim,Doctor 60,2023-01-17
P0652,Kimberly,Harris,Doctor 87,2023-01-17
P0908,Anthony,Chavez,Doctor 34,2023-01-17
P0918,Ryan,Taylor,Doctor 66,2023-01-17
P1002,Kathleen,Bennett,Doctor 91,2023-01-17
P1094,Aaron,Morgan,Doctor 58,2023-01-17
P1140,Tyler,Walker,Doctor 9,2023-01-17
P1323,Frank,White,Doctor 72,2023-01-17
P1396,Jason,James,Doctor 28,2023-01-17
P1447,Eric,Bennett,Doctor 78,2023-01-17
P1466,Sarah,Scott,Doctor 84,2023-01-17
P1525,Jerry,Ruiz,Doctor 96,2023-01-17
P1633,George,King,Doctor 47,2023-01-17
P1649,Betty,Kim,Doctor 94,2023-01-17
P1812,Donna,Moore,Doctor 66,2023-01-17
P1938,Joseph,Young,Doctor 72,2023-01-17
P1994,Carol,Evans,Doctor 3,2023-01-17
P0021,Daniel,Kim,Doctor 61,2023-01-18
P0138,Ronald,Clark,Doctor 17,2023-01-18
P0231,Benjamin,Parker,Doctor 65,2023-01-18
P0243,Timothy,Williams,Doctor 18,2023-01-18
P0244,Sarah,Adams,Doctor 40,2023-01-18
P0258,Jose,Harris,Doctor 84,2023-01-18
P0285,Jason,Edwards,Doctor 78,2023-01-18
P0378,Alexander,Ramos,Doctor 35,2023-01-18
P0387,Emma,Sanchez,Doctor 3,2023-01-18
P0420,Thomas,Castillo,Doctor 32,2023-01-18
P0427,David,Wilson,Doctor 57,2023-01-18
P0628,Laura,Watson,Doctor 10,2023-01-18
P0654,Ruth,Stewart,Doctor 84,2023-01-18
P0741,Jennifer,Ramirez,Doctor 11,2023-01-18
P0901,Sandra,Rogers,Doctor 64,2023-01-18
P0961,Brian,Gomez,Doctor 61,2023-01-18
P1007,Jack,Ruiz,Doctor 13,2023-01-18
P1143,Ruth,Smith,Doctor 82,2023-01-18
P1259,Jose,Sanchez,Doctor 21,2023-01-18
P1278,Dennis,Peterson,Doctor 32,2023-01-18
P1358,Edward,Murphy,Doctor 43,2023-01-18
P1387,Nicholas,Castillo,Doctor 95,2023-01-18
P1564,Brenda,Thomas,Doctor 97,2023-01-18
P1722,Scott,Smith,Doctor 36,2023-01-18
P1851,Eric,Stewart,Doctor 59,2023-01-18
P1952,Karen,Evans,Doctor 70,2023-01-18
P2025,Nancy,Lopez,Doctor 49,2023-01-18
P2059,Dorothy,Carter,Doctor 84,2023-01-18
P2100,Deborah,Castillo,Doctor 78,2023-01-18
P2117,Alexander,Mitchell,Doctor 54,2023-01-18
P2121,Sandra,Watson,Doctor 44,2023-01-18
P2142,Edward,Torres,Doctor 39,2023-01-18
P2233,John,Wright,Doctor 76,2023-01-18
P0035,Raymond,White,Doctor 48,2023-01-19
P0113,Robert,Brooks,Doctor 45,2023-01-19
P0149,Kathleen,Richardson,Doctor 79,2023-01-19
P0237,Dorothy,Ward,Doctor 99,2023-01-19
P0259,Helen,Collins,Doctor 34,2023-01-19
P0282,Ronald,Perez,Doctor 40,2023-01-19
P0378,Alexander,Ramos,Doctor 35,2023-01-19
P0443,Nancy,Cook,Doctor 30,2023-01-19
P0451,Rebecca,Kelly,Doctor 50,2023-01-19
P0481,Nancy,Cox,Doctor 32,2023-01-19
P0482,Mark,Edwards,Doctor 63,2023-01-19
P0619,Alexander,Baker,Doctor 63,2023-01-19
P0621,Sarah,Davis,Doctor 58,2023-01-19
P0669,Dennis,Price,Doctor 70,2023-01-19
P0900,Justin,Carter,Doctor 27,2023-01-19
P0903,Deborah,Edwards,Doctor 59,2023-01-19
P0975,Carol,Chavez,Doctor 34,2023-01-19
P1033,Angela,Johnson,Doctor 14,2023-01-19
P1067,Justin,Young,Doctor 3,2023-01-19
P1313,Shirley,Perez,Doctor 61,2023-01-19
P1440,Jennifer,Ramos,Doctor 44,2023-01-19
P1462,Virginia,Sanchez,Doctor 66,2023-01-19
P1569,Carol,Baker,Doctor 73,2023-01-19
P1720,Ryan,Alvarez,Doctor 84,2023-01-19
P1723,Anthony,Johnson,Doctor 99,2023-01-19
P1806,Jose,Baker,Doctor 71,2023-01-19
P1845,John,Bennett,Doctor 42,2023-01-19
P1913,Timothy,Kim,Doctor 22,2023-01-19
P2033,Elizabeth,Watson,Doctor 57,2023-01-19
P2033,Elizabeth,Watson,Doctor 57,2023-01-19
P2062,James,Anderson,Doctor 53,2023-01-19
P2123,Carol,Morris,Doctor 18,2023-01-19
P2202,Alexander,Rivera,Doctor 74,2023-01-19
P2258,James,Roberts,Doctor 94,2023-01-19
P2267,Sandra,Martinez,Doctor 77,2023-01-19
P0353,Jonathan,Bailey,Doctor 45,2023-01-20
P0423,Sharon,Lewis,Doctor 82,2023-01-20
P0528,Laura,Alvarez,Doctor 94,2023-01-20
P0569,Betty,Johnson,Doctor 28,2023-01-20
P0687,Helen,White,Doctor 32,2023-01-20
P0688,Cynthia,Cook,Doctor 96,2023-01-20
P0793,Carol,Wright,Doctor 97,2023-01-20
P0968,Patricia,Turner,Doctor 40,2023-01-20
P0976,Benjamin,Taylor,Doctor 85,2023-01-20
P1074,Donna,Gutierrez,Doctor 97,2023-01-20
P1243,Justin,Moore,Doctor 78,2023-01-20
P1262,Donna,Thomas,Doctor 94,2023-01-20
P1353,Sandra,Rivera,Doctor 96,2023-01-20
P1461,Donna,Peterson,Doctor 10,2023-01-20
P1609,Ruth,Myers,Doctor 45,2023-01-20
P1681,Mary,White,Doctor 74,2023-01-20
P1752,Cynthia,Clark,Doctor 29,2023-01-20
P1871,Karen,Bennett,Doctor 64,2023-01-20
P1874,Andrew,Hill,Doctor 15,2023-01-20
P2073,Joshua,Morris,Doctor 40,2023-01-20
P2103,Frank,Cook,Doctor 62,2023-01-20
P2111,Jason,Wood,Doctor 5,2023-01-20
P2153,Rebecca,White,Doctor 95,2023-01-20
P2243,Mary,Morris,Doctor 89,2023-01-20
P0068,Jack,Ortiz,Doctor 83,2023-01-21
P0123,Brenda,White,Doctor 98,2023-01-21
P0135,Ryan,Kim,Doctor 44,2023-01-21
P0257,Aaron,Chavez,Doctor 54,2023-01-21
P0494,Melissa,Miller,Doctor 45,2023-01-21
P0495,Kathleen,Jackson,Doctor 42,2023-01-21
P0629,Helen,Mitchell,Doctor 1,2023-01-21
P0742,Stephen,Sanders,Doctor 94,2023-01-21
P0943,Donna,Alvarez,Doctor 67,2023-01-21
P1197,Nancy,Thompson,Doctor 29,2023-01-21
P1203,Mark,Bailey,Doctor 91,2023-01-21
P1270,Donald,Morris,Doctor 89,2023-01-21
P1277,Laura,Thomas,Doctor 73,2023-01-21
P1341,Nicholas,Ruiz,Doctor 36,2023-01-21
P1369,Nicholas,Taylor,Doctor 15,2023-01-21
P1404,Kathleen,King,Doctor 22,2023-01-21
P1404,Kathleen,King,Doctor 22,2023-01-21
P1433,Brenda,Johnson,Doctor 49,2023-01-21
P1463,Brenda,Roberts,Doctor 93,2023-01-21
P1571,Thomas,Nguyen,Doctor 78,2023-01-21
P1598,Jack,Smith,Doctor 20,2023-01-21
P1610,Sandra,Edwards,Doctor 73,2023-01-21
P1777,Jerry,Ward,Doctor 68,2023-01-21
P1894,Carol,Williams,Doctor 50,2023-01-21
P2028,Nancy,Nelson,Doctor 54,2023-01-21
P2113,Laura,Murphy,Doctor 21,2023-01-21
P2127,Deborah,Jones,Doctor 69,2023-01-21
P0196,Patricia,Miller,Doctor 54,2023-01-22
P0205,Jessica,Morris,Doctor 72,2023-01-22
P0207,Edward,Brooks,Doctor 14,2023-01-22
P0222,Justin,Flores,Doctor 73,2023-01-22
P0295,Daniel,Taylor,Doctor 32,2023-01-22
P0524,Patricia,Jackson,Doctor 9,2023-01-22
P0553,Jerry,Nguyen,Doctor 16,2023-01-22
P0624,Timothy,Cruz,Doctor 24,2023-01-22
P0634,Deborah,Ruiz,Doctor 45,2023-01-22
P0643,Ronald,Mendoza,Doctor 46,2023-01-22
P0788,Helen,Scott,Doctor 66,2023-01-22
P0803,Lisa,Brooks,Doctor 37,2023-01-22
P0923,Emma,White,Doctor 45,2023-01-22
P0926,Jacob,Cooper,Doctor 51,2023-01-22
P1021,Mary,Bennett,Doctor 51,2023-01-22
P1113,Deborah,Perez,Doctor 98,2023-01-22
P1139,Anthony,Gomez,Doctor 63,2023-01-22
P1233,Sharon,Smith,Doctor 13,2023-01-22
P1469,Sandra,King,Doctor 91,2023-01-22
P1677,Jack,Wood,Doctor 54,2023-01-22
P1734,Michelle,Martinez,Doctor 51,2023-01-22
P2083,Kimberly,Gonzalez,Doctor 30,2023-01-22
P2121,Sandra,Watson,Doctor 44,2023-01-22
P0011,Joshua,Turner,Doctor 24,2023-01-23
P0057,Michelle,Diaz,Doctor 65,2023-01-23
P0120,Carol,Kelly,Doctor 65,2023-01-23
P0139,Karen,Mitchell,Doctor 69,2023-01-23
P0165,Jeffrey,Howard,Doctor 71,2023-01-23
P0477,Larry,Myers,Doctor 78,2023-01-23
P0519,Donna,Davis,Doctor 79,2023-01-23
P0520,Brandon,Moore,Doctor 74,2023-01-23
P0604,Samuel,James,Doctor 57,2023-01-23
P0794,Nancy,Green,Doctor 72,2023-01-23
P0955,Sarah,Roberts,Doctor 39,2023-01-23
P0994,Raymond,Wood,Doctor 86,2023-01-23
P1034,Sarah,Martinez,Doctor 99,2023-01-23
P1220,Tyler,Rogers,Doctor 89,2023-01-23
P1229,Ruth,Morales,Doctor 46,2023-01-23
P1243,Justin,Moore,Doctor 97,2023-01-23
P1440,Jennifer,Ramos,Doctor 44,2023-01-23
P1451,Lisa,Rivera,Doctor 96,2023-01-23
P1607,Aaron,Reyes,Doctor 91,2023-01-23
P1711,Stephen,Gray,Doctor 41,2023-01-23
P1792,Dennis,Anderson,Doctor 76,2023-01-23
P1814,Sandra,Nelson,Doctor 47,2023-01-23
P1815,Mark,Turner,Doctor 20,2023-01-23
P1838,Samuel,Gutierrez,Doctor 98,2023-01-23
P1918,Patrick,Jackson,Doctor 95,2023-01-23
P1959,Karen,Kelly,Doctor 70,2023-01-23
P2190,George,Morales,Doctor 11,2023-01-23
P2260,Nancy,Ramos,Doctor 73,2023-01-23
P0038,Alexander,Jackson,Doctor 49,2023-01-24
P0113,Robert,Brooks,Doctor 45,2023-01-24
P0161,Melissa,Phillips,Doctor 6,2023-01-24
P0209,Mark,Cruz,Doctor 97,2023-01-24
P0238,Jose,Rogers,Doctor 92,2023-01-24
P0401,Jessica,Ruiz,Doctor 31,2023-01-24
P0409,Barbara,Brooks,Doctor 40,2023-01-24
P0491,David,Smith,Doctor 7,2023-01-24
P0661,Charles,Rodriguez,Doctor 90,2023-01-24
P0797,Richard,Davis,Doctor 29,2023-01-24
P0822,Jeffrey,Murphy,Doctor 87,2023-01-24
P0989,Andrew,Morris,Doctor 82,2023-01-24
P1091,Samuel,Sanchez,Doctor 72,2023-01-24
P1138,Sandra,Cook,Doctor 25,2023-01-24
P1206,Nicholas,King,Doctor 15,2023-01-24
P1283,Robert,Parker,Doctor 68,2023-01-24
P1430,Elizabeth,Martinez,Doctor 48,2023-01-24
P1534,William,Campbell,Doctor 11,2023-01-24
P1541,Kimberly,Torres,Doctor 84,2023-01-24
P1662,Ronald,Nguyen,Doctor 8,2023-01-24
P1692,Jose,Gonzalez,Doctor 27,2023-01-24
P1770,Helen,Wilson,Doctor 27,2023-01-24
P1879,Jonathan,Nelson,Doctor 23,2023-01-24
P1900,Kenneth,Myers,Doctor 80,2023-01-24
P1932,Jonathan,Reyes,Doctor 30,2023-01-24
P2010,Betty,Wright,Doctor 52,2023-01-24
P2049,Benjamin,Roberts,Doctor 39,2023-01-24
P2077,Samuel,Cox,Doctor 65,2023-01-24
P2098,Anna,Rodriguez,Doctor 49,2023-01-24
P2138,Edward,Parker,Doctor 98,2023-01-24
P2303,Kenneth,Gonzalez,Doctor 20,2023-01-24
P0002,Michelle,Williams,Doctor 7,2023-01-25
P0004,Gregory,Morgan,Doctor 90,2023-01-25
P0017,Michelle,Morgan,Doctor 61,2023-01-25
P0022,Laura,Collins,Doctor 76,2023-01-25
P0066,Betty,Clark,Doctor 28,2023-01-25
P0311,Elizabeth,Stewart,Doctor 87,2023-01-25
P0507,Lisa,Ramos,Doctor 50,2023-01-25
P0514,Laura,Price,Doctor 78,2023-01-25
P0650,Sandra,Collins,Doctor 100,2023-01-25
P0742,Stephen,Sanders,Doctor 94,2023-01-25
P0776,Ruth,Cook,Doctor 40,2023-01-25
P0895,Timothy,Reed,Doctor 93,2023-01-25
P0949,Aaron,James,Doctor 51,2023-01-25
P0989,Andrew,Morris,Doctor 82,2023-01-25
P1104,Jessica,Patel,Doctor 34,2023-01-25
P1179,Carol,Young,Doctor 36,2023-01-25
P1201,Mark,Sanchez,Doctor 73,2023-01-25
P1235,Mary,Ortiz,Doctor 60,2023-01-25
P1289,Benjamin,Kelly,Doctor 83,2023-01-25
P1309,Gary,Thompson,Doctor 63,2023-01-25
P1331,Lisa,Watson,Doctor 15,2023-01-25
P1390,Eric,King,Doctor 33,2023-01-25
P1538,Mary,Howard,Doctor 36,2023-01-25
P1601,Helen,Sanchez,Doctor 100,2023-01-25
P1658,Laura,Johnson,Doctor 46,2023-01-25
P1675,Nancy,Wood,Doctor 10,2023-01-25
P1859,Joshua,Martin,Doctor 73,2023-01-25
P1888,Cynthia,Morris,Doctor 19,2023-01-25
P1892,Kathleen,Collins,Doctor 92,2023-01-25
P1902,Brenda,Price,Doctor 54,2023-01-25
P1949,George,Wood,Doctor 75,2023-01-25
P2001,Anna,Murphy,Doctor 75,2023-01-25
P2027,Shirley,Scott,Doctor 77,2023-01-25
P2027,Shirley,Scott,Doctor 44,2023-01-25
P2167,William,Wright,Doctor 96,2023-01-25
P2172,Brandon,Roberts,Doctor 82,2023-01-25
P2178,Emma,Collins,Doctor 89,2023-01-25
P2287,Dennis,Wood,Doctor 48,2023-01-25
P0019,Emma,Rogers,Doctor 56,2023-01-26
P0047,Jose,Bennett,Doctor 11,2023-01-26
P0136,Jennifer,Ruiz,Doctor 28,2023-01-26
P0181,Sarah,Cox,Doctor 72,2023-01-26
P0204,Jacob,Parker,Doctor 23,2023-01-26
P0233,Ruth,White,Doctor 61,2023-01-26
P0366,James,Lopez,Doctor 6,2023-01-26
P0561,Gary,Murphy,Doctor 39,2023-01-26
P0890,Larry,Moore,Doctor 98,2023-01-26
P0890,Larry,Moore,Doctor 80,2023-01-26
P1053,John,Johnson,Doctor 41,2023-01-26
P1055,Rebecca,Wood,Doctor 1,2023-01-26
P1186,Helen,Harris,Doctor 5,2023-01-26
P1195,Jonathan,Campbell,Doctor 5,2023-01-26
P1212,Samuel,Torres,Doctor 28,2023-01-26
P1361,Helen,Lopez,Doctor 91,2023-01-26
P1370,Jerry,Roberts,Doctor 85,2023-01-26
P1490,Anna,Morris,Doctor 81,2023-01-26
P1507,Sandra,Martin,Doctor 93,2023-01-26
P1509,Carol,Wood,Doctor 43,2023-01-26
P1524,Patricia,Adams,Doctor 24,2023-01-26
P1646,Virginia,Hernandez,Doctor 25,2023-01-26
P1663,Michelle,Cox,Doctor 99,2023-01-26
P1784,Melissa,Cook,Doctor 61,2023-01-26
P1789,Thomas,Gonzalez,Doctor 78,2023-01-26
P1885,James,Lewis,Doctor 86,2023-01-26
P1972,David,Campbell,Doctor 85,2023-01-26
P1995,Justin,Martinez,Doctor 58,2023-01-26
P2045,Jeffrey,Gomez,Doctor 73,2023-01-26
P2115,Susan,Nelson,Doctor 34,2023-01-26
P2202,Alexander,Rivera,Doctor 74,2023-01-26
P2278,Karen,Martinez,Doctor 30,2023-01-26
P0048,Patrick,Chavez,Doctor 81,2023-01-27
P0151,Jessica,Hughes,Doctor 27,2023-01-27
P0182,Cynthia,Ortiz,Doctor 60,2023-01-27
P0286,Steven,Hughes,Doctor 59,2023-01-27
P0321,Brandon,Castillo,Doctor 65,2023-01-27
P0360,Tyler,Price,Doctor 76,2023-01-27
P0461,Melissa,Jackson,Doctor 81,2023-01-27
P0678,Barbara,Roberts,Doctor 99,2023-01-27
P0695,Brenda,Green,Doctor 62,2023-01-27
P1032,Joseph,Clark,Doctor 66,2023-01-27
P1054,Sarah,Clark,Doctor 4,2023-01-27
P1116,Angela,Brown,Doctor 75,2023-01-27
P1195,Jonathan,Campbell,Doctor 65,2023-01-27
P1298,Charles,Brown,Doctor 16,2023-01-27
P1546,Helen,Bennett,Doctor 3,2023-01-27
P1558,Robert,Ortiz,Doctor 48,2023-01-27
P1607,Aaron,Reyes,Doctor 34,2023-01-27
P1691,Jennifer,Sanchez,Doctor 96,2023-01-27
P1832,Thomas,Torres,Doctor 22,2023-01-27
P1844,Joshua,Bennett,Doctor 100,2023-01-27
P1846,Gregory,Hall,Doctor 9,2023-01-27
P1893,Amy,Richardson,Doctor 15,2023-01-27
P1915,Justin,Nelson,Doctor 98,2023-01-27
P2082,Shirley,Carter,Doctor 65,2023-01-27
P2176,Michael,Turner,Doctor 68,2023-01-27
P2188,Brian,Hernandez,Doctor 54,2023-01-27
P2260,Nancy,Ramos,Doctor 73,2023-01-27
P0084,Edward,Morris,Doctor 93,2023-01-28
P0085,Jessica,Peterson,Doctor 35,2023-01-28
P0094,Mark,Stewart,Doctor 51,2023-01-28
P0210,Larry,Thomas,Doctor 59,2023-01-28
P0660,Linda,Reyes,Doctor 82,2023-01-28
P0865,Anthony,Ramos,Doctor 62,2023-01-28
P0984,Robert,Baker,Doctor 92,2023-01-28
P1094,Aaron,Morgan,Doctor 21,2023-01-28
P1476,Sharon,Morgan,Doctor 46,2023-01-28
P1626,Helen,Edwards,Doctor 27,2023-01-28
P1653,Deborah,Rodriguez,Doctor 83,2023-01-28
P1681,Mary,White,Doctor 74,2023-01-28
P1783,Edward,Alvarez,Doctor 95,2023-01-28
P1850,Joseph,Taylor,Doctor 82,2023-01-28
P1925,Helen,Williams,Doctor 61,2023-01-28
P1969,Anna,Mendoza,Doctor 61,2023-01-28
P2099,Joshua,Garcia,Doctor 44,2023-01-28
P2161,Susan,Martinez,Doctor 42,2023-01-28
P2166,Sarah,Lewis,Doctor 50,2023-01-28
P0022,Laura,Collins,Doctor 48,2023-01-29
P0112,Aaron,Jones,Doctor 76,2023-01-29
P0123,Brenda,White,Doctor 10,2023-01-29
P0135,Ryan,Kim,Doctor 44,2023-01-29
P0175,Rebecca,Walker,Doctor 63,2023-01-29
P0238,Jose,Rogers,Doctor 97,2023-01-29
P0305,Dorothy,Myers,Doctor 88,2023-01-29
P0315,Joshua,Cruz,Doctor 25,2023-01-29
P0317,Gregory,Rodriguez,Doctor 72,2023-01-29
P0403,Linda,Reed,Doctor 87,2023-01-29
P0596,Ruth,Nelson,Doctor 27,2023-01-29
P0753,Donald,Cruz,Doctor 76,2023-01-29
P0821,Brandon,Nelson,Doctor 60,2023-01-29
P0823,Ruth,Reyes,Doctor 43,2023-01-29
P0916,Kimberly,Gomez,Doctor 61,2023-01-29
P1006,George,Morris,Doctor 44,2023-01-29
P1091,Samuel,Sanchez,Doctor 28,2023-01-29
P1126,David,Kelly,Doctor 76,2023-01-29
P1153,Charles,Cook,Doctor 15,2023-01-29
P1162,Ryan,Roberts,Doctor 89,2023-01-29
P1200,Virginia,Watson,Doctor 76,2023-01-29
P1227,Raymond,Phillips,Doctor 35,2023-01-29
P1399,Sharon,Castillo,Doctor 16,2023-01-29
P1572,Patrick,Bennett,Doctor 60,2023-01-29
P1659,Kenneth,Walker,Doctor 40,2023-01-29
P1904,Jason,Hill,Doctor 78,2023-01-29
P1905,Laura,Thompson,Doctor 18,2023-01-29
P1907,Kevin,Cook,Doctor 6,2023-01-29
P1929,Joseph,Carter,Doctor 44,2023-01-29
P1959,Karen,Kelly,Doctor 99,2023-01-29
P1990,Donna,Castillo,Doctor 66,2023-01-29
P1992,Patricia,Myers,Doctor 78,2023-01-29
P2030,Betty,Morgan,Doctor 32,2023-01-29
P2097,Laura,Garcia,Doctor 30,2023-01-29
P2284,Linda,Myers,Doctor 5,2023-01-29
P0095,Michelle,Nelson,Doctor 35,2023-01-30
P0124,Frank,Rogers,Doctor 51,2023-01-30
P0198,Brian,Ramirez,Doctor 47,2023-01-30
P0231,Benjamin,Parker,Doctor 76,2023-01-30
P0243,Timothy,Williams,Doctor 89,2023-01-30
P0271,Dennis,Myers,Doctor 74,2023-01-30
P0367,Thomas,Hill,Doctor 7,2023-01-30
P0409,Barbara,Brooks,Doctor 40,2023-01-30
P0468,Raymond,Hill,Doctor 45,2023-01-30
P0539,Carol,Ward,Doctor 58,2023-01-30
P0619,Alexander,Baker,Doctor 63,2023-01-30
P0691,William,Sanders,Doctor 56,2023-01-30
P0797,Richard,Davis,Doctor 29,2023-01-30
P0861,Steven,Richardson,Doctor 18,2023-01-30
P0958,Donna,Watson,Doctor 39,2023-01-30
P1053,John,Johnson,Doctor 58,2023-01-30
P1055,Rebecca,Wood,Doctor 80,2023-01-30
P1129,Sharon,Morris,Doctor 48,2023-01-30
P1168,Anna,Johnson,Doctor 87,2023-01-30
P1173,Linda,Mitchell,Doctor 83,2023-01-30
P1225,Christopher,Harris,Doctor 58,2023-01-30
P1282,Rebecca,Lopez,Doctor 15,2023-01-30
P1309,Gary,Thompson,Doctor 63,2023-01-30
P1428,Sandra,Anderson,Doctor 66,2023-01-30
P1434,Helen,Richardson,Doctor 72,2023-01-30
P1554,Betty,Martinez,Doctor 33,2023-01-30
P1638,Mark,Castillo,Doctor 76,2023-01-30
P1706,Amy,Diaz,Doctor 26,2023-01-30
P1754,John,Flores,Doctor 76,2023-01-30
P1807,Kenneth,Perez,Doctor 70,2023-01-30
P1827,Christopher,Miller,Doctor 83,2023-01-30
P1953,Linda,Harris,Doctor 11,2023-01-30
P1965,Gregory,Harris,Doctor 68,2023-01-30
P1987,Frank,Garcia,Doctor 2,2023-01-30
P0023,Donna,Myers,Doctor 30,2023-01-31
P0053,Jerry,Young,Doctor 33,2023-01-31
P0194,Michael,Robinson,Doctor 79,2023-01-31
P0219,Sarah,Young,Doctor 88,2023-01-31
P0489,Linda,Martin,Doctor 27,2023-01-31
P0596,Ruth,Nelson,Doctor 36,2023-01-31
P0679,Ruth,Morris,Doctor 17,2023-01-31
P0771,Laura,Wood,Doctor 96,2023-01-31
P0807,Eric,Bailey,Doctor 46,2023-01-31
P0863,Brian,Edwards,Doctor 36,2023-01-31
P0914,Robert,Ward,Doctor 25,2023-01-31
P0932,Christopher,Kim,Doctor 67,2023-01-31
P0933,Joseph,Rogers,Doctor 31,2023-01-31
P0981,Karen,Patel,Doctor 64,2023-01-31
P1026,Michelle,Rodriguez,Doctor 67,2023-01-31
P1066,Anna,Young,Doctor 67,2023-01-31
P1128,Betty,Chavez,Doctor 17,2023-01-31
P1136,Brian,Perez,Doctor 45,2023-01-31
P1142,Karen,Price,Doctor 44,2023-01-31
P1182,Andrew,Peterson,Doctor 43,2023-01-31
P1258,Kenneth,Lewis,Doctor 3,2023-01-31
P1288,Jessica,Kim,Doctor 30,2023-01-31
P1445,Michelle,Martin,Doctor 5,2023-01-31
P1453,Sandra,Ward,Doctor 99,2023-01-31
P1470,Scott,Ruiz,Doctor 46,2023-01-31
P1500,Virginia,Jones,Doctor 51,2023-01-31
P1504,George,Alvarez,Doctor 69,2023-01-31
P1620,Rebecca,Stewart,Doctor 41,2023-01-31
P1642,Kenneth,Murphy,Doctor 79,2023-01-31
P1663,Michelle,Cox,Doctor 99,2023-01-31
P1704,Deborah,Chavez,Doctor 95,2023-01-31
P1758,Charles,Bailey,Doctor 79,2023-01-31
P1837,Matthew,Peterson,Doctor 18,2023-01-31
P1870,Ryan,Castillo,Doctor 67,2023-01-31
P1950,Donald,Roberts,Doctor 39,2023-01-31
P2005,Ryan,Scott,Doctor 96,2023-01-31
P2102,Nicholas,Nguyen,Doctor 35,2023-01-31
P2114,Raymond,Adams,Doctor 80,2023-01-31
P2268,Carol,Carter,Doctor 44,2023-01-31
P0013,Scott,Harris,Doctor 81,2023-02-01
P0027,Sarah,Diaz,Doctor 11,2023-02-01
P0038,Alexander,Jackson,Doctor 22,2023-02-01
P0048,Patrick,Chavez,Doctor 13,2023-02-01
P0198,Brian,Ramirez,Doctor 94,2023-02-01
P0261,Nancy,Collins,Doctor 2,2023-02-01
P0316,Andrew,Cruz,Doctor 91,2023-02-01
P0474,James,Ramos,Doctor 64,2023-02-01
P0488,Michelle,Robinson,Doctor 82,2023-02-01
P0583,Donald,Williams,Doctor 43,2023-02-01
P0669,Dennis,Price,Doctor 70,2023-02-01
P0697,Kimberly,King,Doctor 41,2023-02-01
P0810,Deborah,Carter,Doctor 95,2023-02-01
P1075,Sharon,Gonzalez,Doctor 94,2023-02-01
P1113,Deborah,Perez,Doctor 98,2023-02-01
P1305,Stephen,Davis,Doctor 27,2023-02-01
P1382,Kathleen,Cook,Doctor 71,2023-02-01
P1468,Timothy,Lopez,Doctor 39,2023-02-01
P1479,Justin,Castillo,Doctor 79,2023-02-01
P1574,Helen,Bailey,Doctor 59,2023-02-01
P1579,Patrick,Ortiz,Doctor 17,2023-02-01
P1609,Ruth,Myers,Doctor 87,2023-02-01
P1618,Ronald,Davis,Doctor 12,2023-02-01
P1680,Scott,Collins,Doctor 9,2023-02-01
P1701,Samuel,Parker,Doctor 72,2023-02-01
P1833,Linda,Hughes,Doctor 5,2023-02-01
P2016,Betty,Nguyen,Doctor 45,2023-02-01
P2077,Samuel,Cox,Doctor 65,2023-02-01
P2154,Helen,Smith,Doctor 64,2023-02-01
P0153,Michelle,Cruz,Doctor 64,2023-02-02
P0221,Jerry,Edwards,Doctor 38,2023-02-02
P0289,Lisa,Cooper,Doctor 25,2023-02-02
P0478,Lisa,Reyes,Doctor 53,2023-02-02
P0496,Ryan,Ruiz,Doctor 49,2023-02-02
P0535,Shirley,Alvarez,Doctor 88,2023-02-02
P0567,Anthony,Young,Doctor 89,2023-02-02
P0611,Frank,Castillo,Doctor 90,2023-02-02
P0661,Charles,Rodriguez,Doctor 90,2023-02-02
P0711,Jonathan,Gutierrez,Doctor 5,2023-02-02
P0784,Alexander,Harris,Doctor 50,2023-02-02
P0825,Jerry,Hernandez,Doctor 62,2023-02-02
P0830,Kimberly,Morales,Doctor 40,2023-02-02
P0835,Christopher,Morgan,Doctor 59,2023-02-02
P0958,Donna,Watson,Doctor 39,2023-02-02
P1012,Rebecca,Gonzalez,Doctor 63,2023-02-02
P1161,Nancy,Anderson,Doctor 47,2023-02-02
P1193,Helen,Ortiz,Doctor 44,2023-02-02
P1263,Sharon,Martinez,Doctor 77,2023-02-02
P1378,Ruth,Martin,Doctor 34,2023-02-02
P1591,Scott,Robinson,Doctor 32,2023-02-02
P1692,Jose,Gonzalez,Doctor 27,2023-02-02
P1771,Jason,Chavez,Doctor 66,2023-02-02
P1811,Donna,Nelson,Doctor 8,2023-02-02
P1829,Andrew,Scott,Doctor 58,2023-02-02
P1864,Tyler,Nelson,Doctor 78,2023-02-02
P1896,Jeffrey,Mendoza,Doctor 65,2023-02-02
P1972,David,Campbell,Doctor 98,2023-02-02
P2085,Aaron,Kim,Doctor 15,2023-02-02
P2095,James,Mendoza,Doctor 68,2023-02-02
P2117,Alexander,Mitchell,Doctor 54,2023-02-02
P2119,Ruth,Ortiz,Doctor 7,2023-02-02
P2135,Susan,Ramos,Doctor 16,2023-02-02
P2230,Larry,Hill,Doctor 38,2023-02-02
P2261,Angela,Sanders,Doctor 2,2023-02-02
P0066,Betty,Clark,Doctor 54,2023-02-03
P0154,Patrick,Howard,Doctor 62,2023-02-03
P0156,Sharon,Carter,Doctor 58,2023-02-03
P0282,Ronald,Perez,Doctor 11,2023-02-03
P0423,Sharon,Lewis,Doctor 82,2023-02-03
P0542,Michael,Nguyen,Doctor 94,2023-02-03
P0582,William,Lee,Doctor 63,2023-02-03
P0760,Frank,Lewis,Doctor 40,2023-02-03
P0766,Tyler,Wilson,Doctor 87,2023-02-03
P1085,Eric,Adams,Doctor 13,2023-02-03
P1098,David,Scott,Doctor 27,2023-02-03
P1179,Carol,Young,Doctor 13,2023-02-03
P1481,Jennifer,Bailey,Doctor 23,2023-02-03
P1537,Lisa,Cook,Doctor 36,2023-02-03
P1609,Ruth,Myers,Doctor 87,2023-02-03
P1892,Kathleen,Collins,Doctor 92,2023-02-03
P2058,Carol,Taylor,Doctor 64,2023-02-03
P2107,Stephen,Baker,Doctor 67,2023-02-03
P2258,James,Roberts,Doctor 94,2023-02-03
P2259,Sandra,Diaz,Doctor 12,2023-02-03
P2302,Kimberly,Perez,Doctor 13,2023-02-03
P0016,Ruth,Taylor,Doctor 8,2023-02-04
P0068,Jack,Ortiz,Doctor 50,2023-02-04
P0214,Michelle,Stewart,Doctor 28,2023-02-04
P0252,Lisa,Kelly,Doctor 90,2023-02-04
P0326,Lisa,Peterson,Doctor 27,2023-02-04
P0327,Dorothy,Diaz,Doctor 19,2023-02-04
P0337,David,Collins,Doctor 41,2023-02-04
P0414,Tyler,Castillo,Doctor 95,2023-02-04
P0430,Michelle,Ruiz,Doctor 93,2023-02-04
P0433,James,Cox,Doctor 22,2023-02-04
P0468,Raymond,Hill,Doctor 45,2023-02-04
P0634,Deborah,Ruiz,Doctor 91,2023-02-04
P0652,Kimberly,Harris,Doctor 87,2023-02-04
P0688,Cynthia,Cook,Doctor 96,2023-02-04
P0817,Dennis,White,Doctor 89,2023-02-04
P0823,Ruth,Reyes,Doctor 43,2023-02-04
P0825,Jerry,Hernandez,Doctor 24,2023-02-04
P0962,Karen,Rodriguez,Doctor 17,2023-02-04
P1031,Donna,Ruiz,Doctor 44,2023-02-04
P1161,Nancy,Anderson,Doctor 65,2023-02-04
P1258,Kenneth,Lewis,Doctor 3,2023-02-04
P1316,Gary,Thomas,Doctor 30,2023-02-04
P1398,Robert,Murphy,Doctor 21,2023-02-04
P1476,Sharon,Morgan,Doctor 46,2023-02-04
P1548,Kimberly,Brooks,Doctor 78,2023-02-04
P1647,Sharon,Gomez,Doctor 66,2023-02-04
P1768,Frank,Hughes,Doctor 7,2023-02-04
P1774,Helen,Martin,Doctor 23,2023-02-04
P1871,Karen,Bennett,Doctor 64,2023-02-04
P1883,Michelle,Ortiz,Doctor 50,2023-02-04
P1913,Timothy,Kim,Doctor 59,2023-02-04
P1943,John,White,Doctor 69,2023-02-04
P1964,Richard,Cox,Doctor 16,2023-02-04
P2044,Benjamin,Carter,Doctor 96,2023-02-04
P2049,Benjamin,Roberts,Doctor 62,2023-02-04
P2102,Nicholas,Nguyen,Doctor 35,2023-02-04
P0015,Betty,Richardson,Doctor 29,2023-02-05
P0155,Anthony,Cook,Doctor 36,2023-02-05
P0213,Scott,Brown,Doctor 50,2023-02-05
P0224,Brian,Adams,Doctor 57,2023-02-05
P0232,Linda,Collins,Doctor 63,2023-02-05
P0235,Jeffrey,Myers,Doctor 69,2023-02-05
P0296,Deborah,Nelson,Doctor 21,2023-02-05
P0385,Dorothy,Taylor,Doctor 7,2023-02-05
P0426,Scott,Wright,Doctor 11,2023-02-05
P0449,Rebecca,Murphy,Doctor 18,2023-02-05
P0488,Michelle,Robinson,Doctor 76,2023-02-05
P0491,David,Smith,Doctor 14,2023-02-05
P0615,Ruth,Watson,Doctor 52,2023-02-05
P0657,James,Price,Doctor 22,2023-02-05
P0720,Jeffrey,Evans,Doctor 96,2023-02-05
P0726,George,Martinez,Doctor 43,2023-02-05
P0843,Susan,Morales,Doctor 21,2023-02-05
P0899,Brandon,Martin,Doctor 31,2023-02-05
P1047,Ryan,Kelly,Doctor 90,2023-02-05
P1169,Justin,Gonzalez,Doctor 78,2023-02-05
P1381,Samuel,Morgan,Doctor 7,2023-02-05
P1406,Betty,Davis,Doctor 60,2023-02-05
P1499,Tyler,Mendoza,Doctor 65,2023-02-05
P1532,Betty,Murphy,Doctor 2,2023-02-05
P1653,Deborah,Rodriguez,Doctor 26,2023-02-05
P1862,Betty,Martin,Doctor 56,2023-02-05
P1872,Susan,Turner,Doctor 31,2023-02-05
P1911,Shirley,Ward,Doctor 92,2023-02-05
P1960,Donna,Morris,Doctor 100,2023-02-05
P2005,Ryan,Scott,Doctor 96,2023-02-05
P2015,Jessica,Young,Doctor 23,2023-02-05
P2117,Alexander,Mitchell,Doctor 54,2023-02-05
P2126,Jonathan,Gomez,Doctor 25,2023-02-05
P2194,Larry,Hernandez,Doctor 47,2023-02-05
P2202,Alexander,Rivera,Doctor 74,2023-02-05
P0062,Joshua,Reyes,Doctor 29,2023-02-06
P0065,David,Mitchell,Doctor 78,2023-02-06
P0133,Joseph,Jones,Doctor 50,2023-02-06
P0216,Daniel,Kelly,Doctor 32,2023-02-06
P0237,Dorothy,Ward,Doctor 12,2023-02-06
P0305,Dorothy,Myers,Doctor 28,2023-02-06
P0372,Gregory,Ward,Doctor 84,2023-02-06
P0443,Nancy,Cook,Doctor 30,2023-02-06
P0502,Emma,Cook,Doctor 65,2023-02-06
P0514,Laura,Price,Doctor 4,2023-02-06
P0589,Lisa,Mitchell,Doctor 45,2023-02-06
P0592,Lisa,Chavez,Doctor 86,2023-02-06
P0635,Sharon,Wood,Doctor 98,2023-02-06
P0700,John,Allen,Doctor 39,2023-02-06
P0721,James,Campbell,Doctor 13,2023-02-06
P0926,Jacob,Cooper,Doctor 78,2023-02-06
P1133,Aaron,Hernandez,Doctor 82,2023-02-06
P1292,Jerry,Rodriguez,Doctor 100,2023-02-06
P1363,Jason,Price,Doctor 90,2023-02-06
P1408,Sandra,Ramirez,Doctor 70,2023-02-06
P1465,Nancy,Murphy,Doctor 24,2023-02-06
P1542,Jerry,Sanchez,Doctor 73,2023-02-06
P1555,Brian,Thomas,Doctor 67,2023-02-06
P1725,Scott,Sanchez,Doctor 84,2023-02-06
P1850,Joseph,Taylor,Doctor 82,2023-02-06
P1872,Susan,Turner,Doctor 31,2023-02-06
P0077,Karen,Hughes,Doctor 36,2023-02-07
P0100,Laura,Turner,Doctor 9,2023-02-07
P0108,Eric,Carter,Doctor 55,2023-02-07
P0129,Deborah,Ramirez,Doctor 54,2023-02-07
P0284,Shirley,Nelson,Doctor 27,2023-02-07
P0285,Jason,Edwards,Doctor 78,2023-02-07
P0515,Amy,Collins,Doctor 85,2023-02-07
P0539,Carol,Ward,Doctor 58,2023-02-07
P0727,Deborah,Williams,Doctor 10,2023-02-07
P0800,Daniel,Miller,Doctor 84,2023-02-07
P0969,Deborah,White,Doctor 91,2023-02-07
P1110,Barbara,Gutierrez,Doctor 84,2023-02-07
P1131,Cynthia,Ramirez,Doctor 46,2023-02-07
P1252,Donna,Morales,Doctor 24,2023-02-07
P1323,Frank,White,Doctor 72,2023-02-07
P1523,Brian,Price,Doctor 60,2023-02-07
P1792,Dennis,Anderson,Doctor 13,2023-02-07
P1905,Laura,Thompson,Doctor 9,2023-02-07
P1935,Elizabeth,Price,Doctor 74,2023-02-07
P1939,Michelle,Moore,Doctor 93,2023-02-07
P1952,Karen,Evans,Doctor 70,2023-02-07
P1975,Rebecca,Garcia,Doctor 16,2023-02-07
P1979,Carol,Reed,Doctor 90,2023-02-07
P2009,Emma,Brooks,Doctor 30,2023-02-07
P2028,Nancy,Nelson,Doctor 48,2023-02-07
P2058,Carol,Taylor,Doctor 64,2023-02-07
P2079,Patrick,Kim,Doctor 40,2023-02-07
P2135,Susan,Ramos,Doctor 16,2023-02-07
P2178,Emma,Collins,Doctor 89,2023-02-07
P2211,Frank,Allen,Doctor 69,2023-02-07
P2231,Matthew,Wilson,Doctor 64,2023-02-07
P0093,Lisa,Garcia,Doctor 37,2023-02-08
P0128,Jack,Hernandez,Doctor 51,2023-02-08
P0375,James,Diaz,Doctor 13,2023-02-08
P0377,Brian,Martin,Doctor 67,2023-02-08
P0416,Kimberly,Ramos,Doctor 75,2023-02-08
P0555,Kimberly,Richardson,Doctor 54,2023-02-08
P0957,Sarah,Price,Doctor 17,2023-02-08
P0982,Carol,Nguyen,Doctor 91,2023-02-08
P1004,Donald,Kim,Doctor 71,2023-02-08
P1097,Christopher,Walker,Doctor 88,2023-02-08
P1193,Helen,Ortiz,Doctor 44,2023-02-08
P1302,Laura,Miller,Doctor 47,2023-02-08
P1430,Elizabeth,Martinez,Doctor 71,2023-02-08
P1465,Nancy,Murphy,Doctor 24,2023-02-08
P1475,George,Richardson,Doctor 65,2023-02-08
P1587,Christopher,Ortiz,Doctor 72,2023-02-08
P1765,George,Price,Doctor 61,2023-02-08
P2203,James,Thomas,Doctor 41,2023-02-08
P2231,Matthew,Wilson,Doctor 64,2023-02-08
P2239,Jonathan,Morris,Doctor 31,2023-02-08
P2265,Thomas,Perez,Doctor 82,2023-02-08
P0103,Matthew,Bennett,Doctor 72,2023-02-09
P0135,Ryan,Kim,Doctor 52,2023-02-09
P0144,Ruth,Price,Doctor 67,2023-02-09
P0210,Larry,Thomas,Doctor 59,2023-02-09
P0367,Thomas,Hill,Doctor 98,2023-02-09
P0394,Scott,Lee,Doctor 46,2023-02-09
P0416,Kimberly,Ramos,Doctor 96,2023-02-09
P0496,Ryan,Ruiz,Doctor 33,2023-02-09
P0558,Jeffrey,Adams,Doctor 45,2023-02-09
P0664,Thomas,Moore,Doctor 11,2023-02-09
P1009,Linda,Richardson,Doctor 29,2023-02-09
P1054,Sarah,Clark,Doctor 4,2023-02-09
P1118,Nancy,Edwards,Doctor 12,2023-02-09
P1168,Anna,Johnson,Doctor 78,2023-02-09
P1299,Karen,Hernandez,Doctor 78,2023-02-09
P1351,William,Thomas,Doctor 81,2023-02-09
P1383,Ruth,Wood,Doctor 5,2023-02-09
P1457,James,Evans,Doctor 64,2023-02-09
P1499,Tyler,Mendoza,Doctor 73,2023-02-09
P1609,Ruth,Myers,Doctor 87,2023-02-09
P1635,Sandra,Robinson,Doctor 40,2023-02-09
P1673,Brian,Nelson,Doctor 79,2023-02-09
P1709,Jennifer,Garcia,Doctor 88,2023-02-09
P1845,John,Bennett,Doctor 73,2023-02-09
P2006,Melissa,Young,Doctor 75,2023-02-09
P2051,Helen,Thomas,Doctor 15,2023-02-09
P0136,Jennifer,Ruiz,Doctor 28,2023-02-10
P0168,Cynthia,Baker,Doctor 54,2023-02-10
P0183,Stephen,Brown,Doctor 21,2023-02-10
P0214,Michelle,Stewart,Doctor 91,2023-02-10
P0221,Jerry,Edwards,Doctor 38,2023-02-10
P0273,David,Anderson,Doctor 78,2023-02-10
P0332,Michael,Rogers,Doctor 98,2023-02-10
P0370,Benjamin,Wood,Doctor 24,2023-02-10
P0405,Amy,Reed,Doctor 50,2023-02-10
P0431,Frank,Howard,Doctor 69,2023-02-10
P0511,Sarah,Green,Doctor 70,2023-02-10
P0554,Sarah,Ortiz,Doctor 39,2023-02-10
P0569,Betty,Johnson,Doctor 28,2023-02-10
P0585,Rebecca,Martin,Doctor 67,2023-02-10
P0652,Kimberly,Harris,Doctor 11,2023-02-10
P0671,Sandra,Gutierrez,Doctor 40,2023-02-10
P0764,Richard,Bennett,Doctor 22,2023-02-10
P0804,Mark,Gomez,Doctor 20,2023-02-10
P0946,Jonathan,Collins,Doctor 98,2023-02-10
P1387,Nicholas,Castillo,Doctor 95,2023-02-10
P1405,Kimberly,Robinson,Doctor 4,2023-02-10
P1585,David,Ramirez,Doctor 40,2023-02-10
P1688,Sharon,Mendoza,Doctor 80,2023-02-10
P1745,Cynthia,Ruiz,Doctor 73,2023-02-10
P2057,Michelle,Gomez,Doctor 25,2023-02-10
P2084,Jonathan,Adams,Doctor 61,2023-02-10
P2266,Jason,Roberts,Doctor 66,2023-02-10
P2298,Tyler,Hill,Doctor 25,2023-02-10
P0058,Rebecca,Peterson,Doctor 3,2023-02-11
P0349,Daniel,Williams,Doctor 25,2023-02-11
P0454,Jason,Thompson,Doctor 50,2023-02-11
P0605,Benjamin,Reed,Doctor 23,2023-02-11
P0626,Steven,Rogers,Doctor 85,2023-02-11
P0627,Larry,Wilson,Doctor 33,2023-02-11
P0633,Jacob,Roberts,Doctor 30,2023-02-11
P0734,Scott,Bailey,Doctor 7,2023-02-11
P0755,Kathleen,Harris,Doctor 95,2023-02-11
P0785,Joseph,Cruz,Doctor 1,2023-02-11
P0832,Joshua,Flores,Doctor 58,2023-02-11
P0839,Jonathan,Morgan,Doctor 66,2023-02-11
P0839,Jonathan,Morgan,Doctor 66,2023-02-11
P0904,Aaron,Smith,Doctor 68,2023-02-11
P0907,Karen,Adams,Doctor 37,2023-02-11
P1026,Michelle,Rodriguez,Doctor 67,2023-02-11
P1066,Anna,Young,Doctor 67,2023-02-11
P1097,Christopher,Walker,Doctor 88,2023-02-11
P1180,Amy,Reyes,Doctor 39,2023-02-11
P1286,Karen,Young,Doctor 69,2023-02-11
P1763,Donna,Cox,Doctor 52,2023-02-11
P1802,Matthew,Young,Doctor 23,2023-02-11
P1830,Carol,Edwards,Doctor 4,2023-02-11
P1840,Andrew,Ortiz,Doctor 68,2023-02-11
P2022,Kevin,Kelly,Doctor 68,2023-02-11
P2124,Christopher,Ruiz,Doctor 52,2023-02-11
P2189,Brenda,Harris,Doctor 43,2023-02-11
P2263,Robert,Campbell,Doctor 71,2023-02-11
P2301,Kenneth,White,Doctor 43,2023-02-11
P0073,Jason,Gray,Doctor 86,2023-02-12
P0096,Kimberly,Flores,Doctor 67,2023-02-12
P0112,Aaron,Jones,Doctor 76,2023-02-12
P0148,Matthew,Flores,Doctor 45,2023-02-12
P0158,David,James,Doctor 12,2023-02-12
P0161,Melissa,Phillips,Doctor 6,2023-02-12
P0237,Dorothy,Ward,Doctor 18,2023-02-12
P0324,Michael,Ramos,Doctor 69,2023-02-12
P0350,Michelle,Mendoza,Doctor 9,2023-02-12
P0382,Karen,Cooper,Doctor 100,2023-02-12
P0389,Joseph,Gray,Doctor 66,2023-02-12
P0395,Raymond,Ramos,Doctor 86,2023-02-12
P0413,Charles,Harris,Doctor 58,2023-02-12
P0495,Kathleen,Jackson,Doctor 42,2023-02-12
P0532,Edward,Stewart,Doctor 63,2023-02-12
P0641,Gregory,Campbell,Doctor 51,2023-02-12
P0692,Amy,Brown,Doctor 72,2023-02-12
P0725,Sarah,Wood,Doctor 76,2023-02-12
P0753,Donald,Cruz,Doctor 15,2023-02-12
P0827,Jacob,Richardson,Doctor 51,2023-02-12
P0946,Jonathan,Collins,Doctor 2,2023-02-12
P1052,Michelle,Wood,Doctor 65,2023-02-12
P1131,Cynthia,Ramirez,Doctor 4,2023-02-12
P1158,Emma,Morales,Doctor 33,2023-02-12
P1231,William,Kelly,Doctor 9,2023-02-12
P1234,Larry,Brown,Doctor 43,2023-02-12
P1436,Jack,Cooper,Doctor 49,2023-02-12
P1444,Christopher,James,Doctor 38,2023-02-12
P1554,Betty,Martinez,Doctor 33,2023-02-12
P1612,Brenda,Myers,Doctor 84,2023-02-12
P1657,James,Green,Doctor 23,2023-02-12
P1698,Karen,Ward,Doctor 92,2023-02-12
P1713,Helen,Sanders,Doctor 76,2023-02-12
P1750,Mary,Murphy,Doctor 30,2023-02-12
P1832,Thomas,Torres,Doctor 22,2023-02-12
P1850,Joseph,Taylor,Doctor 82,2023-02-12
P1912,Sarah,Baker,Doctor 27,2023-02-12
P1982,Mary,Williams,Doctor 91,2023-02-12
P2058,Carol,Taylor,Doctor 64,2023-02-12
P2096,Emma,Jackson,Doctor 31,2023-02-12
P2225,Kevin,Mendoza,Doctor 51,2023-02-12
P2289,Ryan,Patel,Doctor 89,2023-02-12
P0123,Brenda,White,Doctor 10,2023-02-13
P0138,Ronald,Clark,Doctor 24,2023-02-13
P0176,Laura,Anderson,Doctor 10,2023-02-13
P0243,Timothy,Williams,Doctor 89,2023-02-13
P0318,Daniel,Ramirez,Doctor 55,2023-02-13
P0496,Ryan,Ruiz,Doctor 33,2023-02-13
P0501,Donna,Phillips,Doctor 51,2023-02-13
P0529,Daniel,Richardson,Doctor 52,2023-02-13
P0594,Brenda,Martinez,Doctor 57,2023-02-13
P0793,Carol,Wright,Doctor 97,2023-02-13
P0826,Rebecca,Anderson,Doctor 70,2023-02-13
P0893,Cynthia,Reed,Doctor 3,2023-02-13
P0969,Deborah,White,Doctor 91,2023-02-13
P1091,Samuel,Sanchez,Doctor 9,2023-02-13
P1148,Frank,Thompson,Doctor 81,2023-02-13
P1238,Donna,Jackson,Doctor 98,2023-02-13
P1289,Benjamin,Kelly,Doctor 83,2023-02-13
P1343,Betty,White,Doctor 2,2023-02-13
P1448,Ronald,Carter,Doctor 13,2023-02-13
P1496,Larry,Clark,Doctor 88,2023-02-13
P1597,Joshua,Roberts,Doctor 3,2023-02-13
P1667,Thomas,Walker,Doctor 80,2023-02-13
P1754,John,Flores,Doctor 50,2023-02-13
P1841,Kimberly,Walker,Doctor 25,2023-02-13
P1851,Eric,Stewart,Doctor 59,2023-02-13
P1854,Ruth,Perez,Doctor 46,2023-02-13
P2105,Mary,Gonzalez,Doctor 34,2023-02-13
P2174,Stephen,Green,Doctor 37,2023-02-13
P2243,Mary,Morris,Doctor 89,2023-02-13
P2266,Jason,Roberts,Doctor 66,2023-02-13
P2304,William,Rogers,Doctor 54,2023-02-13
P0013,Scott,Harris,Doctor 4,2023-02-14
P0179,Laura,Torres,Doctor 66,2023-02-14
P0311,Elizabeth,Stewart,Doctor 22,2023-02-14
P0381,Eric,Chavez,Doctor 76,2023-02-14
P0439,Alexander,Cruz,Doctor 29,2023-02-14
P0521,Helen,Allen,Doctor 66,2023-02-14
P0700,John,Allen,Doctor 39,2023-02-14
P0707,Lisa,Gray,Doctor 68,2023-02-14
P0830,Kimberly,Morales,Doctor 40,2023-02-14
P0904,Aaron,Smith,Doctor 71,2023-02-14
P1132,Tyler,Hall,Doctor 13,2023-02-14
P1160,William,Reyes,Doctor 46,2023-02-14
P1164,Justin,Green,Doctor 41,2023-02-14
P1245,Jonathan,Cook,Doctor 27,2023-02-14
P1267,Anthony,James,Doctor 76,2023-02-14
P1301,Richard,Hernandez,Doctor 16,2023-02-14
P1334,Anna,Reed,Doctor 66,2023-02-14
P1357,Jacob,Lopez,Doctor 38,2023-02-14
P1511,Sarah,Kelly,Doctor 88,2023-02-14
P1553,Kenneth,Green,Doctor 68,2023-02-14
P1694,Charles,Ramos,Doctor 7,2023-02-14
P1734,Michelle,Martinez,Doctor 51,2023-02-14
P1776,Carol,Robinson,Doctor 72,2023-02-14
P2076,Patrick,Watson,Doctor 25,2023-02-14
P2124,Christopher,Ruiz,Doctor 13,2023-02-14
P2228,Sandra,Sanchez,Doctor 78,2023-02-14
P2270,Robert,Gray,Doctor 73,2023-02-14
P0007,Nancy,Allen,Doctor 30,2023-02-15
P0095,Michelle,Nelson,Doctor 35,2023-02-15
P0194,Michael,Robinson,Doctor 79,2023-02-15
P0307,Christopher,Myers,Doctor 8,2023-02-15
P0320,Benjamin,Robinson,Doctor 44,2023-02-15
P0554,Sarah,Ortiz,Doctor 51,2023-02-15
P0618,Ruth,Wilson,Doctor 35,2023-02-15
P0766,Tyler,Wilson,Doctor 87,2023-02-15
P0769,Patricia,Nelson,Doctor 79,2023-02-15
P0774,Frank,Johnson,Doctor 62,2023-02-15
P0875,Nancy,Alvarez,Doctor 65,2023-02-15
P0966,Emma,Edwards,Doctor 70,2023-02-15
P1124,Nancy,Bennett,Doctor 81,2023-02-15
P1319,Benjamin,Martin,Doctor 97,2023-02-15
P1345,Melissa,Thomas,Doctor 87,2023-02-15
P1382,Kathleen,Cook,Doctor 20,2023-02-15
P1497,Richard,King,Doctor 79,2023-02-15
P1658,Laura,Johnson,Doctor 46,2023-02-15
P1712,Jason,Garcia,Doctor 27,2023-02-15
P1816,Lisa,Phillips,Doctor 62,2023-02-15
P1883,Michelle,Ortiz,Doctor 50,2023-02-15
P1913,Timothy,Kim,Doctor 59,2023-02-15
P2056,Sharon,Myers,Doctor 60,2023-02-15
P2066,Donna,Mitchell,Doctor 14,2023-02-15
P2112,Eric,Johnson,Doctor 23,2023-02-15
P2217,Kimberly,Lee,Doctor 71,2023-02-15
P2225,Kevin,Mendoza,Doctor 51,2023-02-15
P2226,Susan,Hall,Doctor 23,2023-02-15
P0001,Thomas,Wood,Doctor 32,2023-02-16
P0027,Sarah,Diaz,Doctor 11,2023-02-16
P0065,David,Mitchell,Doctor 52,2023-02-16
P0237,Dorothy,Ward,Doctor 18,2023-02-16
P0268,Ronald,Alvarez,Doctor 7,2023-02-16
P0321,Brandon,Castillo,Doctor 65,2023-02-16
P0434,Laura,Ortiz,Doctor 76,2023-02-16
P0559,Lisa,Jones,Doctor 56,2023-02-16
P0603,Rebecca,Diaz,Doctor 55,2023-02-16
P0638,Cynthia,Wright,Doctor 17,2023-02-16
P1071,Nicholas,Lopez,Doctor 89,2023-02-16
P1094,Aaron,Morgan,Doctor 21,2023-02-16
P1225,Christopher,Harris,Doctor 58,2023-02-16
P1256,Jessica,Cox,Doctor 78,2023-02-16
P1298,Charles,Brown,Doctor 60,2023-02-16
P1310,Nicholas,Gray,Doctor 12,2023-02-16
P1550,Sandra,Garcia,Doctor 49,2023-02-16
P1589,Patrick,Ramirez,Doctor 22,2023-02-16
P1672,Patrick,Moore,Doctor 98,2023-02-16
P1697,Ruth,Sanchez,Doctor 91,2023-02-16
P1705,Dennis,Lopez,Doctor 47,2023-02-16
P1805,Jason,Sanchez,Doctor 6,2023-02-16
P1906,Sharon,Davis,Doctor 69,2023-02-16
P1913,Timothy,Kim,Doctor 59,2023-02-16
P1974,Anna,Thompson,Doctor 58,2023-02-16
P2077,Samuel,Cox,Doctor 65,2023-02-16
P2153,Rebecca,White,Doctor 95,2023-02-16
P2171,Gary,Myers,Doctor 82,2023-02-16
P2235,Tyler,Williams,Doctor 11,2023-02-16
P2260,Nancy,Ramos,Doctor 85,2023-02-16
P0040,Michelle,Adams,Doctor 73,2023-02-17
P0058,Rebecca,Peterson,Doctor 17,2023-02-17
P0330,Dorothy,Wood,Doctor 75,2023-02-17
P0356,Kathleen,Moore,Doctor 14,2023-02-17
P0404,Michelle,Rogers,Doctor 56,2023-02-17
P0412,Donna,Martin,Doctor 28,2023-02-17
P0425,Donald,Hill,Doctor 15,2023-02-17
P0571,Karen,Wright,Doctor 75,2023-02-17
P0717,Kevin,Howard,Doctor 20,2023-02-17
P0919,Aaron,Robinson,Doctor 25,2023-02-17
P1016,Donald,King,Doctor 78,2023-02-17
P1034,Sarah,Martinez,Doctor 99,2023-02-17
P1060,Eric,Richardson,Doctor 93,2023-02-17
P1213,Steven,Stewart,Doctor 60,2023-02-17
P1270,Donald,Morris,Doctor 89,2023-02-17
P1479,Justin,Castillo,Doctor 79,2023-02-17
P1583,Aaron,Williams,Doctor 92,2023-02-17
P1690,Linda,Bailey,Doctor 81,2023-02-17
P1703,Kathleen,Perez,Doctor 97,2023-02-17
P1739,Brenda,Jackson,Doctor 36,2023-02-17
P1845,John,Bennett,Doctor 99,2023-02-17
P1883,Michelle,Ortiz,Doctor 36,2023-02-17
P1957,Benjamin,Allen,Doctor 36,2023-02-17
P1969,Anna,Mendoza,Doctor 61,2023-02-17
P2120,Laura,Nguyen,Doctor 54,2023-02-17
P2160,Daniel,Anderson,Doctor 20,2023-02-17
P2235,Tyler,Williams,Doctor 11,2023-02-17
P0015,Betty,Richardson,Doctor 29,2023-02-18
P0047,Jose,Bennett,Doctor 11,2023-02-18
P0070,Shirley,Gonzalez,Doctor 77,2023-02-18
P0199,Aaron,Baker,Doctor 39,2023-02-18
P0484,Brandon,Carter,Doctor 57,2023-02-18
P0599,Ruth,Evans,Doctor 2,2023-02-18
P0648,Jeffrey,Lee,Doctor 57,2023-02-18
P0748,Richard,Watson,Doctor 69,2023-02-18
P0835,Christopher,Morgan,Doctor 18,2023-02-18
P0848,William,Peterson,Doctor 3,2023-02-18
P0857,Gregory,Roberts,Doctor 76,2023-02-18
P0889,Sharon,Rivera,Doctor 33,2023-02-18
P0944,Jason,Collins,Doctor 30,2023-02-18
P1054,Sarah,Clark,Doctor 4,2023-02-18
P1141,Donna,Williams,Doctor 79,2023-02-18
P1148,Frank,Thompson,Doctor 81,2023-02-18
P1384,Brian,Ward,Doctor 53,2023-02-18
P1484,Scott,Hughes,Doctor 83,2023-02-18
P1545,Gary,Nguyen,Doctor 38,2023-02-18
P1595,Brenda,Carter,Doctor 28,2023-02-18
P1616,Karen,Garcia,Doctor 39,2023-02-18
P1863,Angela,Gutierrez,Doctor 92,2023-02-18
P1996,Edward,Collins,Doctor 100,2023-02-18
P2178,Emma,Collins,Doctor 89,2023-02-18
P2180,Ryan,Anderson,Doctor 80,2023-02-18
P0147,Lisa,Wood,Doctor 41,2023-02-19
P0175,Rebecca,Walker,Doctor 63,2023-02-19
P0365,Scott,Richardson,Doctor 45,2023-02-19
P0393,Edward,Rodriguez,Doctor 70,2023-02-19
P0563,Robert,Garcia,Doctor 85,2023-02-19
P0844,Jeffrey,Moore,Doctor 6,2023-02-19
P0846,Steven,Mitchell,Doctor 10,2023-02-19
P0854,Jessica,Cooper,Doctor 69,2023-02-19
P0862,Dorothy,Gray,Doctor 63,2023-02-19
P1051,Sarah,Gray,Doctor 4,2023-02-19
P1245,Jonathan,Cook,Doctor 27,2023-02-19
P1252,Donna,Morales,Doctor 47,2023-02-19
P1452,Helen,Baker,Doctor 56,2023-02-19
P1668,Aaron,Cook,Doctor 54,2023-02-19
P1717,Dorothy,Morales,Doctor 10,2023-02-19
P1746,Linda,Lewis,Doctor 89,2023-02-19
P1847,John,Baker,Doctor 3,2023-02-19
P2029,Sharon,Patel,Doctor 32,2023-02-19
P2098,Anna,Rodriguez,Doctor 49,2023-02-19
P2144,Nancy,Morgan,Doctor 22,2023-02-19
P2169,Alexander,Thompson,Doctor 46,2023-02-19
P2213,Karen,Perez,Doctor 37,2023-02-19
P2289,Ryan,Patel,Doctor 89,2023-02-19
P0048,Patrick,Chavez,Doctor 71,2023-02-20
P0155,Anthony,Cook,Doctor 36,2023-02-20
P0190,Shirley,Rivera,Doctor 42,2023-02-20
P0215,Nancy,Gutierrez,Doctor 5,2023-02-20
P0222,Justin,Flores,Doctor 73,2023-02-20
P0316,Andrew,Cruz,Doctor 91,2023-02-20
P0473,Mary,Jackson,Doctor 22,2023-02-20
P0519,Donna,Davis,Doctor 51,2023-02-20
P0549,Susan,King,Doctor 11,2023-02-20
P0691,William,Sanders,Doctor 56,2023-02-20
P0777,Daniel,Harris,Doctor 2,2023-02-20
P0824,George,Smith,Doctor 37,2023-02-20
P0880,Timothy,Scott,Doctor 57,2023-02-20
P0890,Larry,Moore,Doctor 80,2023-02-20
P1032,Joseph,Clark,Doctor 66,2023-02-20
P1265,Susan,Anderson,Doctor 68,2023-02-20
P1503,Helen,Wright,Doctor 37,2023-02-20
P1519,Thomas,Price,Doctor 50,2023-02-20
P1532,Betty,Murphy,Doctor 2,2023-02-20
P1557,Michelle,Taylor,Doctor 28,2023-02-20
P1631,Jonathan,Brown,Doctor 97,2023-02-20
P1664,Jessica,Taylor,Doctor 50,2023-02-20
P1753,Ronald,Evans,Doctor 35,2023-02-20
P1872,Susan,Turner,Doctor 31,2023-02-20
P1962,Laura,Morris,Doctor 62,2023-02-20
P1972,David,Campbell,Doctor 98,2023-02-20
P2051,Helen,Thomas,Doctor 15,2023-02-20
P2133,William,Ruiz,Doctor 16,2023-02-20
P2183,Steven,Johnson,Doctor 16,2023-02-20
P0004,Gregory,Morgan,Doctor 90,2023-02-21
P0043,Nancy,Cruz,Doctor 15,2023-02-21
P0076,Karen,Ramirez,Doctor 4,2023-02-21
P0122,Rebecca,Taylor,Doctor 37,2023-02-21
P0202,David,Clark,Doctor 6,2023-02-21
P0253,Laura,Smith,Doctor 46,2023-02-21
P0360,Tyler,Price,Doctor 76,2023-02-21
P0461,Melissa,Jackson,Doctor 81,2023-02-21
P0577,Jessica,Thompson,Doctor 7,2023-02-21
P0646,Donna,Diaz,Doctor 75,2023-02-21
P0678,Barbara,Roberts,Doctor 99,2023-02-21
P0837,Mark,Torres,Doctor 54,2023-02-21
P1043,Christopher,Rivera,Doctor 72,2023-02-21
P1049,Karen,Anderson,Doctor 70,2023-02-21
P1214,Sarah,Gomez,Doctor 59,2023-02-21
P1304,Jacob,White,Doctor 25,2023-02-21
P1305,Stephen,Davis,Doctor 100,2023-02-21
P1363,Jason,Price,Doctor 90,2023-02-21
P1405,Kimberly,Robinson,Doctor 4,2023-02-21
P1457,James,Evans,Doctor 64,2023-02-21
P1458,Anthony,Harris,Doctor 33,2023-02-21
P1501,Thomas,Watson,Doctor 23,2023-02-21
P1519,Thomas,Price,Doctor 50,2023-02-21
P1608,Eric,Morgan,Doctor 41,2023-02-21
P1619,Anthony,Nelson,Doctor 82,2023-02-21
P1728,Barbara,Garcia,Doctor 59,2023-02-21
P1862,Betty,Martin,Doctor 56,2023-02-21
P1878,George,Wright,Doctor 62,2023-02-21
P1902,Brenda,Price,Doctor 54,2023-02-21
P1903,Karen,Thomas,Doctor 56,2023-02-21
P1910,Michael,Wilson,Doctor 40,2023-02-21
P1949,George,Wood,Doctor 75,2023-02-21
P1993,Brandon,Rodriguez,Doctor 63,2023-02-21
P2036,Jeffrey,Rivera,Doctor 43,2023-02-21
P2137,Karen,Lopez,Doctor 41,2023-02-21
P0007,Nancy,Allen,Doctor 30,2023-02-22
P0010,Jose,Alvarez,Doctor 48,2023-02-22
P0150,Cynthia,Flores,Doctor 61,2023-02-22
P0186,Stephen,Morales,Doctor 53,2023-02-22
P0229,Sandra,Lopez,Doctor 57,2023-02-22
P0271,Dennis,Myers,Doctor 74,2023-02-22
P0376,John,Martinez,Doctor 92,2023-02-22
P0542,Michael,Nguyen,Doctor 94,2023-02-22
P0584,Donald,Hughes,Doctor 40,2023-02-22
P0600,Andrew,Martinez,Doctor 53,2023-02-22
P0653,Andrew,Wright,Doctor 30,2023-02-22
P0765,Charles,Mendoza,Doctor 44,2023-02-22
P0897,Jonathan,Sanders,Doctor 10,2023-02-22
P0902,Mark,Chavez,Doctor 44,2023-02-22
P0931,Stephen,Moore,Doctor 75,2023-02-22
P1020,Aaron,Rivera,Doctor 71,2023-02-22
P1107,Kathleen,Kim,Doctor 99,2023-02-22
P1271,Jeffrey,Martinez,Doctor 96,2023-02-22
P1325,Andrew,Harris,Doctor 60,2023-02-22
P1329,Kathleen,Castillo,Doctor 45,2023-02-22
P1383,Ruth,Wood,Doctor 3,2023-02-22
P1420,Tyler,Baker,Doctor 86,2023-02-22
P1522,Linda,Parker,Doctor 31,2023-02-22
P1583,Aaron,Williams,Doctor 92,2023-02-22
P1584,Barbara,White,Doctor 57,2023-02-22
P1702,Mary,Wilson,Doctor 37,2023-02-22
P1765,George,Price,Doctor 26,2023-02-22
P1858,Emma,Patel,Doctor 39,2023-02-22
P1872,Susan,Turner,Doctor 31,2023-02-22
P2078,Michelle,Evans,Doctor 12,2023-02-22
P2080,Ruth,Harris,Doctor 6,2023-02-22
P2107,Stephen,Baker,Doctor 67,2023-02-22
P2119,Ruth,Ortiz,Doctor 7,2023-02-22
P2144,Nancy,Morgan,Doctor 22,2023-02-22
P2147,Michelle,Collins,Doctor 28,2023-02-22
P2227,Betty,Thomas,Doctor 72,2023-02-22
P2241,Virginia,Parker,Doctor 54,2023-02-22
P2270,Robert,Gray,Doctor 73,2023-02-22
P2292,Kimberly,Evans,Doctor 70,2023-02-22
P0046,Anthony,Gonzalez,Doctor 69,2023-02-23
P0157,Mary,Campbell,Doctor 10,2023-02-23
P0192,Jack,Mitchell,Doctor 43,2023-02-23
P0211,Andrew,Morgan,Doctor 91,2023-02-23
P0307,Christopher,Myers,Doctor 8,2023-02-23
P0405,Amy,Reed,Doctor 48,2023-02-23
P0497,Edward,Hall,Doctor 7,2023-02-23
P0618,Ruth,Wilson,Doctor 52,2023-02-23
P0716,George,Gonzalez,Doctor 49,2023-02-23
P0735,Mary,Martinez,Doctor 94,2023-02-23
P0860,John,Cox,Doctor 78,2023-02-23
P0923,Emma,White,Doctor 11,2023-02-23
P0928,Jonathan,Martin,Doctor 72,2023-02-23
P1104,Jessica,Patel,Doctor 34,2023-02-23
P1160,William,Reyes,Doctor 46,2023-02-23
P1178,Sarah,King,Doctor 8,2023-02-23
P1249,William,Hall,Doctor 1,2023-02-23
P1259,Jose,Sanchez,Doctor 21,2023-02-23
P1287,Shirley,Baker,Doctor 86,2023-02-23
P1430,Elizabeth,Martinez,Doctor 71,2023-02-23
P1476,Sharon,Morgan,Doctor 4,2023-02-23
P1656,Eric,Cooper,Doctor 48,2023-02-23
P1713,Helen,Sanders,Doctor 76,2023-02-23
P1781,Anna,Adams,Doctor 78,2023-02-23
P1785,Susan,Diaz,Doctor 46,2023-02-23
P1826,Shirley,Howard,Doctor 66,2023-02-23
P1856,Nicholas,Williams,Doctor 7,2023-02-23
P1886,Donald,Campbell,Doctor 74,2023-02-23
P2009,Emma,Brooks,Doctor 30,2023-02-23
P2018,Karen,Turner,Doctor 89,2023-02-23
P2269,Donald,Myers,Doctor 11,2023-02-23
P2270,Robert,Gray,Doctor 73,2023-02-23
P0136,Jennifer,Ruiz,Doctor 28,2023-02-24
P0209,Mark,Cruz,Doctor 97,2023-02-24
P0239,Sarah,Williams,Doctor 9,2023-02-24
P0322,Alexander,Reed,Doctor 74,2023-02-24
P0435,Kimberly,Hughes,Doctor 76,2023-02-24
P0436,Karen,Roberts,Doctor 24,2023-02-24
P0460,Jacob,Ramirez,Doctor 85,2023-02-24
P0559,Lisa,Jones,Doctor 54,2023-02-24
P0583,Donald,Williams,Doctor 43,2023-02-24
P0691,William,Sanders,Doctor 56,2023-02-24
P0763,Ronald,Edwards,Doctor 41,2023-02-24
P0838,David,Edwards,Doctor 20,2023-02-24
P0883,Jacob,Campbell,Doctor 30,2023-02-24
P0901,Sandra,Rogers,Doctor 64,2023-02-24
P0923,Emma,White,Doctor 11,2023-02-24
P1086,Steven,Reed,Doctor 72,2023-02-24
P1125,Jessica,Hill,Doctor 11,2023-02-24
P1189,Michael,Rivera,Doctor 96,2023-02-24
P1223,Samuel,White,Doctor 71,2023-02-24
P1350,Alexander,Watson,Doctor 69,2023-02-24
P1445,Michelle,Martin,Doctor 5,2023-02-24
P1478,Carol,Ortiz,Doctor 41,2023-02-24
P1504,George,Alvarez,Doctor 43,2023-02-24
P1520,Benjamin,Gutierrez,Doctor 27,2023-02-24
P1669,Joseph,Cooper,Doctor 70,2023-02-24
P1811,Donna,Nelson,Doctor 52,2023-02-24
P1816,Lisa,Phillips,Doctor 53,2023-02-24
P1874,Andrew,Hill,Doctor 89,2023-02-24
P1956,Virginia,Moore,Doctor 77,2023-02-24
P1968,Gary,Morgan,Doctor 62,2023-02-24
P2013,Helen,Peterson,Doctor 85,2023-02-24
P2116,Tyler,Evans,Doctor 73,2023-02-24
P2180,Ryan,Anderson,Doctor 80,2023-02-24
P2255,Eric,Mitchell,Doctor 48,2023-02-24
P2285,Melissa,Kim,Doctor 47,2023-02-24
P0030,Anthony,Phillips,Doctor 82,2023-02-25
P0035,Raymond,White,Doctor 48,2023-02-25
P0169,Benjamin,King,Doctor 64,2023-02-25
P0200,Raymond,Williams,Doctor 9,2023-02-25
P0225,Donald,Carter,Doctor 82,2023-02-25
P0356,Kathleen,Moore,Doctor 14,2023-02-25
P0426,Scott,Wright,Doctor 11,2023-02-25
P0457,Carol,Hall,Doctor 9,2023-02-25
P0539,Carol,Ward,Doctor 58,2023-02-25
P0576,Nicholas,Cruz,Doctor 83,2023-02-25
P0604,Samuel,James,Doctor 57,2023-02-25
P0622,Susan,Hill,Doctor 52,2023-02-25
P0838,David,Edwards,Doctor 20,2023-02-25
P0950,Daniel,Alvarez,Doctor 44,2023-02-25
P1097,Christopher,Walker,Doctor 88,2023-02-25
P1153,Charles,Cook,Doctor 99,2023-02-25
P1324,Alexander,Clark,Doctor 77,2023-02-25
P1438,Laura,Parker,Doctor 95,2023-02-25
P1496,Larry,Clark,Doctor 88,2023-02-25
P1538,Mary,Howard,Doctor 20,2023-02-25
P1592,Jack,Kelly,Doctor 23,2023-02-25
P1620,Rebecca,Stewart,Doctor 41,2023-02-25
P1723,Anthony,Johnson,Doctor 99,2023-02-25
P1868,Nancy,Richardson,Doctor 68,2023-02-25
P1869,Kimberly,Mitchell,Doctor 41,2023-02-25
P2086,Elizabeth,Williams,Doctor 48,2023-02-25
P2133,William,Ruiz,Doctor 12,2023-02-25
P2146,Samuel,Green,Doctor 71,2023-02-25
P2266,Jason,Roberts,Doctor 66,2023-02-25
P2273,Laura,Peterson,Doctor 50,2023-02-25
P2274,Jonathan,Scott,Doctor 39,2023-02-25
P0109,Jack,Thompson,Doctor 22,2023-02-26
P0383,Betty,Hill,Doctor 26,2023-02-26
P0460,Jacob,Ramirez,Doctor 85,2023-02-26
P0498,Helen,Watson,Doctor 73,2023-02-26
P0522,Deborah,Kelly,Doctor 47,2023-02-26
P0538,Betty,Phillips,Doctor 37,2023-02-26
P0624,Timothy,Cruz,Doctor 37,2023-02-26
P0760,Frank,Lewis,Doctor 40,2023-02-26
P0831,Ronald,Wood,Doctor 12,2023-02-26
P0972,Brian,Brown,Doctor 84,2023-02-26
P1065,James,Flores,Doctor 18,2023-02-26
P1076,Jessica,Kelly,Doctor 89,2023-02-26
P1128,Betty,Chavez,Doctor 17,2023-02-26
P1195,Jonathan,Campbell,Doctor 65,2023-02-26
P1209,Laura,Jones,Doctor 94,2023-02-26
P1420,Tyler,Baker,Doctor 86,2023-02-26
P1421,Michael,Morris,Doctor 4,2023-02-26
P1443,Nicholas,Edwards,Doctor 54,2023-02-26
P1480,Deborah,Price,Doctor 94,2023-02-26
P1519,Thomas,Price,Doctor 50,2023-02-26
P1663,Michelle,Cox,Doctor 21,2023-02-26
P1756,Emma,Parker,Doctor 32,2023-02-26
P1768,Frank,Hughes,Doctor 7,2023-02-26
P1853,Joshua,Gray,Doctor 74,2023-02-26
P1926,Ronald,Cooper,Doctor 73,2023-02-26
P1957,Benjamin,Allen,Doctor 55,2023-02-26
P1988,Larry,Cruz,Doctor 95,2023-02-26
P2025,Nancy,Lopez,Doctor 36,2023-02-26
P2180,Ryan,Anderson,Doctor 22,2023-02-26
P2259,Sandra,Diaz,Doctor 12,2023-02-26
P0064,Betty,Harris,Doctor 96,2023-02-27
P0110,Sandra,Nguyen,Doctor 25,2023-02-27
P0196,Patricia,Miller,Doctor 54,2023-02-27
P0331,Jennifer,Diaz,Doctor 59,2023-02-27
P0364,Sandra,Cooper,Doctor 34,2023-02-27
P0567,Anthony,Young,Doctor 31,2023-02-27
P0583,Donald,Williams,Doctor 43,2023-02-27
P0730,Patrick,Lopez,Doctor 87,2023-02-27
P0761,Elizabeth,Brown,Doctor 19,2023-02-27
P0831,Ronald,Wood,Doctor 88,2023-02-27
P0855,Charles,Watson,Doctor 36,2023-02-27
P0926,Jacob,Cooper,Doctor 78,2023-02-27
P1108,Michelle,Wright,Doctor 21,2023-02-27
P1286,Karen,Young,Doctor 37,2023-02-27
P1349,Kimberly,Watson,Doctor 17,2023-02-27
P1417,Joseph,Lewis,Doctor 6,2023-02-27
P1575,Robert,Lewis,Doctor 36,2023-02-27
P1585,David,Ramirez,Doctor 8,2023-02-27
P1633,George,King,Doctor 39,2023-02-27
P1673,Brian,Nelson,Doctor 79,2023-02-27
P1704,Deborah,Chavez,Doctor 86,2023-02-27
P1876,Karen,Johnson,Doctor 21,2023-02-27
P1926,Ronald,Cooper,Doctor 73,2023-02-27
P1934,Jonathan,Robinson,Doctor 36,2023-02-27
P1946,Gary,Mitchell,Doctor 2,2023-02-27
P2265,Thomas,Perez,Doctor 57,2023-02-27
P2300,Nancy,Torres,Doctor 59,2023-02-27
P0197,Cynthia,Perez,Doctor 79,2023-02-28
P0225,Donald,Carter,Doctor 82,2023-02-28
P0362,Brian,Sanders,Doctor 63,2023-02-28
P0394,Scott,Lee,Doctor 46,2023-02-28
P0482,Mark,Edwards,Doctor 11,2023-02-28
P0526,Angela,Wilson,Doctor 38,2023-02-28
P0585,Rebecca,Martin,Doctor 67,2023-02-28
P0631,Jason,Miller,Doctor 11,2023-02-28
P0646,Donna,Diaz,Doctor 19,2023-02-28
P0678,Barbara,Roberts,Doctor 58,2023-02-28
P0689,Emma,Gonzalez,Doctor 34,2023-02-28
P0730,Patrick,Lopez,Doctor 36,2023-02-28
P0735,Mary,Martinez,Doctor 94,2023-02-28
P0771,Laura,Wood,Doctor 19,2023-02-28
P0850,Justin,Ramos,Doctor 83,2023-02-28
P1235,Mary,Ortiz,Doctor 60,2023-02-28
P1381,Samuel,Morgan,Doctor 73,2023-02-28
P1390,Eric,King,Doctor 19,2023-02-28
P1419,Anna,Peterson,Doctor 29,2023-02-28
P1498,Helen,Myers,Doctor 90,2023-02-28
P1509,Carol,Wood,Doctor 43,2023-02-28
P1569,Carol,Baker,Doctor 73,2023-02-28
P1787,Sandra,Turner,Doctor 2,2023-02-28
P1828,Aaron,Lopez,Doctor 12,2023-02-28
P1844,Joshua,Bennett,Doctor 100,2023-02-28
P1854,Ruth,Perez,Doctor 46,2023-02-28
P1919,Gregory,Gray,Doctor 68,2023-02-28
P1937,Anthony,Edwards,Doctor 96,2023-02-28
P1970,Mary,Rodriguez,Doctor 61,2023-02-28
P2051,Helen,Thomas,Doctor 15,2023-02-28
P2094,Amy,Rodriguez,Doctor 59,2023-02-28
P0054,Scott,Perez,Doctor 36,2023-03-01
P0161,Melissa,Phillips,Doctor 6,2023-03-01
P0212,Jose,Castillo,Doctor 23,2023-03-01
P0214,Michelle,Stewart,Doctor 4,2023-03-01
P0419,Larry,Martinez,Doctor 10,2023-03-01
P0486,Deborah,Parker,Doctor 21,2023-03-01
P0542,Michael,Nguyen,Doctor 94,2023-03-01
P0629,Helen,Mitchell,Doctor 1,2023-03-01
P0689,Emma,Gonzalez,Doctor 34,2023-03-01
P0783,Ryan,Wood,Doctor 36,2023-03-01
P0874,Thomas,James,Doctor 2,2023-03-01
P0917,Jessica,Torres,Doctor 46,2023-03-01
P0979,Charles,Williams,Doctor 60,2023-03-01
P0979,Charles,Williams,Doctor 60,2023-03-01
P0981,Karen,Patel,Doctor 64,2023-03-01
P1114,Michelle,Ramirez,Doctor 66,2023-03-01
P1288,Jessica,Kim,Doctor 30,2023-03-01
P1292,Jerry,Rodriguez,Doctor 100,2023-03-01
P1460,Christopher,Gonzalez,Doctor 44,2023-03-01
P1669,Joseph,Cooper,Doctor 70,2023-03-01
P1720,Ryan,Alvarez,Doctor 84,2023-03-01
P1753,Ronald,Evans,Doctor 84,2023-03-01
P1774,Helen,Martin,Doctor 23,2023-03-01
P1797,Karen,Carter,Doctor 86,2023-03-01
P1887,Betty,James,Doctor 38,2023-03-01
P1899,Amy,Gonzalez,Doctor 6,2023-03-01
P1953,Linda,Harris,Doctor 11,2023-03-01
P2004,Patrick,Perez,Doctor 92,2023-03-01
P2169,Alexander,Thompson,Doctor 46,2023-03-01
P2182,Carol,Hill,Doctor 27,2023-03-01
P2278,Karen,Martinez,Doctor 30,2023-03-01
P2299,Mary,Wood,Doctor 58,2023-03-01
P0033,Justin,Richardson,Doctor 39,2023-03-02
P0183,Stephen,Brown,Doctor 21,2023-03-02
P0432,Virginia,Evans,Doctor 61,2023-03-02
P0508,Daniel,Moore,Doctor 42,2023-03-02
P0534,Nicholas,Wood,Doctor 65,2023-03-02
P0575,Mark,Morgan,Doctor 44,2023-03-02
P0673,Kathleen,Parker,Doctor 10,2023-03-02
P0675,Rebecca,King,Doctor 44,2023-03-02
P0724,Sarah,Hughes,Doctor 73,2023-03-02
P0732,Joseph,Green,Doctor 6,2023-03-02
P0774,Frank,Johnson,Doctor 62,2023-03-02
P0792,Emma,Ortiz,Doctor 30,2023-03-02
P0949,Aaron,James,Doctor 51,2023-03-02
P1170,Sandra,Baker,Doctor 64,2023-03-02
P1182,Andrew,Peterson,Doctor 25,2023-03-02
P1246,Elizabeth,Hill,Doctor 75,2023-03-02
P1542,Jerry,Sanchez,Doctor 73,2023-03-02
P1626,Helen,Edwards,Doctor 42,2023-03-02
P1699,Jessica,Myers,Doctor 13,2023-03-02
P1855,Kathleen,Rivera,Doctor 43,2023-03-02
P1866,Amy,Rogers,Doctor 78,2023-03-02
P1895,Benjamin,Lewis,Doctor 75,2023-03-02
P1939,Michelle,Moore,Doctor 93,2023-03-02
P2048,Thomas,Patel,Doctor 46,2023-03-02
P2081,Jeffrey,Phillips,Doctor 33,2023-03-02
P2091,Lisa,Reed,Doctor 47,2023-03-02
P2093,Kenneth,Watson,Doctor 50,2023-03-02
P2280,Patricia,Gonzalez,Doctor 61,2023-03-02
P2299,Mary,Wood,Doctor 58,2023-03-02
P2305,Joseph,Miller,Doctor 96,2023-03-02
P0061,Brenda,Torres,Doctor 10,2023-03-03
P0126,Tyler,Gomez,Doctor 93,2023-03-03
P0137,Patricia,Clark,Doctor 44,2023-03-03
P0221,Jerry,Edwards,Doctor 46,2023-03-03
P0253,Laura,Smith,Doctor 76,2023-03-03
P0292,Ruth,Johnson,Doctor 30,2023-03-03
P0299,Aaron,Ward,Doctor 94,2023-03-03
P0304,Melissa,Morgan,Doctor 68,2023-03-03
P0341,Donald,Patel,Doctor 24,2023-03-03
P0368,Jerry,Diaz,Doctor 53,2023-03-03
P0421,Scott,Cruz,Doctor 90,2023-03-03
P0551,Dorothy,Evans,Doctor 89,2023-03-03
P0620,Cynthia,Gray,Doctor 98,2023-03-03
P0808,Kimberly,Reed,Doctor 60,2023-03-03
P1100,Amy,Jackson,Doctor 18,2023-03-03
P1117,Stephen,Thomas,Doctor 15,2023-03-03
P1188,Kathleen,Wood,Doctor 66,2023-03-03
P1456,Deborah,Morris,Doctor 13,2023-03-03
P1485,Christopher,Kelly,Doctor 66,2023-03-03
P1507,Sandra,Martin,Doctor 17,2023-03-03
P1755,Jonathan,Clark,Doctor 22,2023-03-03
P1801,Frank,Carter,Doctor 94,2023-03-03
P1861,Gregory,Phillips,Doctor 67,2023-03-03
P1900,Kenneth,Myers,Doctor 53,2023-03-03
P1910,Michael,Wilson,Doctor 40,2023-03-03
P1954,Jacob,Alvarez,Doctor 58,2023-03-03
P1962,Laura,Morris,Doctor 98,2023-03-03
P1981,Angela,Harris,Doctor 67,2023-03-03
P1993,Brandon,Rodriguez,Doctor 100,2023-03-03
P2085,Aaron,Kim,Doctor 15,2023-03-03
P2107,Stephen,Baker,Doctor 67,2023-03-03
P2261,Angela,Sanders,Doctor 2,2023-03-03
P0041,Benjamin,Sanders,Doctor 27,2023-03-04
P0143,Ryan,Campbell,Doctor 81,2023-03-04
P0306,Gary,Howard,Doctor 83,2023-03-04
P0470,Timothy,Morgan,Doctor 49,2023-03-04
P0564,Larry,Howard,Doctor 99,2023-03-04
P0688,Cynthia,Cook,Doctor 29,2023-03-04
P0758,Andrew,Kim,Doctor 86,2023-03-04
P0835,Christopher,Morgan,Doctor 3,2023-03-04
P0850,Justin,Ramos,Doctor 61,2023-03-04
P0861,Steven,Richardson,Doctor 18,2023-03-04
P0917,Jessica,Torres,Doctor 30,2023-03-04
P0918,Ryan,Taylor,Doctor 37,2023-03-04
P0918,Ryan,Taylor,Doctor 37,2023-03-04
P1020,Aaron,Rivera,Doctor 71,2023-03-04
P1048,Jason,Williams,Doctor 87,2023-03-04
P1064,Brandon,Davis,Doctor 3,2023-03-04
P1132,Tyler,Hall,Doctor 95,2023-03-04
P1354,Jose,White,Doctor 33,2023-03-04
P1387,Nicholas,Castillo,Doctor 95,2023-03-04
P1392,Dorothy,Wilson,Doctor 23,2023-03-04
P1435,Jacob,Myers,Doctor 99,2023-03-04
P1538,Mary,Howard,Doctor 20,2023-03-04
P1580,John,Sanchez,Doctor 25,2023-03-04
P1586,Jose,Nelson,Doctor 73,2023-03-04
P1641,Karen,Davis,Doctor 26,2023-03-04
P1738,Mary,Brooks,Doctor 60,2023-03-04
P2139,Donna,Brown,Doctor 58,2023-03-04
P2184,Thomas,Morris,Doctor 20,2023-03-04
P2276,Dorothy,Castillo,Doctor 87,2023-03-04
P2285,Melissa,Kim,Doctor 32,2023-03-04
P2289,Ryan,Patel,Doctor 97,2023-03-04
P2295,Raymond,Jackson,Doctor 3,2023-03-04
P0105,Timothy,King,Doctor 22,2023-03-05
P0170,Jonathan,Reed,Doctor 55,2023-03-05
P0263,Joseph,Ramos,Doctor 86,2023-03-05
P0319,Sandra,Morales,Doctor 11,2023-03-05
P0423,Sharon,Lewis,Doctor 7,2023-03-05
P0441,Kathleen,Johnson,Doctor 39,2023-03-05
P0467,Jerry,Hall,Doctor 26,2023-03-05
P0583,Donald,Williams,Doctor 79,2023-03-05
P0658,David,Hughes,Doctor 20,2023-03-05
P0968,Patricia,Turner,Doctor 40,2023-03-05
P1051,Sarah,Gray,Doctor 4,2023-03-05
P1052,Michelle,Wood,Doctor 65,2023-03-05
P1080,Kevin,Green,Doctor 45,2023-03-05
P1120,Sharon,Evans,Doctor 65,2023-03-05
P1251,Shirley,Hall,Doctor 21,2023-03-05
P1522,Linda,Parker,Doctor 31,2023-03-05
P1531,Gary,Jones,Doctor 81,2023-03-05
P1636,Carol,Cooper,Doctor 14,2023-03-05
P1674,Jonathan,Williams,Doctor 73,2023-03-05
P1708,Brandon,Mitchell,Doctor 33,2023-03-05
P1721,David,Bailey,Doctor 27,2023-03-05
P1832,Thomas,Torres,Doctor 22,2023-03-05
P1924,Steven,Howard,Doctor 9,2023-03-05
P2071,Helen,Chavez,Doctor 85,2023-03-05
P2115,Susan,Nelson,Doctor 34,2023-03-05
P2116,Tyler,Evans,Doctor 73,2023-03-05
P2126,Jonathan,Gomez,Doctor 25,2023-03-05
P2156,Virginia,Phillips,Doctor 25,2023-03-05
P2248,Sharon,Miller,Doctor 18,2023-03-05
P0130,Kenneth,Kelly,Doctor 19,2023-03-06
P0157,Mary,Campbell,Doctor 10,2023-03-06
P0218,Shirley,Lopez,Doctor 37,2023-03-06
P0287,Donna,Hughes,Doctor 78,2023-03-06
P0294,Dennis,Miller,Doctor 45,2023-03-06
P0308,Barbara,Jackson,Doctor 51,2023-03-06
P0329,Donna,Carter,Doctor 44,2023-03-06
P0397,James,Thompson,Doctor 50,2023-03-06
P0514,Laura,Price,Doctor 4,2023-03-06
P0551,Dorothy,Evans,Doctor 89,2023-03-06
P0580,Timothy,Walker,Doctor 39,2023-03-06
P0616,Eric,Ruiz,Doctor 26,2023-03-06
P0743,Joshua,Sanders,Doctor 26,2023-03-06
P0873,Betty,Turner,Doctor 54,2023-03-06
P0897,Jonathan,Sanders,Doctor 10,2023-03-06
P0939,James,Moore,Doctor 29,2023-03-06
P0954,Michelle,Walker,Doctor 66,2023-03-06
P1105,Joseph,Roberts,Doctor 98,2023-03-06
P1246,Elizabeth,Hill,Doctor 75,2023-03-06
P1394,Jerry,Watson,Doctor 41,2023-03-06
P1514,Sharon,Wilson,Doctor 37,2023-03-06
P1647,Sharon,Gomez,Doctor 77,2023-03-06
P1711,Stephen,Gray,Doctor 78,2023-03-06
P1723,Anthony,Johnson,Doctor 99,2023-03-06
P1741,Jose,Price,Doctor 63,2023-03-06
P1929,Joseph,Carter,Doctor 44,2023-03-06
P1943,John,White,Doctor 69,2023-03-06
P1987,Frank,Garcia,Doctor 17,2023-03-06
P2001,Anna,Murphy,Doctor 75,2023-03-06
P2016,Betty,Nguyen,Doctor 27,2023-03-06
P2052,Jose,Cox,Doctor 30,2023-03-06
P2186,Nancy,Nguyen,Doctor 74,2023-03-06
P2200,Joshua,Castillo,Doctor 39,2023-03-06
P2237,Andrew,Clark,Doctor 41,2023-03-06
P2278,Karen,Martinez,Doctor 30,2023-03-06
P0012,Melissa,Ruiz,Doctor 67,2023-03-07
P0162,Ronald,Brooks,Doctor 82,2023-03-07
P0262,Aaron,Scott,Doctor 54,2023-03-07
P0302,Scott,Phillips,Doctor 67,2023-03-07
P0305,Dorothy,Myers,Doctor 28,2023-03-07
P0424,Nicholas,Mendoza,Doctor 20,2023-03-07
P0455,William,Baker,Doctor 97,2023-03-07
P0462,Virginia,Martinez,Doctor 43,2023-03-07
P0523,John,Cook,Doctor 68,2023-03-07
P0562,Brandon,Watson,Doctor 37,2023-03-07
P0819,Kenneth,Kim,Doctor 58,2023-03-07
P0826,Rebecca,Anderson,Doctor 70,2023-03-07
P1115,Nancy,Price,Doctor 80,2023-03-07
P1144,Eric,Hill,Doctor 31,2023-03-07
P1186,Helen,Harris,Doctor 93,2023-03-07
P1307,Linda,Allen,Doctor 17,2023-03-07
P1319,Benjamin,Martin,Doctor 63,2023-03-07
P1358,Edward,Murphy,Doctor 78,2023-03-07
P1475,George,Richardson,Doctor 9,2023-03-07
P1858,Emma,Patel,Doctor 39,2023-03-07
P1931,Aaron,Green,Doctor 28,2023-03-07
P2061,Angela,Ramos,Doctor 58,2023-03-07
P2145,Stephen,Rodriguez,Doctor 87,2023-03-07
P2181,Larry,Peterson,Doctor 90,2023-03-07
P2240,Michelle,Ramos,Doctor 8,2023-03-07
P0122,Rebecca,Taylor,Doctor 1,2023-03-08
P0219,Sarah,Young,Doctor 88,2023-03-08
P0233,Ruth,White,Doctor 61,2023-03-08
P0293,Deborah,Diaz,Doctor 62,2023-03-08
P0494,Melissa,Miller,Doctor 17,2023-03-08
P0562,Brandon,Watson,Doctor 37,2023-03-08
P0575,Mark,Morgan,Doctor 60,2023-03-08
P0690,Charles,Lee,Doctor 13,2023-03-08
P0690,Charles,Lee,Doctor 33,2023-03-08
P0743,Joshua,Sanders,Doctor 26,2023-03-08
P0840,Aaron,Miller,Doctor 39,2023-03-08
P0929,Barbara,Flores,Doctor 49,2023-03-08
P1045,Donald,Perez,Doctor 14,2023-03-08
P1181,Christopher,Watson,Doctor 7,2023-03-08
P1237,Angela,Torres,Doctor 2,2023-03-08
P1304,Jacob,White,Doctor 25,2023-03-08
P1518,Deborah,Reyes,Doctor 62,2023-03-08
P1615,Emma,Hill,Doctor 76,2023-03-08
P1692,Jose,Gonzalez,Doctor 27,2023-03-08
P1854,Ruth,Perez,Doctor 46,2023-03-08
P1894,Carol,Williams,Doctor 50,2023-03-08
P1896,Jeffrey,Mendoza,Doctor 83,2023-03-08
P1903,Karen,Thomas,Doctor 56,2023-03-08
P1907,Kevin,Cook,Doctor 69,2023-03-08
P1950,Donald,Roberts,Doctor 39,2023-03-08
P1997,Amy,Mitchell,Doctor 90,2023-03-08
P2002,Gregory,Collins,Doctor 62,2023-03-08
P2003,Betty,Cook,Doctor 99,2023-03-08
P2152,Anthony,Morgan,Doctor 28,2023-03-08
P2213,Karen,Perez,Doctor 88,2023-03-08
P2228,Sandra,Sanchez,Doctor 78,2023-03-08
P2275,Justin,Evans,Doctor 28,2023-03-08
P0131,Barbara,Green,Doctor 17,2023-03-09
P0149,Kathleen,Richardson,Doctor 79,2023-03-09
P0227,Ronald,Ruiz,Doctor 95,2023-03-09
P0323,Emma,Robinson,Doctor 68,2023-03-09
P0525,Kimberly,Taylor,Doctor 58,2023-03-09
P0541,Sandra,Alvarez,Doctor 51,2023-03-09
P0554,Sarah,Ortiz,Doctor 51,2023-03-09
P0581,Robert,Miller,Doctor 51,2023-03-09
P0641,Gregory,Campbell,Doctor 51,2023-03-09
P0642,Kenneth,Mendoza,Doctor 75,2023-03-09
P0762,Scott,Carter,Doctor 44,2023-03-09
P0762,Scott,Carter,Doctor 44,2023-03-09
P0829,Justin,Hernandez,Doctor 10,2023-03-09
P0949,Aaron,James,Doctor 6,2023-03-09
P0959,Benjamin,Murphy,Doctor 29,2023-03-09
P0987,Ruth,Turner,Doctor 13,2023-03-09
P0993,Brandon,Reed,Doctor 12,2023-03-09
P1030,Jacob,King,Doctor 74,2023-03-09
P1049,Karen,Anderson,Doctor 70,2023-03-09
P1137,Sharon,Jones,Doctor 57,2023-03-09
P1247,Anna,Cooper,Doctor 55,2023-03-09
P1317,Virginia,Patel,Doctor 20,2023-03-09
P1574,Helen,Bailey,Doctor 10,2023-03-09
P1583,Aaron,Williams,Doctor 92,2023-03-09
P1634,Susan,Gonzalez,Doctor 20,2023-03-09
P1694,Charles,Ramos,Doctor 90,2023-03-09
P1899,Amy,Gonzalez,Doctor 6,2023-03-09
P1988,Larry,Cruz,Doctor 46,2023-03-09
P1994,Carol,Evans,Doctor 3,2023-03-09
P2085,Aaron,Kim,Doctor 15,2023-03-09
P2132,Angela,Baker,Doctor 13,2023-03-09
P2234,Shirley,Lewis,Doctor 19,2023-03-09
P2305,Joseph,Miller,Doctor 96,2023-03-09
P0033,Justin,Richardson,Doctor 30,2023-03-10
P0044,Barbara,Cooper,Doctor 68,2023-03-10
P0094,Mark,Stewart,Doctor 36,2023-03-10
P0241,Thomas,Cruz,Doctor 29,2023-03-10
P0264,Sharon,Rodriguez,Doctor 28,2023-03-10
P0278,Brenda,Lewis,Doctor 51,2023-03-10
P0418,Kimberly,Bennett,Doctor 22,2023-03-10
P0475,Jose,Garcia,Doctor 95,2023-03-10
P0476,Deborah,Jackson,Doctor 65,2023-03-10
P0578,Jack,Robinson,Doctor 44,2023-03-10
P0660,Linda,Reyes,Doctor 66,2023-03-10
P0919,Aaron,Robinson,Doctor 25,2023-03-10
P0931,Stephen,Moore,Doctor 78,2023-03-10
P0945,Sarah,Johnson,Doctor 45,2023-03-10
P0958,Donna,Watson,Doctor 39,2023-03-10
P0991,Donna,Wood,Doctor 91,2023-03-10
P1057,Donna,Rodriguez,Doctor 44,2023-03-10
P1116,Angela,Brown,Doctor 75,2023-03-10
P1228,Linda,Wood,Doctor 20,2023-03-10
P1297,Robert,Turner,Doctor 77,2023-03-10
P1348,Robert,Wright,Doctor 47,2023-03-10
P1455,Gary,Ruiz,Doctor 90,2023-03-10
P1465,Nancy,Murphy,Doctor 85,2023-03-10
P1764,Sandra,Williams,Doctor 94,2023-03-10
P1835,Charles,Miller,Doctor 3,2023-03-10
P1872,Susan,Turner,Doctor 4,2023-03-10
P1882,Jennifer,Green,Doctor 100,2023-03-10
P1899,Amy,Gonzalez,Doctor 6,2023-03-10
P1956,Virginia,Moore,Doctor 77,2023-03-10
P2293,Sarah,Flores,Doctor 11,2023-03-10
P0223,Ronald,Rodriguez,Doctor 62,2023-03-11
P0279,Karen,Martin,Doctor 63,2023-03-11
P0328,Christopher,Garcia,Doctor 80,2023-03-11
P0457,Carol,Hall,Doctor 9,2023-03-11
P0641,Gregory,Campbell,Doctor 51,2023-03-11
P0748,Richard,Watson,Doctor 69,2023-03-11
P0749,Larry,Ruiz,Doctor 35,2023-03-11
P0866,Samuel,Lopez,Doctor 94,2023-03-11
P1087,Angela,Gray,Doctor 42,2023-03-11
P1121,Kathleen,Ruiz,Doctor 21,2023-03-11
P1253,Emma,Flores,Doctor 9,2023-03-11
P1403,Jason,Nelson,Doctor 89,2023-03-11
P1454,Jonathan,Thomas,Doctor 6,2023-03-11
P1481,Jennifer,Bailey,Doctor 23,2023-03-11
P1504,George,Alvarez,Doctor 28,2023-03-11
P1879,Jonathan,Nelson,Doctor 7,2023-03-11
P2027,Shirley,Scott,Doctor 44,2023-03-11
P2061,Angela,Ramos,Doctor 95,2023-03-11
P0067,Jessica,Robinson,Doctor 7,2023-03-12
P0091,Richard,Cruz,Doctor 30,2023-03-12
P0164,Donna,Martinez,Doctor 83,2023-03-12
P0191,Robert,Hill,Doctor 78,2023-03-12
P0197,Cynthia,Perez,Doctor 29,2023-03-12
P0240,Alexander,Wilson,Doctor 10,2023-03-12
P0345,Carol,Mendoza,Doctor 80,2023-03-12
P0397,James,Thompson,Doctor 50,2023-03-12
P0421,Scott,Cruz,Doctor 90,2023-03-12
P0566,Matthew,Lopez,Doctor 40,2023-03-12
P0699,Karen,Diaz,Doctor 64,2023-03-12
P0756,Betty,Myers,Doctor 63,2023-03-12
P0866,Samuel,Lopez,Doctor 36,2023-03-12
P1056,Timothy,Harris,Doctor 9,2023-03-12
P1195,Jonathan,Campbell,Doctor 45,2023-03-12
P1205,Kenneth,Wilson,Doctor 39,2023-03-12
P1250,Charles,King,Doctor 1,2023-03-12
P1261,John,Jackson,Doctor 44,2023-03-12
P1280,David,Jones,Doctor 82,2023-03-12
P1281,Ruth,Roberts,Doctor 66,2023-03-12
P1302,Laura,Miller,Doctor 15,2023-03-12
P1395,Karen,Lee,Doctor 26,2023-03-12
P1563,Angela,Patel,Doctor 20,2023-03-12
P1601,Helen,Sanchez,Doctor 100,2023-03-12
P1603,Jerry,Turner,Doctor 72,2023-03-12
P1646,Virginia,Hernandez,Doctor 25,2023-03-12
P1696,Raymond,Cox,Doctor 35,2023-03-12
P1699,Jessica,Myers,Doctor 34,2023-03-12
P1775,Dennis,Thomas,Doctor 68,2023-03-12
P1889,Amy,Adams,Doctor 99,2023-03-12
P1891,Dennis,Bennett,Doctor 73,2023-03-12
P1897,Mary,Richardson,Doctor 18,2023-03-12
P1905,Laura,Thompson,Doctor 73,2023-03-12
P1915,Justin,Nelson,Doctor 98,2023-03-12
P2052,Jose,Cox,Doctor 86,2023-03-12
P2148,Ryan,Martin,Doctor 68,2023-03-12
P2165,Ruth,Castillo,Doctor 51,2023-03-12
P2211,Frank,Allen,Doctor 69,2023-03-12
P2227,Betty,Thomas,Doctor 8,2023-03-12
P2244,Jacob,Martinez,Doctor 85,2023-03-12
P0079,Jennifer,Evans,Doctor 24,2023-03-13
P0096,Kimberly,Flores,Doctor 67,2023-03-13
P0114,Anna,Smith,Doctor 72,2023-03-13
P0117,Eric,Brown,Doctor 39,2023-03-13
P0438,Gary,Collins,Doctor 19,2023-03-13
P0469,Patricia,Harris,Doctor 91,2023-03-13
P0589,Lisa,Mitchell,Doctor 45,2023-03-13
P0661,Charles,Rodriguez,Doctor 90,2023-03-13
P0677,Christopher,Mitchell,Doctor 39,2023-03-13
P0694,Stephen,Martin,Doctor 20,2023-03-13
P0708,Stephen,Peterson,Doctor 59,2023-03-13
P0727,Deborah,Williams,Doctor 10,2023-03-13
P0816,Lisa,Smith,Doctor 89,2023-03-13
P0853,Karen,Sanchez,Doctor 92,2023-03-13
P0897,Jonathan,Sanders,Doctor 41,2023-03-13
P0957,Sarah,Price,Doctor 17,2023-03-13
P1038,Edward,Chavez,Doctor 18,2023-03-13
P1161,Nancy,Anderson,Doctor 65,2023-03-13
P1252,Donna,Morales,Doctor 91,2023-03-13
P1515,Edward,Turner,Doctor 52,2023-03-13
P1557,Michelle,Taylor,Doctor 28,2023-03-13
P1583,Aaron,Williams,Doctor 92,2023-03-13
P1598,Jack,Smith,Doctor 20,2023-03-13
P1676,Aaron,Evans,Doctor 72,2023-03-13
P1716,Aaron,Turner,Doctor 26,2023-03-13
P1718,Anthony,Mendoza,Doctor 64,2023-03-13
P1761,Anthony,Moore,Doctor 37,2023-03-13
P1834,Benjamin,Wilson,Doctor 71,2023-03-13
P1843,James,Clark,Doctor 61,2023-03-13
P2039,Patrick,Ward,Doctor 22,2023-03-13
P2176,Michael,Turner,Doctor 85,2023-03-13
P2180,Ryan,Anderson,Doctor 22,2023-03-13
P2192,Sarah,Harris,Doctor 49,2023-03-13
P2193,Nancy,Campbell,Doctor 18,2023-03-13
P2222,John,Myers,Doctor 22,2023-03-13
P2275,Justin,Evans,Doctor 72,2023-03-13
P0091,Richard,Cruz,Doctor 30,2023-03-14
P0094,Mark,Stewart,Doctor 69,2023-03-14
P0473,Mary,Jackson,Doctor 90,2023-03-14
P0572,Jose,Lewis,Doctor 83,2023-03-14
P0647,Angela,Carter,Doctor 88,2023-03-14
P0681,Anthony,Brooks,Doctor 12,2023-03-14
P0894,Deborah,Mendoza,Doctor 54,2023-03-14
P0978,Emma,Davis,Doctor 26,2023-03-14
P1031,Donna,Ruiz,Doctor 37,2023-03-14
P1100,Amy,Jackson,Doctor 18,2023-03-14
P1156,Kevin,Murphy,Doctor 93,2023-03-14
P1157,James,Edwards,Doctor 99,2023-03-14
P1201,Mark,Sanchez,Doctor 73,2023-03-14
P1308,James,Martinez,Doctor 54,2023-03-14
P1500,Virginia,Jones,Doctor 77,2023-03-14
P1590,Aaron,Ramirez,Doctor 45,2023-03-14
P1600,John,Bailey,Doctor 38,2023-03-14
P1713,Helen,Sanders,Doctor 97,2023-03-14
P1745,Cynthia,Ruiz,Doctor 61,2023-03-14
P1766,Donna,Wilson,Doctor 40,2023-03-14
P1802,Matthew,Young,Doctor 23,2023-03-14
P1826,Shirley,Howard,Doctor 66,2023-03-14
P2080,Ruth,Harris,Doctor 6,2023-03-14
P2105,Mary,Gonzalez,Doctor 34,2023-03-14
P2225,Kevin,Mendoza,Doctor 51,2023-03-14
P2293,Sarah,Flores,Doctor 11,2023-03-14
P0102,Barbara,Robinson,Doctor 60,2023-03-15
P0117,Eric,Brown,Doctor 57,2023-03-15
P0300,Linda,Campbell,Doctor 79,2023-03-15
P0370,Benjamin,Wood,Doctor 87,2023-03-15
P0445,Joseph,Walker,Doctor 70,2023-03-15
P0449,Rebecca,Murphy,Doctor 18,2023-03-15
P0477,Larry,Myers,Doctor 78,2023-03-15
P0482,Mark,Edwards,Doctor 50,2023-03-15
P0633,Jacob,Roberts,Doctor 30,2023-03-15
P0666,James,Gomez,Doctor 97,2023-03-15
P0679,Ruth,Morris,Doctor 62,2023-03-15
P0786,Sharon,Reed,Doctor 46,2023-03-15
P0787,Donna,Chavez,Doctor 18,2023-03-15
P0811,Melissa,Gutierrez,Doctor 38,2023-03-15
P0895,Timothy,Reed,Doctor 93,2023-03-15
P0929,Barbara,Flores,Doctor 82,2023-03-15
P1071,Nicholas,Lopez,Doctor 89,2023-03-15
P1135,Justin,Allen,Doctor 85,2023-03-15
P1239,Kimberly,Baker,Doctor 7,2023-03-15
P1250,Charles,King,Doctor 1,2023-03-15
P1386,Carol,Jones,Doctor 87,2023-03-15
P1594,Ruth,Ward,Doctor 37,2023-03-15
P1605,Stephen,Turner,Doctor 12,2023-03-15
P1691,Jennifer,Sanchez,Doctor 96,2023-03-15
P1695,Karen,Cook,Doctor 64,2023-03-15
P1781,Anna,Adams,Doctor 78,2023-03-15
P1797,Karen,Carter,Doctor 86,2023-03-15
P1859,Joshua,Martin,Doctor 52,2023-03-15
P1906,Sharon,Davis,Doctor 24,2023-03-15
P2073,Joshua,Morris,Doctor 12,2023-03-15
P2204,Nancy,Ramirez,Doctor 4,2023-03-15
P2218,Joseph,Harris,Doctor 51,2023-03-15
P2262,Carol,Rodriguez,Doctor 50,2023-03-15
P2290,Kevin,Nguyen,Doctor 79,2023-03-15
P0011,Joshua,Turner,Doctor 24,2023-03-16
P0056,Christopher,Roberts,Doctor 11,2023-03-16
P0107,John,Green,Doctor 63,2023-03-16
P0152,Gregory,Anderson,Doctor 51,2023-03-16
P0176,Laura,Anderson,Doctor 10,2023-03-16
P0248,Samuel,Kim,Doctor 30,2023-03-16
P0340,Dorothy,Chavez,Doctor 19,2023-03-16
P0384,Anthony,Reyes,Doctor 66,2023-03-16
P0414,Tyler,Castillo,Doctor 95,2023-03-16
P0418,Kimberly,Bennett,Doctor 22,2023-03-16
P0566,Matthew,Lopez,Doctor 40,2023-03-16
P0589,Lisa,Mitchell,Doctor 45,2023-03-16
P0609,Susan,Hernandez,Doctor 73,2023-03-16
P0905,Jacob,Taylor,Doctor 21,2023-03-16
P1122,Helen,Morris,Doctor 71,2023-03-16
P1220,Tyler,Rogers,Doctor 89,2023-03-16
P1326,Melissa,Nguyen,Doctor 36,2023-03-16
P1330,Ryan,Thomas,Doctor 43,2023-03-16
P1341,Nicholas,Ruiz,Doctor 36,2023-03-16
P1441,Ryan,Rogers,Doctor 7,2023-03-16
P1659,Kenneth,Walker,Doctor 40,2023-03-16
P1680,Scott,Collins,Doctor 78,2023-03-16
P1748,Frank,King,Doctor 9,2023-03-16
P1750,Mary,Murphy,Doctor 100,2023-03-16
P2074,Dorothy,Bennett,Doctor 62,2023-03-16
P2172,Brandon,Roberts,Doctor 96,2023-03-16
P2192,Sarah,Harris,Doctor 27,2023-03-16
P2289,Ryan,Patel,Doctor 97,2023-03-16
P0002,Michelle,Williams,Doctor 7,2023-03-17
P0040,Michelle,Adams,Doctor 76,2023-03-17
P0048,Patrick,Chavez,Doctor 71,2023-03-17
P0071,Stephen,Stewart,Doctor 32,2023-03-17
P0181,Sarah,Cox,Doctor 91,2023-03-17
P0182,Cynthia,Ortiz,Doctor 60,2023-03-17
P0309,Thomas,Myers,Doctor 18,2023-03-17
P0337,David,Collins,Doctor 41,2023-03-17
P0415,Jessica,Wood,Doctor 54,2023-03-17
P0448,Nancy,Carter,Doctor 89,2023-03-17
P0502,Emma,Cook,Doctor 65,2023-03-17
P0645,Donald,Martin,Doctor 86,2023-03-17
P0715,Charles,Nelson,Doctor 18,2023-03-17
P0782,Virginia,Walker,Doctor 58,2023-03-17
P0806,Jessica,Martinez,Doctor 86,2023-03-17
P0891,Linda,Gonzalez,Doctor 72,2023-03-17
P0956,Gregory,Rivera,Doctor 39,2023-03-17
P0967,Shirley,Chavez,Doctor 47,2023-03-17
P0978,Emma,Davis,Doctor 26,2023-03-17
P0985,Deborah,Johnson,Doctor 37,2023-03-17
P1051,Sarah,Gray,Doctor 4,2023-03-17
P1051,Sarah,Gray,Doctor 4,2023-03-17
P1127,James,Ruiz,Doctor 43,2023-03-17
P1199,Dennis,Walker,Doctor 10,2023-03-17
P1284,John,Walker,Doctor 41,2023-03-17
P1438,Laura,Parker,Doctor 95,2023-03-17
P1452,Helen,Baker,Doctor 56,2023-03-17
P1472,Gregory,Chavez,Doctor 63,2023-03-17
P1528,Brandon,Robinson,Doctor 26,2023-03-17
P1561,Ryan,Torres,Doctor 7,2023-03-17
P1605,Stephen,Turner,Doctor 12,2023-03-17
P1609,Ruth,Myers,Doctor 87,2023-03-17
P1732,Sarah,Turner,Doctor 75,2023-03-17
P1769,Justin,Anderson,Doctor 68,2023-03-17
P1772,Melissa,Lopez,Doctor 90,2023-03-17
P1856,Nicholas,Williams,Doctor 22,2023-03-17
P1885,James,Lewis,Doctor 31,2023-03-17
P2019,Edward,Flores,Doctor 99,2023-03-17
P2084,Jonathan,Adams,Doctor 61,2023-03-17
P2093,Kenneth,Watson,Doctor 50,2023-03-17
P2100,Deborah,Castillo,Doctor 16,2023-03-17
P2109,Jacob,Thompson,Doctor 33,2023-03-17
P2144,Nancy,Morgan,Doctor 88,2023-03-17
P2171,Gary,Myers,Doctor 2,2023-03-17
P0022,Laura,Collins,Doctor 48,2023-03-18
P0106,James,Taylor,Doctor 58,2023-03-18
P0173,Barbara,Evans,Doctor 78,2023-03-18
P0195,Deborah,Stewart,Doctor 92,2023-03-18
P0220,Daniel,Garcia,Doctor 36,2023-03-18
P0228,Michael,Ward,Doctor 53,2023-03-18
P0386,Andrew,Rogers,Doctor 64,2023-03-18
P0393,Edward,Rodriguez,Doctor 70,2023-03-18
P0488,Michelle,Robinson,Doctor 91,2023-03-18
P0664,Thomas,Moore,Doctor 39,2023-03-18
P0706,Sandra,Phillips,Doctor 83,2023-03-18
P0899,Brandon,Martin,Doctor 58,2023-03-18
P0937,Angela,James,Doctor 21,2023-03-18
P0956,Gregory,Rivera,Doctor 39,2023-03-18
P1111,Betty,Howard,Doctor 45,2023-03-18
P1260,Sarah,Ramirez,Doctor 47,2023-03-18
P1638,Mark,Castillo,Doctor 22,2023-03-18
P1754,John,Flores,Doctor 50,2023-03-18
P1801,Frank,Carter,Doctor 88,2023-03-18
P1873,Laura,Kelly,Doctor 46,2023-03-18
P1944,Dorothy,Cook,Doctor 34,2023-03-18
P1951,Gregory,Young,Doctor 34,2023-03-18
P2002,Gregory,Collins,Doctor 62,2023-03-18
P2024,Deborah,Cruz,Doctor 63,2023-03-18
P2029,Sharon,Patel,Doctor 32,2023-03-18
P2156,Virginia,Phillips,Doctor 25,2023-03-18
P2173,Helen,Morgan,Doctor 40,2023-03-18
P0013,Scott,Harris,Doctor 4,2023-03-19
P0030,Anthony,Phillips,Doctor 12,2023-03-19
P0184,Samuel,Ortiz,Doctor 40,2023-03-19
P0256,Jeffrey,Parker,Doctor 69,2023-03-19
P0311,Elizabeth,Stewart,Doctor 22,2023-03-19
P0423,Sharon,Lewis,Doctor 7,2023-03-19
P0473,Mary,Jackson,Doctor 95,2023-03-19
P0759,Susan,Hughes,Doctor 29,2023-03-19
P0787,Donna,Chavez,Doctor 39,2023-03-19
P0848,William,Peterson,Doctor 3,2023-03-19
P0907,Karen,Adams,Doctor 37,2023-03-19
P1006,George,Morris,Doctor 44,2023-03-19
P1098,David,Scott,Doctor 1,2023-03-19
P1469,Sandra,King,Doctor 91,2023-03-19
P1601,Helen,Sanchez,Doctor 100,2023-03-19
P1724,Carol,Flores,Doctor 21,2023-03-19
P1751,Alexander,Howard,Doctor 49,2023-03-19
P1768,Frank,Hughes,Doctor 7,2023-03-19
P1796,Andrew,Parker,Doctor 56,2023-03-19
P1887,Betty,James,Doctor 38,2023-03-19
P2019,Edward,Flores,Doctor 99,2023-03-19
P2034,Daniel,Rivera,Doctor 71,2023-03-19
P2071,Helen,Chavez,Doctor 85,2023-03-19
P2123,Carol,Morris,Doctor 76,2023-03-19
P2284,Linda,Myers,Doctor 39,2023-03-19
P2286,Deborah,Richardson,Doctor 23,2023-03-19
P2291,Jacob,Allen,Doctor 54,2023-03-19
P2294,Shirley,Clark,Doctor 11,2023-03-19
P2305,Joseph,Miller,Doctor 96,2023-03-19
P0035,Raymond,White,Doctor 48,2023-03-20
P0124,Frank,Rogers,Doctor 51,2023-03-20
P0153,Michelle,Cruz,Doctor 64,2023-03-20
P0256,Jeffrey,Parker,Doctor 69,2023-03-20
P0408,Ruth,Brooks,Doctor 76,2023-03-20
P0525,Kimberly,Taylor,Doctor 58,2023-03-20
P0696,Justin,White,Doctor 57,2023-03-20
P0731,Donald,Bennett,Doctor 8,2023-03-20
P0792,Emma,Ortiz,Doctor 39,2023-03-20
P0892,Michelle,Clark,Doctor 41,2023-03-20
P1079,Jessica,Ortiz,Doctor 81,2023-03-20
P1425,Sarah,Ramos,Doctor 69,2023-03-20
P1647,Sharon,Gomez,Doctor 5,2023-03-20
P1938,Joseph,Young,Doctor 25,2023-03-20
P0053,Jerry,Young,Doctor 33,2023-03-21
P0070,Shirley,Gonzalez,Doctor 77,2023-03-21
P0113,Robert,Brooks,Doctor 84,2023-03-21
P0160,Deborah,Morgan,Doctor 77,2023-03-21
P0162,Ronald,Brooks,Doctor 82,2023-03-21
P0292,Ruth,Johnson,Doctor 30,2023-03-21
P0390,Jack,Collins,Doctor 40,2023-03-21
P0512,Laura,Campbell,Doctor 14,2023-03-21
P0640,Richard,Wood,Doctor 55,2023-03-21
P0643,Ronald,Mendoza,Doctor 46,2023-03-21
P0658,David,Hughes,Doctor 36,2023-03-21
P0663,Linda,Taylor,Doctor 25,2023-03-21
P0675,Rebecca,King,Doctor 86,2023-03-21
P0789,Jack,Perez,Doctor 8,2023-03-21
P0868,Gary,Morales,Doctor 89,2023-03-21
P0882,Helen,Perez,Doctor 96,2023-03-21
P0895,Timothy,Reed,Doctor 93,2023-03-21
P0996,Carol,Howard,Doctor 86,2023-03-21
P1056,Timothy,Harris,Doctor 9,2023-03-21
P1073,Andrew,Thompson,Doctor 72,2023-03-21
P1145,Sarah,Nelson,Doctor 17,2023-03-21
P1294,William,Jackson,Doctor 87,2023-03-21
P1377,George,Watson,Doctor 2,2023-03-21
P1422,Kenneth,Hill,Doctor 16,2023-03-21
P1612,Brenda,Myers,Doctor 84,2023-03-21
P1838,Samuel,Gutierrez,Doctor 98,2023-03-21
P1911,Shirley,Ward,Doctor 92,2023-03-21
P1955,Sarah,Sanchez,Doctor 42,2023-03-21
P0038,Alexander,Jackson,Doctor 22,2023-03-22
P0045,Thomas,Rogers,Doctor 72,2023-03-22
P0115,Rebecca,Phillips,Doctor 8,2023-03-22
P0163,Nicholas,Watson,Doctor 91,2023-03-22
P0239,Sarah,Williams,Doctor 9,2023-03-22
P0240,Alexander,Wilson,Doctor 81,2023-03-22
P0524,Patricia,Jackson,Doctor 72,2023-03-22
P0549,Susan,King,Doctor 11,2023-03-22
P0576,Nicholas,Cruz,Doctor 98,2023-03-22
P0601,Steven,Cooper,Doctor 20,2023-03-22
P0732,Joseph,Green,Doctor 6,2023-03-22
P0859,Aaron,Ramos,Doctor 68,2023-03-22
P0878,Jason,Baker,Doctor 5,2023-03-22
P0973,Lisa,Campbell,Doctor 8,2023-03-22
P1020,Aaron,Rivera,Doctor 41,2023-03-22
P1049,Karen,Anderson,Doctor 70,2023-03-22
P1187,Samuel,Diaz,Doctor 78,2023-03-22
P1248,Christopher,Price,Doctor 37,2023-03-22
P1259,Jose,Sanchez,Doctor 21,2023-03-22
P1327,Alexander,Castillo,Doctor 51,2023-03-22
P1329,Kathleen,Castillo,Doctor 45,2023-03-22
P1383,Ruth,Wood,Doctor 3,2023-03-22
P1598,Jack,Smith,Doctor 20,2023-03-22
P1615,Emma,Hill,Doctor 90,2023-03-22
P1639,Eric,Allen,Doctor 65,2023-03-22
P1650,Laura,Moore,Doctor 63,2023-03-22
P1657,James,Green,Doctor 23,2023-03-22
P1686,Alexander,Kelly,Doctor 54,2023-03-22
P1704,Deborah,Chavez,Doctor 86,2023-03-22
P1746,Linda,Lewis,Doctor 92,2023-03-22
P1916,Edward,Jackson,Doctor 51,2023-03-22
P1923,Nancy,Johnson,Doctor 86,2023-03-22
P1933,Mary,Sanders,Doctor 70,2023-03-22
P2075,Tyler,Ortiz,Doctor 19,2023-03-22
P2237,Andrew,Clark,Doctor 77,2023-03-22
P0015,Betty,Richardson,Doctor 29,2023-03-23
P0384,Anthony,Reyes,Doctor 66,2023-03-23
P0397,James,Thompson,Doctor 50,2023-03-23
P0447,Barbara,Lewis,Doctor 11,2023-03-23
P0467,Jerry,Hall,Doctor 26,2023-03-23
P0593,Timothy,Thomas,Doctor 94,2023-03-23
P0711,Jonathan,Gutierrez,Doctor 5,2023-03-23
P0989,Andrew,Morris,Doctor 83,2023-03-23
P1005,Barbara,Smith,Doctor 32,2023-03-23
P1234,Larry,Brown,Doctor 43,2023-03-23
P1247,Anna,Cooper,Doctor 65,2023-03-23
P1473,Kevin,Hernandez,Doctor 72,2023-03-23
P1543,Brian,Hughes,Doctor 59,2023-03-23
P1570,Jessica,Diaz,Doctor 62,2023-03-23
P1576,Timothy,Roberts,Doctor 67,2023-03-23
P1614,Brian,Scott,Doctor 19,2023-03-23
P1629,Amy,Watson,Doctor 33,2023-03-23
P1658,Laura,Johnson,Doctor 46,2023-03-23
P1747,Timothy,Ramos,Doctor 22,2023-03-23
P1785,Susan,Diaz,Doctor 46,2023-03-23
P1868,Nancy,Richardson,Doctor 68,2023-03-23
P1945,Ruth,Gutierrez,Doctor 43,2023-03-23
P1948,Scott,Reed,Doctor 13,2023-03-23
P2065,Tyler,Cooper,Doctor 28,2023-03-23
P2115,Susan,Nelson,Doctor 92,2023-03-23
P2155,Kimberly,Ortiz,Doctor 80,2023-03-23
P0086,Karen,Myers,Doctor 33,2023-03-24
P0103,Matthew,Bennett,Doctor 72,2023-03-24
P0158,David,James,Doctor 23,2023-03-24
P0250,Lisa,Carter,Doctor 18,2023-03-24
P0507,Lisa,Ramos,Doctor 50,2023-03-24
P0512,Laura,Campbell,Doctor 28,2023-03-24
P0887,Sarah,Murphy,Doctor 6,2023-03-24
P1187,Samuel,Diaz,Doctor 78,2023-03-24
P1190,Alexander,Hill,Doctor 99,2023-03-24
P1209,Laura,Jones,Doctor 94,2023-03-24
P1289,Benjamin,Kelly,Doctor 83,2023-03-24
P1327,Alexander,Castillo,Doctor 54,2023-03-24
P1367,Alexander,Carter,Doctor 8,2023-03-24
P1372,Christopher,Sanchez,Doctor 46,2023-03-24
P1421,Michael,Morris,Doctor 4,2023-03-24
P1520,Benjamin,Gutierrez,Doctor 5,2023-03-24
P1543,Brian,Hughes,Doctor 59,2023-03-24
P1576,Timothy,Roberts,Doctor 48,2023-03-24
P1595,Brenda,Carter,Doctor 28,2023-03-24
P1628,Raymond,James,Doctor 11,2023-03-24
P1664,Jessica,Taylor,Doctor 50,2023-03-24
P1670,Dennis,Parker,Doctor 66,2023-03-24
P1801,Frank,Carter,Doctor 88,2023-03-24
P1896,Jeffrey,Mendoza,Doctor 83,2023-03-24
P1957,Benjamin,Allen,Doctor 55,2023-03-24
P1989,Gregory,Ortiz,Doctor 12,2023-03-24
P2014,Sandra,Scott,Doctor 83,2023-03-24
P2198,Brian,Moore,Doctor 59,2023-03-24
P2232,Kimberly,Edwards,Doctor 37,2023-03-24
P2267,Sandra,Martinez,Doctor 96,2023-03-24
P0123,Brenda,White,Doctor 28,2023-03-25
P0308,Barbara,Jackson,Doctor 66,2023-03-25
P0382,Karen,Cooper,Doctor 48,2023-03-25
P0427,David,Wilson,Doctor 57,2023-03-25
P0451,Rebecca,Kelly,Doctor 64,2023-03-25
P0554,Sarah,Ortiz,Doctor 51,2023-03-25
P0699,Karen,Diaz,Doctor 64,2023-03-25
P0778,Patrick,Scott,Doctor 75,2023-03-25
P0798,Sandra,Hall,Doctor 23,2023-03-25
P0835,Christopher,Morgan,Doctor 3,2023-03-25
P0849,Emma,Stewart,Doctor 66,2023-03-25
P0896,Michelle,Morris,Doctor 100,2023-03-25
P0989,Andrew,Morris,Doctor 83,2023-03-25
P1083,Sarah,Morales,Doctor 40,2023-03-25
P1188,Kathleen,Wood,Doctor 99,2023-03-25
P1247,Anna,Cooper,Doctor 32,2023-03-25
P1362,Jacob,Green,Doctor 44,2023-03-25
P1505,Frank,Rodriguez,Doctor 57,2023-03-25
P1507,Sandra,Martin,Doctor 17,2023-03-25
P1571,Thomas,Nguyen,Doctor 67,2023-03-25
P1646,Virginia,Hernandez,Doctor 70,2023-03-25
P1678,Stephen,Morris,Doctor 87,2023-03-25
P1791,Christopher,Taylor,Doctor 34,2023-03-25
P1885,James,Lewis,Doctor 31,2023-03-25
P1953,Linda,Harris,Doctor 47,2023-03-25
P2146,Samuel,Green,Doctor 50,2023-03-25
P2296,Dorothy,Harris,Doctor 12,2023-03-25
P2305,Joseph,Miller,Doctor 85,2023-03-25
P0008,Barbara,Campbell,Doctor 38,2023-03-26
P0226,Brian,Anderson,Doctor 24,2023-03-26
P0262,Aaron,Scott,Doctor 22,2023-03-26
P0280,Lisa,Hughes,Doctor 23,2023-03-26
P0399,Alexander,Edwards,Doctor 100,2023-03-26
P0653,Andrew,Wright,Doctor 30,2023-03-26
P0732,Joseph,Green,Doctor 6,2023-03-26
P0760,Frank,Lewis,Doctor 40,2023-03-26
P0796,Jennifer,Parker,Doctor 78,2023-03-26
P0821,Brandon,Nelson,Doctor 60,2023-03-26
P0850,Justin,Ramos,Doctor 61,2023-03-26
P1040,Mary,Scott,Doctor 50,2023-03-26
P1073,Andrew,Thompson,Doctor 4,2023-03-26
P1170,Sandra,Baker,Doctor 41,2023-03-26
P1296,Kenneth,Flores,Doctor 90,2023-03-26
P1316,Gary,Thomas,Doctor 2,2023-03-26
P1383,Ruth,Wood,Doctor 3,2023-03-26
P1407,Michael,Scott,Doctor 24,2023-03-26
P1413,Amy,Ortiz,Doctor 22,2023-03-26
P1470,Scott,Ruiz,Doctor 19,2023-03-26
P1532,Betty,Murphy,Doctor 81,2023-03-26
P1627,Jessica,Ward,Doctor 69,2023-03-26
P1659,Kenneth,Walker,Doctor 40,2023-03-26
P1705,Dennis,Lopez,Doctor 33,2023-03-26
P1740,Dennis,Harris,Doctor 19,2023-03-26
P1804,Donna,Clark,Doctor 53,2023-03-26
P1869,Kimberly,Mitchell,Doctor 59,2023-03-26
P1948,Scott,Reed,Doctor 81,2023-03-26
P2133,William,Ruiz,Doctor 12,2023-03-26
P2255,Eric,Mitchell,Doctor 48,2023-03-26
P0051,Scott,Edwards,Doctor 24,2023-03-27
P0051,Scott,Edwards,Doctor 62,2023-03-27
P0129,Deborah,Ramirez,Doctor 29,2023-03-27
P0145,Sarah,Chavez,Doctor 82,2023-03-27
P0183,Stephen,Brown,Doctor 67,2023-03-27
P0226,Brian,Anderson,Doctor 24,2023-03-27
P0231,Benjamin,Parker,Doctor 76,2023-03-27
P0277,Nancy,Davis,Doctor 30,2023-03-27
P0402,Patricia,Bennett,Doctor 4,2023-03-27
P0468,Raymond,Hill,Doctor 45,2023-03-27
P0503,Gary,Wood,Doctor 70,2023-03-27
P0573,William,Gray,Doctor 85,2023-03-27
P0573,William,Gray,Doctor 85,2023-03-27
P0612,Anthony,Ward,Doctor 83,2023-03-27
P0655,Betty,Gutierrez,Doctor 23,2023-03-27
P0673,Kathleen,Parker,Doctor 10,2023-03-27
P0730,Patrick,Lopez,Doctor 33,2023-03-27
P0799,Elizabeth,Ward,Doctor 99,2023-03-27
P0852,Jason,Richardson,Doctor 11,2023-03-27
P0860,John,Cox,Doctor 78,2023-03-27
P1015,Alexander,Ramirez,Doctor 30,2023-03-27
P1033,Angela,Johnson,Doctor 42,2023-03-27
P1056,Timothy,Harris,Doctor 19,2023-03-27
P1093,Sharon,Wright,Doctor 48,2023-03-27
P1318,Sarah,Robinson,Doctor 63,2023-03-27
P1447,Eric,Bennett,Doctor 78,2023-03-27
P1451,Lisa,Rivera,Doctor 96,2023-03-27
P1481,Jennifer,Bailey,Doctor 23,2023-03-27
P1566,Donald,Wright,Doctor 95,2023-03-27
P1601,Helen,Sanchez,Doctor 100,2023-03-27
P1619,Anthony,Nelson,Doctor 82,2023-03-27
P1688,Sharon,Mendoza,Doctor 80,2023-03-27
P1763,Donna,Cox,Doctor 86,2023-03-27
P1764,Sandra,Williams,Doctor 94,2023-03-27
P1765,George,Price,Doctor 26,2023-03-27
P1812,Donna,Moore,Doctor 66,2023-03-27
P1823,Emma,Roberts,Doctor 39,2023-03-27
P1917,Larry,Alvarez,Doctor 71,2023-03-27
P1999,Andrew,Garcia,Doctor 99,2023-03-27
P2054,Dennis,Johnson,Doctor 62,2023-03-27
P2096,Emma,Jackson,Doctor 31,2023-03-27
P2205,Laura,Lewis,Doctor 87,2023-03-27
P2284,Linda,Myers,Doctor 39,2023-03-27
P2290,Kevin,Nguyen,Doctor 79,2023-03-27
P0027,Sarah,Diaz,Doctor 61,2023-03-28
P0150,Cynthia,Flores,Doctor 61,2023-03-28
P0260,Angela,Nelson,Doctor 42,2023-03-28
P0351,Emma,Jones,Doctor 81,2023-03-28
P0409,Barbara,Brooks,Doctor 40,2023-03-28
P0516,Sandra,Roberts,Doctor 32,2023-03-28
P0584,Donald,Hughes,Doctor 83,2023-03-28
P0625,Charles,Hall,Doctor 95,2023-03-28
P0658,David,Hughes,Doctor 36,2023-03-28
P0783,Ryan,Wood,Doctor 36,2023-03-28
P0870,Thomas,Young,Doctor 32,2023-03-28
P0883,Jacob,Campbell,Doctor 57,2023-03-28
P0985,Deborah,Johnson,Doctor 56,2023-03-28
P1185,Brenda,Murphy,Doctor 53,2023-03-28
P1211,Jessica,Green,Doctor 95,2023-03-28
P1246,Elizabeth,Hill,Doctor 41,2023-03-28
P1436,Jack,Cooper,Doctor 6,2023-03-28
P1533,David,Ortiz,Doctor 58,2023-03-28
P1740,Dennis,Harris,Doctor 19,2023-03-28
P1740,Dennis,Harris,Doctor 36,2023-03-28
P1742,Timothy,Patel,Doctor 25,2023-03-28
P1817,Jose,Jackson,Doctor 35,2023-03-28
P1928,Barbara,Carter,Doctor 79,2023-03-28
P2076,Patrick,Watson,Doctor 25,2023-03-28
P2166,Sarah,Lewis,Doctor 62,2023-03-28
P2197,Nancy,Gray,Doctor 68,2023-03-28
P2222,John,Myers,Doctor 22,2023-03-28
P0080,Donna,Parker,Doctor 6,2023-03-29
P0156,Sharon,Carter,Doctor 96,2023-03-29
P0159,Brandon,Cook,Doctor 77,2023-03-29
P0368,Jerry,Diaz,Doctor 53,2023-03-29
P0402,Patricia,Bennett,Doctor 4,2023-03-29
P0405,Amy,Reed,Doctor 8,2023-03-29
P0410,Amy,Thompson,Doctor 72,2023-03-29
P0416,Kimberly,Ramos,Doctor 96,2023-03-29
P0522,Deborah,Kelly,Doctor 47,2023-03-29
P0529,Daniel,Richardson,Doctor 52,2023-03-29
P0565,Jeffrey,Perez,Doctor 96,2023-03-29
P0577,Jessica,Thompson,Doctor 7,2023-03-29
P0753,Donald,Cruz,Doctor 99,2023-03-29
P0771,Laura,Wood,Doctor 19,2023-03-29
P0873,Betty,Turner,Doctor 54,2023-03-29
P0942,Alexander,White,Doctor 80,2023-03-29
P0969,Deborah,White,Doctor 91,2023-03-29
P0984,Robert,Baker,Doctor 25,2023-03-29
P1093,Sharon,Wright,Doctor 48,2023-03-29
P1103,Carol,Scott,Doctor 20,2023-03-29
P1153,Charles,Cook,Doctor 99,2023-03-29
P1234,Larry,Brown,Doctor 43,2023-03-29
P1477,Lisa,Thompson,Doctor 47,2023-03-29
P1539,Mary,Phillips,Doctor 82,2023-03-29
P1983,Edward,Hernandez,Doctor 22,2023-03-29
P2140,Benjamin,Wright,Doctor 97,2023-03-29
P2232,Kimberly,Edwards,Doctor 37,2023-03-29
P0008,Barbara,Campbell,Doctor 38,2023-03-30
P0067,Jessica,Robinson,Doctor 7,2023-03-30
P0122,Rebecca,Taylor,Doctor 62,2023-03-30
P0229,Sandra,Lopez,Doctor 57,2023-03-30
P0230,Michelle,Anderson,Doctor 54,2023-03-30
P0324,Michael,Ramos,Doctor 29,2023-03-30
P0329,Donna,Carter,Doctor 44,2023-03-30
P0350,Michelle,Mendoza,Doctor 9,2023-03-30
P0398,Timothy,James,Doctor 69,2023-03-30
P0428,Ronald,Walker,Doctor 51,2023-03-30
P0483,David,Thompson,Doctor 41,2023-03-30
P0511,Sarah,Green,Doctor 70,2023-03-30
P0815,Jerry,Hill,Doctor 12,2023-03-30
P0843,Susan,Morales,Doctor 81,2023-03-30
P0865,Anthony,Ramos,Doctor 62,2023-03-30
P0870,Thomas,Young,Doctor 32,2023-03-30
P1025,Mary,Miller,Doctor 55,2023-03-30
P1084,Ruth,Howard,Doctor 27,2023-03-30
P1141,Donna,Williams,Doctor 61,2023-03-30
P1152,Gary,Patel,Doctor 95,2023-03-30
P1210,Kimberly,Ward,Doctor 74,2023-03-30
P1274,Robert,Taylor,Doctor 46,2023-03-30
P1287,Shirley,Baker,Doctor 86,2023-03-30
P1352,Timothy,Lee,Doctor 32,2023-03-30
P1359,Patricia,Brooks,Doctor 39,2023-03-30
P1402,Laura,Taylor,Doctor 83,2023-03-30
P1429,Robert,Hernandez,Doctor 36,2023-03-30
P1500,Virginia,Jones,Doctor 68,2023-03-30
P1503,Helen,Wright,Doctor 48,2023-03-30
P1583,Aaron,Williams,Doctor 92,2023-03-30
P1650,Laura,Moore,Doctor 63,2023-03-30
P1666,Matthew,Ruiz,Doctor 53,2023-03-30
P1811,Donna,Nelson,Doctor 35,2023-03-30
P1866,Amy,Rogers,Doctor 78,2023-03-30
P1881,Jacob,Gomez,Doctor 30,2023-03-30
P1899,Amy,Gonzalez,Doctor 49,2023-03-30
P1997,Amy,Mitchell,Doctor 31,2023-03-30
P2020,Virginia,Gonzalez,Doctor 22,2023-03-30
P2293,Sarah,Flores,Doctor 16,2023-03-30
P0045,Thomas,Rogers,Doctor 67,2023-03-31
P0096,Kimberly,Flores,Doctor 67,2023-03-31
P0134,James,Torres,Doctor 64,2023-03-31
P0192,Jack,Mitchell,Doctor 63,2023-03-31
P0200,Raymond,Williams,Doctor 9,2023-03-31
P0266,Dorothy,Gonzalez,Doctor 35,2023-03-31
P0586,Dorothy,James,Doctor 92,2023-03-31
P0661,Charles,Rodriguez,Doctor 90,2023-03-31
P0691,William,Sanders,Doctor 58,2023-03-31
P0693,Michelle,Parker,Doctor 7,2023-03-31
P0703,Betty,Patel,Doctor 63,2023-03-31
P0909,Benjamin,Turner,Doctor 50,2023-03-31
P0928,Jonathan,Martin,Doctor 72,2023-03-31
P0942,Alexander,White,Doctor 42,2023-03-31
P0963,Benjamin,Stewart,Doctor 40,2023-03-31
P1105,Joseph,Roberts,Doctor 98,2023-03-31
P1119,Patricia,Murphy,Doctor 61,2023-03-31
P1170,Sandra,Baker,Doctor 81,2023-03-31
P1202,James,Ramirez,Doctor 86,2023-03-31
P1437,Helen,Castillo,Doctor 40,2023-03-31
P1481,Jennifer,Bailey,Doctor 47,2023-03-31
P1704,Deborah,Chavez,Doctor 16,2023-03-31
P2053,Nicholas,Ortiz,Doctor 70,2023-03-31
P2143,Gary,Williams,Doctor 15,2023-03-31
P2192,Sarah,Harris,Doctor 65,2023-03-31
P2239,Jonathan,Morris,Doctor 56,2023-03-31
P2247,Stephen,Mitchell,Doctor 57,2023-03-31
P0006,Joseph,Diaz,Doctor 58,2023-04-01
P0249,Kathleen,Turner,Doctor 17,2023-04-01
P0289,Lisa,Cooper,Doctor 25,2023-04-01
P0373,Samuel,Chavez,Doctor 50,2023-04-01
P0492,Christopher,Martin,Doctor 51,2023-04-01
P0505,Shirley,Parker,Doctor 94,2023-04-01
P0555,Kimberly,Richardson,Doctor 54,2023-04-01
P0696,Justin,White,Doctor 57,2023-04-01
P0754,Virginia,Morgan,Doctor 35,2023-04-01
P0780,Laura,White,Doctor 3,2023-04-01
P0923,Emma,White,Doctor 11,2023-04-01
P0973,Lisa,Campbell,Doctor 8,2023-04-01
P0999,Ronald,Miller,Doctor 8,2023-04-01
P1003,Emma,Wood,Doctor 52,2023-04-01
P1224,Jerry,Torres,Doctor 91,2023-04-01
P1232,Christopher,Brown,Doctor 44,2023-04-01
P1303,Brenda,Ortiz,Doctor 47,2023-04-01
P1345,Melissa,Thomas,Doctor 6,2023-04-01
P1519,Thomas,Price,Doctor 36,2023-04-01
P1610,Sandra,Edwards,Doctor 73,2023-04-01
P1825,Justin,Peterson,Doctor 87,2023-04-01
P1842,Anthony,White,Doctor 92,2023-04-01
P1905,Laura,Thompson,Doctor 73,2023-04-01
P1966,Aaron,Anderson,Doctor 68,2023-04-01
P2046,George,Walker,Doctor 28,2023-04-01
P2126,Jonathan,Gomez,Doctor 34,2023-04-01
P2196,Larry,Sanders,Doctor 66,2023-04-01
P2261,Angela,Sanders,Doctor 2,2023-04-01
P0021,Daniel,Kim,Doctor 61,2023-04-02
P0172,Donna,Scott,Doctor 84,2023-04-02
P0246,Stephen,Howard,Doctor 44,2023-04-02
P0539,Carol,Ward,Doctor 29,2023-04-02
P0600,Andrew,Martinez,Doctor 95,2023-04-02
P0613,Mark,Alvarez,Doctor 82,2023-04-02
P0766,Tyler,Wilson,Doctor 87,2023-04-02
P0771,Laura,Wood,Doctor 19,2023-04-02
P0794,Nancy,Green,Doctor 72,2023-04-02
P0807,Eric,Bailey,Doctor 46,2023-04-02
P0849,Emma,Stewart,Doctor 27,2023-04-02
P0851,Jerry,Garcia,Doctor 1,2023-04-02
P0872,Virginia,Davis,Doctor 46,2023-04-02
P0946,Jonathan,Collins,Doctor 61,2023-04-02
P1027,Melissa,Martinez,Doctor 19,2023-04-02
P1124,Nancy,Bennett,Doctor 94,2023-04-02
P1172,Angela,Cook,Doctor 43,2023-04-02
P1217,Rebecca,Bennett,Doctor 83,2023-04-02
P1283,Robert,Parker,Doctor 68,2023-04-02
P1377,George,Watson,Doctor 2,2023-04-02
P1494,Jennifer,Carter,Doctor 66,2023-04-02
P1769,Justin,Anderson,Doctor 68,2023-04-02
P1842,Anthony,White,Doctor 92,2023-04-02
P1999,Andrew,Garcia,Doctor 99,2023-04-02
P2042,Larry,Nguyen,Doctor 4,2023-04-02
P2291,Jacob,Allen,Doctor 100,2023-04-02
P0264,Sharon,Rodriguez,Doctor 28,2023-04-03
P0295,Daniel,Taylor,Doctor 76,2023-04-03
P0339,Charles,Cox,Doctor 35,2023-04-03
P0353,Jonathan,Bailey,Doctor 45,2023-04-03
P0474,James,Ramos,Doctor 64,2023-04-03
P0526,Angela,Wilson,Doctor 38,2023-04-03
P0595,Jonathan,Kelly,Doctor 44,2023-04-03
P0655,Betty,Gutierrez,Doctor 33,2023-04-03
P0704,Susan,Alvarez,Doctor 55,2023-04-03
P0770,Eric,Smith,Doctor 77,2023-04-03
P0805,Jerry,Williams,Doctor 21,2023-04-03
P0848,William,Peterson,Doctor 3,2023-04-03
P0880,Timothy,Scott,Doctor 25,2023-04-03
P0903,Deborah,Edwards,Doctor 59,2023-04-03
P0973,Lisa,Campbell,Doctor 8,2023-04-03
P0976,Benjamin,Taylor,Doctor 85,2023-04-03
P0997,Stephen,Adams,Doctor 28,2023-04-03
P1012,Rebecca,Gonzalez,Doctor 63,2023-04-03
P1071,Nicholas,Lopez,Doctor 81,2023-04-03
P1080,Kevin,Green,Doctor 29,2023-04-03
P1256,Jessica,Cox,Doctor 78,2023-04-03
P1527,Jonathan,Hill,Doctor 10,2023-04-03
P1617,Patricia,Mitchell,Doctor 22,2023-04-03
P1629,Amy,Watson,Doctor 24,2023-04-03
P1631,Jonathan,Brown,Doctor 97,2023-04-03
P1638,Mark,Castillo,Doctor 22,2023-04-03
P1698,Karen,Ward,Doctor 86,2023-04-03
P1713,Helen,Sanders,Doctor 42,2023-04-03
P1720,Ryan,Alvarez,Doctor 84,2023-04-03
P1747,Timothy,Ramos,Doctor 22,2023-04-03
P1846,Gregory,Hall,Doctor 79,2023-04-03
P1967,Ronald,Moore,Doctor 43,2023-04-03
P1981,Angela,Harris,Doctor 67,2023-04-03
P2034,Daniel,Rivera,Doctor 71,2023-04-03
P2038,Benjamin,Hughes,Doctor 100,2023-04-03
P2068,Aaron,Hall,Doctor 60,2023-04-03
P2204,Nancy,Ramirez,Doctor 4,2023-04-03
P2273,Laura,Peterson,Doctor 83,2023-04-03
P0024,Timothy,Hernandez,Doctor 2,2023-04-04
P0030,Anthony,Phillips,Doctor 12,2023-04-04
P0086,Karen,Myers,Doctor 33,2023-04-04
P0108,Eric,Carter,Doctor 92,2023-04-04
P0129,Deborah,Ramirez,Doctor 29,2023-04-04
P0181,Sarah,Cox,Doctor 59,2023-04-04
P0242,Joseph,Ruiz,Doctor 42,2023-04-04
P0289,Lisa,Cooper,Doctor 25,2023-04-04
P0331,Jennifer,Diaz,Doctor 59,2023-04-04
P0340,Dorothy,Chavez,Doctor 38,2023-04-04
P0344,Emma,Ruiz,Doctor 47,2023-04-04
P0366,James,Lopez,Doctor 49,2023-04-04
P0388,Jeffrey,Hall,Doctor 51,2023-04-04
P0478,Lisa,Reyes,Doctor 53,2023-04-04
P0544,Donna,Hall,Doctor 46,2023-04-04
P0631,Jason,Miller,Doctor 39,2023-04-04
P0745,Scott,Rodriguez,Doctor 30,2023-04-04
P0810,Deborah,Carter,Doctor 95,2023-04-04
P1006,George,Morris,Doctor 44,2023-04-04
P1064,Brandon,Davis,Doctor 10,2023-04-04
P1076,Jessica,Kelly,Doctor 95,2023-04-04
P1100,Amy,Jackson,Doctor 98,2023-04-04
P1189,Michael,Rivera,Doctor 43,2023-04-04
P1224,Jerry,Torres,Doctor 81,2023-04-04
P1340,Nancy,James,Doctor 65,2023-04-04
P1426,Brandon,Ortiz,Doctor 99,2023-04-04
P1444,Christopher,James,Doctor 38,2023-04-04
P1610,Sandra,Edwards,Doctor 73,2023-04-04
P1738,Mary,Brooks,Doctor 25,2023-04-04
P1770,Helen,Wilson,Doctor 62,2023-04-04
P1801,Frank,Carter,Doctor 24,2023-04-04
P1828,Aaron,Lopez,Doctor 43,2023-04-04
P2177,Brenda,Walker,Doctor 55,2023-04-04
P0006,Joseph,Diaz,Doctor 5,2023-04-05
P0054,Scott,Perez,Doctor 36,2023-04-05
P0183,Stephen,Brown,Doctor 12,2023-04-05
P0185,Amy,Moore,Doctor 10,2023-04-05
P0199,Aaron,Baker,Doctor 39,2023-04-05
P0319,Sandra,Morales,Doctor 11,2023-04-05
P0388,Jeffrey,Hall,Doctor 51,2023-04-05
P0572,Jose,Lewis,Doctor 83,2023-04-05
P0580,Timothy,Walker,Doctor 39,2023-04-05
P0598,Kimberly,Davis,Doctor 8,2023-04-05
P0656,Donald,Robinson,Doctor 59,2023-04-05
P0660,Linda,Reyes,Doctor 66,2023-04-05
P0782,Virginia,Walker,Doctor 5,2023-04-05
P0967,Shirley,Chavez,Doctor 47,2023-04-05
P1045,Donald,Perez,Doctor 14,2023-04-05
P1050,Lisa,Sanchez,Doctor 30,2023-04-05
P1065,James,Flores,Doctor 18,2023-04-05
P1126,David,Kelly,Doctor 97,2023-04-05
P1282,Rebecca,Lopez,Doctor 78,2023-04-05
P1337,George,Gomez,Doctor 53,2023-04-05
P1353,Sandra,Rivera,Doctor 96,2023-04-05
P1443,Nicholas,Edwards,Doctor 54,2023-04-05
P1552,Ronald,Williams,Doctor 68,2023-04-05
P1563,Angela,Patel,Doctor 52,2023-04-05
P1650,Laura,Moore,Doctor 90,2023-04-05
P1719,Cynthia,Phillips,Doctor 27,2023-04-05
P1815,Mark,Turner,Doctor 20,2023-04-05
P1870,Ryan,Castillo,Doctor 67,2023-04-05
P1896,Jeffrey,Mendoza,Doctor 36,2023-04-05
P1902,Brenda,Price,Doctor 58,2023-04-05
P1921,Donald,Castillo,Doctor 18,2023-04-05
P1923,Nancy,Johnson,Doctor 86,2023-04-05
P1967,Ronald,Moore,Doctor 43,2023-04-05
P1981,Angela,Harris,Doctor 67,2023-04-05
P2046,George,Walker,Doctor 28,2023-04-05
P0043,Nancy,Cruz,Doctor 15,2023-04-06
P0071,Stephen,Stewart,Doctor 53,2023-04-06
P0074,Emma,Gutierrez,Doctor 85,2023-04-06
P0146,Sandra,Richardson,Doctor 25,2023-04-06
P0289,Lisa,Cooper,Doctor 79,2023-04-06
P0300,Linda,Campbell,Doctor 68,2023-04-06
P0329,Donna,Carter,Doctor 44,2023-04-06
P0341,Donald,Patel,Doctor 33,2023-04-06
P0346,Kathleen,Hughes,Doctor 62,2023-04-06
P0440,Nancy,Kim,Doctor 29,2023-04-06
P0655,Betty,Gutierrez,Doctor 33,2023-04-06
P0722,Virginia,Sanders,Doctor 4,2023-04-06
P0755,Kathleen,Harris,Doctor 95,2023-04-06
P0829,Justin,Hernandez,Doctor 10,2023-04-06
P0911,Richard,Hughes,Doctor 77,2023-04-06
P0957,Sarah,Price,Doctor 48,2023-04-06
P1011,Jason,Hughes,Doctor 100,2023-04-06
P1044,Justin,Robinson,Doctor 61,2023-04-06
P1081,George,Ortiz,Doctor 11,2023-04-06
P1085,Eric,Adams,Doctor 31,2023-04-06
P1162,Ryan,Roberts,Doctor 41,2023-04-06
P1275,Gary,Gray,Doctor 20,2023-04-06
P1381,Samuel,Morgan,Doctor 73,2023-04-06
P1494,Jennifer,Carter,Doctor 52,2023-04-06
P1613,Betty,Cruz,Doctor 62,2023-04-06
P1702,Mary,Wilson,Doctor 37,2023-04-06
P1744,George,Stewart,Doctor 8,2023-04-06
P1779,Rebecca,Ortiz,Doctor 57,2023-04-06
P1835,Charles,Miller,Doctor 3,2023-04-06
P1880,Michael,Davis,Doctor 100,2023-04-06
P1923,Nancy,Johnson,Doctor 98,2023-04-06
P2099,Joshua,Garcia,Doctor 71,2023-04-06
P2120,Laura,Nguyen,Doctor 54,2023-04-06
P2285,Melissa,Kim,Doctor 29,2023-04-06
P0009,Kimberly,Lewis,Doctor 91,2023-04-07
P0075,Dennis,Ruiz,Doctor 91,2023-04-07
P0266,Dorothy,Gonzalez,Doctor 35,2023-04-07
P0459,Jerry,King,Doctor 27,2023-04-07
P0710,Anna,Edwards,Doctor 78,2023-04-07
P0899,Brandon,Martin,Doctor 58,2023-04-07
P0979,Charles,Williams,Doctor 60,2023-04-07
P1118,Nancy,Edwards,Doctor 12,2023-04-07
P1222,Larry,Jones,Doctor 43,2023-04-07
P1232,Christopher,Brown,Doctor 44,2023-04-07
P1240,Shirley,James,Doctor 21,2023-04-07
P1282,Rebecca,Lopez,Doctor 78,2023-04-07
P1352,Timothy,Lee,Doctor 32,2023-04-07
P1677,Jack,Wood,Doctor 54,2023-04-07
P1759,Kimberly,Anderson,Doctor 66,2023-04-07
P1785,Susan,Diaz,Doctor 21,2023-04-07
P1813,Laura,Jackson,Doctor 32,2023-04-07
P1839,Gary,Scott,Doctor 31,2023-04-07
P1924,Steven,Howard,Doctor 9,2023-04-07
P2128,Andrew,Reyes,Doctor 21,2023-04-07
P2184,Thomas,Morris,Doctor 53,2023-04-07
P2263,Robert,Campbell,Doctor 71,2023-04-07
P2263,Robert,Campbell,Doctor 48,2023-04-07
P2300,Nancy,Torres,Doctor 59,2023-04-07
P0005,Kimberly,Scott,Doctor 84,2023-04-08
P0045,Thomas,Rogers,Doctor 77,2023-04-08
P0158,David,James,Doctor 23,2023-04-08
P0261,Nancy,Collins,Doctor 2,2023-04-08
P0273,David,Anderson,Doctor 78,2023-04-08
P0278,Brenda,Lewis,Doctor 58,2023-04-08
P0293,Deborah,Diaz,Doctor 47,2023-04-08
P0482,Mark,Edwards,Doctor 6,2023-04-08
P0547,Ronald,Anderson,Doctor 35,2023-04-08
P0759,Susan,Hughes,Doctor 20,2023-04-08
P0827,Jacob,Richardson,Doctor 51,2023-04-08
P0837,Mark,Torres,Doctor 54,2023-04-08
P0865,Anthony,Ramos,Doctor 62,2023-04-08
P1040,Mary,Scott,Doctor 50,2023-04-08
P1075,Sharon,Gonzalez,Doctor 29,2023-04-08
P1112,Christopher,Nguyen,Doctor 81,2023-04-08
P1116,Angela,Brown,Doctor 28,2023-04-08
P1350,Alexander,Watson,Doctor 98,2023-04-08
P1364,Ruth,Allen,Doctor 43,2023-04-08
P1399,Sharon,Castillo,Doctor 16,2023-04-08
P1653,Deborah,Rodriguez,Doctor 26,2023-04-08
P1707,Alexander,Adams,Doctor 51,2023-04-08
P1771,Jason,Chavez,Doctor 66,2023-04-08
P1784,Melissa,Cook,Doctor 61,2023-04-08
P1821,Larry,Richardson,Doctor 11,2023-04-08
P1825,Justin,Peterson,Doctor 87,2023-04-08
P1912,Sarah,Baker,Doctor 27,2023-04-08
P1962,Laura,Morris,Doctor 98,2023-04-08
P1980,Sandra,Stewart,Doctor 62,2023-04-08
P1988,Larry,Cruz,Doctor 46,2023-04-08
P2105,Mary,Gonzalez,Doctor 100,2023-04-08
P2143,Gary,Williams,Doctor 15,2023-04-08
P2147,Michelle,Collins,Doctor 6,2023-04-08
P2187,Robert,Davis,Doctor 88,2023-04-08
P0092,Stephen,James,Doctor 91,2023-04-09
P0147,Lisa,Wood,Doctor 69,2023-04-09
P0180,Jason,Rivera,Doctor 89,2023-04-09
P0420,Thomas,Castillo,Doctor 32,2023-04-09
P0450,Brandon,Collins,Doctor 84,2023-04-09
P0506,Joshua,Ortiz,Doctor 18,2023-04-09
P0575,Mark,Morgan,Doctor 60,2023-04-09
P0735,Mary,Martinez,Doctor 23,2023-04-09
P0806,Jessica,Martinez,Doctor 86,2023-04-09
P0933,Joseph,Rogers,Doctor 14,2023-04-09
P0986,Carol,Clark,Doctor 23,2023-04-09
P1172,Angela,Cook,Doctor 85,2023-04-09
P1186,Helen,Harris,Doctor 93,2023-04-09
P1192,Sandra,Moore,Doctor 68,2023-04-09
P1279,Jerry,Robinson,Doctor 100,2023-04-09
P1403,Jason,Nelson,Doctor 89,2023-04-09
P1413,Amy,Ortiz,Doctor 51,2023-04-09
P1424,Jerry,Baker,Doctor 74,2023-04-09
P1516,Raymond,Garcia,Doctor 26,2023-04-09
P1538,Mary,Howard,Doctor 20,2023-04-09
P1556,Cynthia,Lewis,Doctor 34,2023-04-09
P1615,Emma,Hill,Doctor 47,2023-04-09
P1797,Karen,Carter,Doctor 86,2023-04-09
P1833,Linda,Hughes,Doctor 5,2023-04-09
P1852,Brian,Lewis,Doctor 11,2023-04-09
P2000,Elizabeth,Thomas,Doctor 30,2023-04-09
P2102,Nicholas,Nguyen,Doctor 97,2023-04-09
P2209,Betty,Smith,Doctor 17,2023-04-09
P2275,Justin,Evans,Doctor 72,2023-04-09
P0051,Scott,Edwards,Doctor 14,2023-04-10
P0203,Laura,King,Doctor 37,2023-04-10
P0210,Larry,Thomas,Doctor 63,2023-04-10
P0333,Deborah,Anderson,Doctor 24,2023-04-10
P0432,Virginia,Evans,Doctor 61,2023-04-10
P0473,Mary,Jackson,Doctor 73,2023-04-10
P0484,Brandon,Carter,Doctor 57,2023-04-10
P0682,Karen,Reed,Doctor 45,2023-04-10
P0817,Dennis,White,Doctor 62,2023-04-10
P1069,Justin,Brown,Doctor 99,2023-04-10
P1334,Anna,Reed,Doctor 53,2023-04-10
P1390,Eric,King,Doctor 19,2023-04-10
P1399,Sharon,Castillo,Doctor 4,2023-04-10
P1405,Kimberly,Robinson,Doctor 71,2023-04-10
P1528,Brandon,Robinson,Doctor 34,2023-04-10
P1640,James,Chavez,Doctor 38,2023-04-10
P1659,Kenneth,Walker,Doctor 40,2023-04-10
P1684,Emma,Price,Doctor 38,2023-04-10
P1799,Eric,Lee,Doctor 79,2023-04-10
P1827,Christopher,Miller,Doctor 83,2023-04-10
P1841,Kimberly,Walker,Doctor 10,2023-04-10
P1900,Kenneth,Myers,Doctor 53,2023-04-10
P1931,Aaron,Green,Doctor 6,2023-04-10
P1935,Elizabeth,Price,Doctor 52,2023-04-10
P2011,Timothy,Cook,Doctor 18,2023-04-10
P2163,Samuel,Garcia,Doctor 69,2023-04-10
P0159,Brandon,Cook,Doctor 77,2023-04-11
P0168,Cynthia,Baker,Doctor 54,2023-04-11
P0197,Cynthia,Perez,Doctor 29,2023-04-11
P0503,Gary,Wood,Doctor 70,2023-04-11
P0565,Jeffrey,Perez,Doctor 96,2023-04-11
P0700,John,Allen,Doctor 39,2023-04-11
P0729,Raymond,Robinson,Doctor 5,2023-04-11
P0817,Dennis,White,Doctor 62,2023-04-11
P0938,Cynthia,Jackson,Doctor 28,2023-04-11
P1022,Brandon,Turner,Doctor 65,2023-04-11
P1228,Linda,Wood,Doctor 20,2023-04-11
P1261,John,Jackson,Doctor 44,2023-04-11
P1307,Linda,Allen,Doctor 17,2023-04-11
P1332,Joshua,Parker,Doctor 75,2023-04-11
P1343,Betty,White,Doctor 23,2023-04-11
P1397,Thomas,Carter,Doctor 74,2023-04-11
P1531,Gary,Jones,Doctor 96,2023-04-11
P1603,Jerry,Turner,Doctor 50,2023-04-11
P1612,Brenda,Myers,Doctor 84,2023-04-11
P1735,Patricia,Mendoza,Doctor 28,2023-04-11
P1761,Anthony,Moore,Doctor 37,2023-04-11
P1775,Dennis,Thomas,Doctor 68,2023-04-11
P1818,Helen,Rogers,Doctor 53,2023-04-11
P1825,Justin,Peterson,Doctor 87,2023-04-11
P1957,Benjamin,Allen,Doctor 55,2023-04-11
P2053,Nicholas,Ortiz,Doctor 70,2023-04-11
P2109,Jacob,Thompson,Doctor 34,2023-04-11
P2193,Nancy,Campbell,Doctor 99,2023-04-11
P2239,Jonathan,Morris,Doctor 56,2023-04-11
P2291,Jacob,Allen,Doctor 100,2023-04-11
P0005,Kimberly,Scott,Doctor 28,2023-04-12
P0035,Raymond,White,Doctor 95,2023-04-12
P0077,Karen,Hughes,Doctor 36,2023-04-12
P0141,Deborah,Scott,Doctor 8,2023-04-12
P0268,Ronald,Alvarez,Doctor 49,2023-04-12
P0346,Kathleen,Hughes,Doctor 62,2023-04-12
P0358,Aaron,Rodriguez,Doctor 64,2023-04-12
P0358,Aaron,Rodriguez,Doctor 64,2023-04-12
P0434,Laura,Ortiz,Doctor 33,2023-04-12
P0585,Rebecca,Martin,Doctor 59,2023-04-12
P0591,Laura,Bennett,Doctor 46,2023-04-12
P0599,Ruth,Evans,Doctor 71,2023-04-12
P0602,Rebecca,Hill,Doctor 28,2023-04-12
P0757,Betty,Lewis,Doctor 40,2023-04-12
P0762,Scott,Carter,Doctor 44,2023-04-12
P0901,Sandra,Rogers,Doctor 64,2023-04-12
P0996,Carol,Howard,Doctor 86,2023-04-12
P1037,Kimberly,Alvarez,Doctor 80,2023-04-12
P1120,Sharon,Evans,Doctor 43,2023-04-12
P1130,Emma,Moore,Doctor 83,2023-04-12
P1346,Sharon,Rogers,Doctor 29,2023-04-12
P1401,David,Lewis,Doctor 73,2023-04-12
P1498,Helen,Myers,Doctor 90,2023-04-12
P1529,Christopher,Ramirez,Doctor 4,2023-04-12
P1570,Jessica,Diaz,Doctor 62,2023-04-12
P1580,John,Sanchez,Doctor 25,2023-04-12
P1617,Patricia,Mitchell,Doctor 22,2023-04-12
P1620,Rebecca,Stewart,Doctor 5,2023-04-12
P1679,Benjamin,Diaz,Doctor 64,2023-04-12
P1983,Edward,Hernandez,Doctor 60,2023-04-12
P2079,Patrick,Kim,Doctor 50,2023-04-12
P2168,Anthony,Flores,Doctor 22,2023-04-12
P2194,Larry,Hernandez,Doctor 47,2023-04-12
P2207,Charles,Wood,Doctor 52,2023-04-12
P0009,Kimberly,Lewis,Doctor 91,2023-04-13
P0026,Joshua,Scott,Doctor 88,2023-04-13
P0034,Joseph,Nelson,Doctor 30,2023-04-13
P0101,Rebecca,Nelson,Doctor 95,2023-04-13
P0157,Mary,Campbell,Doctor 10,2023-04-13
P0432,Virginia,Evans,Doctor 61,2023-04-13
P0470,Timothy,Morgan,Doctor 68,2023-04-13
P0509,Tyler,Scott,Doctor 71,2023-04-13
P0670,John,Cruz,Doctor 82,2023-04-13
P0718,Carol,Wilson,Doctor 54,2023-04-13
P0809,Nicholas,Myers,Doctor 59,2023-04-13
P0864,Jessica,Turner,Doctor 17,2023-04-13
P0961,Brian,Gomez,Doctor 61,2023-04-13
P0961,Brian,Gomez,Doctor 61,2023-04-13
P0969,Deborah,White,Doctor 91,2023-04-13
P0980,Daniel,Campbell,Doctor 73,2023-04-13
P1020,Aaron,Rivera,Doctor 61,2023-04-13
P1047,Ryan,Kelly,Doctor 90,2023-04-13
P1195,Jonathan,Campbell,Doctor 94,2023-04-13
P1235,Mary,Ortiz,Doctor 60,2023-04-13
P1300,Jerry,Smith,Doctor 80,2023-04-13
P1323,Frank,White,Doctor 72,2023-04-13
P1449,James,Allen,Doctor 3,2023-04-13
P1533,David,Ortiz,Doctor 58,2023-04-13
P1706,Amy,Diaz,Doctor 90,2023-04-13
P1830,Carol,Edwards,Doctor 4,2023-04-13
P1847,John,Baker,Doctor 3,2023-04-13
P1956,Virginia,Moore,Doctor 82,2023-04-13
P1959,Karen,Kelly,Doctor 99,2023-04-13
P2156,Virginia,Phillips,Doctor 90,2023-04-13
P2223,Michelle,Garcia,Doctor 84,2023-04-13
P2273,Laura,Peterson,Doctor 52,2023-04-13
P0023,Donna,Myers,Doctor 40,2023-04-14
P0103,Matthew,Bennett,Doctor 63,2023-04-14
P0404,Michelle,Rogers,Doctor 56,2023-04-14
P0408,Ruth,Brooks,Doctor 76,2023-04-14
P0424,Nicholas,Mendoza,Doctor 20,2023-04-14
P0499,James,Young,Doctor 37,2023-04-14
P0579,Timothy,Gonzalez,Doctor 96,2023-04-14
P0595,Jonathan,Kelly,Doctor 24,2023-04-14
P0637,Justin,King,Doctor 15,2023-04-14
P0698,Patricia,Thompson,Doctor 75,2023-04-14
P0795,Patrick,Torres,Doctor 97,2023-04-14
P0835,Christopher,Morgan,Doctor 3,2023-04-14
P0867,Kimberly,Green,Doctor 32,2023-04-14
P0887,Sarah,Murphy,Doctor 92,2023-04-14
P0913,Brian,Rodriguez,Doctor 95,2023-04-14
P1022,Brandon,Turner,Doctor 65,2023-04-14
P1046,Carol,Thomas,Doctor 25,2023-04-14
P1134,Ryan,Perez,Doctor 11,2023-04-14
P1174,Dorothy,White,Doctor 97,2023-04-14
P1186,Helen,Harris,Doctor 82,2023-04-14
P1366,Andrew,Price,Doctor 55,2023-04-14
P1527,Jonathan,Hill,Doctor 10,2023-04-14
P1535,Betty,Gonzalez,Doctor 25,2023-04-14
P1594,Ruth,Ward,Doctor 37,2023-04-14
P1735,Patricia,Mendoza,Doctor 28,2023-04-14
P1803,Sandra,Kelly,Doctor 7,2023-04-14
P1823,Emma,Roberts,Doctor 39,2023-04-14
P1924,Steven,Howard,Doctor 9,2023-04-14
P1976,Edward,White,Doctor 47,2023-04-14
P2148,Ryan,Martin,Doctor 52,2023-04-14
P2187,Robert,Davis,Doctor 23,2023-04-14
P2256,Sarah,Carter,Doctor 16,2023-04-14
P2260,Nancy,Ramos,Doctor 85,2023-04-14
P2274,Jonathan,Scott,Doctor 39,2023-04-14
P2300,Nancy,Torres,Doctor 59,2023-04-14
P0036,Karen,Chavez,Doctor 48,2023-04-15
P0039,Deborah,Campbell,Doctor 27,2023-04-15
P0052,Sandra,Patel,Doctor 53,2023-04-15
P0170,Jonathan,Reed,Doctor 32,2023-04-15
P0211,Andrew,Morgan,Doctor 31,2023-04-15
P0211,Andrew,Morgan,Doctor 94,2023-04-15
P0250,Lisa,Carter,Doctor 18,2023-04-15
P0344,Emma,Ruiz,Doctor 47,2023-04-15
P0447,Barbara,Lewis,Doctor 11,2023-04-15
P0653,Andrew,Wright,Doctor 45,2023-04-15
P0878,Jason,Baker,Doctor 78,2023-04-15
P0906,Lisa,Davis,Doctor 65,2023-04-15
P0960,Nicholas,Sanchez,Doctor 55,2023-04-15
P0999,Ronald,Miller,Doctor 8,2023-04-15
P1112,Christopher,Nguyen,Doctor 81,2023-04-15
P1134,Ryan,Perez,Doctor 95,2023-04-15
P1238,Donna,Jackson,Doctor 89,2023-04-15
P1263,Sharon,Martinez,Doctor 77,2023-04-15
P1264,Ryan,King,Doctor 36,2023-04-15
P1360,Donna,Rivera,Doctor 64,2023-04-15
P1427,Brandon,Hughes,Doctor 11,2023-04-15
P1443,Nicholas,Edwards,Doctor 54,2023-04-15
P1813,Laura,Jackson,Doctor 32,2023-04-15
P1923,Nancy,Johnson,Doctor 86,2023-04-15
P2068,Aaron,Hall,Doctor 15,2023-04-15
P2103,Frank,Cook,Doctor 62,2023-04-15
P2169,Alexander,Thompson,Doctor 7,2023-04-15
P2184,Thomas,Morris,Doctor 53,2023-04-15
P2241,Virginia,Parker,Doctor 54,2023-04-15
P2277,Brenda,Patel,Doctor 80,2023-04-15
P2287,Dennis,Wood,Doctor 79,2023-04-15
P0072,Melissa,Alvarez,Doctor 48,2023-04-16
P0290,Susan,Phillips,Doctor 95,2023-04-16
P0323,Emma,Robinson,Doctor 68,2023-04-16
P0384,Anthony,Reyes,Doctor 66,2023-04-16
P0506,Joshua,Ortiz,Doctor 99,2023-04-16
P0541,Sandra,Alvarez,Doctor 51,2023-04-16
P0555,Kimberly,Richardson,Doctor 96,2023-04-16
P0560,Sandra,Wood,Doctor 11,2023-04-16
P0707,Lisa,Gray,Doctor 93,2023-04-16
P0860,John,Cox,Doctor 78,2023-04-16
P0889,Sharon,Rivera,Doctor 33,2023-04-16
P0919,Aaron,Robinson,Doctor 25,2023-04-16
P0938,Cynthia,Jackson,Doctor 28,2023-04-16
P0948,Donald,Ramirez,Doctor 26,2023-04-16
P1038,Edward,Chavez,Doctor 56,2023-04-16
P1183,Benjamin,Mitchell,Doctor 15,2023-04-16
P1198,Helen,Morales,Doctor 52,2023-04-16
P1288,Jessica,Kim,Doctor 33,2023-04-16
P1289,Benjamin,Kelly,Doctor 89,2023-04-16
P1305,Stephen,Davis,Doctor 100,2023-04-16
P1492,Rebecca,Hernandez,Doctor 38,2023-04-16
P1568,Ruth,Ramirez,Doctor 91,2023-04-16
P1590,Aaron,Ramirez,Doctor 45,2023-04-16
P1596,Nicholas,Wright,Doctor 21,2023-04-16
P1618,Ronald,Davis,Doctor 12,2023-04-16
P1648,Anna,Gutierrez,Doctor 3,2023-04-16
P1655,Gary,Diaz,Doctor 77,2023-04-16
P1730,Amy,Chavez,Doctor 43,2023-04-16
P1776,Carol,Robinson,Doctor 74,2023-04-16
P1783,Edward,Alvarez,Doctor 95,2023-04-16
P1795,Elizabeth,Thompson,Doctor 32,2023-04-16
P1880,Michael,Davis,Doctor 29,2023-04-16
P2187,Robert,Davis,Doctor 81,2023-04-16
P2197,Nancy,Gray,Doctor 42,2023-04-16
P2258,James,Roberts,Doctor 94,2023-04-16
P0001,Thomas,Wood,Doctor 32,2023-04-17
P0027,Sarah,Diaz,Doctor 88,2023-04-17
P0160,Deborah,Morgan,Doctor 87,2023-04-17
P0234,Tyler,Reed,Doctor 26,2023-04-17
P0373,Samuel,Chavez,Doctor 50,2023-04-17
P0388,Jeffrey,Hall,Doctor 51,2023-04-17
P0492,Christopher,Martin,Doctor 51,2023-04-17
P0563,Robert,Garcia,Doctor 85,2023-04-17
P0601,Steven,Cooper,Doctor 9,2023-04-17
P0907,Karen,Adams,Doctor 37,2023-04-17
P0915,Jason,Young,Doctor 100,2023-04-17
P1027,Melissa,Martinez,Doctor 19,2023-04-17
P1097,Christopher,Walker,Doctor 88,2023-04-17
P1196,Jason,Ramos,Doctor 1,2023-04-17
P1199,Dennis,Walker,Doctor 10,2023-04-17
P1228,Linda,Wood,Doctor 70,2023-04-17
P1322,Charles,Howard,Doctor 67,2023-04-17
P1330,Ryan,Thomas,Doctor 43,2023-04-17
P1438,Laura,Parker,Doctor 95,2023-04-17
P1495,Sandra,Chavez,Doctor 64,2023-04-17
P1545,Gary,Nguyen,Doctor 76,2023-04-17
P1554,Betty,Martinez,Doctor 33,2023-04-17
P1615,Emma,Hill,Doctor 47,2023-04-17
P1717,Dorothy,Morales,Doctor 84,2023-04-17
P1722,Scott,Smith,Doctor 36,2023-04-17
P1750,Mary,Murphy,Doctor 100,2023-04-17
P1840,Andrew,Ortiz,Doctor 68,2023-04-17
P1949,George,Wood,Doctor 75,2023-04-17
P2106,David,Martin,Doctor 68,2023-04-17
P2145,Stephen,Rodriguez,Doctor 53,2023-04-17
P2149,Benjamin,Rodriguez,Doctor 6,2023-04-17
P2165,Ruth,Castillo,Doctor 51,2023-04-17
P2165,Ruth,Castillo,Doctor 51,2023-04-17
P2194,Larry,Hernandez,Doctor 47,2023-04-17
P2204,Nancy,Ramirez,Doctor 35,2023-04-17
P2210,Jessica,Harris,Doctor 62,2023-04-17
P2259,Sandra,Diaz,Doctor 15,2023-04-17
P0056,Christopher,Roberts,Doctor 11,2023-04-18
P0110,Sandra,Nguyen,Doctor 25,2023-04-18
P0241,Thomas,Cruz,Doctor 29,2023-04-18
P0318,Daniel,Ramirez,Doctor 84,2023-04-18
P0364,Sandra,Cooper,Doctor 34,2023-04-18
P0426,Scott,Wright,Doctor 13,2023-04-18
P0459,Jerry,King,Doctor 27,2023-04-18
P0531,Timothy,Brown,Doctor 94,2023-04-18
P0532,Edward,Stewart,Doctor 63,2023-04-18
P0557,Christopher,Thomas,Doctor 85,2023-04-18
P0613,Mark,Alvarez,Doctor 60,2023-04-18
P0828,Deborah,Evans,Doctor 71,2023-04-18
P0875,Nancy,Alvarez,Doctor 65,2023-04-18
P1001,Emma,Green,Doctor 38,2023-04-18
P1051,Sarah,Gray,Doctor 14,2023-04-18
P1078,James,Johnson,Doctor 86,2023-04-18
P1195,Jonathan,Campbell,Doctor 94,2023-04-18
P1208,Tyler,Carter,Doctor 51,2023-04-18
P1269,Joshua,Morgan,Doctor 57,2023-04-18
P1340,Nancy,James,Doctor 65,2023-04-18
P1378,Ruth,Martin,Doctor 34,2023-04-18
P1450,Sandra,Morgan,Doctor 93,2023-04-18
P1494,Jennifer,Carter,Doctor 52,2023-04-18
P1506,Kathleen,Edwards,Doctor 44,2023-04-18
P1508,George,Nguyen,Doctor 26,2023-04-18
P1546,Helen,Bennett,Doctor 3,2023-04-18
P1568,Ruth,Ramirez,Doctor 76,2023-04-18
P1611,Jonathan,Wright,Doctor 35,2023-04-18
P1654,Jonathan,Hall,Doctor 67,2023-04-18
P1710,Deborah,Wright,Doctor 69,2023-04-18
P1729,Brandon,Edwards,Doctor 43,2023-04-18
P1833,Linda,Hughes,Doctor 35,2023-04-18
P1920,Carol,Smith,Doctor 74,2023-04-18
P1955,Sarah,Sanchez,Doctor 63,2023-04-18
P2102,Nicholas,Nguyen,Doctor 97,2023-04-18
P2199,Frank,Anderson,Doctor 39,2023-04-18
P0034,Joseph,Nelson,Doctor 30,2023-04-19
P0041,Benjamin,Sanders,Doctor 27,2023-04-19
P0097,Robert,Rivera,Doctor 94,2023-04-19
P0163,Nicholas,Watson,Doctor 91,2023-04-19
P0230,Michelle,Anderson,Doctor 2,2023-04-19
P0515,Amy,Collins,Doctor 85,2023-04-19
P0515,Amy,Collins,Doctor 85,2023-04-19
P0522,Deborah,Kelly,Doctor 47,2023-04-19
P0530,Linda,Gomez,Doctor 38,2023-04-19
P0542,Michael,Nguyen,Doctor 94,2023-04-19
P0712,Sandra,White,Doctor 48,2023-04-19
P0773,Michael,Martin,Doctor 46,2023-04-19
P0874,Thomas,James,Doctor 2,2023-04-19
P0930,Cynthia,Peterson,Doctor 28,2023-04-19
P0959,Benjamin,Murphy,Doctor 16,2023-04-19
P0968,Patricia,Turner,Doctor 40,2023-04-19
P1022,Brandon,Turner,Doctor 37,2023-04-19
P1151,Kevin,Robinson,Doctor 2,2023-04-19
P1198,Helen,Morales,Doctor 52,2023-04-19
P1233,Sharon,Smith,Doctor 1,2023-04-19
P1234,Larry,Brown,Doctor 43,2023-04-19
P1320,Robert,Torres,Doctor 5,2023-04-19
P1507,Sandra,Martin,Doctor 17,2023-04-19
P1560,David,Ruiz,Doctor 50,2023-04-19
P1601,Helen,Sanchez,Doctor 35,2023-04-19
P1619,Anthony,Nelson,Doctor 50,2023-04-19
P1658,Laura,Johnson,Doctor 46,2023-04-19
P1733,Jonathan,Hughes,Doctor 12,2023-04-19
P1885,James,Lewis,Doctor 31,2023-04-19
P1900,Kenneth,Myers,Doctor 24,2023-04-19
P1989,Gregory,Ortiz,Doctor 12,2023-04-19
P2008,Gregory,Ruiz,Doctor 91,2023-04-19
P2029,Sharon,Patel,Doctor 70,2023-04-19
P2052,Jose,Cox,Doctor 13,2023-04-19
P2085,Aaron,Kim,Doctor 15,2023-04-19
P2115,Susan,Nelson,Doctor 92,2023-04-19
P2141,Sharon,Kim,Doctor 94,2023-04-19
P2215,Amy,Anderson,Doctor 85,2023-04-19
P2285,Melissa,Kim,Doctor 29,2023-04-19
P0109,Jack,Thompson,Doctor 74,2023-04-20
P0206,Tyler,Morris,Doctor 98,2023-04-20
P0242,Joseph,Ruiz,Doctor 42,2023-04-20
P0246,Stephen,Howard,Doctor 44,2023-04-20
P0304,Melissa,Morgan,Doctor 68,2023-04-20
P0407,Stephen,Young,Doctor 77,2023-04-20
P0444,Scott,Allen,Doctor 71,2023-04-20
P0634,Deborah,Ruiz,Doctor 55,2023-04-20
P0664,Thomas,Moore,Doctor 4,2023-04-20
P0695,Brenda,Green,Doctor 22,2023-04-20
P0713,Deborah,Taylor,Doctor 98,2023-04-20
P0722,Virginia,Sanders,Doctor 4,2023-04-20
P0736,Jose,James,Doctor 61,2023-04-20
P0772,Sarah,Alvarez,Doctor 28,2023-04-20
P0899,Brandon,Martin,Doctor 58,2023-04-20
P0988,Kimberly,Castillo,Doctor 78,2023-04-20
P1048,Jason,Williams,Doctor 87,2023-04-20
P1245,Jonathan,Cook,Doctor 27,2023-04-20
P1402,Laura,Taylor,Doctor 18,2023-04-20
P1553,Kenneth,Green,Doctor 2,2023-04-20
P1634,Susan,Gonzalez,Doctor 33,2023-04-20
P1756,Emma,Parker,Doctor 32,2023-04-20
P1886,Donald,Campbell,Doctor 74,2023-04-20
P1886,Donald,Campbell,Doctor 74,2023-04-20
P1887,Betty,James,Doctor 54,2023-04-20
P1982,Mary,Williams,Doctor 91,2023-04-20
P2008,Gregory,Ruiz,Doctor 91,2023-04-20
P2040,Nancy,Jackson,Doctor 41,2023-04-20
P2148,Ryan,Martin,Doctor 69,2023-04-20
P2226,Susan,Hall,Doctor 24,2023-04-20
P2279,Patricia,Lopez,Doctor 24,2023-04-20
P0064,Betty,Harris,Doctor 96,2023-04-21
P0078,Ruth,Gonzalez,Doctor 58,2023-04-21
P0081,Jessica,Mendoza,Doctor 87,2023-04-21
P0114,Anna,Smith,Doctor 98,2023-04-21
P0336,Joshua,Phillips,Doctor 64,2023-04-21
P0369,Raymond,Rivera,Doctor 76,2023-04-21
P0387,Emma,Sanchez,Doctor 3,2023-04-21
P0494,Melissa,Miller,Doctor 17,2023-04-21
P0523,John,Cook,Doctor 36,2023-04-21
P0552,Tyler,Adams,Doctor 86,2023-04-21
P0627,Larry,Wilson,Doctor 33,2023-04-21
P0757,Betty,Lewis,Doctor 41,2023-04-21
P0916,Kimberly,Gomez,Doctor 4,2023-04-21
P0962,Karen,Rodriguez,Doctor 42,2023-04-21
P1067,Justin,Young,Doctor 3,2023-04-21
P1088,Brandon,Hernandez,Doctor 99,2023-04-21
P1095,Benjamin,Ruiz,Doctor 20,2023-04-21
P1111,Betty,Howard,Doctor 48,2023-04-21
P1168,Anna,Johnson,Doctor 81,2023-04-21
P1179,Carol,Young,Doctor 13,2023-04-21
P1182,Andrew,Peterson,Doctor 49,2023-04-21
P1188,Kathleen,Wood,Doctor 99,2023-04-21
P1285,Deborah,Phillips,Doctor 23,2023-04-21
P1321,Jose,Edwards,Doctor 18,2023-04-21
P1339,Matthew,Parker,Doctor 1,2023-04-21
P1574,Helen,Bailey,Doctor 34,2023-04-21
P1576,Timothy,Roberts,Doctor 48,2023-04-21
P1624,Rebecca,Mendoza,Doctor 63,2023-04-21
P1694,Charles,Ramos,Doctor 90,2023-04-21
P1714,Deborah,Alvarez,Doctor 96,2023-04-21
P1714,Deborah,Alvarez,Doctor 66,2023-04-21
P1728,Barbara,Garcia,Doctor 59,2023-04-21
P1770,Helen,Wilson,Doctor 62,2023-04-21
P1816,Lisa,Phillips,Doctor 53,2023-04-21
P1864,Tyler,Nelson,Doctor 78,2023-04-21
P1884,Nancy,Lee,Doctor 93,2023-04-21
P2033,Elizabeth,Watson,Doctor 57,2023-04-21
P2111,Jason,Wood,Doctor 48,2023-04-21
P2201,Lisa,Nelson,Doctor 42,2023-04-21
P2228,Sandra,Sanchez,Doctor 77,2023-04-21
P0201,Christopher,Reyes,Doctor 44,2023-04-22
P0306,Gary,Howard,Doctor 19,2023-04-22
P0417,Sharon,Clark,Doctor 80,2023-04-22
P0548,William,Reed,Doctor 77,2023-04-22
P0577,Jessica,Thompson,Doctor 90,2023-04-22
P0761,Elizabeth,Brown,Doctor 100,2023-04-22
P0901,Sandra,Rogers,Doctor 64,2023-04-22
P1062,Elizabeth,Bailey,Doctor 78,2023-04-22
P1087,Angela,Gray,Doctor 42,2023-04-22
P1105,Joseph,Roberts,Doctor 94,2023-04-22
P1115,Nancy,Price,Doctor 14,2023-04-22
P1208,Tyler,Carter,Doctor 51,2023-04-22
P1387,Nicholas,Castillo,Doctor 95,2023-04-22
P1404,Kathleen,King,Doctor 22,2023-04-22
P1427,Brandon,Hughes,Doctor 79,2023-04-22
P1572,Patrick,Bennett,Doctor 60,2023-04-22
P1629,Amy,Watson,Doctor 24,2023-04-22
P1731,Brenda,Sanchez,Doctor 79,2023-04-22
P1769,Justin,Anderson,Doctor 68,2023-04-22
P1932,Jonathan,Reyes,Doctor 4,2023-04-22
P1951,Gregory,Young,Doctor 34,2023-04-22
P1975,Rebecca,Garcia,Doctor 16,2023-04-22
P2002,Gregory,Collins,Doctor 62,2023-04-22
P2021,George,Scott,Doctor 95,2023-04-22
P2051,Helen,Thomas,Doctor 15,2023-04-22
P0049,Lisa,Murphy,Doctor 33,2023-04-23
P0157,Mary,Campbell,Doctor 10,2023-04-23
P0244,Sarah,Adams,Doctor 10,2023-04-23
P0245,Ruth,Martinez,Doctor 26,2023-04-23
P0295,Daniel,Taylor,Doctor 76,2023-04-23
P0348,John,Scott,Doctor 32,2023-04-23
P0495,Kathleen,Jackson,Doctor 24,2023-04-23
P0546,Scott,Roberts,Doctor 63,2023-04-23
P0647,Angela,Carter,Doctor 30,2023-04-23
P0690,Charles,Lee,Doctor 33,2023-04-23
P0730,Patrick,Lopez,Doctor 33,2023-04-23
P0849,Emma,Stewart,Doctor 27,2023-04-23
P0855,Charles,Watson,Doctor 36,2023-04-23
P0856,John,Rodriguez,Doctor 13,2023-04-23
P0947,Laura,Wright,Doctor 10,2023-04-23
P1014,Jonathan,Wood,Doctor 96,2023-04-23
P1248,Christopher,Price,Doctor 37,2023-04-23
P1429,Robert,Hernandez,Doctor 36,2023-04-23
P1458,Anthony,Harris,Doctor 33,2023-04-23
P1558,Robert,Ortiz,Doctor 51,2023-04-23
P1612,Brenda,Myers,Doctor 84,2023-04-23
P1614,Brian,Scott,Doctor 19,2023-04-23
P1860,Jacob,Howard,Doctor 88,2023-04-23
P2003,Betty,Cook,Doctor 99,2023-04-23
P2107,Stephen,Baker,Doctor 67,2023-04-23
P2188,Brian,Hernandez,Doctor 54,2023-04-23
P2199,Frank,Anderson,Doctor 39,2023-04-23
P2292,Kimberly,Evans,Doctor 70,2023-04-23
P0024,Timothy,Hernandez,Doctor 2,2023-04-24
P0230,Michelle,Anderson,Doctor 2,2023-04-24
P0338,Andrew,Hall,Doctor 67,2023-04-24
P0466,Sandra,Wright,Doctor 15,2023-04-24
P0510,Patrick,Alvarez,Doctor 4,2023-04-24
P0512,Laura,Campbell,Doctor 28,2023-04-24
P0571,Karen,Wright,Doctor 53,2023-04-24
P0605,Benjamin,Reed,Doctor 62,2023-04-24
P0704,Susan,Alvarez,Doctor 55,2023-04-24
P0726,George,Martinez,Doctor 34,2023-04-24
P0785,Joseph,Cruz,Doctor 1,2023-04-24
P0791,Justin,Watson,Doctor 94,2023-04-24
P0976,Benjamin,Taylor,Doctor 85,2023-04-24
P1265,Susan,Anderson,Doctor 68,2023-04-24
P1299,Karen,Hernandez,Doctor 78,2023-04-24
P1339,Matthew,Parker,Doctor 69,2023-04-24
P1404,Kathleen,King,Doctor 22,2023-04-24
P1452,Helen,Baker,Doctor 56,2023-04-24
P1484,Scott,Hughes,Doctor 83,2023-04-24
P1517,Jacob,Harris,Doctor 3,2023-04-24
P1824,Susan,Allen,Doctor 92,2023-04-24
P1858,Emma,Patel,Doctor 9,2023-04-24
P2094,Amy,Rodriguez,Doctor 59,2023-04-24
P2164,Betty,Baker,Doctor 73,2023-04-24
P2194,Larry,Hernandez,Doctor 47,2023-04-24
P2221,Michelle,Morales,Doctor 95,2023-04-24
P0031,Andrew,Mendoza,Doctor 47,2023-04-25
P0147,Lisa,Wood,Doctor 17,2023-04-25
P0191,Robert,Hill,Doctor 78,2023-04-25
P0229,Sandra,Lopez,Doctor 57,2023-04-25
P0261,Nancy,Collins,Doctor 88,2023-04-25
P0328,Christopher,Garcia,Doctor 80,2023-04-25
P0420,Thomas,Castillo,Doctor 48,2023-04-25
P0457,Carol,Hall,Doctor 9,2023-04-25
P0488,Michelle,Robinson,Doctor 91,2023-04-25
P0551,Dorothy,Evans,Doctor 89,2023-04-25
P0587,Larry,Gray,Doctor 56,2023-04-25
P0624,Timothy,Cruz,Doctor 73,2023-04-25
P0746,James,Morgan,Doctor 33,2023-04-25
P0834,Joshua,Young,Doctor 18,2023-04-25
P0862,Dorothy,Gray,Doctor 35,2023-04-25
P0914,Robert,Ward,Doctor 25,2023-04-25
P0921,Lisa,Scott,Doctor 42,2023-04-25
P1031,Donna,Ruiz,Doctor 37,2023-04-25
P1052,Michelle,Wood,Doctor 65,2023-04-25
P1107,Kathleen,Kim,Doctor 99,2023-04-25
P1180,Amy,Reyes,Doctor 39,2023-04-25
P1227,Raymond,Phillips,Doctor 68,2023-04-25
P1236,Sarah,Gonzalez,Doctor 15,2023-04-25
P1311,Sharon,Thomas,Doctor 15,2023-04-25
P1322,Charles,Howard,Doctor 67,2023-04-25
P1381,Samuel,Morgan,Doctor 31,2023-04-25
P1422,Kenneth,Hill,Doctor 19,2023-04-25
P1567,Sarah,Allen,Doctor 71,2023-04-25
P1654,Jonathan,Hall,Doctor 67,2023-04-25
P1819,Frank,Gutierrez,Doctor 25,2023-04-25
P2068,Aaron,Hall,Doctor 69,2023-04-25
P2108,Cynthia,Brooks,Doctor 88,2023-04-25
P2235,Tyler,Williams,Doctor 11,2023-04-25
P2250,Jacob,Murphy,Doctor 81,2023-04-25
P0016,Ruth,Taylor,Doctor 8,2023-04-26
P0243,Timothy,Williams,Doctor 89,2023-04-26
P0319,Sandra,Morales,Doctor 11,2023-04-26
P0343,Deborah,Wood,Doctor 6,2023-04-26
P0375,James,Diaz,Doctor 85,2023-04-26
P0421,Scott,Cruz,Doctor 90,2023-04-26
P0482,Mark,Edwards,Doctor 6,2023-04-26
P0531,Timothy,Brown,Doctor 94,2023-04-26
P0536,Aaron,Peterson,Doctor 31,2023-04-26
P0632,Jessica,Garcia,Doctor 6,2023-04-26
P0785,Joseph,Cruz,Doctor 55,2023-04-26
P0818,Donna,Patel,Doctor 16,2023-04-26
P0971,Larry,Wood,Doctor 20,2023-04-26
P1046,Carol,Thomas,Doctor 100,2023-04-26
P1047,Ryan,Kelly,Doctor 90,2023-04-26
P1073,Andrew,Thompson,Doctor 76,2023-04-26
P1165,Ruth,Flores,Doctor 57,2023-04-26
P1186,Helen,Harris,Doctor 82,2023-04-26
P1213,Steven,Stewart,Doctor 35,2023-04-26
P1243,Justin,Moore,Doctor 69,2023-04-26
P1278,Dennis,Peterson,Doctor 32,2023-04-26
P1292,Jerry,Rodriguez,Doctor 100,2023-04-26
P1311,Sharon,Thomas,Doctor 15,2023-04-26
P1358,Edward,Murphy,Doctor 30,2023-04-26
P1412,Rebecca,Roberts,Doctor 76,2023-04-26
P1599,Patricia,Johnson,Doctor 33,2023-04-26
P1771,Jason,Chavez,Doctor 66,2023-04-26
P1820,Steven,Nelson,Doctor 54,2023-04-26
P1864,Tyler,Nelson,Doctor 88,2023-04-26
P1907,Kevin,Cook,Doctor 96,2023-04-26
P1940,William,Torres,Doctor 16,2023-04-26
P2062,James,Anderson,Doctor 47,2023-04-26
P2064,Anna,Green,Doctor 67,2023-04-26
P2087,Dennis,Carter,Doctor 84,2023-04-26
P2093,Kenneth,Watson,Doctor 43,2023-04-26
P0040,Michelle,Adams,Doctor 76,2023-04-27
P0047,Jose,Bennett,Doctor 24,2023-04-27
P0093,Lisa,Garcia,Doctor 37,2023-04-27
P0122,Rebecca,Taylor,Doctor 62,2023-04-27
P0279,Karen,Martin,Doctor 63,2023-04-27
P0281,Barbara,Taylor,Doctor 22,2023-04-27
P0307,Christopher,Myers,Doctor 8,2023-04-27
P0388,Jeffrey,Hall,Doctor 30,2023-04-27
P0464,Kevin,Chavez,Doctor 25,2023-04-27
P0510,Patrick,Alvarez,Doctor 4,2023-04-27
P0615,Ruth,Watson,Doctor 52,2023-04-27
P0634,Deborah,Ruiz,Doctor 18,2023-04-27
P0778,Patrick,Scott,Doctor 62,2023-04-27
P0897,Jonathan,Sanders,Doctor 41,2023-04-27
P0982,Carol,Nguyen,Doctor 91,2023-04-27
P1008,Jose,Turner,Doctor 77,2023-04-27
P1050,Lisa,Sanchez,Doctor 30,2023-04-27
P1166,Gregory,Thompson,Doctor 78,2023-04-27
P1325,Andrew,Harris,Doctor 60,2023-04-27
P1421,Michael,Morris,Doctor 4,2023-04-27
P1697,Ruth,Sanchez,Doctor 54,2023-04-27
P1729,Brandon,Edwards,Doctor 43,2023-04-27
P1742,Timothy,Patel,Doctor 59,2023-04-27
P1788,Jose,Taylor,Doctor 48,2023-04-27
P1826,Shirley,Howard,Doctor 83,2023-04-27
P1853,Joshua,Gray,Doctor 74,2023-04-27
P1948,Scott,Reed,Doctor 81,2023-04-27
P2070,Patrick,Bailey,Doctor 56,2023-04-27
P2077,Samuel,Cox,Doctor 45,2023-04-27
P0117,Eric,Brown,Doctor 57,2023-04-28
P0152,Gregory,Anderson,Doctor 51,2023-04-28
P0339,Charles,Cox,Doctor 35,2023-04-28
P0394,Scott,Lee,Doctor 46,2023-04-28
P0449,Rebecca,Murphy,Doctor 18,2023-04-28
P0546,Scott,Roberts,Doctor 63,2023-04-28
P0719,Raymond,Campbell,Doctor 12,2023-04-28
P0756,Betty,Myers,Doctor 69,2023-04-28
P0879,Donna,King,Doctor 41,2023-04-28
P0981,Karen,Patel,Doctor 64,2023-04-28
P1096,Jessica,Morales,Doctor 67,2023-04-28
P1138,Sandra,Cook,Doctor 52,2023-04-28
P1204,Christopher,Bennett,Doctor 72,2023-04-28
P1260,Sarah,Ramirez,Doctor 47,2023-04-28
P1276,John,Miller,Doctor 62,2023-04-28
P1400,William,Martin,Doctor 59,2023-04-28
P1557,Michelle,Taylor,Doctor 28,2023-04-28
P1573,Carol,Lewis,Doctor 21,2023-04-28
P1632,Scott,Taylor,Doctor 92,2023-04-28
P1942,Jose,Flores,Doctor 85,2023-04-28
P2098,Anna,Rodriguez,Doctor 51,2023-04-28
P2131,Laura,Harris,Doctor 32,2023-04-28
P2275,Justin,Evans,Doctor 72,2023-04-28
P0125,Steven,Thomas,Doctor 12,2023-04-29
P0138,Ronald,Clark,Doctor 93,2023-04-29
P0162,Ronald,Brooks,Doctor 82,2023-04-29
P0192,Jack,Mitchell,Doctor 63,2023-04-29
P0222,Justin,Flores,Doctor 61,2023-04-29
P0247,Matthew,Mendoza,Doctor 30,2023-04-29
P0336,Joshua,Phillips,Doctor 64,2023-04-29
P0351,Emma,Jones,Doctor 25,2023-04-29
P0374,Linda,Scott,Doctor 38,2023-04-29
P0462,Virginia,Martinez,Doctor 43,2023-04-29
P0463,Jeffrey,Sanchez,Doctor 94,2023-04-29
P0540,Betty,Miller,Doctor 72,2023-04-29
P0597,Sarah,Thomas,Doctor 78,2023-04-29
P0602,Rebecca,Hill,Doctor 41,2023-04-29
P0734,Scott,Bailey,Doctor 46,2023-04-29
P0776,Ruth,Cook,Doctor 16,2023-04-29
P0788,Helen,Scott,Doctor 66,2023-04-29
P0801,Anthony,Jackson,Doctor 62,2023-04-29
P0832,Joshua,Flores,Doctor 15,2023-04-29
P0887,Sarah,Murphy,Doctor 92,2023-04-29
P0998,Deborah,Green,Doctor 28,2023-04-29
P1007,Jack,Ruiz,Doctor 13,2023-04-29
P1108,Michelle,Wright,Doctor 21,2023-04-29
P1307,Linda,Allen,Doctor 17,2023-04-29
P1400,William,Martin,Doctor 59,2023-04-29
P1583,Aaron,Williams,Doctor 92,2023-04-29
P1587,Christopher,Ortiz,Doctor 72,2023-04-29
P1744,George,Stewart,Doctor 67,2023-04-29
P1788,Jose,Taylor,Doctor 51,2023-04-29
P1970,Mary,Rodriguez,Doctor 61,2023-04-29
P2096,Emma,Jackson,Doctor 31,2023-04-29
P2100,Deborah,Castillo,Doctor 16,2023-04-29
P2108,Cynthia,Brooks,Doctor 88,2023-04-29
P2143,Gary,Williams,Doctor 15,2023-04-29
P2148,Ryan,Martin,Doctor 69,2023-04-29
P2204,Nancy,Ramirez,Doctor 12,2023-04-29
P2217,Kimberly,Lee,Doctor 71,2023-04-29
P2272,Scott,Lopez,Doctor 69,2023-04-29
P0006,Joseph,Diaz,Doctor 5,2023-04-30
P0038,Alexander,Jackson,Doctor 22,2023-04-30
P0048,Patrick,Chavez,Doctor 71,2023-04-30
P0117,Eric,Brown,Doctor 4,2023-04-30
P0151,Jessica,Hughes,Doctor 78,2023-04-30
P0182,Cynthia,Ortiz,Doctor 60,2023-04-30
P0258,Jose,Harris,Doctor 84,2023-04-30
P0267,Amy,James,Doctor 20,2023-04-30
P0349,Daniel,Williams,Doctor 47,2023-04-30
P0354,Mary,Clark,Doctor 95,2023-04-30
P0360,Tyler,Price,Doctor 76,2023-04-30
P0427,David,Wilson,Doctor 57,2023-04-30
P0508,Daniel,Moore,Doctor 42,2023-04-30
P0519,Donna,Davis,Doctor 51,2023-04-30
P0527,Thomas,Lee,Doctor 40,2023-04-30
P0585,Rebecca,Martin,Doctor 59,2023-04-30
P0610,Stephen,Myers,Doctor 52,2023-04-30
P0694,Stephen,Martin,Doctor 20,2023-04-30
P0714,Laura,Hernandez,Doctor 34,2023-04-30
P0767,Melissa,Morris,Doctor 36,2023-04-30
P0767,Melissa,Morris,Doctor 36,2023-04-30
P0795,Patrick,Torres,Doctor 7,2023-04-30
P1092,Benjamin,Cox,Doctor 47,2023-04-30
P1099,Brenda,Kim,Doctor 62,2023-04-30
P1115,Nancy,Price,Doctor 100,2023-04-30
P1133,Aaron,Hernandez,Doctor 73,2023-04-30
P1262,Donna,Thomas,Doctor 94,2023-04-30
P1268,Ruth,Kelly,Doctor 58,2023-04-30
P1468,Timothy,Lopez,Doctor 39,2023-04-30
P1486,Samuel,Cruz,Doctor 4,2023-04-30
P1488,Justin,Lopez,Doctor 54,2023-04-30
P1554,Betty,Martinez,Doctor 52,2023-04-30
P1612,Brenda,Myers,Doctor 84,2023-04-30
P1715,Laura,Myers,Doctor 10,2023-04-30
P1756,Emma,Parker,Doctor 41,2023-04-30
P1797,Karen,Carter,Doctor 70,2023-04-30
P1934,Jonathan,Robinson,Doctor 36,2023-04-30
P1956,Virginia,Moore,Doctor 95,2023-04-30
P2099,Joshua,Garcia,Doctor 71,2023-04-30
P0060,George,Campbell,Doctor 50,2023-05-01
P0154,Patrick,Howard,Doctor 62,2023-05-01
P0272,Betty,Ramos,Doctor 9,2023-05-01
P0278,Brenda,Lewis,Doctor 58,2023-05-01
P0295,Daniel,Taylor,Doctor 76,2023-05-01
P0463,Jeffrey,Sanchez,Doctor 94,2023-05-01
P0601,Steven,Cooper,Doctor 9,2023-05-01
P0676,Anthony,Thomas,Doctor 63,2023-05-01
P0680,Larry,Robinson,Doctor 11,2023-05-01
P0686,Kimberly,Morris,Doctor 67,2023-05-01
P0707,Lisa,Gray,Doctor 93,2023-05-01
P0877,Brenda,Adams,Doctor 74,2023-05-01
P0925,Joseph,Thomas,Doctor 42,2023-05-01
P0954,Michelle,Walker,Doctor 5,2023-05-01
P0961,Brian,Gomez,Doctor 61,2023-05-01
P1018,Benjamin,Nelson,Doctor 55,2023-05-01
P1055,Rebecca,Wood,Doctor 80,2023-05-01
P1061,Mark,Wright,Doctor 71,2023-05-01
P1106,Thomas,Campbell,Doctor 36,2023-05-01
P1150,Aaron,Reed,Doctor 31,2023-05-01
P1184,Benjamin,Ramirez,Doctor 48,2023-05-01
P1322,Charles,Howard,Doctor 67,2023-05-01
P1396,Jason,James,Doctor 88,2023-05-01
P1402,Laura,Taylor,Doctor 18,2023-05-01
P1434,Helen,Richardson,Doctor 72,2023-05-01
P1454,Jonathan,Thomas,Doctor 6,2023-05-01
P1470,Scott,Ruiz,Doctor 19,2023-05-01
P1498,Helen,Myers,Doctor 90,2023-05-01
P1498,Helen,Myers,Doctor 90,2023-05-01
P1588,Lisa,Young,Doctor 44,2023-05-01
P1611,Jonathan,Wright,Doctor 35,2023-05-01
P1653,Deborah,Rodriguez,Doctor 26,2023-05-01
P1664,Jessica,Taylor,Doctor 21,2023-05-01
P1683,Ruth,Clark,Doctor 75,2023-05-01
P1705,Dennis,Lopez,Doctor 33,2023-05-01
P1734,Michelle,Martinez,Doctor 29,2023-05-01
P1779,Rebecca,Ortiz,Doctor 57,2023-05-01
P1824,Susan,Allen,Doctor 53,2023-05-01
P1878,George,Wright,Doctor 62,2023-05-01
P1940,William,Torres,Doctor 16,2023-05-01
P1977,Cynthia,Patel,Doctor 36,2023-05-01
P2007,Gary,Sanders,Doctor 87,2023-05-01
P2023,Brian,Miller,Doctor 88,2023-05-01
P2051,Helen,Thomas,Doctor 19,2023-05-01
P2060,Jeffrey,Flores,Doctor 19,2023-05-01
P2141,Sharon,Kim,Doctor 94,2023-05-01
P2157,Carol,James,Doctor 9,2023-05-01
P2243,Mary,Morris,Doctor 89,2023-05-01
P2297,Cynthia,Williams,Doctor 81,2023-05-01
P0034,Joseph,Nelson,Doctor 30,2023-05-02
P0053,Jerry,Young,Doctor 33,2023-05-02
P0055,Stephen,Ortiz,Doctor 17,2023-05-02
P0116,Steven,Flores,Doctor 44,2023-05-02
P0337,David,Collins,Doctor 8,2023-05-02
P0405,Amy,Reed,Doctor 2,2023-05-02
P0485,Gregory,Reed,Doctor 17,2023-05-02
P0514,Laura,Price,Doctor 40,2023-05-02
P0549,Susan,King,Doctor 11,2023-05-02
P0593,Timothy,Thomas,Doctor 61,2023-05-02
P0625,Charles,Hall,Doctor 48,2023-05-02
P0722,Virginia,Sanders,Doctor 4,2023-05-02
P0767,Melissa,Morris,Doctor 36,2023-05-02
P0847,Steven,Hernandez,Doctor 18,2023-05-02
P0877,Brenda,Adams,Doctor 74,2023-05-02
P1089,Jose,Morgan,Doctor 43,2023-05-02
P1095,Benjamin,Ruiz,Doctor 20,2023-05-02
P1107,Kathleen,Kim,Doctor 42,2023-05-02
P1193,Helen,Ortiz,Doctor 50,2023-05-02
P1252,Donna,Morales,Doctor 91,2023-05-02
P1301,Richard,Hernandez,Doctor 77,2023-05-02
P1307,Linda,Allen,Doctor 17,2023-05-02
P1352,Timothy,Lee,Doctor 72,2023-05-02
P1448,Ronald,Carter,Doctor 13,2023-05-02
P1455,Gary,Ruiz,Doctor 90,2023-05-02
P1475,George,Richardson,Doctor 9,2023-05-02
P1548,Kimberly,Brooks,Doctor 78,2023-05-02
P1683,Ruth,Clark,Doctor 75,2023-05-02
P1685,Brian,Gray,Doctor 59,2023-05-02
P1795,Elizabeth,Thompson,Doctor 32,2023-05-02
P1862,Betty,Martin,Doctor 56,2023-05-02
P1977,Cynthia,Patel,Doctor 36,2023-05-02
P1986,Laura,Cook,Doctor 73,2023-05-02
P2143,Gary,Williams,Doctor 15,2023-05-02
P2203,James,Thomas,Doctor 58,2023-05-02
P2211,Frank,Allen,Doctor 69,2023-05-02
P2222,John,Myers,Doctor 22,2023-05-02
P2274,Jonathan,Scott,Doctor 58,2023-05-02
P2298,Tyler,Hill,Doctor 25,2023-05-02
P2304,William,Rogers,Doctor 98,2023-05-02
P0105,Timothy,King,Doctor 22,2023-05-03
P0124,Frank,Rogers,Doctor 51,2023-05-03
P0540,Betty,Miller,Doctor 72,2023-05-03
P0548,William,Reed,Doctor 77,2023-05-03
P0595,Jonathan,Kelly,Doctor 36,2023-05-03
P0675,Rebecca,King,Doctor 86,2023-05-03
P0738,Aaron,Howard,Doctor 45,2023-05-03
P0759,Susan,Hughes,Doctor 20,2023-05-03
P0800,Daniel,Miller,Doctor 84,2023-05-03
P0927,Justin,Morales,Doctor 69,2023-05-03
P1155,Kimberly,Hill,Doctor 44,2023-05-03
P1163,Sandra,Peterson,Doctor 71,2023-05-03
P1256,Jessica,Cox,Doctor 73,2023-05-03
P1338,Benjamin,Torres,Doctor 11,2023-05-03
P1467,Ryan,Martinez,Doctor 11,2023-05-03
P1513,Karen,Richardson,Doctor 81,2023-05-03
P1526,Kenneth,Martin,Doctor 57,2023-05-03
P1557,Michelle,Taylor,Doctor 28,2023-05-03
P1569,Carol,Baker,Doctor 19,2023-05-03
P1955,Sarah,Sanchez,Doctor 15,2023-05-03
P2159,Sandra,Lee,Doctor 35,2023-05-03
P2244,Jacob,Martinez,Doctor 99,2023-05-03
P2246,Samuel,Collins,Doctor 17,2023-05-03
P2286,Deborah,Richardson,Doctor 23,2023-05-03
P2295,Raymond,Jackson,Doctor 3,2023-05-03
P0049,Lisa,Murphy,Doctor 33,2023-05-04
P0070,Shirley,Gonzalez,Doctor 77,2023-05-04
P0118,Barbara,Peterson,Doctor 97,2023-05-04
P0289,Lisa,Cooper,Doctor 79,2023-05-04
P0317,Gregory,Rodriguez,Doctor 72,2023-05-04
P0409,Barbara,Brooks,Doctor 40,2023-05-04
P0538,Betty,Phillips,Doctor 37,2023-05-04
P0567,Anthony,Young,Doctor 31,2023-05-04
P0607,Aaron,Stewart,Doctor 75,2023-05-04
P0675,Rebecca,King,Doctor 86,2023-05-04
P0719,Raymond,Campbell,Doctor 12,2023-05-04
P0725,Sarah,Wood,Doctor 89,2023-05-04
P0907,Karen,Adams,Doctor 37,2023-05-04
P0911,Richard,Hughes,Doctor 13,2023-05-04
P1135,Justin,Allen,Doctor 85,2023-05-04
P1160,William,Reyes,Doctor 46,2023-05-04
P1205,Kenneth,Wilson,Doctor 39,2023-05-04
P1234,Larry,Brown,Doctor 43,2023-05-04
P1309,Gary,Thompson,Doctor 63,2023-05-04
P1320,Robert,Torres,Doctor 5,2023-05-04
P1398,Robert,Murphy,Doctor 21,2023-05-04
P1417,Joseph,Lewis,Doctor 6,2023-05-04
P1417,Joseph,Lewis,Doctor 6,2023-05-04
P1445,Michelle,Martin,Doctor 5,2023-05-04
P1473,Kevin,Hernandez,Doctor 72,2023-05-04
P1630,Lisa,Hernandez,Doctor 66,2023-05-04
P1655,Gary,Diaz,Doctor 99,2023-05-04
P1710,Deborah,Wright,Doctor 93,2023-05-04
P1782,David,Watson,Doctor 52,2023-05-04
P1928,Barbara,Carter,Doctor 79,2023-05-04
P2024,Deborah,Cruz,Doctor 49,2023-05-04
P2131,Laura,Harris,Doctor 32,2023-05-04
P2256,Sarah,Carter,Doctor 16,2023-05-04
P2301,Kenneth,White,Doctor 26,2023-05-04
P0135,Ryan,Kim,Doctor 58,2023-05-05
P0195,Deborah,Stewart,Doctor 92,2023-05-05
P0203,Laura,King,Doctor 26,2023-05-05
P0345,Carol,Mendoza,Doctor 80,2023-05-05
P0366,James,Lopez,Doctor 49,2023-05-05
P0426,Scott,Wright,Doctor 13,2023-05-05
P0520,Brandon,Moore,Doctor 14,2023-05-05
P0524,Patricia,Jackson,Doctor 72,2023-05-05
P0691,William,Sanders,Doctor 67,2023-05-05
P0755,Kathleen,Harris,Doctor 13,2023-05-05
P0816,Lisa,Smith,Doctor 89,2023-05-05
P0871,Nancy,Rodriguez,Doctor 44,2023-05-05
P1043,Christopher,Rivera,Doctor 72,2023-05-05
P1169,Justin,Gonzalez,Doctor 15,2023-05-05
P1187,Samuel,Diaz,Doctor 78,2023-05-05
P1253,Emma,Flores,Doctor 9,2023-05-05
P1355,Richard,Brooks,Doctor 48,2023-05-05
P1380,Sarah,Ruiz,Doctor 76,2023-05-05
P1384,Brian,Ward,Doctor 53,2023-05-05
P1454,Jonathan,Thomas,Doctor 6,2023-05-05
P1749,Michelle,Mitchell,Doctor 75,2023-05-05
P1798,Sarah,Collins,Doctor 47,2023-05-05
P1846,Gregory,Hall,Doctor 79,2023-05-05
P1892,Kathleen,Collins,Doctor 92,2023-05-05
P1935,Elizabeth,Price,Doctor 33,2023-05-05
P1950,Donald,Roberts,Doctor 87,2023-05-05
P1965,Gregory,Harris,Doctor 1,2023-05-05
P1977,Cynthia,Patel,Doctor 36,2023-05-05
P2127,Deborah,Jones,Doctor 69,2023-05-05
P2238,Linda,Stewart,Doctor 42,2023-05-05
P2292,Kimberly,Evans,Doctor 70,2023-05-05
P0041,Benjamin,Sanders,Doctor 27,2023-05-06
P0211,Andrew,Morgan,Doctor 92,2023-05-06
P0269,Dorothy,Ruiz,Doctor 15,2023-05-06
P0307,Christopher,Myers,Doctor 67,2023-05-06
P0505,Shirley,Parker,Doctor 94,2023-05-06
P0560,Sandra,Wood,Doctor 11,2023-05-06
P0829,Justin,Hernandez,Doctor 10,2023-05-06
P0906,Lisa,Davis,Doctor 97,2023-05-06
P1024,Melissa,Ramos,Doctor 26,2023-05-06
P1124,Nancy,Bennett,Doctor 94,2023-05-06
P1133,Aaron,Hernandez,Doctor 67,2023-05-06
P1149,Anthony,Price,Doctor 87,2023-05-06
P1259,Jose,Sanchez,Doctor 21,2023-05-06
P1354,Jose,White,Doctor 80,2023-05-06
P1380,Sarah,Ruiz,Doctor 76,2023-05-06
P1466,Sarah,Scott,Doctor 84,2023-05-06
P1490,Anna,Morris,Doctor 81,2023-05-06
P1513,Karen,Richardson,Doctor 16,2023-05-06
P1526,Kenneth,Martin,Doctor 57,2023-05-06
P1671,Benjamin,Reyes,Doctor 53,2023-05-06
P1754,John,Flores,Doctor 50,2023-05-06
P1853,Joshua,Gray,Doctor 38,2023-05-06
P1876,Karen,Johnson,Doctor 21,2023-05-06
P1958,Jacob,Ramos,Doctor 39,2023-05-06
P1995,Justin,Martinez,Doctor 58,2023-05-06
P1996,Edward,Collins,Doctor 94,2023-05-06
P2019,Edward,Flores,Doctor 99,2023-05-06
P2071,Helen,Chavez,Doctor 85,2023-05-06
P2190,George,Morales,Doctor 98,2023-05-06
P2205,Laura,Lewis,Doctor 87,2023-05-06
P0024,Timothy,Hernandez,Doctor 77,2023-05-07
P0100,Laura,Turner,Doctor 9,2023-05-07
P0348,John,Scott,Doctor 32,2023-05-07
P0390,Jack,Collins,Doctor 40,2023-05-07
P0418,Kimberly,Bennett,Doctor 22,2023-05-07
P0504,Angela,Morales,Doctor 73,2023-05-07
P0630,Mary,Mitchell,Doctor 78,2023-05-07
P0672,Kevin,Price,Doctor 18,2023-05-07
P0720,Jeffrey,Evans,Doctor 49,2023-05-07
P0953,Kimberly,Carter,Doctor 10,2023-05-07
P1074,Donna,Gutierrez,Doctor 97,2023-05-07
P1115,Nancy,Price,Doctor 96,2023-05-07
P1249,William,Hall,Doctor 46,2023-05-07
P1293,Ruth,Cooper,Doctor 64,2023-05-07
P1296,Kenneth,Flores,Doctor 90,2023-05-07
P1330,Ryan,Thomas,Doctor 43,2023-05-07
P1557,Michelle,Taylor,Doctor 28,2023-05-07
P1567,Sarah,Allen,Doctor 71,2023-05-07
P1775,Dennis,Thomas,Doctor 68,2023-05-07
P1788,Jose,Taylor,Doctor 51,2023-05-07
P1816,Lisa,Phillips,Doctor 53,2023-05-07
P1843,James,Clark,Doctor 18,2023-05-07
P1849,Robert,Gomez,Doctor 58,2023-05-07
P1888,Cynthia,Morris,Doctor 19,2023-05-07
P1917,Larry,Alvarez,Doctor 71,2023-05-07
P1920,Carol,Smith,Doctor 74,2023-05-07
P1994,Carol,Evans,Doctor 3,2023-05-07
P1995,Justin,Martinez,Doctor 58,2023-05-07
P2018,Karen,Turner,Doctor 89,2023-05-07
P2040,Nancy,Jackson,Doctor 3,2023-05-07
P2045,Jeffrey,Gomez,Doctor 73,2023-05-07
P2077,Samuel,Cox,Doctor 45,2023-05-07
P2085,Aaron,Kim,Doctor 15,2023-05-07
P2260,Nancy,Ramos,Doctor 85,2023-05-07
P0001,Thomas,Wood,Doctor 46,2023-05-08
P0021,Daniel,Kim,Doctor 61,2023-05-08
P0077,Karen,Hughes,Doctor 36,2023-05-08
P0079,Jennifer,Evans,Doctor 24,2023-05-08
P0135,Ryan,Kim,Doctor 98,2023-05-08
P0187,Edward,Cook,Doctor 24,2023-05-08
P0194,Michael,Robinson,Doctor 100,2023-05-08
P0222,Justin,Flores,Doctor 61,2023-05-08
P0232,Linda,Collins,Doctor 83,2023-05-08
P0236,Betty,Morales,Doctor 20,2023-05-08
P0276,Michelle,Watson,Doctor 35,2023-05-08
P0411,Jennifer,Young,Doctor 66,2023-05-08
P0469,Patricia,Harris,Doctor 30,2023-05-08
P0504,Angela,Morales,Doctor 8,2023-05-08
P0538,Betty,Phillips,Doctor 37,2023-05-08
P0582,William,Lee,Doctor 12,2023-05-08
P0585,Rebecca,Martin,Doctor 59,2023-05-08
P0587,Larry,Gray,Doctor 30,2023-05-08
P0624,Timothy,Cruz,Doctor 73,2023-05-08
P0645,Donald,Martin,Doctor 52,2023-05-08
P0682,Karen,Reed,Doctor 45,2023-05-08
P0697,Kimberly,King,Doctor 41,2023-05-08
P0700,John,Allen,Doctor 23,2023-05-08
P0777,Daniel,Harris,Doctor 2,2023-05-08
P0819,Kenneth,Kim,Doctor 88,2023-05-08
P0837,Mark,Torres,Doctor 48,2023-05-08
P0899,Brandon,Martin,Doctor 58,2023-05-08
P1150,Aaron,Reed,Doctor 31,2023-05-08
P1190,Alexander,Hill,Doctor 99,2023-05-08
P1210,Kimberly,Ward,Doctor 74,2023-05-08
P1218,Patrick,Young,Doctor 57,2023-05-08
P1346,Sharon,Rogers,Doctor 17,2023-05-08
P1355,Richard,Brooks,Doctor 14,2023-05-08
P1453,Sandra,Ward,Doctor 47,2023-05-08
P1502,Kevin,King,Doctor 88,2023-05-08
P1514,Sharon,Wilson,Doctor 37,2023-05-08
P1551,Mark,James,Doctor 77,2023-05-08
P1616,Karen,Garcia,Doctor 39,2023-05-08
P1639,Eric,Allen,Doctor 45,2023-05-08
P1846,Gregory,Hall,Doctor 51,2023-05-08
P2045,Jeffrey,Gomez,Doctor 73,2023-05-08
P2174,Stephen,Green,Doctor 37,2023-05-08
P2274,Jonathan,Scott,Doctor 58,2023-05-08
P0020,Michael,Diaz,Doctor 79,2023-05-09
P0038,Alexander,Jackson,Doctor 47,2023-05-09
P0108,Eric,Carter,Doctor 92,2023-05-09
P0173,Barbara,Evans,Doctor 24,2023-05-09
P0269,Dorothy,Ruiz,Doctor 15,2023-05-09
P0347,Deborah,Wilson,Doctor 41,2023-05-09
P0386,Andrew,Rogers,Doctor 15,2023-05-09
P0397,James,Thompson,Doctor 50,2023-05-09
P0438,Gary,Collins,Doctor 38,2023-05-09
P0458,Gary,Mendoza,Doctor 76,2023-05-09
P0527,Thomas,Lee,Doctor 65,2023-05-09
P0568,Carol,Martin,Doctor 7,2023-05-09
P0598,Kimberly,Davis,Doctor 8,2023-05-09
P0715,Charles,Nelson,Doctor 2,2023-05-09
P0724,Sarah,Hughes,Doctor 52,2023-05-09
P0767,Melissa,Morris,Doctor 36,2023-05-09
P0789,Jack,Perez,Doctor 30,2023-05-09
P0850,Justin,Ramos,Doctor 24,2023-05-09
P0861,Steven,Richardson,Doctor 18,2023-05-09
P0906,Lisa,Davis,Doctor 97,2023-05-09
P0984,Robert,Baker,Doctor 46,2023-05-09
P1054,Sarah,Clark,Doctor 76,2023-05-09
P1343,Betty,White,Doctor 23,2023-05-09
P1366,Andrew,Price,Doctor 38,2023-05-09
P1405,Kimberly,Robinson,Doctor 71,2023-05-09
P1445,Michelle,Martin,Doctor 6,2023-05-09
P1514,Sharon,Wilson,Doctor 37,2023-05-09
P1530,Jeffrey,Brooks,Doctor 93,2023-05-09
P1747,Timothy,Ramos,Doctor 50,2023-05-09
P1825,Justin,Peterson,Doctor 87,2023-05-09
P1843,James,Clark,Doctor 18,2023-05-09
P1948,Scott,Reed,Doctor 81,2023-05-09
P2021,George,Scott,Doctor 95,2023-05-09
P2025,Nancy,Lopez,Doctor 36,2023-05-09
P2099,Joshua,Garcia,Doctor 56,2023-05-09
P2168,Anthony,Flores,Doctor 22,2023-05-09
P2217,Kimberly,Lee,Doctor 71,2023-05-09
P2218,Joseph,Harris,Doctor 51,2023-05-09
P2236,Jose,Murphy,Doctor 73,2023-05-09
P2281,William,Richardson,Doctor 28,2023-05-09
P0071,Stephen,Stewart,Doctor 53,2023-05-10
P0115,Rebecca,Phillips,Doctor 8,2023-05-10
P0181,Sarah,Cox,Doctor 50,2023-05-10
P0320,Benjamin,Robinson,Doctor 44,2023-05-10
P0463,Jeffrey,Sanchez,Doctor 94,2023-05-10
P0530,Linda,Gomez,Doctor 38,2023-05-10
P0541,Sandra,Alvarez,Doctor 51,2023-05-10
P0549,Susan,King,Doctor 64,2023-05-10
P0721,James,Campbell,Doctor 13,2023-05-10
P0828,Deborah,Evans,Doctor 60,2023-05-10
P0879,Donna,King,Doctor 41,2023-05-10
P0885,Dorothy,Reed,Doctor 79,2023-05-10
P0955,Sarah,Roberts,Doctor 83,2023-05-10
P1056,Timothy,Harris,Doctor 66,2023-05-10
P1105,Joseph,Roberts,Doctor 94,2023-05-10
P1141,Donna,Williams,Doctor 61,2023-05-10
P1222,Larry,Jones,Doctor 34,2023-05-10
P1260,Sarah,Ramirez,Doctor 47,2023-05-10
P1286,Karen,Young,Doctor 87,2023-05-10
P1316,Gary,Thomas,Doctor 69,2023-05-10
P1333,Robert,Wilson,Doctor 76,2023-05-10
P1767,William,Howard,Doctor 13,2023-05-10
P1836,Nancy,Kelly,Doctor 57,2023-05-10
P1857,Donald,Davis,Doctor 69,2023-05-10
P1886,Donald,Campbell,Doctor 74,2023-05-10
P1902,Brenda,Price,Doctor 86,2023-05-10
P1980,Sandra,Stewart,Doctor 62,2023-05-10
P2152,Anthony,Morgan,Doctor 28,2023-05-10
P2186,Nancy,Nguyen,Doctor 74,2023-05-10
P0157,Mary,Campbell,Doctor 66,2023-05-11
P0198,Brian,Ramirez,Doctor 94,2023-05-11
P0300,Linda,Campbell,Doctor 68,2023-05-11
P0316,Andrew,Cruz,Doctor 91,2023-05-11
P0334,Barbara,Collins,Doctor 54,2023-05-11
P0400,Amy,Howard,Doctor 26,2023-05-11
P0408,Ruth,Brooks,Doctor 21,2023-05-11
P0435,Kimberly,Hughes,Doctor 76,2023-05-11
P0543,Cynthia,Sanchez,Doctor 47,2023-05-11
P0775,Jason,Reyes,Doctor 23,2023-05-11
P0817,Dennis,White,Doctor 62,2023-05-11
P1017,Jessica,Wilson,Doctor 50,2023-05-11
P1071,Nicholas,Lopez,Doctor 81,2023-05-11
P1202,James,Ramirez,Doctor 78,2023-05-11
P1230,Larry,Lopez,Doctor 65,2023-05-11
P1268,Ruth,Kelly,Doctor 38,2023-05-11
P1389,Charles,Ward,Doctor 45,2023-05-11
P1434,Helen,Richardson,Doctor 72,2023-05-11
P1517,Jacob,Harris,Doctor 3,2023-05-11
P1597,Joshua,Roberts,Doctor 33,2023-05-11
P1747,Timothy,Ramos,Doctor 50,2023-05-11
P1762,John,Kelly,Doctor 5,2023-05-11
P1786,Anna,Cruz,Doctor 49,2023-05-11
P1799,Eric,Lee,Doctor 79,2023-05-11
P1809,Nicholas,Garcia,Doctor 76,2023-05-11
P1834,Benjamin,Wilson,Doctor 84,2023-05-11
P2012,Kathleen,Flores,Doctor 10,2023-05-11
P2014,Sandra,Scott,Doctor 83,2023-05-11
P2021,George,Scott,Doctor 95,2023-05-11
P2137,Karen,Lopez,Doctor 79,2023-05-11
P2193,Nancy,Campbell,Doctor 5,2023-05-11
P2248,Sharon,Miller,Doctor 17,2023-05-11
P0023,Donna,Myers,Doctor 40,2023-05-12
P0045,Thomas,Rogers,Doctor 77,2023-05-12
P0053,Jerry,Young,Doctor 87,2023-05-12
P0054,Scott,Perez,Doctor 36,2023-05-12
P0106,James,Taylor,Doctor 58,2023-05-12
P0122,Rebecca,Taylor,Doctor 62,2023-05-12
P0252,Lisa,Kelly,Doctor 90,2023-05-12
P0396,Michelle,Kim,Doctor 60,2023-05-12
P0427,David,Wilson,Doctor 57,2023-05-12
P0474,James,Ramos,Doctor 64,2023-05-12
P0500,Karen,Thompson,Doctor 79,2023-05-12
P0509,Tyler,Scott,Doctor 71,2023-05-12
P0529,Daniel,Richardson,Doctor 35,2023-05-12
P0617,Steven,King,Doctor 90,2023-05-12
P0650,Sandra,Collins,Doctor 77,2023-05-12
P0889,Sharon,Rivera,Doctor 33,2023-05-12
P1039,Frank,Brown,Doctor 11,2023-05-12
P1242,Aaron,Brown,Doctor 65,2023-05-12
P1403,Jason,Nelson,Doctor 89,2023-05-12
P1492,Rebecca,Hernandez,Doctor 14,2023-05-12
P1559,James,Castillo,Doctor 14,2023-05-12
P1610,Sandra,Edwards,Doctor 73,2023-05-12
P1655,Gary,Diaz,Doctor 68,2023-05-12
P1661,Scott,Morales,Doctor 100,2023-05-12
P1786,Anna,Cruz,Doctor 42,2023-05-12
P1797,Karen,Carter,Doctor 99,2023-05-12
P2054,Dennis,Johnson,Doctor 62,2023-05-12
P2110,Thomas,Anderson,Doctor 36,2023-05-12
P2114,Raymond,Adams,Doctor 80,2023-05-12
P0009,Kimberly,Lewis,Doctor 91,2023-05-13
P0103,Matthew,Bennett,Doctor 63,2023-05-13
P0106,James,Taylor,Doctor 38,2023-05-13
P0129,Deborah,Ramirez,Doctor 16,2023-05-13
P0142,Gary,Wilson,Doctor 50,2023-05-13
P0250,Lisa,Carter,Doctor 18,2023-05-13
P0505,Shirley,Parker,Doctor 59,2023-05-13
P0687,Helen,White,Doctor 7,2023-05-13
P0694,Stephen,Martin,Doctor 20,2023-05-13
P0809,Nicholas,Myers,Doctor 88,2023-05-13
P0830,Kimberly,Morales,Doctor 20,2023-05-13
P0863,Brian,Edwards,Doctor 36,2023-05-13
P0883,Jacob,Campbell,Doctor 62,2023-05-13
P0886,Sandra,Reed,Doctor 66,2023-05-13
P1168,Anna,Johnson,Doctor 81,2023-05-13
P1207,Sarah,Bailey,Doctor 61,2023-05-13
P1324,Alexander,Clark,Doctor 77,2023-05-13
P1482,Jennifer,Lopez,Doctor 53,2023-05-13
P1498,Helen,Myers,Doctor 2,2023-05-13
P1530,Jeffrey,Brooks,Doctor 93,2023-05-13
P1569,Carol,Baker,Doctor 20,2023-05-13
P1617,Patricia,Mitchell,Doctor 22,2023-05-13
P1691,Jennifer,Sanchez,Doctor 96,2023-05-13
P1701,Samuel,Parker,Doctor 75,2023-05-13
P1755,Jonathan,Clark,Doctor 25,2023-05-13
P1872,Susan,Turner,Doctor 4,2023-05-13
P1884,Nancy,Lee,Doctor 42,2023-05-13
P2017,Frank,Sanchez,Doctor 78,2023-05-13
P2148,Ryan,Martin,Doctor 69,2023-05-13
P2177,Brenda,Walker,Doctor 52,2023-05-13
P2182,Carol,Hill,Doctor 27,2023-05-13
P2212,Jack,Brown,Doctor 75,2023-05-13
P0104,Joshua,Anderson,Doctor 79,2023-05-14
P0166,Ruth,Edwards,Doctor 5,2023-05-14
P0219,Sarah,Young,Doctor 84,2023-05-14
P0224,Brian,Adams,Doctor 57,2023-05-14
P0234,Tyler,Reed,Doctor 26,2023-05-14
P0301,Dorothy,Mitchell,Doctor 15,2023-05-14
P0649,Brian,Carter,Doctor 4,2023-05-14
P0766,Tyler,Wilson,Doctor 87,2023-05-14
P0823,Ruth,Reyes,Doctor 43,2023-05-14
P0907,Karen,Adams,Doctor 89,2023-05-14
P1019,Shirley,Wilson,Doctor 3,2023-05-14
P1132,Tyler,Hall,Doctor 95,2023-05-14
P1158,Emma,Morales,Doctor 33,2023-05-14
P1247,Anna,Cooper,Doctor 85,2023-05-14
P1265,Susan,Anderson,Doctor 32,2023-05-14
P1343,Betty,White,Doctor 67,2023-05-14
P1550,Sandra,Garcia,Doctor 49,2023-05-14
P1594,Ruth,Ward,Doctor 13,2023-05-14
P1665,Charles,Patel,Doctor 71,2023-05-14
P1667,Thomas,Walker,Doctor 59,2023-05-14
P1715,Laura,Myers,Doctor 10,2023-05-14
P1750,Mary,Murphy,Doctor 100,2023-05-14
P1828,Aaron,Lopez,Doctor 43,2023-05-14
P1842,Anthony,White,Doctor 92,2023-05-14
P1859,Joshua,Martin,Doctor 37,2023-05-14
P1899,Amy,Gonzalez,Doctor 49,2023-05-14
P1982,Mary,Williams,Doctor 91,2023-05-14
P2180,Ryan,Anderson,Doctor 22,2023-05-14
P2285,Melissa,Kim,Doctor 29,2023-05-14
P0085,Jessica,Peterson,Doctor 52,2023-05-15
P0105,Timothy,King,Doctor 22,2023-05-15
P0174,Timothy,Sanchez,Doctor 74,2023-05-15
P0236,Betty,Morales,Doctor 20,2023-05-15
P0278,Brenda,Lewis,Doctor 58,2023-05-15
P0318,Daniel,Ramirez,Doctor 84,2023-05-15
P0342,Elizabeth,Richardson,Doctor 29,2023-05-15
P0454,Jason,Thompson,Doctor 50,2023-05-15
P0856,John,Rodriguez,Doctor 58,2023-05-15
P1061,Mark,Wright,Doctor 71,2023-05-15
P1168,Anna,Johnson,Doctor 22,2023-05-15
P1294,William,Jackson,Doctor 87,2023-05-15
P1331,Lisa,Watson,Doctor 15,2023-05-15
P1344,Ruth,Cox,Doctor 48,2023-05-15
P1546,Helen,Bennett,Doctor 39,2023-05-15
P1677,Jack,Wood,Doctor 47,2023-05-15
P1685,Brian,Gray,Doctor 59,2023-05-15
P1829,Andrew,Scott,Doctor 38,2023-05-15
P1847,John,Baker,Doctor 49,2023-05-15
P1877,Brian,Turner,Doctor 62,2023-05-15
P1890,Eric,Garcia,Doctor 65,2023-05-15
P1900,Kenneth,Myers,Doctor 24,2023-05-15
P1912,Sarah,Baker,Doctor 81,2023-05-15
P1925,Helen,Williams,Doctor 61,2023-05-15
P1953,Linda,Harris,Doctor 47,2023-05-15
P2030,Betty,Morgan,Doctor 92,2023-05-15
P2128,Andrew,Reyes,Doctor 21,2023-05-15
P2164,Betty,Baker,Doctor 73,2023-05-15
P2167,William,Wright,Doctor 96,2023-05-15
P2214,Nancy,Cooper,Doctor 14,2023-05-15
P0014,Patrick,Walker,Doctor 75,2023-05-16
P0063,Ronald,Young,Doctor 64,2023-05-16
P0275,Kevin,Flores,Doctor 83,2023-05-16
P0352,Dorothy,Edwards,Doctor 100,2023-05-16
P0395,Raymond,Ramos,Doctor 23,2023-05-16
P0396,Michelle,Kim,Doctor 60,2023-05-16
P0482,Mark,Edwards,Doctor 6,2023-05-16
P0600,Andrew,Martinez,Doctor 95,2023-05-16
P0647,Angela,Carter,Doctor 13,2023-05-16
P0659,Sharon,Garcia,Doctor 53,2023-05-16
P0676,Anthony,Thomas,Doctor 16,2023-05-16
P0677,Christopher,Mitchell,Doctor 39,2023-05-16
P0849,Emma,Stewart,Doctor 58,2023-05-16
P0931,Stephen,Moore,Doctor 78,2023-05-16
P0935,Michelle,Smith,Doctor 65,2023-05-16
P1024,Melissa,Ramos,Doctor 3,2023-05-16
P1034,Sarah,Martinez,Doctor 99,2023-05-16
P1045,Donald,Perez,Doctor 14,2023-05-16
P1110,Barbara,Gutierrez,Doctor 91,2023-05-16
P1153,Charles,Cook,Doctor 25,2023-05-16
P1190,Alexander,Hill,Doctor 99,2023-05-16
P1197,Nancy,Thompson,Doctor 74,2023-05-16
P1366,Andrew,Price,Doctor 81,2023-05-16
P1452,Helen,Baker,Doctor 56,2023-05-16
P1457,James,Evans,Doctor 64,2023-05-16
P1469,Sandra,King,Doctor 76,2023-05-16
P1478,Carol,Ortiz,Doctor 41,2023-05-16
P1514,Sharon,Wilson,Doctor 37,2023-05-16
P1541,Kimberly,Torres,Doctor 44,2023-05-16
P1678,Stephen,Morris,Doctor 85,2023-05-16
P1702,Mary,Wilson,Doctor 37,2023-05-16
P1889,Amy,Adams,Doctor 99,2023-05-16
P2195,Scott,Clark,Doctor 1,2023-05-16
P2212,Jack,Brown,Doctor 75,2023-05-16
P2249,Lisa,Mendoza,Doctor 31,2023-05-16
P2257,Kevin,Hall,Doctor 32,2023-05-16
P0015,Betty,Richardson,Doctor 29,2023-05-17
P0263,Joseph,Ramos,Doctor 86,2023-05-17
P0339,Charles,Cox,Doctor 35,2023-05-17
P0350,Michelle,Mendoza,Doctor 49,2023-05-17
P0386,Andrew,Rogers,Doctor 15,2023-05-17
P0456,Dorothy,Adams,Doctor 12,2023-05-17
P0751,Jose,Chavez,Doctor 15,2023-05-17
P0842,George,Cox,Doctor 71,2023-05-17
P1023,Joseph,Torres,Doctor 2,2023-05-17
P1099,Brenda,Kim,Doctor 62,2023-05-17
P1162,Ryan,Roberts,Doctor 62,2023-05-17
P1181,Christopher,Watson,Doctor 7,2023-05-17
P1190,Alexander,Hill,Doctor 29,2023-05-17
P1230,Larry,Lopez,Doctor 65,2023-05-17
P1269,Joshua,Morgan,Doctor 57,2023-05-17
P1287,Shirley,Baker,Doctor 5,2023-05-17
P1316,Gary,Thomas,Doctor 80,2023-05-17
P1499,Tyler,Mendoza,Doctor 31,2023-05-17
P1596,Nicholas,Wright,Doctor 21,2023-05-17
P1621,Andrew,Davis,Doctor 11,2023-05-17
P1733,Jonathan,Hughes,Doctor 12,2023-05-17
P1752,Cynthia,Clark,Doctor 29,2023-05-17
P1882,Jennifer,Green,Doctor 81,2023-05-17
P1954,Jacob,Alvarez,Doctor 58,2023-05-17
P1986,Laura,Cook,Doctor 73,2023-05-17
P1992,Patricia,Myers,Doctor 95,2023-05-17
P2270,Robert,Gray,Doctor 23,2023-05-17
P2272,Scott,Lopez,Doctor 69,2023-05-17
P2289,Ryan,Patel,Doctor 97,2023-05-17
P0142,Gary,Wilson,Doctor 50,2023-05-18
P0187,Edward,Cook,Doctor 24,2023-05-18
P0259,Helen,Collins,Doctor 72,2023-05-18
P0329,Donna,Carter,Doctor 44,2023-05-18
P0359,Betty,Lopez,Doctor 40,2023-05-18
P0371,Jonathan,Moore,Doctor 67,2023-05-18
P0416,Kimberly,Ramos,Doctor 85,2023-05-18
P0486,Deborah,Parker,Doctor 27,2023-05-18
P0513,Karen,Ramos,Doctor 41,2023-05-18
P0598,Kimberly,Davis,Doctor 30,2023-05-18
P0609,Susan,Hernandez,Doctor 70,2023-05-18
P0840,Aaron,Miller,Doctor 70,2023-05-18
P0859,Aaron,Ramos,Doctor 68,2023-05-18
P0967,Shirley,Chavez,Doctor 24,2023-05-18
P0971,Larry,Wood,Doctor 85,2023-05-18
P1127,James,Ruiz,Doctor 43,2023-05-18
P1240,Shirley,James,Doctor 21,2023-05-18
P1241,Helen,Torres,Doctor 47,2023-05-18
P1470,Scott,Ruiz,Doctor 38,2023-05-18
P1569,Carol,Baker,Doctor 20,2023-05-18
P1703,Kathleen,Perez,Doctor 97,2023-05-18
P1730,Amy,Chavez,Doctor 43,2023-05-18
P1753,Ronald,Evans,Doctor 87,2023-05-18
P1832,Thomas,Torres,Doctor 22,2023-05-18
P1874,Andrew,Hill,Doctor 99,2023-05-18
P1961,Deborah,Clark,Doctor 15,2023-05-18
P2017,Frank,Sanchez,Doctor 78,2023-05-18
P2052,Jose,Cox,Doctor 78,2023-05-18
P2281,William,Richardson,Doctor 11,2023-05-18
P2297,Cynthia,Williams,Doctor 81,2023-05-18
P0124,Frank,Rogers,Doctor 51,2023-05-19
P0137,Patricia,Clark,Doctor 44,2023-05-19
P0272,Betty,Ramos,Doctor 9,2023-05-19
P0372,Gregory,Ward,Doctor 84,2023-05-19
P0380,Mary,Smith,Doctor 1,2023-05-19
P0392,Tyler,Gray,Doctor 53,2023-05-19
P0436,Karen,Roberts,Doctor 24,2023-05-19
P0518,Amy,Alvarez,Doctor 99,2023-05-19
P0548,William,Reed,Doctor 32,2023-05-19
P0591,Laura,Bennett,Doctor 46,2023-05-19
P0873,Betty,Turner,Doctor 19,2023-05-19
P0877,Brenda,Adams,Doctor 78,2023-05-19
P0906,Lisa,Davis,Doctor 97,2023-05-19
P0940,Jessica,Chavez,Doctor 45,2023-05-19
P0996,Carol,Howard,Doctor 66,2023-05-19
P1024,Melissa,Ramos,Doctor 3,2023-05-19
P1165,Ruth,Flores,Doctor 57,2023-05-19
P1224,Jerry,Torres,Doctor 81,2023-05-19
P1253,Emma,Flores,Doctor 47,2023-05-19
P1266,Deborah,Kim,Doctor 42,2023-05-19
P1431,Michael,Reed,Doctor 48,2023-05-19
P1995,Justin,Martinez,Doctor 58,2023-05-19
P2013,Helen,Peterson,Doctor 5,2023-05-19
P2063,Jack,Allen,Doctor 66,2023-05-19
P2090,Laura,Adams,Doctor 38,2023-05-19
P2090,Laura,Adams,Doctor 38,2023-05-19
P2227,Betty,Thomas,Doctor 8,2023-05-19
P2253,William,Wilson,Doctor 82,2023-05-19
P2276,Dorothy,Castillo,Doctor 96,2023-05-19
P0041,Benjamin,Sanders,Doctor 27,2023-05-20
P0131,Barbara,Green,Doctor 17,2023-05-20
P0154,Patrick,Howard,Doctor 62,2023-05-20
P0217,Cynthia,Murphy,Doctor 46,2023-05-20
P0257,Aaron,Chavez,Doctor 54,2023-05-20
P0273,David,Anderson,Doctor 93,2023-05-20
P0520,Brandon,Moore,Doctor 14,2023-05-20
P0544,Donna,Hall,Doctor 46,2023-05-20
P0561,Gary,Murphy,Doctor 21,2023-05-20
P0646,Donna,Diaz,Doctor 19,2023-05-20
P0750,Cynthia,Hall,Doctor 98,2023-05-20
P0765,Charles,Mendoza,Doctor 78,2023-05-20
P0825,Jerry,Hernandez,Doctor 24,2023-05-20
P0951,Rebecca,Baker,Doctor 85,2023-05-20
P1003,Emma,Wood,Doctor 52,2023-05-20
P1092,Benjamin,Cox,Doctor 47,2023-05-20
P1118,Nancy,Edwards,Doctor 41,2023-05-20
P1118,Nancy,Edwards,Doctor 41,2023-05-20
P1179,Carol,Young,Doctor 14,2023-05-20
P1231,William,Kelly,Doctor 9,2023-05-20
P1297,Robert,Turner,Doctor 28,2023-05-20
P1478,Carol,Ortiz,Doctor 41,2023-05-20
P1719,Cynthia,Phillips,Doctor 47,2023-05-20
P1771,Jason,Chavez,Doctor 93,2023-05-20
P1939,Michelle,Moore,Doctor 93,2023-05-20
P2137,Karen,Lopez,Doctor 79,2023-05-20
P2182,Carol,Hill,Doctor 27,2023-05-20
P2206,Anna,James,Doctor 34,2023-05-20
P0111,Dorothy,Howard,Doctor 81,2023-05-21
P0265,Shirley,Bennett,Doctor 7,2023-05-21
P0267,Amy,James,Doctor 20,2023-05-21
P0347,Deborah,Wilson,Doctor 41,2023-05-21
P0362,Brian,Sanders,Doctor 63,2023-05-21
P0382,Karen,Cooper,Doctor 13,2023-05-21
P0439,Alexander,Cruz,Doctor 29,2023-05-21
P0580,Timothy,Walker,Doctor 39,2023-05-21
P0669,Dennis,Price,Doctor 70,2023-05-21
P0684,William,Morris,Doctor 40,2023-05-21
P0743,Joshua,Sanders,Doctor 26,2023-05-21
P0781,Scott,Lewis,Doctor 47,2023-05-21
P0790,Benjamin,Morgan,Doctor 12,2023-05-21
P0811,Melissa,Gutierrez,Doctor 38,2023-05-21
P0814,Deborah,Miller,Doctor 55,2023-05-21
P0917,Jessica,Torres,Doctor 30,2023-05-21
P0976,Benjamin,Taylor,Doctor 85,2023-05-21
P0985,Deborah,Johnson,Doctor 100,2023-05-21
P0985,Deborah,Johnson,Doctor 100,2023-05-21
P0988,Kimberly,Castillo,Doctor 78,2023-05-21
P1154,Jacob,Jackson,Doctor 98,2023-05-21
P1166,Gregory,Thompson,Doctor 8,2023-05-21
P1192,Sandra,Moore,Doctor 98,2023-05-21
P1212,Samuel,Torres,Doctor 58,2023-05-21
P1289,Benjamin,Kelly,Doctor 89,2023-05-21
P1672,Patrick,Moore,Doctor 98,2023-05-21
P1713,Helen,Sanders,Doctor 39,2023-05-21
P1815,Mark,Turner,Doctor 20,2023-05-21
P1820,Steven,Nelson,Doctor 35,2023-05-21
P1849,Robert,Gomez,Doctor 58,2023-05-21
P1885,James,Lewis,Doctor 31,2023-05-21
P1916,Edward,Jackson,Doctor 51,2023-05-21
P1946,Gary,Mitchell,Doctor 2,2023-05-21
P1948,Scott,Reed,Doctor 86,2023-05-21
P1990,Donna,Castillo,Doctor 66,2023-05-21
P2251,Virginia,Edwards,Doctor 49,2023-05-21
P0029,Michelle,Wilson,Doctor 10,2023-05-22
P0356,Kathleen,Moore,Doctor 14,2023-05-22
P0386,Andrew,Rogers,Doctor 15,2023-05-22
P0397,James,Thompson,Doctor 39,2023-05-22
P0418,Kimberly,Bennett,Doctor 22,2023-05-22
P0832,Joshua,Flores,Doctor 15,2023-05-22
P0973,Lisa,Campbell,Doctor 85,2023-05-22
P1112,Christopher,Nguyen,Doctor 81,2023-05-22
P1177,Raymond,Lopez,Doctor 9,2023-05-22
P1186,Helen,Harris,Doctor 82,2023-05-22
P1229,Ruth,Morales,Doctor 21,2023-05-22
P1248,Christopher,Price,Doctor 42,2023-05-22
P1255,Kathleen,James,Doctor 8,2023-05-22
P1548,Kimberly,Brooks,Doctor 78,2023-05-22
P1613,Betty,Cruz,Doctor 62,2023-05-22
P1664,Jessica,Taylor,Doctor 21,2023-05-22
P1700,Matthew,Jackson,Doctor 1,2023-05-22
P1787,Sandra,Turner,Doctor 100,2023-05-22
P1805,Jason,Sanchez,Doctor 6,2023-05-22
P1879,Jonathan,Nelson,Doctor 30,2023-05-22
P1999,Andrew,Garcia,Doctor 99,2023-05-22
P2089,Robert,Richardson,Doctor 35,2023-05-22
P2125,Jacob,Carter,Doctor 89,2023-05-22
P2171,Gary,Myers,Doctor 2,2023-05-22
P2255,Eric,Mitchell,Doctor 77,2023-05-22
P0052,Sandra,Patel,Doctor 53,2023-05-23
P0143,Ryan,Campbell,Doctor 89,2023-05-23
P0143,Ryan,Campbell,Doctor 76,2023-05-23
P0277,Nancy,Davis,Doctor 66,2023-05-23
P0331,Jennifer,Diaz,Doctor 59,2023-05-23
P0349,Daniel,Williams,Doctor 47,2023-05-23
P0464,Kevin,Chavez,Doctor 93,2023-05-23
P0613,Mark,Alvarez,Doctor 60,2023-05-23
P0668,Joseph,Flores,Doctor 63,2023-05-23
P0723,Susan,Morris,Doctor 3,2023-05-23
P0730,Patrick,Lopez,Doctor 89,2023-05-23
P0807,Eric,Bailey,Doctor 7,2023-05-23
P0872,Virginia,Davis,Doctor 46,2023-05-23
P0911,Richard,Hughes,Doctor 13,2023-05-23
P1001,Emma,Green,Doctor 38,2023-05-23
P1101,Charles,Sanders,Doctor 56,2023-05-23
P1157,James,Edwards,Doctor 99,2023-05-23
P1301,Richard,Hernandez,Doctor 51,2023-05-23
P1352,Timothy,Lee,Doctor 19,2023-05-23
P1447,Eric,Bennett,Doctor 15,2023-05-23
P1510,Kimberly,Howard,Doctor 44,2023-05-23
P1582,Rebecca,Gomez,Doctor 39,2023-05-23
P1585,David,Ramirez,Doctor 8,2023-05-23
P1600,John,Bailey,Doctor 38,2023-05-23
P1629,Amy,Watson,Doctor 24,2023-05-23
P1712,Jason,Garcia,Doctor 27,2023-05-23
P1796,Andrew,Parker,Doctor 60,2023-05-23
P1940,William,Torres,Doctor 16,2023-05-23
P2021,George,Scott,Doctor 28,2023-05-23
P2090,Laura,Adams,Doctor 38,2023-05-23
P2090,Laura,Adams,Doctor 40,2023-05-23
P2155,Kimberly,Ortiz,Doctor 50,2023-05-23
P2178,Emma,Collins,Doctor 89,2023-05-23
P2199,Frank,Anderson,Doctor 39,2023-05-23
P2248,Sharon,Miller,Doctor 17,2023-05-23
P0014,Patrick,Walker,Doctor 1,2023-05-24
P0034,Joseph,Nelson,Doctor 30,2023-05-24
P0127,Mary,Allen,Doctor 52,2023-05-24
P0162,Ronald,Brooks,Doctor 82,2023-05-24
P0180,Jason,Rivera,Doctor 96,2023-05-24
P0210,Larry,Thomas,Doctor 84,2023-05-24
P0223,Ronald,Rodriguez,Doctor 62,2023-05-24
P0426,Scott,Wright,Doctor 79,2023-05-24
P0497,Edward,Hall,Doctor 7,2023-05-24
P0590,Tyler,Thompson,Doctor 15,2023-05-24
P0600,Andrew,Martinez,Doctor 10,2023-05-24
P0617,Steven,King,Doctor 22,2023-05-24
P0647,Angela,Carter,Doctor 98,2023-05-24
P0832,Joshua,Flores,Doctor 15,2023-05-24
P0974,Sandra,Ramos,Doctor 66,2023-05-24
P1108,Michelle,Wright,Doctor 21,2023-05-24
P1177,Raymond,Lopez,Doctor 9,2023-05-24
P1333,Robert,Wilson,Doctor 76,2023-05-24
P1396,Jason,James,Doctor 88,2023-05-24
P1530,Jeffrey,Brooks,Doctor 93,2023-05-24
P1549,Patrick,King,Doctor 60,2023-05-24
P1598,Jack,Smith,Doctor 20,2023-05-24
P1682,Michael,Johnson,Doctor 83,2023-05-24
P1685,Brian,Gray,Doctor 59,2023-05-24
P1800,Dennis,Collins,Doctor 91,2023-05-24
P1806,Jose,Baker,Doctor 71,2023-05-24
P1859,Joshua,Martin,Doctor 37,2023-05-24
P1860,Jacob,Howard,Doctor 68,2023-05-24
P1979,Carol,Reed,Doctor 90,2023-05-24
P1986,Laura,Cook,Doctor 73,2023-05-24
P2257,Kevin,Hall,Doctor 32,2023-05-24
P0084,Edward,Morris,Doctor 93,2023-05-25
P0101,Rebecca,Nelson,Doctor 95,2023-05-25
P0210,Larry,Thomas,Doctor 84,2023-05-25
P0349,Daniel,Williams,Doctor 59,2023-05-25
P0363,Raymond,Alvarez,Doctor 80,2023-05-25
P0534,Nicholas,Wood,Doctor 73,2023-05-25
P0793,Carol,Wright,Doctor 97,2023-05-25
P0796,Jennifer,Parker,Doctor 90,2023-05-25
P0951,Rebecca,Baker,Doctor 85,2023-05-25
P1010,Elizabeth,Clark,Doctor 79,2023-05-25
P1275,Gary,Gray,Doctor 37,2023-05-25
P1288,Jessica,Kim,Doctor 33,2023-05-25
P1369,Nicholas,Taylor,Doctor 15,2023-05-25
P1459,Stephen,Lee,Doctor 86,2023-05-25
P1567,Sarah,Allen,Doctor 3,2023-05-25
P1567,Sarah,Allen,Doctor 3,2023-05-25
P1603,Jerry,Turner,Doctor 50,2023-05-25
P1618,Ronald,Davis,Doctor 12,2023-05-25
P1635,Sandra,Robinson,Doctor 40,2023-05-25
P1715,Laura,Myers,Doctor 10,2023-05-25
P1787,Sandra,Turner,Doctor 100,2023-05-25
P1892,Kathleen,Collins,Doctor 92,2023-05-25
P1975,Rebecca,Garcia,Doctor 16,2023-05-25
P1985,Patricia,Hall,Doctor 82,2023-05-25
P2110,Thomas,Anderson,Doctor 36,2023-05-25
P2140,Benjamin,Wright,Doctor 71,2023-05-25
P2146,Samuel,Green,Doctor 50,2023-05-25
P0019,Emma,Rogers,Doctor 56,2023-05-26
P0095,Michelle,Nelson,Doctor 35,2023-05-26
P0099,Betty,Brooks,Doctor 31,2023-05-26
P0102,Barbara,Robinson,Doctor 60,2023-05-26
P0207,Edward,Brooks,Doctor 1,2023-05-26
P0224,Brian,Adams,Doctor 57,2023-05-26
P0226,Brian,Anderson,Doctor 25,2023-05-26
P0296,Deborah,Nelson,Doctor 21,2023-05-26
P0325,Joseph,Stewart,Doctor 89,2023-05-26
P0340,Dorothy,Chavez,Doctor 70,2023-05-26
P0371,Jonathan,Moore,Doctor 83,2023-05-26
P0417,Sharon,Clark,Doctor 99,2023-05-26
P0597,Sarah,Thomas,Doctor 78,2023-05-26
P0851,Jerry,Garcia,Doctor 1,2023-05-26
P1237,Angela,Torres,Doctor 2,2023-05-26
P1263,Sharon,Martinez,Doctor 77,2023-05-26
P1351,William,Thomas,Doctor 9,2023-05-26
P1495,Sandra,Chavez,Doctor 43,2023-05-26
P1622,Sandra,Perez,Doctor 19,2023-05-26
P1742,Timothy,Patel,Doctor 77,2023-05-26
P1997,Amy,Mitchell,Doctor 31,2023-05-26
P2015,Jessica,Young,Doctor 64,2023-05-26
P2187,Robert,Davis,Doctor 81,2023-05-26
P0373,Samuel,Chavez,Doctor 50,2023-05-27
P0432,Virginia,Evans,Doctor 61,2023-05-27
P0455,William,Baker,Doctor 39,2023-05-27
P0509,Tyler,Scott,Doctor 71,2023-05-27
P0631,Jason,Miller,Doctor 39,2023-05-27
P0894,Deborah,Mendoza,Doctor 54,2023-05-27
P0918,Ryan,Taylor,Doctor 70,2023-05-27
P1075,Sharon,Gonzalez,Doctor 35,2023-05-27
P1143,Ruth,Smith,Doctor 64,2023-05-27
P1203,Mark,Bailey,Doctor 62,2023-05-27
P1232,Christopher,Brown,Doctor 60,2023-05-27
P1307,Linda,Allen,Doctor 17,2023-05-27
P1361,Helen,Lopez,Doctor 91,2023-05-27
P1488,Justin,Lopez,Doctor 54,2023-05-27
P1510,Kimberly,Howard,Doctor 52,2023-05-27
P1556,Cynthia,Lewis,Doctor 68,2023-05-27
P1575,Robert,Lewis,Doctor 36,2023-05-27
P1622,Sandra,Perez,Doctor 12,2023-05-27
P1630,Lisa,Hernandez,Doctor 66,2023-05-27
P1654,Jonathan,Hall,Doctor 52,2023-05-27
P1705,Dennis,Lopez,Doctor 33,2023-05-27
P1818,Helen,Rogers,Doctor 89,2023-05-27
P1819,Frank,Gutierrez,Doctor 19,2023-05-27
P1834,Benjamin,Wilson,Doctor 84,2023-05-27
P1835,Charles,Miller,Doctor 54,2023-05-27
P1917,Larry,Alvarez,Doctor 71,2023-05-27
P1938,Joseph,Young,Doctor 25,2023-05-27
P2073,Joshua,Morris,Doctor 40,2023-05-27
P0132,Aaron,Campbell,Doctor 88,2023-05-28
P0363,Raymond,Alvarez,Doctor 35,2023-05-28
P0366,James,Lopez,Doctor 49,2023-05-28
P0371,Jonathan,Moore,Doctor 83,2023-05-28
P0434,Laura,Ortiz,Doctor 91,2023-05-28
P0578,Jack,Robinson,Doctor 44,2023-05-28
P0614,Joseph,Davis,Doctor 20,2023-05-28
P0681,Anthony,Brooks,Doctor 8,2023-05-28
P0692,Amy,Brown,Doctor 48,2023-05-28
P0833,Samuel,Gray,Doctor 8,2023-05-28
P0884,Dorothy,Sanchez,Doctor 1,2023-05-28
P0941,Kimberly,Nelson,Doctor 21,2023-05-28
P1008,Jose,Turner,Doctor 90,2023-05-28
P1039,Frank,Brown,Doctor 11,2023-05-28
P1332,Joshua,Parker,Doctor 75,2023-05-28
P1347,Betty,Hernandez,Doctor 53,2023-05-28
P1431,Michael,Reed,Doctor 9,2023-05-28
P1477,Lisa,Thompson,Doctor 67,2023-05-28
P1482,Jennifer,Lopez,Doctor 53,2023-05-28
P1504,George,Alvarez,Doctor 28,2023-05-28
P1665,Charles,Patel,Doctor 47,2023-05-28
P1682,Michael,Johnson,Doctor 31,2023-05-28
P1692,Jose,Gonzalez,Doctor 33,2023-05-28
P1700,Matthew,Jackson,Doctor 1,2023-05-28
P1791,Christopher,Taylor,Doctor 34,2023-05-28
P1885,James,Lewis,Doctor 31,2023-05-28
P2135,Susan,Ramos,Doctor 16,2023-05-28
P2184,Thomas,Morris,Doctor 97,2023-05-28
P2254,Kenneth,Campbell,Doctor 75,2023-05-28
P0080,Donna,Parker,Doctor 6,2023-05-29
P0235,Jeffrey,Myers,Doctor 90,2023-05-29
P0500,Karen,Thompson,Doctor 79,2023-05-29
P0584,Donald,Hughes,Doctor 37,2023-05-29
P0587,Larry,Gray,Doctor 30,2023-05-29
P0596,Ruth,Nelson,Doctor 59,2023-05-29
P0686,Kimberly,Morris,Doctor 6,2023-05-29
P0701,Larry,Edwards,Doctor 57,2023-05-29
P0954,Michelle,Walker,Doctor 80,2023-05-29
P0965,Andrew,Brown,Doctor 82,2023-05-29
P0994,Raymond,Wood,Doctor 86,2023-05-29
P1058,Linda,Wilson,Doctor 35,2023-05-29
P1069,Justin,Brown,Doctor 24,2023-05-29
P1190,Alexander,Hill,Doctor 29,2023-05-29
P1208,Tyler,Carter,Doctor 73,2023-05-29
P1218,Patrick,Young,Doctor 48,2023-05-29
P1340,Nancy,James,Doctor 65,2023-05-29
P1425,Sarah,Ramos,Doctor 69,2023-05-29
P1448,Ronald,Carter,Doctor 13,2023-05-29
P1467,Ryan,Martinez,Doctor 11,2023-05-29
P1505,Frank,Rodriguez,Doctor 57,2023-05-29
P1559,James,Castillo,Doctor 73,2023-05-29
P1732,Sarah,Turner,Doctor 54,2023-05-29
P1748,Frank,King,Doctor 74,2023-05-29
P1794,David,Jackson,Doctor 25,2023-05-29
P2026,Gregory,Cruz,Doctor 40,2023-05-29
P2196,Larry,Sanders,Doctor 57,2023-05-29
P2220,Kimberly,Cooper,Doctor 49,2023-05-29
P0007,Nancy,Allen,Doctor 30,2023-05-30
P0012,Melissa,Ruiz,Doctor 67,2023-05-30
P0237,Dorothy,Ward,Doctor 18,2023-05-30
P0245,Ruth,Martinez,Doctor 26,2023-05-30
P0260,Angela,Nelson,Doctor 35,2023-05-30
P0319,Sandra,Morales,Doctor 11,2023-05-30
P0328,Christopher,Garcia,Doctor 80,2023-05-30
P0451,Rebecca,Kelly,Doctor 21,2023-05-30
P0485,Gregory,Reed,Doctor 17,2023-05-30
P0568,Carol,Martin,Doctor 7,2023-05-30
P0570,Mary,Hill,Doctor 13,2023-05-30
P0596,Ruth,Nelson,Doctor 59,2023-05-30
P0631,Jason,Miller,Doctor 39,2023-05-30
P0771,Laura,Wood,Doctor 58,2023-05-30
P0778,Patrick,Scott,Doctor 62,2023-05-30
P0832,Joshua,Flores,Doctor 17,2023-05-30
P0979,Charles,Williams,Doctor 60,2023-05-30
P1339,Matthew,Parker,Doctor 69,2023-05-30
P1365,Frank,Walker,Doctor 73,2023-05-30
P1393,Matthew,Mitchell,Doctor 23,2023-05-30
P1458,Anthony,Harris,Doctor 33,2023-05-30
P1780,Betty,Hughes,Doctor 85,2023-05-30
P1790,Ruth,Walker,Doctor 34,2023-05-30
P1805,Jason,Sanchez,Doctor 6,2023-05-30
P1811,Donna,Nelson,Doctor 35,2023-05-30
P2095,James,Mendoza,Doctor 68,2023-05-30
P2162,Amy,Ruiz,Doctor 25,2023-05-30
P2164,Betty,Baker,Doctor 73,2023-05-30
P2226,Susan,Hall,Doctor 49,2023-05-30
P0013,Scott,Harris,Doctor 47,2023-05-31
P0031,Andrew,Mendoza,Doctor 13,2023-05-31
P0169,Benjamin,King,Doctor 22,2023-05-31
P0192,Jack,Mitchell,Doctor 63,2023-05-31
P0233,Ruth,White,Doctor 49,2023-05-31
P0259,Helen,Collins,Doctor 47,2023-05-31
P0638,Cynthia,Wright,Doctor 17,2023-05-31
P0683,Robert,Carter,Doctor 5,2023-05-31
P0822,Jeffrey,Murphy,Doctor 53,2023-05-31
P0840,Aaron,Miller,Doctor 32,2023-05-31
P0874,Thomas,James,Doctor 2,2023-05-31
P0951,Rebecca,Baker,Doctor 85,2023-05-31
P0974,Sandra,Ramos,Doctor 80,2023-05-31
P0983,Shirley,Anderson,Doctor 69,2023-05-31
P1061,Mark,Wright,Doctor 71,2023-05-31
P1081,George,Ortiz,Doctor 11,2023-05-31
P1180,Amy,Reyes,Doctor 39,2023-05-31
P1234,Larry,Brown,Doctor 43,2023-05-31
P1240,Shirley,James,Doctor 48,2023-05-31
P1491,Raymond,Myers,Doctor 13,2023-05-31
P1565,Kathleen,Torres,Doctor 63,2023-05-31
P1648,Anna,Gutierrez,Doctor 3,2023-05-31
P1747,Timothy,Ramos,Doctor 50,2023-05-31
P1766,Donna,Wilson,Doctor 40,2023-05-31
P1774,Helen,Martin,Doctor 23,2023-05-31
P1859,Joshua,Martin,Doctor 36,2023-05-31
P1918,Patrick,Jackson,Doctor 37,2023-05-31
P1929,Joseph,Carter,Doctor 44,2023-05-31
P2172,Brandon,Roberts,Doctor 45,2023-05-31
P2190,George,Morales,Doctor 98,2023-05-31
P2208,Karen,Ruiz,Doctor 72,2023-05-31
P2221,Michelle,Morales,Doctor 95,2023-05-31
P0073,Jason,Gray,Doctor 86,2023-06-01
P0092,Stephen,James,Doctor 91,2023-06-01
P0263,Joseph,Ramos,Doctor 86,2023-06-01
P0272,Betty,Ramos,Doctor 9,2023-06-01
P0273,David,Anderson,Doctor 93,2023-06-01
P0380,Mary,Smith,Doctor 1,2023-06-01
P0441,Kathleen,Johnson,Doctor 39,2023-06-01
P0751,Jose,Chavez,Doctor 15,2023-06-01
P0806,Jessica,Martinez,Doctor 38,2023-06-01
P0847,Steven,Hernandez,Doctor 85,2023-06-01
P0972,Brian,Brown,Doctor 78,2023-06-01
P1033,Angela,Johnson,Doctor 42,2023-06-01
P1044,Justin,Robinson,Doctor 61,2023-06-01
P1236,Sarah,Gonzalez,Doctor 15,2023-06-01
P1246,Elizabeth,Hill,Doctor 41,2023-06-01
P1292,Jerry,Rodriguez,Doctor 46,2023-06-01
P1297,Robert,Turner,Doctor 82,2023-06-01
P1385,Donna,Johnson,Doctor 91,2023-06-01
P1385,Donna,Johnson,Doctor 91,2023-06-01
P1408,Sandra,Ramirez,Doctor 70,2023-06-01
P1469,Sandra,King,Doctor 76,2023-06-01
P1493,Richard,Reed,Doctor 18,2023-06-01
P1569,Carol,Baker,Doctor 20,2023-06-01
P1793,William,Nguyen,Doctor 94,2023-06-01
P1800,Dennis,Collins,Doctor 91,2023-06-01
P1858,Emma,Patel,Doctor 19,2023-06-01
P1906,Sharon,Davis,Doctor 24,2023-06-01
P0010,Jose,Alvarez,Doctor 35,2023-06-02
P0065,David,Mitchell,Doctor 52,2023-06-02
P0066,Betty,Clark,Doctor 54,2023-06-02
P0086,Karen,Myers,Doctor 85,2023-06-02
P0188,Anthony,Patel,Doctor 8,2023-06-02
P0316,Andrew,Cruz,Doctor 91,2023-06-02
P0605,Benjamin,Reed,Doctor 62,2023-06-02
P0664,Thomas,Moore,Doctor 97,2023-06-02
P0765,Charles,Mendoza,Doctor 35,2023-06-02
P0774,Frank,Johnson,Doctor 62,2023-06-02
P0940,Jessica,Chavez,Doctor 45,2023-06-02
P1038,Edward,Chavez,Doctor 56,2023-06-02
P1087,Angela,Gray,Doctor 7,2023-06-02
P1213,Steven,Stewart,Doctor 80,2023-06-02
P1373,Christopher,Young,Doctor 8,2023-06-02
P1418,Jacob,Stewart,Doctor 60,2023-06-02
P1530,Jeffrey,Brooks,Doctor 31,2023-06-02
P1599,Patricia,Johnson,Doctor 33,2023-06-02
P1668,Aaron,Cook,Doctor 54,2023-06-02
P1732,Sarah,Turner,Doctor 54,2023-06-02
P1800,Dennis,Collins,Doctor 91,2023-06-02
P1896,Jeffrey,Mendoza,Doctor 36,2023-06-02
P1982,Mary,Williams,Doctor 58,2023-06-02
P2070,Patrick,Bailey,Doctor 56,2023-06-02
P2111,Jason,Wood,Doctor 48,2023-06-02
P2182,Carol,Hill,Doctor 27,2023-06-02
P0037,Stephen,Rogers,Doctor 86,2023-06-03
P0124,Frank,Rogers,Doctor 51,2023-06-03
P0161,Melissa,Phillips,Doctor 5,2023-06-03
P0230,Michelle,Anderson,Doctor 16,2023-06-03
P0310,Joshua,Murphy,Doctor 57,2023-06-03
P0534,Nicholas,Wood,Doctor 48,2023-06-03
P0567,Anthony,Young,Doctor 56,2023-06-03
P0577,Jessica,Thompson,Doctor 33,2023-06-03
P0728,Jack,Martinez,Doctor 45,2023-06-03
P0812,Sarah,Watson,Doctor 78,2023-06-03
P0838,David,Edwards,Doctor 20,2023-06-03
P0896,Michelle,Morris,Doctor 92,2023-06-03
P0904,Aaron,Smith,Doctor 71,2023-06-03
P0966,Emma,Edwards,Doctor 88,2023-06-03
P1010,Elizabeth,Clark,Doctor 79,2023-06-03
P1048,Jason,Williams,Doctor 87,2023-06-03
P1073,Andrew,Thompson,Doctor 76,2023-06-03
P1193,Helen,Ortiz,Doctor 68,2023-06-03
P1308,James,Martinez,Doctor 54,2023-06-03
P1337,George,Gomez,Doctor 53,2023-06-03
P1371,Samuel,Phillips,Doctor 36,2023-06-03
P1511,Sarah,Kelly,Doctor 23,2023-06-03
P1534,William,Campbell,Doctor 11,2023-06-03
P1589,Patrick,Ramirez,Doctor 49,2023-06-03
P1626,Helen,Edwards,Doctor 30,2023-06-03
P1838,Samuel,Gutierrez,Doctor 69,2023-06-03
P1863,Angela,Gutierrez,Doctor 8,2023-06-03
P1916,Edward,Jackson,Doctor 56,2023-06-03
P1962,Laura,Morris,Doctor 98,2023-06-03
P2015,Jessica,Young,Doctor 64,2023-06-03
P2036,Jeffrey,Rivera,Doctor 43,2023-06-03
P2083,Kimberly,Gonzalez,Doctor 45,2023-06-03
P2257,Kevin,Hall,Doctor 32,2023-06-03
P0056,Christopher,Roberts,Doctor 11,2023-06-04
P0076,Karen,Ramirez,Doctor 4,2023-06-04
P0108,Eric,Carter,Doctor 49,2023-06-04
P0430,Michelle,Ruiz,Doctor 93,2023-06-04
P0439,Alexander,Cruz,Doctor 40,2023-06-04
P0532,Edward,Stewart,Doctor 3,2023-06-04
P0547,Ronald,Anderson,Doctor 96,2023-06-04
P0561,Gary,Murphy,Doctor 77,2023-06-04
P0672,Kevin,Price,Doctor 9,2023-06-04
P0736,Jose,James,Doctor 4,2023-06-04
P0821,Brandon,Nelson,Doctor 60,2023-06-04
P1067,Justin,Young,Doctor 3,2023-06-04
P1215,Jacob,Hill,Doctor 24,2023-06-04
P1219,Dennis,Baker,Doctor 65,2023-06-04
P1233,Sharon,Smith,Doctor 1,2023-06-04
P1291,Lisa,Torres,Doctor 63,2023-06-04
P1293,Ruth,Cooper,Doctor 64,2023-06-04
P1356,George,Robinson,Doctor 50,2023-06-04
P1363,Jason,Price,Doctor 90,2023-06-04
P1400,William,Martin,Doctor 59,2023-06-04
P1423,Sarah,Rogers,Doctor 79,2023-06-04
P1470,Scott,Ruiz,Doctor 38,2023-06-04
P1500,Virginia,Jones,Doctor 68,2023-06-04
P1542,Jerry,Sanchez,Doctor 9,2023-06-04
P1572,Patrick,Bennett,Doctor 83,2023-06-04
P1689,Kathleen,Phillips,Doctor 27,2023-06-04
P1747,Timothy,Ramos,Doctor 44,2023-06-04
P1757,Sandra,Clark,Doctor 78,2023-06-04
P1759,Kimberly,Anderson,Doctor 23,2023-06-04
P1834,Benjamin,Wilson,Doctor 84,2023-06-04
P1850,Joseph,Taylor,Doctor 82,2023-06-04
P1893,Amy,Richardson,Doctor 15,2023-06-04
P1956,Virginia,Moore,Doctor 75,2023-06-04
P2048,Thomas,Patel,Doctor 46,2023-06-04
P2067,Donald,Ortiz,Doctor 98,2023-06-04
P2075,Tyler,Ortiz,Doctor 71,2023-06-04
P0082,Jeffrey,Alvarez,Doctor 30,2023-06-05
P0089,Larry,Kim,Doctor 34,2023-06-05
P0119,Kenneth,Bailey,Doctor 23,2023-06-05
P0155,Anthony,Cook,Doctor 36,2023-06-05
P0220,Daniel,Garcia,Doctor 23,2023-06-05
P0223,Ronald,Rodriguez,Doctor 62,2023-06-05
P0285,Jason,Edwards,Doctor 78,2023-06-05
P0336,Joshua,Phillips,Doctor 20,2023-06-05
P0337,David,Collins,Doctor 8,2023-06-05
P0375,James,Diaz,Doctor 90,2023-06-05
P0477,Larry,Myers,Doctor 29,2023-06-05
P0550,Brenda,Jones,Doctor 10,2023-06-05
P0883,Jacob,Campbell,Doctor 62,2023-06-05
P0894,Deborah,Mendoza,Doctor 21,2023-06-05
P1266,Deborah,Kim,Doctor 42,2023-06-05
P1270,Donald,Morris,Doctor 89,2023-06-05
P1298,Charles,Brown,Doctor 60,2023-06-05
P1316,Gary,Thomas,Doctor 80,2023-06-05
P1327,Alexander,Castillo,Doctor 54,2023-06-05
P1622,Sandra,Perez,Doctor 12,2023-06-05
P1671,Benjamin,Reyes,Doctor 91,2023-06-05
P1707,Alexander,Adams,Doctor 32,2023-06-05
P1752,Cynthia,Clark,Doctor 29,2023-06-05
P1788,Jose,Taylor,Doctor 51,2023-06-05
P2126,Jonathan,Gomez,Doctor 34,2023-06-05
P2127,Deborah,Jones,Doctor 69,2023-06-05
P2204,Nancy,Ramirez,Doctor 31,2023-06-05
P2244,Jacob,Martinez,Doctor 99,2023-06-05
P0003,Barbara,Hernandez,Doctor 48,2023-06-06
P0021,Daniel,Kim,Doctor 61,2023-06-06
P0100,Laura,Turner,Doctor 9,2023-06-06
P0135,Ryan,Kim,Doctor 53,2023-06-06
P0241,Thomas,Cruz,Doctor 29,2023-06-06
P0279,Karen,Martin,Doctor 63,2023-06-06
P0294,Dennis,Miller,Doctor 45,2023-06-06
P0498,Helen,Watson,Doctor 13,2023-06-06
P0504,Angela,Morales,Doctor 8,2023-06-06
P0536,Aaron,Peterson,Doctor 12,2023-06-06
P0596,Ruth,Nelson,Doctor 59,2023-06-06
P0613,Mark,Alvarez,Doctor 28,2023-06-06
P0651,Amy,Lee,Doctor 92,2023-06-06
P0729,Raymond,Robinson,Doctor 5,2023-06-06
P0902,Mark,Chavez,Doctor 44,2023-06-06
P0918,Ryan,Taylor,Doctor 54,2023-06-06
P0938,Cynthia,Jackson,Doctor 79,2023-06-06
P0963,Benjamin,Stewart,Doctor 40,2023-06-06
P1034,Sarah,Martinez,Doctor 33,2023-06-06
P1036,Larry,Harris,Doctor 74,2023-06-06
P1074,Donna,Gutierrez,Doctor 62,2023-06-06
P1205,Kenneth,Wilson,Doctor 39,2023-06-06
P1267,Anthony,James,Doctor 40,2023-06-06
P1317,Virginia,Patel,Doctor 72,2023-06-06
P1357,Jacob,Lopez,Doctor 91,2023-06-06
P1444,Christopher,James,Doctor 57,2023-06-06
P1496,Larry,Clark,Doctor 88,2023-06-06
P1572,Patrick,Bennett,Doctor 83,2023-06-06
P1632,Scott,Taylor,Doctor 4,2023-06-06
P1635,Sandra,Robinson,Doctor 2,2023-06-06
P1962,Laura,Morris,Doctor 98,2023-06-06
P1996,Edward,Collins,Doctor 94,2023-06-06
P2063,Jack,Allen,Doctor 62,2023-06-06
P2150,Scott,Walker,Doctor 64,2023-06-06
P2187,Robert,Davis,Doctor 69,2023-06-06
P2235,Tyler,Williams,Doctor 11,2023-06-06
P2276,Dorothy,Castillo,Doctor 96,2023-06-06
P0055,Stephen,Ortiz,Doctor 6,2023-06-07
P0112,Aaron,Jones,Doctor 76,2023-06-07
P0142,Gary,Wilson,Doctor 50,2023-06-07
P0634,Deborah,Ruiz,Doctor 31,2023-06-07
P0791,Justin,Watson,Doctor 94,2023-06-07
P0845,James,Gray,Doctor 58,2023-06-07
P0857,Gregory,Roberts,Doctor 76,2023-06-07
P0920,Scott,Peterson,Doctor 75,2023-06-07
P0981,Karen,Patel,Doctor 64,2023-06-07
P1118,Nancy,Edwards,Doctor 41,2023-06-07
P1126,David,Kelly,Doctor 97,2023-06-07
P1303,Brenda,Ortiz,Doctor 47,2023-06-07
P1359,Patricia,Brooks,Doctor 39,2023-06-07
P1372,Christopher,Sanchez,Doctor 46,2023-06-07
P1517,Jacob,Harris,Doctor 66,2023-06-07
P1550,Sandra,Garcia,Doctor 49,2023-06-07
P1581,Barbara,Rogers,Doctor 32,2023-06-07
P1594,Ruth,Ward,Doctor 13,2023-06-07
P1651,Anthony,Ortiz,Doctor 30,2023-06-07
P1762,John,Kelly,Doctor 67,2023-06-07
P1773,Jennifer,Wilson,Doctor 72,2023-06-07
P1920,Carol,Smith,Doctor 74,2023-06-07
P1934,Jonathan,Robinson,Doctor 36,2023-06-07
P2242,Betty,Wilson,Doctor 1,2023-06-07
P0003,Barbara,Hernandez,Doctor 89,2023-06-08
P0156,Sharon,Carter,Doctor 96,2023-06-08
P0631,Jason,Miller,Doctor 39,2023-06-08
P0674,Justin,Lee,Doctor 81,2023-06-08
P0746,James,Morgan,Doctor 24,2023-06-08
P0893,Cynthia,Reed,Doctor 73,2023-06-08
P0933,Joseph,Rogers,Doctor 51,2023-06-08
P0982,Carol,Nguyen,Doctor 18,2023-06-08
P0983,Shirley,Anderson,Doctor 69,2023-06-08
P0989,Andrew,Morris,Doctor 83,2023-06-08
P1175,Sharon,Alvarez,Doctor 82,2023-06-08
P1281,Ruth,Roberts,Doctor 66,2023-06-08
P1333,Robert,Wilson,Doctor 76,2023-06-08
P1400,William,Martin,Doctor 57,2023-06-08
P1484,Scott,Hughes,Doctor 83,2023-06-08
P1499,Tyler,Mendoza,Doctor 31,2023-06-08
P1691,Jennifer,Sanchez,Doctor 96,2023-06-08
P1781,Anna,Adams,Doctor 78,2023-06-08
P1781,Anna,Adams,Doctor 78,2023-06-08
P1987,Frank,Garcia,Doctor 17,2023-06-08
P1993,Brandon,Rodriguez,Doctor 70,2023-06-08
P2142,Edward,Torres,Doctor 74,2023-06-08
P2162,Amy,Ruiz,Doctor 25,2023-06-08
P2293,Sarah,Flores,Doctor 16,2023-06-08
P0128,Jack,Hernandez,Doctor 7,2023-06-09
P0178,Patricia,Martinez,Doctor 44,2023-06-09
P0325,Joseph,Stewart,Doctor 7,2023-06-09
P0462,Virginia,Martinez,Doctor 43,2023-06-09
P0513,Karen,Ramos,Doctor 41,2023-06-09
P0563,Robert,Garcia,Doctor 49,2023-06-09
P0707,Lisa,Gray,Doctor 93,2023-06-09
P0855,Charles,Watson,Doctor 40,2023-06-09
P0909,Benjamin,Turner,Doctor 96,2023-06-09
P0997,Stephen,Adams,Doctor 28,2023-06-09
P1008,Jose,Turner,Doctor 81,2023-06-09
P1010,Elizabeth,Clark,Doctor 97,2023-06-09
P1226,Sharon,Lopez,Doctor 77,2023-06-09
P1343,Betty,White,Doctor 67,2023-06-09
P1347,Betty,Hernandez,Doctor 77,2023-06-09
P1355,Richard,Brooks,Doctor 14,2023-06-09
P1395,Karen,Lee,Doctor 26,2023-06-09
P1560,David,Ruiz,Doctor 50,2023-06-09
P1798,Sarah,Collins,Doctor 61,2023-06-09
P1928,Barbara,Carter,Doctor 92,2023-06-09
P1930,Steven,Young,Doctor 41,2023-06-09
P1946,Gary,Mitchell,Doctor 82,2023-06-09
P2069,Sharon,Phillips,Doctor 11,2023-06-09
P2085,Aaron,Kim,Doctor 15,2023-06-09
P2106,David,Martin,Doctor 68,2023-06-09
P2159,Sandra,Lee,Doctor 35,2023-06-09
P0047,Jose,Bennett,Doctor 39,2023-06-10
P0072,Melissa,Alvarez,Doctor 31,2023-06-10
P0131,Barbara,Green,Doctor 17,2023-06-10
P0152,Gregory,Anderson,Doctor 51,2023-06-10
P0160,Deborah,Morgan,Doctor 87,2023-06-10
P0336,Joshua,Phillips,Doctor 19,2023-06-10
P0368,Jerry,Diaz,Doctor 49,2023-06-10
P0386,Andrew,Rogers,Doctor 15,2023-06-10
P0387,Emma,Sanchez,Doctor 86,2023-06-10
P0426,Scott,Wright,Doctor 33,2023-06-10
P0490,Stephen,Nelson,Doctor 58,2023-06-10
P0516,Sandra,Roberts,Doctor 31,2023-06-10
P0585,Rebecca,Martin,Doctor 59,2023-06-10
P0658,David,Hughes,Doctor 27,2023-06-10
P0777,Daniel,Harris,Doctor 2,2023-06-10
P0807,Eric,Bailey,Doctor 7,2023-06-10
P0863,Brian,Edwards,Doctor 36,2023-06-10
P0897,Jonathan,Sanders,Doctor 41,2023-06-10
P0958,Donna,Watson,Doctor 39,2023-06-10
P1178,Sarah,King,Doctor 8,2023-06-10
P1293,Ruth,Cooper,Doctor 45,2023-06-10
P1324,Alexander,Clark,Doctor 13,2023-06-10
P1426,Brandon,Ortiz,Doctor 99,2023-06-10
P1463,Brenda,Roberts,Doctor 47,2023-06-10
P1644,Sharon,Peterson,Doctor 14,2023-06-10
P1777,Jerry,Ward,Doctor 68,2023-06-10
P1974,Anna,Thompson,Doctor 12,2023-06-10
P2028,Nancy,Nelson,Doctor 97,2023-06-10
P2068,Aaron,Hall,Doctor 13,2023-06-10
P2086,Elizabeth,Williams,Doctor 48,2023-06-10
P2160,Daniel,Anderson,Doctor 82,2023-06-10
P2248,Sharon,Miller,Doctor 17,2023-06-10
P0028,Michelle,Hernandez,Doctor 76,2023-06-11
P0163,Nicholas,Watson,Doctor 91,2023-06-11
P0533,Anthony,Evans,Doctor 21,2023-06-11
P0566,Matthew,Lopez,Doctor 40,2023-06-11
P0609,Susan,Hernandez,Doctor 100,2023-06-11
P0744,Patricia,Reed,Doctor 48,2023-06-11
P0814,Deborah,Miller,Doctor 55,2023-06-11
P1113,Deborah,Perez,Doctor 98,2023-06-11
P1206,Nicholas,King,Doctor 96,2023-06-11
P1235,Mary,Ortiz,Doctor 60,2023-06-11
P1325,Andrew,Harris,Doctor 91,2023-06-11
P1342,Karen,Collins,Doctor 57,2023-06-11
P1370,Jerry,Roberts,Doctor 31,2023-06-11
P1429,Robert,Hernandez,Doctor 36,2023-06-11
P1449,James,Allen,Doctor 54,2023-06-11
P1475,George,Richardson,Doctor 42,2023-06-11
P1548,Kimberly,Brooks,Doctor 78,2023-06-11
P1670,Dennis,Parker,Doctor 66,2023-06-11
P1733,Jonathan,Hughes,Doctor 12,2023-06-11
P1737,Gary,Hall,Doctor 98,2023-06-11
P1764,Sandra,Williams,Doctor 94,2023-06-11
P1833,Linda,Hughes,Doctor 47,2023-06-11
P1879,Jonathan,Nelson,Doctor 64,2023-06-11
P1889,Amy,Adams,Doctor 99,2023-06-11
P2122,William,Young,Doctor 88,2023-06-11
P2134,Samuel,Walker,Doctor 88,2023-06-11
P0039,Deborah,Campbell,Doctor 4,2023-06-12
P0040,Michelle,Adams,Doctor 76,2023-06-12
P0104,Joshua,Anderson,Doctor 79,2023-06-12
P0106,James,Taylor,Doctor 23,2023-06-12
P0238,Jose,Rogers,Doctor 97,2023-06-12
P0380,Mary,Smith,Doctor 1,2023-06-12
P0404,Michelle,Rogers,Doctor 56,2023-06-12
P0448,Nancy,Carter,Doctor 89,2023-06-12
P0520,Brandon,Moore,Doctor 14,2023-06-12
P0563,Robert,Garcia,Doctor 22,2023-06-12
P0599,Ruth,Evans,Doctor 71,2023-06-12
P0672,Kevin,Price,Doctor 9,2023-06-12
P0799,Elizabeth,Ward,Doctor 99,2023-06-12
P1018,Benjamin,Nelson,Doctor 55,2023-06-12
P1023,Joseph,Torres,Doctor 2,2023-06-12
P1039,Frank,Brown,Doctor 11,2023-06-12
P1046,Carol,Thomas,Doctor 45,2023-06-12
P1146,Sharon,Allen,Doctor 74,2023-06-12
P1194,Andrew,Nelson,Doctor 67,2023-06-12
P1203,Mark,Bailey,Doctor 12,2023-06-12
P1268,Ruth,Kelly,Doctor 23,2023-06-12
P1525,Jerry,Ruiz,Doctor 43,2023-06-12
P1557,Michelle,Taylor,Doctor 28,2023-06-12
P1667,Thomas,Walker,Doctor 59,2023-06-12
P1689,Kathleen,Phillips,Doctor 27,2023-06-12
P1733,Jonathan,Hughes,Doctor 25,2023-06-12
P1734,Michelle,Martinez,Doctor 76,2023-06-12
P1785,Susan,Diaz,Doctor 57,2023-06-12
P1949,George,Wood,Doctor 75,2023-06-12
P1966,Aaron,Anderson,Doctor 68,2023-06-12
P1985,Patricia,Hall,Doctor 82,2023-06-12
P2011,Timothy,Cook,Doctor 18,2023-06-12
P2117,Alexander,Mitchell,Doctor 54,2023-06-12
P2197,Nancy,Gray,Doctor 42,2023-06-12
P0059,Benjamin,Cruz,Doctor 63,2023-06-13
P0175,Rebecca,Walker,Doctor 25,2023-06-13
P0206,Tyler,Morris,Doctor 98,2023-06-13
P0243,Timothy,Williams,Doctor 73,2023-06-13
P0278,Brenda,Lewis,Doctor 58,2023-06-13
P0462,Virginia,Martinez,Doctor 46,2023-06-13
P0553,Jerry,Nguyen,Doctor 51,2023-06-13
P0684,William,Morris,Doctor 40,2023-06-13
P0736,Jose,James,Doctor 67,2023-06-13
P0770,Eric,Smith,Doctor 77,2023-06-13
P0779,Matthew,Gomez,Doctor 58,2023-06-13
P0855,Charles,Watson,Doctor 82,2023-06-13
P0868,Gary,Morales,Doctor 89,2023-06-13
P1041,Betty,Collins,Doctor 48,2023-06-13
P1159,Stephen,Jones,Doctor 25,2023-06-13
P1182,Andrew,Peterson,Doctor 49,2023-06-13
P1288,Jessica,Kim,Doctor 33,2023-06-13
P1304,Jacob,White,Doctor 5,2023-06-13
P1439,Mark,Brown,Doctor 76,2023-06-13
P1495,Sandra,Chavez,Doctor 34,2023-06-13
P1698,Karen,Ward,Doctor 86,2023-06-13
P1706,Amy,Diaz,Doctor 90,2023-06-13
P1885,James,Lewis,Doctor 85,2023-06-13
P1893,Amy,Richardson,Doctor 15,2023-06-13
P1920,Carol,Smith,Doctor 74,2023-06-13
P1964,Richard,Cox,Doctor 74,2023-06-13
P1985,Patricia,Hall,Doctor 82,2023-06-13
P2034,Daniel,Rivera,Doctor 26,2023-06-13
P2209,Betty,Smith,Doctor 17,2023-06-13
P2222,John,Myers,Doctor 22,2023-06-13
P2223,Michelle,Garcia,Doctor 33,2023-06-13
P0053,Jerry,Young,Doctor 87,2023-06-14
P0075,Dennis,Ruiz,Doctor 91,2023-06-14
P0177,Melissa,Campbell,Doctor 39,2023-06-14
P0227,Ronald,Ruiz,Doctor 95,2023-06-14
P0242,Joseph,Ruiz,Doctor 42,2023-06-14
P0286,Steven,Hughes,Doctor 59,2023-06-14
P0389,Joseph,Gray,Doctor 46,2023-06-14
P0400,Amy,Howard,Doctor 26,2023-06-14
P0422,Jason,Ward,Doctor 76,2023-06-14
P0444,Scott,Allen,Doctor 71,2023-06-14
P0534,Nicholas,Wood,Doctor 48,2023-06-14
P0680,Larry,Robinson,Doctor 11,2023-06-14
P0704,Susan,Alvarez,Doctor 55,2023-06-14
P0841,Sarah,Reyes,Doctor 100,2023-06-14
P0892,Michelle,Clark,Doctor 9,2023-06-14
P0914,Robert,Ward,Doctor 25,2023-06-14
P0986,Carol,Clark,Doctor 23,2023-06-14
P1030,Jacob,King,Doctor 74,2023-06-14
P1105,Joseph,Roberts,Doctor 94,2023-06-14
P1149,Anthony,Price,Doctor 18,2023-06-14
P1232,Christopher,Brown,Doctor 60,2023-06-14
P1239,Kimberly,Baker,Doctor 81,2023-06-14
P1243,Justin,Moore,Doctor 69,2023-06-14
P1310,Nicholas,Gray,Doctor 37,2023-06-14
P1319,Benjamin,Martin,Doctor 63,2023-06-14
P1401,David,Lewis,Doctor 73,2023-06-14
P1415,Stephen,Thompson,Doctor 62,2023-06-14
P1447,Eric,Bennett,Doctor 15,2023-06-14
P1471,Jacob,Johnson,Doctor 33,2023-06-14
P1539,Mary,Phillips,Doctor 82,2023-06-14
P1567,Sarah,Allen,Doctor 3,2023-06-14
P1652,Kimberly,Hernandez,Doctor 63,2023-06-14
P1732,Sarah,Turner,Doctor 54,2023-06-14
P1743,Sharon,Anderson,Doctor 63,2023-06-14
P1849,Robert,Gomez,Doctor 58,2023-06-14
P1859,Joshua,Martin,Doctor 36,2023-06-14
P1869,Kimberly,Mitchell,Doctor 59,2023-06-14
P2009,Emma,Brooks,Doctor 30,2023-06-14
P2150,Scott,Walker,Doctor 46,2023-06-14
P2210,Jessica,Harris,Doctor 5,2023-06-14
P2215,Amy,Anderson,Doctor 54,2023-06-14
P2249,Lisa,Mendoza,Doctor 58,2023-06-14
P2293,Sarah,Flores,Doctor 16,2023-06-14
P0007,Nancy,Allen,Doctor 75,2023-06-15
P0010,Jose,Alvarez,Doctor 41,2023-06-15
P0115,Rebecca,Phillips,Doctor 8,2023-06-15
P0271,Dennis,Myers,Doctor 74,2023-06-15
P0302,Scott,Phillips,Doctor 67,2023-06-15
P0421,Scott,Cruz,Doctor 90,2023-06-15
P0453,Sarah,Cook,Doctor 8,2023-06-15
P0458,Gary,Mendoza,Doctor 54,2023-06-15
P0471,Thomas,Gomez,Doctor 62,2023-06-15
P0629,Helen,Mitchell,Doctor 1,2023-06-15
P0715,Charles,Nelson,Doctor 2,2023-06-15
P0823,Ruth,Reyes,Doctor 43,2023-06-15
P0845,James,Gray,Doctor 58,2023-06-15
P1019,Shirley,Wilson,Doctor 22,2023-06-15
P1079,Jessica,Ortiz,Doctor 51,2023-06-15
P1090,Alexander,Brown,Doctor 68,2023-06-15
P1140,Tyler,Walker,Doctor 9,2023-06-15
P1162,Ryan,Roberts,Doctor 62,2023-06-15
P1243,Justin,Moore,Doctor 69,2023-06-15
P1362,Jacob,Green,Doctor 44,2023-06-15
P1400,William,Martin,Doctor 57,2023-06-15
P1582,Rebecca,Gomez,Doctor 39,2023-06-15
P1592,Jack,Kelly,Doctor 78,2023-06-15
P1594,Ruth,Ward,Doctor 13,2023-06-15
P1618,Ronald,Davis,Doctor 86,2023-06-15
P1677,Jack,Wood,Doctor 44,2023-06-15
P1696,Raymond,Cox,Doctor 35,2023-06-15
P1811,Donna,Nelson,Doctor 35,2023-06-15
P1891,Dennis,Bennett,Doctor 73,2023-06-15
P1897,Mary,Richardson,Doctor 18,2023-06-15
P1950,Donald,Roberts,Doctor 87,2023-06-15
P2027,Shirley,Scott,Doctor 44,2023-06-15
P2094,Amy,Rodriguez,Doctor 66,2023-06-15
P2149,Benjamin,Rodriguez,Doctor 6,2023-06-15
P2230,Larry,Hill,Doctor 38,2023-06-15
P2297,Cynthia,Williams,Doctor 81,2023-06-15
P0067,Jessica,Robinson,Doctor 7,2023-06-16
P0236,Betty,Morales,Doctor 58,2023-06-16
P0321,Brandon,Castillo,Doctor 64,2023-06-16
P0347,Deborah,Wilson,Doctor 41,2023-06-16
P0472,Daniel,Murphy,Doctor 76,2023-06-16
P0626,Steven,Rogers,Doctor 9,2023-06-16
P0633,Jacob,Roberts,Doctor 30,2023-06-16
P0709,Laura,Davis,Doctor 14,2023-06-16
P0756,Betty,Myers,Doctor 69,2023-06-16
P0797,Richard,Davis,Doctor 29,2023-06-16
P0959,Benjamin,Murphy,Doctor 83,2023-06-16
P0976,Benjamin,Taylor,Doctor 85,2023-06-16
P1120,Sharon,Evans,Doctor 43,2023-06-16
P1120,Sharon,Evans,Doctor 43,2023-06-16
P1224,Jerry,Torres,Doctor 81,2023-06-16
P1344,Ruth,Cox,Doctor 91,2023-06-16
P1642,Kenneth,Murphy,Doctor 79,2023-06-16
P1671,Benjamin,Reyes,Doctor 91,2023-06-16
P1697,Ruth,Sanchez,Doctor 54,2023-06-16
P1742,Timothy,Patel,Doctor 55,2023-06-16
P1839,Gary,Scott,Doctor 31,2023-06-16
P1992,Patricia,Myers,Doctor 36,2023-06-16
P2040,Nancy,Jackson,Doctor 3,2023-06-16
P2055,Stephen,Allen,Doctor 51,2023-06-16
P2076,Patrick,Watson,Doctor 25,2023-06-16
P2127,Deborah,Jones,Doctor 69,2023-06-16
P2292,Kimberly,Evans,Doctor 70,2023-06-16
P0043,Nancy,Cruz,Doctor 26,2023-06-17
P0078,Ruth,Gonzalez,Doctor 58,2023-06-17
P0098,Matthew,Richardson,Doctor 87,2023-06-17
P0380,Mary,Smith,Doctor 13,2023-06-17
P0409,Barbara,Brooks,Doctor 95,2023-06-17
P0502,Emma,Cook,Doctor 29,2023-06-17
P0563,Robert,Garcia,Doctor 22,2023-06-17
P0618,Ruth,Wilson,Doctor 37,2023-06-17
P0663,Linda,Taylor,Doctor 25,2023-06-17
P0670,John,Cruz,Doctor 82,2023-06-17
P0763,Ronald,Edwards,Doctor 44,2023-06-17
P0887,Sarah,Murphy,Doctor 92,2023-06-17
P0992,Anthony,Wilson,Doctor 59,2023-06-17
P1066,Anna,Young,Doctor 97,2023-06-17
P1153,Charles,Cook,Doctor 25,2023-06-17
P1172,Angela,Cook,Doctor 38,2023-06-17
P1192,Sandra,Moore,Doctor 98,2023-06-17
P1195,Jonathan,Campbell,Doctor 94,2023-06-17
P1409,Frank,Brooks,Doctor 16,2023-06-17
P1414,Barbara,Bennett,Doctor 44,2023-06-17
P1605,Stephen,Turner,Doctor 79,2023-06-17
P1606,Steven,Alvarez,Doctor 20,2023-06-17
P1631,Jonathan,Brown,Doctor 97,2023-06-17
P1703,Kathleen,Perez,Doctor 9,2023-06-17
P1706,Amy,Diaz,Doctor 90,2023-06-17
P1795,Elizabeth,Thompson,Doctor 32,2023-06-17
P1873,Laura,Kelly,Doctor 46,2023-06-17
P1941,Emma,Richardson,Doctor 94,2023-06-17
P1942,Jose,Flores,Doctor 85,2023-06-17
P1983,Edward,Hernandez,Doctor 88,2023-06-17
P1988,Larry,Cruz,Doctor 70,2023-06-17
P2098,Anna,Rodriguez,Doctor 67,2023-06-17
P2217,Kimberly,Lee,Doctor 71,2023-06-17
P2219,Betty,Reyes,Doctor 52,2023-06-17
P0029,Michelle,Wilson,Doctor 16,2023-06-18
P0296,Deborah,Nelson,Doctor 53,2023-06-18
P0355,Jerry,Clark,Doctor 43,2023-06-18
P0458,Gary,Mendoza,Doctor 54,2023-06-18
P0477,Larry,Myers,Doctor 14,2023-06-18
P0531,Timothy,Brown,Doctor 94,2023-06-18
P0735,Mary,Martinez,Doctor 23,2023-06-18
P0754,Virginia,Morgan,Doctor 35,2023-06-18
P0884,Dorothy,Sanchez,Doctor 1,2023-06-18
P0939,James,Moore,Doctor 96,2023-06-18
P1160,William,Reyes,Doctor 84,2023-06-18
P1164,Justin,Green,Doctor 41,2023-06-18
P1279,Jerry,Robinson,Doctor 100,2023-06-18
P1303,Brenda,Ortiz,Doctor 47,2023-06-18
P1350,Alexander,Watson,Doctor 64,2023-06-18
P1408,Sandra,Ramirez,Doctor 70,2023-06-18
P1633,George,King,Doctor 95,2023-06-18
P1762,John,Kelly,Doctor 69,2023-06-18
P1784,Melissa,Cook,Doctor 61,2023-06-18
P1790,Ruth,Walker,Doctor 91,2023-06-18
P1803,Sandra,Kelly,Doctor 7,2023-06-18
P1823,Emma,Roberts,Doctor 64,2023-06-18
P1838,Samuel,Gutierrez,Doctor 69,2023-06-18
P1984,Brenda,Lee,Doctor 43,2023-06-18
P1986,Laura,Cook,Doctor 73,2023-06-18
P2042,Larry,Nguyen,Doctor 4,2023-06-18
P2078,Michelle,Evans,Doctor 21,2023-06-18
P2172,Brandon,Roberts,Doctor 45,2023-06-18
P2213,Karen,Perez,Doctor 88,2023-06-18
P0090,Sarah,Morris,Doctor 93,2023-06-19
P0125,Steven,Thomas,Doctor 25,2023-06-19
P0145,Sarah,Chavez,Doctor 82,2023-06-19
P0168,Cynthia,Baker,Doctor 54,2023-06-19
P0241,Thomas,Cruz,Doctor 29,2023-06-19
P0244,Sarah,Adams,Doctor 10,2023-06-19
P0292,Ruth,Johnson,Doctor 30,2023-06-19
P0301,Dorothy,Mitchell,Doctor 15,2023-06-19
P0464,Kevin,Chavez,Doctor 2,2023-06-19
P0467,Jerry,Hall,Doctor 85,2023-06-19
P0468,Raymond,Hill,Doctor 12,2023-06-19
P0476,Deborah,Jackson,Doctor 65,2023-06-19
P0507,Lisa,Ramos,Doctor 50,2023-06-19
P0665,Helen,Jones,Doctor 13,2023-06-19
P0733,Lisa,Flores,Doctor 88,2023-06-19
P0851,Jerry,Garcia,Doctor 1,2023-06-19
P0866,Samuel,Lopez,Doctor 38,2023-06-19
P0939,James,Moore,Doctor 96,2023-06-19
P0993,Brandon,Reed,Doctor 12,2023-06-19
P1107,Kathleen,Kim,Doctor 42,2023-06-19
P1167,Robert,Reyes,Doctor 49,2023-06-19
P1223,Samuel,White,Doctor 71,2023-06-19
P1241,Helen,Torres,Doctor 47,2023-06-19
P1271,Jeffrey,Martinez,Doctor 96,2023-06-19
P1276,John,Miller,Doctor 62,2023-06-19
P1295,Joseph,Gonzalez,Doctor 91,2023-06-19
P1479,Justin,Castillo,Doctor 79,2023-06-19
P1490,Anna,Morris,Doctor 43,2023-06-19
P1587,Christopher,Ortiz,Doctor 72,2023-06-19
P1592,Jack,Kelly,Doctor 78,2023-06-19
P1700,Matthew,Jackson,Doctor 1,2023-06-19
P1768,Frank,Hughes,Doctor 7,2023-06-19
P1772,Melissa,Lopez,Doctor 11,2023-06-19
P1807,Kenneth,Perez,Doctor 36,2023-06-19
P2116,Tyler,Evans,Doctor 8,2023-06-19
P2116,Tyler,Evans,Doctor 8,2023-06-19
P2119,Ruth,Ortiz,Doctor 5,2023-06-19
P2120,Laura,Nguyen,Doctor 73,2023-06-19
P2211,Frank,Allen,Doctor 5,2023-06-19
P2216,Robert,Clark,Doctor 18,2023-06-19
P2281,William,Richardson,Doctor 11,2023-06-19
P2281,William,Richardson,Doctor 11,2023-06-19
P0152,Gregory,Anderson,Doctor 81,2023-06-20
P0239,Sarah,Williams,Doctor 29,2023-06-20
P0244,Sarah,Adams,Doctor 66,2023-06-20
P0265,Shirley,Bennett,Doctor 7,2023-06-20
P0335,Kevin,Martinez,Doctor 45,2023-06-20
P0401,Jessica,Ruiz,Doctor 40,2023-06-20
P0470,Timothy,Morgan,Doctor 68,2023-06-20
P0537,Jason,Taylor,Doctor 59,2023-06-20
P0625,Charles,Hall,Doctor 48,2023-06-20
P0684,William,Morris,Doctor 47,2023-06-20
P0906,Lisa,Davis,Doctor 97,2023-06-20
P1036,Larry,Harris,Doctor 74,2023-06-20
P1044,Justin,Robinson,Doctor 6,2023-06-20
P1045,Donald,Perez,Doctor 14,2023-06-20
P1137,Sharon,Jones,Doctor 57,2023-06-20
P1276,John,Miller,Doctor 97,2023-06-20
P1328,Mary,Walker,Doctor 78,2023-06-20
P1333,Robert,Wilson,Doctor 75,2023-06-20
P1421,Michael,Morris,Doctor 77,2023-06-20
P1491,Raymond,Myers,Doctor 13,2023-06-20
P1512,Sharon,Campbell,Doctor 66,2023-06-20
P1521,Gregory,Wood,Doctor 26,2023-06-20
P1530,Jeffrey,Brooks,Doctor 69,2023-06-20
P1640,James,Chavez,Doctor 38,2023-06-20
P1683,Ruth,Clark,Doctor 97,2023-06-20
P1706,Amy,Diaz,Doctor 90,2023-06-20
P1716,Aaron,Turner,Doctor 2,2023-06-20
P1838,Samuel,Gutierrez,Doctor 47,2023-06-20
P1894,Carol,Williams,Doctor 61,2023-06-20
P2138,Edward,Parker,Doctor 98,2023-06-20
P2142,Edward,Torres,Doctor 74,2023-06-20
P2275,Justin,Evans,Doctor 34,2023-06-20
P0167,Patricia,Wright,Doctor 93,2023-06-21
P0276,Michelle,Watson,Doctor 35,2023-06-21
P0300,Linda,Campbell,Doctor 94,2023-06-21
P0417,Sharon,Clark,Doctor 99,2023-06-21
P0460,Jacob,Ramirez,Doctor 9,2023-06-21
P0468,Raymond,Hill,Doctor 25,2023-06-21
P0579,Timothy,Gonzalez,Doctor 96,2023-06-21
P0615,Ruth,Watson,Doctor 52,2023-06-21
P0691,William,Sanders,Doctor 67,2023-06-21
P0747,Kimberly,Thompson,Doctor 9,2023-06-21
P0798,Sandra,Hall,Doctor 43,2023-06-21
P0826,Rebecca,Anderson,Doctor 54,2023-06-21
P0833,Samuel,Gray,Doctor 8,2023-06-21
P1011,Jason,Hughes,Doctor 100,2023-06-21
P1035,George,Garcia,Doctor 40,2023-06-21
P1130,Emma,Moore,Doctor 19,2023-06-21
P1137,Sharon,Jones,Doctor 57,2023-06-21
P1206,Nicholas,King,Doctor 96,2023-06-21
P1298,Charles,Brown,Doctor 60,2023-06-21
P1326,Melissa,Nguyen,Doctor 36,2023-06-21
P1370,Jerry,Roberts,Doctor 31,2023-06-21
P1410,Nicholas,Clark,Doctor 21,2023-06-21
P1508,George,Nguyen,Doctor 26,2023-06-21
P1525,Jerry,Ruiz,Doctor 96,2023-06-21
P1542,Jerry,Sanchez,Doctor 95,2023-06-21
P1556,Cynthia,Lewis,Doctor 68,2023-06-21
P1674,Jonathan,Williams,Doctor 73,2023-06-21
P1823,Emma,Roberts,Doctor 64,2023-06-21
P1993,Brandon,Rodriguez,Doctor 70,2023-06-21
P1998,Sharon,Hill,Doctor 68,2023-06-21
P2072,Justin,Jackson,Doctor 48,2023-06-21
P2146,Samuel,Green,Doctor 29,2023-06-21
P2271,Lisa,Rogers,Doctor 18,2023-06-21
P0262,Aaron,Scott,Doctor 55,2023-06-22
P0547,Ronald,Anderson,Doctor 45,2023-06-22
P0550,Brenda,Jones,Doctor 10,2023-06-22
P0562,Brandon,Watson,Doctor 37,2023-06-22
P0608,Robert,Ramos,Doctor 96,2023-06-22
P0638,Cynthia,Wright,Doctor 17,2023-06-22
P0731,Donald,Bennett,Doctor 8,2023-06-22
P0732,Joseph,Green,Doctor 33,2023-06-22
P0737,Ruth,Green,Doctor 87,2023-06-22
P0803,Lisa,Brooks,Doctor 37,2023-06-22
P0928,Jonathan,Martin,Doctor 72,2023-06-22
P0955,Sarah,Roberts,Doctor 83,2023-06-22
P1018,Benjamin,Nelson,Doctor 52,2023-06-22
P1409,Frank,Brooks,Doctor 21,2023-06-22
P1546,Helen,Bennett,Doctor 84,2023-06-22
P1547,Sarah,Mitchell,Doctor 26,2023-06-22
P1613,Betty,Cruz,Doctor 62,2023-06-22
P1738,Mary,Brooks,Doctor 25,2023-06-22
P1771,Jason,Chavez,Doctor 16,2023-06-22
P1840,Andrew,Ortiz,Doctor 68,2023-06-22
P1961,Deborah,Clark,Doctor 15,2023-06-22
P2111,Jason,Wood,Doctor 48,2023-06-22
P2200,Joshua,Castillo,Doctor 50,2023-06-22
P0048,Patrick,Chavez,Doctor 71,2023-06-23
P0189,Jacob,Collins,Doctor 59,2023-06-23
P0267,Amy,James,Doctor 20,2023-06-23
P0314,Larry,Davis,Doctor 27,2023-06-23
P0351,Emma,Jones,Doctor 27,2023-06-23
P0368,Jerry,Diaz,Doctor 49,2023-06-23
P0415,Jessica,Wood,Doctor 24,2023-06-23
P0923,Emma,White,Doctor 56,2023-06-23
P0936,Michael,Green,Doctor 20,2023-06-23
P1097,Christopher,Walker,Doctor 13,2023-06-23
P1159,Stephen,Jones,Doctor 91,2023-06-23
P1210,Kimberly,Ward,Doctor 74,2023-06-23
P1241,Helen,Torres,Doctor 47,2023-06-23
P1274,Robert,Taylor,Doctor 46,2023-06-23
P1284,John,Walker,Doctor 41,2023-06-23
P1312,Edward,Bailey,Doctor 67,2023-06-23
P1424,Jerry,Baker,Doctor 74,2023-06-23
P1433,Brenda,Johnson,Doctor 3,2023-06-23
P1704,Deborah,Chavez,Doctor 16,2023-06-23
P1750,Mary,Murphy,Doctor 100,2023-06-23
P1760,Jerry,Perez,Doctor 73,2023-06-23
P1769,Justin,Anderson,Doctor 68,2023-06-23
P1790,Ruth,Walker,Doctor 56,2023-06-23
P2007,Gary,Sanders,Doctor 21,2023-06-23
P2019,Edward,Flores,Doctor 29,2023-06-23
P2100,Deborah,Castillo,Doctor 16,2023-06-23
P0036,Karen,Chavez,Doctor 48,2023-06-24
P0101,Rebecca,Nelson,Doctor 95,2023-06-24
P0322,Alexander,Reed,Doctor 74,2023-06-24
P0337,David,Collins,Doctor 17,2023-06-24
P0569,Betty,Johnson,Doctor 53,2023-06-24
P0690,Charles,Lee,Doctor 40,2023-06-24
P0788,Helen,Scott,Doctor 66,2023-06-24
P0804,Mark,Gomez,Doctor 20,2023-06-24
P0841,Sarah,Reyes,Doctor 100,2023-06-24
P0848,William,Peterson,Doctor 93,2023-06-24
P0909,Benjamin,Turner,Doctor 96,2023-06-24
P0952,Sandra,Price,Doctor 56,2023-06-24
P0964,George,Brown,Doctor 44,2023-06-24
P0998,Deborah,Green,Doctor 28,2023-06-24
P1027,Melissa,Martinez,Doctor 19,2023-06-24
P1076,Jessica,Kelly,Doctor 95,2023-06-24
P1085,Eric,Adams,Doctor 93,2023-06-24
P1176,Frank,Diaz,Doctor 26,2023-06-24
P1280,David,Jones,Doctor 38,2023-06-24
P1333,Robert,Wilson,Doctor 75,2023-06-24
P1348,Robert,Wright,Doctor 43,2023-06-24
P1360,Donna,Rivera,Doctor 95,2023-06-24
P1459,Stephen,Lee,Doctor 86,2023-06-24
P1488,Justin,Lopez,Doctor 54,2023-06-24
P1490,Anna,Morris,Doctor 46,2023-06-24
P1492,Rebecca,Hernandez,Doctor 71,2023-06-24
P1596,Nicholas,Wright,Doctor 4,2023-06-24
P1627,Jessica,Ward,Doctor 9,2023-06-24
P1637,Samuel,Jackson,Doctor 73,2023-06-24
P1782,David,Watson,Doctor 52,2023-06-24
P1789,Thomas,Gonzalez,Doctor 54,2023-06-24
P1901,Elizabeth,Ortiz,Doctor 36,2023-06-24
P1978,Sarah,Taylor,Doctor 90,2023-06-24
P2019,Edward,Flores,Doctor 83,2023-06-24
P2019,Edward,Flores,Doctor 37,2023-06-24
P2065,Tyler,Cooper,Doctor 60,2023-06-24
P2176,Michael,Turner,Doctor 19,2023-06-24
P0025,Helen,Reed,Doctor 43,2023-06-25
P0063,Ronald,Young,Doctor 64,2023-06-25
P0083,Joseph,Cook,Doctor 3,2023-06-25
P0083,Joseph,Cook,Doctor 3,2023-06-25
P0201,Christopher,Reyes,Doctor 44,2023-06-25
P0256,Jeffrey,Parker,Doctor 69,2023-06-25
P0324,Michael,Ramos,Doctor 81,2023-06-25
P0356,Kathleen,Moore,Doctor 14,2023-06-25
P0373,Samuel,Chavez,Doctor 50,2023-06-25
P0488,Michelle,Robinson,Doctor 91,2023-06-25
P0598,Kimberly,Davis,Doctor 30,2023-06-25
P0633,Jacob,Roberts,Doctor 30,2023-06-25
P0678,Barbara,Roberts,Doctor 58,2023-06-25
P0829,Justin,Hernandez,Doctor 10,2023-06-25
P0920,Scott,Peterson,Doctor 75,2023-06-25
P1090,Alexander,Brown,Doctor 68,2023-06-25
P1232,Christopher,Brown,Doctor 60,2023-06-25
P1286,Karen,Young,Doctor 2,2023-06-25
P1323,Frank,White,Doctor 37,2023-06-25
P1365,Frank,Walker,Doctor 69,2023-06-25
P1389,Charles,Ward,Doctor 45,2023-06-25
P1393,Matthew,Mitchell,Doctor 61,2023-06-25
P1469,Sandra,King,Doctor 76,2023-06-25
P1474,Jessica,Thomas,Doctor 54,2023-06-25
P1560,David,Ruiz,Doctor 50,2023-06-25
P1564,Brenda,Thomas,Doctor 97,2023-06-25
P1708,Brandon,Mitchell,Doctor 33,2023-06-25
P1719,Cynthia,Phillips,Doctor 47,2023-06-25
P1813,Laura,Jackson,Doctor 32,2023-06-25
P1852,Brian,Lewis,Doctor 11,2023-06-25
P1903,Karen,Thomas,Doctor 56,2023-06-25
P2082,Shirley,Carter,Doctor 65,2023-06-25
P2093,Kenneth,Watson,Doctor 43,2023-06-25
P2190,George,Morales,Doctor 98,2023-06-25
P2208,Karen,Ruiz,Doctor 72,2023-06-25
P2213,Karen,Perez,Doctor 91,2023-06-25
P2238,Linda,Stewart,Doctor 37,2023-06-25
P2296,Dorothy,Harris,Doctor 12,2023-06-25
P0004,Gregory,Morgan,Doctor 9,2023-06-26
P0179,Laura,Torres,Doctor 66,2023-06-26
P0221,Jerry,Edwards,Doctor 46,2023-06-26
P0291,Lisa,Gomez,Doctor 62,2023-06-26
P0378,Alexander,Ramos,Doctor 20,2023-06-26
P0479,Laura,Edwards,Doctor 45,2023-06-26
P0556,Matthew,Walker,Doctor 27,2023-06-26
P0617,Steven,King,Doctor 29,2023-06-26
P0712,Sandra,White,Doctor 31,2023-06-26
P0718,Carol,Wilson,Doctor 60,2023-06-26
P0853,Karen,Sanchez,Doctor 92,2023-06-26
P0902,Mark,Chavez,Doctor 44,2023-06-26
P0927,Justin,Morales,Doctor 69,2023-06-26
P1245,Jonathan,Cook,Doctor 27,2023-06-26
P1344,Ruth,Cox,Doctor 91,2023-06-26
P1502,Kevin,King,Doctor 10,2023-06-26
P1504,George,Alvarez,Doctor 28,2023-06-26
P1593,Jonathan,Mitchell,Doctor 92,2023-06-26
P1673,Brian,Nelson,Doctor 10,2023-06-26
P1696,Raymond,Cox,Doctor 35,2023-06-26
P1722,Scott,Smith,Doctor 36,2023-06-26
P1730,Amy,Chavez,Doctor 43,2023-06-26
P1743,Sharon,Anderson,Doctor 43,2023-06-26
P1852,Brian,Lewis,Doctor 76,2023-06-26
P1905,Laura,Thompson,Doctor 50,2023-06-26
P1909,Kathleen,Ramos,Doctor 42,2023-06-26
P1969,Anna,Mendoza,Doctor 61,2023-06-26
P2117,Alexander,Mitchell,Doctor 54,2023-06-26
P2130,Jessica,Campbell,Doctor 96,2023-06-26
P2163,Samuel,Garcia,Doctor 69,2023-06-26
P2169,Alexander,Thompson,Doctor 50,2023-06-26
P2268,Carol,Carter,Doctor 9,2023-06-26
P2283,Gregory,Cook,Doctor 66,2023-06-26
P0052,Sandra,Patel,Doctor 48,2023-06-27
P0140,Charles,Lewis,Doctor 75,2023-06-27
P0234,Tyler,Reed,Doctor 26,2023-06-27
P0237,Dorothy,Ward,Doctor 34,2023-06-27
P0292,Ruth,Johnson,Doctor 30,2023-06-27
P0293,Deborah,Diaz,Doctor 47,2023-06-27
P0383,Betty,Hill,Doctor 27,2023-06-27
P0425,Donald,Hill,Doctor 15,2023-06-27
P0484,Brandon,Carter,Doctor 31,2023-06-27
P0489,Linda,Martin,Doctor 27,2023-06-27
P0598,Kimberly,Davis,Doctor 30,2023-06-27
P0649,Brian,Carter,Doctor 4,2023-06-27
P0663,Linda,Taylor,Doctor 38,2023-06-27
P0831,Ronald,Wood,Doctor 88,2023-06-27
P0844,Jeffrey,Moore,Doctor 6,2023-06-27
P1078,James,Johnson,Doctor 40,2023-06-27
P1159,Stephen,Jones,Doctor 45,2023-06-27
P1193,Helen,Ortiz,Doctor 94,2023-06-27
P1237,Angela,Torres,Doctor 16,2023-06-27
P1240,Shirley,James,Doctor 48,2023-06-27
P1241,Helen,Torres,Doctor 47,2023-06-27
P1284,John,Walker,Doctor 10,2023-06-27
P1400,William,Martin,Doctor 36,2023-06-27
P1502,Kevin,King,Doctor 80,2023-06-27
P1510,Kimberly,Howard,Doctor 52,2023-06-27
P1594,Ruth,Ward,Doctor 7,2023-06-27
P1681,Mary,White,Doctor 74,2023-06-27
P1712,Jason,Garcia,Doctor 27,2023-06-27
P2201,Lisa,Nelson,Doctor 42,2023-06-27
P0129,Deborah,Ramirez,Doctor 16,2023-06-28
P0141,Deborah,Scott,Doctor 95,2023-06-28
P0171,Michelle,Davis,Doctor 92,2023-06-28
P0225,Donald,Carter,Doctor 7,2023-06-28
P0276,Michelle,Watson,Doctor 35,2023-06-28
P0412,Donna,Martin,Doctor 82,2023-06-28
P0447,Barbara,Lewis,Doctor 11,2023-06-28
P0490,Stephen,Nelson,Doctor 37,2023-06-28
P0516,Sandra,Roberts,Doctor 31,2023-06-28
P0670,John,Cruz,Doctor 82,2023-06-28
P0742,Stephen,Sanders,Doctor 85,2023-06-28
P0880,Timothy,Scott,Doctor 25,2023-06-28
P0922,Donald,Ramos,Doctor 6,2023-06-28
P0937,Angela,James,Doctor 21,2023-06-28
P1093,Sharon,Wright,Doctor 5,2023-06-28
P1093,Sharon,Wright,Doctor 5,2023-06-28
P1101,Charles,Sanders,Doctor 56,2023-06-28
P1108,Michelle,Wright,Doctor 36,2023-06-28
P1146,Sharon,Allen,Doctor 74,2023-06-28
P1164,Justin,Green,Doctor 41,2023-06-28
P1236,Sarah,Gonzalez,Doctor 15,2023-06-28
P1344,Ruth,Cox,Doctor 91,2023-06-28
P1350,Alexander,Watson,Doctor 88,2023-06-28
P1374,Susan,Perez,Doctor 75,2023-06-28
P1392,Dorothy,Wilson,Doctor 78,2023-06-28
P1406,Betty,Davis,Doctor 93,2023-06-28
P1415,Stephen,Thompson,Doctor 98,2023-06-28
P1578,Karen,Reyes,Doctor 8,2023-06-28
P1670,Dennis,Parker,Doctor 66,2023-06-28
P1712,Jason,Garcia,Doctor 32,2023-06-28
P1744,George,Stewart,Doctor 67,2023-06-28
P1808,Donald,Cooper,Doctor 89,2023-06-28
P1828,Aaron,Lopez,Doctor 43,2023-06-28
P1884,Nancy,Lee,Doctor 42,2023-06-28
P1977,Cynthia,Patel,Doctor 36,2023-06-28
P2104,William,Hernandez,Doctor 98,2023-06-28
P2109,Jacob,Thompson,Doctor 34,2023-06-28
P2222,John,Myers,Doctor 25,2023-06-28
P0010,Jose,Alvarez,Doctor 41,2023-06-29
P0166,Ruth,Edwards,Doctor 5,2023-06-29
P0202,David,Clark,Doctor 6,2023-06-29
P0282,Ronald,Perez,Doctor 60,2023-06-29
P0351,Emma,Jones,Doctor 27,2023-06-29
P0423,Sharon,Lewis,Doctor 26,2023-06-29
P0511,Sarah,Green,Doctor 70,2023-06-29
P0544,Donna,Hall,Doctor 12,2023-06-29
P0562,Brandon,Watson,Doctor 67,2023-06-29
P0565,Jeffrey,Perez,Doctor 96,2023-06-29
P0663,Linda,Taylor,Doctor 65,2023-06-29
P0784,Alexander,Harris,Doctor 58,2023-06-29
P0784,Alexander,Harris,Doctor 53,2023-06-29
P0788,Helen,Scott,Doctor 47,2023-06-29
P0868,Gary,Morales,Doctor 89,2023-06-29
P0921,Lisa,Scott,Doctor 10,2023-06-29
P1057,Donna,Rodriguez,Doctor 90,2023-06-29
P1134,Ryan,Perez,Doctor 63,2023-06-29
P1138,Sandra,Cook,Doctor 52,2023-06-29
P1244,Brenda,Garcia,Doctor 55,2023-06-29
P1292,Jerry,Rodriguez,Doctor 46,2023-06-29
P1325,Andrew,Harris,Doctor 57,2023-06-29
P1357,Jacob,Lopez,Doctor 31,2023-06-29
P1501,Thomas,Watson,Doctor 18,2023-06-29
P1759,Kimberly,Anderson,Doctor 77,2023-06-29
P1824,Susan,Allen,Doctor 53,2023-06-29
P1834,Benjamin,Wilson,Doctor 77,2023-06-29
P1890,Eric,Garcia,Doctor 65,2023-06-29
P2004,Patrick,Perez,Doctor 92,2023-06-29
P2014,Sandra,Scott,Doctor 83,2023-06-29
P2072,Justin,Jackson,Doctor 77,2023-06-29
P2076,Patrick,Watson,Doctor 25,2023-06-29
P2102,Nicholas,Nguyen,Doctor 97,2023-06-29
P2109,Jacob,Thompson,Doctor 34,2023-06-29
P2109,Jacob,Thompson,Doctor 34,2023-06-29
P2173,Helen,Morgan,Doctor 56,2023-06-29
P2238,Linda,Stewart,Doctor 72,2023-06-29
P0159,Brandon,Cook,Doctor 51,2023-06-30
P0271,Dennis,Myers,Doctor 74,2023-06-30
P0313,Patricia,Flores,Doctor 4,2023-06-30
P0402,Patricia,Bennett,Doctor 4,2023-06-30
P0453,Sarah,Cook,Doctor 1,2023-06-30
P0518,Amy,Alvarez,Doctor 4,2023-06-30
P0552,Tyler,Adams,Doctor 86,2023-06-30
P0617,Steven,King,Doctor 29,2023-06-30
P0653,Andrew,Wright,Doctor 45,2023-06-30
P0695,Brenda,Green,Doctor 22,2023-06-30
P0754,Virginia,Morgan,Doctor 35,2023-06-30
P0802,Brandon,Campbell,Doctor 90,2023-06-30
P0842,George,Cox,Doctor 53,2023-06-30
P0875,Nancy,Alvarez,Doctor 65,2023-06-30
P1178,Sarah,King,Doctor 8,2023-06-30
P1191,Ruth,Bailey,Doctor 24,2023-06-30
P1206,Nicholas,King,Doctor 96,2023-06-30
P1266,Deborah,Kim,Doctor 80,2023-06-30
P1278,Dennis,Peterson,Doctor 32,2023-06-30
P1280,David,Jones,Doctor 38,2023-06-30
P1324,Alexander,Clark,Doctor 95,2023-06-30
P1346,Sharon,Rogers,Doctor 17,2023-06-30
P1541,Kimberly,Torres,Doctor 57,2023-06-30
P1647,Sharon,Gomez,Doctor 5,2023-06-30
P1686,Alexander,Kelly,Doctor 88,2023-06-30
P1706,Amy,Diaz,Doctor 90,2023-06-30
P1738,Mary,Brooks,Doctor 50,2023-06-30
P1757,Sandra,Clark,Doctor 78,2023-06-30
P1894,Carol,Williams,Doctor 67,2023-06-30
P1906,Sharon,Davis,Doctor 20,2023-06-30
P1911,Shirley,Ward,Doctor 86,2023-06-30
P1978,Sarah,Taylor,Doctor 90,2023-06-30
P2010,Betty,Wright,Doctor 21,2023-06-30
P2039,Patrick,Ward,Doctor 22,2023-06-30
P2056,Sharon,Myers,Doctor 60,2023-06-30
P2074,Dorothy,Bennett,Doctor 92,2023-06-30
P2178,Emma,Collins,Doctor 89,2023-06-30
P0063,Ronald,Young,Doctor 79,2023-07-01
P0131,Barbara,Green,Doctor 94,2023-07-01
P0208,Kenneth,Brooks,Doctor 80,2023-07-01
P0220,Daniel,Garcia,Doctor 33,2023-07-01
P0770,Eric,Smith,Doctor 20,2023-07-01
P0770,Eric,Smith,Doctor 20,2023-07-01
P0873,Betty,Turner,Doctor 19,2023-07-01
P0899,Brandon,Martin,Doctor 58,2023-07-01
P0910,Jack,Reed,Doctor 50,2023-07-01
P1026,Michelle,Rodriguez,Doctor 35,2023-07-01
P1047,Ryan,Kelly,Doctor 46,2023-07-01
P1342,Karen,Collins,Doctor 51,2023-07-01
P1411,Frank,Nguyen,Doctor 49,2023-07-01
P1429,Robert,Hernandez,Doctor 36,2023-07-01
P1478,Carol,Ortiz,Doctor 30,2023-07-01
P1602,Kevin,Kim,Doctor 28,2023-07-01
P1631,Jonathan,Brown,Doctor 97,2023-07-01
P1707,Alexander,Adams,Doctor 32,2023-07-01
P1724,Carol,Flores,Doctor 21,2023-07-01
P1775,Dennis,Thomas,Doctor 68,2023-07-01
P1779,Rebecca,Ortiz,Doctor 57,2023-07-01
P1820,Steven,Nelson,Doctor 27,2023-07-01
P1942,Jose,Flores,Doctor 26,2023-07-01
P1947,Melissa,Thompson,Doctor 23,2023-07-01
P2023,Brian,Miller,Doctor 88,2023-07-01
P2124,Christopher,Ruiz,Doctor 54,2023-07-01
P2166,Sarah,Lewis,Doctor 62,2023-07-01
P2168,Anthony,Flores,Doctor 22,2023-07-01
P2255,Eric,Mitchell,Doctor 64,2023-07-01
P0047,Jose,Bennett,Doctor 39,2023-07-02
P0110,Sandra,Nguyen,Doctor 25,2023-07-02
P0182,Cynthia,Ortiz,Doctor 38,2023-07-02
P0198,Brian,Ramirez,Doctor 61,2023-07-02
P0247,Matthew,Mendoza,Doctor 30,2023-07-02
P0303,Nancy,Diaz,Doctor 93,2023-07-02
P0487,Laura,Mitchell,Doctor 30,2023-07-02
P0518,Amy,Alvarez,Doctor 4,2023-07-02
P0525,Kimberly,Taylor,Doctor 73,2023-07-02
P0580,Timothy,Walker,Doctor 39,2023-07-02
P0605,Benjamin,Reed,Doctor 9,2023-07-02
P0651,Amy,Lee,Doctor 92,2023-07-02
P0708,Stephen,Peterson,Doctor 59,2023-07-02
P0709,Laura,Davis,Doctor 14,2023-07-02
P0722,Virginia,Sanders,Doctor 4,2023-07-02
P0742,Stephen,Sanders,Doctor 98,2023-07-02
P0775,Jason,Reyes,Doctor 23,2023-07-02
P0818,Donna,Patel,Doctor 16,2023-07-02
P0953,Kimberly,Carter,Doctor 10,2023-07-02
P1326,Melissa,Nguyen,Doctor 36,2023-07-02
P1392,Dorothy,Wilson,Doctor 22,2023-07-02
P1547,Sarah,Mitchell,Doctor 86,2023-07-02
P1622,Sandra,Perez,Doctor 12,2023-07-02
P1741,Jose,Price,Doctor 63,2023-07-02
P1783,Edward,Alvarez,Doctor 95,2023-07-02
P1864,Tyler,Nelson,Doctor 88,2023-07-02
P2154,Helen,Smith,Doctor 14,2023-07-02
P2193,Nancy,Campbell,Doctor 5,2023-07-02
P2224,Robert,Peterson,Doctor 67,2023-07-02
P0103,Matthew,Bennett,Doctor 63,2023-07-03
P0302,Scott,Phillips,Doctor 75,2023-07-03
P0345,Carol,Mendoza,Doctor 80,2023-07-03
P0362,Brian,Sanders,Doctor 63,2023-07-03
P0364,Sandra,Cooper,Doctor 34,2023-07-03
P0391,Deborah,Ramos,Doctor 51,2023-07-03
P0401,Jessica,Ruiz,Doctor 40,2023-07-03
P0442,Shirley,Taylor,Doctor 58,2023-07-03
P0468,Raymond,Hill,Doctor 25,2023-07-03
P0533,Anthony,Evans,Doctor 21,2023-07-03
P0673,Kathleen,Parker,Doctor 10,2023-07-03
P0766,Tyler,Wilson,Doctor 87,2023-07-03
P0804,Mark,Gomez,Doctor 20,2023-07-03
P1084,Ruth,Howard,Doctor 27,2023-07-03
P1233,Sharon,Smith,Doctor 1,2023-07-03
P1393,Matthew,Mitchell,Doctor 61,2023-07-03
P1669,Joseph,Cooper,Doctor 70,2023-07-03
P1786,Anna,Cruz,Doctor 42,2023-07-03
P1841,Kimberly,Walker,Doctor 10,2023-07-03
P1847,John,Baker,Doctor 49,2023-07-03
P1851,Eric,Stewart,Doctor 59,2023-07-03
P2132,Angela,Baker,Doctor 13,2023-07-03
P2170,Helen,Phillips,Doctor 48,2023-07-03
P2198,Brian,Moore,Doctor 68,2023-07-03
P2231,Matthew,Wilson,Doctor 59,2023-07-03
P2247,Stephen,Mitchell,Doctor 57,2023-07-03
P2249,Lisa,Mendoza,Doctor 58,2023-07-03
P0104,Joshua,Anderson,Doctor 20,2023-07-04
P0127,Mary,Allen,Doctor 52,2023-07-04
P0220,Daniel,Garcia,Doctor 33,2023-07-04
P0222,Justin,Flores,Doctor 61,2023-07-04
P0295,Daniel,Taylor,Doctor 14,2023-07-04
P0615,Ruth,Watson,Doctor 52,2023-07-04
P0635,Sharon,Wood,Doctor 98,2023-07-04
P0685,Karen,Flores,Doctor 14,2023-07-04
P0712,Sandra,White,Doctor 66,2023-07-04
P0792,Emma,Ortiz,Doctor 41,2023-07-04
P0803,Lisa,Brooks,Doctor 37,2023-07-04
P0810,Deborah,Carter,Doctor 95,2023-07-04
P0878,Jason,Baker,Doctor 17,2023-07-04
P0900,Justin,Carter,Doctor 27,2023-07-04
P1009,Linda,Richardson,Doctor 69,2023-07-04
P1040,Mary,Scott,Doctor 50,2023-07-04
P1042,Lisa,Hall,Doctor 88,2023-07-04
P1059,Betty,Carter,Doctor 69,2023-07-04
P1063,Shirley,Cox,Doctor 12,2023-07-04
P1124,Nancy,Bennett,Doctor 94,2023-07-04
P1158,Emma,Morales,Doctor 88,2023-07-04
P1180,Amy,Reyes,Doctor 39,2023-07-04
P1231,William,Kelly,Doctor 9,2023-07-04
P1283,Robert,Parker,Doctor 57,2023-07-04
P1290,Carol,Brooks,Doctor 56,2023-07-04
P1356,George,Robinson,Doctor 50,2023-07-04
P1405,Kimberly,Robinson,Doctor 99,2023-07-04
P1564,Brenda,Thomas,Doctor 24,2023-07-04
P1679,Benjamin,Diaz,Doctor 71,2023-07-04
P1725,Scott,Sanchez,Doctor 80,2023-07-04
P1836,Nancy,Kelly,Doctor 45,2023-07-04
P1899,Amy,Gonzalez,Doctor 49,2023-07-04
P1901,Elizabeth,Ortiz,Doctor 61,2023-07-04
P1921,Donald,Castillo,Doctor 100,2023-07-04
P2056,Sharon,Myers,Doctor 60,2023-07-04
P2069,Sharon,Phillips,Doctor 7,2023-07-04
P2125,Jacob,Carter,Doctor 36,2023-07-04
P2207,Charles,Wood,Doctor 52,2023-07-04
P2246,Samuel,Collins,Doctor 73,2023-07-04
P2272,Scott,Lopez,Doctor 69,2023-07-04
P0018,Lisa,Howard,Doctor 79,2023-07-05
P0067,Jessica,Robinson,Doctor 7,2023-07-05
P0119,Kenneth,Bailey,Doctor 82,2023-07-05
P0189,Jacob,Collins,Doctor 59,2023-07-05
P0242,Joseph,Ruiz,Doctor 40,2023-07-05
P0543,Cynthia,Sanchez,Doctor 47,2023-07-05
P0552,Tyler,Adams,Doctor 86,2023-07-05
P0688,Cynthia,Cook,Doctor 29,2023-07-05
P0696,Justin,White,Doctor 99,2023-07-05
P0723,Susan,Morris,Doctor 3,2023-07-05
P0820,Jose,Nguyen,Doctor 89,2023-07-05
P0879,Donna,King,Doctor 41,2023-07-05
P0928,Jonathan,Martin,Doctor 60,2023-07-05
P0929,Barbara,Flores,Doctor 82,2023-07-05
P0937,Angela,James,Doctor 21,2023-07-05
P0946,Jonathan,Collins,Doctor 61,2023-07-05
P0988,Kimberly,Castillo,Doctor 78,2023-07-05
P1031,Donna,Ruiz,Doctor 83,2023-07-05
P1102,Kenneth,Allen,Doctor 59,2023-07-05
P1127,James,Ruiz,Doctor 43,2023-07-05
P1196,Jason,Ramos,Doctor 47,2023-07-05
P1242,Aaron,Brown,Doctor 65,2023-07-05
P1426,Brandon,Ortiz,Doctor 5,2023-07-05
P1458,Anthony,Harris,Doctor 33,2023-07-05
P1704,Deborah,Chavez,Doctor 3,2023-07-05
P2066,Donna,Mitchell,Doctor 14,2023-07-05
P2097,Laura,Garcia,Doctor 34,2023-07-05
P2100,Deborah,Castillo,Doctor 44,2023-07-05
P2226,Susan,Hall,Doctor 49,2023-07-05
P2303,Kenneth,Gonzalez,Doctor 20,2023-07-05
P0032,James,Smith,Doctor 71,2023-07-06
P0057,Michelle,Diaz,Doctor 51,2023-07-06
P0147,Lisa,Wood,Doctor 17,2023-07-06
P0177,Melissa,Campbell,Doctor 96,2023-07-06
P0271,Dennis,Myers,Doctor 74,2023-07-06
P0386,Andrew,Rogers,Doctor 15,2023-07-06
P0398,Timothy,James,Doctor 69,2023-07-06
P0515,Amy,Collins,Doctor 30,2023-07-06
P0555,Kimberly,Richardson,Doctor 96,2023-07-06
P0557,Christopher,Thomas,Doctor 37,2023-07-06
P0602,Rebecca,Hill,Doctor 41,2023-07-06
P0675,Rebecca,King,Doctor 86,2023-07-06
P0704,Susan,Alvarez,Doctor 55,2023-07-06
P0830,Kimberly,Morales,Doctor 20,2023-07-06
P1019,Shirley,Wilson,Doctor 22,2023-07-06
P1228,Linda,Wood,Doctor 70,2023-07-06
P1325,Andrew,Harris,Doctor 57,2023-07-06
P1329,Kathleen,Castillo,Doctor 69,2023-07-06
P1423,Sarah,Rogers,Doctor 79,2023-07-06
P1487,Tyler,Clark,Doctor 85,2023-07-06
P1589,Patrick,Ramirez,Doctor 49,2023-07-06
P1600,John,Bailey,Doctor 38,2023-07-06
P1621,Andrew,Davis,Doctor 11,2023-07-06
P1675,Nancy,Wood,Doctor 75,2023-07-06
P1785,Susan,Diaz,Doctor 57,2023-07-06
P1802,Matthew,Young,Doctor 23,2023-07-06
P1811,Donna,Nelson,Doctor 35,2023-07-06
P1828,Aaron,Lopez,Doctor 43,2023-07-06
P1856,Nicholas,Williams,Doctor 80,2023-07-06
P1921,Donald,Castillo,Doctor 100,2023-07-06
P1964,Richard,Cox,Doctor 74,2023-07-06
P1973,Frank,Bennett,Doctor 61,2023-07-06
P2035,John,Ramirez,Doctor 88,2023-07-06
P2080,Ruth,Harris,Doctor 85,2023-07-06
P2160,Daniel,Anderson,Doctor 82,2023-07-06
P0037,Stephen,Rogers,Doctor 85,2023-07-07
P0068,Jack,Ortiz,Doctor 90,2023-07-07
P0263,Joseph,Ramos,Doctor 86,2023-07-07
P0415,Jessica,Wood,Doctor 24,2023-07-07
P0428,Ronald,Walker,Doctor 51,2023-07-07
P0437,Dennis,Ortiz,Doctor 100,2023-07-07
P0469,Patricia,Harris,Doctor 30,2023-07-07
P0532,Edward,Stewart,Doctor 76,2023-07-07
P0598,Kimberly,Davis,Doctor 87,2023-07-07
P0818,Donna,Patel,Doctor 59,2023-07-07
P0930,Cynthia,Peterson,Doctor 33,2023-07-07
P1043,Christopher,Rivera,Doctor 98,2023-07-07
P1227,Raymond,Phillips,Doctor 68,2023-07-07
P1244,Brenda,Garcia,Doctor 55,2023-07-07
P1256,Jessica,Cox,Doctor 73,2023-07-07
P1309,Gary,Thompson,Doctor 63,2023-07-07
P1435,Jacob,Myers,Doctor 99,2023-07-07
P1453,Sandra,Ward,Doctor 47,2023-07-07
P1465,Nancy,Murphy,Doctor 85,2023-07-07
P1674,Jonathan,Williams,Doctor 84,2023-07-07
P2100,Deborah,Castillo,Doctor 44,2023-07-07
P0016,Ruth,Taylor,Doctor 8,2023-07-08
P0096,Kimberly,Flores,Doctor 67,2023-07-08
P0169,Benjamin,King,Doctor 22,2023-07-08
P0442,Shirley,Taylor,Doctor 58,2023-07-08
P0525,Kimberly,Taylor,Doctor 73,2023-07-08
P0570,Mary,Hill,Doctor 13,2023-07-08
P0717,Kevin,Howard,Doctor 20,2023-07-08
P0773,Michael,Martin,Doctor 1,2023-07-08
P0802,Brandon,Campbell,Doctor 99,2023-07-08
P0944,Jason,Collins,Doctor 30,2023-07-08
P1014,Jonathan,Wood,Doctor 96,2023-07-08
P1332,Joshua,Parker,Doctor 75,2023-07-08
P1455,Gary,Ruiz,Doctor 90,2023-07-08
P1532,Betty,Murphy,Doctor 59,2023-07-08
P1534,William,Campbell,Doctor 11,2023-07-08
P1685,Brian,Gray,Doctor 54,2023-07-08
P1746,Linda,Lewis,Doctor 93,2023-07-08
P1874,Andrew,Hill,Doctor 99,2023-07-08
P1892,Kathleen,Collins,Doctor 18,2023-07-08
P1898,John,Lee,Doctor 59,2023-07-08
P1963,Elizabeth,Alvarez,Doctor 52,2023-07-08
P1969,Anna,Mendoza,Doctor 51,2023-07-08
P2001,Anna,Murphy,Doctor 70,2023-07-08
P2012,Kathleen,Flores,Doctor 71,2023-07-08
P2037,Mary,Alvarez,Doctor 20,2023-07-08
P2115,Susan,Nelson,Doctor 38,2023-07-08
P2198,Brian,Moore,Doctor 68,2023-07-08
P2243,Mary,Morris,Doctor 89,2023-07-08
P2278,Karen,Martinez,Doctor 30,2023-07-08
P0169,Benjamin,King,Doctor 76,2023-07-09
P0170,Jonathan,Reed,Doctor 32,2023-07-09
P0209,Mark,Cruz,Doctor 97,2023-07-09
P0409,Barbara,Brooks,Doctor 95,2023-07-09
P0528,Laura,Alvarez,Doctor 44,2023-07-09
P0614,Joseph,Davis,Doctor 20,2023-07-09
P0659,Sharon,Garcia,Doctor 53,2023-07-09
P0932,Christopher,Kim,Doctor 68,2023-07-09
P0954,Michelle,Walker,Doctor 80,2023-07-09
P1011,Jason,Hughes,Doctor 84,2023-07-09
P1056,Timothy,Harris,Doctor 66,2023-07-09
P1103,Carol,Scott,Doctor 77,2023-07-09
P1133,Aaron,Hernandez,Doctor 46,2023-07-09
P1281,Ruth,Roberts,Doctor 66,2023-07-09
P1338,Benjamin,Torres,Doctor 39,2023-07-09
P1609,Ruth,Myers,Doctor 87,2023-07-09
P1662,Ronald,Nguyen,Doctor 95,2023-07-09
P1717,Dorothy,Morales,Doctor 25,2023-07-09
P1740,Dennis,Harris,Doctor 17,2023-07-09
P1744,George,Stewart,Doctor 67,2023-07-09
P1799,Eric,Lee,Doctor 86,2023-07-09
P1833,Linda,Hughes,Doctor 47,2023-07-09
P1880,Michael,Davis,Doctor 29,2023-07-09
P1918,Patrick,Jackson,Doctor 42,2023-07-09
P1919,Gregory,Gray,Doctor 68,2023-07-09
P1954,Jacob,Alvarez,Doctor 58,2023-07-09
P2070,Patrick,Bailey,Doctor 56,2023-07-09
P2153,Rebecca,White,Doctor 81,2023-07-09
P2261,Angela,Sanders,Doctor 2,2023-07-09
P2294,Shirley,Clark,Doctor 11,2023-07-09
P0028,Michelle,Hernandez,Doctor 1,2023-07-10
P0108,Eric,Carter,Doctor 49,2023-07-10
P0167,Patricia,Wright,Doctor 93,2023-07-10
P0352,Dorothy,Edwards,Doctor 15,2023-07-10
P0571,Karen,Wright,Doctor 40,2023-07-10
P0592,Lisa,Chavez,Doctor 86,2023-07-10
P0698,Patricia,Thompson,Doctor 75,2023-07-10
P0944,Jason,Collins,Doctor 16,2023-07-10
P1026,Michelle,Rodriguez,Doctor 35,2023-07-10
P1127,James,Ruiz,Doctor 43,2023-07-10
P1131,Cynthia,Ramirez,Doctor 45,2023-07-10
P1227,Raymond,Phillips,Doctor 47,2023-07-10
P1252,Donna,Morales,Doctor 91,2023-07-10
P1421,Michael,Morris,Doctor 76,2023-07-10
P1439,Mark,Brown,Doctor 76,2023-07-10
P1566,Donald,Wright,Doctor 95,2023-07-10
P1602,Kevin,Kim,Doctor 28,2023-07-10
P1783,Edward,Alvarez,Doctor 45,2023-07-10
P1789,Thomas,Gonzalez,Doctor 43,2023-07-10
P1831,Sarah,Hernandez,Doctor 15,2023-07-10
P1865,Eric,James,Doctor 12,2023-07-10
P1869,Kimberly,Mitchell,Doctor 59,2023-07-10
P1876,Karen,Johnson,Doctor 21,2023-07-10
P1982,Mary,Williams,Doctor 34,2023-07-10
P2012,Kathleen,Flores,Doctor 71,2023-07-10
P0119,Kenneth,Bailey,Doctor 92,2023-07-11
P0239,Sarah,Williams,Doctor 32,2023-07-11
P0269,Dorothy,Ruiz,Doctor 5,2023-07-11
P0422,Jason,Ward,Doctor 76,2023-07-11
P0435,Kimberly,Hughes,Doctor 97,2023-07-11
P0443,Nancy,Cook,Doctor 16,2023-07-11
P0544,Donna,Hall,Doctor 12,2023-07-11
P0588,Brandon,Gonzalez,Doctor 38,2023-07-11
P0614,Joseph,Davis,Doctor 20,2023-07-11
P0725,Sarah,Wood,Doctor 100,2023-07-11
P0735,Mary,Martinez,Doctor 23,2023-07-11
P0955,Sarah,Roberts,Doctor 83,2023-07-11
P0988,Kimberly,Castillo,Doctor 32,2023-07-11
P1015,Alexander,Ramirez,Doctor 30,2023-07-11
P1033,Angela,Johnson,Doctor 42,2023-07-11
P1087,Angela,Gray,Doctor 7,2023-07-11
P1134,Ryan,Perez,Doctor 97,2023-07-11
P1244,Brenda,Garcia,Doctor 34,2023-07-11
P1394,Jerry,Watson,Doctor 41,2023-07-11
P1450,Sandra,Morgan,Doctor 79,2023-07-11
P1567,Sarah,Allen,Doctor 3,2023-07-11
P1620,Rebecca,Stewart,Doctor 95,2023-07-11
P1758,Charles,Bailey,Doctor 79,2023-07-11
P1766,Donna,Wilson,Doctor 36,2023-07-11
P1780,Betty,Hughes,Doctor 85,2023-07-11
P2155,Kimberly,Ortiz,Doctor 50,2023-07-11
P2176,Michael,Turner,Doctor 4,2023-07-11
P2186,Nancy,Nguyen,Doctor 31,2023-07-11
P2197,Nancy,Gray,Doctor 90,2023-07-11
P0020,Michael,Diaz,Doctor 79,2023-07-12
P0085,Jessica,Peterson,Doctor 52,2023-07-12
P0118,Barbara,Peterson,Doctor 97,2023-07-12
P0163,Nicholas,Watson,Doctor 91,2023-07-12
P0486,Deborah,Parker,Doctor 27,2023-07-12
P0505,Shirley,Parker,Doctor 11,2023-07-12
P0559,Lisa,Jones,Doctor 54,2023-07-12
P0586,Dorothy,James,Doctor 92,2023-07-12
P0589,Lisa,Mitchell,Doctor 45,2023-07-12
P0603,Rebecca,Diaz,Doctor 55,2023-07-12
P0757,Betty,Lewis,Doctor 24,2023-07-12
P0764,Richard,Bennett,Doctor 22,2023-07-12
P1005,Barbara,Smith,Doctor 32,2023-07-12
P1121,Kathleen,Ruiz,Doctor 21,2023-07-12
P1233,Sharon,Smith,Doctor 1,2023-07-12
P1359,Patricia,Brooks,Doctor 64,2023-07-12
P1371,Samuel,Phillips,Doctor 94,2023-07-12
P1382,Kathleen,Cook,Doctor 20,2023-07-12
P1456,Deborah,Morris,Doctor 13,2023-07-12
P1550,Sandra,Garcia,Doctor 49,2023-07-12
P1577,Richard,Sanders,Doctor 70,2023-07-12
P1700,Matthew,Jackson,Doctor 12,2023-07-12
P1863,Angela,Gutierrez,Doctor 52,2023-07-12
P1869,Kimberly,Mitchell,Doctor 17,2023-07-12
P1896,Jeffrey,Mendoza,Doctor 74,2023-07-12
P1933,Mary,Sanders,Doctor 70,2023-07-12
P1943,John,White,Doctor 69,2023-07-12
P0081,Jessica,Mendoza,Doctor 87,2023-07-13
P0165,Jeffrey,Howard,Doctor 71,2023-07-13
P0188,Anthony,Patel,Doctor 7,2023-07-13
P0200,Raymond,Williams,Doctor 13,2023-07-13
P0242,Joseph,Ruiz,Doctor 40,2023-07-13
P0273,David,Anderson,Doctor 93,2023-07-13
P0276,Michelle,Watson,Doctor 22,2023-07-13
P0365,Scott,Richardson,Doctor 45,2023-07-13
P0642,Kenneth,Mendoza,Doctor 75,2023-07-13
P0671,Sandra,Gutierrez,Doctor 58,2023-07-13
P0796,Jennifer,Parker,Doctor 47,2023-07-13
P0907,Karen,Adams,Doctor 93,2023-07-13
P0964,George,Brown,Doctor 44,2023-07-13
P0991,Donna,Wood,Doctor 91,2023-07-13
P1017,Jessica,Wilson,Doctor 17,2023-07-13
P1096,Jessica,Morales,Doctor 67,2023-07-13
P1125,Jessica,Hill,Doctor 74,2023-07-13
P1166,Gregory,Thompson,Doctor 71,2023-07-13
P1166,Gregory,Thompson,Doctor 62,2023-07-13
P1248,Christopher,Price,Doctor 42,2023-07-13
P1362,Jacob,Green,Doctor 15,2023-07-13
P1443,Nicholas,Edwards,Doctor 54,2023-07-13
P1453,Sandra,Ward,Doctor 47,2023-07-13
P1641,Karen,Davis,Doctor 76,2023-07-13
P1738,Mary,Brooks,Doctor 50,2023-07-13
P1739,Brenda,Jackson,Doctor 47,2023-07-13
P1775,Dennis,Thomas,Doctor 25,2023-07-13
P1946,Gary,Mitchell,Doctor 82,2023-07-13
P2173,Helen,Morgan,Doctor 70,2023-07-13
P2189,Brenda,Harris,Doctor 43,2023-07-13
P2295,Raymond,Jackson,Doctor 3,2023-07-13
P0002,Michelle,Williams,Doctor 7,2023-07-14
P0104,Joshua,Anderson,Doctor 39,2023-07-14
P0148,Matthew,Flores,Doctor 45,2023-07-14
P0281,Barbara,Taylor,Doctor 22,2023-07-14
P0328,Christopher,Garcia,Doctor 80,2023-07-14
P0396,Michelle,Kim,Doctor 78,2023-07-14
P0406,Elizabeth,Perez,Doctor 55,2023-07-14
P0505,Shirley,Parker,Doctor 56,2023-07-14
P0534,Nicholas,Wood,Doctor 14,2023-07-14
P0620,Cynthia,Gray,Doctor 97,2023-07-14
P0668,Joseph,Flores,Doctor 63,2023-07-14
P0685,Karen,Flores,Doctor 53,2023-07-14
P0753,Donald,Cruz,Doctor 85,2023-07-14
P0827,Jacob,Richardson,Doctor 34,2023-07-14
P0883,Jacob,Campbell,Doctor 62,2023-07-14
P0914,Robert,Ward,Doctor 25,2023-07-14
P0930,Cynthia,Peterson,Doctor 33,2023-07-14
P1022,Brandon,Turner,Doctor 50,2023-07-14
P1041,Betty,Collins,Doctor 60,2023-07-14
P1079,Jessica,Ortiz,Doctor 51,2023-07-14
P1081,George,Ortiz,Doctor 11,2023-07-14
P1099,Brenda,Kim,Doctor 5,2023-07-14
P1165,Ruth,Flores,Doctor 41,2023-07-14
P1555,Brian,Thomas,Doctor 56,2023-07-14
P1606,Steven,Alvarez,Doctor 20,2023-07-14
P1688,Sharon,Mendoza,Doctor 76,2023-07-14
P1698,Karen,Ward,Doctor 97,2023-07-14
P1722,Scott,Smith,Doctor 36,2023-07-14
P1773,Jennifer,Wilson,Doctor 72,2023-07-14
P1780,Betty,Hughes,Doctor 85,2023-07-14
P1858,Emma,Patel,Doctor 19,2023-07-14
P2122,William,Young,Doctor 88,2023-07-14
P2252,Donna,Sanders,Doctor 47,2023-07-14
P2272,Scott,Lopez,Doctor 69,2023-07-14
P2279,Patricia,Lopez,Doctor 24,2023-07-14
P0069,Deborah,Robinson,Doctor 96,2023-07-15
P0161,Melissa,Phillips,Doctor 95,2023-07-15
P0255,Patrick,Rodriguez,Doctor 6,2023-07-15
P0353,Jonathan,Bailey,Doctor 45,2023-07-15
P0416,Kimberly,Ramos,Doctor 85,2023-07-15
P0430,Michelle,Ruiz,Doctor 93,2023-07-15
P0434,Laura,Ortiz,Doctor 91,2023-07-15
P0442,Shirley,Taylor,Doctor 58,2023-07-15
P0583,Donald,Williams,Doctor 98,2023-07-15
P0623,Laura,Rogers,Doctor 56,2023-07-15
P0638,Cynthia,Wright,Doctor 21,2023-07-15
P0651,Amy,Lee,Doctor 92,2023-07-15
P0735,Mary,Martinez,Doctor 23,2023-07-15
P0763,Ronald,Edwards,Doctor 8,2023-07-15
P0790,Benjamin,Morgan,Doctor 12,2023-07-15
P0805,Jerry,Williams,Doctor 21,2023-07-15
P0815,Jerry,Hill,Doctor 12,2023-07-15
P0842,George,Cox,Doctor 53,2023-07-15
P1080,Kevin,Green,Doctor 5,2023-07-15
P1194,Andrew,Nelson,Doctor 34,2023-07-15
P1206,Nicholas,King,Doctor 20,2023-07-15
P1304,Jacob,White,Doctor 5,2023-07-15
P1462,Virginia,Sanchez,Doctor 50,2023-07-15
P1594,Ruth,Ward,Doctor 56,2023-07-15
P1641,Karen,Davis,Doctor 66,2023-07-15
P1824,Susan,Allen,Doctor 53,2023-07-15
P1965,Gregory,Harris,Doctor 1,2023-07-15
P1991,George,Lee,Doctor 97,2023-07-15
P2049,Benjamin,Roberts,Doctor 62,2023-07-15
P2061,Angela,Ramos,Doctor 65,2023-07-15
P2087,Dennis,Carter,Doctor 84,2023-07-15
P2206,Anna,James,Doctor 79,2023-07-15
P2240,Michelle,Ramos,Doctor 74,2023-07-15
P2251,Virginia,Edwards,Doctor 4,2023-07-15
P2301,Kenneth,White,Doctor 8,2023-07-15
P0046,Anthony,Gonzalez,Doctor 62,2023-07-16
P0195,Deborah,Stewart,Doctor 3,2023-07-16
P0202,David,Clark,Doctor 6,2023-07-16
P0255,Patrick,Rodriguez,Doctor 65,2023-07-16
P0429,Brandon,Parker,Doctor 92,2023-07-16
P0492,Christopher,Martin,Doctor 96,2023-07-16
P0510,Patrick,Alvarez,Doctor 4,2023-07-16
P0527,Thomas,Lee,Doctor 20,2023-07-16
P0546,Scott,Roberts,Doctor 63,2023-07-16
P0579,Timothy,Gonzalez,Doctor 96,2023-07-16
P0637,Justin,King,Doctor 92,2023-07-16
P0677,Christopher,Mitchell,Doctor 39,2023-07-16
P0716,George,Gonzalez,Doctor 76,2023-07-16
P0808,Kimberly,Reed,Doctor 60,2023-07-16
P0844,Jeffrey,Moore,Doctor 6,2023-07-16
P0881,Michael,Murphy,Doctor 68,2023-07-16
P0928,Jonathan,Martin,Doctor 60,2023-07-16
P1127,James,Ruiz,Doctor 41,2023-07-16
P1140,Tyler,Walker,Doctor 9,2023-07-16
P1356,George,Robinson,Doctor 50,2023-07-16
P1365,Frank,Walker,Doctor 69,2023-07-16
P1638,Mark,Castillo,Doctor 22,2023-07-16
P1640,James,Chavez,Doctor 38,2023-07-16
P1751,Alexander,Howard,Doctor 74,2023-07-16
P2217,Kimberly,Lee,Doctor 71,2023-07-16
P2237,Andrew,Clark,Doctor 77,2023-07-16
P2252,Donna,Sanders,Doctor 47,2023-07-16
P2278,Karen,Martinez,Doctor 30,2023-07-16
P0065,David,Mitchell,Doctor 52,2023-07-17
P0228,Michael,Ward,Doctor 64,2023-07-17
P0310,Joshua,Murphy,Doctor 57,2023-07-17
P0314,Larry,Davis,Doctor 41,2023-07-17
P0505,Shirley,Parker,Doctor 56,2023-07-17
P0542,Michael,Nguyen,Doctor 96,2023-07-17
P0610,Stephen,Myers,Doctor 31,2023-07-17
P0720,Jeffrey,Evans,Doctor 14,2023-07-17
P0827,Jacob,Richardson,Doctor 34,2023-07-17
P0985,Deborah,Johnson,Doctor 75,2023-07-17
P1099,Brenda,Kim,Doctor 3,2023-07-17
P1296,Kenneth,Flores,Doctor 90,2023-07-17
P1483,Edward,Ortiz,Doctor 63,2023-07-17
P1515,Edward,Turner,Doctor 52,2023-07-17
P1570,Jessica,Diaz,Doctor 58,2023-07-17
P1707,Alexander,Adams,Doctor 32,2023-07-17
P1793,William,Nguyen,Doctor 94,2023-07-17
P1875,Michael,Adams,Doctor 39,2023-07-17
P1914,Laura,Richardson,Doctor 99,2023-07-17
P1988,Larry,Cruz,Doctor 89,2023-07-17
P2170,Helen,Phillips,Doctor 48,2023-07-17
P0160,Deborah,Morgan,Doctor 75,2023-07-18
P0195,Deborah,Stewart,Doctor 3,2023-07-18
P0217,Cynthia,Murphy,Doctor 46,2023-07-18
P0341,Donald,Patel,Doctor 33,2023-07-18
P0358,Aaron,Rodriguez,Doctor 49,2023-07-18
P0361,Carol,Anderson,Doctor 97,2023-07-18
P0529,Daniel,Richardson,Doctor 35,2023-07-18
P0597,Sarah,Thomas,Doctor 21,2023-07-18
P0666,James,Gomez,Doctor 97,2023-07-18
P0689,Emma,Gonzalez,Doctor 34,2023-07-18
P0907,Karen,Adams,Doctor 93,2023-07-18
P1168,Anna,Johnson,Doctor 1,2023-07-18
P1178,Sarah,King,Doctor 8,2023-07-18
P1350,Alexander,Watson,Doctor 25,2023-07-18
P1369,Nicholas,Taylor,Doctor 15,2023-07-18
P1391,Michelle,Campbell,Doctor 78,2023-07-18
P1415,Stephen,Thompson,Doctor 98,2023-07-18
P1536,John,Thompson,Doctor 82,2023-07-18
P1599,Patricia,Johnson,Doctor 33,2023-07-18
P1664,Jessica,Taylor,Doctor 27,2023-07-18
P1784,Melissa,Cook,Doctor 27,2023-07-18
P1822,Frank,Moore,Doctor 96,2023-07-18
P1844,Joshua,Bennett,Doctor 88,2023-07-18
P1922,Betty,Jones,Doctor 98,2023-07-18
P1922,Betty,Jones,Doctor 98,2023-07-18
P1932,Jonathan,Reyes,Doctor 4,2023-07-18
P1936,Cynthia,Ward,Doctor 20,2023-07-18
P1983,Edward,Hernandez,Doctor 88,2023-07-18
P2089,Robert,Richardson,Doctor 35,2023-07-18
P2214,Nancy,Cooper,Doctor 14,2023-07-18
P2290,Kevin,Nguyen,Doctor 81,2023-07-18
P0005,Kimberly,Scott,Doctor 83,2023-07-19
P0283,Kimberly,Sanchez,Doctor 60,2023-07-19
P0340,Dorothy,Chavez,Doctor 70,2023-07-19
P0472,Daniel,Murphy,Doctor 12,2023-07-19
P0717,Kevin,Howard,Doctor 20,2023-07-19
P0842,George,Cox,Doctor 53,2023-07-19
P0885,Dorothy,Reed,Doctor 79,2023-07-19
P1070,John,Morris,Doctor 63,2023-07-19
P1126,David,Kelly,Doctor 89,2023-07-19
P1133,Aaron,Hernandez,Doctor 21,2023-07-19
P1169,Justin,Gonzalez,Doctor 15,2023-07-19
P1282,Rebecca,Lopez,Doctor 93,2023-07-19
P1364,Ruth,Allen,Doctor 24,2023-07-19
P1515,Edward,Turner,Doctor 52,2023-07-19
P1675,Nancy,Wood,Doctor 75,2023-07-19
P1688,Sharon,Mendoza,Doctor 76,2023-07-19
P1763,Donna,Cox,Doctor 89,2023-07-19
P1840,Andrew,Ortiz,Doctor 21,2023-07-19
P1979,Carol,Reed,Doctor 46,2023-07-19
P1987,Frank,Garcia,Doctor 74,2023-07-19
P2088,Ruth,Murphy,Doctor 51,2023-07-19
P2173,Helen,Morgan,Doctor 70,2023-07-19
P2192,Sarah,Harris,Doctor 65,2023-07-19
P2273,Laura,Peterson,Doctor 82,2023-07-19
P0070,Shirley,Gonzalez,Doctor 77,2023-07-20
P0188,Anthony,Patel,Doctor 68,2023-07-20
P0206,Tyler,Morris,Doctor 17,2023-07-20
P0439,Alexander,Cruz,Doctor 82,2023-07-20
P0460,Jacob,Ramirez,Doctor 38,2023-07-20
P0512,Laura,Campbell,Doctor 29,2023-07-20
P0588,Brandon,Gonzalez,Doctor 38,2023-07-20
P0727,Deborah,Williams,Doctor 10,2023-07-20
P0729,Raymond,Robinson,Doctor 49,2023-07-20
P0740,Donald,Hernandez,Doctor 2,2023-07-20
P0867,Kimberly,Green,Doctor 32,2023-07-20
P0912,Kimberly,Cook,Doctor 7,2023-07-20
P0934,Jerry,Kim,Doctor 84,2023-07-20
P1051,Sarah,Gray,Doctor 46,2023-07-20
P1117,Stephen,Thomas,Doctor 15,2023-07-20
P1279,Jerry,Robinson,Doctor 100,2023-07-20
P1316,Gary,Thomas,Doctor 80,2023-07-20
P1405,Kimberly,Robinson,Doctor 99,2023-07-20
P1564,Brenda,Thomas,Doctor 24,2023-07-20
P1631,Jonathan,Brown,Doctor 25,2023-07-20
P1756,Emma,Parker,Doctor 41,2023-07-20
P1763,Donna,Cox,Doctor 1,2023-07-20
P1892,Kathleen,Collins,Doctor 18,2023-07-20
P2000,Elizabeth,Thomas,Doctor 30,2023-07-20
P2066,Donna,Mitchell,Doctor 98,2023-07-20
P2072,Justin,Jackson,Doctor 11,2023-07-20
P2081,Jeffrey,Phillips,Doctor 11,2023-07-20
P2134,Samuel,Walker,Doctor 88,2023-07-20
P2163,Samuel,Garcia,Doctor 81,2023-07-20
P2193,Nancy,Campbell,Doctor 5,2023-07-20
P2251,Virginia,Edwards,Doctor 4,2023-07-20
P2266,Jason,Roberts,Doctor 66,2023-07-20
P0128,Jack,Hernandez,Doctor 28,2023-07-21
P0256,Jeffrey,Parker,Doctor 69,2023-07-21
P0308,Barbara,Jackson,Doctor 66,2023-07-21
P0372,Gregory,Ward,Doctor 84,2023-07-21
P0381,Eric,Chavez,Doctor 42,2023-07-21
P0430,Michelle,Ruiz,Doctor 93,2023-07-21
P0532,Edward,Stewart,Doctor 76,2023-07-21
P0587,Larry,Gray,Doctor 30,2023-07-21
P0591,Laura,Bennett,Doctor 46,2023-07-21
P0631,Jason,Miller,Doctor 39,2023-07-21
P0651,Amy,Lee,Doctor 19,2023-07-21
P1045,Donald,Perez,Doctor 14,2023-07-21
P1067,Justin,Young,Doctor 3,2023-07-21
P1069,Justin,Brown,Doctor 24,2023-07-21
P1164,Justin,Green,Doctor 41,2023-07-21
P1402,Laura,Taylor,Doctor 18,2023-07-21
P1463,Brenda,Roberts,Doctor 1,2023-07-21
P1550,Sandra,Garcia,Doctor 43,2023-07-21
P1603,Jerry,Turner,Doctor 50,2023-07-21
P1678,Stephen,Morris,Doctor 85,2023-07-21
P1729,Brandon,Edwards,Doctor 59,2023-07-21
P1735,Patricia,Mendoza,Doctor 63,2023-07-21
P1787,Sandra,Turner,Doctor 100,2023-07-21
P2057,Michelle,Gomez,Doctor 25,2023-07-21
P2058,Carol,Taylor,Doctor 64,2023-07-21
P2273,Laura,Peterson,Doctor 91,2023-07-21
P2279,Patricia,Lopez,Doctor 24,2023-07-21
P2304,William,Rogers,Doctor 98,2023-07-21
P0128,Jack,Hernandez,Doctor 85,2023-07-22
P0168,Cynthia,Baker,Doctor 54,2023-07-22
P0236,Betty,Morales,Doctor 58,2023-07-22
P0246,Stephen,Howard,Doctor 44,2023-07-22
P0248,Samuel,Kim,Doctor 30,2023-07-22
P0260,Angela,Nelson,Doctor 35,2023-07-22
P0300,Linda,Campbell,Doctor 91,2023-07-22
P0389,Joseph,Gray,Doctor 17,2023-07-22
P0428,Ronald,Walker,Doctor 81,2023-07-22
P0433,James,Cox,Doctor 22,2023-07-22
P0557,Christopher,Thomas,Doctor 37,2023-07-22
P0597,Sarah,Thomas,Doctor 77,2023-07-22
P0759,Susan,Hughes,Doctor 20,2023-07-22
P0829,Justin,Hernandez,Doctor 10,2023-07-22
P0843,Susan,Morales,Doctor 81,2023-07-22
P0883,Jacob,Campbell,Doctor 11,2023-07-22
P0975,Carol,Chavez,Doctor 39,2023-07-22
P0987,Ruth,Turner,Doctor 12,2023-07-22
P1052,Michelle,Wood,Doctor 27,2023-07-22
P1153,Charles,Cook,Doctor 9,2023-07-22
P1262,Donna,Thomas,Doctor 93,2023-07-22
P1274,Robert,Taylor,Doctor 39,2023-07-22
P1361,Helen,Lopez,Doctor 75,2023-07-22
P1362,Jacob,Green,Doctor 88,2023-07-22
P1392,Dorothy,Wilson,Doctor 59,2023-07-22
P1422,Kenneth,Hill,Doctor 59,2023-07-22
P1452,Helen,Baker,Doctor 56,2023-07-22
P1489,Anna,Castillo,Doctor 78,2023-07-22
P1524,Patricia,Adams,Doctor 1,2023-07-22
P1780,Betty,Hughes,Doctor 85,2023-07-22
P2056,Sharon,Myers,Doctor 42,2023-07-22
P2060,Jeffrey,Flores,Doctor 19,2023-07-22
P2066,Donna,Mitchell,Doctor 98,2023-07-22
P2095,James,Mendoza,Doctor 68,2023-07-22
P0125,Steven,Thomas,Doctor 81,2023-07-23
P0241,Thomas,Cruz,Doctor 18,2023-07-23
P0313,Patricia,Flores,Doctor 5,2023-07-23
P0605,Benjamin,Reed,Doctor 4,2023-07-23
P0606,Ruth,Phillips,Doctor 35,2023-07-23
P0640,Richard,Wood,Doctor 4,2023-07-23
P0644,Stephen,Price,Doctor 73,2023-07-23
P0719,Raymond,Campbell,Doctor 12,2023-07-23
P0764,Richard,Bennett,Doctor 22,2023-07-23
P0822,Jeffrey,Murphy,Doctor 53,2023-07-23
P0830,Kimberly,Morales,Doctor 20,2023-07-23
P0966,Emma,Edwards,Doctor 54,2023-07-23
P1031,Donna,Ruiz,Doctor 2,2023-07-23
P1062,Elizabeth,Bailey,Doctor 8,2023-07-23
P1089,Jose,Morgan,Doctor 43,2023-07-23
P1089,Jose,Morgan,Doctor 43,2023-07-23
P1269,Joshua,Morgan,Doctor 57,2023-07-23
P1398,Robert,Murphy,Doctor 59,2023-07-23
P1466,Sarah,Scott,Doctor 84,2023-07-23
P1509,Carol,Wood,Doctor 98,2023-07-23
P1555,Brian,Thomas,Doctor 56,2023-07-23
P1628,Raymond,James,Doctor 11,2023-07-23
P1631,Jonathan,Brown,Doctor 25,2023-07-23
P1756,Emma,Parker,Doctor 58,2023-07-23
P1768,Frank,Hughes,Doctor 7,2023-07-23
P1775,Dennis,Thomas,Doctor 25,2023-07-23
P1792,Dennis,Anderson,Doctor 81,2023-07-23
P1826,Shirley,Howard,Doctor 83,2023-07-23
P1946,Gary,Mitchell,Doctor 82,2023-07-23
P2038,Benjamin,Hughes,Doctor 100,2023-07-23
P2043,Laura,Hall,Doctor 37,2023-07-23
P2052,Jose,Cox,Doctor 78,2023-07-23
P2123,Carol,Morris,Doctor 66,2023-07-23
P2283,Gregory,Cook,Doctor 66,2023-07-23
P0145,Sarah,Chavez,Doctor 82,2023-07-24
P0294,Dennis,Miller,Doctor 12,2023-07-24
P0341,Donald,Patel,Doctor 33,2023-07-24
P0348,John,Scott,Doctor 32,2023-07-24
P0353,Jonathan,Bailey,Doctor 45,2023-07-24
P0369,Raymond,Rivera,Doctor 8,2023-07-24
P0397,James,Thompson,Doctor 51,2023-07-24
P0436,Karen,Roberts,Doctor 24,2023-07-24
P0481,Nancy,Cox,Doctor 18,2023-07-24
P0632,Jessica,Garcia,Doctor 51,2023-07-24
P0667,Benjamin,Anderson,Doctor 87,2023-07-24
P0723,Susan,Morris,Doctor 3,2023-07-24
P0745,Scott,Rodriguez,Doctor 30,2023-07-24
P0758,Andrew,Kim,Doctor 72,2023-07-24
P0861,Steven,Richardson,Doctor 76,2023-07-24
P1002,Kathleen,Bennett,Doctor 91,2023-07-24
P1016,Donald,King,Doctor 78,2023-07-24
P1109,Jennifer,Cooper,Doctor 92,2023-07-24
P1113,Deborah,Perez,Doctor 98,2023-07-24
P1128,Betty,Chavez,Doctor 16,2023-07-24
P1179,Carol,Young,Doctor 35,2023-07-24
P1211,Jessica,Green,Doctor 29,2023-07-24
P1272,Sharon,Morales,Doctor 50,2023-07-24
P1317,Virginia,Patel,Doctor 72,2023-07-24
P1447,Eric,Bennett,Doctor 40,2023-07-24
P1447,Eric,Bennett,Doctor 40,2023-07-24
P1599,Patricia,Johnson,Doctor 64,2023-07-24
P1753,Ronald,Evans,Doctor 87,2023-07-24
P1793,William,Nguyen,Doctor 94,2023-07-24
P1848,Ryan,Hughes,Doctor 84,2023-07-24
P1855,Kathleen,Rivera,Doctor 91,2023-07-24
P1860,Jacob,Howard,Doctor 68,2023-07-24
P1865,Eric,James,Doctor 12,2023-07-24
P1875,Michael,Adams,Doctor 15,2023-07-24
P1916,Edward,Jackson,Doctor 47,2023-07-24
P2094,Amy,Rodriguez,Doctor 30,2023-07-24
P2124,Christopher,Ruiz,Doctor 54,2023-07-24
P0324,Michael,Ramos,Doctor 81,2023-07-25
P0359,Betty,Lopez,Doctor 40,2023-07-25
P0370,Benjamin,Wood,Doctor 43,2023-07-25
P0406,Elizabeth,Perez,Doctor 55,2023-07-25
P0440,Nancy,Kim,Doctor 65,2023-07-25
P0498,Helen,Watson,Doctor 13,2023-07-25
P0637,Justin,King,Doctor 92,2023-07-25
P0701,Larry,Edwards,Doctor 57,2023-07-25
P0742,Stephen,Sanders,Doctor 89,2023-07-25
P0757,Betty,Lewis,Doctor 24,2023-07-25
P0858,Aaron,Alvarez,Doctor 58,2023-07-25
P0865,Anthony,Ramos,Doctor 93,2023-07-25
P0900,Justin,Carter,Doctor 27,2023-07-25
P1007,Jack,Ruiz,Doctor 13,2023-07-25
P1074,Donna,Gutierrez,Doctor 62,2023-07-25
P1213,Steven,Stewart,Doctor 43,2023-07-25
P1227,Raymond,Phillips,Doctor 88,2023-07-25
P1424,Jerry,Baker,Doctor 74,2023-07-25
P1500,Virginia,Jones,Doctor 72,2023-07-25
P1650,Laura,Moore,Doctor 20,2023-07-25
P1676,Aaron,Evans,Doctor 72,2023-07-25
P1790,Ruth,Walker,Doctor 56,2023-07-25
P1793,William,Nguyen,Doctor 85,2023-07-25
P1867,Deborah,Brooks,Doctor 6,2023-07-25
P1872,Susan,Turner,Doctor 20,2023-07-25
P1881,Jacob,Gomez,Doctor 30,2023-07-25
P2035,John,Ramirez,Doctor 88,2023-07-25
P2041,Barbara,Murphy,Doctor 16,2023-07-25
P2167,William,Wright,Doctor 44,2023-07-25
P2207,Charles,Wood,Doctor 3,2023-07-25
P2213,Karen,Perez,Doctor 91,2023-07-25
P2245,Kenneth,Richardson,Doctor 69,2023-07-25
P2269,Donald,Myers,Doctor 11,2023-07-25
P0116,Steven,Flores,Doctor 95,2023-07-26
P0279,Karen,Martin,Doctor 78,2023-07-26
P0382,Karen,Cooper,Doctor 40,2023-07-26
P0510,Patrick,Alvarez,Doctor 4,2023-07-26
P0536,Aaron,Peterson,Doctor 39,2023-07-26
P0720,Jeffrey,Evans,Doctor 14,2023-07-26
P0743,Joshua,Sanders,Doctor 38,2023-07-26
P0766,Tyler,Wilson,Doctor 87,2023-07-26
P0820,Jose,Nguyen,Doctor 89,2023-07-26
P0888,William,Smith,Doctor 24,2023-07-26
P0948,Donald,Ramirez,Doctor 26,2023-07-26
P1008,Jose,Turner,Doctor 81,2023-07-26
P1164,Justin,Green,Doctor 41,2023-07-26
P1221,Helen,Lee,Doctor 79,2023-07-26
P1250,Charles,King,Doctor 90,2023-07-26
P1528,Brandon,Robinson,Doctor 34,2023-07-26
P1539,Mary,Phillips,Doctor 13,2023-07-26
P1657,James,Green,Doctor 23,2023-07-26
P1660,Kenneth,Ramos,Doctor 34,2023-07-26
P1669,Joseph,Cooper,Doctor 70,2023-07-26
P1683,Ruth,Clark,Doctor 97,2023-07-26
P1727,Karen,Stewart,Doctor 34,2023-07-26
P1844,Joshua,Bennett,Doctor 22,2023-07-26
P1908,Donald,Smith,Doctor 41,2023-07-26
P1979,Carol,Reed,Doctor 46,2023-07-26
P1993,Brandon,Rodriguez,Doctor 22,2023-07-26
P2043,Laura,Hall,Doctor 37,2023-07-26
P2050,Anthony,Martinez,Doctor 57,2023-07-26
P2082,Shirley,Carter,Doctor 79,2023-07-26
P2194,Larry,Hernandez,Doctor 87,2023-07-26
P2205,Laura,Lewis,Doctor 41,2023-07-26
P2234,Shirley,Lewis,Doctor 19,2023-07-26
P0043,Nancy,Cruz,Doctor 26,2023-07-27
P0060,George,Campbell,Doctor 50,2023-07-27
P0118,Barbara,Peterson,Doctor 37,2023-07-27
P0187,Edward,Cook,Doctor 40,2023-07-27
P0192,Jack,Mitchell,Doctor 59,2023-07-27
P0329,Donna,Carter,Doctor 81,2023-07-27
P0402,Patricia,Bennett,Doctor 81,2023-07-27
P0496,Ryan,Ruiz,Doctor 33,2023-07-27
P0528,Laura,Alvarez,Doctor 71,2023-07-27
P0630,Mary,Mitchell,Doctor 78,2023-07-27
P0739,Linda,Lee,Doctor 93,2023-07-27
P0763,Ronald,Edwards,Doctor 31,2023-07-27
P0836,Karen,Scott,Doctor 82,2023-07-27
P0841,Sarah,Reyes,Doctor 100,2023-07-27
P0945,Sarah,Johnson,Doctor 45,2023-07-27
P0945,Sarah,Johnson,Doctor 45,2023-07-27
P1018,Benjamin,Nelson,Doctor 52,2023-07-27
P1112,Christopher,Nguyen,Doctor 81,2023-07-27
P1189,Michael,Rivera,Doctor 43,2023-07-27
P1254,Timothy,Mendoza,Doctor 58,2023-07-27
P1442,Anthony,Ramirez,Doctor 79,2023-07-27
P1679,Benjamin,Diaz,Doctor 18,2023-07-27
P1693,Kimberly,James,Doctor 11,2023-07-27
P1745,Cynthia,Ruiz,Doctor 61,2023-07-27
P1773,Jennifer,Wilson,Doctor 50,2023-07-27
P1778,Scott,Mitchell,Doctor 84,2023-07-27
P1840,Andrew,Ortiz,Doctor 21,2023-07-27
P2043,Laura,Hall,Doctor 37,2023-07-27
P2073,Joshua,Morris,Doctor 40,2023-07-27
P2129,Betty,Young,Doctor 28,2023-07-27
P2156,Virginia,Phillips,Doctor 90,2023-07-27
P2208,Karen,Ruiz,Doctor 20,2023-07-27
P2243,Mary,Morris,Doctor 89,2023-07-27
P0178,Patricia,Martinez,Doctor 1,2023-07-28
P0250,Lisa,Carter,Doctor 18,2023-07-28
P0312,Rebecca,Myers,Doctor 61,2023-07-28
P0626,Steven,Rogers,Doctor 9,2023-07-28
P0667,Benjamin,Anderson,Doctor 2,2023-07-28
P0670,John,Cruz,Doctor 82,2023-07-28
P0955,Sarah,Roberts,Doctor 83,2023-07-28
P0962,Karen,Rodriguez,Doctor 43,2023-07-28
P1010,Elizabeth,Clark,Doctor 61,2023-07-28
P1057,Donna,Rodriguez,Doctor 90,2023-07-28
P1109,Jennifer,Cooper,Doctor 92,2023-07-28
P1176,Frank,Diaz,Doctor 61,2023-07-28
P1202,James,Ramirez,Doctor 22,2023-07-28
P1258,Kenneth,Lewis,Doctor 3,2023-07-28
P1318,Sarah,Robinson,Doctor 63,2023-07-28
P1321,Jose,Edwards,Doctor 18,2023-07-28
P1433,Brenda,Johnson,Doctor 11,2023-07-28
P1730,Amy,Chavez,Doctor 43,2023-07-28
P1748,Frank,King,Doctor 74,2023-07-28
P1951,Gregory,Young,Doctor 34,2023-07-28
P1983,Edward,Hernandez,Doctor 88,2023-07-28
P2075,Tyler,Ortiz,Doctor 71,2023-07-28
P2167,William,Wright,Doctor 99,2023-07-28
P2241,Virginia,Parker,Doctor 54,2023-07-28
P0025,Helen,Reed,Doctor 43,2023-07-29
P0098,Matthew,Richardson,Doctor 35,2023-07-29
P0227,Ronald,Ruiz,Doctor 89,2023-07-29
P0270,Andrew,Myers,Doctor 48,2023-07-29
P0296,Deborah,Nelson,Doctor 82,2023-07-29
P0301,Dorothy,Mitchell,Doctor 91,2023-07-29
P0303,Nancy,Diaz,Doctor 93,2023-07-29
P0421,Scott,Cruz,Doctor 24,2023-07-29
P0434,Laura,Ortiz,Doctor 91,2023-07-29
P0475,Jose,Garcia,Doctor 43,2023-07-29
P0509,Tyler,Scott,Doctor 6,2023-07-29
P0869,Helen,Ward,Doctor 91,2023-07-29
P1043,Christopher,Rivera,Doctor 98,2023-07-29
P1065,James,Flores,Doctor 18,2023-07-29
P1133,Aaron,Hernandez,Doctor 64,2023-07-29
P1135,Justin,Allen,Doctor 85,2023-07-29
P1193,Helen,Ortiz,Doctor 94,2023-07-29
P1215,Jacob,Hill,Doctor 24,2023-07-29
P1285,Deborah,Phillips,Doctor 23,2023-07-29
P1445,Michelle,Martin,Doctor 64,2023-07-29
P1505,Frank,Rodriguez,Doctor 18,2023-07-29
P1534,William,Campbell,Doctor 11,2023-07-29
P1607,Aaron,Reyes,Doctor 89,2023-07-29
P1660,Kenneth,Ramos,Doctor 34,2023-07-29
P1688,Sharon,Mendoza,Doctor 76,2023-07-29
P1773,Jennifer,Wilson,Doctor 11,2023-07-29
P1836,Nancy,Kelly,Doctor 45,2023-07-29
P1846,Gregory,Hall,Doctor 71,2023-07-29
P1867,Deborah,Brooks,Doctor 6,2023-07-29
P1911,Shirley,Ward,Doctor 86,2023-07-29
P2024,Deborah,Cruz,Doctor 49,2023-07-29
P2068,Aaron,Hall,Doctor 99,2023-07-29
P2142,Edward,Torres,Doctor 74,2023-07-29
P2212,Jack,Brown,Doctor 56,2023-07-29
P0061,Brenda,Torres,Doctor 27,2023-07-30
P0093,Lisa,Garcia,Doctor 37,2023-07-30
P0276,Michelle,Watson,Doctor 22,2023-07-30
P0304,Melissa,Morgan,Doctor 68,2023-07-30
P0704,Susan,Alvarez,Doctor 55,2023-07-30
P0778,Patrick,Scott,Doctor 62,2023-07-30
P0808,Kimberly,Reed,Doctor 60,2023-07-30
P1089,Jose,Morgan,Doctor 43,2023-07-30
P1092,Benjamin,Cox,Doctor 12,2023-07-30
P1112,Christopher,Nguyen,Doctor 14,2023-07-30
P1201,Mark,Sanchez,Doctor 73,2023-07-30
P1230,Larry,Lopez,Doctor 2,2023-07-30
P1349,Kimberly,Watson,Doctor 17,2023-07-30
P1446,Jessica,Watson,Doctor 70,2023-07-30
P1636,Carol,Cooper,Doctor 60,2023-07-30
P1651,Anthony,Ortiz,Doctor 34,2023-07-30
P1840,Andrew,Ortiz,Doctor 46,2023-07-30
P1905,Laura,Thompson,Doctor 50,2023-07-30
P1931,Aaron,Green,Doctor 13,2023-07-30
P2067,Donald,Ortiz,Doctor 37,2023-07-30
P2088,Ruth,Murphy,Doctor 51,2023-07-30
P2127,Deborah,Jones,Doctor 69,2023-07-30
P2179,Elizabeth,Mendoza,Doctor 58,2023-07-30
P0026,Joshua,Scott,Doctor 88,2023-07-31
P0163,Nicholas,Watson,Doctor 37,2023-07-31
P0287,Donna,Hughes,Doctor 78,2023-07-31
P0318,Daniel,Ramirez,Doctor 33,2023-07-31
P0417,Sharon,Clark,Doctor 42,2023-07-31
P0442,Shirley,Taylor,Doctor 80,2023-07-31
P0463,Jeffrey,Sanchez,Doctor 8,2023-07-31
P0487,Laura,Mitchell,Doctor 30,2023-07-31
P0529,Daniel,Richardson,Doctor 79,2023-07-31
P0560,Sandra,Wood,Doctor 72,2023-07-31
P0648,Jeffrey,Lee,Doctor 57,2023-07-31
P0726,George,Martinez,Doctor 44,2023-07-31
P0740,Donald,Hernandez,Doctor 72,2023-07-31
P0794,Nancy,Green,Doctor 32,2023-07-31
P0824,George,Smith,Doctor 33,2023-07-31
P0890,Larry,Moore,Doctor 24,2023-07-31
P0924,Brenda,Taylor,Doctor 93,2023-07-31
P1078,James,Johnson,Doctor 86,2023-07-31
P1083,Sarah,Morales,Doctor 91,2023-07-31
P1108,Michelle,Wright,Doctor 36,2023-07-31
P1310,Nicholas,Gray,Doctor 37,2023-07-31
P1349,Kimberly,Watson,Doctor 17,2023-07-31
P1460,Christopher,Gonzalez,Doctor 44,2023-07-31
P1510,Kimberly,Howard,Doctor 52,2023-07-31
P1515,Edward,Turner,Doctor 77,2023-07-31
P1601,Helen,Sanchez,Doctor 35,2023-07-31
P1738,Mary,Brooks,Doctor 59,2023-07-31
P1820,Steven,Nelson,Doctor 58,2023-07-31
P1856,Nicholas,Williams,Doctor 80,2023-07-31
P1932,Jonathan,Reyes,Doctor 97,2023-07-31
P1994,Carol,Evans,Doctor 10,2023-07-31
P2009,Emma,Brooks,Doctor 51,2023-07-31
P2024,Deborah,Cruz,Doctor 81,2023-07-31
P2072,Justin,Jackson,Doctor 11,2023-07-31
P2140,Benjamin,Wright,Doctor 29,2023-07-31
P2143,Gary,Williams,Doctor 78,2023-07-31
P2223,Michelle,Garcia,Doctor 84,2023-07-31
P2248,Sharon,Miller,Doctor 17,2023-07-31
P0022,Laura,Collins,Doctor 48,2023-08-01
P0087,Kevin,Morris,Doctor 21,2023-08-01
P0251,Kimberly,Campbell,Doctor 77,2023-08-01
P0286,Steven,Hughes,Doctor 67,2023-08-01
P0300,Linda,Campbell,Doctor 91,2023-08-01
P0316,Andrew,Cruz,Doctor 18,2023-08-01
P0345,Carol,Mendoza,Doctor 62,2023-08-01
P0393,Edward,Rodriguez,Doctor 29,2023-08-01
P0485,Gregory,Reed,Doctor 17,2023-08-01
P0503,Gary,Wood,Doctor 70,2023-08-01
P0558,Jeffrey,Adams,Doctor 45,2023-08-01
P0606,Ruth,Phillips,Doctor 66,2023-08-01
P0662,Daniel,Reed,Doctor 85,2023-08-01
P0679,Ruth,Morris,Doctor 62,2023-08-01
P0772,Sarah,Alvarez,Doctor 28,2023-08-01
P0797,Richard,Davis,Doctor 29,2023-08-01
P0853,Karen,Sanchez,Doctor 88,2023-08-01
P0892,Michelle,Clark,Doctor 9,2023-08-01
P0971,Larry,Wood,Doctor 85,2023-08-01
P1036,Larry,Harris,Doctor 74,2023-08-01
P1040,Mary,Scott,Doctor 50,2023-08-01
P1111,Betty,Howard,Doctor 48,2023-08-01
P1177,Raymond,Lopez,Doctor 74,2023-08-01
P1191,Ruth,Bailey,Doctor 69,2023-08-01
P1213,Steven,Stewart,Doctor 43,2023-08-01
P1402,Laura,Taylor,Doctor 6,2023-08-01
P1448,Ronald,Carter,Doctor 24,2023-08-01
P1499,Tyler,Mendoza,Doctor 46,2023-08-01
P1668,Aaron,Cook,Doctor 21,2023-08-01
P1769,Justin,Anderson,Doctor 68,2023-08-01
P1887,Betty,James,Doctor 54,2023-08-01
P1951,Gregory,Young,Doctor 34,2023-08-01
P2021,George,Scott,Doctor 2,2023-08-01
P2104,William,Hernandez,Doctor 15,2023-08-01
P2162,Amy,Ruiz,Doctor 61,2023-08-01
P2229,Gary,Rivera,Doctor 88,2023-08-01
P2287,Dennis,Wood,Doctor 79,2023-08-01
P0119,Kenneth,Bailey,Doctor 92,2023-08-02
P0164,Donna,Martinez,Doctor 83,2023-08-02
P0290,Susan,Phillips,Doctor 95,2023-08-02
P0328,Christopher,Garcia,Doctor 80,2023-08-02
P0389,Joseph,Gray,Doctor 66,2023-08-02
P0412,Donna,Martin,Doctor 82,2023-08-02
P0488,Michelle,Robinson,Doctor 91,2023-08-02
P0525,Kimberly,Taylor,Doctor 73,2023-08-02
P0556,Matthew,Walker,Doctor 27,2023-08-02
P0602,Rebecca,Hill,Doctor 41,2023-08-02
P0687,Helen,White,Doctor 7,2023-08-02
P0690,Charles,Lee,Doctor 40,2023-08-02
P0779,Matthew,Gomez,Doctor 34,2023-08-02
P0836,Karen,Scott,Doctor 82,2023-08-02
P0903,Deborah,Edwards,Doctor 42,2023-08-02
P0947,Laura,Wright,Doctor 10,2023-08-02
P1045,Donald,Perez,Doctor 14,2023-08-02
P1121,Kathleen,Ruiz,Doctor 40,2023-08-02
P1176,Frank,Diaz,Doctor 61,2023-08-02
P1236,Sarah,Gonzalez,Doctor 30,2023-08-02
P1240,Shirley,James,Doctor 48,2023-08-02
P1246,Elizabeth,Hill,Doctor 75,2023-08-02
P1323,Frank,White,Doctor 46,2023-08-02
P1342,Karen,Collins,Doctor 51,2023-08-02
P1411,Frank,Nguyen,Doctor 7,2023-08-02
P1416,Jack,Garcia,Doctor 40,2023-08-02
P1480,Deborah,Price,Doctor 43,2023-08-02
P1605,Stephen,Turner,Doctor 79,2023-08-02
P1606,Steven,Alvarez,Doctor 63,2023-08-02
P1672,Patrick,Moore,Doctor 98,2023-08-02
P1690,Linda,Bailey,Doctor 11,2023-08-02
P1818,Helen,Rogers,Doctor 89,2023-08-02
P2004,Patrick,Perez,Doctor 92,2023-08-02
P2054,Dennis,Johnson,Doctor 62,2023-08-02
P2088,Ruth,Murphy,Doctor 51,2023-08-02
P2102,Nicholas,Nguyen,Doctor 97,2023-08-02
P2296,Dorothy,Harris,Doctor 12,2023-08-02
P0132,Aaron,Campbell,Doctor 88,2023-08-03
P0174,Timothy,Sanchez,Doctor 57,2023-08-03
P0464,Kevin,Chavez,Doctor 23,2023-08-03
P0481,Nancy,Cox,Doctor 58,2023-08-03
P0498,Helen,Watson,Doctor 13,2023-08-03
P0557,Christopher,Thomas,Doctor 37,2023-08-03
P0613,Mark,Alvarez,Doctor 28,2023-08-03
P0731,Donald,Bennett,Doctor 87,2023-08-03
P0947,Laura,Wright,Doctor 64,2023-08-03
P1007,Jack,Ruiz,Doctor 13,2023-08-03
P1162,Ryan,Roberts,Doctor 62,2023-08-03
P1194,Andrew,Nelson,Doctor 34,2023-08-03
P1216,Steven,Campbell,Doctor 63,2023-08-03
P1255,Kathleen,James,Doctor 8,2023-08-03
P1354,Jose,White,Doctor 80,2023-08-03
P1383,Ruth,Wood,Doctor 81,2023-08-03
P1396,Jason,James,Doctor 88,2023-08-03
P1420,Tyler,Baker,Doctor 86,2023-08-03
P1565,Kathleen,Torres,Doctor 63,2023-08-03
P1587,Christopher,Ortiz,Doctor 72,2023-08-03
P1614,Brian,Scott,Doctor 19,2023-08-03
P1617,Patricia,Mitchell,Doctor 37,2023-08-03
P1643,Larry,Gutierrez,Doctor 79,2023-08-03
P1649,Betty,Kim,Doctor 46,2023-08-03
P1708,Brandon,Mitchell,Doctor 33,2023-08-03
P1772,Melissa,Lopez,Doctor 11,2023-08-03
P1811,Donna,Nelson,Doctor 35,2023-08-03
P1814,Sandra,Nelson,Doctor 47,2023-08-03
P1833,Linda,Hughes,Doctor 31,2023-08-03
P1866,Amy,Rogers,Doctor 40,2023-08-03
P1870,Ryan,Castillo,Doctor 69,2023-08-03
P1891,Dennis,Bennett,Doctor 87,2023-08-03
P1893,Amy,Richardson,Doctor 19,2023-08-03
P1998,Sharon,Hill,Doctor 68,2023-08-03
P2078,Michelle,Evans,Doctor 21,2023-08-03
P2147,Michelle,Collins,Doctor 6,2023-08-03
P2150,Scott,Walker,Doctor 46,2023-08-03
P2233,John,Wright,Doctor 99,2023-08-03
P0069,Deborah,Robinson,Doctor 96,2023-08-04
P0152,Gregory,Anderson,Doctor 81,2023-08-04
P0178,Patricia,Martinez,Doctor 1,2023-08-04
P0200,Raymond,Williams,Doctor 18,2023-08-04
P0217,Cynthia,Murphy,Doctor 46,2023-08-04
P0240,Alexander,Wilson,Doctor 6,2023-08-04
P0634,Deborah,Ruiz,Doctor 14,2023-08-04
P0662,Daniel,Reed,Doctor 78,2023-08-04
P0740,Donald,Hernandez,Doctor 72,2023-08-04
P0741,Jennifer,Ramirez,Doctor 75,2023-08-04
P0809,Nicholas,Myers,Doctor 64,2023-08-04
P0844,Jeffrey,Moore,Doctor 67,2023-08-04
P0909,Benjamin,Turner,Doctor 55,2023-08-04
P0998,Deborah,Green,Doctor 28,2023-08-04
P1009,Linda,Richardson,Doctor 69,2023-08-04
P1013,Frank,Ward,Doctor 24,2023-08-04
P1170,Sandra,Baker,Doctor 81,2023-08-04
P1212,Samuel,Torres,Doctor 58,2023-08-04
P1325,Andrew,Harris,Doctor 45,2023-08-04
P1420,Tyler,Baker,Doctor 75,2023-08-04
P1508,George,Nguyen,Doctor 98,2023-08-04
P1576,Timothy,Roberts,Doctor 48,2023-08-04
P1590,Aaron,Ramirez,Doctor 45,2023-08-04
P1611,Jonathan,Wright,Doctor 40,2023-08-04
P1650,Laura,Moore,Doctor 67,2023-08-04
P1652,Kimberly,Hernandez,Doctor 63,2023-08-04
P1664,Jessica,Taylor,Doctor 27,2023-08-04
P1722,Scott,Smith,Doctor 36,2023-08-04
P1757,Sandra,Clark,Doctor 60,2023-08-04
P1762,John,Kelly,Doctor 69,2023-08-04
P1839,Gary,Scott,Doctor 63,2023-08-04
P1857,Donald,Davis,Doctor 69,2023-08-04
P1922,Betty,Jones,Doctor 7,2023-08-04
P2046,George,Walker,Doctor 28,2023-08-04
P2185,Steven,Taylor,Doctor 20,2023-08-04
P2243,Mary,Morris,Doctor 89,2023-08-04
P2259,Sandra,Diaz,Doctor 15,2023-08-04
P0035,Raymond,White,Doctor 95,2023-08-05
P0084,Edward,Morris,Doctor 93,2023-08-05
P0116,Steven,Flores,Doctor 95,2023-08-05
P0235,Jeffrey,Myers,Doctor 90,2023-08-05
P0510,Patrick,Alvarez,Doctor 97,2023-08-05
P0531,Timothy,Brown,Doctor 95,2023-08-05
P0591,Laura,Bennett,Doctor 46,2023-08-05
P0591,Laura,Bennett,Doctor 46,2023-08-05
P0617,Steven,King,Doctor 29,2023-08-05
P0639,Michelle,Hill,Doctor 22,2023-08-05
P0816,Lisa,Smith,Doctor 89,2023-08-05
P0921,Lisa,Scott,Doctor 46,2023-08-05
P1007,Jack,Ruiz,Doctor 56,2023-08-05
P1039,Frank,Brown,Doctor 11,2023-08-05
P1074,Donna,Gutierrez,Doctor 73,2023-08-05
P1096,Jessica,Morales,Doctor 42,2023-08-05
P1143,Ruth,Smith,Doctor 64,2023-08-05
P1182,Andrew,Peterson,Doctor 49,2023-08-05
P1197,Nancy,Thompson,Doctor 8,2023-08-05
P1256,Jessica,Cox,Doctor 35,2023-08-05
P1273,Jessica,Lee,Doctor 95,2023-08-05
P1303,Brenda,Ortiz,Doctor 21,2023-08-05
P1441,Ryan,Rogers,Doctor 7,2023-08-05
P1592,Jack,Kelly,Doctor 78,2023-08-05
P1612,Brenda,Myers,Doctor 84,2023-08-05
P1682,Michael,Johnson,Doctor 59,2023-08-05
P1876,Karen,Johnson,Doctor 33,2023-08-05
P2038,Benjamin,Hughes,Doctor 100,2023-08-05
P2049,Benjamin,Roberts,Doctor 62,2023-08-05
P2113,Laura,Murphy,Doctor 21,2023-08-05
P2244,Jacob,Martinez,Doctor 1,2023-08-05
P2279,Patricia,Lopez,Doctor 24,2023-08-05
P0008,Barbara,Campbell,Doctor 38,2023-08-06
P0169,Benjamin,King,Doctor 76,2023-08-06
P0208,Kenneth,Brooks,Doctor 4,2023-08-06
P0244,Sarah,Adams,Doctor 66,2023-08-06
P0339,Charles,Cox,Doctor 35,2023-08-06
P0342,Elizabeth,Richardson,Doctor 29,2023-08-06
P0459,Jerry,King,Doctor 27,2023-08-06
P0581,Robert,Miller,Doctor 51,2023-08-06
P0592,Lisa,Chavez,Doctor 86,2023-08-06
P0593,Timothy,Thomas,Doctor 61,2023-08-06
P0633,Jacob,Roberts,Doctor 30,2023-08-06
P0714,Laura,Hernandez,Doctor 34,2023-08-06
P0796,Jennifer,Parker,Doctor 47,2023-08-06
P0942,Alexander,White,Doctor 68,2023-08-06
P0961,Brian,Gomez,Doctor 39,2023-08-06
P0985,Deborah,Johnson,Doctor 80,2023-08-06
P1066,Anna,Young,Doctor 97,2023-08-06
P1068,Anna,Hall,Doctor 82,2023-08-06
P1082,Raymond,Ortiz,Doctor 70,2023-08-06
P1111,Betty,Howard,Doctor 48,2023-08-06
P1181,Christopher,Watson,Doctor 7,2023-08-06
P1608,Eric,Morgan,Doctor 37,2023-08-06
P1656,Eric,Cooper,Doctor 41,2023-08-06
P1834,Benjamin,Wilson,Doctor 77,2023-08-06
P1844,Joshua,Bennett,Doctor 22,2023-08-06
P1925,Helen,Williams,Doctor 65,2023-08-06
P2014,Sandra,Scott,Doctor 83,2023-08-06
P2036,Jeffrey,Rivera,Doctor 85,2023-08-06
P2069,Sharon,Phillips,Doctor 7,2023-08-06
P2152,Anthony,Morgan,Doctor 28,2023-08-06
P2169,Alexander,Thompson,Doctor 50,2023-08-06
P2186,Nancy,Nguyen,Doctor 31,2023-08-06
P0058,Rebecca,Peterson,Doctor 17,2023-08-07
P0070,Shirley,Gonzalez,Doctor 77,2023-08-07
P0172,Donna,Scott,Doctor 84,2023-08-07
P0190,Shirley,Rivera,Doctor 42,2023-08-07
P0419,Larry,Martinez,Doctor 54,2023-08-07
P0441,Kathleen,Johnson,Doctor 32,2023-08-07
P0492,Christopher,Martin,Doctor 64,2023-08-07
P0608,Robert,Ramos,Doctor 96,2023-08-07
P0611,Frank,Castillo,Doctor 90,2023-08-07
P0836,Karen,Scott,Doctor 23,2023-08-07
P0870,Thomas,Young,Doctor 32,2023-08-07
P0880,Timothy,Scott,Doctor 25,2023-08-07
P0898,Gary,Ortiz,Doctor 20,2023-08-07
P0898,Gary,Ortiz,Doctor 20,2023-08-07
P0916,Kimberly,Gomez,Doctor 82,2023-08-07
P0919,Aaron,Robinson,Doctor 6,2023-08-07
P0974,Sandra,Ramos,Doctor 80,2023-08-07
P0978,Emma,Davis,Doctor 13,2023-08-07
P0987,Ruth,Turner,Doctor 31,2023-08-07
P1156,Kevin,Murphy,Doctor 93,2023-08-07
P1244,Brenda,Garcia,Doctor 34,2023-08-07
P1254,Timothy,Mendoza,Doctor 78,2023-08-07
P1272,Sharon,Morales,Doctor 50,2023-08-07
P1276,John,Miller,Doctor 97,2023-08-07
P1315,Karen,Kim,Doctor 25,2023-08-07
P1555,Brian,Thomas,Doctor 56,2023-08-07
P1570,Jessica,Diaz,Doctor 58,2023-08-07
P1613,Betty,Cruz,Doctor 62,2023-08-07
P1653,Deborah,Rodriguez,Doctor 26,2023-08-07
P1665,Charles,Patel,Doctor 47,2023-08-07
P1692,Jose,Gonzalez,Doctor 64,2023-08-07
P1804,Donna,Clark,Doctor 53,2023-08-07
P1822,Frank,Moore,Doctor 96,2023-08-07
P2039,Patrick,Ward,Doctor 22,2023-08-07
P2084,Jonathan,Adams,Doctor 61,2023-08-07
P2223,Michelle,Garcia,Doctor 25,2023-08-07
P2238,Linda,Stewart,Doctor 72,2023-08-07
P0093,Lisa,Garcia,Doctor 93,2023-08-08
P0109,Jack,Thompson,Doctor 74,2023-08-08
P0232,Linda,Collins,Doctor 83,2023-08-08
P0263,Joseph,Ramos,Doctor 86,2023-08-08
P0299,Aaron,Ward,Doctor 94,2023-08-08
P0314,Larry,Davis,Doctor 26,2023-08-08
P0330,Dorothy,Wood,Doctor 100,2023-08-08
P0365,Scott,Richardson,Doctor 45,2023-08-08
P0480,Sandra,Rodriguez,Doctor 24,2023-08-08
P0547,Ronald,Anderson,Doctor 45,2023-08-08
P0597,Sarah,Thomas,Doctor 77,2023-08-08
P0604,Samuel,James,Doctor 20,2023-08-08
P0619,Alexander,Baker,Doctor 63,2023-08-08
P0621,Sarah,Davis,Doctor 58,2023-08-08
P0773,Michael,Martin,Doctor 32,2023-08-08
P0793,Carol,Wright,Doctor 89,2023-08-08
P0844,Jeffrey,Moore,Doctor 67,2023-08-08
P0961,Brian,Gomez,Doctor 65,2023-08-08
P0971,Larry,Wood,Doctor 85,2023-08-08
P1048,Jason,Williams,Doctor 87,2023-08-08
P1049,Karen,Anderson,Doctor 70,2023-08-08
P1056,Timothy,Harris,Doctor 45,2023-08-08
P1079,Jessica,Ortiz,Doctor 51,2023-08-08
P1239,Kimberly,Baker,Doctor 71,2023-08-08
P1241,Helen,Torres,Doctor 47,2023-08-08
P1275,Gary,Gray,Doctor 37,2023-08-08
P1300,Jerry,Smith,Doctor 80,2023-08-08
P1361,Helen,Lopez,Doctor 75,2023-08-08
P1384,Brian,Ward,Doctor 53,2023-08-08
P1442,Anthony,Ramirez,Doctor 79,2023-08-08
P1463,Brenda,Roberts,Doctor 1,2023-08-08
P1623,Shirley,Rogers,Doctor 95,2023-08-08
P1734,Michelle,Martinez,Doctor 58,2023-08-08
P1828,Aaron,Lopez,Doctor 43,2023-08-08
P1864,Tyler,Nelson,Doctor 65,2023-08-08
P1881,Jacob,Gomez,Doctor 30,2023-08-08
P1882,Jennifer,Green,Doctor 81,2023-08-08
P1987,Frank,Garcia,Doctor 74,2023-08-08
P2047,Nicholas,Stewart,Doctor 45,2023-08-08
P2059,Dorothy,Carter,Doctor 31,2023-08-08
P2101,Linda,Roberts,Doctor 42,2023-08-08
P2214,Nancy,Cooper,Doctor 14,2023-08-08
P2224,Robert,Peterson,Doctor 67,2023-08-08
P0050,Daniel,Roberts,Doctor 49,2023-08-09
P0089,Larry,Kim,Doctor 47,2023-08-09
P0260,Angela,Nelson,Doctor 35,2023-08-09
P0378,Alexander,Ramos,Doctor 51,2023-08-09
P0378,Alexander,Ramos,Doctor 51,2023-08-09
P0449,Rebecca,Murphy,Doctor 22,2023-08-09
P0496,Ryan,Ruiz,Doctor 46,2023-08-09
P0528,Laura,Alvarez,Doctor 71,2023-08-09
P0535,Shirley,Alvarez,Doctor 88,2023-08-09
P0545,Justin,Martin,Doctor 19,2023-08-09
P0628,Laura,Watson,Doctor 10,2023-08-09
P0652,Kimberly,Harris,Doctor 20,2023-08-09
P0748,Richard,Watson,Doctor 62,2023-08-09
P0784,Alexander,Harris,Doctor 93,2023-08-09
P0787,Donna,Chavez,Doctor 39,2023-08-09
P0855,Charles,Watson,Doctor 82,2023-08-09
P0892,Michelle,Clark,Doctor 43,2023-08-09
P0925,Joseph,Thomas,Doctor 42,2023-08-09
P0981,Karen,Patel,Doctor 99,2023-08-09
P1013,Frank,Ward,Doctor 24,2023-08-09
P1096,Jessica,Morales,Doctor 42,2023-08-09
P1113,Deborah,Perez,Doctor 13,2023-08-09
P1418,Jacob,Stewart,Doctor 60,2023-08-09
P1555,Brian,Thomas,Doctor 56,2023-08-09
P1558,Robert,Ortiz,Doctor 51,2023-08-09
P1632,Scott,Taylor,Doctor 4,2023-08-09
P1650,Laura,Moore,Doctor 48,2023-08-09
P1662,Ronald,Nguyen,Doctor 74,2023-08-09
P1837,Matthew,Peterson,Doctor 18,2023-08-09
P1842,Anthony,White,Doctor 92,2023-08-09
P1912,Sarah,Baker,Doctor 2,2023-08-09
P1920,Carol,Smith,Doctor 74,2023-08-09
P2157,Carol,James,Doctor 9,2023-08-09
P2170,Helen,Phillips,Doctor 77,2023-08-09
P2188,Brian,Hernandez,Doctor 54,2023-08-09
P2272,Scott,Lopez,Doctor 69,2023-08-09
P0050,Daniel,Roberts,Doctor 49,2023-08-10
P0155,Anthony,Cook,Doctor 36,2023-08-10
P0230,Michelle,Anderson,Doctor 95,2023-08-10
P0257,Aaron,Chavez,Doctor 54,2023-08-10
P0368,Jerry,Diaz,Doctor 49,2023-08-10
P0500,Karen,Thompson,Doctor 79,2023-08-10
P0556,Matthew,Walker,Doctor 48,2023-08-10
P0564,Larry,Howard,Doctor 99,2023-08-10
P0612,Anthony,Ward,Doctor 83,2023-08-10
P0685,Karen,Flores,Doctor 53,2023-08-10
P0716,George,Gonzalez,Doctor 76,2023-08-10
P0744,Patricia,Reed,Doctor 48,2023-08-10
P0788,Helen,Scott,Doctor 47,2023-08-10
P0881,Michael,Murphy,Doctor 68,2023-08-10
P0908,Anthony,Chavez,Doctor 74,2023-08-10
P0918,Ryan,Taylor,Doctor 54,2023-08-10
P0920,Scott,Peterson,Doctor 2,2023-08-10
P0963,Benjamin,Stewart,Doctor 40,2023-08-10
P1028,Jason,Thomas,Doctor 96,2023-08-10
P1068,Anna,Hall,Doctor 82,2023-08-10
P1123,Shirley,Phillips,Doctor 74,2023-08-10
P1185,Brenda,Murphy,Doctor 53,2023-08-10
P1306,Amy,Young,Doctor 69,2023-08-10
P1329,Kathleen,Castillo,Doctor 69,2023-08-10
P1438,Laura,Parker,Doctor 95,2023-08-10
P1454,Jonathan,Thomas,Doctor 6,2023-08-10
P1472,Gregory,Chavez,Doctor 63,2023-08-10
P1574,Helen,Bailey,Doctor 34,2023-08-10
P1603,Jerry,Turner,Doctor 50,2023-08-10
P1740,Dennis,Harris,Doctor 17,2023-08-10
P1743,Sharon,Anderson,Doctor 35,2023-08-10
P1907,Kevin,Cook,Doctor 65,2023-08-10
P2074,Dorothy,Bennett,Doctor 92,2023-08-10
P2205,Laura,Lewis,Doctor 5,2023-08-10
P2219,Betty,Reyes,Doctor 73,2023-08-10
P2227,Betty,Thomas,Doctor 8,2023-08-10
P0014,Patrick,Walker,Doctor 87,2023-08-11
P0174,Timothy,Sanchez,Doctor 57,2023-08-11
P0193,Anthony,Kelly,Doctor 47,2023-08-11
P0256,Jeffrey,Parker,Doctor 71,2023-08-11
P0258,Jose,Harris,Doctor 84,2023-08-11
P0260,Angela,Nelson,Doctor 85,2023-08-11
P0369,Raymond,Rivera,Doctor 8,2023-08-11
P0380,Mary,Smith,Doctor 8,2023-08-11
P0390,Jack,Collins,Doctor 40,2023-08-11
P0392,Tyler,Gray,Doctor 53,2023-08-11
P0406,Elizabeth,Perez,Doctor 55,2023-08-11
P0417,Sharon,Clark,Doctor 42,2023-08-11
P0418,Kimberly,Bennett,Doctor 22,2023-08-11
P0511,Sarah,Green,Doctor 88,2023-08-11
P0511,Sarah,Green,Doctor 88,2023-08-11
P0723,Susan,Morris,Doctor 70,2023-08-11
P0857,Gregory,Roberts,Doctor 76,2023-08-11
P0859,Aaron,Ramos,Doctor 43,2023-08-11
P0927,Justin,Morales,Doctor 78,2023-08-11
P0937,Angela,James,Doctor 21,2023-08-11
P1019,Shirley,Wilson,Doctor 81,2023-08-11
P1083,Sarah,Morales,Doctor 9,2023-08-11
P1123,Shirley,Phillips,Doctor 92,2023-08-11
P1151,Kevin,Robinson,Doctor 2,2023-08-11
P1151,Kevin,Robinson,Doctor 2,2023-08-11
P1186,Helen,Harris,Doctor 82,2023-08-11
P1223,Samuel,White,Doctor 15,2023-08-11
P1259,Jose,Sanchez,Doctor 21,2023-08-11
P1336,Carol,Hernandez,Doctor 97,2023-08-11
P1352,Timothy,Lee,Doctor 19,2023-08-11
P1421,Michael,Morris,Doctor 76,2023-08-11
P1429,Robert,Hernandez,Doctor 36,2023-08-11
P1526,Kenneth,Martin,Doctor 24,2023-08-11
P1670,Dennis,Parker,Doctor 66,2023-08-11
P1731,Brenda,Sanchez,Doctor 25,2023-08-11
P1829,Andrew,Scott,Doctor 38,2023-08-11
P1858,Emma,Patel,Doctor 21,2023-08-11
P1902,Brenda,Price,Doctor 75,2023-08-11
P1961,Deborah,Clark,Doctor 15,2023-08-11
P1976,Edward,White,Doctor 45,2023-08-11
P2007,Gary,Sanders,Doctor 87,2023-08-11
P2023,Brian,Miller,Doctor 88,2023-08-11
P2039,Patrick,Ward,Doctor 22,2023-08-11
P2048,Thomas,Patel,Doctor 34,2023-08-11
P2129,Betty,Young,Doctor 28,2023-08-11
P2152,Anthony,Morgan,Doctor 28,2023-08-11
P0042,Tyler,Nguyen,Doctor 12,2023-08-12
P0110,Sandra,Nguyen,Doctor 25,2023-08-12
P0132,Aaron,Campbell,Doctor 88,2023-08-12
P0185,Amy,Moore,Doctor 9,2023-08-12
P0285,Jason,Edwards,Doctor 94,2023-08-12
P0304,Melissa,Morgan,Doctor 68,2023-08-12
P0350,Michelle,Mendoza,Doctor 49,2023-08-12
P0446,Stephen,Murphy,Doctor 84,2023-08-12
P0460,Jacob,Ramirez,Doctor 38,2023-08-12
P0561,Gary,Murphy,Doctor 67,2023-08-12
P0611,Frank,Castillo,Doctor 2,2023-08-12
P0713,Deborah,Taylor,Doctor 98,2023-08-12
P0768,Patrick,Phillips,Doctor 72,2023-08-12
P0773,Michael,Martin,Doctor 32,2023-08-12
P0775,Jason,Reyes,Doctor 23,2023-08-12
P0794,Nancy,Green,Doctor 24,2023-08-12
P0867,Kimberly,Green,Doctor 32,2023-08-12
P0868,Gary,Morales,Doctor 89,2023-08-12
P0998,Deborah,Green,Doctor 28,2023-08-12
P1291,Lisa,Torres,Doctor 63,2023-08-12
P1315,Karen,Kim,Doctor 25,2023-08-12
P1336,Carol,Hernandez,Doctor 97,2023-08-12
P1530,Jeffrey,Brooks,Doctor 32,2023-08-12
P1554,Betty,Martinez,Doctor 52,2023-08-12
P1587,Christopher,Ortiz,Doctor 56,2023-08-12
P1665,Charles,Patel,Doctor 47,2023-08-12
P1671,Benjamin,Reyes,Doctor 82,2023-08-12
P1717,Dorothy,Morales,Doctor 25,2023-08-12
P1727,Karen,Stewart,Doctor 34,2023-08-12
P1731,Brenda,Sanchez,Doctor 40,2023-08-12
P1735,Patricia,Mendoza,Doctor 64,2023-08-12
P1743,Sharon,Anderson,Doctor 35,2023-08-12
P1748,Frank,King,Doctor 74,2023-08-12
P1755,Jonathan,Clark,Doctor 25,2023-08-12
P1895,Benjamin,Lewis,Doctor 75,2023-08-12
P1907,Kevin,Cook,Doctor 46,2023-08-12
P1925,Helen,Williams,Doctor 65,2023-08-12
P1937,Anthony,Edwards,Doctor 96,2023-08-12
P1978,Sarah,Taylor,Doctor 90,2023-08-12
P2062,James,Anderson,Doctor 47,2023-08-12
P2218,Joseph,Harris,Doctor 45,2023-08-12
P2261,Angela,Sanders,Doctor 28,2023-08-12
P0299,Aaron,Ward,Doctor 94,2023-08-13
P0303,Nancy,Diaz,Doctor 93,2023-08-13
P0390,Jack,Collins,Doctor 40,2023-08-13
P0422,Jason,Ward,Doctor 76,2023-08-13
P0445,Joseph,Walker,Doctor 70,2023-08-13
P0588,Brandon,Gonzalez,Doctor 38,2023-08-13
P0624,Timothy,Cruz,Doctor 56,2023-08-13
P0807,Eric,Bailey,Doctor 7,2023-08-13
P0872,Virginia,Davis,Doctor 46,2023-08-13
P0937,Angela,James,Doctor 32,2023-08-13
P0959,Benjamin,Murphy,Doctor 83,2023-08-13
P1001,Emma,Green,Doctor 38,2023-08-13
P1028,Jason,Thomas,Doctor 96,2023-08-13
P1072,Charles,Rogers,Doctor 82,2023-08-13
P1193,Helen,Ortiz,Doctor 72,2023-08-13
P1207,Sarah,Bailey,Doctor 61,2023-08-13
P1383,Ruth,Wood,Doctor 81,2023-08-13
P1487,Tyler,Clark,Doctor 35,2023-08-13
P1625,Daniel,Rodriguez,Doctor 100,2023-08-13
P1637,Samuel,Jackson,Doctor 43,2023-08-13
P1772,Melissa,Lopez,Doctor 11,2023-08-13
P1819,Frank,Gutierrez,Doctor 19,2023-08-13
P1868,Nancy,Richardson,Doctor 43,2023-08-13
P2092,Thomas,Smith,Doctor 52,2023-08-13
P2203,James,Thomas,Doctor 43,2023-08-13
P2218,Joseph,Harris,Doctor 45,2023-08-13
P0044,Barbara,Cooper,Doctor 68,2023-08-14
P0101,Rebecca,Nelson,Doctor 95,2023-08-14
P0183,Stephen,Brown,Doctor 12,2023-08-14
P0214,Michelle,Stewart,Doctor 4,2023-08-14
P0267,Amy,James,Doctor 20,2023-08-14
P0272,Betty,Ramos,Doctor 9,2023-08-14
P0322,Alexander,Reed,Doctor 74,2023-08-14
P0366,James,Lopez,Doctor 33,2023-08-14
P0574,Ronald,Bennett,Doctor 50,2023-08-14
P0666,James,Gomez,Doctor 97,2023-08-14
P0772,Sarah,Alvarez,Doctor 28,2023-08-14
P0796,Jennifer,Parker,Doctor 47,2023-08-14
P0868,Gary,Morales,Doctor 46,2023-08-14
P1247,Anna,Cooper,Doctor 85,2023-08-14
P1294,William,Jackson,Doctor 87,2023-08-14
P1311,Sharon,Thomas,Doctor 15,2023-08-14
P1377,George,Watson,Doctor 98,2023-08-14
P1520,Benjamin,Gutierrez,Doctor 5,2023-08-14
P1665,Charles,Patel,Doctor 100,2023-08-14
P1685,Brian,Gray,Doctor 54,2023-08-14
P1710,Deborah,Wright,Doctor 93,2023-08-14
P1939,Michelle,Moore,Doctor 93,2023-08-14
P1955,Sarah,Sanchez,Doctor 15,2023-08-14
P2032,Jerry,Cruz,Doctor 48,2023-08-14
P2081,Jeffrey,Phillips,Doctor 11,2023-08-14
P2095,James,Mendoza,Doctor 68,2023-08-14
P2195,Scott,Clark,Doctor 1,2023-08-14
P0028,Michelle,Hernandez,Doctor 1,2023-08-15
P0086,Karen,Myers,Doctor 85,2023-08-15
P0116,Steven,Flores,Doctor 95,2023-08-15
P0146,Sandra,Richardson,Doctor 30,2023-08-15
P0354,Mary,Clark,Doctor 95,2023-08-15
P0412,Donna,Martin,Doctor 82,2023-08-15
P0421,Scott,Cruz,Doctor 28,2023-08-15
P0501,Donna,Phillips,Doctor 51,2023-08-15
P0548,William,Reed,Doctor 89,2023-08-15
P0557,Christopher,Thomas,Doctor 28,2023-08-15
P0594,Brenda,Martinez,Doctor 65,2023-08-15
P0780,Laura,White,Doctor 11,2023-08-15
P0811,Melissa,Gutierrez,Doctor 38,2023-08-15
P0827,Jacob,Richardson,Doctor 28,2023-08-15
P0830,Kimberly,Morales,Doctor 20,2023-08-15
P0876,Kevin,Gonzalez,Doctor 49,2023-08-15
P0967,Shirley,Chavez,Doctor 24,2023-08-15
P0981,Karen,Patel,Doctor 99,2023-08-15
P0984,Robert,Baker,Doctor 88,2023-08-15
P0991,Donna,Wood,Doctor 19,2023-08-15
P1036,Larry,Harris,Doctor 74,2023-08-15
P1044,Justin,Robinson,Doctor 3,2023-08-15
P1098,David,Scott,Doctor 1,2023-08-15
P1442,Anthony,Ramirez,Doctor 79,2023-08-15
P1472,Gregory,Chavez,Doctor 63,2023-08-15
P1481,Jennifer,Bailey,Doctor 54,2023-08-15
P1528,Brandon,Robinson,Doctor 55,2023-08-15
P1562,Virginia,Rodriguez,Doctor 20,2023-08-15
P1644,Sharon,Peterson,Doctor 14,2023-08-15
P1702,Mary,Wilson,Doctor 37,2023-08-15
P1861,Gregory,Phillips,Doctor 67,2023-08-15
P1965,Gregory,Harris,Doctor 55,2023-08-15
P1970,Mary,Rodriguez,Doctor 61,2023-08-15
P2031,Joseph,Rodriguez,Doctor 8,2023-08-15
P2131,Laura,Harris,Doctor 32,2023-08-15
P2138,Edward,Parker,Doctor 98,2023-08-15
P2211,Frank,Allen,Doctor 5,2023-08-15
P0003,Barbara,Hernandez,Doctor 27,2023-08-16
P0029,Michelle,Wilson,Doctor 58,2023-08-16
P0043,Nancy,Cruz,Doctor 26,2023-08-16
P0148,Matthew,Flores,Doctor 3,2023-08-16
P0151,Jessica,Hughes,Doctor 78,2023-08-16
P0187,Edward,Cook,Doctor 40,2023-08-16
P0194,Michael,Robinson,Doctor 100,2023-08-16
P0231,Benjamin,Parker,Doctor 47,2023-08-16
P0389,Joseph,Gray,Doctor 66,2023-08-16
P0502,Emma,Cook,Doctor 48,2023-08-16
P0502,Emma,Cook,Doctor 48,2023-08-16
P0552,Tyler,Adams,Doctor 2,2023-08-16
P0573,William,Gray,Doctor 85,2023-08-16
P0724,Sarah,Hughes,Doctor 52,2023-08-16
P0738,Aaron,Howard,Doctor 94,2023-08-16
P0782,Virginia,Walker,Doctor 94,2023-08-16
P0875,Nancy,Alvarez,Doctor 14,2023-08-16
P0972,Brian,Brown,Doctor 78,2023-08-16
P0974,Sandra,Ramos,Doctor 80,2023-08-16
P1009,Linda,Richardson,Doctor 45,2023-08-16
P1268,Ruth,Kelly,Doctor 23,2023-08-16
P1278,Dennis,Peterson,Doctor 32,2023-08-16
P1286,Karen,Young,Doctor 2,2023-08-16
P1442,Anthony,Ramirez,Doctor 79,2023-08-16
P1454,Jonathan,Thomas,Doctor 38,2023-08-16
P1462,Virginia,Sanchez,Doctor 50,2023-08-16
P1496,Larry,Clark,Doctor 88,2023-08-16
P1603,Jerry,Turner,Doctor 50,2023-08-16
P1657,James,Green,Doctor 23,2023-08-16
P1687,Rebecca,Williams,Doctor 22,2023-08-16
P1695,Karen,Cook,Doctor 64,2023-08-16
P1878,George,Wright,Doctor 62,2023-08-16
P1923,Nancy,Johnson,Doctor 86,2023-08-16
P2081,Jeffrey,Phillips,Doctor 11,2023-08-16
P2081,Jeffrey,Phillips,Doctor 11,2023-08-16
P2110,Thomas,Anderson,Doctor 36,2023-08-16
P2136,Nicholas,Gutierrez,Doctor 10,2023-08-16
P2213,Karen,Perez,Doctor 94,2023-08-16
P2269,Donald,Myers,Doctor 11,2023-08-16
P0041,Benjamin,Sanders,Doctor 27,2023-08-17
P0056,Christopher,Roberts,Doctor 11,2023-08-17
P0112,Aaron,Jones,Doctor 76,2023-08-17
P0213,Scott,Brown,Doctor 50,2023-08-17
P0288,Jacob,Patel,Doctor 36,2023-08-17
P0340,Dorothy,Chavez,Doctor 70,2023-08-17
P0456,Dorothy,Adams,Doctor 55,2023-08-17
P0567,Anthony,Young,Doctor 1,2023-08-17
P0573,William,Gray,Doctor 45,2023-08-17
P0593,Timothy,Thomas,Doctor 85,2023-08-17
P0727,Deborah,Williams,Doctor 27,2023-08-17
P0767,Melissa,Morris,Doctor 36,2023-08-17
P0786,Sharon,Reed,Doctor 46,2023-08-17
P0787,Donna,Chavez,Doctor 39,2023-08-17
P0882,Helen,Perez,Doctor 96,2023-08-17
P0895,Timothy,Reed,Doctor 93,2023-08-17
P1084,Ruth,Howard,Doctor 27,2023-08-17
P1167,Robert,Reyes,Doctor 49,2023-08-17
P1232,Christopher,Brown,Doctor 12,2023-08-17
P1242,Aaron,Brown,Doctor 65,2023-08-17
P1247,Anna,Cooper,Doctor 85,2023-08-17
P1274,Robert,Taylor,Doctor 63,2023-08-17
P1565,Kathleen,Torres,Doctor 55,2023-08-17
P1627,Jessica,Ward,Doctor 9,2023-08-17
P1755,Jonathan,Clark,Doctor 25,2023-08-17
P1804,Donna,Clark,Doctor 53,2023-08-17
P1813,Laura,Jackson,Doctor 88,2023-08-17
P1850,Joseph,Taylor,Doctor 82,2023-08-17
P1947,Melissa,Thompson,Doctor 23,2023-08-17
P1967,Ronald,Moore,Doctor 43,2023-08-17
P2112,Eric,Johnson,Doctor 44,2023-08-17
P2278,Karen,Martinez,Doctor 30,2023-08-17
P0016,Ruth,Taylor,Doctor 12,2023-08-18
P0059,Benjamin,Cruz,Doctor 63,2023-08-18
P0082,Jeffrey,Alvarez,Doctor 52,2023-08-18
P0100,Laura,Turner,Doctor 15,2023-08-18
P0109,Jack,Thompson,Doctor 93,2023-08-18
P0115,Rebecca,Phillips,Doctor 8,2023-08-18
P0217,Cynthia,Murphy,Doctor 46,2023-08-18
P0309,Thomas,Myers,Doctor 6,2023-08-18
P0312,Rebecca,Myers,Doctor 61,2023-08-18
P0417,Sharon,Clark,Doctor 42,2023-08-18
P0434,Laura,Ortiz,Doctor 91,2023-08-18
P0493,Carol,Roberts,Doctor 33,2023-08-18
P0561,Gary,Murphy,Doctor 9,2023-08-18
P0615,Ruth,Watson,Doctor 52,2023-08-18
P0662,Daniel,Reed,Doctor 100,2023-08-18
P0663,Linda,Taylor,Doctor 65,2023-08-18
P0698,Patricia,Thompson,Doctor 75,2023-08-18
P0725,Sarah,Wood,Doctor 100,2023-08-18
P0747,Kimberly,Thompson,Doctor 9,2023-08-18
P0903,Deborah,Edwards,Doctor 38,2023-08-18
P1046,Carol,Thomas,Doctor 45,2023-08-18
P1074,Donna,Gutierrez,Doctor 73,2023-08-18
P1102,Kenneth,Allen,Doctor 13,2023-08-18
P1204,Christopher,Bennett,Doctor 24,2023-08-18
P1247,Anna,Cooper,Doctor 85,2023-08-18
P1315,Karen,Kim,Doctor 25,2023-08-18
P1338,Benjamin,Torres,Doctor 39,2023-08-18
P1402,Laura,Taylor,Doctor 12,2023-08-18
P1428,Sandra,Anderson,Doctor 66,2023-08-18
P1429,Robert,Hernandez,Doctor 36,2023-08-18
P1448,Ronald,Carter,Doctor 57,2023-08-18
P1476,Sharon,Morgan,Doctor 22,2023-08-18
P1524,Patricia,Adams,Doctor 29,2023-08-18
P1659,Kenneth,Walker,Doctor 40,2023-08-18
P1661,Scott,Morales,Doctor 100,2023-08-18
P1725,Scott,Sanchez,Doctor 80,2023-08-18
P1808,Donald,Cooper,Doctor 50,2023-08-18
P1825,Justin,Peterson,Doctor 87,2023-08-18
P1862,Betty,Martin,Doctor 56,2023-08-18
P1900,Kenneth,Myers,Doctor 24,2023-08-18
P1916,Edward,Jackson,Doctor 47,2023-08-18
P1954,Jacob,Alvarez,Doctor 58,2023-08-18
P1980,Sandra,Stewart,Doctor 62,2023-08-18
P2175,Karen,Morris,Doctor 50,2023-08-18
P2275,Justin,Evans,Doctor 34,2023-08-18
P2298,Tyler,Hill,Doctor 25,2023-08-18
P0019,Emma,Rogers,Doctor 56,2023-08-19
P0068,Jack,Ortiz,Doctor 90,2023-08-19
P0082,Jeffrey,Alvarez,Doctor 52,2023-08-19
P0153,Michelle,Cruz,Doctor 34,2023-08-19
P0190,Shirley,Rivera,Doctor 9,2023-08-19
P0213,Scott,Brown,Doctor 50,2023-08-19
P0347,Deborah,Wilson,Doctor 41,2023-08-19
P0385,Dorothy,Taylor,Doctor 55,2023-08-19
P0400,Amy,Howard,Doctor 73,2023-08-19
P0447,Barbara,Lewis,Doctor 27,2023-08-19
P0583,Donald,Williams,Doctor 98,2023-08-19
P0692,Amy,Brown,Doctor 48,2023-08-19
P0769,Patricia,Nelson,Doctor 79,2023-08-19
P0924,Brenda,Taylor,Doctor 93,2023-08-19
P1067,Justin,Young,Doctor 3,2023-08-19
P1090,Alexander,Brown,Doctor 71,2023-08-19
P1134,Ryan,Perez,Doctor 97,2023-08-19
P1150,Aaron,Reed,Doctor 31,2023-08-19
P1157,James,Edwards,Doctor 99,2023-08-19
P1165,Ruth,Flores,Doctor 41,2023-08-19
P1188,Kathleen,Wood,Doctor 21,2023-08-19
P1211,Jessica,Green,Doctor 29,2023-08-19
P1261,John,Jackson,Doctor 96,2023-08-19
P1363,Jason,Price,Doctor 90,2023-08-19
P1396,Jason,James,Doctor 73,2023-08-19
P1414,Barbara,Bennett,Doctor 44,2023-08-19
P1445,Michelle,Martin,Doctor 63,2023-08-19
P1562,Virginia,Rodriguez,Doctor 68,2023-08-19
P1580,John,Sanchez,Doctor 25,2023-08-19
P1717,Dorothy,Morales,Doctor 25,2023-08-19
P1718,Anthony,Mendoza,Doctor 64,2023-08-19
P1728,Barbara,Garcia,Doctor 59,2023-08-19
P1861,Gregory,Phillips,Doctor 67,2023-08-19
P1888,Cynthia,Morris,Doctor 19,2023-08-19
P2033,Elizabeth,Watson,Doctor 20,2023-08-19
P2035,John,Ramirez,Doctor 56,2023-08-19
P2168,Anthony,Flores,Doctor 19,2023-08-19
P2172,Brandon,Roberts,Doctor 74,2023-08-19
P2191,Ruth,Parker,Doctor 30,2023-08-19
P2195,Scott,Clark,Doctor 1,2023-08-19
P2208,Karen,Ruiz,Doctor 20,2023-08-19
P2255,Eric,Mitchell,Doctor 64,2023-08-19
P2288,Laura,Young,Doctor 37,2023-08-19
P0125,Steven,Thomas,Doctor 93,2023-08-20
P0221,Jerry,Edwards,Doctor 94,2023-08-20
P0234,Tyler,Reed,Doctor 26,2023-08-20
P0240,Alexander,Wilson,Doctor 6,2023-08-20
P0266,Dorothy,Gonzalez,Doctor 35,2023-08-20
P0314,Larry,Davis,Doctor 26,2023-08-20
P0338,Andrew,Hall,Doctor 67,2023-08-20
P0406,Elizabeth,Perez,Doctor 55,2023-08-20
P0585,Rebecca,Martin,Doctor 59,2023-08-20
P0773,Michael,Martin,Doctor 4,2023-08-20
P0791,Justin,Watson,Doctor 94,2023-08-20
P0810,Deborah,Carter,Doctor 96,2023-08-20
P0912,Kimberly,Cook,Doctor 7,2023-08-20
P0939,James,Moore,Doctor 96,2023-08-20
P0969,Deborah,White,Doctor 91,2023-08-20
P1017,Jessica,Wilson,Doctor 17,2023-08-20
P1103,Carol,Scott,Doctor 54,2023-08-20
P1160,William,Reyes,Doctor 44,2023-08-20
P1207,Sarah,Bailey,Doctor 61,2023-08-20
P1238,Donna,Jackson,Doctor 89,2023-08-20
P1323,Frank,White,Doctor 46,2023-08-20
P1349,Kimberly,Watson,Doctor 17,2023-08-20
P1416,Jack,Garcia,Doctor 78,2023-08-20
P1494,Jennifer,Carter,Doctor 52,2023-08-20
P1499,Tyler,Mendoza,Doctor 53,2023-08-20
P1529,Christopher,Ramirez,Doctor 4,2023-08-20
P1560,David,Ruiz,Doctor 50,2023-08-20
P1601,Helen,Sanchez,Doctor 53,2023-08-20
P1639,Eric,Allen,Doctor 87,2023-08-20
P1693,Kimberly,James,Doctor 75,2023-08-20
P1709,Jennifer,Garcia,Doctor 88,2023-08-20
P1752,Cynthia,Clark,Doctor 12,2023-08-20
P1761,Anthony,Moore,Doctor 78,2023-08-20
P1779,Rebecca,Ortiz,Doctor 40,2023-08-20
P1806,Jose,Baker,Doctor 69,2023-08-20
P1823,Emma,Roberts,Doctor 97,2023-08-20
P1851,Eric,Stewart,Doctor 59,2023-08-20
P1956,Virginia,Moore,Doctor 42,2023-08-20
P2104,William,Hernandez,Doctor 42,2023-08-20
P2118,Karen,Moore,Doctor 15,2023-08-20
P2150,Scott,Walker,Doctor 72,2023-08-20
P2268,Carol,Carter,Doctor 9,2023-08-20
P0120,Carol,Kelly,Doctor 65,2023-08-21
P0301,Dorothy,Mitchell,Doctor 71,2023-08-21
P0307,Christopher,Myers,Doctor 51,2023-08-21
P0355,Jerry,Clark,Doctor 43,2023-08-21
P0386,Andrew,Rogers,Doctor 15,2023-08-21
P0411,Jennifer,Young,Doctor 16,2023-08-21
P0441,Kathleen,Johnson,Doctor 84,2023-08-21
P0607,Aaron,Stewart,Doctor 75,2023-08-21
P0678,Barbara,Roberts,Doctor 58,2023-08-21
P0769,Patricia,Nelson,Doctor 78,2023-08-21
P0819,Kenneth,Kim,Doctor 88,2023-08-21
P0852,Jason,Richardson,Doctor 97,2023-08-21
P0924,Brenda,Taylor,Doctor 96,2023-08-21
P1116,Angela,Brown,Doctor 28,2023-08-21
P1142,Karen,Price,Doctor 44,2023-08-21
P1284,John,Walker,Doctor 10,2023-08-21
P1326,Melissa,Nguyen,Doctor 47,2023-08-21
P1327,Alexander,Castillo,Doctor 54,2023-08-21
P1355,Richard,Brooks,Doctor 15,2023-08-21
P1576,Timothy,Roberts,Doctor 48,2023-08-21
P1803,Sandra,Kelly,Doctor 49,2023-08-21
P1837,Matthew,Peterson,Doctor 18,2023-08-21
P1917,Larry,Alvarez,Doctor 71,2023-08-21
P1985,Patricia,Hall,Doctor 82,2023-08-21
P2020,Virginia,Gonzalez,Doctor 22,2023-08-21
P2024,Deborah,Cruz,Doctor 21,2023-08-21
P2071,Helen,Chavez,Doctor 10,2023-08-21
P2119,Ruth,Ortiz,Doctor 5,2023-08-21
P2129,Betty,Young,Doctor 28,2023-08-21
P2268,Carol,Carter,Doctor 9,2023-08-21
P0079,Jennifer,Evans,Doctor 24,2023-08-22
P0191,Robert,Hill,Doctor 78,2023-08-22
P0381,Eric,Chavez,Doctor 42,2023-08-22
P0445,Joseph,Walker,Doctor 37,2023-08-22
P0450,Brandon,Collins,Doctor 77,2023-08-22
P0590,Tyler,Thompson,Doctor 23,2023-08-22
P0639,Michelle,Hill,Doctor 22,2023-08-22
P0682,Karen,Reed,Doctor 15,2023-08-22
P0879,Donna,King,Doctor 46,2023-08-22
P0914,Robert,Ward,Doctor 98,2023-08-22
P0990,Helen,Brown,Doctor 71,2023-08-22
P1026,Michelle,Rodriguez,Doctor 35,2023-08-22
P1050,Lisa,Sanchez,Doctor 30,2023-08-22
P1051,Sarah,Gray,Doctor 46,2023-08-22
P1342,Karen,Collins,Doctor 53,2023-08-22
P1366,Andrew,Price,Doctor 81,2023-08-22
P1398,Robert,Murphy,Doctor 8,2023-08-22
P1500,Virginia,Jones,Doctor 72,2023-08-22
P1527,Jonathan,Hill,Doctor 97,2023-08-22
P1540,Ruth,Robinson,Doctor 88,2023-08-22
P1597,Joshua,Roberts,Doctor 90,2023-08-22
P2126,Jonathan,Gomez,Doctor 82,2023-08-22
P2224,Robert,Peterson,Doctor 67,2023-08-22
P2224,Robert,Peterson,Doctor 33,2023-08-22
P2264,Kathleen,Nelson,Doctor 75,2023-08-22
P0018,Lisa,Howard,Doctor 79,2023-08-23
P0039,Deborah,Campbell,Doctor 4,2023-08-23
P0149,Kathleen,Richardson,Doctor 79,2023-08-23
P0267,Amy,James,Doctor 29,2023-08-23
P0316,Andrew,Cruz,Doctor 18,2023-08-23
P0358,Aaron,Rodriguez,Doctor 78,2023-08-23
P0361,Carol,Anderson,Doctor 37,2023-08-23
P0400,Amy,Howard,Doctor 73,2023-08-23
P0497,Edward,Hall,Doctor 7,2023-08-23
P0610,Stephen,Myers,Doctor 31,2023-08-23
P0636,Matthew,Cooper,Doctor 4,2023-08-23
P0643,Ronald,Mendoza,Doctor 46,2023-08-23
P0648,Jeffrey,Lee,Doctor 57,2023-08-23
P0686,Kimberly,Morris,Doctor 24,2023-08-23
P0728,Jack,Martinez,Doctor 22,2023-08-23
P0845,James,Gray,Doctor 58,2023-08-23
P0934,Jerry,Kim,Doctor 84,2023-08-23
P1085,Eric,Adams,Doctor 93,2023-08-23
P1217,Rebecca,Bennett,Doctor 83,2023-08-23
P1246,Elizabeth,Hill,Doctor 4,2023-08-23
P1271,Jeffrey,Martinez,Doctor 96,2023-08-23
P1345,Melissa,Thomas,Doctor 68,2023-08-23
P1349,Kimberly,Watson,Doctor 44,2023-08-23
P1392,Dorothy,Wilson,Doctor 59,2023-08-23
P1568,Ruth,Ramirez,Doctor 60,2023-08-23
P1607,Aaron,Reyes,Doctor 79,2023-08-23
P1668,Aaron,Cook,Doctor 21,2023-08-23
P1707,Alexander,Adams,Doctor 32,2023-08-23
P1932,Jonathan,Reyes,Doctor 27,2023-08-23
P1957,Benjamin,Allen,Doctor 100,2023-08-23
P2049,Benjamin,Roberts,Doctor 62,2023-08-23
P2172,Brandon,Roberts,Doctor 74,2023-08-23
P2187,Robert,Davis,Doctor 75,2023-08-23
P2202,Alexander,Rivera,Doctor 14,2023-08-23
P0221,Jerry,Edwards,Doctor 33,2023-08-24
P0240,Alexander,Wilson,Doctor 6,2023-08-24
P0313,Patricia,Flores,Doctor 5,2023-08-24
P0440,Nancy,Kim,Doctor 65,2023-08-24
P0498,Helen,Watson,Doctor 57,2023-08-24
P0504,Angela,Morales,Doctor 19,2023-08-24
P0583,Donald,Williams,Doctor 96,2023-08-24
P0657,James,Price,Doctor 98,2023-08-24
P0730,Patrick,Lopez,Doctor 89,2023-08-24
P0764,Richard,Bennett,Doctor 22,2023-08-24
P0781,Scott,Lewis,Doctor 47,2023-08-24
P0822,Jeffrey,Murphy,Doctor 69,2023-08-24
P0823,Ruth,Reyes,Doctor 75,2023-08-24
P0868,Gary,Morales,Doctor 72,2023-08-24
P0880,Timothy,Scott,Doctor 25,2023-08-24
P1010,Elizabeth,Clark,Doctor 61,2023-08-24
P1012,Rebecca,Gonzalez,Doctor 60,2023-08-24
P1145,Sarah,Nelson,Doctor 49,2023-08-24
P1229,Ruth,Morales,Doctor 60,2023-08-24
P1432,Thomas,Ward,Doctor 79,2023-08-24
P1505,Frank,Rodriguez,Doctor 81,2023-08-24
P1623,Shirley,Rogers,Doctor 31,2023-08-24
P1720,Ryan,Alvarez,Doctor 84,2023-08-24
P1732,Sarah,Turner,Doctor 54,2023-08-24
P1790,Ruth,Walker,Doctor 39,2023-08-24
P1792,Dennis,Anderson,Doctor 26,2023-08-24
P2140,Benjamin,Wright,Doctor 29,2023-08-24
P2167,William,Wright,Doctor 99,2023-08-24
P2247,Stephen,Mitchell,Doctor 56,2023-08-24
P0042,Tyler,Nguyen,Doctor 12,2023-08-25
P0333,Deborah,Anderson,Doctor 24,2023-08-25
P0342,Elizabeth,Richardson,Doctor 29,2023-08-25
P0363,Raymond,Alvarez,Doctor 35,2023-08-25
P0446,Stephen,Murphy,Doctor 84,2023-08-25
P0496,Ryan,Ruiz,Doctor 64,2023-08-25
P0558,Jeffrey,Adams,Doctor 84,2023-08-25
P0713,Deborah,Taylor,Doctor 98,2023-08-25
P0768,Patrick,Phillips,Doctor 72,2023-08-25
P0782,Virginia,Walker,Doctor 64,2023-08-25
P0860,John,Cox,Doctor 78,2023-08-25
P0901,Sandra,Rogers,Doctor 88,2023-08-25
P1031,Donna,Ruiz,Doctor 57,2023-08-25
P1098,David,Scott,Doctor 1,2023-08-25
P1207,Sarah,Bailey,Doctor 61,2023-08-25
P1290,Carol,Brooks,Doctor 56,2023-08-25
P1363,Jason,Price,Doctor 87,2023-08-25
P1379,Samuel,King,Doctor 52,2023-08-25
P1389,Charles,Ward,Doctor 26,2023-08-25
P1540,Ruth,Robinson,Doctor 88,2023-08-25
P1561,Ryan,Torres,Doctor 33,2023-08-25
P1588,Lisa,Young,Doctor 44,2023-08-25
P1718,Anthony,Mendoza,Doctor 11,2023-08-25
P1742,Timothy,Patel,Doctor 55,2023-08-25
P1798,Sarah,Collins,Doctor 61,2023-08-25
P1846,Gregory,Hall,Doctor 19,2023-08-25
P1940,William,Torres,Doctor 16,2023-08-25
P1953,Linda,Harris,Doctor 47,2023-08-25
P2011,Timothy,Cook,Doctor 99,2023-08-25
P2050,Anthony,Martinez,Doctor 57,2023-08-25
P2087,Dennis,Carter,Doctor 27,2023-08-25
P2237,Andrew,Clark,Doctor 77,2023-08-25
P0073,Jason,Gray,Doctor 86,2023-08-26
P0122,Rebecca,Taylor,Doctor 62,2023-08-26
P0248,Samuel,Kim,Doctor 30,2023-08-26
P0367,Thomas,Hill,Doctor 98,2023-08-26
P0431,Frank,Howard,Doctor 50,2023-08-26
P0469,Patricia,Harris,Doctor 30,2023-08-26
P0505,Shirley,Parker,Doctor 55,2023-08-26
P0594,Brenda,Martinez,Doctor 86,2023-08-26
P0694,Stephen,Martin,Doctor 20,2023-08-26
P0710,Anna,Edwards,Doctor 78,2023-08-26
P0800,Daniel,Miller,Doctor 84,2023-08-26
P0842,George,Cox,Doctor 53,2023-08-26
P0867,Kimberly,Green,Doctor 97,2023-08-26
P0958,Donna,Watson,Doctor 39,2023-08-26
P0973,Lisa,Campbell,Doctor 85,2023-08-26
P1004,Donald,Kim,Doctor 71,2023-08-26
P1018,Benjamin,Nelson,Doctor 48,2023-08-26
P1107,Kathleen,Kim,Doctor 42,2023-08-26
P1262,Donna,Thomas,Doctor 93,2023-08-26
P1436,Jack,Cooper,Doctor 6,2023-08-26
P1478,Carol,Ortiz,Doctor 30,2023-08-26
P1491,Raymond,Myers,Doctor 13,2023-08-26
P1556,Cynthia,Lewis,Doctor 47,2023-08-26
P1580,John,Sanchez,Doctor 25,2023-08-26
P1587,Christopher,Ortiz,Doctor 92,2023-08-26
P1619,Anthony,Nelson,Doctor 50,2023-08-26
P1634,Susan,Gonzalez,Doctor 33,2023-08-26
P1635,Sandra,Robinson,Doctor 2,2023-08-26
P1690,Linda,Bailey,Doctor 96,2023-08-26
P2034,Daniel,Rivera,Doctor 66,2023-08-26
P2118,Karen,Moore,Doctor 3,2023-08-26
P0012,Melissa,Ruiz,Doctor 67,2023-08-27
P0093,Lisa,Garcia,Doctor 13,2023-08-27
P0096,Kimberly,Flores,Doctor 67,2023-08-27
P0139,Karen,Mitchell,Doctor 69,2023-08-27
P0193,Anthony,Kelly,Doctor 91,2023-08-27
P0204,Jacob,Parker,Doctor 23,2023-08-27
P0224,Brian,Adams,Doctor 11,2023-08-27
P0406,Elizabeth,Perez,Doctor 96,2023-08-27
P0537,Jason,Taylor,Doctor 59,2023-08-27
P0660,Linda,Reyes,Doctor 66,2023-08-27
P0662,Daniel,Reed,Doctor 100,2023-08-27
P0733,Lisa,Flores,Doctor 88,2023-08-27
P0847,Steven,Hernandez,Doctor 85,2023-08-27
P0876,Kevin,Gonzalez,Doctor 49,2023-08-27
P0986,Carol,Clark,Doctor 23,2023-08-27
P1114,Michelle,Ramirez,Doctor 93,2023-08-27
P1134,Ryan,Perez,Doctor 97,2023-08-27
P1172,Angela,Cook,Doctor 38,2023-08-27
P1249,William,Hall,Doctor 46,2023-08-27
P1388,Nancy,Reyes,Doctor 94,2023-08-27
P1399,Sharon,Castillo,Doctor 77,2023-08-27
P1485,Christopher,Kelly,Doctor 55,2023-08-27
P1495,Sandra,Chavez,Doctor 34,2023-08-27
P1514,Sharon,Wilson,Doctor 94,2023-08-27
P1516,Raymond,Garcia,Doctor 27,2023-08-27
P1563,Angela,Patel,Doctor 96,2023-08-27
P1649,Betty,Kim,Doctor 46,2023-08-27
P1658,Laura,Johnson,Doctor 46,2023-08-27
P1796,Andrew,Parker,Doctor 32,2023-08-27
P1818,Helen,Rogers,Doctor 76,2023-08-27
P1831,Sarah,Hernandez,Doctor 31,2023-08-27
P1844,Joshua,Bennett,Doctor 16,2023-08-27
P1866,Amy,Rogers,Doctor 40,2023-08-27
P1903,Karen,Thomas,Doctor 74,2023-08-27
P1959,Karen,Kelly,Doctor 99,2023-08-27
P1978,Sarah,Taylor,Doctor 66,2023-08-27
P2045,Jeffrey,Gomez,Doctor 45,2023-08-27
P2047,Nicholas,Stewart,Doctor 45,2023-08-27
P2066,Donna,Mitchell,Doctor 88,2023-08-27
P2154,Helen,Smith,Doctor 14,2023-08-27
P2177,Brenda,Walker,Doctor 52,2023-08-27
P2282,Nancy,Myers,Doctor 43,2023-08-27
P2289,Ryan,Patel,Doctor 97,2023-08-27
P0002,Michelle,Williams,Doctor 7,2023-08-28
P0078,Ruth,Gonzalez,Doctor 58,2023-08-28
P0168,Cynthia,Baker,Doctor 52,2023-08-28
P0229,Sandra,Lopez,Doctor 59,2023-08-28
P0252,Lisa,Kelly,Doctor 90,2023-08-28
P0260,Angela,Nelson,Doctor 85,2023-08-28
P0357,Nancy,Adams,Doctor 96,2023-08-28
P0367,Thomas,Hill,Doctor 98,2023-08-28
P0370,Benjamin,Wood,Doctor 58,2023-08-28
P0518,Amy,Alvarez,Doctor 4,2023-08-28
P0581,Robert,Miller,Doctor 17,2023-08-28
P0584,Donald,Hughes,Doctor 37,2023-08-28
P0680,Larry,Robinson,Doctor 11,2023-08-28
P0711,Jonathan,Gutierrez,Doctor 61,2023-08-28
P0743,Joshua,Sanders,Doctor 91,2023-08-28
P0793,Carol,Wright,Doctor 89,2023-08-28
P0834,Joshua,Young,Doctor 71,2023-08-28
P1006,George,Morris,Doctor 56,2023-08-28
P1144,Eric,Hill,Doctor 54,2023-08-28
P1200,Virginia,Watson,Doctor 31,2023-08-28
P1211,Jessica,Green,Doctor 68,2023-08-28
P1367,Alexander,Carter,Doctor 8,2023-08-28
P1406,Betty,Davis,Doctor 93,2023-08-28
P1461,Donna,Peterson,Doctor 55,2023-08-28
P1479,Justin,Castillo,Doctor 26,2023-08-28
P1578,Karen,Reyes,Doctor 18,2023-08-28
P1603,Jerry,Turner,Doctor 50,2023-08-28
P1729,Brandon,Edwards,Doctor 4,2023-08-28
P1741,Jose,Price,Doctor 100,2023-08-28
P1777,Jerry,Ward,Doctor 68,2023-08-28
P1795,Elizabeth,Thompson,Doctor 32,2023-08-28
P1817,Jose,Jackson,Doctor 35,2023-08-28
P1873,Laura,Kelly,Doctor 100,2023-08-28
P1904,Jason,Hill,Doctor 78,2023-08-28
P2030,Betty,Morgan,Doctor 53,2023-08-28
P2093,Kenneth,Watson,Doctor 37,2023-08-28
P2093,Kenneth,Watson,Doctor 58,2023-08-28
P2114,Raymond,Adams,Doctor 80,2023-08-28
P2159,Sandra,Lee,Doctor 31,2023-08-28
P2198,Brian,Moore,Doctor 78,2023-08-28
P2235,Tyler,Williams,Doctor 81,2023-08-28
P0028,Michelle,Hernandez,Doctor 13,2023-08-29
P0037,Stephen,Rogers,Doctor 30,2023-08-29
P0060,George,Campbell,Doctor 50,2023-08-29
P0083,Joseph,Cook,Doctor 3,2023-08-29
P0164,Donna,Martinez,Doctor 7,2023-08-29
P0176,Laura,Anderson,Doctor 10,2023-08-29
P0200,Raymond,Williams,Doctor 83,2023-08-29
P0209,Mark,Cruz,Doctor 22,2023-08-29
P0373,Samuel,Chavez,Doctor 99,2023-08-29
P0402,Patricia,Bennett,Doctor 73,2023-08-29
P0444,Scott,Allen,Doctor 68,2023-08-29
P0610,Stephen,Myers,Doctor 31,2023-08-29
P0669,Dennis,Price,Doctor 37,2023-08-29
P0675,Rebecca,King,Doctor 86,2023-08-29
P0749,Larry,Ruiz,Doctor 82,2023-08-29
P0752,Ronald,Morgan,Doctor 54,2023-08-29
P0776,Ruth,Cook,Doctor 16,2023-08-29
P0792,Emma,Ortiz,Doctor 65,2023-08-29
P0809,Nicholas,Myers,Doctor 64,2023-08-29
P0845,James,Gray,Doctor 33,2023-08-29
P0894,Deborah,Mendoza,Doctor 21,2023-08-29
P0928,Jonathan,Martin,Doctor 60,2023-08-29
P0964,George,Brown,Doctor 44,2023-08-29
P1197,Nancy,Thompson,Doctor 8,2023-08-29
P1208,Tyler,Carter,Doctor 61,2023-08-29
P1225,Christopher,Harris,Doctor 40,2023-08-29
P1235,Mary,Ortiz,Doctor 60,2023-08-29
P1307,Linda,Allen,Doctor 28,2023-08-29
P1486,Samuel,Cruz,Doctor 4,2023-08-29
P1519,Thomas,Price,Doctor 61,2023-08-29
P1616,Karen,Garcia,Doctor 13,2023-08-29
P1671,Benjamin,Reyes,Doctor 82,2023-08-29
P1677,Jack,Wood,Doctor 44,2023-08-29
P1757,Sandra,Clark,Doctor 60,2023-08-29
P1767,William,Howard,Doctor 13,2023-08-29
P1782,David,Watson,Doctor 52,2023-08-29
P1830,Carol,Edwards,Doctor 4,2023-08-29
P1856,Nicholas,Williams,Doctor 80,2023-08-29
P1865,Eric,James,Doctor 56,2023-08-29
P1870,Ryan,Castillo,Doctor 69,2023-08-29
P1871,Karen,Bennett,Doctor 26,2023-08-29
P1876,Karen,Johnson,Doctor 33,2023-08-29
P1941,Emma,Richardson,Doctor 30,2023-08-29
P1990,Donna,Castillo,Doctor 66,2023-08-29
P1993,Brandon,Rodriguez,Doctor 22,2023-08-29
P2006,Melissa,Young,Doctor 75,2023-08-29
P2067,Donald,Ortiz,Doctor 37,2023-08-29
P2099,Joshua,Garcia,Doctor 56,2023-08-29
P2125,Jacob,Carter,Doctor 36,2023-08-29
P2128,Andrew,Reyes,Doctor 21,2023-08-29
P2156,Virginia,Phillips,Doctor 90,2023-08-29
P2158,Patricia,Perez,Doctor 91,2023-08-29
P0097,Robert,Rivera,Doctor 94,2023-08-30
P0162,Ronald,Brooks,Doctor 82,2023-08-30
P0238,Jose,Rogers,Doctor 97,2023-08-30
P0262,Aaron,Scott,Doctor 55,2023-08-30
P0358,Aaron,Rodriguez,Doctor 78,2023-08-30
P0377,Brian,Martin,Doctor 91,2023-08-30
P0382,Karen,Cooper,Doctor 40,2023-08-30
P0418,Kimberly,Bennett,Doctor 22,2023-08-30
P0650,Sandra,Collins,Doctor 34,2023-08-30
P0735,Mary,Martinez,Doctor 89,2023-08-30
P0783,Ryan,Wood,Doctor 36,2023-08-30
P0898,Gary,Ortiz,Doctor 20,2023-08-30
P1008,Jose,Turner,Doctor 81,2023-08-30
P1013,Frank,Ward,Doctor 80,2023-08-30
P1042,Lisa,Hall,Doctor 88,2023-08-30
P1082,Raymond,Ortiz,Doctor 70,2023-08-30
P1111,Betty,Howard,Doctor 48,2023-08-30
P1248,Christopher,Price,Doctor 75,2023-08-30
P1304,Jacob,White,Doctor 32,2023-08-30
P1325,Andrew,Harris,Doctor 45,2023-08-30
P1375,David,Brooks,Doctor 1,2023-08-30
P1464,James,Cooper,Doctor 4,2023-08-30
P1476,Sharon,Morgan,Doctor 22,2023-08-30
P1536,John,Thompson,Doctor 13,2023-08-30
P1542,Jerry,Sanchez,Doctor 95,2023-08-30
P1639,Eric,Allen,Doctor 87,2023-08-30
P1796,Andrew,Parker,Doctor 32,2023-08-30
P1800,Dennis,Collins,Doctor 91,2023-08-30
P1800,Dennis,Collins,Doctor 37,2023-08-30
P1962,Laura,Morris,Doctor 91,2023-08-30
P2063,Jack,Allen,Doctor 70,2023-08-30
P2108,Cynthia,Brooks,Doctor 6,2023-08-30
P2209,Betty,Smith,Doctor 45,2023-08-30
P2267,Sandra,Martinez,Doctor 96,2023-08-30
P2294,Shirley,Clark,Doctor 11,2023-08-30
P2305,Joseph,Miller,Doctor 61,2023-08-30
P0015,Betty,Richardson,Doctor 29,2023-08-31
P0044,Barbara,Cooper,Doctor 68,2023-08-31
P0173,Barbara,Evans,Doctor 72,2023-08-31
P0180,Jason,Rivera,Doctor 60,2023-08-31
P0219,Sarah,Young,Doctor 84,2023-08-31
P0356,Kathleen,Moore,Doctor 14,2023-08-31
P0393,Edward,Rodriguez,Doctor 9,2023-08-31
P0413,Charles,Harris,Doctor 58,2023-08-31
P0474,James,Ramos,Doctor 27,2023-08-31
P0507,Lisa,Ramos,Doctor 92,2023-08-31
P0641,Gregory,Campbell,Doctor 51,2023-08-31
P0739,Linda,Lee,Doctor 93,2023-08-31
P0782,Virginia,Walker,Doctor 64,2023-08-31
P0853,Karen,Sanchez,Doctor 16,2023-08-31
P0878,Jason,Baker,Doctor 54,2023-08-31
P1076,Jessica,Kelly,Doctor 34,2023-08-31
P1148,Frank,Thompson,Doctor 81,2023-08-31
P1174,Dorothy,White,Doctor 66,2023-08-31
P1233,Sharon,Smith,Doctor 1,2023-08-31
P1282,Rebecca,Lopez,Doctor 93,2023-08-31
P1284,John,Walker,Doctor 66,2023-08-31
P1347,Betty,Hernandez,Doctor 48,2023-08-31
P1382,Kathleen,Cook,Doctor 52,2023-08-31
P1494,Jennifer,Carter,Doctor 52,2023-08-31
P1535,Betty,Gonzalez,Doctor 25,2023-08-31
P1577,Richard,Sanders,Doctor 70,2023-08-31
P1632,Scott,Taylor,Doctor 30,2023-08-31
P1656,Eric,Cooper,Doctor 41,2023-08-31
P1739,Brenda,Jackson,Doctor 47,2023-08-31
P1768,Frank,Hughes,Doctor 7,2023-08-31
P1867,Deborah,Brooks,Doctor 6,2023-08-31
P1895,Benjamin,Lewis,Doctor 75,2023-08-31
P2157,Carol,James,Doctor 9,2023-08-31
P2221,Michelle,Morales,Doctor 69,2023-08-31
P0009,Kimberly,Lewis,Doctor 20,2023-09-01
P0024,Timothy,Hernandez,Doctor 46,2023-09-01
P0068,Jack,Ortiz,Doctor 90,2023-09-01
P0200,Raymond,Williams,Doctor 51,2023-09-01
P0397,James,Thompson,Doctor 49,2023-09-01
P0441,Kathleen,Johnson,Doctor 84,2023-09-01
P0700,John,Allen,Doctor 23,2023-09-01
P0753,Donald,Cruz,Doctor 85,2023-09-01
P0812,Sarah,Watson,Doctor 78,2023-09-01
P1139,Anthony,Gomez,Doctor 63,2023-09-01
P1264,Ryan,King,Doctor 84,2023-09-01
P1315,Karen,Kim,Doctor 49,2023-09-01
P1362,Jacob,Green,Doctor 88,2023-09-01
P1367,Alexander,Carter,Doctor 8,2023-09-01
P1528,Brandon,Robinson,Doctor 55,2023-09-01
P1591,Scott,Robinson,Doctor 32,2023-09-01
P1605,Stephen,Turner,Doctor 6,2023-09-01
P1620,Rebecca,Stewart,Doctor 95,2023-09-01
P1621,Andrew,Davis,Doctor 11,2023-09-01
P1679,Benjamin,Diaz,Doctor 18,2023-09-01
P1751,Alexander,Howard,Doctor 71,2023-09-01
P1858,Emma,Patel,Doctor 21,2023-09-01
P2003,Betty,Cook,Doctor 88,2023-09-01
P2111,Jason,Wood,Doctor 86,2023-09-01
P2162,Amy,Ruiz,Doctor 79,2023-09-01
P2209,Betty,Smith,Doctor 45,2023-09-01
P2253,William,Wilson,Doctor 82,2023-09-01
P2282,Nancy,Myers,Doctor 22,2023-09-01
P0082,Jeffrey,Alvarez,Doctor 52,2023-09-02
P0133,Joseph,Jones,Doctor 50,2023-09-02
P0165,Jeffrey,Howard,Doctor 71,2023-09-02
P0247,Matthew,Mendoza,Doctor 94,2023-09-02
P0298,Cynthia,Stewart,Doctor 97,2023-09-02
P0399,Alexander,Edwards,Doctor 19,2023-09-02
P0538,Betty,Phillips,Doctor 37,2023-09-02
P0566,Matthew,Lopez,Doctor 84,2023-09-02
P0613,Mark,Alvarez,Doctor 75,2023-09-02
P0693,Michelle,Parker,Doctor 7,2023-09-02
P0696,Justin,White,Doctor 25,2023-09-02
P0892,Michelle,Clark,Doctor 43,2023-09-02
P0896,Michelle,Morris,Doctor 53,2023-09-02
P0903,Deborah,Edwards,Doctor 62,2023-09-02
P0984,Robert,Baker,Doctor 71,2023-09-02
P1061,Mark,Wright,Doctor 71,2023-09-02
P1090,Alexander,Brown,Doctor 65,2023-09-02
P1192,Sandra,Moore,Doctor 98,2023-09-02
P1225,Christopher,Harris,Doctor 40,2023-09-02
P1255,Kathleen,James,Doctor 97,2023-09-02
P1308,James,Martinez,Doctor 54,2023-09-02
P1338,Benjamin,Torres,Doctor 39,2023-09-02
P1419,Anna,Peterson,Doctor 20,2023-09-02
P1420,Tyler,Baker,Doctor 75,2023-09-02
P1517,Jacob,Harris,Doctor 38,2023-09-02
P1707,Alexander,Adams,Doctor 32,2023-09-02
P1807,Kenneth,Perez,Doctor 36,2023-09-02
P1862,Betty,Martin,Doctor 56,2023-09-02
P2261,Angela,Sanders,Doctor 28,2023-09-02
P0001,Thomas,Wood,Doctor 46,2023-09-03
P0050,Daniel,Roberts,Doctor 49,2023-09-03
P0138,Ronald,Clark,Doctor 1,2023-09-03
P0140,Charles,Lewis,Doctor 75,2023-09-03
P0234,Tyler,Reed,Doctor 26,2023-09-03
P0265,Shirley,Bennett,Doctor 72,2023-09-03
P0446,Stephen,Murphy,Doctor 74,2023-09-03
P0479,Laura,Edwards,Doctor 45,2023-09-03
P0530,Linda,Gomez,Doctor 100,2023-09-03
P0654,Ruth,Stewart,Doctor 84,2023-09-03
P0698,Patricia,Thompson,Doctor 75,2023-09-03
P0702,Virginia,Morales,Doctor 22,2023-09-03
P0789,Jack,Perez,Doctor 39,2023-09-03
P0943,Donna,Alvarez,Doctor 67,2023-09-03
P1225,Christopher,Harris,Doctor 40,2023-09-03
P1354,Jose,White,Doctor 2,2023-09-03
P1419,Anna,Peterson,Doctor 20,2023-09-03
P1683,Ruth,Clark,Doctor 97,2023-09-03
P1722,Scott,Smith,Doctor 54,2023-09-03
P1981,Angela,Harris,Doctor 85,2023-09-03
P1991,George,Lee,Doctor 97,2023-09-03
P2053,Nicholas,Ortiz,Doctor 70,2023-09-03
P2189,Brenda,Harris,Doctor 43,2023-09-03
P2253,William,Wilson,Doctor 82,2023-09-03
P0002,Michelle,Williams,Doctor 41,2023-09-04
P0032,James,Smith,Doctor 71,2023-09-04
P0055,Stephen,Ortiz,Doctor 6,2023-09-04
P0174,Timothy,Sanchez,Doctor 9,2023-09-04
P0247,Matthew,Mendoza,Doctor 94,2023-09-04
P0278,Brenda,Lewis,Doctor 58,2023-09-04
P0326,Lisa,Peterson,Doctor 27,2023-09-04
P0464,Kevin,Chavez,Doctor 23,2023-09-04
P0668,Joseph,Flores,Doctor 39,2023-09-04
P0733,Lisa,Flores,Doctor 88,2023-09-04
P0801,Anthony,Jackson,Doctor 62,2023-09-04
P0807,Eric,Bailey,Doctor 7,2023-09-04
P0893,Cynthia,Reed,Doctor 73,2023-09-04
P1081,George,Ortiz,Doctor 11,2023-09-04
P1191,Ruth,Bailey,Doctor 69,2023-09-04
P1285,Deborah,Phillips,Doctor 23,2023-09-04
P1457,James,Evans,Doctor 64,2023-09-04
P1553,Kenneth,Green,Doctor 2,2023-09-04
P1796,Andrew,Parker,Doctor 32,2023-09-04
P1834,Benjamin,Wilson,Doctor 23,2023-09-04
P1895,Benjamin,Lewis,Doctor 59,2023-09-04
P1926,Ronald,Cooper,Doctor 73,2023-09-04
P1928,Barbara,Carter,Doctor 92,2023-09-04
P2266,Jason,Roberts,Doctor 16,2023-09-04
P2276,Dorothy,Castillo,Doctor 96,2023-09-04
P0082,Jeffrey,Alvarez,Doctor 52,2023-09-05
P0118,Barbara,Peterson,Doctor 37,2023-09-05
P0128,Jack,Hernandez,Doctor 66,2023-09-05
P0539,Carol,Ward,Doctor 47,2023-09-05
P0591,Laura,Bennett,Doctor 46,2023-09-05
P0619,Alexander,Baker,Doctor 63,2023-09-05
P0704,Susan,Alvarez,Doctor 55,2023-09-05
P0706,Sandra,Phillips,Doctor 83,2023-09-05
P0723,Susan,Morris,Doctor 70,2023-09-05
P0862,Dorothy,Gray,Doctor 35,2023-09-05
P1017,Jessica,Wilson,Doctor 17,2023-09-05
P1048,Jason,Williams,Doctor 87,2023-09-05
P1141,Donna,Williams,Doctor 61,2023-09-05
P1205,Kenneth,Wilson,Doctor 39,2023-09-05
P1218,Patrick,Young,Doctor 19,2023-09-05
P1246,Elizabeth,Hill,Doctor 4,2023-09-05
P1273,Jessica,Lee,Doctor 87,2023-09-05
P1320,Robert,Torres,Doctor 16,2023-09-05
P1338,Benjamin,Torres,Doctor 86,2023-09-05
P1361,Helen,Lopez,Doctor 75,2023-09-05
P1432,Thomas,Ward,Doctor 79,2023-09-05
P1516,Raymond,Garcia,Doctor 27,2023-09-05
P1641,Karen,Davis,Doctor 85,2023-09-05
P1848,Ryan,Hughes,Doctor 84,2023-09-05
P1949,George,Wood,Doctor 74,2023-09-05
P0112,Aaron,Jones,Doctor 88,2023-09-06
P0336,Joshua,Phillips,Doctor 19,2023-09-06
P0373,Samuel,Chavez,Doctor 81,2023-09-06
P0479,Laura,Edwards,Doctor 45,2023-09-06
P0500,Karen,Thompson,Doctor 68,2023-09-06
P0535,Shirley,Alvarez,Doctor 88,2023-09-06
P0623,Laura,Rogers,Doctor 56,2023-09-06
P0642,Kenneth,Mendoza,Doctor 75,2023-09-06
P0718,Carol,Wilson,Doctor 46,2023-09-06
P0833,Samuel,Gray,Doctor 8,2023-09-06
P0915,Jason,Young,Doctor 100,2023-09-06
P1115,Nancy,Price,Doctor 96,2023-09-06
P1198,Helen,Morales,Doctor 11,2023-09-06
P1291,Lisa,Torres,Doctor 63,2023-09-06
P1293,Ruth,Cooper,Doctor 30,2023-09-06
P1306,Amy,Young,Doctor 69,2023-09-06
P1320,Robert,Torres,Doctor 95,2023-09-06
P1328,Mary,Walker,Doctor 29,2023-09-06
P1365,Frank,Walker,Doctor 69,2023-09-06
P1396,Jason,James,Doctor 10,2023-09-06
P1425,Sarah,Ramos,Doctor 84,2023-09-06
P1448,Ronald,Carter,Doctor 4,2023-09-06
P1456,Deborah,Morris,Doctor 13,2023-09-06
P1523,Brian,Price,Doctor 60,2023-09-06
P1535,Betty,Gonzalez,Doctor 25,2023-09-06
P1856,Nicholas,Williams,Doctor 80,2023-09-06
P1902,Brenda,Price,Doctor 75,2023-09-06
P2054,Dennis,Johnson,Doctor 62,2023-09-06
P2127,Deborah,Jones,Doctor 69,2023-09-06
P2272,Scott,Lopez,Doctor 23,2023-09-06
P0047,Jose,Bennett,Doctor 22,2023-09-07
P0275,Kevin,Flores,Doctor 83,2023-09-07
P0324,Michael,Ramos,Doctor 6,2023-09-07
P0354,Mary,Clark,Doctor 64,2023-09-07
P0414,Tyler,Castillo,Doctor 38,2023-09-07
P0739,Linda,Lee,Doctor 93,2023-09-07
P0828,Deborah,Evans,Doctor 60,2023-09-07
P0854,Jessica,Cooper,Doctor 69,2023-09-07
P0926,Jacob,Cooper,Doctor 95,2023-09-07
P0952,Sandra,Price,Doctor 15,2023-09-07
P0958,Donna,Watson,Doctor 35,2023-09-07
P1009,Linda,Richardson,Doctor 45,2023-09-07
P1027,Melissa,Martinez,Doctor 19,2023-09-07
P1041,Betty,Collins,Doctor 60,2023-09-07
P1184,Benjamin,Ramirez,Doctor 48,2023-09-07
P1341,Nicholas,Ruiz,Doctor 36,2023-09-07
P1404,Kathleen,King,Doctor 36,2023-09-07
P1412,Rebecca,Roberts,Doctor 66,2023-09-07
P1550,Sandra,Garcia,Doctor 52,2023-09-07
P1633,George,King,Doctor 95,2023-09-07
P1643,Larry,Gutierrez,Doctor 79,2023-09-07
P1678,Stephen,Morris,Doctor 85,2023-09-07
P1721,David,Bailey,Doctor 27,2023-09-07
P1825,Justin,Peterson,Doctor 75,2023-09-07
P1999,Andrew,Garcia,Doctor 99,2023-09-07
P2256,Sarah,Carter,Doctor 96,2023-09-07
P2305,Joseph,Miller,Doctor 61,2023-09-07
P0050,Daniel,Roberts,Doctor 49,2023-09-08
P0053,Jerry,Young,Doctor 87,2023-09-08
P0081,Jessica,Mendoza,Doctor 86,2023-09-08
P0105,Timothy,King,Doctor 22,2023-09-08
P0142,Gary,Wilson,Doctor 37,2023-09-08
P0154,Patrick,Howard,Doctor 42,2023-09-08
P0183,Stephen,Brown,Doctor 61,2023-09-08
P0302,Scott,Phillips,Doctor 32,2023-09-08
P0368,Jerry,Diaz,Doctor 21,2023-09-08
P0374,Linda,Scott,Doctor 38,2023-09-08
P0495,Kathleen,Jackson,Doctor 24,2023-09-08
P0521,Helen,Allen,Doctor 66,2023-09-08
P0614,Joseph,Davis,Doctor 20,2023-09-08
P0657,James,Price,Doctor 98,2023-09-08
P0705,Sarah,Wilson,Doctor 28,2023-09-08
P0887,Sarah,Murphy,Doctor 92,2023-09-08
P0936,Michael,Green,Doctor 20,2023-09-08
P0948,Donald,Ramirez,Doctor 26,2023-09-08
P1012,Rebecca,Gonzalez,Doctor 60,2023-09-08
P1068,Anna,Hall,Doctor 82,2023-09-08
P1073,Andrew,Thompson,Doctor 59,2023-09-08
P1148,Frank,Thompson,Doctor 14,2023-09-08
P1336,Carol,Hernandez,Doctor 97,2023-09-08
P1347,Betty,Hernandez,Doctor 64,2023-09-08
P1416,Jack,Garcia,Doctor 78,2023-09-08
P1464,James,Cooper,Doctor 4,2023-09-08
P1523,Brian,Price,Doctor 60,2023-09-08
P1583,Aaron,Williams,Doctor 92,2023-09-08
P1611,Jonathan,Wright,Doctor 40,2023-09-08
P1652,Kimberly,Hernandez,Doctor 71,2023-09-08
P1673,Brian,Nelson,Doctor 10,2023-09-08
P1677,Jack,Wood,Doctor 44,2023-09-08
P1737,Gary,Hall,Doctor 21,2023-09-08
P1802,Matthew,Young,Doctor 23,2023-09-08
P1919,Gregory,Gray,Doctor 68,2023-09-08
P2099,Joshua,Garcia,Doctor 56,2023-09-08
P2194,Larry,Hernandez,Doctor 61,2023-09-08
P2231,Matthew,Wilson,Doctor 43,2023-09-08
P2250,Jacob,Murphy,Doctor 75,2023-09-08
P2252,Donna,Sanders,Doctor 73,2023-09-08
P2281,William,Richardson,Doctor 11,2023-09-08
P0128,Jack,Hernandez,Doctor 54,2023-09-09
P0204,Jacob,Parker,Doctor 23,2023-09-09
P0212,Jose,Castillo,Doctor 23,2023-09-09
P0249,Kathleen,Turner,Doctor 49,2023-09-09
P0295,Daniel,Taylor,Doctor 14,2023-09-09
P0308,Barbara,Jackson,Doctor 66,2023-09-09
P0312,Rebecca,Myers,Doctor 56,2023-09-09
P0369,Raymond,Rivera,Doctor 73,2023-09-09
P0544,Donna,Hall,Doctor 9,2023-09-09
P0581,Robert,Miller,Doctor 17,2023-09-09
P0661,Charles,Rodriguez,Doctor 90,2023-09-09
P0692,Amy,Brown,Doctor 64,2023-09-09
P0715,Charles,Nelson,Doctor 2,2023-09-09
P0793,Carol,Wright,Doctor 89,2023-09-09
P0818,Donna,Patel,Doctor 30,2023-09-09
P0821,Brandon,Nelson,Doctor 60,2023-09-09
P0845,James,Gray,Doctor 80,2023-09-09
P0996,Carol,Howard,Doctor 21,2023-09-09
P1025,Mary,Miller,Doctor 55,2023-09-09
P1202,James,Ramirez,Doctor 51,2023-09-09
P1307,Linda,Allen,Doctor 28,2023-09-09
P1368,Kenneth,Reyes,Doctor 13,2023-09-09
P1537,Lisa,Cook,Doctor 25,2023-09-09
P1544,Jeffrey,Patel,Doctor 43,2023-09-09
P1695,Karen,Cook,Doctor 64,2023-09-09
P1748,Frank,King,Doctor 74,2023-09-09
P1809,Nicholas,Garcia,Doctor 76,2023-09-09
P1849,Robert,Gomez,Doctor 3,2023-09-09
P2144,Nancy,Morgan,Doctor 76,2023-09-09
P2164,Betty,Baker,Doctor 73,2023-09-09
P2209,Betty,Smith,Doctor 75,2023-09-09
P0182,Cynthia,Ortiz,Doctor 38,2023-09-10
P0192,Jack,Mitchell,Doctor 70,2023-09-10
P0223,Ronald,Rodriguez,Doctor 49,2023-09-10
P0283,Kimberly,Sanchez,Doctor 34,2023-09-10
P0524,Patricia,Jackson,Doctor 72,2023-09-10
P0551,Dorothy,Evans,Doctor 89,2023-09-10
P0566,Matthew,Lopez,Doctor 92,2023-09-10
P0604,Samuel,James,Doctor 20,2023-09-10
P0619,Alexander,Baker,Doctor 17,2023-09-10
P0622,Susan,Hill,Doctor 52,2023-09-10
P0627,Larry,Wilson,Doctor 33,2023-09-10
P0643,Ronald,Mendoza,Doctor 46,2023-09-10
P0660,Linda,Reyes,Doctor 66,2023-09-10
P0673,Kathleen,Parker,Doctor 10,2023-09-10
P0757,Betty,Lewis,Doctor 24,2023-09-10
P0894,Deborah,Mendoza,Doctor 35,2023-09-10
P0977,James,Watson,Doctor 87,2023-09-10
P1001,Emma,Green,Doctor 38,2023-09-10
P1029,Larry,Rivera,Doctor 94,2023-09-10
P1137,Sharon,Jones,Doctor 57,2023-09-10
P1278,Dennis,Peterson,Doctor 32,2023-09-10
P1287,Shirley,Baker,Doctor 5,2023-09-10
P1312,Edward,Bailey,Doctor 15,2023-09-10
P1407,Michael,Scott,Doctor 1,2023-09-10
P1546,Helen,Bennett,Doctor 84,2023-09-10
P1547,Sarah,Mitchell,Doctor 86,2023-09-10
P1562,Virginia,Rodriguez,Doctor 68,2023-09-10
P1584,Barbara,White,Doctor 57,2023-09-10
P1595,Brenda,Carter,Doctor 28,2023-09-10
P1782,David,Watson,Doctor 85,2023-09-10
P1868,Nancy,Richardson,Doctor 31,2023-09-10
P2051,Helen,Thomas,Doctor 19,2023-09-10
P2183,Steven,Johnson,Doctor 71,2023-09-10
P0357,Nancy,Adams,Doctor 96,2023-09-11
P0363,Raymond,Alvarez,Doctor 39,2023-09-11
P0564,Larry,Howard,Doctor 99,2023-09-11
P0574,Ronald,Bennett,Doctor 50,2023-09-11
P0587,Larry,Gray,Doctor 30,2023-09-11
P0623,Laura,Rogers,Doctor 56,2023-09-11
P0668,Joseph,Flores,Doctor 63,2023-09-11
P0719,Raymond,Campbell,Doctor 7,2023-09-11
P0821,Brandon,Nelson,Doctor 89,2023-09-11
P0856,John,Rodriguez,Doctor 58,2023-09-11
P0906,Lisa,Davis,Doctor 97,2023-09-11
P0924,Brenda,Taylor,Doctor 63,2023-09-11
P0996,Carol,Howard,Doctor 33,2023-09-11
P1046,Carol,Thomas,Doctor 45,2023-09-11
P1063,Shirley,Cox,Doctor 12,2023-09-11
P1174,Dorothy,White,Doctor 66,2023-09-11
P1199,Dennis,Walker,Doctor 10,2023-09-11
P1288,Jessica,Kim,Doctor 71,2023-09-11
P1384,Brian,Ward,Doctor 39,2023-09-11
P1460,Christopher,Gonzalez,Doctor 44,2023-09-11
P1471,Jacob,Johnson,Doctor 33,2023-09-11
P1520,Benjamin,Gutierrez,Doctor 86,2023-09-11
P1587,Christopher,Ortiz,Doctor 92,2023-09-11
P1643,Larry,Gutierrez,Doctor 96,2023-09-11
P1657,James,Green,Doctor 23,2023-09-11
P1668,Aaron,Cook,Doctor 39,2023-09-11
P1733,Jonathan,Hughes,Doctor 26,2023-09-11
P1853,Joshua,Gray,Doctor 79,2023-09-11
P1867,Deborah,Brooks,Doctor 6,2023-09-11
P1883,Michelle,Ortiz,Doctor 36,2023-09-11
P1985,Patricia,Hall,Doctor 82,2023-09-11
P2034,Daniel,Rivera,Doctor 66,2023-09-11
P2152,Anthony,Morgan,Doctor 45,2023-09-11
P2264,Kathleen,Nelson,Doctor 51,2023-09-11
P0106,James,Taylor,Doctor 23,2023-09-12
P0141,Deborah,Scott,Doctor 95,2023-09-12
P0310,Joshua,Murphy,Doctor 57,2023-09-12
P0370,Benjamin,Wood,Doctor 79,2023-09-12
P0451,Rebecca,Kelly,Doctor 21,2023-09-12
P0493,Carol,Roberts,Doctor 33,2023-09-12
P0554,Sarah,Ortiz,Doctor 53,2023-09-12
P0657,James,Price,Doctor 98,2023-09-12
P0680,Larry,Robinson,Doctor 74,2023-09-12
P0729,Raymond,Robinson,Doctor 49,2023-09-12
P0756,Betty,Myers,Doctor 69,2023-09-12
P0758,Andrew,Kim,Doctor 72,2023-09-12
P0804,Mark,Gomez,Doctor 8,2023-09-12
P0864,Jessica,Turner,Doctor 17,2023-09-12
P0977,James,Watson,Doctor 87,2023-09-12
P1045,Donald,Perez,Doctor 14,2023-09-12
P1064,Brandon,Davis,Doctor 10,2023-09-12
P1106,Thomas,Campbell,Doctor 14,2023-09-12
P1106,Thomas,Campbell,Doctor 14,2023-09-12
P1125,Jessica,Hill,Doctor 74,2023-09-12
P1152,Gary,Patel,Doctor 95,2023-09-12
P1211,Jessica,Green,Doctor 59,2023-09-12
P1279,Jerry,Robinson,Doctor 8,2023-09-12
P1303,Brenda,Ortiz,Doctor 5,2023-09-12
P1364,Ruth,Allen,Doctor 24,2023-09-12
P1442,Anthony,Ramirez,Doctor 79,2023-09-12
P1544,Jeffrey,Patel,Doctor 43,2023-09-12
P1579,Patrick,Ortiz,Doctor 17,2023-09-12
P1724,Carol,Flores,Doctor 21,2023-09-12
P1809,Nicholas,Garcia,Doctor 76,2023-09-12
P1844,Joshua,Bennett,Doctor 16,2023-09-12
P2035,John,Ramirez,Doctor 56,2023-09-12
P2055,Stephen,Allen,Doctor 51,2023-09-12
P2152,Anthony,Morgan,Doctor 45,2023-09-12
P2177,Brenda,Walker,Doctor 52,2023-09-12
P2221,Michelle,Morales,Doctor 40,2023-09-12
P2230,Larry,Hill,Doctor 38,2023-09-12
P2260,Nancy,Ramos,Doctor 85,2023-09-12
P0018,Lisa,Howard,Doctor 79,2023-09-13
P0222,Justin,Flores,Doctor 61,2023-09-13
P0274,Helen,Robinson,Doctor 22,2023-09-13
P0280,Lisa,Hughes,Doctor 35,2023-09-13
P0309,Thomas,Myers,Doctor 6,2023-09-13
P0359,Betty,Lopez,Doctor 14,2023-09-13
P0435,Kimberly,Hughes,Doctor 97,2023-09-13
P0442,Shirley,Taylor,Doctor 80,2023-09-13
P0480,Sandra,Rodriguez,Doctor 24,2023-09-13
P0627,Larry,Wilson,Doctor 33,2023-09-13
P0646,Donna,Diaz,Doctor 19,2023-09-13
P0693,Michelle,Parker,Doctor 71,2023-09-13
P0752,Ronald,Morgan,Doctor 54,2023-09-13
P0876,Kevin,Gonzalez,Doctor 49,2023-09-13
P1063,Shirley,Cox,Doctor 24,2023-09-13
P1079,Jessica,Ortiz,Doctor 51,2023-09-13
P1141,Donna,Williams,Doctor 61,2023-09-13
P1211,Jessica,Green,Doctor 59,2023-09-13
P1281,Ruth,Roberts,Doctor 66,2023-09-13
P1348,Robert,Wright,Doctor 43,2023-09-13
P1437,Helen,Castillo,Doctor 40,2023-09-13
P1452,Helen,Baker,Doctor 56,2023-09-13
P1474,Jessica,Thomas,Doctor 8,2023-09-13
P1476,Sharon,Morgan,Doctor 43,2023-09-13
P1541,Kimberly,Torres,Doctor 57,2023-09-13
P1593,Jonathan,Mitchell,Doctor 92,2023-09-13
P1606,Steven,Alvarez,Doctor 63,2023-09-13
P1618,Ronald,Davis,Doctor 77,2023-09-13
P1721,David,Bailey,Doctor 27,2023-09-13
P1870,Ryan,Castillo,Doctor 69,2023-09-13
P1947,Melissa,Thompson,Doctor 23,2023-09-13
P2021,George,Scott,Doctor 2,2023-09-13
P2125,Jacob,Carter,Doctor 36,2023-09-13
P2128,Andrew,Reyes,Doctor 10,2023-09-13
P2161,Susan,Martinez,Doctor 36,2023-09-13
P2198,Brian,Moore,Doctor 78,2023-09-13
P2304,William,Rogers,Doctor 98,2023-09-13
P0053,Jerry,Young,Doctor 53,2023-09-14
P0159,Brandon,Cook,Doctor 62,2023-09-14
P0202,David,Clark,Doctor 6,2023-09-14
P0302,Scott,Phillips,Doctor 32,2023-09-14
P0303,Nancy,Diaz,Doctor 93,2023-09-14
P0489,Linda,Martin,Doctor 96,2023-09-14
P0527,Thomas,Lee,Doctor 73,2023-09-14
P0584,Donald,Hughes,Doctor 37,2023-09-14
P0590,Tyler,Thompson,Doctor 36,2023-09-14
P0616,Eric,Ruiz,Doctor 83,2023-09-14
P0624,Timothy,Cruz,Doctor 56,2023-09-14
P0639,Michelle,Hill,Doctor 22,2023-09-14
P0737,Ruth,Green,Doctor 87,2023-09-14
P0812,Sarah,Watson,Doctor 78,2023-09-14
P0965,Andrew,Brown,Doctor 82,2023-09-14
P1000,Edward,Phillips,Doctor 49,2023-09-14
P1062,Elizabeth,Bailey,Doctor 8,2023-09-14
P1130,Emma,Moore,Doctor 19,2023-09-14
P1131,Cynthia,Ramirez,Doctor 21,2023-09-14
P1348,Robert,Wright,Doctor 43,2023-09-14
P1450,Sandra,Morgan,Doctor 79,2023-09-14
P1538,Mary,Howard,Doctor 20,2023-09-14
P1656,Eric,Cooper,Doctor 22,2023-09-14
P1902,Brenda,Price,Doctor 17,2023-09-14
P0050,Daniel,Roberts,Doctor 49,2023-09-15
P0205,Jessica,Morris,Doctor 14,2023-09-15
P0210,Larry,Thomas,Doctor 84,2023-09-15
P0271,Dennis,Myers,Doctor 91,2023-09-15
P0433,James,Cox,Doctor 98,2023-09-15
P0869,Helen,Ward,Doctor 33,2023-09-15
P0974,Sandra,Ramos,Doctor 80,2023-09-15
P1017,Jessica,Wilson,Doctor 49,2023-09-15
P1024,Melissa,Ramos,Doctor 3,2023-09-15
P1071,Nicholas,Lopez,Doctor 81,2023-09-15
P1137,Sharon,Jones,Doctor 57,2023-09-15
P1173,Linda,Mitchell,Doctor 83,2023-09-15
P1376,Anna,Gomez,Doctor 59,2023-09-15
P1437,Helen,Castillo,Doctor 40,2023-09-15
P1526,Kenneth,Martin,Doctor 24,2023-09-15
P1685,Brian,Gray,Doctor 54,2023-09-15
P1767,William,Howard,Doctor 38,2023-09-15
P1807,Kenneth,Perez,Doctor 36,2023-09-15
P1944,Dorothy,Cook,Doctor 45,2023-09-15
P1971,David,Ramos,Doctor 70,2023-09-15
P2002,Gregory,Collins,Doctor 62,2023-09-15
P2002,Gregory,Collins,Doctor 62,2023-09-15
P2025,Nancy,Lopez,Doctor 36,2023-09-15
P2059,Dorothy,Carter,Doctor 14,2023-09-15
P2059,Dorothy,Carter,Doctor 35,2023-09-15
P2157,Carol,James,Doctor 9,2023-09-15
P2202,Alexander,Rivera,Doctor 14,2023-09-15
P2284,Linda,Myers,Doctor 13,2023-09-15
P2284,Linda,Myers,Doctor 13,2023-09-15
P0231,Benjamin,Parker,Doctor 47,2023-09-16
P0251,Kimberly,Campbell,Doctor 77,2023-09-16
P0270,Andrew,Myers,Doctor 48,2023-09-16
P0283,Kimberly,Sanchez,Doctor 34,2023-09-16
P0442,Shirley,Taylor,Doctor 80,2023-09-16
P0520,Brandon,Moore,Doctor 62,2023-09-16
P0611,Frank,Castillo,Doctor 2,2023-09-16
P0789,Jack,Perez,Doctor 24,2023-09-16
P0805,Jerry,Williams,Doctor 21,2023-09-16
P0832,Joshua,Flores,Doctor 17,2023-09-16
P0906,Lisa,Davis,Doctor 97,2023-09-16
P0960,Nicholas,Sanchez,Doctor 55,2023-09-16
P0962,Karen,Rodriguez,Doctor 43,2023-09-16
P0981,Karen,Patel,Doctor 99,2023-09-16
P1086,Steven,Reed,Doctor 72,2023-09-16
P1124,Nancy,Bennett,Doctor 94,2023-09-16
P1181,Christopher,Watson,Doctor 7,2023-09-16
P1187,Samuel,Diaz,Doctor 78,2023-09-16
P1226,Sharon,Lopez,Doctor 48,2023-09-16
P1284,John,Walker,Doctor 66,2023-09-16
P1316,Gary,Thomas,Doctor 18,2023-09-16
P1499,Tyler,Mendoza,Doctor 53,2023-09-16
P1558,Robert,Ortiz,Doctor 2,2023-09-16
P1736,Eric,Diaz,Doctor 78,2023-09-16
P1778,Scott,Mitchell,Doctor 84,2023-09-16
P1789,Thomas,Gonzalez,Doctor 57,2023-09-16
P1833,Linda,Hughes,Doctor 31,2023-09-16
P1847,John,Baker,Doctor 49,2023-09-16
P1931,Aaron,Green,Doctor 18,2023-09-16
P1961,Deborah,Clark,Doctor 15,2023-09-16
P2267,Sandra,Martinez,Doctor 96,2023-09-16
P0090,Sarah,Morris,Doctor 52,2023-09-17
P0217,Cynthia,Murphy,Doctor 54,2023-09-17
P0274,Helen,Robinson,Doctor 79,2023-09-17
P0304,Melissa,Morgan,Doctor 68,2023-09-17
P0425,Donald,Hill,Doctor 96,2023-09-17
P0452,Ronald,Kelly,Doctor 32,2023-09-17
P0479,Laura,Edwards,Doctor 45,2023-09-17
P0636,Matthew,Cooper,Doctor 72,2023-09-17
P0829,Justin,Hernandez,Doctor 10,2023-09-17
P0915,Jason,Young,Doctor 26,2023-09-17
P0960,Nicholas,Sanchez,Doctor 55,2023-09-17
P1163,Sandra,Peterson,Doctor 71,2023-09-17
P1297,Robert,Turner,Doctor 82,2023-09-17
P1529,Christopher,Ramirez,Doctor 17,2023-09-17
P1586,Jose,Nelson,Doctor 46,2023-09-17
P1608,Eric,Morgan,Doctor 37,2023-09-17
P1707,Alexander,Adams,Doctor 32,2023-09-17
P1741,Jose,Price,Doctor 56,2023-09-17
P1760,Jerry,Perez,Doctor 73,2023-09-17
P1839,Gary,Scott,Doctor 95,2023-09-17
P1897,Mary,Richardson,Doctor 18,2023-09-17
P1958,Jacob,Ramos,Doctor 97,2023-09-17
P1977,Cynthia,Patel,Doctor 36,2023-09-17
P2089,Robert,Richardson,Doctor 35,2023-09-17
P2250,Jacob,Murphy,Doctor 75,2023-09-17
P0041,Benjamin,Sanders,Doctor 27,2023-09-18
P0104,Joshua,Anderson,Doctor 55,2023-09-18
P0126,Tyler,Gomez,Doctor 34,2023-09-18
P0147,Lisa,Wood,Doctor 17,2023-09-18
P0314,Larry,Davis,Doctor 26,2023-09-18
P0519,Donna,Davis,Doctor 51,2023-09-18
P0537,Jason,Taylor,Doctor 59,2023-09-18
P0584,Donald,Hughes,Doctor 37,2023-09-18
P0778,Patrick,Scott,Doctor 42,2023-09-18
P0812,Sarah,Watson,Doctor 15,2023-09-18
P0818,Donna,Patel,Doctor 30,2023-09-18
P0875,Nancy,Alvarez,Doctor 80,2023-09-18
P0891,Linda,Gonzalez,Doctor 59,2023-09-18
P0943,Donna,Alvarez,Doctor 67,2023-09-18
P0950,Daniel,Alvarez,Doctor 4,2023-09-18
P1104,Jessica,Patel,Doctor 93,2023-09-18
P1129,Sharon,Morris,Doctor 48,2023-09-18
P1157,James,Edwards,Doctor 99,2023-09-18
P1235,Mary,Ortiz,Doctor 60,2023-09-18
P1259,Jose,Sanchez,Doctor 21,2023-09-18
P1430,Elizabeth,Martinez,Doctor 86,2023-09-18
P1661,Scott,Morales,Doctor 38,2023-09-18
P1673,Brian,Nelson,Doctor 65,2023-09-18
P2019,Edward,Flores,Doctor 37,2023-09-18
P2121,Sandra,Watson,Doctor 34,2023-09-18
P2232,Kimberly,Edwards,Doctor 37,2023-09-18
P2238,Linda,Stewart,Doctor 100,2023-09-18
P2304,William,Rogers,Doctor 98,2023-09-18
P0098,Matthew,Richardson,Doctor 45,2023-09-19
P0130,Kenneth,Kelly,Doctor 8,2023-09-19
P0165,Jeffrey,Howard,Doctor 71,2023-09-19
P0179,Laura,Torres,Doctor 66,2023-09-19
P0184,Samuel,Ortiz,Doctor 20,2023-09-19
P0284,Shirley,Nelson,Doctor 50,2023-09-19
P0293,Deborah,Diaz,Doctor 47,2023-09-19
P0324,Michael,Ramos,Doctor 56,2023-09-19
P0391,Deborah,Ramos,Doctor 51,2023-09-19
P0638,Cynthia,Wright,Doctor 21,2023-09-19
P0641,Gregory,Campbell,Doctor 51,2023-09-19
P0847,Steven,Hernandez,Doctor 44,2023-09-19
P0908,Anthony,Chavez,Doctor 74,2023-09-19
P1007,Jack,Ruiz,Doctor 56,2023-09-19
P1077,Sandra,Castillo,Doctor 10,2023-09-19
P1167,Robert,Reyes,Doctor 49,2023-09-19
P1214,Sarah,Gomez,Doctor 59,2023-09-19
P1319,Benjamin,Martin,Doctor 63,2023-09-19
P1376,Anna,Gomez,Doctor 59,2023-09-19
P1390,Eric,King,Doctor 19,2023-09-19
P1546,Helen,Bennett,Doctor 13,2023-09-19
P1691,Jennifer,Sanchez,Doctor 79,2023-09-19
P1712,Jason,Garcia,Doctor 32,2023-09-19
P1720,Ryan,Alvarez,Doctor 44,2023-09-19
P1892,Kathleen,Collins,Doctor 41,2023-09-19
P2001,Anna,Murphy,Doctor 70,2023-09-19
P2008,Gregory,Ruiz,Doctor 91,2023-09-19
P2022,Kevin,Kelly,Doctor 77,2023-09-19
P2206,Anna,James,Doctor 43,2023-09-19
P2206,Anna,James,Doctor 43,2023-09-19
P2227,Betty,Thomas,Doctor 8,2023-09-19
P2303,Kenneth,Gonzalez,Doctor 20,2023-09-19
P0019,Emma,Rogers,Doctor 1,2023-09-20
P0108,Eric,Carter,Doctor 85,2023-09-20
P0223,Ronald,Rodriguez,Doctor 49,2023-09-20
P0246,Stephen,Howard,Doctor 44,2023-09-20
P0308,Barbara,Jackson,Doctor 77,2023-09-20
P0311,Elizabeth,Stewart,Doctor 18,2023-09-20
P0428,Ronald,Walker,Doctor 81,2023-09-20
P0511,Sarah,Green,Doctor 88,2023-09-20
P0725,Sarah,Wood,Doctor 100,2023-09-20
P0738,Aaron,Howard,Doctor 93,2023-09-20
P0749,Larry,Ruiz,Doctor 56,2023-09-20
P0891,Linda,Gonzalez,Doctor 59,2023-09-20
P0912,Kimberly,Cook,Doctor 91,2023-09-20
P0932,Christopher,Kim,Doctor 45,2023-09-20
P1063,Shirley,Cox,Doctor 24,2023-09-20
P1259,Jose,Sanchez,Doctor 21,2023-09-20
P1300,Jerry,Smith,Doctor 80,2023-09-20
P1521,Gregory,Wood,Doctor 5,2023-09-20
P1759,Kimberly,Anderson,Doctor 82,2023-09-20
P1799,Eric,Lee,Doctor 86,2023-09-20
P1875,Michael,Adams,Doctor 15,2023-09-20
P1919,Gregory,Gray,Doctor 68,2023-09-20
P1963,Elizabeth,Alvarez,Doctor 52,2023-09-20
P2042,Larry,Nguyen,Doctor 99,2023-09-20
P2130,Jessica,Campbell,Doctor 59,2023-09-20
P2133,William,Ruiz,Doctor 12,2023-09-20
P2161,Susan,Martinez,Doctor 55,2023-09-20
P2197,Nancy,Gray,Doctor 90,2023-09-20
P2212,Jack,Brown,Doctor 56,2023-09-20
P2232,Kimberly,Edwards,Doctor 37,2023-09-20
P0011,Joshua,Turner,Doctor 68,2023-09-21
P0020,Michael,Diaz,Doctor 79,2023-09-21
P0075,Dennis,Ruiz,Doctor 66,2023-09-21
P0108,Eric,Carter,Doctor 71,2023-09-21
P0379,Justin,Nguyen,Doctor 50,2023-09-21
P0469,Patricia,Harris,Doctor 30,2023-09-21
P0538,Betty,Phillips,Doctor 37,2023-09-21
P0713,Deborah,Taylor,Doctor 98,2023-09-21
P0713,Deborah,Taylor,Doctor 66,2023-09-21
P0762,Scott,Carter,Doctor 44,2023-09-21
P0816,Lisa,Smith,Doctor 89,2023-09-21
P1154,Jacob,Jackson,Doctor 98,2023-09-21
P1207,Sarah,Bailey,Doctor 61,2023-09-21
P1297,Robert,Turner,Doctor 82,2023-09-21
P1376,Anna,Gomez,Doctor 7,2023-09-21
P1401,David,Lewis,Doctor 77,2023-09-21
P1404,Kathleen,King,Doctor 36,2023-09-21
P1472,Gregory,Chavez,Doctor 63,2023-09-21
P1652,Kimberly,Hernandez,Doctor 69,2023-09-21
P1699,Jessica,Myers,Doctor 9,2023-09-21
P1755,Jonathan,Clark,Doctor 25,2023-09-21
P1917,Larry,Alvarez,Doctor 54,2023-09-21
P1994,Carol,Evans,Doctor 10,2023-09-21
P2011,Timothy,Cook,Doctor 99,2023-09-21
P2020,Virginia,Gonzalez,Doctor 22,2023-09-21
P2032,Jerry,Cruz,Doctor 48,2023-09-21
P2213,Karen,Perez,Doctor 94,2023-09-21
P0071,Stephen,Stewart,Doctor 53,2023-09-22
P0121,Patricia,Castillo,Doctor 72,2023-09-22
P0143,Ryan,Campbell,Doctor 18,2023-09-22
P0184,Samuel,Ortiz,Doctor 20,2023-09-22
P0372,Gregory,Ward,Doctor 90,2023-09-22
P0613,Mark,Alvarez,Doctor 36,2023-09-22
P0703,Betty,Patel,Doctor 90,2023-09-22
P0818,Donna,Patel,Doctor 30,2023-09-22
P0908,Anthony,Chavez,Doctor 59,2023-09-22
P0912,Kimberly,Cook,Doctor 91,2023-09-22
P0941,Kimberly,Nelson,Doctor 21,2023-09-22
P1022,Brandon,Turner,Doctor 74,2023-09-22
P1058,Linda,Wilson,Doctor 35,2023-09-22
P1065,James,Flores,Doctor 18,2023-09-22
P1100,Amy,Jackson,Doctor 67,2023-09-22
P1182,Andrew,Peterson,Doctor 41,2023-09-22
P1209,Laura,Jones,Doctor 66,2023-09-22
P1502,Kevin,King,Doctor 80,2023-09-22
P1716,Aaron,Turner,Doctor 2,2023-09-22
P1726,Ruth,Ramos,Doctor 51,2023-09-22
P1778,Scott,Mitchell,Doctor 84,2023-09-22
P1795,Elizabeth,Thompson,Doctor 32,2023-09-22
P1831,Sarah,Hernandez,Doctor 31,2023-09-22
P2101,Linda,Roberts,Doctor 86,2023-09-22
P2212,Jack,Brown,Doctor 56,2023-09-22
P2232,Kimberly,Edwards,Doctor 50,2023-09-22
P0071,Stephen,Stewart,Doctor 53,2023-09-23
P0072,Melissa,Alvarez,Doctor 83,2023-09-23
P0099,Betty,Brooks,Doctor 31,2023-09-23
P0140,Charles,Lewis,Doctor 75,2023-09-23
P0159,Brandon,Cook,Doctor 20,2023-09-23
P0205,Jessica,Morris,Doctor 14,2023-09-23
P0247,Matthew,Mendoza,Doctor 94,2023-09-23
P0261,Nancy,Collins,Doctor 25,2023-09-23
P0271,Dennis,Myers,Doctor 18,2023-09-23
P0279,Karen,Martin,Doctor 78,2023-09-23
P0372,Gregory,Ward,Doctor 90,2023-09-23
P0413,Charles,Harris,Doctor 58,2023-09-23
P0480,Sandra,Rodriguez,Doctor 24,2023-09-23
P0545,Justin,Martin,Doctor 19,2023-09-23
P0556,Matthew,Walker,Doctor 48,2023-09-23
P0571,Karen,Wright,Doctor 81,2023-09-23
P0575,Mark,Morgan,Doctor 60,2023-09-23
P0614,Joseph,Davis,Doctor 73,2023-09-23
P0702,Virginia,Morales,Doctor 22,2023-09-23
P0846,Steven,Mitchell,Doctor 78,2023-09-23
P0990,Helen,Brown,Doctor 71,2023-09-23
P0995,Frank,Wood,Doctor 32,2023-09-23
P1004,Donald,Kim,Doctor 71,2023-09-23
P1026,Michelle,Rodriguez,Doctor 35,2023-09-23
P1085,Eric,Adams,Doctor 45,2023-09-23
P1088,Brandon,Hernandez,Doctor 99,2023-09-23
P1149,Anthony,Price,Doctor 18,2023-09-23
P1155,Kimberly,Hill,Doctor 44,2023-09-23
P1159,Stephen,Jones,Doctor 100,2023-09-23
P1248,Christopher,Price,Doctor 75,2023-09-23
P1306,Amy,Young,Doctor 69,2023-09-23
P1403,Jason,Nelson,Doctor 89,2023-09-23
P1410,Nicholas,Clark,Doctor 21,2023-09-23
P1533,David,Ortiz,Doctor 58,2023-09-23
P1735,Patricia,Mendoza,Doctor 64,2023-09-23
P1741,Jose,Price,Doctor 56,2023-09-23
P1787,Sandra,Turner,Doctor 52,2023-09-23
P1792,Dennis,Anderson,Doctor 26,2023-09-23
P1893,Amy,Richardson,Doctor 19,2023-09-23
P1914,Laura,Richardson,Doctor 60,2023-09-23
P1937,Anthony,Edwards,Doctor 96,2023-09-23
P1957,Benjamin,Allen,Doctor 100,2023-09-23
P2044,Benjamin,Carter,Doctor 31,2023-09-23
P2148,Ryan,Martin,Doctor 85,2023-09-23
P2191,Ruth,Parker,Doctor 30,2023-09-23
P2241,Virginia,Parker,Doctor 41,2023-09-23
P0063,Ronald,Young,Doctor 79,2023-09-24
P0391,Deborah,Ramos,Doctor 51,2023-09-24
P0409,Barbara,Brooks,Doctor 95,2023-09-24
P0430,Michelle,Ruiz,Doctor 93,2023-09-24
P0490,Stephen,Nelson,Doctor 37,2023-09-24
P0631,Jason,Miller,Doctor 59,2023-09-24
P0644,Stephen,Price,Doctor 41,2023-09-24
P0684,William,Morris,Doctor 22,2023-09-24
P0800,Daniel,Miller,Doctor 62,2023-09-24
P0805,Jerry,Williams,Doctor 21,2023-09-24
P0948,Donald,Ramirez,Doctor 26,2023-09-24
P0956,Gregory,Rivera,Doctor 39,2023-09-24
P0965,Andrew,Brown,Doctor 100,2023-09-24
P1136,Brian,Perez,Doctor 72,2023-09-24
P1318,Sarah,Robinson,Doctor 71,2023-09-24
P1778,Scott,Mitchell,Doctor 2,2023-09-24
P1824,Susan,Allen,Doctor 53,2023-09-24
P1877,Brian,Turner,Doctor 62,2023-09-24
P1895,Benjamin,Lewis,Doctor 21,2023-09-24
P2058,Carol,Taylor,Doctor 64,2023-09-24
P2238,Linda,Stewart,Doctor 100,2023-09-24
P2250,Jacob,Murphy,Doctor 75,2023-09-24
P0018,Lisa,Howard,Doctor 62,2023-09-25
P0062,Joshua,Reyes,Doctor 29,2023-09-25
P0192,Jack,Mitchell,Doctor 70,2023-09-25
P0228,Michael,Ward,Doctor 27,2023-09-25
P0279,Karen,Martin,Doctor 78,2023-09-25
P0380,Mary,Smith,Doctor 76,2023-09-25
P0428,Ronald,Walker,Doctor 81,2023-09-25
P0466,Sandra,Wright,Doctor 19,2023-09-25
P0526,Angela,Wilson,Doctor 44,2023-09-25
P0530,Linda,Gomez,Doctor 100,2023-09-25
P0612,Anthony,Ward,Doctor 83,2023-09-25
P0656,Donald,Robinson,Doctor 59,2023-09-25
P0673,Kathleen,Parker,Doctor 10,2023-09-25
P0747,Kimberly,Thompson,Doctor 9,2023-09-25
P0763,Ronald,Edwards,Doctor 31,2023-09-25
P0833,Samuel,Gray,Doctor 8,2023-09-25
P0871,Nancy,Rodriguez,Doctor 44,2023-09-25
P0971,Larry,Wood,Doctor 85,2023-09-25
P1172,Angela,Cook,Doctor 38,2023-09-25
P1178,Sarah,King,Doctor 8,2023-09-25
P1303,Brenda,Ortiz,Doctor 5,2023-09-25
P1343,Betty,White,Doctor 88,2023-09-25
P1521,Gregory,Wood,Doctor 89,2023-09-25
P1552,Ronald,Williams,Doctor 68,2023-09-25
P1598,Jack,Smith,Doctor 20,2023-09-25
P1641,Karen,Davis,Doctor 85,2023-09-25
P1702,Mary,Wilson,Doctor 37,2023-09-25
P1710,Deborah,Wright,Doctor 93,2023-09-25
P1926,Ronald,Cooper,Doctor 53,2023-09-25
P1938,Joseph,Young,Doctor 25,2023-09-25
P2037,Mary,Alvarez,Doctor 20,2023-09-25
P2049,Benjamin,Roberts,Doctor 10,2023-09-25
P2130,Jessica,Campbell,Doctor 59,2023-09-25
P2134,Samuel,Walker,Doctor 88,2023-09-25
P2183,Steven,Johnson,Doctor 71,2023-09-25
P2271,Lisa,Rogers,Doctor 56,2023-09-25
P0016,Ruth,Taylor,Doctor 12,2023-09-26
P0037,Stephen,Rogers,Doctor 36,2023-09-26
P0081,Jessica,Mendoza,Doctor 76,2023-09-26
P0098,Matthew,Richardson,Doctor 45,2023-09-26
P0284,Shirley,Nelson,Doctor 50,2023-09-26
P0388,Jeffrey,Hall,Doctor 30,2023-09-26
P0416,Kimberly,Ramos,Doctor 85,2023-09-26
P0509,Tyler,Scott,Doctor 99,2023-09-26
P0592,Lisa,Chavez,Doctor 86,2023-09-26
P0764,Richard,Bennett,Doctor 70,2023-09-26
P0804,Mark,Gomez,Doctor 8,2023-09-26
P0827,Jacob,Richardson,Doctor 28,2023-09-26
P0858,Aaron,Alvarez,Doctor 84,2023-09-26
P0900,Justin,Carter,Doctor 27,2023-09-26
P1091,Samuel,Sanchez,Doctor 9,2023-09-26
P1105,Joseph,Roberts,Doctor 94,2023-09-26
P1257,Lisa,Lewis,Doctor 83,2023-09-26
P1304,Jacob,White,Doctor 32,2023-09-26
P1426,Brandon,Ortiz,Doctor 9,2023-09-26
P1637,Samuel,Jackson,Doctor 83,2023-09-26
P1674,Jonathan,Williams,Doctor 31,2023-09-26
P1716,Aaron,Turner,Doctor 91,2023-09-26
P1729,Brandon,Edwards,Doctor 39,2023-09-26
P2067,Donald,Ortiz,Doctor 34,2023-09-26
P2074,Dorothy,Bennett,Doctor 92,2023-09-26
P2080,Ruth,Harris,Doctor 85,2023-09-26
P2114,Raymond,Adams,Doctor 76,2023-09-26
P2167,William,Wright,Doctor 99,2023-09-26
P2222,John,Myers,Doctor 25,2023-09-26
P2274,Jonathan,Scott,Doctor 58,2023-09-26
P0072,Melissa,Alvarez,Doctor 83,2023-09-27
P0121,Patricia,Castillo,Doctor 72,2023-09-27
P0245,Ruth,Martinez,Doctor 26,2023-09-27
P0255,Patrick,Rodriguez,Doctor 45,2023-09-27
P0312,Rebecca,Myers,Doctor 57,2023-09-27
P0370,Benjamin,Wood,Doctor 16,2023-09-27
P0387,Emma,Sanchez,Doctor 95,2023-09-27
P0454,Jason,Thompson,Doctor 50,2023-09-27
P0465,Mary,Morales,Doctor 13,2023-09-27
P0490,Stephen,Nelson,Doctor 37,2023-09-27
P0550,Brenda,Jones,Doctor 10,2023-09-27
P0606,Ruth,Phillips,Doctor 100,2023-09-27
P0707,Lisa,Gray,Doctor 93,2023-09-27
P1076,Jessica,Kelly,Doctor 25,2023-09-27
P1077,Sandra,Castillo,Doctor 10,2023-09-27
P1083,Sarah,Morales,Doctor 10,2023-09-27
P1090,Alexander,Brown,Doctor 65,2023-09-27
P1107,Kathleen,Kim,Doctor 89,2023-09-27
P1298,Charles,Brown,Doctor 89,2023-09-27
P1300,Jerry,Smith,Doctor 80,2023-09-27
P1417,Joseph,Lewis,Doctor 23,2023-09-27
P1437,Helen,Castillo,Doctor 31,2023-09-27
P1548,Kimberly,Brooks,Doctor 78,2023-09-27
P1582,Rebecca,Gomez,Doctor 39,2023-09-27
P1664,Jessica,Taylor,Doctor 27,2023-09-27
P1778,Scott,Mitchell,Doctor 2,2023-09-27
P1891,Dennis,Bennett,Doctor 72,2023-09-27
P1927,Rebecca,Rivera,Doctor 75,2023-09-27
P2086,Elizabeth,Williams,Doctor 48,2023-09-27
P2229,Gary,Rivera,Doctor 88,2023-09-27
P0063,Ronald,Young,Doctor 79,2023-09-28
P0085,Jessica,Peterson,Doctor 52,2023-09-28
P0143,Ryan,Campbell,Doctor 18,2023-09-28
P0145,Sarah,Chavez,Doctor 11,2023-09-28
P0173,Barbara,Evans,Doctor 72,2023-09-28
P0268,Ronald,Alvarez,Doctor 94,2023-09-28
P0303,Nancy,Diaz,Doctor 93,2023-09-28
P0378,Alexander,Ramos,Doctor 82,2023-09-28
P0401,Jessica,Ruiz,Doctor 40,2023-09-28
P0427,David,Wilson,Doctor 57,2023-09-28
P0452,Ronald,Kelly,Doctor 32,2023-09-28
P0536,Aaron,Peterson,Doctor 39,2023-09-28
P0601,Steven,Cooper,Doctor 9,2023-09-28
P0608,Robert,Ramos,Doctor 96,2023-09-28
P0813,Laura,Clark,Doctor 13,2023-09-28
P0834,Joshua,Young,Doctor 71,2023-09-28
P0867,Kimberly,Green,Doctor 88,2023-09-28
P0916,Kimberly,Gomez,Doctor 58,2023-09-28
P0918,Ryan,Taylor,Doctor 54,2023-09-28
P0932,Christopher,Kim,Doctor 39,2023-09-28
P1121,Kathleen,Ruiz,Doctor 40,2023-09-28
P1143,Ruth,Smith,Doctor 64,2023-09-28
P1314,Ruth,Thompson,Doctor 12,2023-09-28
P1372,Christopher,Sanchez,Doctor 68,2023-09-28
P1373,Christopher,Young,Doctor 8,2023-09-28
P1500,Virginia,Jones,Doctor 72,2023-09-28
P1563,Angela,Patel,Doctor 77,2023-09-28
P1575,Robert,Lewis,Doctor 74,2023-09-28
P1630,Lisa,Hernandez,Doctor 66,2023-09-28
P1643,Larry,Gutierrez,Doctor 53,2023-09-28
P1656,Eric,Cooper,Doctor 22,2023-09-28
P1675,Nancy,Wood,Doctor 75,2023-09-28
P1719,Cynthia,Phillips,Doctor 47,2023-09-28
P1772,Melissa,Lopez,Doctor 47,2023-09-28
P1809,Nicholas,Garcia,Doctor 41,2023-09-28
P1862,Betty,Martin,Doctor 56,2023-09-28
P1944,Dorothy,Cook,Doctor 45,2023-09-28
P1968,Gary,Morgan,Doctor 62,2023-09-28
P1995,Justin,Martinez,Doctor 34,2023-09-28
P2016,Betty,Nguyen,Doctor 66,2023-09-28
P2204,Nancy,Ramirez,Doctor 31,2023-09-28
P2217,Kimberly,Lee,Doctor 77,2023-09-28
P2224,Robert,Peterson,Doctor 33,2023-09-28
P0017,Michelle,Morgan,Doctor 83,2023-09-29
P0106,James,Taylor,Doctor 23,2023-09-29
P0196,Patricia,Miller,Doctor 97,2023-09-29
P0338,Andrew,Hall,Doctor 67,2023-09-29
P0430,Michelle,Ruiz,Doctor 63,2023-09-29
P0431,Frank,Howard,Doctor 39,2023-09-29
P0464,Kevin,Chavez,Doctor 70,2023-09-29
P0630,Mary,Mitchell,Doctor 78,2023-09-29
P0633,Jacob,Roberts,Doctor 75,2023-09-29
P0704,Susan,Alvarez,Doctor 55,2023-09-29
P0796,Jennifer,Parker,Doctor 46,2023-09-29
P0886,Sandra,Reed,Doctor 66,2023-09-29
P0888,William,Smith,Doctor 4,2023-09-29
P1171,Jose,King,Doctor 35,2023-09-29
P1308,James,Martinez,Doctor 54,2023-09-29
P1330,Ryan,Thomas,Doctor 43,2023-09-29
P1364,Ruth,Allen,Doctor 42,2023-09-29
P1395,Karen,Lee,Doctor 26,2023-09-29
P1446,Jessica,Watson,Doctor 70,2023-09-29
P1480,Deborah,Price,Doctor 63,2023-09-29
P1498,Helen,Myers,Doctor 83,2023-09-29
P1631,Jonathan,Brown,Doctor 25,2023-09-29
P1681,Mary,White,Doctor 74,2023-09-29
P1711,Stephen,Gray,Doctor 78,2023-09-29
P1720,Ryan,Alvarez,Doctor 44,2023-09-29
P1764,Sandra,Williams,Doctor 94,2023-09-29
P1818,Helen,Rogers,Doctor 63,2023-09-29
P1930,Steven,Young,Doctor 41,2023-09-29
P1935,Elizabeth,Price,Doctor 73,2023-09-29
P2045,Jeffrey,Gomez,Doctor 24,2023-09-29
P2135,Susan,Ramos,Doctor 19,2023-09-29
P2206,Anna,James,Doctor 43,2023-09-29
P2237,Andrew,Clark,Doctor 77,2023-09-29
P2295,Raymond,Jackson,Doctor 11,2023-09-29
P0003,Barbara,Hernandez,Doctor 27,2023-09-30
P0011,Joshua,Turner,Doctor 85,2023-09-30
P0149,Kathleen,Richardson,Doctor 79,2023-09-30
P0182,Cynthia,Ortiz,Doctor 38,2023-09-30
P0189,Jacob,Collins,Doctor 59,2023-09-30
P0297,Deborah,Moore,Doctor 18,2023-09-30
P0304,Melissa,Morgan,Doctor 94,2023-09-30
P0307,Christopher,Myers,Doctor 51,2023-09-30
P0312,Rebecca,Myers,Doctor 57,2023-09-30
P0445,Joseph,Walker,Doctor 62,2023-09-30
P0471,Thomas,Gomez,Doctor 62,2023-09-30
P0560,Sandra,Wood,Doctor 72,2023-09-30
P0572,Jose,Lewis,Doctor 83,2023-09-30
P0588,Brandon,Gonzalez,Doctor 38,2023-09-30
P0674,Justin,Lee,Doctor 81,2023-09-30
P0746,James,Morgan,Doctor 24,2023-09-30
P0917,Jessica,Torres,Doctor 80,2023-09-30
P0939,James,Moore,Doctor 9,2023-09-30
P1078,James,Johnson,Doctor 86,2023-09-30
P1106,Thomas,Campbell,Doctor 14,2023-09-30
P1147,Daniel,Gutierrez,Doctor 50,2023-09-30
P1355,Richard,Brooks,Doctor 15,2023-09-30
P1377,George,Watson,Doctor 33,2023-09-30
P1604,Donald,Lee,Doctor 16,2023-09-30
P1736,Eric,Diaz,Doctor 78,2023-09-30
P1777,Jerry,Ward,Doctor 68,2023-09-30
P1880,Michael,Davis,Doctor 10,2023-09-30
P2037,Mary,Alvarez,Doctor 20,2023-09-30
P2211,Frank,Allen,Doctor 5,2023-09-30
P2241,Virginia,Parker,Doctor 41,2023-09-30
P0186,Stephen,Morales,Doctor 59,2023-10-01
P0199,Aaron,Baker,Doctor 39,2023-10-01
P0326,Lisa,Peterson,Doctor 18,2023-10-01
P0389,Joseph,Gray,Doctor 100,2023-10-01
P0476,Deborah,Jackson,Doctor 65,2023-10-01
P0543,Cynthia,Sanchez,Doctor 19,2023-10-01
P0601,Steven,Cooper,Doctor 21,2023-10-01
P0649,Brian,Carter,Doctor 4,2023-10-01
P0660,Linda,Reyes,Doctor 66,2023-10-01
P0702,Virginia,Morales,Doctor 22,2023-10-01
P0741,Jennifer,Ramirez,Doctor 76,2023-10-01
P0806,Jessica,Martinez,Doctor 38,2023-10-01
P0869,Helen,Ward,Doctor 65,2023-10-01
P0888,William,Smith,Doctor 85,2023-10-01
P1122,Helen,Morris,Doctor 2,2023-10-01
P1175,Sharon,Alvarez,Doctor 82,2023-10-01
P1299,Karen,Hernandez,Doctor 57,2023-10-01
P1419,Anna,Peterson,Doctor 20,2023-10-01
P1503,Helen,Wright,Doctor 48,2023-10-01
P1547,Sarah,Mitchell,Doctor 86,2023-10-01
P1624,Rebecca,Mendoza,Doctor 63,2023-10-01
P1638,Mark,Castillo,Doctor 22,2023-10-01
P1652,Kimberly,Hernandez,Doctor 69,2023-10-01
P1718,Anthony,Mendoza,Doctor 92,2023-10-01
P1718,Anthony,Mendoza,Doctor 51,2023-10-01
P1742,Timothy,Patel,Doctor 100,2023-10-01
P1801,Frank,Carter,Doctor 8,2023-10-01
P1816,Lisa,Phillips,Doctor 98,2023-10-01
P1979,Carol,Reed,Doctor 46,2023-10-01
P2058,Carol,Taylor,Doctor 64,2023-10-01
P2147,Michelle,Collins,Doctor 6,2023-10-01
P2158,Patricia,Perez,Doctor 91,2023-10-01
P2209,Betty,Smith,Doctor 88,2023-10-01
P0019,Emma,Rogers,Doctor 1,2023-10-02
P0024,Timothy,Hernandez,Doctor 46,2023-10-02
P0148,Matthew,Flores,Doctor 83,2023-10-02
P0152,Gregory,Anderson,Doctor 35,2023-10-02
P0272,Betty,Ramos,Doctor 9,2023-10-02
P0447,Barbara,Lewis,Doctor 27,2023-10-02
P0456,Dorothy,Adams,Doctor 48,2023-10-02
P0823,Ruth,Reyes,Doctor 77,2023-10-02
P0920,Scott,Peterson,Doctor 2,2023-10-02
P0989,Andrew,Morris,Doctor 83,2023-10-02
P1018,Benjamin,Nelson,Doctor 48,2023-10-02
P1021,Mary,Bennett,Doctor 5,2023-10-02
P1069,Justin,Brown,Doctor 46,2023-10-02
P1081,George,Ortiz,Doctor 11,2023-10-02
P1082,Raymond,Ortiz,Doctor 70,2023-10-02
P1113,Deborah,Perez,Doctor 13,2023-10-02
P1130,Emma,Moore,Doctor 19,2023-10-02
P1158,Emma,Morales,Doctor 88,2023-10-02
P1199,Dennis,Walker,Doctor 100,2023-10-02
P1233,Sharon,Smith,Doctor 2,2023-10-02
P1263,Sharon,Martinez,Doctor 77,2023-10-02
P1277,Laura,Thomas,Doctor 73,2023-10-02
P1386,Carol,Jones,Doctor 40,2023-10-02
P1413,Amy,Ortiz,Doctor 58,2023-10-02
P1438,Laura,Parker,Doctor 21,2023-10-02
P1512,Sharon,Campbell,Doctor 66,2023-10-02
P1573,Carol,Lewis,Doctor 21,2023-10-02
P1582,Rebecca,Gomez,Doctor 81,2023-10-02
P1656,Eric,Cooper,Doctor 22,2023-10-02
P1686,Alexander,Kelly,Doctor 88,2023-10-02
P1716,Aaron,Turner,Doctor 91,2023-10-02
P1916,Edward,Jackson,Doctor 47,2023-10-02
P1934,Jonathan,Robinson,Doctor 36,2023-10-02
P1938,Joseph,Young,Doctor 25,2023-10-02
P1956,Virginia,Moore,Doctor 45,2023-10-02
P2175,Karen,Morris,Doctor 50,2023-10-02
P2193,Nancy,Campbell,Doctor 5,2023-10-02
P2231,Matthew,Wilson,Doctor 100,2023-10-02
P2292,Kimberly,Evans,Doctor 70,2023-10-02
P2297,Cynthia,Williams,Doctor 81,2023-10-02
P0052,Sandra,Patel,Doctor 61,2023-10-03
P0115,Rebecca,Phillips,Doctor 8,2023-10-03
P0198,Brian,Ramirez,Doctor 61,2023-10-03
P0290,Susan,Phillips,Doctor 13,2023-10-03
P0350,Michelle,Mendoza,Doctor 15,2023-10-03
P0376,John,Martinez,Doctor 92,2023-10-03
P0493,Carol,Roberts,Doctor 33,2023-10-03
P0525,Kimberly,Taylor,Doctor 73,2023-10-03
P0536,Aaron,Peterson,Doctor 39,2023-10-03
P0550,Brenda,Jones,Doctor 10,2023-10-03
P0577,Jessica,Thompson,Doctor 33,2023-10-03
P0591,Laura,Bennett,Doctor 46,2023-10-03
P0625,Charles,Hall,Doctor 48,2023-10-03
P0697,Kimberly,King,Doctor 41,2023-10-03
P0749,Larry,Ruiz,Doctor 21,2023-10-03
P0830,Kimberly,Morales,Doctor 20,2023-10-03
P0988,Kimberly,Castillo,Doctor 11,2023-10-03
P1214,Sarah,Gomez,Doctor 59,2023-10-03
P1293,Ruth,Cooper,Doctor 52,2023-10-03
P1360,Donna,Rivera,Doctor 95,2023-10-03
P1370,Jerry,Roberts,Doctor 31,2023-10-03
P1442,Anthony,Ramirez,Doctor 79,2023-10-03
P1520,Benjamin,Gutierrez,Doctor 69,2023-10-03
P1698,Karen,Ward,Doctor 56,2023-10-03
P1709,Jennifer,Garcia,Doctor 45,2023-10-03
P2015,Jessica,Young,Doctor 96,2023-10-03
P2045,Jeffrey,Gomez,Doctor 24,2023-10-03
P2123,Carol,Morris,Doctor 66,2023-10-03
P2151,Virginia,Rivera,Doctor 18,2023-10-03
P2240,Michelle,Ramos,Doctor 61,2023-10-03
P0021,Daniel,Kim,Doctor 58,2023-10-04
P0148,Matthew,Flores,Doctor 5,2023-10-04
P0176,Laura,Anderson,Doctor 10,2023-10-04
P0212,Jose,Castillo,Doctor 23,2023-10-04
P0387,Emma,Sanchez,Doctor 95,2023-10-04
P0460,Jacob,Ramirez,Doctor 92,2023-10-04
P0493,Carol,Roberts,Doctor 33,2023-10-04
P0506,Joshua,Ortiz,Doctor 71,2023-10-04
P0593,Timothy,Thomas,Doctor 85,2023-10-04
P0626,Steven,Rogers,Doctor 44,2023-10-04
P0627,Larry,Wilson,Doctor 33,2023-10-04
P0666,James,Gomez,Doctor 97,2023-10-04
P0689,Emma,Gonzalez,Doctor 35,2023-10-04
P0797,Richard,Davis,Doctor 29,2023-10-04
P0801,Anthony,Jackson,Doctor 62,2023-10-04
P1088,Brandon,Hernandez,Doctor 99,2023-10-04
P1092,Benjamin,Cox,Doctor 12,2023-10-04
P1320,Robert,Torres,Doctor 2,2023-10-04
P1327,Alexander,Castillo,Doctor 54,2023-10-04
P1340,Nancy,James,Doctor 65,2023-10-04
P1416,Jack,Garcia,Doctor 78,2023-10-04
P1444,Christopher,James,Doctor 57,2023-10-04
P1448,Ronald,Carter,Doctor 4,2023-10-04
P1468,Timothy,Lopez,Doctor 39,2023-10-04
P1684,Emma,Price,Doctor 38,2023-10-04
P1711,Stephen,Gray,Doctor 78,2023-10-04
P1866,Amy,Rogers,Doctor 40,2023-10-04
P1869,Kimberly,Mitchell,Doctor 35,2023-10-04
P1971,David,Ramos,Doctor 76,2023-10-04
P1989,Gregory,Ortiz,Doctor 69,2023-10-04
P2057,Michelle,Gomez,Doctor 25,2023-10-04
P2138,Edward,Parker,Doctor 98,2023-10-04
P2149,Benjamin,Rodriguez,Doctor 71,2023-10-04
P2171,Gary,Myers,Doctor 2,2023-10-04
P2244,Jacob,Martinez,Doctor 1,2023-10-04
P2291,Jacob,Allen,Doctor 46,2023-10-04
P2302,Kimberly,Perez,Doctor 13,2023-10-04
P0017,Michelle,Morgan,Doctor 83,2023-10-05
P0034,Joseph,Nelson,Doctor 30,2023-10-05
P0136,Jennifer,Ruiz,Doctor 71,2023-10-05
P0158,David,James,Doctor 64,2023-10-05
P0497,Edward,Hall,Doctor 7,2023-10-05
P0520,Brandon,Moore,Doctor 100,2023-10-05
P0670,John,Cruz,Doctor 82,2023-10-05
P0693,Michelle,Parker,Doctor 71,2023-10-05
P0695,Brenda,Green,Doctor 15,2023-10-05
P0747,Kimberly,Thompson,Doctor 77,2023-10-05
P0817,Dennis,White,Doctor 62,2023-10-05
P1011,Jason,Hughes,Doctor 84,2023-10-05
P1054,Sarah,Clark,Doctor 31,2023-10-05
P1142,Karen,Price,Doctor 67,2023-10-05
P1336,Carol,Hernandez,Doctor 97,2023-10-05
P1385,Donna,Johnson,Doctor 99,2023-10-05
P1413,Amy,Ortiz,Doctor 58,2023-10-05
P1536,John,Thompson,Doctor 47,2023-10-05
P1572,Patrick,Bennett,Doctor 23,2023-10-05
P1607,Aaron,Reyes,Doctor 42,2023-10-05
P1940,William,Torres,Doctor 3,2023-10-05
P1982,Mary,Williams,Doctor 34,2023-10-05
P2139,Donna,Brown,Doctor 46,2023-10-05
P2267,Sandra,Martinez,Doctor 96,2023-10-05
P0046,Anthony,Gonzalez,Doctor 62,2023-10-06
P0068,Jack,Ortiz,Doctor 83,2023-10-06
P0109,Jack,Thompson,Doctor 34,2023-10-06
P0369,Raymond,Rivera,Doctor 48,2023-10-06
P0384,Anthony,Reyes,Doctor 40,2023-10-06
P0533,Anthony,Evans,Doctor 21,2023-10-06
P0763,Ronald,Edwards,Doctor 31,2023-10-06
P0788,Helen,Scott,Doctor 47,2023-10-06
P0840,Aaron,Miller,Doctor 95,2023-10-06
P0849,Emma,Stewart,Doctor 58,2023-10-06
P0858,Aaron,Alvarez,Doctor 84,2023-10-06
P1015,Alexander,Ramirez,Doctor 9,2023-10-06
P1024,Melissa,Ramos,Doctor 3,2023-10-06
P1212,Samuel,Torres,Doctor 61,2023-10-06
P1334,Anna,Reed,Doctor 37,2023-10-06
P1461,Donna,Peterson,Doctor 7,2023-10-06
P1479,Justin,Castillo,Doctor 26,2023-10-06
P1504,George,Alvarez,Doctor 46,2023-10-06
P1519,Thomas,Price,Doctor 88,2023-10-06
P1540,Ruth,Robinson,Doctor 88,2023-10-06
P1654,Jonathan,Hall,Doctor 52,2023-10-06
P1662,Ronald,Nguyen,Doctor 49,2023-10-06
P1673,Brian,Nelson,Doctor 65,2023-10-06
P1815,Mark,Turner,Doctor 20,2023-10-06
P1922,Betty,Jones,Doctor 7,2023-10-06
P1976,Edward,White,Doctor 2,2023-10-06
P0087,Kevin,Morris,Doctor 21,2023-10-07
P0176,Laura,Anderson,Doctor 88,2023-10-07
P0213,Scott,Brown,Doctor 50,2023-10-07
P0354,Mary,Clark,Doctor 77,2023-10-07
P0356,Kathleen,Moore,Doctor 14,2023-10-07
P0410,Amy,Thompson,Doctor 72,2023-10-07
P0438,Gary,Collins,Doctor 17,2023-10-07
P0441,Kathleen,Johnson,Doctor 84,2023-10-07
P0468,Raymond,Hill,Doctor 25,2023-10-07
P0578,Jack,Robinson,Doctor 44,2023-10-07
P0706,Sandra,Phillips,Doctor 83,2023-10-07
P0861,Steven,Richardson,Doctor 10,2023-10-07
P0946,Jonathan,Collins,Doctor 94,2023-10-07
P1002,Kathleen,Bennett,Doctor 64,2023-10-07
P1113,Deborah,Perez,Doctor 53,2023-10-07
P1170,Sandra,Baker,Doctor 74,2023-10-07
P1249,William,Hall,Doctor 13,2023-10-07
P1277,Laura,Thomas,Doctor 73,2023-10-07
P1335,Gary,Hughes,Doctor 86,2023-10-07
P1346,Sharon,Rogers,Doctor 30,2023-10-07
P1425,Sarah,Ramos,Doctor 84,2023-10-07
P1532,Betty,Murphy,Doctor 93,2023-10-07
P1563,Angela,Patel,Doctor 77,2023-10-07
P1725,Scott,Sanchez,Doctor 80,2023-10-07
P1896,Jeffrey,Mendoza,Doctor 74,2023-10-07
P2277,Brenda,Patel,Doctor 14,2023-10-07
P2299,Mary,Wood,Doctor 87,2023-10-07
P0034,Joseph,Nelson,Doctor 30,2023-10-08
P0062,Joshua,Reyes,Doctor 29,2023-10-08
P0121,Patricia,Castillo,Doctor 72,2023-10-08
P0315,Joshua,Cruz,Doctor 25,2023-10-08
P0469,Patricia,Harris,Doctor 30,2023-10-08
P0595,Jonathan,Kelly,Doctor 36,2023-10-08
P0654,Ruth,Stewart,Doctor 84,2023-10-08
P0752,Ronald,Morgan,Doctor 54,2023-10-08
P0809,Nicholas,Myers,Doctor 64,2023-10-08
P0926,Jacob,Cooper,Doctor 95,2023-10-08
P1013,Frank,Ward,Doctor 80,2023-10-08
P1182,Andrew,Peterson,Doctor 41,2023-10-08
P1243,Justin,Moore,Doctor 68,2023-10-08
P1330,Ryan,Thomas,Doctor 43,2023-10-08
P1331,Lisa,Watson,Doctor 15,2023-10-08
P1368,Kenneth,Reyes,Doctor 13,2023-10-08
P1403,Jason,Nelson,Doctor 89,2023-10-08
P1491,Raymond,Myers,Doctor 65,2023-10-08
P1502,Kevin,King,Doctor 80,2023-10-08
P1505,Frank,Rodriguez,Doctor 81,2023-10-08
P1591,Scott,Robinson,Doctor 32,2023-10-08
P1624,Rebecca,Mendoza,Doctor 12,2023-10-08
P1727,Karen,Stewart,Doctor 34,2023-10-08
P2007,Gary,Sanders,Doctor 87,2023-10-08
P2030,Betty,Morgan,Doctor 90,2023-10-08
P2166,Sarah,Lewis,Doctor 73,2023-10-08
P2194,Larry,Hernandez,Doctor 61,2023-10-08
P0215,Nancy,Gutierrez,Doctor 95,2023-10-09
P0299,Aaron,Ward,Doctor 94,2023-10-09
P0315,Joshua,Cruz,Doctor 25,2023-10-09
P0333,Deborah,Anderson,Doctor 24,2023-10-09
P0334,Barbara,Collins,Doctor 55,2023-10-09
P0366,James,Lopez,Doctor 10,2023-10-09
P0452,Ronald,Kelly,Doctor 60,2023-10-09
P0618,Ruth,Wilson,Doctor 37,2023-10-09
P0688,Cynthia,Cook,Doctor 87,2023-10-09
P0732,Joseph,Green,Doctor 33,2023-10-09
P0862,Dorothy,Gray,Doctor 8,2023-10-09
P1002,Kathleen,Bennett,Doctor 64,2023-10-09
P1013,Frank,Ward,Doctor 80,2023-10-09
P1042,Lisa,Hall,Doctor 61,2023-10-09
P1077,Sandra,Castillo,Doctor 93,2023-10-09
P1188,Kathleen,Wood,Doctor 21,2023-10-09
P1288,Jessica,Kim,Doctor 71,2023-10-09
P1297,Robert,Turner,Doctor 55,2023-10-09
P1360,Donna,Rivera,Doctor 50,2023-10-09
P1391,Michelle,Campbell,Doctor 78,2023-10-09
P1486,Samuel,Cruz,Doctor 4,2023-10-09
P1573,Carol,Lewis,Doctor 21,2023-10-09
P1591,Scott,Robinson,Doctor 32,2023-10-09
P1667,Thomas,Walker,Doctor 27,2023-10-09
P1804,Donna,Clark,Doctor 53,2023-10-09
P1822,Frank,Moore,Doctor 61,2023-10-09
P1887,Betty,James,Doctor 54,2023-10-09
P1967,Ronald,Moore,Doctor 43,2023-10-09
P2046,George,Walker,Doctor 28,2023-10-09
P2067,Donald,Ortiz,Doctor 34,2023-10-09
P0046,Anthony,Gonzalez,Doctor 62,2023-10-10
P0114,Anna,Smith,Doctor 17,2023-10-10
P0206,Tyler,Morris,Doctor 17,2023-10-10
P0224,Brian,Adams,Doctor 38,2023-10-10
P0259,Helen,Collins,Doctor 47,2023-10-10
P0285,Jason,Edwards,Doctor 69,2023-10-10
P0306,Gary,Howard,Doctor 64,2023-10-10
P0485,Gregory,Reed,Doctor 17,2023-10-10
P0576,Nicholas,Cruz,Doctor 8,2023-10-10
P0586,Dorothy,James,Doctor 92,2023-10-10
P0664,Thomas,Moore,Doctor 73,2023-10-10
P0717,Kevin,Howard,Doctor 41,2023-10-10
P0912,Kimberly,Cook,Doctor 27,2023-10-10
P0992,Anthony,Wilson,Doctor 59,2023-10-10
P1025,Mary,Miller,Doctor 55,2023-10-10
P1072,Charles,Rogers,Doctor 45,2023-10-10
P1109,Jennifer,Cooper,Doctor 92,2023-10-10
P1119,Patricia,Murphy,Doctor 100,2023-10-10
P1140,Tyler,Walker,Doctor 9,2023-10-10
P1175,Sharon,Alvarez,Doctor 82,2023-10-10
P1234,Larry,Brown,Doctor 43,2023-10-10
P1256,Jessica,Cox,Doctor 35,2023-10-10
P1269,Joshua,Morgan,Doctor 18,2023-10-10
P1375,David,Brooks,Doctor 10,2023-10-10
P1545,Gary,Nguyen,Doctor 23,2023-10-10
P1553,Kenneth,Green,Doctor 2,2023-10-10
P1555,Brian,Thomas,Doctor 56,2023-10-10
P1633,George,King,Doctor 20,2023-10-10
P1663,Michelle,Cox,Doctor 37,2023-10-10
P1692,Jose,Gonzalez,Doctor 50,2023-10-10
P1725,Scott,Sanchez,Doctor 80,2023-10-10
P1795,Elizabeth,Thompson,Doctor 32,2023-10-10
P1831,Sarah,Hernandez,Doctor 31,2023-10-10
P1901,Elizabeth,Ortiz,Doctor 54,2023-10-10
P1906,Sharon,Davis,Doctor 29,2023-10-10
P1943,John,White,Doctor 69,2023-10-10
P1994,Carol,Evans,Doctor 10,2023-10-10
P1995,Justin,Martinez,Doctor 34,2023-10-10
P2012,Kathleen,Flores,Doctor 71,2023-10-10
P2088,Ruth,Murphy,Doctor 42,2023-10-10
P2177,Brenda,Walker,Doctor 100,2023-10-10
P2199,Frank,Anderson,Doctor 29,2023-10-10
P2206,Anna,James,Doctor 88,2023-10-10
P2264,Kathleen,Nelson,Doctor 51,2023-10-10
P2274,Jonathan,Scott,Doctor 58,2023-10-10
P2278,Karen,Martinez,Doctor 7,2023-10-10
P0001,Thomas,Wood,Doctor 46,2023-10-11
P0036,Karen,Chavez,Doctor 48,2023-10-11
P0061,Brenda,Torres,Doctor 27,2023-10-11
P0078,Ruth,Gonzalez,Doctor 40,2023-10-11
P0082,Jeffrey,Alvarez,Doctor 52,2023-10-11
P0160,Deborah,Morgan,Doctor 75,2023-10-11
P0171,Michelle,Davis,Doctor 93,2023-10-11
P0254,Melissa,Wood,Doctor 56,2023-10-11
P0269,Dorothy,Ruiz,Doctor 74,2023-10-11
P0273,David,Anderson,Doctor 86,2023-10-11
P0374,Linda,Scott,Doctor 70,2023-10-11
P0408,Ruth,Brooks,Doctor 21,2023-10-11
P0434,Laura,Ortiz,Doctor 91,2023-10-11
P0625,Charles,Hall,Doctor 48,2023-10-11
P0727,Deborah,Williams,Doctor 27,2023-10-11
P0855,Charles,Watson,Doctor 82,2023-10-11
P0916,Kimberly,Gomez,Doctor 75,2023-10-11
P0963,Benjamin,Stewart,Doctor 40,2023-10-11
P1008,Jose,Turner,Doctor 27,2023-10-11
P1047,Ryan,Kelly,Doctor 61,2023-10-11
P1166,Gregory,Thompson,Doctor 62,2023-10-11
P1200,Virginia,Watson,Doctor 31,2023-10-11
P1330,Ryan,Thomas,Doctor 43,2023-10-11
P1344,Ruth,Cox,Doctor 91,2023-10-11
P1359,Patricia,Brooks,Doctor 64,2023-10-11
P1439,Mark,Brown,Doctor 76,2023-10-11
P1610,Sandra,Edwards,Doctor 58,2023-10-11
P1676,Aaron,Evans,Doctor 72,2023-10-11
P1729,Brandon,Edwards,Doctor 32,2023-10-11
P2082,Shirley,Carter,Doctor 22,2023-10-11
P2145,Stephen,Rodriguez,Doctor 53,2023-10-11
P0061,Brenda,Torres,Doctor 27,2023-10-12
P0091,Richard,Cruz,Doctor 30,2023-10-12
P0239,Sarah,Williams,Doctor 32,2023-10-12
P0452,Ronald,Kelly,Doctor 22,2023-10-12
P0457,Carol,Hall,Doctor 9,2023-10-12
P0463,Jeffrey,Sanchez,Doctor 8,2023-10-12
P0554,Sarah,Ortiz,Doctor 53,2023-10-12
P0558,Jeffrey,Adams,Doctor 32,2023-10-12
P0635,Sharon,Wood,Doctor 98,2023-10-12
P0657,James,Price,Doctor 98,2023-10-12
P0662,Daniel,Reed,Doctor 91,2023-10-12
P0728,Jack,Martinez,Doctor 22,2023-10-12
P0856,John,Rodriguez,Doctor 58,2023-10-12
P0862,Dorothy,Gray,Doctor 60,2023-10-12
P0896,Michelle,Morris,Doctor 17,2023-10-12
P0909,Benjamin,Turner,Doctor 55,2023-10-12
P0954,Michelle,Walker,Doctor 80,2023-10-12
P1087,Angela,Gray,Doctor 7,2023-10-12
P1106,Thomas,Campbell,Doctor 14,2023-10-12
P1110,Barbara,Gutierrez,Doctor 91,2023-10-12
P1161,Nancy,Anderson,Doctor 65,2023-10-12
P1184,Benjamin,Ramirez,Doctor 48,2023-10-12
P1300,Jerry,Smith,Doctor 80,2023-10-12
P1339,Matthew,Parker,Doctor 69,2023-10-12
P1368,Kenneth,Reyes,Doctor 13,2023-10-12
P1509,Carol,Wood,Doctor 4,2023-10-12
P1581,Barbara,Rogers,Doctor 7,2023-10-12
P1630,Lisa,Hernandez,Doctor 66,2023-10-12
P1686,Alexander,Kelly,Doctor 8,2023-10-12
P1742,Timothy,Patel,Doctor 2,2023-10-12
P1980,Sandra,Stewart,Doctor 62,2023-10-12
P1995,Justin,Martinez,Doctor 23,2023-10-12
P2009,Emma,Brooks,Doctor 77,2023-10-12
P2026,Gregory,Cruz,Doctor 40,2023-10-12
P2079,Patrick,Kim,Doctor 50,2023-10-12
P2253,William,Wilson,Doctor 24,2023-10-12
P2289,Ryan,Patel,Doctor 97,2023-10-12
P0009,Kimberly,Lewis,Doctor 20,2023-10-13
P0011,Joshua,Turner,Doctor 85,2023-10-13
P0062,Joshua,Reyes,Doctor 76,2023-10-13
P0074,Emma,Gutierrez,Doctor 22,2023-10-13
P0174,Timothy,Sanchez,Doctor 9,2023-10-13
P0176,Laura,Anderson,Doctor 83,2023-10-13
P0253,Laura,Smith,Doctor 76,2023-10-13
P0254,Melissa,Wood,Doctor 56,2023-10-13
P0321,Brandon,Castillo,Doctor 98,2023-10-13
P0346,Kathleen,Hughes,Doctor 62,2023-10-13
P0413,Charles,Harris,Doctor 58,2023-10-13
P0417,Sharon,Clark,Doctor 70,2023-10-13
P0455,William,Baker,Doctor 23,2023-10-13
P0466,Sandra,Wright,Doctor 19,2023-10-13
P0488,Michelle,Robinson,Doctor 91,2023-10-13
P0594,Brenda,Martinez,Doctor 86,2023-10-13
P0707,Lisa,Gray,Doctor 93,2023-10-13
P0750,Cynthia,Hall,Doctor 98,2023-10-13
P0823,Ruth,Reyes,Doctor 77,2023-10-13
P0905,Jacob,Taylor,Doctor 21,2023-10-13
P1264,Ryan,King,Doctor 84,2023-10-13
P1277,Laura,Thomas,Doctor 1,2023-10-13
P1326,Melissa,Nguyen,Doctor 84,2023-10-13
P1383,Ruth,Wood,Doctor 81,2023-10-13
P1401,David,Lewis,Doctor 77,2023-10-13
P1412,Rebecca,Roberts,Doctor 66,2023-10-13
P1422,Kenneth,Hill,Doctor 63,2023-10-13
P1484,Scott,Hughes,Doctor 83,2023-10-13
P1518,Deborah,Reyes,Doctor 27,2023-10-13
P1526,Kenneth,Martin,Doctor 24,2023-10-13
P1570,Jessica,Diaz,Doctor 58,2023-10-13
P1584,Barbara,White,Doctor 57,2023-10-13
P1647,Sharon,Gomez,Doctor 5,2023-10-13
P1734,Michelle,Martinez,Doctor 58,2023-10-13
P1768,Frank,Hughes,Doctor 7,2023-10-13
P1808,Donald,Cooper,Doctor 45,2023-10-13
P1813,Laura,Jackson,Doctor 88,2023-10-13
P1959,Karen,Kelly,Doctor 99,2023-10-13
P2031,Joseph,Rodriguez,Doctor 8,2023-10-13
P2082,Shirley,Carter,Doctor 31,2023-10-13
P2092,Thomas,Smith,Doctor 52,2023-10-13
P2150,Scott,Walker,Doctor 27,2023-10-13
P2185,Steven,Taylor,Doctor 28,2023-10-13
P2271,Lisa,Rogers,Doctor 56,2023-10-13
P0195,Deborah,Stewart,Doctor 3,2023-10-14
P0197,Cynthia,Perez,Doctor 29,2023-10-14
P0279,Karen,Martin,Doctor 78,2023-10-14
P0338,Andrew,Hall,Doctor 23,2023-10-14
P0367,Thomas,Hill,Doctor 98,2023-10-14
P0422,Jason,Ward,Doctor 76,2023-10-14
P0444,Scott,Allen,Doctor 68,2023-10-14
P0487,Laura,Mitchell,Doctor 69,2023-10-14
P0521,Helen,Allen,Doctor 66,2023-10-14
P0571,Karen,Wright,Doctor 4,2023-10-14
P0579,Timothy,Gonzalez,Doctor 96,2023-10-14
P0608,Robert,Ramos,Doctor 96,2023-10-14
P0739,Linda,Lee,Doctor 99,2023-10-14
P0921,Lisa,Scott,Doctor 46,2023-10-14
P1043,Christopher,Rivera,Doctor 30,2023-10-14
P1118,Nancy,Edwards,Doctor 41,2023-10-14
P1145,Sarah,Nelson,Doctor 9,2023-10-14
P1277,Laura,Thomas,Doctor 1,2023-10-14
P1422,Kenneth,Hill,Doctor 60,2023-10-14
P1449,James,Allen,Doctor 54,2023-10-14
P1458,Anthony,Harris,Doctor 18,2023-10-14
P1609,Ruth,Myers,Doctor 22,2023-10-14
P1816,Lisa,Phillips,Doctor 98,2023-10-14
P1893,Amy,Richardson,Doctor 19,2023-10-14
P1903,Karen,Thomas,Doctor 1,2023-10-14
P2022,Kevin,Kelly,Doctor 32,2023-10-14
P2109,Jacob,Thompson,Doctor 34,2023-10-14
P2195,Scott,Clark,Doctor 97,2023-10-14
P2287,Dennis,Wood,Doctor 79,2023-10-14
P0004,Gregory,Morgan,Doctor 87,2023-10-15
P0014,Patrick,Walker,Doctor 87,2023-10-15
P0027,Sarah,Diaz,Doctor 43,2023-10-15
P0040,Michelle,Adams,Doctor 87,2023-10-15
P0174,Timothy,Sanchez,Doctor 9,2023-10-15
P0178,Patricia,Martinez,Doctor 5,2023-10-15
P0334,Barbara,Collins,Doctor 55,2023-10-15
P0379,Justin,Nguyen,Doctor 50,2023-10-15
P0436,Karen,Roberts,Doctor 24,2023-10-15
P0795,Patrick,Torres,Doctor 56,2023-10-15
P0943,Donna,Alvarez,Doctor 80,2023-10-15
P1029,Larry,Rivera,Doctor 3,2023-10-15
P1154,Jacob,Jackson,Doctor 67,2023-10-15
P1194,Andrew,Nelson,Doctor 34,2023-10-15
P1201,Mark,Sanchez,Doctor 73,2023-10-15
P1417,Joseph,Lewis,Doctor 86,2023-10-15
P1477,Lisa,Thompson,Doctor 67,2023-10-15
P1515,Edward,Turner,Doctor 77,2023-10-15
P1552,Ronald,Williams,Doctor 81,2023-10-15
P1604,Donald,Lee,Doctor 16,2023-10-15
P1632,Scott,Taylor,Doctor 30,2023-10-15
P1725,Scott,Sanchez,Doctor 80,2023-10-15
P1785,Susan,Diaz,Doctor 57,2023-10-15
P2008,Gregory,Ruiz,Doctor 34,2023-10-15
P2008,Gregory,Ruiz,Doctor 55,2023-10-15
P2021,George,Scott,Doctor 2,2023-10-15
P2043,Laura,Hall,Doctor 37,2023-10-15
P2084,Jonathan,Adams,Doctor 48,2023-10-15
P2105,Mary,Gonzalez,Doctor 100,2023-10-15
P2146,Samuel,Green,Doctor 68,2023-10-15
P2170,Helen,Phillips,Doctor 77,2023-10-15
P2178,Emma,Collins,Doctor 89,2023-10-15
P2285,Melissa,Kim,Doctor 29,2023-10-15
P0011,Joshua,Turner,Doctor 59,2023-10-16
P0063,Ronald,Young,Doctor 88,2023-10-16
P0221,Jerry,Edwards,Doctor 86,2023-10-16
P0272,Betty,Ramos,Doctor 53,2023-10-16
P0314,Larry,Davis,Doctor 26,2023-10-16
P0420,Thomas,Castillo,Doctor 48,2023-10-16
P0509,Tyler,Scott,Doctor 93,2023-10-16
P0561,Gary,Murphy,Doctor 9,2023-10-16
P0565,Jeffrey,Perez,Doctor 45,2023-10-16
P0649,Brian,Carter,Doctor 41,2023-10-16
P0739,Linda,Lee,Doctor 99,2023-10-16
P1080,Kevin,Green,Doctor 64,2023-10-16
P1129,Sharon,Morris,Doctor 75,2023-10-16
P1191,Ruth,Bailey,Doctor 64,2023-10-16
P1285,Deborah,Phillips,Doctor 23,2023-10-16
P1290,Carol,Brooks,Doctor 56,2023-10-16
P1398,Robert,Murphy,Doctor 89,2023-10-16
P1468,Timothy,Lopez,Doctor 4,2023-10-16
P1642,Kenneth,Murphy,Doctor 99,2023-10-16
P1739,Brenda,Jackson,Doctor 47,2023-10-16
P2014,Sandra,Scott,Doctor 83,2023-10-16
P2203,James,Thomas,Doctor 43,2023-10-16
P2240,Michelle,Ramos,Doctor 61,2023-10-16
P2267,Sandra,Martinez,Doctor 15,2023-10-16
P2281,William,Richardson,Doctor 11,2023-10-16
P0056,Christopher,Roberts,Doctor 11,2023-10-17
P0060,George,Campbell,Doctor 50,2023-10-17
P0130,Kenneth,Kelly,Doctor 5,2023-10-17
P0177,Melissa,Campbell,Doctor 95,2023-10-17
P0185,Amy,Moore,Doctor 6,2023-10-17
P0199,Aaron,Baker,Doctor 21,2023-10-17
P0241,Thomas,Cruz,Doctor 18,2023-10-17
P0266,Dorothy,Gonzalez,Doctor 35,2023-10-17
P0269,Dorothy,Ruiz,Doctor 66,2023-10-17
P0302,Scott,Phillips,Doctor 32,2023-10-17
P0664,Thomas,Moore,Doctor 63,2023-10-17
P0699,Karen,Diaz,Doctor 100,2023-10-17
P0959,Benjamin,Murphy,Doctor 66,2023-10-17
P1005,Barbara,Smith,Doctor 68,2023-10-17
P1025,Mary,Miller,Doctor 55,2023-10-17
P1054,Sarah,Clark,Doctor 61,2023-10-17
P1063,Shirley,Cox,Doctor 1,2023-10-17
P1137,Sharon,Jones,Doctor 60,2023-10-17
P1147,Daniel,Gutierrez,Doctor 33,2023-10-17
P1187,Samuel,Diaz,Doctor 39,2023-10-17
P1200,Virginia,Watson,Doctor 31,2023-10-17
P1201,Mark,Sanchez,Doctor 73,2023-10-17
P1370,Jerry,Roberts,Doctor 31,2023-10-17
P1537,Lisa,Cook,Doctor 79,2023-10-17
P1711,Stephen,Gray,Doctor 62,2023-10-17
P1741,Jose,Price,Doctor 6,2023-10-17
P1777,Jerry,Ward,Doctor 68,2023-10-17
P1812,Donna,Moore,Doctor 66,2023-10-17
P1928,Barbara,Carter,Doctor 34,2023-10-17
P1945,Ruth,Gutierrez,Doctor 67,2023-10-17
P1977,Cynthia,Patel,Doctor 36,2023-10-17
P2062,James,Anderson,Doctor 47,2023-10-17
P2062,James,Anderson,Doctor 47,2023-10-17
P2078,Michelle,Evans,Doctor 3,2023-10-17
P2191,Ruth,Parker,Doctor 80,2023-10-17
P2297,Cynthia,Williams,Doctor 46,2023-10-17
P0008,Barbara,Campbell,Doctor 42,2023-10-18
P0096,Kimberly,Flores,Doctor 20,2023-10-18
P0137,Patricia,Clark,Doctor 55,2023-10-18
P0141,Deborah,Scott,Doctor 95,2023-10-18
P0164,Donna,Martinez,Doctor 82,2023-10-18
P0250,Lisa,Carter,Doctor 1,2023-10-18
P0527,Thomas,Lee,Doctor 68,2023-10-18
P0551,Dorothy,Evans,Doctor 89,2023-10-18
P0575,Mark,Morgan,Doctor 60,2023-10-18
P0629,Helen,Mitchell,Doctor 1,2023-10-18
P0651,Amy,Lee,Doctor 19,2023-10-18
P0692,Amy,Brown,Doctor 64,2023-10-18
P0796,Jennifer,Parker,Doctor 68,2023-10-18
P0940,Jessica,Chavez,Doctor 10,2023-10-18
P1035,George,Garcia,Doctor 40,2023-10-18
P1073,Andrew,Thompson,Doctor 23,2023-10-18
P1087,Angela,Gray,Doctor 7,2023-10-18
P1430,Elizabeth,Martinez,Doctor 86,2023-10-18
P1623,Shirley,Rogers,Doctor 94,2023-10-18
P1642,Kenneth,Murphy,Doctor 54,2023-10-18
P1701,Samuel,Parker,Doctor 75,2023-10-18
P1709,Jennifer,Garcia,Doctor 45,2023-10-18
P1801,Frank,Carter,Doctor 36,2023-10-18
P1877,Brian,Turner,Doctor 62,2023-10-18
P2069,Sharon,Phillips,Doctor 15,2023-10-18
P2080,Ruth,Harris,Doctor 56,2023-10-18
P2283,Gregory,Cook,Doctor 66,2023-10-18
P0014,Patrick,Walker,Doctor 87,2023-10-19
P0015,Betty,Richardson,Doctor 88,2023-10-19
P0166,Ruth,Edwards,Doctor 39,2023-10-19
P0186,Stephen,Morales,Doctor 59,2023-10-19
P0334,Barbara,Collins,Doctor 55,2023-10-19
P0351,Emma,Jones,Doctor 27,2023-10-19
P0502,Emma,Cook,Doctor 48,2023-10-19
P0644,Stephen,Price,Doctor 30,2023-10-19
P0743,Joshua,Sanders,Doctor 91,2023-10-19
P0881,Michael,Murphy,Doctor 68,2023-10-19
P0926,Jacob,Cooper,Doctor 95,2023-10-19
P0944,Jason,Collins,Doctor 16,2023-10-19
P0974,Sandra,Ramos,Doctor 80,2023-10-19
P1028,Jason,Thomas,Doctor 96,2023-10-19
P1285,Deborah,Phillips,Doctor 23,2023-10-19
P1437,Helen,Castillo,Doctor 31,2023-10-19
P1496,Larry,Clark,Doctor 88,2023-10-19
P1506,Kathleen,Edwards,Doctor 44,2023-10-19
P1549,Patrick,King,Doctor 24,2023-10-19
P1646,Virginia,Hernandez,Doctor 90,2023-10-19
P1723,Anthony,Johnson,Doctor 99,2023-10-19
P1841,Kimberly,Walker,Doctor 10,2023-10-19
P1951,Gregory,Young,Doctor 34,2023-10-19
P1998,Sharon,Hill,Doctor 68,2023-10-19
P2025,Nancy,Lopez,Doctor 36,2023-10-19
P2082,Shirley,Carter,Doctor 31,2023-10-19
P2107,Stephen,Baker,Doctor 60,2023-10-19
P2210,Jessica,Harris,Doctor 4,2023-10-19
P2290,Kevin,Nguyen,Doctor 81,2023-10-19
P0060,George,Campbell,Doctor 50,2023-10-20
P0087,Kevin,Morris,Doctor 21,2023-10-20
P0123,Brenda,White,Doctor 65,2023-10-20
P0196,Patricia,Miller,Doctor 97,2023-10-20
P0344,Emma,Ruiz,Doctor 47,2023-10-20
P0355,Jerry,Clark,Doctor 43,2023-10-20
P0411,Jennifer,Young,Doctor 16,2023-10-20
P0427,David,Wilson,Doctor 57,2023-10-20
P0444,Scott,Allen,Doctor 68,2023-10-20
P0475,Jose,Garcia,Doctor 85,2023-10-20
P0632,Jessica,Garcia,Doctor 86,2023-10-20
P0645,Donald,Martin,Doctor 52,2023-10-20
P0701,Larry,Edwards,Doctor 57,2023-10-20
P0738,Aaron,Howard,Doctor 93,2023-10-20
P0756,Betty,Myers,Doctor 87,2023-10-20
P0781,Scott,Lewis,Doctor 47,2023-10-20
P0859,Aaron,Ramos,Doctor 38,2023-10-20
P0950,Daniel,Alvarez,Doctor 4,2023-10-20
P1023,Joseph,Torres,Doctor 71,2023-10-20
P1212,Samuel,Torres,Doctor 61,2023-10-20
P1281,Ruth,Roberts,Doctor 66,2023-10-20
P1281,Ruth,Roberts,Doctor 66,2023-10-20
P1292,Jerry,Rodriguez,Doctor 46,2023-10-20
P1295,Joseph,Gonzalez,Doctor 10,2023-10-20
P1337,George,Gomez,Doctor 53,2023-10-20
P1378,Ruth,Martin,Doctor 34,2023-10-20
P1397,Thomas,Carter,Doctor 74,2023-10-20
P1439,Mark,Brown,Doctor 76,2023-10-20
P1482,Jennifer,Lopez,Doctor 53,2023-10-20
P1507,Sandra,Martin,Doctor 17,2023-10-20
P1687,Rebecca,Williams,Doctor 22,2023-10-20
P1774,Helen,Martin,Doctor 23,2023-10-20
P1799,Eric,Lee,Doctor 26,2023-10-20
P1971,David,Ramos,Doctor 98,2023-10-20
P2296,Dorothy,Harris,Doctor 12,2023-10-20
P0011,Joshua,Turner,Doctor 59,2023-10-21
P0046,Anthony,Gonzalez,Doctor 62,2023-10-21
P0118,Barbara,Peterson,Doctor 37,2023-10-21
P0118,Barbara,Peterson,Doctor 37,2023-10-21
P0194,Michael,Robinson,Doctor 100,2023-10-21
P0245,Ruth,Martinez,Doctor 26,2023-10-21
P0432,Virginia,Evans,Doctor 61,2023-10-21
P0467,Jerry,Hall,Doctor 85,2023-10-21
P0589,Lisa,Mitchell,Doctor 45,2023-10-21
P0605,Benjamin,Reed,Doctor 4,2023-10-21
P0620,Cynthia,Gray,Doctor 97,2023-10-21
P0664,Thomas,Moore,Doctor 63,2023-10-21
P0671,Sandra,Gutierrez,Doctor 58,2023-10-21
P0710,Anna,Edwards,Doctor 61,2023-10-21
P0791,Justin,Watson,Doctor 94,2023-10-21
P1021,Mary,Bennett,Doctor 15,2023-10-21
P1260,Sarah,Ramirez,Doctor 47,2023-10-21
P1335,Gary,Hughes,Doctor 87,2023-10-21
P1447,Eric,Bennett,Doctor 83,2023-10-21
P1452,Helen,Baker,Doctor 56,2023-10-21
P1599,Patricia,Johnson,Doctor 68,2023-10-21
P1607,Aaron,Reyes,Doctor 26,2023-10-21
P1863,Angela,Gutierrez,Doctor 52,2023-10-21
P1864,Tyler,Nelson,Doctor 80,2023-10-21
P2265,Thomas,Perez,Doctor 57,2023-10-21
P2291,Jacob,Allen,Doctor 87,2023-10-21
P2302,Kimberly,Perez,Doctor 17,2023-10-21
P0062,Joshua,Reyes,Doctor 76,2023-10-22
P0067,Jessica,Robinson,Doctor 86,2023-10-22
P0137,Patricia,Clark,Doctor 16,2023-10-22
P0317,Gregory,Rodriguez,Doctor 26,2023-10-22
P0334,Barbara,Collins,Doctor 55,2023-10-22
P0480,Sandra,Rodriguez,Doctor 62,2023-10-22
P0521,Helen,Allen,Doctor 66,2023-10-22
P0530,Linda,Gomez,Doctor 46,2023-10-22
P0542,Michael,Nguyen,Doctor 96,2023-10-22
P0592,Lisa,Chavez,Doctor 86,2023-10-22
P0686,Kimberly,Morris,Doctor 20,2023-10-22
P0800,Daniel,Miller,Doctor 62,2023-10-22
P0858,Aaron,Alvarez,Doctor 84,2023-10-22
P1017,Jessica,Wilson,Doctor 49,2023-10-22
P1136,Brian,Perez,Doctor 72,2023-10-22
P1141,Donna,Williams,Doctor 61,2023-10-22
P1169,Justin,Gonzalez,Doctor 67,2023-10-22
P1179,Carol,Young,Doctor 35,2023-10-22
P1213,Steven,Stewart,Doctor 32,2023-10-22
P1313,Shirley,Perez,Doctor 61,2023-10-22
P1441,Ryan,Rogers,Doctor 7,2023-10-22
P1617,Patricia,Mitchell,Doctor 58,2023-10-22
P1735,Patricia,Mendoza,Doctor 64,2023-10-22
P1813,Laura,Jackson,Doctor 60,2023-10-22
P1841,Kimberly,Walker,Doctor 10,2023-10-22
P1866,Amy,Rogers,Doctor 70,2023-10-22
P1928,Barbara,Carter,Doctor 34,2023-10-22
P1954,Jacob,Alvarez,Doctor 58,2023-10-22
P2041,Barbara,Murphy,Doctor 25,2023-10-22
P2047,Nicholas,Stewart,Doctor 56,2023-10-22
P2162,Amy,Ruiz,Doctor 79,2023-10-22
P2167,William,Wright,Doctor 99,2023-10-22
P2217,Kimberly,Lee,Doctor 77,2023-10-22
P2236,Jose,Murphy,Doctor 73,2023-10-22
P0070,Shirley,Gonzalez,Doctor 13,2023-10-23
P0458,Gary,Mendoza,Doctor 54,2023-10-23
P0492,Christopher,Martin,Doctor 4,2023-10-23
P0610,Stephen,Myers,Doctor 31,2023-10-23
P0622,Susan,Hill,Doctor 78,2023-10-23
P0864,Jessica,Turner,Doctor 51,2023-10-23
P0880,Timothy,Scott,Doctor 74,2023-10-23
P0901,Sandra,Rogers,Doctor 92,2023-10-23
P0953,Kimberly,Carter,Doctor 10,2023-10-23
P0963,Benjamin,Stewart,Doctor 65,2023-10-23
P1108,Michelle,Wright,Doctor 36,2023-10-23
P1180,Amy,Reyes,Doctor 23,2023-10-23
P1314,Ruth,Thompson,Doctor 12,2023-10-23
P1474,Jessica,Thomas,Doctor 8,2023-10-23
P1517,Jacob,Harris,Doctor 38,2023-10-23
P1551,Mark,James,Doctor 66,2023-10-23
P1567,Sarah,Allen,Doctor 3,2023-10-23
P1582,Rebecca,Gomez,Doctor 81,2023-10-23
P1658,Laura,Johnson,Doctor 46,2023-10-23
P1665,Charles,Patel,Doctor 96,2023-10-23
P1781,Anna,Adams,Doctor 78,2023-10-23
P1814,Sandra,Nelson,Doctor 19,2023-10-23
P1890,Eric,Garcia,Doctor 31,2023-10-23
P1953,Linda,Harris,Doctor 47,2023-10-23
P1973,Frank,Bennett,Doctor 61,2023-10-23
P2092,Thomas,Smith,Doctor 26,2023-10-23
P2193,Nancy,Campbell,Doctor 77,2023-10-23
P0060,George,Campbell,Doctor 50,2023-10-24
P0130,Kenneth,Kelly,Doctor 5,2023-10-24
P0203,Laura,King,Doctor 26,2023-10-24
P0350,Michelle,Mendoza,Doctor 15,2023-10-24
P0471,Thomas,Gomez,Doctor 62,2023-10-24
P0475,Jose,Garcia,Doctor 85,2023-10-24
P0616,Eric,Ruiz,Doctor 83,2023-10-24
P0777,Daniel,Harris,Doctor 99,2023-10-24
P0785,Joseph,Cruz,Doctor 55,2023-10-24
P0943,Donna,Alvarez,Doctor 80,2023-10-24
P1100,Amy,Jackson,Doctor 67,2023-10-24
P1148,Frank,Thompson,Doctor 14,2023-10-24
P1161,Nancy,Anderson,Doctor 100,2023-10-24
P1167,Robert,Reyes,Doctor 52,2023-10-24
P1189,Michael,Rivera,Doctor 88,2023-10-24
P1331,Lisa,Watson,Doctor 78,2023-10-24
P1386,Carol,Jones,Doctor 41,2023-10-24
P1489,Anna,Castillo,Doctor 78,2023-10-24
P1537,Lisa,Cook,Doctor 79,2023-10-24
P1591,Scott,Robinson,Doctor 32,2023-10-24
P1728,Barbara,Garcia,Doctor 59,2023-10-24
P1764,Sandra,Williams,Doctor 94,2023-10-24
P1866,Amy,Rogers,Doctor 70,2023-10-24
P1868,Nancy,Richardson,Doctor 19,2023-10-24
P1910,Michael,Wilson,Doctor 40,2023-10-24
P1978,Sarah,Taylor,Doctor 66,2023-10-24
P2013,Helen,Peterson,Doctor 19,2023-10-24
P2061,Angela,Ramos,Doctor 46,2023-10-24
P0139,Karen,Mitchell,Doctor 80,2023-10-25
P0179,Laura,Torres,Doctor 42,2023-10-25
P0254,Melissa,Wood,Doctor 18,2023-10-25
P0401,Jessica,Ruiz,Doctor 40,2023-10-25
P0477,Larry,Myers,Doctor 93,2023-10-25
P0534,Nicholas,Wood,Doctor 14,2023-10-25
P0545,Justin,Martin,Doctor 19,2023-10-25
P0567,Anthony,Young,Doctor 1,2023-10-25
P0570,Mary,Hill,Doctor 13,2023-10-25
P0884,Dorothy,Sanchez,Doctor 76,2023-10-25
P0886,Sandra,Reed,Doctor 2,2023-10-25
P1000,Edward,Phillips,Doctor 49,2023-10-25
P1030,Jacob,King,Doctor 16,2023-10-25
P1041,Betty,Collins,Doctor 60,2023-10-25
P1222,Larry,Jones,Doctor 34,2023-10-25
P1227,Raymond,Phillips,Doctor 41,2023-10-25
P1416,Jack,Garcia,Doctor 35,2023-10-25
P1468,Timothy,Lopez,Doctor 4,2023-10-25
P1483,Edward,Ortiz,Doctor 84,2023-10-25
P1547,Sarah,Mitchell,Doctor 5,2023-10-25
P1558,Robert,Ortiz,Doctor 2,2023-10-25
P1672,Patrick,Moore,Doctor 98,2023-10-25
P1735,Patricia,Mendoza,Doctor 8,2023-10-25
P1746,Linda,Lewis,Doctor 4,2023-10-25
P1832,Thomas,Torres,Doctor 48,2023-10-25
P1857,Donald,Davis,Doctor 45,2023-10-25
P2263,Robert,Campbell,Doctor 48,2023-10-25
P0034,Joseph,Nelson,Doctor 72,2023-10-26
P0142,Gary,Wilson,Doctor 87,2023-10-26
P0304,Melissa,Morgan,Doctor 94,2023-10-26
P0341,Donald,Patel,Doctor 33,2023-10-26
P0646,Donna,Diaz,Doctor 19,2023-10-26
P0690,Charles,Lee,Doctor 40,2023-10-26
P0780,Laura,White,Doctor 94,2023-10-26
P0816,Lisa,Smith,Doctor 72,2023-10-26
P0898,Gary,Ortiz,Doctor 20,2023-10-26
P1017,Jessica,Wilson,Doctor 49,2023-10-26
P1048,Jason,Williams,Doctor 30,2023-10-26
P1055,Rebecca,Wood,Doctor 80,2023-10-26
P1060,Eric,Richardson,Doctor 93,2023-10-26
P1128,Betty,Chavez,Doctor 16,2023-10-26
P1154,Jacob,Jackson,Doctor 78,2023-10-26
P1219,Dennis,Baker,Doctor 65,2023-10-26
P1243,Justin,Moore,Doctor 68,2023-10-26
P1256,Jessica,Cox,Doctor 35,2023-10-26
P1260,Sarah,Ramirez,Doctor 47,2023-10-26
P1333,Robert,Wilson,Doctor 42,2023-10-26
P1372,Christopher,Sanchez,Doctor 68,2023-10-26
P1424,Jerry,Baker,Doctor 74,2023-10-26
P1476,Sharon,Morgan,Doctor 2,2023-10-26
P1578,Karen,Reyes,Doctor 9,2023-10-26
P1625,Daniel,Rodriguez,Doctor 82,2023-10-26
P1629,Amy,Watson,Doctor 24,2023-10-26
P1642,Kenneth,Murphy,Doctor 54,2023-10-26
P1712,Jason,Garcia,Doctor 32,2023-10-26
P1799,Eric,Lee,Doctor 63,2023-10-26
P1911,Shirley,Ward,Doctor 86,2023-10-26
P1936,Cynthia,Ward,Doctor 32,2023-10-26
P1944,Dorothy,Cook,Doctor 7,2023-10-26
P2037,Mary,Alvarez,Doctor 20,2023-10-26
P2163,Samuel,Garcia,Doctor 42,2023-10-26
P2181,Larry,Peterson,Doctor 90,2023-10-26
P2263,Robert,Campbell,Doctor 80,2023-10-26
P2266,Jason,Roberts,Doctor 16,2023-10-26
P2291,Jacob,Allen,Doctor 87,2023-10-26
P0130,Kenneth,Kelly,Doctor 5,2023-10-27
P0182,Cynthia,Ortiz,Doctor 85,2023-10-27
P0287,Donna,Hughes,Doctor 78,2023-10-27
P0416,Kimberly,Ramos,Doctor 85,2023-10-27
P0555,Kimberly,Richardson,Doctor 5,2023-10-27
P0622,Susan,Hill,Doctor 78,2023-10-27
P0625,Charles,Hall,Doctor 48,2023-10-27
P0628,Laura,Watson,Doctor 21,2023-10-27
P0781,Scott,Lewis,Doctor 29,2023-10-27
P0849,Emma,Stewart,Doctor 58,2023-10-27
P0874,Thomas,James,Doctor 28,2023-10-27
P0944,Jason,Collins,Doctor 16,2023-10-27
P0982,Carol,Nguyen,Doctor 18,2023-10-27
P1016,Donald,King,Doctor 78,2023-10-27
P1058,Linda,Wilson,Doctor 35,2023-10-27
P1067,Justin,Young,Doctor 25,2023-10-27
P1135,Justin,Allen,Doctor 85,2023-10-27
P1199,Dennis,Walker,Doctor 57,2023-10-27
P1310,Nicholas,Gray,Doctor 72,2023-10-27
P1390,Eric,King,Doctor 19,2023-10-27
P1444,Christopher,James,Doctor 62,2023-10-27
P1538,Mary,Howard,Doctor 20,2023-10-27
P1562,Virginia,Rodriguez,Doctor 68,2023-10-27
P1586,Jose,Nelson,Doctor 46,2023-10-27
P1639,Eric,Allen,Doctor 32,2023-10-27
P1724,Carol,Flores,Doctor 21,2023-10-27
P1814,Sandra,Nelson,Doctor 19,2023-10-27
P2077,Samuel,Cox,Doctor 42,2023-10-27
P2079,Patrick,Kim,Doctor 50,2023-10-27
P2080,Ruth,Harris,Doctor 62,2023-10-27
P2135,Susan,Ramos,Doctor 19,2023-10-27
P2154,Helen,Smith,Doctor 14,2023-10-27
P2179,Elizabeth,Mendoza,Doctor 58,2023-10-27
P2269,Donald,Myers,Doctor 86,2023-10-27
P0028,Michelle,Hernandez,Doctor 48,2023-10-28
P0035,Raymond,White,Doctor 95,2023-10-28
P0076,Karen,Ramirez,Doctor 4,2023-10-28
P0090,Sarah,Morris,Doctor 52,2023-10-28
P0093,Lisa,Garcia,Doctor 13,2023-10-28
P0174,Timothy,Sanchez,Doctor 9,2023-10-28
P0343,Deborah,Wood,Doctor 6,2023-10-28
P0381,Eric,Chavez,Doctor 42,2023-10-28
P0480,Sandra,Rodriguez,Doctor 62,2023-10-28
P0497,Edward,Hall,Doctor 7,2023-10-28
P0588,Brandon,Gonzalez,Doctor 11,2023-10-28
P0708,Stephen,Peterson,Doctor 59,2023-10-28
P0776,Ruth,Cook,Doctor 80,2023-10-28
P0861,Steven,Richardson,Doctor 10,2023-10-28
P0922,Donald,Ramos,Doctor 46,2023-10-28
P0956,Gregory,Rivera,Doctor 39,2023-10-28
P0990,Helen,Brown,Doctor 71,2023-10-28
P1066,Anna,Young,Doctor 97,2023-10-28
P1122,Helen,Morris,Doctor 2,2023-10-28
P1226,Sharon,Lopez,Doctor 48,2023-10-28
P1255,Kathleen,James,Doctor 97,2023-10-28
P1332,Joshua,Parker,Doctor 75,2023-10-28
P1433,Brenda,Johnson,Doctor 11,2023-10-28
P1608,Eric,Morgan,Doctor 37,2023-10-28
P1667,Thomas,Walker,Doctor 88,2023-10-28
P1692,Jose,Gonzalez,Doctor 50,2023-10-28
P1695,Karen,Cook,Doctor 73,2023-10-28
P1720,Ryan,Alvarez,Doctor 44,2023-10-28
P1900,Kenneth,Myers,Doctor 24,2023-10-28
P2022,Kevin,Kelly,Doctor 32,2023-10-28
P2165,Ruth,Castillo,Doctor 51,2023-10-28
P2215,Amy,Anderson,Doctor 54,2023-10-28
P2221,Michelle,Morales,Doctor 40,2023-10-28
P2226,Susan,Hall,Doctor 95,2023-10-28
P2228,Sandra,Sanchez,Doctor 1,2023-10-28
P0092,Stephen,James,Doctor 91,2023-10-29
P0121,Patricia,Castillo,Doctor 72,2023-10-29
P0143,Ryan,Campbell,Doctor 29,2023-10-29
P0191,Robert,Hill,Doctor 36,2023-10-29
P0210,Larry,Thomas,Doctor 7,2023-10-29
P0427,David,Wilson,Doctor 57,2023-10-29
P0708,Stephen,Peterson,Doctor 59,2023-10-29
P0833,Samuel,Gray,Doctor 8,2023-10-29
P1027,Melissa,Martinez,Doctor 36,2023-10-29
P1119,Patricia,Murphy,Doctor 73,2023-10-29
P1156,Kevin,Murphy,Doctor 99,2023-10-29
P1190,Alexander,Hill,Doctor 29,2023-10-29
P1200,Virginia,Watson,Doctor 27,2023-10-29
P1240,Shirley,James,Doctor 35,2023-10-29
P1392,Dorothy,Wilson,Doctor 35,2023-10-29
P1397,Thomas,Carter,Doctor 63,2023-10-29
P1400,William,Martin,Doctor 36,2023-10-29
P1410,Nicholas,Clark,Doctor 69,2023-10-29
P1478,Carol,Ortiz,Doctor 30,2023-10-29
P1493,Richard,Reed,Doctor 9,2023-10-29
P1523,Brian,Price,Doctor 60,2023-10-29
P1525,Jerry,Ruiz,Doctor 96,2023-10-29
P1539,Mary,Phillips,Doctor 13,2023-10-29
P1544,Jeffrey,Patel,Doctor 46,2023-10-29
P1820,Steven,Nelson,Doctor 58,2023-10-29
P2092,Thomas,Smith,Doctor 19,2023-10-29
P2137,Karen,Lopez,Doctor 79,2023-10-29
P2228,Sandra,Sanchez,Doctor 1,2023-10-29
P0088,Andrew,Collins,Doctor 19,2023-10-30
P0112,Aaron,Jones,Doctor 88,2023-10-30
P0272,Betty,Ramos,Doctor 53,2023-10-30
P0343,Deborah,Wood,Doctor 6,2023-10-30
P0455,William,Baker,Doctor 23,2023-10-30
P0513,Karen,Ramos,Doctor 84,2023-10-30
P0541,Sandra,Alvarez,Doctor 51,2023-10-30
P0545,Justin,Martin,Doctor 19,2023-10-30
P0643,Ronald,Mendoza,Doctor 46,2023-10-30
P0820,Jose,Nguyen,Doctor 89,2023-10-30
P0948,Donald,Ramirez,Doctor 68,2023-10-30
P1033,Angela,Johnson,Doctor 33,2023-10-30
P1219,Dennis,Baker,Doctor 40,2023-10-30
P1305,Stephen,Davis,Doctor 100,2023-10-30
P1319,Benjamin,Martin,Doctor 63,2023-10-30
P1362,Jacob,Green,Doctor 64,2023-10-30
P1415,Stephen,Thompson,Doctor 98,2023-10-30
P1519,Thomas,Price,Doctor 88,2023-10-30
P1541,Kimberly,Torres,Doctor 57,2023-10-30
P1578,Karen,Reyes,Doctor 16,2023-10-30
P1688,Sharon,Mendoza,Doctor 90,2023-10-30
P1706,Amy,Diaz,Doctor 90,2023-10-30
P1924,Steven,Howard,Doctor 9,2023-10-30
P2007,Gary,Sanders,Doctor 87,2023-10-30
P2036,Jeffrey,Rivera,Doctor 85,2023-10-30
P2053,Nicholas,Ortiz,Doctor 70,2023-10-30
P2078,Michelle,Evans,Doctor 3,2023-10-30
P2139,Donna,Brown,Doctor 46,2023-10-30
P2216,Robert,Clark,Doctor 54,2023-10-30
P0065,David,Mitchell,Doctor 52,2023-10-31
P0140,Charles,Lewis,Doctor 96,2023-10-31
P0269,Dorothy,Ruiz,Doctor 66,2023-10-31
P0297,Deborah,Moore,Doctor 72,2023-10-31
P0337,David,Collins,Doctor 17,2023-10-31
P0441,Kathleen,Johnson,Doctor 84,2023-10-31
P0582,William,Lee,Doctor 12,2023-10-31
P0604,Samuel,James,Doctor 81,2023-10-31
P0607,Aaron,Stewart,Doctor 75,2023-10-31
P0682,Karen,Reed,Doctor 34,2023-10-31
P0691,William,Sanders,Doctor 48,2023-10-31
P1014,Jonathan,Wood,Doctor 96,2023-10-31
P1116,Angela,Brown,Doctor 66,2023-10-31
P1180,Amy,Reyes,Doctor 23,2023-10-31
P1221,Helen,Lee,Doctor 79,2023-10-31
P1239,Kimberly,Baker,Doctor 71,2023-10-31
P1276,John,Miller,Doctor 97,2023-10-31
P1656,Eric,Cooper,Doctor 91,2023-10-31
P1698,Karen,Ward,Doctor 56,2023-10-31
P1796,Andrew,Parker,Doctor 67,2023-10-31
P1894,Carol,Williams,Doctor 3,2023-10-31
P1915,Justin,Nelson,Doctor 98,2023-10-31
P1946,Gary,Mitchell,Doctor 82,2023-10-31
P1984,Brenda,Lee,Doctor 43,2023-10-31
P2047,Nicholas,Stewart,Doctor 40,2023-10-31
P2208,Karen,Ruiz,Doctor 98,2023-10-31
P2215,Amy,Anderson,Doctor 54,2023-10-31
P2229,Gary,Rivera,Doctor 88,2023-10-31
P2274,Jonathan,Scott,Doctor 58,2023-10-31
P0143,Ryan,Campbell,Doctor 31,2023-11-01
P0164,Donna,Martinez,Doctor 82,2023-11-01
P0193,Anthony,Kelly,Doctor 91,2023-11-01
P0293,Deborah,Diaz,Doctor 47,2023-11-01
P0430,Michelle,Ruiz,Doctor 63,2023-11-01
P0444,Scott,Allen,Doctor 70,2023-11-01
P0539,Carol,Ward,Doctor 88,2023-11-01
P0558,Jeffrey,Adams,Doctor 32,2023-11-01
P0579,Timothy,Gonzalez,Doctor 10,2023-11-01
P0600,Andrew,Martinez,Doctor 10,2023-11-01
P0621,Sarah,Davis,Doctor 45,2023-11-01
P0724,Sarah,Hughes,Doctor 52,2023-11-01
P0851,Jerry,Garcia,Doctor 1,2023-11-01
P0860,John,Cox,Doctor 25,2023-11-01
P0945,Sarah,Johnson,Doctor 45,2023-11-01
P0951,Rebecca,Baker,Doctor 85,2023-11-01
P1039,Frank,Brown,Doctor 8,2023-11-01
P1094,Aaron,Morgan,Doctor 63,2023-11-01
P1171,Jose,King,Doctor 35,2023-11-01
P1210,Kimberly,Ward,Doctor 74,2023-11-01
P1322,Charles,Howard,Doctor 13,2023-11-01
P1379,Samuel,King,Doctor 52,2023-11-01
P1496,Larry,Clark,Doctor 88,2023-11-01
P1521,Gregory,Wood,Doctor 52,2023-11-01
P1529,Christopher,Ramirez,Doctor 50,2023-11-01
P1648,Anna,Gutierrez,Doctor 44,2023-11-01
P1680,Scott,Collins,Doctor 78,2023-11-01
P1687,Rebecca,Williams,Doctor 20,2023-11-01
P1794,David,Jackson,Doctor 83,2023-11-01
P1901,Elizabeth,Ortiz,Doctor 54,2023-11-01
P1912,Sarah,Baker,Doctor 2,2023-11-01
P1932,Jonathan,Reyes,Doctor 87,2023-11-01
P1955,Sarah,Sanchez,Doctor 74,2023-11-01
P1975,Rebecca,Garcia,Doctor 16,2023-11-01
P2037,Mary,Alvarez,Doctor 20,2023-11-01
P2090,Laura,Adams,Doctor 67,2023-11-01
P2120,Laura,Nguyen,Doctor 72,2023-11-01
P2137,Karen,Lopez,Doctor 79,2023-11-01
P2148,Ryan,Martin,Doctor 85,2023-11-01
P2227,Betty,Thomas,Doctor 8,2023-11-01
P0042,Tyler,Nguyen,Doctor 11,2023-11-02
P0111,Dorothy,Howard,Doctor 99,2023-11-02
P0261,Nancy,Collins,Doctor 25,2023-11-02
P0339,Charles,Cox,Doctor 63,2023-11-02
P0470,Timothy,Morgan,Doctor 68,2023-11-02
P0759,Susan,Hughes,Doctor 20,2023-11-02
P0799,Elizabeth,Ward,Doctor 77,2023-11-02
P0840,Aaron,Miller,Doctor 95,2023-11-02
P0902,Mark,Chavez,Doctor 44,2023-11-02
P0917,Jessica,Torres,Doctor 80,2023-11-02
P0935,Michelle,Smith,Doctor 65,2023-11-02
P0947,Laura,Wright,Doctor 64,2023-11-02
P0957,Sarah,Price,Doctor 48,2023-11-02
P0980,Daniel,Campbell,Doctor 73,2023-11-02
P1089,Jose,Morgan,Doctor 43,2023-11-02
P1102,Kenneth,Allen,Doctor 13,2023-11-02
P1249,William,Hall,Doctor 37,2023-11-02
P1258,Kenneth,Lewis,Doctor 3,2023-11-02
P1338,Benjamin,Torres,Doctor 86,2023-11-02
P1353,Sandra,Rivera,Doctor 96,2023-11-02
P1375,David,Brooks,Doctor 10,2023-11-02
P1520,Benjamin,Gutierrez,Doctor 69,2023-11-02
P1595,Brenda,Carter,Doctor 28,2023-11-02
P1666,Matthew,Ruiz,Doctor 53,2023-11-02
P1693,Kimberly,James,Doctor 75,2023-11-02
P1718,Anthony,Mendoza,Doctor 51,2023-11-02
P1777,Jerry,Ward,Doctor 68,2023-11-02
P1779,Rebecca,Ortiz,Doctor 40,2023-11-02
P1851,Eric,Stewart,Doctor 59,2023-11-02
P1912,Sarah,Baker,Doctor 93,2023-11-02
P1984,Brenda,Lee,Doctor 43,2023-11-02
P2013,Helen,Peterson,Doctor 42,2023-11-02
P2077,Samuel,Cox,Doctor 16,2023-11-02
P2122,William,Young,Doctor 84,2023-11-02
P2216,Robert,Clark,Doctor 81,2023-11-02
P2219,Betty,Reyes,Doctor 35,2023-11-02
P0045,Thomas,Rogers,Doctor 77,2023-11-03
P0055,Stephen,Ortiz,Doctor 14,2023-11-03
P0059,Benjamin,Cruz,Doctor 63,2023-11-03
P0237,Dorothy,Ward,Doctor 34,2023-11-03
P0249,Kathleen,Turner,Doctor 49,2023-11-03
P0303,Nancy,Diaz,Doctor 69,2023-11-03
P0312,Rebecca,Myers,Doctor 57,2023-11-03
P0329,Donna,Carter,Doctor 81,2023-11-03
P0361,Carol,Anderson,Doctor 37,2023-11-03
P0376,John,Martinez,Doctor 92,2023-11-03
P0458,Gary,Mendoza,Doctor 11,2023-11-03
P0563,Robert,Garcia,Doctor 22,2023-11-03
P0708,Stephen,Peterson,Doctor 59,2023-11-03
P0813,Laura,Clark,Doctor 46,2023-11-03
P0897,Jonathan,Sanders,Doctor 48,2023-11-03
P1395,Karen,Lee,Doctor 26,2023-11-03
P1523,Brian,Price,Doctor 60,2023-11-03
P1544,Jeffrey,Patel,Doctor 46,2023-11-03
P1566,Donald,Wright,Doctor 95,2023-11-03
P1645,Sarah,Miller,Doctor 59,2023-11-03
P1651,Anthony,Ortiz,Doctor 95,2023-11-03
P1787,Sandra,Turner,Doctor 54,2023-11-03
P1898,John,Lee,Doctor 59,2023-11-03
P1989,Gregory,Ortiz,Doctor 46,2023-11-03
P2002,Gregory,Collins,Doctor 63,2023-11-03
P2083,Kimberly,Gonzalez,Doctor 45,2023-11-03
P2130,Jessica,Campbell,Doctor 51,2023-11-03
P2188,Brian,Hernandez,Doctor 54,2023-11-03
P2203,James,Thomas,Doctor 34,2023-11-03
P2238,Linda,Stewart,Doctor 100,2023-11-03
P2280,Patricia,Gonzalez,Doctor 23,2023-11-03
P0004,Gregory,Morgan,Doctor 87,2023-11-04
P0020,Michael,Diaz,Doctor 79,2023-11-04
P0052,Sandra,Patel,Doctor 84,2023-11-04
P0064,Betty,Harris,Doctor 19,2023-11-04
P0125,Steven,Thomas,Doctor 71,2023-11-04
P0208,Kenneth,Brooks,Doctor 4,2023-11-04
P0294,Dennis,Miller,Doctor 12,2023-11-04
P0333,Deborah,Anderson,Doctor 87,2023-11-04
P0339,Charles,Cox,Doctor 63,2023-11-04
P0339,Charles,Cox,Doctor 63,2023-11-04
P0369,Raymond,Rivera,Doctor 48,2023-11-04
P0438,Gary,Collins,Doctor 17,2023-11-04
P0452,Ronald,Kelly,Doctor 87,2023-11-04
P0606,Ruth,Phillips,Doctor 100,2023-11-04
P0652,Kimberly,Harris,Doctor 20,2023-11-04
P0938,Cynthia,Jackson,Doctor 79,2023-11-04
P1004,Donald,Kim,Doctor 16,2023-11-04
P1049,Karen,Anderson,Doctor 87,2023-11-04
P1163,Sandra,Peterson,Doctor 71,2023-11-04
P1198,Helen,Morales,Doctor 11,2023-11-04
P1205,Kenneth,Wilson,Doctor 41,2023-11-04
P1305,Stephen,Davis,Doctor 100,2023-11-04
P1371,Samuel,Phillips,Doctor 94,2023-11-04
P1372,Christopher,Sanchez,Doctor 68,2023-11-04
P1439,Mark,Brown,Doctor 76,2023-11-04
P1471,Jacob,Johnson,Doctor 4,2023-11-04
P1473,Kevin,Hernandez,Doctor 72,2023-11-04
P1501,Thomas,Watson,Doctor 18,2023-11-04
P1539,Mary,Phillips,Doctor 59,2023-11-04
P1596,Nicholas,Wright,Doctor 4,2023-11-04
P1602,Kevin,Kim,Doctor 60,2023-11-04
P1628,Raymond,James,Doctor 11,2023-11-04
P1679,Benjamin,Diaz,Doctor 18,2023-11-04
P1700,Matthew,Jackson,Doctor 52,2023-11-04
P1798,Sarah,Collins,Doctor 61,2023-11-04
P2032,Jerry,Cruz,Doctor 48,2023-11-04
P2064,Anna,Green,Doctor 67,2023-11-04
P2075,Tyler,Ortiz,Doctor 76,2023-11-04
P2234,Shirley,Lewis,Doctor 19,2023-11-04
P2298,Tyler,Hill,Doctor 20,2023-11-04
P0029,Michelle,Wilson,Doctor 58,2023-11-05
P0167,Patricia,Wright,Doctor 93,2023-11-05
P0201,Christopher,Reyes,Doctor 44,2023-11-05
P0433,James,Cox,Doctor 98,2023-11-05
P0499,James,Young,Doctor 37,2023-11-05
P0510,Patrick,Alvarez,Doctor 97,2023-11-05
P0518,Amy,Alvarez,Doctor 4,2023-11-05
P0563,Robert,Garcia,Doctor 94,2023-11-05
P0607,Aaron,Stewart,Doctor 8,2023-11-05
P0640,Richard,Wood,Doctor 43,2023-11-05
P0655,Betty,Gutierrez,Doctor 33,2023-11-05
P0676,Anthony,Thomas,Doctor 16,2023-11-05
P0683,Robert,Carter,Doctor 30,2023-11-05
P0730,Patrick,Lopez,Doctor 76,2023-11-05
P0753,Donald,Cruz,Doctor 85,2023-11-05
P1141,Donna,Williams,Doctor 61,2023-11-05
P1212,Samuel,Torres,Doctor 47,2023-11-05
P1231,William,Kelly,Doctor 29,2023-11-05
P1261,John,Jackson,Doctor 96,2023-11-05
P1287,Shirley,Baker,Doctor 58,2023-11-05
P1323,Frank,White,Doctor 75,2023-11-05
P1355,Richard,Brooks,Doctor 15,2023-11-05
P1533,David,Ortiz,Doctor 58,2023-11-05
P1619,Anthony,Nelson,Doctor 29,2023-11-05
P1929,Joseph,Carter,Doctor 44,2023-11-05
P1936,Cynthia,Ward,Doctor 32,2023-11-05
P2008,Gregory,Ruiz,Doctor 30,2023-11-05
P2207,Charles,Wood,Doctor 3,2023-11-05
P0089,Larry,Kim,Doctor 47,2023-11-06
P0102,Barbara,Robinson,Doctor 60,2023-11-06
P0140,Charles,Lewis,Doctor 14,2023-11-06
P0233,Ruth,White,Doctor 49,2023-11-06
P0313,Patricia,Flores,Doctor 5,2023-11-06
P0820,Jose,Nguyen,Doctor 89,2023-11-06
P0930,Cynthia,Peterson,Doctor 33,2023-11-06
P0948,Donald,Ramirez,Doctor 68,2023-11-06
P1048,Jason,Williams,Doctor 30,2023-11-06
P1112,Christopher,Nguyen,Doctor 2,2023-11-06
P1157,James,Edwards,Doctor 68,2023-11-06
P1272,Sharon,Morales,Doctor 50,2023-11-06
P1322,Charles,Howard,Doctor 10,2023-11-06
P1393,Matthew,Mitchell,Doctor 61,2023-11-06
P1478,Carol,Ortiz,Doctor 30,2023-11-06
P1479,Justin,Castillo,Doctor 26,2023-11-06
P1497,Richard,King,Doctor 79,2023-11-06
P1608,Eric,Morgan,Doctor 17,2023-11-06
P1645,Sarah,Miller,Doctor 59,2023-11-06
P1687,Rebecca,Williams,Doctor 20,2023-11-06
P1927,Rebecca,Rivera,Doctor 75,2023-11-06
P1950,Donald,Roberts,Doctor 87,2023-11-06
P2009,Emma,Brooks,Doctor 8,2023-11-06
P2130,Jessica,Campbell,Doctor 61,2023-11-06
P2142,Edward,Torres,Doctor 74,2023-11-06
P2232,Kimberly,Edwards,Doctor 50,2023-11-06
P0092,Stephen,James,Doctor 91,2023-11-07
P0165,Jeffrey,Howard,Doctor 71,2023-11-07
P0195,Deborah,Stewart,Doctor 3,2023-11-07
P0288,Jacob,Patel,Doctor 36,2023-11-07
P0428,Ronald,Walker,Doctor 81,2023-11-07
P0473,Mary,Jackson,Doctor 73,2023-11-07
P0592,Lisa,Chavez,Doctor 86,2023-11-07
P0667,Benjamin,Anderson,Doctor 93,2023-11-07
P0712,Sandra,White,Doctor 44,2023-11-07
P0825,Jerry,Hernandez,Doctor 46,2023-11-07
P0833,Samuel,Gray,Doctor 8,2023-11-07
P0860,John,Cox,Doctor 25,2023-11-07
P1033,Angela,Johnson,Doctor 33,2023-11-07
P1066,Anna,Young,Doctor 97,2023-11-07
P1078,James,Johnson,Doctor 39,2023-11-07
P1080,Kevin,Green,Doctor 64,2023-11-07
P1090,Alexander,Brown,Doctor 86,2023-11-07
P1124,Nancy,Bennett,Doctor 94,2023-11-07
P1154,Jacob,Jackson,Doctor 78,2023-11-07
P1267,Anthony,James,Doctor 40,2023-11-07
P1269,Joshua,Morgan,Doctor 18,2023-11-07
P1363,Jason,Price,Doctor 63,2023-11-07
P1467,Ryan,Martinez,Doctor 11,2023-11-07
P1503,Helen,Wright,Doctor 48,2023-11-07
P1575,Robert,Lewis,Doctor 60,2023-11-07
P1754,John,Flores,Doctor 84,2023-11-07
P1826,Shirley,Howard,Doctor 83,2023-11-07
P1901,Elizabeth,Ortiz,Doctor 54,2023-11-07
P1911,Shirley,Ward,Doctor 70,2023-11-07
P1943,John,White,Doctor 69,2023-11-07
P1958,Jacob,Ramos,Doctor 97,2023-11-07
P2114,Raymond,Adams,Doctor 23,2023-11-07
P2138,Edward,Parker,Doctor 98,2023-11-07
P2146,Samuel,Green,Doctor 68,2023-11-07
P2172,Brandon,Roberts,Doctor 64,2023-11-07
P0006,Joseph,Diaz,Doctor 5,2023-11-08
P0032,James,Smith,Doctor 71,2023-11-08
P0044,Barbara,Cooper,Doctor 63,2023-11-08
P0044,Barbara,Cooper,Doctor 63,2023-11-08
P0124,Frank,Rogers,Doctor 29,2023-11-08
P0204,Jacob,Parker,Doctor 93,2023-11-08
P0297,Deborah,Moore,Doctor 72,2023-11-08
P0311,Elizabeth,Stewart,Doctor 18,2023-11-08
P0465,Mary,Morales,Doctor 86,2023-11-08
P0574,Ronald,Bennett,Doctor 12,2023-11-08
P0819,Kenneth,Kim,Doctor 82,2023-11-08
P0983,Shirley,Anderson,Doctor 69,2023-11-08
P1023,Joseph,Torres,Doctor 71,2023-11-08
P1094,Aaron,Morgan,Doctor 63,2023-11-08
P1117,Stephen,Thomas,Doctor 15,2023-11-08
P1148,Frank,Thompson,Doctor 14,2023-11-08
P1180,Amy,Reyes,Doctor 23,2023-11-08
P1510,Kimberly,Howard,Doctor 52,2023-11-08
P1514,Sharon,Wilson,Doctor 94,2023-11-08
P1670,Dennis,Parker,Doctor 66,2023-11-08
P1781,Anna,Adams,Doctor 78,2023-11-08
P1966,Aaron,Anderson,Doctor 2,2023-11-08
P2061,Angela,Ramos,Doctor 46,2023-11-08
P2142,Edward,Torres,Doctor 74,2023-11-08
P2189,Brenda,Harris,Doctor 43,2023-11-08
P2259,Sandra,Diaz,Doctor 58,2023-11-08
P2262,Carol,Rodriguez,Doctor 50,2023-11-08
P2264,Kathleen,Nelson,Doctor 25,2023-11-08
P2286,Deborah,Richardson,Doctor 23,2023-11-08
P0031,Andrew,Mendoza,Doctor 45,2023-11-09
P0043,Nancy,Cruz,Doctor 26,2023-11-09
P0139,Karen,Mitchell,Doctor 80,2023-11-09
P0224,Brian,Adams,Doctor 35,2023-11-09
P0445,Joseph,Walker,Doctor 42,2023-11-09
P0500,Karen,Thompson,Doctor 68,2023-11-09
P0565,Jeffrey,Perez,Doctor 12,2023-11-09
P0688,Cynthia,Cook,Doctor 14,2023-11-09
P0757,Betty,Lewis,Doctor 24,2023-11-09
P0970,John,Hill,Doctor 63,2023-11-09
P1026,Michelle,Rodriguez,Doctor 35,2023-11-09
P1151,Kevin,Robinson,Doctor 43,2023-11-09
P1185,Brenda,Murphy,Doctor 50,2023-11-09
P1220,Tyler,Rogers,Doctor 88,2023-11-09
P1324,Alexander,Clark,Doctor 95,2023-11-09
P1410,Nicholas,Clark,Doctor 69,2023-11-09
P1449,James,Allen,Doctor 98,2023-11-09
P1457,James,Evans,Doctor 64,2023-11-09
P1480,Deborah,Price,Doctor 2,2023-11-09
P1549,Patrick,King,Doctor 71,2023-11-09
P1563,Angela,Patel,Doctor 81,2023-11-09
P1589,Patrick,Ramirez,Doctor 49,2023-11-09
P1649,Betty,Kim,Doctor 46,2023-11-09
P1658,Laura,Johnson,Doctor 46,2023-11-09
P1730,Amy,Chavez,Doctor 19,2023-11-09
P1961,Deborah,Clark,Doctor 15,2023-11-09
P1983,Edward,Hernandez,Doctor 55,2023-11-09
P2032,Jerry,Cruz,Doctor 48,2023-11-09
P2035,John,Ramirez,Doctor 56,2023-11-09
P2164,Betty,Baker,Doctor 73,2023-11-09
P2179,Elizabeth,Mendoza,Doctor 52,2023-11-09
P2229,Gary,Rivera,Doctor 91,2023-11-09
P2291,Jacob,Allen,Doctor 87,2023-11-09
P0091,Richard,Cruz,Doctor 97,2023-11-10
P0102,Barbara,Robinson,Doctor 21,2023-11-10
P0126,Tyler,Gomez,Doctor 34,2023-11-10
P0144,Ruth,Price,Doctor 67,2023-11-10
P0155,Anthony,Cook,Doctor 36,2023-11-10
P0172,Donna,Scott,Doctor 84,2023-11-10
P0275,Kevin,Flores,Doctor 36,2023-11-10
P0451,Rebecca,Kelly,Doctor 21,2023-11-10
P0612,Anthony,Ward,Doctor 73,2023-11-10
P0674,Justin,Lee,Doctor 29,2023-11-10
P0717,Kevin,Howard,Doctor 95,2023-11-10
P0770,Eric,Smith,Doctor 46,2023-11-10
P0772,Sarah,Alvarez,Doctor 57,2023-11-10
P0813,Laura,Clark,Doctor 46,2023-11-10
P0834,Joshua,Young,Doctor 25,2023-11-10
P0909,Benjamin,Turner,Doctor 55,2023-11-10
P0955,Sarah,Roberts,Doctor 83,2023-11-10
P1006,George,Morris,Doctor 56,2023-11-10
P1061,Mark,Wright,Doctor 71,2023-11-10
P1189,Michael,Rivera,Doctor 88,2023-11-10
P1218,Patrick,Young,Doctor 72,2023-11-10
P1220,Tyler,Rogers,Doctor 88,2023-11-10
P1230,Larry,Lopez,Doctor 69,2023-11-10
P1304,Jacob,White,Doctor 32,2023-11-10
P1308,James,Martinez,Doctor 54,2023-11-10
P1310,Nicholas,Gray,Doctor 7,2023-11-10
P1389,Charles,Ward,Doctor 27,2023-11-10
P1451,Lisa,Rivera,Doctor 96,2023-11-10
P1613,Betty,Cruz,Doctor 27,2023-11-10
P1622,Sandra,Perez,Doctor 88,2023-11-10
P1635,Sandra,Robinson,Doctor 2,2023-11-10
P1760,Jerry,Perez,Doctor 73,2023-11-10
P1809,Nicholas,Garcia,Doctor 41,2023-11-10
P1869,Kimberly,Mitchell,Doctor 35,2023-11-10
P1955,Sarah,Sanchez,Doctor 67,2023-11-10
P1982,Mary,Williams,Doctor 34,2023-11-10
P2080,Ruth,Harris,Doctor 62,2023-11-10
P2158,Patricia,Perez,Doctor 19,2023-11-10
P2159,Sandra,Lee,Doctor 31,2023-11-10
P0075,Dennis,Ruiz,Doctor 22,2023-11-11
P0114,Anna,Smith,Doctor 79,2023-11-11
P0201,Christopher,Reyes,Doctor 44,2023-11-11
P0251,Kimberly,Campbell,Doctor 77,2023-11-11
P0377,Brian,Martin,Doctor 91,2023-11-11
P0407,Stephen,Young,Doctor 90,2023-11-11
P0500,Karen,Thompson,Doctor 72,2023-11-11
P0649,Brian,Carter,Doctor 53,2023-11-11
P0801,Anthony,Jackson,Doctor 51,2023-11-11
P0802,Brandon,Campbell,Doctor 99,2023-11-11
P0994,Raymond,Wood,Doctor 86,2023-11-11
P1231,William,Kelly,Doctor 78,2023-11-11
P1439,Mark,Brown,Doctor 18,2023-11-11
P1461,Donna,Peterson,Doctor 7,2023-11-11
P1490,Anna,Morris,Doctor 46,2023-11-11
P1513,Karen,Richardson,Doctor 16,2023-11-11
P1722,Scott,Smith,Doctor 54,2023-11-11
P1740,Dennis,Harris,Doctor 17,2023-11-11
P2018,Karen,Turner,Doctor 20,2023-11-11
P2150,Scott,Walker,Doctor 17,2023-11-11
P2190,George,Morales,Doctor 98,2023-11-11
P2227,Betty,Thomas,Doctor 8,2023-11-11
P2295,Raymond,Jackson,Doctor 64,2023-11-11
P0021,Daniel,Kim,Doctor 58,2023-11-12
P0171,Michelle,Davis,Doctor 61,2023-11-12
P0232,Linda,Collins,Doctor 83,2023-11-12
P0273,David,Anderson,Doctor 86,2023-11-12
P0294,Dennis,Miller,Doctor 12,2023-11-12
P0586,Dorothy,James,Doctor 61,2023-11-12
P0616,Eric,Ruiz,Doctor 83,2023-11-12
P0628,Laura,Watson,Doctor 21,2023-11-12
P0636,Matthew,Cooper,Doctor 72,2023-11-12
P0665,Helen,Jones,Doctor 13,2023-11-12
P0713,Deborah,Taylor,Doctor 66,2023-11-12
P0744,Patricia,Reed,Doctor 48,2023-11-12
P0773,Michael,Martin,Doctor 4,2023-11-12
P0871,Nancy,Rodriguez,Doctor 44,2023-11-12
P0879,Donna,King,Doctor 4,2023-11-12
P0886,Sandra,Reed,Doctor 2,2023-11-12
P0927,Justin,Morales,Doctor 78,2023-11-12
P0949,Aaron,James,Doctor 6,2023-11-12
P1019,Shirley,Wilson,Doctor 8,2023-11-12
P1037,Kimberly,Alvarez,Doctor 7,2023-11-12
P1139,Anthony,Gomez,Doctor 63,2023-11-12
P1154,Jacob,Jackson,Doctor 78,2023-11-12
P1218,Patrick,Young,Doctor 72,2023-11-12
P1367,Alexander,Carter,Doctor 8,2023-11-12
P1600,John,Bailey,Doctor 38,2023-11-12
P1612,Brenda,Myers,Doctor 84,2023-11-12
P1624,Rebecca,Mendoza,Doctor 97,2023-11-12
P1626,Helen,Edwards,Doctor 70,2023-11-12
P1749,Michelle,Mitchell,Doctor 36,2023-11-12
P1820,Steven,Nelson,Doctor 58,2023-11-12
P1925,Helen,Williams,Doctor 40,2023-11-12
P1945,Ruth,Gutierrez,Doctor 5,2023-11-12
P2065,Tyler,Cooper,Doctor 60,2023-11-12
P0026,Joshua,Scott,Doctor 88,2023-11-13
P0105,Timothy,King,Doctor 22,2023-11-13
P0190,Shirley,Rivera,Doctor 9,2023-11-13
P0335,Kevin,Martinez,Doctor 86,2023-11-13
P0344,Emma,Ruiz,Doctor 47,2023-11-13
P0780,Laura,White,Doctor 41,2023-11-13
P0811,Melissa,Gutierrez,Doctor 38,2023-11-13
P0894,Deborah,Mendoza,Doctor 35,2023-11-13
P0902,Mark,Chavez,Doctor 87,2023-11-13
P0937,Angela,James,Doctor 32,2023-11-13
P0952,Sandra,Price,Doctor 15,2023-11-13
P1043,Christopher,Rivera,Doctor 30,2023-11-13
P1057,Donna,Rodriguez,Doctor 8,2023-11-13
P1101,Charles,Sanders,Doctor 92,2023-11-13
P1183,Benjamin,Mitchell,Doctor 58,2023-11-13
P1294,William,Jackson,Doctor 87,2023-11-13
P1440,Jennifer,Ramos,Doctor 89,2023-11-13
P1526,Kenneth,Martin,Doctor 24,2023-11-13
P1579,Patrick,Ortiz,Doctor 17,2023-11-13
P1637,Samuel,Jackson,Doctor 88,2023-11-13
P1645,Sarah,Miller,Doctor 59,2023-11-13
P1705,Dennis,Lopez,Doctor 33,2023-11-13
P1715,Laura,Myers,Doctor 10,2023-11-13
P1737,Gary,Hall,Doctor 21,2023-11-13
P1769,Justin,Anderson,Doctor 45,2023-11-13
P1792,Dennis,Anderson,Doctor 37,2023-11-13
P1794,David,Jackson,Doctor 83,2023-11-13
P1923,Nancy,Johnson,Doctor 47,2023-11-13
P2025,Nancy,Lopez,Doctor 36,2023-11-13
P2063,Jack,Allen,Doctor 70,2023-11-13
P2117,Alexander,Mitchell,Doctor 54,2023-11-13
P2124,Christopher,Ruiz,Doctor 54,2023-11-13
P2157,Carol,James,Doctor 9,2023-11-13
P2158,Patricia,Perez,Doctor 19,2023-11-13
P2170,Helen,Phillips,Doctor 68,2023-11-13
P2287,Dennis,Wood,Doctor 79,2023-11-13
P0014,Patrick,Walker,Doctor 87,2023-11-14
P0127,Mary,Allen,Doctor 5,2023-11-14
P0133,Joseph,Jones,Doctor 45,2023-11-14
P0137,Patricia,Clark,Doctor 2,2023-11-14
P0173,Barbara,Evans,Doctor 72,2023-11-14
P0196,Patricia,Miller,Doctor 97,2023-11-14
P0199,Aaron,Baker,Doctor 21,2023-11-14
P0211,Andrew,Morgan,Doctor 92,2023-11-14
P0231,Benjamin,Parker,Doctor 47,2023-11-14
P0277,Nancy,Davis,Doctor 66,2023-11-14
P0392,Tyler,Gray,Doctor 32,2023-11-14
P0415,Jessica,Wood,Doctor 24,2023-11-14
P0471,Thomas,Gomez,Doctor 62,2023-11-14
P0508,Daniel,Moore,Doctor 42,2023-11-14
P0509,Tyler,Scott,Doctor 93,2023-11-14
P0569,Betty,Johnson,Doctor 58,2023-11-14
P0588,Brandon,Gonzalez,Doctor 11,2023-11-14
P0817,Dennis,White,Doctor 62,2023-11-14
P0824,George,Smith,Doctor 33,2023-11-14
P0857,Gregory,Roberts,Doctor 6,2023-11-14
P0869,Helen,Ward,Doctor 36,2023-11-14
P0874,Thomas,James,Doctor 28,2023-11-14
P0932,Christopher,Kim,Doctor 39,2023-11-14
P0997,Stephen,Adams,Doctor 28,2023-11-14
P1132,Tyler,Hall,Doctor 100,2023-11-14
P1160,William,Reyes,Doctor 44,2023-11-14
P1189,Michael,Rivera,Doctor 88,2023-11-14
P1406,Betty,Davis,Doctor 79,2023-11-14
P1606,Steven,Alvarez,Doctor 63,2023-11-14
P1715,Laura,Myers,Doctor 10,2023-11-14
P1757,Sandra,Clark,Doctor 60,2023-11-14
P1790,Ruth,Walker,Doctor 45,2023-11-14
P1807,Kenneth,Perez,Doctor 36,2023-11-14
P1814,Sandra,Nelson,Doctor 49,2023-11-14
P1838,Samuel,Gutierrez,Doctor 47,2023-11-14
P1842,Anthony,White,Doctor 92,2023-11-14
P1875,Michael,Adams,Doctor 7,2023-11-14
P1907,Kevin,Cook,Doctor 46,2023-11-14
P2024,Deborah,Cruz,Doctor 21,2023-11-14
P2040,Nancy,Jackson,Doctor 3,2023-11-14
P2094,Amy,Rodriguez,Doctor 30,2023-11-14
P2121,Sandra,Watson,Doctor 34,2023-11-14
P2170,Helen,Phillips,Doctor 7,2023-11-14
P0056,Christopher,Roberts,Doctor 11,2023-11-15
P0133,Joseph,Jones,Doctor 2,2023-11-15
P0146,Sandra,Richardson,Doctor 30,2023-11-15
P0258,Jose,Harris,Doctor 84,2023-11-15
P0320,Benjamin,Robinson,Doctor 44,2023-11-15
P0365,Scott,Richardson,Doctor 45,2023-11-15
P0403,Linda,Reed,Doctor 87,2023-11-15
P0426,Scott,Wright,Doctor 33,2023-11-15
P0453,Sarah,Cook,Doctor 56,2023-11-15
P0483,David,Thompson,Doctor 41,2023-11-15
P0652,Kimberly,Harris,Doctor 36,2023-11-15
P0746,James,Morgan,Doctor 24,2023-11-15
P0815,Jerry,Hill,Doctor 87,2023-11-15
P0834,Joshua,Young,Doctor 25,2023-11-15
P0919,Aaron,Robinson,Doctor 6,2023-11-15
P0922,Donald,Ramos,Doctor 46,2023-11-15
P0932,Christopher,Kim,Doctor 39,2023-11-15
P0995,Frank,Wood,Doctor 32,2023-11-15
P1058,Linda,Wilson,Doctor 35,2023-11-15
P1152,Gary,Patel,Doctor 95,2023-11-15
P1224,Jerry,Torres,Doctor 58,2023-11-15
P1226,Sharon,Lopez,Doctor 33,2023-11-15
P1336,Carol,Hernandez,Doctor 97,2023-11-15
P1563,Angela,Patel,Doctor 81,2023-11-15
P1687,Rebecca,Williams,Doctor 20,2023-11-15
P1899,Amy,Gonzalez,Doctor 49,2023-11-15
P1909,Kathleen,Ramos,Doctor 17,2023-11-15
P1916,Edward,Jackson,Doctor 47,2023-11-15
P1953,Linda,Harris,Doctor 47,2023-11-15
P1974,Anna,Thompson,Doctor 12,2023-11-15
P2001,Anna,Murphy,Doctor 70,2023-11-15
P2151,Virginia,Rivera,Doctor 18,2023-11-15
P0023,Donna,Myers,Doctor 40,2023-11-16
P0041,Benjamin,Sanders,Doctor 27,2023-11-16
P0064,Betty,Harris,Doctor 19,2023-11-16
P0150,Cynthia,Flores,Doctor 61,2023-11-16
P0170,Jonathan,Reed,Doctor 17,2023-11-16
P0429,Brandon,Parker,Doctor 92,2023-11-16
P0535,Shirley,Alvarez,Doctor 88,2023-11-16
P0604,Samuel,James,Doctor 3,2023-11-16
P0635,Sharon,Wood,Doctor 98,2023-11-16
P0798,Sandra,Hall,Doctor 43,2023-11-16
P0914,Robert,Ward,Doctor 98,2023-11-16
P1047,Ryan,Kelly,Doctor 61,2023-11-16
P1069,Justin,Brown,Doctor 2,2023-11-16
P1202,James,Ramirez,Doctor 52,2023-11-16
P1245,Jonathan,Cook,Doctor 27,2023-11-16
P1263,Sharon,Martinez,Doctor 77,2023-11-16
P1329,Kathleen,Castillo,Doctor 69,2023-11-16
P1347,Betty,Hernandez,Doctor 64,2023-11-16
P1394,Jerry,Watson,Doctor 97,2023-11-16
P1398,Robert,Murphy,Doctor 22,2023-11-16
P1611,Jonathan,Wright,Doctor 40,2023-11-16
P1638,Mark,Castillo,Doctor 22,2023-11-16
P1697,Ruth,Sanchez,Doctor 41,2023-11-16
P1717,Dorothy,Morales,Doctor 25,2023-11-16
P1757,Sandra,Clark,Doctor 60,2023-11-16
P1838,Samuel,Gutierrez,Doctor 24,2023-11-16
P2047,Nicholas,Stewart,Doctor 93,2023-11-16
P2094,Amy,Rodriguez,Doctor 55,2023-11-16
P2116,Tyler,Evans,Doctor 8,2023-11-16
P2207,Charles,Wood,Doctor 14,2023-11-16
P2221,Michelle,Morales,Doctor 73,2023-11-16
P0205,Jessica,Morris,Doctor 14,2023-11-17
P0218,Shirley,Lopez,Doctor 71,2023-11-17
P0259,Helen,Collins,Doctor 47,2023-11-17
P0280,Lisa,Hughes,Doctor 35,2023-11-17
P0376,John,Martinez,Doctor 92,2023-11-17
P0461,Melissa,Jackson,Doctor 42,2023-11-17
P0487,Laura,Mitchell,Doctor 69,2023-11-17
P0562,Brandon,Watson,Doctor 64,2023-11-17
P0690,Charles,Lee,Doctor 40,2023-11-17
P0699,Karen,Diaz,Doctor 100,2023-11-17
P0753,Donald,Cruz,Doctor 85,2023-11-17
P0831,Ronald,Wood,Doctor 38,2023-11-17
P0882,Helen,Perez,Doctor 96,2023-11-17
P0949,Aaron,James,Doctor 86,2023-11-17
P1001,Emma,Green,Doctor 38,2023-11-17
P1053,John,Johnson,Doctor 58,2023-11-17
P1238,Donna,Jackson,Doctor 8,2023-11-17
P1577,Richard,Sanders,Doctor 77,2023-11-17
P1663,Michelle,Cox,Doctor 41,2023-11-17
P1715,Laura,Myers,Doctor 10,2023-11-17
P1754,John,Flores,Doctor 84,2023-11-17
P1806,Jose,Baker,Doctor 79,2023-11-17
P1879,Jonathan,Nelson,Doctor 64,2023-11-17
P1906,Sharon,Davis,Doctor 29,2023-11-17
P2293,Sarah,Flores,Doctor 16,2023-11-17
P0310,Joshua,Murphy,Doctor 57,2023-11-18
P0395,Raymond,Ramos,Doctor 23,2023-11-18
P0407,Stephen,Young,Doctor 66,2023-11-18
P0420,Thomas,Castillo,Doctor 48,2023-11-18
P0479,Laura,Edwards,Doctor 11,2023-11-18
P0672,Kevin,Price,Doctor 9,2023-11-18
P0822,Jeffrey,Murphy,Doctor 69,2023-11-18
P0843,Susan,Morales,Doctor 81,2023-11-18
P0905,Jacob,Taylor,Doctor 21,2023-11-18
P1181,Christopher,Watson,Doctor 93,2023-11-18
P1215,Jacob,Hill,Doctor 24,2023-11-18
P1276,John,Miller,Doctor 67,2023-11-18
P1348,Robert,Wright,Doctor 43,2023-11-18
P1352,Timothy,Lee,Doctor 19,2023-11-18
P1373,Christopher,Young,Doctor 8,2023-11-18
P1427,Brandon,Hughes,Doctor 69,2023-11-18
P1446,Jessica,Watson,Doctor 36,2023-11-18
P1464,James,Cooper,Doctor 4,2023-11-18
P1481,Jennifer,Bailey,Doctor 54,2023-11-18
P1705,Dennis,Lopez,Doctor 83,2023-11-18
P1774,Helen,Martin,Doctor 23,2023-11-18
P1804,Donna,Clark,Doctor 53,2023-11-18
P1829,Andrew,Scott,Doctor 60,2023-11-18
P1850,Joseph,Taylor,Doctor 44,2023-11-18
P1929,Joseph,Carter,Doctor 44,2023-11-18
P2115,Susan,Nelson,Doctor 41,2023-11-18
P0185,Amy,Moore,Doctor 6,2023-11-19
P0225,Donald,Carter,Doctor 100,2023-11-19
P0274,Helen,Robinson,Doctor 79,2023-11-19
P0327,Dorothy,Diaz,Doctor 8,2023-11-19
P0425,Donald,Hill,Doctor 96,2023-11-19
P0493,Carol,Roberts,Doctor 33,2023-11-19
P0559,Lisa,Jones,Doctor 95,2023-11-19
P0594,Brenda,Martinez,Doctor 86,2023-11-19
P0601,Steven,Cooper,Doctor 78,2023-11-19
P0624,Timothy,Cruz,Doctor 56,2023-11-19
P0752,Ronald,Morgan,Doctor 54,2023-11-19
P0798,Sandra,Hall,Doctor 57,2023-11-19
P0960,Nicholas,Sanchez,Doctor 55,2023-11-19
P0978,Emma,Davis,Doctor 13,2023-11-19
P1101,Charles,Sanders,Doctor 64,2023-11-19
P1183,Benjamin,Mitchell,Doctor 42,2023-11-19
P1331,Lisa,Watson,Doctor 74,2023-11-19
P1340,Nancy,James,Doctor 65,2023-11-19
P1468,Timothy,Lopez,Doctor 79,2023-11-19
P1484,Scott,Hughes,Doctor 45,2023-11-19
P1630,Lisa,Hernandez,Doctor 66,2023-11-19
P1632,Scott,Taylor,Doctor 30,2023-11-19
P1891,Dennis,Bennett,Doctor 39,2023-11-19
P1903,Karen,Thomas,Doctor 1,2023-11-19
P2175,Karen,Morris,Doctor 61,2023-11-19
P2254,Kenneth,Campbell,Doctor 75,2023-11-19
P2262,Carol,Rodriguez,Doctor 32,2023-11-19
P2302,Kimberly,Perez,Doctor 17,2023-11-19
P0026,Joshua,Scott,Doctor 88,2023-11-20
P0044,Barbara,Cooper,Doctor 75,2023-11-20
P0197,Cynthia,Perez,Doctor 4,2023-11-20
P0206,Tyler,Morris,Doctor 17,2023-11-20
P0384,Anthony,Reyes,Doctor 63,2023-11-20
P0701,Larry,Edwards,Doctor 57,2023-11-20
P0716,George,Gonzalez,Doctor 76,2023-11-20
P0725,Sarah,Wood,Doctor 17,2023-11-20
P0875,Nancy,Alvarez,Doctor 55,2023-11-20
P0904,Aaron,Smith,Doctor 71,2023-11-20
P0919,Aaron,Robinson,Doctor 6,2023-11-20
P1087,Angela,Gray,Doctor 58,2023-11-20
P1106,Thomas,Campbell,Doctor 14,2023-11-20
P1157,James,Edwards,Doctor 68,2023-11-20
P1171,Jose,King,Doctor 27,2023-11-20
P1455,Gary,Ruiz,Doctor 90,2023-11-20
P1455,Gary,Ruiz,Doctor 88,2023-11-20
P1460,Christopher,Gonzalez,Doctor 4,2023-11-20
P1522,Linda,Parker,Doctor 31,2023-11-20
P1710,Deborah,Wright,Doctor 93,2023-11-20
P1762,John,Kelly,Doctor 69,2023-11-20
P1784,Melissa,Cook,Doctor 27,2023-11-20
P1804,Donna,Clark,Doctor 53,2023-11-20
P1824,Susan,Allen,Doctor 13,2023-11-20
P1904,Jason,Hill,Doctor 15,2023-11-20
P1911,Shirley,Ward,Doctor 12,2023-11-20
P2120,Laura,Nguyen,Doctor 72,2023-11-20
P2156,Virginia,Phillips,Doctor 12,2023-11-20
P2214,Nancy,Cooper,Doctor 75,2023-11-20
P2234,Shirley,Lewis,Doctor 19,2023-11-20
P2264,Kathleen,Nelson,Doctor 25,2023-11-20
P0079,Jennifer,Evans,Doctor 24,2023-11-21
P0113,Robert,Brooks,Doctor 84,2023-11-21
P0133,Joseph,Jones,Doctor 82,2023-11-21
P0161,Melissa,Phillips,Doctor 95,2023-11-21
P0354,Mary,Clark,Doctor 77,2023-11-21
P0419,Larry,Martinez,Doctor 54,2023-11-21
P0495,Kathleen,Jackson,Doctor 24,2023-11-21
P0557,Christopher,Thomas,Doctor 28,2023-11-21
P0661,Charles,Rodriguez,Doctor 33,2023-11-21
P0677,Christopher,Mitchell,Doctor 39,2023-11-21
P0707,Lisa,Gray,Doctor 55,2023-11-21
P0825,Jerry,Hernandez,Doctor 46,2023-11-21
P0851,Jerry,Garcia,Doctor 12,2023-11-21
P0937,Angela,James,Doctor 32,2023-11-21
P1070,John,Morris,Doctor 63,2023-11-21
P1086,Steven,Reed,Doctor 72,2023-11-21
P1283,Robert,Parker,Doctor 57,2023-11-21
P1291,Lisa,Torres,Doctor 63,2023-11-21
P1401,David,Lewis,Doctor 54,2023-11-21
P1426,Brandon,Ortiz,Doctor 9,2023-11-21
P1497,Richard,King,Doctor 36,2023-11-21
P1556,Cynthia,Lewis,Doctor 47,2023-11-21
P1588,Lisa,Young,Doctor 44,2023-11-21
P1627,Jessica,Ward,Doctor 31,2023-11-21
P1674,Jonathan,Williams,Doctor 31,2023-11-21
P1849,Robert,Gomez,Doctor 3,2023-11-21
P1854,Ruth,Perez,Doctor 67,2023-11-21
P1891,Dennis,Bennett,Doctor 39,2023-11-21
P1960,Donna,Morris,Doctor 50,2023-11-21
P1985,Patricia,Hall,Doctor 82,2023-11-21
P2241,Virginia,Parker,Doctor 41,2023-11-21
P2242,Betty,Wilson,Doctor 1,2023-11-21
P2286,Deborah,Richardson,Doctor 12,2023-11-21
P2295,Raymond,Jackson,Doctor 64,2023-11-21
P0148,Matthew,Flores,Doctor 22,2023-11-22
P0230,Michelle,Anderson,Doctor 95,2023-11-22
P0262,Aaron,Scott,Doctor 55,2023-11-22
P0394,Scott,Lee,Doctor 46,2023-11-22
P0406,Elizabeth,Perez,Doctor 14,2023-11-22
P0437,Dennis,Ortiz,Doctor 73,2023-11-22
P0520,Brandon,Moore,Doctor 100,2023-11-22
P0594,Brenda,Martinez,Doctor 86,2023-11-22
P0617,Steven,King,Doctor 29,2023-11-22
P0621,Sarah,Davis,Doctor 72,2023-11-22
P0847,Steven,Hernandez,Doctor 45,2023-11-22
P0865,Anthony,Ramos,Doctor 93,2023-11-22
P1077,Sandra,Castillo,Doctor 93,2023-11-22
P1086,Steven,Reed,Doctor 12,2023-11-22
P1144,Eric,Hill,Doctor 11,2023-11-22
P1348,Robert,Wright,Doctor 43,2023-11-22
P1366,Andrew,Price,Doctor 81,2023-11-22
P1394,Jerry,Watson,Doctor 63,2023-11-22
P1409,Frank,Brooks,Doctor 21,2023-11-22
P1435,Jacob,Myers,Doctor 99,2023-11-22
P1524,Patricia,Adams,Doctor 29,2023-11-22
P1549,Patrick,King,Doctor 71,2023-11-22
P1675,Nancy,Wood,Doctor 58,2023-11-22
P1694,Charles,Ramos,Doctor 31,2023-11-22
P1703,Kathleen,Perez,Doctor 33,2023-11-22
P1943,John,White,Doctor 69,2023-11-22
P1977,Cynthia,Patel,Doctor 36,2023-11-22
P2031,Joseph,Rodriguez,Doctor 40,2023-11-22
P2053,Nicholas,Ortiz,Doctor 53,2023-11-22
P2200,Joshua,Castillo,Doctor 48,2023-11-22
P2242,Betty,Wilson,Doctor 1,2023-11-22
P2304,William,Rogers,Doctor 27,2023-11-22
P0136,Jennifer,Ruiz,Doctor 71,2023-11-23
P0179,Laura,Torres,Doctor 42,2023-11-23
P0276,Michelle,Watson,Doctor 22,2023-11-23
P0282,Ronald,Perez,Doctor 60,2023-11-23
P0290,Susan,Phillips,Doctor 13,2023-11-23
P0315,Joshua,Cruz,Doctor 43,2023-11-23
P0325,Joseph,Stewart,Doctor 7,2023-11-23
P0429,Brandon,Parker,Doctor 92,2023-11-23
P0437,Dennis,Ortiz,Doctor 73,2023-11-23
P0549,Susan,King,Doctor 57,2023-11-23
P0550,Brenda,Jones,Doctor 10,2023-11-23
P0745,Scott,Rodriguez,Doctor 80,2023-11-23
P0794,Nancy,Green,Doctor 77,2023-11-23
P0891,Linda,Gonzalez,Doctor 43,2023-11-23
P0915,Jason,Young,Doctor 26,2023-11-23
P0995,Frank,Wood,Doctor 6,2023-11-23
P1018,Benjamin,Nelson,Doctor 48,2023-11-23
P1206,Nicholas,King,Doctor 28,2023-11-23
P1208,Tyler,Carter,Doctor 61,2023-11-23
P1229,Ruth,Morales,Doctor 54,2023-11-23
P1299,Karen,Hernandez,Doctor 2,2023-11-23
P1305,Stephen,Davis,Doctor 88,2023-11-23
P1318,Sarah,Robinson,Doctor 85,2023-11-23
P1412,Rebecca,Roberts,Doctor 66,2023-11-23
P1422,Kenneth,Hill,Doctor 60,2023-11-23
P1716,Aaron,Turner,Doctor 45,2023-11-23
P1723,Anthony,Johnson,Doctor 35,2023-11-23
P1802,Matthew,Young,Doctor 23,2023-11-23
P1806,Jose,Baker,Doctor 45,2023-11-23
P1967,Ronald,Moore,Doctor 43,2023-11-23
P2106,David,Martin,Doctor 40,2023-11-23
P2111,Jason,Wood,Doctor 86,2023-11-23
P2153,Rebecca,White,Doctor 19,2023-11-23
P2240,Michelle,Ramos,Doctor 61,2023-11-23
P2256,Sarah,Carter,Doctor 96,2023-11-23
P0038,Alexander,Jackson,Doctor 28,2023-11-24
P0043,Nancy,Cruz,Doctor 36,2023-11-24
P0086,Karen,Myers,Doctor 53,2023-11-24
P0164,Donna,Martinez,Doctor 3,2023-11-24
P0205,Jessica,Morris,Doctor 14,2023-11-24
P0212,Jose,Castillo,Doctor 63,2023-11-24
P0229,Sandra,Lopez,Doctor 59,2023-11-24
P0269,Dorothy,Ruiz,Doctor 66,2023-11-24
P0321,Brandon,Castillo,Doctor 98,2023-11-24
P0435,Kimberly,Hughes,Doctor 97,2023-11-24
P0439,Alexander,Cruz,Doctor 82,2023-11-24
P0659,Sharon,Garcia,Doctor 90,2023-11-24
P0719,Raymond,Campbell,Doctor 7,2023-11-24
P0785,Joseph,Cruz,Doctor 85,2023-11-24
P0794,Nancy,Green,Doctor 77,2023-11-24
P0853,Karen,Sanchez,Doctor 45,2023-11-24
P0858,Aaron,Alvarez,Doctor 84,2023-11-24
P0971,Larry,Wood,Doctor 82,2023-11-24
P0987,Ruth,Turner,Doctor 31,2023-11-24
P1006,George,Morris,Doctor 38,2023-11-24
P1027,Melissa,Martinez,Doctor 78,2023-11-24
P1029,Larry,Rivera,Doctor 3,2023-11-24
P1154,Jacob,Jackson,Doctor 78,2023-11-24
P1268,Ruth,Kelly,Doctor 11,2023-11-24
P1367,Alexander,Carter,Doctor 31,2023-11-24
P1456,Deborah,Morris,Doctor 13,2023-11-24
P1483,Edward,Ortiz,Doctor 84,2023-11-24
P1593,Jonathan,Mitchell,Doctor 92,2023-11-24
P1595,Brenda,Carter,Doctor 62,2023-11-24
P1666,Matthew,Ruiz,Doctor 53,2023-11-24
P1723,Anthony,Johnson,Doctor 70,2023-11-24
P1913,Timothy,Kim,Doctor 17,2023-11-24
P2136,Nicholas,Gutierrez,Doctor 6,2023-11-24
P2288,Laura,Young,Doctor 24,2023-11-24
P2296,Dorothy,Harris,Doctor 12,2023-11-24
P0177,Melissa,Campbell,Doctor 75,2023-11-25
P0190,Shirley,Rivera,Doctor 9,2023-11-25
P0346,Kathleen,Hughes,Doctor 62,2023-11-25
P0476,Deborah,Jackson,Doctor 65,2023-11-25
P0630,Mary,Mitchell,Doctor 78,2023-11-25
P0651,Amy,Lee,Doctor 19,2023-11-25
P0737,Ruth,Green,Doctor 67,2023-11-25
P0744,Patricia,Reed,Doctor 48,2023-11-25
P0745,Scott,Rodriguez,Doctor 80,2023-11-25
P0756,Betty,Myers,Doctor 87,2023-11-25
P0879,Donna,King,Doctor 4,2023-11-25
P0992,Anthony,Wilson,Doctor 59,2023-11-25
P1004,Donald,Kim,Doctor 16,2023-11-25
P1013,Frank,Ward,Doctor 80,2023-11-25
P1075,Sharon,Gonzalez,Doctor 62,2023-11-25
P1159,Stephen,Jones,Doctor 67,2023-11-25
P1254,Timothy,Mendoza,Doctor 78,2023-11-25
P1258,Kenneth,Lewis,Doctor 83,2023-11-25
P1342,Karen,Collins,Doctor 53,2023-11-25
P1414,Barbara,Bennett,Doctor 99,2023-11-25
P1420,Tyler,Baker,Doctor 75,2023-11-25
P1449,James,Allen,Doctor 98,2023-11-25
P1506,Kathleen,Edwards,Doctor 44,2023-11-25
P1595,Brenda,Carter,Doctor 78,2023-11-25
P1651,Anthony,Ortiz,Doctor 59,2023-11-25
P1669,Joseph,Cooper,Doctor 86,2023-11-25
P1740,Dennis,Harris,Doctor 17,2023-11-25
P1744,George,Stewart,Doctor 67,2023-11-25
P1770,Helen,Wilson,Doctor 65,2023-11-25
P1783,Edward,Alvarez,Doctor 45,2023-11-25
P1845,John,Bennett,Doctor 99,2023-11-25
P2088,Ruth,Murphy,Doctor 43,2023-11-25
P2240,Michelle,Ramos,Doctor 61,2023-11-25
P2268,Carol,Carter,Doctor 9,2023-11-25
P2277,Brenda,Patel,Doctor 23,2023-11-25
P2287,Dennis,Wood,Doctor 27,2023-11-25
P0019,Emma,Rogers,Doctor 1,2023-11-26
P0114,Anna,Smith,Doctor 15,2023-11-26
P0117,Eric,Brown,Doctor 4,2023-11-26
P0216,Daniel,Kelly,Doctor 32,2023-11-26
P0257,Aaron,Chavez,Doctor 54,2023-11-26
P0266,Dorothy,Gonzalez,Doctor 11,2023-11-26
P0582,William,Lee,Doctor 12,2023-11-26
P0751,Jose,Chavez,Doctor 80,2023-11-26
P0752,Ronald,Morgan,Doctor 54,2023-11-26
P0980,Daniel,Campbell,Doctor 73,2023-11-26
P1035,George,Garcia,Doctor 6,2023-11-26
P1219,Dennis,Baker,Doctor 65,2023-11-26
P1328,Mary,Walker,Doctor 29,2023-11-26
P1344,Ruth,Cox,Doctor 91,2023-11-26
P1407,Michael,Scott,Doctor 1,2023-11-26
P1633,George,King,Doctor 20,2023-11-26
P1724,Carol,Flores,Doctor 21,2023-11-26
P1836,Nancy,Kelly,Doctor 45,2023-11-26
P1846,Gregory,Hall,Doctor 19,2023-11-26
P1849,Robert,Gomez,Doctor 3,2023-11-26
P1931,Aaron,Green,Doctor 48,2023-11-26
P2099,Joshua,Garcia,Doctor 56,2023-11-26
P2200,Joshua,Castillo,Doctor 48,2023-11-26
P0141,Deborah,Scott,Doctor 62,2023-11-27
P0156,Sharon,Carter,Doctor 70,2023-11-27
P0316,Andrew,Cruz,Doctor 89,2023-11-27
P0326,Lisa,Peterson,Doctor 75,2023-11-27
P0350,Michelle,Mendoza,Doctor 15,2023-11-27
P0471,Thomas,Gomez,Doctor 62,2023-11-27
P0728,Jack,Martinez,Doctor 27,2023-11-27
P0754,Virginia,Morgan,Doctor 35,2023-11-27
P0784,Alexander,Harris,Doctor 40,2023-11-27
P0852,Jason,Richardson,Doctor 97,2023-11-27
P0858,Aaron,Alvarez,Doctor 8,2023-11-27
P0867,Kimberly,Green,Doctor 88,2023-11-27
P0899,Brandon,Martin,Doctor 22,2023-11-27
P0938,Cynthia,Jackson,Doctor 79,2023-11-27
P0968,Patricia,Turner,Doctor 40,2023-11-27
P1155,Kimberly,Hill,Doctor 17,2023-11-27
P1169,Justin,Gonzalez,Doctor 67,2023-11-27
P1198,Helen,Morales,Doctor 11,2023-11-27
P1249,William,Hall,Doctor 37,2023-11-27
P1250,Charles,King,Doctor 90,2023-11-27
P1352,Timothy,Lee,Doctor 23,2023-11-27
P1489,Anna,Castillo,Doctor 78,2023-11-27
P1518,Deborah,Reyes,Doctor 28,2023-11-27
P1580,John,Sanchez,Doctor 25,2023-11-27
P1621,Andrew,Davis,Doctor 11,2023-11-27
P1678,Stephen,Morris,Doctor 85,2023-11-27
P1791,Christopher,Taylor,Doctor 34,2023-11-27
P1792,Dennis,Anderson,Doctor 7,2023-11-27
P1952,Karen,Evans,Doctor 70,2023-11-27
P1969,Anna,Mendoza,Doctor 8,2023-11-27
P2154,Helen,Smith,Doctor 14,2023-11-27
P2201,Lisa,Nelson,Doctor 42,2023-11-27
P2220,Kimberly,Cooper,Doctor 49,2023-11-27
P2256,Sarah,Carter,Doctor 15,2023-11-27
P0353,Jonathan,Bailey,Doctor 45,2023-11-28
P0358,Aaron,Rodriguez,Doctor 78,2023-11-28
P0385,Dorothy,Taylor,Doctor 45,2023-11-28
P0403,Linda,Reed,Doctor 87,2023-11-28
P0428,Ronald,Walker,Doctor 36,2023-11-28
P0435,Kimberly,Hughes,Doctor 97,2023-11-28
P0514,Laura,Price,Doctor 30,2023-11-28
P0646,Donna,Diaz,Doctor 74,2023-11-28
P0662,Daniel,Reed,Doctor 34,2023-11-28
P0679,Ruth,Morris,Doctor 62,2023-11-28
P0692,Amy,Brown,Doctor 64,2023-11-28
P0761,Elizabeth,Brown,Doctor 12,2023-11-28
P0925,Joseph,Thomas,Doctor 85,2023-11-28
P0996,Carol,Howard,Doctor 33,2023-11-28
P1063,Shirley,Cox,Doctor 98,2023-11-28
P1101,Charles,Sanders,Doctor 64,2023-11-28
P1354,Jose,White,Doctor 89,2023-11-28
P1386,Carol,Jones,Doctor 41,2023-11-28
P1430,Elizabeth,Martinez,Doctor 86,2023-11-28
P1522,Linda,Parker,Doctor 31,2023-11-28
P1596,Nicholas,Wright,Doctor 23,2023-11-28
P1725,Scott,Sanchez,Doctor 80,2023-11-28
P1976,Edward,White,Doctor 6,2023-11-28
P2084,Jonathan,Adams,Doctor 48,2023-11-28
P2126,Jonathan,Gomez,Doctor 82,2023-11-28
P2143,Gary,Williams,Doctor 41,2023-11-28
P2196,Larry,Sanders,Doctor 44,2023-11-28
P2197,Nancy,Gray,Doctor 90,2023-11-28
P2224,Robert,Peterson,Doctor 33,2023-11-28
P2253,William,Wilson,Doctor 24,2023-11-28
P0002,Michelle,Williams,Doctor 41,2023-11-29
P0023,Donna,Myers,Doctor 40,2023-11-29
P0214,Michelle,Stewart,Doctor 4,2023-11-29
P0275,Kevin,Flores,Doctor 60,2023-11-29
P0280,Lisa,Hughes,Doctor 35,2023-11-29
P0286,Steven,Hughes,Doctor 93,2023-11-29
P0313,Patricia,Flores,Doctor 5,2023-11-29
P0379,Justin,Nguyen,Doctor 50,2023-11-29
P0623,Laura,Rogers,Doctor 73,2023-11-29
P0650,Sandra,Collins,Doctor 34,2023-11-29
P0702,Virginia,Morales,Doctor 22,2023-11-29
P0790,Benjamin,Morgan,Doctor 24,2023-11-29
P0932,Christopher,Kim,Doctor 39,2023-11-29
P0933,Joseph,Rogers,Doctor 51,2023-11-29
P0973,Lisa,Campbell,Doctor 85,2023-11-29
P0973,Lisa,Campbell,Doctor 23,2023-11-29
P0977,James,Watson,Doctor 87,2023-11-29
P1000,Edward,Phillips,Doctor 49,2023-11-29
P1083,Sarah,Morales,Doctor 5,2023-11-29
P1084,Ruth,Howard,Doctor 27,2023-11-29
P1095,Benjamin,Ruiz,Doctor 20,2023-11-29
P1293,Ruth,Cooper,Doctor 52,2023-11-29
P1392,Dorothy,Wilson,Doctor 35,2023-11-29
P1428,Sandra,Anderson,Doctor 66,2023-11-29
P1465,Nancy,Murphy,Doctor 85,2023-11-29
P1480,Deborah,Price,Doctor 2,2023-11-29
P1495,Sandra,Chavez,Doctor 34,2023-11-29
P1762,John,Kelly,Doctor 69,2023-11-29
P1776,Carol,Robinson,Doctor 74,2023-11-29
P1818,Helen,Rogers,Doctor 63,2023-11-29
P1840,Andrew,Ortiz,Doctor 46,2023-11-29
P1884,Nancy,Lee,Doctor 42,2023-11-29
P1931,Aaron,Green,Doctor 34,2023-11-29
P2023,Brian,Miller,Doctor 93,2023-11-29
P2249,Lisa,Mendoza,Doctor 58,2023-11-29
P0065,David,Mitchell,Doctor 25,2023-11-30
P0077,Karen,Hughes,Doctor 36,2023-11-30
P0078,Ruth,Gonzalez,Doctor 40,2023-11-30
P0107,John,Green,Doctor 63,2023-11-30
P0274,Helen,Robinson,Doctor 79,2023-11-30
P0414,Tyler,Castillo,Doctor 38,2023-11-30
P0475,Jose,Garcia,Doctor 85,2023-11-30
P0519,Donna,Davis,Doctor 51,2023-11-30
P0528,Laura,Alvarez,Doctor 71,2023-11-30
P0565,Jeffrey,Perez,Doctor 12,2023-11-30
P0671,Sandra,Gutierrez,Doctor 58,2023-11-30
P0925,Joseph,Thomas,Doctor 93,2023-11-30
P0960,Nicholas,Sanchez,Doctor 55,2023-11-30
P1295,Joseph,Gonzalez,Doctor 34,2023-11-30
P1339,Matthew,Parker,Doctor 28,2023-11-30
P1401,David,Lewis,Doctor 54,2023-11-30
P1431,Michael,Reed,Doctor 9,2023-11-30
P1532,Betty,Murphy,Doctor 33,2023-11-30
P1682,Michael,Johnson,Doctor 59,2023-11-30
P1696,Raymond,Cox,Doctor 35,2023-11-30
P1934,Jonathan,Robinson,Doctor 36,2023-11-30
P1947,Melissa,Thompson,Doctor 23,2023-11-30
P1961,Deborah,Clark,Doctor 15,2023-11-30
P2057,Michelle,Gomez,Doctor 25,2023-11-30
P0062,Joshua,Reyes,Doctor 12,2023-12-01
P0065,David,Mitchell,Doctor 25,2023-12-01
P0068,Jack,Ortiz,Doctor 4,2023-12-01
P0085,Jessica,Peterson,Doctor 52,2023-12-01
P0102,Barbara,Robinson,Doctor 21,2023-12-01
P0191,Robert,Hill,Doctor 64,2023-12-01
P0211,Andrew,Morgan,Doctor 8,2023-12-01
P0294,Dennis,Miller,Doctor 66,2023-12-01
P0306,Gary,Howard,Doctor 64,2023-12-01
P0674,Justin,Lee,Doctor 29,2023-12-01
P0685,Karen,Flores,Doctor 53,2023-12-01
P0863,Brian,Edwards,Doctor 36,2023-12-01
P0894,Deborah,Mendoza,Doctor 35,2023-12-01
P0905,Jacob,Taylor,Doctor 50,2023-12-01
P1052,Michelle,Wood,Doctor 22,2023-12-01
P1079,Jessica,Ortiz,Doctor 92,2023-12-01
P1146,Sharon,Allen,Doctor 74,2023-12-01
P1236,Sarah,Gonzalez,Doctor 87,2023-12-01
P1242,Aaron,Brown,Doctor 65,2023-12-01
P1356,George,Robinson,Doctor 80,2023-12-01
P1361,Helen,Lopez,Doctor 75,2023-12-01
P1539,Mary,Phillips,Doctor 59,2023-12-01
P1636,Carol,Cooper,Doctor 92,2023-12-01
P1653,Deborah,Rodriguez,Doctor 26,2023-12-01
P1857,Donald,Davis,Doctor 58,2023-12-01
P1966,Aaron,Anderson,Doctor 2,2023-12-01
P1989,Gregory,Ortiz,Doctor 46,2023-12-01
P2090,Laura,Adams,Doctor 67,2023-12-01
P2181,Larry,Peterson,Doctor 90,2023-12-01
P2239,Jonathan,Morris,Doctor 56,2023-12-01
P2252,Donna,Sanders,Doctor 73,2023-12-01
P0009,Kimberly,Lewis,Doctor 97,2023-12-02
P0052,Sandra,Patel,Doctor 84,2023-12-02
P0103,Matthew,Bennett,Doctor 63,2023-12-02
P0147,Lisa,Wood,Doctor 17,2023-12-02
P0298,Cynthia,Stewart,Doctor 17,2023-12-02
P0332,Michael,Rogers,Doctor 3,2023-12-02
P0383,Betty,Hill,Doctor 27,2023-12-02
P0447,Barbara,Lewis,Doctor 59,2023-12-02
P0714,Laura,Hernandez,Doctor 23,2023-12-02
P0742,Stephen,Sanders,Doctor 89,2023-12-02
P0886,Sandra,Reed,Doctor 56,2023-12-02
P1008,Jose,Turner,Doctor 27,2023-12-02
P1057,Donna,Rodriguez,Doctor 8,2023-12-02
P1126,David,Kelly,Doctor 50,2023-12-02
P1223,Samuel,White,Doctor 42,2023-12-02
P1443,Nicholas,Edwards,Doctor 54,2023-12-02
P1465,Nancy,Murphy,Doctor 85,2023-12-02
P1668,Aaron,Cook,Doctor 10,2023-12-02
P2075,Tyler,Ortiz,Doctor 35,2023-12-02
P2131,Laura,Harris,Doctor 94,2023-12-02
P2152,Anthony,Morgan,Doctor 45,2023-12-02
P2192,Sarah,Harris,Doctor 65,2023-12-02
P2245,Kenneth,Richardson,Doctor 69,2023-12-02
P2270,Robert,Gray,Doctor 23,2023-12-02
P2297,Cynthia,Williams,Doctor 86,2023-12-02
P0039,Deborah,Campbell,Doctor 4,2023-12-03
P0055,Stephen,Ortiz,Doctor 14,2023-12-03
P0056,Christopher,Roberts,Doctor 11,2023-12-03
P0228,Michael,Ward,Doctor 19,2023-12-03
P0266,Dorothy,Gonzalez,Doctor 29,2023-12-03
P0276,Michelle,Watson,Doctor 22,2023-12-03
P0462,Virginia,Martinez,Doctor 46,2023-12-03
P0521,Helen,Allen,Doctor 72,2023-12-03
P0524,Patricia,Jackson,Doctor 86,2023-12-03
P0539,Carol,Ward,Doctor 88,2023-12-03
P0557,Christopher,Thomas,Doctor 71,2023-12-03
P0590,Tyler,Thompson,Doctor 36,2023-12-03
P0699,Karen,Diaz,Doctor 100,2023-12-03
P1091,Samuel,Sanchez,Doctor 31,2023-12-03
P1118,Nancy,Edwards,Doctor 51,2023-12-03
P1134,Ryan,Perez,Doctor 7,2023-12-03
P1275,Gary,Gray,Doctor 37,2023-12-03
P1327,Alexander,Castillo,Doctor 54,2023-12-03
P1408,Sandra,Ramirez,Doctor 20,2023-12-03
P1456,Deborah,Morris,Doctor 4,2023-12-03
P1468,Timothy,Lopez,Doctor 22,2023-12-03
P1512,Sharon,Campbell,Doctor 66,2023-12-03
P1588,Lisa,Young,Doctor 44,2023-12-03
P1623,Shirley,Rogers,Doctor 79,2023-12-03
P1785,Susan,Diaz,Doctor 57,2023-12-03
P1800,Dennis,Collins,Doctor 37,2023-12-03
P1960,Donna,Morris,Doctor 50,2023-12-03
P2000,Elizabeth,Thomas,Doctor 30,2023-12-03
P2024,Deborah,Cruz,Doctor 21,2023-12-03
P2041,Barbara,Murphy,Doctor 25,2023-12-03
P2084,Jonathan,Adams,Doctor 13,2023-12-03
P2125,Jacob,Carter,Doctor 77,2023-12-03
P2137,Karen,Lopez,Doctor 46,2023-12-03
P0027,Sarah,Diaz,Doctor 47,2023-12-04
P0050,Daniel,Roberts,Doctor 49,2023-12-04
P0084,Edward,Morris,Doctor 93,2023-12-04
P0117,Eric,Brown,Doctor 60,2023-12-04
P0214,Michelle,Stewart,Doctor 4,2023-12-04
P0291,Lisa,Gomez,Doctor 59,2023-12-04
P0318,Daniel,Ramirez,Doctor 33,2023-12-04
P0459,Jerry,King,Doctor 27,2023-12-04
P0602,Rebecca,Hill,Doctor 41,2023-12-04
P0686,Kimberly,Morris,Doctor 20,2023-12-04
P0794,Nancy,Green,Doctor 46,2023-12-04
P1072,Charles,Rogers,Doctor 35,2023-12-04
P1172,Angela,Cook,Doctor 38,2023-12-04
P1335,Gary,Hughes,Doctor 87,2023-12-04
P1393,Matthew,Mitchell,Doctor 87,2023-12-04
P1397,Thomas,Carter,Doctor 63,2023-12-04
P1508,George,Nguyen,Doctor 31,2023-12-04
P1606,Steven,Alvarez,Doctor 63,2023-12-04
P1627,Jessica,Ward,Doctor 31,2023-12-04
P1714,Deborah,Alvarez,Doctor 2,2023-12-04
P1760,Jerry,Perez,Doctor 73,2023-12-04
P1821,Larry,Richardson,Doctor 25,2023-12-04
P1914,Laura,Richardson,Doctor 26,2023-12-04
P2017,Frank,Sanchez,Doctor 78,2023-12-04
P2123,Carol,Morris,Doctor 28,2023-12-04
P2127,Deborah,Jones,Doctor 69,2023-12-04
P2156,Virginia,Phillips,Doctor 12,2023-12-04
P2174,Stephen,Green,Doctor 55,2023-12-04
P2209,Betty,Smith,Doctor 83,2023-12-04
P2232,Kimberly,Edwards,Doctor 22,2023-12-04
P2287,Dennis,Wood,Doctor 27,2023-12-04
P0286,Steven,Hughes,Doctor 24,2023-12-05
P0375,James,Diaz,Doctor 90,2023-12-05
P0399,Alexander,Edwards,Doctor 19,2023-12-05
P0479,Laura,Edwards,Doctor 16,2023-12-05
P0537,Jason,Taylor,Doctor 59,2023-12-05
P0540,Betty,Miller,Doctor 55,2023-12-05
P0553,Jerry,Nguyen,Doctor 51,2023-12-05
P0570,Mary,Hill,Doctor 91,2023-12-05
P0574,Ronald,Bennett,Doctor 12,2023-12-05
P0728,Jack,Martinez,Doctor 34,2023-12-05
P0780,Laura,White,Doctor 41,2023-12-05
P0887,Sarah,Murphy,Doctor 92,2023-12-05
P0887,Sarah,Murphy,Doctor 92,2023-12-05
P0993,Brandon,Reed,Doctor 12,2023-12-05
P1170,Sandra,Baker,Doctor 74,2023-12-05
P1194,Andrew,Nelson,Doctor 18,2023-12-05
P1351,William,Thomas,Doctor 9,2023-12-05
P1406,Betty,Davis,Doctor 48,2023-12-05
P1495,Sandra,Chavez,Doctor 34,2023-12-05
P1551,Mark,James,Doctor 11,2023-12-05
P1686,Alexander,Kelly,Doctor 8,2023-12-05
P1755,Jonathan,Clark,Doctor 25,2023-12-05
P2171,Gary,Myers,Doctor 26,2023-12-05
P2215,Amy,Anderson,Doctor 38,2023-12-05
P2258,James,Roberts,Doctor 41,2023-12-05
P2260,Nancy,Ramos,Doctor 85,2023-12-05
P2264,Kathleen,Nelson,Doctor 22,2023-12-05
P0107,John,Green,Doctor 16,2023-12-06
P0119,Kenneth,Bailey,Doctor 65,2023-12-06
P0142,Gary,Wilson,Doctor 87,2023-12-06
P0154,Patrick,Howard,Doctor 42,2023-12-06
P0236,Betty,Morales,Doctor 25,2023-12-06
P0329,Donna,Carter,Doctor 81,2023-12-06
P0546,Scott,Roberts,Doctor 59,2023-12-06
P0568,Carol,Martin,Doctor 61,2023-12-06
P0656,Donald,Robinson,Doctor 59,2023-12-06
P0705,Sarah,Wilson,Doctor 25,2023-12-06
P0714,Laura,Hernandez,Doctor 93,2023-12-06
P0834,Joshua,Young,Doctor 25,2023-12-06
P0896,Michelle,Morris,Doctor 17,2023-12-06
P0915,Jason,Young,Doctor 26,2023-12-06
P0956,Gregory,Rivera,Doctor 39,2023-12-06
P1044,Justin,Robinson,Doctor 76,2023-12-06
P1138,Sandra,Cook,Doctor 52,2023-12-06
P1162,Ryan,Roberts,Doctor 62,2023-12-06
P1214,Sarah,Gomez,Doctor 59,2023-12-06
P1434,Helen,Richardson,Doctor 72,2023-12-06
P1491,Raymond,Myers,Doctor 41,2023-12-06
P1511,Sarah,Kelly,Doctor 92,2023-12-06
P1561,Ryan,Torres,Doctor 33,2023-12-06
P1721,David,Bailey,Doctor 27,2023-12-06
P1752,Cynthia,Clark,Doctor 42,2023-12-06
P1762,John,Kelly,Doctor 66,2023-12-06
P1783,Edward,Alvarez,Doctor 45,2023-12-06
P1807,Kenneth,Perez,Doctor 36,2023-12-06
P1812,Donna,Moore,Doctor 66,2023-12-06
P2010,Betty,Wright,Doctor 21,2023-12-06
P2032,Jerry,Cruz,Doctor 48,2023-12-06
P2136,Nicholas,Gutierrez,Doctor 6,2023-12-06
P2237,Andrew,Clark,Doctor 77,2023-12-06
P2263,Robert,Campbell,Doctor 80,2023-12-06
P0006,Joseph,Diaz,Doctor 5,2023-12-07
P0025,Helen,Reed,Doctor 43,2023-12-07
P0157,Mary,Campbell,Doctor 66,2023-12-07
P0287,Donna,Hughes,Doctor 31,2023-12-07
P0290,Susan,Phillips,Doctor 13,2023-12-07
P0305,Dorothy,Myers,Doctor 28,2023-12-07
P0327,Dorothy,Diaz,Doctor 8,2023-12-07
P0346,Kathleen,Hughes,Doctor 47,2023-12-07
P0401,Jessica,Ruiz,Doctor 40,2023-12-07
P0439,Alexander,Cruz,Doctor 82,2023-12-07
P0450,Brandon,Collins,Doctor 77,2023-12-07
P0553,Jerry,Nguyen,Doctor 51,2023-12-07
P0687,Helen,White,Doctor 7,2023-12-07
P0695,Brenda,Green,Doctor 21,2023-12-07
P0740,Donald,Hernandez,Doctor 31,2023-12-07
P0761,Elizabeth,Brown,Doctor 70,2023-12-07
P0776,Ruth,Cook,Doctor 80,2023-12-07
P0849,Emma,Stewart,Doctor 8,2023-12-07
P0882,Helen,Perez,Doctor 96,2023-12-07
P0895,Timothy,Reed,Doctor 93,2023-12-07
P0910,Jack,Reed,Doctor 73,2023-12-07
P0934,Jerry,Kim,Doctor 32,2023-12-07
P0946,Jonathan,Collins,Doctor 35,2023-12-07
P0971,Larry,Wood,Doctor 73,2023-12-07
P0978,Emma,Davis,Doctor 13,2023-12-07
P1114,Michelle,Ramirez,Doctor 93,2023-12-07
P1151,Kevin,Robinson,Doctor 41,2023-12-07
P1221,Helen,Lee,Doctor 20,2023-12-07
P1372,Christopher,Sanchez,Doctor 68,2023-12-07
P1394,Jerry,Watson,Doctor 63,2023-12-07
P1677,Jack,Wood,Doctor 98,2023-12-07
P1777,Jerry,Ward,Doctor 74,2023-12-07
P1856,Nicholas,Williams,Doctor 30,2023-12-07
P1971,David,Ramos,Doctor 98,2023-12-07
P1979,Carol,Reed,Doctor 69,2023-12-07
P2000,Elizabeth,Thomas,Doctor 28,2023-12-07
P2036,Jeffrey,Rivera,Doctor 85,2023-12-07
P2071,Helen,Chavez,Doctor 4,2023-12-07
P2078,Michelle,Evans,Doctor 78,2023-12-07
P2108,Cynthia,Brooks,Doctor 6,2023-12-07
P2164,Betty,Baker,Doctor 30,2023-12-07
P0122,Rebecca,Taylor,Doctor 34,2023-12-08
P0130,Kenneth,Kelly,Doctor 74,2023-12-08
P0134,James,Torres,Doctor 84,2023-12-08
P0480,Sandra,Rodriguez,Doctor 81,2023-12-08
P0769,Patricia,Nelson,Doctor 78,2023-12-08
P0783,Ryan,Wood,Doctor 12,2023-12-08
P0888,William,Smith,Doctor 85,2023-12-08
P0912,Kimberly,Cook,Doctor 24,2023-12-08
P0969,Deborah,White,Doctor 91,2023-12-08
P0970,John,Hill,Doctor 10,2023-12-08
P1078,James,Johnson,Doctor 33,2023-12-08
P1107,Kathleen,Kim,Doctor 89,2023-12-08
P1194,Andrew,Nelson,Doctor 32,2023-12-08
P1273,Jessica,Lee,Doctor 29,2023-12-08
P1373,Christopher,Young,Doctor 20,2023-12-08
P1393,Matthew,Mitchell,Doctor 79,2023-12-08
P1403,Jason,Nelson,Doctor 89,2023-12-08
P1496,Larry,Clark,Doctor 66,2023-12-08
P1534,William,Campbell,Doctor 11,2023-12-08
P1577,Richard,Sanders,Doctor 77,2023-12-08
P1611,Jonathan,Wright,Doctor 66,2023-12-08
P1766,Donna,Wilson,Doctor 36,2023-12-08
P1780,Betty,Hughes,Doctor 75,2023-12-08
P1951,Gregory,Young,Doctor 34,2023-12-08
P2059,Dorothy,Carter,Doctor 30,2023-12-08
P2069,Sharon,Phillips,Doctor 15,2023-12-08
P2074,Dorothy,Bennett,Doctor 92,2023-12-08
P2087,Dennis,Carter,Doctor 27,2023-12-08
P0060,George,Campbell,Doctor 69,2023-12-09
P0144,Ruth,Price,Doctor 56,2023-12-09
P0185,Amy,Moore,Doctor 6,2023-12-09
P0338,Andrew,Hall,Doctor 23,2023-12-09
P0446,Stephen,Murphy,Doctor 74,2023-12-09
P0473,Mary,Jackson,Doctor 73,2023-12-09
P0535,Shirley,Alvarez,Doctor 77,2023-12-09
P0570,Mary,Hill,Doctor 91,2023-12-09
P0608,Robert,Ramos,Doctor 18,2023-12-09
P0610,Stephen,Myers,Doctor 31,2023-12-09
P0629,Helen,Mitchell,Doctor 69,2023-12-09
P0633,Jacob,Roberts,Doctor 75,2023-12-09
P0665,Helen,Jones,Doctor 22,2023-12-09
P0739,Linda,Lee,Doctor 99,2023-12-09
P0790,Benjamin,Morgan,Doctor 47,2023-12-09
P0847,Steven,Hernandez,Doctor 45,2023-12-09
P0852,Jason,Richardson,Doctor 97,2023-12-09
P0854,Jessica,Cooper,Doctor 69,2023-12-09
P0857,Gregory,Roberts,Doctor 6,2023-12-09
P1043,Christopher,Rivera,Doctor 30,2023-12-09
P1157,James,Edwards,Doctor 96,2023-12-09
P1160,William,Reyes,Doctor 67,2023-12-09
P1205,Kenneth,Wilson,Doctor 41,2023-12-09
P1257,Lisa,Lewis,Doctor 83,2023-12-09
P1441,Ryan,Rogers,Doctor 78,2023-12-09
P1466,Sarah,Scott,Doctor 100,2023-12-09
P1655,Gary,Diaz,Doctor 22,2023-12-09
P1689,Kathleen,Phillips,Doctor 27,2023-12-09
P1927,Rebecca,Rivera,Doctor 76,2023-12-09
P2236,Jose,Murphy,Doctor 73,2023-12-09
P0086,Karen,Myers,Doctor 53,2023-12-10
P0132,Aaron,Campbell,Doctor 88,2023-12-10
P0198,Brian,Ramirez,Doctor 61,2023-12-10
P0265,Shirley,Bennett,Doctor 25,2023-12-10
P0291,Lisa,Gomez,Doctor 59,2023-12-10
P0298,Cynthia,Stewart,Doctor 69,2023-12-10
P0327,Dorothy,Diaz,Doctor 55,2023-12-10
P0335,Kevin,Martinez,Doctor 86,2023-12-10
P0357,Nancy,Adams,Doctor 96,2023-12-10
P0513,Karen,Ramos,Doctor 84,2023-12-10
P0574,Ronald,Bennett,Doctor 12,2023-12-10
P0594,Brenda,Martinez,Doctor 86,2023-12-10
P0647,Angela,Carter,Doctor 98,2023-12-10
P0679,Ruth,Morris,Doctor 62,2023-12-10
P0782,Virginia,Walker,Doctor 64,2023-12-10
P0789,Jack,Perez,Doctor 24,2023-12-10
P0806,Jessica,Martinez,Doctor 24,2023-12-10
P0841,Sarah,Reyes,Doctor 100,2023-12-10
P0860,John,Cox,Doctor 51,2023-12-10
P0885,Dorothy,Reed,Doctor 62,2023-12-10
P0913,Brian,Rodriguez,Doctor 96,2023-12-10
P0945,Sarah,Johnson,Doctor 45,2023-12-10
P1028,Jason,Thomas,Doctor 97,2023-12-10
P1049,Karen,Anderson,Doctor 87,2023-12-10
P1105,Joseph,Roberts,Doctor 58,2023-12-10
P1125,Jessica,Hill,Doctor 33,2023-12-10
P1128,Betty,Chavez,Doctor 83,2023-12-10
P1367,Alexander,Carter,Doctor 4,2023-12-10
P1393,Matthew,Mitchell,Doctor 82,2023-12-10
P1550,Sandra,Garcia,Doctor 52,2023-12-10
P1610,Sandra,Edwards,Doctor 58,2023-12-10
P1632,Scott,Taylor,Doctor 30,2023-12-10
P1642,Kenneth,Murphy,Doctor 54,2023-12-10
P1644,Sharon,Peterson,Doctor 8,2023-12-10
P1745,Cynthia,Ruiz,Doctor 35,2023-12-10
P1843,James,Clark,Doctor 18,2023-12-10
P1963,Elizabeth,Alvarez,Doctor 52,2023-12-10
P2031,Joseph,Rodriguez,Doctor 92,2023-12-10
P2068,Aaron,Hall,Doctor 21,2023-12-10
P2085,Aaron,Kim,Doctor 15,2023-12-10
P2246,Samuel,Collins,Doctor 39,2023-12-10
P2254,Kenneth,Campbell,Doctor 75,2023-12-10
P0125,Steven,Thomas,Doctor 44,2023-12-11
P0227,Ronald,Ruiz,Doctor 89,2023-12-11
P0235,Jeffrey,Myers,Doctor 90,2023-12-11
P0259,Helen,Collins,Doctor 9,2023-12-11
P0297,Deborah,Moore,Doctor 93,2023-12-11
P0351,Emma,Jones,Doctor 27,2023-12-11
P0355,Jerry,Clark,Doctor 43,2023-12-11
P0452,Ronald,Kelly,Doctor 87,2023-12-11
P0495,Kathleen,Jackson,Doctor 24,2023-12-11
P0521,Helen,Allen,Doctor 72,2023-12-11
P0534,Nicholas,Wood,Doctor 82,2023-12-11
P0547,Ronald,Anderson,Doctor 45,2023-12-11
P0604,Samuel,James,Doctor 42,2023-12-11
P0767,Melissa,Morris,Doctor 36,2023-12-11
P0858,Aaron,Alvarez,Doctor 36,2023-12-11
P0895,Timothy,Reed,Doctor 93,2023-12-11
P0954,Michelle,Walker,Doctor 58,2023-12-11
P1126,David,Kelly,Doctor 50,2023-12-11
P1260,Sarah,Ramirez,Doctor 36,2023-12-11
P1293,Ruth,Cooper,Doctor 1,2023-12-11
P1384,Brian,Ward,Doctor 77,2023-12-11
P1598,Jack,Smith,Doctor 20,2023-12-11
P1644,Sharon,Peterson,Doctor 35,2023-12-11
P1679,Benjamin,Diaz,Doctor 18,2023-12-11
P1817,Jose,Jackson,Doctor 76,2023-12-11
P1888,Cynthia,Morris,Doctor 19,2023-12-11
P1927,Rebecca,Rivera,Doctor 76,2023-12-11
P1930,Steven,Young,Doctor 41,2023-12-11
P2094,Amy,Rodriguez,Doctor 61,2023-12-11
P2121,Sandra,Watson,Doctor 34,2023-12-11
P0012,Melissa,Ruiz,Doctor 67,2023-12-12
P0023,Donna,Myers,Doctor 40,2023-12-12
P0233,Ruth,White,Doctor 49,2023-12-12
P0262,Aaron,Scott,Doctor 55,2023-12-12
P0290,Susan,Phillips,Doctor 13,2023-12-12
P0313,Patricia,Flores,Doctor 5,2023-12-12
P0407,Stephen,Young,Doctor 24,2023-12-12
P0491,David,Smith,Doctor 14,2023-12-12
P0515,Amy,Collins,Doctor 37,2023-12-12
P0668,Joseph,Flores,Doctor 87,2023-12-12
P0734,Scott,Bailey,Doctor 46,2023-12-12
P0750,Cynthia,Hall,Doctor 98,2023-12-12
P0788,Helen,Scott,Doctor 47,2023-12-12
P0974,Sandra,Ramos,Doctor 88,2023-12-12
P1148,Frank,Thompson,Doctor 20,2023-12-12
P1169,Justin,Gonzalez,Doctor 67,2023-12-12
P1191,Ruth,Bailey,Doctor 89,2023-12-12
P1260,Sarah,Ramirez,Doctor 36,2023-12-12
P1397,Thomas,Carter,Doctor 81,2023-12-12
P1462,Virginia,Sanchez,Doctor 50,2023-12-12
P1573,Carol,Lewis,Doctor 21,2023-12-12
P1641,Karen,Davis,Doctor 2,2023-12-12
P1738,Mary,Brooks,Doctor 6,2023-12-12
P1765,George,Price,Doctor 40,2023-12-12
P2014,Sandra,Scott,Doctor 85,2023-12-12
P2038,Benjamin,Hughes,Doctor 100,2023-12-12
P2104,William,Hernandez,Doctor 70,2023-12-12
P2143,Gary,Williams,Doctor 41,2023-12-12
P2166,Sarah,Lewis,Doctor 73,2023-12-12
P2191,Ruth,Parker,Doctor 95,2023-12-12
P2196,Larry,Sanders,Doctor 93,2023-12-12
P2284,Linda,Myers,Doctor 12,2023-12-12
P0088,Andrew,Collins,Doctor 19,2023-12-13
P0120,Carol,Kelly,Doctor 65,2023-12-13
P0154,Patrick,Howard,Doctor 98,2023-12-13
P0284,Shirley,Nelson,Doctor 50,2023-12-13
P0355,Jerry,Clark,Doctor 43,2023-12-13
P0603,Rebecca,Diaz,Doctor 55,2023-12-13
P0620,Cynthia,Gray,Doctor 97,2023-12-13
P0826,Rebecca,Anderson,Doctor 54,2023-12-13
P0902,Mark,Chavez,Doctor 73,2023-12-13
P0922,Donald,Ramos,Doctor 8,2023-12-13
P1092,Benjamin,Cox,Doctor 12,2023-12-13
P1166,Gregory,Thompson,Doctor 62,2023-12-13
P1197,Nancy,Thompson,Doctor 62,2023-12-13
P1299,Karen,Hernandez,Doctor 67,2023-12-13
P1411,Frank,Nguyen,Doctor 7,2023-12-13
P1535,Betty,Gonzalez,Doctor 97,2023-12-13
P1822,Frank,Moore,Doctor 8,2023-12-13
P1887,Betty,James,Doctor 54,2023-12-13
P1913,Timothy,Kim,Doctor 69,2023-12-13
P1924,Steven,Howard,Doctor 9,2023-12-13
P1961,Deborah,Clark,Doctor 15,2023-12-13
P2071,Helen,Chavez,Doctor 4,2023-12-13
P0007,Nancy,Allen,Doctor 46,2023-12-14
P0020,Michael,Diaz,Doctor 79,2023-12-14
P0033,Justin,Richardson,Doctor 30,2023-12-14
P0057,Michelle,Diaz,Doctor 51,2023-12-14
P0177,Melissa,Campbell,Doctor 58,2023-12-14
P0231,Benjamin,Parker,Doctor 47,2023-12-14
P0382,Karen,Cooper,Doctor 94,2023-12-14
P0410,Amy,Thompson,Doctor 72,2023-12-14
P0422,Jason,Ward,Doctor 6,2023-12-14
P0443,Nancy,Cook,Doctor 16,2023-12-14
P0465,Mary,Morales,Doctor 86,2023-12-14
P0511,Sarah,Green,Doctor 78,2023-12-14
P0636,Matthew,Cooper,Doctor 45,2023-12-14
P0698,Patricia,Thompson,Doctor 76,2023-12-14
P0708,Stephen,Peterson,Doctor 34,2023-12-14
P0913,Brian,Rodriguez,Doctor 70,2023-12-14
P1030,Jacob,King,Doctor 16,2023-12-14
P1059,Betty,Carter,Doctor 53,2023-12-14
P1088,Brandon,Hernandez,Doctor 12,2023-12-14
P1092,Benjamin,Cox,Doctor 29,2023-12-14
P1158,Emma,Morales,Doctor 70,2023-12-14
P1509,Carol,Wood,Doctor 87,2023-12-14
P1544,Jeffrey,Patel,Doctor 46,2023-12-14
P1607,Aaron,Reyes,Doctor 26,2023-12-14
P1736,Eric,Diaz,Doctor 7,2023-12-14
P1752,Cynthia,Clark,Doctor 68,2023-12-14
P1786,Anna,Cruz,Doctor 83,2023-12-14
P1793,William,Nguyen,Doctor 85,2023-12-14
P1847,John,Baker,Doctor 49,2023-12-14
P1848,Ryan,Hughes,Doctor 84,2023-12-14
P1978,Sarah,Taylor,Doctor 66,2023-12-14
P2153,Rebecca,White,Doctor 43,2023-12-14
P2163,Samuel,Garcia,Doctor 42,2023-12-14
P2282,Nancy,Myers,Doctor 22,2023-12-14
P0004,Gregory,Morgan,Doctor 54,2023-12-15
P0020,Michael,Diaz,Doctor 79,2023-12-15
P0024,Timothy,Hernandez,Doctor 2,2023-12-15
P0209,Mark,Cruz,Doctor 22,2023-12-15
P0270,Andrew,Myers,Doctor 48,2023-12-15
P0564,Larry,Howard,Doctor 70,2023-12-15
P0575,Mark,Morgan,Doctor 60,2023-12-15
P0579,Timothy,Gonzalez,Doctor 10,2023-12-15
P0600,Andrew,Martinez,Doctor 10,2023-12-15
P0741,Jennifer,Ramirez,Doctor 68,2023-12-15
P0935,Michelle,Smith,Doctor 71,2023-12-15
P0999,Ronald,Miller,Doctor 14,2023-12-15
P1003,Emma,Wood,Doctor 56,2023-12-15
P1028,Jason,Thomas,Doctor 97,2023-12-15
P1031,Donna,Ruiz,Doctor 71,2023-12-15
P1268,Ruth,Kelly,Doctor 11,2023-12-15
P1360,Donna,Rivera,Doctor 39,2023-12-15
P1482,Jennifer,Lopez,Doctor 21,2023-12-15
P1487,Tyler,Clark,Doctor 35,2023-12-15
P1517,Jacob,Harris,Doctor 38,2023-12-15
P1522,Linda,Parker,Doctor 94,2023-12-15
P1565,Kathleen,Torres,Doctor 1,2023-12-15
P1674,Jonathan,Williams,Doctor 31,2023-12-15
P1744,George,Stewart,Doctor 67,2023-12-15
P2017,Frank,Sanchez,Doctor 78,2023-12-15
P2031,Joseph,Rodriguez,Doctor 92,2023-12-15
P2098,Anna,Rodriguez,Doctor 67,2023-12-15
P2102,Nicholas,Nguyen,Doctor 97,2023-12-15
P2113,Laura,Murphy,Doctor 21,2023-12-15
P2180,Ryan,Anderson,Doctor 47,2023-12-15
P2247,Stephen,Mitchell,Doctor 56,2023-12-15
P2283,Gregory,Cook,Doctor 16,2023-12-15
P0084,Edward,Morris,Doctor 38,2023-12-16
P0290,Susan,Phillips,Doctor 13,2023-12-16
P0401,Jessica,Ruiz,Doctor 39,2023-12-16
P0465,Mary,Morales,Doctor 68,2023-12-16
P0492,Christopher,Martin,Doctor 4,2023-12-16
P0501,Donna,Phillips,Doctor 51,2023-12-16
P0570,Mary,Hill,Doctor 35,2023-12-16
P0941,Kimberly,Nelson,Doctor 21,2023-12-16
P0944,Jason,Collins,Doctor 16,2023-12-16
P0948,Donald,Ramirez,Doctor 68,2023-12-16
P0970,John,Hill,Doctor 10,2023-12-16
P1035,George,Garcia,Doctor 9,2023-12-16
P1241,Helen,Torres,Doctor 47,2023-12-16
P1244,Brenda,Garcia,Doctor 34,2023-12-16
P1276,John,Miller,Doctor 67,2023-12-16
P1455,Gary,Ruiz,Doctor 88,2023-12-16
P1501,Thomas,Watson,Doctor 8,2023-12-16
P1513,Karen,Richardson,Doctor 16,2023-12-16
P1649,Betty,Kim,Doctor 46,2023-12-16
P1726,Ruth,Ramos,Doctor 51,2023-12-16
P1799,Eric,Lee,Doctor 100,2023-12-16
P1895,Benjamin,Lewis,Doctor 21,2023-12-16
P1937,Anthony,Edwards,Doctor 96,2023-12-16
P2011,Timothy,Cook,Doctor 48,2023-12-16
P2063,Jack,Allen,Doctor 70,2023-12-16
P2163,Samuel,Garcia,Doctor 42,2023-12-16
P2190,George,Morales,Doctor 98,2023-12-16
P0074,Emma,Gutierrez,Doctor 22,2023-12-17
P0172,Donna,Scott,Doctor 84,2023-12-17
P0251,Kimberly,Campbell,Doctor 77,2023-12-17
P0353,Jonathan,Bailey,Doctor 45,2023-12-17
P0399,Alexander,Edwards,Doctor 19,2023-12-17
P0410,Amy,Thompson,Doctor 38,2023-12-17
P0540,Betty,Miller,Doctor 77,2023-12-17
P0835,Christopher,Morgan,Doctor 17,2023-12-17
P0856,John,Rodriguez,Doctor 92,2023-12-17
P0896,Michelle,Morris,Doctor 17,2023-12-17
P0984,Robert,Baker,Doctor 42,2023-12-17
P0990,Helen,Brown,Doctor 72,2023-12-17
P1070,John,Morris,Doctor 62,2023-12-17
P1098,David,Scott,Doctor 1,2023-12-17
P1125,Jessica,Hill,Doctor 28,2023-12-17
P1211,Jessica,Green,Doctor 59,2023-12-17
P1321,Jose,Edwards,Doctor 18,2023-12-17
P1388,Nancy,Reyes,Doctor 94,2023-12-17
P1406,Betty,Davis,Doctor 48,2023-12-17
P1512,Sharon,Campbell,Doctor 66,2023-12-17
P1630,Lisa,Hernandez,Doctor 66,2023-12-17
P1648,Anna,Gutierrez,Doctor 44,2023-12-17
P1810,Virginia,Howard,Doctor 15,2023-12-17
P2006,Melissa,Young,Doctor 75,2023-12-17
P2170,Helen,Phillips,Doctor 14,2023-12-17
P2225,Kevin,Mendoza,Doctor 31,2023-12-17
P0086,Karen,Myers,Doctor 53,2023-12-18
P0109,Jack,Thompson,Doctor 34,2023-12-18
P0209,Mark,Cruz,Doctor 22,2023-12-18
P0216,Daniel,Kelly,Doctor 32,2023-12-18
P0499,James,Young,Doctor 37,2023-12-18
P0517,Jonathan,Lopez,Doctor 54,2023-12-18
P0541,Sandra,Alvarez,Doctor 51,2023-12-18
P0608,Robert,Ramos,Doctor 88,2023-12-18
P0733,Lisa,Flores,Doctor 88,2023-12-18
P0775,Jason,Reyes,Doctor 11,2023-12-18
P0789,Jack,Perez,Doctor 24,2023-12-18
P0871,Nancy,Rodriguez,Doctor 44,2023-12-18
P0993,Brandon,Reed,Doctor 12,2023-12-18
P1185,Brenda,Murphy,Doctor 50,2023-12-18
P1264,Ryan,King,Doctor 74,2023-12-18
P1282,Rebecca,Lopez,Doctor 3,2023-12-18
P1336,Carol,Hernandez,Doctor 97,2023-12-18
P1505,Frank,Rodriguez,Doctor 81,2023-12-18
P1510,Kimberly,Howard,Doctor 52,2023-12-18
P1629,Amy,Watson,Doctor 24,2023-12-18
P1882,Jennifer,Green,Doctor 81,2023-12-18
P1936,Cynthia,Ward,Doctor 32,2023-12-18
P1987,Frank,Garcia,Doctor 74,2023-12-18
P2037,Mary,Alvarez,Doctor 68,2023-12-18
P2154,Helen,Smith,Doctor 14,2023-12-18
P2259,Sandra,Diaz,Doctor 58,2023-12-18
P0017,Michelle,Morgan,Doctor 13,2023-12-19
P0103,Matthew,Bennett,Doctor 92,2023-12-19
P0134,James,Torres,Doctor 19,2023-12-19
P0162,Ronald,Brooks,Doctor 52,2023-12-19
P0170,Jonathan,Reed,Doctor 17,2023-12-19
P0199,Aaron,Baker,Doctor 32,2023-12-19
P0199,Aaron,Baker,Doctor 32,2023-12-19
P0282,Ronald,Perez,Doctor 60,2023-12-19
P0370,Benjamin,Wood,Doctor 72,2023-12-19
P0470,Timothy,Morgan,Doctor 68,2023-12-19
P0523,John,Cook,Doctor 62,2023-12-19
P0596,Ruth,Nelson,Doctor 59,2023-12-19
P0607,Aaron,Stewart,Doctor 8,2023-12-19
P0632,Jessica,Garcia,Doctor 86,2023-12-19
P0962,Karen,Rodriguez,Doctor 43,2023-12-19
P1027,Melissa,Martinez,Doctor 78,2023-12-19
P1052,Michelle,Wood,Doctor 63,2023-12-19
P1068,Anna,Hall,Doctor 82,2023-12-19
P1205,Kenneth,Wilson,Doctor 41,2023-12-19
P1345,Melissa,Thomas,Doctor 68,2023-12-19
P1372,Christopher,Sanchez,Doctor 68,2023-12-19
P1480,Deborah,Price,Doctor 16,2023-12-19
P1531,Gary,Jones,Doctor 96,2023-12-19
P1639,Eric,Allen,Doctor 32,2023-12-19
P1814,Sandra,Nelson,Doctor 18,2023-12-19
P1909,Kathleen,Ramos,Doctor 17,2023-12-19
P1922,Betty,Jones,Doctor 7,2023-12-19
P1976,Edward,White,Doctor 40,2023-12-19
P2039,Patrick,Ward,Doctor 22,2023-12-19
P2086,Elizabeth,Williams,Doctor 48,2023-12-19
P2196,Larry,Sanders,Doctor 93,2023-12-19
P2245,Kenneth,Richardson,Doctor 69,2023-12-19
P0084,Edward,Morris,Doctor 38,2023-12-20
P0333,Deborah,Anderson,Doctor 87,2023-12-20
P0337,David,Collins,Doctor 63,2023-12-20
P0347,Deborah,Wilson,Doctor 41,2023-12-20
P0364,Sandra,Cooper,Doctor 34,2023-12-20
P0392,Tyler,Gray,Doctor 32,2023-12-20
P0523,John,Cook,Doctor 62,2023-12-20
P0546,Scott,Roberts,Doctor 59,2023-12-20
P0681,Anthony,Brooks,Doctor 12,2023-12-20
P0705,Sarah,Wilson,Doctor 25,2023-12-20
P0831,Ronald,Wood,Doctor 38,2023-12-20
P0840,Aaron,Miller,Doctor 73,2023-12-20
P0850,Justin,Ramos,Doctor 24,2023-12-20
P1110,Barbara,Gutierrez,Doctor 91,2023-12-20
P1138,Sandra,Cook,Doctor 45,2023-12-20
P1153,Charles,Cook,Doctor 9,2023-12-20
P1249,William,Hall,Doctor 37,2023-12-20
P1294,William,Jackson,Doctor 87,2023-12-20
P1314,Ruth,Thompson,Doctor 12,2023-12-20
P1350,Alexander,Watson,Doctor 88,2023-12-20
P1353,Sandra,Rivera,Doctor 14,2023-12-20
P1401,David,Lewis,Doctor 55,2023-12-20
P1514,Sharon,Wilson,Doctor 94,2023-12-20
P1531,Gary,Jones,Doctor 96,2023-12-20
P1559,James,Castillo,Doctor 73,2023-12-20
P1650,Laura,Moore,Doctor 16,2023-12-20
P1703,Kathleen,Perez,Doctor 33,2023-12-20
P1711,Stephen,Gray,Doctor 62,2023-12-20
P1749,Michelle,Mitchell,Doctor 54,2023-12-20
P1754,John,Flores,Doctor 84,2023-12-20
P1920,Carol,Smith,Doctor 74,2023-12-20
P1941,Emma,Richardson,Doctor 57,2023-12-20
P2031,Joseph,Rodriguez,Doctor 92,2023-12-20
P2076,Patrick,Watson,Doctor 25,2023-12-20
P2101,Linda,Roberts,Doctor 86,2023-12-20
P2171,Gary,Myers,Doctor 31,2023-12-20
P0046,Anthony,Gonzalez,Doctor 63,2023-12-21
P0046,Anthony,Gonzalez,Doctor 63,2023-12-21
P0132,Aaron,Campbell,Doctor 42,2023-12-21
P0205,Jessica,Morris,Doctor 14,2023-12-21
P0217,Cynthia,Murphy,Doctor 54,2023-12-21
P0246,Stephen,Howard,Doctor 44,2023-12-21
P0292,Ruth,Johnson,Doctor 30,2023-12-21
P0395,Raymond,Ramos,Doctor 55,2023-12-21
P0443,Nancy,Cook,Doctor 16,2023-12-21
P0476,Deborah,Jackson,Doctor 95,2023-12-21
P0606,Ruth,Phillips,Doctor 7,2023-12-21
P0620,Cynthia,Gray,Doctor 97,2023-12-21
P0673,Kathleen,Parker,Doctor 20,2023-12-21
P0719,Raymond,Campbell,Doctor 7,2023-12-21
P0749,Larry,Ruiz,Doctor 63,2023-12-21
P0768,Patrick,Phillips,Doctor 32,2023-12-21
P0770,Eric,Smith,Doctor 46,2023-12-21
P0896,Michelle,Morris,Doctor 26,2023-12-21
P1019,Shirley,Wilson,Doctor 8,2023-12-21
P1065,James,Flores,Doctor 18,2023-12-21
P1074,Donna,Gutierrez,Doctor 73,2023-12-21
P1100,Amy,Jackson,Doctor 72,2023-12-21
P1179,Carol,Young,Doctor 25,2023-12-21
P1188,Kathleen,Wood,Doctor 21,2023-12-21
P1251,Shirley,Hall,Doctor 10,2023-12-21
P1356,George,Robinson,Doctor 80,2023-12-21
P1361,Helen,Lopez,Doctor 75,2023-12-21
P1379,Samuel,King,Doctor 52,2023-12-21
P1387,Nicholas,Castillo,Doctor 58,2023-12-21
P1432,Thomas,Ward,Doctor 21,2023-12-21
P1556,Cynthia,Lewis,Doctor 18,2023-12-21
P1585,David,Ramirez,Doctor 87,2023-12-21
P1683,Ruth,Clark,Doctor 97,2023-12-21
P1685,Brian,Gray,Doctor 93,2023-12-21
P1759,Kimberly,Anderson,Doctor 91,2023-12-21
P1772,Melissa,Lopez,Doctor 47,2023-12-21
P1810,Virginia,Howard,Doctor 15,2023-12-21
P1868,Nancy,Richardson,Doctor 19,2023-12-21
P1957,Benjamin,Allen,Doctor 81,2023-12-21
P1962,Laura,Morris,Doctor 78,2023-12-21
P1976,Edward,White,Doctor 97,2023-12-21
P2010,Betty,Wright,Doctor 21,2023-12-21
P2199,Frank,Anderson,Doctor 29,2023-12-21
P2258,James,Roberts,Doctor 41,2023-12-21
P2271,Lisa,Rogers,Doctor 56,2023-12-21
P0027,Sarah,Diaz,Doctor 47,2023-12-22
P0197,Cynthia,Perez,Doctor 53,2023-12-22
P0198,Brian,Ramirez,Doctor 61,2023-12-22
P0610,Stephen,Myers,Doctor 50,2023-12-22
P0611,Frank,Castillo,Doctor 81,2023-12-22
P0722,Virginia,Sanders,Doctor 4,2023-12-22
P0765,Charles,Mendoza,Doctor 91,2023-12-22
P0946,Jonathan,Collins,Doctor 35,2023-12-22
P1006,George,Morris,Doctor 38,2023-12-22
P1055,Rebecca,Wood,Doctor 80,2023-12-22
P1437,Helen,Castillo,Doctor 31,2023-12-22
P1572,Patrick,Bennett,Doctor 23,2023-12-22
P1622,Sandra,Perez,Doctor 88,2023-12-22
P1705,Dennis,Lopez,Doctor 83,2023-12-22
P1774,Helen,Martin,Doctor 44,2023-12-22
P1805,Jason,Sanchez,Doctor 8,2023-12-22
P1818,Helen,Rogers,Doctor 2,2023-12-22
P2103,Frank,Cook,Doctor 54,2023-12-22
P2185,Steven,Taylor,Doctor 28,2023-12-22
P2222,John,Myers,Doctor 95,2023-12-22
P2252,Donna,Sanders,Doctor 73,2023-12-22
P2299,Mary,Wood,Doctor 58,2023-12-22
P0057,Michelle,Diaz,Doctor 32,2023-12-23
P0135,Ryan,Kim,Doctor 53,2023-12-23
P0292,Ruth,Johnson,Doctor 30,2023-12-23
P0450,Brandon,Collins,Doctor 77,2023-12-23
P0665,Helen,Jones,Doctor 5,2023-12-23
P0716,George,Gonzalez,Doctor 79,2023-12-23
P0740,Donald,Hernandez,Doctor 31,2023-12-23
P0811,Melissa,Gutierrez,Doctor 38,2023-12-23
P0846,Steven,Mitchell,Doctor 78,2023-12-23
P0895,Timothy,Reed,Doctor 93,2023-12-23
P0910,Jack,Reed,Doctor 73,2023-12-23
P0952,Sandra,Price,Doctor 85,2023-12-23
P1100,Amy,Jackson,Doctor 56,2023-12-23
P1138,Sandra,Cook,Doctor 45,2023-12-23
P1158,Emma,Morales,Doctor 70,2023-12-23
P1267,Anthony,James,Doctor 36,2023-12-23
P1356,George,Robinson,Doctor 19,2023-12-23
P1380,Sarah,Ruiz,Doctor 76,2023-12-23
P1504,George,Alvarez,Doctor 46,2023-12-23
P1558,Robert,Ortiz,Doctor 2,2023-12-23
P1571,Thomas,Nguyen,Doctor 67,2023-12-23
P1684,Emma,Price,Doctor 68,2023-12-23
P1702,Mary,Wilson,Doctor 37,2023-12-23
P1721,David,Bailey,Doctor 27,2023-12-23
P1843,James,Clark,Doctor 100,2023-12-23
P1886,Donald,Campbell,Doctor 31,2023-12-23
P1891,Dennis,Bennett,Doctor 39,2023-12-23
P1975,Rebecca,Garcia,Doctor 83,2023-12-23
P1985,Patricia,Hall,Doctor 82,2023-12-23
P2034,Daniel,Rivera,Doctor 66,2023-12-23
P2053,Nicholas,Ortiz,Doctor 53,2023-12-23
P2091,Lisa,Reed,Doctor 44,2023-12-23
P2118,Karen,Moore,Doctor 84,2023-12-23
P2128,Andrew,Reyes,Doctor 10,2023-12-23
P2266,Jason,Roberts,Doctor 16,2023-12-23
P0185,Amy,Moore,Doctor 6,2023-12-24
P0270,Andrew,Myers,Doctor 76,2023-12-24
P0390,Jack,Collins,Doctor 40,2023-12-24
P0515,Amy,Collins,Doctor 37,2023-12-24
P0694,Stephen,Martin,Doctor 92,2023-12-24
P0769,Patricia,Nelson,Doctor 64,2023-12-24
P0775,Jason,Reyes,Doctor 29,2023-12-24
P0779,Matthew,Gomez,Doctor 34,2023-12-24
P0956,Gregory,Rivera,Doctor 21,2023-12-24
P1039,Frank,Brown,Doctor 33,2023-12-24
P1060,Eric,Richardson,Doctor 93,2023-12-24
P1188,Kathleen,Wood,Doctor 21,2023-12-24
P1302,Laura,Miller,Doctor 15,2023-12-24
P1334,Anna,Reed,Doctor 37,2023-12-24
P1340,Nancy,James,Doctor 65,2023-12-24
P1373,Christopher,Young,Doctor 30,2023-12-24
P1382,Kathleen,Cook,Doctor 31,2023-12-24
P1431,Michael,Reed,Doctor 9,2023-12-24
P1443,Nicholas,Edwards,Doctor 50,2023-12-24
P1454,Jonathan,Thomas,Doctor 67,2023-12-24
P1493,Richard,Reed,Doctor 9,2023-12-24
P1581,Barbara,Rogers,Doctor 100,2023-12-24
P1602,Kevin,Kim,Doctor 60,2023-12-24
P1718,Anthony,Mendoza,Doctor 26,2023-12-24
P1790,Ruth,Walker,Doctor 45,2023-12-24
P1804,Donna,Clark,Doctor 86,2023-12-24
P1864,Tyler,Nelson,Doctor 80,2023-12-24
P1964,Richard,Cox,Doctor 74,2023-12-24
P1991,George,Lee,Doctor 97,2023-12-24
P1999,Andrew,Garcia,Doctor 99,2023-12-24
P2181,Larry,Peterson,Doctor 90,2023-12-24
P2234,Shirley,Lewis,Doctor 72,2023-12-24
P2270,Robert,Gray,Doctor 23,2023-12-24
P0105,Timothy,King,Doctor 22,2023-12-25
P0220,Daniel,Garcia,Doctor 33,2023-12-25
P0698,Patricia,Thompson,Doctor 76,2023-12-25
P0840,Aaron,Miller,Doctor 86,2023-12-25
P0844,Jeffrey,Moore,Doctor 67,2023-12-25
P0853,Karen,Sanchez,Doctor 90,2023-12-25
P1077,Sandra,Castillo,Doctor 24,2023-12-25
P1089,Jose,Morgan,Doctor 43,2023-12-25
P1091,Samuel,Sanchez,Doctor 31,2023-12-25
P1106,Thomas,Campbell,Doctor 98,2023-12-25
P1135,Justin,Allen,Doctor 85,2023-12-25
P1281,Ruth,Roberts,Doctor 66,2023-12-25
P1313,Shirley,Perez,Doctor 43,2023-12-25
P1444,Christopher,James,Doctor 62,2023-12-25
P1516,Raymond,Garcia,Doctor 27,2023-12-25
P1625,Daniel,Rodriguez,Doctor 56,2023-12-25
P1660,Kenneth,Ramos,Doctor 47,2023-12-25
P1781,Anna,Adams,Doctor 96,2023-12-25
P1815,Mark,Turner,Doctor 20,2023-12-25
P1973,Frank,Bennett,Doctor 36,2023-12-25
P1981,Angela,Harris,Doctor 85,2023-12-25
P2008,Gregory,Ruiz,Doctor 30,2023-12-25
P2035,John,Ramirez,Doctor 99,2023-12-25
P2051,Helen,Thomas,Doctor 19,2023-12-25
P2073,Joshua,Morris,Doctor 40,2023-12-25
P0033,Justin,Richardson,Doctor 6,2023-12-26
P0163,Nicholas,Watson,Doctor 72,2023-12-26
P0176,Laura,Anderson,Doctor 83,2023-12-26
P0179,Laura,Torres,Doctor 74,2023-12-26
P0402,Patricia,Bennett,Doctor 9,2023-12-26
P0411,Jennifer,Young,Doctor 56,2023-12-26
P0517,Jonathan,Lopez,Doctor 55,2023-12-26
P0579,Timothy,Gonzalez,Doctor 10,2023-12-26
P0638,Cynthia,Wright,Doctor 38,2023-12-26
P0709,Laura,Davis,Doctor 75,2023-12-26
P0770,Eric,Smith,Doctor 46,2023-12-26
P0787,Donna,Chavez,Doctor 15,2023-12-26
P0814,Deborah,Miller,Doctor 55,2023-12-26
P0985,Deborah,Johnson,Doctor 37,2023-12-26
P0989,Andrew,Morris,Doctor 91,2023-12-26
P1024,Melissa,Ramos,Doctor 3,2023-12-26
P1081,George,Ortiz,Doctor 11,2023-12-26
P1201,Mark,Sanchez,Doctor 76,2023-12-26
P1229,Ruth,Morales,Doctor 54,2023-12-26
P1287,Shirley,Baker,Doctor 58,2023-12-26
P1297,Robert,Turner,Doctor 48,2023-12-26
P1382,Kathleen,Cook,Doctor 31,2023-12-26
P1418,Jacob,Stewart,Doctor 60,2023-12-26
P1571,Thomas,Nguyen,Doctor 99,2023-12-26
P1614,Brian,Scott,Doctor 19,2023-12-26
P1645,Sarah,Miller,Doctor 27,2023-12-26
P1774,Helen,Martin,Doctor 92,2023-12-26
P1788,Jose,Taylor,Doctor 51,2023-12-26
P2058,Carol,Taylor,Doctor 64,2023-12-26
P2250,Jacob,Murphy,Doctor 75,2023-12-26
P0029,Michelle,Wilson,Doctor 65,2023-12-27
P0367,Thomas,Hill,Doctor 61,2023-12-27
P0462,Virginia,Martinez,Doctor 46,2023-12-27
P0465,Mary,Morales,Doctor 68,2023-12-27
P0483,David,Thompson,Doctor 41,2023-12-27
P0692,Amy,Brown,Doctor 81,2023-12-27
P0696,Justin,White,Doctor 25,2023-12-27
P0696,Justin,White,Doctor 25,2023-12-27
P0743,Joshua,Sanders,Doctor 21,2023-12-27
P0775,Jason,Reyes,Doctor 85,2023-12-27
P0818,Donna,Patel,Doctor 32,2023-12-27
P0926,Jacob,Cooper,Doctor 50,2023-12-27
P1093,Sharon,Wright,Doctor 42,2023-12-27
P1123,Shirley,Phillips,Doctor 92,2023-12-27
P1125,Jessica,Hill,Doctor 28,2023-12-27
P1338,Benjamin,Torres,Doctor 72,2023-12-27
P1346,Sharon,Rogers,Doctor 30,2023-12-27
P1406,Betty,Davis,Doctor 24,2023-12-27
P1508,George,Nguyen,Doctor 31,2023-12-27
P1520,Benjamin,Gutierrez,Doctor 69,2023-12-27
P1611,Jonathan,Wright,Doctor 66,2023-12-27
P1674,Jonathan,Williams,Doctor 50,2023-12-27
P1769,Justin,Anderson,Doctor 45,2023-12-27
P1968,Gary,Morgan,Doctor 62,2023-12-27
P1987,Frank,Garcia,Doctor 74,2023-12-27
P2026,Gregory,Cruz,Doctor 40,2023-12-27
P2293,Sarah,Flores,Doctor 16,2023-12-27
P2296,Dorothy,Harris,Doctor 12,2023-12-27
P0200,Raymond,Williams,Doctor 85,2023-12-28
P0208,Kenneth,Brooks,Doctor 4,2023-12-28
P0287,Donna,Hughes,Doctor 43,2023-12-28
P0317,Gregory,Rodriguez,Doctor 26,2023-12-28
P0599,Ruth,Evans,Doctor 71,2023-12-28
P0625,Charles,Hall,Doctor 48,2023-12-28
P0658,David,Hughes,Doctor 27,2023-12-28
P0724,Sarah,Hughes,Doctor 40,2023-12-28
P0862,Dorothy,Gray,Doctor 1,2023-12-28
P0890,Larry,Moore,Doctor 98,2023-12-28
P0947,Laura,Wright,Doctor 64,2023-12-28
P0988,Kimberly,Castillo,Doctor 11,2023-12-28
P0996,Carol,Howard,Doctor 61,2023-12-28
P0998,Deborah,Green,Doctor 73,2023-12-28
P1000,Edward,Phillips,Doctor 49,2023-12-28
P1131,Cynthia,Ramirez,Doctor 21,2023-12-28
P1166,Gregory,Thompson,Doctor 62,2023-12-28
P1201,Mark,Sanchez,Doctor 76,2023-12-28
P1283,Robert,Parker,Doctor 57,2023-12-28
P1300,Jerry,Smith,Doctor 80,2023-12-28
P1319,Benjamin,Martin,Doctor 58,2023-12-28
P1394,Jerry,Watson,Doctor 63,2023-12-28
P1405,Kimberly,Robinson,Doctor 76,2023-12-28
P1605,Stephen,Turner,Doctor 6,2023-12-28
P1625,Daniel,Rodriguez,Doctor 56,2023-12-28
P1643,Larry,Gutierrez,Doctor 53,2023-12-28
P1676,Aaron,Evans,Doctor 13,2023-12-28
P1770,Helen,Wilson,Doctor 3,2023-12-28
P1938,Joseph,Young,Doctor 68,2023-12-28
P2044,Benjamin,Carter,Doctor 31,2023-12-28
P2072,Justin,Jackson,Doctor 11,2023-12-28
P2112,Eric,Johnson,Doctor 44,2023-12-28
P2242,Betty,Wilson,Doctor 1,2023-12-28
P2242,Betty,Wilson,Doctor 1,2023-12-28
P0099,Betty,Brooks,Doctor 31,2023-12-29
P0111,Dorothy,Howard,Doctor 99,2023-12-29
P0151,Jessica,Hughes,Doctor 78,2023-12-29
P0236,Betty,Morales,Doctor 25,2023-12-29
P0244,Sarah,Adams,Doctor 66,2023-12-29
P0367,Thomas,Hill,Doctor 95,2023-12-29
P0390,Jack,Collins,Doctor 48,2023-12-29
P0407,Stephen,Young,Doctor 79,2023-12-29
P0445,Joseph,Walker,Doctor 42,2023-12-29
P0670,John,Cruz,Doctor 45,2023-12-29
P0683,Robert,Carter,Doctor 51,2023-12-29
P0703,Betty,Patel,Doctor 21,2023-12-29
P0959,Benjamin,Murphy,Doctor 66,2023-12-29
P1004,Donald,Kim,Doctor 16,2023-12-29
P1049,Karen,Anderson,Doctor 29,2023-12-29
P1121,Kathleen,Ruiz,Doctor 32,2023-12-29
P1131,Cynthia,Ramirez,Doctor 31,2023-12-29
P1362,Jacob,Green,Doctor 64,2023-12-29
P1558,Robert,Ortiz,Doctor 2,2023-12-29
P1559,James,Castillo,Doctor 73,2023-12-29
P1586,Jose,Nelson,Doctor 46,2023-12-29
P1712,Jason,Garcia,Doctor 8,2023-12-29
P1727,Karen,Stewart,Doctor 35,2023-12-29
P1751,Alexander,Howard,Doctor 71,2023-12-29
P1788,Jose,Taylor,Doctor 46,2023-12-29
P1867,Deborah,Brooks,Doctor 6,2023-12-29
P1946,Gary,Mitchell,Doctor 33,2023-12-29
P2105,Mary,Gonzalez,Doctor 10,2023-12-29
P2121,Sandra,Watson,Doctor 97,2023-12-29
P2237,Andrew,Clark,Doctor 77,2023-12-29
P0133,Joseph,Jones,Doctor 82,2023-12-30
P0321,Brandon,Castillo,Doctor 98,2023-12-30
P0700,John,Allen,Doctor 23,2023-12-30
P0795,Patrick,Torres,Doctor 56,2023-12-30
P0829,Justin,Hernandez,Doctor 10,2023-12-30
P1054,Sarah,Clark,Doctor 61,2023-12-30
P1216,Steven,Campbell,Doctor 66,2023-12-30
P1312,Edward,Bailey,Doctor 15,2023-12-30
P1527,Jonathan,Hill,Doctor 97,2023-12-30
P1529,Christopher,Ramirez,Doctor 100,2023-12-30
P1542,Jerry,Sanchez,Doctor 95,2023-12-30
P1645,Sarah,Miller,Doctor 11,2023-12-30
P1678,Stephen,Morris,Doctor 78,2023-12-30
P1734,Michelle,Martinez,Doctor 98,2023-12-30
P2220,Kimberly,Cooper,Doctor 49,2023-12-30