patient_id,patient_first_name,patient_last_name,doctor_id,appointment_date
P0109,Patrick,Davis,Doctor 80,2022-12-31
P0152,Betty,Young,Doctor 63,2022-12-31
P0342,Charles,Nguyen,Doctor 26,2022-12-31
P0749,Stephen,Alvarez,Doctor 64,2022-12-31
P0879,Jacob,Richardson,Doctor 73,2022-12-31
P0040,Jose,Sanders,Doctor 63,2023-01-01
P0336,Angela,Cox,Doctor 87,2023-01-01
P0451,Anna,Reyes,Doctor 26,2023-01-01
P0522,Emma,Clark,Doctor 32,2023-01-01
P0534,Karen,Hernandez,Doctor 67,2023-01-01
P0731,Brenda,Alvarez,Doctor 68,2023-01-01
P0759,Sharon,Hill,Doctor 74,2023-01-01
P0818,Shirley,Alvarez,Doctor 6,2023-01-01
P0913,Jeffrey,Mendoza,Doctor 11,2023-01-01
P0971,Anthony,Lewis,Doctor 6,2023-01-01
P1093,Frank,Smith,Doctor 94,2023-01-01
P1143,Barbara,Kelly,Doctor 83,2023-01-01
P1159,Elizabeth,Wood,Doctor 48,2023-01-01
P1307,Laura,Myers,Doctor 72,2023-01-01
P1321,Anthony,Myers,Doctor 7,2023-01-01
P1323,Joseph,Smith,Doctor 19,2023-01-01
P1342,Aaron,Brooks,Doctor 16,2023-01-01
P0052,Jeffrey,Lee,Doctor 79,2023-01-02
P0071,John,Cruz,Doctor 70,2023-01-02
P0159,Virginia,Gonzalez,Doctor 36,2023-01-02
P0212,Richard,Myers,Doctor 34,2023-01-02
P0254,Nancy,Ruiz,Doctor 78,2023-01-02
P0455,Frank,Chavez,Doctor 20,2023-01-02
P0465,David,Davis,Doctor 27,2023-01-02
P0511,James,Jones,Doctor 58,2023-01-02
P0535,Jason,Watson,Doctor 11,2023-01-02
P0711,Kenneth,Brown,Doctor 79,2023-01-02
P0721,Sarah,Cook,Doctor 80,2023-01-02
P0809,Kimberly,Mendoza,Doctor 8,2023-01-02
P0826,Nancy,Edwards,Doctor 62,2023-01-02
P0937,Samuel,Kim,Doctor 20,2023-01-02
P0984,Mary,Mitchell,Doctor 97,2023-01-02
P1027,Betty,Bailey,Doctor 14,2023-01-02
P1076,Sarah,Reed,Doctor 20,2023-01-02
P1155,Aaron,Evans,Doctor 11,2023-01-02
P1221,Alexander,Phillips,Doctor 87,2023-01-02
P1232,Deborah,Wright,Doctor 17,2023-01-02
P1263,Patricia,Allen,Doctor 74,2023-01-02
P1275,Susan,Howard,Doctor 10,2023-01-02
P1438,Gary,Miller,Doctor 5,2023-01-02
P1442,Frank,Bailey,Doctor 31,2023-01-02
P1450,Melissa,Stewart,Doctor 27,2023-01-02
P0009,Jerry,Evans,Doctor 42,2023-01-03
P0018,John,Carter,Doctor 13,2023-01-03
P0140,Barbara,Cox,Doctor 73,2023-01-03
P0342,Charles,Nguyen,Doctor 26,2023-01-03
P0402,Jeffrey,King,Doctor 79,2023-01-03
P0447,Elizabeth,Nelson,Doctor 72,2023-01-03
P0458,Donna,Mitchell,Doctor 71,2023-01-03
P0554,Raymond,Williams,Doctor 27,2023-01-03
P0640,Donald,Reed,Doctor 86,2023-01-03
P0731,Brenda,Alvarez,Doctor 68,2023-01-03
P0930,Virginia,Harris,Doctor 87,2023-01-03
P0963,Donna,Allen,Doctor 81,2023-01-03
P1035,Amy,Morgan,Doctor 3,2023-01-03
P1129,Ryan,Mitchell,Doctor 77,2023-01-03
P1226,Susan,Harris,Doctor 91,2023-01-03
P1277,Betty,Peterson,Doctor 66,2023-01-03
P1285,Jerry,Murphy,Doctor 97,2023-01-03
P1402,Ronald,Reed,Doctor 9,2023-01-03
P1452,Karen,Flores,Doctor 59,2023-01-03
P1478,Rebecca,Watson,Doctor 2,2023-01-03
P1519,Larry,Collins,Doctor 97,2023-01-03
P0043,Laura,Watson,Doctor 14,2023-01-04
P0077,Thomas,King,Doctor 48,2023-01-04
P0157,Carol,Hill,Doctor 88,2023-01-04
P0372,Charles,Bennett,Doctor 20,2023-01-04
P0377,Jessica,Martin,Doctor 16,2023-01-04
P0413,Donald,Bennett,Doctor 67,2023-01-04
P0466,Karen,King,Doctor 47,2023-01-04
P0576,Mark,Gutierrez,Doctor 82,2023-01-04
P0590,Gary,Rivera,Doctor 27,2023-01-04
P0613,Timothy,Nguyen,Doctor 48,2023-01-04
P0643,Jacob,Jackson,Doctor 89,2023-01-04
P0739,Kimberly,Smith,Doctor 57,2023-01-04
P0782,Tyler,Anderson,Doctor 15,2023-01-04
P0789,Barbara,Nguyen,Doctor 44,2023-01-04
P0795,Sandra,Gutierrez,Doctor 71,2023-01-04
P0836,Nicholas,Watson,Doctor 93,2023-01-04
P0837,Kimberly,King,Doctor 9,2023-01-04
P0965,Richard,Thomas,Doctor 61,2023-01-04
P1126,Shirley,Adams,Doctor 4,2023-01-04
P1443,Matthew,Davis,Doctor 92,2023-01-04
P1446,Jerry,Parker,Doctor 82,2023-01-04
P1482,Daniel,Cooper,Doctor 73,2023-01-04
P1506,Christopher,Roberts,Doctor 9,2023-01-04
P0088,Jessica,Turner,Doctor 86,2023-01-05
P0192,Carol,Morris,Doctor 34,2023-01-05
P0217,Gary,Richardson,Doctor 19,2023-01-05
P0345,Nancy,Hall,Doctor 58,2023-01-05
P0386,William,Bennett,Doctor 33,2023-01-05
P0402,Jeffrey,King,Doctor 79,2023-01-05
P0455,Frank,Chavez,Doctor 92,2023-01-05
P0456,Jonathan,Ward,Doctor 100,2023-01-05
P0697,Carol,Reed,Doctor 30,2023-01-05
P0736,Gary,Morris,Doctor 87,2023-01-05
P0946,Anna,Wood,Doctor 71,2023-01-05
P1104,Scott,Rivera,Doctor 4,2023-01-05
P1224,Joseph,Parker,Doctor 86,2023-01-05
P1424,Anna,Phillips,Doctor 44,2023-01-05
P1512,Jason,Anderson,Doctor 86,2023-01-05
P0062,Benjamin,Flores,Doctor 70,2023-01-06
P0147,Sarah,Morgan,Doctor 100,2023-01-06
P0190,Donna,Lopez,Doctor 54,2023-01-06
P0219,Stephen,Johnson,Doctor 23,2023-01-06
P0249,Elizabeth,Richardson,Doctor 76,2023-01-06
P0250,Kimberly,Green,Doctor 58,2023-01-06
P0412,Kimberly,James,Doctor 30,2023-01-06
P0519,Lisa,Smith,Doctor 100,2023-01-06
P0628,Daniel,Reyes,Doctor 20,2023-01-06
P0766,Helen,Campbell,Doctor 51,2023-01-06
P0815,Sandra,Sanchez,Doctor 60,2023-01-06
P0878,Donna,Gutierrez,Doctor 30,2023-01-06
P0895,Brandon,Brown,Doctor 24,2023-01-06
P0908,Aaron,Williams,Doctor 67,2023-01-06
P1051,Jason,Green,Doctor 32,2023-01-06
P1065,Kathleen,Kim,Doctor 9,2023-01-06
P1090,Ronald,Perez,Doctor 56,2023-01-06
P1102,Robert,Brown,Doctor 80,2023-01-06
P1122,Laura,King,Doctor 98,2023-01-06
P1175,Emma,Sanchez,Doctor 63,2023-01-06
P1264,Melissa,Davis,Doctor 8,2023-01-06
P1326,Rebecca,Myers,Doctor 70,2023-01-06
P1397,Raymond,Moore,Doctor 3,2023-01-06
P1405,Alexander,Williams,Doctor 67,2023-01-06
P1505,Nancy,White,Doctor 75,2023-01-06
P0082,Aaron,Martinez,Doctor 64,2023-01-07
P0139,Anna,King,Doctor 38,2023-01-07
P0169,Daniel,Bailey,Doctor 49,2023-01-07
P0251,John,Gonzalez,Doctor 83,2023-01-07
P0335,Sharon,Nelson,Doctor 52,2023-01-07
P0496,Benjamin,Morales,Doctor 33,2023-01-07
P0542,Deborah,Morales,Doctor 67,2023-01-07
P0643,Jacob,Jackson,Doctor 89,2023-01-07
P0686,Emma,Phillips,Doctor 7,2023-01-07
P0729,Benjamin,Patel,Doctor 42,2023-01-07
P0882,Justin,White,Doctor 16,2023-01-07
P0891,Ryan,Morgan,Doctor 2,2023-01-07
P0909,Mary,Hernandez,Doctor 59,2023-01-07
P1076,Sarah,Reed,Doctor 20,2023-01-07
P1128,Emma,Johnson,Doctor 31,2023-01-07
P1175,Emma,Sanchez,Doctor 63,2023-01-07
P1188,Eric,Turner,Doctor 22,2023-01-07
P1201,Donna,Murphy,Doctor 24,2023-01-07
P1242,Anthony,Kim,Doctor 52,2023-01-07
P1281,Charles,White,Doctor 45,2023-01-07
P1282,Jennifer,Walker,Doctor 56,2023-01-07
P1375,Nancy,Patel,Doctor 54,2023-01-07
P1411,Betty,Mitchell,Doctor 100,2023-01-07
P1467,James,Peterson,Doctor 58,2023-01-07
P1527,Susan,Lopez,Doctor 95,2023-01-07
P0067,Frank,Flores,Doctor 69,2023-01-08
P0155,Rebecca,Williams,Doctor 53,2023-01-08
P0170,Sharon,Evans,Doctor 10,2023-01-08
P0192,Carol,Morris,Doctor 34,2023-01-08
P0274,Brenda,Peterson,Doctor 10,2023-01-08
P0279,Barbara,Allen,Doctor 8,2023-01-08
P0305,Jennifer,Martin,Doctor 52,2023-01-08
P0425,Larry,Ward,Doctor 96,2023-01-08
P0491,Patricia,Garcia,Doctor 14,2023-01-08
P0493,Gary,Sanchez,Doctor 48,2023-01-08
P0519,Lisa,Smith,Doctor 100,2023-01-08
P0533,Helen,Lee,Doctor 89,2023-01-08
P0585,Jack,Baker,Doctor 7,2023-01-08
P0653,Andrew,Jones,Doctor 26,2023-01-08
P0758,Anna,Lopez,Doctor 33,2023-01-08
P0829,Stephen,Young,Doctor 14,2023-01-08
P0916,Christopher,Clark,Doctor 65,2023-01-08
P1082,Brian,Harris,Doctor 83,2023-01-08
P1085,Sandra,Brown,Doctor 75,2023-01-08
P1097,Donna,Reyes,Doctor 38,2023-01-08
P1133,Charles,Mendoza,Doctor 60,2023-01-08
P1143,Barbara,Kelly,Doctor 83,2023-01-08
P1278,Jessica,Brooks,Doctor 37,2023-01-08
P0105,Tyler,Clark,Doctor 13,2023-01-09
P0356,Sarah,Martin,Doctor 75,2023-01-09
P0422,Barbara,Patel,Doctor 27,2023-01-09
P0680,Jerry,Morgan,Doctor 22,2023-01-09
P0787,Karen,Gutierrez,Doctor 23,2023-01-09
P0973,George,Wright,Doctor 85,2023-01-09
P0984,Mary,Mitchell,Doctor 97,2023-01-09
P1102,Robert,Brown,Doctor 80,2023-01-09
P1254,Sarah,Wood,Doctor 73,2023-01-09
P1260,Patricia,Brooks,Doctor 60,2023-01-09
P1307,Laura,Myers,Doctor 72,2023-01-09
P1398,Sarah,Sanchez,Doctor 81,2023-01-09
P1417,Linda,Reed,Doctor 68,2023-01-09
P0057,Mark,Martin,Doctor 80,2023-01-10
P0136,Ronald,Peterson,Doctor 56,2023-01-10
P0136,Ronald,Peterson,Doctor 56,2023-01-10
P0389,Sandra,Ward,Doctor 77,2023-01-10
P0792,Sharon,Stewart,Doctor 98,2023-01-10
P0818,Shirley,Alvarez,Doctor 6,2023-01-10
P0858,Edward,Murphy,Doctor 61,2023-01-10
P0947,Richard,Rivera,Doctor 51,2023-01-10
P1044,Sharon,Hughes,Doctor 43,2023-01-10
P1051,Jason,Green,Doctor 32,2023-01-10
P1147,Justin,Diaz,Doctor 45,2023-01-10
P1485,Gregory,Harris,Doctor 100,2023-01-10
P1509,Timothy,Clark,Doctor 92,2023-01-10
P0017,Joshua,Ortiz,Doctor 56,2023-01-11
P0059,Laura,White,Doctor 10,2023-01-11
P0106,Helen,Kim,Doctor 96,2023-01-11
P0255,Sandra,Martinez,Doctor 97,2023-01-11
P0268,Kenneth,Edwards,Doctor 12,2023-01-11
P0286,Gregory,Howard,Doctor 49,2023-01-11
P0475,Kenneth,Jackson,Doctor 6,2023-01-11
P0557,Lisa,Jackson,Doctor 19,2023-01-11
P0593,Ruth,Turner,Doctor 44,2023-01-11
P0639,Cynthia,Wood,Doctor 44,2023-01-11
P0669,Shirley,Torres,Doctor 16,2023-01-11
P0773,Sarah,Patel,Doctor 64,2023-01-11
P0782,Tyler,Anderson,Doctor 15,2023-01-11
P1042,Susan,Morris,Doctor 99,2023-01-11
P1089,Jennifer,Brown,Doctor 74,2023-01-11
P1110,Elizabeth,Morales,Doctor 67,2023-01-11
P1136,Jerry,Kelly,Doctor 88,2023-01-11
P1265,Melissa,Anderson,Doctor 3,2023-01-11
P1335,Michael,Lopez,Doctor 41,2023-01-11
P1458,Alexander,Smith,Doctor 7,2023-01-11
P0015,Gary,Anderson,Doctor 99,2023-01-12
P0289,Lisa,Nelson,Doctor 29,2023-01-12
P0406,Jose,Brooks,Doctor 9,2023-01-12
P0434,Raymond,Edwards,Doctor 99,2023-01-12
P0576,Mark,Gutierrez,Doctor 82,2023-01-12
P0599,David,Nelson,Doctor 22,2023-01-12
P0741,Jeffrey,Kim,Doctor 63,2023-01-12
P0745,Jonathan,Gonzalez,Doctor 30,2023-01-12
P0833,James,Taylor,Doctor 80,2023-01-12
P0835,Laura,Brown,Doctor 12,2023-01-12
P0858,Edward,Murphy,Doctor 61,2023-01-12
P0870,Betty,Wright,Doctor 74,2023-01-12
P0881,Edward,Wilson,Doctor 34,2023-01-12
P0911,Michael,Davis,Doctor 84,2023-01-12
P0956,Thomas,Hall,Doctor 69,2023-01-12
P1013,Jose,Murphy,Doctor 55,2023-01-12
P1051,Jason,Green,Doctor 32,2023-01-12
P1058,Sandra,Cooper,Doctor 46,2023-01-12
P1103,Patrick,Carter,Doctor 42,2023-01-12
P1122,Laura,King,Doctor 98,2023-01-12
P1285,Jerry,Murphy,Doctor 97,2023-01-12
P1531,Nancy,Wilson,Doctor 60,2023-01-12
P0144,Matthew,Turner,Doctor 59,2023-01-13
P0271,Sandra,Nguyen,Doctor 63,2023-01-13
P0310,Sandra,Jackson,Doctor 48,2023-01-13
P0372,Charles,Bennett,Doctor 20,2023-01-13
P0659,Daniel,Morris,Doctor 75,2023-01-13
P0751,George,Adams,Doctor 24,2023-01-13
P0811,Sarah,Phillips,Doctor 18,2023-01-13
P0952,Helen,Cook,Doctor 12,2023-01-13
P1064,Daniel,Carter,Doctor 48,2023-01-13
P1233,Tyler,Turner,Doctor 52,2023-01-13
P1280,Edward,Young,Doctor 14,2023-01-13
P1426,John,Ruiz,Doctor 97,2023-01-13
P1440,Jonathan,Ortiz,Doctor 14,2023-01-13
P1446,Jerry,Parker,Doctor 65,2023-01-13
P1460,Aaron,Murphy,Doctor 58,2023-01-13
P1467,James,Peterson,Doctor 58,2023-01-13
P0009,Jerry,Evans,Doctor 69,2023-01-14
P0080,Sharon,Miller,Doctor 18,2023-01-14
P0130,Elizabeth,Ward,Doctor 42,2023-01-14
P0192,Carol,Morris,Doctor 34,2023-01-14
P0278,Helen,Cox,Doctor 39,2023-01-14
P0410,Michael,Anderson,Doctor 62,2023-01-14
P0422,Barbara,Patel,Doctor 27,2023-01-14
P0441,Anna,Morris,Doctor 4,2023-01-14
P0452,Sharon,Harris,Doctor 53,2023-01-14
P0490,Brenda,Kim,Doctor 44,2023-01-14
P0528,William,Wilson,Doctor 5,2023-01-14
P0672,Sarah,Diaz,Doctor 80,2023-01-14
P0765,Brian,Rodriguez,Doctor 96,2023-01-14
P0849,Shirley,Bailey,Doctor 52,2023-01-14
P0922,Kenneth,Murphy,Doctor 65,2023-01-14
P0982,Michelle,Jones,Doctor 52,2023-01-14
P0995,Ruth,Richardson,Doctor 100,2023-01-14
P1033,Dorothy,Hernandez,Doctor 54,2023-01-14
P1169,Carol,Lee,Doctor 62,2023-01-14
P1178,Shirley,Morris,Doctor 29,2023-01-14
P1181,Robert,Lewis,Doctor 50,2023-01-14
P1304,Emma,Morgan,Doctor 18,2023-01-14
P1322,Richard,Thompson,Doctor 49,2023-01-14
P1451,George,Walker,Doctor 74,2023-01-14
P0205,Edward,Ramirez,Doctor 91,2023-01-15
P0233,Donna,Nguyen,Doctor 79,2023-01-15
P0317,George,Ramirez,Doctor 4,2023-01-15
P0447,Elizabeth,Nelson,Doctor 72,2023-01-15
P0499,James,Perez,Doctor 40,2023-01-15
P0530,Gregory,Collins,Doctor 48,2023-01-15
P0694,Charles,Mitchell,Doctor 12,2023-01-15
P0715,Kimberly,Stewart,Doctor 87,2023-01-15
P0897,Ruth,Miller,Doctor 9,2023-01-15
P1039,George,Phillips,Doctor 93,2023-01-15
P1050,Ronald,Torres,Doctor 5,2023-01-15
P1181,Robert,Lewis,Doctor 50,2023-01-15
P1188,Eric,Turner,Doctor 22,2023-01-15
P1328,Eric,Rivera,Doctor 81,2023-01-15
P1330,Samuel,Kelly,Doctor 13,2023-01-15
P1332,Andrew,Stewart,Doctor 12,2023-01-15
P1383,James,Bennett,Doctor 96,2023-01-15
P1384,Joshua,Mendoza,Doctor 93,2023-01-15
P0092,Jason,Morales,Doctor 15,2023-01-16
P0207,Amy,Anderson,Doctor 96,2023-01-16
P0236,Laura,Turner,Doctor 43,2023-01-16
P0383,Susan,Jones,Doctor 70,2023-01-16
P0474,Larry,Clark,Doctor 54,2023-01-16
P0498,Edward,Myers,Doctor 95,2023-01-16
P0541,Mark,Harris,Doctor 27,2023-01-16
P0614,Betty,James,Doctor 74,2023-01-16
P0631,Ruth,Anderson,Doctor 86,2023-01-16
P0633,Jacob,Rodriguez,Doctor 84,2023-01-16
P0642,Sharon,Castillo,Doctor 65,2023-01-16
P0666,Scott,Roberts,Doctor 60,2023-01-16
P0748,Ruth,Morales,Doctor 79,2023-01-16
P0749,Stephen,Alvarez,Doctor 64,2023-01-16
P1003,Melissa,Cooper,Doctor 55,2023-01-16
P1034,Amy,Lewis,Doctor 42,2023-01-16
P1115,Cynthia,Smith,Doctor 15,2023-01-16
P1123,Kevin,Edwards,Doctor 100,2023-01-16
P1234,Sarah,Cooper,Doctor 86,2023-01-16
P1238,Helen,Ramirez,Doctor 45,2023-01-16
P1306,Anna,James,Doctor 63,2023-01-16
P1369,James,Martin,Doctor 10,2023-01-16
P1415,Jonathan,Rogers,Doctor 9,2023-01-16
P1467,James,Peterson,Doctor 32,2023-01-16
P1535,Laura,Rivera,Doctor 94,2023-01-16
P0042,Ronald,Phillips,Doctor 42,2023-01-17
P0099,Angela,Howard,Doctor 41,2023-01-17
P0274,Brenda,Peterson,Doctor 10,2023-01-17
P0320,Carol,Kelly,Doctor 59,2023-01-17
P0349,Andrew,Watson,Doctor 65,2023-01-17
P0462,Sharon,Price,Doctor 77,2023-01-17
P0540,Patrick,Thomas,Doctor 45,2023-01-17
P0695,Michael,Taylor,Doctor 19,2023-01-17
P0810,Matthew,Cook,Doctor 87,2023-01-17
P0847,Brenda,Robinson,Doctor 33,2023-01-17
P0892,Susan,Hughes,Doctor 68,2023-01-17
P0968,Sharon,Wood,Doctor 4,2023-01-17
P1124,Joseph,Kelly,Doctor 45,2023-01-17
P1338,Shirley,Ruiz,Doctor 31,2023-01-17
P1425,Tyler,Ramos,Doctor 15,2023-01-17
P1442,Frank,Bailey,Doctor 31,2023-01-17
P1506,Christopher,Roberts,Doctor 9,2023-01-17
P1510,Betty,Moore,Doctor 83,2023-01-17
P0249,Elizabeth,Richardson,Doctor 76,2023-01-18
P0371,Donald,Ward,Doctor 25,2023-01-18
P0525,Jerry,Gray,Doctor 21,2023-01-18
P0536,Jason,Richardson,Doctor 79,2023-01-18
P0633,Jacob,Rodriguez,Doctor 84,2023-01-18
P0635,Ruth,Mitchell,Doctor 75,2023-01-18
P0666,Scott,Roberts,Doctor 81,2023-01-18
P0716,Linda,Cook,Doctor 77,2023-01-18
P0805,Sarah,Garcia,Doctor 20,2023-01-18
P0824,Scott,Morgan,Doctor 17,2023-01-18
P0827,Carol,Watson,Doctor 83,2023-01-18
P0918,William,Hughes,Doctor 49,2023-01-18
P0995,Ruth,Richardson,Doctor 100,2023-01-18
P1060,Michelle,Collins,Doctor 95,2023-01-18
P1068,Nicholas,Johnson,Doctor 25,2023-01-18
P1146,Cynthia,Bennett,Doctor 92,2023-01-18
P1158,Barbara,Hughes,Doctor 11,2023-01-18
P1260,Patricia,Brooks,Doctor 60,2023-01-18
P1345,Donald,Ruiz,Doctor 85,2023-01-18
P1404,Larry,Brown,Doctor 80,2023-01-18
P0035,Angela,Alvarez,Doctor 10,2023-01-19
P0138,Deborah,Reyes,Doctor 66,2023-01-19
P0190,Donna,Lopez,Doctor 54,2023-01-19
P0242,Eric,Sanders,Doctor 39,2023-01-19
P0324,Carol,Murphy,Doctor 84,2023-01-19
P0394,Cynthia,Allen,Doctor 67,2023-01-19
P0498,Edward,Myers,Doctor 95,2023-01-19
P0558,Andrew,Smith,Doctor 64,2023-01-19
P0567,Jonathan,White,Doctor 24,2023-01-19
P0626,Samuel,Chavez,Doctor 46,2023-01-19
P0671,Emma,Robinson,Doctor 67,2023-01-19
P0729,Benjamin,Patel,Doctor 98,2023-01-19
P0735,Alexander,Sanders,Doctor 91,2023-01-19
P0921,Frank,Lopez,Doctor 39,2023-01-19
P1131,Christopher,Diaz,Doctor 10,2023-01-19
P1164,Lisa,Nguyen,Doctor 22,2023-01-19
P1274,Ronald,Hughes,Doctor 72,2023-01-19
P1412,Kathleen,Peterson,Doctor 88,2023-01-19
P1434,Sharon,Davis,Doctor 42,2023-01-19
P1525,Karen,Roberts,Doctor 58,2023-01-19
P0033,Gregory,Castillo,Doctor 14,2023-01-20
P0055,Amy,Alvarez,Doctor 66,2023-01-20
P0076,Kevin,Murphy,Doctor 21,2023-01-20
P0116,Lisa,Johnson,Doctor 8,2023-01-20
P0500,Anthony,Ramirez,Doctor 99,2023-01-20
P0567,Jonathan,White,Doctor 9,2023-01-20
P0600,Brenda,King,Doctor 94,2023-01-20
P0615,Shirley,Davis,Doctor 33,2023-01-20
P0709,Daniel,Nguyen,Doctor 65,2023-01-20
P0745,Jonathan,Gonzalez,Doctor 30,2023-01-20
P0858,Edward,Murphy,Doctor 61,2023-01-20
P1030,Karen,Anderson,Doctor 6,2023-01-20
P1188,Eric,Turner,Doctor 22,2023-01-20
P1260,Patricia,Brooks,Doctor 62,2023-01-20
P1268,Mary,Miller,Doctor 26,2023-01-20
P1288,Mark,Jones,Doctor 60,2023-01-20
P1368,Christopher,Lewis,Doctor 41,2023-01-20
P1423,Justin,Thomas,Doctor 24,2023-01-20
P1485,Gregory,Harris,Doctor 100,2023-01-20
P0089,Joshua,Patel,Doctor 78,2023-01-21
P0119,Benjamin,Jones,Doctor 9,2023-01-21
P0123,Kevin,Gonzalez,Doctor 74,2023-01-21
P0151,Sandra,Robinson,Doctor 50,2023-01-21
P0260,Michelle,Watson,Doctor 9,2023-01-21
P0282,John,Alvarez,Doctor 62,2023-01-21
P0361,Richard,Baker,Doctor 100,2023-01-21
P0685,Betty,Rogers,Doctor 90,2023-01-21
P0785,Joshua,Lewis,Doctor 30,2023-01-21
P0844,Amy,Rivera,Doctor 83,2023-01-21
P0902,Aaron,Gonzalez,Doctor 74,2023-01-21
P1034,Amy,Lewis,Doctor 42,2023-01-21
P1045,Sandra,Jones,Doctor 6,2023-01-21
P1080,Gregory,Murphy,Doctor 87,2023-01-21
P1147,Justin,Diaz,Doctor 45,2023-01-21
P1210,Charles,Anderson,Doctor 66,2023-01-21
P1259,Donna,Perez,Doctor 65,2023-01-21
P1278,Jessica,Brooks,Doctor 37,2023-01-21
P1322,Richard,Thompson,Doctor 55,2023-01-21
P1327,Michael,Evans,Doctor 27,2023-01-21
P1380,Tyler,Evans,Doctor 49,2023-01-21
P1382,Joseph,Ramos,Doctor 25,2023-01-21
P0086,Laura,Ruiz,Doctor 99,2023-01-22
P0115,Nancy,Myers,Doctor 37,2023-01-22
P0223,Aaron,Cox,Doctor 70,2023-01-22
P0270,Jessica,Ward,Doctor 65,2023-01-22
P0305,Jennifer,Martin,Doctor 52,2023-01-22
P0390,Jerry,Hughes,Doctor 59,2023-01-22
P0416,Nancy,Morris,Doctor 1,2023-01-22
P0570,Lisa,Young,Doctor 93,2023-01-22
P0591,Rebecca,Nguyen,Doctor 48,2023-01-22
P0650,Ryan,King,Doctor 56,2023-01-22
P0696,Gary,Ramirez,Doctor 45,2023-01-22
P1130,John,Nguyen,Doctor 15,2023-01-22
P1163,Sharon,Howard,Doctor 43,2023-01-22
P1253,Melissa,Jackson,Doctor 93,2023-01-22
P1329,Kimberly,Turner,Doctor 9,2023-01-22
P1380,Tyler,Evans,Doctor 49,2023-01-22
P0201,Helen,Diaz,Doctor 83,2023-01-23
P0207,Amy,Anderson,Doctor 96,2023-01-23
P0553,Benjamin,Rogers,Doctor 66,2023-01-23
P0589,Rebecca,Harris,Doctor 50,2023-01-23
P0626,Samuel,Chavez,Doctor 46,2023-01-23
P0693,Nicholas,Morales,Doctor 66,2023-01-23
P0792,Sharon,Stewart,Doctor 98,2023-01-23
P0885,David,Hernandez,Doctor 19,2023-01-23
P0933,Kenneth,Ortiz,Doctor 82,2023-01-23
P1017,Joseph,Carter,Doctor 25,2023-01-23
P1063,Ronald,Hill,Doctor 22,2023-01-23
P1129,Ryan,Mitchell,Doctor 77,2023-01-23
P1266,Donna,Miller,Doctor 50,2023-01-23
P1267,Jonathan,Brooks,Doctor 41,2023-01-23
P1409,Sharon,Gonzalez,Doctor 80,2023-01-23
P1444,Dorothy,Evans,Doctor 20,2023-01-23
P1488,Jessica,Peterson,Doctor 91,2023-01-23
P1518,Michelle,Nelson,Doctor 59,2023-01-23
P0119,Benjamin,Jones,Doctor 9,2023-01-24
P0171,Robert,Carter,Doctor 56,2023-01-24
P0172,Jose,Johnson,Doctor 28,2023-01-24
P0187,Sarah,Collins,Doctor 23,2023-01-24
P0233,Donna,Nguyen,Doctor 34,2023-01-24
P0255,Sandra,Martinez,Doctor 97,2023-01-24
P0258,Ronald,Murphy,Doctor 84,2023-01-24
P0282,John,Alvarez,Doctor 62,2023-01-24
P0290,Melissa,Lewis,Doctor 52,2023-01-24
P0303,Jerry,Martin,Doctor 81,2023-01-24
P0314,Ruth,Ruiz,Doctor 49,2023-01-24
P0321,Jacob,Nguyen,Doctor 84,2023-01-24
P0583,Donna,Alvarez,Doctor 15,2023-01-24
P0594,Dorothy,Morgan,Doctor 66,2023-01-24
P0682,Ronald,Nelson,Doctor 86,2023-01-24
P0688,Dennis,Lopez,Doctor 38,2023-01-24
P0701,Steven,Miller,Doctor 52,2023-01-24
P0781,Mary,Taylor,Doctor 96,2023-01-24
P0836,Nicholas,Watson,Doctor 93,2023-01-24
P1133,Charles,Mendoza,Doctor 60,2023-01-24
P1134,Christopher,Gray,Doctor 23,2023-01-24
P1294,Brandon,Alvarez,Doctor 40,2023-01-24
P1379,Michelle,Martin,Doctor 87,2023-01-24
P1488,Jessica,Peterson,Doctor 66,2023-01-24
P1522,Benjamin,Hernandez,Doctor 76,2023-01-24
P0006,Elizabeth,Carter,Doctor 27,2023-01-25
P0013,Cynthia,Richardson,Doctor 55,2023-01-25
P0061,Thomas,Hill,Doctor 47,2023-01-25
P0075,Robert,Hall,Doctor 99,2023-01-25
P0173,Mary,Ramos,Doctor 76,2023-01-25
P0245,Frank,Murphy,Doctor 46,2023-01-25
P0348,Brian,Stewart,Doctor 39,2023-01-25
P0431,Sharon,Cooper,Doctor 21,2023-01-25
P0485,Deborah,Ramirez,Doctor 13,2023-01-25
P0548,Betty,Ruiz,Doctor 34,2023-01-25
P0554,Raymond,Williams,Doctor 27,2023-01-25
P0586,Samuel,Rogers,Doctor 92,2023-01-25
P0655,Matthew,Adams,Doctor 63,2023-01-25
P0730,Larry,Castillo,Doctor 50,2023-01-25
P0754,Alexander,Wright,Doctor 41,2023-01-25
P0756,Joseph,Bennett,Doctor 85,2023-01-25
P0784,Thomas,Lee,Doctor 83,2023-01-25
P0793,Thomas,Diaz,Doctor 89,2023-01-25
P0895,Brandon,Brown,Doctor 24,2023-01-25
P1021,Kimberly,Alvarez,Doctor 52,2023-01-25
P1053,Jeffrey,Gutierrez,Doctor 90,2023-01-25
P1086,Scott,Parker,Doctor 9,2023-01-25
P1127,Shirley,Rodriguez,Doctor 98,2023-01-25
P1156,Frank,Rivera,Doctor 33,2023-01-25
P1156,Frank,Rivera,Doctor 33,2023-01-25
P1282,Jennifer,Walker,Doctor 56,2023-01-25
P1337,Carol,Harris,Doctor 5,2023-01-25
P1385,Kenneth,Morales,Doctor 28,2023-01-25
P1387,Lisa,Thompson,Doctor 42,2023-01-25
P1401,Larry,Wood,Doctor 90,2023-01-25
P1440,Jonathan,Ortiz,Doctor 14,2023-01-25
P0056,Jessica,Smith,Doctor 2,2023-01-26
P0262,Nancy,Scott,Doctor 62,2023-01-26
P0287,Kevin,Morales,Doctor 36,2023-01-26
P0350,Justin,Martinez,Doctor 60,2023-01-26
P0387,Christopher,Morgan,Doctor 59,2023-01-26
P0483,Robert,Sanders,Doctor 9,2023-01-26
P0577,Emma,Brown,Doctor 30,2023-01-26
P0741,Jeffrey,Kim,Doctor 63,2023-01-26
P0767,Angela,White,Doctor 48,2023-01-26
P0841,John,Martinez,Doctor 18,2023-01-26
P0869,Michael,Williams,Doctor 36,2023-01-26
P0893,Raymond,Gomez,Doctor 53,2023-01-26
P0943,Amy,Allen,Doctor 98,2023-01-26
P0962,Mark,Ward,Doctor 52,2023-01-26
P1037,Shirley,Nguyen,Doctor 29,2023-01-26
P1094,Donna,Martinez,Doctor 4,2023-01-26
P1164,Lisa,Nguyen,Doctor 22,2023-01-26
P1438,Gary,Miller,Doctor 5,2023-01-26
P1444,Dorothy,Evans,Doctor 20,2023-01-26
P1486,Kimberly,Thomas,Doctor 10,2023-01-26
P1501,Emma,Turner,Doctor 19,2023-01-26
P0097,Karen,Green,Doctor 14,2023-01-27
P0127,James,Morales,Doctor 63,2023-01-27
P0271,Sandra,Nguyen,Doctor 63,2023-01-27
P0280,Jeffrey,James,Doctor 66,2023-01-27
P0442,William,Scott,Doctor 43,2023-01-27
P0462,Sharon,Price,Doctor 77,2023-01-27
P0558,Andrew,Smith,Doctor 64,2023-01-27
P0611,Daniel,Walker,Doctor 53,2023-01-27
P0619,Jack,Campbell,Doctor 56,2023-01-27
P0791,Nicholas,Miller,Doctor 69,2023-01-27
P0799,Virginia,Ortiz,Doctor 3,2023-01-27
P0833,James,Taylor,Doctor 80,2023-01-27
P0927,Nancy,Adams,Doctor 74,2023-01-27
P0967,Brenda,Jones,Doctor 91,2023-01-27
P1002,Gary,Lee,Doctor 50,2023-01-27
P1078,Raymond,Hall,Doctor 56,2023-01-27
P1100,Virginia,Bennett,Doctor 61,2023-01-27
P1259,Donna,Perez,Doctor 65,2023-01-27
P1279,Michelle,Morgan,Doctor 12,2023-01-27
P1379,Michelle,Martin,Doctor 87,2023-01-27
P1380,Tyler,Evans,Doctor 84,2023-01-27
P1493,David,Howard,Doctor 98,2023-01-27
P0057,Mark,Martin,Doctor 26,2023-01-28
P0083,Donna,Thomas,Doctor 28,2023-01-28
P0101,Lisa,Parker,Doctor 8,2023-01-28
P0117,Brenda,Stewart,Doctor 90,2023-01-28
P0153,Rebecca,Jones,Doctor 70,2023-01-28
P0270,Jessica,Ward,Doctor 65,2023-01-28
P0436,Benjamin,Gutierrez,Doctor 46,2023-01-28
P0489,Patrick,Jackson,Doctor 40,2023-01-28
P0612,Nicholas,Bailey,Doctor 93,2023-01-28
P0681,Mary,Thompson,Doctor 66,2023-01-28
P0698,Stephen,Hughes,Doctor 72,2023-01-28
P0717,Justin,Wood,Doctor 95,2023-01-28
P0914,Karen,Sanchez,Doctor 29,2023-01-28
P1006,Stephen,Harris,Doctor 99,2023-01-28
P1032,Samuel,Roberts,Doctor 91,2023-01-28
P1212,Scott,Wood,Doctor 55,2023-01-28
P1248,Jack,Alvarez,Doctor 22,2023-01-28
P1381,Kevin,Mendoza,Doctor 98,2023-01-28
P1381,Kevin,Mendoza,Doctor 98,2023-01-28
P1426,John,Ruiz,Doctor 97,2023-01-28
P1444,Dorothy,Evans,Doctor 20,2023-01-28
P1465,Patricia,Gonzalez,Doctor 92,2023-01-28
P1500,Eric,Nguyen,Doctor 84,2023-01-28
P1535,Laura,Rivera,Doctor 94,2023-01-28
P0109,Patrick,Davis,Doctor 80,2023-01-29
P0167,Brenda,Morales,Doctor 32,2023-01-29
P0310,Sandra,Jackson,Doctor 15,2023-01-29
P0449,Christopher,Phillips,Doctor 76,2023-01-29
P0501,Helen,Martinez,Doctor 70,2023-01-29
P0510,Benjamin,Lee,Doctor 20,2023-01-29
P0517,Helen,Reed,Doctor 37,2023-01-29
P0617,Richard,Jackson,Doctor 88,2023-01-29
P0639,Cynthia,Wood,Doctor 40,2023-01-29
P0758,Anna,Lopez,Doctor 33,2023-01-29
P0876,Linda,Ruiz,Doctor 73,2023-01-29
P0926,Jessica,Ortiz,Doctor 3,2023-01-29
P0930,Virginia,Harris,Doctor 87,2023-01-29
P1043,Sharon,Rivera,Doctor 8,2023-01-29
P1098,Gary,Gray,Doctor 5,2023-01-29
P1120,Sandra,Martin,Doctor 70,2023-01-29
P1188,Eric,Turner,Doctor 22,2023-01-29
P1199,Helen,Gonzalez,Doctor 44,2023-01-29
P1244,Jennifer,Lee,Doctor 42,2023-01-29
P1270,Frank,Castillo,Doctor 32,2023-01-29
P1355,Daniel,Patel,Doctor 31,2023-01-29
P1403,Christopher,Torres,Doctor 91,2023-01-29
P1467,James,Peterson,Doctor 32,2023-01-29
P1485,Gregory,Harris,Doctor 100,2023-01-29
P0022,Kimberly,Kelly,Doctor 98,2023-01-30
P0114,Edward,Torres,Doctor 71,2023-01-30
P0133,Stephen,Gutierrez,Doctor 30,2023-01-30
P0153,Rebecca,Jones,Doctor 70,2023-01-30
P0266,Kenneth,Bailey,Doctor 38,2023-01-30
P0438,George,Reyes,Doctor 30,2023-01-30
P0487,Karen,Kelly,Doctor 98,2023-01-30
P0763,Jack,Rogers,Doctor 59,2023-01-30
P0911,Michael,Davis,Doctor 84,2023-01-30
P0990,Frank,James,Doctor 64,2023-01-30
P1222,Larry,Wright,Doctor 12,2023-01-30
P1325,Anna,Roberts,Doctor 1,2023-01-30
P1346,Carol,James,Doctor 69,2023-01-30
P1351,Sarah,Watson,Doctor 29,2023-01-30
P1398,Sarah,Sanchez,Doctor 81,2023-01-30
P0150,Jason,Collins,Doctor 9,2023-01-31
P0401,Karen,Allen,Doctor 30,2023-01-31
P0559,Dorothy,Reyes,Doctor 23,2023-01-31
P0584,Dorothy,Cook,Doctor 7,2023-01-31
P0600,Brenda,King,Doctor 11,2023-01-31
P0639,Cynthia,Wood,Doctor 40,2023-01-31
P0664,Mary,Torres,Doctor 65,2023-01-31
P0806,Nicholas,Myers,Doctor 46,2023-01-31
P0812,Kimberly,Mitchell,Doctor 12,2023-01-31
P0844,Amy,Rivera,Doctor 83,2023-01-31
P0942,Susan,Wright,Doctor 42,2023-01-31
P0957,Ronald,Green,Doctor 28,2023-01-31
P1082,Brian,Harris,Doctor 83,2023-01-31
P1086,Scott,Parker,Doctor 9,2023-01-31
P1124,Joseph,Kelly,Doctor 45,2023-01-31
P1178,Shirley,Morris,Doctor 26,2023-01-31
P1409,Sharon,Gonzalez,Doctor 80,2023-01-31
P0025,Melissa,Turner,Doctor 15,2023-02-01
P0081,Michael,Alvarez,Doctor 95,2023-02-01
P0163,Mark,Wood,Doctor 97,2023-02-01
P0165,Brenda,Gomez,Doctor 39,2023-02-01
P0384,Nicholas,Cooper,Doctor 13,2023-02-01
P0503,Cynthia,Campbell,Doctor 16,2023-02-01
P0621,Alexander,Rodriguez,Doctor 11,2023-02-01
P0689,Samuel,Edwards,Doctor 63,2023-02-01
P0726,Patrick,Adams,Doctor 28,2023-02-01
P0798,Sharon,Ramos,Doctor 5,2023-02-01
P0811,Sarah,Phillips,Doctor 18,2023-02-01
P0875,Lisa,Gutierrez,Doctor 19,2023-02-01
P1231,Linda,Hughes,Doctor 68,2023-02-01
P1289,Nancy,Reed,Doctor 49,2023-02-01
P1357,Jerry,Anderson,Doctor 46,2023-02-01
P0054,Thomas,Rivera,Doctor 64,2023-02-02
P0256,Joshua,Reyes,Doctor 99,2023-02-02
P0409,Rebecca,Taylor,Doctor 36,2023-02-02
P0516,Melissa,Wood,Doctor 73,2023-02-02
P0552,James,Green,Doctor 81,2023-02-02
P0625,Aaron,Gutierrez,Doctor 53,2023-02-02
P0714,Donna,Jones,Doctor 5,2023-02-02
P0871,Nancy,King,Doctor 32,2023-02-02
P1001,Eric,Phillips,Doctor 8,2023-02-02
P1208,Richard,Carter,Doctor 73,2023-02-02
P1307,Laura,Myers,Doctor 72,2023-02-02
P1520,Christopher,Garcia,Doctor 33,2023-02-02
P0007,Lisa,Mendoza,Doctor 41,2023-02-03
P0012,Eric,Gomez,Doctor 84,2023-02-03
P0063,Ronald,Nguyen,Doctor 40,2023-02-03
P0129,Frank,Sanchez,Doctor 59,2023-02-03
P0166,Daniel,Alvarez,Doctor 82,2023-02-03
P0181,Betty,Patel,Doctor 19,2023-02-03
P0213,Karen,Hughes,Doctor 50,2023-02-03
P0380,Gary,Watson,Doctor 20,2023-02-03
P0435,Sharon,Taylor,Doctor 54,2023-02-03
P0509,Jonathan,Taylor,Doctor 75,2023-02-03
P0751,George,Adams,Doctor 24,2023-02-03
P0798,Sharon,Ramos,Doctor 5,2023-02-03
P0820,Daniel,Lewis,Doctor 94,2023-02-03
P0846,Michael,Howard,Doctor 45,2023-02-03
P0903,Gregory,Cooper,Doctor 50,2023-02-03
P0905,Matthew,Williams,Doctor 10,2023-02-03
P1035,Amy,Morgan,Doctor 3,2023-02-03
P1113,Patricia,Cruz,Doctor 77,2023-02-03
P1148,Jacob,Lopez,Doctor 21,2023-02-03
P1191,Patrick,Murphy,Doctor 95,2023-02-03
P1202,Alexander,Hernandez,Doctor 50,2023-02-03
P1479,Nicholas,Davis,Doctor 49,2023-02-03
P0107,Nancy,Richardson,Doctor 95,2023-02-04
P0112,Jessica,Reyes,Doctor 80,2023-02-04
P0222,Susan,Castillo,Doctor 19,2023-02-04
P0263,Melissa,Gutierrez,Doctor 43,2023-02-04
P0469,Patrick,Brown,Doctor 9,2023-02-04
P0503,Cynthia,Campbell,Doctor 16,2023-02-04
P0635,Ruth,Mitchell,Doctor 75,2023-02-04
P0703,Helen,Watson,Doctor 50,2023-02-04
P0754,Alexander,Wright,Doctor 7,2023-02-04
P0799,Virginia,Ortiz,Doctor 95,2023-02-04
P0806,Nicholas,Myers,Doctor 46,2023-02-04
P0985,Ronald,Kelly,Doctor 85,2023-02-04
P1031,Timothy,Gray,Doctor 63,2023-02-04
P1082,Brian,Harris,Doctor 83,2023-02-04
P1087,Deborah,Gutierrez,Doctor 24,2023-02-04
P1088,Dorothy,Morris,Doctor 96,2023-02-04
P1108,Brenda,Taylor,Doctor 64,2023-02-04
P1218,Jerry,Flores,Doctor 50,2023-02-04
P1308,Linda,Peterson,Doctor 75,2023-02-04
P1421,Laura,Adams,Doctor 85,2023-02-04
P1458,Alexander,Smith,Doctor 7,2023-02-04
P1483,Donna,Rogers,Doctor 92,2023-02-04
P0031,Christopher,Thompson,Doctor 58,2023-02-05
P0068,Sandra,Moore,Doctor 74,2023-02-05
P0120,Sandra,Myers,Doctor 26,2023-02-05
P0182,Linda,Lopez,Doctor 24,2023-02-05
P0278,Helen,Cox,Doctor 39,2023-02-05
P0297,Brandon,White,Doctor 47,2023-02-05
P0564,Lisa,Gray,Doctor 85,2023-02-05
P0595,Gary,Moore,Doctor 43,2023-02-05
P0599,David,Nelson,Doctor 47,2023-02-05
P0608,Anna,Murphy,Doctor 39,2023-02-05
P0648,Kimberly,Morales,Doctor 28,2023-02-05
P0658,Timothy,Adams,Doctor 31,2023-02-05
P0681,Mary,Thompson,Doctor 66,2023-02-05
P0892,Susan,Hughes,Doctor 68,2023-02-05
P1037,Shirley,Nguyen,Doctor 5,2023-02-05
P1189,Steven,Stewart,Doctor 25,2023-02-05
P1207,Nancy,Lee,Doctor 48,2023-02-05
P1215,Linda,Jones,Doctor 24,2023-02-05
P1243,Benjamin,Ramos,Doctor 38,2023-02-05
P1454,Sharon,Gutierrez,Doctor 84,2023-02-05
P1472,Eric,Roberts,Doctor 10,2023-02-05
P1490,David,Wright,Doctor 2,2023-02-05
P1519,Larry,Collins,Doctor 62,2023-02-05
P1528,Jose,Castillo,Doctor 51,2023-02-05
P0022,Kimberly,Kelly,Doctor 98,2023-02-06
P0038,Edward,Nguyen,Doctor 40,2023-02-06
P0204,Virginia,Hall,Doctor 17,2023-02-06
P0286,Gregory,Howard,Doctor 49,2023-02-06
P0381,Sarah,Young,Doctor 97,2023-02-06
P0507,Jason,Walker,Doctor 9,2023-02-06
P0669,Shirley,Torres,Doctor 16,2023-02-06
P0859,Brandon,Sanders,Doctor 33,2023-02-06
P0899,Angela,Flores,Doctor 90,2023-02-06
P0979,Jennifer,Scott,Doctor 41,2023-02-06
P1183,Michael,Cruz,Doctor 95,2023-02-06
P1194,Melissa,Torres,Doctor 22,2023-02-06
P1223,Kimberly,Diaz,Doctor 57,2023-02-06
P1409,Sharon,Gonzalez,Doctor 62,2023-02-06
P1453,Timothy,Brown,Doctor 76,2023-02-06
P1472,Eric,Roberts,Doctor 10,2023-02-06
P1529,Mark,Edwards,Doctor 23,2023-02-06
P0023,Brenda,Anderson,Doctor 22,2023-02-07
P0087,John,Martin,Doctor 13,2023-02-07
P0126,Sharon,Patel,Doctor 60,2023-02-07
P0144,Matthew,Turner,Doctor 59,2023-02-07
P0190,Donna,Lopez,Doctor 54,2023-02-07
P0294,James,Reyes,Doctor 99,2023-02-07
P0299,Timothy,Green,Doctor 21,2023-02-07
P0332,Scott,Phillips,Doctor 18,2023-02-07
P0499,James,Perez,Doctor 40,2023-02-07
P0512,Elizabeth,Gonzalez,Doctor 26,2023-02-07
P0665,Donald,Hernandez,Doctor 16,2023-02-07
P0698,Stephen,Hughes,Doctor 72,2023-02-07
P0738,Patrick,Kelly,Doctor 94,2023-02-07
P0762,Michael,Diaz,Doctor 15,2023-02-07
P0778,Donna,Reed,Doctor 28,2023-02-07
P0822,Sandra,Williams,Doctor 19,2023-02-07
P0838,Michelle,Rodriguez,Doctor 37,2023-02-07
P0879,Jacob,Richardson,Doctor 73,2023-02-07
P0904,Sarah,Robinson,Doctor 37,2023-02-07
P0974,Scott,Mendoza,Doctor 68,2023-02-07
P0976,Sarah,Mitchell,Doctor 78,2023-02-07
P1085,Sandra,Brown,Doctor 75,2023-02-07
P1149,Helen,Morris,Doctor 15,2023-02-07
P1168,Samuel,Rivera,Doctor 64,2023-02-07
P1212,Scott,Wood,Doctor 83,2023-02-07
P1255,Stephen,Lopez,Doctor 22,2023-02-07
P1267,Jonathan,Brooks,Doctor 41,2023-02-07
P1353,Sandra,Reed,Doctor 52,2023-02-07
P1404,Larry,Brown,Doctor 80,2023-02-07
P1497,Frank,Green,Doctor 67,2023-02-07
P1513,Ryan,Gutierrez,Doctor 16,2023-02-07
P0105,Tyler,Clark,Doctor 13,2023-02-08
P0439,Charles,Gutierrez,Doctor 52,2023-02-08
P0441,Anna,Morris,Doctor 4,2023-02-08
P0515,Jose,Gonzalez,Doctor 31,2023-02-08
P0724,Laura,Reyes,Doctor 12,2023-02-08
P0916,Christopher,Clark,Doctor 65,2023-02-08
P1054,Rebecca,Bailey,Doctor 100,2023-02-08
P1066,Rebecca,Cook,Doctor 50,2023-02-08
P1119,Robert,Robinson,Doctor 75,2023-02-08
P1231,Linda,Hughes,Doctor 68,2023-02-08
P1260,Patricia,Brooks,Doctor 62,2023-02-08
P1515,Jessica,Cox,Doctor 43,2023-02-08
P1517,Sarah,Torres,Doctor 81,2023-02-08
P0049,George,Smith,Doctor 64,2023-02-09
P0136,Ronald,Peterson,Doctor 56,2023-02-09
P0139,Anna,King,Doctor 38,2023-02-09
P0330,Joseph,Cox,Doctor 70,2023-02-09
P0375,Jose,Thompson,Doctor 45,2023-02-09
P0406,Jose,Brooks,Doctor 9,2023-02-09
P0457,Charles,Patel,Doctor 91,2023-02-09
P0568,Kenneth,Allen,Doctor 69,2023-02-09
P0604,Jerry,Price,Doctor 44,2023-02-09
P0647,Ruth,Price,Doctor 18,2023-02-09
P0684,Elizabeth,Nguyen,Doctor 65,2023-02-09
P0707,Gary,Reed,Doctor 67,2023-02-09
P0841,John,Martinez,Doctor 18,2023-02-09
P0859,Brandon,Sanders,Doctor 33,2023-02-09
P0860,Michael,Collins,Doctor 80,2023-02-09
P0865,Ruth,Young,Doctor 72,2023-02-09
P0895,Brandon,Brown,Doctor 24,2023-02-09
P0931,Donna,Campbell,Doctor 98,2023-02-09
P1069,Jason,Kim,Doctor 9,2023-02-09
P1110,Elizabeth,Morales,Doctor 69,2023-02-09
P1121,Alexander,Nguyen,Doctor 48,2023-02-09
P1255,Stephen,Lopez,Doctor 91,2023-02-09
P1332,Andrew,Stewart,Doctor 12,2023-02-09
P1456,Tyler,Nelson,Doctor 76,2023-02-09
P1462,Jessica,Miller,Doctor 58,2023-02-09
P0142,Ruth,Rogers,Doctor 72,2023-02-10
P0273,Carol,Lopez,Doctor 4,2023-02-10
P0326,Karen,Reed,Doctor 54,2023-02-10
P0350,Justin,Martinez,Doctor 60,2023-02-10
P0396,George,Howard,Doctor 32,2023-02-10
P0405,Tyler,Torres,Doctor 11,2023-02-10
P0569,Jessica,Young,Doctor 63,2023-02-10
P0633,Jacob,Rodriguez,Doctor 84,2023-02-10
P0703,Helen,Watson,Doctor 50,2023-02-10
P0824,Scott,Morgan,Doctor 17,2023-02-10
P0853,Robert,Taylor,Doctor 50,2023-02-10
P1203,Eric,Cooper,Doctor 26,2023-02-10
P1215,Linda,Jones,Doctor 12,2023-02-10
P1301,Frank,Johnson,Doctor 31,2023-02-10
P1371,Lisa,Green,Doctor 8,2023-02-10
P1435,Cynthia,Stewart,Doctor 22,2023-02-10
P1446,Jerry,Parker,Doctor 65,2023-02-10
P1458,Alexander,Smith,Doctor 7,2023-02-10
P1491,Timothy,Walker,Doctor 49,2023-02-10
P0109,Patrick,Davis,Doctor 80,2023-02-11
P0133,Stephen,Gutierrez,Doctor 30,2023-02-11
P0257,Eric,Stewart,Doctor 43,2023-02-11
P0489,Patrick,Jackson,Doctor 40,2023-02-11
P0519,Lisa,Smith,Doctor 100,2023-02-11
P0636,Dennis,Smith,Doctor 59,2023-02-11
P0713,Amy,Howard,Doctor 42,2023-02-11
P0887,Matthew,Martinez,Doctor 5,2023-02-11
P0926,Jessica,Ortiz,Doctor 3,2023-02-11
P1003,Melissa,Cooper,Doctor 55,2023-02-11
P1298,Mark,Rogers,Doctor 100,2023-02-11
P1401,Larry,Wood,Doctor 90,2023-02-11
P1505,Nancy,White,Doctor 75,2023-02-11
P0099,Angela,Howard,Doctor 1,2023-02-12
P0126,Sharon,Patel,Doctor 60,2023-02-12
P0133,Stephen,Gutierrez,Doctor 30,2023-02-12
P0289,Lisa,Nelson,Doctor 18,2023-02-12
P0327,Sarah,Anderson,Doctor 83,2023-02-12
P0365,Scott,Robinson,Doctor 87,2023-02-12
P0391,Thomas,Hernandez,Doctor 14,2023-02-12
P0423,Kimberly,Peterson,Doctor 73,2023-02-12
P0440,Mark,Martinez,Doctor 25,2023-02-12
P0483,Robert,Sanders,Doctor 9,2023-02-12
P0555,Donna,Thompson,Doctor 94,2023-02-12
P0606,Sandra,Rodriguez,Doctor 60,2023-02-12
P0810,Matthew,Cook,Doctor 87,2023-02-12
P0829,Stephen,Young,Doctor 14,2023-02-12
P0914,Karen,Sanchez,Doctor 29,2023-02-12
P0995,Ruth,Richardson,Doctor 100,2023-02-12
P1020,James,Cook,Doctor 49,2023-02-12
P1105,Carol,Gutierrez,Doctor 56,2023-02-12
P1129,Ryan,Mitchell,Doctor 77,2023-02-12
P1180,Scott,Taylor,Doctor 62,2023-02-12
P1242,Anthony,Kim,Doctor 49,2023-02-12
P1273,Rebecca,Lee,Doctor 57,2023-02-12
P1351,Sarah,Watson,Doctor 32,2023-02-12
P1388,Rebecca,Rodriguez,Doctor 98,2023-02-12
P1404,Larry,Brown,Doctor 80,2023-02-12
P1440,Jonathan,Ortiz,Doctor 14,2023-02-12
P1482,Daniel,Cooper,Doctor 73,2023-02-12
P1499,Angela,Cruz,Doctor 36,2023-02-12
P1537,Dennis,Lewis,Doctor 87,2023-02-12
P0097,Karen,Green,Doctor 14,2023-02-13
P0106,Helen,Kim,Doctor 96,2023-02-13
P0136,Ronald,Peterson,Doctor 56,2023-02-13
P0161,Dennis,Cook,Doctor 4,2023-02-13
P0172,Jose,Johnson,Doctor 28,2023-02-13
P0227,Kathleen,Watson,Doctor 32,2023-02-13
P0559,Dorothy,Reyes,Doctor 23,2023-02-13
P0572,Amy,Ramirez,Doctor 75,2023-02-13
P0632,Melissa,Patel,Doctor 10,2023-02-13
P0711,Kenneth,Brown,Doctor 43,2023-02-13
P0741,Jeffrey,Kim,Doctor 63,2023-02-13
P0872,Linda,Watson,Doctor 74,2023-02-13
P0883,Michelle,Sanders,Doctor 44,2023-02-13
P1036,Edward,Castillo,Doctor 32,2023-02-13
P1062,Nicholas,Lee,Doctor 65,2023-02-13
P1141,Rebecca,Anderson,Doctor 10,2023-02-13
P1184,George,Ruiz,Doctor 80,2023-02-13
P1191,Patrick,Murphy,Doctor 95,2023-02-13
P1369,James,Martin,Doctor 10,2023-02-13
P1440,Jonathan,Ortiz,Doctor 14,2023-02-13
P1528,Jose,Castillo,Doctor 51,2023-02-13
P0034,Barbara,Flores,Doctor 65,2023-02-14
P0044,Mark,Morales,Doctor 98,2023-02-14
P0068,Sandra,Moore,Doctor 74,2023-02-14
P0110,Matthew,Torres,Doctor 2,2023-02-14
P0296,Timothy,Rogers,Doctor 71,2023-02-14
P0322,Laura,Perez,Doctor 53,2023-02-14
P0361,Richard,Baker,Doctor 100,2023-02-14
P0426,Betty,Reed,Doctor 75,2023-02-14
P0830,Jacob,Lee,Doctor 54,2023-02-14
P0837,Kimberly,King,Doctor 9,2023-02-14
P0844,Amy,Rivera,Doctor 72,2023-02-14
P0850,Donna,Kelly,Doctor 34,2023-02-14
P0888,Helen,Jones,Doctor 1,2023-02-14
P0912,Kevin,Nguyen,Doctor 88,2023-02-14
P0992,Kevin,Green,Doctor 75,2023-02-14
P1002,Gary,Lee,Doctor 50,2023-02-14
P1195,Andrew,Edwards,Doctor 72,2023-02-14
P1333,Gregory,Gray,Doctor 94,2023-02-14
P1361,Sharon,Morgan,Doctor 62,2023-02-14
P1419,Brian,Parker,Doctor 46,2023-02-14
P1497,Frank,Green,Doctor 7,2023-02-14
P0061,Thomas,Hill,Doctor 47,2023-02-15
P0072,Kevin,Anderson,Doctor 83,2023-02-15
P0197,Tyler,Taylor,Doctor 53,2023-02-15
P0226,Laura,Murphy,Doctor 86,2023-02-15
P0370,Stephen,Rodriguez,Doctor 57,2023-02-15
P0797,Dennis,Williams,Doctor 50,2023-02-15
P0839,Kimberly,Miller,Doctor 42,2023-02-15
P0853,Robert,Taylor,Doctor 50,2023-02-15
P0871,Nancy,King,Doctor 32,2023-02-15
P0915,Helen,Taylor,Doctor 13,2023-02-15
P0921,Frank,Lopez,Doctor 39,2023-02-15
P0923,Sarah,Martinez,Doctor 84,2023-02-15
P0957,Ronald,Green,Doctor 28,2023-02-15
P1206,Nicholas,Torres,Doctor 1,2023-02-15
P1362,Jack,Flores,Doctor 2,2023-02-15
P1382,Joseph,Ramos,Doctor 28,2023-02-15
P1408,Elizabeth,Torres,Doctor 8,2023-02-15
P1420,Kimberly,Martin,Doctor 3,2023-02-15
P0013,Cynthia,Richardson,Doctor 55,2023-02-16
P0155,Rebecca,Williams,Doctor 53,2023-02-16
P0225,Jessica,Rogers,Doctor 40,2023-02-16
P0275,Nancy,Thompson,Doctor 46,2023-02-16
P0283,Carol,Brown,Doctor 66,2023-02-16
P0338,Jessica,Rodriguez,Doctor 29,2023-02-16
P0385,Patricia,Robinson,Doctor 42,2023-02-16
P0469,Patrick,Brown,Doctor 9,2023-02-16
P0610,Gary,Bailey,Doctor 3,2023-02-16
P0714,Donna,Jones,Doctor 5,2023-02-16
P0845,Barbara,Wright,Doctor 95,2023-02-16
P0885,David,Hernandez,Doctor 19,2023-02-16
P1070,Deborah,Gonzalez,Doctor 34,2023-02-16
P1098,Gary,Gray,Doctor 5,2023-02-16
P1137,Eric,Collins,Doctor 43,2023-02-16
P1201,Donna,Murphy,Doctor 77,2023-02-16
P1221,Alexander,Phillips,Doctor 87,2023-02-16
P1465,Patricia,Gonzalez,Doctor 92,2023-02-16
P0014,Lisa,Martinez,Doctor 9,2023-02-17
P0055,Amy,Alvarez,Doctor 66,2023-02-17
P0151,Sandra,Robinson,Doctor 37,2023-02-17
P0183,Amy,Scott,Doctor 86,2023-02-17
P0184,Kenneth,Johnson,Doctor 7,2023-02-17
P0254,Nancy,Ruiz,Doctor 78,2023-02-17
P0293,Betty,Chavez,Doctor 89,2023-02-17
P0390,Jerry,Hughes,Doctor 71,2023-02-17
P0412,Kimberly,James,Doctor 30,2023-02-17
P0423,Kimberly,Peterson,Doctor 73,2023-02-17
P0516,Melissa,Wood,Doctor 73,2023-02-17
P0547,Raymond,Ruiz,Doctor 95,2023-02-17
P0591,Rebecca,Nguyen,Doctor 89,2023-02-17
P0643,Jacob,Jackson,Doctor 89,2023-02-17
P0669,Shirley,Torres,Doctor 16,2023-02-17
P0832,Kimberly,Young,Doctor 7,2023-02-17
P0854,Laura,Mendoza,Doctor 4,2023-02-17
P0909,Mary,Hernandez,Doctor 59,2023-02-17
P0972,Jeffrey,Allen,Doctor 87,2023-02-17
P1087,Deborah,Gutierrez,Doctor 24,2023-02-17
P1188,Eric,Turner,Doctor 7,2023-02-17
P1233,Tyler,Turner,Doctor 64,2023-02-17
P1261,Susan,Anderson,Doctor 67,2023-02-17
P1382,Joseph,Ramos,Doctor 28,2023-02-17
P1418,Raymond,Jones,Doctor 37,2023-02-17
P0011,Donald,Peterson,Doctor 48,2023-02-18
P0066,Richard,Murphy,Doctor 3,2023-02-18
P0136,Ronald,Peterson,Doctor 56,2023-02-18
P0208,Sarah,Ward,Doctor 46,2023-02-18
P0262,Nancy,Scott,Doctor 24,2023-02-18
P0269,Eric,Edwards,Doctor 68,2023-02-18
P0329,Tyler,Rogers,Doctor 60,2023-02-18
P0437,Jerry,Carter,Doctor 12,2023-02-18
P0532,Jonathan,Lewis,Doctor 77,2023-02-18
P0665,Donald,Hernandez,Doctor 25,2023-02-18
P0705,Carol,Smith,Doctor 99,2023-02-18
P0763,Jack,Rogers,Doctor 48,2023-02-18
P0809,Kimberly,Mendoza,Doctor 8,2023-02-18
P0811,Sarah,Phillips,Doctor 18,2023-02-18
P0822,Sandra,Williams,Doctor 19,2023-02-18
P0926,Jessica,Ortiz,Doctor 3,2023-02-18
P1015,Gary,Hall,Doctor 98,2023-02-18
P1059,Richard,Sanders,Doctor 31,2023-02-18
P1063,Ronald,Hill,Doctor 22,2023-02-18
P1084,Ruth,Davis,Doctor 59,2023-02-18
P1195,Andrew,Edwards,Doctor 72,2023-02-18
P1355,Daniel,Patel,Doctor 31,2023-02-18
P1459,Brian,Bailey,Doctor 3,2023-02-18
P1500,Eric,Nguyen,Doctor 84,2023-02-18
P1504,Helen,Clark,Doctor 21,2023-02-18
P0037,Brian,Kim,Doctor 65,2023-02-19
P0056,Jessica,Smith,Doctor 27,2023-02-19
P0128,Laura,Smith,Doctor 96,2023-02-19
P0176,Richard,Evans,Doctor 5,2023-02-19
P0256,Joshua,Reyes,Doctor 99,2023-02-19
P0374,Ruth,Lopez,Doctor 58,2023-02-19
P0490,Brenda,Kim,Doctor 44,2023-02-19
P0494,Jacob,Nelson,Doctor 73,2023-02-19
P0648,Kimberly,Morales,Doctor 28,2023-02-19
P0733,Nancy,Wright,Doctor 41,2023-02-19
P0801,Tyler,Mitchell,Doctor 32,2023-02-19
P0824,Scott,Morgan,Doctor 17,2023-02-19
P0863,Mary,Jackson,Doctor 27,2023-02-19
P0923,Sarah,Martinez,Doctor 84,2023-02-19
P1056,Helen,Evans,Doctor 91,2023-02-19
P1154,Sarah,Kim,Doctor 40,2023-02-19
P1196,Carol,Nguyen,Doctor 6,2023-02-19
P1298,Mark,Rogers,Doctor 100,2023-02-19
P1410,Donald,Phillips,Doctor 22,2023-02-19
P1445,Nancy,Ramirez,Doctor 91,2023-02-19
P0116,Lisa,Johnson,Doctor 8,2023-02-20
P0120,Sandra,Myers,Doctor 26,2023-02-20
P0229,Christopher,Johnson,Doctor 32,2023-02-20
P0398,Linda,Bailey,Doctor 8,2023-02-20
P0511,James,Jones,Doctor 58,2023-02-20
P0513,Kathleen,Phillips,Doctor 19,2023-02-20
P0563,David,Clark,Doctor 70,2023-02-20
P0569,Jessica,Young,Doctor 63,2023-02-20
P0786,Karen,Watson,Doctor 85,2023-02-20
P0822,Sandra,Williams,Doctor 19,2023-02-20
P0867,Larry,Mendoza,Doctor 43,2023-02-20
P0885,David,Hernandez,Doctor 19,2023-02-20
P1023,Carol,Perez,Doctor 70,2023-02-20
P1104,Scott,Rivera,Doctor 4,2023-02-20
P1116,Helen,Lewis,Doctor 50,2023-02-20
P1205,Benjamin,Wood,Doctor 20,2023-02-20
P1211,Brenda,Mendoza,Doctor 16,2023-02-20
P1388,Rebecca,Rodriguez,Doctor 98,2023-02-20
P1402,Ronald,Reed,Doctor 9,2023-02-20
P1453,Timothy,Brown,Doctor 76,2023-02-20
P0023,Brenda,Anderson,Doctor 22,2023-02-21
P0128,Laura,Smith,Doctor 96,2023-02-21
P0131,Robert,Ortiz,Doctor 95,2023-02-21
P0132,Kimberly,Torres,Doctor 78,2023-02-21
P0254,Nancy,Ruiz,Doctor 78,2023-02-21
P0292,Tyler,Davis,Doctor 61,2023-02-21
P0375,Jose,Thompson,Doctor 45,2023-02-21
P0468,Kimberly,Cox,Doctor 27,2023-02-21
P0555,Donna,Thompson,Doctor 94,2023-02-21
P0676,Sarah,Carter,Doctor 18,2023-02-21
P0713,Amy,Howard,Doctor 42,2023-02-21
P0766,Helen,Campbell,Doctor 51,2023-02-21
P0776,Steven,Watson,Doctor 70,2023-02-21
P0871,Nancy,King,Doctor 32,2023-02-21
P0905,Matthew,Williams,Doctor 10,2023-02-21
P0917,Michael,Parker,Doctor 83,2023-02-21
P0976,Sarah,Mitchell,Doctor 78,2023-02-21
P0986,Sandra,Hughes,Doctor 5,2023-02-21
P1057,Ryan,Cruz,Doctor 48,2023-02-21
P1167,Sandra,King,Doctor 81,2023-02-21
P1188,Eric,Turner,Doctor 7,2023-02-21
P1204,Dennis,Davis,Doctor 26,2023-02-21
P1268,Mary,Miller,Doctor 64,2023-02-21
P0008,Kathleen,Rodriguez,Doctor 76,2023-02-22
P0028,Robert,Ramos,Doctor 72,2023-02-22
P0058,Deborah,Myers,Doctor 100,2023-02-22
P0171,Robert,Carter,Doctor 42,2023-02-22
P0197,Tyler,Taylor,Doctor 53,2023-02-22
P0318,Matthew,Richardson,Doctor 35,2023-02-22
P0368,Anthony,Morris,Doctor 31,2023-02-22
P0375,Jose,Thompson,Doctor 17,2023-02-22
P0558,Andrew,Smith,Doctor 64,2023-02-22
P0616,Ronald,Price,Doctor 46,2023-02-22
P0670,Mary,Morgan,Doctor 86,2023-02-22
P0726,Patrick,Adams,Doctor 28,2023-02-22
P0733,Nancy,Wright,Doctor 4,2023-02-22
P0903,Gregory,Cooper,Doctor 50,2023-02-22
P0932,Gary,Mendoza,Doctor 3,2023-02-22
P1137,Eric,Collins,Doctor 43,2023-02-22
P1190,Mark,Thomas,Doctor 87,2023-02-22
P1234,Sarah,Cooper,Doctor 86,2023-02-22
P1484,Cynthia,Mitchell,Doctor 86,2023-02-22
P0001,Sandra,Cox,Doctor 69,2023-02-23
P0164,Jessica,Collins,Doctor 100,2023-02-23
P0194,Nancy,Harris,Doctor 8,2023-02-23
P0223,Aaron,Cox,Doctor 70,2023-02-23
P0281,Sarah,Allen,Doctor 8,2023-02-23
P0283,Carol,Brown,Doctor 66,2023-02-23
P0288,Justin,Wright,Doctor 1,2023-02-23
P0339,Shirley,Sanchez,Doctor 100,2023-02-23
P0425,Larry,Ward,Doctor 96,2023-02-23
P0564,Lisa,Gray,Doctor 85,2023-02-23
P0733,Nancy,Wright,Doctor 4,2023-02-23
P0733,Nancy,Wright,Doctor 4,2023-02-23
P0837,Kimberly,King,Doctor 89,2023-02-23
P0849,Shirley,Bailey,Doctor 24,2023-02-23
P0861,Jason,Morris,Doctor 58,2023-02-23
P0967,Brenda,Jones,Doctor 91,2023-02-23
P1004,David,Roberts,Doctor 89,2023-02-23
P1047,Andrew,Miller,Doctor 11,2023-02-23
P1056,Helen,Evans,Doctor 13,2023-02-23
P1203,Eric,Cooper,Doctor 26,2023-02-23
P1228,Mary,Sanchez,Doctor 67,2023-02-23
P0053,Sharon,Roberts,Doctor 46,2023-02-24
P0105,Tyler,Clark,Doctor 13,2023-02-24
P0118,Joseph,Nelson,Doctor 1,2023-02-24
P0118,Joseph,Nelson,Doctor 8,2023-02-24
P0237,Donna,Garcia,Doctor 96,2023-02-24
P0258,Ronald,Murphy,Doctor 84,2023-02-24
P0511,James,Jones,Doctor 58,2023-02-24
P0591,Rebecca,Nguyen,Doctor 89,2023-02-24
P0647,Ruth,Price,Doctor 23,2023-02-24
P0678,Lisa,Ramirez,Doctor 17,2023-02-24
P0723,Laura,Richardson,Doctor 61,2023-02-24
P0801,Tyler,Mitchell,Doctor 85,2023-02-24
P1031,Timothy,Gray,Doctor 63,2023-02-24
P1034,Amy,Lewis,Doctor 42,2023-02-24
P1083,Ruth,Brown,Doctor 41,2023-02-24
P1193,Nancy,Alvarez,Doctor 96,2023-02-24
P1270,Frank,Castillo,Doctor 32,2023-02-24
P1282,Jennifer,Walker,Doctor 56,2023-02-24
P1292,Jose,Morales,Doctor 41,2023-02-24
P0088,Jessica,Turner,Doctor 86,2023-02-25
P0089,Joshua,Patel,Doctor 78,2023-02-25
P0092,Jason,Morales,Doctor 15,2023-02-25
P0140,Barbara,Cox,Doctor 73,2023-02-25
P0200,Sarah,Jones,Doctor 85,2023-02-25
P0223,Aaron,Cox,Doctor 70,2023-02-25
P0272,Brandon,Cooper,Doctor 55,2023-02-25
P0337,Brenda,Collins,Doctor 15,2023-02-25
P0401,Karen,Allen,Doctor 61,2023-02-25
P0408,Nancy,Gray,Doctor 18,2023-02-25
P0435,Sharon,Taylor,Doctor 54,2023-02-25
P0622,Deborah,Lopez,Doctor 20,2023-02-25
P0729,Benjamin,Patel,Doctor 98,2023-02-25
P0760,David,Robinson,Doctor 2,2023-02-25
P0788,Emma,Allen,Doctor 96,2023-02-25
P0897,Ruth,Miller,Doctor 9,2023-02-25
P0904,Sarah,Robinson,Doctor 37,2023-02-25
P1233,Tyler,Turner,Doctor 64,2023-02-25
P1288,Mark,Jones,Doctor 60,2023-02-25
P1348,Christopher,Gomez,Doctor 94,2023-02-25
P1384,Joshua,Mendoza,Doctor 93,2023-02-25
P0027,Jerry,Scott,Doctor 44,2023-02-26
P0059,Laura,White,Doctor 10,2023-02-26
P0145,Susan,Ward,Doctor 80,2023-02-26
P0182,Linda,Lopez,Doctor 30,2023-02-26
P0274,Brenda,Peterson,Doctor 10,2023-02-26
P0322,Laura,Perez,Doctor 53,2023-02-26
P0334,Virginia,Mendoza,Doctor 29,2023-02-26
P0376,Dorothy,Flores,Doctor 50,2023-02-26
P0388,Anthony,Flores,Doctor 72,2023-02-26
P0426,Betty,Reed,Doctor 36,2023-02-26
P0461,Nicholas,Gray,Doctor 21,2023-02-26
P0515,Jose,Gonzalez,Doctor 31,2023-02-26
P0536,Jason,Richardson,Doctor 79,2023-02-26
P0574,Kevin,Turner,Doctor 93,2023-02-26
P0621,Alexander,Rodriguez,Doctor 11,2023-02-26
P0798,Sharon,Ramos,Doctor 5,2023-02-26
P0825,Benjamin,Kim,Doctor 57,2023-02-26
P1090,Ronald,Perez,Doctor 56,2023-02-26
P1241,Jonathan,Carter,Doctor 9,2023-02-26
P1401,Larry,Wood,Doctor 90,2023-02-26
P0045,Rebecca,Miller,Doctor 74,2023-02-27
P0115,Nancy,Myers,Doctor 37,2023-02-27
P0222,Susan,Castillo,Doctor 19,2023-02-27
P0338,Jessica,Rodriguez,Doctor 29,2023-02-27
P0423,Kimberly,Peterson,Doctor 73,2023-02-27
P0474,Larry,Clark,Doctor 41,2023-02-27
P0535,Jason,Watson,Doctor 11,2023-02-27
P0666,Scott,Roberts,Doctor 81,2023-02-27
P0691,Anna,Thompson,Doctor 50,2023-02-27
P0716,Linda,Cook,Doctor 77,2023-02-27
P0770,Laura,Hughes,Doctor 84,2023-02-27
P0966,Andrew,Gomez,Doctor 90,2023-02-27
P1044,Sharon,Hughes,Doctor 43,2023-02-27
P1106,Dorothy,Edwards,Doctor 2,2023-02-27
P1112,Joseph,Perez,Doctor 36,2023-02-27
P1114,Ruth,Patel,Doctor 92,2023-02-27
P1144,Angela,Kim,Doctor 25,2023-02-27
P1162,Richard,Hall,Doctor 31,2023-02-27
P1352,Kathleen,Jackson,Doctor 47,2023-02-27
P1413,Daniel,Richardson,Doctor 3,2023-02-27
P1439,Betty,Anderson,Doctor 2,2023-02-27
P0034,Barbara,Flores,Doctor 65,2023-02-28
P0180,Sandra,Wood,Doctor 16,2023-02-28
P0228,Michelle,Nguyen,Doctor 59,2023-02-28
P0235,Daniel,Flores,Doctor 16,2023-02-28
P0327,Sarah,Anderson,Doctor 83,2023-02-28
P0410,Michael,Anderson,Doctor 94,2023-02-28
P0457,Charles,Patel,Doctor 91,2023-02-28
P0469,Patrick,Brown,Doctor 9,2023-02-28
P0503,Cynthia,Campbell,Doctor 5,2023-02-28
P0637,Sarah,Clark,Doctor 46,2023-02-28
P0857,Stephen,Williams,Doctor 31,2023-02-28
P0901,Dennis,Morales,Doctor 94,2023-02-28
P0936,Scott,Hughes,Doctor 99,2023-02-28
P0974,Scott,Mendoza,Doctor 68,2023-02-28
P0986,Sandra,Hughes,Doctor 5,2023-02-28
P1041,Kimberly,Gutierrez,Doctor 62,2023-02-28
P1254,Sarah,Wood,Doctor 73,2023-02-28
P1258,Gregory,Garcia,Doctor 57,2023-02-28
P1274,Ronald,Hughes,Doctor 72,2023-02-28
P1288,Mark,Jones,Doctor 60,2023-02-28
P1406,Jessica,Kelly,Doctor 37,2023-02-28
P1419,Brian,Parker,Doctor 46,2023-02-28
P1480,Elizabeth,Ortiz,Doctor 20,2023-02-28
P1489,Andrew,Richardson,Doctor 39,2023-02-28
P0010,Kimberly,Nelson,Doctor 22,2023-03-01
P0108,Sarah,Peterson,Doctor 33,2023-03-01
P0248,Samuel,White,Doctor 27,2023-03-01
P0371,Donald,Ward,Doctor 25,2023-03-01
P0528,William,Wilson,Doctor 5,2023-03-01
P0599,David,Nelson,Doctor 47,2023-03-01
P0643,Jacob,Jackson,Doctor 89,2023-03-01
P0842,Ronald,Sanders,Doctor 20,2023-03-01
P1095,Daniel,Wilson,Doctor 33,2023-03-01
P1301,Frank,Johnson,Doctor 31,2023-03-01
P1379,Michelle,Martin,Doctor 87,2023-03-01
P1418,Raymond,Jones,Doctor 37,2023-03-01
P1447,Benjamin,Chavez,Doctor 18,2023-03-01
P0236,Laura,Turner,Doctor 83,2023-03-02
P0303,Jerry,Martin,Doctor 81,2023-03-02
P0314,Ruth,Ruiz,Doctor 49,2023-03-02
P0314,Ruth,Ruiz,Doctor 49,2023-03-02
P0436,Benjamin,Gutierrez,Doctor 46,2023-03-02
P0474,Larry,Clark,Doctor 41,2023-03-02
P0602,Sarah,Ortiz,Doctor 21,2023-03-02
P0670,Mary,Morgan,Doctor 86,2023-03-02
P0704,Nicholas,Ruiz,Doctor 10,2023-03-02
P0739,Kimberly,Smith,Doctor 57,2023-03-02
P0743,Ryan,Price,Doctor 17,2023-03-02
P0743,Ryan,Price,Doctor 17,2023-03-02
P0750,Kevin,Rodriguez,Doctor 96,2023-03-02
P0758,Anna,Lopez,Doctor 42,2023-03-02
P0768,Jose,Kelly,Doctor 39,2023-03-02
P0816,Christopher,Patel,Doctor 91,2023-03-02
P0959,Benjamin,Stewart,Doctor 83,2023-03-02
P0988,Joshua,Flores,Doctor 40,2023-03-02
P1209,Dennis,Chavez,Doctor 52,2023-03-02
P1231,Linda,Hughes,Doctor 83,2023-03-02
P1283,Timothy,Rivera,Doctor 46,2023-03-02
P1458,Alexander,Smith,Doctor 7,2023-03-02
P1460,Aaron,Murphy,Doctor 58,2023-03-02
P1533,Barbara,Thompson,Doctor 49,2023-03-02
P0014,Lisa,Martinez,Doctor 9,2023-03-03
P0300,Ronald,Morgan,Doctor 55,2023-03-03
P0328,Kenneth,Garcia,Doctor 12,2023-03-03
P0517,Helen,Reed,Doctor 37,2023-03-03
P0549,Anna,Patel,Doctor 73,2023-03-03
P0553,Benjamin,Rogers,Doctor 66,2023-03-03
P0566,Raymond,Sanchez,Doctor 18,2023-03-03
P0580,Kimberly,White,Doctor 13,2023-03-03
P0659,Daniel,Morris,Doctor 75,2023-03-03
P0663,Michelle,Alvarez,Doctor 70,2023-03-03
P0775,Kathleen,Brooks,Doctor 56,2023-03-03
P0892,Susan,Hughes,Doctor 98,2023-03-03
P0933,Kenneth,Ortiz,Doctor 82,2023-03-03
P0969,Donna,Morgan,Doctor 10,2023-03-03
P1012,Jerry,Smith,Doctor 64,2023-03-03
P1016,George,Hughes,Doctor 100,2023-03-03
P1032,Samuel,Roberts,Doctor 36,2023-03-03
P1032,Samuel,Roberts,Doctor 78,2023-03-03
P1045,Sandra,Jones,Doctor 6,2023-03-03
P1358,Nancy,Bennett,Doctor 16,2023-03-03
P1376,Anna,Johnson,Doctor 31,2023-03-03
P1379,Michelle,Martin,Doctor 33,2023-03-03
P1511,Aaron,Lopez,Doctor 4,2023-03-03
P0035,Angela,Alvarez,Doctor 10,2023-03-04
P0103,Carol,Green,Doctor 59,2023-03-04
P0229,Christopher,Johnson,Doctor 32,2023-03-04
P0342,Charles,Nguyen,Doctor 26,2023-03-04
P0343,Kenneth,Cruz,Doctor 47,2023-03-04
P0444,Matthew,Reed,Doctor 85,2023-03-04
P0475,Kenneth,Jackson,Doctor 7,2023-03-04
P0492,Scott,Murphy,Doctor 64,2023-03-04
P0538,Ruth,Reed,Doctor 18,2023-03-04
P0552,James,Green,Doctor 81,2023-03-04
P0583,Donna,Alvarez,Doctor 15,2023-03-04
P0648,Kimberly,Morales,Doctor 28,2023-03-04
P0788,Emma,Allen,Doctor 96,2023-03-04
P0952,Helen,Cook,Doctor 12,2023-03-04
P1017,Joseph,Carter,Doctor 25,2023-03-04
P1046,Melissa,Martinez,Doctor 57,2023-03-04
P1112,Joseph,Perez,Doctor 36,2023-03-04
P1114,Ruth,Patel,Doctor 92,2023-03-04
P1114,Ruth,Patel,Doctor 92,2023-03-04
P1176,Jacob,Sanchez,Doctor 27,2023-03-04
P1496,Virginia,King,Doctor 84,2023-03-04
P1525,Karen,Roberts,Doctor 58,2023-03-04
P0177,Aaron,Myers,Doctor 90,2023-03-05
P0207,Amy,Anderson,Doctor 96,2023-03-05
P0208,Sarah,Ward,Doctor 46,2023-03-05
P0401,Karen,Allen,Doctor 61,2023-03-05
P0423,Kimberly,Peterson,Doctor 85,2023-03-05
P0482,Michelle,Robinson,Doctor 15,2023-03-05
P0540,Patrick,Thomas,Doctor 14,2023-03-05
P0551,Amy,Taylor,Doctor 49,2023-03-05
P0657,Robert,Edwards,Doctor 17,2023-03-05
P0708,Gregory,Hall,Doctor 55,2023-03-05
P0811,Sarah,Phillips,Doctor 18,2023-03-05
P0894,Linda,Garcia,Doctor 61,2023-03-05
P1095,Daniel,Wilson,Doctor 33,2023-03-05
P1150,Donald,Wilson,Doctor 81,2023-03-05
P1271,Dennis,Green,Doctor 40,2023-03-05
P1370,Joseph,Wright,Doctor 92,2023-03-05
P1409,Sharon,Gonzalez,Doctor 62,2023-03-05
P1410,Donald,Phillips,Doctor 22,2023-03-05
P1411,Betty,Mitchell,Doctor 100,2023-03-05
P1458,Alexander,Smith,Doctor 7,2023-03-05
P0081,Michael,Alvarez,Doctor 95,2023-03-06
P0140,Barbara,Cox,Doctor 73,2023-03-06
P0155,Rebecca,Williams,Doctor 41,2023-03-06
P0245,Frank,Murphy,Doctor 46,2023-03-06
P0268,Kenneth,Edwards,Doctor 12,2023-03-06
P0337,Brenda,Collins,Doctor 3,2023-03-06
P0355,Kenneth,Bennett,Doctor 54,2023-03-06
P0398,Linda,Bailey,Doctor 8,2023-03-06
P0689,Samuel,Edwards,Doctor 63,2023-03-06
P0742,Alexander,Torres,Doctor 92,2023-03-06
P0809,Kimberly,Mendoza,Doctor 8,2023-03-06
P0823,Scott,Bailey,Doctor 27,2023-03-06
P0841,John,Martinez,Doctor 18,2023-03-06
P0901,Dennis,Morales,Doctor 94,2023-03-06
P0906,Matthew,Harris,Doctor 1,2023-03-06
P1087,Deborah,Gutierrez,Doctor 24,2023-03-06
P1167,Sandra,King,Doctor 23,2023-03-06
P1225,Matthew,Gonzalez,Doctor 14,2023-03-06
P1277,Betty,Peterson,Doctor 66,2023-03-06
P1387,Lisa,Thompson,Doctor 42,2023-03-06
P1427,Brandon,Morgan,Doctor 4,2023-03-06
P1488,Jessica,Peterson,Doctor 66,2023-03-06
P0030,Jonathan,Campbell,Doctor 74,2023-03-07
P0245,Frank,Murphy,Doctor 46,2023-03-07
P0331,Michelle,Garcia,Doctor 30,2023-03-07
P0376,Dorothy,Flores,Doctor 50,2023-03-07
P0572,Amy,Ramirez,Doctor 75,2023-03-07
P0839,Kimberly,Miller,Doctor 42,2023-03-07
P1115,Cynthia,Smith,Doctor 15,2023-03-07
P1435,Cynthia,Stewart,Doctor 22,2023-03-07
P1468,Virginia,Wilson,Doctor 46,2023-03-07
P1503,Elizabeth,Smith,Doctor 51,2023-03-07
P0084,Laura,Moore,Doctor 88,2023-03-08
P0170,Sharon,Evans,Doctor 78,2023-03-08
P0244,Ruth,Lewis,Doctor 19,2023-03-08
P0253,Justin,Davis,Doctor 68,2023-03-08
P0408,Nancy,Gray,Doctor 18,2023-03-08
P0499,James,Perez,Doctor 40,2023-03-08
P0614,Betty,James,Doctor 74,2023-03-08
P0629,James,Myers,Doctor 62,2023-03-08
P0774,Michelle,Scott,Doctor 31,2023-03-08
P0796,Jerry,Wright,Doctor 54,2023-03-08
P0849,Shirley,Bailey,Doctor 24,2023-03-08
P0931,Donna,Campbell,Doctor 98,2023-03-08
P0937,Samuel,Kim,Doctor 20,2023-03-08
P1010,Daniel,Rogers,Doctor 22,2023-03-08
P1263,Patricia,Allen,Doctor 74,2023-03-08
P1428,Susan,Mitchell,Doctor 86,2023-03-08
P1443,Matthew,Davis,Doctor 92,2023-03-08
P1471,Andrew,Lee,Doctor 24,2023-03-08
P1480,Elizabeth,Ortiz,Doctor 20,2023-03-08
P1516,Karen,Wright,Doctor 53,2023-03-08
P0004,Eric,Carter,Doctor 76,2023-03-09
P0052,Jeffrey,Lee,Doctor 22,2023-03-09
P0158,Deborah,Carter,Doctor 20,2023-03-09
P0234,Rebecca,Wood,Doctor 27,2023-03-09
P0431,Sharon,Cooper,Doctor 21,2023-03-09
P0677,Ryan,Cox,Doctor 89,2023-03-09
P0688,Dennis,Lopez,Doctor 38,2023-03-09
P0722,Gary,Clark,Doctor 76,2023-03-09
P0776,Steven,Watson,Doctor 96,2023-03-09
P0794,Aaron,Watson,Doctor 24,2023-03-09
P0849,Shirley,Bailey,Doctor 24,2023-03-09
P0986,Sandra,Hughes,Doctor 5,2023-03-09
P1005,Thomas,Scott,Doctor 77,2023-03-09
P1166,Jonathan,Baker,Doctor 36,2023-03-09
P1211,Brenda,Mendoza,Doctor 16,2023-03-09
P1220,Robert,Cook,Doctor 81,2023-03-09
P1344,Anna,Castillo,Doctor 55,2023-03-09
P1349,Edward,Cruz,Doctor 53,2023-03-09
P1470,Sandra,Turner,Doctor 23,2023-03-09
P1476,Susan,Cook,Doctor 41,2023-03-09
P1494,Nicholas,Jackson,Doctor 64,2023-03-09
P0019,Steven,Cook,Doctor 55,2023-03-10
P0309,Betty,Morris,Doctor 24,2023-03-10
P0348,Brian,Stewart,Doctor 39,2023-03-10
P0558,Andrew,Smith,Doctor 5,2023-03-10
P0569,Jessica,Young,Doctor 76,2023-03-10
P0772,Jerry,Rivera,Doctor 74,2023-03-10
P0823,Scott,Bailey,Doctor 27,2023-03-10
P0836,Nicholas,Watson,Doctor 93,2023-03-10
P0977,Rebecca,Adams,Doctor 73,2023-03-10
P1099,Justin,Hernandez,Doctor 66,2023-03-10
P1167,Sandra,King,Doctor 20,2023-03-10
P1250,Deborah,Peterson,Doctor 78,2023-03-10
P1314,Jacob,Robinson,Doctor 84,2023-03-10
P1324,Sharon,King,Doctor 91,2023-03-10
P1387,Lisa,Thompson,Doctor 42,2023-03-10
P1403,Christopher,Torres,Doctor 91,2023-03-10
P1469,Betty,Howard,Doctor 32,2023-03-10
P1494,Nicholas,Jackson,Doctor 64,2023-03-10
P1514,Mary,Turner,Doctor 70,2023-03-10
P0067,Frank,Flores,Doctor 69,2023-03-11
P0070,Joseph,Cruz,Doctor 35,2023-03-11
P0195,Deborah,Cox,Doctor 20,2023-03-11
P0220,Carol,Mitchell,Doctor 10,2023-03-11
P0298,Jessica,Baker,Doctor 92,2023-03-11
P0665,Donald,Hernandez,Doctor 17,2023-03-11
P0852,Raymond,Baker,Doctor 79,2023-03-11
P0886,Rebecca,Murphy,Doctor 12,2023-03-11
P1074,Ruth,Martinez,Doctor 40,2023-03-11
P1143,Barbara,Kelly,Doctor 83,2023-03-11
P1321,Anthony,Myers,Doctor 7,2023-03-11
P1418,Raymond,Jones,Doctor 37,2023-03-11
P1537,Dennis,Lewis,Doctor 87,2023-03-11
P0392,Dorothy,Anderson,Doctor 6,2023-03-12
P0408,Nancy,Gray,Doctor 18,2023-03-12
P0428,Sandra,Ramirez,Doctor 83,2023-03-12
P0709,Daniel,Nguyen,Doctor 65,2023-03-12
P0866,James,Clark,Doctor 72,2023-03-12
P0894,Linda,Garcia,Doctor 61,2023-03-12
P0936,Scott,Hughes,Doctor 80,2023-03-12
P0958,Laura,Wilson,Doctor 100,2023-03-12
P1045,Sandra,Jones,Doctor 19,2023-03-12
P1091,William,Morales,Doctor 26,2023-03-12
P1105,Carol,Gutierrez,Doctor 46,2023-03-12
P1158,Barbara,Hughes,Doctor 95,2023-03-12
P1164,Lisa,Nguyen,Doctor 22,2023-03-12
P1307,Laura,Myers,Doctor 72,2023-03-12
P1422,Helen,Phillips,Doctor 64,2023-03-12
P1514,Mary,Turner,Doctor 70,2023-03-12
P0158,Deborah,Carter,Doctor 20,2023-03-13
P0241,Kathleen,Nguyen,Doctor 35,2023-03-13
P0257,Eric,Stewart,Doctor 43,2023-03-13
P0315,Steven,Martin,Doctor 82,2023-03-13
P0467,Jessica,Wood,Doctor 22,2023-03-13
P0520,Matthew,Ward,Doctor 99,2023-03-13
P0623,Deborah,Ramos,Doctor 46,2023-03-13
P0671,Emma,Robinson,Doctor 67,2023-03-13
P0733,Nancy,Wright,Doctor 4,2023-03-13
P0780,Donald,Torres,Doctor 88,2023-03-13
P0816,Christopher,Patel,Doctor 91,2023-03-13
P0856,Laura,James,Doctor 39,2023-03-13
P0868,Ryan,Patel,Doctor 39,2023-03-13
P0925,Nicholas,Campbell,Doctor 60,2023-03-13
P0926,Jessica,Ortiz,Doctor 5,2023-03-13
P1084,Ruth,Davis,Doctor 30,2023-03-13
P1111,Deborah,Morris,Doctor 35,2023-03-13
P1118,Robert,White,Doctor 77,2023-03-13
P1225,Matthew,Gonzalez,Doctor 14,2023-03-13
P1237,Cynthia,Perez,Doctor 8,2023-03-13
P1246,Joseph,Thompson,Doctor 30,2023-03-13
P1384,Joshua,Mendoza,Doctor 93,2023-03-13
P1392,Brandon,Roberts,Doctor 53,2023-03-13
P1522,Benjamin,Hernandez,Doctor 76,2023-03-13
P0031,Christopher,Thompson,Doctor 58,2023-03-14
P0061,Thomas,Hill,Doctor 47,2023-03-14
P0089,Joshua,Patel,Doctor 78,2023-03-14
P0103,Carol,Green,Doctor 59,2023-03-14
P0111,Scott,Jackson,Doctor 42,2023-03-14
P0144,Matthew,Turner,Doctor 59,2023-03-14
P0181,Betty,Patel,Doctor 19,2023-03-14
P0393,David,Wood,Doctor 93,2023-03-14
P0421,John,Young,Doctor 66,2023-03-14
P0476,Jessica,Murphy,Doctor 15,2023-03-14
P0480,Nancy,Clark,Doctor 70,2023-03-14
P0504,Linda,Perez,Doctor 1,2023-03-14
P0538,Ruth,Reed,Doctor 18,2023-03-14
P0584,Dorothy,Cook,Doctor 7,2023-03-14
P0700,Raymond,Walker,Doctor 80,2023-03-14
P0789,Barbara,Nguyen,Doctor 44,2023-03-14
P0835,Laura,Brown,Doctor 12,2023-03-14
P0856,Laura,James,Doctor 39,2023-03-14
P0862,Sharon,Martinez,Doctor 40,2023-03-14
P1021,Kimberly,Alvarez,Doctor 81,2023-03-14
P1096,Timothy,Young,Doctor 31,2023-03-14
P1117,Raymond,Ortiz,Doctor 61,2023-03-14
P1202,Alexander,Hernandez,Doctor 50,2023-03-14
P1282,Jennifer,Walker,Doctor 56,2023-03-14
P1305,Jason,Howard,Doctor 68,2023-03-14
P1320,Linda,Murphy,Doctor 26,2023-03-14
P1411,Betty,Mitchell,Doctor 47,2023-03-14
P1418,Raymond,Jones,Doctor 92,2023-03-14
P0085,Raymond,Morgan,Doctor 80,2023-03-15
P0160,Anthony,Williams,Doctor 56,2023-03-15
P0167,Brenda,Morales,Doctor 32,2023-03-15
P0200,Sarah,Jones,Doctor 85,2023-03-15
P0345,Nancy,Hall,Doctor 58,2023-03-15
P0357,Kevin,Jones,Doctor 32,2023-03-15
P0395,Betty,Myers,Doctor 28,2023-03-15
P0402,Jeffrey,King,Doctor 79,2023-03-15
P0823,Scott,Bailey,Doctor 5,2023-03-15
P0843,Karen,Brown,Doctor 69,2023-03-15
P0939,Ruth,Cox,Doctor 83,2023-03-15
P0995,Ruth,Richardson,Doctor 100,2023-03-15
P1085,Sandra,Brown,Doctor 35,2023-03-15
P1121,Alexander,Nguyen,Doctor 48,2023-03-15
P1220,Robert,Cook,Doctor 81,2023-03-15
P1237,Cynthia,Perez,Doctor 8,2023-03-15
P1246,Joseph,Thompson,Doctor 30,2023-03-15
P1284,Karen,Smith,Doctor 94,2023-03-15
P1299,Sarah,Murphy,Doctor 95,2023-03-15
P1334,Brenda,Moore,Doctor 75,2023-03-15
P1371,Lisa,Green,Doctor 8,2023-03-15
P1382,Joseph,Ramos,Doctor 28,2023-03-15
P1383,James,Bennett,Doctor 27,2023-03-15
P1417,Linda,Reed,Doctor 68,2023-03-15
P1507,Joshua,Stewart,Doctor 89,2023-03-15
P1515,Jessica,Cox,Doctor 43,2023-03-15
P1536,Dorothy,Thompson,Doctor 99,2023-03-15
P0190,Donna,Lopez,Doctor 54,2023-03-16
P0363,Nancy,Mitchell,Doctor 69,2023-03-16
P0405,Tyler,Torres,Doctor 66,2023-03-16
P0445,Kevin,Diaz,Doctor 83,2023-03-16
P0462,Sharon,Price,Doctor 77,2023-03-16
P0539,Larry,Bennett,Doctor 10,2023-03-16
P0573,Deborah,Hill,Doctor 77,2023-03-16
P0617,Richard,Jackson,Doctor 88,2023-03-16
P0646,Justin,Watson,Doctor 20,2023-03-16
P0745,Jonathan,Gonzalez,Doctor 30,2023-03-16
P0745,Jonathan,Gonzalez,Doctor 30,2023-03-16
P0764,Amy,Peterson,Doctor 1,2023-03-16
P0766,Helen,Campbell,Doctor 51,2023-03-16
P0882,Justin,White,Doctor 16,2023-03-16
P0988,Joshua,Flores,Doctor 40,2023-03-16
P1112,Joseph,Perez,Doctor 36,2023-03-16
P1116,Helen,Lewis,Doctor 50,2023-03-16
P1191,Patrick,Murphy,Doctor 77,2023-03-16
P1205,Benjamin,Wood,Doctor 83,2023-03-16
P1276,Anna,Brooks,Doctor 98,2023-03-16
P1322,Richard,Thompson,Doctor 55,2023-03-16
P1336,Anna,Bailey,Doctor 66,2023-03-16
P1377,George,Clark,Doctor 9,2023-03-16
P0030,Jonathan,Campbell,Doctor 84,2023-03-17
P0035,Angela,Alvarez,Doctor 78,2023-03-17
P0297,Brandon,White,Doctor 47,2023-03-17
P0452,Sharon,Harris,Doctor 53,2023-03-17
P0554,Raymond,Williams,Doctor 27,2023-03-17
P0645,Helen,Sanders,Doctor 64,2023-03-17
P0645,Helen,Sanders,Doctor 76,2023-03-17
P0685,Betty,Rogers,Doctor 90,2023-03-17
P0692,Frank,Williams,Doctor 12,2023-03-17
P0712,Susan,Patel,Doctor 15,2023-03-17
P0849,Shirley,Bailey,Doctor 24,2023-03-17
P0864,Joseph,Alvarez,Doctor 83,2023-03-17
P0894,Linda,Garcia,Doctor 32,2023-03-17
P0908,Aaron,Williams,Doctor 67,2023-03-17
P0946,Anna,Wood,Doctor 71,2023-03-17
P1051,Jason,Green,Doctor 100,2023-03-17
P1065,Kathleen,Kim,Doctor 9,2023-03-17
P1189,Steven,Stewart,Doctor 25,2023-03-17
P1193,Nancy,Alvarez,Doctor 96,2023-03-17
P1262,Robert,Wright,Doctor 33,2023-03-17
P1300,Helen,Howard,Doctor 57,2023-03-17
P1316,Nicholas,Howard,Doctor 21,2023-03-17
P1343,Elizabeth,Rogers,Doctor 70,2023-03-17
P1524,Amy,White,Doctor 50,2023-03-17
P0045,Rebecca,Miller,Doctor 74,2023-03-18
P0057,Mark,Martin,Doctor 26,2023-03-18
P0084,Laura,Moore,Doctor 88,2023-03-18
P0175,Karen,Harris,Doctor 37,2023-03-18
P0220,Carol,Mitchell,Doctor 10,2023-03-18
P0230,Sharon,Alvarez,Doctor 34,2023-03-18
P0280,Jeffrey,James,Doctor 66,2023-03-18
P0288,Justin,Wright,Doctor 64,2023-03-18
P0289,Lisa,Nelson,Doctor 18,2023-03-18
P0353,Jack,James,Doctor 22,2023-03-18
P0395,Betty,Myers,Doctor 28,2023-03-18
P0445,Kevin,Diaz,Doctor 83,2023-03-18
P0678,Lisa,Ramirez,Doctor 17,2023-03-18
P0760,David,Robinson,Doctor 2,2023-03-18
P0948,Jose,Ramirez,Doctor 18,2023-03-18
P0960,Christopher,Baker,Doctor 74,2023-03-18
P0997,Patricia,Parker,Doctor 25,2023-03-18
P1142,Jennifer,Clark,Doctor 76,2023-03-18
P1289,Nancy,Reed,Doctor 49,2023-03-18
P1328,Eric,Rivera,Doctor 81,2023-03-18
P1365,Sharon,Brown,Doctor 35,2023-03-18
P1466,Samuel,Brooks,Doctor 79,2023-03-18
P1537,Dennis,Lewis,Doctor 87,2023-03-18
P0003,Patricia,Miller,Doctor 64,2023-03-19
P0048,Gary,Martinez,Doctor 77,2023-03-19
P0091,Steven,Reyes,Doctor 82,2023-03-19
P0126,Sharon,Patel,Doctor 18,2023-03-19
P0168,Betty,Gomez,Doctor 69,2023-03-19
P0262,Nancy,Scott,Doctor 24,2023-03-19
P0269,Eric,Edwards,Doctor 68,2023-03-19
P0319,Samuel,Watson,Doctor 87,2023-03-19
P0335,Sharon,Nelson,Doctor 52,2023-03-19
P0364,Cynthia,Watson,Doctor 93,2023-03-19
P0429,Lisa,Reyes,Doctor 89,2023-03-19
P0453,Brandon,Nelson,Doctor 23,2023-03-19
P0573,Deborah,Hill,Doctor 77,2023-03-19
P0582,Helen,Reyes,Doctor 67,2023-03-19
P0586,Samuel,Rogers,Doctor 92,2023-03-19
P0641,Ronald,Myers,Doctor 52,2023-03-19
P0677,Ryan,Cox,Doctor 89,2023-03-19
P0894,Linda,Garcia,Doctor 32,2023-03-19
P0946,Anna,Wood,Doctor 71,2023-03-19
P0997,Patricia,Parker,Doctor 25,2023-03-19
P1015,Gary,Hall,Doctor 98,2023-03-19
P1077,Jeffrey,Flores,Doctor 92,2023-03-19
P1187,Matthew,Carter,Doctor 4,2023-03-19
P1306,Anna,James,Doctor 1,2023-03-19
P1326,Rebecca,Myers,Doctor 70,2023-03-19
P1355,Daniel,Patel,Doctor 31,2023-03-19
P1388,Rebecca,Rodriguez,Doctor 98,2023-03-19
P1389,Laura,Stewart,Doctor 40,2023-03-19
P1397,Raymond,Moore,Doctor 3,2023-03-19
P1429,James,Williams,Doctor 22,2023-03-19
P1526,Richard,Morales,Doctor 3,2023-03-19
P1537,Dennis,Lewis,Doctor 87,2023-03-19
P0142,Ruth,Rogers,Doctor 72,2023-03-20
P0166,Daniel,Alvarez,Doctor 82,2023-03-20
P0297,Brandon,White,Doctor 2,2023-03-20
P0357,Kevin,Jones,Doctor 32,2023-03-20
P0577,Emma,Brown,Doctor 30,2023-03-20
P0608,Anna,Murphy,Doctor 39,2023-03-20
P0705,Carol,Smith,Doctor 99,2023-03-20
P0795,Sandra,Gutierrez,Doctor 71,2023-03-20
P0932,Gary,Mendoza,Doctor 96,2023-03-20
P1029,Shirley,Edwards,Doctor 42,2023-03-20
P1033,Dorothy,Hernandez,Doctor 23,2023-03-20
P1108,Brenda,Taylor,Doctor 64,2023-03-20
P1160,Betty,Richardson,Doctor 57,2023-03-20
P1199,Helen,Gonzalez,Doctor 44,2023-03-20
P1219,Cynthia,Castillo,Doctor 52,2023-03-20
P1300,Helen,Howard,Doctor 43,2023-03-20
P1308,Linda,Peterson,Doctor 75,2023-03-20
P1342,Aaron,Brooks,Doctor 16,2023-03-20
P1368,Christopher,Lewis,Doctor 49,2023-03-20
P1378,Nancy,Jones,Doctor 73,2023-03-20
P1441,Lisa,Cooper,Doctor 56,2023-03-20
P1451,George,Walker,Doctor 74,2023-03-20
P1515,Jessica,Cox,Doctor 43,2023-03-20
P0047,Donna,Cooper,Doctor 88,2023-03-21
P0095,Melissa,James,Doctor 43,2023-03-21
P0135,Shirley,Morales,Doctor 4,2023-03-21
P0156,Brenda,Sanchez,Doctor 8,2023-03-21
P0200,Sarah,Jones,Doctor 85,2023-03-21
P0332,Scott,Phillips,Doctor 18,2023-03-21
P0350,Justin,Martinez,Doctor 60,2023-03-21
P0383,Susan,Jones,Doctor 70,2023-03-21
P0486,Sarah,Taylor,Doctor 38,2023-03-21
P0497,Lisa,Wood,Doctor 92,2023-03-21
P0499,James,Perez,Doctor 40,2023-03-21
P0596,Emma,Cook,Doctor 67,2023-03-21
P0641,Ronald,Myers,Doctor 52,2023-03-21
P0735,Alexander,Sanders,Doctor 61,2023-03-21
P0931,Donna,Campbell,Doctor 98,2023-03-21
P0942,Susan,Wright,Doctor 42,2023-03-21
P0953,Kevin,Hall,Doctor 89,2023-03-21
P0964,Virginia,Nelson,Doctor 93,2023-03-21
P0967,Brenda,Jones,Doctor 91,2023-03-21
P0987,James,Alvarez,Doctor 31,2023-03-21
P1036,Edward,Castillo,Doctor 32,2023-03-21
P1099,Justin,Hernandez,Doctor 66,2023-03-21
P1104,Scott,Rivera,Doctor 4,2023-03-21
P1163,Sharon,Howard,Doctor 43,2023-03-21
P1176,Jacob,Sanchez,Doctor 27,2023-03-21
P1391,Linda,Allen,Doctor 21,2023-03-21
P1395,Carol,Mendoza,Doctor 80,2023-03-21
P1412,Kathleen,Peterson,Doctor 88,2023-03-21
P1446,Jerry,Parker,Doctor 65,2023-03-21
P1485,Gregory,Harris,Doctor 100,2023-03-21
P0094,Jessica,King,Doctor 43,2023-03-22
P0269,Eric,Edwards,Doctor 68,2023-03-22
P0277,Jennifer,Lewis,Doctor 12,2023-03-22
P0298,Jessica,Baker,Doctor 92,2023-03-22
P0369,Michael,Nguyen,Doctor 91,2023-03-22
P0460,Rebecca,Cooper,Doctor 72,2023-03-22
P0554,Raymond,Williams,Doctor 27,2023-03-22
P0657,Robert,Edwards,Doctor 10,2023-03-22
P0793,Thomas,Diaz,Doctor 89,2023-03-22
P0884,Andrew,Clark,Doctor 49,2023-03-22
P0971,Anthony,Lewis,Doctor 6,2023-03-22
P1305,Jason,Howard,Doctor 41,2023-03-22
P1309,Ryan,Taylor,Doctor 97,2023-03-22
P1319,Virginia,Davis,Doctor 56,2023-03-22
P1433,Donna,Sanchez,Doctor 70,2023-03-22
P1512,Jason,Anderson,Doctor 86,2023-03-22
P0167,Brenda,Morales,Doctor 32,2023-03-23
P0202,James,King,Doctor 29,2023-03-23
P0405,Tyler,Torres,Doctor 52,2023-03-23
P0411,Jessica,Evans,Doctor 74,2023-03-23
P0426,Betty,Reed,Doctor 36,2023-03-23
P0467,Jessica,Wood,Doctor 22,2023-03-23
P0510,Benjamin,Lee,Doctor 51,2023-03-23
P0601,Kenneth,Gomez,Doctor 13,2023-03-23
P0679,Jerry,Mitchell,Doctor 70,2023-03-23
P0773,Sarah,Patel,Doctor 64,2023-03-23
P0884,Andrew,Clark,Doctor 49,2023-03-23
P0964,Virginia,Nelson,Doctor 93,2023-03-23
P0967,Brenda,Jones,Doctor 91,2023-03-23
P0981,Elizabeth,Perez,Doctor 87,2023-03-23
P1017,Joseph,Carter,Doctor 25,2023-03-23
P1269,Tyler,Stewart,Doctor 31,2023-03-23
P1325,Anna,Roberts,Doctor 38,2023-03-23
P1334,Brenda,Moore,Doctor 75,2023-03-23
P0037,Brian,Kim,Doctor 65,2023-03-24
P0161,Dennis,Cook,Doctor 4,2023-03-24
P0213,Karen,Hughes,Doctor 50,2023-03-24
P0388,Anthony,Flores,Doctor 72,2023-03-24
P0389,Sandra,Ward,Doctor 77,2023-03-24
P0413,Donald,Bennett,Doctor 94,2023-03-24
P0493,Gary,Sanchez,Doctor 73,2023-03-24
P0557,Lisa,Jackson,Doctor 19,2023-03-24
P0575,Steven,Garcia,Doctor 83,2023-03-24
P0614,Betty,James,Doctor 79,2023-03-24
P0634,Alexander,Hall,Doctor 33,2023-03-24
P0754,Alexander,Wright,Doctor 7,2023-03-24
P0808,Tyler,Adams,Doctor 50,2023-03-24
P0934,Jack,Gonzalez,Doctor 62,2023-03-24
P0960,Christopher,Baker,Doctor 74,2023-03-24
P0998,Alexander,Morris,Doctor 46,2023-03-24
P1099,Justin,Hernandez,Doctor 66,2023-03-24
P1219,Cynthia,Castillo,Doctor 52,2023-03-24
P1258,Gregory,Garcia,Doctor 91,2023-03-24
P1356,Jeffrey,Phillips,Doctor 71,2023-03-24
P1362,Jack,Flores,Doctor 2,2023-03-24
P1380,Tyler,Evans,Doctor 84,2023-03-24
P1519,Larry,Collins,Doctor 62,2023-03-24
P1520,Christopher,Garcia,Doctor 33,2023-03-24
P1532,Patrick,Thompson,Doctor 16,2023-03-24
P0165,Brenda,Gomez,Doctor 39,2023-03-25
P0173,Mary,Ramos,Doctor 76,2023-03-25
P0231,Betty,Martin,Doctor 25,2023-03-25
P0317,George,Ramirez,Doctor 4,2023-03-25
P0381,Sarah,Young,Doctor 97,2023-03-25
P0490,Brenda,Kim,Doctor 44,2023-03-25
P0505,Donna,James,Doctor 100,2023-03-25
P0541,Mark,Harris,Doctor 27,2023-03-25
P0662,Patrick,Ward,Doctor 26,2023-03-25
P0740,William,Sanders,Doctor 19,2023-03-25
P0775,Kathleen,Brooks,Doctor 56,2023-03-25
P0793,Thomas,Diaz,Doctor 89,2023-03-25
P0809,Kimberly,Mendoza,Doctor 8,2023-03-25
P1116,Helen,Lewis,Doctor 50,2023-03-25
P1304,Emma,Morgan,Doctor 18,2023-03-25
P1412,Kathleen,Peterson,Doctor 100,2023-03-25
P1477,Justin,Kelly,Doctor 31,2023-03-25
P0038,Edward,Nguyen,Doctor 40,2023-03-26
P0063,Ronald,Nguyen,Doctor 40,2023-03-26
P0125,Jose,Taylor,Doctor 36,2023-03-26
P0135,Shirley,Morales,Doctor 87,2023-03-26
P0168,Betty,Gomez,Doctor 93,2023-03-26
P0188,Carol,Hughes,Doctor 81,2023-03-26
P0237,Donna,Garcia,Doctor 96,2023-03-26
P0301,Jonathan,Moore,Doctor 4,2023-03-26
P0349,Andrew,Watson,Doctor 65,2023-03-26
P0644,Charles,Robinson,Doctor 34,2023-03-26
P0778,Donna,Reed,Doctor 28,2023-03-26
P0858,Edward,Murphy,Doctor 61,2023-03-26
P0948,Jose,Ramirez,Doctor 18,2023-03-26
P1014,Edward,Cooper,Doctor 31,2023-03-26
P1087,Deborah,Gutierrez,Doctor 24,2023-03-26
P1101,Richard,Sanchez,Doctor 14,2023-03-26
P1245,Jacob,Thomas,Doctor 13,2023-03-26
P1286,Tyler,Phillips,Doctor 49,2023-03-26
P1294,Brandon,Alvarez,Doctor 40,2023-03-26
P1383,James,Bennett,Doctor 27,2023-03-26
P1511,Aaron,Lopez,Doctor 4,2023-03-26
P0052,Jeffrey,Lee,Doctor 22,2023-03-27
P0192,Carol,Morris,Doctor 16,2023-03-27
P0204,Virginia,Hall,Doctor 17,2023-03-27
P0204,Virginia,Hall,Doctor 17,2023-03-27
P0248,Samuel,White,Doctor 27,2023-03-27
P0282,John,Alvarez,Doctor 62,2023-03-27
P0345,Nancy,Hall,Doctor 65,2023-03-27
P0477,Betty,Gonzalez,Doctor 75,2023-03-27
P0606,Sandra,Rodriguez,Doctor 60,2023-03-27
P0628,Daniel,Reyes,Doctor 21,2023-03-27
P0659,Daniel,Morris,Doctor 78,2023-03-27
P0725,Kenneth,Alvarez,Doctor 65,2023-03-27
P0898,Anthony,Collins,Doctor 26,2023-03-27
P0944,Brandon,Adams,Doctor 1,2023-03-27
P1003,Melissa,Cooper,Doctor 55,2023-03-27
P1022,Nancy,Brown,Doctor 68,2023-03-27
P1082,Brian,Harris,Doctor 83,2023-03-27
P1088,Dorothy,Morris,Doctor 96,2023-03-27
P1198,Sandra,Watson,Doctor 92,2023-03-27
P1237,Cynthia,Perez,Doctor 8,2023-03-27
P1314,Jacob,Robinson,Doctor 84,2023-03-27
P1317,Stephen,Cook,Doctor 86,2023-03-27
P1332,Andrew,Stewart,Doctor 12,2023-03-27
P0022,Kimberly,Kelly,Doctor 98,2023-03-28
P0041,Nancy,Johnson,Doctor 60,2023-03-28
P0239,James,Rogers,Doctor 61,2023-03-28
P0280,Jeffrey,James,Doctor 66,2023-03-28
P0289,Lisa,Nelson,Doctor 18,2023-03-28
P0511,James,Jones,Doctor 58,2023-03-28
P0616,Ronald,Price,Doctor 46,2023-03-28
P0738,Patrick,Kelly,Doctor 48,2023-03-28
P0739,Kimberly,Smith,Doctor 3,2023-03-28
P0800,Brian,Miller,Doctor 46,2023-03-28
P0868,Ryan,Patel,Doctor 39,2023-03-28
P0915,Helen,Taylor,Doctor 13,2023-03-28
P0944,Brandon,Adams,Doctor 1,2023-03-28
P0981,Elizabeth,Perez,Doctor 55,2023-03-28
P1000,Jennifer,White,Doctor 60,2023-03-28
P1010,Daniel,Rogers,Doctor 22,2023-03-28
P1216,Dennis,Castillo,Doctor 99,2023-03-28
P1385,Kenneth,Morales,Doctor 28,2023-03-28
P1514,Mary,Turner,Doctor 70,2023-03-28
P1530,Jessica,Nelson,Doctor 99,2023-03-28
P0047,Donna,Cooper,Doctor 88,2023-03-29
P0149,Jacob,Cox,Doctor 52,2023-03-29
P0173,Mary,Ramos,Doctor 76,2023-03-29
P0206,Raymond,Thompson,Doctor 24,2023-03-29
P0264,Angela,Williams,Doctor 24,2023-03-29
P0484,Joshua,Price,Doctor 34,2023-03-29
P0536,Jason,Richardson,Doctor 58,2023-03-29
P0553,Benjamin,Rogers,Doctor 66,2023-03-29
P0570,Lisa,Young,Doctor 57,2023-03-29
P0607,John,Cooper,Doctor 38,2023-03-29
P0612,Nicholas,Bailey,Doctor 93,2023-03-29
P0656,Lisa,Patel,Doctor 92,2023-03-29
P0922,Kenneth,Murphy,Doctor 65,2023-03-29
P0959,Benjamin,Stewart,Doctor 83,2023-03-29
P1016,George,Hughes,Doctor 100,2023-03-29
P1047,Andrew,Miller,Doctor 11,2023-03-29
P1156,Frank,Rivera,Doctor 33,2023-03-29
P1291,Jennifer,Anderson,Doctor 98,2023-03-29
P1318,David,Watson,Doctor 75,2023-03-29
P1375,Nancy,Patel,Doctor 97,2023-03-29
P1423,Justin,Thomas,Doctor 100,2023-03-29
P1471,Andrew,Lee,Doctor 24,2023-03-29
P0008,Kathleen,Rodriguez,Doctor 76,2023-03-30
P0172,Jose,Johnson,Doctor 28,2023-03-30
P0278,Helen,Cox,Doctor 39,2023-03-30
P0400,Joshua,Diaz,Doctor 47,2023-03-30
P0458,Donna,Mitchell,Doctor 71,2023-03-30
P0674,Frank,Richardson,Doctor 94,2023-03-30
P0678,Lisa,Ramirez,Doctor 17,2023-03-30
P0712,Susan,Patel,Doctor 15,2023-03-30
P0802,Deborah,Collins,Doctor 64,2023-03-30
P0825,Benjamin,Kim,Doctor 57,2023-03-30
P0908,Aaron,Williams,Doctor 67,2023-03-30
P1206,Nicholas,Torres,Doctor 1,2023-03-30
P1211,Brenda,Mendoza,Doctor 16,2023-03-30
P1319,Virginia,Davis,Doctor 56,2023-03-30
P1413,Daniel,Richardson,Doctor 94,2023-03-30
P1421,Laura,Adams,Doctor 17,2023-03-30
P1450,Melissa,Stewart,Doctor 32,2023-03-30
P1462,Jessica,Miller,Doctor 58,2023-03-30
P1483,Donna,Rogers,Doctor 19,2023-03-30
P1501,Emma,Turner,Doctor 19,2023-03-30
P0467,Jessica,Wood,Doctor 22,2023-03-31
P0675,Betty,Roberts,Doctor 22,2023-03-31
P0679,Jerry,Mitchell,Doctor 70,2023-03-31
P0718,Richard,Miller,Doctor 32,2023-03-31
P0807,Jennifer,Hughes,Doctor 99,2023-03-31
P0831,Justin,Rodriguez,Doctor 92,2023-03-31
P0851,Anna,Collins,Doctor 67,2023-03-31
P0916,Christopher,Clark,Doctor 13,2023-03-31
P1132,Stephen,Carter,Doctor 52,2023-03-31
P1146,Cynthia,Bennett,Doctor 92,2023-03-31
P1174,Aaron,Cruz,Doctor 23,2023-03-31
P1245,Jacob,Thomas,Doctor 13,2023-03-31
P1247,Andrew,Cook,Doctor 50,2023-03-31
P1250,Deborah,Peterson,Doctor 78,2023-03-31
P1471,Andrew,Lee,Doctor 24,2023-03-31
P1513,Ryan,Gutierrez,Doctor 16,2023-03-31
P0168,Betty,Gomez,Doctor 93,2023-04-01
P0220,Carol,Mitchell,Doctor 10,2023-04-01
P0266,Kenneth,Bailey,Doctor 38,2023-04-01
P0276,Betty,Sanders,Doctor 82,2023-04-01
P0279,Barbara,Allen,Doctor 8,2023-04-01
P0320,Carol,Kelly,Doctor 59,2023-04-01
P0353,Jack,James,Doctor 22,2023-04-01
P0378,Patricia,Hill,Doctor 86,2023-04-01
P0467,Jessica,Wood,Doctor 22,2023-04-01
P0624,Jose,Moore,Doctor 31,2023-04-01
P0642,Sharon,Castillo,Doctor 65,2023-04-01
P0645,Helen,Sanders,Doctor 76,2023-04-01
P0658,Timothy,Adams,Doctor 31,2023-04-01
P0728,Ruth,Sanders,Doctor 13,2023-04-01
P0765,Brian,Rodriguez,Doctor 96,2023-04-01
P0772,Jerry,Rivera,Doctor 74,2023-04-01
P0855,Kevin,Lewis,Doctor 42,2023-04-01
P0994,Kathleen,Hill,Doctor 80,2023-04-01
P1058,Sandra,Cooper,Doctor 46,2023-04-01
P1211,Brenda,Mendoza,Doctor 16,2023-04-01
P1314,Jacob,Robinson,Doctor 84,2023-04-01
P1339,Benjamin,Thompson,Doctor 94,2023-04-01
P1492,Brandon,Sanchez,Doctor 94,2023-04-01
P1510,Betty,Moore,Doctor 26,2023-04-01
P1526,Richard,Morales,Doctor 3,2023-04-01
P0250,Kimberly,Green,Doctor 58,2023-04-02
P0271,Sandra,Nguyen,Doctor 63,2023-04-02
P0300,Ronald,Morgan,Doctor 55,2023-04-02
P0301,Jonathan,Moore,Doctor 4,2023-04-02
P0368,Anthony,Morris,Doctor 59,2023-04-02
P0565,Sandra,Alvarez,Doctor 3,2023-04-02
P0613,Timothy,Nguyen,Doctor 48,2023-04-02
P0700,Raymond,Walker,Doctor 80,2023-04-02
P0709,Daniel,Nguyen,Doctor 65,2023-04-02
P0715,Kimberly,Stewart,Doctor 87,2023-04-02
P0737,Lisa,Sanders,Doctor 91,2023-04-02
P0853,Robert,Taylor,Doctor 50,2023-04-02
P0898,Anthony,Collins,Doctor 26,2023-04-02
P0900,Sharon,Martin,Doctor 40,2023-04-02
P0906,Matthew,Harris,Doctor 1,2023-04-02
P0959,Benjamin,Stewart,Doctor 83,2023-04-02
P1033,Dorothy,Hernandez,Doctor 23,2023-04-02
P1085,Sandra,Brown,Doctor 35,2023-04-02
P1255,Stephen,Lopez,Doctor 91,2023-04-02
P1255,Stephen,Lopez,Doctor 91,2023-04-02
P1414,Melissa,Cruz,Doctor 70,2023-04-02
P1449,Anna,Wright,Doctor 2,2023-04-02
P1532,Patrick,Thompson,Doctor 16,2023-04-02
P0143,Gary,Nelson,Doctor 50,2023-04-03
P0335,Sharon,Nelson,Doctor 52,2023-04-03
P0413,Donald,Bennett,Doctor 94,2023-04-03
P0596,Emma,Cook,Doctor 67,2023-04-03
P0778,Donna,Reed,Doctor 28,2023-04-03
P0822,Sandra,Williams,Doctor 19,2023-04-03
P0853,Robert,Taylor,Doctor 50,2023-04-03
P0965,Richard,Thomas,Doctor 20,2023-04-03
P1092,Mark,Allen,Doctor 28,2023-04-03
P1161,Anna,Kim,Doctor 24,2023-04-03
P1290,Melissa,Collins,Doctor 85,2023-04-03
P1333,Gregory,Gray,Doctor 94,2023-04-03
P0036,Edward,Morgan,Doctor 44,2023-04-04
P0044,Mark,Morales,Doctor 98,2023-04-04
P0045,Rebecca,Miller,Doctor 74,2023-04-04
P0229,Christopher,Johnson,Doctor 32,2023-04-04
P0266,Kenneth,Bailey,Doctor 13,2023-04-04
P0345,Nancy,Hall,Doctor 52,2023-04-04
P0477,Betty,Gonzalez,Doctor 75,2023-04-04
P0595,Gary,Moore,Doctor 43,2023-04-04
P0813,Michelle,Price,Doctor 28,2023-04-04
P0889,Sarah,White,Doctor 50,2023-04-04
P0897,Ruth,Miller,Doctor 9,2023-04-04
P1289,Nancy,Reed,Doctor 52,2023-04-04
P1316,Nicholas,Howard,Doctor 21,2023-04-04
P1390,Lisa,Sanchez,Doctor 74,2023-04-04
P0078,Michelle,Harris,Doctor 82,2023-04-05
P0223,Aaron,Cox,Doctor 70,2023-04-05
P0270,Jessica,Ward,Doctor 65,2023-04-05
P0300,Ronald,Morgan,Doctor 55,2023-04-05
P0320,Carol,Kelly,Doctor 59,2023-04-05
P0348,Brian,Stewart,Doctor 39,2023-04-05
P0352,Laura,Cruz,Doctor 43,2023-04-05
P0356,Sarah,Martin,Doctor 75,2023-04-05
P0374,Ruth,Lopez,Doctor 58,2023-04-05
P0403,Michelle,Young,Doctor 57,2023-04-05
P0540,Patrick,Thomas,Doctor 24,2023-04-05
P0543,Patrick,Ramos,Doctor 100,2023-04-05
P0588,Anna,Williams,Doctor 85,2023-04-05
P0606,Sandra,Rodriguez,Doctor 60,2023-04-05
P0635,Ruth,Mitchell,Doctor 75,2023-04-05
P0660,Donna,Johnson,Doctor 58,2023-04-05
P0669,Shirley,Torres,Doctor 16,2023-04-05
P0685,Betty,Rogers,Doctor 14,2023-04-05
P0733,Nancy,Wright,Doctor 4,2023-04-05
P0756,Joseph,Bennett,Doctor 85,2023-04-05
P0824,Scott,Morgan,Doctor 90,2023-04-05
P0846,Michael,Howard,Doctor 39,2023-04-05
P0862,Sharon,Martinez,Doctor 40,2023-04-05
P0867,Larry,Mendoza,Doctor 43,2023-04-05
P0929,Nicholas,Young,Doctor 68,2023-04-05
P0947,Richard,Rivera,Doctor 51,2023-04-05
P1089,Jennifer,Brown,Doctor 74,2023-04-05
P1095,Daniel,Wilson,Doctor 33,2023-04-05
P1168,Samuel,Rivera,Doctor 64,2023-04-05
P1213,Thomas,Reyes,Doctor 58,2023-04-05
P1263,Patricia,Allen,Doctor 74,2023-04-05
P1311,Kevin,Bennett,Doctor 97,2023-04-05
P1333,Gregory,Gray,Doctor 93,2023-04-05
P1430,Sharon,Reed,Doctor 5,2023-04-05
P1466,Samuel,Brooks,Doctor 79,2023-04-05
P0071,John,Cruz,Doctor 70,2023-04-06
P0079,James,Howard,Doctor 62,2023-04-06
P0085,Raymond,Morgan,Doctor 80,2023-04-06
P0090,Aaron,Kim,Doctor 51,2023-04-06
P0104,Betty,Cruz,Doctor 40,2023-04-06
P0123,Kevin,Gonzalez,Doctor 74,2023-04-06
P0146,Kathleen,White,Doctor 26,2023-04-06
P0154,Jason,Carter,Doctor 46,2023-04-06
P0203,Donna,Morris,Doctor 53,2023-04-06
P0235,Daniel,Flores,Doctor 16,2023-04-06
P0276,Betty,Sanders,Doctor 82,2023-04-06
P0288,Justin,Wright,Doctor 77,2023-04-06
P0344,Sharon,Campbell,Doctor 21,2023-04-06
P0368,Anthony,Morris,Doctor 59,2023-04-06
P0371,Donald,Ward,Doctor 25,2023-04-06
P0492,Scott,Murphy,Doctor 79,2023-04-06
P0496,Benjamin,Morales,Doctor 33,2023-04-06
P0561,Lisa,Lewis,Doctor 23,2023-04-06
P0664,Mary,Torres,Doctor 65,2023-04-06
P0673,Nancy,Smith,Doctor 46,2023-04-06
P0719,Justin,Ramos,Doctor 9,2023-04-06
P0803,Matthew,Gray,Doctor 99,2023-04-06
P0825,Benjamin,Kim,Doctor 57,2023-04-06
P1029,Shirley,Edwards,Doctor 3,2023-04-06
P1107,Michelle,Lee,Doctor 88,2023-04-06
P1219,Cynthia,Castillo,Doctor 52,2023-04-06
P1281,Charles,White,Doctor 45,2023-04-06
P1419,Brian,Parker,Doctor 90,2023-04-06
P0071,John,Cruz,Doctor 70,2023-04-07
P0073,Ryan,Martin,Doctor 7,2023-04-07
P0110,Matthew,Torres,Doctor 2,2023-04-07
P0220,Carol,Mitchell,Doctor 10,2023-04-07
P0361,Richard,Baker,Doctor 100,2023-04-07
P0496,Benjamin,Morales,Doctor 33,2023-04-07
P0504,Linda,Perez,Doctor 1,2023-04-07
P0579,Richard,Campbell,Doctor 67,2023-04-07
P0928,Kimberly,Bennett,Doctor 50,2023-04-07
P0956,Thomas,Hall,Doctor 69,2023-04-07
P0974,Scott,Mendoza,Doctor 68,2023-04-07
P1032,Samuel,Roberts,Doctor 78,2023-04-07
P1047,Andrew,Miller,Doctor 95,2023-04-07
P1051,Jason,Green,Doctor 29,2023-04-07
P1224,Joseph,Parker,Doctor 86,2023-04-07
P1329,Kimberly,Turner,Doctor 9,2023-04-07
P1377,George,Clark,Doctor 9,2023-04-07
P1397,Raymond,Moore,Doctor 3,2023-04-07
P1412,Kathleen,Peterson,Doctor 100,2023-04-07
P1433,Donna,Sanchez,Doctor 70,2023-04-07
P1486,Kimberly,Thomas,Doctor 10,2023-04-07
P1492,Brandon,Sanchez,Doctor 94,2023-04-07
P0011,Donald,Peterson,Doctor 48,2023-04-08
P0061,Thomas,Hill,Doctor 47,2023-04-08
P0124,Alexander,Adams,Doctor 49,2023-04-08
P0154,Jason,Carter,Doctor 46,2023-04-08
P0178,Betty,Thomas,Doctor 61,2023-04-08
P0197,Tyler,Taylor,Doctor 53,2023-04-08
P0327,Sarah,Anderson,Doctor 83,2023-04-08
P0367,Michelle,Ortiz,Doctor 90,2023-04-08
P0410,Michael,Anderson,Doctor 94,2023-04-08
P0656,Lisa,Patel,Doctor 92,2023-04-08
P0662,Patrick,Ward,Doctor 26,2023-04-08
P0812,Kimberly,Mitchell,Doctor 12,2023-04-08
P0984,Mary,Mitchell,Doctor 16,2023-04-08
P1013,Jose,Murphy,Doctor 12,2023-04-08
P1111,Deborah,Morris,Doctor 35,2023-04-08
P1223,Kimberly,Diaz,Doctor 57,2023-04-08
P1478,Rebecca,Watson,Doctor 2,2023-04-08
P1491,Timothy,Walker,Doctor 49,2023-04-08
P1494,Nicholas,Jackson,Doctor 64,2023-04-08
P0025,Melissa,Turner,Doctor 15,2023-04-09
P0077,Thomas,King,Doctor 48,2023-04-09
P0224,Sarah,Wright,Doctor 75,2023-04-09
P0241,Kathleen,Nguyen,Doctor 35,2023-04-09
P0289,Lisa,Nelson,Doctor 18,2023-04-09
P0495,Mary,Hill,Doctor 89,2023-04-09
P0544,Donna,Myers,Doctor 19,2023-04-09
P0698,Stephen,Hughes,Doctor 72,2023-04-09
P0752,Deborah,Gray,Doctor 86,2023-04-09
P1009,Andrew,Murphy,Doctor 1,2023-04-09
P1089,Jennifer,Brown,Doctor 74,2023-04-09
P1101,Richard,Sanchez,Doctor 14,2023-04-09
P1202,Alexander,Hernandez,Doctor 50,2023-04-09
P1235,Deborah,White,Doctor 85,2023-04-09
P1284,Karen,Smith,Doctor 94,2023-04-09
P1308,Linda,Peterson,Doctor 75,2023-04-09
P1486,Kimberly,Thomas,Doctor 10,2023-04-09
P1521,Emma,Wood,Doctor 35,2023-04-09
P0009,Jerry,Evans,Doctor 94,2023-04-10
P0098,Betty,King,Doctor 100,2023-04-10
P0123,Kevin,Gonzalez,Doctor 74,2023-04-10
P0145,Susan,Ward,Doctor 80,2023-04-10
P0232,Deborah,Rodriguez,Doctor 49,2023-04-10
P0271,Sandra,Nguyen,Doctor 63,2023-04-10
P0384,Nicholas,Cooper,Doctor 13,2023-04-10
P0682,Ronald,Nelson,Doctor 86,2023-04-10
P0832,Kimberly,Young,Doctor 7,2023-04-10
P0865,Ruth,Young,Doctor 72,2023-04-10
P0868,Ryan,Patel,Doctor 39,2023-04-10
P0910,Richard,Taylor,Doctor 5,2023-04-10
P0953,Kevin,Hall,Doctor 89,2023-04-10
P1131,Christopher,Diaz,Doctor 10,2023-04-10
P1148,Jacob,Lopez,Doctor 21,2023-04-10
P1181,Robert,Lewis,Doctor 50,2023-04-10
P1275,Susan,Howard,Doctor 10,2023-04-10
P1382,Joseph,Ramos,Doctor 28,2023-04-10
P1523,Laura,Taylor,Doctor 65,2023-04-10
P0031,Christopher,Thompson,Doctor 74,2023-04-11
P0086,Laura,Ruiz,Doctor 70,2023-04-11
P0209,Brenda,Harris,Doctor 65,2023-04-11
P0256,Joshua,Reyes,Doctor 99,2023-04-11
P0451,Anna,Reyes,Doctor 90,2023-04-11
P0672,Sarah,Diaz,Doctor 80,2023-04-11
P0764,Amy,Peterson,Doctor 1,2023-04-11
P1108,Brenda,Taylor,Doctor 64,2023-04-11
P1166,Jonathan,Baker,Doctor 36,2023-04-11
P1208,Richard,Carter,Doctor 73,2023-04-11
P1342,Aaron,Brooks,Doctor 16,2023-04-11
P1427,Brandon,Morgan,Doctor 63,2023-04-11
P1440,Jonathan,Ortiz,Doctor 14,2023-04-11
P1447,Benjamin,Chavez,Doctor 7,2023-04-11
P1454,Sharon,Gutierrez,Doctor 84,2023-04-11
P1458,Alexander,Smith,Doctor 7,2023-04-11
P1499,Angela,Cruz,Doctor 36,2023-04-11
P1514,Mary,Turner,Doctor 70,2023-04-11
P0005,Helen,Anderson,Doctor 97,2023-04-12
P0049,George,Smith,Doctor 64,2023-04-12
P0114,Edward,Torres,Doctor 71,2023-04-12
P0273,Carol,Lopez,Doctor 4,2023-04-12
P0303,Jerry,Martin,Doctor 97,2023-04-12
P0334,Virginia,Mendoza,Doctor 29,2023-04-12
P0429,Lisa,Reyes,Doctor 89,2023-04-12
P0438,George,Reyes,Doctor 30,2023-04-12
P0462,Sharon,Price,Doctor 81,2023-04-12
P0546,Kathleen,Hughes,Doctor 79,2023-04-12
P0562,Deborah,Evans,Doctor 46,2023-04-12
P0584,Dorothy,Cook,Doctor 7,2023-04-12
P0626,Samuel,Chavez,Doctor 46,2023-04-12
P0722,Gary,Clark,Doctor 76,2023-04-12
P0853,Robert,Taylor,Doctor 59,2023-04-12
P0865,Ruth,Young,Doctor 72,2023-04-12
P0954,Karen,Thompson,Doctor 92,2023-04-12
P0991,Jennifer,Gutierrez,Doctor 67,2023-04-12
P1202,Alexander,Hernandez,Doctor 50,2023-04-12
P1279,Michelle,Morgan,Doctor 12,2023-04-12
P1383,James,Bennett,Doctor 27,2023-04-12
P1392,Brandon,Roberts,Doctor 53,2023-04-12
P1529,Mark,Edwards,Doctor 23,2023-04-12
P0026,Larry,James,Doctor 23,2023-04-13
P0041,Nancy,Johnson,Doctor 13,2023-04-13
P0242,Eric,Sanders,Doctor 39,2023-04-13
P0275,Nancy,Thompson,Doctor 46,2023-04-13
P0280,Jeffrey,James,Doctor 66,2023-04-13
P0411,Jessica,Evans,Doctor 74,2023-04-13
P0422,Barbara,Patel,Doctor 27,2023-04-13
P0422,Barbara,Patel,Doctor 27,2023-04-13
P0478,Alexander,Alvarez,Doctor 38,2023-04-13
P0489,Patrick,Jackson,Doctor 40,2023-04-13
P0568,Kenneth,Allen,Doctor 66,2023-04-13
P0604,Jerry,Price,Doctor 44,2023-04-13
P0683,Dorothy,Clark,Doctor 31,2023-04-13
P0704,Nicholas,Ruiz,Doctor 10,2023-04-13
P0834,Stephen,Morgan,Doctor 31,2023-04-13
P0855,Kevin,Lewis,Doctor 43,2023-04-13
P1019,Kevin,Wood,Doctor 27,2023-04-13
P1084,Ruth,Davis,Doctor 30,2023-04-13
P1283,Timothy,Rivera,Doctor 46,2023-04-13
P1449,Anna,Wright,Doctor 2,2023-04-13
P0052,Jeffrey,Lee,Doctor 99,2023-04-14
P0114,Edward,Torres,Doctor 71,2023-04-14
P0170,Sharon,Evans,Doctor 78,2023-04-14
P0285,Helen,Martin,Doctor 2,2023-04-14
P0383,Susan,Jones,Doctor 88,2023-04-14
P0482,Michelle,Robinson,Doctor 15,2023-04-14
P0514,Matthew,Nguyen,Doctor 13,2023-04-14
P0685,Betty,Rogers,Doctor 59,2023-04-14
P0758,Anna,Lopez,Doctor 42,2023-04-14
P0802,Deborah,Collins,Doctor 64,2023-04-14
P0861,Jason,Morris,Doctor 58,2023-04-14
P0920,Nicholas,White,Doctor 73,2023-04-14
P0995,Ruth,Richardson,Doctor 100,2023-04-14
P1040,Betty,Murphy,Doctor 40,2023-04-14
P1159,Elizabeth,Wood,Doctor 48,2023-04-14
P1191,Patrick,Murphy,Doctor 77,2023-04-14
P1226,Susan,Harris,Doctor 91,2023-04-14
P1251,Lisa,Mitchell,Doctor 34,2023-04-14
P1257,Cynthia,Hernandez,Doctor 29,2023-04-14
P1470,Sandra,Turner,Doctor 23,2023-04-14
P0109,Patrick,Davis,Doctor 80,2023-04-15
P0186,Donna,Kim,Doctor 27,2023-04-15
P0211,Laura,Nguyen,Doctor 84,2023-04-15
P0318,Matthew,Richardson,Doctor 35,2023-04-15
P0321,Jacob,Nguyen,Doctor 84,2023-04-15
P0375,Jose,Thompson,Doctor 17,2023-04-15
P0515,Jose,Gonzalez,Doctor 31,2023-04-15
P0546,Kathleen,Hughes,Doctor 79,2023-04-15
P0660,Donna,Johnson,Doctor 58,2023-04-15
P0821,Karen,Baker,Doctor 13,2023-04-15
P0915,Helen,Taylor,Doctor 13,2023-04-15
P0975,Joseph,Torres,Doctor 29,2023-04-15
P1314,Jacob,Robinson,Doctor 84,2023-04-15
P1431,Ruth,Harris,Doctor 96,2023-04-15
P1492,Brandon,Sanchez,Doctor 51,2023-04-15
P0025,Melissa,Turner,Doctor 15,2023-04-16
P0091,Steven,Reyes,Doctor 82,2023-04-16
P0316,Jacob,Flores,Doctor 40,2023-04-16
P0339,Shirley,Sanchez,Doctor 100,2023-04-16
P0354,Jack,Wright,Doctor 10,2023-04-16
P0454,Samuel,Lewis,Doctor 21,2023-04-16
P0690,Jessica,Thompson,Doctor 74,2023-04-16
P0724,Laura,Reyes,Doctor 12,2023-04-16
P0793,Thomas,Diaz,Doctor 89,2023-04-16
P0940,Kenneth,Collins,Doctor 40,2023-04-16
P0954,Karen,Thompson,Doctor 92,2023-04-16
P1030,Karen,Anderson,Doctor 21,2023-04-16
P1044,Sharon,Hughes,Doctor 43,2023-04-16
P1122,Laura,King,Doctor 98,2023-04-16
P1154,Sarah,Kim,Doctor 40,2023-04-16
P1240,Dennis,Morris,Doctor 7,2023-04-16
P1273,Rebecca,Lee,Doctor 57,2023-04-16
P1299,Sarah,Murphy,Doctor 95,2023-04-16
P1324,Sharon,King,Doctor 91,2023-04-16
P1398,Sarah,Sanchez,Doctor 81,2023-04-16
P1447,Benjamin,Chavez,Doctor 7,2023-04-16
P1524,Amy,White,Doctor 50,2023-04-16
P0174,Patricia,Brown,Doctor 55,2023-04-17
P0259,Matthew,Ruiz,Doctor 15,2023-04-17
P0308,Stephen,Moore,Doctor 62,2023-04-17
P0331,Michelle,Garcia,Doctor 60,2023-04-17
P0340,Jennifer,Roberts,Doctor 24,2023-04-17
P0366,Deborah,Rogers,Doctor 45,2023-04-17
P0396,George,Howard,Doctor 32,2023-04-17
P0397,Patrick,Parker,Doctor 5,2023-04-17
P0436,Benjamin,Gutierrez,Doctor 46,2023-04-17
P0471,Daniel,Adams,Doctor 65,2023-04-17
P0522,Emma,Clark,Doctor 32,2023-04-17
P0591,Rebecca,Nguyen,Doctor 89,2023-04-17
P0618,Helen,Perez,Doctor 32,2023-04-17
P0634,Alexander,Hall,Doctor 9,2023-04-17
P0638,Kimberly,Gray,Doctor 77,2023-04-17
P0734,Anna,Smith,Doctor 87,2023-04-17
P0929,Nicholas,Young,Doctor 68,2023-04-17
P0933,Kenneth,Ortiz,Doctor 68,2023-04-17
P1011,Jerry,Wood,Doctor 10,2023-04-17
P1020,James,Cook,Doctor 49,2023-04-17
P1024,Kimberly,Parker,Doctor 32,2023-04-17
P1103,Patrick,Carter,Doctor 42,2023-04-17
P1123,Kevin,Edwards,Doctor 100,2023-04-17
P1125,Donald,Collins,Doctor 74,2023-04-17
P1132,Stephen,Carter,Doctor 52,2023-04-17
P1183,Michael,Cruz,Doctor 95,2023-04-17
P1242,Anthony,Kim,Doctor 49,2023-04-17
P1283,Timothy,Rivera,Doctor 46,2023-04-17
P1373,Robert,James,Doctor 59,2023-04-17
P1417,Linda,Reed,Doctor 68,2023-04-17
P1420,Kimberly,Martin,Doctor 3,2023-04-17
P1452,Karen,Flores,Doctor 59,2023-04-17
P1473,Michelle,Cooper,Doctor 85,2023-04-17
P1516,Karen,Wright,Doctor 53,2023-04-17
P0308,Stephen,Moore,Doctor 62,2023-04-18
P0345,Nancy,Hall,Doctor 52,2023-04-18
P0360,Steven,James,Doctor 45,2023-04-18
P0366,Deborah,Rogers,Doctor 45,2023-04-18
P0420,Mark,Morgan,Doctor 29,2023-04-18
P0464,Brenda,Reyes,Doctor 12,2023-04-18
P0489,Patrick,Jackson,Doctor 40,2023-04-18
P0630,Amy,Castillo,Doctor 26,2023-04-18
P0648,Kimberly,Morales,Doctor 8,2023-04-18
P0767,Angela,White,Doctor 48,2023-04-18
P0783,Larry,Martin,Doctor 48,2023-04-18
P0814,Mark,Gomez,Doctor 80,2023-04-18
P0880,Helen,Garcia,Doctor 67,2023-04-18
P0886,Rebecca,Murphy,Doctor 12,2023-04-18
P1206,Nicholas,Torres,Doctor 87,2023-04-18
P1318,David,Watson,Doctor 92,2023-04-18
P0177,Aaron,Myers,Doctor 90,2023-04-19
P0179,Brandon,Chavez,Doctor 31,2023-04-19
P0214,Lisa,Chavez,Doctor 22,2023-04-19
P0256,Joshua,Reyes,Doctor 99,2023-04-19
P0387,Christopher,Morgan,Doctor 59,2023-04-19
P0420,Mark,Morgan,Doctor 29,2023-04-19
P0475,Kenneth,Jackson,Doctor 35,2023-04-19
P0586,Samuel,Rogers,Doctor 92,2023-04-19
P0600,Brenda,King,Doctor 17,2023-04-19
P0611,Daniel,Walker,Doctor 53,2023-04-19
P0641,Ronald,Myers,Doctor 52,2023-04-19
P0900,Sharon,Martin,Doctor 40,2023-04-19
P0954,Karen,Thompson,Doctor 92,2023-04-19
P1030,Karen,Anderson,Doctor 27,2023-04-19
P1045,Sandra,Jones,Doctor 19,2023-04-19
P1249,Kimberly,Carter,Doctor 56,2023-04-19
P1396,Alexander,Kelly,Doctor 2,2023-04-19
P1487,Ronald,Evans,Doctor 26,2023-04-19
P0029,Raymond,Gray,Doctor 98,2023-04-20
P0129,Frank,Sanchez,Doctor 59,2023-04-20
P0133,Stephen,Gutierrez,Doctor 30,2023-04-20
P0243,Larry,Morgan,Doctor 12,2023-04-20
P0321,Jacob,Nguyen,Doctor 68,2023-04-20
P0359,Betty,Reyes,Doctor 64,2023-04-20
P0385,Patricia,Robinson,Doctor 42,2023-04-20
P0524,Brandon,Ramirez,Doctor 92,2023-04-20
P0711,Kenneth,Brown,Doctor 45,2023-04-20
P0734,Anna,Smith,Doctor 87,2023-04-20
P0822,Sandra,Williams,Doctor 19,2023-04-20
P0881,Edward,Wilson,Doctor 34,2023-04-20
P1081,Joseph,Gonzalez,Doctor 72,2023-04-20
P1115,Cynthia,Smith,Doctor 15,2023-04-20
P1213,Thomas,Reyes,Doctor 87,2023-04-20
P1272,Patrick,Jones,Doctor 43,2023-04-20
P1289,Nancy,Reed,Doctor 52,2023-04-20
P1378,Nancy,Jones,Doctor 73,2023-04-20
P1381,Kevin,Mendoza,Doctor 84,2023-04-20
P1393,Sandra,Scott,Doctor 93,2023-04-20
P1450,Melissa,Stewart,Doctor 32,2023-04-20
P1450,Melissa,Stewart,Doctor 32,2023-04-20
P1462,Jessica,Miller,Doctor 58,2023-04-20
P1466,Samuel,Brooks,Doctor 79,2023-04-20
P1475,Virginia,Adams,Doctor 86,2023-04-20
P0044,Mark,Morales,Doctor 98,2023-04-21
P0092,Jason,Morales,Doctor 15,2023-04-21
P0147,Sarah,Morgan,Doctor 52,2023-04-21
P0205,Edward,Ramirez,Doctor 21,2023-04-21
P0214,Lisa,Chavez,Doctor 22,2023-04-21
P0284,Ronald,Thompson,Doctor 7,2023-04-21
P0360,Steven,James,Doctor 45,2023-04-21
P0367,Michelle,Ortiz,Doctor 90,2023-04-21
P0433,Kenneth,Baker,Doctor 5,2023-04-21
P0459,Jose,Bennett,Doctor 99,2023-04-21
P0466,Karen,King,Doctor 47,2023-04-21
P0491,Patricia,Garcia,Doctor 14,2023-04-21
P0557,Lisa,Jackson,Doctor 19,2023-04-21
P0574,Kevin,Turner,Doctor 93,2023-04-21
P0657,Robert,Edwards,Doctor 20,2023-04-21
P0685,Betty,Rogers,Doctor 49,2023-04-21
P0702,Jessica,Rivera,Doctor 98,2023-04-21
P0703,Helen,Watson,Doctor 50,2023-04-21
P1026,Sandra,Thomas,Doctor 7,2023-04-21
P1079,Kimberly,Sanders,Doctor 34,2023-04-21
P1168,Samuel,Rivera,Doctor 64,2023-04-21
P1200,Ruth,Reyes,Doctor 15,2023-04-21
P1232,Deborah,Wright,Doctor 17,2023-04-21
P1235,Deborah,White,Doctor 85,2023-04-21
P1254,Sarah,Wood,Doctor 73,2023-04-21
P1295,Nancy,Kim,Doctor 85,2023-04-21
P1340,Karen,James,Doctor 68,2023-04-21
P1344,Anna,Castillo,Doctor 55,2023-04-21
P1347,Brenda,Howard,Doctor 87,2023-04-21
P1418,Raymond,Jones,Doctor 92,2023-04-21
P0011,Donald,Peterson,Doctor 48,2023-04-22
P0040,Jose,Sanders,Doctor 63,2023-04-22
P0144,Matthew,Turner,Doctor 59,2023-04-22
P0470,Brian,Brown,Doctor 84,2023-04-22
P0553,Benjamin,Rogers,Doctor 34,2023-04-22
P0566,Raymond,Sanchez,Doctor 18,2023-04-22
P0641,Ronald,Myers,Doctor 52,2023-04-22
P0646,Justin,Watson,Doctor 20,2023-04-22
P0655,Matthew,Adams,Doctor 63,2023-04-22
P0722,Gary,Clark,Doctor 76,2023-04-22
P0790,Rebecca,King,Doctor 11,2023-04-22
P0824,Scott,Morgan,Doctor 9,2023-04-22
P0893,Raymond,Gomez,Doctor 53,2023-04-22
P0962,Mark,Ward,Doctor 52,2023-04-22
P0991,Jennifer,Gutierrez,Doctor 67,2023-04-22
P0992,Kevin,Green,Doctor 1,2023-04-22
P1087,Deborah,Gutierrez,Doctor 24,2023-04-22
P1095,Daniel,Wilson,Doctor 9,2023-04-22
P1197,Dennis,Watson,Doctor 28,2023-04-22
P1313,Samuel,Price,Doctor 24,2023-04-22
P1358,Nancy,Bennett,Doctor 73,2023-04-22
P1526,Richard,Morales,Doctor 3,2023-04-22
P0085,Raymond,Morgan,Doctor 80,2023-04-23
P0110,Matthew,Torres,Doctor 2,2023-04-23
P0198,Ruth,Thompson,Doctor 97,2023-04-23
P0226,Laura,Murphy,Doctor 86,2023-04-23
P0263,Melissa,Gutierrez,Doctor 43,2023-04-23
P0612,Nicholas,Bailey,Doctor 93,2023-04-23
P0649,Rebecca,Hall,Doctor 30,2023-04-23
P0737,Lisa,Sanders,Doctor 91,2023-04-23
P0754,Alexander,Wright,Doctor 2,2023-04-23
P0865,Ruth,Young,Doctor 72,2023-04-23
P0885,David,Hernandez,Doctor 19,2023-04-23
P1022,Nancy,Brown,Doctor 68,2023-04-23
P1055,Jack,Parker,Doctor 3,2023-04-23
P1055,Jack,Parker,Doctor 3,2023-04-23
P1389,Laura,Stewart,Doctor 40,2023-04-23
P1431,Ruth,Harris,Doctor 96,2023-04-23
P1448,Ruth,Jones,Doctor 82,2023-04-23
P1460,Aaron,Murphy,Doctor 58,2023-04-23
P1483,Donna,Rogers,Doctor 19,2023-04-23
P1485,Gregory,Harris,Doctor 100,2023-04-23
P0040,Jose,Sanders,Doctor 63,2023-04-24
P0081,Michael,Alvarez,Doctor 23,2023-04-24
P0195,Deborah,Cox,Doctor 20,2023-04-24
P0283,Carol,Brown,Doctor 63,2023-04-24
P0343,Kenneth,Cruz,Doctor 47,2023-04-24
P0414,Deborah,Clark,Doctor 20,2023-04-24
P0697,Carol,Reed,Doctor 30,2023-04-24
P0710,Barbara,Green,Doctor 14,2023-04-24
P0799,Virginia,Ortiz,Doctor 95,2023-04-24
P0844,Amy,Rivera,Doctor 72,2023-04-24
P0918,William,Hughes,Doctor 49,2023-04-24
P1004,David,Roberts,Doctor 89,2023-04-24
P1009,Andrew,Murphy,Doctor 1,2023-04-24
P1151,Barbara,Robinson,Doctor 12,2023-04-24
P1165,Joshua,Richardson,Doctor 27,2023-04-24
P1505,Nancy,White,Doctor 75,2023-04-24
P1513,Ryan,Gutierrez,Doctor 16,2023-04-24
P0117,Brenda,Stewart,Doctor 90,2023-04-25
P0130,Elizabeth,Ward,Doctor 42,2023-04-25
P0227,Kathleen,Watson,Doctor 32,2023-04-25
P0243,Larry,Morgan,Doctor 12,2023-04-25
P0347,Tyler,Morris,Doctor 29,2023-04-25
P0364,Cynthia,Watson,Doctor 93,2023-04-25
P0372,Charles,Bennett,Doctor 20,2023-04-25
P0385,Patricia,Robinson,Doctor 42,2023-04-25
P0498,Edward,Myers,Doctor 95,2023-04-25
P0579,Richard,Campbell,Doctor 67,2023-04-25
P0690,Jessica,Thompson,Doctor 74,2023-04-25
P0691,Anna,Thompson,Doctor 50,2023-04-25
P0696,Gary,Ramirez,Doctor 45,2023-04-25
P0709,Daniel,Nguyen,Doctor 27,2023-04-25
P0711,Kenneth,Brown,Doctor 45,2023-04-25
P0774,Michelle,Scott,Doctor 31,2023-04-25
P0792,Sharon,Stewart,Doctor 17,2023-04-25
P1133,Charles,Mendoza,Doctor 60,2023-04-25
P1152,Anna,Gomez,Doctor 95,2023-04-25
P1216,Dennis,Castillo,Doctor 40,2023-04-25
P1262,Robert,Wright,Doctor 33,2023-04-25
P1319,Virginia,Davis,Doctor 76,2023-04-25
P1373,Robert,James,Doctor 59,2023-04-25
P1398,Sarah,Sanchez,Doctor 81,2023-04-25
P1431,Ruth,Harris,Doctor 96,2023-04-25
P0056,Jessica,Smith,Doctor 27,2023-04-26
P0099,Angela,Howard,Doctor 1,2023-04-26
P0120,Sandra,Myers,Doctor 26,2023-04-26
P0131,Robert,Ortiz,Doctor 95,2023-04-26
P0187,Sarah,Collins,Doctor 23,2023-04-26
P0274,Brenda,Peterson,Doctor 10,2023-04-26
P0281,Sarah,Allen,Doctor 8,2023-04-26
P0355,Kenneth,Bennett,Doctor 54,2023-04-26
P0421,John,Young,Doctor 66,2023-04-26
P0497,Lisa,Wood,Doctor 73,2023-04-26
P0533,Helen,Lee,Doctor 89,2023-04-26
P0605,Kimberly,Hughes,Doctor 55,2023-04-26
P0642,Sharon,Castillo,Doctor 65,2023-04-26
P0880,Helen,Garcia,Doctor 67,2023-04-26
P1049,Jeffrey,Adams,Doctor 2,2023-04-26
P1058,Sandra,Cooper,Doctor 46,2023-04-26
P1309,Ryan,Taylor,Doctor 97,2023-04-26
P1315,Sharon,Phillips,Doctor 56,2023-04-26
P0043,Laura,Watson,Doctor 14,2023-04-27
P0076,Kevin,Murphy,Doctor 32,2023-04-27
P0194,Nancy,Harris,Doctor 8,2023-04-27
P0308,Stephen,Moore,Doctor 62,2023-04-27
P0464,Brenda,Reyes,Doctor 12,2023-04-27
P0599,David,Nelson,Doctor 47,2023-04-27
P0630,Amy,Castillo,Doctor 92,2023-04-27
P0752,Deborah,Gray,Doctor 86,2023-04-27
P0752,Deborah,Gray,Doctor 86,2023-04-27
P0799,Virginia,Ortiz,Doctor 95,2023-04-27
P0856,Laura,James,Doctor 39,2023-04-27
P0917,Michael,Parker,Doctor 83,2023-04-27
P1036,Edward,Castillo,Doctor 32,2023-04-27
P1160,Betty,Richardson,Doctor 57,2023-04-27
P1185,Laura,Young,Doctor 5,2023-04-27
P1214,Patrick,Gonzalez,Doctor 38,2023-04-27
P1331,Sandra,Taylor,Doctor 84,2023-04-27
P1383,James,Bennett,Doctor 27,2023-04-27
P0062,Benjamin,Flores,Doctor 70,2023-04-28
P0140,Barbara,Cox,Doctor 73,2023-04-28
P0211,Laura,Nguyen,Doctor 84,2023-04-28
P0370,Stephen,Rodriguez,Doctor 57,2023-04-28
P0542,Deborah,Morales,Doctor 67,2023-04-28
P0588,Anna,Williams,Doctor 85,2023-04-28
P0612,Nicholas,Bailey,Doctor 93,2023-04-28
P0662,Patrick,Ward,Doctor 26,2023-04-28
P0689,Samuel,Edwards,Doctor 63,2023-04-28
P0782,Tyler,Anderson,Doctor 15,2023-04-28
P1078,Raymond,Hall,Doctor 56,2023-04-28
P1190,Mark,Thomas,Doctor 87,2023-04-28
P1255,Stephen,Lopez,Doctor 91,2023-04-28
P1277,Betty,Peterson,Doctor 66,2023-04-28
P1310,Brandon,Gonzalez,Doctor 79,2023-04-28
P1479,Nicholas,Davis,Doctor 49,2023-04-28
P1499,Angela,Cruz,Doctor 36,2023-04-28
P1506,Christopher,Roberts,Doctor 9,2023-04-28
P1525,Karen,Roberts,Doctor 58,2023-04-28
P1531,Nancy,Wilson,Doctor 60,2023-04-28
P0020,Deborah,Campbell,Doctor 96,2023-04-29
P0030,Jonathan,Campbell,Doctor 84,2023-04-29
P0087,John,Martin,Doctor 13,2023-04-29
P0087,John,Martin,Doctor 13,2023-04-29
P0156,Brenda,Sanchez,Doctor 8,2023-04-29
P0262,Nancy,Scott,Doctor 24,2023-04-29
P0277,Jennifer,Lewis,Doctor 12,2023-04-29
P0294,James,Reyes,Doctor 33,2023-04-29
P0390,Jerry,Hughes,Doctor 71,2023-04-29
P0463,Helen,Stewart,Doctor 81,2023-04-29
P0500,Anthony,Ramirez,Doctor 99,2023-04-29
P0581,Kevin,Moore,Doctor 42,2023-04-29
P0659,Daniel,Morris,Doctor 78,2023-04-29
P0692,Frank,Williams,Doctor 12,2023-04-29
P0710,Barbara,Green,Doctor 14,2023-04-29
P0739,Kimberly,Smith,Doctor 3,2023-04-29
P0808,Tyler,Adams,Doctor 50,2023-04-29
P0810,Matthew,Cook,Doctor 87,2023-04-29
P0925,Nicholas,Campbell,Doctor 60,2023-04-29
P1096,Timothy,Young,Doctor 31,2023-04-29
P1190,Mark,Thomas,Doctor 87,2023-04-29
P1341,Steven,Ward,Doctor 30,2023-04-29
P1405,Alexander,Williams,Doctor 67,2023-04-29
P1507,Joshua,Stewart,Doctor 89,2023-04-29
P0007,Lisa,Mendoza,Doctor 41,2023-04-30
P0044,Mark,Morales,Doctor 98,2023-04-30
P0149,Jacob,Cox,Doctor 4,2023-04-30
P0238,Patrick,Cruz,Doctor 44,2023-04-30
P0247,Stephen,Sanchez,Doctor 39,2023-04-30
P0717,Justin,Wood,Doctor 95,2023-04-30
P0732,Andrew,Scott,Doctor 7,2023-04-30
P0800,Brian,Miller,Doctor 46,2023-04-30
P0954,Karen,Thompson,Doctor 92,2023-04-30
P1060,Michelle,Collins,Doctor 95,2023-04-30
P1095,Daniel,Wilson,Doctor 9,2023-04-30
P1116,Helen,Lewis,Doctor 50,2023-04-30
P1261,Susan,Anderson,Doctor 67,2023-04-30
P1276,Anna,Brooks,Doctor 98,2023-04-30
P1305,Jason,Howard,Doctor 41,2023-04-30
P1335,Michael,Lopez,Doctor 41,2023-04-30
P1400,Sarah,King,Doctor 49,2023-04-30
P0100,Jerry,Watson,Doctor 6,2023-05-01
P0138,Deborah,Reyes,Doctor 66,2023-05-01
P0158,Deborah,Carter,Doctor 20,2023-05-01
P0193,Anthony,Lopez,Doctor 9,2023-05-01
P0333,Donna,Lee,Doctor 43,2023-05-01
P0375,Jose,Thompson,Doctor 17,2023-05-01
P0564,Lisa,Gray,Doctor 85,2023-05-01
P0588,Anna,Williams,Doctor 85,2023-05-01
P0605,Kimberly,Hughes,Doctor 55,2023-05-01
P0653,Andrew,Jones,Doctor 95,2023-05-01
P0762,Michael,Diaz,Doctor 15,2023-05-01
P0950,Deborah,Watson,Doctor 53,2023-05-01
P1016,George,Hughes,Doctor 100,2023-05-01
P1037,Shirley,Nguyen,Doctor 5,2023-05-01
P1139,Jason,Kelly,Doctor 66,2023-05-01
P1146,Cynthia,Bennett,Doctor 92,2023-05-01
P1216,Dennis,Castillo,Doctor 40,2023-05-01
P1273,Rebecca,Lee,Doctor 57,2023-05-01
P1274,Ronald,Hughes,Doctor 72,2023-05-01
P1317,Stephen,Cook,Doctor 86,2023-05-01
P1374,Michelle,Edwards,Doctor 79,2023-05-01
P1444,Dorothy,Evans,Doctor 20,2023-05-01
P1461,Sandra,Green,Doctor 68,2023-05-01
P1516,Karen,Wright,Doctor 53,2023-05-01
P0003,Patricia,Miller,Doctor 30,2023-05-02
P0033,Gregory,Castillo,Doctor 14,2023-05-02
P0198,Ruth,Thompson,Doctor 97,2023-05-02
P0221,Scott,Hernandez,Doctor 3,2023-05-02
P0247,Stephen,Sanchez,Doctor 39,2023-05-02
P0264,Angela,Williams,Doctor 92,2023-05-02
P0266,Kenneth,Bailey,Doctor 13,2023-05-02
P0320,Carol,Kelly,Doctor 59,2023-05-02
P0335,Sharon,Nelson,Doctor 52,2023-05-02
P0352,Laura,Cruz,Doctor 43,2023-05-02
P0354,Jack,Wright,Doctor 10,2023-05-02
P0470,Brian,Brown,Doctor 30,2023-05-02
P0542,Deborah,Morales,Doctor 67,2023-05-02
P0678,Lisa,Ramirez,Doctor 17,2023-05-02
P0698,Stephen,Hughes,Doctor 72,2023-05-02
P0710,Barbara,Green,Doctor 14,2023-05-02
P0740,William,Sanders,Doctor 19,2023-05-02
P0858,Edward,Murphy,Doctor 61,2023-05-02
P0901,Dennis,Morales,Doctor 94,2023-05-02
P0924,Jennifer,Adams,Doctor 63,2023-05-02
P0931,Donna,Campbell,Doctor 98,2023-05-02
P1182,Patrick,Martin,Doctor 99,2023-05-02
P1216,Dennis,Castillo,Doctor 40,2023-05-02
P1336,Anna,Bailey,Doctor 66,2023-05-02
P1416,Aaron,Turner,Doctor 17,2023-05-02
P1455,Jason,Rivera,Doctor 66,2023-05-02
P1461,Sandra,Green,Doctor 68,2023-05-02
P0101,Lisa,Parker,Doctor 8,2023-05-03
P0119,Benjamin,Jones,Doctor 42,2023-05-03
P0213,Karen,Hughes,Doctor 50,2023-05-03
P0238,Patrick,Cruz,Doctor 40,2023-05-03
P0303,Jerry,Martin,Doctor 97,2023-05-03
P0316,Jacob,Flores,Doctor 40,2023-05-03
P0350,Justin,Martinez,Doctor 60,2023-05-03
P0407,Kenneth,Adams,Doctor 91,2023-05-03
P0618,Helen,Perez,Doctor 32,2023-05-03
P0628,Daniel,Reyes,Doctor 21,2023-05-03
P0659,Daniel,Morris,Doctor 78,2023-05-03
P0802,Deborah,Collins,Doctor 64,2023-05-03
P0839,Kimberly,Miller,Doctor 42,2023-05-03
P0848,Angela,Gray,Doctor 28,2023-05-03
P1040,Betty,Murphy,Doctor 49,2023-05-03
P1271,Dennis,Green,Doctor 62,2023-05-03
P1286,Tyler,Phillips,Doctor 49,2023-05-03
P1401,Larry,Wood,Doctor 42,2023-05-03
P0168,Betty,Gomez,Doctor 80,2023-05-04
P0183,Amy,Scott,Doctor 86,2023-05-04
P0184,Kenneth,Johnson,Doctor 7,2023-05-04
P0198,Ruth,Thompson,Doctor 97,2023-05-04
P0199,Aaron,Bennett,Doctor 46,2023-05-04
P0200,Sarah,Jones,Doctor 85,2023-05-04
P0392,Dorothy,Anderson,Doctor 6,2023-05-04
P0482,Michelle,Robinson,Doctor 15,2023-05-04
P0517,Helen,Reed,Doctor 37,2023-05-04
P0541,Mark,Harris,Doctor 27,2023-05-04
P0546,Kathleen,Hughes,Doctor 52,2023-05-04
P0606,Sandra,Rodriguez,Doctor 60,2023-05-04
P0661,Laura,Roberts,Doctor 84,2023-05-04
P0720,Jessica,Stewart,Doctor 89,2023-05-04
P1181,Robert,Lewis,Doctor 50,2023-05-04
P1413,Daniel,Richardson,Doctor 94,2023-05-04
P1437,Aaron,Jones,Doctor 25,2023-05-04
P1440,Jonathan,Ortiz,Doctor 14,2023-05-04
P1530,Jessica,Nelson,Doctor 56,2023-05-04
P0015,Gary,Anderson,Doctor 99,2023-05-05
P0021,Jonathan,Hill,Doctor 39,2023-05-05
P0116,Lisa,Johnson,Doctor 8,2023-05-05
P0117,Brenda,Stewart,Doctor 90,2023-05-05
P0141,Anthony,Howard,Doctor 47,2023-05-05
P0164,Jessica,Collins,Doctor 100,2023-05-05
P0175,Karen,Harris,Doctor 37,2023-05-05
P0199,Aaron,Bennett,Doctor 46,2023-05-05
P0204,Virginia,Hall,Doctor 17,2023-05-05
P0302,John,Miller,Doctor 51,2023-05-05
P0344,Sharon,Campbell,Doctor 21,2023-05-05
P0422,Barbara,Patel,Doctor 27,2023-05-05
P0442,William,Scott,Doctor 43,2023-05-05
P0490,Brenda,Kim,Doctor 25,2023-05-05
P0513,Kathleen,Phillips,Doctor 19,2023-05-05
P0542,Deborah,Morales,Doctor 67,2023-05-05
P0607,John,Cooper,Doctor 38,2023-05-05
P0609,Benjamin,White,Doctor 51,2023-05-05
P0667,Karen,Collins,Doctor 83,2023-05-05
P0794,Aaron,Watson,Doctor 24,2023-05-05
P0826,Nancy,Edwards,Doctor 62,2023-05-05
P0874,Brenda,Phillips,Doctor 31,2023-05-05
P0946,Anna,Wood,Doctor 59,2023-05-05
P0955,John,Moore,Doctor 76,2023-05-05
P0988,Joshua,Flores,Doctor 40,2023-05-05
P1028,Jonathan,Cook,Doctor 39,2023-05-05
P1056,Helen,Evans,Doctor 47,2023-05-05
P1160,Betty,Richardson,Doctor 57,2023-05-05
P1255,Stephen,Lopez,Doctor 94,2023-05-05
P1258,Gregory,Garcia,Doctor 53,2023-05-05
P1276,Anna,Brooks,Doctor 98,2023-05-05
P1357,Jerry,Anderson,Doctor 46,2023-05-05
P1372,Mark,James,Doctor 96,2023-05-05
P1399,Ruth,Bailey,Doctor 75,2023-05-05
P1482,Daniel,Cooper,Doctor 73,2023-05-05
P0103,Carol,Green,Doctor 59,2023-05-06
P0159,Virginia,Gonzalez,Doctor 36,2023-05-06
P0173,Mary,Ramos,Doctor 76,2023-05-06
P0184,Kenneth,Johnson,Doctor 7,2023-05-06
P0203,Donna,Morris,Doctor 14,2023-05-06
P0247,Stephen,Sanchez,Doctor 39,2023-05-06
P0288,Justin,Wright,Doctor 77,2023-05-06
P0391,Thomas,Hernandez,Doctor 14,2023-05-06
P0398,Linda,Bailey,Doctor 8,2023-05-06
P0509,Jonathan,Taylor,Doctor 75,2023-05-06
P0526,Nancy,Hughes,Doctor 43,2023-05-06
P0583,Donna,Alvarez,Doctor 14,2023-05-06
P0840,Emma,Cruz,Doctor 85,2023-05-06
P1030,Karen,Anderson,Doctor 27,2023-05-06
P1175,Emma,Sanchez,Doctor 63,2023-05-06
P1196,Carol,Nguyen,Doctor 2,2023-05-06
P1201,Donna,Murphy,Doctor 77,2023-05-06
P1220,Robert,Cook,Doctor 81,2023-05-06
P1241,Jonathan,Carter,Doctor 9,2023-05-06
P1276,Anna,Brooks,Doctor 98,2023-05-06
P1297,Kenneth,Roberts,Doctor 76,2023-05-06
P1322,Richard,Thompson,Doctor 55,2023-05-06
P1347,Brenda,Howard,Doctor 87,2023-05-06
P1366,Lisa,Moore,Doctor 73,2023-05-06
P1460,Aaron,Murphy,Doctor 74,2023-05-06
P0129,Frank,Sanchez,Doctor 59,2023-05-07
P0161,Dennis,Cook,Doctor 26,2023-05-07
P0202,James,King,Doctor 29,2023-05-07
P0244,Ruth,Lewis,Doctor 19,2023-05-07
P0405,Tyler,Torres,Doctor 14,2023-05-07
P0572,Amy,Ramirez,Doctor 75,2023-05-07
P0701,Steven,Miller,Doctor 52,2023-05-07
P0875,Lisa,Gutierrez,Doctor 19,2023-05-07
P0923,Sarah,Martinez,Doctor 84,2023-05-07
P1002,Gary,Lee,Doctor 50,2023-05-07
P1048,James,Gonzalez,Doctor 99,2023-05-07
P1060,Michelle,Collins,Doctor 95,2023-05-07
P1134,Christopher,Gray,Doctor 23,2023-05-07
P1195,Andrew,Edwards,Doctor 72,2023-05-07
P1197,Dennis,Watson,Doctor 28,2023-05-07
P1382,Joseph,Ramos,Doctor 28,2023-05-07
P1401,Larry,Wood,Doctor 42,2023-05-07
P1435,Cynthia,Stewart,Doctor 22,2023-05-07
P1449,Anna,Wright,Doctor 80,2023-05-07
P0018,John,Carter,Doctor 89,2023-05-08
P0056,Jessica,Smith,Doctor 27,2023-05-08
P0072,Kevin,Anderson,Doctor 83,2023-05-08
P0159,Virginia,Gonzalez,Doctor 36,2023-05-08
P0273,Carol,Lopez,Doctor 4,2023-05-08
P0361,Richard,Baker,Doctor 89,2023-05-08
P0418,Tyler,Chavez,Doctor 55,2023-05-08
P0505,Donna,James,Doctor 63,2023-05-08
P0616,Ronald,Price,Doctor 46,2023-05-08
P0702,Jessica,Rivera,Doctor 65,2023-05-08
P0729,Benjamin,Patel,Doctor 98,2023-05-08
P0735,Alexander,Sanders,Doctor 61,2023-05-08
P0803,Matthew,Gray,Doctor 99,2023-05-08
P0857,Stephen,Williams,Doctor 31,2023-05-08
P0869,Michael,Williams,Doctor 68,2023-05-08
P0954,Karen,Thompson,Doctor 52,2023-05-08
P1141,Rebecca,Anderson,Doctor 10,2023-05-08
P1189,Steven,Stewart,Doctor 25,2023-05-08
P1247,Andrew,Cook,Doctor 50,2023-05-08
P1304,Emma,Morgan,Doctor 55,2023-05-08
P0090,Aaron,Kim,Doctor 45,2023-05-09
P0115,Nancy,Myers,Doctor 37,2023-05-09
P0205,Edward,Ramirez,Doctor 21,2023-05-09
P0231,Betty,Martin,Doctor 25,2023-05-09
P0370,Stephen,Rodriguez,Doctor 57,2023-05-09
P0483,Robert,Sanders,Doctor 9,2023-05-09
P0769,Steven,Ramirez,Doctor 75,2023-05-09
P0780,Donald,Torres,Doctor 88,2023-05-09
P0797,Dennis,Williams,Doctor 50,2023-05-09
P0828,Daniel,Phillips,Doctor 41,2023-05-09
P0866,James,Clark,Doctor 72,2023-05-09
P1024,Kimberly,Parker,Doctor 32,2023-05-09
P1070,Deborah,Gonzalez,Doctor 34,2023-05-09
P1075,Ryan,Allen,Doctor 23,2023-05-09
P1104,Scott,Rivera,Doctor 4,2023-05-09
P1136,Jerry,Kelly,Doctor 88,2023-05-09
P1159,Elizabeth,Wood,Doctor 48,2023-05-09
P1169,Carol,Lee,Doctor 62,2023-05-09
P1179,Rebecca,Allen,Doctor 71,2023-05-09
P1210,Charles,Anderson,Doctor 66,2023-05-09
P1243,Benjamin,Ramos,Doctor 80,2023-05-09
P1343,Elizabeth,Rogers,Doctor 70,2023-05-09
P0012,Eric,Gomez,Doctor 84,2023-05-10
P0112,Jessica,Reyes,Doctor 80,2023-05-10
P0202,James,King,Doctor 29,2023-05-10
P0271,Sandra,Nguyen,Doctor 63,2023-05-10
P0280,Jeffrey,James,Doctor 66,2023-05-10
P0639,Cynthia,Wood,Doctor 40,2023-05-10
P0714,Donna,Jones,Doctor 5,2023-05-10
P0765,Brian,Rodriguez,Doctor 96,2023-05-10
P0785,Joshua,Lewis,Doctor 30,2023-05-10
P0884,Andrew,Clark,Doctor 29,2023-05-10
P0980,Brandon,Diaz,Doctor 54,2023-05-10
P1005,Thomas,Scott,Doctor 77,2023-05-10
P1120,Sandra,Martin,Doctor 36,2023-05-10
P1187,Matthew,Carter,Doctor 4,2023-05-10
P1307,Laura,Myers,Doctor 72,2023-05-10
P1327,Michael,Evans,Doctor 27,2023-05-10
P1354,Justin,Brooks,Doctor 83,2023-05-10
P1386,Linda,Bennett,Doctor 7,2023-05-10
P1499,Angela,Cruz,Doctor 36,2023-05-10
P0006,Elizabeth,Carter,Doctor 27,2023-05-11
P0098,Betty,King,Doctor 100,2023-05-11
P0119,Benjamin,Jones,Doctor 42,2023-05-11
P0132,Kimberly,Torres,Doctor 78,2023-05-11
P0242,Eric,Sanders,Doctor 39,2023-05-11
P0254,Nancy,Ruiz,Doctor 78,2023-05-11
P0321,Jacob,Nguyen,Doctor 11,2023-05-11
P0384,Nicholas,Cooper,Doctor 13,2023-05-11
P0590,Gary,Rivera,Doctor 27,2023-05-11
P0598,Nancy,Miller,Doctor 64,2023-05-11
P0611,Daniel,Walker,Doctor 53,2023-05-11
P0671,Emma,Robinson,Doctor 67,2023-05-11
P0680,Jerry,Morgan,Doctor 22,2023-05-11
P0697,Carol,Reed,Doctor 30,2023-05-11
P0767,Angela,White,Doctor 48,2023-05-11
P0776,Steven,Watson,Doctor 96,2023-05-11
P0980,Brandon,Diaz,Doctor 54,2023-05-11
P0989,Joshua,Roberts,Doctor 41,2023-05-11
P1101,Richard,Sanchez,Doctor 28,2023-05-11
P1122,Laura,King,Doctor 98,2023-05-11
P1229,Dorothy,Wright,Doctor 13,2023-05-11
P1250,Deborah,Peterson,Doctor 78,2023-05-11
P1273,Rebecca,Lee,Doctor 57,2023-05-11
P1286,Tyler,Phillips,Doctor 49,2023-05-11
P1331,Sandra,Taylor,Doctor 84,2023-05-11
P1364,Betty,Nguyen,Doctor 23,2023-05-11
P1451,George,Walker,Doctor 74,2023-05-11
P0145,Susan,Ward,Doctor 80,2023-05-12
P0149,Jacob,Cox,Doctor 4,2023-05-12
P0326,Karen,Reed,Doctor 79,2023-05-12
P0335,Sharon,Nelson,Doctor 52,2023-05-12
P0484,Joshua,Price,Doctor 44,2023-05-12
P0507,Jason,Walker,Doctor 9,2023-05-12
P0508,Ronald,Davis,Doctor 60,2023-05-12
P0827,Carol,Watson,Doctor 83,2023-05-12
P0908,Aaron,Williams,Doctor 67,2023-05-12
P0991,Jennifer,Gutierrez,Doctor 67,2023-05-12
P1106,Dorothy,Edwards,Doctor 2,2023-05-12
P1199,Helen,Gonzalez,Doctor 44,2023-05-12
P1293,Carol,Brooks,Doctor 37,2023-05-12
P1302,Brian,Diaz,Doctor 57,2023-05-12
P1351,Sarah,Watson,Doctor 6,2023-05-12
P1495,Jacob,Sanders,Doctor 57,2023-05-12
P1534,Ryan,Hernandez,Doctor 11,2023-05-12
P0091,Steven,Reyes,Doctor 82,2023-05-13
P0148,Susan,King,Doctor 73,2023-05-13
P0169,Daniel,Bailey,Doctor 49,2023-05-13
P0189,Anthony,Nelson,Doctor 43,2023-05-13
P0205,Edward,Ramirez,Doctor 21,2023-05-13
P0368,Anthony,Morris,Doctor 59,2023-05-13
P0393,David,Wood,Doctor 93,2023-05-13
P0534,Karen,Hernandez,Doctor 67,2023-05-13
P0537,Andrew,Jackson,Doctor 71,2023-05-13
P0610,Gary,Bailey,Doctor 39,2023-05-13
P0683,Dorothy,Clark,Doctor 31,2023-05-13
P0840,Emma,Cruz,Doctor 85,2023-05-13
P0877,Jessica,Nguyen,Doctor 2,2023-05-13
P0934,Jack,Gonzalez,Doctor 62,2023-05-13
P0953,Kevin,Hall,Doctor 89,2023-05-13
P1062,Nicholas,Lee,Doctor 65,2023-05-13
P1064,Daniel,Carter,Doctor 48,2023-05-13
P1243,Benjamin,Ramos,Doctor 80,2023-05-13
P1250,Deborah,Peterson,Doctor 78,2023-05-13
P1347,Brenda,Howard,Doctor 87,2023-05-13
P1517,Sarah,Torres,Doctor 81,2023-05-13
P0122,Robert,Ward,Doctor 12,2023-05-14
P0264,Angela,Williams,Doctor 92,2023-05-14
P0417,Mark,Hall,Doctor 41,2023-05-14
P0662,Patrick,Ward,Doctor 26,2023-05-14
P0736,Gary,Morris,Doctor 85,2023-05-14
P0851,Anna,Collins,Doctor 67,2023-05-14
P0978,Kimberly,Garcia,Doctor 11,2023-05-14
P1071,Emma,Baker,Doctor 52,2023-05-14
P1104,Scott,Rivera,Doctor 4,2023-05-14
P1235,Deborah,White,Doctor 85,2023-05-14
P1346,Carol,James,Doctor 69,2023-05-14
P1375,Nancy,Patel,Doctor 97,2023-05-14
P1452,Karen,Flores,Doctor 59,2023-05-14
P1504,Helen,Clark,Doctor 42,2023-05-14
P1518,Michelle,Nelson,Doctor 59,2023-05-14
P0012,Eric,Gomez,Doctor 84,2023-05-15
P0072,Kevin,Anderson,Doctor 83,2023-05-15
P0101,Lisa,Parker,Doctor 8,2023-05-15
P0147,Sarah,Morgan,Doctor 52,2023-05-15
P0273,Carol,Lopez,Doctor 6,2023-05-15
P0292,Tyler,Davis,Doctor 61,2023-05-15
P0321,Jacob,Nguyen,Doctor 11,2023-05-15
P0381,Sarah,Young,Doctor 97,2023-05-15
P0399,Michelle,Wood,Doctor 84,2023-05-15
P0404,Ruth,Flores,Doctor 65,2023-05-15
P0417,Mark,Hall,Doctor 41,2023-05-15
P0450,Alexander,King,Doctor 93,2023-05-15
P0482,Michelle,Robinson,Doctor 15,2023-05-15
P0536,Jason,Richardson,Doctor 58,2023-05-15
P0555,Donna,Thompson,Doctor 22,2023-05-15
P0653,Andrew,Jones,Doctor 95,2023-05-15
P0699,Sarah,Perez,Doctor 11,2023-05-15
P0799,Virginia,Ortiz,Doctor 47,2023-05-15
P0838,Michelle,Rodriguez,Doctor 37,2023-05-15
P0877,Jessica,Nguyen,Doctor 2,2023-05-15
P0907,Mark,Anderson,Doctor 48,2023-05-15
P1049,Jeffrey,Adams,Doctor 100,2023-05-15
P1238,Helen,Ramirez,Doctor 45,2023-05-15
P1254,Sarah,Wood,Doctor 69,2023-05-15
P1310,Brandon,Gonzalez,Doctor 79,2023-05-15
P1436,Kenneth,Mendoza,Doctor 85,2023-05-15
P1485,Gregory,Harris,Doctor 100,2023-05-15
P0149,Jacob,Cox,Doctor 4,2023-05-16
P0250,Kimberly,Green,Doctor 58,2023-05-16
P0293,Betty,Chavez,Doctor 89,2023-05-16
P0295,Ruth,Kelly,Doctor 10,2023-05-16
P0328,Kenneth,Garcia,Doctor 12,2023-05-16
P0480,Nancy,Clark,Doctor 70,2023-05-16
P0485,Deborah,Ramirez,Doctor 13,2023-05-16
P0578,Richard,Anderson,Doctor 90,2023-05-16
P0592,Jessica,Gutierrez,Doctor 55,2023-05-16
P0602,Sarah,Ortiz,Doctor 21,2023-05-16
P0627,Jack,Harris,Doctor 5,2023-05-16
P0851,Anna,Collins,Doctor 67,2023-05-16
P0874,Brenda,Phillips,Doctor 31,2023-05-16
P1002,Gary,Lee,Doctor 19,2023-05-16
P1007,Robert,Adams,Doctor 96,2023-05-16
P1085,Sandra,Brown,Doctor 35,2023-05-16
P1094,Donna,Martinez,Doctor 4,2023-05-16
P1139,Jason,Kelly,Doctor 66,2023-05-16
P1157,James,Mendoza,Doctor 5,2023-05-16
P1170,Sandra,Ramos,Doctor 5,2023-05-16
P1208,Richard,Carter,Doctor 48,2023-05-16
P1256,Deborah,Brooks,Doctor 97,2023-05-16
P1321,Anthony,Myers,Doctor 7,2023-05-16
P1387,Lisa,Thompson,Doctor 42,2023-05-16
P1504,Helen,Clark,Doctor 80,2023-05-16
P0094,Jessica,King,Doctor 43,2023-05-17
P0102,Raymond,Wilson,Doctor 63,2023-05-17
P0112,Jessica,Reyes,Doctor 62,2023-05-17
P0127,James,Morales,Doctor 63,2023-05-17
P0171,Robert,Carter,Doctor 42,2023-05-17
P0178,Betty,Thomas,Doctor 61,2023-05-17
P0188,Carol,Hughes,Doctor 81,2023-05-17
P0203,Donna,Morris,Doctor 14,2023-05-17
P0238,Patrick,Cruz,Doctor 40,2023-05-17
P0340,Jennifer,Roberts,Doctor 24,2023-05-17
P0387,Christopher,Morgan,Doctor 59,2023-05-17
P0413,Donald,Bennett,Doctor 94,2023-05-17
P0544,Donna,Myers,Doctor 19,2023-05-17
P0669,Shirley,Torres,Doctor 16,2023-05-17
P0720,Jessica,Stewart,Doctor 89,2023-05-17
P0726,Patrick,Adams,Doctor 28,2023-05-17
P0750,Kevin,Rodriguez,Doctor 96,2023-05-17
P0800,Brian,Miller,Doctor 46,2023-05-17
P0820,Daniel,Lewis,Doctor 94,2023-05-17
P0830,Jacob,Lee,Doctor 54,2023-05-17
P0839,Kimberly,Miller,Doctor 71,2023-05-17
P0886,Rebecca,Murphy,Doctor 12,2023-05-17
P1051,Jason,Green,Doctor 29,2023-05-17
P1075,Ryan,Allen,Doctor 23,2023-05-17
P1076,Sarah,Reed,Doctor 20,2023-05-17
P1104,Scott,Rivera,Doctor 44,2023-05-17
P1209,Dennis,Chavez,Doctor 52,2023-05-17
P1234,Sarah,Cooper,Doctor 86,2023-05-17
P1306,Anna,James,Doctor 60,2023-05-17
P1369,James,Martin,Doctor 10,2023-05-17
P1430,Sharon,Reed,Doctor 5,2023-05-17
P0051,Linda,Roberts,Doctor 85,2023-05-18
P0069,James,Diaz,Doctor 59,2023-05-18
P0130,Elizabeth,Ward,Doctor 42,2023-05-18
P0364,Cynthia,Watson,Doctor 93,2023-05-18
P0382,Jose,Stewart,Doctor 17,2023-05-18
P0455,Frank,Chavez,Doctor 92,2023-05-18
P0473,Jonathan,Scott,Doctor 25,2023-05-18
P0547,Raymond,Ruiz,Doctor 95,2023-05-18
P0747,Samuel,Adams,Doctor 9,2023-05-18
P0835,Laura,Brown,Doctor 12,2023-05-18
P0927,Nancy,Adams,Doctor 74,2023-05-18
P1018,Jonathan,Hernandez,Doctor 55,2023-05-18
P1022,Nancy,Brown,Doctor 68,2023-05-18
P1036,Edward,Castillo,Doctor 32,2023-05-18
P1054,Rebecca,Bailey,Doctor 96,2023-05-18
P1054,Rebecca,Bailey,Doctor 96,2023-05-18
P1114,Ruth,Patel,Doctor 92,2023-05-18
P1124,Joseph,Kelly,Doctor 42,2023-05-18
P1299,Sarah,Murphy,Doctor 95,2023-05-18
P1455,Jason,Rivera,Doctor 66,2023-05-18
P1499,Angela,Cruz,Doctor 36,2023-05-18
P1536,Dorothy,Thompson,Doctor 99,2023-05-18
P0034,Barbara,Flores,Doctor 65,2023-05-19
P0048,Gary,Martinez,Doctor 77,2023-05-19
P0071,John,Cruz,Doctor 70,2023-05-19
P0105,Tyler,Clark,Doctor 13,2023-05-19
P0134,Jessica,Jones,Doctor 95,2023-05-19
P0240,Timothy,Mitchell,Doctor 79,2023-05-19
P0323,Alexander,Myers,Doctor 10,2023-05-19
P0396,George,Howard,Doctor 32,2023-05-19
P0416,Nancy,Morris,Doctor 1,2023-05-19
P0486,Sarah,Taylor,Doctor 38,2023-05-19
P0505,Donna,James,Doctor 63,2023-05-19
P0570,Lisa,Young,Doctor 57,2023-05-19
P0597,Justin,Robinson,Doctor 80,2023-05-19
P0696,Gary,Ramirez,Doctor 84,2023-05-19
P0722,Gary,Clark,Doctor 55,2023-05-19
P0762,Michael,Diaz,Doctor 15,2023-05-19
P0787,Karen,Gutierrez,Doctor 23,2023-05-19
P0821,Karen,Baker,Doctor 13,2023-05-19
P0878,Donna,Gutierrez,Doctor 30,2023-05-19
P0889,Sarah,White,Doctor 50,2023-05-19
P0914,Karen,Sanchez,Doctor 29,2023-05-19
P0932,Gary,Mendoza,Doctor 96,2023-05-19
P0988,Joshua,Flores,Doctor 40,2023-05-19
P0992,Kevin,Green,Doctor 1,2023-05-19
P0997,Patricia,Parker,Doctor 25,2023-05-19
P1093,Frank,Smith,Doctor 94,2023-05-19
P1107,Michelle,Lee,Doctor 88,2023-05-19
P1249,Kimberly,Carter,Doctor 56,2023-05-19
P1270,Frank,Castillo,Doctor 32,2023-05-19
P1428,Susan,Mitchell,Doctor 86,2023-05-19
P1512,Jason,Anderson,Doctor 86,2023-05-19
P0003,Patricia,Miller,Doctor 30,2023-05-20
P0035,Angela,Alvarez,Doctor 78,2023-05-20
P0243,Larry,Morgan,Doctor 12,2023-05-20
P0272,Brandon,Cooper,Doctor 55,2023-05-20
P0349,Andrew,Watson,Doctor 65,2023-05-20
P0480,Nancy,Clark,Doctor 98,2023-05-20
P0773,Sarah,Patel,Doctor 64,2023-05-20
P0880,Helen,Garcia,Doctor 67,2023-05-20
P0882,Justin,White,Doctor 17,2023-05-20
P0938,Robert,Sanchez,Doctor 12,2023-05-20
P0953,Kevin,Hall,Doctor 89,2023-05-20
P1182,Patrick,Martin,Doctor 99,2023-05-20
P1217,Benjamin,Bennett,Doctor 44,2023-05-20
P1232,Deborah,Wright,Doctor 17,2023-05-20
P1252,Patricia,Bennett,Doctor 75,2023-05-20
P1431,Ruth,Harris,Doctor 96,2023-05-20
P1433,Donna,Sanchez,Doctor 70,2023-05-20
P1441,Lisa,Cooper,Doctor 56,2023-05-20
P0222,Susan,Castillo,Doctor 19,2023-05-21
P0317,George,Ramirez,Doctor 4,2023-05-21
P0324,Carol,Murphy,Doctor 84,2023-05-21
P0391,Thomas,Hernandez,Doctor 47,2023-05-21
P0393,David,Wood,Doctor 93,2023-05-21
P0398,Linda,Bailey,Doctor 8,2023-05-21
P0435,Sharon,Taylor,Doctor 54,2023-05-21
P0452,Sharon,Harris,Doctor 53,2023-05-21
P0547,Raymond,Ruiz,Doctor 95,2023-05-21
P0577,Emma,Brown,Doctor 30,2023-05-21
P0627,Jack,Harris,Doctor 5,2023-05-21
P0628,Daniel,Reyes,Doctor 21,2023-05-21
P0668,Karen,Martinez,Doctor 4,2023-05-21
P0747,Samuel,Adams,Doctor 9,2023-05-21
P0772,Jerry,Rivera,Doctor 71,2023-05-21
P0929,Nicholas,Young,Doctor 68,2023-05-21
P1000,Jennifer,White,Doctor 60,2023-05-21
P1002,Gary,Lee,Doctor 19,2023-05-21
P1111,Deborah,Morris,Doctor 35,2023-05-21
P1143,Barbara,Kelly,Doctor 83,2023-05-21
P1215,Linda,Jones,Doctor 12,2023-05-21
P1285,Jerry,Murphy,Doctor 10,2023-05-21
P1290,Melissa,Collins,Doctor 85,2023-05-21
P1364,Betty,Nguyen,Doctor 23,2023-05-21
P1446,Jerry,Parker,Doctor 65,2023-05-21
P1475,Virginia,Adams,Doctor 48,2023-05-21
P1475,Virginia,Adams,Doctor 48,2023-05-21
P0065,Amy,Collins,Doctor 31,2023-05-22
P0068,Sandra,Moore,Doctor 74,2023-05-22
P0352,Laura,Cruz,Doctor 43,2023-05-22
P0554,Raymond,Williams,Doctor 27,2023-05-22
P0645,Helen,Sanders,Doctor 76,2023-05-22
P0684,Elizabeth,Nguyen,Doctor 65,2023-05-22
P0718,Richard,Miller,Doctor 32,2023-05-22
P0757,Samuel,Phillips,Doctor 18,2023-05-22
P1048,James,Gonzalez,Doctor 99,2023-05-22
P1179,Rebecca,Allen,Doctor 71,2023-05-22
P1531,Nancy,Wilson,Doctor 60,2023-05-22
P0259,Matthew,Ruiz,Doctor 15,2023-05-23
P0270,Jessica,Ward,Doctor 76,2023-05-23
P0355,Kenneth,Bennett,Doctor 54,2023-05-23
P0370,Stephen,Rodriguez,Doctor 57,2023-05-23
P0377,Jessica,Martin,Doctor 16,2023-05-23
P0394,Cynthia,Allen,Doctor 67,2023-05-23
P0420,Mark,Morgan,Doctor 29,2023-05-23
P0527,Gregory,Cruz,Doctor 64,2023-05-23
P0551,Amy,Taylor,Doctor 22,2023-05-23
P0563,David,Clark,Doctor 10,2023-05-23
P0752,Deborah,Gray,Doctor 86,2023-05-23
P0802,Deborah,Collins,Doctor 64,2023-05-23
P1011,Jerry,Wood,Doctor 10,2023-05-23
P1039,George,Phillips,Doctor 93,2023-05-23
P1057,Ryan,Cruz,Doctor 48,2023-05-23
P1081,Joseph,Gonzalez,Doctor 72,2023-05-23
P1115,Cynthia,Smith,Doctor 15,2023-05-23
P1142,Jennifer,Clark,Doctor 76,2023-05-23
P1149,Helen,Morris,Doctor 50,2023-05-23
P1157,James,Mendoza,Doctor 5,2023-05-23
P1192,Betty,Lee,Doctor 13,2023-05-23
P1223,Kimberly,Diaz,Doctor 57,2023-05-23
P0046,Ruth,Peterson,Doctor 75,2023-05-24
P0078,Michelle,Harris,Doctor 82,2023-05-24
P0497,Lisa,Wood,Doctor 74,2023-05-24
P0535,Jason,Watson,Doctor 11,2023-05-24
P0650,Ryan,King,Doctor 56,2023-05-24
P0713,Amy,Howard,Doctor 9,2023-05-24
P0833,James,Taylor,Doctor 80,2023-05-24
P0936,Scott,Hughes,Doctor 80,2023-05-24
P1132,Stephen,Carter,Doctor 52,2023-05-24
P1179,Rebecca,Allen,Doctor 71,2023-05-24
P1352,Kathleen,Jackson,Doctor 47,2023-05-24
P1411,Betty,Mitchell,Doctor 47,2023-05-24
P1447,Benjamin,Chavez,Doctor 7,2023-05-24
P1479,Nicholas,Davis,Doctor 77,2023-05-24
P0161,Dennis,Cook,Doctor 26,2023-05-25
P0175,Karen,Harris,Doctor 37,2023-05-25
P0257,Eric,Stewart,Doctor 43,2023-05-25
P0284,Ronald,Thompson,Doctor 7,2023-05-25
P0289,Lisa,Nelson,Doctor 18,2023-05-25
P0296,Timothy,Rogers,Doctor 71,2023-05-25
P0402,Jeffrey,King,Doctor 64,2023-05-25
P0437,Jerry,Carter,Doctor 12,2023-05-25
P0438,George,Reyes,Doctor 30,2023-05-25
P0512,Elizabeth,Gonzalez,Doctor 26,2023-05-25
P0741,Jeffrey,Kim,Doctor 15,2023-05-25
P0792,Sharon,Stewart,Doctor 17,2023-05-25
P0886,Rebecca,Murphy,Doctor 12,2023-05-25
P0933,Kenneth,Ortiz,Doctor 68,2023-05-25
P1094,Donna,Martinez,Doctor 4,2023-05-25
P1200,Ruth,Reyes,Doctor 15,2023-05-25
P1294,Brandon,Alvarez,Doctor 18,2023-05-25
P1330,Samuel,Kelly,Doctor 13,2023-05-25
P1375,Nancy,Patel,Doctor 97,2023-05-25
P0067,Frank,Flores,Doctor 69,2023-05-26
P0276,Betty,Sanders,Doctor 82,2023-05-26
P0312,Jack,Patel,Doctor 13,2023-05-26
P0339,Shirley,Sanchez,Doctor 100,2023-05-26
P0379,Mary,Reed,Doctor 78,2023-05-26
P0434,Raymond,Edwards,Doctor 99,2023-05-26
P0487,Karen,Kelly,Doctor 98,2023-05-26
P0541,Mark,Harris,Doctor 27,2023-05-26
P0650,Ryan,King,Doctor 56,2023-05-26
P0709,Daniel,Nguyen,Doctor 27,2023-05-26
P0807,Jennifer,Hughes,Doctor 99,2023-05-26
P0825,Benjamin,Kim,Doctor 57,2023-05-26
P0841,John,Martinez,Doctor 18,2023-05-26
P0906,Matthew,Harris,Doctor 5,2023-05-26
P0958,Laura,Wilson,Doctor 100,2023-05-26
P0965,Richard,Thomas,Doctor 37,2023-05-26
P0981,Elizabeth,Perez,Doctor 55,2023-05-26
P1110,Elizabeth,Morales,Doctor 69,2023-05-26
P1115,Cynthia,Smith,Doctor 15,2023-05-26
P1119,Robert,Robinson,Doctor 75,2023-05-26
P1142,Jennifer,Clark,Doctor 76,2023-05-26
P1494,Nicholas,Jackson,Doctor 64,2023-05-26
P0042,Ronald,Phillips,Doctor 42,2023-05-27
P0146,Kathleen,White,Doctor 26,2023-05-27
P0172,Jose,Johnson,Doctor 28,2023-05-27
P0244,Ruth,Lewis,Doctor 19,2023-05-27
P0281,Sarah,Allen,Doctor 83,2023-05-27
P0346,Steven,Adams,Doctor 65,2023-05-27
P0403,Michelle,Young,Doctor 57,2023-05-27
P0494,Jacob,Nelson,Doctor 73,2023-05-27
P0743,Ryan,Price,Doctor 17,2023-05-27
P0749,Stephen,Alvarez,Doctor 23,2023-05-27
P0777,Michelle,Kim,Doctor 76,2023-05-27
P0862,Sharon,Martinez,Doctor 40,2023-05-27
P1083,Ruth,Brown,Doctor 41,2023-05-27
P1145,Justin,Nelson,Doctor 62,2023-05-27
P1175,Emma,Sanchez,Doctor 63,2023-05-27
P1305,Jason,Howard,Doctor 41,2023-05-27
P1465,Patricia,Gonzalez,Doctor 92,2023-05-27
P0147,Sarah,Morgan,Doctor 39,2023-05-28
P0255,Sandra,Martinez,Doctor 64,2023-05-28
P0314,Ruth,Ruiz,Doctor 49,2023-05-28
P0329,Tyler,Rogers,Doctor 60,2023-05-28
P0432,Michelle,Rivera,Doctor 79,2023-05-28
P0483,Robert,Sanders,Doctor 9,2023-05-28
P0556,Daniel,Allen,Doctor 88,2023-05-28
P0779,Deborah,Wilson,Doctor 55,2023-05-28
P0828,Daniel,Phillips,Doctor 41,2023-05-28
P0923,Sarah,Martinez,Doctor 41,2023-05-28
P0978,Kimberly,Garcia,Doctor 11,2023-05-28
P0982,Michelle,Jones,Doctor 52,2023-05-28
P1156,Frank,Rivera,Doctor 33,2023-05-28
P1197,Dennis,Watson,Doctor 28,2023-05-28
P1321,Anthony,Myers,Doctor 7,2023-05-28
P1331,Sandra,Taylor,Doctor 84,2023-05-28
P1407,Linda,Robinson,Doctor 81,2023-05-28
P1419,Brian,Parker,Doctor 79,2023-05-28
P1456,Tyler,Nelson,Doctor 76,2023-05-28
P1489,Andrew,Richardson,Doctor 39,2023-05-28
P0013,Cynthia,Richardson,Doctor 55,2023-05-29
P0021,Jonathan,Hill,Doctor 39,2023-05-29
P0082,Aaron,Martinez,Doctor 64,2023-05-29
P0219,Stephen,Johnson,Doctor 23,2023-05-29
P0284,Ronald,Thompson,Doctor 7,2023-05-29
P0304,Melissa,Harris,Doctor 40,2023-05-29
P0341,Brenda,Gonzalez,Doctor 16,2023-05-29
P0406,Jose,Brooks,Doctor 9,2023-05-29
P0532,Jonathan,Lewis,Doctor 77,2023-05-29
P0730,Larry,Castillo,Doctor 50,2023-05-29
P0875,Lisa,Gutierrez,Doctor 19,2023-05-29
P0901,Dennis,Morales,Doctor 26,2023-05-29
P0920,Nicholas,White,Doctor 73,2023-05-29
P1036,Edward,Castillo,Doctor 32,2023-05-29
P1230,Benjamin,Gonzalez,Doctor 77,2023-05-29
P1231,Linda,Hughes,Doctor 83,2023-05-29
P1251,Lisa,Mitchell,Doctor 13,2023-05-29
P1395,Carol,Mendoza,Doctor 80,2023-05-29
P1424,Anna,Phillips,Doctor 82,2023-05-29
P1512,Jason,Anderson,Doctor 4,2023-05-29
P0031,Christopher,Thompson,Doctor 74,2023-05-30
P0118,Joseph,Nelson,Doctor 8,2023-05-30
P0150,Jason,Collins,Doctor 98,2023-05-30
P0328,Kenneth,Garcia,Doctor 12,2023-05-30
P0425,Larry,Ward,Doctor 96,2023-05-30
P0478,Alexander,Alvarez,Doctor 38,2023-05-30
P0552,James,Green,Doctor 81,2023-05-30
P0944,Brandon,Adams,Doctor 1,2023-05-30
P1141,Rebecca,Anderson,Doctor 10,2023-05-30
P1284,Karen,Smith,Doctor 94,2023-05-30
P1299,Sarah,Murphy,Doctor 95,2023-05-30
P1302,Brian,Diaz,Doctor 57,2023-05-30
P1398,Sarah,Sanchez,Doctor 81,2023-05-30
P1448,Ruth,Jones,Doctor 31,2023-05-30
P1468,Virginia,Wilson,Doctor 46,2023-05-30
P1489,Andrew,Richardson,Doctor 68,2023-05-30
P1502,Angela,Phillips,Doctor 35,2023-05-30
P1515,Jessica,Cox,Doctor 43,2023-05-30
P0141,Anthony,Howard,Doctor 47,2023-05-31
P0318,Matthew,Richardson,Doctor 35,2023-05-31
P0348,Brian,Stewart,Doctor 39,2023-05-31
P0386,William,Bennett,Doctor 33,2023-05-31
P0542,Deborah,Morales,Doctor 67,2023-05-31
P0837,Kimberly,King,Doctor 89,2023-05-31
P1056,Helen,Evans,Doctor 47,2023-05-31
P1149,Helen,Morris,Doctor 50,2023-05-31
P1165,Joshua,Richardson,Doctor 42,2023-05-31
P1202,Alexander,Hernandez,Doctor 50,2023-05-31
P1228,Mary,Sanchez,Doctor 67,2023-05-31
P1289,Nancy,Reed,Doctor 52,2023-05-31
P1316,Nicholas,Howard,Doctor 21,2023-05-31
P1464,Anna,Howard,Doctor 70,2023-05-31
P0123,Kevin,Gonzalez,Doctor 74,2023-06-01
P0133,Stephen,Gutierrez,Doctor 30,2023-06-01
P0216,Nancy,Sanders,Doctor 11,2023-06-01
P0239,James,Rogers,Doctor 61,2023-06-01
P0286,Gregory,Howard,Doctor 49,2023-06-01
P0313,Sandra,Sanders,Doctor 49,2023-06-01
P0417,Mark,Hall,Doctor 91,2023-06-01
P0581,Kevin,Moore,Doctor 39,2023-06-01
P0637,Sarah,Clark,Doctor 46,2023-06-01
P0672,Sarah,Diaz,Doctor 80,2023-06-01
P0790,Rebecca,King,Doctor 16,2023-06-01
P0835,Laura,Brown,Doctor 12,2023-06-01
P1049,Jeffrey,Adams,Doctor 100,2023-06-01
P1123,Kevin,Edwards,Doctor 100,2023-06-01
P1135,Sarah,Green,Doctor 49,2023-06-01
P1155,Aaron,Evans,Doctor 40,2023-06-01
P1244,Jennifer,Lee,Doctor 85,2023-06-01
P1272,Patrick,Jones,Doctor 43,2023-06-01
P1386,Linda,Bennett,Doctor 30,2023-06-01
P1415,Jonathan,Rogers,Doctor 9,2023-06-01
P1434,Sharon,Davis,Doctor 98,2023-06-01
P1504,Helen,Clark,Doctor 80,2023-06-01
P0014,Lisa,Martinez,Doctor 9,2023-06-02
P0242,Eric,Sanders,Doctor 39,2023-06-02
P0346,Steven,Adams,Doctor 58,2023-06-02
P0454,Samuel,Lewis,Doctor 21,2023-06-02
P0458,Donna,Mitchell,Doctor 71,2023-06-02
P0573,Deborah,Hill,Doctor 77,2023-06-02
P0635,Ruth,Mitchell,Doctor 75,2023-06-02
P0858,Edward,Murphy,Doctor 61,2023-06-02
P0911,Michael,Davis,Doctor 84,2023-06-02
P0925,Nicholas,Campbell,Doctor 60,2023-06-02
P0983,James,Smith,Doctor 5,2023-06-02
P1007,Robert,Adams,Doctor 96,2023-06-02
P1012,Jerry,Smith,Doctor 64,2023-06-02
P1052,Andrew,Wood,Doctor 45,2023-06-02
P1147,Justin,Diaz,Doctor 34,2023-06-02
P1225,Matthew,Gonzalez,Doctor 14,2023-06-02
P1252,Patricia,Bennett,Doctor 75,2023-06-02
P1319,Virginia,Davis,Doctor 76,2023-06-02
P0009,Jerry,Evans,Doctor 94,2023-06-03
P0019,Steven,Cook,Doctor 55,2023-06-03
P0048,Gary,Martinez,Doctor 77,2023-06-03
P0151,Sandra,Robinson,Doctor 37,2023-06-03
P0161,Dennis,Cook,Doctor 26,2023-06-03
P0175,Karen,Harris,Doctor 37,2023-06-03
P0572,Amy,Ramirez,Doctor 75,2023-06-03
P0684,Elizabeth,Nguyen,Doctor 65,2023-06-03
P0803,Matthew,Gray,Doctor 99,2023-06-03
P0821,Karen,Baker,Doctor 13,2023-06-03
P0979,Jennifer,Scott,Doctor 41,2023-06-03
P0994,Kathleen,Hill,Doctor 80,2023-06-03
P1108,Brenda,Taylor,Doctor 93,2023-06-03
P1195,Andrew,Edwards,Doctor 72,2023-06-03
P1390,Lisa,Sanchez,Doctor 74,2023-06-03
P0122,Robert,Ward,Doctor 12,2023-06-04
P0131,Robert,Ortiz,Doctor 95,2023-06-04
P0187,Sarah,Collins,Doctor 23,2023-06-04
P0205,Edward,Ramirez,Doctor 21,2023-06-04
P0243,Larry,Morgan,Doctor 12,2023-06-04
P0362,Christopher,Allen,Doctor 95,2023-06-04
P0366,Deborah,Rogers,Doctor 45,2023-06-04
P0374,Ruth,Lopez,Doctor 9,2023-06-04
P0472,Donna,Young,Doctor 8,2023-06-04
P0517,Helen,Reed,Doctor 37,2023-06-04
P0687,Richard,Wilson,Doctor 63,2023-06-04
P0740,William,Sanders,Doctor 19,2023-06-04
P0812,Kimberly,Mitchell,Doctor 12,2023-06-04
P0888,Helen,Jones,Doctor 1,2023-06-04
P0917,Michael,Parker,Doctor 83,2023-06-04
P0956,Thomas,Hall,Doctor 69,2023-06-04
P0996,Alexander,Clark,Doctor 45,2023-06-04
P1234,Sarah,Cooper,Doctor 86,2023-06-04
P1253,Melissa,Jackson,Doctor 93,2023-06-04
P1354,Justin,Brooks,Doctor 83,2023-06-04
P1524,Amy,White,Doctor 50,2023-06-04
P1531,Nancy,Wilson,Doctor 60,2023-06-04
P0060,Scott,Peterson,Doctor 10,2023-06-05
P0326,Karen,Reed,Doctor 8,2023-06-05
P0409,Rebecca,Taylor,Doctor 36,2023-06-05
P0512,Elizabeth,Gonzalez,Doctor 26,2023-06-05
P0520,Matthew,Ward,Doctor 36,2023-06-05
P0562,Deborah,Evans,Doctor 46,2023-06-05
P0578,Richard,Anderson,Doctor 90,2023-06-05
P0623,Deborah,Ramos,Doctor 26,2023-06-05
P0635,Ruth,Mitchell,Doctor 75,2023-06-05
P0661,Laura,Roberts,Doctor 84,2023-06-05
P0675,Betty,Roberts,Doctor 22,2023-06-05
P0675,Betty,Roberts,Doctor 22,2023-06-05
P0707,Gary,Reed,Doctor 67,2023-06-05
P0806,Nicholas,Myers,Doctor 46,2023-06-05
P0918,William,Hughes,Doctor 49,2023-06-05
P1180,Scott,Taylor,Doctor 62,2023-06-05
P1206,Nicholas,Torres,Doctor 87,2023-06-05
P1281,Charles,White,Doctor 45,2023-06-05
P1291,Jennifer,Anderson,Doctor 98,2023-06-05
P1307,Laura,Myers,Doctor 72,2023-06-05
P1330,Samuel,Kelly,Doctor 13,2023-06-05
P1344,Anna,Castillo,Doctor 78,2023-06-05
P1390,Lisa,Sanchez,Doctor 74,2023-06-05
P1395,Carol,Mendoza,Doctor 80,2023-06-05
P1431,Ruth,Harris,Doctor 96,2023-06-05
P1478,Rebecca,Watson,Doctor 2,2023-06-05
P1506,Christopher,Roberts,Doctor 9,2023-06-05
P0001,Sandra,Cox,Doctor 13,2023-06-06
P0069,James,Diaz,Doctor 59,2023-06-06
P0134,Jessica,Jones,Doctor 95,2023-06-06
P0143,Gary,Nelson,Doctor 50,2023-06-06
P0240,Timothy,Mitchell,Doctor 79,2023-06-06
P0245,Frank,Murphy,Doctor 75,2023-06-06
P0269,Eric,Edwards,Doctor 68,2023-06-06
P0395,Betty,Myers,Doctor 28,2023-06-06
P0500,Anthony,Ramirez,Doctor 99,2023-06-06
P0518,Sarah,Walker,Doctor 87,2023-06-06
P0589,Rebecca,Harris,Doctor 50,2023-06-06
P0595,Gary,Moore,Doctor 43,2023-06-06
P0686,Emma,Phillips,Doctor 7,2023-06-06
P0689,Samuel,Edwards,Doctor 63,2023-06-06
P0704,Nicholas,Ruiz,Doctor 10,2023-06-06
P0729,Benjamin,Patel,Doctor 98,2023-06-06
P0757,Samuel,Phillips,Doctor 18,2023-06-06
P0770,Laura,Hughes,Doctor 84,2023-06-06
P0925,Nicholas,Campbell,Doctor 60,2023-06-06
P0926,Jessica,Ortiz,Doctor 5,2023-06-06
P0949,Deborah,Phillips,Doctor 31,2023-06-06
P1026,Sandra,Thomas,Doctor 79,2023-06-06
P1037,Shirley,Nguyen,Doctor 30,2023-06-06
P1059,Richard,Sanders,Doctor 31,2023-06-06
P1120,Sandra,Martin,Doctor 37,2023-06-06
P1331,Sandra,Taylor,Doctor 9,2023-06-06
P1474,Tyler,Smith,Doctor 38,2023-06-06
P1502,Angela,Phillips,Doctor 35,2023-06-06
P1528,Jose,Castillo,Doctor 51,2023-06-06
P0148,Susan,King,Doctor 73,2023-06-07
P0244,Ruth,Lewis,Doctor 19,2023-06-07
P0485,Deborah,Ramirez,Doctor 13,2023-06-07
P0530,Gregory,Collins,Doctor 48,2023-06-07
P0545,Joshua,Hall,Doctor 65,2023-06-07
P0571,Michael,Morgan,Doctor 18,2023-06-07
P0600,Brenda,King,Doctor 21,2023-06-07
P0606,Sandra,Rodriguez,Doctor 60,2023-06-07
P0704,Nicholas,Ruiz,Doctor 10,2023-06-07
P0717,Justin,Wood,Doctor 95,2023-06-07
P0823,Scott,Bailey,Doctor 5,2023-06-07
P0845,Barbara,Wright,Doctor 95,2023-06-07
P0900,Sharon,Martin,Doctor 40,2023-06-07
P0907,Mark,Anderson,Doctor 48,2023-06-07
P1051,Jason,Green,Doctor 29,2023-06-07
P1088,Dorothy,Morris,Doctor 73,2023-06-07
P1178,Shirley,Morris,Doctor 80,2023-06-07
P1185,Laura,Young,Doctor 5,2023-06-07
P1225,Matthew,Gonzalez,Doctor 14,2023-06-07
P1352,Kathleen,Jackson,Doctor 47,2023-06-07
P1432,Carol,Wright,Doctor 57,2023-06-07
P1440,Jonathan,Ortiz,Doctor 14,2023-06-07
P1504,Helen,Clark,Doctor 80,2023-06-07
P1526,Richard,Morales,Doctor 52,2023-06-07
P0036,Edward,Morgan,Doctor 44,2023-06-08
P0137,Steven,Gutierrez,Doctor 29,2023-06-08
P0224,Sarah,Wright,Doctor 48,2023-06-08
P0270,Jessica,Ward,Doctor 76,2023-06-08
P0313,Sandra,Sanders,Doctor 49,2023-06-08
P0340,Jennifer,Roberts,Doctor 24,2023-06-08
P0350,Justin,Martinez,Doctor 86,2023-06-08
P0361,Richard,Baker,Doctor 89,2023-06-08
P0389,Sandra,Ward,Doctor 77,2023-06-08
P0430,Sarah,Evans,Doctor 59,2023-06-08
P0463,Helen,Stewart,Doctor 81,2023-06-08
P0561,Lisa,Lewis,Doctor 23,2023-06-08
P0596,Emma,Cook,Doctor 67,2023-06-08
P0623,Deborah,Ramos,Doctor 26,2023-06-08
P0654,Laura,Bailey,Doctor 7,2023-06-08
P0747,Samuel,Adams,Doctor 9,2023-06-08
P0945,Brenda,Chavez,Doctor 66,2023-06-08
P1023,Carol,Perez,Doctor 65,2023-06-08
P1109,Gregory,Price,Doctor 36,2023-06-08
P1148,Jacob,Lopez,Doctor 21,2023-06-08
P1171,Scott,Garcia,Doctor 53,2023-06-08
P1243,Benjamin,Ramos,Doctor 80,2023-06-08
P1247,Andrew,Cook,Doctor 50,2023-06-08
P1258,Gregory,Garcia,Doctor 53,2023-06-08
P1338,Shirley,Ruiz,Doctor 31,2023-06-08
P1351,Sarah,Watson,Doctor 6,2023-06-08
P1386,Linda,Bennett,Doctor 30,2023-06-08
P1402,Ronald,Reed,Doctor 9,2023-06-08
P1500,Eric,Nguyen,Doctor 84,2023-06-08
P0117,Brenda,Stewart,Doctor 90,2023-06-09
P0220,Carol,Mitchell,Doctor 10,2023-06-09
P0295,Ruth,Kelly,Doctor 10,2023-06-09
P0346,Steven,Adams,Doctor 68,2023-06-09
P0381,Sarah,Young,Doctor 97,2023-06-09
P0419,Eric,Davis,Doctor 17,2023-06-09
P0708,Gregory,Hall,Doctor 55,2023-06-09
P0716,Linda,Cook,Doctor 77,2023-06-09
P0876,Linda,Ruiz,Doctor 73,2023-06-09
P0899,Angela,Flores,Doctor 90,2023-06-09
P0964,Virginia,Nelson,Doctor 93,2023-06-09
P1106,Dorothy,Edwards,Doctor 2,2023-06-09
P1169,Carol,Lee,Doctor 62,2023-06-09
P1256,Deborah,Brooks,Doctor 97,2023-06-09
P1428,Susan,Mitchell,Doctor 86,2023-06-09
P1535,Laura,Rivera,Doctor 94,2023-06-09
P0078,Michelle,Harris,Doctor 34,2023-06-10
P0080,Sharon,Miller,Doctor 18,2023-06-10
P0378,Patricia,Hill,Doctor 86,2023-06-10
P0414,Deborah,Clark,Doctor 20,2023-06-10
P0695,Michael,Taylor,Doctor 19,2023-06-10
P0775,Kathleen,Brooks,Doctor 56,2023-06-10
P0829,Stephen,Young,Doctor 45,2023-06-10
P0919,Jose,Nelson,Doctor 30,2023-06-10
P1048,James,Gonzalez,Doctor 99,2023-06-10
P1119,Robert,Robinson,Doctor 71,2023-06-10
P1177,Scott,James,Doctor 94,2023-06-10
P1225,Matthew,Gonzalez,Doctor 14,2023-06-10
P1234,Sarah,Cooper,Doctor 86,2023-06-10
P1285,Jerry,Murphy,Doctor 10,2023-06-10
P1353,Sandra,Reed,Doctor 52,2023-06-10
P0052,Jeffrey,Lee,Doctor 99,2023-06-11
P0097,Karen,Green,Doctor 14,2023-06-11
P0162,Sharon,Lee,Doctor 46,2023-06-11
P0179,Brandon,Chavez,Doctor 31,2023-06-11
P0212,Richard,Myers,Doctor 83,2023-06-11
P0225,Jessica,Rogers,Doctor 24,2023-06-11
P0272,Brandon,Cooper,Doctor 55,2023-06-11
P0275,Nancy,Thompson,Doctor 46,2023-06-11
P0363,Nancy,Mitchell,Doctor 69,2023-06-11
P0389,Sandra,Ward,Doctor 77,2023-06-11
P0515,Jose,Gonzalez,Doctor 31,2023-06-11
P0555,Donna,Thompson,Doctor 88,2023-06-11
P0640,Donald,Reed,Doctor 86,2023-06-11
P0663,Michelle,Alvarez,Doctor 70,2023-06-11
P0794,Aaron,Watson,Doctor 24,2023-06-11
P0857,Stephen,Williams,Doctor 31,2023-06-11
P0872,Linda,Watson,Doctor 74,2023-06-11
P0910,Richard,Taylor,Doctor 5,2023-06-11
P0954,Karen,Thompson,Doctor 52,2023-06-11
P1153,Timothy,Sanchez,Doctor 38,2023-06-11
P1173,Laura,Alvarez,Doctor 13,2023-06-11
P1190,Mark,Thomas,Doctor 87,2023-06-11
P1194,Melissa,Torres,Doctor 11,2023-06-11
P1267,Jonathan,Brooks,Doctor 41,2023-06-11
P1450,Melissa,Stewart,Doctor 32,2023-06-11
P1463,Thomas,Chavez,Doctor 28,2023-06-11
P1507,Joshua,Stewart,Doctor 89,2023-06-11
P1516,Karen,Wright,Doctor 53,2023-06-11
P0035,Angela,Alvarez,Doctor 10,2023-06-12
P0074,Helen,Hughes,Doctor 43,2023-06-12
P0086,Laura,Ruiz,Doctor 70,2023-06-12
P0185,Karen,Hall,Doctor 50,2023-06-12
P0346,Steven,Adams,Doctor 68,2023-06-12
P0433,Kenneth,Baker,Doctor 5,2023-06-12
P0449,Christopher,Phillips,Doctor 76,2023-06-12
P0479,Steven,Evans,Doctor 63,2023-06-12
P0517,Helen,Reed,Doctor 23,2023-06-12
P0525,Jerry,Gray,Doctor 21,2023-06-12
P0592,Jessica,Gutierrez,Doctor 1,2023-06-12
P0620,Jacob,Castillo,Doctor 39,2023-06-12
P0665,Donald,Hernandez,Doctor 79,2023-06-12
P0830,Jacob,Lee,Doctor 54,2023-06-12
P0943,Amy,Allen,Doctor 98,2023-06-12
P0997,Patricia,Parker,Doctor 25,2023-06-12
P1050,Ronald,Torres,Doctor 5,2023-06-12
P1111,Deborah,Morris,Doctor 35,2023-06-12
P1118,Robert,White,Doctor 77,2023-06-12
P1135,Sarah,Green,Doctor 49,2023-06-12
P1143,Barbara,Kelly,Doctor 83,2023-06-12
P1277,Betty,Peterson,Doctor 66,2023-06-12
P1339,Benjamin,Thompson,Doctor 94,2023-06-12
P1348,Christopher,Gomez,Doctor 52,2023-06-12
P1358,Nancy,Bennett,Doctor 59,2023-06-12
P0059,Laura,White,Doctor 10,2023-06-13
P0069,James,Diaz,Doctor 59,2023-06-13
P0146,Kathleen,White,Doctor 26,2023-06-13
P0312,Jack,Patel,Doctor 57,2023-06-13
P0316,Jacob,Flores,Doctor 40,2023-06-13
P0455,Frank,Chavez,Doctor 92,2023-06-13
P0507,Jason,Walker,Doctor 9,2023-06-13
P0542,Deborah,Morales,Doctor 23,2023-06-13
P0637,Sarah,Clark,Doctor 46,2023-06-13
P0734,Anna,Smith,Doctor 87,2023-06-13
P0822,Sandra,Williams,Doctor 19,2023-06-13
P0923,Sarah,Martinez,Doctor 41,2023-06-13
P0963,Donna,Allen,Doctor 81,2023-06-13
P0996,Alexander,Clark,Doctor 45,2023-06-13
P1064,Daniel,Carter,Doctor 92,2023-06-13
P1075,Ryan,Allen,Doctor 23,2023-06-13
P1126,Shirley,Adams,Doctor 4,2023-06-13
P1163,Sharon,Howard,Doctor 51,2023-06-13
P1312,Ryan,Rivera,Doctor 42,2023-06-13
P1410,Donald,Phillips,Doctor 22,2023-06-13
P1432,Carol,Wright,Doctor 15,2023-06-13
P1451,George,Walker,Doctor 59,2023-06-13
P1462,Jessica,Miller,Doctor 58,2023-06-13
P1490,David,Wright,Doctor 89,2023-06-13
P1521,Emma,Wood,Doctor 35,2023-06-13
P1527,Susan,Lopez,Doctor 95,2023-06-13
P0042,Ronald,Phillips,Doctor 42,2023-06-14
P0076,Kevin,Murphy,Doctor 32,2023-06-14
P0232,Deborah,Rodriguez,Doctor 90,2023-06-14
P0286,Gregory,Howard,Doctor 49,2023-06-14
P0352,Laura,Cruz,Doctor 47,2023-06-14
P0415,Jonathan,Reyes,Doctor 51,2023-06-14
P0494,Jacob,Nelson,Doctor 73,2023-06-14
P0536,Jason,Richardson,Doctor 58,2023-06-14
P0595,Gary,Moore,Doctor 43,2023-06-14
P0706,John,King,Doctor 44,2023-06-14
P0715,Kimberly,Stewart,Doctor 87,2023-06-14
P0852,Raymond,Baker,Doctor 79,2023-06-14
P0896,Alexander,Bennett,Doctor 72,2023-06-14
P0973,George,Wright,Doctor 85,2023-06-14
P1012,Jerry,Smith,Doctor 64,2023-06-14
P1029,Shirley,Edwards,Doctor 3,2023-06-14
P1050,Ronald,Torres,Doctor 5,2023-06-14
P1084,Ruth,Davis,Doctor 30,2023-06-14
P1096,Timothy,Young,Doctor 19,2023-06-14
P1158,Barbara,Hughes,Doctor 95,2023-06-14
P1264,Melissa,Davis,Doctor 8,2023-06-14
P1318,David,Watson,Doctor 59,2023-06-14
P1352,Kathleen,Jackson,Doctor 97,2023-06-14
P1421,Laura,Adams,Doctor 17,2023-06-14
P1449,Anna,Wright,Doctor 55,2023-06-14
P1456,Tyler,Nelson,Doctor 76,2023-06-14
P1473,Michelle,Cooper,Doctor 85,2023-06-14
P1512,Jason,Anderson,Doctor 4,2023-06-14
P0133,Stephen,Gutierrez,Doctor 30,2023-06-15
P0167,Brenda,Morales,Doctor 73,2023-06-15
P0174,Patricia,Brown,Doctor 55,2023-06-15
P0202,James,King,Doctor 42,2023-06-15
P0215,Emma,Hall,Doctor 65,2023-06-15
P0221,Scott,Hernandez,Doctor 3,2023-06-15
P0373,Raymond,Turner,Doctor 72,2023-06-15
P0385,Patricia,Robinson,Doctor 42,2023-06-15
P0393,David,Wood,Doctor 40,2023-06-15
P0529,Sandra,Parker,Doctor 78,2023-06-15
P0751,George,Adams,Doctor 24,2023-06-15
P0762,Michael,Diaz,Doctor 15,2023-06-15
P0791,Nicholas,Miller,Doctor 69,2023-06-15
P0795,Sandra,Gutierrez,Doctor 71,2023-06-15
P0797,Dennis,Williams,Doctor 50,2023-06-15
P0834,Stephen,Morgan,Doctor 31,2023-06-15
P0934,Jack,Gonzalez,Doctor 29,2023-06-15
P0940,Kenneth,Collins,Doctor 40,2023-06-15
P1079,Kimberly,Sanders,Doctor 34,2023-06-15
P1093,Frank,Smith,Doctor 94,2023-06-15
P1145,Justin,Nelson,Doctor 62,2023-06-15
P1308,Linda,Peterson,Doctor 75,2023-06-15
P1520,Christopher,Garcia,Doctor 33,2023-06-15
P0210,Andrew,Rogers,Doctor 58,2023-06-16
P0430,Sarah,Evans,Doctor 59,2023-06-16
P0642,Sharon,Castillo,Doctor 65,2023-06-16
P0764,Amy,Peterson,Doctor 1,2023-06-16
P0961,Nancy,Ramos,Doctor 35,2023-06-16
P1021,Kimberly,Alvarez,Doctor 60,2023-06-16
P1159,Elizabeth,Wood,Doctor 74,2023-06-16
P1207,Nancy,Lee,Doctor 15,2023-06-16
P1362,Jack,Flores,Doctor 2,2023-06-16
P1364,Betty,Nguyen,Doctor 23,2023-06-16
P1427,Brandon,Morgan,Doctor 13,2023-06-16
P1526,Richard,Morales,Doctor 52,2023-06-16
P1527,Susan,Lopez,Doctor 95,2023-06-16
P1536,Dorothy,Thompson,Doctor 100,2023-06-16
P0054,Thomas,Rivera,Doctor 64,2023-06-17
P0180,Sandra,Wood,Doctor 16,2023-06-17
P0239,James,Rogers,Doctor 61,2023-06-17
P0440,Mark,Martinez,Doctor 25,2023-06-17
P0506,Donald,Brown,Doctor 70,2023-06-17
P0597,Justin,Robinson,Doctor 80,2023-06-17
P0641,Ronald,Myers,Doctor 52,2023-06-17
P0680,Jerry,Morgan,Doctor 22,2023-06-17
P0744,Joshua,Anderson,Doctor 4,2023-06-17
P0782,Tyler,Anderson,Doctor 15,2023-06-17
P0815,Sandra,Sanchez,Doctor 60,2023-06-17
P0927,Nancy,Adams,Doctor 74,2023-06-17
P0950,Deborah,Watson,Doctor 53,2023-06-17
P0958,Laura,Wilson,Doctor 100,2023-06-17
P1214,Patrick,Gonzalez,Doctor 38,2023-06-17
P1392,Brandon,Roberts,Doctor 53,2023-06-17
P0037,Brian,Kim,Doctor 65,2023-06-18
P0186,Donna,Kim,Doctor 43,2023-06-18
P0252,Betty,Johnson,Doctor 33,2023-06-18
P0318,Matthew,Richardson,Doctor 79,2023-06-18
P0369,Michael,Nguyen,Doctor 37,2023-06-18
P0431,Sharon,Cooper,Doctor 21,2023-06-18
P0475,Kenneth,Jackson,Doctor 79,2023-06-18
P0564,Lisa,Gray,Doctor 90,2023-06-18
P0565,Sandra,Alvarez,Doctor 3,2023-06-18
P0877,Jessica,Nguyen,Doctor 2,2023-06-18
P0899,Angela,Flores,Doctor 90,2023-06-18
P0921,Frank,Lopez,Doctor 39,2023-06-18
P0949,Deborah,Phillips,Doctor 31,2023-06-18
P1374,Michelle,Edwards,Doctor 79,2023-06-18
P1434,Sharon,Davis,Doctor 98,2023-06-18
P1475,Virginia,Adams,Doctor 48,2023-06-18
P1486,Kimberly,Thomas,Doctor 79,2023-06-18
P0094,Jessica,King,Doctor 43,2023-06-19
P0098,Betty,King,Doctor 100,2023-06-19
P0213,Karen,Hughes,Doctor 50,2023-06-19
P0315,Steven,Martin,Doctor 84,2023-06-19
P0330,Joseph,Cox,Doctor 70,2023-06-19
P0400,Joshua,Diaz,Doctor 83,2023-06-19
P0540,Patrick,Thomas,Doctor 24,2023-06-19
P0704,Nicholas,Ruiz,Doctor 6,2023-06-19
P0776,Steven,Watson,Doctor 85,2023-06-19
P0912,Kevin,Nguyen,Doctor 88,2023-06-19
P0928,Kimberly,Bennett,Doctor 92,2023-06-19
P0948,Jose,Ramirez,Doctor 18,2023-06-19
P1019,Kevin,Wood,Doctor 27,2023-06-19
P1072,Thomas,Morgan,Doctor 66,2023-06-19
P1236,Barbara,Rodriguez,Doctor 87,2023-06-19
P1247,Andrew,Cook,Doctor 50,2023-06-19
P1251,Lisa,Mitchell,Doctor 3,2023-06-19
P1323,Joseph,Smith,Doctor 19,2023-06-19
P1350,Linda,Stewart,Doctor 17,2023-06-19
P1460,Aaron,Murphy,Doctor 74,2023-06-19
P1486,Kimberly,Thomas,Doctor 79,2023-06-19
P1517,Sarah,Torres,Doctor 82,2023-06-19
P0036,Edward,Morgan,Doctor 44,2023-06-20
P0060,Scott,Peterson,Doctor 10,2023-06-20
P0062,Benjamin,Flores,Doctor 70,2023-06-20
P0134,Jessica,Jones,Doctor 95,2023-06-20
P0180,Sandra,Wood,Doctor 16,2023-06-20
P0199,Aaron,Bennett,Doctor 46,2023-06-20
P0223,Aaron,Cox,Doctor 70,2023-06-20
P0392,Dorothy,Anderson,Doctor 6,2023-06-20
P0401,Karen,Allen,Doctor 25,2023-06-20
P0507,Jason,Walker,Doctor 9,2023-06-20
P0533,Helen,Lee,Doctor 89,2023-06-20
P0714,Donna,Jones,Doctor 5,2023-06-20
P0749,Stephen,Alvarez,Doctor 23,2023-06-20
P0766,Helen,Campbell,Doctor 51,2023-06-20
P0773,Sarah,Patel,Doctor 64,2023-06-20
P0945,Brenda,Chavez,Doctor 66,2023-06-20
P0990,Frank,James,Doctor 64,2023-06-20
P1029,Shirley,Edwards,Doctor 3,2023-06-20
P1047,Andrew,Miller,Doctor 95,2023-06-20
P1057,Ryan,Cruz,Doctor 48,2023-06-20
P1141,Rebecca,Anderson,Doctor 10,2023-06-20
P1325,Anna,Roberts,Doctor 38,2023-06-20
P1366,Lisa,Moore,Doctor 73,2023-06-20
P1387,Lisa,Thompson,Doctor 42,2023-06-20
P1517,Sarah,Torres,Doctor 82,2023-06-20
P1517,Sarah,Torres,Doctor 82,2023-06-20
P1525,Karen,Roberts,Doctor 58,2023-06-20
P0020,Deborah,Campbell,Doctor 83,2023-06-21
P0180,Sandra,Wood,Doctor 16,2023-06-21
P0255,Sandra,Martinez,Doctor 64,2023-06-21
P0274,Brenda,Peterson,Doctor 10,2023-06-21
P0341,Brenda,Gonzalez,Doctor 16,2023-06-21
P0402,Jeffrey,King,Doctor 64,2023-06-21
P0539,Larry,Bennett,Doctor 10,2023-06-21
P0546,Kathleen,Hughes,Doctor 52,2023-06-21
P0566,Raymond,Sanchez,Doctor 18,2023-06-21
P0575,Steven,Garcia,Doctor 22,2023-06-21
P0647,Ruth,Price,Doctor 23,2023-06-21
P0719,Justin,Ramos,Doctor 9,2023-06-21
P0844,Amy,Rivera,Doctor 72,2023-06-21
P0905,Matthew,Williams,Doctor 10,2023-06-21
P1043,Sharon,Rivera,Doctor 8,2023-06-21
P1067,Donna,Richardson,Doctor 66,2023-06-21
P1126,Shirley,Adams,Doctor 30,2023-06-21
P1152,Anna,Gomez,Doctor 93,2023-06-21
P1180,Scott,Taylor,Doctor 62,2023-06-21
P1227,Jack,Ruiz,Doctor 95,2023-06-21
P1245,Jacob,Thomas,Doctor 13,2023-06-21
P1295,Nancy,Kim,Doctor 85,2023-06-21
P1365,Sharon,Brown,Doctor 35,2023-06-21
P1374,Michelle,Edwards,Doctor 79,2023-06-21
P1393,Sandra,Scott,Doctor 47,2023-06-21
P0069,James,Diaz,Doctor 59,2023-06-22
P0082,Aaron,Martinez,Doctor 64,2023-06-22
P0327,Sarah,Anderson,Doctor 83,2023-06-22
P0337,Brenda,Collins,Doctor 3,2023-06-22
P0433,Kenneth,Baker,Doctor 5,2023-06-22
P0450,Alexander,King,Doctor 93,2023-06-22
P0499,James,Perez,Doctor 40,2023-06-22
P0570,Lisa,Young,Doctor 57,2023-06-22
P0582,Helen,Reyes,Doctor 67,2023-06-22
P0640,Donald,Reed,Doctor 31,2023-06-22
P0707,Gary,Reed,Doctor 67,2023-06-22
P0753,Edward,Rivera,Doctor 60,2023-06-22
P0789,Barbara,Nguyen,Doctor 44,2023-06-22
P0850,Donna,Kelly,Doctor 34,2023-06-22
P0869,Michael,Williams,Doctor 68,2023-06-22
P1006,Stephen,Harris,Doctor 99,2023-06-22
P1174,Aaron,Cruz,Doctor 23,2023-06-22
P1178,Shirley,Morris,Doctor 80,2023-06-22
P1212,Scott,Wood,Doctor 83,2023-06-22
P1261,Susan,Anderson,Doctor 67,2023-06-22
P0008,Kathleen,Rodriguez,Doctor 2,2023-06-23
P0160,Anthony,Williams,Doctor 56,2023-06-23
P0210,Andrew,Rogers,Doctor 58,2023-06-23
P0293,Betty,Chavez,Doctor 89,2023-06-23
P0374,Ruth,Lopez,Doctor 9,2023-06-23
P0384,Nicholas,Cooper,Doctor 13,2023-06-23
P0412,Kimberly,James,Doctor 30,2023-06-23
P0439,Charles,Gutierrez,Doctor 52,2023-06-23
P0548,Betty,Ruiz,Doctor 72,2023-06-23
P0601,Kenneth,Gomez,Doctor 13,2023-06-23
P0650,Ryan,King,Doctor 56,2023-06-23
P0751,George,Adams,Doctor 24,2023-06-23
P0774,Michelle,Scott,Doctor 31,2023-06-23
P0778,Donna,Reed,Doctor 28,2023-06-23
P0844,Amy,Rivera,Doctor 72,2023-06-23
P1077,Jeffrey,Flores,Doctor 92,2023-06-23
P1092,Mark,Allen,Doctor 28,2023-06-23
P1238,Helen,Ramirez,Doctor 45,2023-06-23
P1322,Richard,Thompson,Doctor 55,2023-06-23
P0080,Sharon,Miller,Doctor 18,2023-06-24
P0191,Aaron,Kelly,Doctor 34,2023-06-24
P0263,Melissa,Gutierrez,Doctor 43,2023-06-24
P0289,Lisa,Nelson,Doctor 81,2023-06-24
P0322,Laura,Perez,Doctor 53,2023-06-24
P0414,Deborah,Clark,Doctor 20,2023-06-24
P0463,Helen,Stewart,Doctor 81,2023-06-24
P0523,Charles,Hughes,Doctor 79,2023-06-24
P0561,Lisa,Lewis,Doctor 23,2023-06-24
P0573,Deborah,Hill,Doctor 77,2023-06-24
P0619,Jack,Campbell,Doctor 56,2023-06-24
P0664,Mary,Torres,Doctor 65,2023-06-24
P0730,Larry,Castillo,Doctor 50,2023-06-24
P0815,Sandra,Sanchez,Doctor 60,2023-06-24
P0860,Michael,Collins,Doctor 4,2023-06-24
P0902,Aaron,Gonzalez,Doctor 74,2023-06-24
P0994,Kathleen,Hill,Doctor 80,2023-06-24
P1018,Jonathan,Hernandez,Doctor 55,2023-06-24
P1058,Sandra,Cooper,Doctor 46,2023-06-24
P1100,Virginia,Bennett,Doctor 61,2023-06-24
P1100,Virginia,Bennett,Doctor 61,2023-06-24
P1219,Cynthia,Castillo,Doctor 52,2023-06-24
P1310,Brandon,Gonzalez,Doctor 79,2023-06-24
P1393,Sandra,Scott,Doctor 47,2023-06-24
P1429,James,Williams,Doctor 22,2023-06-24
P1444,Dorothy,Evans,Doctor 20,2023-06-24
P1486,Kimberly,Thomas,Doctor 82,2023-06-24
P0014,Lisa,Martinez,Doctor 9,2023-06-25
P0020,Deborah,Campbell,Doctor 83,2023-06-25
P0074,Helen,Hughes,Doctor 43,2023-06-25
P0153,Rebecca,Jones,Doctor 70,2023-06-25
P0235,Daniel,Flores,Doctor 16,2023-06-25
P0311,Raymond,Price,Doctor 57,2023-06-25
P0415,Jonathan,Reyes,Doctor 59,2023-06-25
P0432,Michelle,Rivera,Doctor 79,2023-06-25
P0579,Richard,Campbell,Doctor 67,2023-06-25
P0652,Ronald,Gonzalez,Doctor 10,2023-06-25
P0687,Richard,Wilson,Doctor 15,2023-06-25
P0797,Dennis,Williams,Doctor 63,2023-06-25
P0808,Tyler,Adams,Doctor 50,2023-06-25
P0811,Sarah,Phillips,Doctor 18,2023-06-25
P0817,Mary,White,Doctor 36,2023-06-25
P0923,Sarah,Martinez,Doctor 41,2023-06-25
P0936,Scott,Hughes,Doctor 80,2023-06-25
P0988,Joshua,Flores,Doctor 40,2023-06-25
P1030,Karen,Anderson,Doctor 27,2023-06-25
P1103,Patrick,Carter,Doctor 42,2023-06-25
P1431,Ruth,Harris,Doctor 96,2023-06-25
P1432,Carol,Wright,Doctor 15,2023-06-25
P0004,Eric,Carter,Doctor 76,2023-06-26
P0012,Eric,Gomez,Doctor 84,2023-06-26
P0032,Brenda,Walker,Doctor 43,2023-06-26
P0256,Joshua,Reyes,Doctor 99,2023-06-26
P0275,Nancy,Thompson,Doctor 46,2023-06-26
P0488,Samuel,Sanchez,Doctor 69,2023-06-26
P0584,Dorothy,Cook,Doctor 7,2023-06-26
P0598,Nancy,Miller,Doctor 7,2023-06-26
P0632,Melissa,Patel,Doctor 10,2023-06-26
P0675,Betty,Roberts,Doctor 86,2023-06-26
P0693,Nicholas,Morales,Doctor 66,2023-06-26
P0708,Gregory,Hall,Doctor 55,2023-06-26
P0736,Gary,Morris,Doctor 85,2023-06-26
P0851,Anna,Collins,Doctor 67,2023-06-26
P0857,Stephen,Williams,Doctor 31,2023-06-26
P0893,Raymond,Gomez,Doctor 53,2023-06-26
P1064,Daniel,Carter,Doctor 13,2023-06-26
P1141,Rebecca,Anderson,Doctor 26,2023-06-26
P1195,Andrew,Edwards,Doctor 14,2023-06-26
P1271,Dennis,Green,Doctor 62,2023-06-26
P1302,Brian,Diaz,Doctor 57,2023-06-26
P0175,Karen,Harris,Doctor 37,2023-06-27
P0235,Daniel,Flores,Doctor 16,2023-06-27
P0275,Nancy,Thompson,Doctor 46,2023-06-27
P0340,Jennifer,Roberts,Doctor 72,2023-06-27
P0565,Sandra,Alvarez,Doctor 3,2023-06-27
P0592,Jessica,Gutierrez,Doctor 1,2023-06-27
P0742,Alexander,Torres,Doctor 92,2023-06-27
P0817,Mary,White,Doctor 36,2023-06-27
P0825,Benjamin,Kim,Doctor 85,2023-06-27
P0866,James,Clark,Doctor 99,2023-06-27
P1041,Kimberly,Gutierrez,Doctor 62,2023-06-27
P1076,Sarah,Reed,Doctor 20,2023-06-27
P1082,Brian,Harris,Doctor 83,2023-06-27
P1262,Robert,Wright,Doctor 33,2023-06-27
P1487,Ronald,Evans,Doctor 26,2023-06-27
P0028,Robert,Ramos,Doctor 48,2023-06-28
P0094,Jessica,King,Doctor 43,2023-06-28
P0118,Joseph,Nelson,Doctor 3,2023-06-28
P0121,Samuel,Anderson,Doctor 57,2023-06-28
P0197,Tyler,Taylor,Doctor 53,2023-06-28
P0346,Steven,Adams,Doctor 68,2023-06-28
P0450,Alexander,King,Doctor 86,2023-06-28
P0478,Alexander,Alvarez,Doctor 38,2023-06-28
P0673,Nancy,Smith,Doctor 46,2023-06-28
P0825,Benjamin,Kim,Doctor 85,2023-06-28
P0941,John,Bennett,Doctor 83,2023-06-28
P0959,Benjamin,Stewart,Doctor 83,2023-06-28
P1147,Justin,Diaz,Doctor 34,2023-06-28
P1167,Sandra,King,Doctor 20,2023-06-28
P1209,Dennis,Chavez,Doctor 52,2023-06-28
P1265,Melissa,Anderson,Doctor 55,2023-06-28
P1310,Brandon,Gonzalez,Doctor 79,2023-06-28
P1341,Steven,Ward,Doctor 30,2023-06-28
P1345,Donald,Ruiz,Doctor 17,2023-06-28
P1434,Sharon,Davis,Doctor 98,2023-06-28
P1460,Aaron,Murphy,Doctor 56,2023-06-28
P1518,Michelle,Nelson,Doctor 59,2023-06-28
P0033,Gregory,Castillo,Doctor 14,2023-06-29
P0073,Ryan,Martin,Doctor 54,2023-06-29
P0121,Samuel,Anderson,Doctor 57,2023-06-29
P0388,Anthony,Flores,Doctor 72,2023-06-29
P0475,Kenneth,Jackson,Doctor 79,2023-06-29
P0712,Susan,Patel,Doctor 38,2023-06-29
P0787,Karen,Gutierrez,Doctor 23,2023-06-29
P0868,Ryan,Patel,Doctor 39,2023-06-29
P0888,Helen,Jones,Doctor 1,2023-06-29
P1010,Daniel,Rogers,Doctor 22,2023-06-29
P1015,Gary,Hall,Doctor 98,2023-06-29
P1021,Kimberly,Alvarez,Doctor 60,2023-06-29
P1059,Richard,Sanders,Doctor 73,2023-06-29
P1073,Lisa,Allen,Doctor 68,2023-06-29
P1137,Eric,Collins,Doctor 43,2023-06-29
P1148,Jacob,Lopez,Doctor 7,2023-06-29
P1163,Sharon,Howard,Doctor 51,2023-06-29
P1230,Benjamin,Gonzalez,Doctor 31,2023-06-29
P1236,Barbara,Rodriguez,Doctor 73,2023-06-29
P1385,Kenneth,Morales,Doctor 28,2023-06-29
P1422,Helen,Phillips,Doctor 64,2023-06-29
P0010,Kimberly,Nelson,Doctor 22,2023-06-30
P0053,Sharon,Roberts,Doctor 46,2023-06-30
P0058,Deborah,Myers,Doctor 34,2023-06-30
P0241,Kathleen,Nguyen,Doctor 70,2023-06-30
P0340,Jennifer,Roberts,Doctor 72,2023-06-30
P0353,Jack,James,Doctor 22,2023-06-30
P0406,Jose,Brooks,Doctor 9,2023-06-30
P0487,Karen,Kelly,Doctor 98,2023-06-30
P0490,Brenda,Kim,Doctor 25,2023-06-30
P0516,Melissa,Wood,Doctor 73,2023-06-30
P0752,Deborah,Gray,Doctor 86,2023-06-30
P0887,Matthew,Martinez,Doctor 5,2023-06-30
P0938,Robert,Sanchez,Doctor 12,2023-06-30
P0940,Kenneth,Collins,Doctor 19,2023-06-30
P0982,Michelle,Jones,Doctor 58,2023-06-30
P0990,Frank,James,Doctor 64,2023-06-30
P1060,Michelle,Collins,Doctor 95,2023-06-30
P1373,Robert,James,Doctor 59,2023-06-30
P0114,Edward,Torres,Doctor 71,2023-07-01
P0249,Elizabeth,Richardson,Doctor 76,2023-07-01
P0251,John,Gonzalez,Doctor 83,2023-07-01
P0306,George,Sanders,Doctor 82,2023-07-01
P0308,Stephen,Moore,Doctor 62,2023-07-01
P0550,Carol,Martinez,Doctor 7,2023-07-01
P0566,Raymond,Sanchez,Doctor 18,2023-07-01
P0568,Kenneth,Allen,Doctor 66,2023-07-01
P0720,Jessica,Stewart,Doctor 17,2023-07-01
P0815,Sandra,Sanchez,Doctor 60,2023-07-01
P0819,Timothy,Peterson,Doctor 87,2023-07-01
P0868,Ryan,Patel,Doctor 39,2023-07-01
P0868,Ryan,Patel,Doctor 9,2023-07-01
P0869,Michael,Williams,Doctor 51,2023-07-01
P0951,Patricia,Rodriguez,Doctor 52,2023-07-01
P0978,Kimberly,Garcia,Doctor 11,2023-07-01
P1044,Sharon,Hughes,Doctor 43,2023-07-01
P1222,Larry,Wright,Doctor 12,2023-07-01
P1320,Linda,Murphy,Doctor 26,2023-07-01
P1324,Sharon,King,Doctor 91,2023-07-01
P1334,Brenda,Moore,Doctor 75,2023-07-01
P1339,Benjamin,Thompson,Doctor 94,2023-07-01
P1434,Sharon,Davis,Doctor 98,2023-07-01
P0018,John,Carter,Doctor 89,2023-07-02
P0123,Kevin,Gonzalez,Doctor 74,2023-07-02
P0158,Deborah,Carter,Doctor 20,2023-07-02
P0316,Jacob,Flores,Doctor 40,2023-07-02
P0375,Jose,Thompson,Doctor 59,2023-07-02
P0384,Nicholas,Cooper,Doctor 13,2023-07-02
P0442,William,Scott,Doctor 43,2023-07-02
P0517,Helen,Reed,Doctor 23,2023-07-02
P0518,Sarah,Walker,Doctor 87,2023-07-02
P0564,Lisa,Gray,Doctor 90,2023-07-02
P0619,Jack,Campbell,Doctor 56,2023-07-02
P0637,Sarah,Clark,Doctor 46,2023-07-02
P0663,Michelle,Alvarez,Doctor 70,2023-07-02
P0685,Betty,Rogers,Doctor 49,2023-07-02
P0727,Deborah,Martin,Doctor 86,2023-07-02
P0758,Anna,Lopez,Doctor 84,2023-07-02
P0883,Michelle,Sanders,Doctor 44,2023-07-02
P0914,Karen,Sanchez,Doctor 29,2023-07-02
P0998,Alexander,Morris,Doctor 46,2023-07-02
P1025,Matthew,Thompson,Doctor 94,2023-07-02
P1086,Scott,Parker,Doctor 85,2023-07-02
P1112,Joseph,Perez,Doctor 36,2023-07-02
P1197,Dennis,Watson,Doctor 28,2023-07-02
P1251,Lisa,Mitchell,Doctor 3,2023-07-02
P1336,Anna,Bailey,Doctor 66,2023-07-02
P1465,Patricia,Gonzalez,Doctor 92,2023-07-02
P1466,Samuel,Brooks,Doctor 79,2023-07-02
P0004,Eric,Carter,Doctor 76,2023-07-03
P0197,Tyler,Taylor,Doctor 53,2023-07-03
P0217,Gary,Richardson,Doctor 19,2023-07-03
P0227,Kathleen,Watson,Doctor 32,2023-07-03
P0273,Carol,Lopez,Doctor 6,2023-07-03
P0530,Gregory,Collins,Doctor 48,2023-07-03
P0593,Ruth,Turner,Doctor 44,2023-07-03
P0646,Justin,Watson,Doctor 20,2023-07-03
P0767,Angela,White,Doctor 91,2023-07-03
P0837,Kimberly,King,Doctor 89,2023-07-03
P0875,Lisa,Gutierrez,Doctor 19,2023-07-03
P0929,Nicholas,Young,Doctor 51,2023-07-03
P0970,Daniel,Murphy,Doctor 49,2023-07-03
P1039,George,Phillips,Doctor 93,2023-07-03
P1052,Andrew,Wood,Doctor 45,2023-07-03
P1094,Donna,Martinez,Doctor 4,2023-07-03
P1114,Ruth,Patel,Doctor 92,2023-07-03
P1138,Betty,Baker,Doctor 48,2023-07-03
P1147,Justin,Diaz,Doctor 34,2023-07-03
P1189,Steven,Stewart,Doctor 25,2023-07-03
P1235,Deborah,White,Doctor 85,2023-07-03
P1291,Jennifer,Anderson,Doctor 13,2023-07-03
P1303,Melissa,Garcia,Doctor 36,2023-07-03
P1313,Samuel,Price,Doctor 24,2023-07-03
P1342,Aaron,Brooks,Doctor 16,2023-07-03
P1372,Mark,James,Doctor 96,2023-07-03
P0004,Eric,Carter,Doctor 76,2023-07-04
P0157,Carol,Hill,Doctor 88,2023-07-04
P0267,Nancy,Anderson,Doctor 76,2023-07-04
P0416,Nancy,Morris,Doctor 1,2023-07-04
P0527,Gregory,Cruz,Doctor 63,2023-07-04
P0550,Carol,Martinez,Doctor 7,2023-07-04
P0551,Amy,Taylor,Doctor 22,2023-07-04
P0646,Justin,Watson,Doctor 20,2023-07-04
P0782,Tyler,Anderson,Doctor 15,2023-07-04
P0783,Larry,Martin,Doctor 48,2023-07-04
P0821,Karen,Baker,Doctor 13,2023-07-04
P0871,Nancy,King,Doctor 32,2023-07-04
P0914,Karen,Sanchez,Doctor 29,2023-07-04
P0971,Anthony,Lewis,Doctor 6,2023-07-04
P0983,James,Smith,Doctor 5,2023-07-04
P1008,Betty,Ramos,Doctor 68,2023-07-04
P1061,Laura,Morgan,Doctor 71,2023-07-04
P1118,Robert,White,Doctor 77,2023-07-04
P1227,Jack,Ruiz,Doctor 95,2023-07-04
P1277,Betty,Peterson,Doctor 66,2023-07-04
P1346,Carol,James,Doctor 18,2023-07-04
P1420,Kimberly,Martin,Doctor 3,2023-07-04
P1492,Brandon,Sanchez,Doctor 51,2023-07-04
P0015,Gary,Anderson,Doctor 12,2023-07-05
P0026,Larry,James,Doctor 23,2023-07-05
P0149,Jacob,Cox,Doctor 4,2023-07-05
P0154,Jason,Carter,Doctor 46,2023-07-05
P0159,Virginia,Gonzalez,Doctor 63,2023-07-05
P0182,Linda,Lopez,Doctor 30,2023-07-05
P0288,Justin,Wright,Doctor 77,2023-07-05
P0371,Donald,Ward,Doctor 25,2023-07-05
P0546,Kathleen,Hughes,Doctor 81,2023-07-05
P0549,Anna,Patel,Doctor 81,2023-07-05
P0602,Sarah,Ortiz,Doctor 21,2023-07-05
P0603,Dorothy,James,Doctor 64,2023-07-05
P0623,Deborah,Ramos,Doctor 26,2023-07-05
P0633,Jacob,Rodriguez,Doctor 74,2023-07-05
P0716,Linda,Cook,Doctor 77,2023-07-05
P0774,Michelle,Scott,Doctor 31,2023-07-05
P1026,Sandra,Thomas,Doctor 79,2023-07-05
P1080,Gregory,Murphy,Doctor 89,2023-07-05
P1210,Charles,Anderson,Doctor 66,2023-07-05
P1215,Linda,Jones,Doctor 12,2023-07-05
P1227,Jack,Ruiz,Doctor 95,2023-07-05
P1357,Jerry,Anderson,Doctor 47,2023-07-05
P1400,Sarah,King,Doctor 17,2023-07-05
P1442,Frank,Bailey,Doctor 31,2023-07-05
P1469,Betty,Howard,Doctor 78,2023-07-05
P1511,Aaron,Lopez,Doctor 4,2023-07-05
P1520,Christopher,Garcia,Doctor 33,2023-07-05
P0061,Thomas,Hill,Doctor 2,2023-07-06
P0140,Barbara,Cox,Doctor 72,2023-07-06
P0302,John,Miller,Doctor 51,2023-07-06
P0394,Cynthia,Allen,Doctor 67,2023-07-06
P0421,John,Young,Doctor 66,2023-07-06
P0449,Christopher,Phillips,Doctor 76,2023-07-06
P0503,Cynthia,Campbell,Doctor 98,2023-07-06
P0594,Dorothy,Morgan,Doctor 66,2023-07-06
P0654,Laura,Bailey,Doctor 7,2023-07-06
P0695,Michael,Taylor,Doctor 92,2023-07-06
P0822,Sandra,Williams,Doctor 51,2023-07-06
P0842,Ronald,Sanders,Doctor 20,2023-07-06
P0899,Angela,Flores,Doctor 90,2023-07-06
P1002,Gary,Lee,Doctor 19,2023-07-06
P1086,Scott,Parker,Doctor 85,2023-07-06
P1132,Stephen,Carter,Doctor 52,2023-07-06
P1323,Joseph,Smith,Doctor 19,2023-07-06
P1459,Brian,Bailey,Doctor 3,2023-07-06
P1481,Emma,Lewis,Doctor 3,2023-07-06
P0051,Linda,Roberts,Doctor 85,2023-07-07
P0096,Linda,Patel,Doctor 15,2023-07-07
P0257,Eric,Stewart,Doctor 43,2023-07-07
P0270,Jessica,Ward,Doctor 44,2023-07-07
P0294,James,Reyes,Doctor 33,2023-07-07
P0304,Melissa,Harris,Doctor 40,2023-07-07
P0365,Scott,Robinson,Doctor 87,2023-07-07
P0475,Kenneth,Jackson,Doctor 79,2023-07-07
P0715,Kimberly,Stewart,Doctor 87,2023-07-07
P0783,Larry,Martin,Doctor 48,2023-07-07
P0830,Jacob,Lee,Doctor 54,2023-07-07
P0885,David,Hernandez,Doctor 19,2023-07-07
P0928,Kimberly,Bennett,Doctor 92,2023-07-07
P0950,Deborah,Watson,Doctor 53,2023-07-07
P0974,Scott,Mendoza,Doctor 68,2023-07-07
P0978,Kimberly,Garcia,Doctor 11,2023-07-07
P1024,Kimberly,Parker,Doctor 32,2023-07-07
P1080,Gregory,Murphy,Doctor 24,2023-07-07
P1106,Dorothy,Edwards,Doctor 80,2023-07-07
P1204,Dennis,Davis,Doctor 25,2023-07-07
P1463,Thomas,Chavez,Doctor 28,2023-07-07
P1488,Jessica,Peterson,Doctor 66,2023-07-07
P0009,Jerry,Evans,Doctor 94,2023-07-08
P0019,Steven,Cook,Doctor 55,2023-07-08
P0032,Brenda,Walker,Doctor 43,2023-07-08
P0088,Jessica,Turner,Doctor 86,2023-07-08
P0162,Sharon,Lee,Doctor 46,2023-07-08
P0354,Jack,Wright,Doctor 10,2023-07-08
P0447,Elizabeth,Nelson,Doctor 72,2023-07-08
P0498,Edward,Myers,Doctor 95,2023-07-08
P0524,Brandon,Ramirez,Doctor 92,2023-07-08
P0675,Betty,Roberts,Doctor 59,2023-07-08
P0684,Elizabeth,Nguyen,Doctor 65,2023-07-08
P0749,Stephen,Alvarez,Doctor 23,2023-07-08
P0816,Christopher,Patel,Doctor 91,2023-07-08
P0854,Laura,Mendoza,Doctor 4,2023-07-08
P1040,Betty,Murphy,Doctor 49,2023-07-08
P1062,Nicholas,Lee,Doctor 65,2023-07-08
P1269,Tyler,Stewart,Doctor 31,2023-07-08
P1283,Timothy,Rivera,Doctor 46,2023-07-08
P1350,Linda,Stewart,Doctor 17,2023-07-08
P1403,Christopher,Torres,Doctor 91,2023-07-08
P1468,Virginia,Wilson,Doctor 15,2023-07-08
P1480,Elizabeth,Ortiz,Doctor 20,2023-07-08
P1491,Timothy,Walker,Doctor 23,2023-07-08
P0098,Betty,King,Doctor 15,2023-07-09
P0164,Jessica,Collins,Doctor 14,2023-07-09
P0545,Joshua,Hall,Doctor 65,2023-07-09
P0613,Timothy,Nguyen,Doctor 48,2023-07-09
P0636,Dennis,Smith,Doctor 59,2023-07-09
P0715,Kimberly,Stewart,Doctor 52,2023-07-09
P0755,Rebecca,Nelson,Doctor 83,2023-07-09
P0784,Thomas,Lee,Doctor 83,2023-07-09
P0791,Nicholas,Miller,Doctor 85,2023-07-09
P0918,William,Hughes,Doctor 49,2023-07-09
P0975,Joseph,Torres,Doctor 29,2023-07-09
P1024,Kimberly,Parker,Doctor 32,2023-07-09
P1101,Richard,Sanchez,Doctor 28,2023-07-09
P1137,Eric,Collins,Doctor 35,2023-07-09
P1452,Karen,Flores,Doctor 59,2023-07-09
P0098,Betty,King,Doctor 15,2023-07-10
P0143,Gary,Nelson,Doctor 50,2023-07-10
P0154,Jason,Carter,Doctor 46,2023-07-10
P0172,Jose,Johnson,Doctor 28,2023-07-10
P0176,Richard,Evans,Doctor 5,2023-07-10
P0188,Carol,Hughes,Doctor 81,2023-07-10
P0318,Matthew,Richardson,Doctor 79,2023-07-10
P0351,Jonathan,Williams,Doctor 97,2023-07-10
P0361,Richard,Baker,Doctor 89,2023-07-10
P0468,Kimberly,Cox,Doctor 27,2023-07-10
P0493,Gary,Sanchez,Doctor 73,2023-07-10
P0568,Kenneth,Allen,Doctor 66,2023-07-10
P0595,Gary,Moore,Doctor 43,2023-07-10
P0613,Timothy,Nguyen,Doctor 48,2023-07-10
P0737,Lisa,Sanders,Doctor 91,2023-07-10
P0831,Justin,Rodriguez,Doctor 42,2023-07-10
P0845,Barbara,Wright,Doctor 53,2023-07-10
P0911,Michael,Davis,Doctor 84,2023-07-10
P1020,James,Cook,Doctor 36,2023-07-10
P1047,Andrew,Miller,Doctor 95,2023-07-10
P1127,Shirley,Rodriguez,Doctor 42,2023-07-10
P1146,Cynthia,Bennett,Doctor 92,2023-07-10
P1165,Joshua,Richardson,Doctor 24,2023-07-10
P1227,Jack,Ruiz,Doctor 95,2023-07-10
P1251,Lisa,Mitchell,Doctor 10,2023-07-10
P1277,Betty,Peterson,Doctor 66,2023-07-10
P1363,Brian,Roberts,Doctor 4,2023-07-10
P1391,Linda,Allen,Doctor 21,2023-07-10
P1525,Karen,Roberts,Doctor 58,2023-07-10
P1534,Ryan,Hernandez,Doctor 11,2023-07-10
P0017,Joshua,Ortiz,Doctor 56,2023-07-11
P0024,Donna,Nelson,Doctor 79,2023-07-11
P0039,Kathleen,Bailey,Doctor 100,2023-07-11
P0047,Donna,Cooper,Doctor 88,2023-07-11
P0091,Steven,Reyes,Doctor 82,2023-07-11
P0167,Brenda,Morales,Doctor 73,2023-07-11
P0216,Nancy,Sanders,Doctor 11,2023-07-11
P0230,Sharon,Alvarez,Doctor 54,2023-07-11
P0245,Frank,Murphy,Doctor 92,2023-07-11
P0292,Tyler,Davis,Doctor 61,2023-07-11
P0341,Brenda,Gonzalez,Doctor 38,2023-07-11
P0455,Frank,Chavez,Doctor 92,2023-07-11
P0502,John,Kim,Doctor 9,2023-07-11
P0533,Helen,Lee,Doctor 89,2023-07-11
P0566,Raymond,Sanchez,Doctor 18,2023-07-11
P0594,Dorothy,Morgan,Doctor 36,2023-07-11
P0679,Jerry,Mitchell,Doctor 32,2023-07-11
P0701,Steven,Miller,Doctor 54,2023-07-11
P0723,Laura,Richardson,Doctor 61,2023-07-11
P0882,Justin,White,Doctor 17,2023-07-11
P0930,Virginia,Harris,Doctor 87,2023-07-11
P0990,Frank,James,Doctor 64,2023-07-11
P1039,George,Phillips,Doctor 93,2023-07-11
P1165,Joshua,Richardson,Doctor 24,2023-07-11
P1258,Gregory,Garcia,Doctor 57,2023-07-11
P1302,Brian,Diaz,Doctor 57,2023-07-11
P1357,Jerry,Anderson,Doctor 47,2023-07-11
P1448,Ruth,Jones,Doctor 31,2023-07-11
P0137,Steven,Gutierrez,Doctor 29,2023-07-12
P0144,Matthew,Turner,Doctor 59,2023-07-12
P0336,Angela,Cox,Doctor 87,2023-07-12
P0351,Jonathan,Williams,Doctor 97,2023-07-12
P0400,Joshua,Diaz,Doctor 83,2023-07-12
P0415,Jonathan,Reyes,Doctor 59,2023-07-12
P0502,John,Kim,Doctor 66,2023-07-12
P0553,Benjamin,Rogers,Doctor 34,2023-07-12
P0629,James,Myers,Doctor 62,2023-07-12
P0818,Shirley,Alvarez,Doctor 6,2023-07-12
P0828,Daniel,Phillips,Doctor 9,2023-07-12
P0839,Kimberly,Miller,Doctor 71,2023-07-12
P0861,Jason,Morris,Doctor 58,2023-07-12
P0973,George,Wright,Doctor 85,2023-07-12
P0983,James,Smith,Doctor 5,2023-07-12
P0997,Patricia,Parker,Doctor 25,2023-07-12
P1036,Edward,Castillo,Doctor 5,2023-07-12
P1112,Joseph,Perez,Doctor 36,2023-07-12
P1260,Patricia,Brooks,Doctor 62,2023-07-12
P1265,Melissa,Anderson,Doctor 55,2023-07-12
P1404,Larry,Brown,Doctor 80,2023-07-12
P1408,Elizabeth,Torres,Doctor 79,2023-07-12
P1472,Eric,Roberts,Doctor 10,2023-07-12
P1501,Emma,Turner,Doctor 19,2023-07-12
P1519,Larry,Collins,Doctor 62,2023-07-12
P1534,Ryan,Hernandez,Doctor 11,2023-07-12
P0006,Elizabeth,Carter,Doctor 2,2023-07-13
P0089,Joshua,Patel,Doctor 78,2023-07-13
P0183,Amy,Scott,Doctor 86,2023-07-13
P0197,Tyler,Taylor,Doctor 53,2023-07-13
P0246,Brian,Martin,Doctor 100,2023-07-13
P0253,Justin,Davis,Doctor 68,2023-07-13
P0262,Nancy,Scott,Doctor 24,2023-07-13
P0301,Jonathan,Moore,Doctor 98,2023-07-13
P0519,Lisa,Smith,Doctor 100,2023-07-13
P0625,Aaron,Gutierrez,Doctor 53,2023-07-13
P0812,Kimberly,Mitchell,Doctor 12,2023-07-13
P0861,Jason,Morris,Doctor 58,2023-07-13
P0957,Ronald,Green,Doctor 28,2023-07-13
P0971,Anthony,Lewis,Doctor 6,2023-07-13
P0993,Brenda,Reed,Doctor 60,2023-07-13
P0998,Alexander,Morris,Doctor 46,2023-07-13
P1005,Thomas,Scott,Doctor 77,2023-07-13
P1011,Jerry,Wood,Doctor 41,2023-07-13
P1052,Andrew,Wood,Doctor 45,2023-07-13
P1124,Joseph,Kelly,Doctor 42,2023-07-13
P1137,Eric,Collins,Doctor 35,2023-07-13
P1155,Aaron,Evans,Doctor 40,2023-07-13
P1206,Nicholas,Torres,Doctor 50,2023-07-13
P1240,Dennis,Morris,Doctor 7,2023-07-13
P1415,Jonathan,Rogers,Doctor 9,2023-07-13
P1454,Sharon,Gutierrez,Doctor 84,2023-07-13
P0103,Carol,Green,Doctor 59,2023-07-14
P0247,Stephen,Sanchez,Doctor 39,2023-07-14
P0256,Joshua,Reyes,Doctor 99,2023-07-14
P0371,Donald,Ward,Doctor 25,2023-07-14
P0378,Patricia,Hill,Doctor 86,2023-07-14
P0405,Tyler,Torres,Doctor 14,2023-07-14
P0476,Jessica,Murphy,Doctor 75,2023-07-14
P0565,Sandra,Alvarez,Doctor 3,2023-07-14
P0646,Justin,Watson,Doctor 20,2023-07-14
P0863,Mary,Jackson,Doctor 27,2023-07-14
P0924,Jennifer,Adams,Doctor 63,2023-07-14
P1129,Ryan,Mitchell,Doctor 77,2023-07-14
P1154,Sarah,Kim,Doctor 40,2023-07-14
P1156,Frank,Rivera,Doctor 33,2023-07-14
P1179,Rebecca,Allen,Doctor 71,2023-07-14
P1316,Nicholas,Howard,Doctor 21,2023-07-14
P1436,Kenneth,Mendoza,Doctor 85,2023-07-14
P1456,Tyler,Nelson,Doctor 76,2023-07-14
P0185,Karen,Hall,Doctor 50,2023-07-15
P0357,Kevin,Jones,Doctor 65,2023-07-15
P0367,Michelle,Ortiz,Doctor 90,2023-07-15
P0454,Samuel,Lewis,Doctor 21,2023-07-15
P0702,Jessica,Rivera,Doctor 65,2023-07-15
P0829,Stephen,Young,Doctor 45,2023-07-15
P0860,Michael,Collins,Doctor 4,2023-07-15
P0985,Ronald,Kelly,Doctor 52,2023-07-15
P1016,George,Hughes,Doctor 100,2023-07-15
P1019,Kevin,Wood,Doctor 27,2023-07-15
P1135,Sarah,Green,Doctor 49,2023-07-15
P1150,Donald,Wilson,Doctor 81,2023-07-15
P1161,Anna,Kim,Doctor 24,2023-07-15
P1193,Nancy,Alvarez,Doctor 96,2023-07-15
P1278,Jessica,Brooks,Doctor 37,2023-07-15
P1310,Brandon,Gonzalez,Doctor 79,2023-07-15
P1373,Robert,James,Doctor 1,2023-07-15
P1476,Susan,Cook,Doctor 41,2023-07-15
P0168,Betty,Gomez,Doctor 80,2023-07-16
P0196,Melissa,Alvarez,Doctor 31,2023-07-16
P0367,Michelle,Ortiz,Doctor 90,2023-07-16
P0412,Kimberly,James,Doctor 30,2023-07-16
P0448,Tyler,Edwards,Doctor 80,2023-07-16
P0450,Alexander,King,Doctor 28,2023-07-16
P0468,Kimberly,Cox,Doctor 27,2023-07-16
P0605,Kimberly,Hughes,Doctor 55,2023-07-16
P0615,Shirley,Davis,Doctor 33,2023-07-16
P0681,Mary,Thompson,Doctor 66,2023-07-16
P0770,Laura,Hughes,Doctor 84,2023-07-16
P0843,Karen,Brown,Doctor 69,2023-07-16
P0852,Raymond,Baker,Doctor 79,2023-07-16
P1027,Betty,Bailey,Doctor 14,2023-07-16
P1107,Michelle,Lee,Doctor 88,2023-07-16
P1191,Patrick,Murphy,Doctor 77,2023-07-16
P1219,Cynthia,Castillo,Doctor 52,2023-07-16
P1231,Linda,Hughes,Doctor 34,2023-07-16
P1245,Jacob,Thomas,Doctor 13,2023-07-16
P1276,Anna,Brooks,Doctor 13,2023-07-16
P1286,Tyler,Phillips,Doctor 49,2023-07-16
P1292,Jose,Morales,Doctor 41,2023-07-16
P1359,Sharon,Gomez,Doctor 35,2023-07-16
P1479,Nicholas,Davis,Doctor 77,2023-07-16
P0166,Daniel,Alvarez,Doctor 25,2023-07-17
P0292,Tyler,Davis,Doctor 71,2023-07-17
P0305,Jennifer,Martin,Doctor 52,2023-07-17
P0346,Steven,Adams,Doctor 68,2023-07-17
P0394,Cynthia,Allen,Doctor 67,2023-07-17
P0478,Alexander,Alvarez,Doctor 38,2023-07-17
P0502,John,Kim,Doctor 66,2023-07-17
P0503,Cynthia,Campbell,Doctor 21,2023-07-17
P0517,Helen,Reed,Doctor 23,2023-07-17
P0524,Brandon,Ramirez,Doctor 92,2023-07-17
P0668,Karen,Martinez,Doctor 4,2023-07-17
P0808,Tyler,Adams,Doctor 68,2023-07-17
P0840,Emma,Cruz,Doctor 85,2023-07-17
P0880,Helen,Garcia,Doctor 67,2023-07-17
P0955,John,Moore,Doctor 76,2023-07-17
P1037,Shirley,Nguyen,Doctor 30,2023-07-17
P1320,Linda,Murphy,Doctor 26,2023-07-17
P1332,Andrew,Stewart,Doctor 12,2023-07-17
P1368,Christopher,Lewis,Doctor 49,2023-07-17
P1439,Betty,Anderson,Doctor 2,2023-07-17
P1511,Aaron,Lopez,Doctor 4,2023-07-17
P0196,Melissa,Alvarez,Doctor 31,2023-07-18
P0586,Samuel,Rogers,Doctor 92,2023-07-18
P0615,Shirley,Davis,Doctor 33,2023-07-18
P0644,Charles,Robinson,Doctor 34,2023-07-18
P0817,Mary,White,Doctor 36,2023-07-18
P0948,Jose,Ramirez,Doctor 53,2023-07-18
P1028,Jonathan,Cook,Doctor 39,2023-07-18
P1038,Eric,Bennett,Doctor 12,2023-07-18
P1144,Angela,Kim,Doctor 28,2023-07-18
P1249,Kimberly,Carter,Doctor 4,2023-07-18
P1289,Nancy,Reed,Doctor 52,2023-07-18
P1315,Sharon,Phillips,Doctor 55,2023-07-18
P1424,Anna,Phillips,Doctor 94,2023-07-18
P1503,Elizabeth,Smith,Doctor 51,2023-07-18
P1530,Jessica,Nelson,Doctor 56,2023-07-18
P0101,Lisa,Parker,Doctor 8,2023-07-19
P0170,Sharon,Evans,Doctor 78,2023-07-19
P0239,James,Rogers,Doctor 61,2023-07-19
P0254,Nancy,Ruiz,Doctor 78,2023-07-19
P0392,Dorothy,Anderson,Doctor 6,2023-07-19
P0498,Edward,Myers,Doctor 95,2023-07-19
P0559,Dorothy,Reyes,Doctor 6,2023-07-19
P0614,Betty,James,Doctor 79,2023-07-19
P0696,Gary,Ramirez,Doctor 39,2023-07-19
P0742,Alexander,Torres,Doctor 92,2023-07-19
P0784,Thomas,Lee,Doctor 83,2023-07-19
P0831,Justin,Rodriguez,Doctor 42,2023-07-19
P0847,Brenda,Robinson,Doctor 33,2023-07-19
P0878,Donna,Gutierrez,Doctor 30,2023-07-19
P0916,Christopher,Clark,Doctor 13,2023-07-19
P0925,Nicholas,Campbell,Doctor 60,2023-07-19
P0931,Donna,Campbell,Doctor 98,2023-07-19
P0980,Brandon,Diaz,Doctor 54,2023-07-19
P1102,Robert,Brown,Doctor 80,2023-07-19
P1108,Brenda,Taylor,Doctor 93,2023-07-19
P1109,Gregory,Price,Doctor 36,2023-07-19
P1119,Robert,Robinson,Doctor 5,2023-07-19
P1155,Aaron,Evans,Doctor 40,2023-07-19
P1336,Anna,Bailey,Doctor 66,2023-07-19
P1442,Frank,Bailey,Doctor 31,2023-07-19
P1487,Ronald,Evans,Doctor 26,2023-07-19
P0038,Edward,Nguyen,Doctor 40,2023-07-20
P0211,Laura,Nguyen,Doctor 84,2023-07-20
P0241,Kathleen,Nguyen,Doctor 34,2023-07-20
P0326,Karen,Reed,Doctor 8,2023-07-20
P0696,Gary,Ramirez,Doctor 39,2023-07-20
P0737,Lisa,Sanders,Doctor 91,2023-07-20
P0971,Anthony,Lewis,Doctor 6,2023-07-20
P1210,Charles,Anderson,Doctor 66,2023-07-20
P1376,Anna,Johnson,Doctor 31,2023-07-20
P1399,Ruth,Bailey,Doctor 75,2023-07-20
P1504,Helen,Clark,Doctor 80,2023-07-20
P1508,Michael,Gonzalez,Doctor 35,2023-07-20
P0021,Jonathan,Hill,Doctor 36,2023-07-21
P0060,Scott,Peterson,Doctor 10,2023-07-21
P0087,John,Martin,Doctor 13,2023-07-21
P0182,Linda,Lopez,Doctor 30,2023-07-21
P0210,Andrew,Rogers,Doctor 58,2023-07-21
P0234,Rebecca,Wood,Doctor 27,2023-07-21
P0260,Michelle,Watson,Doctor 9,2023-07-21
P0281,Sarah,Allen,Doctor 83,2023-07-21
P0389,Sandra,Ward,Doctor 2,2023-07-21
P0441,Anna,Morris,Doctor 4,2023-07-21
P0619,Jack,Campbell,Doctor 56,2023-07-21
P0625,Aaron,Gutierrez,Doctor 56,2023-07-21
P0744,Joshua,Anderson,Doctor 4,2023-07-21
P0814,Mark,Gomez,Doctor 80,2023-07-21
P0831,Justin,Rodriguez,Doctor 42,2023-07-21
P0970,Daniel,Murphy,Doctor 49,2023-07-21
P1037,Shirley,Nguyen,Doctor 30,2023-07-21
P1172,Betty,Kim,Doctor 99,2023-07-21
P1230,Benjamin,Gonzalez,Doctor 31,2023-07-21
P1256,Deborah,Brooks,Doctor 97,2023-07-21
P1267,Jonathan,Brooks,Doctor 41,2023-07-21
P1320,Linda,Murphy,Doctor 26,2023-07-21
P1325,Anna,Roberts,Doctor 38,2023-07-21
P1413,Daniel,Richardson,Doctor 94,2023-07-21
P1429,James,Williams,Doctor 22,2023-07-21
P1474,Tyler,Smith,Doctor 38,2023-07-21
P1510,Betty,Moore,Doctor 26,2023-07-21
P1527,Susan,Lopez,Doctor 95,2023-07-21
P0018,John,Carter,Doctor 89,2023-07-22
P0138,Deborah,Reyes,Doctor 66,2023-07-22
P0179,Brandon,Chavez,Doctor 92,2023-07-22
P0181,Betty,Patel,Doctor 20,2023-07-22
P0190,Donna,Lopez,Doctor 54,2023-07-22
P0246,Brian,Martin,Doctor 100,2023-07-22
P0271,Sandra,Nguyen,Doctor 63,2023-07-22
P0397,Patrick,Parker,Doctor 5,2023-07-22
P0502,John,Kim,Doctor 66,2023-07-22
P0520,Matthew,Ward,Doctor 36,2023-07-22
P0521,Brandon,Hill,Doctor 54,2023-07-22
P0536,Jason,Richardson,Doctor 58,2023-07-22
P0548,Betty,Ruiz,Doctor 72,2023-07-22
P0588,Anna,Williams,Doctor 85,2023-07-22
P0601,Kenneth,Gomez,Doctor 13,2023-07-22
P0785,Joshua,Lewis,Doctor 30,2023-07-22
P0789,Barbara,Nguyen,Doctor 44,2023-07-22
P0827,Carol,Watson,Doctor 83,2023-07-22
P0859,Brandon,Sanders,Doctor 33,2023-07-22
P1052,Andrew,Wood,Doctor 6,2023-07-22
P1078,Raymond,Hall,Doctor 56,2023-07-22
P1138,Betty,Baker,Doctor 48,2023-07-22
P1143,Barbara,Kelly,Doctor 64,2023-07-22
P1298,Mark,Rogers,Doctor 100,2023-07-22
P1351,Sarah,Watson,Doctor 6,2023-07-22
P1356,Jeffrey,Phillips,Doctor 71,2023-07-22
P1476,Susan,Cook,Doctor 41,2023-07-22
P1505,Nancy,White,Doctor 75,2023-07-22
P0023,Brenda,Anderson,Doctor 22,2023-07-23
P0046,Ruth,Peterson,Doctor 56,2023-07-23
P0172,Jose,Johnson,Doctor 28,2023-07-23
P0243,Larry,Morgan,Doctor 12,2023-07-23
P0293,Betty,Chavez,Doctor 89,2023-07-23
P0320,Carol,Kelly,Doctor 59,2023-07-23
P0370,Stephen,Rodriguez,Doctor 57,2023-07-23
P0421,John,Young,Doctor 66,2023-07-23
P0428,Sandra,Ramirez,Doctor 83,2023-07-23
P0500,Anthony,Ramirez,Doctor 99,2023-07-23
P0504,Linda,Perez,Doctor 1,2023-07-23
P0543,Patrick,Ramos,Doctor 100,2023-07-23
P0792,Sharon,Stewart,Doctor 57,2023-07-23
P1327,Michael,Evans,Doctor 58,2023-07-23
P1382,Joseph,Ramos,Doctor 94,2023-07-23
P1461,Sandra,Green,Doctor 68,2023-07-23
P1471,Andrew,Lee,Doctor 24,2023-07-23
P1510,Betty,Moore,Doctor 26,2023-07-23
P0070,Joseph,Cruz,Doctor 35,2023-07-24
P0124,Alexander,Adams,Doctor 49,2023-07-24
P0178,Betty,Thomas,Doctor 61,2023-07-24
P0236,Laura,Turner,Doctor 83,2023-07-24
P0427,Barbara,Bailey,Doctor 84,2023-07-24
P0586,Samuel,Rogers,Doctor 92,2023-07-24
P0587,Shirley,Moore,Doctor 82,2023-07-24
P0629,James,Myers,Doctor 62,2023-07-24
P0662,Patrick,Ward,Doctor 96,2023-07-24
P0681,Mary,Thompson,Doctor 66,2023-07-24
P0736,Gary,Morris,Doctor 85,2023-07-24
P0820,Daniel,Lewis,Doctor 94,2023-07-24
P0820,Daniel,Lewis,Doctor 94,2023-07-24
P0833,James,Taylor,Doctor 80,2023-07-24
P0865,Ruth,Young,Doctor 72,2023-07-24
P0910,Richard,Taylor,Doctor 5,2023-07-24
P0927,Nancy,Adams,Doctor 74,2023-07-24
P0952,Helen,Cook,Doctor 93,2023-07-24
P1107,Michelle,Lee,Doctor 88,2023-07-24
P1223,Kimberly,Diaz,Doctor 57,2023-07-24
P1409,Sharon,Gonzalez,Doctor 68,2023-07-24
P0185,Karen,Hall,Doctor 50,2023-07-25
P0267,Nancy,Anderson,Doctor 76,2023-07-25
P0379,Mary,Reed,Doctor 78,2023-07-25
P0513,Kathleen,Phillips,Doctor 19,2023-07-25
P0576,Mark,Gutierrez,Doctor 82,2023-07-25
P0735,Alexander,Sanders,Doctor 41,2023-07-25
P0801,Tyler,Mitchell,Doctor 85,2023-07-25
P0899,Angela,Flores,Doctor 90,2023-07-25
P1057,Ryan,Cruz,Doctor 77,2023-07-25
P1080,Gregory,Murphy,Doctor 24,2023-07-25
P1093,Frank,Smith,Doctor 94,2023-07-25
P1174,Aaron,Cruz,Doctor 23,2023-07-25
P1198,Sandra,Watson,Doctor 92,2023-07-25
P1408,Elizabeth,Torres,Doctor 63,2023-07-25
P1424,Anna,Phillips,Doctor 12,2023-07-25
P1438,Gary,Miller,Doctor 5,2023-07-25
P1477,Justin,Kelly,Doctor 16,2023-07-25
P1523,Laura,Taylor,Doctor 6,2023-07-25
P0050,Matthew,Garcia,Doctor 14,2023-07-26
P0079,James,Howard,Doctor 62,2023-07-26
P0160,Anthony,Williams,Doctor 56,2023-07-26
P0423,Kimberly,Peterson,Doctor 85,2023-07-26
P0428,Sandra,Ramirez,Doctor 34,2023-07-26
P0435,Sharon,Taylor,Doctor 54,2023-07-26
P0446,Sarah,Campbell,Doctor 16,2023-07-26
P0494,Jacob,Nelson,Doctor 73,2023-07-26
P0513,Kathleen,Phillips,Doctor 69,2023-07-26
P0645,Helen,Sanders,Doctor 76,2023-07-26
P0682,Ronald,Nelson,Doctor 86,2023-07-26
P0705,Carol,Smith,Doctor 99,2023-07-26
P0723,Laura,Richardson,Doctor 62,2023-07-26
P0732,Andrew,Scott,Doctor 7,2023-07-26
P0747,Samuel,Adams,Doctor 9,2023-07-26
P0782,Tyler,Anderson,Doctor 15,2023-07-26
P0808,Tyler,Adams,Doctor 68,2023-07-26
P0862,Sharon,Martinez,Doctor 40,2023-07-26
P0890,Alexander,Flores,Doctor 35,2023-07-26
P0991,Jennifer,Gutierrez,Doctor 67,2023-07-26
P1114,Ruth,Patel,Doctor 92,2023-07-26
P1498,Donald,Evans,Doctor 52,2023-07-26
P1533,Barbara,Thompson,Doctor 49,2023-07-26
P0082,Aaron,Martinez,Doctor 64,2023-07-27
P0246,Brian,Martin,Doctor 100,2023-07-27
P0248,Samuel,White,Doctor 27,2023-07-27
P0329,Tyler,Rogers,Doctor 60,2023-07-27
P0333,Donna,Lee,Doctor 43,2023-07-27
P0462,Sharon,Price,Doctor 81,2023-07-27
P0521,Brandon,Hill,Doctor 44,2023-07-27
P0649,Rebecca,Hall,Doctor 30,2023-07-27
P0687,Richard,Wilson,Doctor 24,2023-07-27
P0980,Brandon,Diaz,Doctor 54,2023-07-27
P1000,Jennifer,White,Doctor 60,2023-07-27
P1072,Thomas,Morgan,Doctor 66,2023-07-27
P1079,Kimberly,Sanders,Doctor 3,2023-07-27
P1352,Kathleen,Jackson,Doctor 97,2023-07-27
P1371,Lisa,Green,Doctor 8,2023-07-27
P1456,Tyler,Nelson,Doctor 82,2023-07-27
P1513,Ryan,Gutierrez,Doctor 16,2023-07-27
P0062,Benjamin,Flores,Doctor 70,2023-07-28
P0098,Betty,King,Doctor 15,2023-07-28
P0111,Scott,Jackson,Doctor 42,2023-07-28
P0148,Susan,King,Doctor 73,2023-07-28
P0174,Patricia,Brown,Doctor 55,2023-07-28
P0186,Donna,Kim,Doctor 43,2023-07-28
P0232,Deborah,Rodriguez,Doctor 90,2023-07-28
P0400,Joshua,Diaz,Doctor 83,2023-07-28
P0690,Jessica,Thompson,Doctor 45,2023-07-28
P0756,Joseph,Bennett,Doctor 85,2023-07-28
P0840,Emma,Cruz,Doctor 85,2023-07-28
P0905,Matthew,Williams,Doctor 10,2023-07-28
P0970,Daniel,Murphy,Doctor 49,2023-07-28
P1010,Daniel,Rogers,Doctor 27,2023-07-28
P1105,Carol,Gutierrez,Doctor 46,2023-07-28
P1263,Patricia,Allen,Doctor 74,2023-07-28
P1291,Jennifer,Anderson,Doctor 13,2023-07-28
P1406,Jessica,Kelly,Doctor 37,2023-07-28
P1410,Donald,Phillips,Doctor 22,2023-07-28
P1477,Justin,Kelly,Doctor 84,2023-07-28
P1483,Donna,Rogers,Doctor 19,2023-07-28
P0100,Jerry,Watson,Doctor 6,2023-07-29
P0123,Kevin,Gonzalez,Doctor 74,2023-07-29
P0165,Brenda,Gomez,Doctor 39,2023-07-29
P0185,Karen,Hall,Doctor 50,2023-07-29
P0231,Betty,Martin,Doctor 25,2023-07-29
P0273,Carol,Lopez,Doctor 6,2023-07-29
P0578,Richard,Anderson,Doctor 90,2023-07-29
P0638,Kimberly,Gray,Doctor 77,2023-07-29
P0648,Kimberly,Morales,Doctor 8,2023-07-29
P0667,Karen,Collins,Doctor 83,2023-07-29
P0678,Lisa,Ramirez,Doctor 17,2023-07-29
P0890,Alexander,Flores,Doctor 35,2023-07-29
P1002,Gary,Lee,Doctor 19,2023-07-29
P1034,Amy,Lewis,Doctor 42,2023-07-29
P1038,Eric,Bennett,Doctor 12,2023-07-29
P1073,Lisa,Allen,Doctor 68,2023-07-29
P1218,Jerry,Flores,Doctor 50,2023-07-29
P1229,Dorothy,Wright,Doctor 13,2023-07-29
P1295,Nancy,Kim,Doctor 85,2023-07-29
P1367,Donna,Ward,Doctor 74,2023-07-29
P1533,Barbara,Thompson,Doctor 49,2023-07-29
P0279,Barbara,Allen,Doctor 8,2023-07-30
P0690,Jessica,Thompson,Doctor 45,2023-07-30
P0720,Jessica,Stewart,Doctor 17,2023-07-30
P1016,George,Hughes,Doctor 100,2023-07-30
P1138,Betty,Baker,Doctor 76,2023-07-30
P1283,Timothy,Rivera,Doctor 70,2023-07-30
P1332,Andrew,Stewart,Doctor 12,2023-07-30
P0050,Matthew,Garcia,Doctor 14,2023-07-31
P0076,Kevin,Murphy,Doctor 32,2023-07-31
P0211,Laura,Nguyen,Doctor 84,2023-07-31
P0269,Eric,Edwards,Doctor 68,2023-07-31
P0286,Gregory,Howard,Doctor 49,2023-07-31
P0355,Kenneth,Bennett,Doctor 54,2023-07-31
P0437,Jerry,Carter,Doctor 12,2023-07-31
P0463,Helen,Stewart,Doctor 81,2023-07-31
P0507,Jason,Walker,Doctor 9,2023-07-31
P0589,Rebecca,Harris,Doctor 50,2023-07-31
P0644,Charles,Robinson,Doctor 34,2023-07-31
P0687,Richard,Wilson,Doctor 24,2023-07-31
P0845,Barbara,Wright,Doctor 45,2023-07-31
P0909,Mary,Hernandez,Doctor 59,2023-07-31
P0923,Sarah,Martinez,Doctor 41,2023-07-31
P1043,Sharon,Rivera,Doctor 8,2023-07-31
P1068,Nicholas,Johnson,Doctor 25,2023-07-31
P1076,Sarah,Reed,Doctor 20,2023-07-31
P1128,Emma,Johnson,Doctor 90,2023-07-31
P1144,Angela,Kim,Doctor 59,2023-07-31
P1173,Laura,Alvarez,Doctor 13,2023-07-31
P1221,Alexander,Phillips,Doctor 60,2023-07-31
P1244,Jennifer,Lee,Doctor 85,2023-07-31
P1245,Jacob,Thomas,Doctor 13,2023-07-31
P1279,Michelle,Morgan,Doctor 12,2023-07-31
P1291,Jennifer,Anderson,Doctor 13,2023-07-31
P1347,Brenda,Howard,Doctor 87,2023-07-31
P1368,Christopher,Lewis,Doctor 49,2023-07-31
P1468,Virginia,Wilson,Doctor 92,2023-07-31
P1515,Jessica,Cox,Doctor 43,2023-07-31
P1527,Susan,Lopez,Doctor 54,2023-07-31
P1534,Ryan,Hernandez,Doctor 11,2023-07-31
P0054,Thomas,Rivera,Doctor 64,2023-08-01
P0107,Nancy,Richardson,Doctor 95,2023-08-01
P0212,Richard,Myers,Doctor 83,2023-08-01
P0215,Emma,Hall,Doctor 65,2023-08-01
P0248,Samuel,White,Doctor 27,2023-08-01
P0300,Ronald,Morgan,Doctor 92,2023-08-01
P0354,Jack,Wright,Doctor 10,2023-08-01
P0356,Sarah,Martin,Doctor 63,2023-08-01
P0367,Michelle,Ortiz,Doctor 80,2023-08-01
P0500,Anthony,Ramirez,Doctor 99,2023-08-01
P0538,Ruth,Reed,Doctor 18,2023-08-01
P0538,Ruth,Reed,Doctor 18,2023-08-01
P0831,Justin,Rodriguez,Doctor 42,2023-08-01
P0961,Nancy,Ramos,Doctor 35,2023-08-01
P1169,Carol,Lee,Doctor 62,2023-08-01
P1228,Mary,Sanchez,Doctor 67,2023-08-01
P1273,Rebecca,Lee,Doctor 57,2023-08-01
P1297,Kenneth,Roberts,Doctor 76,2023-08-01
P1327,Michael,Evans,Doctor 58,2023-08-01
P1386,Linda,Bennett,Doctor 30,2023-08-01
P1416,Aaron,Turner,Doctor 88,2023-08-01
P1426,John,Ruiz,Doctor 97,2023-08-01
P1506,Christopher,Roberts,Doctor 21,2023-08-01
P0016,Sarah,Richardson,Doctor 88,2023-08-02
P0197,Tyler,Taylor,Doctor 51,2023-08-02
P0324,Carol,Murphy,Doctor 84,2023-08-02
P0406,Jose,Brooks,Doctor 9,2023-08-02
P0477,Betty,Gonzalez,Doctor 75,2023-08-02
P0505,Donna,James,Doctor 63,2023-08-02
P0514,Matthew,Nguyen,Doctor 96,2023-08-02
P0524,Brandon,Ramirez,Doctor 92,2023-08-02
P0661,Laura,Roberts,Doctor 84,2023-08-02
P0676,Sarah,Carter,Doctor 18,2023-08-02
P0783,Larry,Martin,Doctor 55,2023-08-02
P0804,Justin,Morris,Doctor 7,2023-08-02
P0808,Tyler,Adams,Doctor 68,2023-08-02
P1028,Jonathan,Cook,Doctor 68,2023-08-02
P1430,Sharon,Reed,Doctor 5,2023-08-02
P1505,Nancy,White,Doctor 75,2023-08-02
P0089,Joshua,Patel,Doctor 78,2023-08-03
P0205,Edward,Ramirez,Doctor 21,2023-08-03
P0230,Sharon,Alvarez,Doctor 54,2023-08-03
P0312,Jack,Patel,Doctor 57,2023-08-03
P0382,Jose,Stewart,Doctor 17,2023-08-03
P0434,Raymond,Edwards,Doctor 99,2023-08-03
P0541,Mark,Harris,Doctor 27,2023-08-03
P0560,Frank,Ramirez,Doctor 62,2023-08-03
P0568,Kenneth,Allen,Doctor 66,2023-08-03
P0604,Jerry,Price,Doctor 52,2023-08-03
P0630,Amy,Castillo,Doctor 92,2023-08-03
P0897,Ruth,Miller,Doctor 9,2023-08-03
P1054,Rebecca,Bailey,Doctor 96,2023-08-03
P1138,Betty,Baker,Doctor 76,2023-08-03
P1185,Laura,Young,Doctor 5,2023-08-03
P1194,Melissa,Torres,Doctor 11,2023-08-03
P1298,Mark,Rogers,Doctor 100,2023-08-03
P1299,Sarah,Murphy,Doctor 95,2023-08-03
P1305,Jason,Howard,Doctor 41,2023-08-03
P1445,Nancy,Ramirez,Doctor 91,2023-08-03
P1506,Christopher,Roberts,Doctor 75,2023-08-03
P1507,Joshua,Stewart,Doctor 89,2023-08-03
P0044,Mark,Morales,Doctor 98,2023-08-04
P0064,John,Phillips,Doctor 79,2023-08-04
P0102,Raymond,Wilson,Doctor 47,2023-08-04
P0218,Stephen,Phillips,Doctor 97,2023-08-04
P0491,Patricia,Garcia,Doctor 14,2023-08-04
P0531,Kenneth,Wood,Doctor 58,2023-08-04
P0582,Helen,Reyes,Doctor 67,2023-08-04
P0638,Kimberly,Gray,Doctor 31,2023-08-04
P0683,Dorothy,Clark,Doctor 31,2023-08-04
P0721,Sarah,Cook,Doctor 80,2023-08-04
P0815,Sandra,Sanchez,Doctor 70,2023-08-04
P0818,Shirley,Alvarez,Doctor 6,2023-08-04
P0914,Karen,Sanchez,Doctor 29,2023-08-04
P0961,Nancy,Ramos,Doctor 35,2023-08-04
P0985,Ronald,Kelly,Doctor 52,2023-08-04
P1092,Mark,Allen,Doctor 28,2023-08-04
P1096,Timothy,Young,Doctor 23,2023-08-04
P1273,Rebecca,Lee,Doctor 57,2023-08-04
P1311,Kevin,Bennett,Doctor 97,2023-08-04
P1413,Daniel,Richardson,Doctor 94,2023-08-04
P1438,Gary,Miller,Doctor 91,2023-08-04
P1484,Cynthia,Mitchell,Doctor 85,2023-08-04
P0025,Melissa,Turner,Doctor 15,2023-08-05
P0086,Laura,Ruiz,Doctor 70,2023-08-05
P0125,Jose,Taylor,Doctor 59,2023-08-05
P0160,Anthony,Williams,Doctor 56,2023-08-05
P0316,Jacob,Flores,Doctor 40,2023-08-05
P0324,Carol,Murphy,Doctor 84,2023-08-05
P0498,Edward,Myers,Doctor 95,2023-08-05
P0575,Steven,Garcia,Doctor 22,2023-08-05
P0576,Mark,Gutierrez,Doctor 82,2023-08-05
P0783,Larry,Martin,Doctor 55,2023-08-05
P0849,Shirley,Bailey,Doctor 24,2023-08-05
P0859,Brandon,Sanders,Doctor 33,2023-08-05
P0862,Sharon,Martinez,Doctor 40,2023-08-05
P0898,Anthony,Collins,Doctor 16,2023-08-05
P1015,Gary,Hall,Doctor 98,2023-08-05
P1168,Samuel,Rivera,Doctor 98,2023-08-05
P1173,Laura,Alvarez,Doctor 13,2023-08-05
P1211,Brenda,Mendoza,Doctor 16,2023-08-05
P1264,Melissa,Davis,Doctor 8,2023-08-05
P1307,Laura,Myers,Doctor 72,2023-08-05
P1313,Samuel,Price,Doctor 24,2023-08-05
P1346,Carol,James,Doctor 18,2023-08-05
P1418,Raymond,Jones,Doctor 92,2023-08-05
P1477,Justin,Kelly,Doctor 53,2023-08-05
P0024,Donna,Nelson,Doctor 79,2023-08-06
P0260,Michelle,Watson,Doctor 11,2023-08-06
P0286,Gregory,Howard,Doctor 49,2023-08-06
P0431,Sharon,Cooper,Doctor 21,2023-08-06
P0488,Samuel,Sanchez,Doctor 69,2023-08-06
P0521,Brandon,Hill,Doctor 44,2023-08-06
P0526,Nancy,Hughes,Doctor 43,2023-08-06
P0532,Jonathan,Lewis,Doctor 21,2023-08-06
P0556,Daniel,Allen,Doctor 88,2023-08-06
P0771,George,Gray,Doctor 27,2023-08-06
P0832,Kimberly,Young,Doctor 75,2023-08-06
P0959,Benjamin,Stewart,Doctor 83,2023-08-06
P1065,Kathleen,Kim,Doctor 9,2023-08-06
P1099,Justin,Hernandez,Doctor 66,2023-08-06
P1146,Cynthia,Bennett,Doctor 92,2023-08-06
P1275,Susan,Howard,Doctor 10,2023-08-06
P1333,Gregory,Gray,Doctor 19,2023-08-06
P1363,Brian,Roberts,Doctor 4,2023-08-06
P1388,Rebecca,Rodriguez,Doctor 98,2023-08-06
P1479,Nicholas,Davis,Doctor 77,2023-08-06
P1532,Patrick,Thompson,Doctor 16,2023-08-06
P0363,Nancy,Mitchell,Doctor 17,2023-08-07
P0364,Cynthia,Watson,Doctor 93,2023-08-07
P0412,Kimberly,James,Doctor 30,2023-08-07
P0440,Mark,Martinez,Doctor 57,2023-08-07
P0545,Joshua,Hall,Doctor 65,2023-08-07
P0556,Daniel,Allen,Doctor 88,2023-08-07
P0788,Emma,Allen,Doctor 96,2023-08-07
P0869,Michael,Williams,Doctor 51,2023-08-07
P0957,Ronald,Green,Doctor 28,2023-08-07
P1075,Ryan,Allen,Doctor 61,2023-08-07
P1097,Donna,Reyes,Doctor 3,2023-08-07
P1102,Robert,Brown,Doctor 42,2023-08-07
P1216,Dennis,Castillo,Doctor 40,2023-08-07
P1377,George,Clark,Doctor 9,2023-08-07
P0021,Jonathan,Hill,Doctor 36,2023-08-08
P0075,Robert,Hall,Doctor 11,2023-08-08
P0134,Jessica,Jones,Doctor 95,2023-08-08
P0191,Aaron,Kelly,Doctor 34,2023-08-08
P0261,Angela,Garcia,Doctor 51,2023-08-08
P0265,Virginia,Smith,Doctor 42,2023-08-08
P0313,Sandra,Sanders,Doctor 49,2023-08-08
P0481,Stephen,Lewis,Doctor 33,2023-08-08
P0614,Betty,James,Doctor 79,2023-08-08
P0625,Aaron,Gutierrez,Doctor 40,2023-08-08
P0642,Sharon,Castillo,Doctor 65,2023-08-08
P0669,Shirley,Torres,Doctor 16,2023-08-08
P0769,Steven,Ramirez,Doctor 13,2023-08-08
P0888,Helen,Jones,Doctor 1,2023-08-08
P0895,Brandon,Brown,Doctor 24,2023-08-08
P0910,Richard,Taylor,Doctor 94,2023-08-08
P0999,Steven,Nelson,Doctor 28,2023-08-08
P1144,Angela,Kim,Doctor 59,2023-08-08
P1198,Sandra,Watson,Doctor 70,2023-08-08
P1256,Deborah,Brooks,Doctor 97,2023-08-08
P1273,Rebecca,Lee,Doctor 57,2023-08-08
P1285,Jerry,Murphy,Doctor 10,2023-08-08
P0062,Benjamin,Flores,Doctor 70,2023-08-09
P0082,Aaron,Martinez,Doctor 72,2023-08-09
P0134,Jessica,Jones,Doctor 91,2023-08-09
P0145,Susan,Ward,Doctor 80,2023-08-09
P0158,Deborah,Carter,Doctor 20,2023-08-09
P0223,Aaron,Cox,Doctor 70,2023-08-09
P0261,Angela,Garcia,Doctor 51,2023-08-09
P0360,Steven,James,Doctor 45,2023-08-09
P0366,Deborah,Rogers,Doctor 45,2023-08-09
P0385,Patricia,Robinson,Doctor 42,2023-08-09
P0476,Jessica,Murphy,Doctor 75,2023-08-09
P0481,Stephen,Lewis,Doctor 33,2023-08-09
P0588,Anna,Williams,Doctor 85,2023-08-09
P0942,Susan,Wright,Doctor 93,2023-08-09
P1111,Deborah,Morris,Doctor 35,2023-08-09
P1120,Sandra,Martin,Doctor 37,2023-08-09
P1216,Dennis,Castillo,Doctor 40,2023-08-09
P1226,Susan,Harris,Doctor 59,2023-08-09
P1305,Jason,Howard,Doctor 41,2023-08-09
P1360,Betty,Jones,Doctor 76,2023-08-09
P1390,Lisa,Sanchez,Doctor 74,2023-08-09
P1475,Virginia,Adams,Doctor 48,2023-08-09
P1477,Justin,Kelly,Doctor 53,2023-08-09
P1523,Laura,Taylor,Doctor 6,2023-08-09
P0040,Jose,Sanders,Doctor 63,2023-08-10
P0224,Sarah,Wright,Doctor 48,2023-08-10
P0269,Eric,Edwards,Doctor 68,2023-08-10
P0314,Ruth,Ruiz,Doctor 49,2023-08-10
P0369,Michael,Nguyen,Doctor 59,2023-08-10
P0453,Brandon,Nelson,Doctor 23,2023-08-10
P0468,Kimberly,Cox,Doctor 27,2023-08-10
P0603,Dorothy,James,Doctor 64,2023-08-10
P0617,Richard,Jackson,Doctor 88,2023-08-10
P0618,Helen,Perez,Doctor 32,2023-08-10
P0638,Kimberly,Gray,Doctor 73,2023-08-10
P0757,Samuel,Phillips,Doctor 18,2023-08-10
P0832,Kimberly,Young,Doctor 75,2023-08-10
P0872,Linda,Watson,Doctor 73,2023-08-10
P0905,Matthew,Williams,Doctor 10,2023-08-10
P0936,Scott,Hughes,Doctor 80,2023-08-10
P0945,Brenda,Chavez,Doctor 66,2023-08-10
P1044,Sharon,Hughes,Doctor 43,2023-08-10
P1058,Sandra,Cooper,Doctor 46,2023-08-10
P1069,Jason,Kim,Doctor 9,2023-08-10
P1115,Cynthia,Smith,Doctor 15,2023-08-10
P1140,Brandon,Thompson,Doctor 98,2023-08-10
P1144,Angela,Kim,Doctor 76,2023-08-10
P1182,Patrick,Martin,Doctor 51,2023-08-10
P1198,Sandra,Watson,Doctor 70,2023-08-10
P1206,Nicholas,Torres,Doctor 50,2023-08-10
P1245,Jacob,Thomas,Doctor 81,2023-08-10
P1281,Charles,White,Doctor 45,2023-08-10
P1281,Charles,White,Doctor 45,2023-08-10
P1303,Melissa,Garcia,Doctor 25,2023-08-10
P1495,Jacob,Sanders,Doctor 57,2023-08-10
P0013,Cynthia,Richardson,Doctor 55,2023-08-11
P0054,Thomas,Rivera,Doctor 63,2023-08-11
P0136,Ronald,Peterson,Doctor 56,2023-08-11
P0140,Barbara,Cox,Doctor 54,2023-08-11
P0252,Betty,Johnson,Doctor 33,2023-08-11
P0281,Sarah,Allen,Doctor 83,2023-08-11
P0351,Jonathan,Williams,Doctor 97,2023-08-11
P0440,Mark,Martinez,Doctor 31,2023-08-11
P0475,Kenneth,Jackson,Doctor 79,2023-08-11
P0598,Nancy,Miller,Doctor 7,2023-08-11
P0743,Ryan,Price,Doctor 17,2023-08-11
P0764,Amy,Peterson,Doctor 1,2023-08-11
P0879,Jacob,Richardson,Doctor 73,2023-08-11
P0889,Sarah,White,Doctor 50,2023-08-11
P0997,Patricia,Parker,Doctor 25,2023-08-11
P1280,Edward,Young,Doctor 14,2023-08-11
P1285,Jerry,Murphy,Doctor 10,2023-08-11
P1395,Carol,Mendoza,Doctor 80,2023-08-11
P1437,Aaron,Jones,Doctor 25,2023-08-11
P1444,Dorothy,Evans,Doctor 20,2023-08-11
P0047,Donna,Cooper,Doctor 88,2023-08-12
P0184,Kenneth,Johnson,Doctor 7,2023-08-12
P0329,Tyler,Rogers,Doctor 60,2023-08-12
P0397,Patrick,Parker,Doctor 7,2023-08-12
P0595,Gary,Moore,Doctor 98,2023-08-12
P0706,John,King,Doctor 44,2023-08-12
P0721,Sarah,Cook,Doctor 80,2023-08-12
P0736,Gary,Morris,Doctor 78,2023-08-12
P0760,David,Robinson,Doctor 2,2023-08-12
P0798,Sharon,Ramos,Doctor 4,2023-08-12
P0819,Timothy,Peterson,Doctor 87,2023-08-12
P0836,Nicholas,Watson,Doctor 93,2023-08-12
P0890,Alexander,Flores,Doctor 35,2023-08-12
P0945,Brenda,Chavez,Doctor 31,2023-08-12
P1089,Jennifer,Brown,Doctor 74,2023-08-12
P1121,Alexander,Nguyen,Doctor 48,2023-08-12
P1253,Melissa,Jackson,Doctor 34,2023-08-12
P1266,Donna,Miller,Doctor 50,2023-08-12
P1267,Jonathan,Brooks,Doctor 41,2023-08-12
P1281,Charles,White,Doctor 45,2023-08-12
P1283,Timothy,Rivera,Doctor 70,2023-08-12
P1298,Mark,Rogers,Doctor 14,2023-08-12
P1363,Brian,Roberts,Doctor 4,2023-08-12
P1443,Matthew,Davis,Doctor 83,2023-08-12
P1506,Christopher,Roberts,Doctor 75,2023-08-12
P0078,Michelle,Harris,Doctor 34,2023-08-13
P0339,Shirley,Sanchez,Doctor 100,2023-08-13
P0598,Nancy,Miller,Doctor 7,2023-08-13
P0656,Lisa,Patel,Doctor 92,2023-08-13
P0770,Laura,Hughes,Doctor 84,2023-08-13
P0793,Thomas,Diaz,Doctor 55,2023-08-13
P0830,Jacob,Lee,Doctor 54,2023-08-13
P0842,Ronald,Sanders,Doctor 20,2023-08-13
P1035,Amy,Morgan,Doctor 36,2023-08-13
P1048,James,Gonzalez,Doctor 99,2023-08-13
P1091,William,Morales,Doctor 26,2023-08-13
P1114,Ruth,Patel,Doctor 92,2023-08-13
P1150,Donald,Wilson,Doctor 81,2023-08-13
P1173,Laura,Alvarez,Doctor 13,2023-08-13
P1294,Brandon,Alvarez,Doctor 73,2023-08-13
P1329,Kimberly,Turner,Doctor 9,2023-08-13
P1483,Donna,Rogers,Doctor 19,2023-08-13
P1489,Andrew,Richardson,Doctor 39,2023-08-13
P0055,Amy,Alvarez,Doctor 66,2023-08-14
P0104,Betty,Cruz,Doctor 47,2023-08-14
P0358,Brandon,Reed,Doctor 8,2023-08-14
P0402,Jeffrey,King,Doctor 64,2023-08-14
P0439,Charles,Gutierrez,Doctor 52,2023-08-14
P0569,Jessica,Young,Doctor 76,2023-08-14
P0585,Jack,Baker,Doctor 7,2023-08-14
P0628,Daniel,Reyes,Doctor 21,2023-08-14
P0665,Donald,Hernandez,Doctor 79,2023-08-14
P0717,Justin,Wood,Doctor 67,2023-08-14
P0784,Thomas,Lee,Doctor 83,2023-08-14
P0977,Rebecca,Adams,Doctor 73,2023-08-14
P0989,Joshua,Roberts,Doctor 41,2023-08-14
P1012,Jerry,Smith,Doctor 64,2023-08-14
P1013,Jose,Murphy,Doctor 12,2023-08-14
P1262,Robert,Wright,Doctor 33,2023-08-14
P0032,Brenda,Walker,Doctor 43,2023-08-15
P0284,Ronald,Thompson,Doctor 7,2023-08-15
P0297,Brandon,White,Doctor 72,2023-08-15
P0478,Alexander,Alvarez,Doctor 38,2023-08-15
P0515,Jose,Gonzalez,Doctor 14,2023-08-15
P0532,Jonathan,Lewis,Doctor 21,2023-08-15
P0649,Rebecca,Hall,Doctor 30,2023-08-15
P0711,Kenneth,Brown,Doctor 45,2023-08-15
P0757,Samuel,Phillips,Doctor 18,2023-08-15
P0854,Laura,Mendoza,Doctor 1,2023-08-15
P0863,Mary,Jackson,Doctor 27,2023-08-15
P1007,Robert,Adams,Doctor 5,2023-08-15
P1025,Matthew,Thompson,Doctor 39,2023-08-15
P1045,Sandra,Jones,Doctor 19,2023-08-15
P1140,Brandon,Thompson,Doctor 53,2023-08-15
P1176,Jacob,Sanchez,Doctor 37,2023-08-15
P0078,Michelle,Harris,Doctor 34,2023-08-16
P0101,Lisa,Parker,Doctor 8,2023-08-16
P0157,Carol,Hill,Doctor 45,2023-08-16
P0330,Joseph,Cox,Doctor 70,2023-08-16
P0492,Scott,Murphy,Doctor 45,2023-08-16
P0633,Jacob,Rodriguez,Doctor 44,2023-08-16
P0706,John,King,Doctor 44,2023-08-16
P0859,Brandon,Sanders,Doctor 46,2023-08-16
P0870,Betty,Wright,Doctor 74,2023-08-16
P0905,Matthew,Williams,Doctor 10,2023-08-16
P0966,Andrew,Gomez,Doctor 90,2023-08-16
P0989,Joshua,Roberts,Doctor 41,2023-08-16
P1081,Joseph,Gonzalez,Doctor 72,2023-08-16
P1100,Virginia,Bennett,Doctor 61,2023-08-16
P1151,Barbara,Robinson,Doctor 12,2023-08-16
P1213,Thomas,Reyes,Doctor 87,2023-08-16
P1296,Anthony,Murphy,Doctor 28,2023-08-16
P0122,Robert,Ward,Doctor 12,2023-08-17
P0176,Richard,Evans,Doctor 5,2023-08-17
P0285,Helen,Martin,Doctor 2,2023-08-17
P0470,Brian,Brown,Doctor 30,2023-08-17
P0693,Nicholas,Morales,Doctor 66,2023-08-17
P0938,Robert,Sanchez,Doctor 12,2023-08-17
P0943,Amy,Allen,Doctor 64,2023-08-17
P1049,Jeffrey,Adams,Doctor 61,2023-08-17
P1086,Scott,Parker,Doctor 85,2023-08-17
P1104,Scott,Rivera,Doctor 44,2023-08-17
P1204,Dennis,Davis,Doctor 25,2023-08-17
P1244,Jennifer,Lee,Doctor 85,2023-08-17
P1284,Karen,Smith,Doctor 42,2023-08-17
P1308,Linda,Peterson,Doctor 40,2023-08-17
P1321,Anthony,Myers,Doctor 61,2023-08-17
P1325,Anna,Roberts,Doctor 38,2023-08-17
P1517,Sarah,Torres,Doctor 82,2023-08-17
P0039,Kathleen,Bailey,Doctor 61,2023-08-18
P0128,Laura,Smith,Doctor 42,2023-08-18
P0155,Rebecca,Williams,Doctor 41,2023-08-18
P0231,Betty,Martin,Doctor 25,2023-08-18
P0418,Tyler,Chavez,Doctor 55,2023-08-18
P0459,Jose,Bennett,Doctor 99,2023-08-18
P0480,Nancy,Clark,Doctor 98,2023-08-18
P0590,Gary,Rivera,Doctor 27,2023-08-18
P0620,Jacob,Castillo,Doctor 39,2023-08-18
P0677,Ryan,Cox,Doctor 89,2023-08-18
P0808,Tyler,Adams,Doctor 68,2023-08-18
P0943,Amy,Allen,Doctor 64,2023-08-18
P0967,Brenda,Jones,Doctor 91,2023-08-18
P1253,Melissa,Jackson,Doctor 34,2023-08-18
P1346,Carol,James,Doctor 18,2023-08-18
P1435,Cynthia,Stewart,Doctor 22,2023-08-18
P1441,Lisa,Cooper,Doctor 56,2023-08-18
P1472,Eric,Roberts,Doctor 10,2023-08-18
P1475,Virginia,Adams,Doctor 48,2023-08-18
P1476,Susan,Cook,Doctor 59,2023-08-18
P0048,Gary,Martinez,Doctor 68,2023-08-19
P0344,Sharon,Campbell,Doctor 21,2023-08-19
P0352,Laura,Cruz,Doctor 19,2023-08-19
P0465,David,Davis,Doctor 27,2023-08-19
P0465,David,Davis,Doctor 27,2023-08-19
P0623,Deborah,Ramos,Doctor 26,2023-08-19
P0650,Ryan,King,Doctor 56,2023-08-19
P0663,Michelle,Alvarez,Doctor 70,2023-08-19
P0674,Frank,Richardson,Doctor 94,2023-08-19
P0679,Jerry,Mitchell,Doctor 5,2023-08-19
P0686,Emma,Phillips,Doctor 77,2023-08-19
P0714,Donna,Jones,Doctor 5,2023-08-19
P0800,Brian,Miller,Doctor 46,2023-08-19
P0935,Anthony,Campbell,Doctor 62,2023-08-19
P0946,Anna,Wood,Doctor 59,2023-08-19
P1027,Betty,Bailey,Doctor 14,2023-08-19
P1130,John,Nguyen,Doctor 26,2023-08-19
P1157,James,Mendoza,Doctor 5,2023-08-19
P1205,Benjamin,Wood,Doctor 83,2023-08-19
P1240,Dennis,Morris,Doctor 7,2023-08-19
P0371,Donald,Ward,Doctor 25,2023-08-20
P0406,Jose,Brooks,Doctor 88,2023-08-20
P0424,Susan,James,Doctor 93,2023-08-20
P0530,Gregory,Collins,Doctor 48,2023-08-20
P0593,Ruth,Turner,Doctor 44,2023-08-20
P0601,Kenneth,Gomez,Doctor 13,2023-08-20
P0611,Daniel,Walker,Doctor 53,2023-08-20
P0679,Jerry,Mitchell,Doctor 5,2023-08-20
P0795,Sandra,Gutierrez,Doctor 71,2023-08-20
P0959,Benjamin,Stewart,Doctor 83,2023-08-20
P1265,Melissa,Anderson,Doctor 55,2023-08-20
P1422,Helen,Phillips,Doctor 64,2023-08-20
P1521,Emma,Wood,Doctor 35,2023-08-20
P1522,Benjamin,Hernandez,Doctor 76,2023-08-20
P0080,Sharon,Miller,Doctor 18,2023-08-21
P0134,Jessica,Jones,Doctor 91,2023-08-21
P0247,Stephen,Sanchez,Doctor 49,2023-08-21
P0293,Betty,Chavez,Doctor 89,2023-08-21
P0330,Joseph,Cox,Doctor 37,2023-08-21
P0356,Sarah,Martin,Doctor 63,2023-08-21
P0394,Cynthia,Allen,Doctor 67,2023-08-21
P0548,Betty,Ruiz,Doctor 4,2023-08-21
P0576,Mark,Gutierrez,Doctor 82,2023-08-21
P0677,Ryan,Cox,Doctor 89,2023-08-21
P0691,Anna,Thompson,Doctor 11,2023-08-21
P0734,Anna,Smith,Doctor 87,2023-08-21
P0777,Michelle,Kim,Doctor 76,2023-08-21
P0784,Thomas,Lee,Doctor 83,2023-08-21
P0835,Laura,Brown,Doctor 12,2023-08-21
P0877,Jessica,Nguyen,Doctor 2,2023-08-21
P0995,Ruth,Richardson,Doctor 100,2023-08-21
P1189,Steven,Stewart,Doctor 93,2023-08-21
P1204,Dennis,Davis,Doctor 25,2023-08-21
P1241,Jonathan,Carter,Doctor 10,2023-08-21
P1280,Edward,Young,Doctor 14,2023-08-21
P1322,Richard,Thompson,Doctor 55,2023-08-21
P1471,Andrew,Lee,Doctor 90,2023-08-21
P1497,Frank,Green,Doctor 7,2023-08-21
P0084,Laura,Moore,Doctor 88,2023-08-22
P0085,Raymond,Morgan,Doctor 80,2023-08-22
P0092,Jason,Morales,Doctor 15,2023-08-22
P0124,Alexander,Adams,Doctor 49,2023-08-22
P0222,Susan,Castillo,Doctor 19,2023-08-22
P0284,Ronald,Thompson,Doctor 7,2023-08-22
P0318,Matthew,Richardson,Doctor 79,2023-08-22
P0332,Scott,Phillips,Doctor 18,2023-08-22
P0412,Kimberly,James,Doctor 21,2023-08-22
P0466,Karen,King,Doctor 47,2023-08-22
P0776,Steven,Watson,Doctor 63,2023-08-22
P1160,Betty,Richardson,Doctor 100,2023-08-22
P1214,Patrick,Gonzalez,Doctor 38,2023-08-22
P0166,Daniel,Alvarez,Doctor 25,2023-08-23
P0277,Jennifer,Lewis,Doctor 12,2023-08-23
P0309,Betty,Morris,Doctor 24,2023-08-23
P0319,Samuel,Watson,Doctor 87,2023-08-23
P0380,Gary,Watson,Doctor 20,2023-08-23
P0417,Mark,Hall,Doctor 91,2023-08-23
P0631,Ruth,Anderson,Doctor 86,2023-08-23
P0750,Kevin,Rodriguez,Doctor 47,2023-08-23
P0851,Anna,Collins,Doctor 67,2023-08-23
P0982,Michelle,Jones,Doctor 58,2023-08-23
P1052,Andrew,Wood,Doctor 6,2023-08-23
P1097,Donna,Reyes,Doctor 3,2023-08-23
P1110,Elizabeth,Morales,Doctor 66,2023-08-23
P1159,Elizabeth,Wood,Doctor 74,2023-08-23
P1199,Helen,Gonzalez,Doctor 44,2023-08-23
P1210,Charles,Anderson,Doctor 66,2023-08-23
P1268,Mary,Miller,Doctor 64,2023-08-23
P1323,Joseph,Smith,Doctor 19,2023-08-23
P1328,Eric,Rivera,Doctor 81,2023-08-23
P1472,Eric,Roberts,Doctor 52,2023-08-23
P0027,Jerry,Scott,Doctor 44,2023-08-24
P0145,Susan,Ward,Doctor 63,2023-08-24
P0201,Helen,Diaz,Doctor 83,2023-08-24
P0378,Patricia,Hill,Doctor 86,2023-08-24
P0410,Michael,Anderson,Doctor 94,2023-08-24
P0468,Kimberly,Cox,Doctor 27,2023-08-24
P0819,Timothy,Peterson,Doctor 87,2023-08-24
P0925,Nicholas,Campbell,Doctor 60,2023-08-24
P1088,Dorothy,Morris,Doctor 73,2023-08-24
P1127,Shirley,Rodriguez,Doctor 42,2023-08-24
P1175,Emma,Sanchez,Doctor 63,2023-08-24
P1187,Matthew,Carter,Doctor 4,2023-08-24
P1254,Sarah,Wood,Doctor 69,2023-08-24
P1263,Patricia,Allen,Doctor 74,2023-08-24
P1330,Samuel,Kelly,Doctor 13,2023-08-24
P1429,James,Williams,Doctor 22,2023-08-24
P1463,Thomas,Chavez,Doctor 32,2023-08-24
P1473,Michelle,Cooper,Doctor 85,2023-08-24
P1473,Michelle,Cooper,Doctor 85,2023-08-24
P0018,John,Carter,Doctor 89,2023-08-25
P0025,Melissa,Turner,Doctor 15,2023-08-25
P0067,Frank,Flores,Doctor 69,2023-08-25
P0071,John,Cruz,Doctor 70,2023-08-25
P0086,Laura,Ruiz,Doctor 70,2023-08-25
P0094,Jessica,King,Doctor 64,2023-08-25
P0597,Justin,Robinson,Doctor 26,2023-08-25
P0674,Frank,Richardson,Doctor 94,2023-08-25
P0699,Sarah,Perez,Doctor 61,2023-08-25
P0891,Ryan,Morgan,Doctor 2,2023-08-25
P0985,Ronald,Kelly,Doctor 28,2023-08-25
P0986,Sandra,Hughes,Doctor 5,2023-08-25
P1089,Jennifer,Brown,Doctor 100,2023-08-25
P1467,James,Peterson,Doctor 32,2023-08-25
P0005,Helen,Anderson,Doctor 97,2023-08-26
P0065,Amy,Collins,Doctor 86,2023-08-26
P0070,Joseph,Cruz,Doctor 35,2023-08-26
P0096,Linda,Patel,Doctor 94,2023-08-26
P0332,Scott,Phillips,Doctor 18,2023-08-26
P0387,Christopher,Morgan,Doctor 88,2023-08-26
P0403,Michelle,Young,Doctor 57,2023-08-26
P0653,Andrew,Jones,Doctor 95,2023-08-26
P0989,Joshua,Roberts,Doctor 41,2023-08-26
P1186,Joshua,Green,Doctor 18,2023-08-26
P1511,Aaron,Lopez,Doctor 4,2023-08-26
P1537,Dennis,Lewis,Doctor 87,2023-08-26
P0019,Steven,Cook,Doctor 55,2023-08-27
P0056,Jessica,Smith,Doctor 27,2023-08-27
P0120,Sandra,Myers,Doctor 26,2023-08-27
P0138,Deborah,Reyes,Doctor 70,2023-08-27
P0458,Donna,Mitchell,Doctor 71,2023-08-27
P0555,Donna,Thompson,Doctor 88,2023-08-27
P0608,Anna,Murphy,Doctor 100,2023-08-27
P0787,Karen,Gutierrez,Doctor 23,2023-08-27
P0856,Laura,James,Doctor 39,2023-08-27
P1129,Ryan,Mitchell,Doctor 77,2023-08-27
P1166,Jonathan,Baker,Doctor 36,2023-08-27
P1178,Shirley,Morris,Doctor 80,2023-08-27
P1208,Richard,Carter,Doctor 50,2023-08-27
P1228,Mary,Sanchez,Doctor 4,2023-08-27
P1271,Dennis,Green,Doctor 62,2023-08-27
P1300,Helen,Howard,Doctor 94,2023-08-27
P1376,Anna,Johnson,Doctor 31,2023-08-27
P1398,Sarah,Sanchez,Doctor 81,2023-08-27
P1527,Susan,Lopez,Doctor 54,2023-08-27
P1528,Jose,Castillo,Doctor 51,2023-08-27
P0003,Patricia,Miller,Doctor 30,2023-08-28
P0048,Gary,Martinez,Doctor 95,2023-08-28
P0050,Matthew,Garcia,Doctor 31,2023-08-28
P0075,Robert,Hall,Doctor 11,2023-08-28
P0300,Ronald,Morgan,Doctor 92,2023-08-28
P0301,Jonathan,Moore,Doctor 98,2023-08-28
P0334,Virginia,Mendoza,Doctor 29,2023-08-28
P0386,William,Bennett,Doctor 33,2023-08-28
P0393,David,Wood,Doctor 40,2023-08-28
P0400,Joshua,Diaz,Doctor 83,2023-08-28
P0439,Charles,Gutierrez,Doctor 54,2023-08-28
P0557,Lisa,Jackson,Doctor 19,2023-08-28
P0563,David,Clark,Doctor 10,2023-08-28
P0597,Justin,Robinson,Doctor 26,2023-08-28
P0665,Donald,Hernandez,Doctor 79,2023-08-28
P0671,Emma,Robinson,Doctor 67,2023-08-28
P0711,Kenneth,Brown,Doctor 45,2023-08-28
P0759,Sharon,Hill,Doctor 74,2023-08-28
P0854,Laura,Mendoza,Doctor 7,2023-08-28
P0855,Kevin,Lewis,Doctor 43,2023-08-28
P0886,Rebecca,Murphy,Doctor 12,2023-08-28
P0938,Robert,Sanchez,Doctor 12,2023-08-28
P1008,Betty,Ramos,Doctor 68,2023-08-28
P1015,Gary,Hall,Doctor 98,2023-08-28
P1075,Ryan,Allen,Doctor 66,2023-08-28
P1217,Benjamin,Bennett,Doctor 12,2023-08-28
P1259,Donna,Perez,Doctor 65,2023-08-28
P1272,Patrick,Jones,Doctor 43,2023-08-28
P1356,Jeffrey,Phillips,Doctor 71,2023-08-28
P1370,Joseph,Wright,Doctor 92,2023-08-28
P1414,Melissa,Cruz,Doctor 70,2023-08-28
P0002,Jose,Ruiz,Doctor 75,2023-08-29
P0073,Ryan,Martin,Doctor 68,2023-08-29
P0090,Aaron,Kim,Doctor 45,2023-08-29
P0091,Steven,Reyes,Doctor 82,2023-08-29
P0198,Ruth,Thompson,Doctor 97,2023-08-29
P0206,Raymond,Thompson,Doctor 24,2023-08-29
P0208,Sarah,Ward,Doctor 46,2023-08-29
P0324,Carol,Murphy,Doctor 84,2023-08-29
P0337,Brenda,Collins,Doctor 3,2023-08-29
P0396,George,Howard,Doctor 8,2023-08-29
P0419,Eric,Davis,Doctor 17,2023-08-29
P0553,Benjamin,Rogers,Doctor 34,2023-08-29
P0567,Jonathan,White,Doctor 9,2023-08-29
P0571,Michael,Morgan,Doctor 18,2023-08-29
P0598,Nancy,Miller,Doctor 80,2023-08-29
P0716,Linda,Cook,Doctor 77,2023-08-29
P0764,Amy,Peterson,Doctor 1,2023-08-29
P0990,Frank,James,Doctor 64,2023-08-29
P1066,Rebecca,Cook,Doctor 50,2023-08-29
P1157,James,Mendoza,Doctor 5,2023-08-29
P1183,Michael,Cruz,Doctor 95,2023-08-29
P1209,Dennis,Chavez,Doctor 52,2023-08-29
P1236,Barbara,Rodriguez,Doctor 73,2023-08-29
P1239,Stephen,Edwards,Doctor 10,2023-08-29
P1287,Ruth,James,Doctor 70,2023-08-29
P1345,Donald,Ruiz,Doctor 17,2023-08-29
P1353,Sandra,Reed,Doctor 52,2023-08-29
P0012,Eric,Gomez,Doctor 84,2023-08-30
P0238,Patrick,Cruz,Doctor 40,2023-08-30
P0253,Justin,Davis,Doctor 68,2023-08-30
P0415,Jonathan,Reyes,Doctor 46,2023-08-30
P0624,Jose,Moore,Doctor 31,2023-08-30
P0627,Jack,Harris,Doctor 89,2023-08-30
P0916,Christopher,Clark,Doctor 13,2023-08-30
P0939,Ruth,Cox,Doctor 83,2023-08-30
P0953,Kevin,Hall,Doctor 89,2023-08-30
P0956,Thomas,Hall,Doctor 23,2023-08-30
P0977,Rebecca,Adams,Doctor 82,2023-08-30
P1005,Thomas,Scott,Doctor 77,2023-08-30
P1088,Dorothy,Morris,Doctor 10,2023-08-30
P1117,Raymond,Ortiz,Doctor 61,2023-08-30
P1202,Alexander,Hernandez,Doctor 53,2023-08-30
P1254,Sarah,Wood,Doctor 69,2023-08-30
P1314,Jacob,Robinson,Doctor 84,2023-08-30
P0016,Sarah,Richardson,Doctor 88,2023-08-31
P0157,Carol,Hill,Doctor 45,2023-08-31
P0180,Sandra,Wood,Doctor 16,2023-08-31
P0215,Emma,Hall,Doctor 65,2023-08-31
P0248,Samuel,White,Doctor 27,2023-08-31
P0249,Elizabeth,Richardson,Doctor 76,2023-08-31
P0311,Raymond,Price,Doctor 30,2023-08-31
P0373,Raymond,Turner,Doctor 72,2023-08-31
P0457,Charles,Patel,Doctor 91,2023-08-31
P0465,David,Davis,Doctor 27,2023-08-31
P0508,Ronald,Davis,Doctor 60,2023-08-31
P0521,Brandon,Hill,Doctor 44,2023-08-31
P0966,Andrew,Gomez,Doctor 90,2023-08-31
P0974,Scott,Mendoza,Doctor 68,2023-08-31
P1048,James,Gonzalez,Doctor 99,2023-08-31
P1126,Shirley,Adams,Doctor 30,2023-08-31
P1153,Timothy,Sanchez,Doctor 38,2023-08-31
P1233,Tyler,Turner,Doctor 64,2023-08-31
P1278,Jessica,Brooks,Doctor 30,2023-08-31
P1359,Sharon,Gomez,Doctor 35,2023-08-31
P1377,George,Clark,Doctor 9,2023-08-31
P1405,Alexander,Williams,Doctor 77,2023-08-31
P1492,Brandon,Sanchez,Doctor 51,2023-08-31
P0015,Gary,Anderson,Doctor 12,2023-09-01
P0243,Larry,Morgan,Doctor 12,2023-09-01
P0291,Jessica,Cruz,Doctor 85,2023-09-01
P0316,Jacob,Flores,Doctor 40,2023-09-01
P0352,Laura,Cruz,Doctor 19,2023-09-01
P0358,Brandon,Reed,Doctor 43,2023-09-01
P0458,Donna,Mitchell,Doctor 71,2023-09-01
P0531,Kenneth,Wood,Doctor 58,2023-09-01
P0675,Betty,Roberts,Doctor 59,2023-09-01
P0805,Sarah,Garcia,Doctor 20,2023-09-01
P0900,Sharon,Martin,Doctor 87,2023-09-01
P0950,Deborah,Watson,Doctor 53,2023-09-01
P0996,Alexander,Clark,Doctor 45,2023-09-01
P1029,Shirley,Edwards,Doctor 58,2023-09-01
P1193,Nancy,Alvarez,Doctor 96,2023-09-01
P1218,Jerry,Flores,Doctor 84,2023-09-01
P1236,Barbara,Rodriguez,Doctor 73,2023-09-01
P1292,Jose,Morales,Doctor 41,2023-09-01
P1361,Sharon,Morgan,Doctor 62,2023-09-01
P1366,Lisa,Moore,Doctor 73,2023-09-01
P1384,Joshua,Mendoza,Doctor 93,2023-09-01
P1391,Linda,Allen,Doctor 21,2023-09-01
P1429,James,Williams,Doctor 22,2023-09-01
P1502,Angela,Phillips,Doctor 35,2023-09-01
P0284,Ronald,Thompson,Doctor 7,2023-09-02
P0344,Sharon,Campbell,Doctor 80,2023-09-02
P0386,William,Bennett,Doctor 88,2023-09-02
P0425,Larry,Ward,Doctor 96,2023-09-02
P0505,Donna,James,Doctor 63,2023-09-02
P0518,Sarah,Walker,Doctor 87,2023-09-02
P0562,Deborah,Evans,Doctor 46,2023-09-02
P0653,Andrew,Jones,Doctor 95,2023-09-02
P0702,Jessica,Rivera,Doctor 65,2023-09-02
P0774,Michelle,Scott,Doctor 31,2023-09-02
P0784,Thomas,Lee,Doctor 83,2023-09-02
P0793,Thomas,Diaz,Doctor 55,2023-09-02
P0817,Mary,White,Doctor 21,2023-09-02
P0873,Betty,Rivera,Doctor 38,2023-09-02
P1015,Gary,Hall,Doctor 98,2023-09-02
P1131,Christopher,Diaz,Doctor 10,2023-09-02
P1170,Sandra,Ramos,Doctor 18,2023-09-02
P1172,Betty,Kim,Doctor 99,2023-09-02
P1173,Laura,Alvarez,Doctor 13,2023-09-02
P1237,Cynthia,Perez,Doctor 8,2023-09-02
P1312,Ryan,Rivera,Doctor 83,2023-09-02
P1338,Shirley,Ruiz,Doctor 59,2023-09-02
P1359,Sharon,Gomez,Doctor 35,2023-09-02
P1373,Robert,James,Doctor 10,2023-09-02
P1414,Melissa,Cruz,Doctor 70,2023-09-02
P1414,Melissa,Cruz,Doctor 70,2023-09-02
P1433,Donna,Sanchez,Doctor 70,2023-09-02
P1472,Eric,Roberts,Doctor 52,2023-09-02
P0016,Sarah,Richardson,Doctor 88,2023-09-03
P0071,John,Cruz,Doctor 70,2023-09-03
P0095,Melissa,James,Doctor 43,2023-09-03
P0171,Robert,Carter,Doctor 29,2023-09-03
P0258,Ronald,Murphy,Doctor 84,2023-09-03
P0387,Christopher,Morgan,Doctor 88,2023-09-03
P0448,Tyler,Edwards,Doctor 5,2023-09-03
P0462,Sharon,Price,Doctor 81,2023-09-03
P0495,Mary,Hill,Doctor 89,2023-09-03
P0531,Kenneth,Wood,Doctor 27,2023-09-03
P0561,Lisa,Lewis,Doctor 23,2023-09-03
P0603,Dorothy,James,Doctor 64,2023-09-03
P0779,Deborah,Wilson,Doctor 55,2023-09-03
P0811,Sarah,Phillips,Doctor 18,2023-09-03
P0813,Michelle,Price,Doctor 28,2023-09-03
P0868,Ryan,Patel,Doctor 9,2023-09-03
P0874,Brenda,Phillips,Doctor 31,2023-09-03
P0904,Sarah,Robinson,Doctor 37,2023-09-03
P1021,Kimberly,Alvarez,Doctor 60,2023-09-03
P1035,Amy,Morgan,Doctor 36,2023-09-03
P1081,Joseph,Gonzalez,Doctor 72,2023-09-03
P1088,Dorothy,Morris,Doctor 10,2023-09-03
P1177,Scott,James,Doctor 94,2023-09-03
P0117,Brenda,Stewart,Doctor 90,2023-09-04
P0193,Anthony,Lopez,Doctor 9,2023-09-04
P0355,Kenneth,Bennett,Doctor 54,2023-09-04
P0411,Jessica,Evans,Doctor 74,2023-09-04
P0516,Melissa,Wood,Doctor 73,2023-09-04
P0606,Sandra,Rodriguez,Doctor 60,2023-09-04
P0780,Donald,Torres,Doctor 88,2023-09-04
P0896,Alexander,Bennett,Doctor 72,2023-09-04
P0947,Richard,Rivera,Doctor 70,2023-09-04
P1010,Daniel,Rogers,Doctor 27,2023-09-04
P1014,Edward,Cooper,Doctor 31,2023-09-04
P1017,Joseph,Carter,Doctor 25,2023-09-04
P1208,Richard,Carter,Doctor 50,2023-09-04
P1224,Joseph,Parker,Doctor 86,2023-09-04
P1454,Sharon,Gutierrez,Doctor 84,2023-09-04
P1529,Mark,Edwards,Doctor 23,2023-09-04
P0050,Matthew,Garcia,Doctor 31,2023-09-05
P0080,Sharon,Miller,Doctor 18,2023-09-05
P0107,Nancy,Richardson,Doctor 95,2023-09-05
P0163,Mark,Wood,Doctor 97,2023-09-05
P0411,Jessica,Evans,Doctor 74,2023-09-05
P0432,Michelle,Rivera,Doctor 79,2023-09-05
P0507,Jason,Walker,Doctor 9,2023-09-05
P0579,Richard,Campbell,Doctor 67,2023-09-05
P0600,Brenda,King,Doctor 21,2023-09-05
P0738,Patrick,Kelly,Doctor 48,2023-09-05
P0741,Jeffrey,Kim,Doctor 15,2023-09-05
P0780,Donald,Torres,Doctor 88,2023-09-05
P0866,James,Clark,Doctor 99,2023-09-05
P0953,Kevin,Hall,Doctor 89,2023-09-05
P0984,Mary,Mitchell,Doctor 16,2023-09-05
P1175,Emma,Sanchez,Doctor 31,2023-09-05
P1267,Jonathan,Brooks,Doctor 41,2023-09-05
P1507,Joshua,Stewart,Doctor 89,2023-09-05
P0095,Melissa,James,Doctor 43,2023-09-06
P0169,Daniel,Bailey,Doctor 49,2023-09-06
P0325,Emma,Anderson,Doctor 3,2023-09-06
P0339,Shirley,Sanchez,Doctor 100,2023-09-06
P0365,Scott,Robinson,Doctor 87,2023-09-06
P0610,Gary,Bailey,Doctor 39,2023-09-06
P0616,Ronald,Price,Doctor 80,2023-09-06
P0632,Melissa,Patel,Doctor 10,2023-09-06
P0678,Lisa,Ramirez,Doctor 17,2023-09-06
P0742,Alexander,Torres,Doctor 92,2023-09-06
P0830,Jacob,Lee,Doctor 54,2023-09-06
P0838,Michelle,Rodriguez,Doctor 37,2023-09-06
P0874,Brenda,Phillips,Doctor 31,2023-09-06
P0975,Joseph,Torres,Doctor 29,2023-09-06
P0983,James,Smith,Doctor 38,2023-09-06
P1067,Donna,Richardson,Doctor 66,2023-09-06
P1094,Donna,Martinez,Doctor 4,2023-09-06
P1103,Patrick,Carter,Doctor 42,2023-09-06
P1357,Jerry,Anderson,Doctor 47,2023-09-06
P1419,Brian,Parker,Doctor 79,2023-09-06
P1464,Anna,Howard,Doctor 70,2023-09-06
P0031,Christopher,Thompson,Doctor 74,2023-09-07
P0040,Jose,Sanders,Doctor 63,2023-09-07
P0103,Carol,Green,Doctor 76,2023-09-07
P0121,Samuel,Anderson,Doctor 57,2023-09-07
P0170,Sharon,Evans,Doctor 78,2023-09-07
P0218,Stephen,Phillips,Doctor 97,2023-09-07
P0365,Scott,Robinson,Doctor 19,2023-09-07
P0480,Nancy,Clark,Doctor 98,2023-09-07
P0501,Helen,Martinez,Doctor 70,2023-09-07
P0523,Charles,Hughes,Doctor 79,2023-09-07
P0639,Cynthia,Wood,Doctor 40,2023-09-07
P0695,Michael,Taylor,Doctor 92,2023-09-07
P0705,Carol,Smith,Doctor 99,2023-09-07
P0771,George,Gray,Doctor 27,2023-09-07
P0931,Donna,Campbell,Doctor 23,2023-09-07
P0996,Alexander,Clark,Doctor 45,2023-09-07
P1053,Jeffrey,Gutierrez,Doctor 90,2023-09-07
P1363,Brian,Roberts,Doctor 4,2023-09-07
P1393,Sandra,Scott,Doctor 27,2023-09-07
P1394,Betty,Morales,Doctor 81,2023-09-07
P1481,Emma,Lewis,Doctor 3,2023-09-07
P0047,Donna,Cooper,Doctor 36,2023-09-08
P0124,Alexander,Adams,Doctor 49,2023-09-08
P0166,Daniel,Alvarez,Doctor 25,2023-09-08
P0178,Betty,Thomas,Doctor 61,2023-09-08
P0205,Edward,Ramirez,Doctor 44,2023-09-08
P0207,Amy,Anderson,Doctor 96,2023-09-08
P0211,Laura,Nguyen,Doctor 1,2023-09-08
P0330,Joseph,Cox,Doctor 76,2023-09-08
P0337,Brenda,Collins,Doctor 93,2023-09-08
P0362,Christopher,Allen,Doctor 95,2023-09-08
P0376,Dorothy,Flores,Doctor 50,2023-09-08
P0436,Benjamin,Gutierrez,Doctor 46,2023-09-08
P0570,Lisa,Young,Doctor 75,2023-09-08
P0638,Kimberly,Gray,Doctor 29,2023-09-08
P0694,Charles,Mitchell,Doctor 12,2023-09-08
P0772,Jerry,Rivera,Doctor 71,2023-09-08
P0812,Kimberly,Mitchell,Doctor 12,2023-09-08
P0841,John,Martinez,Doctor 18,2023-09-08
P0987,James,Alvarez,Doctor 31,2023-09-08
P1184,George,Ruiz,Doctor 80,2023-09-08
P1441,Lisa,Cooper,Doctor 56,2023-09-08
P1461,Sandra,Green,Doctor 68,2023-09-08
P1529,Mark,Edwards,Doctor 83,2023-09-08
P0028,Robert,Ramos,Doctor 48,2023-09-09
P0045,Rebecca,Miller,Doctor 74,2023-09-09
P0080,Sharon,Miller,Doctor 18,2023-09-09
P0550,Carol,Martinez,Doctor 7,2023-09-09
P0617,Richard,Jackson,Doctor 88,2023-09-09
P0652,Ronald,Gonzalez,Doctor 10,2023-09-09
P0698,Stephen,Hughes,Doctor 72,2023-09-09
P0729,Benjamin,Patel,Doctor 98,2023-09-09
P0760,David,Robinson,Doctor 95,2023-09-09
P0894,Linda,Garcia,Doctor 32,2023-09-09
P0898,Anthony,Collins,Doctor 16,2023-09-09
P0907,Mark,Anderson,Doctor 41,2023-09-09
P0950,Deborah,Watson,Doctor 53,2023-09-09
P1052,Andrew,Wood,Doctor 95,2023-09-09
P1066,Rebecca,Cook,Doctor 77,2023-09-09
P1154,Sarah,Kim,Doctor 40,2023-09-09
P1158,Barbara,Hughes,Doctor 95,2023-09-09
P1187,Matthew,Carter,Doctor 14,2023-09-09
P1247,Andrew,Cook,Doctor 74,2023-09-09
P1285,Jerry,Murphy,Doctor 10,2023-09-09
P1286,Tyler,Phillips,Doctor 49,2023-09-09
P1433,Donna,Sanchez,Doctor 70,2023-09-09
P1501,Emma,Turner,Doctor 19,2023-09-09
P0108,Sarah,Peterson,Doctor 33,2023-09-10
P0191,Aaron,Kelly,Doctor 34,2023-09-10
P0291,Jessica,Cruz,Doctor 85,2023-09-10
P0497,Lisa,Wood,Doctor 98,2023-09-10
P0537,Andrew,Jackson,Doctor 71,2023-09-10
P0541,Mark,Harris,Doctor 27,2023-09-10
P0563,David,Clark,Doctor 13,2023-09-10
P0592,Jessica,Gutierrez,Doctor 78,2023-09-10
P0805,Sarah,Garcia,Doctor 9,2023-09-10
P0809,Kimberly,Mendoza,Doctor 8,2023-09-10
P0889,Sarah,White,Doctor 50,2023-09-10
P0967,Brenda,Jones,Doctor 91,2023-09-10
P1075,Ryan,Allen,Doctor 66,2023-09-10
P1163,Sharon,Howard,Doctor 51,2023-09-10
P1300,Helen,Howard,Doctor 94,2023-09-10
P1316,Nicholas,Howard,Doctor 21,2023-09-10
P1513,Ryan,Gutierrez,Doctor 16,2023-09-10
P1534,Ryan,Hernandez,Doctor 11,2023-09-10
P1535,Laura,Rivera,Doctor 94,2023-09-10
P0049,George,Smith,Doctor 64,2023-09-11
P0084,Laura,Moore,Doctor 92,2023-09-11
P0088,Jessica,Turner,Doctor 72,2023-09-11
P0100,Jerry,Watson,Doctor 6,2023-09-11
P0132,Kimberly,Torres,Doctor 78,2023-09-11
P0175,Karen,Harris,Doctor 37,2023-09-11
P0244,Ruth,Lewis,Doctor 1,2023-09-11
P0319,Samuel,Watson,Doctor 87,2023-09-11
P0341,Brenda,Gonzalez,Doctor 38,2023-09-11
P0480,Nancy,Clark,Doctor 65,2023-09-11
P0494,Jacob,Nelson,Doctor 73,2023-09-11
P0668,Karen,Martinez,Doctor 4,2023-09-11
P0746,Carol,Sanders,Doctor 98,2023-09-11
P0753,Edward,Rivera,Doctor 60,2023-09-11
P0850,Donna,Kelly,Doctor 34,2023-09-11
P0894,Linda,Garcia,Doctor 32,2023-09-11
P1068,Nicholas,Johnson,Doctor 11,2023-09-11
P1340,Karen,James,Doctor 68,2023-09-11
P1490,David,Wright,Doctor 89,2023-09-11
P0094,Jessica,King,Doctor 64,2023-09-12
P0210,Andrew,Rogers,Doctor 58,2023-09-12
P0294,James,Reyes,Doctor 33,2023-09-12
P0451,Anna,Reyes,Doctor 90,2023-09-12
P0471,Daniel,Adams,Doctor 98,2023-09-12
P0546,Kathleen,Hughes,Doctor 81,2023-09-12
P0599,David,Nelson,Doctor 47,2023-09-12
P0610,Gary,Bailey,Doctor 39,2023-09-12
P0631,Ruth,Anderson,Doctor 86,2023-09-12
P0689,Samuel,Edwards,Doctor 63,2023-09-12
P0727,Deborah,Martin,Doctor 86,2023-09-12
P0736,Gary,Morris,Doctor 78,2023-09-12
P0766,Helen,Campbell,Doctor 51,2023-09-12
P0911,Michael,Davis,Doctor 84,2023-09-12
P1023,Carol,Perez,Doctor 30,2023-09-12
P1072,Thomas,Morgan,Doctor 66,2023-09-12
P1263,Patricia,Allen,Doctor 2,2023-09-12
P1304,Emma,Morgan,Doctor 55,2023-09-12
P1360,Betty,Jones,Doctor 76,2023-09-12
P1453,Timothy,Brown,Doctor 76,2023-09-12
P1511,Aaron,Lopez,Doctor 4,2023-09-12
P0026,Larry,James,Doctor 23,2023-09-13
P0055,Amy,Alvarez,Doctor 66,2023-09-13
P0132,Kimberly,Torres,Doctor 78,2023-09-13
P0138,Deborah,Reyes,Doctor 70,2023-09-13
P0172,Jose,Johnson,Doctor 28,2023-09-13
P0348,Brian,Stewart,Doctor 9,2023-09-13
P0409,Rebecca,Taylor,Doctor 36,2023-09-13
P0522,Emma,Clark,Doctor 83,2023-09-13
P0552,James,Green,Doctor 81,2023-09-13
P0559,Dorothy,Reyes,Doctor 6,2023-09-13
P0580,Kimberly,White,Doctor 13,2023-09-13
P0695,Michael,Taylor,Doctor 77,2023-09-13
P0851,Anna,Collins,Doctor 67,2023-09-13
P0897,Ruth,Miller,Doctor 89,2023-09-13
P0993,Brenda,Reed,Doctor 68,2023-09-13
P1063,Ronald,Hill,Doctor 22,2023-09-13
P1134,Christopher,Gray,Doctor 23,2023-09-13
P1136,Jerry,Kelly,Doctor 88,2023-09-13
P1228,Mary,Sanchez,Doctor 68,2023-09-13
P1483,Donna,Rogers,Doctor 19,2023-09-13
P0037,Brian,Kim,Doctor 65,2023-09-14
P0113,Jessica,Moore,Doctor 73,2023-09-14
P0147,Sarah,Morgan,Doctor 39,2023-09-14
P0182,Linda,Lopez,Doctor 30,2023-09-14
P0210,Andrew,Rogers,Doctor 67,2023-09-14
P0239,James,Rogers,Doctor 61,2023-09-14
P0253,Justin,Davis,Doctor 68,2023-09-14
P0385,Patricia,Robinson,Doctor 42,2023-09-14
P0419,Eric,Davis,Doctor 17,2023-09-14
P0468,Kimberly,Cox,Doctor 27,2023-09-14
P0579,Richard,Campbell,Doctor 67,2023-09-14
P0802,Deborah,Collins,Doctor 64,2023-09-14
P0878,Donna,Gutierrez,Doctor 30,2023-09-14
P0888,Helen,Jones,Doctor 1,2023-09-14
P0924,Jennifer,Adams,Doctor 63,2023-09-14
P0932,Gary,Mendoza,Doctor 96,2023-09-14
P0964,Virginia,Nelson,Doctor 91,2023-09-14
P0993,Brenda,Reed,Doctor 68,2023-09-14
P1035,Amy,Morgan,Doctor 36,2023-09-14
P1055,Jack,Parker,Doctor 3,2023-09-14
P1074,Ruth,Martinez,Doctor 40,2023-09-14
P1236,Barbara,Rodriguez,Doctor 73,2023-09-14
P1265,Melissa,Anderson,Doctor 55,2023-09-14
P1284,Karen,Smith,Doctor 42,2023-09-14
P1306,Anna,James,Doctor 60,2023-09-14
P0034,Barbara,Flores,Doctor 65,2023-09-15
P0069,James,Diaz,Doctor 59,2023-09-15
P0092,Jason,Morales,Doctor 15,2023-09-15
P0269,Eric,Edwards,Doctor 68,2023-09-15
P0312,Jack,Patel,Doctor 57,2023-09-15
P0325,Emma,Anderson,Doctor 3,2023-09-15
P0338,Jessica,Rodriguez,Doctor 29,2023-09-15
P0350,Justin,Martinez,Doctor 86,2023-09-15
P0359,Betty,Reyes,Doctor 64,2023-09-15
P0427,Barbara,Bailey,Doctor 84,2023-09-15
P0444,Matthew,Reed,Doctor 85,2023-09-15
P0506,Donald,Brown,Doctor 70,2023-09-15
P0585,Jack,Baker,Doctor 2,2023-09-15
P0636,Dennis,Smith,Doctor 59,2023-09-15
P0724,Laura,Reyes,Doctor 12,2023-09-15
P0769,Steven,Ramirez,Doctor 13,2023-09-15
P0876,Linda,Ruiz,Doctor 73,2023-09-15
P0904,Sarah,Robinson,Doctor 37,2023-09-15
P1007,Robert,Adams,Doctor 5,2023-09-15
P1014,Edward,Cooper,Doctor 96,2023-09-15
P1152,Anna,Gomez,Doctor 50,2023-09-15
P1305,Jason,Howard,Doctor 41,2023-09-15
P1319,Virginia,Davis,Doctor 76,2023-09-15
P1401,Larry,Wood,Doctor 42,2023-09-15
P1408,Elizabeth,Torres,Doctor 63,2023-09-15
P0003,Patricia,Miller,Doctor 30,2023-09-16
P0032,Brenda,Walker,Doctor 43,2023-09-16
P0304,Melissa,Harris,Doctor 40,2023-09-16
P0506,Donald,Brown,Doctor 70,2023-09-16
P0579,Richard,Campbell,Doctor 86,2023-09-16
P0705,Carol,Smith,Doctor 99,2023-09-16
P0740,William,Sanders,Doctor 19,2023-09-16
P0790,Rebecca,King,Doctor 16,2023-09-16
P0999,Steven,Nelson,Doctor 28,2023-09-16
P1012,Jerry,Smith,Doctor 55,2023-09-16
P1071,Emma,Baker,Doctor 52,2023-09-16
P1098,Gary,Gray,Doctor 5,2023-09-16
P1185,Laura,Young,Doctor 5,2023-09-16
P1292,Jose,Morales,Doctor 41,2023-09-16
P1439,Betty,Anderson,Doctor 2,2023-09-16
P1491,Timothy,Walker,Doctor 23,2023-09-16
P0182,Linda,Lopez,Doctor 30,2023-09-17
P0326,Karen,Reed,Doctor 29,2023-09-17
P0328,Kenneth,Garcia,Doctor 12,2023-09-17
P0338,Jessica,Rodriguez,Doctor 29,2023-09-17
P0361,Richard,Baker,Doctor 89,2023-09-17
P0452,Sharon,Harris,Doctor 53,2023-09-17
P0483,Robert,Sanders,Doctor 38,2023-09-17
P0527,Gregory,Cruz,Doctor 63,2023-09-17
P0756,Joseph,Bennett,Doctor 64,2023-09-17
P0770,Laura,Hughes,Doctor 84,2023-09-17
P0805,Sarah,Garcia,Doctor 9,2023-09-17
P1001,Eric,Phillips,Doctor 55,2023-09-17
P1050,Ronald,Torres,Doctor 96,2023-09-17
P1066,Rebecca,Cook,Doctor 47,2023-09-17
P1214,Patrick,Gonzalez,Doctor 38,2023-09-17
P1268,Mary,Miller,Doctor 64,2023-09-17
P1361,Sharon,Morgan,Doctor 62,2023-09-17
P1364,Betty,Nguyen,Doctor 23,2023-09-17
P0058,Deborah,Myers,Doctor 34,2023-09-18
P0143,Gary,Nelson,Doctor 50,2023-09-18
P0250,Kimberly,Green,Doctor 58,2023-09-18
P0416,Nancy,Morris,Doctor 59,2023-09-18
P0581,Kevin,Moore,Doctor 39,2023-09-18
P0608,Anna,Murphy,Doctor 100,2023-09-18
P0676,Sarah,Carter,Doctor 18,2023-09-18
P0721,Sarah,Cook,Doctor 80,2023-09-18
P0761,Brenda,Richardson,Doctor 98,2023-09-18
P0768,Jose,Kelly,Doctor 39,2023-09-18
P0780,Donald,Torres,Doctor 88,2023-09-18
P0866,James,Clark,Doctor 99,2023-09-18
P0947,Richard,Rivera,Doctor 70,2023-09-18
P0976,Sarah,Mitchell,Doctor 4,2023-09-18
P1189,Steven,Stewart,Doctor 93,2023-09-18
P1224,Joseph,Parker,Doctor 86,2023-09-18
P1236,Barbara,Rodriguez,Doctor 73,2023-09-18
P1291,Jennifer,Anderson,Doctor 54,2023-09-18
P1365,Sharon,Brown,Doctor 35,2023-09-18
P0016,Sarah,Richardson,Doctor 88,2023-09-19
P0029,Raymond,Gray,Doctor 23,2023-09-19
P0128,Laura,Smith,Doctor 42,2023-09-19
P0386,William,Bennett,Doctor 88,2023-09-19
P0394,Cynthia,Allen,Doctor 67,2023-09-19
P0525,Jerry,Gray,Doctor 30,2023-09-19
P0562,Deborah,Evans,Doctor 65,2023-09-19
P0572,Amy,Ramirez,Doctor 75,2023-09-19
P0650,Ryan,King,Doctor 56,2023-09-19
P0663,Michelle,Alvarez,Doctor 70,2023-09-19
P0737,Lisa,Sanders,Doctor 85,2023-09-19
P0827,Carol,Watson,Doctor 83,2023-09-19
P0832,Kimberly,Young,Doctor 75,2023-09-19
P0839,Kimberly,Miller,Doctor 71,2023-09-19
P0845,Barbara,Wright,Doctor 45,2023-09-19
P1023,Carol,Perez,Doctor 78,2023-09-19
P1098,Gary,Gray,Doctor 4,2023-09-19
P1217,Benjamin,Bennett,Doctor 12,2023-09-19
P1223,Kimberly,Diaz,Doctor 35,2023-09-19
P1297,Kenneth,Roberts,Doctor 76,2023-09-19
P0046,Ruth,Peterson,Doctor 56,2023-09-20
P0214,Lisa,Chavez,Doctor 22,2023-09-20
P0256,Joshua,Reyes,Doctor 99,2023-09-20
P0407,Kenneth,Adams,Doctor 91,2023-09-20
P0453,Brandon,Nelson,Doctor 23,2023-09-20
P0570,Lisa,Young,Doctor 75,2023-09-20
P0577,Emma,Brown,Doctor 30,2023-09-20
P0777,Michelle,Kim,Doctor 76,2023-09-20
P0818,Shirley,Alvarez,Doctor 6,2023-09-20
P0943,Amy,Allen,Doctor 38,2023-09-20
P0977,Rebecca,Adams,Doctor 82,2023-09-20
P1083,Ruth,Brown,Doctor 2,2023-09-20
P1275,Susan,Howard,Doctor 18,2023-09-20
P1336,Anna,Bailey,Doctor 66,2023-09-20
P1443,Matthew,Davis,Doctor 83,2023-09-20
P0031,Christopher,Thompson,Doctor 74,2023-09-21
P0054,Thomas,Rivera,Doctor 63,2023-09-21
P0159,Virginia,Gonzalez,Doctor 63,2023-09-21
P0260,Michelle,Watson,Doctor 11,2023-09-21
P0286,Gregory,Howard,Doctor 49,2023-09-21
P0302,John,Miller,Doctor 51,2023-09-21
P0356,Sarah,Martin,Doctor 63,2023-09-21
P0554,Raymond,Williams,Doctor 27,2023-09-21
P0618,Helen,Perez,Doctor 32,2023-09-21
P0671,Emma,Robinson,Doctor 67,2023-09-21
P0871,Nancy,King,Doctor 32,2023-09-21
P0928,Kimberly,Bennett,Doctor 92,2023-09-21
P0980,Brandon,Diaz,Doctor 74,2023-09-21
P1280,Edward,Young,Doctor 14,2023-09-21
P1365,Sharon,Brown,Doctor 35,2023-09-21
P1386,Linda,Bennett,Doctor 30,2023-09-21
P1502,Angela,Phillips,Doctor 35,2023-09-21
P0026,Larry,James,Doctor 23,2023-09-22
P0073,Ryan,Martin,Doctor 68,2023-09-22
P0093,Laura,Walker,Doctor 24,2023-09-22
P0212,Richard,Myers,Doctor 83,2023-09-22
P0267,Nancy,Anderson,Doctor 76,2023-09-22
P0355,Kenneth,Bennett,Doctor 54,2023-09-22
P0493,Gary,Sanchez,Doctor 73,2023-09-22
P0501,Helen,Martinez,Doctor 70,2023-09-22
P0529,Sandra,Parker,Doctor 81,2023-09-22
P0539,Larry,Bennett,Doctor 10,2023-09-22
P0793,Thomas,Diaz,Doctor 54,2023-09-22
P0891,Ryan,Morgan,Doctor 38,2023-09-22
P0922,Kenneth,Murphy,Doctor 65,2023-09-22
P0995,Ruth,Richardson,Doctor 100,2023-09-22
P1014,Edward,Cooper,Doctor 53,2023-09-22
P1014,Edward,Cooper,Doctor 26,2023-09-22
P1041,Kimberly,Gutierrez,Doctor 62,2023-09-22
P1055,Jack,Parker,Doctor 3,2023-09-22
P1141,Rebecca,Anderson,Doctor 26,2023-09-22
P1147,Justin,Diaz,Doctor 34,2023-09-22
P1192,Betty,Lee,Doctor 13,2023-09-22
P1303,Melissa,Garcia,Doctor 25,2023-09-22
P1355,Daniel,Patel,Doctor 31,2023-09-22
P1370,Joseph,Wright,Doctor 89,2023-09-22
P0002,Jose,Ruiz,Doctor 67,2023-09-23
P0018,John,Carter,Doctor 89,2023-09-23
P0143,Gary,Nelson,Doctor 32,2023-09-23
P0265,Virginia,Smith,Doctor 42,2023-09-23
P0288,Justin,Wright,Doctor 77,2023-09-23
P0337,Brenda,Collins,Doctor 93,2023-09-23
P0357,Kevin,Jones,Doctor 65,2023-09-23
P0392,Dorothy,Anderson,Doctor 6,2023-09-23
P0443,Sarah,Chavez,Doctor 4,2023-09-23
P0472,Donna,Young,Doctor 8,2023-09-23
P0486,Sarah,Taylor,Doctor 38,2023-09-23
P0542,Deborah,Morales,Doctor 23,2023-09-23
P0609,Benjamin,White,Doctor 51,2023-09-23
P0782,Tyler,Anderson,Doctor 72,2023-09-23
P0918,William,Hughes,Doctor 49,2023-09-23
P0971,Anthony,Lewis,Doctor 6,2023-09-23
P0975,Joseph,Torres,Doctor 43,2023-09-23
P1040,Betty,Murphy,Doctor 49,2023-09-23
P1161,Anna,Kim,Doctor 24,2023-09-23
P1196,Carol,Nguyen,Doctor 2,2023-09-23
P1317,Stephen,Cook,Doctor 40,2023-09-23
P1337,Carol,Harris,Doctor 25,2023-09-23
P1339,Benjamin,Thompson,Doctor 94,2023-09-23
P1485,Gregory,Harris,Doctor 100,2023-09-23
P1517,Sarah,Torres,Doctor 82,2023-09-23
P0063,Ronald,Nguyen,Doctor 40,2023-09-24
P0325,Emma,Anderson,Doctor 3,2023-09-24
P0333,Donna,Lee,Doctor 43,2023-09-24
P0442,William,Scott,Doctor 43,2023-09-24
P0490,Brenda,Kim,Doctor 25,2023-09-24
P0698,Stephen,Hughes,Doctor 72,2023-09-24
P0731,Brenda,Alvarez,Doctor 68,2023-09-24
P0744,Joshua,Anderson,Doctor 4,2023-09-24
P0781,Mary,Taylor,Doctor 96,2023-09-24
P0915,Helen,Taylor,Doctor 13,2023-09-24
P0945,Brenda,Chavez,Doctor 31,2023-09-24
P1033,Dorothy,Hernandez,Doctor 23,2023-09-24
P1105,Carol,Gutierrez,Doctor 46,2023-09-24
P1156,Frank,Rivera,Doctor 33,2023-09-24
P1247,Andrew,Cook,Doctor 33,2023-09-24
P1367,Donna,Ward,Doctor 74,2023-09-24
P1415,Jonathan,Rogers,Doctor 9,2023-09-24
P1417,Linda,Reed,Doctor 68,2023-09-24
P1466,Samuel,Brooks,Doctor 79,2023-09-24
P1520,Christopher,Garcia,Doctor 33,2023-09-24
P0035,Angela,Alvarez,Doctor 58,2023-09-25
P0139,Anna,King,Doctor 38,2023-09-25
P0345,Nancy,Hall,Doctor 52,2023-09-25
P0583,Donna,Alvarez,Doctor 52,2023-09-25
P0589,Rebecca,Harris,Doctor 76,2023-09-25
P0735,Alexander,Sanders,Doctor 80,2023-09-25
P0750,Kevin,Rodriguez,Doctor 47,2023-09-25
P0852,Raymond,Baker,Doctor 79,2023-09-25
P0858,Edward,Murphy,Doctor 32,2023-09-25
P0949,Deborah,Phillips,Doctor 31,2023-09-25
P0970,Daniel,Murphy,Doctor 49,2023-09-25
P1006,Stephen,Harris,Doctor 99,2023-09-25
P1016,George,Hughes,Doctor 100,2023-09-25
P1088,Dorothy,Morris,Doctor 10,2023-09-25
P1116,Helen,Lewis,Doctor 50,2023-09-25
P1232,Deborah,Wright,Doctor 17,2023-09-25
P1360,Betty,Jones,Doctor 58,2023-09-25
P1428,Susan,Mitchell,Doctor 86,2023-09-25
P1459,Brian,Bailey,Doctor 22,2023-09-25
P1478,Rebecca,Watson,Doctor 2,2023-09-25
P0029,Raymond,Gray,Doctor 23,2023-09-26
P0085,Raymond,Morgan,Doctor 80,2023-09-26
P0154,Jason,Carter,Doctor 46,2023-09-26
P0189,Anthony,Nelson,Doctor 43,2023-09-26
P0195,Deborah,Cox,Doctor 91,2023-09-26
P0198,Ruth,Thompson,Doctor 97,2023-09-26
P0265,Virginia,Smith,Doctor 42,2023-09-26
P0275,Nancy,Thompson,Doctor 46,2023-09-26
P0398,Linda,Bailey,Doctor 8,2023-09-26
P0417,Mark,Hall,Doctor 91,2023-09-26
P0456,Jonathan,Ward,Doctor 100,2023-09-26
P0480,Nancy,Clark,Doctor 41,2023-09-26
P0550,Carol,Martinez,Doctor 7,2023-09-26
P0561,Lisa,Lewis,Doctor 23,2023-09-26
P0653,Andrew,Jones,Doctor 7,2023-09-26
P0666,Scott,Roberts,Doctor 81,2023-09-26
P0683,Dorothy,Clark,Doctor 31,2023-09-26
P0842,Ronald,Sanders,Doctor 20,2023-09-26
P0860,Michael,Collins,Doctor 24,2023-09-26
P0861,Jason,Morris,Doctor 58,2023-09-26
P0873,Betty,Rivera,Doctor 38,2023-09-26
P0920,Nicholas,White,Doctor 73,2023-09-26
P1118,Robert,White,Doctor 32,2023-09-26
P1269,Tyler,Stewart,Doctor 61,2023-09-26
P1353,Sandra,Reed,Doctor 51,2023-09-26
P1380,Tyler,Evans,Doctor 84,2023-09-26
P0013,Cynthia,Richardson,Doctor 55,2023-09-27
P0051,Linda,Roberts,Doctor 85,2023-09-27
P0092,Jason,Morales,Doctor 15,2023-09-27
P0226,Laura,Murphy,Doctor 86,2023-09-27
P0231,Betty,Martin,Doctor 25,2023-09-27
P0276,Betty,Sanders,Doctor 82,2023-09-27
P0284,Ronald,Thompson,Doctor 13,2023-09-27
P0303,Jerry,Martin,Doctor 40,2023-09-27
P0382,Jose,Stewart,Doctor 81,2023-09-27
P0498,Edward,Myers,Doctor 95,2023-09-27
P0571,Michael,Morgan,Doctor 18,2023-09-27
P0606,Sandra,Rodriguez,Doctor 60,2023-09-27
P0670,Mary,Morgan,Doctor 86,2023-09-27
P0737,Lisa,Sanders,Doctor 85,2023-09-27
P0781,Mary,Taylor,Doctor 88,2023-09-27
P0864,Joseph,Alvarez,Doctor 76,2023-09-27
P0873,Betty,Rivera,Doctor 18,2023-09-27
P0961,Nancy,Ramos,Doctor 35,2023-09-27
P0979,Jennifer,Scott,Doctor 41,2023-09-27
P1157,James,Mendoza,Doctor 5,2023-09-27
P1171,Scott,Garcia,Doctor 53,2023-09-27
P1400,Sarah,King,Doctor 17,2023-09-27
P1482,Daniel,Cooper,Doctor 73,2023-09-27
P0128,Laura,Smith,Doctor 42,2023-09-28
P0154,Jason,Carter,Doctor 77,2023-09-28
P0167,Brenda,Morales,Doctor 73,2023-09-28
P0288,Justin,Wright,Doctor 77,2023-09-28
P0342,Charles,Nguyen,Doctor 26,2023-09-28
P0362,Christopher,Allen,Doctor 95,2023-09-28
P0445,Kevin,Diaz,Doctor 44,2023-09-28
P0667,Karen,Collins,Doctor 11,2023-09-28
P0748,Ruth,Morales,Doctor 79,2023-09-28
P0799,Virginia,Ortiz,Doctor 47,2023-09-28
P1009,Andrew,Murphy,Doctor 1,2023-09-28
P1042,Susan,Morris,Doctor 99,2023-09-28
P1238,Helen,Ramirez,Doctor 45,2023-09-28
P1293,Carol,Brooks,Doctor 37,2023-09-28
P1306,Anna,James,Doctor 60,2023-09-28
P1425,Tyler,Ramos,Doctor 22,2023-09-28
P1481,Emma,Lewis,Doctor 82,2023-09-28
P0002,Jose,Ruiz,Doctor 49,2023-09-29
P0113,Jessica,Moore,Doctor 30,2023-09-29
P0131,Robert,Ortiz,Doctor 95,2023-09-29
P0145,Susan,Ward,Doctor 63,2023-09-29
P0192,Carol,Morris,Doctor 16,2023-09-29
P0249,Elizabeth,Richardson,Doctor 76,2023-09-29
P0331,Michelle,Garcia,Doctor 60,2023-09-29
P0432,Michelle,Rivera,Doctor 79,2023-09-29
P0496,Benjamin,Morales,Doctor 39,2023-09-29
P0531,Kenneth,Wood,Doctor 36,2023-09-29
P0604,Jerry,Price,Doctor 52,2023-09-29
P0667,Karen,Collins,Doctor 70,2023-09-29
P0986,Sandra,Hughes,Doctor 5,2023-09-29
P0987,James,Alvarez,Doctor 31,2023-09-29
P0993,Brenda,Reed,Doctor 68,2023-09-29
P1035,Amy,Morgan,Doctor 36,2023-09-29
P1097,Donna,Reyes,Doctor 3,2023-09-29
P1116,Helen,Lewis,Doctor 50,2023-09-29
P1127,Shirley,Rodriguez,Doctor 42,2023-09-29
P1187,Matthew,Carter,Doctor 14,2023-09-29
P1286,Tyler,Phillips,Doctor 49,2023-09-29
P1342,Aaron,Brooks,Doctor 16,2023-09-29
P1401,Larry,Wood,Doctor 68,2023-09-29
P0146,Kathleen,White,Doctor 77,2023-09-30
P0161,Dennis,Cook,Doctor 20,2023-09-30
P0346,Steven,Adams,Doctor 100,2023-09-30
P0365,Scott,Robinson,Doctor 29,2023-09-30
P0377,Jessica,Martin,Doctor 16,2023-09-30
P0495,Mary,Hill,Doctor 22,2023-09-30
P0611,Daniel,Walker,Doctor 51,2023-09-30
P0614,Betty,James,Doctor 79,2023-09-30
P0741,Jeffrey,Kim,Doctor 15,2023-09-30
P0959,Benjamin,Stewart,Doctor 83,2023-09-30
P1016,George,Hughes,Doctor 100,2023-09-30
P1053,Jeffrey,Gutierrez,Doctor 90,2023-09-30
P1087,Deborah,Gutierrez,Doctor 66,2023-09-30
P1148,Jacob,Lopez,Doctor 69,2023-09-30
P1181,Robert,Lewis,Doctor 50,2023-09-30
P1242,Anthony,Kim,Doctor 61,2023-09-30
P1344,Anna,Castillo,Doctor 18,2023-09-30
P1424,Anna,Phillips,Doctor 12,2023-09-30
P1483,Donna,Rogers,Doctor 19,2023-09-30
P0118,Joseph,Nelson,Doctor 3,2023-10-01
P0207,Amy,Anderson,Doctor 96,2023-10-01
P0369,Michael,Nguyen,Doctor 59,2023-10-01
P0397,Patrick,Parker,Doctor 7,2023-10-01
P0418,Tyler,Chavez,Doctor 27,2023-10-01
P0460,Rebecca,Cooper,Doctor 72,2023-10-01
P0572,Amy,Ramirez,Doctor 75,2023-10-01
P0685,Betty,Rogers,Doctor 49,2023-10-01
P0788,Emma,Allen,Doctor 96,2023-10-01
P0935,Anthony,Campbell,Doctor 62,2023-10-01
P0943,Amy,Allen,Doctor 38,2023-10-01
P1011,Jerry,Wood,Doctor 31,2023-10-01
P1057,Ryan,Cruz,Doctor 77,2023-10-01
P1118,Robert,White,Doctor 72,2023-10-01
P1127,Shirley,Rodriguez,Doctor 42,2023-10-01
P1203,Eric,Cooper,Doctor 26,2023-10-01
P1297,Kenneth,Roberts,Doctor 76,2023-10-01
P1365,Sharon,Brown,Doctor 35,2023-10-01
P1381,Kevin,Mendoza,Doctor 81,2023-10-01
P1397,Raymond,Moore,Doctor 3,2023-10-01
P1444,Dorothy,Evans,Doctor 20,2023-10-01
P1489,Andrew,Richardson,Doctor 10,2023-10-01
P0041,Nancy,Johnson,Doctor 13,2023-10-02
P0056,Jessica,Smith,Doctor 27,2023-10-02
P0057,Mark,Martin,Doctor 26,2023-10-02
P0070,Joseph,Cruz,Doctor 35,2023-10-02
P0081,Michael,Alvarez,Doctor 23,2023-10-02
P0084,Laura,Moore,Doctor 92,2023-10-02
P0115,Nancy,Myers,Doctor 37,2023-10-02
P0331,Michelle,Garcia,Doctor 60,2023-10-02
P0351,Jonathan,Williams,Doctor 89,2023-10-02
P0514,Matthew,Nguyen,Doctor 96,2023-10-02
P0540,Patrick,Thomas,Doctor 24,2023-10-02
P0576,Mark,Gutierrez,Doctor 40,2023-10-02
P0580,Kimberly,White,Doctor 13,2023-10-02
P0765,Brian,Rodriguez,Doctor 96,2023-10-02
P0935,Anthony,Campbell,Doctor 62,2023-10-02
P0941,John,Bennett,Doctor 83,2023-10-02
P0998,Alexander,Morris,Doctor 46,2023-10-02
P1084,Ruth,Davis,Doctor 30,2023-10-02
P1146,Cynthia,Bennett,Doctor 92,2023-10-02
P1184,George,Ruiz,Doctor 80,2023-10-02
P1190,Mark,Thomas,Doctor 87,2023-10-02
P1352,Kathleen,Jackson,Doctor 97,2023-10-02
P1416,Aaron,Turner,Doctor 88,2023-10-02
P0194,Nancy,Harris,Doctor 8,2023-10-03
P0260,Michelle,Watson,Doctor 11,2023-10-03
P0267,Nancy,Anderson,Doctor 80,2023-10-03
P0374,Ruth,Lopez,Doctor 9,2023-10-03
P0460,Rebecca,Cooper,Doctor 72,2023-10-03
P0528,William,Wilson,Doctor 5,2023-10-03
P0641,Ronald,Myers,Doctor 52,2023-10-03
P0663,Michelle,Alvarez,Doctor 70,2023-10-03
P0801,Tyler,Mitchell,Doctor 85,2023-10-03
P0900,Sharon,Martin,Doctor 87,2023-10-03
P0937,Samuel,Kim,Doctor 32,2023-10-03
P0979,Jennifer,Scott,Doctor 41,2023-10-03
P1119,Robert,Robinson,Doctor 5,2023-10-03
P1136,Jerry,Kelly,Doctor 88,2023-10-03
P1149,Helen,Morris,Doctor 50,2023-10-03
P1253,Melissa,Jackson,Doctor 34,2023-10-03
P1386,Linda,Bennett,Doctor 78,2023-10-03
P1388,Rebecca,Rodriguez,Doctor 98,2023-10-03
P1395,Carol,Mendoza,Doctor 80,2023-10-03
P1403,Christopher,Torres,Doctor 83,2023-10-03
P1428,Susan,Mitchell,Doctor 86,2023-10-03
P1445,Nancy,Ramirez,Doctor 91,2023-10-03
P1473,Michelle,Cooper,Doctor 85,2023-10-03
P1493,David,Howard,Doctor 98,2023-10-03
P1523,Laura,Taylor,Doctor 6,2023-10-03
P1525,Karen,Roberts,Doctor 58,2023-10-03
P0005,Helen,Anderson,Doctor 97,2023-10-04
P0058,Deborah,Myers,Doctor 34,2023-10-04
P0166,Daniel,Alvarez,Doctor 25,2023-10-04
P0206,Raymond,Thompson,Doctor 24,2023-10-04
P0221,Scott,Hernandez,Doctor 3,2023-10-04
P0280,Jeffrey,James,Doctor 66,2023-10-04
P0312,Jack,Patel,Doctor 44,2023-10-04
P0494,Jacob,Nelson,Doctor 73,2023-10-04
P0525,Jerry,Gray,Doctor 13,2023-10-04
P0530,Gregory,Collins,Doctor 48,2023-10-04
P0543,Patrick,Ramos,Doctor 100,2023-10-04
P0625,Aaron,Gutierrez,Doctor 40,2023-10-04
P0682,Ronald,Nelson,Doctor 86,2023-10-04
P0809,Kimberly,Mendoza,Doctor 8,2023-10-04
P0937,Samuel,Kim,Doctor 32,2023-10-04
P0966,Andrew,Gomez,Doctor 90,2023-10-04
P1008,Betty,Ramos,Doctor 68,2023-10-04
P1112,Joseph,Perez,Doctor 36,2023-10-04
P1117,Raymond,Ortiz,Doctor 67,2023-10-04
P1164,Lisa,Nguyen,Doctor 16,2023-10-04
P1215,Linda,Jones,Doctor 12,2023-10-04
P1423,Justin,Thomas,Doctor 100,2023-10-04
P1472,Eric,Roberts,Doctor 52,2023-10-04
P1480,Elizabeth,Ortiz,Doctor 20,2023-10-04
P1484,Cynthia,Mitchell,Doctor 85,2023-10-04
P1493,David,Howard,Doctor 98,2023-10-04
P1513,Ryan,Gutierrez,Doctor 16,2023-10-04
P1519,Larry,Collins,Doctor 62,2023-10-04
P0013,Cynthia,Richardson,Doctor 55,2023-10-05
P0233,Donna,Nguyen,Doctor 34,2023-10-05
P0260,Michelle,Watson,Doctor 11,2023-10-05
P0351,Jonathan,Williams,Doctor 89,2023-10-05
P0384,Nicholas,Cooper,Doctor 13,2023-10-05
P0433,Kenneth,Baker,Doctor 5,2023-10-05
P0486,Sarah,Taylor,Doctor 38,2023-10-05
P0535,Jason,Watson,Doctor 11,2023-10-05
P0584,Dorothy,Cook,Doctor 7,2023-10-05
P0646,Justin,Watson,Doctor 20,2023-10-05
P0666,Scott,Roberts,Doctor 50,2023-10-05
P0776,Steven,Watson,Doctor 63,2023-10-05
P0796,Jerry,Wright,Doctor 54,2023-10-05
P0812,Kimberly,Mitchell,Doctor 12,2023-10-05
P0834,Stephen,Morgan,Doctor 31,2023-10-05
P0887,Matthew,Martinez,Doctor 5,2023-10-05
P0922,Kenneth,Murphy,Doctor 65,2023-10-05
P0956,Thomas,Hall,Doctor 23,2023-10-05
P0992,Kevin,Green,Doctor 1,2023-10-05
P1080,Gregory,Murphy,Doctor 24,2023-10-05
P1123,Kevin,Edwards,Doctor 100,2023-10-05
P1137,Eric,Collins,Doctor 35,2023-10-05
P1194,Melissa,Torres,Doctor 95,2023-10-05
P1282,Jennifer,Walker,Doctor 56,2023-10-05
P1326,Rebecca,Myers,Doctor 70,2023-10-05
P1377,George,Clark,Doctor 9,2023-10-05
P1437,Aaron,Jones,Doctor 25,2023-10-05
P1457,Kevin,Wilson,Doctor 16,2023-10-05
P1468,Virginia,Wilson,Doctor 92,2023-10-05
P1482,Daniel,Cooper,Doctor 73,2023-10-05
P1491,Timothy,Walker,Doctor 23,2023-10-05
P0114,Edward,Torres,Doctor 71,2023-10-06
P0131,Robert,Ortiz,Doctor 95,2023-10-06
P0165,Brenda,Gomez,Doctor 39,2023-10-06
P0223,Aaron,Cox,Doctor 70,2023-10-06
P0258,Ronald,Murphy,Doctor 84,2023-10-06
P0278,Helen,Cox,Doctor 39,2023-10-06
P0315,Steven,Martin,Doctor 79,2023-10-06
P0321,Jacob,Nguyen,Doctor 11,2023-10-06
P0402,Jeffrey,King,Doctor 64,2023-10-06
P0455,Frank,Chavez,Doctor 92,2023-10-06
P0467,Jessica,Wood,Doctor 22,2023-10-06
P0485,Deborah,Ramirez,Doctor 13,2023-10-06
P0719,Justin,Ramos,Doctor 9,2023-10-06
P0739,Kimberly,Smith,Doctor 3,2023-10-06
P0778,Donna,Reed,Doctor 28,2023-10-06
P0847,Brenda,Robinson,Doctor 33,2023-10-06
P0898,Anthony,Collins,Doctor 16,2023-10-06
P1033,Dorothy,Hernandez,Doctor 23,2023-10-06
P1116,Helen,Lewis,Doctor 50,2023-10-06
P1294,Brandon,Alvarez,Doctor 73,2023-10-06
P1453,Timothy,Brown,Doctor 73,2023-10-06
P1514,Mary,Turner,Doctor 62,2023-10-06
P0025,Melissa,Turner,Doctor 15,2023-10-07
P0049,George,Smith,Doctor 64,2023-10-07
P0173,Mary,Ramos,Doctor 76,2023-10-07
P0194,Nancy,Harris,Doctor 8,2023-10-07
P0237,Donna,Garcia,Doctor 96,2023-10-07
P0610,Gary,Bailey,Doctor 39,2023-10-07
P0655,Matthew,Adams,Doctor 85,2023-10-07
P0696,Gary,Ramirez,Doctor 39,2023-10-07
P0803,Matthew,Gray,Doctor 99,2023-10-07
P0826,Nancy,Edwards,Doctor 55,2023-10-07
P0994,Kathleen,Hill,Doctor 80,2023-10-07
P1049,Jeffrey,Adams,Doctor 27,2023-10-07
P1113,Patricia,Cruz,Doctor 77,2023-10-07
P1176,Jacob,Sanchez,Doctor 88,2023-10-07
P1183,Michael,Cruz,Doctor 74,2023-10-07
P1210,Charles,Anderson,Doctor 66,2023-10-07
P1315,Sharon,Phillips,Doctor 55,2023-10-07
P1385,Kenneth,Morales,Doctor 28,2023-10-07
P1395,Carol,Mendoza,Doctor 80,2023-10-07
P1464,Anna,Howard,Doctor 70,2023-10-07
P1494,Nicholas,Jackson,Doctor 64,2023-10-07
P0013,Cynthia,Richardson,Doctor 55,2023-10-08
P0064,John,Phillips,Doctor 79,2023-10-08
P0118,Joseph,Nelson,Doctor 3,2023-10-08
P0213,Karen,Hughes,Doctor 12,2023-10-08
P0333,Donna,Lee,Doctor 9,2023-10-08
P0390,Jerry,Hughes,Doctor 71,2023-10-08
P0979,Jennifer,Scott,Doctor 41,2023-10-08
P1165,Joshua,Richardson,Doctor 24,2023-10-08
P1233,Tyler,Turner,Doctor 64,2023-10-08
P1260,Patricia,Brooks,Doctor 62,2023-10-08
P1278,Jessica,Brooks,Doctor 30,2023-10-08
P1349,Edward,Cruz,Doctor 53,2023-10-08
P1349,Edward,Cruz,Doctor 17,2023-10-08
P1447,Benjamin,Chavez,Doctor 7,2023-10-08
P1452,Karen,Flores,Doctor 59,2023-10-08
P0058,Deborah,Myers,Doctor 34,2023-10-09
P0220,Carol,Mitchell,Doctor 10,2023-10-09
P0250,Kimberly,Green,Doctor 58,2023-10-09
P0277,Jennifer,Lewis,Doctor 12,2023-10-09
P0322,Laura,Perez,Doctor 53,2023-10-09
P0333,Donna,Lee,Doctor 9,2023-10-09
P0380,Gary,Watson,Doctor 20,2023-10-09
P0386,William,Bennett,Doctor 93,2023-10-09
P0413,Donald,Bennett,Doctor 94,2023-10-09
P0418,Tyler,Chavez,Doctor 27,2023-10-09
P0430,Sarah,Evans,Doctor 59,2023-10-09
P0530,Gregory,Collins,Doctor 4,2023-10-09
P0559,Dorothy,Reyes,Doctor 6,2023-10-09
P0598,Nancy,Miller,Doctor 80,2023-10-09
P0654,Laura,Bailey,Doctor 7,2023-10-09
P0755,Rebecca,Nelson,Doctor 83,2023-10-09
P0843,Karen,Brown,Doctor 69,2023-10-09
P1049,Jeffrey,Adams,Doctor 27,2023-10-09
P1134,Christopher,Gray,Doctor 23,2023-10-09
P1197,Dennis,Watson,Doctor 28,2023-10-09
P1218,Jerry,Flores,Doctor 53,2023-10-09
P1230,Benjamin,Gonzalez,Doctor 31,2023-10-09
P1241,Jonathan,Carter,Doctor 38,2023-10-09
P1427,Brandon,Morgan,Doctor 4,2023-10-09
P1453,Timothy,Brown,Doctor 63,2023-10-09
P1469,Betty,Howard,Doctor 78,2023-10-09
P0062,Benjamin,Flores,Doctor 70,2023-10-10
P0152,Betty,Young,Doctor 52,2023-10-10
P0184,Kenneth,Johnson,Doctor 7,2023-10-10
P0265,Virginia,Smith,Doctor 42,2023-10-10
P0381,Sarah,Young,Doctor 97,2023-10-10
P0439,Charles,Gutierrez,Doctor 54,2023-10-10
P0589,Rebecca,Harris,Doctor 1,2023-10-10
P0598,Nancy,Miller,Doctor 80,2023-10-10
P0621,Alexander,Rodriguez,Doctor 34,2023-10-10
P0699,Sarah,Perez,Doctor 7,2023-10-10
P0705,Carol,Smith,Doctor 99,2023-10-10
P0744,Joshua,Anderson,Doctor 4,2023-10-10
P0921,Frank,Lopez,Doctor 39,2023-10-10
P0925,Nicholas,Campbell,Doctor 60,2023-10-10
P1000,Jennifer,White,Doctor 60,2023-10-10
P1030,Karen,Anderson,Doctor 43,2023-10-10
P1168,Samuel,Rivera,Doctor 98,2023-10-10
P1293,Carol,Brooks,Doctor 37,2023-10-10
P1500,Eric,Nguyen,Doctor 84,2023-10-10
P1513,Ryan,Gutierrez,Doctor 16,2023-10-10
P0066,Richard,Murphy,Doctor 3,2023-10-11
P0178,Betty,Thomas,Doctor 61,2023-10-11
P0578,Richard,Anderson,Doctor 90,2023-10-11
P0622,Deborah,Lopez,Doctor 20,2023-10-11
P0660,Donna,Johnson,Doctor 58,2023-10-11
P0814,Mark,Gomez,Doctor 80,2023-10-11
P0871,Nancy,King,Doctor 32,2023-10-11
P0955,John,Moore,Doctor 76,2023-10-11
P1006,Stephen,Harris,Doctor 99,2023-10-11
P1023,Carol,Perez,Doctor 78,2023-10-11
P1177,Scott,James,Doctor 94,2023-10-11
P1218,Jerry,Flores,Doctor 53,2023-10-11
P1253,Melissa,Jackson,Doctor 94,2023-10-11
P1341,Steven,Ward,Doctor 30,2023-10-11
P1378,Nancy,Jones,Doctor 73,2023-10-11
P1383,James,Bennett,Doctor 27,2023-10-11
P1442,Frank,Bailey,Doctor 31,2023-10-11
P0023,Brenda,Anderson,Doctor 22,2023-10-12
P0138,Deborah,Reyes,Doctor 65,2023-10-12
P0216,Nancy,Sanders,Doctor 12,2023-10-12
P0293,Betty,Chavez,Doctor 89,2023-10-12
P0299,Timothy,Green,Doctor 21,2023-10-12
P0423,Kimberly,Peterson,Doctor 13,2023-10-12
P0479,Steven,Evans,Doctor 63,2023-10-12
P0558,Andrew,Smith,Doctor 5,2023-10-12
P0605,Kimberly,Hughes,Doctor 55,2023-10-12
P0621,Alexander,Rodriguez,Doctor 32,2023-10-12
P0662,Patrick,Ward,Doctor 45,2023-10-12
P0682,Ronald,Nelson,Doctor 11,2023-10-12
P0761,Brenda,Richardson,Doctor 98,2023-10-12
P0878,Donna,Gutierrez,Doctor 30,2023-10-12
P1009,Andrew,Murphy,Doctor 35,2023-10-12
P1030,Karen,Anderson,Doctor 43,2023-10-12
P1186,Joshua,Green,Doctor 18,2023-10-12
P1239,Stephen,Edwards,Doctor 10,2023-10-12
P1241,Jonathan,Carter,Doctor 38,2023-10-12
P1296,Anthony,Murphy,Doctor 28,2023-10-12
P1303,Melissa,Garcia,Doctor 25,2023-10-12
P1334,Brenda,Moore,Doctor 75,2023-10-12
P0038,Edward,Nguyen,Doctor 40,2023-10-13
P0257,Eric,Stewart,Doctor 43,2023-10-13
P0290,Melissa,Lewis,Doctor 56,2023-10-13
P0324,Carol,Murphy,Doctor 55,2023-10-13
P0340,Jennifer,Roberts,Doctor 72,2023-10-13
P0404,Ruth,Flores,Doctor 65,2023-10-13
P0501,Helen,Martinez,Doctor 70,2023-10-13
P0766,Helen,Campbell,Doctor 51,2023-10-13
P0803,Matthew,Gray,Doctor 99,2023-10-13
P0838,Michelle,Rodriguez,Doctor 37,2023-10-13
P0883,Michelle,Sanders,Doctor 44,2023-10-13
P0958,Laura,Wilson,Doctor 100,2023-10-13
P1026,Sandra,Thomas,Doctor 79,2023-10-13
P1061,Laura,Morgan,Doctor 71,2023-10-13
P1065,Kathleen,Kim,Doctor 9,2023-10-13
P1098,Gary,Gray,Doctor 47,2023-10-13
P1102,Robert,Brown,Doctor 42,2023-10-13
P1334,Brenda,Moore,Doctor 75,2023-10-13
P1410,Donald,Phillips,Doctor 22,2023-10-13
P1441,Lisa,Cooper,Doctor 56,2023-10-13
P1477,Justin,Kelly,Doctor 53,2023-10-13
P1495,Jacob,Sanders,Doctor 41,2023-10-13
P0012,Eric,Gomez,Doctor 84,2023-10-14
P0030,Jonathan,Campbell,Doctor 84,2023-10-14
P0126,Sharon,Patel,Doctor 18,2023-10-14
P0174,Patricia,Brown,Doctor 91,2023-10-14
P0189,Anthony,Nelson,Doctor 43,2023-10-14
P0211,Laura,Nguyen,Doctor 1,2023-10-14
P0219,Stephen,Johnson,Doctor 96,2023-10-14
P0229,Christopher,Johnson,Doctor 32,2023-10-14
P0310,Sandra,Jackson,Doctor 15,2023-10-14
P0339,Shirley,Sanchez,Doctor 100,2023-10-14
P0358,Brandon,Reed,Doctor 43,2023-10-14
P0428,Sandra,Ramirez,Doctor 34,2023-10-14
P0443,Sarah,Chavez,Doctor 4,2023-10-14
P0444,Matthew,Reed,Doctor 99,2023-10-14
P0731,Brenda,Alvarez,Doctor 68,2023-10-14
P0756,Joseph,Bennett,Doctor 64,2023-10-14
P0778,Donna,Reed,Doctor 59,2023-10-14
P0817,Mary,White,Doctor 18,2023-10-14
P0830,Jacob,Lee,Doctor 54,2023-10-14
P0851,Anna,Collins,Doctor 67,2023-10-14
P0882,Justin,White,Doctor 17,2023-10-14
P0899,Angela,Flores,Doctor 90,2023-10-14
P0934,Jack,Gonzalez,Doctor 29,2023-10-14
P1007,Robert,Adams,Doctor 5,2023-10-14
P1076,Sarah,Reed,Doctor 20,2023-10-14
P1231,Linda,Hughes,Doctor 34,2023-10-14
P1238,Helen,Ramirez,Doctor 45,2023-10-14
P1452,Karen,Flores,Doctor 59,2023-10-14
P1468,Virginia,Wilson,Doctor 92,2023-10-14
P0026,Larry,James,Doctor 23,2023-10-15
P0149,Jacob,Cox,Doctor 4,2023-10-15
P0168,Betty,Gomez,Doctor 80,2023-10-15
P0274,Brenda,Peterson,Doctor 10,2023-10-15
P0338,Jessica,Rodriguez,Doctor 28,2023-10-15
P0347,Tyler,Morris,Doctor 29,2023-10-15
P0347,Tyler,Morris,Doctor 29,2023-10-15
P0356,Sarah,Martin,Doctor 63,2023-10-15
P0556,Daniel,Allen,Doctor 88,2023-10-15
P0602,Sarah,Ortiz,Doctor 21,2023-10-15
P0628,Daniel,Reyes,Doctor 21,2023-10-15
P0637,Sarah,Clark,Doctor 31,2023-10-15
P0855,Kevin,Lewis,Doctor 43,2023-10-15
P0888,Helen,Jones,Doctor 1,2023-10-15
P0930,Virginia,Harris,Doctor 87,2023-10-15
P0946,Anna,Wood,Doctor 59,2023-10-15
P1222,Larry,Wright,Doctor 12,2023-10-15
P1232,Deborah,Wright,Doctor 17,2023-10-15
P1399,Ruth,Bailey,Doctor 35,2023-10-15
P1410,Donald,Phillips,Doctor 22,2023-10-15
P1507,Joshua,Stewart,Doctor 89,2023-10-15
P1508,Michael,Gonzalez,Doctor 35,2023-10-15
P1532,Patrick,Thompson,Doctor 16,2023-10-15
P0010,Kimberly,Nelson,Doctor 6,2023-10-16
P0080,Sharon,Miller,Doctor 68,2023-10-16
P0138,Deborah,Reyes,Doctor 57,2023-10-16
P0209,Brenda,Harris,Doctor 65,2023-10-16
P0224,Sarah,Wright,Doctor 10,2023-10-16
P0261,Angela,Garcia,Doctor 51,2023-10-16
P0390,Jerry,Hughes,Doctor 71,2023-10-16
P0401,Karen,Allen,Doctor 25,2023-10-16
P0423,Kimberly,Peterson,Doctor 13,2023-10-16
P0463,Helen,Stewart,Doctor 24,2023-10-16
P0509,Jonathan,Taylor,Doctor 15,2023-10-16
P0589,Rebecca,Harris,Doctor 1,2023-10-16
P0592,Jessica,Gutierrez,Doctor 78,2023-10-16
P0694,Charles,Mitchell,Doctor 12,2023-10-16
P0725,Kenneth,Alvarez,Doctor 65,2023-10-16
P0811,Sarah,Phillips,Doctor 18,2023-10-16
P0957,Ronald,Green,Doctor 28,2023-10-16
P1115,Cynthia,Smith,Doctor 15,2023-10-16
P1476,Susan,Cook,Doctor 59,2023-10-16
P1499,Angela,Cruz,Doctor 36,2023-10-16
P1536,Dorothy,Thompson,Doctor 100,2023-10-16
P0322,Laura,Perez,Doctor 53,2023-10-17
P0364,Cynthia,Watson,Doctor 93,2023-10-17
P0388,Anthony,Flores,Doctor 97,2023-10-17
P0426,Betty,Reed,Doctor 36,2023-10-17
P0535,Jason,Watson,Doctor 11,2023-10-17
P0710,Barbara,Green,Doctor 37,2023-10-17
P0992,Kevin,Green,Doctor 1,2023-10-17
P1039,George,Phillips,Doctor 7,2023-10-17
P1083,Ruth,Brown,Doctor 2,2023-10-17
P1119,Robert,Robinson,Doctor 22,2023-10-17
P1182,Patrick,Martin,Doctor 51,2023-10-17
P1270,Frank,Castillo,Doctor 32,2023-10-17
P1270,Frank,Castillo,Doctor 32,2023-10-17
P1277,Betty,Peterson,Doctor 66,2023-10-17
P1299,Sarah,Murphy,Doctor 95,2023-10-17
P1340,Karen,James,Doctor 91,2023-10-17
P1372,Mark,James,Doctor 96,2023-10-17
P1473,Michelle,Cooper,Doctor 85,2023-10-17
P1496,Virginia,King,Doctor 84,2023-10-17
P0016,Sarah,Richardson,Doctor 88,2023-10-18
P0088,Jessica,Turner,Doctor 72,2023-10-18
P0173,Mary,Ramos,Doctor 76,2023-10-18
P0216,Nancy,Sanders,Doctor 68,2023-10-18
P0253,Justin,Davis,Doctor 68,2023-10-18
P0330,Joseph,Cox,Doctor 76,2023-10-18
P0461,Nicholas,Gray,Doctor 21,2023-10-18
P0465,David,Davis,Doctor 27,2023-10-18
P0473,Jonathan,Scott,Doctor 83,2023-10-18
P0522,Emma,Clark,Doctor 83,2023-10-18
P0609,Benjamin,White,Doctor 51,2023-10-18
P0638,Kimberly,Gray,Doctor 29,2023-10-18
P0682,Ronald,Nelson,Doctor 35,2023-10-18
P0686,Emma,Phillips,Doctor 77,2023-10-18
P1106,Dorothy,Edwards,Doctor 80,2023-10-18
P1153,Timothy,Sanchez,Doctor 38,2023-10-18
P1155,Aaron,Evans,Doctor 40,2023-10-18
P1186,Joshua,Green,Doctor 93,2023-10-18
P1279,Michelle,Morgan,Doctor 12,2023-10-18
P1349,Edward,Cruz,Doctor 17,2023-10-18
P1434,Sharon,Davis,Doctor 60,2023-10-18
P1495,Jacob,Sanders,Doctor 41,2023-10-18
P1502,Angela,Phillips,Doctor 35,2023-10-18
P1507,Joshua,Stewart,Doctor 31,2023-10-18
P1522,Benjamin,Hernandez,Doctor 76,2023-10-18
P0126,Sharon,Patel,Doctor 17,2023-10-19
P0143,Gary,Nelson,Doctor 32,2023-10-19
P0232,Deborah,Rodriguez,Doctor 90,2023-10-19
P0265,Virginia,Smith,Doctor 42,2023-10-19
P0301,Jonathan,Moore,Doctor 98,2023-10-19
P0359,Betty,Reyes,Doctor 64,2023-10-19
P0393,David,Wood,Doctor 40,2023-10-19
P0425,Larry,Ward,Doctor 96,2023-10-19
P0460,Rebecca,Cooper,Doctor 72,2023-10-19
P0699,Sarah,Perez,Doctor 7,2023-10-19
P0724,Laura,Reyes,Doctor 12,2023-10-19
P0749,Stephen,Alvarez,Doctor 23,2023-10-19
P0845,Barbara,Wright,Doctor 45,2023-10-19
P0912,Kevin,Nguyen,Doctor 3,2023-10-19
P0955,John,Moore,Doctor 76,2023-10-19
P1041,Kimberly,Gutierrez,Doctor 62,2023-10-19
P1105,Carol,Gutierrez,Doctor 46,2023-10-19
P1106,Dorothy,Edwards,Doctor 80,2023-10-19
P1139,Jason,Kelly,Doctor 66,2023-10-19
P1215,Linda,Jones,Doctor 12,2023-10-19
P1266,Donna,Miller,Doctor 50,2023-10-19
P1313,Samuel,Price,Doctor 24,2023-10-19
P1319,Virginia,Davis,Doctor 76,2023-10-19
P1327,Michael,Evans,Doctor 58,2023-10-19
P1376,Anna,Johnson,Doctor 31,2023-10-19
P1479,Nicholas,Davis,Doctor 77,2023-10-19
P0070,Joseph,Cruz,Doctor 35,2023-10-20
P0077,Thomas,King,Doctor 21,2023-10-20
P0082,Aaron,Martinez,Doctor 72,2023-10-20
P0085,Raymond,Morgan,Doctor 66,2023-10-20
P0198,Ruth,Thompson,Doctor 50,2023-10-20
P0229,Christopher,Johnson,Doctor 32,2023-10-20
P0315,Steven,Martin,Doctor 18,2023-10-20
P0340,Jennifer,Roberts,Doctor 72,2023-10-20
P0488,Samuel,Sanchez,Doctor 69,2023-10-20
P0749,Stephen,Alvarez,Doctor 23,2023-10-20
P0878,Donna,Gutierrez,Doctor 30,2023-10-20
P0887,Matthew,Martinez,Doctor 5,2023-10-20
P1224,Joseph,Parker,Doctor 86,2023-10-20
P1242,Anthony,Kim,Doctor 83,2023-10-20
P1308,Linda,Peterson,Doctor 40,2023-10-20
P1310,Brandon,Gonzalez,Doctor 79,2023-10-20
P1328,Eric,Rivera,Doctor 81,2023-10-20
P1436,Kenneth,Mendoza,Doctor 85,2023-10-20
P0113,Jessica,Moore,Doctor 30,2023-10-21
P0160,Anthony,Williams,Doctor 49,2023-10-21
P0212,Richard,Myers,Doctor 83,2023-10-21
P0274,Brenda,Peterson,Doctor 10,2023-10-21
P0317,George,Ramirez,Doctor 4,2023-10-21
P0343,Kenneth,Cruz,Doctor 47,2023-10-21
P0391,Thomas,Hernandez,Doctor 47,2023-10-21
P0442,William,Scott,Doctor 43,2023-10-21
P0528,William,Wilson,Doctor 84,2023-10-21
P0575,Steven,Garcia,Doctor 22,2023-10-21
P0612,Nicholas,Bailey,Doctor 93,2023-10-21
P0620,Jacob,Castillo,Doctor 39,2023-10-21
P0644,Charles,Robinson,Doctor 34,2023-10-21
P0745,Jonathan,Gonzalez,Doctor 21,2023-10-21
P0770,Laura,Hughes,Doctor 10,2023-10-21
P0832,Kimberly,Young,Doctor 75,2023-10-21
P0857,Stephen,Williams,Doctor 31,2023-10-21
P0907,Mark,Anderson,Doctor 41,2023-10-21
P1044,Sharon,Hughes,Doctor 62,2023-10-21
P1074,Ruth,Martinez,Doctor 96,2023-10-21
P1124,Joseph,Kelly,Doctor 42,2023-10-21
P1218,Jerry,Flores,Doctor 89,2023-10-21
P1230,Benjamin,Gonzalez,Doctor 97,2023-10-21
P1269,Tyler,Stewart,Doctor 61,2023-10-21
P1469,Betty,Howard,Doctor 97,2023-10-21
P1510,Betty,Moore,Doctor 26,2023-10-21
P1512,Jason,Anderson,Doctor 4,2023-10-21
P0053,Sharon,Roberts,Doctor 93,2023-10-22
P0132,Kimberly,Torres,Doctor 35,2023-10-22
P0195,Deborah,Cox,Doctor 91,2023-10-22
P0397,Patrick,Parker,Doctor 7,2023-10-22
P0618,Helen,Perez,Doctor 32,2023-10-22
P0706,John,King,Doctor 44,2023-10-22
P0718,Richard,Miller,Doctor 27,2023-10-22
P0740,William,Sanders,Doctor 45,2023-10-22
P0800,Brian,Miller,Doctor 46,2023-10-22
P0970,Daniel,Murphy,Doctor 49,2023-10-22
P1020,James,Cook,Doctor 36,2023-10-22
P1044,Sharon,Hughes,Doctor 62,2023-10-22
P1068,Nicholas,Johnson,Doctor 38,2023-10-22
P1075,Ryan,Allen,Doctor 89,2023-10-22
P1131,Christopher,Diaz,Doctor 10,2023-10-22
P1139,Jason,Kelly,Doctor 29,2023-10-22
P1180,Scott,Taylor,Doctor 62,2023-10-22
P1341,Steven,Ward,Doctor 30,2023-10-22
P1389,Laura,Stewart,Doctor 66,2023-10-22
P1445,Nancy,Ramirez,Doctor 91,2023-10-22
P0009,Jerry,Evans,Doctor 83,2023-10-23
P0055,Amy,Alvarez,Doctor 66,2023-10-23
P0065,Amy,Collins,Doctor 86,2023-10-23
P0141,Anthony,Howard,Doctor 47,2023-10-23
P0156,Brenda,Sanchez,Doctor 8,2023-10-23
P0181,Betty,Patel,Doctor 20,2023-10-23
P0193,Anthony,Lopez,Doctor 9,2023-10-23
P0407,Kenneth,Adams,Doctor 91,2023-10-23
P0451,Anna,Reyes,Doctor 90,2023-10-23
P0459,Jose,Bennett,Doctor 99,2023-10-23
P0471,Daniel,Adams,Doctor 98,2023-10-23
P0588,Anna,Williams,Doctor 85,2023-10-23
P0739,Kimberly,Smith,Doctor 3,2023-10-23
P0761,Brenda,Richardson,Doctor 85,2023-10-23
P0840,Emma,Cruz,Doctor 85,2023-10-23
P0891,Ryan,Morgan,Doctor 38,2023-10-23
P0998,Alexander,Morris,Doctor 46,2023-10-23
P1166,Jonathan,Baker,Doctor 38,2023-10-23
P1186,Joshua,Green,Doctor 93,2023-10-23
P1200,Ruth,Reyes,Doctor 15,2023-10-23
P1272,Patrick,Jones,Doctor 43,2023-10-23
P1368,Christopher,Lewis,Doctor 49,2023-10-23
P1388,Rebecca,Rodriguez,Doctor 98,2023-10-23
P0183,Amy,Scott,Doctor 86,2023-10-24
P0235,Daniel,Flores,Doctor 16,2023-10-24
P0236,Laura,Turner,Doctor 83,2023-10-24
P0263,Melissa,Gutierrez,Doctor 43,2023-10-24
P0354,Jack,Wright,Doctor 10,2023-10-24
P0413,Donald,Bennett,Doctor 94,2023-10-24
P0537,Andrew,Jackson,Doctor 71,2023-10-24
P0652,Ronald,Gonzalez,Doctor 10,2023-10-24
P0732,Andrew,Scott,Doctor 7,2023-10-24
P0795,Sandra,Gutierrez,Doctor 71,2023-10-24
P0906,Matthew,Harris,Doctor 15,2023-10-24
P0919,Jose,Nelson,Doctor 70,2023-10-24
P1064,Daniel,Carter,Doctor 13,2023-10-24
P1155,Aaron,Evans,Doctor 97,2023-10-24
P1173,Laura,Alvarez,Doctor 13,2023-10-24
P1182,Patrick,Martin,Doctor 51,2023-10-24
P1258,Gregory,Garcia,Doctor 57,2023-10-24
P1434,Sharon,Davis,Doctor 60,2023-10-24
P0086,Laura,Ruiz,Doctor 70,2023-10-25
P0366,Deborah,Rogers,Doctor 45,2023-10-25
P0580,Kimberly,White,Doctor 56,2023-10-25
P0616,Ronald,Price,Doctor 80,2023-10-25
P0715,Kimberly,Stewart,Doctor 22,2023-10-25
P0979,Jennifer,Scott,Doctor 41,2023-10-25
P1000,Jennifer,White,Doctor 60,2023-10-25
P1070,Deborah,Gonzalez,Doctor 34,2023-10-25
P1101,Richard,Sanchez,Doctor 28,2023-10-25
P1112,Joseph,Perez,Doctor 36,2023-10-25
P1165,Joshua,Richardson,Doctor 24,2023-10-25
P1287,Ruth,James,Doctor 70,2023-10-25
P1343,Elizabeth,Rogers,Doctor 37,2023-10-25
P1389,Laura,Stewart,Doctor 66,2023-10-25
P1411,Betty,Mitchell,Doctor 47,2023-10-25
P0039,Kathleen,Bailey,Doctor 61,2023-10-26
P0040,Jose,Sanders,Doctor 63,2023-10-26
P0244,Ruth,Lewis,Doctor 1,2023-10-26
P0504,Linda,Perez,Doctor 1,2023-10-26
P0560,Frank,Ramirez,Doctor 62,2023-10-26
P0587,Shirley,Moore,Doctor 82,2023-10-26
P0650,Ryan,King,Doctor 56,2023-10-26
P0668,Karen,Martinez,Doctor 4,2023-10-26
P0689,Samuel,Edwards,Doctor 63,2023-10-26
P0781,Mary,Taylor,Doctor 9,2023-10-26
P0825,Benjamin,Kim,Doctor 42,2023-10-26
P0971,Anthony,Lewis,Doctor 16,2023-10-26
P1061,Laura,Morgan,Doctor 67,2023-10-26
P1314,Jacob,Robinson,Doctor 84,2023-10-26
P1481,Emma,Lewis,Doctor 33,2023-10-26
P0020,Deborah,Campbell,Doctor 83,2023-10-27
P0047,Donna,Cooper,Doctor 36,2023-10-27
P0251,John,Gonzalez,Doctor 83,2023-10-27
P0301,Jonathan,Moore,Doctor 98,2023-10-27
P0554,Raymond,Williams,Doctor 70,2023-10-27
P0679,Jerry,Mitchell,Doctor 5,2023-10-27
P0725,Kenneth,Alvarez,Doctor 65,2023-10-27
P0844,Amy,Rivera,Doctor 72,2023-10-27
P0935,Anthony,Campbell,Doctor 60,2023-10-27
P0975,Joseph,Torres,Doctor 30,2023-10-27
P0992,Kevin,Green,Doctor 1,2023-10-27
P1129,Ryan,Mitchell,Doctor 77,2023-10-27
P1206,Nicholas,Torres,Doctor 50,2023-10-27
P1245,Jacob,Thomas,Doctor 81,2023-10-27
P1436,Kenneth,Mendoza,Doctor 85,2023-10-27
P0022,Kimberly,Kelly,Doctor 98,2023-10-28
P0252,Betty,Johnson,Doctor 33,2023-10-28
P0264,Angela,Williams,Doctor 54,2023-10-28
P0399,Michelle,Wood,Doctor 84,2023-10-28
P0461,Nicholas,Gray,Doctor 21,2023-10-28
P0527,Gregory,Cruz,Doctor 44,2023-10-28
P0544,Donna,Myers,Doctor 19,2023-10-28
P0589,Rebecca,Harris,Doctor 1,2023-10-28
P0622,Deborah,Lopez,Doctor 20,2023-10-28
P0651,Sarah,Moore,Doctor 8,2023-10-28
P0719,Justin,Ramos,Doctor 9,2023-10-28
P0835,Laura,Brown,Doctor 12,2023-10-28
P0848,Angela,Gray,Doctor 28,2023-10-28
P0854,Laura,Mendoza,Doctor 7,2023-10-28
P1032,Samuel,Roberts,Doctor 78,2023-10-28
P1043,Sharon,Rivera,Doctor 8,2023-10-28
P1043,Sharon,Rivera,Doctor 8,2023-10-28
P1058,Sandra,Cooper,Doctor 46,2023-10-28
P1069,Jason,Kim,Doctor 9,2023-10-28
P1164,Lisa,Nguyen,Doctor 16,2023-10-28
P1208,Richard,Carter,Doctor 97,2023-10-28
P1360,Betty,Jones,Doctor 58,2023-10-28
P1523,Laura,Taylor,Doctor 1,2023-10-28
P0150,Jason,Collins,Doctor 98,2023-10-29
P0151,Sandra,Robinson,Doctor 37,2023-10-29
P0171,Robert,Carter,Doctor 29,2023-10-29
P0429,Lisa,Reyes,Doctor 89,2023-10-29
P0456,Jonathan,Ward,Doctor 100,2023-10-29
P0460,Rebecca,Cooper,Doctor 72,2023-10-29
P0652,Ronald,Gonzalez,Doctor 10,2023-10-29
P0693,Nicholas,Morales,Doctor 66,2023-10-29
P0740,William,Sanders,Doctor 45,2023-10-29
P0829,Stephen,Young,Doctor 45,2023-10-29
P1354,Justin,Brooks,Doctor 83,2023-10-29
P1520,Christopher,Garcia,Doctor 88,2023-10-29
P0033,Gregory,Castillo,Doctor 14,2023-10-30
P0061,Thomas,Hill,Doctor 2,2023-10-30
P0077,Thomas,King,Doctor 93,2023-10-30
P0123,Kevin,Gonzalez,Doctor 96,2023-10-30
P0187,Sarah,Collins,Doctor 23,2023-10-30
P0190,Donna,Lopez,Doctor 54,2023-10-30
P0199,Aaron,Bennett,Doctor 46,2023-10-30
P0453,Brandon,Nelson,Doctor 23,2023-10-30
P0474,Larry,Clark,Doctor 41,2023-10-30
P0594,Dorothy,Morgan,Doctor 36,2023-10-30
P0745,Jonathan,Gonzalez,Doctor 21,2023-10-30
P0774,Michelle,Scott,Doctor 31,2023-10-30
P0824,Scott,Morgan,Doctor 9,2023-10-30
P0983,James,Smith,Doctor 38,2023-10-30
P1001,Eric,Phillips,Doctor 71,2023-10-30
P1050,Ronald,Torres,Doctor 96,2023-10-30
P1091,William,Morales,Doctor 54,2023-10-30
P1103,Patrick,Carter,Doctor 42,2023-10-30
P1172,Betty,Kim,Doctor 99,2023-10-30
P1284,Karen,Smith,Doctor 42,2023-10-30
P0014,Lisa,Martinez,Doctor 9,2023-10-31
P0031,Christopher,Thompson,Doctor 74,2023-10-31
P0228,Michelle,Nguyen,Doctor 47,2023-10-31
P0302,John,Miller,Doctor 51,2023-10-31
P0409,Rebecca,Taylor,Doctor 36,2023-10-31
P0426,Betty,Reed,Doctor 36,2023-10-31
P0460,Rebecca,Cooper,Doctor 82,2023-10-31
P0510,Benjamin,Lee,Doctor 100,2023-10-31
P0610,Gary,Bailey,Doctor 39,2023-10-31
P0624,Jose,Moore,Doctor 31,2023-10-31
P0690,Jessica,Thompson,Doctor 45,2023-10-31
P0791,Nicholas,Miller,Doctor 85,2023-10-31
P0942,Susan,Wright,Doctor 93,2023-10-31
P0944,Brandon,Adams,Doctor 1,2023-10-31
P0951,Patricia,Rodriguez,Doctor 52,2023-10-31
P0957,Ronald,Green,Doctor 28,2023-10-31
P0972,Jeffrey,Allen,Doctor 32,2023-10-31
P1033,Dorothy,Hernandez,Doctor 23,2023-10-31
P1038,Eric,Bennett,Doctor 18,2023-10-31
P1111,Deborah,Morris,Doctor 35,2023-10-31
P1143,Barbara,Kelly,Doctor 64,2023-10-31
P1194,Melissa,Torres,Doctor 95,2023-10-31
P1265,Melissa,Anderson,Doctor 55,2023-10-31
P1276,Anna,Brooks,Doctor 13,2023-10-31
P1324,Sharon,King,Doctor 91,2023-10-31
P1458,Alexander,Smith,Doctor 7,2023-10-31
P1464,Anna,Howard,Doctor 70,2023-10-31
P1469,Betty,Howard,Doctor 97,2023-10-31
P0135,Shirley,Morales,Doctor 87,2023-11-01
P0213,Karen,Hughes,Doctor 12,2023-11-01
P0308,Stephen,Moore,Doctor 34,2023-11-01
P0534,Karen,Hernandez,Doctor 74,2023-11-01
P0659,Daniel,Morris,Doctor 78,2023-11-01
P0680,Jerry,Morgan,Doctor 22,2023-11-01
P0820,Daniel,Lewis,Doctor 94,2023-11-01
P0917,Michael,Parker,Doctor 83,2023-11-01
P0924,Jennifer,Adams,Doctor 63,2023-11-01
P1169,Carol,Lee,Doctor 62,2023-11-01
P1407,Linda,Robinson,Doctor 81,2023-11-01
P1423,Justin,Thomas,Doctor 100,2023-11-01
P1423,Justin,Thomas,Doctor 80,2023-11-01
P1454,Sharon,Gutierrez,Doctor 84,2023-11-01
P1510,Betty,Moore,Doctor 26,2023-11-01
P1514,Mary,Turner,Doctor 62,2023-11-01
P0028,Robert,Ramos,Doctor 48,2023-11-02
P0103,Carol,Green,Doctor 62,2023-11-02
P0118,Joseph,Nelson,Doctor 3,2023-11-02
P0264,Angela,Williams,Doctor 54,2023-11-02
P0282,John,Alvarez,Doctor 62,2023-11-02
P0309,Betty,Morris,Doctor 24,2023-11-02
P0336,Angela,Cox,Doctor 64,2023-11-02
P0448,Tyler,Edwards,Doctor 5,2023-11-02
P0524,Brandon,Ramirez,Doctor 24,2023-11-02
P0562,Deborah,Evans,Doctor 65,2023-11-02
P0593,Ruth,Turner,Doctor 44,2023-11-02
P0691,Anna,Thompson,Doctor 11,2023-11-02
P0702,Jessica,Rivera,Doctor 65,2023-11-02
P0821,Karen,Baker,Doctor 13,2023-11-02
P0829,Stephen,Young,Doctor 45,2023-11-02
P1018,Jonathan,Hernandez,Doctor 58,2023-11-02
P1096,Timothy,Young,Doctor 23,2023-11-02
P1121,Alexander,Nguyen,Doctor 48,2023-11-02
P1137,Eric,Collins,Doctor 50,2023-11-02
P1162,Richard,Hall,Doctor 31,2023-11-02
P1267,Jonathan,Brooks,Doctor 50,2023-11-02
P1345,Donald,Ruiz,Doctor 29,2023-11-02
P1424,Anna,Phillips,Doctor 12,2023-11-02
P0040,Jose,Sanders,Doctor 63,2023-11-03
P0048,Gary,Martinez,Doctor 95,2023-11-03
P0059,Laura,White,Doctor 10,2023-11-03
P0093,Laura,Walker,Doctor 36,2023-11-03
P0115,Nancy,Myers,Doctor 37,2023-11-03
P0185,Karen,Hall,Doctor 50,2023-11-03
P0452,Sharon,Harris,Doctor 53,2023-11-03
P0481,Stephen,Lewis,Doctor 79,2023-11-03
P0572,Amy,Ramirez,Doctor 75,2023-11-03
P0573,Deborah,Hill,Doctor 77,2023-11-03
P0604,Jerry,Price,Doctor 52,2023-11-03
P0638,Kimberly,Gray,Doctor 29,2023-11-03
P1006,Stephen,Harris,Doctor 99,2023-11-03
P1017,Joseph,Carter,Doctor 25,2023-11-03
P1149,Helen,Morris,Doctor 50,2023-11-03
P1212,Scott,Wood,Doctor 83,2023-11-03
P1226,Susan,Harris,Doctor 59,2023-11-03
P1253,Melissa,Jackson,Doctor 94,2023-11-03
P1290,Melissa,Collins,Doctor 40,2023-11-03
P1313,Samuel,Price,Doctor 35,2023-11-03
P1316,Nicholas,Howard,Doctor 7,2023-11-03
P1390,Lisa,Sanchez,Doctor 74,2023-11-03
P1457,Kevin,Wilson,Doctor 16,2023-11-03
P1474,Tyler,Smith,Doctor 38,2023-11-03
P1503,Elizabeth,Smith,Doctor 51,2023-11-03
P0018,John,Carter,Doctor 89,2023-11-04
P0054,Thomas,Rivera,Doctor 63,2023-11-04
P0095,Melissa,James,Doctor 43,2023-11-04
P0222,Susan,Castillo,Doctor 12,2023-11-04
P0303,Jerry,Martin,Doctor 40,2023-11-04
P0417,Mark,Hall,Doctor 91,2023-11-04
P0494,Jacob,Nelson,Doctor 73,2023-11-04
P0521,Brandon,Hill,Doctor 44,2023-11-04
P0540,Patrick,Thomas,Doctor 24,2023-11-04
P0544,Donna,Myers,Doctor 19,2023-11-04
P0561,Lisa,Lewis,Doctor 55,2023-11-04
P0562,Deborah,Evans,Doctor 65,2023-11-04
P0563,David,Clark,Doctor 13,2023-11-04
P0573,Deborah,Hill,Doctor 77,2023-11-04
P0590,Gary,Rivera,Doctor 27,2023-11-04
P0620,Jacob,Castillo,Doctor 39,2023-11-04
P0649,Rebecca,Hall,Doctor 30,2023-11-04
P0927,Nancy,Adams,Doctor 74,2023-11-04
P0968,Sharon,Wood,Doctor 4,2023-11-04
P1080,Gregory,Murphy,Doctor 24,2023-11-04
P1105,Carol,Gutierrez,Doctor 46,2023-11-04
P1126,Shirley,Adams,Doctor 18,2023-11-04
P1147,Justin,Diaz,Doctor 34,2023-11-04
P1180,Scott,Taylor,Doctor 62,2023-11-04
P1188,Eric,Turner,Doctor 7,2023-11-04
P1190,Mark,Thomas,Doctor 87,2023-11-04
P1435,Cynthia,Stewart,Doctor 22,2023-11-04
P1486,Kimberly,Thomas,Doctor 82,2023-11-04
P1498,Donald,Evans,Doctor 52,2023-11-04
P1524,Amy,White,Doctor 50,2023-11-04
P0063,Ronald,Nguyen,Doctor 40,2023-11-05
P0121,Samuel,Anderson,Doctor 57,2023-11-05
P0184,Kenneth,Johnson,Doctor 7,2023-11-05
P0259,Matthew,Ruiz,Doctor 69,2023-11-05
P0282,John,Alvarez,Doctor 62,2023-11-05
P0417,Mark,Hall,Doctor 68,2023-11-05
P0446,Sarah,Campbell,Doctor 16,2023-11-05
P0479,Steven,Evans,Doctor 63,2023-11-05
P0488,Samuel,Sanchez,Doctor 69,2023-11-05
P0519,Lisa,Smith,Doctor 100,2023-11-05
P0538,Ruth,Reed,Doctor 18,2023-11-05
P0609,Benjamin,White,Doctor 51,2023-11-05
P0621,Alexander,Rodriguez,Doctor 96,2023-11-05
P0647,Ruth,Price,Doctor 23,2023-11-05
P0669,Shirley,Torres,Doctor 16,2023-11-05
P0833,James,Taylor,Doctor 80,2023-11-05
P0859,Brandon,Sanders,Doctor 46,2023-11-05
P0891,Ryan,Morgan,Doctor 38,2023-11-05
P0977,Rebecca,Adams,Doctor 82,2023-11-05
P0982,Michelle,Jones,Doctor 58,2023-11-05
P0987,James,Alvarez,Doctor 31,2023-11-05
P0999,Steven,Nelson,Doctor 28,2023-11-05
P1004,David,Roberts,Doctor 89,2023-11-05
P1127,Shirley,Rodriguez,Doctor 42,2023-11-05
P1228,Mary,Sanchez,Doctor 68,2023-11-05
P1355,Daniel,Patel,Doctor 96,2023-11-05
P1449,Anna,Wright,Doctor 55,2023-11-05
P1470,Sandra,Turner,Doctor 21,2023-11-05
P1501,Emma,Turner,Doctor 19,2023-11-05
P0020,Deborah,Campbell,Doctor 83,2023-11-06
P0087,John,Martin,Doctor 13,2023-11-06
P0276,Betty,Sanders,Doctor 95,2023-11-06
P0320,Carol,Kelly,Doctor 59,2023-11-06
P0367,Michelle,Ortiz,Doctor 80,2023-11-06
P0398,Linda,Bailey,Doctor 8,2023-11-06
P0405,Tyler,Torres,Doctor 14,2023-11-06
P0483,Robert,Sanders,Doctor 54,2023-11-06
P0628,Daniel,Reyes,Doctor 21,2023-11-06
P0659,Daniel,Morris,Doctor 78,2023-11-06
P0660,Donna,Johnson,Doctor 58,2023-11-06
P0731,Brenda,Alvarez,Doctor 68,2023-11-06
P0770,Laura,Hughes,Doctor 10,2023-11-06
P0903,Gregory,Cooper,Doctor 50,2023-11-06
P1032,Samuel,Roberts,Doctor 78,2023-11-06
P1121,Alexander,Nguyen,Doctor 48,2023-11-06
P1142,Jennifer,Clark,Doctor 76,2023-11-06
P1261,Susan,Anderson,Doctor 67,2023-11-06
P1335,Michael,Lopez,Doctor 41,2023-11-06
P1385,Kenneth,Morales,Doctor 28,2023-11-06
P1387,Lisa,Thompson,Doctor 42,2023-11-06
P0074,Helen,Hughes,Doctor 40,2023-11-07
P0075,Robert,Hall,Doctor 53,2023-11-07
P0099,Angela,Howard,Doctor 93,2023-11-07
P0196,Melissa,Alvarez,Doctor 31,2023-11-07
P0210,Andrew,Rogers,Doctor 67,2023-11-07
P0306,George,Sanders,Doctor 82,2023-11-07
P0322,Laura,Perez,Doctor 53,2023-11-07
P0350,Justin,Martinez,Doctor 86,2023-11-07
P0422,Barbara,Patel,Doctor 63,2023-11-07
P0488,Samuel,Sanchez,Doctor 69,2023-11-07
P0623,Deborah,Ramos,Doctor 33,2023-11-07
P0700,Raymond,Walker,Doctor 80,2023-11-07
P0732,Andrew,Scott,Doctor 7,2023-11-07
P0736,Gary,Morris,Doctor 78,2023-11-07
P0864,Joseph,Alvarez,Doctor 76,2023-11-07
P0980,Brandon,Diaz,Doctor 74,2023-11-07
P1033,Dorothy,Hernandez,Doctor 23,2023-11-07
P1067,Donna,Richardson,Doctor 66,2023-11-07
P1084,Ruth,Davis,Doctor 30,2023-11-07
P1094,Donna,Martinez,Doctor 4,2023-11-07
P1133,Charles,Mendoza,Doctor 60,2023-11-07
P1168,Samuel,Rivera,Doctor 68,2023-11-07
P1237,Cynthia,Perez,Doctor 8,2023-11-07
P1380,Tyler,Evans,Doctor 84,2023-11-07
P1498,Donald,Evans,Doctor 52,2023-11-07
P1505,Nancy,White,Doctor 75,2023-11-07
P0049,George,Smith,Doctor 64,2023-11-08
P0060,Scott,Peterson,Doctor 10,2023-11-08
P0122,Robert,Ward,Doctor 11,2023-11-08
P0301,Jonathan,Moore,Doctor 98,2023-11-08
P0397,Patrick,Parker,Doctor 7,2023-11-08
P0418,Tyler,Chavez,Doctor 27,2023-11-08
P0433,Kenneth,Baker,Doctor 56,2023-11-08
P0473,Jonathan,Scott,Doctor 83,2023-11-08
P0484,Joshua,Price,Doctor 44,2023-11-08
P0506,Donald,Brown,Doctor 70,2023-11-08
P0511,James,Jones,Doctor 73,2023-11-08
P0549,Anna,Patel,Doctor 81,2023-11-08
P0716,Linda,Cook,Doctor 77,2023-11-08
P0743,Ryan,Price,Doctor 54,2023-11-08
P1034,Amy,Lewis,Doctor 20,2023-11-08
P1065,Kathleen,Kim,Doctor 9,2023-11-08
P1092,Mark,Allen,Doctor 28,2023-11-08
P1132,Stephen,Carter,Doctor 52,2023-11-08
P1191,Patrick,Murphy,Doctor 67,2023-11-08
P1246,Joseph,Thompson,Doctor 30,2023-11-08
P1420,Kimberly,Martin,Doctor 3,2023-11-08
P1457,Kevin,Wilson,Doctor 16,2023-11-08
P1515,Jessica,Cox,Doctor 43,2023-11-08
P1533,Barbara,Thompson,Doctor 49,2023-11-08
P0021,Jonathan,Hill,Doctor 36,2023-11-09
P0066,Richard,Murphy,Doctor 3,2023-11-09
P0167,Brenda,Morales,Doctor 73,2023-11-09
P0348,Brian,Stewart,Doctor 9,2023-11-09
P0441,Anna,Morris,Doctor 4,2023-11-09
P0505,Donna,James,Doctor 63,2023-11-09
P0509,Jonathan,Taylor,Doctor 15,2023-11-09
P0700,Raymond,Walker,Doctor 69,2023-11-09
P0772,Jerry,Rivera,Doctor 31,2023-11-09
P0902,Aaron,Gonzalez,Doctor 74,2023-11-09
P0913,Jeffrey,Mendoza,Doctor 11,2023-11-09
P0939,Ruth,Cox,Doctor 83,2023-11-09
P0967,Brenda,Jones,Doctor 91,2023-11-09
P1029,Shirley,Edwards,Doctor 58,2023-11-09
P1039,George,Phillips,Doctor 7,2023-11-09
P1142,Jennifer,Clark,Doctor 64,2023-11-09
P1257,Cynthia,Hernandez,Doctor 29,2023-11-09
P1310,Brandon,Gonzalez,Doctor 79,2023-11-09
P1343,Elizabeth,Rogers,Doctor 80,2023-11-09
P1404,Larry,Brown,Doctor 80,2023-11-09
P1428,Susan,Mitchell,Doctor 86,2023-11-09
P0027,Jerry,Scott,Doctor 44,2023-11-10
P0100,Jerry,Watson,Doctor 6,2023-11-10
P0134,Jessica,Jones,Doctor 37,2023-11-10
P0355,Kenneth,Bennett,Doctor 55,2023-11-10
P0531,Kenneth,Wood,Doctor 82,2023-11-10
P0600,Brenda,King,Doctor 21,2023-11-10
P0602,Sarah,Ortiz,Doctor 21,2023-11-10
P0712,Susan,Patel,Doctor 38,2023-11-10
P0714,Donna,Jones,Doctor 5,2023-11-10
P0746,Carol,Sanders,Doctor 98,2023-11-10
P0792,Sharon,Stewart,Doctor 57,2023-11-10
P0813,Michelle,Price,Doctor 28,2023-11-10
P0909,Mary,Hernandez,Doctor 59,2023-11-10
P0941,John,Bennett,Doctor 83,2023-11-10
P0979,Jennifer,Scott,Doctor 41,2023-11-10
P0998,Alexander,Morris,Doctor 46,2023-11-10
P1132,Stephen,Carter,Doctor 92,2023-11-10
P1199,Helen,Gonzalez,Doctor 19,2023-11-10
P1395,Carol,Mendoza,Doctor 97,2023-11-10
P0073,Ryan,Martin,Doctor 68,2023-11-11
P0165,Brenda,Gomez,Doctor 39,2023-11-11
P0264,Angela,Williams,Doctor 54,2023-11-11
P0315,Steven,Martin,Doctor 18,2023-11-11
P0519,Lisa,Smith,Doctor 100,2023-11-11
P0523,Charles,Hughes,Doctor 79,2023-11-11
P0560,Frank,Ramirez,Doctor 71,2023-11-11
P0586,Samuel,Rogers,Doctor 54,2023-11-11
P0710,Barbara,Green,Doctor 37,2023-11-11
P0753,Edward,Rivera,Doctor 60,2023-11-11
P0768,Jose,Kelly,Doctor 39,2023-11-11
P0806,Nicholas,Myers,Doctor 46,2023-11-11
P0905,Matthew,Williams,Doctor 58,2023-11-11
P0915,Helen,Taylor,Doctor 66,2023-11-11
P0944,Brandon,Adams,Doctor 1,2023-11-11
P0983,James,Smith,Doctor 38,2023-11-11
P1021,Kimberly,Alvarez,Doctor 60,2023-11-11
P1094,Donna,Martinez,Doctor 4,2023-11-11
P1499,Angela,Cruz,Doctor 36,2023-11-11
P0006,Elizabeth,Carter,Doctor 2,2023-11-12
P0025,Melissa,Turner,Doctor 15,2023-11-12
P0073,Ryan,Martin,Doctor 68,2023-11-12
P0316,Jacob,Flores,Doctor 40,2023-11-12
P0337,Brenda,Collins,Doctor 93,2023-11-12
P0353,Jack,James,Doctor 22,2023-11-12
P0476,Jessica,Murphy,Doctor 75,2023-11-12
P0477,Betty,Gonzalez,Doctor 75,2023-11-12
P0833,James,Taylor,Doctor 81,2023-11-12
P1073,Lisa,Allen,Doctor 68,2023-11-12
P1193,Nancy,Alvarez,Doctor 96,2023-11-12
P1213,Thomas,Reyes,Doctor 87,2023-11-12
P1258,Gregory,Garcia,Doctor 57,2023-11-12
P1397,Raymond,Moore,Doctor 3,2023-11-12
P0043,Laura,Watson,Doctor 14,2023-11-13
P0051,Linda,Roberts,Doctor 70,2023-11-13
P0132,Kimberly,Torres,Doctor 35,2023-11-13
P0146,Kathleen,White,Doctor 77,2023-11-13
P0203,Donna,Morris,Doctor 14,2023-11-13
P0296,Timothy,Rogers,Doctor 71,2023-11-13
P0394,Cynthia,Allen,Doctor 67,2023-11-13
P0450,Alexander,King,Doctor 28,2023-11-13
P0467,Jessica,Wood,Doctor 22,2023-11-13
P0485,Deborah,Ramirez,Doctor 13,2023-11-13
P0490,Brenda,Kim,Doctor 25,2023-11-13
P0593,Ruth,Turner,Doctor 44,2023-11-13
P0646,Justin,Watson,Doctor 20,2023-11-13
P0710,Barbara,Green,Doctor 37,2023-11-13
P0724,Laura,Reyes,Doctor 12,2023-11-13
P0853,Robert,Taylor,Doctor 59,2023-11-13
P0998,Alexander,Morris,Doctor 46,2023-11-13
P1055,Jack,Parker,Doctor 44,2023-11-13
P1101,Richard,Sanchez,Doctor 28,2023-11-13
P1150,Donald,Wilson,Doctor 80,2023-11-13
P1163,Sharon,Howard,Doctor 51,2023-11-13
P1309,Ryan,Taylor,Doctor 97,2023-11-13
P1343,Elizabeth,Rogers,Doctor 80,2023-11-13
P1397,Raymond,Moore,Doctor 3,2023-11-13
P1402,Ronald,Reed,Doctor 9,2023-11-13
P1413,Daniel,Richardson,Doctor 71,2023-11-13
P0038,Edward,Nguyen,Doctor 40,2023-11-14
P0085,Raymond,Morgan,Doctor 66,2023-11-14
P0306,George,Sanders,Doctor 82,2023-11-14
P0351,Jonathan,Williams,Doctor 89,2023-11-14
P0384,Nicholas,Cooper,Doctor 13,2023-11-14
P0497,Lisa,Wood,Doctor 98,2023-11-14
P0506,Donald,Brown,Doctor 70,2023-11-14
P0582,Helen,Reyes,Doctor 67,2023-11-14
P0615,Shirley,Davis,Doctor 33,2023-11-14
P0679,Jerry,Mitchell,Doctor 5,2023-11-14
P0730,Larry,Castillo,Doctor 50,2023-11-14
P0759,Sharon,Hill,Doctor 76,2023-11-14
P0836,Nicholas,Watson,Doctor 93,2023-11-14
P0849,Shirley,Bailey,Doctor 24,2023-11-14
P0860,Michael,Collins,Doctor 24,2023-11-14
P0909,Mary,Hernandez,Doctor 59,2023-11-14
P0926,Jessica,Ortiz,Doctor 5,2023-11-14
P0954,Karen,Thompson,Doctor 52,2023-11-14
P0988,Joshua,Flores,Doctor 40,2023-11-14
P1086,Scott,Parker,Doctor 85,2023-11-14
P1090,Ronald,Perez,Doctor 56,2023-11-14
P1118,Robert,White,Doctor 72,2023-11-14
P1207,Nancy,Lee,Doctor 15,2023-11-14
P1222,Larry,Wright,Doctor 12,2023-11-14
P1412,Kathleen,Peterson,Doctor 100,2023-11-14
P1481,Emma,Lewis,Doctor 33,2023-11-14
P0063,Ronald,Nguyen,Doctor 40,2023-11-15
P0102,Raymond,Wilson,Doctor 82,2023-11-15
P0107,Nancy,Richardson,Doctor 86,2023-11-15
P0113,Jessica,Moore,Doctor 51,2023-11-15
P0190,Donna,Lopez,Doctor 47,2023-11-15
P0354,Jack,Wright,Doctor 71,2023-11-15
P0445,Kevin,Diaz,Doctor 44,2023-11-15
P0493,Gary,Sanchez,Doctor 36,2023-11-15
P0588,Anna,Williams,Doctor 85,2023-11-15
P0663,Michelle,Alvarez,Doctor 68,2023-11-15
P0666,Scott,Roberts,Doctor 100,2023-11-15
P0704,Nicholas,Ruiz,Doctor 6,2023-11-15
P0725,Kenneth,Alvarez,Doctor 65,2023-11-15
P0761,Brenda,Richardson,Doctor 85,2023-11-15
P0781,Mary,Taylor,Doctor 9,2023-11-15
P0899,Angela,Flores,Doctor 90,2023-11-15
P1026,Sandra,Thomas,Doctor 79,2023-11-15
P1238,Helen,Ramirez,Doctor 45,2023-11-15
P1311,Kevin,Bennett,Doctor 97,2023-11-15
P1367,Donna,Ward,Doctor 26,2023-11-15
P1379,Michelle,Martin,Doctor 33,2023-11-15
P1528,Jose,Castillo,Doctor 51,2023-11-15
P0043,Laura,Watson,Doctor 14,2023-11-16
P0057,Mark,Martin,Doctor 26,2023-11-16
P0081,Michael,Alvarez,Doctor 23,2023-11-16
P0177,Aaron,Myers,Doctor 90,2023-11-16
P0226,Laura,Murphy,Doctor 86,2023-11-16
P0387,Christopher,Morgan,Doctor 41,2023-11-16
P0413,Donald,Bennett,Doctor 94,2023-11-16
P0590,Gary,Rivera,Doctor 27,2023-11-16
P0601,Kenneth,Gomez,Doctor 13,2023-11-16
P0619,Jack,Campbell,Doctor 56,2023-11-16
P0713,Amy,Howard,Doctor 9,2023-11-16
P0756,Joseph,Bennett,Doctor 64,2023-11-16
P0946,Anna,Wood,Doctor 59,2023-11-16
P1020,James,Cook,Doctor 36,2023-11-16
P1394,Betty,Morales,Doctor 81,2023-11-16
P1439,Betty,Anderson,Doctor 2,2023-11-16
P1443,Matthew,Davis,Doctor 83,2023-11-16
P1447,Benjamin,Chavez,Doctor 7,2023-11-16
P1492,Brandon,Sanchez,Doctor 51,2023-11-16
P1497,Frank,Green,Doctor 7,2023-11-16
P0133,Stephen,Gutierrez,Doctor 30,2023-11-17
P0163,Mark,Wood,Doctor 97,2023-11-17
P0251,John,Gonzalez,Doctor 83,2023-11-17
P0257,Eric,Stewart,Doctor 43,2023-11-17
P0271,Sandra,Nguyen,Doctor 63,2023-11-17
P0299,Timothy,Green,Doctor 21,2023-11-17
P0327,Sarah,Anderson,Doctor 83,2023-11-17
P0453,Brandon,Nelson,Doctor 88,2023-11-17
P0648,Kimberly,Morales,Doctor 34,2023-11-17
P0705,Carol,Smith,Doctor 56,2023-11-17
P0728,Ruth,Sanders,Doctor 13,2023-11-17
P0732,Andrew,Scott,Doctor 7,2023-11-17
P0910,Richard,Taylor,Doctor 94,2023-11-17
P0955,John,Moore,Doctor 24,2023-11-17
P1125,Donald,Collins,Doctor 74,2023-11-17
P1130,John,Nguyen,Doctor 26,2023-11-17
P1159,Elizabeth,Wood,Doctor 74,2023-11-17
P1172,Betty,Kim,Doctor 99,2023-11-17
P1227,Jack,Ruiz,Doctor 54,2023-11-17
P1279,Michelle,Morgan,Doctor 12,2023-11-17
P1369,James,Martin,Doctor 56,2023-11-17
P1418,Raymond,Jones,Doctor 92,2023-11-17
P1452,Karen,Flores,Doctor 82,2023-11-17
P1457,Kevin,Wilson,Doctor 21,2023-11-17
P0059,Laura,White,Doctor 10,2023-11-18
P0072,Kevin,Anderson,Doctor 83,2023-11-18
P0182,Linda,Lopez,Doctor 30,2023-11-18
P0307,David,Torres,Doctor 52,2023-11-18
P0444,Matthew,Reed,Doctor 1,2023-11-18
P0464,Brenda,Reyes,Doctor 12,2023-11-18
P0644,Charles,Robinson,Doctor 7,2023-11-18
P0658,Timothy,Adams,Doctor 38,2023-11-18
P0686,Emma,Phillips,Doctor 77,2023-11-18
P0723,Laura,Richardson,Doctor 62,2023-11-18
P0772,Jerry,Rivera,Doctor 31,2023-11-18
P0881,Edward,Wilson,Doctor 68,2023-11-18
P0917,Michael,Parker,Doctor 8,2023-11-18
P0960,Christopher,Baker,Doctor 74,2023-11-18
P1068,Nicholas,Johnson,Doctor 38,2023-11-18
P1095,Daniel,Wilson,Doctor 9,2023-11-18
P1179,Rebecca,Allen,Doctor 71,2023-11-18
P1284,Karen,Smith,Doctor 42,2023-11-18
P1294,Brandon,Alvarez,Doctor 73,2023-11-18
P1407,Linda,Robinson,Doctor 81,2023-11-18
P1422,Helen,Phillips,Doctor 64,2023-11-18
P1445,Nancy,Ramirez,Doctor 91,2023-11-18
P1473,Michelle,Cooper,Doctor 85,2023-11-18
P1503,Elizabeth,Smith,Doctor 51,2023-11-18
P1510,Betty,Moore,Doctor 46,2023-11-18
P0093,Laura,Walker,Doctor 15,2023-11-19
P0189,Anthony,Nelson,Doctor 43,2023-11-19
P0226,Laura,Murphy,Doctor 61,2023-11-19
P0247,Stephen,Sanchez,Doctor 49,2023-11-19
P0287,Kevin,Morales,Doctor 36,2023-11-19
P0290,Melissa,Lewis,Doctor 56,2023-11-19
P0379,Mary,Reed,Doctor 78,2023-11-19
P0583,Donna,Alvarez,Doctor 52,2023-11-19
P0642,Sharon,Castillo,Doctor 65,2023-11-19
P0667,Karen,Collins,Doctor 70,2023-11-19
P0784,Thomas,Lee,Doctor 83,2023-11-19
P0796,Jerry,Wright,Doctor 54,2023-11-19
P0815,Sandra,Sanchez,Doctor 70,2023-11-19
P0921,Frank,Lopez,Doctor 39,2023-11-19
P1103,Patrick,Carter,Doctor 42,2023-11-19
P1121,Alexander,Nguyen,Doctor 48,2023-11-19
P1128,Emma,Johnson,Doctor 90,2023-11-19
P1212,Scott,Wood,Doctor 83,2023-11-19
P1264,Melissa,Davis,Doctor 8,2023-11-19
P1467,James,Peterson,Doctor 32,2023-11-19
P1493,David,Howard,Doctor 98,2023-11-19
P1508,Michael,Gonzalez,Doctor 46,2023-11-19
P0028,Robert,Ramos,Doctor 48,2023-11-20
P0071,John,Cruz,Doctor 70,2023-11-20
P0209,Brenda,Harris,Doctor 65,2023-11-20
P0209,Brenda,Harris,Doctor 65,2023-11-20
P0218,Stephen,Phillips,Doctor 97,2023-11-20
P0291,Jessica,Cruz,Doctor 85,2023-11-20
P0323,Alexander,Myers,Doctor 44,2023-11-20
P0399,Michelle,Wood,Doctor 14,2023-11-20
P0477,Betty,Gonzalez,Doctor 75,2023-11-20
P0568,Kenneth,Allen,Doctor 66,2023-11-20
P0645,Helen,Sanders,Doctor 76,2023-11-20
P0759,Sharon,Hill,Doctor 76,2023-11-20
P0969,Donna,Morgan,Doctor 10,2023-11-20
P1023,Carol,Perez,Doctor 78,2023-11-20
P1046,Melissa,Martinez,Doctor 83,2023-11-20
P1077,Jeffrey,Flores,Doctor 92,2023-11-20
P1125,Donald,Collins,Doctor 74,2023-11-20
P1392,Brandon,Roberts,Doctor 53,2023-11-20
P1450,Melissa,Stewart,Doctor 32,2023-11-20
P1501,Emma,Turner,Doctor 19,2023-11-20
P1537,Dennis,Lewis,Doctor 87,2023-11-20
P0011,Donald,Peterson,Doctor 48,2023-11-21
P0020,Deborah,Campbell,Doctor 83,2023-11-21
P0277,Jennifer,Lewis,Doctor 12,2023-11-21
P0298,Jessica,Baker,Doctor 92,2023-11-21
P0308,Stephen,Moore,Doctor 34,2023-11-21
P0325,Emma,Anderson,Doctor 3,2023-11-21
P0358,Brandon,Reed,Doctor 94,2023-11-21
P0473,Jonathan,Scott,Doctor 83,2023-11-21
P0511,James,Jones,Doctor 73,2023-11-21
P0769,Steven,Ramirez,Doctor 41,2023-11-21
P0817,Mary,White,Doctor 18,2023-11-21
P1000,Jennifer,White,Doctor 60,2023-11-21
P1059,Richard,Sanders,Doctor 73,2023-11-21
P1154,Sarah,Kim,Doctor 45,2023-11-21
P1275,Susan,Howard,Doctor 18,2023-11-21
P1279,Michelle,Morgan,Doctor 12,2023-11-21
P1290,Melissa,Collins,Doctor 40,2023-11-21
P1321,Anthony,Myers,Doctor 71,2023-11-21
P1337,Carol,Harris,Doctor 28,2023-11-21
P1350,Linda,Stewart,Doctor 17,2023-11-21
P1351,Sarah,Watson,Doctor 6,2023-11-21
P1391,Linda,Allen,Doctor 17,2023-11-21
P0051,Linda,Roberts,Doctor 70,2023-11-22
P0176,Richard,Evans,Doctor 5,2023-11-22
P0207,Amy,Anderson,Doctor 96,2023-11-22
P0331,Michelle,Garcia,Doctor 60,2023-11-22
P0375,Jose,Thompson,Doctor 59,2023-11-22
P0461,Nicholas,Gray,Doctor 21,2023-11-22
P0526,Nancy,Hughes,Doctor 43,2023-11-22
P0718,Richard,Miller,Doctor 27,2023-11-22
P0856,Laura,James,Doctor 39,2023-11-22
P0951,Patricia,Rodriguez,Doctor 52,2023-11-22
P0999,Steven,Nelson,Doctor 28,2023-11-22
P1025,Matthew,Thompson,Doctor 39,2023-11-22
P1029,Shirley,Edwards,Doctor 58,2023-11-22
P1036,Edward,Castillo,Doctor 5,2023-11-22
P1190,Mark,Thomas,Doctor 87,2023-11-22
P1235,Deborah,White,Doctor 73,2023-11-22
P1308,Linda,Peterson,Doctor 40,2023-11-22
P1344,Anna,Castillo,Doctor 20,2023-11-22
P1455,Jason,Rivera,Doctor 66,2023-11-22
P0209,Brenda,Harris,Doctor 65,2023-11-23
P0287,Kevin,Morales,Doctor 46,2023-11-23
P0339,Shirley,Sanchez,Doctor 100,2023-11-23
P0526,Nancy,Hughes,Doctor 43,2023-11-23
P0551,Amy,Taylor,Doctor 87,2023-11-23
P0648,Kimberly,Morales,Doctor 34,2023-11-23
P0766,Helen,Campbell,Doctor 71,2023-11-23
P0821,Karen,Baker,Doctor 13,2023-11-23
P0863,Mary,Jackson,Doctor 55,2023-11-23
P1015,Gary,Hall,Doctor 12,2023-11-23
P1041,Kimberly,Gutierrez,Doctor 62,2023-11-23
P1140,Brandon,Thompson,Doctor 53,2023-11-23
P1171,Scott,Garcia,Doctor 53,2023-11-23
P1248,Jack,Alvarez,Doctor 22,2023-11-23
P1484,Cynthia,Mitchell,Doctor 85,2023-11-23
P1509,Timothy,Clark,Doctor 1,2023-11-23
P0073,Ryan,Martin,Doctor 52,2023-11-24
P0142,Ruth,Rogers,Doctor 72,2023-11-24
P0193,Anthony,Lopez,Doctor 9,2023-11-24
P0232,Deborah,Rodriguez,Doctor 90,2023-11-24
P0456,Jonathan,Ward,Doctor 100,2023-11-24
P0472,Donna,Young,Doctor 40,2023-11-24
P0633,Jacob,Rodriguez,Doctor 44,2023-11-24
P0640,Donald,Reed,Doctor 31,2023-11-24
P0757,Samuel,Phillips,Doctor 65,2023-11-24
P0786,Karen,Watson,Doctor 85,2023-11-24
P0821,Karen,Baker,Doctor 13,2023-11-24
P1135,Sarah,Green,Doctor 49,2023-11-24
P1227,Jack,Ruiz,Doctor 54,2023-11-24
P1266,Donna,Miller,Doctor 50,2023-11-24
P1385,Kenneth,Morales,Doctor 28,2023-11-24
P1413,Daniel,Richardson,Doctor 71,2023-11-24
P1493,David,Howard,Doctor 98,2023-11-24
P0285,Helen,Martin,Doctor 2,2023-11-25
P0297,Brandon,White,Doctor 72,2023-11-25
P0558,Andrew,Smith,Doctor 5,2023-11-25
P0719,Justin,Ramos,Doctor 70,2023-11-25
P0738,Patrick,Kelly,Doctor 48,2023-11-25
P0744,Joshua,Anderson,Doctor 4,2023-11-25
P0890,Alexander,Flores,Doctor 35,2023-11-25
P0908,Aaron,Williams,Doctor 67,2023-11-25
P0913,Jeffrey,Mendoza,Doctor 11,2023-11-25
P0987,James,Alvarez,Doctor 25,2023-11-25
P1142,Jennifer,Clark,Doctor 64,2023-11-25
P1186,Joshua,Green,Doctor 93,2023-11-25
P1350,Linda,Stewart,Doctor 17,2023-11-25
P1403,Christopher,Torres,Doctor 83,2023-11-25
P1522,Benjamin,Hernandez,Doctor 97,2023-11-25
P0126,Sharon,Patel,Doctor 4,2023-11-26
P0199,Aaron,Bennett,Doctor 46,2023-11-26
P0220,Carol,Mitchell,Doctor 10,2023-11-26
P0293,Betty,Chavez,Doctor 78,2023-11-26
P0601,Kenneth,Gomez,Doctor 13,2023-11-26
P0799,Virginia,Ortiz,Doctor 47,2023-11-26
P0877,Jessica,Nguyen,Doctor 2,2023-11-26
P0908,Aaron,Williams,Doctor 67,2023-11-26
P1098,Gary,Gray,Doctor 75,2023-11-26
P1128,Emma,Johnson,Doctor 90,2023-11-26
P1313,Samuel,Price,Doctor 35,2023-11-26
P1336,Anna,Bailey,Doctor 66,2023-11-26
P1407,Linda,Robinson,Doctor 81,2023-11-26
P1491,Timothy,Walker,Doctor 23,2023-11-26
P0017,Joshua,Ortiz,Doctor 38,2023-11-27
P0044,Mark,Morales,Doctor 98,2023-11-27
P0059,Laura,White,Doctor 10,2023-11-27
P0108,Sarah,Peterson,Doctor 33,2023-11-27
P0114,Edward,Torres,Doctor 71,2023-11-27
P0155,Rebecca,Williams,Doctor 41,2023-11-27
P0186,Donna,Kim,Doctor 43,2023-11-27
P0273,Carol,Lopez,Doctor 6,2023-11-27
P0365,Scott,Robinson,Doctor 29,2023-11-27
P0391,Thomas,Hernandez,Doctor 47,2023-11-27
P0433,Kenneth,Baker,Doctor 56,2023-11-27
P0518,Sarah,Walker,Doctor 87,2023-11-27
P0593,Ruth,Turner,Doctor 7,2023-11-27
P0601,Kenneth,Gomez,Doctor 13,2023-11-27
P0653,Andrew,Jones,Doctor 7,2023-11-27
P0746,Carol,Sanders,Doctor 98,2023-11-27
P0779,Deborah,Wilson,Doctor 55,2023-11-27
P0812,Kimberly,Mitchell,Doctor 12,2023-11-27
P0904,Sarah,Robinson,Doctor 97,2023-11-27
P0924,Jennifer,Adams,Doctor 63,2023-11-27
P1096,Timothy,Young,Doctor 23,2023-11-27
P1153,Timothy,Sanchez,Doctor 38,2023-11-27
P1248,Jack,Alvarez,Doctor 22,2023-11-27
P1345,Donald,Ruiz,Doctor 29,2023-11-27
P1363,Brian,Roberts,Doctor 4,2023-11-27
P1437,Aaron,Jones,Doctor 88,2023-11-27
P1494,Nicholas,Jackson,Doctor 64,2023-11-27
P0069,James,Diaz,Doctor 59,2023-11-28
P0222,Susan,Castillo,Doctor 12,2023-11-28
P0236,Laura,Turner,Doctor 83,2023-11-28
P0307,David,Torres,Doctor 17,2023-11-28
P0342,Charles,Nguyen,Doctor 26,2023-11-28
P0438,George,Reyes,Doctor 30,2023-11-28
P0474,Larry,Clark,Doctor 13,2023-11-28
P0527,Gregory,Cruz,Doctor 44,2023-11-28
P0673,Nancy,Smith,Doctor 46,2023-11-28
P0677,Ryan,Cox,Doctor 42,2023-11-28
P0750,Kevin,Rodriguez,Doctor 47,2023-11-28
P0788,Emma,Allen,Doctor 87,2023-11-28
P0894,Linda,Garcia,Doctor 32,2023-11-28
P0993,Brenda,Reed,Doctor 68,2023-11-28
P1069,Jason,Kim,Doctor 9,2023-11-28
P1071,Emma,Baker,Doctor 24,2023-11-28
P1271,Dennis,Green,Doctor 62,2023-11-28
P1312,Ryan,Rivera,Doctor 16,2023-11-28
P1515,Jessica,Cox,Doctor 43,2023-11-28
P1522,Benjamin,Hernandez,Doctor 97,2023-11-28
P0004,Eric,Carter,Doctor 76,2023-11-29
P0064,John,Phillips,Doctor 79,2023-11-29
P0097,Karen,Green,Doctor 14,2023-11-29
P0359,Betty,Reyes,Doctor 64,2023-11-29
P0456,Jonathan,Ward,Doctor 100,2023-11-29
P0482,Michelle,Robinson,Doctor 15,2023-11-29
P0522,Emma,Clark,Doctor 83,2023-11-29
P0698,Stephen,Hughes,Doctor 72,2023-11-29
P0804,Justin,Morris,Doctor 7,2023-11-29
P0871,Nancy,King,Doctor 32,2023-11-29
P0901,Dennis,Morales,Doctor 26,2023-11-29
P1013,Jose,Murphy,Doctor 12,2023-11-29
P1046,Melissa,Martinez,Doctor 83,2023-11-29
P1079,Kimberly,Sanders,Doctor 3,2023-11-29
P1109,Gregory,Price,Doctor 36,2023-11-29
P1109,Gregory,Price,Doctor 36,2023-11-29
P1341,Steven,Ward,Doctor 30,2023-11-29
P1383,James,Bennett,Doctor 27,2023-11-29
P1386,Linda,Bennett,Doctor 78,2023-11-29
P1471,Andrew,Lee,Doctor 90,2023-11-29
P1492,Brandon,Sanchez,Doctor 51,2023-11-29
P0180,Sandra,Wood,Doctor 16,2023-11-30
P0268,Kenneth,Edwards,Doctor 12,2023-11-30
P0307,David,Torres,Doctor 17,2023-11-30
P0592,Jessica,Gutierrez,Doctor 78,2023-11-30
P0634,Alexander,Hall,Doctor 9,2023-11-30
P0655,Matthew,Adams,Doctor 85,2023-11-30
P0734,Anna,Smith,Doctor 87,2023-11-30
P0746,Carol,Sanders,Doctor 98,2023-11-30
P0801,Tyler,Mitchell,Doctor 85,2023-11-30
P0921,Frank,Lopez,Doctor 39,2023-11-30
P0948,Jose,Ramirez,Doctor 95,2023-11-30
P0980,Brandon,Diaz,Doctor 74,2023-11-30
P1017,Joseph,Carter,Doctor 25,2023-11-30
P1132,Stephen,Carter,Doctor 21,2023-11-30
P1193,Nancy,Alvarez,Doctor 96,2023-11-30
P1306,Anna,James,Doctor 60,2023-11-30
P1362,Jack,Flores,Doctor 2,2023-11-30
P1369,James,Martin,Doctor 80,2023-11-30
P0114,Edward,Torres,Doctor 42,2023-12-01
P0174,Patricia,Brown,Doctor 16,2023-12-01
P0481,Stephen,Lewis,Doctor 79,2023-12-01
P0491,Patricia,Garcia,Doctor 14,2023-12-01
P0610,Gary,Bailey,Doctor 39,2023-12-01
P0757,Samuel,Phillips,Doctor 65,2023-12-01
P0805,Sarah,Garcia,Doctor 9,2023-12-01
P0928,Kimberly,Bennett,Doctor 92,2023-12-01
P0942,Susan,Wright,Doctor 93,2023-12-01
P0961,Nancy,Ramos,Doctor 18,2023-12-01
P1009,Andrew,Murphy,Doctor 31,2023-12-01
P1178,Shirley,Morris,Doctor 80,2023-12-01
P1195,Andrew,Edwards,Doctor 14,2023-12-01
P1265,Melissa,Anderson,Doctor 55,2023-12-01
P1505,Nancy,White,Doctor 75,2023-12-01
P0051,Linda,Roberts,Doctor 70,2023-12-02
P0179,Brandon,Chavez,Doctor 92,2023-12-02
P0393,David,Wood,Doctor 40,2023-12-02
P0424,Susan,James,Doctor 93,2023-12-02
P0439,Charles,Gutierrez,Doctor 54,2023-12-02
P0550,Carol,Martinez,Doctor 7,2023-12-02
P0567,Jonathan,White,Doctor 9,2023-12-02
P0609,Benjamin,White,Doctor 51,2023-12-02
P0621,Alexander,Rodriguez,Doctor 96,2023-12-02
P0673,Nancy,Smith,Doctor 46,2023-12-02
P0686,Emma,Phillips,Doctor 77,2023-12-02
P1077,Jeffrey,Flores,Doctor 92,2023-12-02
P1138,Betty,Baker,Doctor 97,2023-12-02
P1151,Barbara,Robinson,Doctor 57,2023-12-02
P1167,Sandra,King,Doctor 20,2023-12-02
P1195,Andrew,Edwards,Doctor 14,2023-12-02
P1422,Helen,Phillips,Doctor 64,2023-12-02
P0039,Kathleen,Bailey,Doctor 61,2023-12-03
P0175,Karen,Harris,Doctor 37,2023-12-03
P0401,Karen,Allen,Doctor 25,2023-12-03
P0404,Ruth,Flores,Doctor 65,2023-12-03
P0449,Christopher,Phillips,Doctor 76,2023-12-03
P0528,William,Wilson,Doctor 84,2023-12-03
P0578,Richard,Anderson,Doctor 90,2023-12-03
P0644,Charles,Robinson,Doctor 7,2023-12-03
P0684,Elizabeth,Nguyen,Doctor 65,2023-12-03
P0732,Andrew,Scott,Doctor 7,2023-12-03
P0743,Ryan,Price,Doctor 54,2023-12-03
P0827,Carol,Watson,Doctor 83,2023-12-03
P0935,Anthony,Campbell,Doctor 60,2023-12-03
P0935,Anthony,Campbell,Doctor 91,2023-12-03
P0941,John,Bennett,Doctor 83,2023-12-03
P1000,Jennifer,White,Doctor 60,2023-12-03
P1003,Melissa,Cooper,Doctor 55,2023-12-03
P1067,Donna,Richardson,Doctor 71,2023-12-03
P1092,Mark,Allen,Doctor 88,2023-12-03
P1148,Jacob,Lopez,Doctor 69,2023-12-03
P1191,Patrick,Murphy,Doctor 67,2023-12-03
P1233,Tyler,Turner,Doctor 64,2023-12-03
P1274,Ronald,Hughes,Doctor 72,2023-12-03
P1364,Betty,Nguyen,Doctor 23,2023-12-03
P1376,Anna,Johnson,Doctor 5,2023-12-03
P1414,Melissa,Cruz,Doctor 70,2023-12-03
P0056,Jessica,Smith,Doctor 27,2023-12-04
P0104,Betty,Cruz,Doctor 12,2023-12-04
P0157,Carol,Hill,Doctor 45,2023-12-04
P0170,Sharon,Evans,Doctor 78,2023-12-04
P0216,Nancy,Sanders,Doctor 69,2023-12-04
P0332,Scott,Phillips,Doctor 18,2023-12-04
P0728,Ruth,Sanders,Doctor 13,2023-12-04
P0763,Jack,Rogers,Doctor 48,2023-12-04
P0786,Karen,Watson,Doctor 85,2023-12-04
P0801,Tyler,Mitchell,Doctor 85,2023-12-04
P0874,Brenda,Phillips,Doctor 31,2023-12-04
P0876,Linda,Ruiz,Doctor 23,2023-12-04
P0962,Mark,Ward,Doctor 52,2023-12-04
P0969,Donna,Morgan,Doctor 10,2023-12-04
P0977,Rebecca,Adams,Doctor 82,2023-12-04
P0981,Elizabeth,Perez,Doctor 55,2023-12-04
P1186,Joshua,Green,Doctor 93,2023-12-04
P1217,Benjamin,Bennett,Doctor 12,2023-12-04
P1329,Kimberly,Turner,Doctor 9,2023-12-04
P1389,Laura,Stewart,Doctor 66,2023-12-04
P1403,Christopher,Torres,Doctor 83,2023-12-04
P1419,Brian,Parker,Doctor 79,2023-12-04
P1521,Emma,Wood,Doctor 42,2023-12-04
P0009,Jerry,Evans,Doctor 83,2023-12-05
P0011,Donald,Peterson,Doctor 48,2023-12-05
P0084,Laura,Moore,Doctor 92,2023-12-05
P0238,Patrick,Cruz,Doctor 65,2023-12-05
P0318,Matthew,Richardson,Doctor 79,2023-12-05
P0382,Jose,Stewart,Doctor 81,2023-12-05
P0427,Barbara,Bailey,Doctor 58,2023-12-05
P0481,Stephen,Lewis,Doctor 79,2023-12-05
P0505,Donna,James,Doctor 63,2023-12-05
P0562,Deborah,Evans,Doctor 65,2023-12-05
P0763,Jack,Rogers,Doctor 48,2023-12-05
P0833,James,Taylor,Doctor 81,2023-12-05
P0901,Dennis,Morales,Doctor 83,2023-12-05
P0970,Daniel,Murphy,Doctor 49,2023-12-05
P1182,Patrick,Martin,Doctor 51,2023-12-05
P1207,Nancy,Lee,Doctor 54,2023-12-05
P1341,Steven,Ward,Doctor 30,2023-12-05
P1423,Justin,Thomas,Doctor 8,2023-12-05
P1528,Jose,Castillo,Doctor 51,2023-12-05
P0140,Barbara,Cox,Doctor 54,2023-12-06
P0211,Laura,Nguyen,Doctor 1,2023-12-06
P0238,Patrick,Cruz,Doctor 65,2023-12-06
P0381,Sarah,Young,Doctor 97,2023-12-06
P0382,Jose,Stewart,Doctor 81,2023-12-06
P0396,George,Howard,Doctor 8,2023-12-06
P0451,Anna,Reyes,Doctor 90,2023-12-06
P0503,Cynthia,Campbell,Doctor 21,2023-12-06
P0691,Anna,Thompson,Doctor 11,2023-12-06
P0755,Rebecca,Nelson,Doctor 98,2023-12-06
P0780,Donald,Torres,Doctor 41,2023-12-06
P0804,Justin,Morris,Doctor 7,2023-12-06
P0805,Sarah,Garcia,Doctor 9,2023-12-06
P0867,Larry,Mendoza,Doctor 43,2023-12-06
P0873,Betty,Rivera,Doctor 43,2023-12-06
P0878,Donna,Gutierrez,Doctor 30,2023-12-06
P0892,Susan,Hughes,Doctor 98,2023-12-06
P0911,Michael,Davis,Doctor 84,2023-12-06
P0931,Donna,Campbell,Doctor 44,2023-12-06
P0977,Rebecca,Adams,Doctor 82,2023-12-06
P1105,Carol,Gutierrez,Doctor 46,2023-12-06
P1118,Robert,White,Doctor 77,2023-12-06
P1268,Mary,Miller,Doctor 13,2023-12-06
P1296,Anthony,Murphy,Doctor 28,2023-12-06
P1354,Justin,Brooks,Doctor 83,2023-12-06
P0001,Sandra,Cox,Doctor 100,2023-12-07
P0064,John,Phillips,Doctor 79,2023-12-07
P0083,Donna,Thomas,Doctor 28,2023-12-07
P0105,Tyler,Clark,Doctor 13,2023-12-07
P0176,Richard,Evans,Doctor 5,2023-12-07
P0313,Sandra,Sanders,Doctor 49,2023-12-07
P0360,Steven,James,Doctor 45,2023-12-07
P0405,Tyler,Torres,Doctor 14,2023-12-07
P0586,Samuel,Rogers,Doctor 54,2023-12-07
P0668,Karen,Martinez,Doctor 4,2023-12-07
P0743,Ryan,Price,Doctor 54,2023-12-07
P0870,Betty,Wright,Doctor 74,2023-12-07
P0885,David,Hernandez,Doctor 19,2023-12-07
P0953,Kevin,Hall,Doctor 89,2023-12-07
P0968,Sharon,Wood,Doctor 4,2023-12-07
P0982,Michelle,Jones,Doctor 71,2023-12-07
P1077,Jeffrey,Flores,Doctor 92,2023-12-07
P1374,Michelle,Edwards,Doctor 79,2023-12-07
P0010,Kimberly,Nelson,Doctor 6,2023-12-08
P0096,Linda,Patel,Doctor 94,2023-12-08
P0165,Brenda,Gomez,Doctor 39,2023-12-08
P0443,Sarah,Chavez,Doctor 4,2023-12-08
P0461,Nicholas,Gray,Doctor 21,2023-12-08
P0478,Alexander,Alvarez,Doctor 38,2023-12-08
P0674,Frank,Richardson,Doctor 94,2023-12-08
P0692,Frank,Williams,Doctor 12,2023-12-08
P0762,Michael,Diaz,Doctor 15,2023-12-08
P0989,Joshua,Roberts,Doctor 41,2023-12-08
P1054,Rebecca,Bailey,Doctor 16,2023-12-08
P1099,Justin,Hernandez,Doctor 66,2023-12-08
P1396,Alexander,Kelly,Doctor 2,2023-12-08
P1429,James,Williams,Doctor 24,2023-12-08
P1445,Nancy,Ramirez,Doctor 9,2023-12-08
P1475,Virginia,Adams,Doctor 48,2023-12-08
P1508,Michael,Gonzalez,Doctor 36,2023-12-08
P1528,Jose,Castillo,Doctor 52,2023-12-08
P0032,Brenda,Walker,Doctor 43,2023-12-09
P0060,Scott,Peterson,Doctor 10,2023-12-09
P0112,Jessica,Reyes,Doctor 62,2023-12-09
P0191,Aaron,Kelly,Doctor 34,2023-12-09
P0294,James,Reyes,Doctor 33,2023-12-09
P0414,Deborah,Clark,Doctor 20,2023-12-09
P0466,Karen,King,Doctor 47,2023-12-09
P0578,Richard,Anderson,Doctor 90,2023-12-09
P0651,Sarah,Moore,Doctor 8,2023-12-09
P0857,Stephen,Williams,Doctor 18,2023-12-09
P0879,Jacob,Richardson,Doctor 73,2023-12-09
P0900,Sharon,Martin,Doctor 87,2023-12-09
P0993,Brenda,Reed,Doctor 68,2023-12-09
P1034,Amy,Lewis,Doctor 29,2023-12-09
P1068,Nicholas,Johnson,Doctor 38,2023-12-09
P1134,Christopher,Gray,Doctor 23,2023-12-09
P1161,Anna,Kim,Doctor 24,2023-12-09
P1170,Sandra,Ramos,Doctor 18,2023-12-09
P1460,Aaron,Murphy,Doctor 6,2023-12-09
P1467,James,Peterson,Doctor 66,2023-12-09
P0005,Helen,Anderson,Doctor 74,2023-12-10
P0141,Anthony,Howard,Doctor 47,2023-12-10
P0297,Brandon,White,Doctor 72,2023-12-10
P0373,Raymond,Turner,Doctor 72,2023-12-10
P0464,Brenda,Reyes,Doctor 12,2023-12-10
P0474,Larry,Clark,Doctor 30,2023-12-10
P0551,Amy,Taylor,Doctor 87,2023-12-10
P0600,Brenda,King,Doctor 18,2023-12-10
P0707,Gary,Reed,Doctor 71,2023-12-10
P0720,Jessica,Stewart,Doctor 17,2023-12-10
P0955,John,Moore,Doctor 51,2023-12-10
P1069,Jason,Kim,Doctor 9,2023-12-10
P1100,Virginia,Bennett,Doctor 61,2023-12-10
P1224,Joseph,Parker,Doctor 78,2023-12-10
P1236,Barbara,Rodriguez,Doctor 73,2023-12-10
P1302,Brian,Diaz,Doctor 57,2023-12-10
P1327,Michael,Evans,Doctor 52,2023-12-10
P1348,Christopher,Gomez,Doctor 85,2023-12-10
P1375,Nancy,Patel,Doctor 97,2023-12-10
P1405,Alexander,Williams,Doctor 25,2023-12-10
P0024,Donna,Nelson,Doctor 79,2023-12-11
P0124,Alexander,Adams,Doctor 49,2023-12-11
P0203,Donna,Morris,Doctor 14,2023-12-11
P0691,Anna,Thompson,Doctor 11,2023-12-11
P0890,Alexander,Flores,Doctor 35,2023-12-11
P0896,Alexander,Bennett,Doctor 72,2023-12-11
P1516,Karen,Wright,Doctor 53,2023-12-11
P0137,Steven,Gutierrez,Doctor 29,2023-12-12
P0354,Jack,Wright,Doctor 69,2023-12-12
P0406,Jose,Brooks,Doctor 88,2023-12-12
P0452,Sharon,Harris,Doctor 72,2023-12-12
P0571,Michael,Morgan,Doctor 18,2023-12-12
P0631,Ruth,Anderson,Doctor 86,2023-12-12
P0696,Gary,Ramirez,Doctor 39,2023-12-12
P0802,Deborah,Collins,Doctor 64,2023-12-12
P0846,Michael,Howard,Doctor 39,2023-12-12
P0928,Kimberly,Bennett,Doctor 92,2023-12-12
P0964,Virginia,Nelson,Doctor 91,2023-12-12
P0972,Jeffrey,Allen,Doctor 32,2023-12-12
P1207,Nancy,Lee,Doctor 54,2023-12-12
P1225,Matthew,Gonzalez,Doctor 14,2023-12-12
P1367,Donna,Ward,Doctor 26,2023-12-12
P1394,Betty,Morales,Doctor 81,2023-12-12
P1512,Jason,Anderson,Doctor 4,2023-12-12
P0096,Linda,Patel,Doctor 94,2023-12-13
P0141,Anthony,Howard,Doctor 47,2023-12-13
P0152,Betty,Young,Doctor 32,2023-12-13
P0263,Melissa,Gutierrez,Doctor 43,2023-12-13
P0329,Tyler,Rogers,Doctor 83,2023-12-13
P0426,Betty,Reed,Doctor 36,2023-12-13
P0466,Karen,King,Doctor 47,2023-12-13
P0485,Deborah,Ramirez,Doctor 13,2023-12-13
P0595,Gary,Moore,Doctor 2,2023-12-13
P0655,Matthew,Adams,Doctor 85,2023-12-13
P0750,Kevin,Rodriguez,Doctor 47,2023-12-13
P0800,Brian,Miller,Doctor 46,2023-12-13
P0820,Daniel,Lewis,Doctor 94,2023-12-13
P0854,Laura,Mendoza,Doctor 7,2023-12-13
P0943,Amy,Allen,Doctor 38,2023-12-13
P0945,Brenda,Chavez,Doctor 31,2023-12-13
P1006,Stephen,Harris,Doctor 85,2023-12-13
P1031,Timothy,Gray,Doctor 63,2023-12-13
P1225,Matthew,Gonzalez,Doctor 14,2023-12-13
P1229,Dorothy,Wright,Doctor 13,2023-12-13
P1249,Kimberly,Carter,Doctor 4,2023-12-13
P1303,Melissa,Garcia,Doctor 61,2023-12-13
P1343,Elizabeth,Rogers,Doctor 80,2023-12-13
P1388,Rebecca,Rodriguez,Doctor 57,2023-12-13
P1445,Nancy,Ramirez,Doctor 9,2023-12-13
P1502,Angela,Phillips,Doctor 35,2023-12-13
P0028,Robert,Ramos,Doctor 48,2023-12-14
P0146,Kathleen,White,Doctor 77,2023-12-14
P0185,Karen,Hall,Doctor 50,2023-12-14
P0370,Stephen,Rodriguez,Doctor 57,2023-12-14
P0387,Christopher,Morgan,Doctor 41,2023-12-14
P0437,Jerry,Carter,Doctor 12,2023-12-14
P0637,Sarah,Clark,Doctor 31,2023-12-14
P0667,Karen,Collins,Doctor 70,2023-12-14
P0702,Jessica,Rivera,Doctor 65,2023-12-14
P0744,Joshua,Anderson,Doctor 4,2023-12-14
P0746,Carol,Sanders,Doctor 37,2023-12-14
P0922,Kenneth,Murphy,Doctor 65,2023-12-14
P1049,Jeffrey,Adams,Doctor 27,2023-12-14
P1053,Jeffrey,Gutierrez,Doctor 90,2023-12-14
P1096,Timothy,Young,Doctor 23,2023-12-14
P1244,Jennifer,Lee,Doctor 85,2023-12-14
P1257,Cynthia,Hernandez,Doctor 83,2023-12-14
P1302,Brian,Diaz,Doctor 17,2023-12-14
P1377,George,Clark,Doctor 9,2023-12-14
P1396,Alexander,Kelly,Doctor 2,2023-12-14
P1438,Gary,Miller,Doctor 91,2023-12-14
P1496,Virginia,King,Doctor 84,2023-12-14
P1498,Donald,Evans,Doctor 52,2023-12-14
P0207,Amy,Anderson,Doctor 96,2023-12-15
P0285,Helen,Martin,Doctor 40,2023-12-15
P0328,Kenneth,Garcia,Doctor 8,2023-12-15
P0551,Amy,Taylor,Doctor 87,2023-12-15
P0553,Benjamin,Rogers,Doctor 34,2023-12-15
P0574,Kevin,Turner,Doctor 93,2023-12-15
P0613,Timothy,Nguyen,Doctor 87,2023-12-15
P0674,Frank,Richardson,Doctor 94,2023-12-15
P0678,Lisa,Ramirez,Doctor 17,2023-12-15
P0695,Michael,Taylor,Doctor 77,2023-12-15
P0746,Carol,Sanders,Doctor 37,2023-12-15
P0810,Matthew,Cook,Doctor 87,2023-12-15
P0848,Angela,Gray,Doctor 96,2023-12-15
P0882,Justin,White,Doctor 17,2023-12-15
P0935,Anthony,Campbell,Doctor 91,2023-12-15
P1047,Andrew,Miller,Doctor 95,2023-12-15
P1183,Michael,Cruz,Doctor 74,2023-12-15
P1224,Joseph,Parker,Doctor 78,2023-12-15
P1237,Cynthia,Perez,Doctor 8,2023-12-15
P1297,Kenneth,Roberts,Doctor 76,2023-12-15
P1359,Sharon,Gomez,Doctor 35,2023-12-15
P1372,Mark,James,Doctor 96,2023-12-15
P1406,Jessica,Kelly,Doctor 37,2023-12-15
P1421,Laura,Adams,Doctor 17,2023-12-15
P1484,Cynthia,Mitchell,Doctor 85,2023-12-15
P0069,James,Diaz,Doctor 59,2023-12-16
P0159,Virginia,Gonzalez,Doctor 23,2023-12-16
P0228,Michelle,Nguyen,Doctor 57,2023-12-16
P0292,Tyler,Davis,Doctor 70,2023-12-16
P0323,Alexander,Myers,Doctor 44,2023-12-16
P0334,Virginia,Mendoza,Doctor 29,2023-12-16
P0400,Joshua,Diaz,Doctor 83,2023-12-16
P0401,Karen,Allen,Doctor 25,2023-12-16
P0442,William,Scott,Doctor 43,2023-12-16
P0478,Alexander,Alvarez,Doctor 38,2023-12-16
P0524,Brandon,Ramirez,Doctor 35,2023-12-16
P0597,Justin,Robinson,Doctor 26,2023-12-16
P0616,Ronald,Price,Doctor 88,2023-12-16
P0731,Brenda,Alvarez,Doctor 68,2023-12-16
P0800,Brian,Miller,Doctor 46,2023-12-16
P0845,Barbara,Wright,Doctor 45,2023-12-16
P0965,Richard,Thomas,Doctor 37,2023-12-16
P1174,Aaron,Cruz,Doctor 23,2023-12-16
P1268,Mary,Miller,Doctor 13,2023-12-16
P1301,Frank,Johnson,Doctor 31,2023-12-16
P0007,Lisa,Mendoza,Doctor 21,2023-12-17
P0035,Angela,Alvarez,Doctor 58,2023-12-17
P0147,Sarah,Morgan,Doctor 39,2023-12-17
P0162,Sharon,Lee,Doctor 46,2023-12-17
P0392,Dorothy,Anderson,Doctor 6,2023-12-17
P0543,Patrick,Ramos,Doctor 100,2023-12-17
P0545,Joshua,Hall,Doctor 65,2023-12-17
P0647,Ruth,Price,Doctor 23,2023-12-17
P0651,Sarah,Moore,Doctor 8,2023-12-17
P0756,Joseph,Bennett,Doctor 64,2023-12-17
P0783,Larry,Martin,Doctor 69,2023-12-17
P0850,Donna,Kelly,Doctor 34,2023-12-17
P0855,Kevin,Lewis,Doctor 43,2023-12-17
P1020,James,Cook,Doctor 87,2023-12-17
P1099,Justin,Hernandez,Doctor 66,2023-12-17
P1100,Virginia,Bennett,Doctor 61,2023-12-17
P1117,Raymond,Ortiz,Doctor 67,2023-12-17
P1205,Benjamin,Wood,Doctor 83,2023-12-17
P0024,Donna,Nelson,Doctor 79,2023-12-18
P0106,Helen,Kim,Doctor 96,2023-12-18
P0153,Rebecca,Jones,Doctor 70,2023-12-18
P0155,Rebecca,Williams,Doctor 41,2023-12-18
P0201,Helen,Diaz,Doctor 21,2023-12-18
P0206,Raymond,Thompson,Doctor 24,2023-12-18
P0282,John,Alvarez,Doctor 62,2023-12-18
P0283,Carol,Brown,Doctor 63,2023-12-18
P0295,Ruth,Kelly,Doctor 14,2023-12-18
P0327,Sarah,Anderson,Doctor 83,2023-12-18
P0438,George,Reyes,Doctor 67,2023-12-18
P0446,Sarah,Campbell,Doctor 48,2023-12-18
P0448,Tyler,Edwards,Doctor 5,2023-12-18
P0467,Jessica,Wood,Doctor 22,2023-12-18
P0561,Lisa,Lewis,Doctor 55,2023-12-18
P0593,Ruth,Turner,Doctor 18,2023-12-18
P0691,Anna,Thompson,Doctor 11,2023-12-18
P0909,Mary,Hernandez,Doctor 59,2023-12-18
P1123,Kevin,Edwards,Doctor 100,2023-12-18
P1128,Emma,Johnson,Doctor 54,2023-12-18
P1157,James,Mendoza,Doctor 5,2023-12-18
P1248,Jack,Alvarez,Doctor 22,2023-12-18
P1346,Carol,James,Doctor 18,2023-12-18
P0027,Jerry,Scott,Doctor 92,2023-12-19
P0176,Richard,Evans,Doctor 5,2023-12-19
P0298,Jessica,Baker,Doctor 92,2023-12-19
P0327,Sarah,Anderson,Doctor 83,2023-12-19
P0338,Jessica,Rodriguez,Doctor 28,2023-12-19
P0388,Anthony,Flores,Doctor 97,2023-12-19
P0451,Anna,Reyes,Doctor 90,2023-12-19
P0495,Mary,Hill,Doctor 22,2023-12-19
P0508,Ronald,Davis,Doctor 42,2023-12-19
P0576,Mark,Gutierrez,Doctor 40,2023-12-19
P0607,John,Cooper,Doctor 38,2023-12-19
P0639,Cynthia,Wood,Doctor 40,2023-12-19
P0748,Ruth,Morales,Doctor 79,2023-12-19
P0759,Sharon,Hill,Doctor 100,2023-12-19
P0771,George,Gray,Doctor 27,2023-12-19
P0788,Emma,Allen,Doctor 87,2023-12-19
P0890,Alexander,Flores,Doctor 35,2023-12-19
P0986,Sandra,Hughes,Doctor 5,2023-12-19
P0987,James,Alvarez,Doctor 25,2023-12-19
P1053,Jeffrey,Gutierrez,Doctor 99,2023-12-19
P1054,Rebecca,Bailey,Doctor 16,2023-12-19
P1106,Dorothy,Edwards,Doctor 80,2023-12-19
P1125,Donald,Collins,Doctor 74,2023-12-19
P1249,Kimberly,Carter,Doctor 4,2023-12-19
P1327,Michael,Evans,Doctor 52,2023-12-19
P1371,Lisa,Green,Doctor 8,2023-12-19
P1390,Lisa,Sanchez,Doctor 74,2023-12-19
P1391,Linda,Allen,Doctor 17,2023-12-19
P1424,Anna,Phillips,Doctor 12,2023-12-19
P1454,Sharon,Gutierrez,Doctor 84,2023-12-19
P1509,Timothy,Clark,Doctor 1,2023-12-19
P0041,Nancy,Johnson,Doctor 13,2023-12-20
P0104,Betty,Cruz,Doctor 12,2023-12-20
P0111,Scott,Jackson,Doctor 39,2023-12-20
P0176,Richard,Evans,Doctor 11,2023-12-20
P0204,Virginia,Hall,Doctor 17,2023-12-20
P0322,Laura,Perez,Doctor 53,2023-12-20
P0445,Kevin,Diaz,Doctor 44,2023-12-20
P0449,Christopher,Phillips,Doctor 76,2023-12-20
P0499,James,Perez,Doctor 40,2023-12-20
P0503,Cynthia,Campbell,Doctor 21,2023-12-20
P0619,Jack,Campbell,Doctor 56,2023-12-20
P0620,Jacob,Castillo,Doctor 39,2023-12-20
P0621,Alexander,Rodriguez,Doctor 96,2023-12-20
P0892,Susan,Hughes,Doctor 31,2023-12-20
P0924,Jennifer,Adams,Doctor 63,2023-12-20
P0928,Kimberly,Bennett,Doctor 92,2023-12-20
P1003,Melissa,Cooper,Doctor 55,2023-12-20
P1064,Daniel,Carter,Doctor 13,2023-12-20
P1146,Cynthia,Bennett,Doctor 92,2023-12-20
P1230,Benjamin,Gonzalez,Doctor 26,2023-12-20
P1331,Sandra,Taylor,Doctor 9,2023-12-20
P1457,Kevin,Wilson,Doctor 21,2023-12-20
P1468,Virginia,Wilson,Doctor 92,2023-12-20
P0357,Kevin,Jones,Doctor 65,2023-12-21
P0399,Michelle,Wood,Doctor 14,2023-12-21
P0410,Michael,Anderson,Doctor 61,2023-12-21
P0515,Jose,Gonzalez,Doctor 14,2023-12-21
P0529,Sandra,Parker,Doctor 81,2023-12-21
P0552,James,Green,Doctor 81,2023-12-21
P0587,Shirley,Moore,Doctor 11,2023-12-21
P0611,Daniel,Walker,Doctor 35,2023-12-21
P0666,Scott,Roberts,Doctor 100,2023-12-21
P0667,Karen,Collins,Doctor 59,2023-12-21
P0733,Nancy,Wright,Doctor 4,2023-12-21
P0788,Emma,Allen,Doctor 87,2023-12-21
P0940,Kenneth,Collins,Doctor 19,2023-12-21
P0987,James,Alvarez,Doctor 25,2023-12-21
P1162,Richard,Hall,Doctor 31,2023-12-21
P1219,Cynthia,Castillo,Doctor 52,2023-12-21
P1239,Stephen,Edwards,Doctor 10,2023-12-21
P1369,James,Martin,Doctor 33,2023-12-21
P1378,Nancy,Jones,Doctor 73,2023-12-21
P1393,Sandra,Scott,Doctor 52,2023-12-21
P1453,Timothy,Brown,Doctor 63,2023-12-21
P0097,Karen,Green,Doctor 14,2023-12-22
P0124,Alexander,Adams,Doctor 49,2023-12-22
P0416,Nancy,Morris,Doctor 59,2023-12-22
P0424,Susan,James,Doctor 93,2023-12-22
P0752,Deborah,Gray,Doctor 86,2023-12-22
P0824,Scott,Morgan,Doctor 9,2023-12-22
P0934,Jack,Gonzalez,Doctor 29,2023-12-22
P0961,Nancy,Ramos,Doctor 18,2023-12-22
P1019,Kevin,Wood,Doctor 27,2023-12-22
P1160,Betty,Richardson,Doctor 100,2023-12-22
P1165,Joshua,Richardson,Doctor 18,2023-12-22
P1174,Aaron,Cruz,Doctor 23,2023-12-22
P1199,Helen,Gonzalez,Doctor 19,2023-12-22
P1272,Patrick,Jones,Doctor 43,2023-12-22
P1290,Melissa,Collins,Doctor 40,2023-12-22
P1375,Nancy,Patel,Doctor 97,2023-12-22
P1441,Lisa,Cooper,Doctor 56,2023-12-22
P1476,Susan,Cook,Doctor 59,2023-12-22
P1493,David,Howard,Doctor 70,2023-12-22
P0072,Kevin,Anderson,Doctor 83,2023-12-23
P0125,Jose,Taylor,Doctor 59,2023-12-23
P0259,Matthew,Ruiz,Doctor 69,2023-12-23
P0324,Carol,Murphy,Doctor 55,2023-12-23
P0348,Brian,Stewart,Doctor 9,2023-12-23
P0487,Karen,Kelly,Doctor 98,2023-12-23
P0488,Samuel,Sanchez,Doctor 69,2023-12-23
P0509,Jonathan,Taylor,Doctor 15,2023-12-23
P0518,Sarah,Walker,Doctor 87,2023-12-23
P0544,Donna,Myers,Doctor 51,2023-12-23
P0546,Kathleen,Hughes,Doctor 81,2023-12-23
P0611,Daniel,Walker,Doctor 35,2023-12-23
P0637,Sarah,Clark,Doctor 31,2023-12-23
P0654,Laura,Bailey,Doctor 7,2023-12-23
P0686,Emma,Phillips,Doctor 77,2023-12-23
P0700,Raymond,Walker,Doctor 69,2023-12-23
P0735,Alexander,Sanders,Doctor 80,2023-12-23
P0763,Jack,Rogers,Doctor 8,2023-12-23
P0795,Sandra,Gutierrez,Doctor 71,2023-12-23
P0914,Karen,Sanchez,Doctor 29,2023-12-23
P0950,Deborah,Watson,Doctor 53,2023-12-23
P0957,Ronald,Green,Doctor 53,2023-12-23
P0963,Donna,Allen,Doctor 81,2023-12-23
P1172,Betty,Kim,Doctor 99,2023-12-23
P1196,Carol,Nguyen,Doctor 75,2023-12-23
P1233,Tyler,Turner,Doctor 86,2023-12-23
P1249,Kimberly,Carter,Doctor 60,2023-12-23
P1306,Anna,James,Doctor 60,2023-12-23
P1477,Justin,Kelly,Doctor 53,2023-12-23
P1502,Angela,Phillips,Doctor 35,2023-12-23
P0030,Jonathan,Campbell,Doctor 84,2023-12-24
P0110,Matthew,Torres,Doctor 2,2023-12-24
P0143,Gary,Nelson,Doctor 32,2023-12-24
P0185,Karen,Hall,Doctor 50,2023-12-24
P0234,Rebecca,Wood,Doctor 27,2023-12-24
P0285,Helen,Martin,Doctor 40,2023-12-24
P0287,Kevin,Morales,Doctor 46,2023-12-24
P0311,Raymond,Price,Doctor 30,2023-12-24
P0338,Jessica,Rodriguez,Doctor 28,2023-12-24
P0366,Deborah,Rogers,Doctor 45,2023-12-24
P0516,Melissa,Wood,Doctor 30,2023-12-24
P0524,Brandon,Ramirez,Doctor 35,2023-12-24
P0564,Lisa,Gray,Doctor 90,2023-12-24
P0630,Amy,Castillo,Doctor 92,2023-12-24
P0727,Deborah,Martin,Doctor 11,2023-12-24
P0807,Jennifer,Hughes,Doctor 99,2023-12-24
P0831,Justin,Rodriguez,Doctor 42,2023-12-24
P0891,Ryan,Morgan,Doctor 25,2023-12-24
P1021,Kimberly,Alvarez,Doctor 60,2023-12-24
P1127,Shirley,Rodriguez,Doctor 42,2023-12-24
P1208,Richard,Carter,Doctor 97,2023-12-24
P1262,Robert,Wright,Doctor 33,2023-12-24
P1262,Robert,Wright,Doctor 33,2023-12-24
P1316,Nicholas,Howard,Doctor 7,2023-12-24
P1425,Tyler,Ramos,Doctor 22,2023-12-24
P0020,Deborah,Campbell,Doctor 83,2023-12-25
P0127,James,Morales,Doctor 26,2023-12-25
P0156,Brenda,Sanchez,Doctor 49,2023-12-25
P0210,Andrew,Rogers,Doctor 67,2023-12-25
P0506,Donald,Brown,Doctor 70,2023-12-25
P0591,Rebecca,Nguyen,Doctor 10,2023-12-25
P0625,Aaron,Gutierrez,Doctor 40,2023-12-25
P0702,Jessica,Rivera,Doctor 3,2023-12-25
P0965,Richard,Thomas,Doctor 37,2023-12-25
P1145,Justin,Nelson,Doctor 84,2023-12-25
P1168,Samuel,Rivera,Doctor 17,2023-12-25
P1301,Frank,Johnson,Doctor 31,2023-12-25
P1373,Robert,James,Doctor 37,2023-12-25
P1404,Larry,Brown,Doctor 80,2023-12-25
P1533,Barbara,Thompson,Doctor 49,2023-12-25
P0015,Gary,Anderson,Doctor 12,2023-12-26
P0178,Betty,Thomas,Doctor 61,2023-12-26
P0187,Sarah,Collins,Doctor 23,2023-12-26
P0275,Nancy,Thompson,Doctor 46,2023-12-26
P0277,Jennifer,Lewis,Doctor 12,2023-12-26
P0319,Samuel,Watson,Doctor 87,2023-12-26
P0396,George,Howard,Doctor 71,2023-12-26
P0499,James,Perez,Doctor 40,2023-12-26
P0537,Andrew,Jackson,Doctor 43,2023-12-26
P0543,Patrick,Ramos,Doctor 100,2023-12-26
P0569,Jessica,Young,Doctor 76,2023-12-26
P0574,Kevin,Turner,Doctor 60,2023-12-26
P0684,Elizabeth,Nguyen,Doctor 65,2023-12-26
P0687,Richard,Wilson,Doctor 22,2023-12-26
P0919,Jose,Nelson,Doctor 70,2023-12-26
P0920,Nicholas,White,Doctor 73,2023-12-26
P1023,Carol,Perez,Doctor 78,2023-12-26
P1082,Brian,Harris,Doctor 83,2023-12-26
P1192,Betty,Lee,Doctor 69,2023-12-26
P1201,Donna,Murphy,Doctor 77,2023-12-26
P1326,Rebecca,Myers,Doctor 70,2023-12-26
P1479,Nicholas,Davis,Doctor 77,2023-12-26
P0064,John,Phillips,Doctor 79,2023-12-27
P0079,James,Howard,Doctor 62,2023-12-27
P0083,Donna,Thomas,Doctor 28,2023-12-27
P0088,Jessica,Turner,Doctor 72,2023-12-27
P0102,Raymond,Wilson,Doctor 82,2023-12-27
P0439,Charles,Gutierrez,Doctor 54,2023-12-27
P0510,Benjamin,Lee,Doctor 100,2023-12-27
P0541,Mark,Harris,Doctor 27,2023-12-27
P0989,Joshua,Roberts,Doctor 41,2023-12-27
P1042,Susan,Morris,Doctor 99,2023-12-27
P1287,Ruth,James,Doctor 70,2023-12-27
P1293,Carol,Brooks,Doctor 37,2023-12-27
P1344,Anna,Castillo,Doctor 20,2023-12-27
P1345,Donald,Ruiz,Doctor 29,2023-12-27
P1427,Brandon,Morgan,Doctor 91,2023-12-27
P1454,Sharon,Gutierrez,Doctor 54,2023-12-27
P1501,Emma,Turner,Doctor 19,2023-12-27
P1527,Susan,Lopez,Doctor 54,2023-12-27
P0112,Jessica,Reyes,Doctor 62,2023-12-28
P0115,Nancy,Myers,Doctor 37,2023-12-28
P0146,Kathleen,White,Doctor 77,2023-12-28
P0225,Jessica,Rogers,Doctor 11,2023-12-28
P0240,Timothy,Mitchell,Doctor 79,2023-12-28
P0242,Eric,Sanders,Doctor 39,2023-12-28
P0268,Kenneth,Edwards,Doctor 12,2023-12-28
P0408,Nancy,Gray,Doctor 18,2023-12-28
P0647,Ruth,Price,Doctor 23,2023-12-28
P0704,Nicholas,Ruiz,Doctor 6,2023-12-28
P0803,Matthew,Gray,Doctor 99,2023-12-28
P0898,Anthony,Collins,Doctor 13,2023-12-28
P0915,Helen,Taylor,Doctor 22,2023-12-28
P0917,Michael,Parker,Doctor 8,2023-12-28
P1102,Robert,Brown,Doctor 42,2023-12-28
P1113,Patricia,Cruz,Doctor 77,2023-12-28
P1141,Rebecca,Anderson,Doctor 64,2023-12-28
P1189,Steven,Stewart,Doctor 55,2023-12-28
P1448,Ruth,Jones,Doctor 31,2023-12-28
P1500,Eric,Nguyen,Doctor 84,2023-12-28
P1511,Aaron,Lopez,Doctor 4,2023-12-28
P0077,Thomas,King,Doctor 93,2023-12-29
P0108,Sarah,Peterson,Doctor 78,2023-12-29
P0266,Kenneth,Bailey,Doctor 13,2023-12-29
P0486,Sarah,Taylor,Doctor 38,2023-12-29
P0504,Linda,Perez,Doctor 1,2023-12-29
P0583,Donna,Alvarez,Doctor 52,2023-12-29
P0639,Cynthia,Wood,Doctor 40,2023-12-29
P0688,Dennis,Lopez,Doctor 38,2023-12-29
P0759,Sharon,Hill,Doctor 100,2023-12-29
P0786,Karen,Watson,Doctor 85,2023-12-29
P0955,John,Moore,Doctor 51,2023-12-29
P0978,Kimberly,Garcia,Doctor 11,2023-12-29
P1061,Laura,Morgan,Doctor 67,2023-12-29
P1089,Jennifer,Brown,Doctor 57,2023-12-29
P1172,Betty,Kim,Doctor 99,2023-12-29
P1211,Brenda,Mendoza,Doctor 16,2023-12-29
P1252,Patricia,Bennett,Doctor 75,2023-12-29
P1261,Susan,Anderson,Doctor 67,2023-12-29
P1275,Susan,Howard,Doctor 18,2023-12-29
P1309,Ryan,Taylor,Doctor 97,2023-12-29
P1309,Ryan,Taylor,Doctor 97,2023-12-29
P1392,Brandon,Roberts,Doctor 53,2023-12-29
P0044,Mark,Morales,Doctor 31,2023-12-30
P0153,Rebecca,Jones,Doctor 70,2023-12-30
P0217,Gary,Richardson,Doctor 19,2023-12-30
P0266,Kenneth,Bailey,Doctor 13,2023-12-30
P0296,Timothy,Rogers,Doctor 71,2023-12-30
P0313,Sandra,Sanders,Doctor 49,2023-12-30
P0555,Donna,Thompson,Doctor 88,2023-12-30
P0642,Sharon,Castillo,Doctor 65,2023-12-30
P0779,Deborah,Wilson,Doctor 55,2023-12-30
P0884,Andrew,Clark,Doctor 40,2023-12-30
P1056,Helen,Evans,Doctor 47,2023-12-30
P1160,Betty,Richardson,Doctor 100,2023-12-30
P1210,Charles,Anderson,Doctor 66,2023-12-30
P1260,Patricia,Brooks,Doctor 37,2023-12-30
P1354,Justin,Brooks,Doctor 83,2023-12-30