patient_id,patient_first_name,patient_last_name,doctor_id,appointment_date
P0407,Cynthia,King,Doctor 11,2022-12-31
P0511,Cynthia,Chavez,Doctor 20,2022-12-31
P0927,Steven,Robinson,Doctor 8,2022-12-31
P1009,David,Gonzalez,Doctor 27,2022-12-31
P1161,Karen,Adams,Doctor 31,2022-12-31
P1445,Susan,Parker,Doctor 40,2022-12-31
P1446,Scott,Morris,Doctor 20,2022-12-31
P1720,Samuel,Rivera,Doctor 2,2022-12-31
P0179,Richard,Price,Doctor 44,2023-01-01
P0220,Kevin,Cruz,Doctor 40,2023-01-01
P0292,Angela,Brooks,Doctor 24,2023-01-01
P0715,William,Thomas,Doctor 26,2023-01-01
P0822,Helen,Kelly,Doctor 21,2023-01-01
P0826,Thomas,Bailey,Doctor 1,2023-01-01
P0842,Jonathan,Alvarez,Doctor 11,2023-01-01
P0852,Jose,Campbell,Doctor 17,2023-01-01
P1138,Michelle,Clark,Doctor 5,2023-01-01
P1327,Deborah,Garcia,Doctor 20,2023-01-01
P1525,Ruth,Williams,Doctor 4,2023-01-01
P1572,Donna,Baker,Doctor 47,2023-01-01
P1598,James,Ramos,Doctor 2,2023-01-01
P1637,Shirley,Bailey,Doctor 25,2023-01-01
P1687,Donna,Taylor,Doctor 35,2023-01-01
P1747,Sharon,Phillips,Doctor 25,2023-01-01
P1879,Jose,Adams,Doctor 25,2023-01-01
P2076,Ronald,Sanchez,Doctor 11,2023-01-01
P2240,Richard,Carter,Doctor 46,2023-01-01
P2264,Patrick,Rogers,Doctor 31,2023-01-01
P0216,Betty,Moore,Doctor 43,2023-01-02
P0288,Gary,Ward,Doctor 11,2023-01-02
P0318,Ruth,Green,Doctor 15,2023-01-02
P0388,Deborah,Johnson,Doctor 44,2023-01-02
P0465,Michelle,Young,Doctor 12,2023-01-02
P0784,Mary,Morgan,Doctor 38,2023-01-02
P0808,Nancy,Mendoza,Doctor 34,2023-01-02
P0865,Brian,Anderson,Doctor 1,2023-01-02
P0956,Barbara,Chavez,Doctor 45,2023-01-02
P1092,John,Myers,Doctor 16,2023-01-02
P1161,Karen,Adams,Doctor 49,2023-01-02
P1338,Jessica,James,Doctor 26,2023-01-02
P1416,Jason,Phillips,Doctor 2,2023-01-02
P1449,Gary,Chavez,Doctor 13,2023-01-02
P1469,Elizabeth,Harris,Doctor 16,2023-01-02
P1626,Betty,Edwards,Doctor 33,2023-01-02
P1688,Jerry,Miller,Doctor 35,2023-01-02
P1712,Christopher,Green,Doctor 45,2023-01-02
P1831,Betty,Kelly,Doctor 42,2023-01-02
P1872,Kevin,Hill,Doctor 49,2023-01-02
P1951,Andrew,Green,Doctor 32,2023-01-02
P2140,Charles,Morgan,Doctor 33,2023-01-02
P0103,Jessica,Wright,Doctor 11,2023-01-03
P0140,John,Moore,Doctor 48,2023-01-03
P0242,Sharon,Harris,Doctor 29,2023-01-03
P0289,Jennifer,Morgan,Doctor 3,2023-01-03
P0423,John,Gonzalez,Doctor 2,2023-01-03
P0523,Donna,Wilson,Doctor 30,2023-01-03
P0540,Carol,Ramirez,Doctor 36,2023-01-03
P0732,Kenneth,Morris,Doctor 18,2023-01-03
P0824,Justin,Evans,Doctor 2,2023-01-03
P0828,Thomas,Ward,Doctor 36,2023-01-03
P1051,Angela,Cox,Doctor 47,2023-01-03
P1143,Jacob,Morales,Doctor 47,2023-01-03
P1164,Raymond,Allen,Doctor 5,2023-01-03
P1178,Ruth,Taylor,Doctor 41,2023-01-03
P1225,Benjamin,White,Doctor 40,2023-01-03
P1328,Amy,Flores,Doctor 35,2023-01-03
P1330,Sharon,Sanchez,Doctor 5,2023-01-03
P1341,Sharon,Baker,Doctor 30,2023-01-03
P1359,Jack,Taylor,Doctor 32,2023-01-03
P1392,Michelle,Martin,Doctor 49,2023-01-03
P1483,Mark,Myers,Doctor 49,2023-01-03
P1485,Timothy,Collins,Doctor 36,2023-01-03
P1558,Gary,Scott,Doctor 20,2023-01-03
P1563,Barbara,Jackson,Doctor 5,2023-01-03
P1655,Kenneth,Cooper,Doctor 47,2023-01-03
P1696,Joshua,Miller,Doctor 38,2023-01-03
P1731,Benjamin,Baker,Doctor 46,2023-01-03
P1755,Eric,Peterson,Doctor 17,2023-01-03
P1758,Mary,Garcia,Doctor 41,2023-01-03
P1763,Anthony,Taylor,Doctor 27,2023-01-03
P1810,Helen,Gray,Doctor 42,2023-01-03
P1820,Ruth,Smith,Doctor 1,2023-01-03
P1967,Charles,Green,Doctor 22,2023-01-03
P2002,Patrick,Lopez,Doctor 29,2023-01-03
P2058,Laura,Hall,Doctor 21,2023-01-03
P2227,Nancy,Parker,Doctor 1,2023-01-03
P2272,Helen,Gonzalez,Doctor 48,2023-01-03
P2282,Joseph,Hall,Doctor 18,2023-01-03
P0156,Edward,Gomez,Doctor 2,2023-01-04
P0230,Jessica,Moore,Doctor 14,2023-01-04
P0335,William,White,Doctor 8,2023-01-04
P0394,Jessica,Cooper,Doctor 47,2023-01-04
P0416,Lisa,Ortiz,Doctor 31,2023-01-04
P0497,Sharon,Reed,Doctor 18,2023-01-04
P0605,Jeffrey,Martin,Doctor 18,2023-01-04
P0628,Sarah,Baker,Doctor 1,2023-01-04
P0704,Linda,Gomez,Doctor 16,2023-01-04
P0866,Mark,Thomas,Doctor 42,2023-01-04
P0870,Alexander,Martinez,Doctor 8,2023-01-04
P0897,Sharon,Carter,Doctor 32,2023-01-04
P1034,James,Ramirez,Doctor 15,2023-01-04
P1131,Sarah,Miller,Doctor 24,2023-01-04
P1173,William,Cooper,Doctor 22,2023-01-04
P1348,Jose,Mendoza,Doctor 11,2023-01-04
P1372,Jessica,Murphy,Doctor 10,2023-01-04
P1406,Andrew,James,Doctor 16,2023-01-04
P1430,Jeffrey,Watson,Doctor 6,2023-01-04
P1460,Amy,Rogers,Doctor 28,2023-01-04
P1473,Samuel,Perez,Doctor 50,2023-01-04
P1549,Carol,Chavez,Doctor 38,2023-01-04
P1600,Jack,Morales,Doctor 30,2023-01-04
P1615,Timothy,Gutierrez,Doctor 9,2023-01-04
P1638,Kenneth,Rogers,Doctor 43,2023-01-04
P1659,Patrick,Parker,Doctor 49,2023-01-04
P1663,Brenda,Turner,Doctor 37,2023-01-04
P1764,Benjamin,Torres,Doctor 23,2023-01-04
P1976,Jerry,Allen,Doctor 41,2023-01-04
P2027,Thomas,Sanders,Doctor 9,2023-01-04
P2114,Jason,Morales,Doctor 29,2023-01-04
P2124,Jack,Moore,Doctor 45,2023-01-04
P2153,Patricia,Rivera,Doctor 16,2023-01-04
P2213,Alexander,Kelly,Doctor 50,2023-01-04
P2216,Sarah,Kim,Doctor 44,2023-01-04
P0007,Carol,Richardson,Doctor 33,2023-01-05
P0055,Samuel,Peterson,Doctor 36,2023-01-05
P0077,Laura,Williams,Doctor 8,2023-01-05
P0166,Michael,Lee,Doctor 16,2023-01-05
P0272,Virginia,Moore,Doctor 7,2023-01-05
P0288,Gary,Ward,Doctor 37,2023-01-05
P0410,Ryan,Morales,Doctor 37,2023-01-05
P0415,Sharon,Thompson,Doctor 39,2023-01-05
P0423,John,Gonzalez,Doctor 26,2023-01-05
P0424,Jacob,Jones,Doctor 48,2023-01-05
P0465,Michelle,Young,Doctor 38,2023-01-05
P0484,Edward,Parker,Doctor 22,2023-01-05
P0547,Ruth,Kim,Doctor 27,2023-01-05
P0623,Sharon,Price,Doctor 34,2023-01-05
P0624,Lisa,Gutierrez,Doctor 22,2023-01-05
P0665,Nicholas,Allen,Doctor 20,2023-01-05
P0715,William,Thomas,Doctor 26,2023-01-05
P0727,Gary,Mendoza,Doctor 20,2023-01-05
P0750,Ruth,Chavez,Doctor 28,2023-01-05
P0810,Steven,Brown,Doctor 2,2023-01-05
P0878,Daniel,Rivera,Doctor 10,2023-01-05
P0903,Karen,Mitchell,Doctor 10,2023-01-05
P0977,Patrick,James,Doctor 9,2023-01-05
P1008,Gary,Miller,Doctor 32,2023-01-05
P1052,Samuel,Diaz,Doctor 44,2023-01-05
P1185,Donna,Robinson,Doctor 23,2023-01-05
P1203,Jessica,Ruiz,Doctor 21,2023-01-05
P1221,Rebecca,Carter,Doctor 39,2023-01-05
P1235,Kimberly,Lee,Doctor 6,2023-01-05
P1401,Donna,Chavez,Doctor 43,2023-01-05
P1510,Ruth,Clark,Doctor 43,2023-01-05
P1528,Helen,Kim,Doctor 30,2023-01-05
P1675,Nancy,Nguyen,Doctor 37,2023-01-05
P1763,Anthony,Taylor,Doctor 16,2023-01-05
P1852,Mark,Brooks,Doctor 42,2023-01-05
P1855,Mark,Wright,Doctor 24,2023-01-05
P1905,Justin,Cook,Doctor 31,2023-01-05
P1946,Joseph,Bennett,Doctor 6,2023-01-05
P1958,Daniel,Morales,Doctor 15,2023-01-05
P1984,Samuel,Wilson,Doctor 31,2023-01-05
P2228,Joseph,Patel,Doctor 3,2023-01-05
P2256,Jerry,Thomas,Doctor 6,2023-01-05
P2298,Jessica,Peterson,Doctor 38,2023-01-05
P2303,Anna,Sanders,Doctor 17,2023-01-05
P0054,Brian,Stewart,Doctor 13,2023-01-06
P0082,Aaron,Adams,Doctor 46,2023-01-06
P0089,Angela,Thomas,Doctor 38,2023-01-06
P0131,Jeffrey,Perez,Doctor 30,2023-01-06
P0136,Jessica,Harris,Doctor 5,2023-01-06
P0177,Alexander,Torres,Doctor 37,2023-01-06
P0221,Eric,Torres,Doctor 10,2023-01-06
P0352,Sandra,Ward,Doctor 49,2023-01-06
P0403,Kevin,Campbell,Doctor 36,2023-01-06
P0480,Shirley,Clark,Doctor 43,2023-01-06
P0765,Deborah,Martin,Doctor 28,2023-01-06
P0799,Brian,Hill,Doctor 46,2023-01-06
P0850,Mark,Torres,Doctor 19,2023-01-06
P0889,Daniel,Thompson,Doctor 19,2023-01-06
P0907,Frank,Price,Doctor 1,2023-01-06
P0919,Robert,Patel,Doctor 8,2023-01-06
P0955,Kevin,Reyes,Doctor 5,2023-01-06
P0969,Kenneth,Cook,Doctor 28,2023-01-06
P0980,Alexander,Cox,Doctor 28,2023-01-06
P0981,Mark,Nelson,Doctor 44,2023-01-06
P1060,Robert,Mitchell,Doctor 42,2023-01-06
P1176,Brenda,Murphy,Doctor 20,2023-01-06
P1308,Alexander,Thompson,Doctor 25,2023-01-06
P1431,Donald,Ramirez,Doctor 1,2023-01-06
P1536,Kathleen,Brooks,Doctor 24,2023-01-06
P1601,Ronald,Richardson,Doctor 7,2023-01-06
P1614,Dennis,Cruz,Doctor 21,2023-01-06
P1661,Emma,Ramirez,Doctor 19,2023-01-06
P1821,Brenda,Roberts,Doctor 1,2023-01-06
P1846,Andrew,Kim,Doctor 26,2023-01-06
P1891,Carol,Hernandez,Doctor 46,2023-01-06
P2000,Alexander,Scott,Doctor 45,2023-01-06
P2036,Steven,Edwards,Doctor 35,2023-01-06
P2049,Linda,Alvarez,Doctor 46,2023-01-06
P2058,Laura,Hall,Doctor 21,2023-01-06
P2245,Aaron,Cook,Doctor 8,2023-01-06
P2285,Sandra,Reed,Doctor 37,2023-01-06
P2297,Patrick,Turner,Doctor 16,2023-01-06
P0039,Sharon,Edwards,Doctor 34,2023-01-07
P0211,Brian,Baker,Doctor 40,2023-01-07
P0223,Jeffrey,Harris,Doctor 8,2023-01-07
P0235,James,Williams,Doctor 41,2023-01-07
P0275,Barbara,Hernandez,Doctor 29,2023-01-07
P0385,Jacob,Collins,Doctor 13,2023-01-07
P0417,Joseph,Lopez,Doctor 47,2023-01-07
P0452,Betty,Morales,Doctor 6,2023-01-07
P0656,Robert,Williams,Doctor 30,2023-01-07
P0734,John,Thomas,Doctor 13,2023-01-07
P0754,Deborah,Kelly,Doctor 27,2023-01-07
P0844,Ronald,Carter,Doctor 29,2023-01-07
P0907,Frank,Price,Doctor 39,2023-01-07
P1197,William,Clark,Doctor 8,2023-01-07
P1356,Joshua,Cox,Doctor 16,2023-01-07
P1370,Joseph,Rodriguez,Doctor 17,2023-01-07
P1409,Benjamin,Allen,Doctor 42,2023-01-07
P1526,Sharon,Hall,Doctor 31,2023-01-07
P1535,Jeffrey,Cruz,Doctor 9,2023-01-07
P1761,Mark,Bailey,Doctor 12,2023-01-07
P1778,Sharon,Mitchell,Doctor 41,2023-01-07
P1780,Kenneth,Baker,Doctor 13,2023-01-07
P1781,Nicholas,Carter,Doctor 42,2023-01-07
P1793,James,Moore,Doctor 32,2023-01-07
P1805,Dennis,Garcia,Doctor 1,2023-01-07
P1859,Timothy,Hernandez,Doctor 5,2023-01-07
P2033,Edward,Flores,Doctor 31,2023-01-07
P2097,Michelle,Torres,Doctor 23,2023-01-07
P2108,Edward,James,Doctor 29,2023-01-07
P2245,Aaron,Cook,Doctor 13,2023-01-07
P2266,Alexander,Phillips,Doctor 10,2023-01-07
P0028,Donna,James,Doctor 46,2023-01-08
P0119,Nancy,Allen,Doctor 40,2023-01-08
P0122,Jonathan,Wright,Doctor 34,2023-01-08
P0171,Sharon,Davis,Doctor 16,2023-01-08
P0252,Karen,Turner,Doctor 49,2023-01-08
P0460,Richard,Hill,Doctor 13,2023-01-08
P0475,Jeffrey,Bennett,Doctor 45,2023-01-08
P0551,John,Ruiz,Doctor 10,2023-01-08
P0628,Sarah,Baker,Doctor 1,2023-01-08
P0780,Dorothy,Bailey,Doctor 40,2023-01-08
P0802,Richard,Robinson,Doctor 45,2023-01-08
P0950,Sarah,Rogers,Doctor 49,2023-01-08
P0962,Nancy,Price,Doctor 18,2023-01-08
P0970,Lisa,Martin,Doctor 2,2023-01-08
P1004,Jonathan,Allen,Doctor 25,2023-01-08
P1131,Sarah,Miller,Doctor 24,2023-01-08
P1140,Brenda,Lopez,Doctor 40,2023-01-08
P1204,Deborah,Wilson,Doctor 22,2023-01-08
P1219,Cynthia,Turner,Doctor 39,2023-01-08
P1226,Sarah,Howard,Doctor 27,2023-01-08
P1269,Andrew,Smith,Doctor 4,2023-01-08
P1269,Andrew,Smith,Doctor 4,2023-01-08
P1381,Edward,Young,Doctor 10,2023-01-08
P1455,Jack,King,Doctor 8,2023-01-08
P1514,Donna,Morris,Doctor 1,2023-01-08
P1593,Carol,Rogers,Doctor 19,2023-01-08
P1757,Dennis,Bennett,Doctor 50,2023-01-08
P1772,Edward,Gonzalez,Doctor 45,2023-01-08
P1884,Deborah,Roberts,Doctor 23,2023-01-08
P1955,Daniel,Price,Doctor 23,2023-01-08
P1965,Carol,Kim,Doctor 11,2023-01-08
P2014,Ruth,Robinson,Doctor 43,2023-01-08
P2167,Dennis,Clark,Doctor 26,2023-01-08
P0039,Sharon,Edwards,Doctor 34,2023-01-09
P0189,Jerry,Lopez,Doctor 36,2023-01-09
P0206,Carol,Nguyen,Doctor 33,2023-01-09
P0232,Laura,Cook,Doctor 14,2023-01-09
P0344,Brandon,Phillips,Doctor 8,2023-01-09
P0460,Richard,Hill,Doctor 19,2023-01-09
P0521,Carol,Edwards,Doctor 42,2023-01-09
P0732,Kenneth,Morris,Doctor 39,2023-01-09
P0745,Melissa,Clark,Doctor 22,2023-01-09
P0771,Patrick,Lewis,Doctor 36,2023-01-09
P0898,Sandra,Lopez,Doctor 43,2023-01-09
P0965,Michelle,Turner,Doctor 11,2023-01-09
P0972,Virginia,Ruiz,Doctor 2,2023-01-09
P0988,Andrew,Nguyen,Doctor 8,2023-01-09
P1206,Kevin,Ortiz,Doctor 42,2023-01-09
P1209,Jack,Patel,Doctor 45,2023-01-09
P1229,Jonathan,Anderson,Doctor 4,2023-01-09
P1416,Jason,Phillips,Doctor 2,2023-01-09
P1491,Mark,Sanders,Doctor 33,2023-01-09
P1499,Benjamin,Young,Doctor 25,2023-01-09
P1576,Linda,Turner,Doctor 41,2023-01-09
P1577,Cynthia,Reyes,Doctor 50,2023-01-09
P1615,Timothy,Gutierrez,Doctor 37,2023-01-09
P1667,Amy,Wilson,Doctor 41,2023-01-09
P1789,Jerry,Richardson,Doctor 45,2023-01-09
P1918,Elizabeth,Cooper,Doctor 25,2023-01-09
P1972,Charles,Walker,Doctor 22,2023-01-09
P1985,Carol,Brooks,Doctor 28,2023-01-09
P2034,Melissa,Brown,Doctor 1,2023-01-09
P2288,Frank,Sanchez,Doctor 44,2023-01-09
P0234,Stephen,Brown,Doctor 34,2023-01-10
P0278,Kathleen,Davis,Doctor 44,2023-01-10
P0291,Aaron,Price,Doctor 29,2023-01-10
P0303,Gregory,Flores,Doctor 13,2023-01-10
P0342,Christopher,Bennett,Doctor 15,2023-01-10
P0357,Eric,Gutierrez,Doctor 34,2023-01-10
P0520,Joseph,Rogers,Doctor 16,2023-01-10
P0702,Edward,Reyes,Doctor 15,2023-01-10
P0711,Aaron,Jackson,Doctor 38,2023-01-10
P0786,Sarah,Chavez,Doctor 23,2023-01-10
P0836,Betty,Howard,Doctor 22,2023-01-10
P0993,David,Myers,Doctor 30,2023-01-10
P1073,Joseph,Diaz,Doctor 2,2023-01-10
P1098,Christopher,Diaz,Doctor 39,2023-01-10
P1139,Karen,Brown,Doctor 49,2023-01-10
P1205,Amy,Patel,Doctor 38,2023-01-10
P1212,Nancy,Davis,Doctor 50,2023-01-10
P1216,Andrew,Thompson,Doctor 43,2023-01-10
P1367,Brandon,Lewis,Doctor 47,2023-01-10
P1507,Donna,Campbell,Doctor 45,2023-01-10
P1528,Helen,Kim,Doctor 39,2023-01-10
P1615,Timothy,Gutierrez,Doctor 33,2023-01-10
P1619,Edward,Walker,Doctor 42,2023-01-10
P1638,Kenneth,Rogers,Doctor 48,2023-01-10
P1652,Shirley,Baker,Doctor 23,2023-01-10
P1717,Betty,Price,Doctor 42,2023-01-10
P1743,Michelle,Lee,Doctor 22,2023-01-10
P1835,Alexander,Williams,Doctor 14,2023-01-10
P1847,Kimberly,Martinez,Doctor 26,2023-01-10
P1950,Sharon,Evans,Doctor 27,2023-01-10
P1960,Anthony,Nguyen,Doctor 2,2023-01-10
P2020,Ronald,Wright,Doctor 26,2023-01-10
P2111,Alexander,Alvarez,Doctor 24,2023-01-10
P2116,William,Kelly,Doctor 25,2023-01-10
P2130,John,Rogers,Doctor 49,2023-01-10
P2186,Joshua,Ruiz,Doctor 35,2023-01-10
P2199,Andrew,Thomas,Doctor 41,2023-01-10
P2260,Carol,King,Doctor 31,2023-01-10
P0023,Dorothy,Adams,Doctor 32,2023-01-11
P0145,Deborah,Morales,Doctor 6,2023-01-11
P0153,Eric,Bailey,Doctor 10,2023-01-11
P0236,Elizabeth,Morgan,Doctor 50,2023-01-11
P0255,Jennifer,Clark,Doctor 30,2023-01-11
P0344,Brandon,Phillips,Doctor 8,2023-01-11
P0369,Gary,Castillo,Doctor 11,2023-01-11
P0574,Michelle,Allen,Doctor 32,2023-01-11
P0616,Jennifer,Torres,Doctor 41,2023-01-11
P0632,Lisa,Bailey,Doctor 33,2023-01-11
P0761,Ruth,Rogers,Doctor 12,2023-01-11
P0802,Richard,Robinson,Doctor 45,2023-01-11
P0894,Steven,Ramos,Doctor 30,2023-01-11
P0900,Sharon,Chavez,Doctor 42,2023-01-11
P1013,Aaron,Gonzalez,Doctor 21,2023-01-11
P1165,Ryan,Martinez,Doctor 4,2023-01-11
P1487,Jose,Lewis,Doctor 46,2023-01-11
P1554,Emma,Lee,Doctor 12,2023-01-11
P1558,Gary,Scott,Doctor 20,2023-01-11
P1584,Kevin,Cox,Doctor 18,2023-01-11
P1606,Melissa,Lopez,Doctor 35,2023-01-11
P1635,Raymond,Carter,Doctor 37,2023-01-11
P1807,Brian,Allen,Doctor 4,2023-01-11
P1976,Jerry,Allen,Doctor 6,2023-01-11
P2078,Linda,Nguyen,Doctor 3,2023-01-11
P2117,Gary,Johnson,Doctor 17,2023-01-11
P2176,Angela,Wilson,Doctor 15,2023-01-11
P2240,Richard,Carter,Doctor 10,2023-01-11
P2255,Betty,Martin,Doctor 45,2023-01-11
P2280,Steven,Lewis,Doctor 31,2023-01-11
P2305,Helen,Young,Doctor 28,2023-01-11
P0012,Gregory,Ramos,Doctor 1,2023-01-12
P0020,Lisa,Ramirez,Doctor 25,2023-01-12
P0039,Sharon,Edwards,Doctor 34,2023-01-12
P0041,Sarah,Morales,Doctor 11,2023-01-12
P0185,Michelle,Reyes,Doctor 37,2023-01-12
P0339,Jessica,Morales,Doctor 4,2023-01-12
P0390,Virginia,Mitchell,Doctor 47,2023-01-12
P0391,Samuel,Morales,Doctor 29,2023-01-12
P0493,Joseph,Stewart,Doctor 43,2023-01-12
P0707,Michelle,James,Doctor 7,2023-01-12
P0753,Brian,Morgan,Doctor 19,2023-01-12
P0839,Christopher,Mendoza,Doctor 21,2023-01-12
P0866,Mark,Thomas,Doctor 42,2023-01-12
P0928,David,Edwards,Doctor 41,2023-01-12
P1174,Karen,Scott,Doctor 38,2023-01-12
P1197,William,Clark,Doctor 24,2023-01-12
P1248,Jason,Cook,Doctor 18,2023-01-12
P1307,Donna,Nelson,Doctor 28,2023-01-12
P1317,Steven,Flores,Doctor 29,2023-01-12
P1355,Amy,Smith,Doctor 43,2023-01-12
P1507,Donna,Campbell,Doctor 36,2023-01-12
P1620,Virginia,Thomas,Doctor 15,2023-01-12
P1635,Raymond,Carter,Doctor 7,2023-01-12
P1697,Edward,Wood,Doctor 30,2023-01-12
P1777,Alexander,Morris,Doctor 20,2023-01-12
P1818,Jessica,Alvarez,Doctor 3,2023-01-12
P2037,Donald,Roberts,Doctor 11,2023-01-12
P2042,Brenda,King,Doctor 4,2023-01-12
P2073,Jason,Peterson,Doctor 8,2023-01-12
P0009,Elizabeth,Johnson,Doctor 4,2023-01-13
P0027,Helen,Gomez,Doctor 28,2023-01-13
P0091,Amy,Jones,Doctor 3,2023-01-13
P0157,Aaron,Peterson,Doctor 21,2023-01-13
P0180,Rebecca,Peterson,Doctor 37,2023-01-13
P0274,Lisa,Thompson,Doctor 50,2023-01-13
P0364,Rebecca,Morgan,Doctor 26,2023-01-13
P0399,Gregory,Bennett,Doctor 32,2023-01-13
P0426,Sharon,Watson,Doctor 20,2023-01-13
P0471,Samuel,Phillips,Doctor 26,2023-01-13
P0514,Larry,Morales,Doctor 21,2023-01-13
P0537,Susan,Taylor,Doctor 25,2023-01-13
P0575,Laura,Ramirez,Doctor 35,2023-01-13
P0597,Jonathan,Young,Doctor 8,2023-01-13
P0696,Larry,Nelson,Doctor 39,2023-01-13
P0736,Jerry,Stewart,Doctor 22,2023-01-13
P0778,Donna,Kelly,Doctor 11,2023-01-13
P0982,Jessica,Castillo,Doctor 33,2023-01-13
P1102,Ryan,Peterson,Doctor 5,2023-01-13
P1144,Karen,Martinez,Doctor 34,2023-01-13
P1180,Karen,Collins,Doctor 38,2023-01-13
P1245,Patricia,Lopez,Doctor 27,2023-01-13
P1256,Kevin,Edwards,Doctor 27,2023-01-13
P1327,Deborah,Garcia,Doctor 20,2023-01-13
P1349,Gregory,Cook,Doctor 30,2023-01-13
P1437,Ronald,Mendoza,Doctor 44,2023-01-13
P1540,Jonathan,Gonzalez,Doctor 49,2023-01-13
P1648,Alexander,Wilson,Doctor 31,2023-01-13
P1649,Frank,Rivera,Doctor 4,2023-01-13
P1703,Sandra,Hall,Doctor 34,2023-01-13
P1716,Helen,Castillo,Doctor 35,2023-01-13
P1726,Larry,Hernandez,Doctor 28,2023-01-13
P1737,Samuel,Moore,Doctor 17,2023-01-13
P1761,Mark,Bailey,Doctor 42,2023-01-13
P1774,Virginia,Taylor,Doctor 43,2023-01-13
P1803,Nicholas,Martinez,Doctor 47,2023-01-13
P1822,Charles,Howard,Doctor 40,2023-01-13
P1848,Betty,Clark,Doctor 37,2023-01-13
P1921,Robert,Ramirez,Doctor 16,2023-01-13
P1977,Shirley,Turner,Doctor 24,2023-01-13
P2014,Ruth,Robinson,Doctor 43,2023-01-13
P2172,Patricia,White,Doctor 1,2023-01-13
P2236,Nancy,Alvarez,Doctor 7,2023-01-13
P2302,Sarah,Allen,Doctor 8,2023-01-13
P2303,Anna,Sanders,Doctor 49,2023-01-13
P0048,Dennis,Price,Doctor 20,2023-01-14
P0152,Helen,Hughes,Doctor 14,2023-01-14
P0203,Melissa,Davis,Doctor 25,2023-01-14
P0214,Kenneth,Gomez,Doctor 23,2023-01-14
P0224,Kathleen,Chavez,Doctor 2,2023-01-14
P0225,Jacob,Baker,Doctor 31,2023-01-14
P0279,Jeffrey,Hall,Doctor 33,2023-01-14
P0282,Kimberly,Ortiz,Doctor 2,2023-01-14
P0592,Helen,Torres,Doctor 9,2023-01-14
P0594,Jerry,Myers,Doctor 33,2023-01-14
P0630,Andrew,Davis,Doctor 28,2023-01-14
P0634,Michelle,Green,Doctor 48,2023-01-14
P0635,Sandra,Parker,Doctor 33,2023-01-14
P0741,Dennis,Bailey,Doctor 10,2023-01-14
P0827,Justin,Torres,Doctor 46,2023-01-14
P0853,Ruth,Turner,Doctor 16,2023-01-14
P0891,Raymond,Evans,Doctor 18,2023-01-14
P0956,Barbara,Chavez,Doctor 45,2023-01-14
P1051,Angela,Cox,Doctor 40,2023-01-14
P1340,Jerry,Brown,Doctor 41,2023-01-14
P1515,Mark,Smith,Doctor 42,2023-01-14
P1528,Helen,Kim,Doctor 39,2023-01-14
P1559,Kathleen,Garcia,Doctor 14,2023-01-14
P1812,Sarah,Mendoza,Doctor 36,2023-01-14
P2115,Sandra,Ramos,Doctor 47,2023-01-14
P2178,Jacob,Miller,Doctor 17,2023-01-14
P0148,Kevin,Howard,Doctor 21,2023-01-15
P0260,Nancy,Roberts,Doctor 40,2023-01-15
P0404,Jeffrey,Alvarez,Doctor 10,2023-01-15
P0524,Shirley,Roberts,Doctor 11,2023-01-15
P0529,Helen,Morris,Doctor 2,2023-01-15
P0548,Daniel,Wright,Doctor 38,2023-01-15
P0564,Brandon,Brooks,Doctor 13,2023-01-15
P0662,Jennifer,Hughes,Doctor 9,2023-01-15
P0820,Sarah,Diaz,Doctor 11,2023-01-15
P1036,Joshua,Robinson,Doctor 27,2023-01-15
P1121,Sharon,Gutierrez,Doctor 35,2023-01-15
P1189,Mary,Hernandez,Doctor 5,2023-01-15
P1269,Andrew,Smith,Doctor 36,2023-01-15
P1362,Thomas,Thompson,Doctor 29,2023-01-15
P1364,Justin,Kelly,Doctor 31,2023-01-15
P1442,Matthew,Castillo,Doctor 48,2023-01-15
P1582,Brian,Alvarez,Doctor 47,2023-01-15
P1595,Mark,Murphy,Doctor 19,2023-01-15
P1611,Ronald,Jackson,Doctor 26,2023-01-15
P1630,Daniel,Cruz,Doctor 3,2023-01-15
P1644,Betty,Brown,Doctor 14,2023-01-15
P1706,George,Patel,Doctor 34,2023-01-15
P1814,Ruth,Myers,Doctor 10,2023-01-15
P1883,Edward,Campbell,Doctor 13,2023-01-15
P2058,Laura,Hall,Doctor 47,2023-01-15
P2117,Gary,Johnson,Doctor 17,2023-01-15
P2135,Melissa,Myers,Doctor 50,2023-01-15
P2266,Alexander,Phillips,Doctor 33,2023-01-15
P0012,Gregory,Ramos,Doctor 7,2023-01-16
P0043,Edward,Edwards,Doctor 41,2023-01-16
P0110,Deborah,Howard,Doctor 11,2023-01-16
P0212,Sarah,Lopez,Doctor 50,2023-01-16
P0284,Tyler,Sanders,Doctor 3,2023-01-16
P0478,Alexander,Bailey,Doctor 50,2023-01-16
P0487,Amy,Peterson,Doctor 50,2023-01-16
P0509,Patrick,Miller,Doctor 45,2023-01-16
P0559,Sarah,Turner,Doctor 17,2023-01-16
P0577,Ruth,Rodriguez,Doctor 13,2023-01-16
P0580,Aaron,Williams,Doctor 13,2023-01-16
P0637,Mary,Taylor,Doctor 49,2023-01-16
P0670,Kevin,Kelly,Doctor 29,2023-01-16
P0678,Jerry,Moore,Doctor 34,2023-01-16
P0714,Samuel,Ruiz,Doctor 12,2023-01-16
P1136,Melissa,Jones,Doctor 24,2023-01-16
P1502,Ruth,Hernandez,Doctor 15,2023-01-16
P1582,Brian,Alvarez,Doctor 47,2023-01-16
P1683,Jacob,Mendoza,Doctor 16,2023-01-16
P1714,Steven,Peterson,Doctor 34,2023-01-16
P1783,Daniel,Myers,Doctor 49,2023-01-16
P1805,Dennis,Garcia,Doctor 1,2023-01-16
P1887,George,Garcia,Doctor 19,2023-01-16
P2048,Deborah,Young,Doctor 45,2023-01-16
P2080,Benjamin,Nguyen,Doctor 22,2023-01-16
P2112,Linda,Wright,Doctor 38,2023-01-16
P2149,Jack,Hall,Doctor 29,2023-01-16
P0040,Sarah,Patel,Doctor 17,2023-01-17
P0060,Karen,Moore,Doctor 15,2023-01-17
P0189,Jerry,Lopez,Doctor 9,2023-01-17
P0274,Lisa,Thompson,Doctor 5,2023-01-17
P0531,Karen,Myers,Doctor 3,2023-01-17
P0736,Jerry,Stewart,Doctor 50,2023-01-17
P0847,Dennis,Martinez,Doctor 16,2023-01-17
P0874,Linda,Lee,Doctor 30,2023-01-17
P0900,Sharon,Chavez,Doctor 42,2023-01-17
P0962,Nancy,Price,Doctor 31,2023-01-17
P1101,Daniel,Johnson,Doctor 7,2023-01-17
P1124,James,Morales,Doctor 23,2023-01-17
P1137,Carol,Taylor,Doctor 37,2023-01-17
P1333,Frank,King,Doctor 37,2023-01-17
P1471,Jacob,Nelson,Doctor 4,2023-01-17
P1494,Sandra,Taylor,Doctor 4,2023-01-17
P1534,Daniel,Ortiz,Doctor 3,2023-01-17
P1556,Jack,Brooks,Doctor 20,2023-01-17
P1614,Dennis,Cruz,Doctor 10,2023-01-17
P1766,Robert,Perez,Doctor 18,2023-01-17
P1945,Andrew,Jones,Doctor 25,2023-01-17
P2118,Michael,Miller,Doctor 22,2023-01-17
P2268,Nancy,Patel,Doctor 3,2023-01-17
P2270,Helen,Flores,Doctor 48,2023-01-17
P2288,Frank,Sanchez,Doctor 44,2023-01-17
P2296,Nancy,White,Doctor 38,2023-01-17
P0092,Lisa,Jones,Doctor 37,2023-01-18
P0146,Jacob,Morris,Doctor 45,2023-01-18
P0169,Charles,Nelson,Doctor 5,2023-01-18
P0169,Charles,Nelson,Doctor 14,2023-01-18
P0199,William,Cox,Doctor 41,2023-01-18
P0207,Karen,Parker,Doctor 29,2023-01-18
P0395,Helen,Myers,Doctor 36,2023-01-18
P0430,Jason,Ramos,Doctor 26,2023-01-18
P0450,Sharon,King,Doctor 14,2023-01-18
P0482,Steven,Scott,Doctor 24,2023-01-18
P0639,Elizabeth,Ramos,Doctor 36,2023-01-18
P0654,Sandra,Sanchez,Doctor 35,2023-01-18
P0785,Jeffrey,Rivera,Doctor 34,2023-01-18
P0851,Kimberly,Bailey,Doctor 32,2023-01-18
P0886,Laura,Chavez,Doctor 7,2023-01-18
P0894,Steven,Ramos,Doctor 30,2023-01-18
P0984,Anna,Hill,Doctor 14,2023-01-18
P1023,Helen,Baker,Doctor 6,2023-01-18
P1091,Gregory,Bailey,Doctor 50,2023-01-18
P1109,Thomas,Thomas,Doctor 1,2023-01-18
P1129,Jeffrey,Davis,Doctor 16,2023-01-18
P1145,Betty,Campbell,Doctor 19,2023-01-18
P1178,Ruth,Taylor,Doctor 41,2023-01-18
P1180,Karen,Collins,Doctor 38,2023-01-18
P1226,Sarah,Howard,Doctor 28,2023-01-18
P1254,Virginia,Evans,Doctor 1,2023-01-18
P1378,Karen,Lee,Doctor 23,2023-01-18
P1388,Nicholas,Rogers,Doctor 7,2023-01-18
P1389,Barbara,Nguyen,Doctor 1,2023-01-18
P1501,Angela,Carter,Doctor 35,2023-01-18
P1534,Daniel,Ortiz,Doctor 3,2023-01-18
P1610,Ryan,Nelson,Doctor 14,2023-01-18
P1616,Sarah,Hill,Doctor 13,2023-01-18
P1659,Patrick,Parker,Doctor 10,2023-01-18
P1940,Nicholas,Bailey,Doctor 48,2023-01-18
P2041,Amy,Kim,Doctor 15,2023-01-18
P2144,Shirley,Ward,Doctor 27,2023-01-18
P2252,Michelle,Bailey,Doctor 21,2023-01-18
P2305,Helen,Young,Doctor 6,2023-01-18
P0023,Dorothy,Adams,Doctor 32,2023-01-19
P0139,Mary,Rogers,Doctor 5,2023-01-19
P0150,Andrew,Gray,Doctor 33,2023-01-19
P0195,Nancy,Carter,Doctor 30,2023-01-19
P0259,Frank,Taylor,Doctor 5,2023-01-19
P0290,Dorothy,Kelly,Doctor 45,2023-01-19
P0409,Kimberly,Edwards,Doctor 32,2023-01-19
P0431,Donna,Perez,Doctor 36,2023-01-19
P0508,Steven,Phillips,Doctor 4,2023-01-19
P0536,Larry,Howard,Doctor 21,2023-01-19
P0542,Joshua,Morris,Doctor 38,2023-01-19
P0543,Kevin,Garcia,Doctor 10,2023-01-19
P0547,Ruth,Kim,Doctor 45,2023-01-19
P0721,Sarah,Kelly,Doctor 25,2023-01-19
P0826,Thomas,Bailey,Doctor 1,2023-01-19
P1000,Christopher,Howard,Doctor 35,2023-01-19
P1059,Eric,Reyes,Doctor 29,2023-01-19
P1286,Raymond,Ward,Doctor 44,2023-01-19
P1538,Charles,Sanders,Doctor 50,2023-01-19
P1541,Timothy,Baker,Doctor 26,2023-01-19
P1581,Dorothy,White,Doctor 23,2023-01-19
P1647,William,Wood,Doctor 23,2023-01-19
P1686,Virginia,Green,Doctor 46,2023-01-19
P1700,Samuel,Wright,Doctor 46,2023-01-19
P1749,Matthew,Ramos,Doctor 42,2023-01-19
P1807,Brian,Allen,Doctor 4,2023-01-19
P1824,Barbara,Ortiz,Doctor 20,2023-01-19
P1865,Sarah,Reed,Doctor 1,2023-01-19
P1885,Jacob,Evans,Doctor 38,2023-01-19
P1977,Shirley,Turner,Doctor 37,2023-01-19
P2129,Karen,Cooper,Doctor 12,2023-01-19
P2265,Edward,Allen,Doctor 7,2023-01-19
P2296,Nancy,White,Doctor 38,2023-01-19
P0274,Lisa,Thompson,Doctor 5,2023-01-20
P0298,Brandon,Evans,Doctor 1,2023-01-20
P0495,Laura,Roberts,Doctor 4,2023-01-20
P0508,Steven,Phillips,Doctor 41,2023-01-20
P0600,Betty,Reyes,Doctor 10,2023-01-20
P0645,Scott,Clark,Doctor 29,2023-01-20
P0795,Lisa,Price,Doctor 38,2023-01-20
P0804,Barbara,Myers,Doctor 38,2023-01-20
P0821,Dennis,Ramos,Doctor 12,2023-01-20
P0841,Thomas,Robinson,Doctor 47,2023-01-20
P1124,James,Morales,Doctor 23,2023-01-20
P1125,Samuel,Myers,Doctor 12,2023-01-20
P1349,Gregory,Cook,Doctor 35,2023-01-20
P1478,Ronald,Wilson,Doctor 39,2023-01-20
P1623,Justin,Robinson,Doctor 17,2023-01-20
P1627,Thomas,Howard,Doctor 32,2023-01-20
P1708,Kathleen,Campbell,Doctor 6,2023-01-20
P1757,Dennis,Bennett,Doctor 50,2023-01-20
P2146,George,Thompson,Doctor 16,2023-01-20
P2294,Karen,Baker,Doctor 33,2023-01-20
P2303,Anna,Sanders,Doctor 45,2023-01-20
P0075,Rebecca,Turner,Doctor 14,2023-01-21
P0137,Kevin,Moore,Doctor 30,2023-01-21
P0193,Christopher,Ruiz,Doctor 2,2023-01-21
P0213,Aaron,Clark,Doctor 17,2023-01-21
P0214,Kenneth,Gomez,Doctor 29,2023-01-21
P0443,Anna,Johnson,Doctor 20,2023-01-21
P0465,Michelle,Young,Doctor 38,2023-01-21
P0489,Jason,Cooper,Doctor 48,2023-01-21
P0532,Carol,Ortiz,Doctor 20,2023-01-21
P0606,Kimberly,Ramirez,Doctor 3,2023-01-21
P0681,Gary,Adams,Doctor 45,2023-01-21
P0764,Alexander,Robinson,Doctor 26,2023-01-21
P0797,Jack,Mendoza,Doctor 16,2023-01-21
P0918,Lisa,Lee,Doctor 46,2023-01-21
P0995,Jacob,Bennett,Doctor 3,2023-01-21
P1048,Nancy,Watson,Doctor 45,2023-01-21
P1063,Timothy,Morgan,Doctor 21,2023-01-21
P1234,Joshua,Sanders,Doctor 5,2023-01-21
P1289,Alexander,Brooks,Doctor 27,2023-01-21
P1330,Sharon,Sanchez,Doctor 5,2023-01-21
P1438,Lisa,Garcia,Doctor 19,2023-01-21
P1553,Christopher,Campbell,Doctor 40,2023-01-21
P1662,Brenda,Baker,Doctor 5,2023-01-21
P1669,Jose,Bennett,Doctor 42,2023-01-21
P1752,Nancy,Bennett,Doctor 27,2023-01-21
P1774,Virginia,Taylor,Doctor 28,2023-01-21
P1942,Samuel,Hernandez,Doctor 32,2023-01-21
P2000,Alexander,Scott,Doctor 20,2023-01-21
P2001,Tyler,Morris,Doctor 26,2023-01-21
P2047,Lisa,Wright,Doctor 20,2023-01-21
P2050,Elizabeth,Martin,Doctor 6,2023-01-21
P2085,Nancy,Scott,Doctor 49,2023-01-21
P2135,Melissa,Myers,Doctor 50,2023-01-21
P2140,Charles,Morgan,Doctor 45,2023-01-21
P0021,Benjamin,Ruiz,Doctor 2,2023-01-22
P0037,Virginia,Ramirez,Doctor 40,2023-01-22
P0065,Betty,Robinson,Doctor 16,2023-01-22
P0105,Sarah,Jackson,Doctor 36,2023-01-22
P0123,Jose,Williams,Doctor 13,2023-01-22
P0152,Helen,Hughes,Doctor 14,2023-01-22
P0181,Edward,Rogers,Doctor 40,2023-01-22
P0282,Kimberly,Ortiz,Doctor 49,2023-01-22
P0300,Deborah,Nguyen,Doctor 15,2023-01-22
P0327,Anna,King,Doctor 33,2023-01-22
P0565,Steven,Gomez,Doctor 42,2023-01-22
P0720,Nicholas,Torres,Doctor 43,2023-01-22
P0804,Barbara,Myers,Doctor 29,2023-01-22
P0878,Daniel,Rivera,Doctor 39,2023-01-22
P0904,Jose,Ortiz,Doctor 36,2023-01-22
P0925,Carol,Turner,Doctor 9,2023-01-22
P0948,Jessica,Ramirez,Doctor 13,2023-01-22
P1009,David,Gonzalez,Doctor 27,2023-01-22
P1199,Sandra,Robinson,Doctor 37,2023-01-22
P1218,Donna,Gray,Doctor 1,2023-01-22
P1253,Aaron,Kim,Doctor 20,2023-01-22
P1302,Sarah,Cox,Doctor 39,2023-01-22
P1593,Carol,Rogers,Doctor 19,2023-01-22
P1623,Justin,Robinson,Doctor 17,2023-01-22
P1656,Mary,Price,Doctor 13,2023-01-22
P1681,Mary,Nelson,Doctor 8,2023-01-22
P1697,Edward,Wood,Doctor 28,2023-01-22
P1711,Robert,Cruz,Doctor 12,2023-01-22
P1790,Ryan,Bailey,Doctor 29,2023-01-22
P2103,Anthony,Hill,Doctor 30,2023-01-22
P2162,Larry,Johnson,Doctor 5,2023-01-22
P2171,Donna,Scott,Doctor 1,2023-01-22
P2211,Jacob,Hughes,Doctor 22,2023-01-22
P2228,Joseph,Patel,Doctor 39,2023-01-22
P2276,Alexander,Anderson,Doctor 1,2023-01-22
P0022,Betty,Allen,Doctor 7,2023-01-23
P0167,Ryan,Lopez,Doctor 37,2023-01-23
P0354,Amy,Ramirez,Doctor 40,2023-01-23
P0370,Sarah,James,Doctor 18,2023-01-23
P0378,Larry,Moore,Doctor 49,2023-01-23
P0393,George,Brooks,Doctor 47,2023-01-23
P0407,Cynthia,King,Doctor 11,2023-01-23
P0424,Jacob,Jones,Doctor 48,2023-01-23
P0448,Frank,Edwards,Doctor 34,2023-01-23
P0468,Ryan,Garcia,Doctor 30,2023-01-23
P0579,Linda,Brown,Doctor 45,2023-01-23
P0740,Deborah,Allen,Doctor 45,2023-01-23
P0779,George,Ortiz,Doctor 44,2023-01-23
P0806,Anthony,Peterson,Doctor 48,2023-01-23
P0826,Thomas,Bailey,Doctor 34,2023-01-23
P0899,Jessica,King,Doctor 31,2023-01-23
P0913,Steven,Davis,Doctor 47,2023-01-23
P1031,Sharon,Kim,Doctor 12,2023-01-23
P1032,Betty,Nguyen,Doctor 33,2023-01-23
P1057,Jack,Adams,Doctor 35,2023-01-23
P1094,Stephen,James,Doctor 24,2023-01-23
P1154,Dennis,Lee,Doctor 49,2023-01-23
P1190,Mary,Baker,Doctor 30,2023-01-23
P1218,Donna,Gray,Doctor 1,2023-01-23
P1273,Anna,Wilson,Doctor 29,2023-01-23
P1580,David,Campbell,Doctor 40,2023-01-23
P1663,Brenda,Turner,Doctor 37,2023-01-23
P1663,Brenda,Turner,Doctor 35,2023-01-23
P1843,Christopher,Cruz,Doctor 6,2023-01-23
P2043,Deborah,Sanchez,Doctor 32,2023-01-23
P2066,Sandra,Cox,Doctor 20,2023-01-23
P2105,John,Wright,Doctor 33,2023-01-23
P2110,Anna,Lopez,Doctor 35,2023-01-23
P2243,Michelle,Peterson,Doctor 28,2023-01-23
P0033,Susan,Mitchell,Doctor 7,2023-01-24
P0192,Donna,Walker,Doctor 41,2023-01-24
P0208,Mary,Sanders,Doctor 8,2023-01-24
P0230,Jessica,Moore,Doctor 27,2023-01-24
P0280,Anna,Jones,Doctor 14,2023-01-24
P0298,Brandon,Evans,Doctor 49,2023-01-24
P0526,Karen,Cox,Doctor 16,2023-01-24
P0600,Betty,Reyes,Doctor 10,2023-01-24
P0715,William,Thomas,Doctor 45,2023-01-24
P0756,Jessica,Campbell,Doctor 47,2023-01-24
P0903,Karen,Mitchell,Doctor 49,2023-01-24
P0991,Jose,Howard,Doctor 44,2023-01-24
P1064,Shirley,Price,Doctor 16,2023-01-24
P1101,Daniel,Johnson,Doctor 5,2023-01-24
P1189,Mary,Hernandez,Doctor 3,2023-01-24
P1204,Deborah,Wilson,Doctor 22,2023-01-24
P1240,Jessica,Williams,Doctor 8,2023-01-24
P1332,Brian,Martinez,Doctor 16,2023-01-24
P1401,Donna,Chavez,Doctor 9,2023-01-24
P1405,Jessica,Nguyen,Doctor 24,2023-01-24
P1410,Charles,Morales,Doctor 3,2023-01-24
P1503,David,Cooper,Doctor 34,2023-01-24
P1549,Carol,Chavez,Doctor 38,2023-01-24
P1555,Eric,Green,Doctor 8,2023-01-24
P1561,Justin,Ramos,Doctor 32,2023-01-24
P1634,Laura,Ortiz,Doctor 45,2023-01-24
P1640,Mark,Kelly,Doctor 34,2023-01-24
P1676,Ruth,King,Doctor 7,2023-01-24
P1679,Elizabeth,Wright,Doctor 31,2023-01-24
P1759,Stephen,Ramirez,Doctor 40,2023-01-24
P1811,Jessica,Brown,Doctor 29,2023-01-24
P1887,George,Garcia,Doctor 36,2023-01-24
P1938,Jessica,Carter,Doctor 4,2023-01-24
P2111,Alexander,Alvarez,Doctor 24,2023-01-24
P2159,Anna,Rodriguez,Doctor 42,2023-01-24
P2212,Nicholas,Myers,Doctor 26,2023-01-24
P2282,Joseph,Hall,Doctor 18,2023-01-24
P0062,Laura,Jones,Doctor 17,2023-01-25
P0078,Betty,Williams,Doctor 17,2023-01-25
P0150,Andrew,Gray,Doctor 33,2023-01-25
P0216,Betty,Moore,Doctor 42,2023-01-25
P0496,Andrew,Parker,Doctor 42,2023-01-25
P0642,Ryan,Myers,Doctor 17,2023-01-25
P0770,Alexander,Davis,Doctor 4,2023-01-25
P0774,Nancy,Collins,Doctor 37,2023-01-25
P0814,Sarah,Adams,Doctor 4,2023-01-25
P0849,Michael,Diaz,Doctor 25,2023-01-25
P0975,Daniel,Cook,Doctor 32,2023-01-25
P1008,Gary,Miller,Doctor 32,2023-01-25
P1025,Ruth,Adams,Doctor 43,2023-01-25
P1068,David,Anderson,Doctor 18,2023-01-25
P1116,Jonathan,Ortiz,Doctor 19,2023-01-25
P1317,Steven,Flores,Doctor 7,2023-01-25
P1419,Aaron,Lopez,Doctor 10,2023-01-25
P1530,Angela,Diaz,Doctor 24,2023-01-25
P1547,Benjamin,Richardson,Doctor 17,2023-01-25
P1607,Sandra,Hughes,Doctor 35,2023-01-25
P1789,Jerry,Richardson,Doctor 23,2023-01-25
P1806,Nancy,Diaz,Doctor 14,2023-01-25
P1843,Christopher,Cruz,Doctor 16,2023-01-25
P1928,Joseph,Thompson,Doctor 14,2023-01-25
P1963,Donna,Harris,Doctor 16,2023-01-25
P2110,Anna,Lopez,Doctor 35,2023-01-25
P2126,Andrew,Hughes,Doctor 26,2023-01-25
P2153,Patricia,Rivera,Doctor 46,2023-01-25
P2218,Mary,Lee,Doctor 19,2023-01-25
P2221,Anthony,Gonzalez,Doctor 16,2023-01-25
P0053,Deborah,Flores,Doctor 9,2023-01-26
P0127,Ruth,Anderson,Doctor 35,2023-01-26
P0203,Melissa,Davis,Doctor 34,2023-01-26
P0355,Brandon,Cox,Doctor 3,2023-01-26
P0470,Dennis,Hill,Doctor 4,2023-01-26
P0540,Carol,Ramirez,Doctor 28,2023-01-26
P0605,Jeffrey,Martin,Doctor 17,2023-01-26
P0822,Helen,Kelly,Doctor 40,2023-01-26
P0825,David,Reyes,Doctor 47,2023-01-26
P0904,Jose,Ortiz,Doctor 36,2023-01-26
P1013,Aaron,Gonzalez,Doctor 21,2023-01-26
P1132,Mary,Cruz,Doctor 28,2023-01-26
P1143,Jacob,Morales,Doctor 32,2023-01-26
P1143,Jacob,Morales,Doctor 32,2023-01-26
P1184,Nicholas,King,Doctor 47,2023-01-26
P1261,Joshua,Clark,Doctor 6,2023-01-26
P1268,Helen,Morgan,Doctor 35,2023-01-26
P1300,Shirley,Cook,Doctor 12,2023-01-26
P1416,Jason,Phillips,Doctor 34,2023-01-26
P1451,Carol,Johnson,Doctor 19,2023-01-26
P1557,Dennis,Morales,Doctor 33,2023-01-26
P1564,Dorothy,Jones,Doctor 38,2023-01-26
P1643,Jerry,Phillips,Doctor 28,2023-01-26
P1862,Helen,Scott,Doctor 1,2023-01-26
P1928,Joseph,Thompson,Doctor 18,2023-01-26
P2052,Melissa,Robinson,Doctor 43,2023-01-26
P2063,Ryan,Wilson,Doctor 48,2023-01-26
P2139,William,Harris,Doctor 35,2023-01-26
P2158,James,Brown,Doctor 5,2023-01-26
P2209,Jonathan,Ward,Doctor 47,2023-01-26
P2230,Thomas,Carter,Doctor 24,2023-01-26
P0028,Donna,James,Doctor 5,2023-01-27
P0077,Laura,Williams,Doctor 31,2023-01-27
P0079,Daniel,Garcia,Doctor 28,2023-01-27
P0166,Michael,Lee,Doctor 16,2023-01-27
P0192,Donna,Walker,Doctor 37,2023-01-27
P0250,Deborah,Thompson,Doctor 45,2023-01-27
P0419,Ruth,Carter,Doctor 6,2023-01-27
P0536,Larry,Howard,Doctor 6,2023-01-27
P0538,Jerry,Lewis,Doctor 21,2023-01-27
P0597,Jonathan,Young,Doctor 8,2023-01-27
P0604,Larry,Robinson,Doctor 41,2023-01-27
P0689,Sandra,Bailey,Doctor 7,2023-01-27
P0857,Richard,Martinez,Doctor 25,2023-01-27
P0865,Brian,Anderson,Doctor 8,2023-01-27
P0870,Alexander,Martinez,Doctor 8,2023-01-27
P0877,Dennis,Mitchell,Doctor 13,2023-01-27
P0928,David,Edwards,Doctor 41,2023-01-27
P0929,Brian,Mendoza,Doctor 5,2023-01-27
P0964,Karen,Rodriguez,Doctor 46,2023-01-27
P1023,Helen,Baker,Doctor 6,2023-01-27
P1033,Eric,Johnson,Doctor 3,2023-01-27
P1131,Sarah,Miller,Doctor 26,2023-01-27
P1207,Mary,Ortiz,Doctor 2,2023-01-27
P1239,Timothy,Brown,Doctor 42,2023-01-27
P1252,Donald,Nguyen,Doctor 50,2023-01-27
P1315,Ronald,Hall,Doctor 12,2023-01-27
P1315,Ronald,Hall,Doctor 12,2023-01-27
P1328,Amy,Flores,Doctor 31,2023-01-27
P1394,Helen,Rogers,Doctor 43,2023-01-27
P1409,Benjamin,Allen,Doctor 46,2023-01-27
P1492,Karen,Alvarez,Doctor 48,2023-01-27
P1503,David,Cooper,Doctor 22,2023-01-27
P1571,Joshua,Taylor,Doctor 42,2023-01-27
P1756,Frank,Morgan,Doctor 15,2023-01-27
P1900,Stephen,Cook,Doctor 46,2023-01-27
P1950,Sharon,Evans,Doctor 47,2023-01-27
P2298,Jessica,Peterson,Doctor 13,2023-01-27
P0043,Edward,Edwards,Doctor 15,2023-01-28
P0119,Nancy,Allen,Doctor 10,2023-01-28
P0133,Linda,Ramos,Doctor 39,2023-01-28
P0238,Gary,Price,Doctor 35,2023-01-28
P0311,Charles,Baker,Doctor 20,2023-01-28
P0386,Sharon,Wright,Doctor 46,2023-01-28
P0390,Virginia,Mitchell,Doctor 50,2023-01-28
P0437,Helen,Ward,Doctor 19,2023-01-28
P0453,Donna,Turner,Doctor 32,2023-01-28
P0488,Gregory,Carter,Doctor 48,2023-01-28
P0623,Sharon,Price,Doctor 10,2023-01-28
P0713,Helen,Thompson,Doctor 11,2023-01-28
P0740,Deborah,Allen,Doctor 21,2023-01-28
P0759,Sarah,Clark,Doctor 30,2023-01-28
P0884,Thomas,Stewart,Doctor 6,2023-01-28
P0913,Steven,Davis,Doctor 47,2023-01-28
P0975,Daniel,Cook,Doctor 12,2023-01-28
P1011,Timothy,Flores,Doctor 9,2023-01-28
P1100,Betty,Bennett,Doctor 17,2023-01-28
P1126,Benjamin,Nelson,Doctor 15,2023-01-28
P1187,Ruth,Patel,Doctor 49,2023-01-28
P1331,Daniel,Gomez,Doctor 45,2023-01-28
P1372,Jessica,Murphy,Doctor 10,2023-01-28
P1462,Nancy,Richardson,Doctor 7,2023-01-28
P1492,Karen,Alvarez,Doctor 47,2023-01-28
P1519,Eric,Castillo,Doctor 1,2023-01-28
P1587,Rebecca,Garcia,Doctor 5,2023-01-28
P1622,Carol,Miller,Doctor 19,2023-01-28
P1629,Jack,Lee,Doctor 43,2023-01-28
P1894,Kimberly,Myers,Doctor 4,2023-01-28
P1919,Rebecca,Green,Doctor 4,2023-01-28
P1984,Samuel,Wilson,Doctor 31,2023-01-28
P2142,Mary,Hughes,Doctor 29,2023-01-28
P2151,Laura,James,Doctor 34,2023-01-28
P2182,Gregory,Nelson,Doctor 4,2023-01-28
P2225,John,James,Doctor 49,2023-01-28
P0053,Deborah,Flores,Doctor 20,2023-01-29
P0125,Gary,Wright,Doctor 19,2023-01-29
P0133,Linda,Ramos,Doctor 39,2023-01-29
P0190,Rebecca,Ramos,Doctor 24,2023-01-29
P0214,Kenneth,Gomez,Doctor 29,2023-01-29
P0241,Charles,White,Doctor 21,2023-01-29
P0314,Carol,Phillips,Doctor 6,2023-01-29
P0463,Dorothy,James,Doctor 17,2023-01-29
P0468,Ryan,Garcia,Doctor 36,2023-01-29
P0818,Mary,Gonzalez,Doctor 13,2023-01-29
P0856,George,Flores,Doctor 50,2023-01-29
P0856,George,Flores,Doctor 8,2023-01-29
P1147,Melissa,Diaz,Doctor 38,2023-01-29
P1174,Karen,Scott,Doctor 4,2023-01-29
P1336,Patrick,Collins,Doctor 35,2023-01-29
P1394,Helen,Rogers,Doctor 25,2023-01-29
P1557,Dennis,Morales,Doctor 48,2023-01-29
P1581,Dorothy,White,Doctor 33,2023-01-29
P1764,Benjamin,Torres,Doctor 43,2023-01-29
P1794,Carol,Martin,Doctor 10,2023-01-29
P1882,Jacob,Rivera,Doctor 45,2023-01-29
P1885,Jacob,Evans,Doctor 14,2023-01-29
P2110,Anna,Lopez,Doctor 8,2023-01-29
P2245,Aaron,Cook,Doctor 39,2023-01-29
P0105,Sarah,Jackson,Doctor 36,2023-01-30
P0166,Michael,Lee,Doctor 31,2023-01-30
P0194,Nancy,Torres,Doctor 11,2023-01-30
P0281,Jessica,Gonzalez,Doctor 48,2023-01-30
P0449,Carol,Harris,Doctor 18,2023-01-30
P0534,Benjamin,Smith,Doctor 12,2023-01-30
P0581,Jose,Turner,Doctor 9,2023-01-30
P0631,Thomas,Harris,Doctor 44,2023-01-30
P0707,Michelle,James,Doctor 32,2023-01-30
P0799,Brian,Hill,Doctor 16,2023-01-30
P0871,Richard,Green,Doctor 35,2023-01-30
P0876,Susan,Howard,Doctor 26,2023-01-30
P0921,Michael,Cooper,Doctor 18,2023-01-30
P0924,Robert,Morgan,Doctor 1,2023-01-30
P0985,Justin,Smith,Doctor 37,2023-01-30
P1034,James,Ramirez,Doctor 25,2023-01-30
P1184,Nicholas,King,Doctor 47,2023-01-30
P1203,Jessica,Ruiz,Doctor 44,2023-01-30
P1205,Amy,Patel,Doctor 3,2023-01-30
P1320,Lisa,Williams,Doctor 46,2023-01-30
P1350,Jason,Baker,Doctor 23,2023-01-30
P1486,Sarah,Lee,Doctor 10,2023-01-30
P1499,Benjamin,Young,Doctor 31,2023-01-30
P1548,Barbara,Lee,Doctor 47,2023-01-30
P1624,Carol,Price,Doctor 6,2023-01-30
P1631,Laura,Gonzalez,Doctor 33,2023-01-30
P1672,Nancy,Wood,Doctor 3,2023-01-30
P1733,Michael,Perez,Doctor 23,2023-01-30
P1791,Dennis,Brown,Doctor 30,2023-01-30
P1809,Frank,Nguyen,Doctor 39,2023-01-30
P1824,Barbara,Ortiz,Doctor 20,2023-01-30
P1899,Sharon,Rivera,Doctor 5,2023-01-30
P1956,Kenneth,Richardson,Doctor 48,2023-01-30
P2007,Donna,Alvarez,Doctor 23,2023-01-30
P2024,Samuel,Nguyen,Doctor 30,2023-01-30
P2024,Samuel,Nguyen,Doctor 42,2023-01-30
P2032,Betty,Flores,Doctor 49,2023-01-30
P2060,David,Lopez,Doctor 9,2023-01-30
P2173,Benjamin,Flores,Doctor 5,2023-01-30
P2263,Thomas,Gomez,Doctor 40,2023-01-30
P0021,Benjamin,Ruiz,Doctor 2,2023-01-31
P0059,George,Smith,Doctor 27,2023-01-31
P0095,Alexander,Gray,Doctor 34,2023-01-31
P0272,Virginia,Moore,Doctor 7,2023-01-31
P0282,Kimberly,Ortiz,Doctor 29,2023-01-31
P0311,Charles,Baker,Doctor 20,2023-01-31
P0332,Joseph,Martinez,Doctor 38,2023-01-31
P0367,Raymond,Flores,Doctor 36,2023-01-31
P0440,Brian,Howard,Doctor 40,2023-01-31
P0467,Gregory,Howard,Doctor 42,2023-01-31
P0563,Ruth,Morgan,Doctor 6,2023-01-31
P0671,Jessica,Morgan,Doctor 14,2023-01-31
P0745,Melissa,Clark,Doctor 29,2023-01-31
P0825,David,Reyes,Doctor 7,2023-01-31
P0911,Brenda,Hall,Doctor 18,2023-01-31
P1081,Tyler,Myers,Doctor 32,2023-01-31
P1131,Sarah,Miller,Doctor 1,2023-01-31
P1150,Melissa,Richardson,Doctor 3,2023-01-31
P1164,Raymond,Allen,Doctor 50,2023-01-31
P1201,Joshua,Walker,Doctor 30,2023-01-31
P1227,Nicholas,Mitchell,Doctor 5,2023-01-31
P1378,Karen,Lee,Doctor 23,2023-01-31
P1403,Emma,Rodriguez,Doctor 5,2023-01-31
P1408,Nancy,Martin,Doctor 33,2023-01-31
P1422,Angela,Collins,Doctor 39,2023-01-31
P1540,Jonathan,Gonzalez,Doctor 29,2023-01-31
P1602,Ronald,Gutierrez,Doctor 13,2023-01-31
P1627,Thomas,Howard,Doctor 34,2023-01-31
P1660,Nancy,Gonzalez,Doctor 29,2023-01-31
P1765,Eric,Clark,Doctor 11,2023-01-31
P1820,Ruth,Smith,Doctor 40,2023-01-31
P1844,Daniel,Martinez,Doctor 50,2023-01-31
P1877,Barbara,Morales,Doctor 32,2023-01-31
P1895,Lisa,Ruiz,Doctor 40,2023-01-31
P1912,Daniel,Morris,Doctor 40,2023-01-31
P1924,Laura,Smith,Doctor 39,2023-01-31
P1934,Lisa,Watson,Doctor 13,2023-01-31
P1946,Joseph,Bennett,Doctor 6,2023-01-31
P1947,Patrick,Allen,Doctor 41,2023-01-31
P2171,Donna,Scott,Doctor 10,2023-01-31
P2199,Andrew,Thomas,Doctor 39,2023-01-31
P2220,Aaron,Bennett,Doctor 34,2023-01-31
P2234,Frank,Bennett,Doctor 4,2023-01-31
P0241,Charles,White,Doctor 21,2023-02-01
P0254,Virginia,Scott,Doctor 23,2023-02-01
P0317,Sharon,Martin,Doctor 10,2023-02-01
P0496,Andrew,Parker,Doctor 26,2023-02-01
P0538,Jerry,Lewis,Doctor 29,2023-02-01
P0565,Steven,Gomez,Doctor 24,2023-02-01
P0689,Sandra,Bailey,Doctor 38,2023-02-01
P0735,Cynthia,Stewart,Doctor 22,2023-02-01
P0850,Mark,Torres,Doctor 19,2023-02-01
P0916,Edward,Gutierrez,Doctor 37,2023-02-01
P1091,Gregory,Bailey,Doctor 5,2023-02-01
P1279,Michelle,Thomas,Doctor 22,2023-02-01
P1313,William,Smith,Doctor 49,2023-02-01
P1345,Scott,Smith,Doctor 37,2023-02-01
P1357,Angela,Castillo,Doctor 29,2023-02-01
P1377,Jonathan,Bennett,Doctor 22,2023-02-01
P1420,Helen,Lewis,Doctor 8,2023-02-01
P1450,Charles,Rodriguez,Doctor 29,2023-02-01
P1489,Frank,Rodriguez,Doctor 39,2023-02-01
P1590,Anthony,Johnson,Doctor 25,2023-02-01
P1743,Michelle,Lee,Doctor 22,2023-02-01
P1813,Helen,Jackson,Doctor 6,2023-02-01
P1907,Melissa,Bennett,Doctor 43,2023-02-01
P1963,Donna,Harris,Doctor 13,2023-02-01
P2038,Ronald,Morales,Doctor 16,2023-02-01
P2052,Melissa,Robinson,Doctor 10,2023-02-01
P2158,James,Brown,Doctor 5,2023-02-01
P0285,Amy,Robinson,Doctor 46,2023-02-02
P0286,Linda,Reyes,Doctor 44,2023-02-02
P0320,Sarah,Thomas,Doctor 47,2023-02-02
P0570,Jacob,Mitchell,Doctor 22,2023-02-02
P0633,Christopher,Allen,Doctor 48,2023-02-02
P0652,Scott,Collins,Doctor 46,2023-02-02
P0702,Edward,Reyes,Doctor 25,2023-02-02
P0771,Patrick,Lewis,Doctor 36,2023-02-02
P0960,Timothy,Nelson,Doctor 1,2023-02-02
P0965,Michelle,Turner,Doctor 33,2023-02-02
P1028,Barbara,Price,Doctor 20,2023-02-02
P1086,Matthew,Gonzalez,Doctor 7,2023-02-02
P1092,John,Myers,Doctor 14,2023-02-02
P1288,David,Watson,Doctor 39,2023-02-02
P1422,Angela,Collins,Doctor 44,2023-02-02
P1508,Lisa,Allen,Doctor 34,2023-02-02
P1568,Eric,Brooks,Doctor 26,2023-02-02
P1597,Edward,Robinson,Doctor 15,2023-02-02
P1607,Sandra,Hughes,Doctor 38,2023-02-02
P1721,Jose,Johnson,Doctor 31,2023-02-02
P1882,Jacob,Rivera,Doctor 4,2023-02-02
P1893,Anthony,Patel,Doctor 46,2023-02-02
P1958,Daniel,Morales,Doctor 44,2023-02-02
P2030,David,Garcia,Doctor 29,2023-02-02
P2136,Deborah,Bennett,Doctor 29,2023-02-02
P2251,Shirley,Jackson,Doctor 21,2023-02-02
P2251,Shirley,Jackson,Doctor 21,2023-02-02
P2254,Scott,Wright,Doctor 31,2023-02-02
P0047,Sharon,Anderson,Doctor 10,2023-02-03
P0047,Sharon,Anderson,Doctor 4,2023-02-03
P0158,Angela,Gonzalez,Doctor 50,2023-02-03
P0162,Jerry,Brooks,Doctor 31,2023-02-03
P0299,Donald,Thompson,Doctor 2,2023-02-03
P0304,Jeffrey,Castillo,Doctor 2,2023-02-03
P0338,Mark,Jackson,Doctor 26,2023-02-03
P0386,Sharon,Wright,Doctor 28,2023-02-03
P0543,Kevin,Garcia,Doctor 35,2023-02-03
P0560,Larry,Lopez,Doctor 46,2023-02-03
P0583,Jennifer,Cooper,Doctor 30,2023-02-03
P0612,Eric,Cook,Doctor 40,2023-02-03
P0694,Kimberly,Adams,Doctor 8,2023-02-03
P0790,Gregory,Lewis,Doctor 26,2023-02-03
P0810,Steven,Brown,Doctor 43,2023-02-03
P0937,Samuel,James,Doctor 5,2023-02-03
P1006,Jessica,Lee,Doctor 17,2023-02-03
P1279,Michelle,Thomas,Doctor 22,2023-02-03
P1435,Sarah,Myers,Doctor 24,2023-02-03
P1489,Frank,Rodriguez,Doctor 39,2023-02-03
P1543,Anna,Howard,Doctor 22,2023-02-03
P1588,Stephen,Wood,Doctor 22,2023-02-03
P1628,Barbara,Cooper,Doctor 19,2023-02-03
P1740,Barbara,Johnson,Doctor 41,2023-02-03
P1922,Jose,Green,Doctor 5,2023-02-03
P1928,Joseph,Thompson,Doctor 42,2023-02-03
P1962,Amy,Morales,Doctor 34,2023-02-03
P2012,Sarah,King,Doctor 1,2023-02-03
P2034,Melissa,Brown,Doctor 22,2023-02-03
P2188,Timothy,Gomez,Doctor 6,2023-02-03
P2247,Jason,Hernandez,Doctor 26,2023-02-03
P2269,Mark,Taylor,Doctor 4,2023-02-03
P2286,Elizabeth,Ruiz,Doctor 45,2023-02-03
P2300,Joseph,Morris,Doctor 31,2023-02-03
P0070,Emma,Clark,Doctor 50,2023-02-04
P0087,Ryan,Nguyen,Doctor 40,2023-02-04
P0156,Edward,Gomez,Doctor 50,2023-02-04
P0210,Karen,Jackson,Doctor 29,2023-02-04
P0235,James,Williams,Doctor 37,2023-02-04
P0338,Mark,Jackson,Doctor 26,2023-02-04
P0417,Joseph,Lopez,Doctor 17,2023-02-04
P0470,Dennis,Hill,Doctor 42,2023-02-04
P0576,Samuel,Ortiz,Doctor 17,2023-02-04
P0598,Michelle,Kim,Doctor 26,2023-02-04
P0633,Christopher,Allen,Doctor 48,2023-02-04
P0682,Sarah,Young,Doctor 29,2023-02-04
P0716,Ryan,Cruz,Doctor 34,2023-02-04
P0753,Brian,Morgan,Doctor 19,2023-02-04
P0896,Laura,Jackson,Doctor 30,2023-02-04
P0907,Frank,Price,Doctor 39,2023-02-04
P0927,Steven,Robinson,Doctor 8,2023-02-04
P0970,Lisa,Martin,Doctor 2,2023-02-04
P0987,Timothy,Gray,Doctor 32,2023-02-04
P1038,Gary,Smith,Doctor 48,2023-02-04
P1148,Emma,Young,Doctor 26,2023-02-04
P1267,Donna,Ruiz,Doctor 31,2023-02-04
P1384,Betty,Peterson,Doctor 43,2023-02-04
P1439,Jack,Ward,Doctor 10,2023-02-04
P1443,Michelle,Carter,Doctor 21,2023-02-04
P1652,Shirley,Baker,Doctor 23,2023-02-04
P1753,Sarah,Evans,Doctor 3,2023-02-04
P1788,Nicholas,Anderson,Doctor 44,2023-02-04
P1863,Timothy,Allen,Doctor 27,2023-02-04
P1900,Stephen,Cook,Doctor 33,2023-02-04
P1929,Donna,Mendoza,Doctor 31,2023-02-04
P2018,Sharon,Turner,Doctor 34,2023-02-04
P2024,Samuel,Nguyen,Doctor 36,2023-02-04
P2105,John,Wright,Doctor 23,2023-02-04
P2122,Ryan,Ramirez,Doctor 39,2023-02-04
P2296,Nancy,White,Doctor 16,2023-02-04
P2301,Eric,Nguyen,Doctor 46,2023-02-04
P0012,Gregory,Ramos,Doctor 7,2023-02-05
P0052,Sandra,Miller,Doctor 28,2023-02-05
P0151,Matthew,Diaz,Doctor 31,2023-02-05
P0191,Michelle,Campbell,Doctor 7,2023-02-05
P0301,Susan,Ramirez,Doctor 45,2023-02-05
P0311,Charles,Baker,Doctor 35,2023-02-05
P0336,Laura,Rivera,Doctor 19,2023-02-05
P0379,Nicholas,Rodriguez,Doctor 39,2023-02-05
P0419,Ruth,Carter,Doctor 6,2023-02-05
P0444,Thomas,Sanchez,Doctor 15,2023-02-05
P0548,Daniel,Wright,Doctor 38,2023-02-05
P0618,Ruth,Howard,Doctor 2,2023-02-05
P0634,Michelle,Green,Doctor 31,2023-02-05
P0678,Jerry,Moore,Doctor 38,2023-02-05
P0689,Sandra,Bailey,Doctor 30,2023-02-05
P0979,Dennis,Lewis,Doctor 38,2023-02-05
P1030,Laura,Martinez,Doctor 48,2023-02-05
P1032,Betty,Nguyen,Doctor 30,2023-02-05
P1066,Alexander,Jones,Doctor 22,2023-02-05
P1107,Brenda,Kim,Doctor 9,2023-02-05
P1170,Amy,Parker,Doctor 28,2023-02-05
P1335,Richard,Morris,Doctor 27,2023-02-05
P1344,Dorothy,Cox,Doctor 36,2023-02-05
P1408,Nancy,Martin,Doctor 46,2023-02-05
P1441,Steven,Castillo,Doctor 44,2023-02-05
P1490,Joseph,Anderson,Doctor 36,2023-02-05
P1519,Eric,Castillo,Doctor 18,2023-02-05
P1523,Michael,Roberts,Doctor 20,2023-02-05
P1642,Angela,Johnson,Doctor 28,2023-02-05
P1666,William,Adams,Doctor 35,2023-02-05
P1700,Samuel,Wright,Doctor 42,2023-02-05
P1711,Robert,Cruz,Doctor 12,2023-02-05
P1738,Steven,Perez,Doctor 20,2023-02-05
P1828,Matthew,Hernandez,Doctor 3,2023-02-05
P1867,Stephen,Martin,Doctor 12,2023-02-05
P2077,Carol,Perez,Doctor 1,2023-02-05
P2194,Samuel,Brown,Doctor 13,2023-02-05
P2231,Frank,Ramirez,Doctor 6,2023-02-05
P2232,Richard,Thomas,Doctor 35,2023-02-05
P2258,Edward,Perez,Doctor 41,2023-02-05
P2284,Cynthia,Lopez,Doctor 46,2023-02-05
P2305,Helen,Young,Doctor 6,2023-02-05
P0051,Ruth,Gomez,Doctor 10,2023-02-06
P0123,Jose,Williams,Doctor 13,2023-02-06
P0154,Steven,Cook,Doctor 31,2023-02-06
P0212,Sarah,Lopez,Doctor 50,2023-02-06
P0219,James,Murphy,Doctor 36,2023-02-06
P0236,Elizabeth,Morgan,Doctor 46,2023-02-06
P0436,Carol,Anderson,Doctor 21,2023-02-06
P0443,Anna,Johnson,Doctor 11,2023-02-06
P0556,Sharon,Mendoza,Doctor 30,2023-02-06
P0709,Scott,Scott,Doctor 42,2023-02-06
P0779,George,Ortiz,Doctor 50,2023-02-06
P0793,Linda,Gonzalez,Doctor 28,2023-02-06
P1024,Sharon,Jackson,Doctor 13,2023-02-06
P1115,Ruth,Gray,Doctor 28,2023-02-06
P1130,Sarah,Hughes,Doctor 10,2023-02-06
P1365,Deborah,Phillips,Doctor 32,2023-02-06
P1366,Christopher,Hughes,Doctor 37,2023-02-06
P1467,Emma,Peterson,Doctor 30,2023-02-06
P1479,Jessica,Flores,Doctor 29,2023-02-06
P1571,Joshua,Taylor,Doctor 11,2023-02-06
P1685,Jessica,Ortiz,Doctor 50,2023-02-06
P1777,Alexander,Morris,Doctor 20,2023-02-06
P1813,Helen,Jackson,Doctor 47,2023-02-06
P1856,Aaron,Scott,Doctor 19,2023-02-06
P1859,Timothy,Hernandez,Doctor 5,2023-02-06
P1893,Anthony,Patel,Doctor 46,2023-02-06
P2023,Lisa,Hernandez,Doctor 16,2023-02-06
P2042,Brenda,King,Doctor 4,2023-02-06
P2085,Nancy,Scott,Doctor 49,2023-02-06
P2102,Sandra,Gomez,Doctor 18,2023-02-06
P2155,Kathleen,Flores,Doctor 3,2023-02-06
P0046,Susan,Young,Doctor 21,2023-02-07
P0333,Aaron,Ward,Doctor 29,2023-02-07
P0431,Donna,Perez,Doctor 34,2023-02-07
P0532,Carol,Ortiz,Doctor 8,2023-02-07
P0579,Linda,Brown,Doctor 15,2023-02-07
P0673,Kathleen,Robinson,Doctor 17,2023-02-07
P0757,Linda,Sanders,Doctor 9,2023-02-07
P0827,Justin,Torres,Doctor 8,2023-02-07
P0876,Susan,Howard,Doctor 26,2023-02-07
P1099,Jacob,Garcia,Doctor 1,2023-02-07
P1307,Donna,Nelson,Doctor 25,2023-02-07
P1379,Daniel,Jones,Doctor 30,2023-02-07
P1430,Jeffrey,Watson,Doctor 18,2023-02-07
P1476,Susan,Martin,Doctor 37,2023-02-07
P1486,Sarah,Lee,Doctor 10,2023-02-07
P1526,Sharon,Hall,Doctor 13,2023-02-07
P1587,Rebecca,Garcia,Doctor 5,2023-02-07
P1867,Stephen,Martin,Doctor 23,2023-02-07
P1882,Jacob,Rivera,Doctor 4,2023-02-07
P1894,Kimberly,Myers,Doctor 46,2023-02-07
P2110,Anna,Lopez,Doctor 8,2023-02-07
P2179,Tyler,Young,Doctor 40,2023-02-07
P2267,Christopher,King,Doctor 36,2023-02-07
P2270,Helen,Flores,Doctor 18,2023-02-07
P0100,Dennis,Chavez,Doctor 48,2023-02-08
P0110,Deborah,Howard,Doctor 11,2023-02-08
P0137,Kevin,Moore,Doctor 48,2023-02-08
P0226,Dennis,Kelly,Doctor 12,2023-02-08
P0236,Elizabeth,Morgan,Doctor 46,2023-02-08
P0429,Gregory,Chavez,Doctor 44,2023-02-08
P0448,Frank,Edwards,Doctor 39,2023-02-08
P0579,Linda,Brown,Doctor 46,2023-02-08
P0585,Jessica,Rivera,Doctor 12,2023-02-08
P0773,Dennis,Nguyen,Doctor 4,2023-02-08
P0801,Anna,Cruz,Doctor 4,2023-02-08
P0826,Thomas,Bailey,Doctor 48,2023-02-08
P0863,Kimberly,Moore,Doctor 4,2023-02-08
P1084,Jessica,Bennett,Doctor 34,2023-02-08
P1391,Virginia,Nguyen,Doctor 14,2023-02-08
P1589,Laura,Gray,Doctor 27,2023-02-08
P1662,Brenda,Baker,Doctor 44,2023-02-08
P1743,Michelle,Lee,Doctor 7,2023-02-08
P1792,Nicholas,Rivera,Doctor 20,2023-02-08
P1856,Aaron,Scott,Doctor 4,2023-02-08
P1969,Brandon,Sanchez,Doctor 39,2023-02-08
P2187,Linda,Mendoza,Doctor 39,2023-02-08
P0023,Dorothy,Adams,Doctor 48,2023-02-09
P0118,Donna,Sanchez,Doctor 42,2023-02-09
P0128,Larry,Reyes,Doctor 16,2023-02-09
P0221,Eric,Torres,Doctor 40,2023-02-09
P0373,Lisa,Morgan,Doctor 18,2023-02-09
P0427,Gary,Brooks,Doctor 46,2023-02-09
P0441,Alexander,King,Doctor 49,2023-02-09
P0585,Jessica,Rivera,Doctor 12,2023-02-09
P0592,Helen,Torres,Doctor 9,2023-02-09
P0639,Elizabeth,Ramos,Doctor 36,2023-02-09
P0696,Larry,Nelson,Doctor 39,2023-02-09
P0781,Sandra,Myers,Doctor 6,2023-02-09
P0842,Jonathan,Alvarez,Doctor 17,2023-02-09
P0884,Thomas,Stewart,Doctor 6,2023-02-09
P1151,Benjamin,Parker,Doctor 35,2023-02-09
P1167,Jose,Castillo,Doctor 2,2023-02-09
P1197,William,Clark,Doctor 6,2023-02-09
P1207,Mary,Ortiz,Doctor 8,2023-02-09
P1233,Elizabeth,Torres,Doctor 7,2023-02-09
P1238,Kimberly,Baker,Doctor 4,2023-02-09
P1277,Donna,Flores,Doctor 1,2023-02-09
P1450,Charles,Rodriguez,Doctor 32,2023-02-09
P1747,Sharon,Phillips,Doctor 20,2023-02-09
P1779,Angela,Bailey,Doctor 19,2023-02-09
P1783,Daniel,Myers,Doctor 40,2023-02-09
P1813,Helen,Jackson,Doctor 47,2023-02-09
P1842,Frank,Brooks,Doctor 27,2023-02-09
P1895,Lisa,Ruiz,Doctor 40,2023-02-09
P2047,Lisa,Wright,Doctor 20,2023-02-09
P2184,Sarah,Phillips,Doctor 38,2023-02-09
P2242,Kathleen,Young,Doctor 11,2023-02-09
P0031,Shirley,Hughes,Doctor 29,2023-02-10
P0050,Laura,Lopez,Doctor 22,2023-02-10
P0094,Scott,Chavez,Doctor 20,2023-02-10
P0100,Dennis,Chavez,Doctor 39,2023-02-10
P0133,Linda,Ramos,Doctor 39,2023-02-10
P0186,Kimberly,Sanders,Doctor 23,2023-02-10
P0220,Kevin,Cruz,Doctor 40,2023-02-10
P0239,Angela,Perez,Doctor 32,2023-02-10
P0249,Betty,Watson,Doctor 18,2023-02-10
P0348,Jonathan,Rodriguez,Doctor 34,2023-02-10
P0366,Brenda,Wood,Doctor 16,2023-02-10
P0721,Sarah,Kelly,Doctor 29,2023-02-10
P0757,Linda,Sanders,Doctor 4,2023-02-10
P0775,Jerry,Hill,Doctor 10,2023-02-10
P0930,Sharon,Smith,Doctor 31,2023-02-10
P0963,Karen,Wood,Doctor 44,2023-02-10
P1052,Samuel,Diaz,Doctor 22,2023-02-10
P1056,Edward,Garcia,Doctor 26,2023-02-10
P1103,Ronald,Ramirez,Doctor 41,2023-02-10
P1143,Jacob,Morales,Doctor 32,2023-02-10
P1200,Aaron,Castillo,Doctor 3,2023-02-10
P1298,Jessica,Taylor,Doctor 18,2023-02-10
P1312,Dennis,Cooper,Doctor 49,2023-02-10
P1324,Nancy,Reed,Doctor 36,2023-02-10
P1399,Ronald,Flores,Doctor 41,2023-02-10
P1448,Justin,Martin,Doctor 19,2023-02-10
P1567,Stephen,Edwards,Doctor 32,2023-02-10
P1674,Barbara,Bailey,Doctor 21,2023-02-10
P1734,Dorothy,Robinson,Doctor 9,2023-02-10
P1846,Andrew,Kim,Doctor 7,2023-02-10
P1916,Sarah,Brooks,Doctor 10,2023-02-10
P1989,Patrick,Rivera,Doctor 15,2023-02-10
P2009,Michelle,Diaz,Doctor 16,2023-02-10
P2109,Betty,Davis,Doctor 8,2023-02-10
P2195,Justin,Morris,Doctor 5,2023-02-10
P2232,Richard,Thomas,Doctor 17,2023-02-10
P2246,Cynthia,Flores,Doctor 38,2023-02-10
P0012,Gregory,Ramos,Doctor 7,2023-02-11
P0076,Jessica,Sanders,Doctor 40,2023-02-11
P0106,Steven,Ortiz,Doctor 42,2023-02-11
P0134,Carol,Carter,Doctor 34,2023-02-11
P0208,Mary,Sanders,Doctor 39,2023-02-11
P0353,Laura,Cox,Doctor 46,2023-02-11
P0572,Linda,Jackson,Doctor 27,2023-02-11
P0741,Dennis,Bailey,Doctor 2,2023-02-11
P0752,Brian,Diaz,Doctor 15,2023-02-11
P0756,Jessica,Campbell,Doctor 8,2023-02-11
P1061,Tyler,Stewart,Doctor 43,2023-02-11
P1087,Deborah,Peterson,Doctor 46,2023-02-11
P1090,Charles,Carter,Doctor 28,2023-02-11
P1225,Benjamin,White,Doctor 40,2023-02-11
P1239,Timothy,Brown,Doctor 18,2023-02-11
P1562,Anna,Hughes,Doctor 42,2023-02-11
P1682,Anna,Nelson,Doctor 20,2023-02-11
P1754,Jacob,Chavez,Doctor 40,2023-02-11
P1823,Ruth,Collins,Doctor 30,2023-02-11
P1831,Betty,Kelly,Doctor 42,2023-02-11
P1832,Betty,Mitchell,Doctor 46,2023-02-11
P1883,Edward,Campbell,Doctor 49,2023-02-11
P2034,Melissa,Brown,Doctor 22,2023-02-11
P2060,David,Lopez,Doctor 6,2023-02-11
P2095,Richard,Wright,Doctor 43,2023-02-11
P2111,Alexander,Alvarez,Doctor 18,2023-02-11
P2166,Ronald,Roberts,Doctor 9,2023-02-11
P2301,Eric,Nguyen,Doctor 9,2023-02-11
P0129,Melissa,Turner,Doctor 10,2023-02-12
P0147,Elizabeth,Ward,Doctor 50,2023-02-12
P0161,Nicholas,Hernandez,Doctor 8,2023-02-12
P0169,Charles,Nelson,Doctor 14,2023-02-12
P0381,Barbara,Richardson,Doctor 43,2023-02-12
P0390,Virginia,Mitchell,Doctor 19,2023-02-12
P0455,Raymond,Brown,Doctor 31,2023-02-12
P0468,Ryan,Garcia,Doctor 36,2023-02-12
P0469,Jacob,Perez,Doctor 10,2023-02-12
P0532,Carol,Ortiz,Doctor 48,2023-02-12
P0662,Jennifer,Hughes,Doctor 44,2023-02-12
P0692,Ronald,Taylor,Doctor 47,2023-02-12
P0706,Frank,Hill,Doctor 11,2023-02-12
P0887,Sharon,Cox,Doctor 20,2023-02-12
P0896,Laura,Jackson,Doctor 30,2023-02-12
P0933,Jeffrey,Diaz,Doctor 36,2023-02-12
P1076,Raymond,Martin,Doctor 41,2023-02-12
P1115,Ruth,Gray,Doctor 20,2023-02-12
P1124,James,Morales,Doctor 45,2023-02-12
P1145,Betty,Campbell,Doctor 47,2023-02-12
P1149,Dorothy,Wood,Doctor 25,2023-02-12
P1220,Kevin,Adams,Doctor 26,2023-02-12
P1302,Sarah,Cox,Doctor 17,2023-02-12
P1391,Virginia,Nguyen,Doctor 36,2023-02-12
P1506,Sharon,Reyes,Doctor 49,2023-02-12
P1562,Anna,Hughes,Doctor 30,2023-02-12
P1564,Dorothy,Jones,Doctor 38,2023-02-12
P1662,Brenda,Baker,Doctor 36,2023-02-12
P1695,Alexander,Reed,Doctor 40,2023-02-12
P1732,Kimberly,Morales,Doctor 44,2023-02-12
P1751,Scott,Morales,Doctor 1,2023-02-12
P1849,Jose,Kim,Doctor 41,2023-02-12
P1902,Jason,Johnson,Doctor 43,2023-02-12
P1916,Sarah,Brooks,Doctor 22,2023-02-12
P1953,Jacob,Reed,Doctor 47,2023-02-12
P2070,Barbara,Perez,Doctor 47,2023-02-12
P2141,Lisa,Morales,Doctor 28,2023-02-12
P2225,John,James,Doctor 49,2023-02-12
P2237,Kenneth,Castillo,Doctor 44,2023-02-12
P2255,Betty,Martin,Doctor 45,2023-02-12
P0043,Edward,Edwards,Doctor 15,2023-02-13
P0201,Kathleen,Adams,Doctor 30,2023-02-13
P0292,Angela,Brooks,Doctor 34,2023-02-13
P0375,Betty,Lopez,Doctor 27,2023-02-13
P0439,Jeffrey,Edwards,Doctor 33,2023-02-13
P0458,Michelle,Jackson,Doctor 17,2023-02-13
P0713,Helen,Thompson,Doctor 1,2023-02-13
P0720,Nicholas,Torres,Doctor 35,2023-02-13
P0785,Jeffrey,Rivera,Doctor 34,2023-02-13
P0796,Timothy,Campbell,Doctor 7,2023-02-13
P0805,Anthony,Brown,Doctor 36,2023-02-13
P0838,James,Ortiz,Doctor 10,2023-02-13
P1020,Patrick,Sanders,Doctor 36,2023-02-13
P1106,Rebecca,Diaz,Doctor 17,2023-02-13
P1114,Charles,Scott,Doctor 3,2023-02-13
P1246,Jeffrey,Jackson,Doctor 18,2023-02-13
P1363,Michael,Walker,Doctor 44,2023-02-13
P1399,Ronald,Flores,Doctor 46,2023-02-13
P1440,Timothy,Ortiz,Doctor 50,2023-02-13
P1547,Benjamin,Richardson,Doctor 17,2023-02-13
P1581,Dorothy,White,Doctor 17,2023-02-13
P1664,Jack,Sanders,Doctor 25,2023-02-13
P1800,Joseph,Hill,Doctor 50,2023-02-13
P1806,Nancy,Diaz,Doctor 14,2023-02-13
P1810,Helen,Gray,Doctor 44,2023-02-13
P1840,Laura,Brown,Doctor 14,2023-02-13
P1853,Nicholas,Davis,Doctor 30,2023-02-13
P1897,John,Mitchell,Doctor 44,2023-02-13
P1937,Raymond,Garcia,Doctor 28,2023-02-13
P2027,Thomas,Sanders,Doctor 49,2023-02-13
P2144,Shirley,Ward,Doctor 21,2023-02-13
P0101,Nicholas,Wright,Doctor 6,2023-02-14
P0214,Kenneth,Gomez,Doctor 2,2023-02-14
P0367,Raymond,Flores,Doctor 12,2023-02-14
P0404,Jeffrey,Alvarez,Doctor 10,2023-02-14
P0500,Aaron,Nelson,Doctor 9,2023-02-14
P0505,Charles,Cook,Doctor 13,2023-02-14
P0573,Mary,Harris,Doctor 20,2023-02-14
P0750,Ruth,Chavez,Doctor 13,2023-02-14
P1148,Emma,Young,Doctor 26,2023-02-14
P1176,Brenda,Murphy,Doctor 20,2023-02-14
P1189,Mary,Hernandez,Doctor 14,2023-02-14
P1231,Rebecca,Moore,Doctor 34,2023-02-14
P1250,Michael,Richardson,Doctor 39,2023-02-14
P1287,Elizabeth,White,Doctor 32,2023-02-14
P1292,Andrew,Reyes,Doctor 38,2023-02-14
P1294,Rebecca,Lewis,Doctor 21,2023-02-14
P1295,John,Nguyen,Doctor 46,2023-02-14
P1513,Jennifer,Rogers,Doctor 28,2023-02-14
P1517,Kimberly,Morris,Doctor 13,2023-02-14
P1677,Joshua,Martin,Doctor 21,2023-02-14
P1727,Donald,Evans,Doctor 23,2023-02-14
P1876,Tyler,Cruz,Doctor 33,2023-02-14
P2041,Amy,Kim,Doctor 48,2023-02-14
P2089,Emma,Parker,Doctor 18,2023-02-14
P2302,Sarah,Allen,Doctor 8,2023-02-14
P0225,Jacob,Baker,Doctor 31,2023-02-15
P0335,William,White,Doctor 45,2023-02-15
P0453,Donna,Turner,Doctor 11,2023-02-15
P0605,Jeffrey,Martin,Doctor 37,2023-02-15
P0658,Linda,Adams,Doctor 8,2023-02-15
P0694,Kimberly,Adams,Doctor 8,2023-02-15
P0764,Alexander,Robinson,Doctor 22,2023-02-15
P0773,Dennis,Nguyen,Doctor 32,2023-02-15
P0895,Angela,Jackson,Doctor 34,2023-02-15
P0919,Robert,Patel,Doctor 3,2023-02-15
P0957,Anna,Allen,Doctor 19,2023-02-15
P1018,Karen,Phillips,Doctor 25,2023-02-15
P1056,Edward,Garcia,Doctor 31,2023-02-15
P1195,Melissa,Mendoza,Doctor 43,2023-02-15
P1246,Jeffrey,Jackson,Doctor 18,2023-02-15
P1306,Emma,Gray,Doctor 21,2023-02-15
P1468,Sandra,Bennett,Doctor 1,2023-02-15
P1474,Kathleen,White,Doctor 40,2023-02-15
P1525,Ruth,Williams,Doctor 4,2023-02-15
P1552,Samuel,Ramos,Doctor 14,2023-02-15
P1661,Emma,Ramirez,Doctor 10,2023-02-15
P1745,Ronald,Lopez,Doctor 23,2023-02-15
P1770,Justin,Green,Doctor 17,2023-02-15
P1853,Nicholas,Davis,Doctor 30,2023-02-15
P1856,Aaron,Scott,Doctor 4,2023-02-15
P1983,Rebecca,Miller,Doctor 45,2023-02-15
P2064,Mark,Baker,Doctor 11,2023-02-15
P2204,Sharon,Ortiz,Doctor 30,2023-02-15
P2223,Carol,Hughes,Doctor 13,2023-02-15
P2265,Edward,Allen,Doctor 7,2023-02-15
P0029,Patrick,Peterson,Doctor 7,2023-02-16
P0041,Sarah,Morales,Doctor 11,2023-02-16
P0114,Alexander,Patel,Doctor 45,2023-02-16
P0162,Jerry,Brooks,Doctor 31,2023-02-16
P0318,Ruth,Green,Doctor 2,2023-02-16
P0456,Benjamin,Moore,Doctor 23,2023-02-16
P0481,Ryan,Patel,Doctor 42,2023-02-16
P0611,Anna,Cox,Doctor 24,2023-02-16
P0616,Jennifer,Torres,Doctor 41,2023-02-16
P0651,Virginia,Brooks,Doctor 38,2023-02-16
P0657,Linda,Miller,Doctor 49,2023-02-16
P0661,Brenda,Kelly,Doctor 48,2023-02-16
P0703,Amy,Turner,Doctor 11,2023-02-16
P0720,Nicholas,Torres,Doctor 35,2023-02-16
P0793,Linda,Gonzalez,Doctor 27,2023-02-16
P0918,Lisa,Lee,Doctor 20,2023-02-16
P0990,Helen,Adams,Doctor 20,2023-02-16
P0998,Kimberly,Mendoza,Doctor 3,2023-02-16
P1019,Virginia,Martinez,Doctor 29,2023-02-16
P1082,Joshua,Ortiz,Doctor 40,2023-02-16
P1102,Ryan,Peterson,Doctor 2,2023-02-16
P1109,Thomas,Thomas,Doctor 1,2023-02-16
P1135,Amy,Diaz,Doctor 41,2023-02-16
P1249,Betty,Cox,Doctor 44,2023-02-16
P1356,Joshua,Cox,Doctor 16,2023-02-16
P1431,Donald,Ramirez,Doctor 32,2023-02-16
P1484,Donald,Bailey,Doctor 20,2023-02-16
P1492,Karen,Alvarez,Doctor 38,2023-02-16
P1494,Sandra,Taylor,Doctor 4,2023-02-16
P1560,Daniel,Ramirez,Doctor 36,2023-02-16
P1575,Brenda,Ortiz,Doctor 18,2023-02-16
P1705,Christopher,Young,Doctor 20,2023-02-16
P1949,Sarah,Stewart,Doctor 13,2023-02-16
P2010,Anna,Green,Doctor 22,2023-02-16
P2045,Virginia,Diaz,Doctor 35,2023-02-16
P2125,Nicholas,Howard,Doctor 34,2023-02-16
P2164,Gregory,White,Doctor 31,2023-02-16
P2184,Sarah,Phillips,Doctor 23,2023-02-16
P0155,Nancy,Kelly,Doctor 15,2023-02-17
P0261,Melissa,Anderson,Doctor 8,2023-02-17
P0265,Patricia,Gray,Doctor 14,2023-02-17
P0266,Joseph,Evans,Doctor 47,2023-02-17
P0377,Carol,Reed,Doctor 32,2023-02-17
P0519,David,Bailey,Doctor 20,2023-02-17
P0537,Susan,Taylor,Doctor 25,2023-02-17
P0540,Carol,Ramirez,Doctor 28,2023-02-17
P0708,Lisa,Gomez,Doctor 18,2023-02-17
P0717,Sharon,Miller,Doctor 12,2023-02-17
P0820,Sarah,Diaz,Doctor 50,2023-02-17
P0902,Elizabeth,Jones,Doctor 46,2023-02-17
P0942,Eric,Scott,Doctor 30,2023-02-17
P1030,Laura,Martinez,Doctor 49,2023-02-17
P1211,Donna,Stewart,Doctor 36,2023-02-17
P1228,Charles,Martinez,Doctor 18,2023-02-17
P1238,Kimberly,Baker,Doctor 47,2023-02-17
P1539,Brian,Jackson,Doctor 40,2023-02-17
P1541,Timothy,Baker,Doctor 37,2023-02-17
P1661,Emma,Ramirez,Doctor 10,2023-02-17
P1880,Donna,Bennett,Doctor 47,2023-02-17
P2005,Jerry,Evans,Doctor 19,2023-02-17
P2011,Carol,Robinson,Doctor 26,2023-02-17
P2017,Laura,Price,Doctor 16,2023-02-17
P2101,Ryan,Flores,Doctor 9,2023-02-17
P2114,Jason,Morales,Doctor 19,2023-02-17
P2208,Edward,Mendoza,Doctor 50,2023-02-17
P2246,Cynthia,Flores,Doctor 38,2023-02-17
P2255,Betty,Martin,Doctor 32,2023-02-17
P2263,Thomas,Gomez,Doctor 16,2023-02-17
P2287,Ronald,Brown,Doctor 45,2023-02-17
P0258,Gregory,Mendoza,Doctor 10,2023-02-18
P0411,Mark,Hall,Doctor 50,2023-02-18
P0418,Thomas,Gray,Doctor 32,2023-02-18
P0423,John,Gonzalez,Doctor 26,2023-02-18
P0429,Gregory,Chavez,Doctor 44,2023-02-18
P0478,Alexander,Bailey,Doctor 4,2023-02-18
P0483,Justin,Reyes,Doctor 9,2023-02-18
P0494,Mark,Collins,Doctor 31,2023-02-18
P0537,Susan,Taylor,Doctor 4,2023-02-18
P0683,Frank,Wilson,Doctor 9,2023-02-18
P0867,Amy,Myers,Doctor 43,2023-02-18
P0881,Dennis,Myers,Doctor 22,2023-02-18
P0893,Larry,Morris,Doctor 23,2023-02-18
P1092,John,Myers,Doctor 14,2023-02-18
P1195,Melissa,Mendoza,Doctor 43,2023-02-18
P1253,Aaron,Kim,Doctor 20,2023-02-18
P1365,Deborah,Phillips,Doctor 32,2023-02-18
P1637,Shirley,Bailey,Doctor 4,2023-02-18
P1687,Donna,Taylor,Doctor 14,2023-02-18
P1706,George,Patel,Doctor 41,2023-02-18
P1796,Carol,Sanchez,Doctor 9,2023-02-18
P1871,Melissa,Lee,Doctor 28,2023-02-18
P1968,Betty,Martinez,Doctor 35,2023-02-18
P2035,Alexander,Ramirez,Doctor 38,2023-02-18
P2040,Gary,Kim,Doctor 26,2023-02-18
P2072,Amy,Allen,Doctor 18,2023-02-18
P2133,Helen,Evans,Doctor 2,2023-02-18
P2259,Brandon,Garcia,Doctor 14,2023-02-18
P2284,Cynthia,Lopez,Doctor 48,2023-02-18
P0024,Jeffrey,Cook,Doctor 32,2023-02-19
P0033,Susan,Mitchell,Doctor 7,2023-02-19
P0062,Laura,Jones,Doctor 17,2023-02-19
P0082,Aaron,Adams,Doctor 46,2023-02-19
P0154,Steven,Cook,Doctor 39,2023-02-19
P0205,Jason,Lewis,Doctor 4,2023-02-19
P0224,Kathleen,Chavez,Doctor 34,2023-02-19
P0264,Patrick,Bennett,Doctor 48,2023-02-19
P0459,Nancy,Chavez,Doctor 32,2023-02-19
P0674,Benjamin,Collins,Doctor 17,2023-02-19
P0684,William,Moore,Doctor 5,2023-02-19
P0704,Linda,Gomez,Doctor 27,2023-02-19
P0729,Cynthia,Gutierrez,Doctor 45,2023-02-19
P0751,Sandra,James,Doctor 18,2023-02-19
P0762,Lisa,Thomas,Doctor 33,2023-02-19
P0845,John,Ward,Doctor 47,2023-02-19
P0950,Sarah,Rogers,Doctor 17,2023-02-19
P0957,Anna,Allen,Doctor 30,2023-02-19
P0965,Michelle,Turner,Doctor 33,2023-02-19
P0985,Justin,Smith,Doctor 18,2023-02-19
P1030,Laura,Martinez,Doctor 49,2023-02-19
P1105,Timothy,Miller,Doctor 15,2023-02-19
P1169,Sarah,Price,Doctor 49,2023-02-19
P1260,Stephen,Morris,Doctor 37,2023-02-19
P1263,Lisa,Sanders,Doctor 29,2023-02-19
P1270,Sandra,Allen,Doctor 35,2023-02-19
P1363,Michael,Walker,Doctor 38,2023-02-19
P1391,Virginia,Nguyen,Doctor 49,2023-02-19
P1403,Emma,Rodriguez,Doctor 5,2023-02-19
P1468,Sandra,Bennett,Doctor 30,2023-02-19
P1479,Jessica,Flores,Doctor 5,2023-02-19
P1705,Christopher,Young,Doctor 20,2023-02-19
P1707,Joshua,Phillips,Doctor 26,2023-02-19
P1718,Brenda,Hill,Doctor 40,2023-02-19
P1796,Carol,Sanchez,Doctor 43,2023-02-19
P1943,Melissa,Lewis,Doctor 43,2023-02-19
P1962,Amy,Morales,Doctor 8,2023-02-19
P1963,Donna,Harris,Doctor 5,2023-02-19
P2147,Karen,Thompson,Doctor 44,2023-02-19
P2228,Joseph,Patel,Doctor 4,2023-02-19
P2239,Ronald,Cook,Doctor 3,2023-02-19
P2294,Karen,Baker,Doctor 12,2023-02-19
P0027,Helen,Gomez,Doctor 28,2023-02-20
P0178,Gary,Harris,Doctor 40,2023-02-20
P0245,Angela,Stewart,Doctor 38,2023-02-20
P0306,Ryan,Thompson,Doctor 44,2023-02-20
P0509,Patrick,Miller,Doctor 45,2023-02-20
P0531,Karen,Myers,Doctor 3,2023-02-20
P0549,Amy,Gonzalez,Doctor 17,2023-02-20
P0641,Karen,Torres,Doctor 1,2023-02-20
P0764,Alexander,Robinson,Doctor 50,2023-02-20
P0769,Benjamin,Carter,Doctor 5,2023-02-20
P0978,Daniel,Cooper,Doctor 33,2023-02-20
P1028,Barbara,Price,Doctor 44,2023-02-20
P1046,Charles,Diaz,Doctor 29,2023-02-20
P1058,Frank,Gray,Doctor 3,2023-02-20
P1065,Jacob,Carter,Doctor 20,2023-02-20
P1201,Joshua,Walker,Doctor 30,2023-02-20
P1285,Robert,Peterson,Doctor 12,2023-02-20
P1348,Jose,Mendoza,Doctor 11,2023-02-20
P1512,Joshua,Lopez,Doctor 20,2023-02-20
P1583,Shirley,Thompson,Doctor 13,2023-02-20
P1605,Deborah,Torres,Doctor 1,2023-02-20
P1679,Elizabeth,Wright,Doctor 31,2023-02-20
P1709,Gary,Cox,Doctor 11,2023-02-20
P1825,Ruth,Gutierrez,Doctor 2,2023-02-20
P1885,Jacob,Evans,Doctor 22,2023-02-20
P1919,Rebecca,Green,Doctor 4,2023-02-20
P2013,Sarah,Peterson,Doctor 12,2023-02-20
P2079,Lisa,Baker,Doctor 7,2023-02-20
P2122,Ryan,Ramirez,Doctor 39,2023-02-20
P2177,Timothy,Hill,Doctor 7,2023-02-20
P2183,Frank,Peterson,Doctor 36,2023-02-20
P2207,Karen,Smith,Doctor 22,2023-02-20
P2266,Alexander,Phillips,Doctor 33,2023-02-20
P2269,Mark,Taylor,Doctor 47,2023-02-20
P0016,Nancy,Miller,Doctor 44,2023-02-21
P0021,Benjamin,Ruiz,Doctor 22,2023-02-21
P0035,Jennifer,Richardson,Doctor 35,2023-02-21
P0046,Susan,Young,Doctor 9,2023-02-21
P0124,Kimberly,Sanchez,Doctor 2,2023-02-21
P0134,Carol,Carter,Doctor 34,2023-02-21
P0139,Mary,Rogers,Doctor 5,2023-02-21
P0177,Alexander,Torres,Doctor 37,2023-02-21
P0358,Mark,Mendoza,Doctor 10,2023-02-21
P0545,Nicholas,Cooper,Doctor 47,2023-02-21
P0605,Jeffrey,Martin,Doctor 7,2023-02-21
P0687,Jack,Miller,Doctor 20,2023-02-21
P0707,Michelle,James,Doctor 4,2023-02-21
P0746,Edward,Williams,Doctor 31,2023-02-21
P0782,Sarah,Walker,Doctor 23,2023-02-21
P0830,Robert,Cooper,Doctor 49,2023-02-21
P0850,Mark,Torres,Doctor 1,2023-02-21
P0870,Alexander,Martinez,Doctor 25,2023-02-21
P0882,Michelle,King,Doctor 24,2023-02-21
P0888,Jonathan,Williams,Doctor 24,2023-02-21
P0941,Helen,Moore,Doctor 9,2023-02-21
P1013,Aaron,Gonzalez,Doctor 43,2023-02-21
P1026,Amy,Howard,Doctor 44,2023-02-21
P1027,Jack,Myers,Doctor 24,2023-02-21
P1062,Melissa,Williams,Doctor 40,2023-02-21
P1237,Nancy,Ward,Doctor 40,2023-02-21
P1294,Rebecca,Lewis,Doctor 44,2023-02-21
P1345,Scott,Smith,Doctor 49,2023-02-21
P1361,Laura,Alvarez,Doctor 31,2023-02-21
P1400,Michelle,Sanders,Doctor 18,2023-02-21
P1443,Michelle,Carter,Doctor 32,2023-02-21
P1616,Sarah,Hill,Doctor 2,2023-02-21
P1618,Anthony,Kelly,Doctor 9,2023-02-21
P1629,Jack,Lee,Doctor 24,2023-02-21
P1654,Linda,Taylor,Doctor 15,2023-02-21
P1861,Tyler,Taylor,Doctor 10,2023-02-21
P1894,Kimberly,Myers,Doctor 46,2023-02-21
P2179,Tyler,Young,Doctor 30,2023-02-21
P0161,Nicholas,Hernandez,Doctor 8,2023-02-22
P0264,Patrick,Bennett,Doctor 1,2023-02-22
P0380,Kimberly,Jones,Doctor 46,2023-02-22
P0403,Kevin,Campbell,Doctor 36,2023-02-22
P0568,Jose,Roberts,Doctor 1,2023-02-22
P0775,Jerry,Hill,Doctor 44,2023-02-22
P0890,Charles,Roberts,Doctor 13,2023-02-22
P0915,Jack,Roberts,Doctor 40,2023-02-22
P0983,John,Bennett,Doctor 42,2023-02-22
P1194,Betty,Thomas,Doctor 33,2023-02-22
P1226,Sarah,Howard,Doctor 16,2023-02-22
P1270,Sandra,Allen,Doctor 29,2023-02-22
P1318,Frank,Martin,Doctor 28,2023-02-22
P1353,Betty,Cruz,Doctor 5,2023-02-22
P1496,Jason,Jones,Doctor 35,2023-02-22
P1550,Michelle,Hall,Doctor 15,2023-02-22
P1706,George,Patel,Doctor 5,2023-02-22
P1758,Mary,Garcia,Doctor 39,2023-02-22
P1835,Alexander,Williams,Doctor 19,2023-02-22
P1837,Justin,Roberts,Doctor 32,2023-02-22
P1856,Aaron,Scott,Doctor 32,2023-02-22
P1910,Amy,Adams,Doctor 48,2023-02-22
P1917,Deborah,Carter,Doctor 48,2023-02-22
P1947,Patrick,Allen,Doctor 9,2023-02-22
P1952,Dorothy,Lewis,Doctor 2,2023-02-22
P1987,Jerry,Patel,Doctor 46,2023-02-22
P2053,Mark,Miller,Doctor 28,2023-02-22
P2076,Ronald,Sanchez,Doctor 11,2023-02-22
P2076,Ronald,Sanchez,Doctor 11,2023-02-22
P2080,Benjamin,Nguyen,Doctor 22,2023-02-22
P2158,James,Brown,Doctor 2,2023-02-22
P2258,Edward,Perez,Doctor 24,2023-02-22
P2292,Robert,Morris,Doctor 43,2023-02-22
P0154,Steven,Cook,Doctor 39,2023-02-23
P0238,Gary,Price,Doctor 35,2023-02-23
P0289,Jennifer,Morgan,Doctor 3,2023-02-23
P0424,Jacob,Jones,Doctor 48,2023-02-23
P0471,Samuel,Phillips,Doctor 5,2023-02-23
P0545,Nicholas,Cooper,Doctor 46,2023-02-23
P0556,Sharon,Mendoza,Doctor 30,2023-02-23
P0616,Jennifer,Torres,Doctor 2,2023-02-23
P0646,Larry,Bennett,Doctor 10,2023-02-23
P0690,Donna,Phillips,Doctor 15,2023-02-23
P0711,Aaron,Jackson,Doctor 34,2023-02-23
P0738,Charles,Jackson,Doctor 9,2023-02-23
P0883,Cynthia,Harris,Doctor 9,2023-02-23
P0923,Edward,Lee,Doctor 29,2023-02-23
P1073,Joseph,Diaz,Doctor 2,2023-02-23
P1127,Sandra,Nguyen,Doctor 34,2023-02-23
P1239,Timothy,Brown,Doctor 2,2023-02-23
P1272,Joseph,Sanchez,Doctor 1,2023-02-23
P1471,Jacob,Nelson,Doctor 38,2023-02-23
P1500,Carol,Gonzalez,Doctor 14,2023-02-23
P1579,Benjamin,Garcia,Doctor 36,2023-02-23
P1792,Nicholas,Rivera,Doctor 20,2023-02-23
P1844,Daniel,Martinez,Doctor 50,2023-02-23
P1918,Elizabeth,Cooper,Doctor 35,2023-02-23
P1973,Deborah,Stewart,Doctor 33,2023-02-23
P2101,Ryan,Flores,Doctor 9,2023-02-23
P2259,Brandon,Garcia,Doctor 35,2023-02-23
P2282,Joseph,Hall,Doctor 45,2023-02-23
P2303,Anna,Sanders,Doctor 26,2023-02-23
P0006,Larry,Harris,Doctor 31,2023-02-24
P0024,Jeffrey,Cook,Doctor 32,2023-02-24
P0077,Laura,Williams,Doctor 33,2023-02-24
P0345,Brandon,Nelson,Doctor 48,2023-02-24
P0425,Helen,Ruiz,Doctor 4,2023-02-24
P0440,Brian,Howard,Doctor 37,2023-02-24
P0472,Aaron,Thomas,Doctor 5,2023-02-24
P0571,Anna,Clark,Doctor 11,2023-02-24
P0646,Larry,Bennett,Doctor 10,2023-02-24
P0679,Aaron,Brooks,Doctor 29,2023-02-24
P0702,Edward,Reyes,Doctor 25,2023-02-24
P0834,Donna,Collins,Doctor 7,2023-02-24
P1182,Betty,Harris,Doctor 6,2023-02-24
P1189,Mary,Hernandez,Doctor 39,2023-02-24
P1241,Kimberly,King,Doctor 45,2023-02-24
P1312,Dennis,Cooper,Doctor 15,2023-02-24
P1316,Carol,Mitchell,Doctor 26,2023-02-24
P1350,Jason,Baker,Doctor 9,2023-02-24
P1545,Samuel,Torres,Doctor 5,2023-02-24
P1685,Jessica,Ortiz,Doctor 41,2023-02-24
P1808,Susan,Kelly,Doctor 50,2023-02-24
P1825,Ruth,Gutierrez,Doctor 2,2023-02-24
P1852,Mark,Brooks,Doctor 42,2023-02-24
P2063,Ryan,Wilson,Doctor 48,2023-02-24
P2130,John,Rogers,Doctor 49,2023-02-24
P2154,Linda,Mitchell,Doctor 20,2023-02-24
P2243,Michelle,Peterson,Doctor 28,2023-02-24
P0001,Sharon,Howard,Doctor 11,2023-02-25
P0040,Sarah,Patel,Doctor 7,2023-02-25
P0117,Betty,Lee,Doctor 2,2023-02-25
P0122,Jonathan,Wright,Doctor 34,2023-02-25
P0172,Elizabeth,Reed,Doctor 3,2023-02-25
P0209,Jennifer,Cook,Doctor 29,2023-02-25
P0223,Jeffrey,Harris,Doctor 8,2023-02-25
P0229,Lisa,Ramos,Doctor 3,2023-02-25
P0249,Betty,Watson,Doctor 18,2023-02-25
P0273,Donald,Lewis,Doctor 32,2023-02-25
P0336,Laura,Rivera,Doctor 26,2023-02-25
P0349,Laura,Parker,Doctor 39,2023-02-25
P0431,Donna,Perez,Doctor 18,2023-02-25
P0514,Larry,Morales,Doctor 30,2023-02-25
P0548,Daniel,Wright,Doctor 25,2023-02-25
P0602,Daniel,Moore,Doctor 11,2023-02-25
P0751,Sandra,James,Doctor 5,2023-02-25
P0923,Edward,Lee,Doctor 29,2023-02-25
P0949,Joseph,Johnson,Doctor 4,2023-02-25
P1150,Melissa,Richardson,Doctor 3,2023-02-25
P1264,Ryan,Wright,Doctor 9,2023-02-25
P1558,Gary,Scott,Doctor 24,2023-02-25
P2107,Susan,Turner,Doctor 37,2023-02-25
P2143,Eric,Martinez,Doctor 5,2023-02-25
P2171,Donna,Scott,Doctor 10,2023-02-25
P2176,Angela,Wilson,Doctor 33,2023-02-25
P2271,Sandra,Walker,Doctor 24,2023-02-25
P0060,Karen,Moore,Doctor 50,2023-02-26
P0095,Alexander,Gray,Doctor 34,2023-02-26
P0251,Mary,Allen,Doctor 16,2023-02-26
P0469,Jacob,Perez,Doctor 4,2023-02-26
P0509,Patrick,Miller,Doctor 40,2023-02-26
P0693,Sandra,Jackson,Doctor 34,2023-02-26
P0767,Barbara,White,Doctor 17,2023-02-26
P0785,Jeffrey,Rivera,Doctor 13,2023-02-26
P0832,Edward,Lopez,Doctor 38,2023-02-26
P0937,Samuel,James,Doctor 25,2023-02-26
P1017,Melissa,Reed,Doctor 41,2023-02-26
P1045,Timothy,Perez,Doctor 46,2023-02-26
P1053,Donald,Hill,Doctor 39,2023-02-26
P1060,Robert,Mitchell,Doctor 18,2023-02-26
P1093,Dorothy,Murphy,Doctor 12,2023-02-26
P1110,Daniel,Davis,Doctor 44,2023-02-26
P1120,Melissa,Gutierrez,Doctor 29,2023-02-26
P1127,Sandra,Nguyen,Doctor 34,2023-02-26
P1323,Donald,Nelson,Doctor 41,2023-02-26
P1348,Jose,Mendoza,Doctor 44,2023-02-26
P1541,Timothy,Baker,Doctor 37,2023-02-26
P1581,Dorothy,White,Doctor 17,2023-02-26
P1633,Donald,Edwards,Doctor 12,2023-02-26
P1743,Michelle,Lee,Doctor 26,2023-02-26
P1759,Stephen,Ramirez,Doctor 42,2023-02-26
P1767,Dennis,Turner,Doctor 37,2023-02-26
P1838,Karen,Howard,Doctor 12,2023-02-26
P1856,Aaron,Scott,Doctor 32,2023-02-26
P1942,Samuel,Hernandez,Doctor 32,2023-02-26
P2088,Jack,Hill,Doctor 21,2023-02-26
P2135,Melissa,Myers,Doctor 50,2023-02-26
P2167,Dennis,Clark,Doctor 38,2023-02-26
P2174,Sandra,Carter,Doctor 34,2023-02-26
P2206,Kenneth,Lewis,Doctor 32,2023-02-26
P2235,James,Flores,Doctor 33,2023-02-26
P2237,Kenneth,Castillo,Doctor 44,2023-02-26
P2258,Edward,Perez,Doctor 7,2023-02-26
P0084,Shirley,Rivera,Doctor 43,2023-02-27
P0117,Betty,Lee,Doctor 2,2023-02-27
P0205,Jason,Lewis,Doctor 4,2023-02-27
P0209,Jennifer,Cook,Doctor 38,2023-02-27
P0222,Virginia,Turner,Doctor 27,2023-02-27
P0260,Nancy,Roberts,Doctor 23,2023-02-27
P0561,Brandon,Ortiz,Doctor 23,2023-02-27
P0572,Linda,Jackson,Doctor 27,2023-02-27
P0581,Jose,Turner,Doctor 20,2023-02-27
P0625,Linda,Patel,Doctor 8,2023-02-27
P0875,Melissa,Johnson,Doctor 16,2023-02-27
P0889,Daniel,Thompson,Doctor 19,2023-02-27
P0995,Jacob,Bennett,Doctor 38,2023-02-27
P1076,Raymond,Martin,Doctor 41,2023-02-27
P1234,Joshua,Sanders,Doctor 5,2023-02-27
P1271,Daniel,Parker,Doctor 2,2023-02-27
P1338,Jessica,James,Doctor 26,2023-02-27
P1362,Thomas,Thompson,Doctor 29,2023-02-27
P1412,Kathleen,Hall,Doctor 17,2023-02-27
P1429,Elizabeth,Roberts,Doctor 22,2023-02-27
P1434,Raymond,Hughes,Doctor 39,2023-02-27
P1501,Angela,Carter,Doctor 35,2023-02-27
P1522,Laura,Howard,Doctor 17,2023-02-27
P1554,Emma,Lee,Doctor 12,2023-02-27
P1558,Gary,Scott,Doctor 24,2023-02-27
P1569,William,Edwards,Doctor 7,2023-02-27
P1589,Laura,Gray,Doctor 28,2023-02-27
P1641,Donna,Miller,Doctor 11,2023-02-27
P1695,Alexander,Reed,Doctor 2,2023-02-27
P1789,Jerry,Richardson,Doctor 23,2023-02-27
P1796,Carol,Sanchez,Doctor 43,2023-02-27
P1824,Barbara,Ortiz,Doctor 20,2023-02-27
P1887,George,Garcia,Doctor 3,2023-02-27
P1891,Carol,Hernandez,Doctor 50,2023-02-27
P1922,Jose,Green,Doctor 5,2023-02-27
P1976,Jerry,Allen,Doctor 36,2023-02-27
P2043,Deborah,Sanchez,Doctor 32,2023-02-27
P2082,Steven,King,Doctor 36,2023-02-27
P2127,Jose,Martinez,Doctor 23,2023-02-27
P0152,Helen,Hughes,Doctor 7,2023-02-28
P0176,Larry,Watson,Doctor 22,2023-02-28
P0365,Kenneth,Ramos,Doctor 31,2023-02-28
P0515,Lisa,Martinez,Doctor 9,2023-02-28
P0570,Jacob,Mitchell,Doctor 27,2023-02-28
P0592,Helen,Torres,Doctor 9,2023-02-28
P0629,Linda,Reed,Doctor 44,2023-02-28
P0718,Mark,Robinson,Doctor 15,2023-02-28
P0733,Justin,Ortiz,Doctor 2,2023-02-28
P0759,Sarah,Clark,Doctor 30,2023-02-28
P0883,Cynthia,Harris,Doctor 41,2023-02-28
P0883,Cynthia,Harris,Doctor 41,2023-02-28
P0899,Jessica,King,Doctor 31,2023-02-28
P0945,Donna,Parker,Doctor 20,2023-02-28
P1158,Rebecca,Murphy,Doctor 3,2023-02-28
P1221,Rebecca,Carter,Doctor 45,2023-02-28
P1345,Scott,Smith,Doctor 49,2023-02-28
P1540,Jonathan,Gonzalez,Doctor 28,2023-02-28
P1615,Timothy,Gutierrez,Doctor 33,2023-02-28
P1720,Samuel,Rivera,Doctor 2,2023-02-28
P1762,Steven,Evans,Doctor 11,2023-02-28
P1775,Jennifer,Martinez,Doctor 48,2023-02-28
P1787,Nicholas,Scott,Doctor 13,2023-02-28
P1790,Ryan,Bailey,Doctor 29,2023-02-28
P1852,Mark,Brooks,Doctor 19,2023-02-28
P1898,Cynthia,Patel,Doctor 46,2023-02-28
P1995,Aaron,Stewart,Doctor 33,2023-02-28
P2098,Betty,Sanders,Doctor 34,2023-02-28
P2159,Anna,Rodriguez,Doctor 42,2023-02-28
P0075,Rebecca,Turner,Doctor 49,2023-03-01
P0240,Sandra,Richardson,Doctor 47,2023-03-01
P0327,Anna,King,Doctor 23,2023-03-01
P0383,George,Mitchell,Doctor 18,2023-03-01
P0491,Jerry,Kelly,Doctor 14,2023-03-01
P0509,Patrick,Miller,Doctor 40,2023-03-01
P0613,Stephen,Martinez,Doctor 19,2023-03-01
P0661,Brenda,Kelly,Doctor 46,2023-03-01
P0875,Melissa,Johnson,Doctor 47,2023-03-01
P0876,Susan,Howard,Doctor 26,2023-03-01
P0885,Mark,Rodriguez,Doctor 9,2023-03-01
P0887,Sharon,Cox,Doctor 20,2023-03-01
P0890,Charles,Roberts,Doctor 13,2023-03-01
P0992,John,Kelly,Doctor 30,2023-03-01
P1133,Karen,Ramos,Doctor 14,2023-03-01
P1138,Michelle,Clark,Doctor 16,2023-03-01
P1160,Edward,Bailey,Doctor 48,2023-03-01
P1171,Dennis,Peterson,Doctor 21,2023-03-01
P1211,Donna,Stewart,Doctor 36,2023-03-01
P1224,Laura,Rodriguez,Doctor 24,2023-03-01
P1257,Timothy,Morris,Doctor 35,2023-03-01
P1285,Robert,Peterson,Doctor 37,2023-03-01
P1296,Donna,King,Doctor 22,2023-03-01
P1347,David,Baker,Doctor 38,2023-03-01
P1414,Carol,Gutierrez,Doctor 27,2023-03-01
P1427,Nancy,Nelson,Doctor 31,2023-03-01
P1562,Anna,Hughes,Doctor 30,2023-03-01
P1595,Mark,Murphy,Doctor 46,2023-03-01
P1822,Charles,Howard,Doctor 40,2023-03-01
P1876,Tyler,Cruz,Doctor 18,2023-03-01
P2062,Jose,Chavez,Doctor 45,2023-03-01
P2170,Melissa,Smith,Doctor 18,2023-03-01
P2242,Kathleen,Young,Doctor 18,2023-03-01
P0017,Jessica,Thomas,Doctor 15,2023-03-02
P0092,Lisa,Jones,Doctor 37,2023-03-02
P0119,Nancy,Allen,Doctor 46,2023-03-02
P0185,Michelle,Reyes,Doctor 37,2023-03-02
P0268,Sarah,Castillo,Doctor 2,2023-03-02
P0393,George,Brooks,Doctor 47,2023-03-02
P0427,Gary,Brooks,Doctor 47,2023-03-02
P0497,Sharon,Reed,Doctor 18,2023-03-02
P0737,Kimberly,Nguyen,Doctor 50,2023-03-02
P0766,Deborah,Rivera,Doctor 31,2023-03-02
P0778,Donna,Kelly,Doctor 11,2023-03-02
P0917,Daniel,Flores,Doctor 8,2023-03-02
P0983,John,Bennett,Doctor 31,2023-03-02
P1020,Patrick,Sanders,Doctor 36,2023-03-02
P1020,Patrick,Sanders,Doctor 32,2023-03-02
P1167,Jose,Castillo,Doctor 37,2023-03-02
P1235,Kimberly,Lee,Doctor 4,2023-03-02
P1252,Donald,Nguyen,Doctor 29,2023-03-02
P1572,Donna,Baker,Doctor 35,2023-03-02
P1610,Ryan,Nelson,Doctor 37,2023-03-02
P1690,Raymond,Reyes,Doctor 27,2023-03-02
P1854,Ronald,Collins,Doctor 47,2023-03-02
P1882,Jacob,Rivera,Doctor 37,2023-03-02
P1903,Barbara,Hall,Doctor 24,2023-03-02
P1903,Barbara,Hall,Doctor 11,2023-03-02
P2116,William,Kelly,Doctor 25,2023-03-02
P0128,Larry,Reyes,Doctor 26,2023-03-03
P0170,Gregory,Jones,Doctor 2,2023-03-03
P0251,Mary,Allen,Doctor 16,2023-03-03
P0371,Joshua,Thompson,Doctor 12,2023-03-03
P0379,Nicholas,Rodriguez,Doctor 8,2023-03-03
P0530,Ruth,Garcia,Doctor 5,2023-03-03
P0653,Thomas,Price,Doctor 27,2023-03-03
P0674,Benjamin,Collins,Doctor 17,2023-03-03
P0676,Anthony,Young,Doctor 38,2023-03-03
P0706,Frank,Hill,Doctor 11,2023-03-03
P0763,Jose,Hughes,Doctor 29,2023-03-03
P0933,Jeffrey,Diaz,Doctor 37,2023-03-03
P1019,Virginia,Martinez,Doctor 29,2023-03-03
P1055,Gregory,Stewart,Doctor 35,2023-03-03
P1227,Nicholas,Mitchell,Doctor 16,2023-03-03
P1234,Joshua,Sanders,Doctor 27,2023-03-03
P1313,William,Smith,Doctor 14,2023-03-03
P1332,Brian,Martinez,Doctor 16,2023-03-03
P1388,Nicholas,Rogers,Doctor 7,2023-03-03
P1390,Michael,Thomas,Doctor 33,2023-03-03
P1415,Mark,Rogers,Doctor 27,2023-03-03
P1632,Frank,Allen,Doctor 12,2023-03-03
P1635,Raymond,Carter,Doctor 4,2023-03-03
P1673,Cynthia,Castillo,Doctor 42,2023-03-03
P1786,Raymond,Howard,Doctor 2,2023-03-03
P1815,Brian,Taylor,Doctor 20,2023-03-03
P1862,Helen,Scott,Doctor 1,2023-03-03
P1931,Ruth,Campbell,Doctor 41,2023-03-03
P2167,Dennis,Clark,Doctor 38,2023-03-03
P0002,Ruth,Ortiz,Doctor 7,2023-03-04
P0061,Edward,Ramirez,Doctor 12,2023-03-04
P0065,Betty,Robinson,Doctor 16,2023-03-04
P0199,William,Cox,Doctor 41,2023-03-04
P0491,Jerry,Kelly,Doctor 14,2023-03-04
P0536,Larry,Howard,Doctor 6,2023-03-04
P0654,Sandra,Sanchez,Doctor 43,2023-03-04
P0709,Scott,Scott,Doctor 42,2023-03-04
P0716,Ryan,Cruz,Doctor 48,2023-03-04
P0776,Jack,Garcia,Doctor 21,2023-03-04
P0780,Dorothy,Bailey,Doctor 30,2023-03-04
P0812,Brenda,Clark,Doctor 35,2023-03-04
P0868,Stephen,Perez,Doctor 7,2023-03-04
P0916,Edward,Gutierrez,Doctor 37,2023-03-04
P0945,Donna,Parker,Doctor 20,2023-03-04
P0983,John,Bennett,Doctor 28,2023-03-04
P1098,Christopher,Diaz,Doctor 33,2023-03-04
P1265,Emma,Sanchez,Doctor 46,2023-03-04
P1341,Sharon,Baker,Doctor 31,2023-03-04
P1368,Kenneth,Campbell,Doctor 33,2023-03-04
P1377,Jonathan,Bennett,Doctor 8,2023-03-04
P1527,Anna,Cook,Doctor 7,2023-03-04
P1541,Timothy,Baker,Doctor 37,2023-03-04
P1723,Donald,Lee,Doctor 45,2023-03-04
P1775,Jennifer,Martinez,Doctor 2,2023-03-04
P1791,Dennis,Brown,Doctor 30,2023-03-04
P1796,Carol,Sanchez,Doctor 43,2023-03-04
P2081,Mary,Jones,Doctor 7,2023-03-04
P2164,Gregory,White,Doctor 2,2023-03-04
P0002,Ruth,Ortiz,Doctor 7,2023-03-05
P0017,Jessica,Thomas,Doctor 15,2023-03-05
P0370,Sarah,James,Doctor 36,2023-03-05
P0400,Brenda,Sanders,Doctor 34,2023-03-05
P0536,Larry,Howard,Doctor 6,2023-03-05
P0552,Patrick,Ruiz,Doctor 38,2023-03-05
P0590,Jeffrey,Rodriguez,Doctor 12,2023-03-05
P0603,Nicholas,Williams,Doctor 1,2023-03-05
P0612,Eric,Cook,Doctor 49,2023-03-05
P0750,Ruth,Chavez,Doctor 13,2023-03-05
P0922,Carol,Cox,Doctor 18,2023-03-05
P0933,Jeffrey,Diaz,Doctor 48,2023-03-05
P0943,Thomas,Martinez,Doctor 25,2023-03-05
P1043,Charles,Richardson,Doctor 37,2023-03-05
P1235,Kimberly,Lee,Doctor 15,2023-03-05
P1278,Donna,Roberts,Doctor 48,2023-03-05
P1306,Emma,Gray,Doctor 46,2023-03-05
P1323,Donald,Nelson,Doctor 17,2023-03-05
P1447,Thomas,Lewis,Doctor 39,2023-03-05
P1498,Larry,Wilson,Doctor 33,2023-03-05
P1561,Justin,Ramos,Doctor 6,2023-03-05
P1721,Jose,Johnson,Doctor 40,2023-03-05
P1784,Michael,Clark,Doctor 26,2023-03-05
P1841,Carol,Scott,Doctor 10,2023-03-05
P1893,Anthony,Patel,Doctor 48,2023-03-05
P1937,Raymond,Garcia,Doctor 6,2023-03-05
P2012,Sarah,King,Doctor 1,2023-03-05
P2038,Ronald,Morales,Doctor 16,2023-03-05
P2047,Lisa,Wright,Doctor 1,2023-03-05
P2062,Jose,Chavez,Doctor 17,2023-03-05
P2103,Anthony,Hill,Doctor 12,2023-03-05
P2190,Joseph,Wright,Doctor 50,2023-03-05
P2207,Karen,Smith,Doctor 22,2023-03-05
P0010,James,Lopez,Doctor 23,2023-03-06
P0102,Nicholas,Kim,Doctor 48,2023-03-06
P0136,Jessica,Harris,Doctor 19,2023-03-06
P0224,Kathleen,Chavez,Doctor 34,2023-03-06
P0394,Jessica,Cooper,Doctor 47,2023-03-06
P0487,Amy,Peterson,Doctor 50,2023-03-06
P0496,Andrew,Parker,Doctor 26,2023-03-06
P0521,Carol,Edwards,Doctor 17,2023-03-06
P0630,Andrew,Davis,Doctor 28,2023-03-06
P0688,George,Williams,Doctor 15,2023-03-06
P0716,Ryan,Cruz,Doctor 48,2023-03-06
P0734,John,Thomas,Doctor 1,2023-03-06
P0932,Susan,Hernandez,Doctor 40,2023-03-06
P1128,Tyler,Williams,Doctor 40,2023-03-06
P1129,Jeffrey,Davis,Doctor 16,2023-03-06
P1175,Sarah,Green,Doctor 46,2023-03-06
P1188,Sandra,Ruiz,Doctor 14,2023-03-06
P1242,Ronald,Harris,Doctor 39,2023-03-06
P1263,Lisa,Sanders,Doctor 26,2023-03-06
P1370,Joseph,Rodriguez,Doctor 5,2023-03-06
P1406,Andrew,James,Doctor 38,2023-03-06
P1427,Nancy,Nelson,Doctor 31,2023-03-06
P1470,Ryan,Rogers,Doctor 36,2023-03-06
P1510,Ruth,Clark,Doctor 43,2023-03-06
P1524,Sarah,Gray,Doctor 33,2023-03-06
P1717,Betty,Price,Doctor 31,2023-03-06
P1745,Ronald,Lopez,Doctor 37,2023-03-06
P1826,George,Robinson,Doctor 31,2023-03-06
P1860,Sharon,Williams,Doctor 3,2023-03-06
P1881,Edward,Mitchell,Doctor 37,2023-03-06
P1973,Deborah,Stewart,Doctor 20,2023-03-06
P1978,Helen,Wright,Doctor 5,2023-03-06
P1994,Virginia,Gomez,Doctor 47,2023-03-06
P2154,Linda,Mitchell,Doctor 43,2023-03-06
P2218,Mary,Lee,Doctor 19,2023-03-06
P2226,Susan,Adams,Doctor 24,2023-03-06
P2251,Shirley,Jackson,Doctor 31,2023-03-06
P0057,Kimberly,Parker,Doctor 39,2023-03-07
P0086,Jessica,Miller,Doctor 49,2023-03-07
P0237,Carol,Clark,Doctor 6,2023-03-07
P0257,Elizabeth,Castillo,Doctor 2,2023-03-07
P0330,Shirley,Campbell,Doctor 49,2023-03-07
P0341,Kenneth,Sanchez,Doctor 22,2023-03-07
P0361,Michael,Smith,Doctor 45,2023-03-07
P0391,Samuel,Morales,Doctor 49,2023-03-07
P0443,Anna,Johnson,Doctor 11,2023-03-07
P0481,Ryan,Patel,Doctor 29,2023-03-07
P0484,Edward,Parker,Doctor 34,2023-03-07
P0498,Carol,Stewart,Doctor 37,2023-03-07
P0501,Elizabeth,Green,Doctor 30,2023-03-07
P0557,William,Mendoza,Doctor 11,2023-03-07
P0584,Angela,Anderson,Doctor 39,2023-03-07
P0733,Justin,Ortiz,Doctor 2,2023-03-07
P0759,Sarah,Clark,Doctor 16,2023-03-07
P0811,Jack,Castillo,Doctor 34,2023-03-07
P1103,Ronald,Ramirez,Doctor 27,2023-03-07
P1301,Steven,Sanders,Doctor 45,2023-03-07
P1438,Lisa,Garcia,Doctor 40,2023-03-07
P1498,Larry,Wilson,Doctor 33,2023-03-07
P1669,Jose,Bennett,Doctor 42,2023-03-07
P1766,Robert,Perez,Doctor 18,2023-03-07
P1776,Karen,Young,Doctor 10,2023-03-07
P2013,Sarah,Peterson,Doctor 39,2023-03-07
P2148,George,King,Doctor 10,2023-03-07
P0027,Helen,Gomez,Doctor 1,2023-03-08
P0032,Michelle,Price,Doctor 42,2023-03-08
P0053,Deborah,Flores,Doctor 36,2023-03-08
P0138,Betty,Diaz,Doctor 18,2023-03-08
P0204,Deborah,Diaz,Doctor 18,2023-03-08
P0265,Patricia,Gray,Doctor 14,2023-03-08
P0537,Susan,Taylor,Doctor 4,2023-03-08
P0562,Samuel,Jackson,Doctor 38,2023-03-08
P0628,Sarah,Baker,Doctor 1,2023-03-08
P0800,Ruth,Cruz,Doctor 23,2023-03-08
P0950,Sarah,Rogers,Doctor 2,2023-03-08
P0990,Helen,Adams,Doctor 43,2023-03-08
P1160,Edward,Bailey,Doctor 25,2023-03-08
P1192,Sarah,Mitchell,Doctor 46,2023-03-08
P1368,Kenneth,Campbell,Doctor 8,2023-03-08
P1639,Patrick,Rodriguez,Doctor 32,2023-03-08
P1727,Donald,Evans,Doctor 23,2023-03-08
P1778,Sharon,Mitchell,Doctor 41,2023-03-08
P2279,Susan,Lewis,Doctor 19,2023-03-08
P0091,Amy,Jones,Doctor 3,2023-03-09
P0101,Nicholas,Wright,Doctor 16,2023-03-09
P0192,Donna,Walker,Doctor 37,2023-03-09
P0208,Mary,Sanders,Doctor 3,2023-03-09
P0227,Sarah,White,Doctor 8,2023-03-09
P0437,Helen,Ward,Doctor 1,2023-03-09
P0472,Aaron,Thomas,Doctor 5,2023-03-09
P0608,Deborah,Robinson,Doctor 37,2023-03-09
P0677,Benjamin,Turner,Doctor 30,2023-03-09
P0719,Lisa,Richardson,Doctor 32,2023-03-09
P0735,Cynthia,Stewart,Doctor 8,2023-03-09
P0738,Charles,Jackson,Doctor 7,2023-03-09
P0829,Virginia,Torres,Doctor 29,2023-03-09
P0899,Jessica,King,Doctor 45,2023-03-09
P0910,Jose,Nguyen,Doctor 32,2023-03-09
P0924,Robert,Morgan,Doctor 35,2023-03-09
P0930,Sharon,Smith,Doctor 8,2023-03-09
P0979,Dennis,Lewis,Doctor 38,2023-03-09
P0980,Alexander,Cox,Doctor 44,2023-03-09
P1008,Gary,Miller,Doctor 32,2023-03-09
P1049,Tyler,Mendoza,Doctor 19,2023-03-09
P1230,Ryan,Ortiz,Doctor 24,2023-03-09
P1259,Emma,Watson,Doctor 25,2023-03-09
P1264,Ryan,Wright,Doctor 38,2023-03-09
P1336,Patrick,Collins,Doctor 35,2023-03-09
P1432,Benjamin,Murphy,Doctor 39,2023-03-09
P1506,Sharon,Reyes,Doctor 49,2023-03-09
P1509,Sarah,Smith,Doctor 42,2023-03-09
P1517,Kimberly,Morris,Doctor 13,2023-03-09
P1660,Nancy,Gonzalez,Doctor 9,2023-03-09
P1724,Donald,Chavez,Doctor 7,2023-03-09
P1866,Cynthia,Johnson,Doctor 7,2023-03-09
P1943,Melissa,Lewis,Doctor 43,2023-03-09
P2179,Tyler,Young,Doctor 30,2023-03-09
P2240,Richard,Carter,Doctor 10,2023-03-09
P2263,Thomas,Gomez,Doctor 31,2023-03-09
P2269,Mark,Taylor,Doctor 47,2023-03-09
P0049,Jerry,Reyes,Doctor 30,2023-03-10
P0102,Nicholas,Kim,Doctor 16,2023-03-10
P0259,Frank,Taylor,Doctor 17,2023-03-10
P0272,Virginia,Moore,Doctor 8,2023-03-10
P0296,Charles,Ramos,Doctor 48,2023-03-10
P0385,Jacob,Collins,Doctor 44,2023-03-10
P0476,Jessica,Smith,Doctor 18,2023-03-10
P0581,Jose,Turner,Doctor 20,2023-03-10
P0598,Michelle,Kim,Doctor 39,2023-03-10
P0697,Rebecca,Martin,Doctor 10,2023-03-10
P0788,Justin,Gomez,Doctor 18,2023-03-10
P1227,Nicholas,Mitchell,Doctor 4,2023-03-10
P1294,Rebecca,Lewis,Doctor 44,2023-03-10
P1350,Jason,Baker,Doctor 40,2023-03-10
P1425,Brenda,Jones,Doctor 45,2023-03-10
P1524,Sarah,Gray,Doctor 33,2023-03-10
P1534,Daniel,Ortiz,Doctor 19,2023-03-10
P1593,Carol,Rogers,Doctor 19,2023-03-10
P1682,Anna,Nelson,Doctor 21,2023-03-10
P1804,Raymond,Gomez,Doctor 30,2023-03-10
P1873,Robert,Flores,Doctor 50,2023-03-10
P1936,Helen,Phillips,Doctor 32,2023-03-10
P1986,Jack,Wilson,Doctor 44,2023-03-10
P2084,Ryan,Robinson,Doctor 17,2023-03-10
P2124,Jack,Moore,Doctor 45,2023-03-10
P2277,Frank,Ramos,Doctor 19,2023-03-10
P0036,Jessica,Perez,Doctor 40,2023-03-11
P0120,Virginia,Rodriguez,Doctor 28,2023-03-11
P0127,Ruth,Anderson,Doctor 30,2023-03-11
P0153,Eric,Bailey,Doctor 48,2023-03-11
P0253,Brandon,Sanders,Doctor 41,2023-03-11
P0360,Charles,Taylor,Doctor 45,2023-03-11
P0391,Samuel,Morales,Doctor 14,2023-03-11
P0561,Brandon,Ortiz,Doctor 41,2023-03-11
P0609,Samuel,Howard,Doctor 36,2023-03-11
P0667,Kenneth,Scott,Doctor 46,2023-03-11
P0822,Helen,Kelly,Doctor 36,2023-03-11
P0866,Mark,Thomas,Doctor 12,2023-03-11
P0893,Larry,Morris,Doctor 34,2023-03-11
P0907,Frank,Price,Doctor 6,2023-03-11
P0950,Sarah,Rogers,Doctor 2,2023-03-11
P1005,Laura,Sanchez,Doctor 5,2023-03-11
P1089,Donna,Garcia,Doctor 24,2023-03-11
P1178,Ruth,Taylor,Doctor 45,2023-03-11
P1178,Ruth,Taylor,Doctor 16,2023-03-11
P1198,Jacob,Thompson,Doctor 29,2023-03-11
P1282,Matthew,Howard,Doctor 23,2023-03-11
P1286,Raymond,Ward,Doctor 21,2023-03-11
P1413,Sarah,Carter,Doctor 50,2023-03-11
P1462,Nancy,Richardson,Doctor 7,2023-03-11
P1470,Ryan,Rogers,Doctor 36,2023-03-11
P1487,Jose,Lewis,Doctor 44,2023-03-11
P1505,Mark,Morgan,Doctor 5,2023-03-11
P1548,Barbara,Lee,Doctor 24,2023-03-11
P1635,Raymond,Carter,Doctor 12,2023-03-11
P1664,Jack,Sanders,Doctor 25,2023-03-11
P2067,Alexander,Taylor,Doctor 8,2023-03-11
P2083,Frank,Davis,Doctor 41,2023-03-11
P2091,Nancy,Sanchez,Doctor 28,2023-03-11
P2153,Patricia,Rivera,Doctor 46,2023-03-11
P2289,Benjamin,Lopez,Doctor 44,2023-03-11
P0067,Anna,Scott,Doctor 34,2023-03-12
P0088,Raymond,Cruz,Doctor 43,2023-03-12
P0121,Anna,Richardson,Doctor 40,2023-03-12
P0363,Amy,Taylor,Doctor 8,2023-03-12
P0418,Thomas,Gray,Doctor 34,2023-03-12
P0500,Aaron,Nelson,Doctor 22,2023-03-12
P0653,Thomas,Price,Doctor 27,2023-03-12
P0694,Kimberly,Adams,Doctor 8,2023-03-12
P0762,Lisa,Thomas,Doctor 13,2023-03-12
P1044,Jonathan,Ramirez,Doctor 15,2023-03-12
P1046,Charles,Diaz,Doctor 43,2023-03-12
P1380,Carol,Wood,Doctor 36,2023-03-12
P1484,Donald,Bailey,Doctor 24,2023-03-12
P1579,Benjamin,Garcia,Doctor 28,2023-03-12
P1599,Eric,Ramirez,Doctor 4,2023-03-12
P1613,Edward,Morris,Doctor 6,2023-03-12
P1758,Mary,Garcia,Doctor 49,2023-03-12
P1783,Daniel,Myers,Doctor 44,2023-03-12
P1834,Helen,Roberts,Doctor 36,2023-03-12
P1959,Robert,Rivera,Doctor 25,2023-03-12
P2049,Linda,Alvarez,Doctor 37,2023-03-12
P2062,Jose,Chavez,Doctor 17,2023-03-12
P2083,Frank,Davis,Doctor 41,2023-03-12
P2118,Michael,Miller,Doctor 18,2023-03-12
P2125,Nicholas,Howard,Doctor 34,2023-03-12
P2216,Sarah,Kim,Doctor 44,2023-03-12
P0037,Virginia,Ramirez,Doctor 2,2023-03-13
P0057,Kimberly,Parker,Doctor 46,2023-03-13
P0307,Virginia,Peterson,Doctor 48,2023-03-13
P0345,Brandon,Nelson,Doctor 50,2023-03-13
P0383,George,Mitchell,Doctor 18,2023-03-13
P0452,Betty,Morales,Doctor 31,2023-03-13
P0524,Shirley,Roberts,Doctor 32,2023-03-13
P0591,Linda,Howard,Doctor 34,2023-03-13
P0627,Melissa,King,Doctor 13,2023-03-13
P0646,Larry,Bennett,Doctor 4,2023-03-13
P0659,Jonathan,Peterson,Doctor 33,2023-03-13
P0771,Patrick,Lewis,Doctor 7,2023-03-13
P0800,Ruth,Cruz,Doctor 13,2023-03-13
P0842,Jonathan,Alvarez,Doctor 35,2023-03-13
P0882,Michelle,King,Doctor 48,2023-03-13
P0893,Larry,Morris,Doctor 31,2023-03-13
P0981,Mark,Nelson,Doctor 34,2023-03-13
P1173,William,Cooper,Doctor 22,2023-03-13
P1194,Betty,Thomas,Doctor 10,2023-03-13
P1212,Nancy,Davis,Doctor 26,2023-03-13
P1231,Rebecca,Moore,Doctor 29,2023-03-13
P1280,Jeffrey,Scott,Doctor 33,2023-03-13
P1324,Nancy,Reed,Doctor 36,2023-03-13
P1461,Angela,Ortiz,Doctor 12,2023-03-13
P1560,Daniel,Ramirez,Doctor 36,2023-03-13
P1594,Michael,Wood,Doctor 36,2023-03-13
P1663,Brenda,Turner,Doctor 15,2023-03-13
P1692,Michelle,Gomez,Doctor 21,2023-03-13
P1733,Michael,Perez,Doctor 23,2023-03-13
P1829,Dennis,Brooks,Doctor 46,2023-03-13
P1914,Nancy,James,Doctor 33,2023-03-13
P1953,Jacob,Reed,Doctor 23,2023-03-13
P1996,Justin,Ward,Doctor 28,2023-03-13
P2014,Ruth,Robinson,Doctor 43,2023-03-13
P2176,Angela,Wilson,Doctor 33,2023-03-13
P0050,Laura,Lopez,Doctor 22,2023-03-14
P0065,Betty,Robinson,Doctor 31,2023-03-14
P0233,Justin,Gonzalez,Doctor 2,2023-03-14
P0340,Jason,Collins,Doctor 7,2023-03-14
P0341,Kenneth,Sanchez,Doctor 22,2023-03-14
P0354,Amy,Ramirez,Doctor 16,2023-03-14
P0381,Barbara,Richardson,Doctor 43,2023-03-14
P0658,Linda,Adams,Doctor 8,2023-03-14
P0779,George,Ortiz,Doctor 15,2023-03-14
P0790,Gregory,Lewis,Doctor 49,2023-03-14
P0862,Donald,Murphy,Doctor 30,2023-03-14
P0972,Virginia,Ruiz,Doctor 5,2023-03-14
P1059,Eric,Reyes,Doctor 29,2023-03-14
P1063,Timothy,Morgan,Doctor 12,2023-03-14
P1228,Charles,Martinez,Doctor 18,2023-03-14
P1243,Nancy,Campbell,Doctor 1,2023-03-14
P1267,Donna,Ruiz,Doctor 33,2023-03-14
P1538,Charles,Sanders,Doctor 50,2023-03-14
P1625,Ryan,Richardson,Doctor 9,2023-03-14
P1646,Susan,Lopez,Doctor 3,2023-03-14
P1808,Susan,Kelly,Doctor 50,2023-03-14
P1829,Dennis,Brooks,Doctor 5,2023-03-14
P2051,Kimberly,Morgan,Doctor 48,2023-03-14
P2281,Jeffrey,Ramirez,Doctor 21,2023-03-14
P0049,Jerry,Reyes,Doctor 33,2023-03-15
P0070,Emma,Clark,Doctor 50,2023-03-15
P0100,Dennis,Chavez,Doctor 13,2023-03-15
P0154,Steven,Cook,Doctor 32,2023-03-15
P0156,Edward,Gomez,Doctor 50,2023-03-15
P0318,Ruth,Green,Doctor 18,2023-03-15
P0469,Jacob,Perez,Doctor 15,2023-03-15
P0564,Brandon,Brooks,Doctor 13,2023-03-15
P0610,Kenneth,Murphy,Doctor 47,2023-03-15
P0641,Karen,Torres,Doctor 1,2023-03-15
P0805,Anthony,Brown,Doctor 22,2023-03-15
P0893,Larry,Morris,Doctor 12,2023-03-15
P0895,Angela,Jackson,Doctor 34,2023-03-15
P0949,Joseph,Johnson,Doctor 4,2023-03-15
P0989,Ryan,Hill,Doctor 45,2023-03-15
P1071,Laura,Phillips,Doctor 16,2023-03-15
P1097,Laura,Hughes,Doctor 19,2023-03-15
P1170,Amy,Parker,Doctor 28,2023-03-15
P1172,Charles,Adams,Doctor 14,2023-03-15
P1203,Jessica,Ruiz,Doctor 44,2023-03-15
P1418,Mary,Castillo,Doctor 24,2023-03-15
P1428,Ruth,Price,Doctor 48,2023-03-15
P1479,Jessica,Flores,Doctor 5,2023-03-15
P1677,Joshua,Martin,Doctor 10,2023-03-15
P1702,Christopher,Watson,Doctor 6,2023-03-15
P1711,Robert,Cruz,Doctor 12,2023-03-15
P2026,James,Scott,Doctor 12,2023-03-15
P2102,Sandra,Gomez,Doctor 18,2023-03-15
P2167,Dennis,Clark,Doctor 13,2023-03-15
P2169,George,Ramos,Doctor 26,2023-03-15
P2245,Aaron,Cook,Doctor 29,2023-03-15
P2260,Carol,King,Doctor 2,2023-03-15
P2297,Patrick,Turner,Doctor 10,2023-03-15
P0044,Ruth,Bennett,Doctor 43,2023-03-16
P0045,Steven,Johnson,Doctor 40,2023-03-16
P0056,Charles,Clark,Doctor 23,2023-03-16
P0076,Jessica,Sanders,Doctor 40,2023-03-16
P0166,Michael,Lee,Doctor 44,2023-03-16
P0204,Deborah,Diaz,Doctor 9,2023-03-16
P0276,Patrick,Clark,Doctor 36,2023-03-16
P0365,Kenneth,Ramos,Doctor 31,2023-03-16
P0444,Thomas,Sanchez,Doctor 33,2023-03-16
P0552,Patrick,Ruiz,Doctor 20,2023-03-16
P0556,Sharon,Mendoza,Doctor 30,2023-03-16
P0559,Sarah,Turner,Doctor 6,2023-03-16
P0621,Elizabeth,Robinson,Doctor 35,2023-03-16
P0649,Ruth,Edwards,Doctor 31,2023-03-16
P0800,Ruth,Cruz,Doctor 13,2023-03-16
P0878,Daniel,Rivera,Doctor 39,2023-03-16
P0946,Sandra,Rivera,Doctor 50,2023-03-16
P0951,Eric,Walker,Doctor 34,2023-03-16
P1020,Patrick,Sanders,Doctor 8,2023-03-16
P1081,Tyler,Myers,Doctor 48,2023-03-16
P1099,Jacob,Garcia,Doctor 6,2023-03-16
P1207,Mary,Ortiz,Doctor 8,2023-03-16
P1217,Michelle,Lewis,Doctor 28,2023-03-16
P1245,Patricia,Lopez,Doctor 36,2023-03-16
P1260,Stephen,Morris,Doctor 37,2023-03-16
P1324,Nancy,Reed,Doctor 41,2023-03-16
P1351,Karen,Clark,Doctor 47,2023-03-16
P1428,Ruth,Price,Doctor 48,2023-03-16
P1438,Lisa,Garcia,Doctor 40,2023-03-16
P1498,Larry,Wilson,Doctor 33,2023-03-16
P1570,Karen,Nelson,Doctor 20,2023-03-16
P1590,Anthony,Johnson,Doctor 25,2023-03-16
P1617,Ruth,Hall,Doctor 22,2023-03-16
P1639,Patrick,Rodriguez,Doctor 32,2023-03-16
P1778,Sharon,Mitchell,Doctor 41,2023-03-16
P1793,James,Moore,Doctor 23,2023-03-16
P1920,Joseph,Cruz,Doctor 16,2023-03-16
P1950,Sharon,Evans,Doctor 47,2023-03-16
P1987,Jerry,Patel,Doctor 38,2023-03-16
P2213,Alexander,Kelly,Doctor 39,2023-03-16
P2261,Daniel,Morgan,Doctor 15,2023-03-16
P0001,Sharon,Howard,Doctor 30,2023-03-17
P0002,Ruth,Ortiz,Doctor 7,2023-03-17
P0109,Justin,Allen,Doctor 44,2023-03-17
P0117,Betty,Lee,Doctor 2,2023-03-17
P0164,Eric,Wood,Doctor 16,2023-03-17
P0193,Christopher,Ruiz,Doctor 2,2023-03-17
P0211,Brian,Baker,Doctor 40,2023-03-17
P0230,Jessica,Moore,Doctor 34,2023-03-17
P0374,Angela,Young,Doctor 2,2023-03-17
P0431,Donna,Perez,Doctor 18,2023-03-17
P0590,Jeffrey,Rodriguez,Doctor 35,2023-03-17
P0648,Lisa,Smith,Doctor 26,2023-03-17
P0732,Kenneth,Morris,Doctor 44,2023-03-17
P0787,Nicholas,Castillo,Doctor 13,2023-03-17
P0935,Donald,James,Doctor 25,2023-03-17
P0940,Richard,Lewis,Doctor 9,2023-03-17
P0992,John,Kelly,Doctor 30,2023-03-17
P1125,Samuel,Myers,Doctor 48,2023-03-17
P1134,Alexander,Roberts,Doctor 28,2023-03-17
P1237,Nancy,Ward,Doctor 19,2023-03-17
P1311,William,Green,Doctor 24,2023-03-17
P1316,Carol,Mitchell,Doctor 26,2023-03-17
P1373,Andrew,Sanders,Doctor 3,2023-03-17
P1441,Steven,Castillo,Doctor 11,2023-03-17
P1448,Justin,Martin,Doctor 42,2023-03-17
P1477,Sandra,Edwards,Doctor 48,2023-03-17
P1512,Joshua,Lopez,Doctor 3,2023-03-17
P1559,Kathleen,Garcia,Doctor 14,2023-03-17
P1591,Rebecca,Robinson,Doctor 22,2023-03-17
P1636,Aaron,Gomez,Doctor 46,2023-03-17
P1678,Betty,Brooks,Doctor 49,2023-03-17
P1713,Jennifer,James,Doctor 36,2023-03-17
P1771,Melissa,Peterson,Doctor 30,2023-03-17
P1873,Robert,Flores,Doctor 37,2023-03-17
P1983,Rebecca,Miller,Doctor 31,2023-03-17
P1994,Virginia,Gomez,Doctor 47,2023-03-17
P2098,Betty,Sanders,Doctor 28,2023-03-17
P2140,Charles,Morgan,Doctor 23,2023-03-17
P2199,Andrew,Thomas,Doctor 39,2023-03-17
P2274,Carol,Patel,Doctor 19,2023-03-17
P0072,Jessica,Stewart,Doctor 13,2023-03-18
P0074,Christopher,Brooks,Doctor 24,2023-03-18
P0113,Sarah,Roberts,Doctor 46,2023-03-18
P0209,Jennifer,Cook,Doctor 23,2023-03-18
P0231,Nancy,Lopez,Doctor 43,2023-03-18
P0265,Patricia,Gray,Doctor 14,2023-03-18
P0338,Mark,Jackson,Doctor 47,2023-03-18
P0382,Cynthia,Watson,Doctor 40,2023-03-18
P0550,Melissa,Collins,Doctor 12,2023-03-18
P0564,Brandon,Brooks,Doctor 21,2023-03-18
P0645,Scott,Clark,Doctor 29,2023-03-18
P0734,John,Thomas,Doctor 18,2023-03-18
P0793,Linda,Gonzalez,Doctor 36,2023-03-18
P0794,Patrick,Mendoza,Doctor 45,2023-03-18
P1334,Frank,Myers,Doctor 23,2023-03-18
P1348,Jose,Mendoza,Doctor 15,2023-03-18
P1526,Sharon,Hall,Doctor 31,2023-03-18
P1575,Brenda,Ortiz,Doctor 5,2023-03-18
P1717,Betty,Price,Doctor 31,2023-03-18
P1738,Steven,Perez,Doctor 41,2023-03-18
P1782,Charles,Gomez,Doctor 11,2023-03-18
P1804,Raymond,Gomez,Doctor 6,2023-03-18
P2004,Kimberly,Chavez,Doctor 39,2023-03-18
P2042,Brenda,King,Doctor 19,2023-03-18
P0005,Andrew,Morris,Doctor 42,2023-03-19
P0015,Richard,Wilson,Doctor 10,2023-03-19
P0042,Susan,Williams,Doctor 6,2023-03-19
P0092,Lisa,Jones,Doctor 14,2023-03-19
P0221,Eric,Torres,Doctor 8,2023-03-19
P0273,Donald,Lewis,Doctor 9,2023-03-19
P0284,Tyler,Sanders,Doctor 11,2023-03-19
P0307,Virginia,Peterson,Doctor 48,2023-03-19
P0321,Laura,Myers,Doctor 20,2023-03-19
P0378,Larry,Moore,Doctor 49,2023-03-19
P0454,Daniel,Young,Doctor 38,2023-03-19
P0461,Dennis,Alvarez,Doctor 11,2023-03-19
P0611,Anna,Cox,Doctor 44,2023-03-19
P0614,Ronald,Torres,Doctor 13,2023-03-19
P0768,Jacob,Ramirez,Doctor 10,2023-03-19
P0839,Christopher,Mendoza,Doctor 32,2023-03-19
P0877,Dennis,Mitchell,Doctor 13,2023-03-19
P0911,Brenda,Hall,Doctor 6,2023-03-19
P0957,Anna,Allen,Doctor 21,2023-03-19
P0989,Ryan,Hill,Doctor 38,2023-03-19
P1222,Deborah,Mitchell,Doctor 48,2023-03-19
P1232,Anna,Williams,Doctor 48,2023-03-19
P1293,Donna,Cox,Doctor 40,2023-03-19
P1310,Gary,Rogers,Doctor 23,2023-03-19
P1331,Daniel,Gomez,Doctor 45,2023-03-19
P1396,Jose,Stewart,Doctor 35,2023-03-19
P1669,Jose,Bennett,Doctor 42,2023-03-19
P1679,Elizabeth,Wright,Doctor 8,2023-03-19
P1690,Raymond,Reyes,Doctor 14,2023-03-19
P1738,Steven,Perez,Doctor 41,2023-03-19
P1788,Nicholas,Anderson,Doctor 32,2023-03-19
P1822,Charles,Howard,Doctor 27,2023-03-19
P1865,Sarah,Reed,Doctor 1,2023-03-19
P1971,Michael,Kim,Doctor 9,2023-03-19
P2186,Joshua,Ruiz,Doctor 19,2023-03-19
P2204,Sharon,Ortiz,Doctor 30,2023-03-19
P2210,Patrick,Hernandez,Doctor 8,2023-03-19
P0031,Shirley,Hughes,Doctor 9,2023-03-20
P0032,Michelle,Price,Doctor 42,2023-03-20
P0069,Cynthia,Roberts,Doctor 3,2023-03-20
P0300,Deborah,Nguyen,Doctor 15,2023-03-20
P0322,Barbara,Sanders,Doctor 11,2023-03-20
P0459,Nancy,Chavez,Doctor 32,2023-03-20
P0563,Ruth,Morgan,Doctor 6,2023-03-20
P0579,Linda,Brown,Doctor 16,2023-03-20
P0637,Mary,Taylor,Doctor 44,2023-03-20
P0744,Michael,Scott,Doctor 18,2023-03-20
P0747,Karen,Hall,Doctor 15,2023-03-20
P0825,David,Reyes,Doctor 6,2023-03-20
P0931,Mary,Martin,Doctor 7,2023-03-20
P0951,Eric,Walker,Doctor 34,2023-03-20
P0976,Daniel,Ruiz,Doctor 40,2023-03-20
P1006,Jessica,Lee,Doctor 17,2023-03-20
P1150,Melissa,Richardson,Doctor 15,2023-03-20
P1457,David,Richardson,Doctor 20,2023-03-20
P1712,Christopher,Green,Doctor 4,2023-03-20
P1735,Benjamin,Mitchell,Doctor 15,2023-03-20
P1892,Angela,Baker,Doctor 43,2023-03-20
P1964,Patricia,Jones,Doctor 44,2023-03-20
P2099,Sarah,Parker,Doctor 10,2023-03-20
P2107,Susan,Turner,Doctor 20,2023-03-20
P2223,Carol,Hughes,Doctor 26,2023-03-20
P2262,Melissa,Phillips,Doctor 27,2023-03-20
P0088,Raymond,Cruz,Doctor 43,2023-03-21
P0158,Angela,Gonzalez,Doctor 6,2023-03-21
P0213,Aaron,Clark,Doctor 17,2023-03-21
P0236,Elizabeth,Morgan,Doctor 32,2023-03-21
P0245,Angela,Stewart,Doctor 46,2023-03-21
P0377,Carol,Reed,Doctor 28,2023-03-21
P0414,Helen,Edwards,Doctor 29,2023-03-21
P0432,Jeffrey,Ward,Doctor 43,2023-03-21
P0447,Tyler,Collins,Doctor 40,2023-03-21
P0562,Samuel,Jackson,Doctor 38,2023-03-21
P0604,Larry,Robinson,Doctor 41,2023-03-21
P0844,Ronald,Carter,Doctor 29,2023-03-21
P0922,Carol,Cox,Doctor 18,2023-03-21
P0953,Cynthia,Wright,Doctor 21,2023-03-21
P1171,Dennis,Peterson,Doctor 6,2023-03-21
P1173,William,Cooper,Doctor 33,2023-03-21
P1238,Kimberly,Baker,Doctor 29,2023-03-21
P1245,Patricia,Lopez,Doctor 36,2023-03-21
P1393,Shirley,Phillips,Doctor 36,2023-03-21
P1631,Laura,Gonzalez,Doctor 33,2023-03-21
P1663,Brenda,Turner,Doctor 11,2023-03-21
P1864,Richard,Martin,Doctor 33,2023-03-21
P1888,Jeffrey,Thomas,Doctor 16,2023-03-21
P1899,Sharon,Rivera,Doctor 5,2023-03-21
P2196,Brenda,Adams,Doctor 5,2023-03-21
P2210,Patrick,Hernandez,Doctor 8,2023-03-21
P2274,Carol,Patel,Doctor 19,2023-03-21
P0003,Edward,Ruiz,Doctor 38,2023-03-22
P0042,Susan,Williams,Doctor 45,2023-03-22
P0044,Ruth,Bennett,Doctor 48,2023-03-22
P0162,Jerry,Brooks,Doctor 8,2023-03-22
P0310,Robert,Myers,Doctor 43,2023-03-22
P0484,Edward,Parker,Doctor 34,2023-03-22
P0506,Joshua,Castillo,Doctor 43,2023-03-22
P0512,Christopher,Edwards,Doctor 39,2023-03-22
P0652,Scott,Collins,Doctor 46,2023-03-22
P0770,Alexander,Davis,Doctor 4,2023-03-22
P0873,Cynthia,Thomas,Doctor 7,2023-03-22
P0887,Sharon,Cox,Doctor 20,2023-03-22
P0909,Ryan,Roberts,Doctor 14,2023-03-22
P0973,Kimberly,Bennett,Doctor 4,2023-03-22
P1003,Stephen,Gutierrez,Doctor 3,2023-03-22
P1022,Brian,Cruz,Doctor 36,2023-03-22
P1055,Gregory,Stewart,Doctor 36,2023-03-22
P1221,Rebecca,Carter,Doctor 10,2023-03-22
P1332,Brian,Martinez,Doctor 47,2023-03-22
P1472,Nancy,Castillo,Doctor 20,2023-03-22
P1533,Christopher,Sanders,Doctor 45,2023-03-22
P1617,Ruth,Hall,Doctor 22,2023-03-22
P1686,Virginia,Green,Doctor 46,2023-03-22
P1812,Sarah,Mendoza,Doctor 35,2023-03-22
P1866,Cynthia,Johnson,Doctor 7,2023-03-22
P1870,Jessica,Cox,Doctor 12,2023-03-22
P1993,Michelle,Morales,Doctor 43,2023-03-22
P2010,Anna,Green,Doctor 22,2023-03-22
P2112,Linda,Wright,Doctor 37,2023-03-22
P2194,Samuel,Brown,Doctor 20,2023-03-22
P0020,Lisa,Ramirez,Doctor 21,2023-03-23
P0071,Michelle,Rogers,Doctor 16,2023-03-23
P0074,Christopher,Brooks,Doctor 6,2023-03-23
P0275,Barbara,Hernandez,Doctor 24,2023-03-23
P0306,Ryan,Thompson,Doctor 44,2023-03-23
P0325,Barbara,James,Doctor 4,2023-03-23
P0503,Shirley,Thomas,Doctor 45,2023-03-23
P0569,Sandra,Kelly,Doctor 48,2023-03-23
P0625,Linda,Patel,Doctor 8,2023-03-23
P0724,Ryan,Kelly,Doctor 35,2023-03-23
P0760,Benjamin,Bailey,Doctor 41,2023-03-23
P0847,Dennis,Martinez,Doctor 16,2023-03-23
P0905,Jeffrey,Wood,Doctor 39,2023-03-23
P1009,David,Gonzalez,Doctor 27,2023-03-23
P1035,Jessica,Ward,Doctor 50,2023-03-23
P1037,Betty,Murphy,Doctor 25,2023-03-23
P1076,Raymond,Martin,Doctor 25,2023-03-23
P1093,Dorothy,Murphy,Doctor 35,2023-03-23
P1112,Donna,Lopez,Doctor 37,2023-03-23
P1191,Ronald,Bailey,Doctor 25,2023-03-23
P1288,David,Watson,Doctor 1,2023-03-23
P1343,Karen,Reyes,Doctor 36,2023-03-23
P1360,Barbara,Diaz,Doctor 5,2023-03-23
P1386,William,Collins,Doctor 11,2023-03-23
P1476,Susan,Martin,Doctor 25,2023-03-23
P1670,Jennifer,Smith,Doctor 13,2023-03-23
P1683,Jacob,Mendoza,Doctor 12,2023-03-23
P1832,Betty,Mitchell,Doctor 46,2023-03-23
P1942,Samuel,Hernandez,Doctor 9,2023-03-23
P2040,Gary,Kim,Doctor 28,2023-03-23
P2048,Deborah,Young,Doctor 18,2023-03-23
P2050,Elizabeth,Martin,Doctor 30,2023-03-23
P2284,Cynthia,Lopez,Doctor 48,2023-03-23
P0093,Jonathan,Cruz,Doctor 30,2023-03-24
P0326,Donald,Perez,Doctor 31,2023-03-24
P0343,Patrick,Brooks,Doctor 30,2023-03-24
P0782,Sarah,Walker,Doctor 23,2023-03-24
P0844,Ronald,Carter,Doctor 12,2023-03-24
P1037,Betty,Murphy,Doctor 25,2023-03-24
P1051,Angela,Cox,Doctor 40,2023-03-24
P1246,Jeffrey,Jackson,Doctor 3,2023-03-24
P1363,Michael,Walker,Doctor 38,2023-03-24
P1560,Daniel,Ramirez,Doctor 19,2023-03-24
P1911,Jerry,Perez,Doctor 11,2023-03-24
P1995,Aaron,Stewart,Doctor 39,2023-03-24
P1998,Deborah,Richardson,Doctor 14,2023-03-24
P2032,Betty,Flores,Doctor 49,2023-03-24
P2057,Benjamin,Campbell,Doctor 48,2023-03-24
P2137,Donna,Cook,Doctor 24,2023-03-24
P2156,Cynthia,Diaz,Doctor 23,2023-03-24
P2168,Angela,Ramirez,Doctor 34,2023-03-24
P2217,Sarah,Alvarez,Doctor 49,2023-03-24
P2299,Tyler,Hill,Doctor 38,2023-03-24
P0032,Michelle,Price,Doctor 19,2023-03-25
P0054,Brian,Stewart,Doctor 10,2023-03-25
P0080,Timothy,Jones,Doctor 30,2023-03-25
P0183,Eric,Morales,Doctor 40,2023-03-25
P0228,Charles,Patel,Doctor 22,2023-03-25
P0310,Robert,Myers,Doctor 20,2023-03-25
P0445,Jessica,Gomez,Doctor 1,2023-03-25
P0471,Samuel,Phillips,Doctor 5,2023-03-25
P0566,Mark,Lee,Doctor 46,2023-03-25
P0571,Anna,Clark,Doctor 25,2023-03-25
P0739,Brenda,Rogers,Doctor 44,2023-03-25
P0773,Dennis,Nguyen,Doctor 32,2023-03-25
P0785,Jeffrey,Rivera,Doctor 45,2023-03-25
P0846,Mary,Turner,Doctor 26,2023-03-25
P0894,Steven,Ramos,Doctor 30,2023-03-25
P0905,Jeffrey,Wood,Doctor 30,2023-03-25
P1005,Laura,Sanchez,Doctor 33,2023-03-25
P1128,Tyler,Williams,Doctor 30,2023-03-25
P1405,Jessica,Nguyen,Doctor 24,2023-03-25
P1448,Justin,Martin,Doctor 42,2023-03-25
P1460,Amy,Rogers,Doctor 9,2023-03-25
P1493,Christopher,James,Doctor 5,2023-03-25
P1568,Eric,Brooks,Doctor 14,2023-03-25
P1699,Edward,Howard,Doctor 35,2023-03-25
P1791,Dennis,Brown,Doctor 10,2023-03-25
P1819,Patrick,Campbell,Doctor 50,2023-03-25
P1830,John,Jackson,Doctor 26,2023-03-25
P1905,Justin,Cook,Doctor 33,2023-03-25
P2059,Andrew,Harris,Doctor 15,2023-03-25
P2068,Kimberly,Carter,Doctor 5,2023-03-25
P2105,John,Wright,Doctor 23,2023-03-25
P2294,Karen,Baker,Doctor 24,2023-03-25
P0081,Sandra,Cooper,Doctor 21,2023-03-26
P0186,Kimberly,Sanders,Doctor 34,2023-03-26
P0370,Sarah,James,Doctor 36,2023-03-26
P0619,Kathleen,Nelson,Doctor 18,2023-03-26
P0677,Benjamin,Turner,Doctor 38,2023-03-26
P0763,Jose,Hughes,Doctor 28,2023-03-26
P1044,Jonathan,Ramirez,Doctor 22,2023-03-26
P1132,Mary,Cruz,Doctor 28,2023-03-26
P1179,Justin,White,Doctor 2,2023-03-26
P1275,Alexander,Johnson,Doctor 32,2023-03-26
P1283,Barbara,Evans,Doctor 41,2023-03-26
P1510,Ruth,Clark,Doctor 43,2023-03-26
P1596,Sandra,Lewis,Doctor 21,2023-03-26
P1863,Timothy,Allen,Doctor 10,2023-03-26
P1902,Jason,Johnson,Doctor 43,2023-03-26
P2030,David,Garcia,Doctor 36,2023-03-26
P2037,Donald,Roberts,Doctor 20,2023-03-26
P2154,Linda,Mitchell,Doctor 26,2023-03-26
P2187,Linda,Mendoza,Doctor 17,2023-03-26
P2225,John,James,Doctor 49,2023-03-26
P2259,Brandon,Garcia,Doctor 50,2023-03-26
P2260,Carol,King,Doctor 11,2023-03-26
P2293,Elizabeth,King,Doctor 10,2023-03-26
P0019,Donna,Brooks,Doctor 18,2023-03-27
P0066,Kimberly,Richardson,Doctor 15,2023-03-27
P0188,Jennifer,Garcia,Doctor 35,2023-03-27
P0348,Jonathan,Rodriguez,Doctor 39,2023-03-27
P0353,Laura,Cox,Doctor 46,2023-03-27
P0526,Karen,Cox,Doctor 3,2023-03-27
P0549,Amy,Gonzalez,Doctor 17,2023-03-27
P0742,Ronald,Walker,Doctor 16,2023-03-27
P0746,Edward,Williams,Doctor 31,2023-03-27
P0800,Ruth,Cruz,Doctor 5,2023-03-27
P0873,Cynthia,Thomas,Doctor 26,2023-03-27
P0963,Karen,Wood,Doctor 12,2023-03-27
P1180,Karen,Collins,Doctor 2,2023-03-27
P1216,Andrew,Thompson,Doctor 43,2023-03-27
P1256,Kevin,Edwards,Doctor 19,2023-03-27
P1277,Donna,Flores,Doctor 1,2023-03-27
P1290,Karen,Gomez,Doctor 17,2023-03-27
P1386,William,Collins,Doctor 21,2023-03-27
P1390,Michael,Thomas,Doctor 40,2023-03-27
P1456,Ruth,Cook,Doctor 34,2023-03-27
P1476,Susan,Martin,Doctor 5,2023-03-27
P1670,Jennifer,Smith,Doctor 13,2023-03-27
P1816,Donna,Hughes,Doctor 48,2023-03-27
P1850,Sarah,Cruz,Doctor 16,2023-03-27
P1928,Joseph,Thompson,Doctor 42,2023-03-27
P2010,Anna,Green,Doctor 15,2023-03-27
P2034,Melissa,Brown,Doctor 21,2023-03-27
P2179,Tyler,Young,Doctor 35,2023-03-27
P0142,Emma,Castillo,Doctor 14,2023-03-28
P0272,Virginia,Moore,Doctor 47,2023-03-28
P0327,Anna,King,Doctor 10,2023-03-28
P0344,Brandon,Phillips,Doctor 47,2023-03-28
P0426,Sharon,Watson,Doctor 18,2023-03-28
P0479,Joseph,Ortiz,Doctor 39,2023-03-28
P0638,Timothy,Moore,Doctor 7,2023-03-28
P0695,Elizabeth,Diaz,Doctor 39,2023-03-28
P0717,Sharon,Miller,Doctor 33,2023-03-28
P0728,Jennifer,Roberts,Doctor 30,2023-03-28
P0789,Karen,Gutierrez,Doctor 48,2023-03-28
P0841,Thomas,Robinson,Doctor 21,2023-03-28
P0857,Richard,Martinez,Doctor 25,2023-03-28
P0881,Dennis,Myers,Doctor 22,2023-03-28
P0932,Susan,Hernandez,Doctor 40,2023-03-28
P1040,Helen,Richardson,Doctor 12,2023-03-28
P1090,Charles,Carter,Doctor 18,2023-03-28
P1181,Thomas,Campbell,Doctor 22,2023-03-28
P1274,Joseph,Perez,Doctor 36,2023-03-28
P1288,David,Watson,Doctor 25,2023-03-28
P1340,Jerry,Brown,Doctor 32,2023-03-28
P1503,David,Cooper,Doctor 22,2023-03-28
P1519,Eric,Castillo,Doctor 23,2023-03-28
P1564,Dorothy,Jones,Doctor 41,2023-03-28
P1591,Rebecca,Robinson,Doctor 22,2023-03-28
P1592,Amy,Rivera,Doctor 45,2023-03-28
P1768,Virginia,Parker,Doctor 44,2023-03-28
P1959,Robert,Rivera,Doctor 32,2023-03-28
P2007,Donna,Alvarez,Doctor 23,2023-03-28
P2065,Brandon,Stewart,Doctor 43,2023-03-28
P2078,Linda,Nguyen,Doctor 3,2023-03-28
P2120,Melissa,Kelly,Doctor 6,2023-03-28
P2161,Benjamin,Myers,Doctor 12,2023-03-28
P0041,Sarah,Morales,Doctor 11,2023-03-29
P0079,Daniel,Garcia,Doctor 28,2023-03-29
P0083,Rebecca,Gray,Doctor 34,2023-03-29
P0248,Timothy,Ramos,Doctor 48,2023-03-29
P0297,Sarah,Nelson,Doctor 6,2023-03-29
P0351,Emma,Robinson,Doctor 14,2023-03-29
P0356,Aaron,Hill,Doctor 41,2023-03-29
P0378,Larry,Moore,Doctor 49,2023-03-29
P0398,Nicholas,Diaz,Doctor 36,2023-03-29
P0611,Anna,Cox,Doctor 44,2023-03-29
P0642,Ryan,Myers,Doctor 17,2023-03-29
P0668,Helen,Lopez,Doctor 4,2023-03-29
P0710,Melissa,Chavez,Doctor 11,2023-03-29
P0731,Jennifer,Thomas,Doctor 31,2023-03-29
P0740,Deborah,Allen,Doctor 21,2023-03-29
P0820,Sarah,Diaz,Doctor 33,2023-03-29
P0831,Sarah,Perez,Doctor 21,2023-03-29
P0960,Timothy,Nelson,Doctor 30,2023-03-29
P1007,Jack,Ruiz,Doctor 37,2023-03-29
P1019,Virginia,Martinez,Doctor 6,2023-03-29
P1063,Timothy,Morgan,Doctor 12,2023-03-29
P1252,Donald,Nguyen,Doctor 29,2023-03-29
P1381,Edward,Young,Doctor 30,2023-03-29
P1441,Steven,Castillo,Doctor 11,2023-03-29
P1450,Charles,Rodriguez,Doctor 38,2023-03-29
P1454,Carol,Peterson,Doctor 30,2023-03-29
P1604,Joshua,Lewis,Doctor 25,2023-03-29
P1841,Carol,Scott,Doctor 10,2023-03-29
P1912,Daniel,Morris,Doctor 40,2023-03-29
P1993,Michelle,Morales,Doctor 34,2023-03-29
P2122,Ryan,Ramirez,Doctor 39,2023-03-29
P2143,Eric,Martinez,Doctor 3,2023-03-29
P2149,Jack,Hall,Doctor 29,2023-03-29
P2210,Patrick,Hernandez,Doctor 19,2023-03-29
P0004,Susan,White,Doctor 33,2023-03-30
P0055,Samuel,Peterson,Doctor 14,2023-03-30
P0094,Scott,Chavez,Doctor 20,2023-03-30
P0116,Jacob,Torres,Doctor 27,2023-03-30
P0165,Kimberly,James,Doctor 32,2023-03-30
P0235,James,Williams,Doctor 37,2023-03-30
P0253,Brandon,Sanders,Doctor 19,2023-03-30
P0434,Patricia,Gonzalez,Doctor 9,2023-03-30
P0589,Sarah,Morris,Doctor 46,2023-03-30
P0716,Ryan,Cruz,Doctor 48,2023-03-30
P0745,Melissa,Clark,Doctor 29,2023-03-30
P0880,Frank,Parker,Doctor 49,2023-03-30
P0955,Kevin,Reyes,Doctor 5,2023-03-30
P0988,Andrew,Nguyen,Doctor 8,2023-03-30
P1155,Samuel,Young,Doctor 31,2023-03-30
P1203,Jessica,Ruiz,Doctor 26,2023-03-30
P1291,Brian,Campbell,Doctor 17,2023-03-30
P1495,Kevin,Nelson,Doctor 50,2023-03-30
P1604,Joshua,Lewis,Doctor 28,2023-03-30
P1723,Donald,Lee,Doctor 49,2023-03-30
P1730,Kathleen,Sanders,Doctor 40,2023-03-30
P1751,Scott,Morales,Doctor 1,2023-03-30
P1819,Patrick,Campbell,Doctor 10,2023-03-30
P2014,Ruth,Robinson,Doctor 36,2023-03-30
P2037,Donald,Roberts,Doctor 30,2023-03-30
P2192,Melissa,Hughes,Doctor 9,2023-03-30
P2259,Brandon,Garcia,Doctor 36,2023-03-30
P0048,Dennis,Price,Doctor 20,2023-03-31
P0257,Elizabeth,Castillo,Doctor 2,2023-03-31
P0259,Frank,Taylor,Doctor 38,2023-03-31
P0539,Joseph,Allen,Doctor 4,2023-03-31
P0571,Anna,Clark,Doctor 25,2023-03-31
P0609,Samuel,Howard,Doctor 36,2023-03-31
P0632,Lisa,Bailey,Doctor 7,2023-03-31
P0641,Karen,Torres,Doctor 3,2023-03-31
P0688,George,Williams,Doctor 13,2023-03-31
P0702,Edward,Reyes,Doctor 5,2023-03-31
P0715,William,Thomas,Doctor 45,2023-03-31
P1046,Charles,Diaz,Doctor 42,2023-03-31
P1101,Daniel,Johnson,Doctor 15,2023-03-31
P1108,Sarah,Wilson,Doctor 15,2023-03-31
P1119,Joseph,Martin,Doctor 29,2023-03-31
P1130,Sarah,Hughes,Doctor 10,2023-03-31
P1188,Sandra,Ruiz,Doctor 14,2023-03-31
P1289,Alexander,Brooks,Doctor 38,2023-03-31
P1449,Gary,Chavez,Doctor 47,2023-03-31
P1551,Steven,Lopez,Doctor 37,2023-03-31
P1750,Angela,Torres,Doctor 17,2023-03-31
P1780,Kenneth,Baker,Doctor 12,2023-03-31
P1797,Karen,Watson,Doctor 3,2023-03-31
P1812,Sarah,Mendoza,Doctor 35,2023-03-31
P1832,Betty,Mitchell,Doctor 46,2023-03-31
P1980,Donald,Anderson,Doctor 27,2023-03-31
P2004,Kimberly,Chavez,Doctor 39,2023-03-31
P2077,Carol,Perez,Doctor 38,2023-03-31
P2156,Cynthia,Diaz,Doctor 13,2023-03-31
P2220,Aaron,Bennett,Doctor 40,2023-03-31
P2224,Jack,Lopez,Doctor 12,2023-03-31
P2268,Nancy,Patel,Doctor 3,2023-03-31
P2292,Robert,Morris,Doctor 43,2023-03-31
P0097,Benjamin,Diaz,Doctor 20,2023-04-01
P0201,Kathleen,Adams,Doctor 49,2023-04-01
P0275,Barbara,Hernandez,Doctor 28,2023-04-01
P0291,Aaron,Price,Doctor 29,2023-04-01
P0303,Gregory,Flores,Doctor 13,2023-04-01
P0347,Justin,Rogers,Doctor 21,2023-04-01
P0428,Jerry,Adams,Doctor 4,2023-04-01
P0701,Anna,Cooper,Doctor 39,2023-04-01
P0823,Sandra,Wilson,Doctor 44,2023-04-01
P0849,Michael,Diaz,Doctor 45,2023-04-01
P0859,Betty,Gonzalez,Doctor 17,2023-04-01
P0872,Sharon,Rogers,Doctor 27,2023-04-01
P0966,Kimberly,Hughes,Doctor 26,2023-04-01
P1183,Sandra,Patel,Doctor 20,2023-04-01
P1233,Elizabeth,Torres,Doctor 14,2023-04-01
P1591,Rebecca,Robinson,Doctor 6,2023-04-01
P1774,Virginia,Taylor,Doctor 43,2023-04-01
P1779,Angela,Bailey,Doctor 44,2023-04-01
P1891,Carol,Hernandez,Doctor 37,2023-04-01
P1901,Patricia,Morgan,Doctor 16,2023-04-01
P1935,Karen,Allen,Doctor 19,2023-04-01
P1978,Helen,Wright,Doctor 5,2023-04-01
P1990,Lisa,Peterson,Doctor 5,2023-04-01
P2268,Nancy,Patel,Doctor 42,2023-04-01
P0057,Kimberly,Parker,Doctor 46,2023-04-02
P0077,Laura,Williams,Doctor 33,2023-04-02
P0082,Aaron,Adams,Doctor 46,2023-04-02
P0096,Joshua,Reed,Doctor 16,2023-04-02
P0104,Angela,Cooper,Doctor 13,2023-04-02
P0140,John,Moore,Doctor 48,2023-04-02
P0149,Linda,Hernandez,Doctor 16,2023-04-02
P0215,Cynthia,Brown,Doctor 23,2023-04-02
P0355,Brandon,Cox,Doctor 4,2023-04-02
P0386,Sharon,Wright,Doctor 44,2023-04-02
P0391,Samuel,Morales,Doctor 26,2023-04-02
P0493,Joseph,Stewart,Doctor 42,2023-04-02
P0523,Donna,Wilson,Doctor 30,2023-04-02
P0572,Linda,Jackson,Doctor 27,2023-04-02
P0863,Kimberly,Moore,Doctor 17,2023-04-02
P0867,Amy,Myers,Doctor 43,2023-04-02
P0885,Mark,Rodriguez,Doctor 9,2023-04-02
P0943,Thomas,Martinez,Doctor 25,2023-04-02
P0945,Donna,Parker,Doctor 14,2023-04-02
P0971,Sharon,Morgan,Doctor 33,2023-04-02
P1016,Sandra,Ortiz,Doctor 41,2023-04-02
P1119,Joseph,Martin,Doctor 30,2023-04-02
P1182,Betty,Harris,Doctor 6,2023-04-02
P1201,Joshua,Walker,Doctor 43,2023-04-02
P1386,William,Collins,Doctor 21,2023-04-02
P1438,Lisa,Garcia,Doctor 32,2023-04-02
P1451,Carol,Johnson,Doctor 19,2023-04-02
P1507,Donna,Campbell,Doctor 12,2023-04-02
P1566,Jack,Edwards,Doctor 45,2023-04-02
P1622,Carol,Miller,Doctor 28,2023-04-02
P1640,Mark,Kelly,Doctor 20,2023-04-02
P1646,Susan,Lopez,Doctor 13,2023-04-02
P1698,James,Sanders,Doctor 13,2023-04-02
P1753,Sarah,Evans,Doctor 3,2023-04-02
P1931,Ruth,Campbell,Doctor 41,2023-04-02
P1992,Donald,Gutierrez,Doctor 50,2023-04-02
P2005,Jerry,Evans,Doctor 44,2023-04-02
P2084,Ryan,Robinson,Doctor 17,2023-04-02
P2151,Laura,James,Doctor 34,2023-04-02
P2182,Gregory,Nelson,Doctor 4,2023-04-02
P2247,Jason,Hernandez,Doctor 26,2023-04-02
P0023,Dorothy,Adams,Doctor 2,2023-04-03
P0091,Amy,Jones,Doctor 3,2023-04-03
P0094,Scott,Chavez,Doctor 45,2023-04-03
P0137,Kevin,Moore,Doctor 48,2023-04-03
P0151,Matthew,Diaz,Doctor 31,2023-04-03
P0188,Jennifer,Garcia,Doctor 35,2023-04-03
P0318,Ruth,Green,Doctor 18,2023-04-03
P0479,Joseph,Ortiz,Doctor 26,2023-04-03
P0496,Andrew,Parker,Doctor 10,2023-04-03
P0636,Gary,Mitchell,Doctor 14,2023-04-03
P0677,Benjamin,Turner,Doctor 38,2023-04-03
P0723,Shirley,Hill,Doctor 25,2023-04-03
P0764,Alexander,Robinson,Doctor 49,2023-04-03
P0768,Jacob,Ramirez,Doctor 45,2023-04-03
P0862,Donald,Murphy,Doctor 41,2023-04-03
P0936,Sharon,Bailey,Doctor 13,2023-04-03
P0946,Sandra,Rivera,Doctor 9,2023-04-03
P1005,Laura,Sanchez,Doctor 23,2023-04-03
P1099,Jacob,Garcia,Doctor 6,2023-04-03
P1192,Sarah,Mitchell,Doctor 8,2023-04-03
P1256,Kevin,Edwards,Doctor 12,2023-04-03
P1264,Ryan,Wright,Doctor 26,2023-04-03
P1349,Gregory,Cook,Doctor 35,2023-04-03
P1399,Ronald,Flores,Doctor 11,2023-04-03
P1540,Jonathan,Gonzalez,Doctor 25,2023-04-03
P1551,Steven,Lopez,Doctor 37,2023-04-03
P1742,Joshua,Mitchell,Doctor 49,2023-04-03
P1771,Melissa,Peterson,Doctor 49,2023-04-03
P1855,Mark,Wright,Doctor 24,2023-04-03
P1938,Jessica,Carter,Doctor 42,2023-04-03
P1952,Dorothy,Lewis,Doctor 13,2023-04-03
P2116,William,Kelly,Doctor 25,2023-04-03
P2117,Gary,Johnson,Doctor 11,2023-04-03
P2162,Larry,Johnson,Doctor 5,2023-04-03
P2207,Karen,Smith,Doctor 22,2023-04-03
P2247,Jason,Hernandez,Doctor 6,2023-04-03
P0086,Jessica,Miller,Doctor 49,2023-04-04
P0121,Anna,Richardson,Doctor 4,2023-04-04
P0131,Jeffrey,Perez,Doctor 30,2023-04-04
P0154,Steven,Cook,Doctor 12,2023-04-04
P0237,Carol,Clark,Doctor 6,2023-04-04
P0753,Brian,Morgan,Doctor 19,2023-04-04
P0810,Steven,Brown,Doctor 40,2023-04-04
P0818,Mary,Gonzalez,Doctor 33,2023-04-04
P0851,Kimberly,Bailey,Doctor 20,2023-04-04
P0981,Mark,Nelson,Doctor 34,2023-04-04
P1028,Barbara,Price,Doctor 44,2023-04-04
P1223,John,Gomez,Doctor 48,2023-04-04
P1266,Deborah,Scott,Doctor 45,2023-04-04
P1270,Sandra,Allen,Doctor 29,2023-04-04
P1386,William,Collins,Doctor 39,2023-04-04
P1521,Shirley,Perez,Doctor 19,2023-04-04
P1586,Patrick,Martinez,Doctor 31,2023-04-04
P1639,Patrick,Rodriguez,Doctor 20,2023-04-04
P1687,Donna,Taylor,Doctor 45,2023-04-04
P1737,Samuel,Moore,Doctor 1,2023-04-04
P2040,Gary,Kim,Doctor 28,2023-04-04
P2204,Sharon,Ortiz,Doctor 50,2023-04-04
P2209,Jonathan,Ward,Doctor 47,2023-04-04
P2227,Nancy,Parker,Doctor 40,2023-04-04
P2237,Kenneth,Castillo,Doctor 44,2023-04-04
P0007,Carol,Richardson,Doctor 33,2023-04-05
P0052,Sandra,Miller,Doctor 4,2023-04-05
P0057,Kimberly,Parker,Doctor 46,2023-04-05
P0097,Benjamin,Diaz,Doctor 8,2023-04-05
P0099,Raymond,Moore,Doctor 41,2023-04-05
P0143,Brian,Ruiz,Doctor 6,2023-04-05
P0147,Elizabeth,Ward,Doctor 21,2023-04-05
P0152,Helen,Hughes,Doctor 23,2023-04-05
P0185,Michelle,Reyes,Doctor 6,2023-04-05
P0241,Charles,White,Doctor 30,2023-04-05
P0449,Carol,Harris,Doctor 3,2023-04-05
P0450,Sharon,King,Doctor 15,2023-04-05
P0602,Daniel,Moore,Doctor 8,2023-04-05
P0715,William,Thomas,Doctor 45,2023-04-05
P0727,Gary,Mendoza,Doctor 44,2023-04-05
P0881,Dennis,Myers,Doctor 12,2023-04-05
P0937,Samuel,James,Doctor 1,2023-04-05
P0968,Dorothy,Smith,Doctor 8,2023-04-05
P1075,Patrick,Jackson,Doctor 11,2023-04-05
P1102,Ryan,Peterson,Doctor 39,2023-04-05
P1165,Ryan,Martinez,Doctor 23,2023-04-05
P1252,Donald,Nguyen,Doctor 27,2023-04-05
P1387,Melissa,Morgan,Doctor 49,2023-04-05
P1531,Thomas,Rogers,Doctor 21,2023-04-05
P1578,George,Torres,Doctor 39,2023-04-05
P1688,Jerry,Miller,Doctor 37,2023-04-05
P1749,Matthew,Ramos,Doctor 22,2023-04-05
P1759,Stephen,Ramirez,Doctor 42,2023-04-05
P2073,Jason,Peterson,Doctor 8,2023-04-05
P2154,Linda,Mitchell,Doctor 32,2023-04-05
P2255,Betty,Martin,Doctor 32,2023-04-05
P2257,Betty,Miller,Doctor 45,2023-04-05
P0073,Nancy,Cruz,Doctor 16,2023-04-06
P0078,Betty,Williams,Doctor 7,2023-04-06
P0118,Donna,Sanchez,Doctor 42,2023-04-06
P0293,Robert,Martinez,Doctor 13,2023-04-06
P0323,Anthony,Phillips,Doctor 12,2023-04-06
P0450,Sharon,King,Doctor 15,2023-04-06
P0646,Larry,Bennett,Doctor 3,2023-04-06
P0770,Alexander,Davis,Doctor 48,2023-04-06
P0821,Dennis,Ramos,Doctor 6,2023-04-06
P0908,Timothy,Thomas,Doctor 32,2023-04-06
P1241,Kimberly,King,Doctor 23,2023-04-06
P1253,Aaron,Kim,Doctor 37,2023-04-06
P1321,Brenda,Howard,Doctor 38,2023-04-06
P1370,Joseph,Rodriguez,Doctor 12,2023-04-06
P1429,Elizabeth,Roberts,Doctor 38,2023-04-06
P1434,Raymond,Hughes,Doctor 39,2023-04-06
P1613,Edward,Morris,Doctor 6,2023-04-06
P1617,Ruth,Hall,Doctor 30,2023-04-06
P1814,Ruth,Myers,Doctor 4,2023-04-06
P1816,Donna,Hughes,Doctor 48,2023-04-06
P1844,Daniel,Martinez,Doctor 35,2023-04-06
P1954,Amy,Wright,Doctor 1,2023-04-06
P1956,Kenneth,Richardson,Doctor 48,2023-04-06
P2093,Rebecca,Taylor,Doctor 36,2023-04-06
P2121,Jennifer,Jones,Doctor 27,2023-04-06
P2299,Tyler,Hill,Doctor 38,2023-04-06
P0081,Sandra,Cooper,Doctor 21,2023-04-07
P0123,Jose,Williams,Doctor 50,2023-04-07
P0136,Jessica,Harris,Doctor 12,2023-04-07
P0139,Mary,Rogers,Doctor 5,2023-04-07
P0186,Kimberly,Sanders,Doctor 34,2023-04-07
P0203,Melissa,Davis,Doctor 4,2023-04-07
P0731,Jennifer,Thomas,Doctor 6,2023-04-07
P0755,Nicholas,Alvarez,Doctor 23,2023-04-07
P0815,Barbara,Mitchell,Doctor 33,2023-04-07
P0964,Karen,Rodriguez,Doctor 46,2023-04-07
P0988,Andrew,Nguyen,Doctor 8,2023-04-07
P1056,Edward,Garcia,Doctor 31,2023-04-07
P1152,George,Gomez,Doctor 19,2023-04-07
P1230,Ryan,Ortiz,Doctor 28,2023-04-07
P1255,Dorothy,Sanders,Doctor 36,2023-04-07
P1370,Joseph,Rodriguez,Doctor 45,2023-04-07
P1441,Steven,Castillo,Doctor 12,2023-04-07
P1561,Justin,Ramos,Doctor 6,2023-04-07
P1825,Ruth,Gutierrez,Doctor 2,2023-04-07
P1971,Michael,Kim,Doctor 9,2023-04-07
P2254,Scott,Wright,Doctor 45,2023-04-07
P0147,Elizabeth,Ward,Doctor 46,2023-04-08
P0330,Shirley,Campbell,Doctor 21,2023-04-08
P0345,Brandon,Nelson,Doctor 29,2023-04-08
P0427,Gary,Brooks,Doctor 6,2023-04-08
P0445,Jessica,Gomez,Doctor 1,2023-04-08
P0472,Aaron,Thomas,Doctor 5,2023-04-08
P0499,Sharon,Stewart,Doctor 16,2023-04-08
P0534,Benjamin,Smith,Doctor 22,2023-04-08
P0550,Melissa,Collins,Doctor 12,2023-04-08
P0630,Andrew,Davis,Doctor 28,2023-04-08
P0703,Amy,Turner,Doctor 46,2023-04-08
P0794,Patrick,Mendoza,Doctor 35,2023-04-08
P0815,Barbara,Mitchell,Doctor 33,2023-04-08
P0824,Justin,Evans,Doctor 2,2023-04-08
P0866,Mark,Thomas,Doctor 12,2023-04-08
P0906,Thomas,Bennett,Doctor 47,2023-04-08
P0929,Brian,Mendoza,Doctor 10,2023-04-08
P0947,Deborah,Baker,Doctor 49,2023-04-08
P0989,Ryan,Hill,Doctor 18,2023-04-08
P1005,Laura,Sanchez,Doctor 23,2023-04-08
P1266,Deborah,Scott,Doctor 45,2023-04-08
P1322,Susan,Rogers,Doctor 50,2023-04-08
P1358,David,Nguyen,Doctor 10,2023-04-08
P1367,Brandon,Lewis,Doctor 47,2023-04-08
P1494,Sandra,Taylor,Doctor 6,2023-04-08
P1536,Kathleen,Brooks,Doctor 42,2023-04-08
P1742,Joshua,Mitchell,Doctor 6,2023-04-08
P1916,Sarah,Brooks,Doctor 22,2023-04-08
P1930,Melissa,Rodriguez,Doctor 27,2023-04-08
P1958,Daniel,Morales,Doctor 44,2023-04-08
P2024,Samuel,Nguyen,Doctor 36,2023-04-08
P2024,Samuel,Nguyen,Doctor 33,2023-04-08
P2175,Elizabeth,Hernandez,Doctor 36,2023-04-08
P2276,Alexander,Anderson,Doctor 26,2023-04-08
P0014,George,Miller,Doctor 41,2023-04-09
P0173,Dorothy,Mitchell,Doctor 43,2023-04-09
P0352,Sandra,Ward,Doctor 49,2023-04-09
P0357,Eric,Gutierrez,Doctor 19,2023-04-09
P0371,Joshua,Thompson,Doctor 8,2023-04-09
P0381,Barbara,Richardson,Doctor 1,2023-04-09
P0523,Donna,Wilson,Doctor 26,2023-04-09
P0536,Larry,Howard,Doctor 26,2023-04-09
P0541,Gregory,Brown,Doctor 9,2023-04-09
P0638,Timothy,Moore,Doctor 7,2023-04-09
P0651,Virginia,Brooks,Doctor 39,2023-04-09
P0651,Virginia,Brooks,Doctor 45,2023-04-09
P0768,Jacob,Ramirez,Doctor 39,2023-04-09
P0894,Steven,Ramos,Doctor 30,2023-04-09
P0909,Ryan,Roberts,Doctor 36,2023-04-09
P0930,Sharon,Smith,Doctor 8,2023-04-09
P0951,Eric,Walker,Doctor 17,2023-04-09
P1091,Gregory,Bailey,Doctor 5,2023-04-09
P1378,Karen,Lee,Doctor 32,2023-04-09
P1438,Lisa,Garcia,Doctor 3,2023-04-09
P1542,Gregory,Lee,Doctor 22,2023-04-09
P1597,Edward,Robinson,Doctor 39,2023-04-09
P1639,Patrick,Rodriguez,Doctor 20,2023-04-09
P1650,Jeffrey,Adams,Doctor 7,2023-04-09
P1748,Aaron,Hughes,Doctor 30,2023-04-09
P1766,Robert,Perez,Doctor 5,2023-04-09
P1942,Samuel,Hernandez,Doctor 22,2023-04-09
P2004,Kimberly,Chavez,Doctor 15,2023-04-09
P2129,Karen,Cooper,Doctor 3,2023-04-09
P2139,William,Harris,Doctor 32,2023-04-09
P2233,Michelle,Richardson,Doctor 35,2023-04-09
P0017,Jessica,Thomas,Doctor 15,2023-04-10
P0023,Dorothy,Adams,Doctor 2,2023-04-10
P0088,Raymond,Cruz,Doctor 36,2023-04-10
P0196,Anna,Bennett,Doctor 18,2023-04-10
P0222,Virginia,Turner,Doctor 27,2023-04-10
P0259,Frank,Taylor,Doctor 18,2023-04-10
P0324,Nancy,Harris,Doctor 6,2023-04-10
P0408,Anthony,Hughes,Doctor 34,2023-04-10
P0621,Elizabeth,Robinson,Doctor 35,2023-04-10
P0774,Nancy,Collins,Doctor 37,2023-04-10
P0818,Mary,Gonzalez,Doctor 12,2023-04-10
P0878,Daniel,Rivera,Doctor 5,2023-04-10
P0915,Jack,Roberts,Doctor 11,2023-04-10
P0931,Mary,Martin,Doctor 25,2023-04-10
P1029,Patricia,Wood,Doctor 18,2023-04-10
P1046,Charles,Diaz,Doctor 42,2023-04-10
P1121,Sharon,Gutierrez,Doctor 17,2023-04-10
P1132,Mary,Cruz,Doctor 28,2023-04-10
P1395,Ronald,Lee,Doctor 43,2023-04-10
P1503,David,Cooper,Doctor 17,2023-04-10
P1515,Mark,Smith,Doctor 4,2023-04-10
P1567,Stephen,Edwards,Doctor 32,2023-04-10
P1576,Linda,Turner,Doctor 41,2023-04-10
P1590,Anthony,Johnson,Doctor 25,2023-04-10
P1613,Edward,Morris,Doctor 38,2023-04-10
P1691,Nicholas,Roberts,Doctor 18,2023-04-10
P1712,Christopher,Green,Doctor 14,2023-04-10
P1809,Frank,Nguyen,Doctor 38,2023-04-10
P1876,Tyler,Cruz,Doctor 36,2023-04-10
P1899,Sharon,Rivera,Doctor 1,2023-04-10
P2018,Sharon,Turner,Doctor 17,2023-04-10
P2127,Jose,Martinez,Doctor 23,2023-04-10
P2198,Amy,Phillips,Doctor 13,2023-04-10
P2271,Sandra,Walker,Doctor 24,2023-04-10
P2278,Gary,Ruiz,Doctor 44,2023-04-10
P0067,Anna,Scott,Doctor 24,2023-04-11
P0151,Matthew,Diaz,Doctor 12,2023-04-11
P0196,Anna,Bennett,Doctor 10,2023-04-11
P0380,Kimberly,Jones,Doctor 5,2023-04-11
P0381,Barbara,Richardson,Doctor 1,2023-04-11
P0478,Alexander,Bailey,Doctor 35,2023-04-11
P0501,Elizabeth,Green,Doctor 30,2023-04-11
P0634,Michelle,Green,Doctor 36,2023-04-11
P0820,Sarah,Diaz,Doctor 10,2023-04-11
P0840,David,Miller,Doctor 48,2023-04-11
P1142,Jennifer,Sanchez,Doctor 17,2023-04-11
P1322,Susan,Rogers,Doctor 50,2023-04-11
P1532,Sarah,Torres,Doctor 8,2023-04-11
P1586,Patrick,Martinez,Doctor 45,2023-04-11
P1723,Donald,Lee,Doctor 13,2023-04-11
P1914,Nancy,James,Doctor 33,2023-04-11
P1920,Joseph,Cruz,Doctor 16,2023-04-11
P1925,Tyler,Alvarez,Doctor 12,2023-04-11
P1966,Sandra,Gonzalez,Doctor 44,2023-04-11
P1989,Patrick,Rivera,Doctor 15,2023-04-11
P2022,Michelle,Baker,Doctor 30,2023-04-11
P2099,Sarah,Parker,Doctor 10,2023-04-11
P2112,Linda,Wright,Doctor 47,2023-04-11
P2143,Eric,Martinez,Doctor 3,2023-04-11
P2275,Eric,Mendoza,Doctor 16,2023-04-11
P0113,Sarah,Roberts,Doctor 14,2023-04-12
P0161,Nicholas,Hernandez,Doctor 19,2023-04-12
P0189,Jerry,Lopez,Doctor 9,2023-04-12
P0203,Melissa,Davis,Doctor 26,2023-04-12
P0251,Mary,Allen,Doctor 16,2023-04-12
P0404,Jeffrey,Alvarez,Doctor 10,2023-04-12
P0424,Jacob,Jones,Doctor 48,2023-04-12
P0449,Carol,Harris,Doctor 3,2023-04-12
P0474,Jose,Ramirez,Doctor 41,2023-04-12
P0688,George,Williams,Doctor 36,2023-04-12
P0952,John,Morgan,Doctor 20,2023-04-12
P1036,Joshua,Robinson,Doctor 27,2023-04-12
P1073,Joseph,Diaz,Doctor 2,2023-04-12
P1122,Scott,Wood,Doctor 33,2023-04-12
P1162,Jason,James,Doctor 22,2023-04-12
P1208,Christopher,Rivera,Doctor 6,2023-04-12
P1225,Benjamin,White,Doctor 23,2023-04-12
P1238,Kimberly,Baker,Doctor 29,2023-04-12
P1459,Nancy,Garcia,Doctor 37,2023-04-12
P1544,Laura,Robinson,Doctor 29,2023-04-12
P1819,Patrick,Campbell,Doctor 25,2023-04-12
P1821,Brenda,Roberts,Doctor 1,2023-04-12
P1835,Alexander,Williams,Doctor 16,2023-04-12
P1845,Sandra,Mendoza,Doctor 18,2023-04-12
P1891,Carol,Hernandez,Doctor 37,2023-04-12
P1923,Mark,Ward,Doctor 46,2023-04-12
P1989,Patrick,Rivera,Doctor 41,2023-04-12
P2011,Carol,Robinson,Doctor 35,2023-04-12
P2102,Sandra,Gomez,Doctor 28,2023-04-12
P2126,Andrew,Hughes,Doctor 26,2023-04-12
P2131,Helen,Rodriguez,Doctor 41,2023-04-12
P2184,Sarah,Phillips,Doctor 32,2023-04-12
P2191,Edward,Hernandez,Doctor 39,2023-04-12
P2240,Richard,Carter,Doctor 7,2023-04-12
P0059,George,Smith,Doctor 27,2023-04-13
P0149,Linda,Hernandez,Doctor 16,2023-04-13
P0198,Shirley,Moore,Doctor 38,2023-04-13
P0208,Mary,Sanders,Doctor 3,2023-04-13
P0237,Carol,Clark,Doctor 44,2023-04-13
P0240,Sandra,Richardson,Doctor 24,2023-04-13
P0662,Jennifer,Hughes,Doctor 36,2023-04-13
P0678,Jerry,Moore,Doctor 9,2023-04-13
P0900,Sharon,Chavez,Doctor 42,2023-04-13
P1080,Sandra,Collins,Doctor 14,2023-04-13
P1372,Jessica,Murphy,Doctor 10,2023-04-13
P1525,Ruth,Williams,Doctor 4,2023-04-13
P1619,Edward,Walker,Doctor 8,2023-04-13
P1962,Amy,Morales,Doctor 28,2023-04-13
P1989,Patrick,Rivera,Doctor 24,2023-04-13
P2148,George,King,Doctor 28,2023-04-13
P0051,Ruth,Gomez,Doctor 10,2023-04-14
P0065,Betty,Robinson,Doctor 31,2023-04-14
P0110,Deborah,Howard,Doctor 28,2023-04-14
P0131,Jeffrey,Perez,Doctor 30,2023-04-14
P0278,Kathleen,Davis,Doctor 44,2023-04-14
P0350,Kenneth,Ruiz,Doctor 4,2023-04-14
P0354,Amy,Ramirez,Doctor 50,2023-04-14
P0425,Helen,Ruiz,Doctor 6,2023-04-14
P0525,Timothy,King,Doctor 44,2023-04-14
P0599,David,Cox,Doctor 23,2023-04-14
P0676,Anthony,Young,Doctor 38,2023-04-14
P0730,Mark,Alvarez,Doctor 30,2023-04-14
P0740,Deborah,Allen,Doctor 21,2023-04-14
P0872,Sharon,Rogers,Doctor 42,2023-04-14
P0979,Dennis,Lewis,Doctor 25,2023-04-14
P1100,Betty,Bennett,Doctor 50,2023-04-14
P1155,Samuel,Young,Doctor 31,2023-04-14
P1275,Alexander,Johnson,Doctor 32,2023-04-14
P1374,Alexander,Howard,Doctor 49,2023-04-14
P1376,James,Cox,Doctor 15,2023-04-14
P1621,Deborah,Smith,Doctor 20,2023-04-14
P1624,Carol,Price,Doctor 6,2023-04-14
P1646,Susan,Lopez,Doctor 48,2023-04-14
P1665,Gregory,Diaz,Doctor 30,2023-04-14
P1694,Anthony,Campbell,Doctor 25,2023-04-14
P1785,Robert,Young,Doctor 47,2023-04-14
P1798,Jose,Cook,Doctor 31,2023-04-14
P1965,Carol,Kim,Doctor 11,2023-04-14
P1987,Jerry,Patel,Doctor 38,2023-04-14
P2000,Alexander,Scott,Doctor 27,2023-04-14
P2153,Patricia,Rivera,Doctor 33,2023-04-14
P2238,Christopher,Gomez,Doctor 34,2023-04-14
P2269,Mark,Taylor,Doctor 47,2023-04-14
P0088,Raymond,Cruz,Doctor 48,2023-04-15
P0274,Lisa,Thompson,Doctor 17,2023-04-15
P0413,Betty,Myers,Doctor 30,2023-04-15
P0428,Jerry,Adams,Doctor 4,2023-04-15
P0433,William,Martinez,Doctor 14,2023-04-15
P0509,Patrick,Miller,Doctor 40,2023-04-15
P0555,Laura,Nelson,Doctor 12,2023-04-15
P0595,Linda,Watson,Doctor 5,2023-04-15
P0671,Jessica,Morgan,Doctor 14,2023-04-15
P0771,Patrick,Lewis,Doctor 12,2023-04-15
P0913,Steven,Davis,Doctor 24,2023-04-15
P0937,Samuel,James,Doctor 1,2023-04-15
P1010,Kevin,Harris,Doctor 36,2023-04-15
P1053,Donald,Hill,Doctor 27,2023-04-15
P1063,Timothy,Morgan,Doctor 44,2023-04-15
P1274,Joseph,Perez,Doctor 36,2023-04-15
P1289,Alexander,Brooks,Doctor 27,2023-04-15
P1345,Scott,Smith,Doctor 17,2023-04-15
P1395,Ronald,Lee,Doctor 44,2023-04-15
P1450,Charles,Rodriguez,Doctor 41,2023-04-15
P1571,Joshua,Taylor,Doctor 11,2023-04-15
P1618,Anthony,Kelly,Doctor 45,2023-04-15
P1658,George,Campbell,Doctor 42,2023-04-15
P1675,Nancy,Nguyen,Doctor 22,2023-04-15
P1678,Betty,Brooks,Doctor 49,2023-04-15
P1817,Jennifer,Mendoza,Doctor 17,2023-04-15
P2054,Christopher,Clark,Doctor 48,2023-04-15
P2103,Anthony,Hill,Doctor 12,2023-04-15
P2229,Jonathan,White,Doctor 10,2023-04-15
P0090,Robert,Wood,Doctor 13,2023-04-16
P0120,Virginia,Rodriguez,Doctor 28,2023-04-16
P0213,Aaron,Clark,Doctor 17,2023-04-16
P0282,Kimberly,Ortiz,Doctor 24,2023-04-16
P0577,Ruth,Rodriguez,Doctor 15,2023-04-16
P0600,Betty,Reyes,Doctor 36,2023-04-16
P0636,Gary,Mitchell,Doctor 14,2023-04-16
P0682,Sarah,Young,Doctor 46,2023-04-16
P0706,Frank,Hill,Doctor 11,2023-04-16
P0786,Sarah,Chavez,Doctor 6,2023-04-16
P0798,Nancy,Morris,Doctor 44,2023-04-16
P0856,George,Flores,Doctor 44,2023-04-16
P0901,Patricia,Morris,Doctor 18,2023-04-16
P0962,Nancy,Price,Doctor 31,2023-04-16
P1013,Aaron,Gonzalez,Doctor 43,2023-04-16
P1047,Ruth,Murphy,Doctor 17,2023-04-16
P1096,Karen,Peterson,Doctor 9,2023-04-16
P1322,Susan,Rogers,Doctor 1,2023-04-16
P1449,Gary,Chavez,Doctor 47,2023-04-16
P1717,Betty,Price,Doctor 31,2023-04-16
P1718,Brenda,Hill,Doctor 16,2023-04-16
P2027,Thomas,Sanders,Doctor 11,2023-04-16
P2091,Nancy,Sanchez,Doctor 28,2023-04-16
P2209,Jonathan,Ward,Doctor 40,2023-04-16
P2277,Frank,Ramos,Doctor 20,2023-04-16
P0085,Anthony,Rodriguez,Doctor 13,2023-04-17
P0503,Shirley,Thomas,Doctor 50,2023-04-17
P0516,Tyler,Parker,Doctor 36,2023-04-17
P0573,Mary,Harris,Doctor 20,2023-04-17
P0586,Michelle,Nelson,Doctor 21,2023-04-17
P0599,David,Cox,Doctor 48,2023-04-17
P0758,Patrick,Ortiz,Doctor 21,2023-04-17
P0761,Ruth,Rogers,Doctor 12,2023-04-17
P0789,Karen,Gutierrez,Doctor 48,2023-04-17
P0802,Richard,Robinson,Doctor 45,2023-04-17
P0956,Barbara,Chavez,Doctor 40,2023-04-17
P0957,Anna,Allen,Doctor 5,2023-04-17
P1037,Betty,Murphy,Doctor 6,2023-04-17
P1095,Betty,Ortiz,Doctor 37,2023-04-17
P1138,Michelle,Clark,Doctor 34,2023-04-17
P1275,Alexander,Johnson,Doctor 36,2023-04-17
P1327,Deborah,Garcia,Doctor 5,2023-04-17
P1496,Jason,Jones,Doctor 35,2023-04-17
P1503,David,Cooper,Doctor 17,2023-04-17
P1584,Kevin,Cox,Doctor 20,2023-04-17
P1672,Nancy,Wood,Doctor 3,2023-04-17
P1729,Nancy,Moore,Doctor 47,2023-04-17
P1822,Charles,Howard,Doctor 27,2023-04-17
P1933,Andrew,Bennett,Doctor 13,2023-04-17
P2087,Mary,King,Doctor 40,2023-04-17
P2138,Mark,Phillips,Doctor 29,2023-04-17
P2204,Sharon,Ortiz,Doctor 40,2023-04-17
P0127,Ruth,Anderson,Doctor 17,2023-04-18
P0183,Eric,Morales,Doctor 40,2023-04-18
P0184,Donna,Edwards,Doctor 22,2023-04-18
P0199,William,Cox,Doctor 21,2023-04-18
P0260,Nancy,Roberts,Doctor 26,2023-04-18
P0412,Betty,Wright,Doctor 2,2023-04-18
P0452,Betty,Morales,Doctor 9,2023-04-18
P0654,Sandra,Sanchez,Doctor 43,2023-04-18
P0674,Benjamin,Collins,Doctor 17,2023-04-18
P0677,Benjamin,Turner,Doctor 38,2023-04-18
P0829,Virginia,Torres,Doctor 29,2023-04-18
P0858,Lisa,Wilson,Doctor 29,2023-04-18
P1055,Gregory,Stewart,Doctor 31,2023-04-18
P1058,Frank,Gray,Doctor 4,2023-04-18
P1080,Sandra,Collins,Doctor 15,2023-04-18
P1240,Jessica,Williams,Doctor 1,2023-04-18
P1404,Dorothy,Diaz,Doctor 18,2023-04-18
P1516,Matthew,Miller,Doctor 23,2023-04-18
P1530,Angela,Diaz,Doctor 32,2023-04-18
P1557,Dennis,Morales,Doctor 48,2023-04-18
P1701,James,Morris,Doctor 34,2023-04-18
P1736,Sandra,Flores,Doctor 41,2023-04-18
P1764,Benjamin,Torres,Doctor 43,2023-04-18
P1814,Ruth,Myers,Doctor 20,2023-04-18
P1851,Karen,Murphy,Doctor 15,2023-04-18
P1986,Jack,Wilson,Doctor 15,2023-04-18
P1991,Patricia,Morales,Doctor 4,2023-04-18
P2013,Sarah,Peterson,Doctor 39,2023-04-18
P2032,Betty,Flores,Doctor 49,2023-04-18
P2214,Jason,Cox,Doctor 33,2023-04-18
P0026,Kenneth,Hughes,Doctor 27,2023-04-19
P0050,Laura,Lopez,Doctor 40,2023-04-19
P0069,Cynthia,Roberts,Doctor 3,2023-04-19
P0179,Richard,Price,Doctor 44,2023-04-19
P0257,Elizabeth,Castillo,Doctor 28,2023-04-19
P0316,Michelle,Howard,Doctor 37,2023-04-19
P0341,Kenneth,Sanchez,Doctor 48,2023-04-19
P0465,Michelle,Young,Doctor 6,2023-04-19
P0546,Robert,Phillips,Doctor 31,2023-04-19
P0592,Helen,Torres,Doctor 8,2023-04-19
P0681,Gary,Adams,Doctor 45,2023-04-19
P0948,Jessica,Ramirez,Doctor 13,2023-04-19
P1016,Sandra,Ortiz,Doctor 50,2023-04-19
P1156,Joshua,Johnson,Doctor 11,2023-04-19
P1210,Rebecca,Richardson,Doctor 13,2023-04-19
P1219,Cynthia,Turner,Doctor 37,2023-04-19
P1284,Larry,Castillo,Doctor 13,2023-04-19
P1324,Nancy,Reed,Doctor 41,2023-04-19
P1458,Robert,Rodriguez,Doctor 1,2023-04-19
P1477,Sandra,Edwards,Doctor 6,2023-04-19
P1619,Edward,Walker,Doctor 8,2023-04-19
P1625,Ryan,Richardson,Doctor 9,2023-04-19
P1672,Nancy,Wood,Doctor 26,2023-04-19
P1756,Frank,Morgan,Doctor 15,2023-04-19
P1842,Frank,Brooks,Doctor 48,2023-04-19
P2145,Andrew,Murphy,Doctor 9,2023-04-19
P0035,Jennifer,Richardson,Doctor 29,2023-04-20
P0187,Justin,Watson,Doctor 13,2023-04-20
P0197,George,Chavez,Doctor 37,2023-04-20
P0212,Sarah,Lopez,Doctor 50,2023-04-20
P0246,Laura,Davis,Doctor 40,2023-04-20
P0296,Charles,Ramos,Doctor 22,2023-04-20
P0319,Sharon,Gonzalez,Doctor 25,2023-04-20
P0347,Justin,Rogers,Doctor 21,2023-04-20
P0408,Anthony,Hughes,Doctor 44,2023-04-20
P0435,Patrick,Ramirez,Doctor 7,2023-04-20
P0490,Donald,Patel,Doctor 4,2023-04-20
P0495,Laura,Roberts,Doctor 4,2023-04-20
P0514,Larry,Morales,Doctor 14,2023-04-20
P0515,Lisa,Martinez,Doctor 15,2023-04-20
P0525,Timothy,King,Doctor 17,2023-04-20
P0550,Melissa,Collins,Doctor 45,2023-04-20
P0659,Jonathan,Peterson,Doctor 30,2023-04-20
P0681,Gary,Adams,Doctor 45,2023-04-20
P0806,Anthony,Peterson,Doctor 48,2023-04-20
P0835,Helen,Rivera,Doctor 26,2023-04-20
P0891,Raymond,Evans,Doctor 18,2023-04-20
P0897,Sharon,Carter,Doctor 14,2023-04-20
P1020,Patrick,Sanders,Doctor 8,2023-04-20
P1093,Dorothy,Murphy,Doctor 19,2023-04-20
P1210,Rebecca,Richardson,Doctor 13,2023-04-20
P1297,Patricia,Brooks,Doctor 28,2023-04-20
P1297,Patricia,Brooks,Doctor 37,2023-04-20
P1332,Brian,Martinez,Doctor 47,2023-04-20
P1344,Dorothy,Cox,Doctor 36,2023-04-20
P1358,David,Nguyen,Doctor 10,2023-04-20
P1376,James,Cox,Doctor 4,2023-04-20
P1464,Shirley,Allen,Doctor 50,2023-04-20
P1576,Linda,Turner,Doctor 4,2023-04-20
P1640,Mark,Kelly,Doctor 20,2023-04-20
P1693,Scott,White,Doctor 44,2023-04-20
P1714,Steven,Peterson,Doctor 18,2023-04-20
P1771,Melissa,Peterson,Doctor 47,2023-04-20
P1780,Kenneth,Baker,Doctor 12,2023-04-20
P1834,Helen,Roberts,Doctor 36,2023-04-20
P1849,Jose,Kim,Doctor 41,2023-04-20
P1863,Timothy,Allen,Doctor 14,2023-04-20
P1912,Daniel,Morris,Doctor 30,2023-04-20
P1918,Elizabeth,Cooper,Doctor 11,2023-04-20
P2216,Sarah,Kim,Doctor 44,2023-04-20
P2218,Mary,Lee,Doctor 36,2023-04-20
P2262,Melissa,Phillips,Doctor 31,2023-04-20
P0165,Kimberly,James,Doctor 3,2023-04-21
P0174,Sandra,Price,Doctor 41,2023-04-21
P0225,Jacob,Baker,Doctor 20,2023-04-21
P0279,Jeffrey,Hall,Doctor 33,2023-04-21
P0329,Sarah,Reyes,Doctor 35,2023-04-21
P0597,Jonathan,Young,Doctor 21,2023-04-21
P0614,Ronald,Torres,Doctor 31,2023-04-21
P0616,Jennifer,Torres,Doctor 2,2023-04-21
P0754,Deborah,Kelly,Doctor 1,2023-04-21
P0830,Robert,Cooper,Doctor 50,2023-04-21
P0833,Benjamin,Wright,Doctor 47,2023-04-21
P0868,Stephen,Perez,Doctor 30,2023-04-21
P1014,Ruth,Wood,Doctor 9,2023-04-21
P1053,Donald,Hill,Doctor 27,2023-04-21
P1093,Dorothy,Murphy,Doctor 19,2023-04-21
P1164,Raymond,Allen,Doctor 50,2023-04-21
P1388,Nicholas,Rogers,Doctor 7,2023-04-21
P1472,Nancy,Castillo,Doctor 20,2023-04-21
P1504,Melissa,Jackson,Doctor 5,2023-04-21
P1532,Sarah,Torres,Doctor 25,2023-04-21
P1564,Dorothy,Jones,Doctor 36,2023-04-21
P1597,Edward,Robinson,Doctor 3,2023-04-21
P1675,Nancy,Nguyen,Doctor 22,2023-04-21
P1727,Donald,Evans,Doctor 23,2023-04-21
P2046,Gary,Phillips,Doctor 36,2023-04-21
P2200,Ruth,Hughes,Doctor 38,2023-04-21
P2220,Aaron,Bennett,Doctor 40,2023-04-21
P2298,Jessica,Peterson,Doctor 47,2023-04-21
P0237,Carol,Clark,Doctor 24,2023-04-22
P0245,Angela,Stewart,Doctor 46,2023-04-22
P0262,Jeffrey,Miller,Doctor 16,2023-04-22
P0302,Kathleen,Ortiz,Doctor 25,2023-04-22
P0327,Anna,King,Doctor 16,2023-04-22
P0339,Jessica,Morales,Doctor 10,2023-04-22
P0365,Kenneth,Ramos,Doctor 24,2023-04-22
P0390,Virginia,Mitchell,Doctor 19,2023-04-22
P0397,Patricia,Mendoza,Doctor 11,2023-04-22
P0791,Deborah,Gomez,Doctor 18,2023-04-22
P0796,Timothy,Campbell,Doctor 39,2023-04-22
P0823,Sandra,Wilson,Doctor 44,2023-04-22
P0864,Jack,Reyes,Doctor 25,2023-04-22
P0930,Sharon,Smith,Doctor 7,2023-04-22
P0957,Anna,Allen,Doctor 5,2023-04-22
P1116,Jonathan,Ortiz,Doctor 19,2023-04-22
P1276,Anthony,Diaz,Doctor 17,2023-04-22
P1321,Brenda,Howard,Doctor 38,2023-04-22
P1338,Jessica,James,Doctor 26,2023-04-22
P1371,Thomas,Morris,Doctor 22,2023-04-22
P1512,Joshua,Lopez,Doctor 35,2023-04-22
P1521,Shirley,Perez,Doctor 19,2023-04-22
P1689,Anna,Wright,Doctor 33,2023-04-22
P1862,Helen,Scott,Doctor 4,2023-04-22
P1924,Laura,Smith,Doctor 34,2023-04-22
P1933,Andrew,Bennett,Doctor 19,2023-04-22
P2250,Thomas,Peterson,Doctor 36,2023-04-22
P2273,Jerry,Edwards,Doctor 43,2023-04-22
P2278,Gary,Ruiz,Doctor 42,2023-04-22
P0031,Shirley,Hughes,Doctor 28,2023-04-23
P0035,Jennifer,Richardson,Doctor 33,2023-04-23
P0049,Jerry,Reyes,Doctor 34,2023-04-23
P0170,Gregory,Jones,Doctor 8,2023-04-23
P0243,Andrew,Clark,Doctor 25,2023-04-23
P0246,Laura,Davis,Doctor 6,2023-04-23
P0254,Virginia,Scott,Doctor 30,2023-04-23
P0285,Amy,Robinson,Doctor 45,2023-04-23
P0287,Justin,King,Doctor 42,2023-04-23
P0366,Brenda,Wood,Doctor 16,2023-04-23
P0484,Edward,Parker,Doctor 38,2023-04-23
P0517,Susan,Harris,Doctor 40,2023-04-23
P0567,Ryan,Gutierrez,Doctor 31,2023-04-23
P0629,Linda,Reed,Doctor 44,2023-04-23
P0825,David,Reyes,Doctor 6,2023-04-23
P0825,David,Reyes,Doctor 3,2023-04-23
P0939,Susan,Wood,Doctor 34,2023-04-23
P1017,Melissa,Reed,Doctor 2,2023-04-23
P1033,Eric,Johnson,Doctor 3,2023-04-23
P1070,Michael,Ortiz,Doctor 11,2023-04-23
P1148,Emma,Young,Doctor 20,2023-04-23
P1435,Sarah,Myers,Doctor 43,2023-04-23
P1817,Jennifer,Mendoza,Doctor 33,2023-04-23
P1818,Jessica,Alvarez,Doctor 29,2023-04-23
P1820,Ruth,Smith,Doctor 11,2023-04-23
P1846,Andrew,Kim,Doctor 7,2023-04-23
P1876,Tyler,Cruz,Doctor 39,2023-04-23
P1930,Melissa,Rodriguez,Doctor 4,2023-04-23
P1972,Charles,Walker,Doctor 22,2023-04-23
P1979,Kimberly,Lopez,Doctor 14,2023-04-23
P2132,Barbara,Gutierrez,Doctor 45,2023-04-23
P2191,Edward,Hernandez,Doctor 39,2023-04-23
P2241,Sarah,Ortiz,Doctor 49,2023-04-23
P2256,Jerry,Thomas,Doctor 6,2023-04-23
P0043,Edward,Edwards,Doctor 10,2023-04-24
P0078,Betty,Williams,Doctor 7,2023-04-24
P0128,Larry,Reyes,Doctor 4,2023-04-24
P0201,Kathleen,Adams,Doctor 6,2023-04-24
P0252,Karen,Turner,Doctor 49,2023-04-24
P0270,Shirley,Carter,Doctor 8,2023-04-24
P0559,Sarah,Turner,Doctor 4,2023-04-24
P0569,Sandra,Kelly,Doctor 5,2023-04-24
P0611,Anna,Cox,Doctor 33,2023-04-24
P0833,Benjamin,Wright,Doctor 47,2023-04-24
P0921,Michael,Cooper,Doctor 39,2023-04-24
P0927,Steven,Robinson,Doctor 8,2023-04-24
P1048,Nancy,Watson,Doctor 7,2023-04-24
P1056,Edward,Garcia,Doctor 26,2023-04-24
P1069,Ruth,Ramirez,Doctor 12,2023-04-24
P1069,Ruth,Ramirez,Doctor 12,2023-04-24
P1148,Emma,Young,Doctor 20,2023-04-24
P1288,David,Watson,Doctor 25,2023-04-24
P1348,Jose,Mendoza,Doctor 15,2023-04-24
P1351,Karen,Clark,Doctor 2,2023-04-24
P1451,Carol,Johnson,Doctor 3,2023-04-24
P1528,Helen,Kim,Doctor 39,2023-04-24
P1668,Nancy,Gomez,Doctor 9,2023-04-24
P1698,James,Sanders,Doctor 12,2023-04-24
P1717,Betty,Price,Doctor 10,2023-04-24
P1770,Justin,Green,Doctor 17,2023-04-24
P1924,Laura,Smith,Doctor 34,2023-04-24
P1927,Eric,Edwards,Doctor 35,2023-04-24
P1945,Andrew,Jones,Doctor 50,2023-04-24
P1979,Kimberly,Lopez,Doctor 39,2023-04-24
P1985,Carol,Brooks,Doctor 35,2023-04-24
P2012,Sarah,King,Doctor 1,2023-04-24
P2052,Melissa,Robinson,Doctor 10,2023-04-24
P2057,Benjamin,Campbell,Doctor 45,2023-04-24
P2095,Richard,Wright,Doctor 49,2023-04-24
P2238,Christopher,Gomez,Doctor 34,2023-04-24
P2278,Gary,Ruiz,Doctor 42,2023-04-24
P0017,Jessica,Thomas,Doctor 16,2023-04-25
P0245,Angela,Stewart,Doctor 39,2023-04-25
P0301,Susan,Ramirez,Doctor 12,2023-04-25
P0347,Justin,Rogers,Doctor 5,2023-04-25
P0372,Justin,Campbell,Doctor 1,2023-04-25
P0459,Nancy,Chavez,Doctor 2,2023-04-25
P0473,Jessica,Parker,Doctor 25,2023-04-25
P0484,Edward,Parker,Doctor 38,2023-04-25
P0507,Sarah,Nguyen,Doctor 13,2023-04-25
P0619,Kathleen,Nelson,Doctor 16,2023-04-25
P0671,Jessica,Morgan,Doctor 14,2023-04-25
P0712,James,Bailey,Doctor 11,2023-04-25
P0831,Sarah,Perez,Doctor 30,2023-04-25
P0841,Thomas,Robinson,Doctor 26,2023-04-25
P0843,Kenneth,Kim,Doctor 15,2023-04-25
P0870,Alexander,Martinez,Doctor 25,2023-04-25
P0952,John,Morgan,Doctor 20,2023-04-25
P0971,Sharon,Morgan,Doctor 33,2023-04-25
P0985,Justin,Smith,Doctor 48,2023-04-25
P0995,Jacob,Bennett,Doctor 38,2023-04-25
P1073,Joseph,Diaz,Doctor 2,2023-04-25
P1109,Thomas,Thomas,Doctor 1,2023-04-25
P1243,Nancy,Campbell,Doctor 1,2023-04-25
P1320,Lisa,Williams,Doctor 48,2023-04-25
P1391,Virginia,Nguyen,Doctor 49,2023-04-25
P1576,Linda,Turner,Doctor 27,2023-04-25
P1648,Alexander,Wilson,Doctor 31,2023-04-25
P1720,Samuel,Rivera,Doctor 20,2023-04-25
P1902,Jason,Johnson,Doctor 49,2023-04-25
P2116,William,Kelly,Doctor 25,2023-04-25
P2177,Timothy,Hill,Doctor 7,2023-04-25
P2182,Gregory,Nelson,Doctor 38,2023-04-25
P2207,Karen,Smith,Doctor 16,2023-04-25
P2268,Nancy,Patel,Doctor 21,2023-04-25
P0046,Susan,Young,Doctor 11,2023-04-26
P0085,Anthony,Rodriguez,Doctor 45,2023-04-26
P0098,Cynthia,Smith,Doctor 48,2023-04-26
P0129,Melissa,Turner,Doctor 32,2023-04-26
P0149,Linda,Hernandez,Doctor 32,2023-04-26
P0197,George,Chavez,Doctor 13,2023-04-26
P0295,Linda,Young,Doctor 29,2023-04-26
P0298,Brandon,Evans,Doctor 10,2023-04-26
P0309,Deborah,Martinez,Doctor 27,2023-04-26
P0337,Kevin,Hernandez,Doctor 12,2023-04-26
P0357,Eric,Gutierrez,Doctor 25,2023-04-26
P0400,Brenda,Sanders,Doctor 44,2023-04-26
P0443,Anna,Johnson,Doctor 11,2023-04-26
P0497,Sharon,Reed,Doctor 22,2023-04-26
P0503,Shirley,Thomas,Doctor 48,2023-04-26
P0546,Robert,Phillips,Doctor 11,2023-04-26
P0701,Anna,Cooper,Doctor 39,2023-04-26
P0735,Cynthia,Stewart,Doctor 8,2023-04-26
P0745,Melissa,Clark,Doctor 22,2023-04-26
P0857,Richard,Martinez,Doctor 25,2023-04-26
P1040,Helen,Richardson,Doctor 25,2023-04-26
P1133,Karen,Ramos,Doctor 43,2023-04-26
P1149,Dorothy,Wood,Doctor 13,2023-04-26
P1166,Ruth,Reed,Doctor 13,2023-04-26
P1216,Andrew,Thompson,Doctor 42,2023-04-26
P1331,Daniel,Gomez,Doctor 45,2023-04-26
P1377,Jonathan,Bennett,Doctor 46,2023-04-26
P1529,Nancy,Jones,Doctor 37,2023-04-26
P1537,Laura,Wilson,Doctor 45,2023-04-26
P1675,Nancy,Nguyen,Doctor 41,2023-04-26
P1759,Stephen,Ramirez,Doctor 42,2023-04-26
P1902,Jason,Johnson,Doctor 14,2023-04-26
P2045,Virginia,Diaz,Doctor 35,2023-04-26
P2052,Melissa,Robinson,Doctor 8,2023-04-26
P2218,Mary,Lee,Doctor 36,2023-04-26
P2235,James,Flores,Doctor 32,2023-04-26
P2247,Jason,Hernandez,Doctor 9,2023-04-26
P2281,Jeffrey,Ramirez,Doctor 22,2023-04-26
P2289,Benjamin,Lopez,Doctor 44,2023-04-26
P2296,Nancy,White,Doctor 16,2023-04-26
P0087,Ryan,Nguyen,Doctor 46,2023-04-27
P0098,Cynthia,Smith,Doctor 43,2023-04-27
P0306,Ryan,Thompson,Doctor 35,2023-04-27
P0349,Laura,Parker,Doctor 43,2023-04-27
P0446,Kevin,Lee,Doctor 46,2023-04-27
P0723,Shirley,Hill,Doctor 10,2023-04-27
P0732,Kenneth,Morris,Doctor 10,2023-04-27
P0737,Kimberly,Nguyen,Doctor 50,2023-04-27
P0758,Patrick,Ortiz,Doctor 12,2023-04-27
P0870,Alexander,Martinez,Doctor 25,2023-04-27
P0909,Ryan,Roberts,Doctor 6,2023-04-27
P1215,Amy,Morgan,Doctor 23,2023-04-27
P1239,Timothy,Brown,Doctor 48,2023-04-27
P1287,Elizabeth,White,Doctor 32,2023-04-27
P1369,Donna,Green,Doctor 33,2023-04-27
P1404,Dorothy,Diaz,Doctor 48,2023-04-27
P1414,Carol,Gutierrez,Doctor 27,2023-04-27
P1426,Rebecca,Harris,Doctor 29,2023-04-27
P1461,Angela,Ortiz,Doctor 49,2023-04-27
P1488,Ruth,James,Doctor 30,2023-04-27
P1618,Anthony,Kelly,Doctor 45,2023-04-27
P1687,Donna,Taylor,Doctor 5,2023-04-27
P1739,Aaron,Taylor,Doctor 22,2023-04-27
P1828,Matthew,Hernandez,Doctor 27,2023-04-27
P1854,Ronald,Collins,Doctor 47,2023-04-27
P1972,Charles,Walker,Doctor 32,2023-04-27
P2131,Helen,Rodriguez,Doctor 41,2023-04-27
P2168,Angela,Ramirez,Doctor 43,2023-04-27
P2215,Sarah,Gomez,Doctor 21,2023-04-27
P2277,Frank,Ramos,Doctor 20,2023-04-27
P2293,Elizabeth,King,Doctor 10,2023-04-27
P0022,Betty,Allen,Doctor 29,2023-04-28
P0041,Sarah,Morales,Doctor 41,2023-04-28
P0262,Jeffrey,Miller,Doctor 4,2023-04-28
P0403,Kevin,Campbell,Doctor 25,2023-04-28
P0431,Donna,Perez,Doctor 18,2023-04-28
P0441,Alexander,King,Doctor 14,2023-04-28
P0446,Kevin,Lee,Doctor 18,2023-04-28
P0465,Michelle,Young,Doctor 49,2023-04-28
P0590,Jeffrey,Rodriguez,Doctor 9,2023-04-28
P0762,Lisa,Thomas,Doctor 13,2023-04-28
P0841,Thomas,Robinson,Doctor 26,2023-04-28
P0956,Barbara,Chavez,Doctor 40,2023-04-28
P1025,Ruth,Adams,Doctor 43,2023-04-28
P1059,Eric,Reyes,Doctor 29,2023-04-28
P1270,Sandra,Allen,Doctor 29,2023-04-28
P1325,Mary,Alvarez,Doctor 41,2023-04-28
P1342,Kathleen,Baker,Doctor 42,2023-04-28
P1371,Thomas,Morris,Doctor 22,2023-04-28
P1465,Michelle,Chavez,Doctor 37,2023-04-28
P1698,James,Sanders,Doctor 12,2023-04-28
P1765,Eric,Clark,Doctor 11,2023-04-28
P2098,Betty,Sanders,Doctor 28,2023-04-28
P0082,Aaron,Adams,Doctor 46,2023-04-29
P0106,Steven,Ortiz,Doctor 5,2023-04-29
P0113,Sarah,Roberts,Doctor 49,2023-04-29
P0346,Michelle,Hill,Doctor 50,2023-04-29
P0389,Susan,Patel,Doctor 37,2023-04-29
P0406,Samuel,Hughes,Doctor 20,2023-04-29
P0457,Patricia,Ortiz,Doctor 44,2023-04-29
P0634,Michelle,Green,Doctor 18,2023-04-29
P0766,Deborah,Rivera,Doctor 31,2023-04-29
P0805,Anthony,Brown,Doctor 19,2023-04-29
P0821,Dennis,Ramos,Doctor 21,2023-04-29
P0831,Sarah,Perez,Doctor 30,2023-04-29
P0845,John,Ward,Doctor 47,2023-04-29
P0849,Michael,Diaz,Doctor 35,2023-04-29
P1091,Gregory,Bailey,Doctor 5,2023-04-29
P1206,Kevin,Ortiz,Doctor 49,2023-04-29
P1209,Jack,Patel,Doctor 45,2023-04-29
P1260,Stephen,Morris,Doctor 50,2023-04-29
P1269,Andrew,Smith,Doctor 47,2023-04-29
P1284,Larry,Castillo,Doctor 46,2023-04-29
P1448,Justin,Martin,Doctor 35,2023-04-29
P1481,Joseph,Adams,Doctor 13,2023-04-29
P1501,Angela,Carter,Doctor 7,2023-04-29
P1527,Anna,Cook,Doctor 40,2023-04-29
P1539,Brian,Jackson,Doctor 40,2023-04-29
P1651,Susan,Watson,Doctor 8,2023-04-29
P1777,Alexander,Morris,Doctor 20,2023-04-29
P1793,James,Moore,Doctor 5,2023-04-29
P1913,Jeffrey,Peterson,Doctor 41,2023-04-29
P1922,Jose,Green,Doctor 20,2023-04-29
P2103,Anthony,Hill,Doctor 1,2023-04-29
P2128,Michelle,Rodriguez,Doctor 36,2023-04-29
P0133,Linda,Ramos,Doctor 6,2023-04-30
P0173,Dorothy,Mitchell,Doctor 25,2023-04-30
P0241,Charles,White,Doctor 28,2023-04-30
P0265,Patricia,Gray,Doctor 31,2023-04-30
P0295,Linda,Young,Doctor 29,2023-04-30
P0389,Susan,Patel,Doctor 25,2023-04-30
P0419,Ruth,Carter,Doctor 45,2023-04-30
P0463,Dorothy,James,Doctor 17,2023-04-30
P0489,Jason,Cooper,Doctor 25,2023-04-30
P0570,Jacob,Mitchell,Doctor 34,2023-04-30
P0595,Linda,Watson,Doctor 5,2023-04-30
P0659,Jonathan,Peterson,Doctor 30,2023-04-30
P0809,Lisa,Chavez,Doctor 42,2023-04-30
P0809,Lisa,Chavez,Doctor 29,2023-04-30
P0852,Jose,Campbell,Doctor 17,2023-04-30
P0856,George,Flores,Doctor 44,2023-04-30
P0958,Alexander,Moore,Doctor 36,2023-04-30
P1023,Helen,Baker,Doctor 33,2023-04-30
P1086,Matthew,Gonzalez,Doctor 9,2023-04-30
P1221,Rebecca,Carter,Doctor 12,2023-04-30
P1254,Virginia,Evans,Doctor 1,2023-04-30
P1365,Deborah,Phillips,Doctor 32,2023-04-30
P1404,Dorothy,Diaz,Doctor 17,2023-04-30
P1452,Jerry,Cook,Doctor 34,2023-04-30
P1534,Daniel,Ortiz,Doctor 28,2023-04-30
P1595,Mark,Murphy,Doctor 36,2023-04-30
P1717,Betty,Price,Doctor 10,2023-04-30
P1763,Anthony,Taylor,Doctor 16,2023-04-30
P1775,Jennifer,Martinez,Doctor 2,2023-04-30
P1827,Michelle,Castillo,Doctor 37,2023-04-30
P1842,Frank,Brooks,Doctor 48,2023-04-30
P1909,Christopher,Bailey,Doctor 11,2023-04-30
P1967,Charles,Green,Doctor 36,2023-04-30
P2096,Jack,Martinez,Doctor 20,2023-04-30
P0116,Jacob,Torres,Doctor 27,2023-05-01
P0207,Karen,Parker,Doctor 22,2023-05-01
P0226,Dennis,Kelly,Doctor 30,2023-05-01
P0310,Robert,Myers,Doctor 30,2023-05-01
P0330,Shirley,Campbell,Doctor 21,2023-05-01
P0356,Aaron,Hill,Doctor 41,2023-05-01
P0400,Brenda,Sanders,Doctor 44,2023-05-01
P0566,Mark,Lee,Doctor 46,2023-05-01
P0643,Rebecca,Hall,Doctor 4,2023-05-01
P0668,Helen,Lopez,Doctor 43,2023-05-01
P0672,Charles,Nguyen,Doctor 45,2023-05-01
P0869,Amy,Hughes,Doctor 36,2023-05-01
P0948,Jessica,Ramirez,Doctor 24,2023-05-01
P0998,Kimberly,Mendoza,Doctor 3,2023-05-01
P0998,Kimberly,Mendoza,Doctor 1,2023-05-01
P1237,Nancy,Ward,Doctor 19,2023-05-01
P1306,Emma,Gray,Doctor 13,2023-05-01
P1334,Frank,Myers,Doctor 32,2023-05-01
P1394,Helen,Rogers,Doctor 26,2023-05-01
P1409,Benjamin,Allen,Doctor 12,2023-05-01
P1472,Nancy,Castillo,Doctor 20,2023-05-01
P1682,Anna,Nelson,Doctor 19,2023-05-01
P1712,Christopher,Green,Doctor 14,2023-05-01
P1836,Aaron,Allen,Doctor 8,2023-05-01
P1963,Donna,Harris,Doctor 23,2023-05-01
P2197,Donald,Wood,Doctor 35,2023-05-01
P2266,Alexander,Phillips,Doctor 20,2023-05-01
P0042,Susan,Williams,Doctor 30,2023-05-02
P0092,Lisa,Jones,Doctor 21,2023-05-02
P0182,George,Kelly,Doctor 39,2023-05-02
P0200,Ryan,Parker,Doctor 9,2023-05-02
P0273,Donald,Lewis,Doctor 9,2023-05-02
P0294,Barbara,Morgan,Doctor 22,2023-05-02
P0598,Michelle,Kim,Doctor 8,2023-05-02
P0699,Ruth,Brooks,Doctor 37,2023-05-02
P0795,Lisa,Price,Doctor 38,2023-05-02
P0813,Sandra,Brown,Doctor 25,2023-05-02
P0942,Eric,Scott,Doctor 12,2023-05-02
P0943,Thomas,Martinez,Doctor 17,2023-05-02
P0993,David,Myers,Doctor 30,2023-05-02
P1006,Jessica,Lee,Doctor 17,2023-05-02
P1010,Kevin,Harris,Doctor 36,2023-05-02
P1157,Anthony,Martin,Doctor 49,2023-05-02
P1171,Dennis,Peterson,Doctor 2,2023-05-02
P1455,Jack,King,Doctor 43,2023-05-02
P1488,Ruth,James,Doctor 30,2023-05-02
P1526,Sharon,Hall,Doctor 31,2023-05-02
P1548,Barbara,Lee,Doctor 23,2023-05-02
P1636,Aaron,Gomez,Doctor 13,2023-05-02
P1767,Dennis,Turner,Doctor 37,2023-05-02
P1794,Carol,Martin,Doctor 7,2023-05-02
P1818,Jessica,Alvarez,Doctor 20,2023-05-02
P1829,Dennis,Brooks,Doctor 5,2023-05-02
P1875,Jack,Sanchez,Doctor 35,2023-05-02
P1991,Patricia,Morales,Doctor 27,2023-05-02
P1996,Justin,Ward,Doctor 28,2023-05-02
P2184,Sarah,Phillips,Doctor 32,2023-05-02
P0005,Andrew,Morris,Doctor 42,2023-05-03
P0053,Deborah,Flores,Doctor 9,2023-05-03
P0129,Melissa,Turner,Doctor 14,2023-05-03
P0147,Elizabeth,Ward,Doctor 29,2023-05-03
P0201,Kathleen,Adams,Doctor 14,2023-05-03
P0245,Angela,Stewart,Doctor 39,2023-05-03
P0319,Sharon,Gonzalez,Doctor 25,2023-05-03
P0352,Sandra,Ward,Doctor 49,2023-05-03
P0439,Jeffrey,Edwards,Doctor 21,2023-05-03
P0670,Kevin,Kelly,Doctor 20,2023-05-03
P0822,Helen,Kelly,Doctor 27,2023-05-03
P0866,Mark,Thomas,Doctor 12,2023-05-03
P0961,Dennis,Diaz,Doctor 24,2023-05-03
P1148,Emma,Young,Doctor 20,2023-05-03
P1232,Anna,Williams,Doctor 48,2023-05-03
P1255,Dorothy,Sanders,Doctor 36,2023-05-03
P1337,Edward,Collins,Doctor 11,2023-05-03
P1381,Edward,Young,Doctor 10,2023-05-03
P1409,Benjamin,Allen,Doctor 8,2023-05-03
P1433,Cynthia,Mitchell,Doctor 7,2023-05-03
P1515,Mark,Smith,Doctor 22,2023-05-03
P1610,Ryan,Nelson,Doctor 34,2023-05-03
P1781,Nicholas,Carter,Doctor 42,2023-05-03
P1948,Betty,Perez,Doctor 13,2023-05-03
P2005,Jerry,Evans,Doctor 44,2023-05-03
P2035,Alexander,Ramirez,Doctor 38,2023-05-03
P2077,Carol,Perez,Doctor 32,2023-05-03
P2119,Brandon,Gutierrez,Doctor 10,2023-05-03
P2164,Gregory,White,Doctor 26,2023-05-03
P2203,Ruth,Morris,Doctor 14,2023-05-03
P2296,Nancy,White,Doctor 13,2023-05-03
P0049,Jerry,Reyes,Doctor 9,2023-05-04
P0071,Michelle,Rogers,Doctor 16,2023-05-04
P0093,Jonathan,Cruz,Doctor 30,2023-05-04
P0124,Kimberly,Sanchez,Doctor 38,2023-05-04
P0264,Patrick,Bennett,Doctor 38,2023-05-04
P0268,Sarah,Castillo,Doctor 2,2023-05-04
P0489,Jason,Cooper,Doctor 12,2023-05-04
P0530,Ruth,Garcia,Doctor 28,2023-05-04
P0545,Nicholas,Cooper,Doctor 46,2023-05-04
P0553,Donna,Morgan,Doctor 19,2023-05-04
P0612,Eric,Cook,Doctor 22,2023-05-04
P0783,Susan,Jones,Doctor 14,2023-05-04
P0804,Barbara,Myers,Doctor 13,2023-05-04
P1062,Melissa,Williams,Doctor 40,2023-05-04
P1188,Sandra,Ruiz,Doctor 7,2023-05-04
P1248,Jason,Cook,Doctor 30,2023-05-04
P1389,Barbara,Nguyen,Doctor 10,2023-05-04
P1449,Gary,Chavez,Doctor 48,2023-05-04
P1478,Ronald,Wilson,Doctor 20,2023-05-04
P1563,Barbara,Jackson,Doctor 5,2023-05-04
P1653,Anthony,Cruz,Doctor 30,2023-05-04
P1773,Eric,Sanchez,Doctor 4,2023-05-04
P1785,Robert,Young,Doctor 50,2023-05-04
P1859,Timothy,Hernandez,Doctor 28,2023-05-04
P1924,Laura,Smith,Doctor 5,2023-05-04
P2183,Frank,Peterson,Doctor 12,2023-05-04
P2212,Nicholas,Myers,Doctor 16,2023-05-04
P2242,Kathleen,Young,Doctor 49,2023-05-04
P2283,Kathleen,Rivera,Doctor 44,2023-05-04
P0152,Helen,Hughes,Doctor 41,2023-05-05
P0263,Patrick,Myers,Doctor 36,2023-05-05
P0264,Patrick,Bennett,Doctor 38,2023-05-05
P0278,Kathleen,Davis,Doctor 30,2023-05-05
P0291,Aaron,Price,Doctor 30,2023-05-05
P0311,Charles,Baker,Doctor 23,2023-05-05
P0314,Carol,Phillips,Doctor 6,2023-05-05
P0316,Michelle,Howard,Doctor 49,2023-05-05
P0388,Deborah,Johnson,Doctor 44,2023-05-05
P0426,Sharon,Watson,Doctor 16,2023-05-05
P0426,Sharon,Watson,Doctor 16,2023-05-05
P0503,Shirley,Thomas,Doctor 48,2023-05-05
P0505,Charles,Cook,Doctor 49,2023-05-05
P0654,Sandra,Sanchez,Doctor 43,2023-05-05
P0685,Linda,Evans,Doctor 45,2023-05-05
P0850,Mark,Torres,Doctor 33,2023-05-05
P0862,Donald,Murphy,Doctor 41,2023-05-05
P0903,Karen,Mitchell,Doctor 49,2023-05-05
P0941,Helen,Moore,Doctor 9,2023-05-05
P0949,Joseph,Johnson,Doctor 33,2023-05-05
P1088,Scott,Diaz,Doctor 11,2023-05-05
P1210,Rebecca,Richardson,Doctor 13,2023-05-05
P1424,Susan,Phillips,Doctor 8,2023-05-05
P1510,Ruth,Clark,Doctor 4,2023-05-05
P1580,David,Campbell,Doctor 26,2023-05-05
P1666,William,Adams,Doctor 35,2023-05-05
P1691,Nicholas,Roberts,Doctor 18,2023-05-05
P1703,Sandra,Hall,Doctor 34,2023-05-05
P1752,Nancy,Bennett,Doctor 27,2023-05-05
P1877,Barbara,Morales,Doctor 15,2023-05-05
P1915,Steven,Reed,Doctor 3,2023-05-05
P1921,Robert,Ramirez,Doctor 41,2023-05-05
P1921,Robert,Ramirez,Doctor 41,2023-05-05
P2043,Deborah,Sanchez,Doctor 16,2023-05-05
P2072,Amy,Allen,Doctor 18,2023-05-05
P2109,Betty,Davis,Doctor 8,2023-05-05
P2183,Frank,Peterson,Doctor 12,2023-05-05
P2253,Andrew,Lee,Doctor 22,2023-05-05
P0145,Deborah,Morales,Doctor 18,2023-05-06
P0146,Jacob,Morris,Doctor 31,2023-05-06
P0275,Barbara,Hernandez,Doctor 35,2023-05-06
P0326,Donald,Perez,Doctor 18,2023-05-06
P0388,Deborah,Johnson,Doctor 46,2023-05-06
P0399,Gregory,Bennett,Doctor 11,2023-05-06
P0530,Ruth,Garcia,Doctor 30,2023-05-06
P0606,Kimberly,Ramirez,Doctor 3,2023-05-06
P0613,Stephen,Martinez,Doctor 15,2023-05-06
P0624,Lisa,Gutierrez,Doctor 22,2023-05-06
P0647,Michelle,Cruz,Doctor 40,2023-05-06
P0734,John,Thomas,Doctor 48,2023-05-06
P0855,Donna,Adams,Doctor 9,2023-05-06
P0967,Alexander,Chavez,Doctor 40,2023-05-06
P1108,Sarah,Wilson,Doctor 15,2023-05-06
P1122,Scott,Wood,Doctor 25,2023-05-06
P1179,Justin,White,Doctor 14,2023-05-06
P1356,Joshua,Cox,Doctor 16,2023-05-06
P1394,Helen,Rogers,Doctor 4,2023-05-06
P1641,Donna,Miller,Doctor 30,2023-05-06
P1818,Jessica,Alvarez,Doctor 20,2023-05-06
P1889,Jennifer,Hill,Doctor 28,2023-05-06
P2003,Amy,Ortiz,Doctor 40,2023-05-06
P2089,Emma,Parker,Doctor 6,2023-05-06
P2270,Helen,Flores,Doctor 7,2023-05-06
P0012,Gregory,Ramos,Doctor 36,2023-05-07
P0018,Daniel,Castillo,Doctor 29,2023-05-07
P0029,Patrick,Peterson,Doctor 7,2023-05-07
P0120,Virginia,Rodriguez,Doctor 36,2023-05-07
P0355,Brandon,Cox,Doctor 4,2023-05-07
P0386,Sharon,Wright,Doctor 50,2023-05-07
P0502,Gregory,Nguyen,Doctor 3,2023-05-07
P0657,Linda,Miller,Doctor 17,2023-05-07
P0669,Melissa,Mitchell,Doctor 27,2023-05-07
P0875,Melissa,Johnson,Doctor 47,2023-05-07
P1001,Robert,Lopez,Doctor 14,2023-05-07
P1141,Donald,Brooks,Doctor 24,2023-05-07
P1153,Gregory,Hill,Doctor 10,2023-05-07
P1166,Ruth,Reed,Doctor 41,2023-05-07
P1185,Donna,Robinson,Doctor 23,2023-05-07
P1425,Brenda,Jones,Doctor 1,2023-05-07
P1444,Ronald,Smith,Doctor 28,2023-05-07
P1533,Christopher,Sanders,Doctor 45,2023-05-07
P1573,Eric,Robinson,Doctor 11,2023-05-07
P1628,Barbara,Cooper,Doctor 19,2023-05-07
P1673,Cynthia,Castillo,Doctor 42,2023-05-07
P1710,Ryan,Cook,Doctor 27,2023-05-07
P1730,Kathleen,Sanders,Doctor 40,2023-05-07
P1810,Helen,Gray,Doctor 44,2023-05-07
P1912,Daniel,Morris,Doctor 7,2023-05-07
P1957,Nicholas,Lee,Doctor 10,2023-05-07
P1963,Donna,Harris,Doctor 5,2023-05-07
P1968,Betty,Martinez,Doctor 22,2023-05-07
P2017,Laura,Price,Doctor 16,2023-05-07
P2057,Benjamin,Campbell,Doctor 41,2023-05-07
P2069,Andrew,Mitchell,Doctor 13,2023-05-07
P2130,John,Rogers,Doctor 49,2023-05-07
P2179,Tyler,Young,Doctor 35,2023-05-07
P0033,Susan,Mitchell,Doctor 7,2023-05-08
P0097,Benjamin,Diaz,Doctor 8,2023-05-08
P0141,Virginia,Murphy,Doctor 35,2023-05-08
P0226,Dennis,Kelly,Doctor 12,2023-05-08
P0259,Frank,Taylor,Doctor 17,2023-05-08
P0271,Sandra,Brooks,Doctor 20,2023-05-08
P0320,Sarah,Thomas,Doctor 33,2023-05-08
P0447,Tyler,Collins,Doctor 44,2023-05-08
P0478,Alexander,Bailey,Doctor 23,2023-05-08
P0595,Linda,Watson,Doctor 5,2023-05-08
P0602,Daniel,Moore,Doctor 9,2023-05-08
P0680,Melissa,Scott,Doctor 6,2023-05-08
P0826,Thomas,Bailey,Doctor 19,2023-05-08
P0865,Brian,Anderson,Doctor 6,2023-05-08
P0936,Sharon,Bailey,Doctor 13,2023-05-08
P1044,Jonathan,Ramirez,Doctor 34,2023-05-08
P1110,Daniel,Davis,Doctor 44,2023-05-08
P1213,Laura,Allen,Doctor 8,2023-05-08
P1246,Jeffrey,Jackson,Doctor 40,2023-05-08
P1317,Steven,Flores,Doctor 7,2023-05-08
P1451,Carol,Johnson,Doctor 15,2023-05-08
P1454,Carol,Peterson,Doctor 30,2023-05-08
P1458,Robert,Rodriguez,Doctor 21,2023-05-08
P1592,Amy,Rivera,Doctor 43,2023-05-08
P1595,Mark,Murphy,Doctor 3,2023-05-08
P1638,Kenneth,Rogers,Doctor 30,2023-05-08
P1640,Mark,Kelly,Doctor 21,2023-05-08
P1730,Kathleen,Sanders,Doctor 40,2023-05-08
P1757,Dennis,Bennett,Doctor 50,2023-05-08
P1821,Brenda,Roberts,Doctor 33,2023-05-08
P2058,Laura,Hall,Doctor 35,2023-05-08
P2082,Steven,King,Doctor 36,2023-05-08
P2299,Tyler,Hill,Doctor 38,2023-05-08
P0170,Gregory,Jones,Doctor 18,2023-05-09
P0229,Lisa,Ramos,Doctor 39,2023-05-09
P0306,Ryan,Thompson,Doctor 35,2023-05-09
P0369,Gary,Castillo,Doctor 23,2023-05-09
P0398,Nicholas,Diaz,Doctor 2,2023-05-09
P0539,Joseph,Allen,Doctor 26,2023-05-09
P0547,Ruth,Kim,Doctor 15,2023-05-09
P0758,Patrick,Ortiz,Doctor 48,2023-05-09
P0825,David,Reyes,Doctor 22,2023-05-09
P1046,Charles,Diaz,Doctor 42,2023-05-09
P1084,Jessica,Bennett,Doctor 27,2023-05-09
P1090,Charles,Carter,Doctor 18,2023-05-09
P1140,Brenda,Lopez,Doctor 40,2023-05-09
P1157,Anthony,Martin,Doctor 49,2023-05-09
P1168,Sharon,Clark,Doctor 4,2023-05-09
P1272,Joseph,Sanchez,Doctor 21,2023-05-09
P1296,Donna,King,Doctor 22,2023-05-09
P1319,Justin,Thomas,Doctor 8,2023-05-09
P1501,Angela,Carter,Doctor 41,2023-05-09
P1531,Thomas,Rogers,Doctor 2,2023-05-09
P1569,William,Edwards,Doctor 39,2023-05-09
P1613,Edward,Morris,Doctor 38,2023-05-09
P1672,Nancy,Wood,Doctor 46,2023-05-09
P1765,Eric,Clark,Doctor 27,2023-05-09
P1795,Jennifer,Gonzalez,Doctor 46,2023-05-09
P1928,Joseph,Thompson,Doctor 10,2023-05-09
P1967,Charles,Green,Doctor 5,2023-05-09
P1986,Jack,Wilson,Doctor 15,2023-05-09
P2044,Jeffrey,James,Doctor 28,2023-05-09
P2110,Anna,Lopez,Doctor 8,2023-05-09
P2125,Nicholas,Howard,Doctor 34,2023-05-09
P2265,Edward,Allen,Doctor 13,2023-05-09
P2291,Carol,Sanders,Doctor 39,2023-05-09
P0005,Andrew,Morris,Doctor 42,2023-05-10
P0365,Kenneth,Ramos,Doctor 39,2023-05-10
P0366,Brenda,Wood,Doctor 10,2023-05-10
P0424,Jacob,Jones,Doctor 32,2023-05-10
P0432,Jeffrey,Ward,Doctor 43,2023-05-10
P0572,Linda,Jackson,Doctor 27,2023-05-10
P0664,Nancy,King,Doctor 7,2023-05-10
P0712,James,Bailey,Doctor 11,2023-05-10
P0816,William,Hall,Doctor 47,2023-05-10
P1070,Michael,Ortiz,Doctor 11,2023-05-10
P1086,Matthew,Gonzalez,Doctor 44,2023-05-10
P1107,Brenda,Kim,Doctor 35,2023-05-10
P1212,Nancy,Davis,Doctor 26,2023-05-10
P1396,Jose,Stewart,Doctor 35,2023-05-10
P1400,Michelle,Sanders,Doctor 12,2023-05-10
P1483,Mark,Myers,Doctor 33,2023-05-10
P1540,Jonathan,Gonzalez,Doctor 25,2023-05-10
P1591,Rebecca,Robinson,Doctor 45,2023-05-10
P1625,Ryan,Richardson,Doctor 9,2023-05-10
P1627,Thomas,Howard,Doctor 14,2023-05-10
P1660,Nancy,Gonzalez,Doctor 41,2023-05-10
P1672,Nancy,Wood,Doctor 46,2023-05-10
P1678,Betty,Brooks,Doctor 49,2023-05-10
P1797,Karen,Watson,Doctor 3,2023-05-10
P1831,Betty,Kelly,Doctor 42,2023-05-10
P1894,Kimberly,Myers,Doctor 19,2023-05-10
P2017,Laura,Price,Doctor 50,2023-05-10
P2033,Edward,Flores,Doctor 31,2023-05-10
P2236,Nancy,Alvarez,Doctor 7,2023-05-10
P2260,Carol,King,Doctor 6,2023-05-10
P2262,Melissa,Phillips,Doctor 31,2023-05-10
P0492,Susan,Davis,Doctor 35,2023-05-11
P0549,Amy,Gonzalez,Doctor 17,2023-05-11
P0621,Elizabeth,Robinson,Doctor 28,2023-05-11
P0698,Steven,Richardson,Doctor 32,2023-05-11
P0769,Benjamin,Carter,Doctor 17,2023-05-11
P0899,Jessica,King,Doctor 5,2023-05-11
P1003,Stephen,Gutierrez,Doctor 28,2023-05-11
P1010,Kevin,Harris,Doctor 17,2023-05-11
P1107,Brenda,Kim,Doctor 35,2023-05-11
P1152,George,Gomez,Doctor 34,2023-05-11
P1152,George,Gomez,Doctor 34,2023-05-11
P1262,Sharon,Brown,Doctor 49,2023-05-11
P1373,Andrew,Sanders,Doctor 3,2023-05-11
P1428,Ruth,Price,Doctor 9,2023-05-11
P1568,Eric,Brooks,Doctor 14,2023-05-11
P1570,Karen,Nelson,Doctor 16,2023-05-11
P1776,Karen,Young,Doctor 21,2023-05-11
P1786,Raymond,Howard,Doctor 2,2023-05-11
P1913,Jeffrey,Peterson,Doctor 41,2023-05-11
P1930,Melissa,Rodriguez,Doctor 4,2023-05-11
P1959,Robert,Rivera,Doctor 9,2023-05-11
P2038,Ronald,Morales,Doctor 41,2023-05-11
P2078,Linda,Nguyen,Doctor 49,2023-05-11
P2159,Anna,Rodriguez,Doctor 19,2023-05-11
P2256,Jerry,Thomas,Doctor 9,2023-05-11
P0004,Susan,White,Doctor 33,2023-05-12
P0045,Steven,Johnson,Doctor 39,2023-05-12
P0156,Edward,Gomez,Doctor 50,2023-05-12
P0185,Michelle,Reyes,Doctor 7,2023-05-12
P0318,Ruth,Green,Doctor 45,2023-05-12
P0389,Susan,Patel,Doctor 49,2023-05-12
P0404,Jeffrey,Alvarez,Doctor 14,2023-05-12
P0508,Steven,Phillips,Doctor 48,2023-05-12
P0619,Kathleen,Nelson,Doctor 42,2023-05-12
P0639,Elizabeth,Ramos,Doctor 15,2023-05-12
P0655,Dorothy,Rogers,Doctor 13,2023-05-12
P0711,Aaron,Jackson,Doctor 28,2023-05-12
P0742,Ronald,Walker,Doctor 16,2023-05-12
P0754,Deborah,Kelly,Doctor 39,2023-05-12
P0824,Justin,Evans,Doctor 38,2023-05-12
P1005,Laura,Sanchez,Doctor 23,2023-05-12
P1023,Helen,Baker,Doctor 33,2023-05-12
P1024,Sharon,Jackson,Doctor 13,2023-05-12
P1094,Stephen,James,Doctor 32,2023-05-12
P1104,Cynthia,Garcia,Doctor 18,2023-05-12
P1150,Melissa,Richardson,Doctor 15,2023-05-12
P1504,Melissa,Jackson,Doctor 12,2023-05-12
P1737,Samuel,Moore,Doctor 7,2023-05-12
P1793,James,Moore,Doctor 5,2023-05-12
P1833,Barbara,Brown,Doctor 3,2023-05-12
P1836,Aaron,Allen,Doctor 8,2023-05-12
P1904,Christopher,Davis,Doctor 45,2023-05-12
P1919,Rebecca,Green,Doctor 4,2023-05-12
P2008,Amy,Baker,Doctor 5,2023-05-12
P2023,Lisa,Hernandez,Doctor 16,2023-05-12
P2029,Shirley,Davis,Doctor 30,2023-05-12
P2125,Nicholas,Howard,Doctor 34,2023-05-12
P2165,Sharon,Young,Doctor 43,2023-05-12
P2302,Sarah,Allen,Doctor 8,2023-05-12
P0046,Susan,Young,Doctor 43,2023-05-13
P0401,Larry,Kelly,Doctor 10,2023-05-13
P0445,Jessica,Gomez,Doctor 33,2023-05-13
P0478,Alexander,Bailey,Doctor 37,2023-05-13
P0513,Donna,Myers,Doctor 47,2023-05-13
P0562,Samuel,Jackson,Doctor 10,2023-05-13
P0599,David,Cox,Doctor 48,2023-05-13
P0651,Virginia,Brooks,Doctor 47,2023-05-13
P0686,Andrew,Price,Doctor 7,2023-05-13
P0763,Jose,Hughes,Doctor 28,2023-05-13
P0966,Kimberly,Hughes,Doctor 26,2023-05-13
P1117,Angela,Wright,Doctor 19,2023-05-13
P1378,Karen,Lee,Doctor 32,2023-05-13
P1408,Nancy,Martin,Doctor 50,2023-05-13
P1435,Sarah,Myers,Doctor 31,2023-05-13
P1500,Carol,Gonzalez,Doctor 14,2023-05-13
P1546,Sarah,Cook,Doctor 9,2023-05-13
P1870,Jessica,Cox,Doctor 24,2023-05-13
P1881,Edward,Mitchell,Doctor 37,2023-05-13
P1901,Patricia,Morgan,Doctor 29,2023-05-13
P2098,Betty,Sanders,Doctor 28,2023-05-13
P2169,George,Ramos,Doctor 4,2023-05-13
P2251,Shirley,Jackson,Doctor 31,2023-05-13
P0115,Kathleen,Perez,Doctor 25,2023-05-14
P0202,Amy,Martinez,Doctor 32,2023-05-14
P0220,Kevin,Cruz,Doctor 46,2023-05-14
P0255,Jennifer,Clark,Doctor 45,2023-05-14
P0276,Patrick,Clark,Doctor 44,2023-05-14
P0427,Gary,Brooks,Doctor 43,2023-05-14
P0457,Patricia,Ortiz,Doctor 44,2023-05-14
P0467,Gregory,Howard,Doctor 42,2023-05-14
P0490,Donald,Patel,Doctor 4,2023-05-14
P0497,Sharon,Reed,Doctor 50,2023-05-14
P0588,David,Patel,Doctor 23,2023-05-14
P0680,Melissa,Scott,Doctor 14,2023-05-14
P0742,Ronald,Walker,Doctor 35,2023-05-14
P0750,Ruth,Chavez,Doctor 18,2023-05-14
P0752,Brian,Diaz,Doctor 15,2023-05-14
P0761,Ruth,Rogers,Doctor 33,2023-05-14
P0767,Barbara,White,Doctor 17,2023-05-14
P0885,Mark,Rodriguez,Doctor 7,2023-05-14
P0952,John,Morgan,Doctor 14,2023-05-14
P1026,Amy,Howard,Doctor 35,2023-05-14
P1149,Dorothy,Wood,Doctor 48,2023-05-14
P1178,Ruth,Taylor,Doctor 44,2023-05-14
P1182,Betty,Harris,Doctor 29,2023-05-14
P1296,Donna,King,Doctor 22,2023-05-14
P1331,Daniel,Gomez,Doctor 29,2023-05-14
P1341,Sharon,Baker,Doctor 31,2023-05-14
P1394,Helen,Rogers,Doctor 26,2023-05-14
P1421,Thomas,Gutierrez,Doctor 19,2023-05-14
P1497,Edward,Price,Doctor 18,2023-05-14
P1507,Donna,Campbell,Doctor 12,2023-05-14
P1757,Dennis,Bennett,Doctor 22,2023-05-14
P1771,Melissa,Peterson,Doctor 2,2023-05-14
P1796,Carol,Sanchez,Doctor 50,2023-05-14
P1802,Samuel,Collins,Doctor 10,2023-05-14
P1864,Richard,Martin,Doctor 33,2023-05-14
P1888,Jeffrey,Thomas,Doctor 16,2023-05-14
P2123,Jessica,Watson,Doctor 46,2023-05-14
P2140,Charles,Morgan,Doctor 32,2023-05-14
P2185,Jason,Ward,Doctor 2,2023-05-14
P2279,Susan,Lewis,Doctor 37,2023-05-14
P0046,Susan,Young,Doctor 43,2023-05-15
P0208,Mary,Sanders,Doctor 3,2023-05-15
P0323,Anthony,Phillips,Doctor 40,2023-05-15
P0326,Donald,Perez,Doctor 18,2023-05-15
P0331,Carol,Cook,Doctor 29,2023-05-15
P0373,Lisa,Morgan,Doctor 7,2023-05-15
P0494,Mark,Collins,Doctor 31,2023-05-15
P0503,Shirley,Thomas,Doctor 9,2023-05-15
P0512,Christopher,Edwards,Doctor 39,2023-05-15
P0587,Steven,Cooper,Doctor 31,2023-05-15
P0600,Betty,Reyes,Doctor 44,2023-05-15
P0620,Dennis,Martin,Doctor 45,2023-05-15
P0776,Jack,Garcia,Doctor 49,2023-05-15
P0910,Jose,Nguyen,Doctor 22,2023-05-15
P0931,Mary,Martin,Doctor 37,2023-05-15
P0964,Karen,Rodriguez,Doctor 46,2023-05-15
P1205,Amy,Patel,Doctor 3,2023-05-15
P1215,Amy,Morgan,Doctor 23,2023-05-15
P1244,Cynthia,Clark,Doctor 29,2023-05-15
P1427,Nancy,Nelson,Doctor 38,2023-05-15
P1531,Thomas,Rogers,Doctor 46,2023-05-15
P1532,Sarah,Torres,Doctor 4,2023-05-15
P1588,Stephen,Wood,Doctor 21,2023-05-15
P1603,Donna,Murphy,Doctor 25,2023-05-15
P1608,Tyler,Lewis,Doctor 10,2023-05-15
P1635,Raymond,Carter,Doctor 9,2023-05-15
P1744,Anna,Thompson,Doctor 30,2023-05-15
P1862,Helen,Scott,Doctor 46,2023-05-15
P2023,Lisa,Hernandez,Doctor 16,2023-05-15
P2046,Gary,Phillips,Doctor 36,2023-05-15
P2063,Ryan,Wilson,Doctor 50,2023-05-15
P2113,Angela,Adams,Doctor 29,2023-05-15
P2127,Jose,Martinez,Doctor 33,2023-05-15
P2173,Benjamin,Flores,Doctor 5,2023-05-15
P2180,Jeffrey,Ruiz,Doctor 7,2023-05-15
P2218,Mary,Lee,Doctor 36,2023-05-15
P0110,Deborah,Howard,Doctor 28,2023-05-16
P0144,Melissa,Alvarez,Doctor 47,2023-05-16
P0238,Gary,Price,Doctor 3,2023-05-16
P0252,Karen,Turner,Doctor 49,2023-05-16
P0346,Michelle,Hill,Doctor 28,2023-05-16
P0353,Laura,Cox,Doctor 22,2023-05-16
P0501,Elizabeth,Green,Doctor 16,2023-05-16
P0690,Donna,Phillips,Doctor 15,2023-05-16
P0714,Samuel,Ruiz,Doctor 12,2023-05-16
P0767,Barbara,White,Doctor 23,2023-05-16
P0812,Brenda,Clark,Doctor 49,2023-05-16
P0813,Sandra,Brown,Doctor 46,2023-05-16
P0913,Steven,Davis,Doctor 41,2023-05-16
P0932,Susan,Hernandez,Doctor 3,2023-05-16
P1079,Patrick,Adams,Doctor 17,2023-05-16
P1183,Sandra,Patel,Doctor 20,2023-05-16
P1186,Sharon,Gray,Doctor 4,2023-05-16
P1412,Kathleen,Hall,Doctor 17,2023-05-16
P1430,Jeffrey,Watson,Doctor 19,2023-05-16
P1471,Jacob,Nelson,Doctor 3,2023-05-16
P1493,Christopher,James,Doctor 14,2023-05-16
P1497,Edward,Price,Doctor 39,2023-05-16
P1512,Joshua,Lopez,Doctor 50,2023-05-16
P1551,Steven,Lopez,Doctor 1,2023-05-16
P1567,Stephen,Edwards,Doctor 39,2023-05-16
P1645,Andrew,Garcia,Doctor 29,2023-05-16
P1661,Emma,Ramirez,Doctor 10,2023-05-16
P1699,Edward,Howard,Doctor 4,2023-05-16
P1761,Mark,Bailey,Doctor 50,2023-05-16
P1945,Andrew,Jones,Doctor 50,2023-05-16
P1972,Charles,Walker,Doctor 24,2023-05-16
P1978,Helen,Wright,Doctor 10,2023-05-16
P1982,Ronald,Wood,Doctor 21,2023-05-16
P2001,Tyler,Morris,Doctor 26,2023-05-16
P2046,Gary,Phillips,Doctor 9,2023-05-16
P2185,Jason,Ward,Doctor 36,2023-05-16
P2286,Elizabeth,Ruiz,Doctor 7,2023-05-16
P2295,Emma,Cook,Doctor 32,2023-05-16
P0108,Kimberly,Gonzalez,Doctor 15,2023-05-17
P0110,Deborah,Howard,Doctor 28,2023-05-17
P0116,Jacob,Torres,Doctor 39,2023-05-17
P0131,Jeffrey,Perez,Doctor 28,2023-05-17
P0213,Aaron,Clark,Doctor 12,2023-05-17
P0276,Patrick,Clark,Doctor 13,2023-05-17
P0284,Tyler,Sanders,Doctor 10,2023-05-17
P0327,Anna,King,Doctor 33,2023-05-17
P0337,Kevin,Hernandez,Doctor 12,2023-05-17
P0362,Helen,Sanders,Doctor 13,2023-05-17
P0474,Jose,Ramirez,Doctor 44,2023-05-17
P0502,Gregory,Nguyen,Doctor 34,2023-05-17
P0506,Joshua,Castillo,Doctor 48,2023-05-17
P0545,Nicholas,Cooper,Doctor 31,2023-05-17
P0584,Angela,Anderson,Doctor 12,2023-05-17
P0591,Linda,Howard,Doctor 46,2023-05-17
P0755,Nicholas,Alvarez,Doctor 6,2023-05-17
P0756,Jessica,Campbell,Doctor 8,2023-05-17
P0954,Linda,Gray,Doctor 1,2023-05-17
P0965,Michelle,Turner,Doctor 31,2023-05-17
P0985,Justin,Smith,Doctor 5,2023-05-17
P1001,Robert,Lopez,Doctor 48,2023-05-17
P1039,Virginia,Kelly,Doctor 46,2023-05-17
P1054,Kimberly,Allen,Doctor 48,2023-05-17
P1083,Emma,Stewart,Doctor 27,2023-05-17
P1084,Jessica,Bennett,Doctor 22,2023-05-17
P1119,Joseph,Martin,Doctor 30,2023-05-17
P1175,Sarah,Green,Doctor 46,2023-05-17
P1211,Donna,Stewart,Doctor 50,2023-05-17
P1252,Donald,Nguyen,Doctor 27,2023-05-17
P1255,Dorothy,Sanders,Doctor 36,2023-05-17
P1300,Shirley,Cook,Doctor 6,2023-05-17
P1304,Daniel,Adams,Doctor 5,2023-05-17
P1398,Robert,Rogers,Doctor 6,2023-05-17
P1421,Thomas,Gutierrez,Doctor 9,2023-05-17
P1469,Elizabeth,Harris,Doctor 16,2023-05-17
P1505,Mark,Morgan,Doctor 49,2023-05-17
P1646,Susan,Lopez,Doctor 42,2023-05-17
P1772,Edward,Gonzalez,Doctor 45,2023-05-17
P1872,Kevin,Hill,Doctor 13,2023-05-17
P1978,Helen,Wright,Doctor 10,2023-05-17
P2049,Linda,Alvarez,Doctor 30,2023-05-17
P2109,Betty,Davis,Doctor 24,2023-05-17
P2134,Anthony,Rogers,Doctor 21,2023-05-17
P2204,Sharon,Ortiz,Doctor 40,2023-05-17
P2237,Kenneth,Castillo,Doctor 15,2023-05-17
P0092,Lisa,Jones,Doctor 28,2023-05-18
P0108,Kimberly,Gonzalez,Doctor 2,2023-05-18
P0116,Jacob,Torres,Doctor 39,2023-05-18
P0198,Shirley,Moore,Doctor 38,2023-05-18
P0242,Sharon,Harris,Doctor 29,2023-05-18
P0288,Gary,Ward,Doctor 36,2023-05-18
P0339,Jessica,Morales,Doctor 10,2023-05-18
P0493,Joseph,Stewart,Doctor 46,2023-05-18
P0522,Stephen,Cox,Doctor 15,2023-05-18
P0614,Ronald,Torres,Doctor 31,2023-05-18
P0656,Robert,Williams,Doctor 30,2023-05-18
P0674,Benjamin,Collins,Doctor 46,2023-05-18
P0693,Sandra,Jackson,Doctor 9,2023-05-18
P0793,Linda,Gonzalez,Doctor 14,2023-05-18
P0972,Virginia,Ruiz,Doctor 21,2023-05-18
P0988,Andrew,Nguyen,Doctor 23,2023-05-18
P1015,Edward,Brown,Doctor 13,2023-05-18
P1037,Betty,Murphy,Doctor 6,2023-05-18
P1061,Tyler,Stewart,Doctor 20,2023-05-18
P1154,Dennis,Lee,Doctor 42,2023-05-18
P1469,Elizabeth,Harris,Doctor 28,2023-05-18
P1500,Carol,Gonzalez,Doctor 50,2023-05-18
P1623,Justin,Robinson,Doctor 17,2023-05-18
P1750,Angela,Torres,Doctor 17,2023-05-18
P1799,Dorothy,Watson,Doctor 33,2023-05-18
P1849,Jose,Kim,Doctor 25,2023-05-18
P2025,Jennifer,Ortiz,Doctor 25,2023-05-18
P2075,Kevin,Smith,Doctor 14,2023-05-18
P2272,Helen,Gonzalez,Doctor 6,2023-05-18
P0058,Kimberly,Green,Doctor 31,2023-05-19
P0121,Anna,Richardson,Doctor 5,2023-05-19
P0260,Nancy,Roberts,Doctor 6,2023-05-19
P0396,Donald,Smith,Doctor 10,2023-05-19
P0433,William,Martinez,Doctor 14,2023-05-19
P0502,Gregory,Nguyen,Doctor 34,2023-05-19
P0538,Jerry,Lewis,Doctor 31,2023-05-19
P0591,Linda,Howard,Doctor 11,2023-05-19
P0737,Kimberly,Nguyen,Doctor 50,2023-05-19
P0744,Michael,Scott,Doctor 1,2023-05-19
P0769,Benjamin,Carter,Doctor 20,2023-05-19
P0796,Timothy,Campbell,Doctor 27,2023-05-19
P0805,Anthony,Brown,Doctor 20,2023-05-19
P0935,Donald,James,Doctor 45,2023-05-19
P0967,Alexander,Chavez,Doctor 40,2023-05-19
P1130,Sarah,Hughes,Doctor 50,2023-05-19
P1158,Rebecca,Murphy,Doctor 3,2023-05-19
P1162,Jason,James,Doctor 37,2023-05-19
P1294,Rebecca,Lewis,Doctor 40,2023-05-19
P1385,Rebecca,Martinez,Doctor 40,2023-05-19
P1422,Angela,Collins,Doctor 28,2023-05-19
P1567,Stephen,Edwards,Doctor 26,2023-05-19
P1592,Amy,Rivera,Doctor 43,2023-05-19
P1806,Nancy,Diaz,Doctor 14,2023-05-19
P1827,Michelle,Castillo,Doctor 37,2023-05-19
P1843,Christopher,Cruz,Doctor 14,2023-05-19
P1949,Sarah,Stewart,Doctor 13,2023-05-19
P1968,Betty,Martinez,Doctor 22,2023-05-19
P2053,Mark,Miller,Doctor 28,2023-05-19
P2206,Kenneth,Lewis,Doctor 32,2023-05-19
P2220,Aaron,Bennett,Doctor 40,2023-05-19
P2249,Robert,Lee,Doctor 44,2023-05-19
P2276,Alexander,Anderson,Doctor 9,2023-05-19
P0037,Virginia,Ramirez,Doctor 45,2023-05-20
P0055,Samuel,Peterson,Doctor 22,2023-05-20
P0074,Christopher,Brooks,Doctor 50,2023-05-20
P0128,Larry,Reyes,Doctor 14,2023-05-20
P0192,Donna,Walker,Doctor 37,2023-05-20
P0336,Laura,Rivera,Doctor 26,2023-05-20
P0455,Raymond,Brown,Doctor 31,2023-05-20
P0618,Ruth,Howard,Doctor 14,2023-05-20
P0653,Thomas,Price,Doctor 27,2023-05-20
P0961,Dennis,Diaz,Doctor 24,2023-05-20
P0984,Anna,Hill,Doctor 17,2023-05-20
P1029,Patricia,Wood,Doctor 5,2023-05-20
P1113,Helen,Brown,Doctor 34,2023-05-20
P1139,Karen,Brown,Doctor 49,2023-05-20
P1204,Deborah,Wilson,Doctor 22,2023-05-20
P1226,Sarah,Howard,Doctor 24,2023-05-20
P1420,Helen,Lewis,Doctor 31,2023-05-20
P1433,Cynthia,Mitchell,Doctor 7,2023-05-20
P1531,Thomas,Rogers,Doctor 46,2023-05-20
P1560,Daniel,Ramirez,Doctor 32,2023-05-20
P1666,William,Adams,Doctor 35,2023-05-20
P1680,Tyler,King,Doctor 29,2023-05-20
P1681,Mary,Nelson,Doctor 12,2023-05-20
P1739,Aaron,Taylor,Doctor 27,2023-05-20
P1800,Joseph,Hill,Doctor 5,2023-05-20
P1891,Carol,Hernandez,Doctor 20,2023-05-20
P2039,Jonathan,Diaz,Doctor 3,2023-05-20
P2105,John,Wright,Doctor 28,2023-05-20
P2289,Benjamin,Lopez,Doctor 17,2023-05-20
P0088,Raymond,Cruz,Doctor 40,2023-05-21
P0234,Stephen,Brown,Doctor 34,2023-05-21
P0241,Charles,White,Doctor 28,2023-05-21
P0360,Charles,Taylor,Doctor 45,2023-05-21
P0382,Cynthia,Watson,Doctor 43,2023-05-21
P0622,Jessica,Adams,Doctor 23,2023-05-21
P0663,Joseph,Green,Doctor 13,2023-05-21
P0663,Joseph,Green,Doctor 13,2023-05-21
P0687,Jack,Miller,Doctor 41,2023-05-21
P0738,Charles,Jackson,Doctor 48,2023-05-21
P0791,Deborah,Gomez,Doctor 20,2023-05-21
P0850,Mark,Torres,Doctor 12,2023-05-21
P0943,Thomas,Martinez,Doctor 17,2023-05-21
P0978,Daniel,Cooper,Doctor 33,2023-05-21
P1247,Raymond,Jones,Doctor 28,2023-05-21
P1315,Ronald,Hall,Doctor 12,2023-05-21
P1342,Kathleen,Baker,Doctor 5,2023-05-21
P1346,Jerry,Davis,Doctor 26,2023-05-21
P1426,Rebecca,Harris,Doctor 29,2023-05-21
P1452,Jerry,Cook,Doctor 34,2023-05-21
P1481,Joseph,Adams,Doctor 13,2023-05-21
P1609,Jerry,Martin,Doctor 49,2023-05-21
P1621,Deborah,Smith,Doctor 38,2023-05-21
P1698,James,Sanders,Doctor 12,2023-05-21
P1815,Brian,Taylor,Doctor 37,2023-05-21
P1855,Mark,Wright,Doctor 29,2023-05-21
P1859,Timothy,Hernandez,Doctor 31,2023-05-21
P1866,Cynthia,Johnson,Doctor 7,2023-05-21
P1888,Jeffrey,Thomas,Doctor 16,2023-05-21
P1914,Nancy,James,Doctor 32,2023-05-21
P1920,Joseph,Cruz,Doctor 34,2023-05-21
P1951,Andrew,Green,Doctor 7,2023-05-21
P1992,Donald,Gutierrez,Doctor 50,2023-05-21
P2029,Shirley,Davis,Doctor 25,2023-05-21
P2231,Frank,Ramirez,Doctor 6,2023-05-21
P2275,Eric,Mendoza,Doctor 16,2023-05-21
P2284,Cynthia,Lopez,Doctor 48,2023-05-21
P0002,Ruth,Ortiz,Doctor 28,2023-05-22
P0066,Kimberly,Richardson,Doctor 19,2023-05-22
P0184,Donna,Edwards,Doctor 2,2023-05-22
P0200,Ryan,Parker,Doctor 46,2023-05-22
P0283,Kathleen,Taylor,Doctor 42,2023-05-22
P0445,Jessica,Gomez,Doctor 33,2023-05-22
P0457,Patricia,Ortiz,Doctor 44,2023-05-22
P0468,Ryan,Garcia,Doctor 9,2023-05-22
P0526,Karen,Cox,Doctor 3,2023-05-22
P0562,Samuel,Jackson,Doctor 10,2023-05-22
P0563,Ruth,Morgan,Doctor 6,2023-05-22
P0644,Virginia,Lopez,Doctor 41,2023-05-22
P0920,Sarah,Jones,Doctor 18,2023-05-22
P0922,Carol,Cox,Doctor 34,2023-05-22
P0988,Andrew,Nguyen,Doctor 37,2023-05-22
P1160,Edward,Bailey,Doctor 36,2023-05-22
P1295,John,Nguyen,Doctor 46,2023-05-22
P1305,Susan,Johnson,Doctor 49,2023-05-22
P1337,Edward,Collins,Doctor 11,2023-05-22
P1356,Joshua,Cox,Doctor 13,2023-05-22
P1401,Donna,Chavez,Doctor 9,2023-05-22
P1462,Nancy,Richardson,Doctor 7,2023-05-22
P1493,Christopher,James,Doctor 14,2023-05-22
P1495,Kevin,Nelson,Doctor 8,2023-05-22
P1920,Joseph,Cruz,Doctor 31,2023-05-22
P1944,Gary,Bennett,Doctor 2,2023-05-22
P1980,Donald,Anderson,Doctor 27,2023-05-22
P2064,Mark,Baker,Doctor 8,2023-05-22
P2224,Jack,Lopez,Doctor 12,2023-05-22
P2238,Christopher,Gomez,Doctor 34,2023-05-22
P0017,Jessica,Thomas,Doctor 16,2023-05-23
P0164,Eric,Wood,Doctor 16,2023-05-23
P0301,Susan,Ramirez,Doctor 18,2023-05-23
P0308,Jerry,Chavez,Doctor 10,2023-05-23
P0333,Aaron,Ward,Doctor 29,2023-05-23
P0416,Lisa,Ortiz,Doctor 37,2023-05-23
P0489,Jason,Cooper,Doctor 26,2023-05-23
P0584,Angela,Anderson,Doctor 12,2023-05-23
P0632,Lisa,Bailey,Doctor 8,2023-05-23
P0738,Charles,Jackson,Doctor 16,2023-05-23
P0826,Thomas,Bailey,Doctor 35,2023-05-23
P0853,Ruth,Turner,Doctor 16,2023-05-23
P0940,Richard,Lewis,Doctor 9,2023-05-23
P1275,Alexander,Johnson,Doctor 36,2023-05-23
P1379,Daniel,Jones,Doctor 19,2023-05-23
P1607,Sandra,Hughes,Doctor 35,2023-05-23
P1815,Brian,Taylor,Doctor 37,2023-05-23
P1828,Matthew,Hernandez,Doctor 4,2023-05-23
P1950,Sharon,Evans,Doctor 24,2023-05-23
P1982,Ronald,Wood,Doctor 21,2023-05-23
P2023,Lisa,Hernandez,Doctor 16,2023-05-23
P2180,Jeffrey,Ruiz,Doctor 26,2023-05-23
P0125,Gary,Wright,Doctor 18,2023-05-24
P0289,Jennifer,Morgan,Doctor 34,2023-05-24
P0329,Sarah,Reyes,Doctor 35,2023-05-24
P0347,Justin,Rogers,Doctor 48,2023-05-24
P0484,Edward,Parker,Doctor 38,2023-05-24
P0489,Jason,Cooper,Doctor 24,2023-05-24
P0512,Christopher,Edwards,Doctor 39,2023-05-24
P0812,Brenda,Clark,Doctor 9,2023-05-24
P0821,Dennis,Ramos,Doctor 35,2023-05-24
P0833,Benjamin,Wright,Doctor 13,2023-05-24
P0842,Jonathan,Alvarez,Doctor 35,2023-05-24
P0854,Sharon,Ramos,Doctor 49,2023-05-24
P0860,Shirley,Walker,Doctor 6,2023-05-24
P0873,Cynthia,Thomas,Doctor 26,2023-05-24
P0934,Justin,Sanders,Doctor 11,2023-05-24
P1058,Frank,Gray,Doctor 44,2023-05-24
P1122,Scott,Wood,Doctor 45,2023-05-24
P1292,Andrew,Reyes,Doctor 24,2023-05-24
P1340,Jerry,Brown,Doctor 32,2023-05-24
P1418,Mary,Castillo,Doctor 24,2023-05-24
P1510,Ruth,Clark,Doctor 24,2023-05-24
P1551,Steven,Lopez,Doctor 1,2023-05-24
P1567,Stephen,Edwards,Doctor 26,2023-05-24
P1570,Karen,Nelson,Doctor 16,2023-05-24
P1632,Frank,Allen,Doctor 19,2023-05-24
P1758,Mary,Garcia,Doctor 17,2023-05-24
P1858,Virginia,Perez,Doctor 7,2023-05-24
P1880,Donna,Bennett,Doctor 38,2023-05-24
P1897,John,Mitchell,Doctor 44,2023-05-24
P1905,Justin,Cook,Doctor 33,2023-05-24
P1907,Melissa,Bennett,Doctor 34,2023-05-24
P2003,Amy,Ortiz,Doctor 44,2023-05-24
P2035,Alexander,Ramirez,Doctor 39,2023-05-24
P2040,Gary,Kim,Doctor 28,2023-05-24
P2161,Benjamin,Myers,Doctor 12,2023-05-24
P2241,Sarah,Ortiz,Doctor 2,2023-05-24
P0102,Nicholas,Kim,Doctor 16,2023-05-25
P0126,Sarah,Gutierrez,Doctor 41,2023-05-25
P0147,Elizabeth,Ward,Doctor 29,2023-05-25
P0157,Aaron,Peterson,Doctor 23,2023-05-25
P0161,Nicholas,Hernandez,Doctor 19,2023-05-25
P0163,Stephen,Adams,Doctor 39,2023-05-25
P0227,Sarah,White,Doctor 8,2023-05-25
P0231,Nancy,Lopez,Doctor 39,2023-05-25
P0259,Frank,Taylor,Doctor 8,2023-05-25
P0438,Helen,White,Doctor 34,2023-05-25
P0486,Michael,Campbell,Doctor 41,2023-05-25
P0491,Jerry,Kelly,Doctor 14,2023-05-25
P0622,Jessica,Adams,Doctor 12,2023-05-25
P0748,Alexander,Lopez,Doctor 33,2023-05-25
P0874,Linda,Lee,Doctor 30,2023-05-25
P1094,Stephen,James,Doctor 26,2023-05-25
P1273,Anna,Wilson,Doctor 9,2023-05-25
P1295,John,Nguyen,Doctor 33,2023-05-25
P1381,Edward,Young,Doctor 10,2023-05-25
P1511,Mary,Hall,Doctor 47,2023-05-25
P1662,Brenda,Baker,Doctor 36,2023-05-25
P1699,Edward,Howard,Doctor 16,2023-05-25
P1773,Eric,Sanchez,Doctor 4,2023-05-25
P1855,Mark,Wright,Doctor 30,2023-05-25
P1948,Betty,Perez,Doctor 49,2023-05-25
P2058,Laura,Hall,Doctor 34,2023-05-25
P2124,Jack,Moore,Doctor 45,2023-05-25
P2223,Carol,Hughes,Doctor 26,2023-05-25
P2224,Jack,Lopez,Doctor 2,2023-05-25
P0169,Charles,Nelson,Doctor 16,2023-05-26
P0326,Donald,Perez,Doctor 18,2023-05-26
P0338,Mark,Jackson,Doctor 11,2023-05-26
P0363,Amy,Taylor,Doctor 29,2023-05-26
P0440,Brian,Howard,Doctor 37,2023-05-26
P0533,James,Davis,Doctor 36,2023-05-26
P0561,Brandon,Ortiz,Doctor 41,2023-05-26
P0628,Sarah,Baker,Doctor 1,2023-05-26
P0744,Michael,Scott,Doctor 1,2023-05-26
P0795,Lisa,Price,Doctor 38,2023-05-26
P0807,Laura,Clark,Doctor 33,2023-05-26
P0997,Samuel,Cooper,Doctor 7,2023-05-26
P1112,Donna,Lopez,Doctor 49,2023-05-26
P1125,Samuel,Myers,Doctor 48,2023-05-26
P1400,Michelle,Sanders,Doctor 7,2023-05-26
P1498,Larry,Wilson,Doctor 2,2023-05-26
P1542,Gregory,Lee,Doctor 22,2023-05-26
P1666,William,Adams,Doctor 25,2023-05-26
P1685,Jessica,Ortiz,Doctor 43,2023-05-26
P1714,Steven,Peterson,Doctor 4,2023-05-26
P1735,Benjamin,Mitchell,Doctor 15,2023-05-26
P1887,George,Garcia,Doctor 11,2023-05-26
P1932,Deborah,Wood,Doctor 15,2023-05-26
P1942,Samuel,Hernandez,Doctor 22,2023-05-26
P1961,Eric,Stewart,Doctor 19,2023-05-26
P2122,Ryan,Ramirez,Doctor 50,2023-05-26
P2152,Christopher,Miller,Doctor 6,2023-05-26
P2208,Edward,Mendoza,Doctor 29,2023-05-26
P2229,Jonathan,White,Doctor 30,2023-05-26
P0025,Jessica,Cook,Doctor 47,2023-05-27
P0115,Kathleen,Perez,Doctor 37,2023-05-27
P0163,Stephen,Adams,Doctor 39,2023-05-27
P0316,Michelle,Howard,Doctor 47,2023-05-27
P0350,Kenneth,Ruiz,Doctor 19,2023-05-27
P0356,Aaron,Hill,Doctor 7,2023-05-27
P0435,Patrick,Ramirez,Doctor 7,2023-05-27
P0626,Mark,Watson,Doctor 7,2023-05-27
P0649,Ruth,Edwards,Doctor 31,2023-05-27
P0686,Andrew,Price,Doctor 23,2023-05-27
P0708,Lisa,Gomez,Doctor 49,2023-05-27
P0823,Sandra,Wilson,Doctor 47,2023-05-27
P0849,Michael,Diaz,Doctor 35,2023-05-27
P0922,Carol,Cox,Doctor 34,2023-05-27
P0925,Carol,Turner,Doctor 35,2023-05-27
P0931,Mary,Martin,Doctor 19,2023-05-27
P0944,Matthew,Gray,Doctor 8,2023-05-27
P1188,Sandra,Ruiz,Doctor 7,2023-05-27
P1197,William,Clark,Doctor 37,2023-05-27
P1215,Amy,Morgan,Doctor 2,2023-05-27
P1255,Dorothy,Sanders,Doctor 36,2023-05-27
P1352,Raymond,Jackson,Doctor 41,2023-05-27
P1430,Jeffrey,Watson,Doctor 19,2023-05-27
P1596,Sandra,Lewis,Doctor 21,2023-05-27
P1728,Joseph,Richardson,Doctor 45,2023-05-27
P1768,Virginia,Parker,Doctor 35,2023-05-27
P1853,Nicholas,Davis,Doctor 30,2023-05-27
P1871,Melissa,Lee,Doctor 30,2023-05-27
P1884,Deborah,Roberts,Doctor 34,2023-05-27
P2002,Patrick,Lopez,Doctor 37,2023-05-27
P2028,Donna,Rogers,Doctor 19,2023-05-27
P2067,Alexander,Taylor,Doctor 23,2023-05-27
P2139,William,Harris,Doctor 32,2023-05-27
P2184,Sarah,Phillips,Doctor 39,2023-05-27
P0003,Edward,Ruiz,Doctor 34,2023-05-28
P0032,Michelle,Price,Doctor 47,2023-05-28
P0077,Laura,Williams,Doctor 33,2023-05-28
P0099,Raymond,Moore,Doctor 23,2023-05-28
P0144,Melissa,Alvarez,Doctor 47,2023-05-28
P0353,Laura,Cox,Doctor 22,2023-05-28
P0446,Kevin,Lee,Doctor 18,2023-05-28
P0506,Joshua,Castillo,Doctor 30,2023-05-28
P0580,Aaron,Williams,Doctor 13,2023-05-28
P0580,Aaron,Williams,Doctor 13,2023-05-28
P0591,Linda,Howard,Doctor 49,2023-05-28
P0733,Justin,Ortiz,Doctor 2,2023-05-28
P0735,Cynthia,Stewart,Doctor 25,2023-05-28
P0843,Kenneth,Kim,Doctor 11,2023-05-28
P0930,Sharon,Smith,Doctor 45,2023-05-28
P0958,Alexander,Moore,Doctor 36,2023-05-28
P1015,Edward,Brown,Doctor 13,2023-05-28
P1038,Gary,Smith,Doctor 48,2023-05-28
P1083,Emma,Stewart,Doctor 21,2023-05-28
P1332,Brian,Martinez,Doctor 16,2023-05-28
P1343,Karen,Reyes,Doctor 36,2023-05-28
P1387,Melissa,Morgan,Doctor 31,2023-05-28
P1468,Sandra,Bennett,Doctor 29,2023-05-28
P1482,Kimberly,Wilson,Doctor 25,2023-05-28
P1489,Frank,Rodriguez,Doctor 39,2023-05-28
P1517,Kimberly,Morris,Doctor 36,2023-05-28
P1557,Dennis,Morales,Doctor 48,2023-05-28
P1573,Eric,Robinson,Doctor 43,2023-05-28
P1603,Donna,Murphy,Doctor 25,2023-05-28
P1604,Joshua,Lewis,Doctor 38,2023-05-28
P1641,Donna,Miller,Doctor 40,2023-05-28
P1676,Ruth,King,Doctor 7,2023-05-28
P1696,Joshua,Miller,Doctor 44,2023-05-28
P1715,Sandra,Baker,Doctor 49,2023-05-28
P1722,Dorothy,Walker,Doctor 35,2023-05-28
P1869,Ruth,Thompson,Doctor 33,2023-05-28
P1870,Jessica,Cox,Doctor 49,2023-05-28
P1934,Lisa,Watson,Doctor 45,2023-05-28
P1955,Daniel,Price,Doctor 23,2023-05-28
P1975,Timothy,Phillips,Doctor 24,2023-05-28
P2071,Michelle,Cooper,Doctor 47,2023-05-28
P0207,Karen,Parker,Doctor 22,2023-05-29
P0473,Jessica,Parker,Doctor 31,2023-05-29
P0531,Karen,Myers,Doctor 3,2023-05-29
P0559,Sarah,Turner,Doctor 31,2023-05-29
P0669,Melissa,Mitchell,Doctor 49,2023-05-29
P0697,Rebecca,Martin,Doctor 10,2023-05-29
P0903,Karen,Mitchell,Doctor 12,2023-05-29
P1038,Gary,Smith,Doctor 36,2023-05-29
P1066,Alexander,Jones,Doctor 30,2023-05-29
P1184,Nicholas,King,Doctor 45,2023-05-29
P1257,Timothy,Morris,Doctor 31,2023-05-29
P1285,Robert,Peterson,Doctor 37,2023-05-29
P1464,Shirley,Allen,Doctor 50,2023-05-29
P1526,Sharon,Hall,Doctor 11,2023-05-29
P1562,Anna,Hughes,Doctor 13,2023-05-29
P1599,Eric,Ramirez,Doctor 30,2023-05-29
P1601,Ronald,Richardson,Doctor 7,2023-05-29
P1674,Barbara,Bailey,Doctor 37,2023-05-29
P1695,Alexander,Reed,Doctor 14,2023-05-29
P1749,Matthew,Ramos,Doctor 22,2023-05-29
P1828,Matthew,Hernandez,Doctor 46,2023-05-29
P1937,Raymond,Garcia,Doctor 6,2023-05-29
P1958,Daniel,Morales,Doctor 44,2023-05-29
P1983,Rebecca,Miller,Doctor 19,2023-05-29
P2052,Melissa,Robinson,Doctor 8,2023-05-29
P2110,Anna,Lopez,Doctor 8,2023-05-29
P2178,Jacob,Miller,Doctor 17,2023-05-29
P2278,Gary,Ruiz,Doctor 42,2023-05-29
P0003,Edward,Ruiz,Doctor 20,2023-05-30
P0013,Stephen,Castillo,Doctor 27,2023-05-30
P0072,Jessica,Stewart,Doctor 17,2023-05-30
P0093,Jonathan,Cruz,Doctor 30,2023-05-30
P0094,Scott,Chavez,Doctor 32,2023-05-30
P0103,Jessica,Wright,Doctor 11,2023-05-30
P0109,Justin,Allen,Doctor 28,2023-05-30
P0237,Carol,Clark,Doctor 29,2023-05-30
P0281,Jessica,Gonzalez,Doctor 36,2023-05-30
P0288,Gary,Ward,Doctor 16,2023-05-30
P0339,Jessica,Morales,Doctor 10,2023-05-30
P0341,Kenneth,Sanchez,Doctor 48,2023-05-30
P0472,Aaron,Thomas,Doctor 34,2023-05-30
P0516,Tyler,Parker,Doctor 4,2023-05-30
P0668,Helen,Lopez,Doctor 36,2023-05-30
P0876,Susan,Howard,Doctor 26,2023-05-30
P0938,Sharon,James,Doctor 49,2023-05-30
P0938,Sharon,James,Doctor 49,2023-05-30
P0977,Patrick,James,Doctor 9,2023-05-30
P1171,Dennis,Peterson,Doctor 2,2023-05-30
P1207,Mary,Ortiz,Doctor 8,2023-05-30
P1631,Laura,Gonzalez,Doctor 33,2023-05-30
P1681,Mary,Nelson,Doctor 41,2023-05-30
P1732,Kimberly,Morales,Doctor 13,2023-05-30
P1793,James,Moore,Doctor 25,2023-05-30
P1822,Charles,Howard,Doctor 42,2023-05-30
P1890,Matthew,Phillips,Doctor 30,2023-05-30
P1943,Melissa,Lewis,Doctor 21,2023-05-30
P1991,Patricia,Morales,Doctor 5,2023-05-30
P2130,John,Rogers,Doctor 1,2023-05-30
P2152,Christopher,Miller,Doctor 6,2023-05-30
P2166,Ronald,Roberts,Doctor 31,2023-05-30
P2266,Alexander,Phillips,Doctor 27,2023-05-30
P0082,Aaron,Adams,Doctor 2,2023-05-31
P0159,Donna,Reed,Doctor 11,2023-05-31
P0178,Gary,Harris,Doctor 15,2023-05-31
P0201,Kathleen,Adams,Doctor 6,2023-05-31
P0202,Amy,Martinez,Doctor 41,2023-05-31
P0270,Shirley,Carter,Doctor 8,2023-05-31
P0433,William,Martinez,Doctor 14,2023-05-31
P0490,Donald,Patel,Doctor 10,2023-05-31
P0515,Lisa,Martinez,Doctor 15,2023-05-31
P0541,Gregory,Brown,Doctor 32,2023-05-31
P0588,David,Patel,Doctor 46,2023-05-31
P0755,Nicholas,Alvarez,Doctor 38,2023-05-31
P0926,Anna,Mendoza,Doctor 2,2023-05-31
P0959,Michelle,Morgan,Doctor 48,2023-05-31
P0981,Mark,Nelson,Doctor 39,2023-05-31
P1050,John,Lewis,Doctor 42,2023-05-31
P1106,Rebecca,Diaz,Doctor 17,2023-05-31
P1206,Kevin,Ortiz,Doctor 49,2023-05-31
P1293,Donna,Cox,Doctor 6,2023-05-31
P1311,William,Green,Doctor 15,2023-05-31
P1377,Jonathan,Bennett,Doctor 19,2023-05-31
P1458,Robert,Rodriguez,Doctor 21,2023-05-31
P1459,Nancy,Garcia,Doctor 27,2023-05-31
P1466,Stephen,Howard,Doctor 46,2023-05-31
P1585,Linda,Morales,Doctor 3,2023-05-31
P1753,Sarah,Evans,Doctor 2,2023-05-31
P1791,Dennis,Brown,Doctor 45,2023-05-31
P1917,Deborah,Carter,Doctor 23,2023-05-31
P1994,Virginia,Gomez,Doctor 47,2023-05-31
P2049,Linda,Alvarez,Doctor 30,2023-05-31
P2063,Ryan,Wilson,Doctor 50,2023-05-31
P2183,Frank,Peterson,Doctor 12,2023-05-31
P2199,Andrew,Thomas,Doctor 4,2023-05-31
P2201,Anthony,Collins,Doctor 50,2023-05-31
P2219,Charles,Young,Doctor 20,2023-05-31
P2305,Helen,Young,Doctor 6,2023-05-31
P0011,Sandra,Campbell,Doctor 33,2023-06-01
P0018,Daniel,Castillo,Doctor 14,2023-06-01
P0144,Melissa,Alvarez,Doctor 42,2023-06-01
P0251,Mary,Allen,Doctor 41,2023-06-01
P0439,Jeffrey,Edwards,Doctor 21,2023-06-01
P0450,Sharon,King,Doctor 25,2023-06-01
P0456,Benjamin,Moore,Doctor 13,2023-06-01
P0617,Frank,Young,Doctor 44,2023-06-01
P0679,Aaron,Brooks,Doctor 29,2023-06-01
P0686,Andrew,Price,Doctor 23,2023-06-01
P0708,Lisa,Gomez,Doctor 49,2023-06-01
P0809,Lisa,Chavez,Doctor 33,2023-06-01
P0823,Sandra,Wilson,Doctor 47,2023-06-01
P0848,Amy,Price,Doctor 49,2023-06-01
P0877,Dennis,Mitchell,Doctor 49,2023-06-01
P0910,Jose,Nguyen,Doctor 28,2023-06-01
P0948,Jessica,Ramirez,Doctor 50,2023-06-01
P1051,Angela,Cox,Doctor 40,2023-06-01
P1065,Jacob,Carter,Doctor 36,2023-06-01
P1068,David,Anderson,Doctor 18,2023-06-01
P1180,Karen,Collins,Doctor 37,2023-06-01
P1313,William,Smith,Doctor 15,2023-06-01
P1355,Amy,Smith,Doctor 43,2023-06-01
P1396,Jose,Stewart,Doctor 39,2023-06-01
P1399,Ronald,Flores,Doctor 25,2023-06-01
P1481,Joseph,Adams,Doctor 13,2023-06-01
P1524,Sarah,Gray,Doctor 33,2023-06-01
P1677,Joshua,Martin,Doctor 34,2023-06-01
P1691,Nicholas,Roberts,Doctor 1,2023-06-01
P1744,Anna,Thompson,Doctor 30,2023-06-01
P1755,Eric,Peterson,Doctor 14,2023-06-01
P1760,Susan,Hughes,Doctor 34,2023-06-01
P1767,Dennis,Turner,Doctor 21,2023-06-01
P1840,Laura,Brown,Doctor 14,2023-06-01
P1937,Raymond,Garcia,Doctor 37,2023-06-01
P2050,Elizabeth,Martin,Doctor 41,2023-06-01
P2233,Michelle,Richardson,Doctor 39,2023-06-01
P2257,Betty,Miller,Doctor 45,2023-06-01
P2270,Helen,Flores,Doctor 7,2023-06-01
P0023,Dorothy,Adams,Doctor 2,2023-06-02
P0100,Dennis,Chavez,Doctor 25,2023-06-02
P0106,Steven,Ortiz,Doctor 5,2023-06-02
P0183,Eric,Morales,Doctor 30,2023-06-02
P0292,Angela,Brooks,Doctor 23,2023-06-02
P0319,Sharon,Gonzalez,Doctor 5,2023-06-02
P0448,Frank,Edwards,Doctor 30,2023-06-02
P0461,Dennis,Alvarez,Doctor 11,2023-06-02
P0541,Gregory,Brown,Doctor 32,2023-06-02
P0556,Sharon,Mendoza,Doctor 37,2023-06-02
P0718,Mark,Robinson,Doctor 11,2023-06-02
P0718,Mark,Robinson,Doctor 49,2023-06-02
P0734,John,Thomas,Doctor 9,2023-06-02
P0741,Dennis,Bailey,Doctor 25,2023-06-02
P0830,Robert,Cooper,Doctor 50,2023-06-02
P0832,Edward,Lopez,Doctor 38,2023-06-02
P0891,Raymond,Evans,Doctor 18,2023-06-02
P0892,Ruth,Castillo,Doctor 1,2023-06-02
P0925,Carol,Turner,Doctor 34,2023-06-02
P0935,Donald,James,Doctor 26,2023-06-02
P0940,Richard,Lewis,Doctor 35,2023-06-02
P0961,Dennis,Diaz,Doctor 17,2023-06-02
P1186,Sharon,Gray,Doctor 4,2023-06-02
P1220,Kevin,Adams,Doctor 26,2023-06-02
P1309,Jennifer,Lee,Doctor 31,2023-06-02
P1497,Edward,Price,Doctor 23,2023-06-02
P1528,Helen,Kim,Doctor 39,2023-06-02
P1741,Kimberly,Torres,Doctor 15,2023-06-02
P1826,George,Robinson,Doctor 31,2023-06-02
P1869,Ruth,Thompson,Doctor 36,2023-06-02
P1949,Sarah,Stewart,Doctor 15,2023-06-02
P2152,Christopher,Miller,Doctor 43,2023-06-02
P0113,Sarah,Roberts,Doctor 49,2023-06-03
P0214,Kenneth,Gomez,Doctor 7,2023-06-03
P0327,Anna,King,Doctor 48,2023-06-03
P0402,Nancy,Gray,Doctor 15,2023-06-03
P0515,Lisa,Martinez,Doctor 49,2023-06-03
P0608,Deborah,Robinson,Doctor 9,2023-06-03
P0632,Lisa,Bailey,Doctor 8,2023-06-03
P0719,Lisa,Richardson,Doctor 49,2023-06-03
P0807,Laura,Clark,Doctor 50,2023-06-03
P0876,Susan,Howard,Doctor 49,2023-06-03
P0900,Sharon,Chavez,Doctor 42,2023-06-03
P0929,Brian,Mendoza,Doctor 10,2023-06-03
P1072,Ronald,Evans,Doctor 11,2023-06-03
P1082,Joshua,Ortiz,Doctor 1,2023-06-03
P1098,Christopher,Diaz,Doctor 18,2023-06-03
P1366,Christopher,Hughes,Doctor 37,2023-06-03
P1420,Helen,Lewis,Doctor 31,2023-06-03
P1422,Angela,Collins,Doctor 21,2023-06-03
P1611,Ronald,Jackson,Doctor 5,2023-06-03
P1708,Kathleen,Campbell,Doctor 6,2023-06-03
P1769,Kimberly,Walker,Doctor 46,2023-06-03
P1815,Brian,Taylor,Doctor 37,2023-06-03
P1849,Jose,Kim,Doctor 22,2023-06-03
P1871,Melissa,Lee,Doctor 30,2023-06-03
P1892,Angela,Baker,Doctor 43,2023-06-03
P1926,Patrick,Mitchell,Doctor 26,2023-06-03
P1929,Donna,Mendoza,Doctor 43,2023-06-03
P1966,Sandra,Gonzalez,Doctor 47,2023-06-03
P2138,Mark,Phillips,Doctor 22,2023-06-03
P2197,Donald,Wood,Doctor 24,2023-06-03
P2200,Ruth,Hughes,Doctor 5,2023-06-03
P2230,Thomas,Carter,Doctor 43,2023-06-03
P0004,Susan,White,Doctor 4,2023-06-04
P0048,Dennis,Price,Doctor 7,2023-06-04
P0051,Ruth,Gomez,Doctor 10,2023-06-04
P0073,Nancy,Cruz,Doctor 16,2023-06-04
P0172,Elizabeth,Reed,Doctor 3,2023-06-04
P0407,Cynthia,King,Doctor 26,2023-06-04
P0499,Sharon,Stewart,Doctor 32,2023-06-04
P0518,Jacob,White,Doctor 45,2023-06-04
P0591,Linda,Howard,Doctor 50,2023-06-04
P0611,Anna,Cox,Doctor 29,2023-06-04
P0669,Melissa,Mitchell,Doctor 40,2023-06-04
P0683,Frank,Wilson,Doctor 9,2023-06-04
P0733,Justin,Ortiz,Doctor 2,2023-06-04
P0746,Edward,Williams,Doctor 31,2023-06-04
P0842,Jonathan,Alvarez,Doctor 35,2023-06-04
P0877,Dennis,Mitchell,Doctor 7,2023-06-04
P0895,Angela,Jackson,Doctor 34,2023-06-04
P0898,Sandra,Lopez,Doctor 27,2023-06-04
P0927,Steven,Robinson,Doctor 17,2023-06-04
P0933,Jeffrey,Diaz,Doctor 16,2023-06-04
P0979,Dennis,Lewis,Doctor 11,2023-06-04
P0987,Timothy,Gray,Doctor 15,2023-06-04
P1036,Joshua,Robinson,Doctor 27,2023-06-04
P1185,Donna,Robinson,Doctor 23,2023-06-04
P1304,Daniel,Adams,Doctor 41,2023-06-04
P1363,Michael,Walker,Doctor 3,2023-06-04
P1368,Kenneth,Campbell,Doctor 41,2023-06-04
P1457,David,Richardson,Doctor 35,2023-06-04
P1514,Donna,Morris,Doctor 1,2023-06-04
P1689,Anna,Wright,Doctor 16,2023-06-04
P1757,Dennis,Bennett,Doctor 30,2023-06-04
P1799,Dorothy,Watson,Doctor 47,2023-06-04
P2190,Joseph,Wright,Doctor 19,2023-06-04
P2195,Justin,Morris,Doctor 9,2023-06-04
P2260,Carol,King,Doctor 6,2023-06-04
P0036,Jessica,Perez,Doctor 40,2023-06-05
P0061,Edward,Ramirez,Doctor 28,2023-06-05
P0132,Kimberly,Harris,Doctor 32,2023-06-05
P0235,James,Williams,Doctor 37,2023-06-05
P0354,Amy,Ramirez,Doctor 50,2023-06-05
P0568,Jose,Roberts,Doctor 1,2023-06-05
P0592,Helen,Torres,Doctor 40,2023-06-05
P0619,Kathleen,Nelson,Doctor 22,2023-06-05
P0913,Steven,Davis,Doctor 46,2023-06-05
P0977,Patrick,James,Doctor 19,2023-06-05
P0994,Betty,Gomez,Doctor 7,2023-06-05
P1000,Christopher,Howard,Doctor 35,2023-06-05
P1010,Kevin,Harris,Doctor 17,2023-06-05
P1031,Sharon,Kim,Doctor 12,2023-06-05
P1082,Joshua,Ortiz,Doctor 22,2023-06-05
P1182,Betty,Harris,Doctor 31,2023-06-05
P1347,David,Baker,Doctor 15,2023-06-05
P1384,Betty,Peterson,Doctor 18,2023-06-05
P1400,Michelle,Sanders,Doctor 40,2023-06-05
P1537,Laura,Wilson,Doctor 21,2023-06-05
P1603,Donna,Murphy,Doctor 20,2023-06-05
P1763,Anthony,Taylor,Doctor 16,2023-06-05
P1780,Kenneth,Baker,Doctor 12,2023-06-05
P1840,Laura,Brown,Doctor 31,2023-06-05
P1886,Brenda,Garcia,Doctor 4,2023-06-05
P1999,Angela,Scott,Doctor 45,2023-06-05
P2039,Jonathan,Diaz,Doctor 21,2023-06-05
P2244,Deborah,Ruiz,Doctor 27,2023-06-05
P2294,Karen,Baker,Doctor 1,2023-06-05
P0087,Ryan,Nguyen,Doctor 40,2023-06-06
P0170,Gregory,Jones,Doctor 35,2023-06-06
P0307,Virginia,Peterson,Doctor 48,2023-06-06
P0310,Robert,Myers,Doctor 23,2023-06-06
P0379,Nicholas,Rodriguez,Doctor 8,2023-06-06
P0410,Ryan,Morales,Doctor 15,2023-06-06
P0498,Carol,Stewart,Doctor 37,2023-06-06
P0587,Steven,Cooper,Doctor 37,2023-06-06
P0617,Frank,Young,Doctor 44,2023-06-06
P0652,Scott,Collins,Doctor 36,2023-06-06
P0858,Lisa,Wilson,Doctor 29,2023-06-06
P0894,Steven,Ramos,Doctor 30,2023-06-06
P0912,Melissa,Thomas,Doctor 31,2023-06-06
P0914,Raymond,Rodriguez,Doctor 41,2023-06-06
P0941,Helen,Moore,Doctor 36,2023-06-06
P1034,James,Ramirez,Doctor 25,2023-06-06
P1278,Donna,Roberts,Doctor 27,2023-06-06
P1283,Barbara,Evans,Doctor 41,2023-06-06
P1295,John,Nguyen,Doctor 18,2023-06-06
P1295,John,Nguyen,Doctor 39,2023-06-06
P1405,Jessica,Nguyen,Doctor 24,2023-06-06
P1408,Nancy,Martin,Doctor 50,2023-06-06
P1488,Ruth,James,Doctor 50,2023-06-06
P1600,Jack,Morales,Doctor 47,2023-06-06
P1638,Kenneth,Rogers,Doctor 41,2023-06-06
P1729,Nancy,Moore,Doctor 47,2023-06-06
P1744,Anna,Thompson,Doctor 23,2023-06-06
P1996,Justin,Ward,Doctor 28,2023-06-06
P2021,George,Reed,Doctor 1,2023-06-06
P2087,Mary,King,Doctor 40,2023-06-06
P2095,Richard,Wright,Doctor 49,2023-06-06
P0175,Patricia,Allen,Doctor 11,2023-06-07
P0196,Anna,Bennett,Doctor 19,2023-06-07
P0274,Lisa,Thompson,Doctor 17,2023-06-07
P0374,Angela,Young,Doctor 26,2023-06-07
P0435,Patrick,Ramirez,Doctor 32,2023-06-07
P0608,Deborah,Robinson,Doctor 9,2023-06-07
P0624,Lisa,Gutierrez,Doctor 22,2023-06-07
P0724,Ryan,Kelly,Doctor 23,2023-06-07
P0849,Michael,Diaz,Doctor 19,2023-06-07
P0934,Justin,Sanders,Doctor 47,2023-06-07
P1005,Laura,Sanchez,Doctor 15,2023-06-07
P1056,Edward,Garcia,Doctor 26,2023-06-07
P1196,Jerry,Hall,Doctor 22,2023-06-07
P1221,Rebecca,Carter,Doctor 31,2023-06-07
P1225,Benjamin,White,Doctor 23,2023-06-07
P1280,Jeffrey,Scott,Doctor 11,2023-06-07
P1281,Mark,Perez,Doctor 10,2023-06-07
P1326,James,Robinson,Doctor 21,2023-06-07
P1413,Sarah,Carter,Doctor 50,2023-06-07
P1551,Steven,Lopez,Doctor 41,2023-06-07
P1558,Gary,Scott,Doctor 28,2023-06-07
P1571,Joshua,Taylor,Doctor 11,2023-06-07
P1580,David,Campbell,Doctor 42,2023-06-07
P1605,Deborah,Torres,Doctor 1,2023-06-07
P1620,Virginia,Thomas,Doctor 10,2023-06-07
P1667,Amy,Wilson,Doctor 41,2023-06-07
P1702,Christopher,Watson,Doctor 33,2023-06-07
P1939,Barbara,Mendoza,Doctor 10,2023-06-07
P2009,Michelle,Diaz,Doctor 44,2023-06-07
P2158,James,Brown,Doctor 2,2023-06-07
P0055,Samuel,Peterson,Doctor 22,2023-06-08
P0109,Justin,Allen,Doctor 28,2023-06-08
P0361,Michael,Smith,Doctor 15,2023-06-08
P0607,Betty,Morris,Doctor 14,2023-06-08
P0648,Lisa,Smith,Doctor 26,2023-06-08
P0660,Dorothy,Mendoza,Doctor 38,2023-06-08
P0803,Shirley,Wilson,Doctor 48,2023-06-08
P0838,James,Ortiz,Doctor 10,2023-06-08
P0956,Barbara,Chavez,Doctor 40,2023-06-08
P0977,Patrick,James,Doctor 19,2023-06-08
P0984,Anna,Hill,Doctor 17,2023-06-08
P1066,Alexander,Jones,Doctor 23,2023-06-08
P1082,Joshua,Ortiz,Doctor 22,2023-06-08
P1222,Deborah,Mitchell,Doctor 48,2023-06-08
P1238,Kimberly,Baker,Doctor 29,2023-06-08
P1270,Sandra,Allen,Doctor 46,2023-06-08
P1342,Kathleen,Baker,Doctor 18,2023-06-08
P1390,Michael,Thomas,Doctor 18,2023-06-08
P1447,Thomas,Lewis,Doctor 39,2023-06-08
P1485,Timothy,Collins,Doctor 9,2023-06-08
P1578,George,Torres,Doctor 31,2023-06-08
P1677,Joshua,Martin,Doctor 34,2023-06-08
P1729,Nancy,Moore,Doctor 47,2023-06-08
P1819,Patrick,Campbell,Doctor 38,2023-06-08
P1841,Carol,Scott,Doctor 49,2023-06-08
P1957,Nicholas,Lee,Doctor 48,2023-06-08
P1976,Jerry,Allen,Doctor 8,2023-06-08
P2025,Jennifer,Ortiz,Doctor 25,2023-06-08
P2030,David,Garcia,Doctor 42,2023-06-08
P2036,Steven,Edwards,Doctor 35,2023-06-08
P2117,Gary,Johnson,Doctor 7,2023-06-08
P2157,Cynthia,Richardson,Doctor 37,2023-06-08
P2289,Benjamin,Lopez,Doctor 32,2023-06-08
P0066,Kimberly,Richardson,Doctor 47,2023-06-09
P0070,Emma,Clark,Doctor 50,2023-06-09
P0072,Jessica,Stewart,Doctor 17,2023-06-09
P0149,Linda,Hernandez,Doctor 12,2023-06-09
P0202,Amy,Martinez,Doctor 47,2023-06-09
P0221,Eric,Torres,Doctor 29,2023-06-09
P0291,Aaron,Price,Doctor 30,2023-06-09
P0392,Andrew,Perez,Doctor 40,2023-06-09
P0460,Richard,Hill,Doctor 23,2023-06-09
P0479,Joseph,Ortiz,Doctor 10,2023-06-09
P0494,Mark,Collins,Doctor 41,2023-06-09
P0583,Jennifer,Cooper,Doctor 3,2023-06-09
P0712,James,Bailey,Doctor 32,2023-06-09
P0769,Benjamin,Carter,Doctor 20,2023-06-09
P0824,Justin,Evans,Doctor 38,2023-06-09
P0848,Amy,Price,Doctor 38,2023-06-09
P0853,Ruth,Turner,Doctor 9,2023-06-09
P0967,Alexander,Chavez,Doctor 40,2023-06-09
P1043,Charles,Richardson,Doctor 45,2023-06-09
P1054,Kimberly,Allen,Doctor 48,2023-06-09
P1169,Sarah,Price,Doctor 49,2023-06-09
P1291,Brian,Campbell,Doctor 17,2023-06-09
P1331,Daniel,Gomez,Doctor 29,2023-06-09
P1453,Anthony,Morgan,Doctor 1,2023-06-09
P1521,Shirley,Perez,Doctor 15,2023-06-09
P1730,Kathleen,Sanders,Doctor 40,2023-06-09
P1927,Eric,Edwards,Doctor 35,2023-06-09
P2076,Ronald,Sanchez,Doctor 34,2023-06-09
P2264,Patrick,Rogers,Doctor 31,2023-06-09
P2295,Emma,Cook,Doctor 32,2023-06-09
P0108,Kimberly,Gonzalez,Doctor 2,2023-06-10
P0203,Melissa,Davis,Doctor 29,2023-06-10
P0312,Jack,Cruz,Doctor 32,2023-06-10
P0315,Gary,Patel,Doctor 1,2023-06-10
P0349,Laura,Parker,Doctor 43,2023-06-10
P0422,Melissa,Flores,Doctor 35,2023-06-10
P0437,Helen,Ward,Doctor 22,2023-06-10
P0517,Susan,Harris,Doctor 40,2023-06-10
P0591,Linda,Howard,Doctor 14,2023-06-10
P0619,Kathleen,Nelson,Doctor 16,2023-06-10
P0626,Mark,Watson,Doctor 25,2023-06-10
P0693,Sandra,Jackson,Doctor 16,2023-06-10
P0704,Linda,Gomez,Doctor 40,2023-06-10
P0752,Brian,Diaz,Doctor 11,2023-06-10
P0777,Matthew,Mendoza,Doctor 45,2023-06-10
P1045,Timothy,Perez,Doctor 5,2023-06-10
P1059,Eric,Reyes,Doctor 6,2023-06-10
P1337,Edward,Collins,Doctor 5,2023-06-10
P1413,Sarah,Carter,Doctor 50,2023-06-10
P1443,Michelle,Carter,Doctor 30,2023-06-10
P1509,Sarah,Smith,Doctor 7,2023-06-10
P1570,Karen,Nelson,Doctor 50,2023-06-10
P1871,Melissa,Lee,Doctor 18,2023-06-10
P1920,Joseph,Cruz,Doctor 31,2023-06-10
P2006,Jonathan,Collins,Doctor 6,2023-06-10
P2046,Gary,Phillips,Doctor 9,2023-06-10
P2053,Mark,Miller,Doctor 4,2023-06-10
P2086,Joshua,Bailey,Doctor 31,2023-06-10
P2113,Angela,Adams,Doctor 35,2023-06-10
P2115,Sandra,Ramos,Doctor 22,2023-06-10
P2150,Ruth,Scott,Doctor 49,2023-06-10
P2189,Emma,Martinez,Doctor 12,2023-06-10
P2226,Susan,Adams,Doctor 24,2023-06-10
P2302,Sarah,Allen,Doctor 16,2023-06-10
P0018,Daniel,Castillo,Doctor 13,2023-06-11
P0025,Jessica,Cook,Doctor 48,2023-06-11
P0225,Jacob,Baker,Doctor 20,2023-06-11
P0258,Gregory,Mendoza,Doctor 10,2023-06-11
P0414,Helen,Edwards,Doctor 11,2023-06-11
P0493,Joseph,Stewart,Doctor 26,2023-06-11
P0520,Joseph,Rogers,Doctor 14,2023-06-11
P0541,Gregory,Brown,Doctor 34,2023-06-11
P0613,Stephen,Martinez,Doctor 32,2023-06-11
P0857,Richard,Martinez,Doctor 25,2023-06-11
P0911,Brenda,Hall,Doctor 7,2023-06-11
P0918,Lisa,Lee,Doctor 20,2023-06-11
P0995,Jacob,Bennett,Doctor 17,2023-06-11
P1286,Raymond,Ward,Doctor 21,2023-06-11
P1338,Jessica,James,Doctor 26,2023-06-11
P1353,Betty,Cruz,Doctor 5,2023-06-11
P1540,Jonathan,Gonzalez,Doctor 25,2023-06-11
P1555,Eric,Green,Doctor 8,2023-06-11
P1555,Eric,Green,Doctor 8,2023-06-11
P1563,Barbara,Jackson,Doctor 15,2023-06-11
P1742,Joshua,Mitchell,Doctor 6,2023-06-11
P1815,Brian,Taylor,Doctor 14,2023-06-11
P1901,Patricia,Morgan,Doctor 29,2023-06-11
P1907,Melissa,Bennett,Doctor 3,2023-06-11
P1941,Mary,Perez,Doctor 38,2023-06-11
P2008,Amy,Baker,Doctor 23,2023-06-11
P2158,James,Brown,Doctor 2,2023-06-11
P2196,Brenda,Adams,Doctor 5,2023-06-11
P2304,Brian,Evans,Doctor 39,2023-06-11
P0076,Jessica,Sanders,Doctor 29,2023-06-12
P0095,Alexander,Gray,Doctor 26,2023-06-12
P0176,Larry,Watson,Doctor 49,2023-06-12
P0240,Sandra,Richardson,Doctor 24,2023-06-12
P0308,Jerry,Chavez,Doctor 10,2023-06-12
P0472,Aaron,Thomas,Doctor 10,2023-06-12
P0474,Jose,Ramirez,Doctor 19,2023-06-12
P0598,Michelle,Kim,Doctor 8,2023-06-12
P0767,Barbara,White,Doctor 23,2023-06-12
P0812,Brenda,Clark,Doctor 2,2023-06-12
P0939,Susan,Wood,Doctor 34,2023-06-12
P1038,Gary,Smith,Doctor 46,2023-06-12
P1059,Eric,Reyes,Doctor 6,2023-06-12
P1254,Virginia,Evans,Doctor 40,2023-06-12
P1299,Edward,Taylor,Doctor 50,2023-06-12
P1327,Deborah,Garcia,Doctor 5,2023-06-12
P1360,Barbara,Diaz,Doctor 33,2023-06-12
P1378,Karen,Lee,Doctor 39,2023-06-12
P1424,Susan,Phillips,Doctor 3,2023-06-12
P1615,Timothy,Gutierrez,Doctor 25,2023-06-12
P1633,Donald,Edwards,Doctor 48,2023-06-12
P1674,Barbara,Bailey,Doctor 37,2023-06-12
P1689,Anna,Wright,Doctor 16,2023-06-12
P2056,Betty,Jones,Doctor 49,2023-06-12
P2066,Sandra,Cox,Doctor 20,2023-06-12
P2182,Gregory,Nelson,Doctor 38,2023-06-12
P2305,Helen,Young,Doctor 50,2023-06-12
P0054,Brian,Stewart,Doctor 10,2023-06-13
P0182,George,Kelly,Doctor 10,2023-06-13
P0236,Elizabeth,Morgan,Doctor 24,2023-06-13
P0280,Anna,Jones,Doctor 12,2023-06-13
P0313,Joshua,Cooper,Doctor 26,2023-06-13
P0518,Jacob,White,Doctor 34,2023-06-13
P0643,Rebecca,Hall,Doctor 4,2023-06-13
P0647,Michelle,Cruz,Doctor 42,2023-06-13
P0684,William,Moore,Doctor 5,2023-06-13
P0760,Benjamin,Bailey,Doctor 49,2023-06-13
P0768,Jacob,Ramirez,Doctor 39,2023-06-13
P0828,Thomas,Ward,Doctor 45,2023-06-13
P0843,Kenneth,Kim,Doctor 3,2023-06-13
P0863,Kimberly,Moore,Doctor 17,2023-06-13
P0903,Karen,Mitchell,Doctor 12,2023-06-13
P1035,Jessica,Ward,Doctor 50,2023-06-13
P1212,Nancy,Davis,Doctor 1,2023-06-13
P1357,Angela,Castillo,Doctor 26,2023-06-13
P1411,Larry,Hughes,Doctor 34,2023-06-13
P1473,Samuel,Perez,Doctor 18,2023-06-13
P1508,Lisa,Allen,Doctor 9,2023-06-13
P1572,Donna,Baker,Doctor 35,2023-06-13
P1575,Brenda,Ortiz,Doctor 5,2023-06-13
P1582,Brian,Alvarez,Doctor 47,2023-06-13
P1589,Laura,Gray,Doctor 28,2023-06-13
P1895,Lisa,Ruiz,Doctor 48,2023-06-13
P1898,Cynthia,Patel,Doctor 50,2023-06-13
P1915,Steven,Reed,Doctor 8,2023-06-13
P2011,Carol,Robinson,Doctor 35,2023-06-13
P2068,Kimberly,Carter,Doctor 5,2023-06-13
P2137,Donna,Cook,Doctor 24,2023-06-13
P0063,Matthew,Morgan,Doctor 9,2023-06-14
P0106,Steven,Ortiz,Doctor 5,2023-06-14
P0227,Sarah,White,Doctor 4,2023-06-14
P0425,Helen,Ruiz,Doctor 32,2023-06-14
P0542,Joshua,Morris,Doctor 5,2023-06-14
P0600,Betty,Reyes,Doctor 44,2023-06-14
P0658,Linda,Adams,Doctor 4,2023-06-14
P0668,Helen,Lopez,Doctor 50,2023-06-14
P0680,Melissa,Scott,Doctor 8,2023-06-14
P0722,Joshua,Campbell,Doctor 3,2023-06-14
P1103,Ronald,Ramirez,Doctor 27,2023-06-14
P1112,Donna,Lopez,Doctor 40,2023-06-14
P1126,Benjamin,Nelson,Doctor 15,2023-06-14
P1286,Raymond,Ward,Doctor 21,2023-06-14
P1509,Sarah,Smith,Doctor 2,2023-06-14
P1516,Matthew,Miller,Doctor 23,2023-06-14
P1527,Anna,Cook,Doctor 5,2023-06-14
P1596,Sandra,Lewis,Doctor 24,2023-06-14
P1655,Kenneth,Cooper,Doctor 29,2023-06-14
P1657,Timothy,Sanchez,Doctor 34,2023-06-14
P1687,Donna,Taylor,Doctor 16,2023-06-14
P1696,Joshua,Miller,Doctor 47,2023-06-14
P1844,Daniel,Martinez,Doctor 35,2023-06-14
P1897,John,Mitchell,Doctor 24,2023-06-14
P1901,Patricia,Morgan,Doctor 34,2023-06-14
P1919,Rebecca,Green,Doctor 4,2023-06-14
P2002,Patrick,Lopez,Doctor 8,2023-06-14
P2145,Andrew,Murphy,Doctor 28,2023-06-14
P2175,Elizabeth,Hernandez,Doctor 36,2023-06-14
P2176,Angela,Wilson,Doctor 7,2023-06-14
P2191,Edward,Hernandez,Doctor 41,2023-06-14
P2212,Nicholas,Myers,Doctor 20,2023-06-14
P2213,Alexander,Kelly,Doctor 39,2023-06-14
P0059,George,Smith,Doctor 27,2023-06-15
P0115,Kathleen,Perez,Doctor 32,2023-06-15
P0164,Eric,Wood,Doctor 43,2023-06-15
P0194,Nancy,Torres,Doctor 46,2023-06-15
P0354,Amy,Ramirez,Doctor 3,2023-06-15
P0370,Sarah,James,Doctor 44,2023-06-15
P0479,Joseph,Ortiz,Doctor 39,2023-06-15
P0488,Gregory,Carter,Doctor 48,2023-06-15
P0491,Jerry,Kelly,Doctor 30,2023-06-15
P0570,Jacob,Mitchell,Doctor 20,2023-06-15
P0586,Michelle,Nelson,Doctor 26,2023-06-15
P0607,Betty,Morris,Doctor 46,2023-06-15
P0621,Elizabeth,Robinson,Doctor 41,2023-06-15
P0638,Timothy,Moore,Doctor 7,2023-06-15
P0693,Sandra,Jackson,Doctor 16,2023-06-15
P0783,Susan,Jones,Doctor 47,2023-06-15
P0863,Kimberly,Moore,Doctor 39,2023-06-15
P0880,Frank,Parker,Doctor 49,2023-06-15
P1058,Frank,Gray,Doctor 41,2023-06-15
P1064,Shirley,Price,Doctor 16,2023-06-15
P1127,Sandra,Nguyen,Doctor 34,2023-06-15
P1197,William,Clark,Doctor 37,2023-06-15
P1212,Nancy,Davis,Doctor 1,2023-06-15
P1244,Cynthia,Clark,Doctor 22,2023-06-15
P1250,Michael,Richardson,Doctor 39,2023-06-15
P1562,Anna,Hughes,Doctor 35,2023-06-15
P1579,Benjamin,Garcia,Doctor 28,2023-06-15
P1686,Virginia,Green,Doctor 43,2023-06-15
P1789,Jerry,Richardson,Doctor 36,2023-06-15
P1840,Laura,Brown,Doctor 31,2023-06-15
P1903,Barbara,Hall,Doctor 11,2023-06-15
P2142,Mary,Hughes,Doctor 29,2023-06-15
P2144,Shirley,Ward,Doctor 21,2023-06-15
P2194,Samuel,Brown,Doctor 36,2023-06-15
P2267,Christopher,King,Doctor 45,2023-06-15
P0065,Betty,Robinson,Doctor 10,2023-06-16
P0108,Kimberly,Gonzalez,Doctor 2,2023-06-16
P0170,Gregory,Jones,Doctor 35,2023-06-16
P0284,Tyler,Sanders,Doctor 10,2023-06-16
P0293,Robert,Martinez,Doctor 22,2023-06-16
P0301,Susan,Ramirez,Doctor 18,2023-06-16
P0308,Jerry,Chavez,Doctor 7,2023-06-16
P0429,Gregory,Chavez,Doctor 44,2023-06-16
P0620,Dennis,Martin,Doctor 3,2023-06-16
P0637,Mary,Taylor,Doctor 15,2023-06-16
P0656,Robert,Williams,Doctor 50,2023-06-16
P0743,Ryan,Brooks,Doctor 42,2023-06-16
P0906,Thomas,Bennett,Doctor 49,2023-06-16
P1059,Eric,Reyes,Doctor 6,2023-06-16
P1148,Emma,Young,Doctor 37,2023-06-16
P1172,Charles,Adams,Doctor 27,2023-06-16
P1273,Anna,Wilson,Doctor 46,2023-06-16
P1288,David,Watson,Doctor 25,2023-06-16
P1325,Mary,Alvarez,Doctor 49,2023-06-16
P1437,Ronald,Mendoza,Doctor 40,2023-06-16
P1448,Justin,Martin,Doctor 12,2023-06-16
P1455,Jack,King,Doctor 43,2023-06-16
P1474,Kathleen,White,Doctor 12,2023-06-16
P1510,Ruth,Clark,Doctor 44,2023-06-16
P1642,Angela,Johnson,Doctor 28,2023-06-16
P1729,Nancy,Moore,Doctor 47,2023-06-16
P1771,Melissa,Peterson,Doctor 47,2023-06-16
P1790,Ryan,Bailey,Doctor 42,2023-06-16
P1857,Justin,Hughes,Doctor 18,2023-06-16
P2112,Linda,Wright,Doctor 47,2023-06-16
P2169,George,Ramos,Doctor 4,2023-06-16
P2190,Joseph,Wright,Doctor 1,2023-06-16
P2233,Michelle,Richardson,Doctor 39,2023-06-16
P0112,Deborah,Green,Doctor 17,2023-06-17
P0124,Kimberly,Sanchez,Doctor 38,2023-06-17
P0180,Rebecca,Peterson,Doctor 21,2023-06-17
P0191,Michelle,Campbell,Doctor 7,2023-06-17
P0221,Eric,Torres,Doctor 43,2023-06-17
P0231,Nancy,Lopez,Doctor 48,2023-06-17
P0319,Sharon,Gonzalez,Doctor 49,2023-06-17
P0701,Anna,Cooper,Doctor 39,2023-06-17
P0764,Alexander,Robinson,Doctor 49,2023-06-17
P0789,Karen,Gutierrez,Doctor 12,2023-06-17
P0867,Amy,Myers,Doctor 43,2023-06-17
P0934,Justin,Sanders,Doctor 47,2023-06-17
P0962,Nancy,Price,Doctor 20,2023-06-17
P0994,Betty,Gomez,Doctor 12,2023-06-17
P1050,John,Lewis,Doctor 21,2023-06-17
P1078,Jason,Mendoza,Doctor 22,2023-06-17
P1128,Tyler,Williams,Doctor 13,2023-06-17
P1135,Amy,Diaz,Doctor 41,2023-06-17
P1439,Jack,Ward,Doctor 10,2023-06-17
P1472,Nancy,Castillo,Doctor 15,2023-06-17
P1507,Donna,Campbell,Doctor 32,2023-06-17
P1519,Eric,Castillo,Doctor 14,2023-06-17
P1594,Michael,Wood,Doctor 49,2023-06-17
P1621,Deborah,Smith,Doctor 38,2023-06-17
P1675,Nancy,Nguyen,Doctor 50,2023-06-17
P1781,Nicholas,Carter,Doctor 42,2023-06-17
P1902,Jason,Johnson,Doctor 14,2023-06-17
P1936,Helen,Phillips,Doctor 32,2023-06-17
P1940,Nicholas,Bailey,Doctor 12,2023-06-17
P1974,Jessica,Green,Doctor 45,2023-06-17
P0083,Rebecca,Gray,Doctor 29,2023-06-18
P0268,Sarah,Castillo,Doctor 2,2023-06-18
P0275,Barbara,Hernandez,Doctor 35,2023-06-18
P0290,Dorothy,Kelly,Doctor 45,2023-06-18
P0311,Charles,Baker,Doctor 24,2023-06-18
P0568,Jose,Roberts,Doctor 1,2023-06-18
P0695,Elizabeth,Diaz,Doctor 34,2023-06-18
P0764,Alexander,Robinson,Doctor 18,2023-06-18
P0798,Nancy,Morris,Doctor 18,2023-06-18
P0855,Donna,Adams,Doctor 28,2023-06-18
P0878,Daniel,Rivera,Doctor 5,2023-06-18
P0943,Thomas,Martinez,Doctor 28,2023-06-18
P1047,Ruth,Murphy,Doctor 32,2023-06-18
P1079,Patrick,Adams,Doctor 35,2023-06-18
P1089,Donna,Garcia,Doctor 24,2023-06-18
P1096,Karen,Peterson,Doctor 39,2023-06-18
P1153,Gregory,Hill,Doctor 21,2023-06-18
P1272,Joseph,Sanchez,Doctor 9,2023-06-18
P1354,Benjamin,Kim,Doctor 22,2023-06-18
P1571,Joshua,Taylor,Doctor 11,2023-06-18
P1627,Thomas,Howard,Doctor 24,2023-06-18
P1683,Jacob,Mendoza,Doctor 12,2023-06-18
P1788,Nicholas,Anderson,Doctor 10,2023-06-18
P1834,Helen,Roberts,Doctor 8,2023-06-18
P1851,Karen,Murphy,Doctor 7,2023-06-18
P1882,Jacob,Rivera,Doctor 37,2023-06-18
P1887,George,Garcia,Doctor 4,2023-06-18
P2036,Steven,Edwards,Doctor 35,2023-06-18
P2044,Jeffrey,James,Doctor 8,2023-06-18
P2237,Kenneth,Castillo,Doctor 50,2023-06-18
P2258,Edward,Perez,Doctor 45,2023-06-18
P2273,Jerry,Edwards,Doctor 43,2023-06-18
P0038,Gary,Nelson,Doctor 48,2023-06-19
P0137,Kevin,Moore,Doctor 34,2023-06-19
P0225,Jacob,Baker,Doctor 31,2023-06-19
P0232,Laura,Cook,Doctor 14,2023-06-19
P0263,Patrick,Myers,Doctor 36,2023-06-19
P0279,Jeffrey,Hall,Doctor 6,2023-06-19
P0310,Robert,Myers,Doctor 23,2023-06-19
P0313,Joshua,Cooper,Doctor 26,2023-06-19
P0336,Laura,Rivera,Doctor 26,2023-06-19
P0337,Kevin,Hernandez,Doctor 4,2023-06-19
P0397,Patricia,Mendoza,Doctor 49,2023-06-19
P0535,Mark,Green,Doctor 33,2023-06-19
P0605,Jeffrey,Martin,Doctor 31,2023-06-19
P0665,Nicholas,Allen,Doctor 20,2023-06-19
P0677,Benjamin,Turner,Doctor 15,2023-06-19
P0729,Cynthia,Gutierrez,Doctor 12,2023-06-19
P0760,Benjamin,Bailey,Doctor 34,2023-06-19
P0854,Sharon,Ramos,Doctor 11,2023-06-19
P0911,Brenda,Hall,Doctor 6,2023-06-19
P1025,Ruth,Adams,Doctor 21,2023-06-19
P1111,Michael,Flores,Doctor 22,2023-06-19
P1156,Joshua,Johnson,Doctor 50,2023-06-19
P1178,Ruth,Taylor,Doctor 44,2023-06-19
P1311,William,Green,Doctor 15,2023-06-19
P1371,Thomas,Morris,Doctor 3,2023-06-19
P1486,Sarah,Lee,Doctor 48,2023-06-19
P1490,Joseph,Anderson,Doctor 36,2023-06-19
P1562,Anna,Hughes,Doctor 35,2023-06-19
P1656,Mary,Price,Doctor 16,2023-06-19
P1758,Mary,Garcia,Doctor 17,2023-06-19
P1767,Dennis,Turner,Doctor 40,2023-06-19
P1781,Nicholas,Carter,Doctor 2,2023-06-19
P1797,Karen,Watson,Doctor 18,2023-06-19
P1809,Frank,Nguyen,Doctor 28,2023-06-19
P1848,Betty,Clark,Doctor 37,2023-06-19
P2133,Helen,Evans,Doctor 2,2023-06-19
P2222,Jerry,King,Doctor 31,2023-06-19
P0014,George,Miller,Doctor 36,2023-06-20
P0342,Christopher,Bennett,Doctor 27,2023-06-20
P0407,Cynthia,King,Doctor 48,2023-06-20
P0463,Dorothy,James,Doctor 17,2023-06-20
P0613,Stephen,Martinez,Doctor 32,2023-06-20
P0629,Linda,Reed,Doctor 20,2023-06-20
P0746,Edward,Williams,Doctor 18,2023-06-20
P0791,Deborah,Gomez,Doctor 20,2023-06-20
P0867,Amy,Myers,Doctor 35,2023-06-20
P1083,Emma,Stewart,Doctor 14,2023-06-20
P1139,Karen,Brown,Doctor 44,2023-06-20
P1465,Michelle,Chavez,Doctor 37,2023-06-20
P1467,Emma,Peterson,Doctor 30,2023-06-20
P1486,Sarah,Lee,Doctor 16,2023-06-20
P1684,Virginia,Gonzalez,Doctor 32,2023-06-20
P1801,Laura,Carter,Doctor 32,2023-06-20
P1839,Barbara,Gomez,Doctor 37,2023-06-20
P1860,Sharon,Williams,Doctor 3,2023-06-20
P1910,Amy,Adams,Doctor 48,2023-06-20
P2046,Gary,Phillips,Doctor 9,2023-06-20
P2120,Melissa,Kelly,Doctor 6,2023-06-20
P2198,Amy,Phillips,Doctor 38,2023-06-20
P0011,Sandra,Campbell,Doctor 42,2023-06-21
P0077,Laura,Williams,Doctor 33,2023-06-21
P0088,Raymond,Cruz,Doctor 48,2023-06-21
P0174,Sandra,Price,Doctor 41,2023-06-21
P0215,Cynthia,Brown,Doctor 23,2023-06-21
P0269,Emma,Campbell,Doctor 36,2023-06-21
P0295,Linda,Young,Doctor 26,2023-06-21
P0323,Anthony,Phillips,Doctor 23,2023-06-21
P0348,Jonathan,Rodriguez,Doctor 39,2023-06-21
P0410,Ryan,Morales,Doctor 35,2023-06-21
P0433,William,Martinez,Doctor 14,2023-06-21
P0463,Dorothy,James,Doctor 17,2023-06-21
P0529,Helen,Morris,Doctor 2,2023-06-21
P0554,Benjamin,Martin,Doctor 29,2023-06-21
P0742,Ronald,Walker,Doctor 50,2023-06-21
P0898,Sandra,Lopez,Doctor 25,2023-06-21
P0914,Raymond,Rodriguez,Doctor 41,2023-06-21
P0944,Matthew,Gray,Doctor 12,2023-06-21
P1009,David,Gonzalez,Doctor 27,2023-06-21
P1022,Brian,Cruz,Doctor 19,2023-06-21
P1170,Amy,Parker,Doctor 27,2023-06-21
P1204,Deborah,Wilson,Doctor 50,2023-06-21
P1213,Laura,Allen,Doctor 8,2023-06-21
P1240,Jessica,Williams,Doctor 1,2023-06-21
P1302,Sarah,Cox,Doctor 16,2023-06-21
P1377,Jonathan,Bennett,Doctor 34,2023-06-21
P1426,Rebecca,Harris,Doctor 29,2023-06-21
P1426,Rebecca,Harris,Doctor 29,2023-06-21
P1436,Daniel,Campbell,Doctor 9,2023-06-21
P1666,William,Adams,Doctor 10,2023-06-21
P1674,Barbara,Bailey,Doctor 3,2023-06-21
P1710,Ryan,Cook,Doctor 27,2023-06-21
P1813,Helen,Jackson,Doctor 21,2023-06-21
P1835,Alexander,Williams,Doctor 16,2023-06-21
P1931,Ruth,Campbell,Doctor 45,2023-06-21
P2095,Richard,Wright,Doctor 49,2023-06-21
P2133,Helen,Evans,Doctor 50,2023-06-21
P2293,Elizabeth,King,Doctor 32,2023-06-21
P0047,Sharon,Anderson,Doctor 4,2023-06-22
P0104,Angela,Cooper,Doctor 46,2023-06-22
P0118,Donna,Sanchez,Doctor 42,2023-06-22
P0134,Carol,Carter,Doctor 12,2023-06-22
P0145,Deborah,Morales,Doctor 8,2023-06-22
P0224,Kathleen,Chavez,Doctor 28,2023-06-22
P0238,Gary,Price,Doctor 11,2023-06-22
P0266,Joseph,Evans,Doctor 8,2023-06-22
P0308,Jerry,Chavez,Doctor 26,2023-06-22
P0345,Brandon,Nelson,Doctor 29,2023-06-22
P0413,Betty,Myers,Doctor 30,2023-06-22
P0548,Daniel,Wright,Doctor 25,2023-06-22
P0613,Stephen,Martinez,Doctor 20,2023-06-22
P0615,Tyler,Adams,Doctor 8,2023-06-22
P0676,Anthony,Young,Doctor 38,2023-06-22
P0736,Jerry,Stewart,Doctor 50,2023-06-22
P0800,Ruth,Cruz,Doctor 30,2023-06-22
P0990,Helen,Adams,Doctor 31,2023-06-22
P1072,Ronald,Evans,Doctor 11,2023-06-22
P1185,Donna,Robinson,Doctor 11,2023-06-22
P1200,Aaron,Castillo,Doctor 3,2023-06-22
P1390,Michael,Thomas,Doctor 18,2023-06-22
P1520,Dorothy,Ward,Doctor 35,2023-06-22
P1643,Jerry,Phillips,Doctor 39,2023-06-22
P1697,Edward,Wood,Doctor 28,2023-06-22
P1807,Brian,Allen,Doctor 4,2023-06-22
P1825,Ruth,Gutierrez,Doctor 2,2023-06-22
P1892,Angela,Baker,Doctor 33,2023-06-22
P1913,Jeffrey,Peterson,Doctor 41,2023-06-22
P1921,Robert,Ramirez,Doctor 41,2023-06-22
P1968,Betty,Martinez,Doctor 37,2023-06-22
P2023,Lisa,Hernandez,Doctor 27,2023-06-22
P2053,Mark,Miller,Doctor 4,2023-06-22
P2070,Barbara,Perez,Doctor 34,2023-06-22
P2092,Brian,Myers,Doctor 42,2023-06-22
P2106,Karen,Jones,Doctor 24,2023-06-22
P2297,Patrick,Turner,Doctor 42,2023-06-22
P0068,Kathleen,Lee,Doctor 32,2023-06-23
P0083,Rebecca,Gray,Doctor 9,2023-06-23
P0273,Donald,Lewis,Doctor 22,2023-06-23
P0290,Dorothy,Kelly,Doctor 2,2023-06-23
P0356,Aaron,Hill,Doctor 7,2023-06-23
P0368,Mary,Bennett,Doctor 40,2023-06-23
P0375,Betty,Lopez,Doctor 33,2023-06-23
P0466,Ronald,Hughes,Doctor 26,2023-06-23
P0467,Gregory,Howard,Doctor 42,2023-06-23
P0542,Joshua,Morris,Doctor 12,2023-06-23
P0554,Benjamin,Martin,Doctor 29,2023-06-23
P0558,Justin,Myers,Doctor 20,2023-06-23
P0743,Ryan,Brooks,Doctor 31,2023-06-23
P0761,Ruth,Rogers,Doctor 33,2023-06-23
P0802,Richard,Robinson,Doctor 21,2023-06-23
P0808,Nancy,Mendoza,Doctor 34,2023-06-23
P0959,Michelle,Morgan,Doctor 48,2023-06-23
P1067,Jennifer,Wood,Doctor 16,2023-06-23
P1114,Charles,Scott,Doctor 41,2023-06-23
P1135,Amy,Diaz,Doctor 45,2023-06-23
P1179,Justin,White,Doctor 14,2023-06-23
P1251,Sandra,Mitchell,Doctor 15,2023-06-23
P1396,Jose,Stewart,Doctor 33,2023-06-23
P1548,Barbara,Lee,Doctor 44,2023-06-23
P1555,Eric,Green,Doctor 41,2023-06-23
P1582,Brian,Alvarez,Doctor 49,2023-06-23
P1598,James,Ramos,Doctor 42,2023-06-23
P1680,Tyler,King,Doctor 29,2023-06-23
P1740,Barbara,Johnson,Doctor 41,2023-06-23
P1743,Michelle,Lee,Doctor 28,2023-06-23
P1751,Scott,Morales,Doctor 1,2023-06-23
P1854,Ronald,Collins,Doctor 47,2023-06-23
P1870,Jessica,Cox,Doctor 50,2023-06-23
P1988,Mary,Howard,Doctor 3,2023-06-23
P1999,Angela,Scott,Doctor 7,2023-06-23
P2015,Laura,Diaz,Doctor 3,2023-06-23
P2121,Jennifer,Jones,Doctor 27,2023-06-23
P2155,Kathleen,Flores,Doctor 3,2023-06-23
P2259,Brandon,Garcia,Doctor 46,2023-06-23
P0172,Elizabeth,Reed,Doctor 10,2023-06-24
P0245,Angela,Stewart,Doctor 39,2023-06-24
P0346,Michelle,Hill,Doctor 28,2023-06-24
P0364,Rebecca,Morgan,Doctor 26,2023-06-24
P0593,Sarah,Taylor,Doctor 46,2023-06-24
P0853,Ruth,Turner,Doctor 13,2023-06-24
P1146,Deborah,Hughes,Doctor 16,2023-06-24
P1221,Rebecca,Carter,Doctor 46,2023-06-24
P1335,Richard,Morris,Doctor 26,2023-06-24
P1366,Christopher,Hughes,Doctor 9,2023-06-24
P1423,David,Brooks,Doctor 46,2023-06-24
P1575,Brenda,Ortiz,Doctor 3,2023-06-24
P1585,Linda,Morales,Doctor 3,2023-06-24
P1609,Jerry,Martin,Doctor 33,2023-06-24
P1859,Timothy,Hernandez,Doctor 31,2023-06-24
P1898,Cynthia,Patel,Doctor 9,2023-06-24
P1901,Patricia,Morgan,Doctor 32,2023-06-24
P1936,Helen,Phillips,Doctor 15,2023-06-24
P1967,Charles,Green,Doctor 7,2023-06-24
P1973,Deborah,Stewart,Doctor 18,2023-06-24
P2104,Nicholas,Murphy,Doctor 14,2023-06-24
P2172,Patricia,White,Doctor 3,2023-06-24
P2240,Richard,Carter,Doctor 7,2023-06-24
P2288,Frank,Sanchez,Doctor 44,2023-06-24
P0030,Kenneth,Ward,Doctor 31,2023-06-25
P0090,Robert,Wood,Doctor 11,2023-06-25
P0099,Raymond,Moore,Doctor 23,2023-06-25
P0229,Lisa,Ramos,Doctor 16,2023-06-25
P0234,Stephen,Brown,Doctor 46,2023-06-25
P0290,Dorothy,Kelly,Doctor 20,2023-06-25
P0320,Sarah,Thomas,Doctor 13,2023-06-25
P0451,Sarah,Sanders,Doctor 43,2023-06-25
P0480,Shirley,Clark,Doctor 43,2023-06-25
P0590,Jeffrey,Rodriguez,Doctor 9,2023-06-25
P0724,Ryan,Kelly,Doctor 23,2023-06-25
P0789,Karen,Gutierrez,Doctor 26,2023-06-25
P0822,Helen,Kelly,Doctor 48,2023-06-25
P0833,Benjamin,Wright,Doctor 13,2023-06-25
P0833,Benjamin,Wright,Doctor 46,2023-06-25
P0899,Jessica,King,Doctor 5,2023-06-25
P0932,Susan,Hernandez,Doctor 33,2023-06-25
P1025,Ruth,Adams,Doctor 36,2023-06-25
P1087,Deborah,Peterson,Doctor 46,2023-06-25
P1172,Charles,Adams,Doctor 40,2023-06-25
P1191,Ronald,Bailey,Doctor 22,2023-06-25
P1216,Andrew,Thompson,Doctor 2,2023-06-25
P1297,Patricia,Brooks,Doctor 42,2023-06-25
P1423,David,Brooks,Doctor 26,2023-06-25
P1538,Charles,Sanders,Doctor 50,2023-06-25
P1571,Joshua,Taylor,Doctor 43,2023-06-25
P1716,Helen,Castillo,Doctor 35,2023-06-25
P1801,Laura,Carter,Doctor 34,2023-06-25
P1916,Sarah,Brooks,Doctor 30,2023-06-25
P1943,Melissa,Lewis,Doctor 47,2023-06-25
P2213,Alexander,Kelly,Doctor 17,2023-06-25
P2283,Kathleen,Rivera,Doctor 31,2023-06-25
P0009,Elizabeth,Johnson,Doctor 4,2023-06-26
P0025,Jessica,Cook,Doctor 45,2023-06-26
P0152,Helen,Hughes,Doctor 41,2023-06-26
P0228,Charles,Patel,Doctor 22,2023-06-26
P0276,Patrick,Clark,Doctor 44,2023-06-26
P0387,Sandra,Thomas,Doctor 20,2023-06-26
P0396,Donald,Smith,Doctor 7,2023-06-26
P0544,Karen,Sanchez,Doctor 49,2023-06-26
P0608,Deborah,Robinson,Doctor 31,2023-06-26
P0728,Jennifer,Roberts,Doctor 4,2023-06-26
P0828,Thomas,Ward,Doctor 23,2023-06-26
P0860,Shirley,Walker,Doctor 6,2023-06-26
P0902,Elizabeth,Jones,Doctor 22,2023-06-26
P0975,Daniel,Cook,Doctor 18,2023-06-26
P1085,Jessica,Cruz,Doctor 35,2023-06-26
P1143,Jacob,Morales,Doctor 45,2023-06-26
P1167,Jose,Castillo,Doctor 11,2023-06-26
P1202,Barbara,Martinez,Doctor 49,2023-06-26
P1342,Kathleen,Baker,Doctor 45,2023-06-26
P1385,Rebecca,Martinez,Doctor 18,2023-06-26
P1431,Donald,Ramirez,Doctor 18,2023-06-26
P1499,Benjamin,Young,Doctor 31,2023-06-26
P1572,Donna,Baker,Doctor 35,2023-06-26
P1802,Samuel,Collins,Doctor 45,2023-06-26
P1845,Sandra,Mendoza,Doctor 21,2023-06-26
P1921,Robert,Ramirez,Doctor 24,2023-06-26
P1933,Andrew,Bennett,Doctor 19,2023-06-26
P1977,Shirley,Turner,Doctor 31,2023-06-26
P1981,Elizabeth,Rodriguez,Doctor 49,2023-06-26
P2182,Gregory,Nelson,Doctor 47,2023-06-26
P2224,Jack,Lopez,Doctor 2,2023-06-26
P2236,Nancy,Alvarez,Doctor 7,2023-06-26
P2259,Brandon,Garcia,Doctor 34,2023-06-26
P0032,Michelle,Price,Doctor 25,2023-06-27
P0103,Jessica,Wright,Doctor 11,2023-06-27
P0125,Gary,Wright,Doctor 18,2023-06-27
P0134,Carol,Carter,Doctor 20,2023-06-27
P0148,Kevin,Howard,Doctor 20,2023-06-27
P0178,Gary,Harris,Doctor 33,2023-06-27
P0265,Patricia,Gray,Doctor 31,2023-06-27
P0268,Sarah,Castillo,Doctor 44,2023-06-27
P0292,Angela,Brooks,Doctor 49,2023-06-27
P0385,Jacob,Collins,Doctor 44,2023-06-27
P0460,Richard,Hill,Doctor 23,2023-06-27
P0478,Alexander,Bailey,Doctor 43,2023-06-27
P0503,Shirley,Thomas,Doctor 9,2023-06-27
P0545,Nicholas,Cooper,Doctor 31,2023-06-27
P0664,Nancy,King,Doctor 35,2023-06-27
P0736,Jerry,Stewart,Doctor 50,2023-06-27
P0783,Susan,Jones,Doctor 40,2023-06-27
P0798,Nancy,Morris,Doctor 18,2023-06-27
P0802,Richard,Robinson,Doctor 21,2023-06-27
P0845,John,Ward,Doctor 47,2023-06-27
P0864,Jack,Reyes,Doctor 45,2023-06-27
P1177,Jason,Wilson,Doctor 49,2023-06-27
P1228,Charles,Martinez,Doctor 18,2023-06-27
P1410,Charles,Morales,Doctor 3,2023-06-27
P1497,Edward,Price,Doctor 49,2023-06-27
P1531,Thomas,Rogers,Doctor 37,2023-06-27
P1574,Carol,Howard,Doctor 13,2023-06-27
P1603,Donna,Murphy,Doctor 20,2023-06-27
P1750,Angela,Torres,Doctor 17,2023-06-27
P2020,Ronald,Wright,Doctor 9,2023-06-27
P2076,Ronald,Sanchez,Doctor 34,2023-06-27
P2219,Charles,Young,Doctor 20,2023-06-27
P2246,Cynthia,Flores,Doctor 38,2023-06-27
P0024,Jeffrey,Cook,Doctor 31,2023-06-28
P0234,Stephen,Brown,Doctor 47,2023-06-28
P0263,Patrick,Myers,Doctor 36,2023-06-28
P0320,Sarah,Thomas,Doctor 2,2023-06-28
P0529,Helen,Morris,Doctor 20,2023-06-28
P0638,Timothy,Moore,Doctor 43,2023-06-28
P0699,Ruth,Brooks,Doctor 37,2023-06-28
P0709,Scott,Scott,Doctor 42,2023-06-28
P0769,Benjamin,Carter,Doctor 20,2023-06-28
P0831,Sarah,Perez,Doctor 30,2023-06-28
P0969,Kenneth,Cook,Doctor 28,2023-06-28
P1109,Thomas,Thomas,Doctor 35,2023-06-28
P1120,Melissa,Gutierrez,Doctor 29,2023-06-28
P1133,Karen,Ramos,Doctor 1,2023-06-28
P1163,Laura,Castillo,Doctor 48,2023-06-28
P1235,Kimberly,Lee,Doctor 46,2023-06-28
P1374,Alexander,Howard,Doctor 10,2023-06-28
P1558,Gary,Scott,Doctor 28,2023-06-28
P1737,Samuel,Moore,Doctor 1,2023-06-28
P1765,Eric,Clark,Doctor 33,2023-06-28
P1865,Sarah,Reed,Doctor 1,2023-06-28
P1941,Mary,Perez,Doctor 30,2023-06-28
P1988,Mary,Howard,Doctor 2,2023-06-28
P2148,George,King,Doctor 48,2023-06-28
P2256,Jerry,Thomas,Doctor 20,2023-06-28
P0006,Larry,Harris,Doctor 24,2023-06-29
P0069,Cynthia,Roberts,Doctor 3,2023-06-29
P0109,Justin,Allen,Doctor 22,2023-06-29
P0126,Sarah,Gutierrez,Doctor 17,2023-06-29
P0135,Jeffrey,King,Doctor 6,2023-06-29
P0148,Kevin,Howard,Doctor 47,2023-06-29
P0241,Charles,White,Doctor 28,2023-06-29
P0263,Patrick,Myers,Doctor 36,2023-06-29
P0475,Jeffrey,Bennett,Doctor 35,2023-06-29
P0486,Michael,Campbell,Doctor 41,2023-06-29
P0527,Barbara,Miller,Doctor 42,2023-06-29
P0530,Ruth,Garcia,Doctor 15,2023-06-29
P0552,Patrick,Ruiz,Doctor 6,2023-06-29
P0574,Michelle,Allen,Doctor 29,2023-06-29
P0767,Barbara,White,Doctor 23,2023-06-29
P0817,Christopher,Morris,Doctor 10,2023-06-29
P1011,Timothy,Flores,Doctor 4,2023-06-29
P1065,Jacob,Carter,Doctor 36,2023-06-29
P1198,Jacob,Thompson,Doctor 28,2023-06-29
P1381,Edward,Young,Doctor 10,2023-06-29
P1612,James,Edwards,Doctor 25,2023-06-29
P1718,Brenda,Hill,Doctor 16,2023-06-29
P1747,Sharon,Phillips,Doctor 11,2023-06-29
P1971,Michael,Kim,Doctor 4,2023-06-29
P1997,Justin,Ruiz,Doctor 12,2023-06-29
P2154,Linda,Mitchell,Doctor 12,2023-06-29
P2213,Alexander,Kelly,Doctor 46,2023-06-29
P2248,George,Walker,Doctor 50,2023-06-29
P2278,Gary,Ruiz,Doctor 13,2023-06-29
P0022,Betty,Allen,Doctor 30,2023-06-30
P0173,Dorothy,Mitchell,Doctor 27,2023-06-30
P0232,Laura,Cook,Doctor 5,2023-06-30
P0295,Linda,Young,Doctor 26,2023-06-30
P0309,Deborah,Martinez,Doctor 27,2023-06-30
P0347,Justin,Rogers,Doctor 48,2023-06-30
P0446,Kevin,Lee,Doctor 20,2023-06-30
P0509,Patrick,Miller,Doctor 34,2023-06-30
P0674,Benjamin,Collins,Doctor 46,2023-06-30
P0681,Gary,Adams,Doctor 41,2023-06-30
P0731,Jennifer,Thomas,Doctor 47,2023-06-30
P0826,Thomas,Bailey,Doctor 44,2023-06-30
P0961,Dennis,Diaz,Doctor 46,2023-06-30
P0967,Alexander,Chavez,Doctor 40,2023-06-30
P0996,Deborah,Williams,Doctor 46,2023-06-30
P1008,Gary,Miller,Doctor 36,2023-06-30
P1456,Ruth,Cook,Doctor 34,2023-06-30
P1471,Jacob,Nelson,Doctor 13,2023-06-30
P1566,Jack,Edwards,Doctor 42,2023-06-30
P1579,Benjamin,Garcia,Doctor 20,2023-06-30
P1585,Linda,Morales,Doctor 35,2023-06-30
P1586,Patrick,Martinez,Doctor 45,2023-06-30
P1616,Sarah,Hill,Doctor 48,2023-06-30
P1707,Joshua,Phillips,Doctor 20,2023-06-30
P1972,Charles,Walker,Doctor 37,2023-06-30
P2005,Jerry,Evans,Doctor 44,2023-06-30
P2025,Jennifer,Ortiz,Doctor 25,2023-06-30
P2200,Ruth,Hughes,Doctor 9,2023-06-30
P0243,Andrew,Clark,Doctor 25,2023-07-01
P0255,Jennifer,Clark,Doctor 45,2023-07-01
P0263,Patrick,Myers,Doctor 36,2023-07-01
P0322,Barbara,Sanders,Doctor 11,2023-07-01
P0575,Laura,Ramirez,Doctor 30,2023-07-01
P0615,Tyler,Adams,Doctor 22,2023-07-01
P0630,Andrew,Davis,Doctor 15,2023-07-01
P0692,Ronald,Taylor,Doctor 1,2023-07-01
P0886,Laura,Chavez,Doctor 46,2023-07-01
P0932,Susan,Hernandez,Doctor 33,2023-07-01
P1067,Jennifer,Wood,Doctor 16,2023-07-01
P1096,Karen,Peterson,Doctor 40,2023-07-01
P1241,Kimberly,King,Doctor 1,2023-07-01
P1375,Brandon,Peterson,Doctor 44,2023-07-01
P1431,Donald,Ramirez,Doctor 18,2023-07-01
P1452,Jerry,Cook,Doctor 34,2023-07-01
P1464,Shirley,Allen,Doctor 8,2023-07-01
P1688,Jerry,Miller,Doctor 37,2023-07-01
P1793,James,Moore,Doctor 13,2023-07-01
P1867,Stephen,Martin,Doctor 23,2023-07-01
P1897,John,Mitchell,Doctor 18,2023-07-01
P2014,Ruth,Robinson,Doctor 36,2023-07-01
P2091,Nancy,Sanchez,Doctor 35,2023-07-01
P2188,Timothy,Gomez,Doctor 5,2023-07-01
P2231,Frank,Ramirez,Doctor 21,2023-07-01
P2239,Ronald,Cook,Doctor 12,2023-07-01
P2251,Shirley,Jackson,Doctor 31,2023-07-01
P0004,Susan,White,Doctor 19,2023-07-02
P0153,Eric,Bailey,Doctor 48,2023-07-02
P0157,Aaron,Peterson,Doctor 45,2023-07-02
P0168,Angela,Phillips,Doctor 20,2023-07-02
P0222,Virginia,Turner,Doctor 25,2023-07-02
P0243,Andrew,Clark,Doctor 3,2023-07-02
P0290,Dorothy,Kelly,Doctor 14,2023-07-02
P0292,Angela,Brooks,Doctor 49,2023-07-02
P0352,Sandra,Ward,Doctor 49,2023-07-02
P0354,Amy,Ramirez,Doctor 14,2023-07-02
P0396,Donald,Smith,Doctor 7,2023-07-02
P0402,Nancy,Gray,Doctor 15,2023-07-02
P0421,Frank,Williams,Doctor 44,2023-07-02
P0463,Dorothy,James,Doctor 43,2023-07-02
P0541,Gregory,Brown,Doctor 15,2023-07-02
P0569,Sandra,Kelly,Doctor 5,2023-07-02
P0596,Edward,Patel,Doctor 38,2023-07-02
P0613,Stephen,Martinez,Doctor 28,2023-07-02
P0890,Charles,Roberts,Doctor 30,2023-07-02
P0946,Sandra,Rivera,Doctor 26,2023-07-02
P1002,Sharon,Thomas,Doctor 39,2023-07-02
P1063,Timothy,Morgan,Doctor 23,2023-07-02
P1122,Scott,Wood,Doctor 45,2023-07-02
P1165,Ryan,Martinez,Doctor 23,2023-07-02
P1206,Kevin,Ortiz,Doctor 49,2023-07-02
P1275,Alexander,Johnson,Doctor 2,2023-07-02
P1360,Barbara,Diaz,Doctor 33,2023-07-02
P1419,Aaron,Lopez,Doctor 30,2023-07-02
P1444,Ronald,Smith,Doctor 49,2023-07-02
P1505,Mark,Morgan,Doctor 7,2023-07-02
P1564,Dorothy,Jones,Doctor 36,2023-07-02
P1609,Jerry,Martin,Doctor 44,2023-07-02
P1841,Carol,Scott,Doctor 49,2023-07-02
P1866,Cynthia,Johnson,Doctor 17,2023-07-02
P1880,Donna,Bennett,Doctor 38,2023-07-02
P1947,Patrick,Allen,Doctor 9,2023-07-02
P2026,James,Scott,Doctor 12,2023-07-02
P2028,Donna,Rogers,Doctor 24,2023-07-02
P2093,Rebecca,Taylor,Doctor 36,2023-07-02
P2128,Michelle,Rodriguez,Doctor 36,2023-07-02
P2168,Angela,Ramirez,Doctor 34,2023-07-02
P2185,Jason,Ward,Doctor 40,2023-07-02
P2265,Edward,Allen,Doctor 13,2023-07-02
P0084,Shirley,Rivera,Doctor 43,2023-07-03
P0141,Virginia,Murphy,Doctor 35,2023-07-03
P0220,Kevin,Cruz,Doctor 46,2023-07-03
P0326,Donald,Perez,Doctor 36,2023-07-03
P0393,George,Brooks,Doctor 47,2023-07-03
P0412,Betty,Wright,Doctor 23,2023-07-03
P0425,Helen,Ruiz,Doctor 37,2023-07-03
P0550,Melissa,Collins,Doctor 45,2023-07-03
P0584,Angela,Anderson,Doctor 12,2023-07-03
P0603,Nicholas,Williams,Doctor 17,2023-07-03
P0753,Brian,Morgan,Doctor 19,2023-07-03
P0792,Sarah,Bennett,Doctor 10,2023-07-03
P0808,Nancy,Mendoza,Doctor 45,2023-07-03
P0837,Patricia,Howard,Doctor 10,2023-07-03
P0924,Robert,Morgan,Doctor 12,2023-07-03
P1072,Ronald,Evans,Doctor 11,2023-07-03
P1101,Daniel,Johnson,Doctor 15,2023-07-03
P1173,William,Cooper,Doctor 33,2023-07-03
P1227,Nicholas,Mitchell,Doctor 20,2023-07-03
P1265,Emma,Sanchez,Doctor 46,2023-07-03
P1292,Andrew,Reyes,Doctor 24,2023-07-03
P1342,Kathleen,Baker,Doctor 45,2023-07-03
P1358,David,Nguyen,Doctor 27,2023-07-03
P1565,Andrew,Phillips,Doctor 5,2023-07-03
P1565,Andrew,Phillips,Doctor 45,2023-07-03
P1735,Benjamin,Mitchell,Doctor 12,2023-07-03
P1802,Samuel,Collins,Doctor 45,2023-07-03
P1926,Patrick,Mitchell,Doctor 9,2023-07-03
P1968,Betty,Martinez,Doctor 39,2023-07-03
P2094,Kevin,Wright,Doctor 1,2023-07-03
P2278,Gary,Ruiz,Doctor 13,2023-07-03
P0412,Betty,Wright,Doctor 23,2023-07-04
P0487,Amy,Peterson,Doctor 50,2023-07-04
P0504,Joshua,Hernandez,Doctor 39,2023-07-04
P0749,James,Young,Doctor 31,2023-07-04
P0751,Sandra,James,Doctor 37,2023-07-04
P0823,Sandra,Wilson,Doctor 47,2023-07-04
P0881,Dennis,Myers,Doctor 34,2023-07-04
P1092,John,Myers,Doctor 14,2023-07-04
P1188,Sandra,Ruiz,Doctor 5,2023-07-04
P1280,Jeffrey,Scott,Doctor 11,2023-07-04
P1326,James,Robinson,Doctor 23,2023-07-04
P1336,Patrick,Collins,Doctor 35,2023-07-04
P1359,Jack,Taylor,Doctor 6,2023-07-04
P1466,Stephen,Howard,Doctor 46,2023-07-04
P1529,Nancy,Jones,Doctor 37,2023-07-04
P1590,Anthony,Johnson,Doctor 3,2023-07-04
P1635,Raymond,Carter,Doctor 9,2023-07-04
P1643,Jerry,Phillips,Doctor 15,2023-07-04
P1652,Shirley,Baker,Doctor 23,2023-07-04
P1806,Nancy,Diaz,Doctor 42,2023-07-04
P2020,Ronald,Wright,Doctor 43,2023-07-04
P2057,Benjamin,Campbell,Doctor 32,2023-07-04
P2129,Karen,Cooper,Doctor 36,2023-07-04
P2201,Anthony,Collins,Doctor 50,2023-07-04
P0019,Donna,Brooks,Doctor 18,2023-07-05
P0070,Emma,Clark,Doctor 41,2023-07-05
P0156,Edward,Gomez,Doctor 50,2023-07-05
P0270,Shirley,Carter,Doctor 42,2023-07-05
P0299,Donald,Thompson,Doctor 45,2023-07-05
P0314,Carol,Phillips,Doctor 6,2023-07-05
P0322,Barbara,Sanders,Doctor 11,2023-07-05
P0378,Larry,Moore,Doctor 10,2023-07-05
P0462,Daniel,Nelson,Doctor 39,2023-07-05
P0644,Virginia,Lopez,Doctor 46,2023-07-05
P0884,Thomas,Stewart,Doctor 19,2023-07-05
P0916,Edward,Gutierrez,Doctor 37,2023-07-05
P0920,Sarah,Jones,Doctor 49,2023-07-05
P0959,Michelle,Morgan,Doctor 7,2023-07-05
P1019,Virginia,Martinez,Doctor 5,2023-07-05
P1057,Jack,Adams,Doctor 35,2023-07-05
P1081,Tyler,Myers,Doctor 48,2023-07-05
P1125,Samuel,Myers,Doctor 25,2023-07-05
P1144,Karen,Martinez,Doctor 19,2023-07-05
P1146,Deborah,Hughes,Doctor 16,2023-07-05
P1271,Daniel,Parker,Doctor 6,2023-07-05
P1395,Ronald,Lee,Doctor 28,2023-07-05
P1544,Laura,Robinson,Doctor 3,2023-07-05
P1654,Linda,Taylor,Doctor 46,2023-07-05
P1718,Brenda,Hill,Doctor 26,2023-07-05
P1760,Susan,Hughes,Doctor 23,2023-07-05
P1859,Timothy,Hernandez,Doctor 31,2023-07-05
P1935,Karen,Allen,Doctor 19,2023-07-05
P1951,Andrew,Green,Doctor 24,2023-07-05
P2036,Steven,Edwards,Doctor 35,2023-07-05
P2089,Emma,Parker,Doctor 40,2023-07-05
P2165,Sharon,Young,Doctor 43,2023-07-05
P0051,Ruth,Gomez,Doctor 10,2023-07-06
P0069,Cynthia,Roberts,Doctor 3,2023-07-06
P0158,Angela,Gonzalez,Doctor 10,2023-07-06
P0257,Elizabeth,Castillo,Doctor 28,2023-07-06
P0340,Jason,Collins,Doctor 4,2023-07-06
P0355,Brandon,Cox,Doctor 4,2023-07-06
P0391,Samuel,Morales,Doctor 41,2023-07-06
P0469,Jacob,Perez,Doctor 15,2023-07-06
P0525,Timothy,King,Doctor 26,2023-07-06
P0585,Jessica,Rivera,Doctor 12,2023-07-06
P0631,Thomas,Harris,Doctor 15,2023-07-06
P0638,Timothy,Moore,Doctor 4,2023-07-06
P0707,Michelle,James,Doctor 23,2023-07-06
P0723,Shirley,Hill,Doctor 10,2023-07-06
P0754,Deborah,Kelly,Doctor 9,2023-07-06
P0863,Kimberly,Moore,Doctor 27,2023-07-06
P0907,Frank,Price,Doctor 1,2023-07-06
P0926,Anna,Mendoza,Doctor 2,2023-07-06
P1058,Frank,Gray,Doctor 41,2023-07-06
P1080,Sandra,Collins,Doctor 15,2023-07-06
P1090,Charles,Carter,Doctor 18,2023-07-06
P1162,Jason,James,Doctor 39,2023-07-06
P1184,Nicholas,King,Doctor 27,2023-07-06
P1202,Barbara,Martinez,Doctor 39,2023-07-06
P1356,Joshua,Cox,Doctor 22,2023-07-06
P1368,Kenneth,Campbell,Doctor 17,2023-07-06
P1477,Sandra,Edwards,Doctor 6,2023-07-06
P1531,Thomas,Rogers,Doctor 49,2023-07-06
P2031,Gregory,Wood,Doctor 28,2023-07-06
P2055,Kimberly,Alvarez,Doctor 23,2023-07-06
P2107,Susan,Turner,Doctor 44,2023-07-06
P2215,Sarah,Gomez,Doctor 34,2023-07-06
P2292,Robert,Morris,Doctor 43,2023-07-06
P0044,Ruth,Bennett,Doctor 45,2023-07-07
P0068,Kathleen,Lee,Doctor 23,2023-07-07
P0096,Joshua,Reed,Doctor 5,2023-07-07
P0128,Larry,Reyes,Doctor 24,2023-07-07
P0271,Sandra,Brooks,Doctor 5,2023-07-07
P0329,Sarah,Reyes,Doctor 31,2023-07-07
P0361,Michael,Smith,Doctor 15,2023-07-07
P0398,Nicholas,Diaz,Doctor 2,2023-07-07
P0502,Gregory,Nguyen,Doctor 1,2023-07-07
P0565,Steven,Gomez,Doctor 24,2023-07-07
P0853,Ruth,Turner,Doctor 13,2023-07-07
P0880,Frank,Parker,Doctor 49,2023-07-07
P1018,Karen,Phillips,Doctor 25,2023-07-07
P1020,Patrick,Sanders,Doctor 7,2023-07-07
P1199,Sandra,Robinson,Doctor 37,2023-07-07
P1322,Susan,Rogers,Doctor 22,2023-07-07
P1333,Frank,King,Doctor 37,2023-07-07
P1352,Raymond,Jackson,Doctor 3,2023-07-07
P1506,Sharon,Reyes,Doctor 5,2023-07-07
P1553,Christopher,Campbell,Doctor 24,2023-07-07
P1727,Donald,Evans,Doctor 46,2023-07-07
P1788,Nicholas,Anderson,Doctor 10,2023-07-07
P1868,Tyler,Martin,Doctor 22,2023-07-07
P1995,Aaron,Stewart,Doctor 48,2023-07-07
P2182,Gregory,Nelson,Doctor 31,2023-07-07
P0082,Aaron,Adams,Doctor 2,2023-07-08
P0159,Donna,Reed,Doctor 11,2023-07-08
P0306,Ryan,Thompson,Doctor 49,2023-07-08
P0334,Rebecca,Reed,Doctor 47,2023-07-08
P0488,Gregory,Carter,Doctor 48,2023-07-08
P0596,Edward,Patel,Doctor 38,2023-07-08
P0602,Daniel,Moore,Doctor 9,2023-07-08
P0676,Anthony,Young,Doctor 30,2023-07-08
P0697,Rebecca,Martin,Doctor 6,2023-07-08
P0775,Jerry,Hill,Doctor 44,2023-07-08
P0978,Daniel,Cooper,Doctor 33,2023-07-08
P0979,Dennis,Lewis,Doctor 11,2023-07-08
P1000,Christopher,Howard,Doctor 35,2023-07-08
P1020,Patrick,Sanders,Doctor 7,2023-07-08
P1055,Gregory,Stewart,Doctor 16,2023-07-08
P1061,Tyler,Stewart,Doctor 20,2023-07-08
P1206,Kevin,Ortiz,Doctor 37,2023-07-08
P1262,Sharon,Brown,Doctor 16,2023-07-08
P1446,Scott,Morris,Doctor 39,2023-07-08
P1476,Susan,Martin,Doctor 5,2023-07-08
P1479,Jessica,Flores,Doctor 48,2023-07-08
P1491,Mark,Sanders,Doctor 33,2023-07-08
P1497,Edward,Price,Doctor 38,2023-07-08
P1539,Brian,Jackson,Doctor 40,2023-07-08
P1811,Jessica,Brown,Doctor 6,2023-07-08
P1840,Laura,Brown,Doctor 1,2023-07-08
P1894,Kimberly,Myers,Doctor 49,2023-07-08
P2041,Amy,Kim,Doctor 48,2023-07-08
P2167,Dennis,Clark,Doctor 13,2023-07-08
P2193,Elizabeth,Hughes,Doctor 20,2023-07-08
P2222,Jerry,King,Doctor 28,2023-07-08
P2248,George,Walker,Doctor 8,2023-07-08
P2303,Anna,Sanders,Doctor 44,2023-07-08
P0022,Betty,Allen,Doctor 30,2023-07-09
P0060,Karen,Moore,Doctor 50,2023-07-09
P0074,Christopher,Brooks,Doctor 36,2023-07-09
P0103,Jessica,Wright,Doctor 11,2023-07-09
P0104,Angela,Cooper,Doctor 46,2023-07-09
P0144,Melissa,Alvarez,Doctor 42,2023-07-09
P0218,Cynthia,Myers,Doctor 25,2023-07-09
P0437,Helen,Ward,Doctor 46,2023-07-09
P0544,Karen,Sanchez,Doctor 34,2023-07-09
P0554,Benjamin,Martin,Doctor 19,2023-07-09
P0625,Linda,Patel,Doctor 8,2023-07-09
P0660,Dorothy,Mendoza,Doctor 38,2023-07-09
P0691,Dennis,Williams,Doctor 10,2023-07-09
P0738,Charles,Jackson,Doctor 16,2023-07-09
P0850,Mark,Torres,Doctor 12,2023-07-09
P0860,Shirley,Walker,Doctor 45,2023-07-09
P0865,Brian,Anderson,Doctor 6,2023-07-09
P0953,Cynthia,Wright,Doctor 8,2023-07-09
P1163,Laura,Castillo,Doctor 37,2023-07-09
P1391,Virginia,Nguyen,Doctor 49,2023-07-09
P1421,Thomas,Gutierrez,Doctor 9,2023-07-09
P1454,Carol,Peterson,Doctor 30,2023-07-09
P1485,Timothy,Collins,Doctor 6,2023-07-09
P1492,Karen,Alvarez,Doctor 5,2023-07-09
P1618,Anthony,Kelly,Doctor 45,2023-07-09
P1657,Timothy,Sanchez,Doctor 34,2023-07-09
P1729,Nancy,Moore,Doctor 21,2023-07-09
P1802,Samuel,Collins,Doctor 45,2023-07-09
P1898,Cynthia,Patel,Doctor 30,2023-07-09
P1917,Deborah,Carter,Doctor 4,2023-07-09
P1986,Jack,Wilson,Doctor 15,2023-07-09
P2058,Laura,Hall,Doctor 35,2023-07-09
P2099,Sarah,Parker,Doctor 10,2023-07-09
P2130,John,Rogers,Doctor 44,2023-07-09
P2138,Mark,Phillips,Doctor 22,2023-07-09
P2245,Aaron,Cook,Doctor 46,2023-07-09
P0148,Kevin,Howard,Doctor 13,2023-07-10
P0282,Kimberly,Ortiz,Doctor 24,2023-07-10
P0453,Donna,Turner,Doctor 11,2023-07-10
P0520,Joseph,Rogers,Doctor 14,2023-07-10
P0583,Jennifer,Cooper,Doctor 25,2023-07-10
P0670,Kevin,Kelly,Doctor 20,2023-07-10
P0875,Melissa,Johnson,Doctor 47,2023-07-10
P0891,Raymond,Evans,Doctor 30,2023-07-10
P0897,Sharon,Carter,Doctor 37,2023-07-10
P0935,Donald,James,Doctor 26,2023-07-10
P0940,Richard,Lewis,Doctor 35,2023-07-10
P1001,Robert,Lopez,Doctor 3,2023-07-10
P1076,Raymond,Martin,Doctor 25,2023-07-10
P1101,Daniel,Johnson,Doctor 15,2023-07-10
P1120,Melissa,Gutierrez,Doctor 45,2023-07-10
P1319,Justin,Thomas,Doctor 2,2023-07-10
P1557,Dennis,Morales,Doctor 36,2023-07-10
P1673,Cynthia,Castillo,Doctor 42,2023-07-10
P1857,Justin,Hughes,Doctor 18,2023-07-10
P1959,Robert,Rivera,Doctor 9,2023-07-10
P1977,Shirley,Turner,Doctor 13,2023-07-10
P2107,Susan,Turner,Doctor 39,2023-07-10
P2132,Barbara,Gutierrez,Doctor 5,2023-07-10
P2169,George,Ramos,Doctor 4,2023-07-10
P2186,Joshua,Ruiz,Doctor 49,2023-07-10
P2220,Aaron,Bennett,Doctor 3,2023-07-10
P2234,Frank,Bennett,Doctor 4,2023-07-10
P2269,Mark,Taylor,Doctor 47,2023-07-10
P2272,Helen,Gonzalez,Doctor 6,2023-07-10
P0059,George,Smith,Doctor 6,2023-07-11
P0060,Karen,Moore,Doctor 23,2023-07-11
P0124,Kimberly,Sanchez,Doctor 10,2023-07-11
P0211,Brian,Baker,Doctor 40,2023-07-11
P0511,Cynthia,Chavez,Doctor 11,2023-07-11
P0520,Joseph,Rogers,Doctor 15,2023-07-11
P0610,Kenneth,Murphy,Doctor 43,2023-07-11
P0667,Kenneth,Scott,Doctor 10,2023-07-11
P0729,Cynthia,Gutierrez,Doctor 12,2023-07-11
P0796,Timothy,Campbell,Doctor 23,2023-07-11
P0853,Ruth,Turner,Doctor 13,2023-07-11
P0877,Dennis,Mitchell,Doctor 32,2023-07-11
P1177,Jason,Wilson,Doctor 35,2023-07-11
P1383,Deborah,Sanders,Doctor 1,2023-07-11
P1390,Michael,Thomas,Doctor 18,2023-07-11
P1395,Ronald,Lee,Doctor 28,2023-07-11
P1398,Robert,Rogers,Doctor 44,2023-07-11
P1605,Deborah,Torres,Doctor 41,2023-07-11
P1658,George,Campbell,Doctor 42,2023-07-11
P1741,Kimberly,Torres,Doctor 44,2023-07-11
P1750,Angela,Torres,Doctor 10,2023-07-11
P1934,Lisa,Watson,Doctor 22,2023-07-11
P1944,Gary,Bennett,Doctor 8,2023-07-11
P2188,Timothy,Gomez,Doctor 5,2023-07-11
P2229,Jonathan,White,Doctor 47,2023-07-11
P0007,Carol,Richardson,Doctor 35,2023-07-12
P0167,Ryan,Lopez,Doctor 37,2023-07-12
P0183,Eric,Morales,Doctor 36,2023-07-12
P0246,Laura,Davis,Doctor 49,2023-07-12
P0255,Jennifer,Clark,Doctor 20,2023-07-12
P0390,Virginia,Mitchell,Doctor 34,2023-07-12
P0400,Brenda,Sanders,Doctor 44,2023-07-12
P0413,Betty,Myers,Doctor 9,2023-07-12
P0418,Thomas,Gray,Doctor 34,2023-07-12
P0644,Virginia,Lopez,Doctor 28,2023-07-12
P0678,Jerry,Moore,Doctor 27,2023-07-12
P0853,Ruth,Turner,Doctor 36,2023-07-12
P1096,Karen,Peterson,Doctor 40,2023-07-12
P1153,Gregory,Hill,Doctor 31,2023-07-12
P1254,Virginia,Evans,Doctor 40,2023-07-12
P1269,Andrew,Smith,Doctor 39,2023-07-12
P1281,Mark,Perez,Doctor 10,2023-07-12
P1308,Alexander,Thompson,Doctor 25,2023-07-12
P1407,Elizabeth,Cook,Doctor 31,2023-07-12
P1442,Matthew,Castillo,Doctor 49,2023-07-12
P1604,Joshua,Lewis,Doctor 28,2023-07-12
P1682,Anna,Nelson,Doctor 19,2023-07-12
P1736,Sandra,Flores,Doctor 41,2023-07-12
P1790,Ryan,Bailey,Doctor 20,2023-07-12
P1898,Cynthia,Patel,Doctor 17,2023-07-12
P2215,Sarah,Gomez,Doctor 34,2023-07-12
P2238,Christopher,Gomez,Doctor 34,2023-07-12
P0171,Sharon,Davis,Doctor 36,2023-07-13
P0190,Rebecca,Ramos,Doctor 14,2023-07-13
P0424,Jacob,Jones,Doctor 50,2023-07-13
P0593,Sarah,Taylor,Doctor 46,2023-07-13
P0942,Eric,Scott,Doctor 18,2023-07-13
P1011,Timothy,Flores,Doctor 38,2023-07-13
P1090,Charles,Carter,Doctor 18,2023-07-13
P1306,Emma,Gray,Doctor 25,2023-07-13
P1335,Richard,Morris,Doctor 26,2023-07-13
P1437,Ronald,Mendoza,Doctor 49,2023-07-13
P1538,Charles,Sanders,Doctor 26,2023-07-13
P1545,Samuel,Torres,Doctor 4,2023-07-13
P1762,Steven,Evans,Doctor 30,2023-07-13
P1824,Barbara,Ortiz,Doctor 16,2023-07-13
P1856,Aaron,Scott,Doctor 33,2023-07-13
P1923,Mark,Ward,Doctor 40,2023-07-13
P2033,Edward,Flores,Doctor 11,2023-07-13
P2212,Nicholas,Myers,Doctor 20,2023-07-13
P2294,Karen,Baker,Doctor 11,2023-07-13
P0189,Jerry,Lopez,Doctor 42,2023-07-14
P0264,Patrick,Bennett,Doctor 18,2023-07-14
P0408,Anthony,Hughes,Doctor 35,2023-07-14
P0450,Sharon,King,Doctor 11,2023-07-14
P0541,Gregory,Brown,Doctor 19,2023-07-14
P0653,Thomas,Price,Doctor 27,2023-07-14
P0773,Dennis,Nguyen,Doctor 35,2023-07-14
P0786,Sarah,Chavez,Doctor 6,2023-07-14
P0825,David,Reyes,Doctor 7,2023-07-14
P1086,Matthew,Gonzalez,Doctor 44,2023-07-14
P1320,Lisa,Williams,Doctor 34,2023-07-14
P1369,Donna,Green,Doctor 33,2023-07-14
P1425,Brenda,Jones,Doctor 46,2023-07-14
P1428,Ruth,Price,Doctor 9,2023-07-14
P1430,Jeffrey,Watson,Doctor 46,2023-07-14
P1478,Ronald,Wilson,Doctor 6,2023-07-14
P1486,Sarah,Lee,Doctor 31,2023-07-14
P1547,Benjamin,Richardson,Doctor 37,2023-07-14
P1581,Dorothy,White,Doctor 7,2023-07-14
P1590,Anthony,Johnson,Doctor 34,2023-07-14
P1616,Sarah,Hill,Doctor 48,2023-07-14
P1681,Mary,Nelson,Doctor 22,2023-07-14
P1732,Kimberly,Morales,Doctor 13,2023-07-14
P1772,Edward,Gonzalez,Doctor 45,2023-07-14
P1922,Jose,Green,Doctor 26,2023-07-14
P1969,Brandon,Sanchez,Doctor 39,2023-07-14
P2027,Thomas,Sanders,Doctor 7,2023-07-14
P2072,Amy,Allen,Doctor 18,2023-07-14
P2088,Jack,Hill,Doctor 21,2023-07-14
P2280,Steven,Lewis,Doctor 31,2023-07-14
P0018,Daniel,Castillo,Doctor 13,2023-07-15
P0068,Kathleen,Lee,Doctor 31,2023-07-15
P0123,Jose,Williams,Doctor 50,2023-07-15
P0123,Jose,Williams,Doctor 14,2023-07-15
P0166,Michael,Lee,Doctor 49,2023-07-15
P0198,Shirley,Moore,Doctor 33,2023-07-15
P0399,Gregory,Bennett,Doctor 11,2023-07-15
P0456,Benjamin,Moore,Doctor 13,2023-07-15
P0535,Mark,Green,Doctor 33,2023-07-15
P0567,Ryan,Gutierrez,Doctor 31,2023-07-15
P0586,Michelle,Nelson,Doctor 26,2023-07-15
P0594,Jerry,Myers,Doctor 33,2023-07-15
P0666,Dennis,Roberts,Doctor 9,2023-07-15
P0697,Rebecca,Martin,Doctor 23,2023-07-15
P0744,Michael,Scott,Doctor 23,2023-07-15
P0812,Brenda,Clark,Doctor 2,2023-07-15
P0947,Deborah,Baker,Doctor 49,2023-07-15
P1065,Jacob,Carter,Doctor 3,2023-07-15
P1113,Helen,Brown,Doctor 10,2023-07-15
P1161,Karen,Adams,Doctor 49,2023-07-15
P1183,Sandra,Patel,Doctor 8,2023-07-15
P1192,Sarah,Mitchell,Doctor 8,2023-07-15
P1231,Rebecca,Moore,Doctor 33,2023-07-15
P1236,Carol,Lewis,Doctor 38,2023-07-15
P1248,Jason,Cook,Doctor 31,2023-07-15
P1303,Linda,Kelly,Doctor 49,2023-07-15
P1339,Anna,Brown,Doctor 14,2023-07-15
P1443,Michelle,Carter,Doctor 46,2023-07-15
P1457,David,Richardson,Doctor 35,2023-07-15
P1551,Steven,Lopez,Doctor 11,2023-07-15
P1619,Edward,Walker,Doctor 26,2023-07-15
P1701,James,Morris,Doctor 13,2023-07-15
P1736,Sandra,Flores,Doctor 33,2023-07-15
P1847,Kimberly,Martinez,Doctor 9,2023-07-15
P1852,Mark,Brooks,Doctor 47,2023-07-15
P1868,Tyler,Martin,Doctor 22,2023-07-15
P1921,Robert,Ramirez,Doctor 24,2023-07-15
P1943,Melissa,Lewis,Doctor 36,2023-07-15
P1975,Timothy,Phillips,Doctor 45,2023-07-15
P1992,Donald,Gutierrez,Doctor 50,2023-07-15
P2028,Donna,Rogers,Doctor 41,2023-07-15
P2036,Steven,Edwards,Doctor 24,2023-07-15
P2120,Melissa,Kelly,Doctor 6,2023-07-15
P2250,Thomas,Peterson,Doctor 36,2023-07-15
P0111,Benjamin,King,Doctor 29,2023-07-16
P0189,Jerry,Lopez,Doctor 42,2023-07-16
P0190,Rebecca,Ramos,Doctor 14,2023-07-16
P0208,Mary,Sanders,Doctor 3,2023-07-16
P0233,Justin,Gonzalez,Doctor 14,2023-07-16
P0295,Linda,Young,Doctor 26,2023-07-16
P0475,Jeffrey,Bennett,Doctor 35,2023-07-16
P0485,Patricia,Smith,Doctor 49,2023-07-16
P0608,Deborah,Robinson,Doctor 31,2023-07-16
P0612,Eric,Cook,Doctor 3,2023-07-16
P0629,Linda,Reed,Doctor 20,2023-07-16
P0856,George,Flores,Doctor 4,2023-07-16
P0959,Michelle,Morgan,Doctor 50,2023-07-16
P1041,Daniel,Hill,Doctor 22,2023-07-16
P1108,Sarah,Wilson,Doctor 38,2023-07-16
P1127,Sandra,Nguyen,Doctor 44,2023-07-16
P1223,John,Gomez,Doctor 11,2023-07-16
P1239,Timothy,Brown,Doctor 11,2023-07-16
P1284,Larry,Castillo,Doctor 46,2023-07-16
P1320,Lisa,Williams,Doctor 34,2023-07-16
P1357,Angela,Castillo,Doctor 47,2023-07-16
P1380,Carol,Wood,Doctor 44,2023-07-16
P1394,Helen,Rogers,Doctor 29,2023-07-16
P1437,Ronald,Mendoza,Doctor 8,2023-07-16
P1453,Anthony,Morgan,Doctor 1,2023-07-16
P1597,Edward,Robinson,Doctor 40,2023-07-16
P1691,Nicholas,Roberts,Doctor 22,2023-07-16
P1724,Donald,Chavez,Doctor 31,2023-07-16
P1820,Ruth,Smith,Doctor 11,2023-07-16
P2246,Cynthia,Flores,Doctor 38,2023-07-16
P2284,Cynthia,Lopez,Doctor 42,2023-07-16
P0219,James,Murphy,Doctor 36,2023-07-17
P0229,Lisa,Ramos,Doctor 16,2023-07-17
P0253,Brandon,Sanders,Doctor 45,2023-07-17
P0310,Robert,Myers,Doctor 21,2023-07-17
P0316,Michelle,Howard,Doctor 30,2023-07-17
P0334,Rebecca,Reed,Doctor 29,2023-07-17
P0375,Betty,Lopez,Doctor 26,2023-07-17
P0413,Betty,Myers,Doctor 11,2023-07-17
P0482,Steven,Scott,Doctor 24,2023-07-17
P0552,Patrick,Ruiz,Doctor 2,2023-07-17
P0625,Linda,Patel,Doctor 8,2023-07-17
P0640,Susan,Alvarez,Doctor 44,2023-07-17
P0689,Sandra,Bailey,Doctor 30,2023-07-17
P0705,Gary,Jackson,Doctor 34,2023-07-17
P0751,Sandra,James,Doctor 2,2023-07-17
P0773,Dennis,Nguyen,Doctor 32,2023-07-17
P0834,Donna,Collins,Doctor 10,2023-07-17
P1425,Brenda,Jones,Doctor 46,2023-07-17
P1432,Benjamin,Murphy,Doctor 23,2023-07-17
P1502,Ruth,Hernandez,Doctor 29,2023-07-17
P1532,Sarah,Torres,Doctor 4,2023-07-17
P1593,Carol,Rogers,Doctor 19,2023-07-17
P1599,Eric,Ramirez,Doctor 30,2023-07-17
P1615,Timothy,Gutierrez,Doctor 17,2023-07-17
P1621,Deborah,Smith,Doctor 38,2023-07-17
P1731,Benjamin,Baker,Doctor 39,2023-07-17
P1830,John,Jackson,Doctor 26,2023-07-17
P1861,Tyler,Taylor,Doctor 26,2023-07-17
P1898,Cynthia,Patel,Doctor 46,2023-07-17
P1928,Joseph,Thompson,Doctor 47,2023-07-17
P2014,Ruth,Robinson,Doctor 39,2023-07-17
P2071,Michelle,Cooper,Doctor 24,2023-07-17
P2090,Deborah,Morgan,Doctor 30,2023-07-17
P2194,Samuel,Brown,Doctor 14,2023-07-17
P2260,Carol,King,Doctor 17,2023-07-17
P0005,Andrew,Morris,Doctor 9,2023-07-18
P0199,William,Cox,Doctor 21,2023-07-18
P0256,Dennis,Scott,Doctor 15,2023-07-18
P0276,Patrick,Clark,Doctor 44,2023-07-18
P0332,Joseph,Martinez,Doctor 14,2023-07-18
P0350,Kenneth,Ruiz,Doctor 6,2023-07-18
P0375,Betty,Lopez,Doctor 34,2023-07-18
P0768,Jacob,Ramirez,Doctor 39,2023-07-18
P0896,Laura,Jackson,Doctor 30,2023-07-18
P0898,Sandra,Lopez,Doctor 27,2023-07-18
P0923,Edward,Lee,Doctor 40,2023-07-18
P0966,Kimberly,Hughes,Doctor 26,2023-07-18
P0993,David,Myers,Doctor 30,2023-07-18
P0994,Betty,Gomez,Doctor 12,2023-07-18
P1023,Helen,Baker,Doctor 50,2023-07-18
P1052,Samuel,Diaz,Doctor 22,2023-07-18
P1183,Sandra,Patel,Doctor 21,2023-07-18
P1430,Jeffrey,Watson,Doctor 28,2023-07-18
P1539,Brian,Jackson,Doctor 27,2023-07-18
P1573,Eric,Robinson,Doctor 37,2023-07-18
P1679,Elizabeth,Wright,Doctor 8,2023-07-18
P1740,Barbara,Johnson,Doctor 41,2023-07-18
P1784,Michael,Clark,Doctor 28,2023-07-18
P1807,Brian,Allen,Doctor 30,2023-07-18
P1950,Sharon,Evans,Doctor 25,2023-07-18
P2085,Nancy,Scott,Doctor 2,2023-07-18
P0036,Jessica,Perez,Doctor 4,2023-07-19
P0041,Sarah,Morales,Doctor 41,2023-07-19
P0044,Ruth,Bennett,Doctor 24,2023-07-19
P0151,Matthew,Diaz,Doctor 23,2023-07-19
P0169,Charles,Nelson,Doctor 16,2023-07-19
P0205,Jason,Lewis,Doctor 27,2023-07-19
P0232,Laura,Cook,Doctor 6,2023-07-19
P0282,Kimberly,Ortiz,Doctor 24,2023-07-19
P0315,Gary,Patel,Doctor 4,2023-07-19
P0321,Laura,Myers,Doctor 20,2023-07-19
P0369,Gary,Castillo,Doctor 23,2023-07-19
P0397,Patricia,Mendoza,Doctor 9,2023-07-19
P0425,Helen,Ruiz,Doctor 28,2023-07-19
P0555,Laura,Nelson,Doctor 19,2023-07-19
P0606,Kimberly,Ramirez,Doctor 3,2023-07-19
P0608,Deborah,Robinson,Doctor 49,2023-07-19
P0660,Dorothy,Mendoza,Doctor 35,2023-07-19
P0719,Lisa,Richardson,Doctor 49,2023-07-19
P0729,Cynthia,Gutierrez,Doctor 12,2023-07-19
P0730,Mark,Alvarez,Doctor 26,2023-07-19
P0775,Jerry,Hill,Doctor 44,2023-07-19
P0876,Susan,Howard,Doctor 49,2023-07-19
P0922,Carol,Cox,Doctor 18,2023-07-19
P0941,Helen,Moore,Doctor 36,2023-07-19
P1001,Robert,Lopez,Doctor 3,2023-07-19
P1124,James,Morales,Doctor 33,2023-07-19
P1173,William,Cooper,Doctor 23,2023-07-19
P1328,Amy,Flores,Doctor 31,2023-07-19
P1531,Thomas,Rogers,Doctor 32,2023-07-19
P1591,Rebecca,Robinson,Doctor 22,2023-07-19
P1629,Jack,Lee,Doctor 44,2023-07-19
P2016,Kimberly,Turner,Doctor 32,2023-07-19
P2075,Kevin,Smith,Doctor 14,2023-07-19
P2088,Jack,Hill,Doctor 21,2023-07-19
P2094,Kevin,Wright,Doctor 1,2023-07-19
P2205,Matthew,Davis,Doctor 43,2023-07-19
P2276,Alexander,Anderson,Doctor 22,2023-07-19
P0255,Jennifer,Clark,Doctor 42,2023-07-20
P0350,Kenneth,Ruiz,Doctor 11,2023-07-20
P0565,Steven,Gomez,Doctor 24,2023-07-20
P0672,Charles,Nguyen,Doctor 22,2023-07-20
P0894,Steven,Ramos,Doctor 30,2023-07-20
P0901,Patricia,Morris,Doctor 27,2023-07-20
P1084,Jessica,Bennett,Doctor 27,2023-07-20
P1115,Ruth,Gray,Doctor 20,2023-07-20
P1130,Sarah,Hughes,Doctor 3,2023-07-20
P1318,Frank,Martin,Doctor 13,2023-07-20
P1335,Richard,Morris,Doctor 44,2023-07-20
P1382,Daniel,Taylor,Doctor 26,2023-07-20
P1384,Betty,Peterson,Doctor 18,2023-07-20
P1428,Ruth,Price,Doctor 9,2023-07-20
P1534,Daniel,Ortiz,Doctor 23,2023-07-20
P1560,Daniel,Ramirez,Doctor 40,2023-07-20
P1626,Betty,Edwards,Doctor 33,2023-07-20
P1628,Barbara,Cooper,Doctor 21,2023-07-20
P1680,Tyler,King,Doctor 29,2023-07-20
P1787,Nicholas,Scott,Doctor 1,2023-07-20
P1828,Matthew,Hernandez,Doctor 46,2023-07-20
P1844,Daniel,Martinez,Doctor 35,2023-07-20
P2054,Christopher,Clark,Doctor 30,2023-07-20
P2069,Andrew,Mitchell,Doctor 13,2023-07-20
P2217,Sarah,Alvarez,Doctor 49,2023-07-20
P0066,Kimberly,Richardson,Doctor 47,2023-07-21
P0076,Jessica,Sanders,Doctor 12,2023-07-21
P0136,Jessica,Harris,Doctor 12,2023-07-21
P0146,Jacob,Morris,Doctor 49,2023-07-21
P0500,Aaron,Nelson,Doctor 18,2023-07-21
P0506,Joshua,Castillo,Doctor 2,2023-07-21
P0553,Donna,Morgan,Doctor 45,2023-07-21
P0671,Jessica,Morgan,Doctor 14,2023-07-21
P0745,Melissa,Clark,Doctor 29,2023-07-21
P0754,Deborah,Kelly,Doctor 9,2023-07-21
P0805,Anthony,Brown,Doctor 43,2023-07-21
P0926,Anna,Mendoza,Doctor 2,2023-07-21
P0935,Donald,James,Doctor 6,2023-07-21
P0971,Sharon,Morgan,Doctor 33,2023-07-21
P1098,Christopher,Diaz,Doctor 25,2023-07-21
P1187,Ruth,Patel,Doctor 49,2023-07-21
P1189,Mary,Hernandez,Doctor 39,2023-07-21
P1301,Steven,Sanders,Doctor 48,2023-07-21
P1563,Barbara,Jackson,Doctor 15,2023-07-21
P1658,George,Campbell,Doctor 8,2023-07-21
P1693,Scott,White,Doctor 24,2023-07-21
P1702,Christopher,Watson,Doctor 33,2023-07-21
P1721,Jose,Johnson,Doctor 39,2023-07-21
P1789,Jerry,Richardson,Doctor 36,2023-07-21
P1964,Patricia,Jones,Doctor 44,2023-07-21
P2132,Barbara,Gutierrez,Doctor 26,2023-07-21
P2143,Eric,Martinez,Doctor 3,2023-07-21
P2149,Jack,Hall,Doctor 42,2023-07-21
P2171,Donna,Scott,Doctor 10,2023-07-21
P2185,Jason,Ward,Doctor 10,2023-07-21
P2201,Anthony,Collins,Doctor 50,2023-07-21
P2232,Richard,Thomas,Doctor 17,2023-07-21
P2261,Daniel,Morgan,Doctor 20,2023-07-21
P0039,Sharon,Edwards,Doctor 34,2023-07-22
P0136,Jessica,Harris,Doctor 12,2023-07-22
P0194,Nancy,Torres,Doctor 46,2023-07-22
P0302,Kathleen,Ortiz,Doctor 27,2023-07-22
P0339,Jessica,Morales,Doctor 48,2023-07-22
P0358,Mark,Mendoza,Doctor 26,2023-07-22
P0534,Benjamin,Smith,Doctor 33,2023-07-22
P0695,Elizabeth,Diaz,Doctor 10,2023-07-22
P0700,Brandon,Hernandez,Doctor 19,2023-07-22
P0752,Brian,Diaz,Doctor 28,2023-07-22
P0769,Benjamin,Carter,Doctor 24,2023-07-22
P0799,Brian,Hill,Doctor 31,2023-07-22
P0873,Cynthia,Thomas,Doctor 26,2023-07-22
P0938,Sharon,James,Doctor 49,2023-07-22
P0976,Daniel,Ruiz,Doctor 21,2023-07-22
P1008,Gary,Miller,Doctor 26,2023-07-22
P1135,Amy,Diaz,Doctor 13,2023-07-22
P1138,Michelle,Clark,Doctor 40,2023-07-22
P1280,Jeffrey,Scott,Doctor 5,2023-07-22
P1357,Angela,Castillo,Doctor 34,2023-07-22
P1376,James,Cox,Doctor 43,2023-07-22
P1458,Robert,Rodriguez,Doctor 21,2023-07-22
P1659,Patrick,Parker,Doctor 10,2023-07-22
P1704,Robert,Gutierrez,Doctor 33,2023-07-22
P1780,Kenneth,Baker,Doctor 42,2023-07-22
P1955,Daniel,Price,Doctor 40,2023-07-22
P1996,Justin,Ward,Doctor 28,2023-07-22
P2008,Amy,Baker,Doctor 23,2023-07-22
P2009,Michelle,Diaz,Doctor 44,2023-07-22
P2078,Linda,Nguyen,Doctor 41,2023-07-22
P2098,Betty,Sanders,Doctor 28,2023-07-22
P2102,Sandra,Gomez,Doctor 28,2023-07-22
P2160,Steven,Green,Doctor 25,2023-07-22
P0029,Patrick,Peterson,Doctor 7,2023-07-23
P0202,Amy,Martinez,Doctor 32,2023-07-23
P0323,Anthony,Phillips,Doctor 32,2023-07-23
P0628,Sarah,Baker,Doctor 35,2023-07-23
P0938,Sharon,James,Doctor 25,2023-07-23
P0942,Eric,Scott,Doctor 18,2023-07-23
P0965,Michelle,Turner,Doctor 31,2023-07-23
P1027,Jack,Myers,Doctor 22,2023-07-23
P1094,Stephen,James,Doctor 26,2023-07-23
P1104,Cynthia,Garcia,Doctor 10,2023-07-23
P1128,Tyler,Williams,Doctor 11,2023-07-23
P1267,Donna,Ruiz,Doctor 33,2023-07-23
P1330,Sharon,Sanchez,Doctor 5,2023-07-23
P1396,Jose,Stewart,Doctor 20,2023-07-23
P1464,Shirley,Allen,Doctor 41,2023-07-23
P1496,Jason,Jones,Doctor 34,2023-07-23
P1546,Sarah,Cook,Doctor 20,2023-07-23
P1587,Rebecca,Garcia,Doctor 31,2023-07-23
P1640,Mark,Kelly,Doctor 15,2023-07-23
P1719,Melissa,Evans,Doctor 20,2023-07-23
P1771,Melissa,Peterson,Doctor 18,2023-07-23
P2157,Cynthia,Richardson,Doctor 37,2023-07-23
P2175,Elizabeth,Hernandez,Doctor 36,2023-07-23
P2233,Michelle,Richardson,Doctor 39,2023-07-23
P0003,Edward,Ruiz,Doctor 20,2023-07-24
P0008,Edward,Cook,Doctor 23,2023-07-24
P0050,Laura,Lopez,Doctor 44,2023-07-24
P0234,Stephen,Brown,Doctor 2,2023-07-24
P0260,Nancy,Roberts,Doctor 6,2023-07-24
P0397,Patricia,Mendoza,Doctor 26,2023-07-24
P0594,Jerry,Myers,Doctor 33,2023-07-24
P0656,Robert,Williams,Doctor 14,2023-07-24
P0819,Rebecca,Lopez,Doctor 50,2023-07-24
P0860,Shirley,Walker,Doctor 32,2023-07-24
P0892,Ruth,Castillo,Doctor 29,2023-07-24
P1117,Angela,Wright,Doctor 36,2023-07-24
P1244,Cynthia,Clark,Doctor 33,2023-07-24
P1253,Aaron,Kim,Doctor 6,2023-07-24
P1282,Matthew,Howard,Doctor 23,2023-07-24
P1328,Amy,Flores,Doctor 39,2023-07-24
P1432,Benjamin,Murphy,Doctor 23,2023-07-24
P1489,Frank,Rodriguez,Doctor 19,2023-07-24
P1689,Anna,Wright,Doctor 16,2023-07-24
P1719,Melissa,Evans,Doctor 8,2023-07-24
P1731,Benjamin,Baker,Doctor 40,2023-07-24
P1861,Tyler,Taylor,Doctor 26,2023-07-24
P1956,Kenneth,Richardson,Doctor 21,2023-07-24
P2009,Michelle,Diaz,Doctor 44,2023-07-24
P2147,Karen,Thompson,Doctor 45,2023-07-24
P2159,Anna,Rodriguez,Doctor 19,2023-07-24
P0026,Kenneth,Hughes,Doctor 34,2023-07-25
P0035,Jennifer,Richardson,Doctor 33,2023-07-25
P0064,Rebecca,Baker,Doctor 8,2023-07-25
P0083,Rebecca,Gray,Doctor 3,2023-07-25
P0106,Steven,Ortiz,Doctor 11,2023-07-25
P0126,Sarah,Gutierrez,Doctor 48,2023-07-25
P0126,Sarah,Gutierrez,Doctor 48,2023-07-25
P0150,Andrew,Gray,Doctor 4,2023-07-25
P0171,Sharon,Davis,Doctor 8,2023-07-25
P0205,Jason,Lewis,Doctor 29,2023-07-25
P0318,Ruth,Green,Doctor 45,2023-07-25
P0342,Christopher,Bennett,Doctor 27,2023-07-25
P0507,Sarah,Nguyen,Doctor 13,2023-07-25
P0641,Karen,Torres,Doctor 3,2023-07-25
P0803,Shirley,Wilson,Doctor 27,2023-07-25
P1074,Joshua,Rodriguez,Doctor 46,2023-07-25
P1096,Karen,Peterson,Doctor 7,2023-07-25
P1196,Jerry,Hall,Doctor 22,2023-07-25
P1262,Sharon,Brown,Doctor 17,2023-07-25
P1339,Anna,Brown,Doctor 14,2023-07-25
P1533,Christopher,Sanders,Doctor 45,2023-07-25
P1577,Cynthia,Reyes,Doctor 50,2023-07-25
P1580,David,Campbell,Doctor 39,2023-07-25
P1608,Tyler,Lewis,Doctor 10,2023-07-25
P1711,Robert,Cruz,Doctor 25,2023-07-25
P1716,Helen,Castillo,Doctor 39,2023-07-25
P1778,Sharon,Mitchell,Doctor 31,2023-07-25
P1801,Laura,Carter,Doctor 34,2023-07-25
P1866,Cynthia,Johnson,Doctor 17,2023-07-25
P2039,Jonathan,Diaz,Doctor 34,2023-07-25
P2059,Andrew,Harris,Doctor 15,2023-07-25
P2133,Helen,Evans,Doctor 50,2023-07-25
P2271,Sandra,Walker,Doctor 42,2023-07-25
P2275,Eric,Mendoza,Doctor 41,2023-07-25
P0017,Jessica,Thomas,Doctor 29,2023-07-26
P0244,Thomas,Richardson,Doctor 12,2023-07-26
P0279,Jeffrey,Hall,Doctor 40,2023-07-26
P0314,Carol,Phillips,Doctor 34,2023-07-26
P0373,Lisa,Morgan,Doctor 7,2023-07-26
P0405,Laura,Richardson,Doctor 34,2023-07-26
P0462,Daniel,Nelson,Doctor 39,2023-07-26
P0518,Jacob,White,Doctor 34,2023-07-26
P0572,Linda,Jackson,Doctor 27,2023-07-26
P0713,Helen,Thompson,Doctor 27,2023-07-26
P0917,Daniel,Flores,Doctor 39,2023-07-26
P1278,Donna,Roberts,Doctor 13,2023-07-26
P1372,Jessica,Murphy,Doctor 10,2023-07-26
P1397,Gary,Torres,Doctor 47,2023-07-26
P1447,Thomas,Lewis,Doctor 32,2023-07-26
P1511,Mary,Hall,Doctor 47,2023-07-26
P1520,Dorothy,Ward,Doctor 35,2023-07-26
P1601,Ronald,Richardson,Doctor 22,2023-07-26
P1723,Donald,Lee,Doctor 13,2023-07-26
P1899,Sharon,Rivera,Doctor 1,2023-07-26
P2090,Deborah,Morgan,Doctor 41,2023-07-26
P2093,Rebecca,Taylor,Doctor 26,2023-07-26
P2100,Nancy,Taylor,Doctor 5,2023-07-26
P2106,Karen,Jones,Doctor 24,2023-07-26
P2109,Betty,Davis,Doctor 24,2023-07-26
P0459,Nancy,Chavez,Doctor 16,2023-07-27
P0499,Sharon,Stewart,Doctor 32,2023-07-27
P0543,Kevin,Garcia,Doctor 6,2023-07-27
P0551,John,Ruiz,Doctor 7,2023-07-27
P0718,Mark,Robinson,Doctor 39,2023-07-27
P0722,Joshua,Campbell,Doctor 42,2023-07-27
P0723,Shirley,Hill,Doctor 10,2023-07-27
P0745,Melissa,Clark,Doctor 14,2023-07-27
P0747,Karen,Hall,Doctor 15,2023-07-27
P0748,Alexander,Lopez,Doctor 33,2023-07-27
P0983,John,Bennett,Doctor 38,2023-07-27
P1067,Jennifer,Wood,Doctor 16,2023-07-27
P1376,James,Cox,Doctor 44,2023-07-27
P1414,Carol,Gutierrez,Doctor 27,2023-07-27
P1553,Christopher,Campbell,Doctor 24,2023-07-27
P1589,Laura,Gray,Doctor 28,2023-07-27
P1622,Carol,Miller,Doctor 50,2023-07-27
P1664,Jack,Sanders,Doctor 8,2023-07-27
P1713,Jennifer,James,Doctor 45,2023-07-27
P1833,Barbara,Brown,Doctor 17,2023-07-27
P1835,Alexander,Williams,Doctor 16,2023-07-27
P1911,Jerry,Perez,Doctor 35,2023-07-27
P2051,Kimberly,Morgan,Doctor 50,2023-07-27
P2111,Alexander,Alvarez,Doctor 18,2023-07-27
P2118,Michael,Miller,Doctor 38,2023-07-27
P2125,Nicholas,Howard,Doctor 34,2023-07-27
P2146,George,Thompson,Doctor 50,2023-07-27
P2220,Aaron,Bennett,Doctor 3,2023-07-27
P2273,Jerry,Edwards,Doctor 48,2023-07-27
P0075,Rebecca,Turner,Doctor 23,2023-07-28
P0181,Edward,Rogers,Doctor 35,2023-07-28
P0336,Laura,Rivera,Doctor 26,2023-07-28
P0415,Sharon,Thompson,Doctor 26,2023-07-28
P0427,Gary,Brooks,Doctor 33,2023-07-28
P0545,Nicholas,Cooper,Doctor 11,2023-07-28
P0609,Samuel,Howard,Doctor 44,2023-07-28
P0632,Lisa,Bailey,Doctor 8,2023-07-28
P0721,Sarah,Kelly,Doctor 29,2023-07-28
P0776,Jack,Garcia,Doctor 10,2023-07-28
P0867,Amy,Myers,Doctor 35,2023-07-28
P0888,Jonathan,Williams,Doctor 34,2023-07-28
P0905,Jeffrey,Wood,Doctor 35,2023-07-28
P0983,John,Bennett,Doctor 38,2023-07-28
P1099,Jacob,Garcia,Doctor 22,2023-07-28
P1105,Timothy,Miller,Doctor 24,2023-07-28
P1145,Betty,Campbell,Doctor 47,2023-07-28
P1177,Jason,Wilson,Doctor 35,2023-07-28
P1233,Elizabeth,Torres,Doctor 29,2023-07-28
P1257,Timothy,Morris,Doctor 12,2023-07-28
P1647,William,Wood,Doctor 34,2023-07-28
P1692,Michelle,Gomez,Doctor 33,2023-07-28
P1693,Scott,White,Doctor 24,2023-07-28
P1709,Gary,Cox,Doctor 11,2023-07-28
P1832,Betty,Mitchell,Doctor 46,2023-07-28
P1929,Donna,Mendoza,Doctor 31,2023-07-28
P2108,Edward,James,Doctor 5,2023-07-28
P2143,Eric,Martinez,Doctor 18,2023-07-28
P2219,Charles,Young,Doctor 41,2023-07-28
P2227,Nancy,Parker,Doctor 33,2023-07-28
P2234,Frank,Bennett,Doctor 10,2023-07-28
P2289,Benjamin,Lopez,Doctor 46,2023-07-28
P0060,Karen,Moore,Doctor 14,2023-07-29
P0090,Robert,Wood,Doctor 11,2023-07-29
P0230,Jessica,Moore,Doctor 38,2023-07-29
P0450,Sharon,King,Doctor 1,2023-07-29
P0483,Justin,Reyes,Doctor 3,2023-07-29
P0486,Michael,Campbell,Doctor 41,2023-07-29
P0553,Donna,Morgan,Doctor 1,2023-07-29
P0566,Mark,Lee,Doctor 48,2023-07-29
P0582,Kenneth,Morales,Doctor 8,2023-07-29
P0611,Anna,Cox,Doctor 38,2023-07-29
P0613,Stephen,Martinez,Doctor 5,2023-07-29
P0838,James,Ortiz,Doctor 40,2023-07-29
P0860,Shirley,Walker,Doctor 32,2023-07-29
P1041,Daniel,Hill,Doctor 30,2023-07-29
P1255,Dorothy,Sanders,Doctor 6,2023-07-29
P1576,Linda,Turner,Doctor 27,2023-07-29
P1720,Samuel,Rivera,Doctor 37,2023-07-29
P2026,James,Scott,Doctor 12,2023-07-29
P2052,Melissa,Robinson,Doctor 45,2023-07-29
P2079,Lisa,Baker,Doctor 7,2023-07-29
P2126,Andrew,Hughes,Doctor 26,2023-07-29
P2136,Deborah,Bennett,Doctor 5,2023-07-29
P2170,Melissa,Smith,Doctor 12,2023-07-29
P2186,Joshua,Ruiz,Doctor 5,2023-07-29
P2236,Nancy,Alvarez,Doctor 34,2023-07-29
P0022,Betty,Allen,Doctor 34,2023-07-30
P0149,Linda,Hernandez,Doctor 12,2023-07-30
P0253,Brandon,Sanders,Doctor 41,2023-07-30
P0317,Sharon,Martin,Doctor 10,2023-07-30
P0352,Sandra,Ward,Doctor 3,2023-07-30
P0400,Brenda,Sanders,Doctor 44,2023-07-30
P0507,Sarah,Nguyen,Doctor 13,2023-07-30
P0544,Karen,Sanchez,Doctor 29,2023-07-30
P0636,Gary,Mitchell,Doctor 14,2023-07-30
P0636,Gary,Mitchell,Doctor 33,2023-07-30
P0638,Timothy,Moore,Doctor 41,2023-07-30
P0725,Benjamin,Jackson,Doctor 33,2023-07-30
P0765,Deborah,Martin,Doctor 28,2023-07-30
P0777,Matthew,Mendoza,Doctor 45,2023-07-30
P0841,Thomas,Robinson,Doctor 6,2023-07-30
P1044,Jonathan,Ramirez,Doctor 14,2023-07-30
P1145,Betty,Campbell,Doctor 20,2023-07-30
P1271,Daniel,Parker,Doctor 6,2023-07-30
P1278,Donna,Roberts,Doctor 13,2023-07-30
P1293,Donna,Cox,Doctor 42,2023-07-30
P1298,Jessica,Taylor,Doctor 18,2023-07-30
P1358,David,Nguyen,Doctor 7,2023-07-30
P1516,Matthew,Miller,Doctor 23,2023-07-30
P1646,Susan,Lopez,Doctor 36,2023-07-30
P1658,George,Campbell,Doctor 13,2023-07-30
P1714,Steven,Peterson,Doctor 16,2023-07-30
P1759,Stephen,Ramirez,Doctor 30,2023-07-30
P1763,Anthony,Taylor,Doctor 2,2023-07-30
P1902,Jason,Johnson,Doctor 14,2023-07-30
P1906,Edward,Thomas,Doctor 3,2023-07-30
P1971,Michael,Kim,Doctor 4,2023-07-30
P2132,Barbara,Gutierrez,Doctor 7,2023-07-30
P2154,Linda,Mitchell,Doctor 10,2023-07-30
P2196,Brenda,Adams,Doctor 35,2023-07-30
P2225,John,James,Doctor 25,2023-07-30
P2260,Carol,King,Doctor 41,2023-07-30
P0006,Larry,Harris,Doctor 37,2023-07-31
P0102,Nicholas,Kim,Doctor 16,2023-07-31
P0252,Karen,Turner,Doctor 48,2023-07-31
P0278,Kathleen,Davis,Doctor 30,2023-07-31
P0476,Jessica,Smith,Doctor 18,2023-07-31
P0486,Michael,Campbell,Doctor 16,2023-07-31
P0502,Gregory,Nguyen,Doctor 41,2023-07-31
P0578,Jennifer,Johnson,Doctor 16,2023-07-31
P0578,Jennifer,Johnson,Doctor 16,2023-07-31
P0716,Ryan,Cruz,Doctor 48,2023-07-31
P0863,Kimberly,Moore,Doctor 27,2023-07-31
P1024,Sharon,Jackson,Doctor 13,2023-07-31
P1077,Sarah,Flores,Doctor 30,2023-07-31
P1089,Donna,Garcia,Doctor 4,2023-07-31
P1131,Sarah,Miller,Doctor 8,2023-07-31
P1140,Brenda,Lopez,Doctor 15,2023-07-31
P1155,Samuel,Young,Doctor 31,2023-07-31
P1160,Edward,Bailey,Doctor 44,2023-07-31
P1204,Deborah,Wilson,Doctor 44,2023-07-31
P1316,Carol,Mitchell,Doctor 5,2023-07-31
P1351,Karen,Clark,Doctor 2,2023-07-31
P1435,Sarah,Myers,Doctor 31,2023-07-31
P1475,Cynthia,Rogers,Doctor 38,2023-07-31
P1523,Michael,Roberts,Doctor 20,2023-07-31
P1538,Charles,Sanders,Doctor 26,2023-07-31
P1665,Gregory,Diaz,Doctor 50,2023-07-31
P1693,Scott,White,Doctor 24,2023-07-31
P1699,Edward,Howard,Doctor 41,2023-07-31
P1709,Gary,Cox,Doctor 11,2023-07-31
P1730,Kathleen,Sanders,Doctor 29,2023-07-31
P1832,Betty,Mitchell,Doctor 23,2023-07-31
P1842,Frank,Brooks,Doctor 1,2023-07-31
P1861,Tyler,Taylor,Doctor 26,2023-07-31
P1907,Melissa,Bennett,Doctor 3,2023-07-31
P1967,Charles,Green,Doctor 7,2023-07-31
P0034,Andrew,Scott,Doctor 41,2023-08-01
P0112,Deborah,Green,Doctor 17,2023-08-01
P0133,Linda,Ramos,Doctor 7,2023-08-01
P0173,Dorothy,Mitchell,Doctor 30,2023-08-01
P0307,Virginia,Peterson,Doctor 38,2023-08-01
P0367,Raymond,Flores,Doctor 37,2023-08-01
P0415,Sharon,Thompson,Doctor 26,2023-08-01
P0574,Michelle,Allen,Doctor 29,2023-08-01
P0612,Eric,Cook,Doctor 3,2023-08-01
P0617,Frank,Young,Doctor 24,2023-08-01
P0787,Nicholas,Castillo,Doctor 41,2023-08-01
P0823,Sandra,Wilson,Doctor 34,2023-08-01
P0964,Karen,Rodriguez,Doctor 40,2023-08-01
P1015,Edward,Brown,Doctor 41,2023-08-01
P1091,Gregory,Bailey,Doctor 49,2023-08-01
P1150,Melissa,Richardson,Doctor 19,2023-08-01
P1181,Thomas,Campbell,Doctor 22,2023-08-01
P1280,Jeffrey,Scott,Doctor 8,2023-08-01
P1325,Mary,Alvarez,Doctor 23,2023-08-01
P1374,Alexander,Howard,Doctor 10,2023-08-01
P1379,Daniel,Jones,Doctor 17,2023-08-01
P1413,Sarah,Carter,Doctor 12,2023-08-01
P1560,Daniel,Ramirez,Doctor 40,2023-08-01
P1619,Edward,Walker,Doctor 39,2023-08-01
P1700,Samuel,Wright,Doctor 42,2023-08-01
P1803,Nicholas,Martinez,Doctor 19,2023-08-01
P1837,Justin,Roberts,Doctor 13,2023-08-01
P1946,Joseph,Bennett,Doctor 21,2023-08-01
P1975,Timothy,Phillips,Doctor 23,2023-08-01
P2025,Jennifer,Ortiz,Doctor 44,2023-08-01
P2240,Richard,Carter,Doctor 33,2023-08-01
P2296,Nancy,White,Doctor 13,2023-08-01
P0072,Jessica,Stewart,Doctor 6,2023-08-02
P0144,Melissa,Alvarez,Doctor 27,2023-08-02
P0149,Linda,Hernandez,Doctor 2,2023-08-02
P0166,Michael,Lee,Doctor 49,2023-08-02
P0232,Laura,Cook,Doctor 42,2023-08-02
P0459,Nancy,Chavez,Doctor 38,2023-08-02
P0485,Patricia,Smith,Doctor 49,2023-08-02
P0521,Carol,Edwards,Doctor 5,2023-08-02
P0588,David,Patel,Doctor 46,2023-08-02
P0617,Frank,Young,Doctor 24,2023-08-02
P0620,Dennis,Martin,Doctor 8,2023-08-02
P0623,Sharon,Price,Doctor 19,2023-08-02
P0703,Amy,Turner,Doctor 44,2023-08-02
P0717,Sharon,Miller,Doctor 33,2023-08-02
P0757,Linda,Sanders,Doctor 4,2023-08-02
P0775,Jerry,Hill,Doctor 30,2023-08-02
P0837,Patricia,Howard,Doctor 1,2023-08-02
P0952,John,Morgan,Doctor 40,2023-08-02
P0974,Helen,Ramirez,Doctor 50,2023-08-02
P0990,Helen,Adams,Doctor 8,2023-08-02
P1074,Joshua,Rodriguez,Doctor 36,2023-08-02
P1162,Jason,James,Doctor 39,2023-08-02
P1166,Ruth,Reed,Doctor 41,2023-08-02
P1213,Laura,Allen,Doctor 45,2023-08-02
P1328,Amy,Flores,Doctor 8,2023-08-02
P1335,Richard,Morris,Doctor 44,2023-08-02
P1336,Patrick,Collins,Doctor 35,2023-08-02
P1350,Jason,Baker,Doctor 16,2023-08-02
P1354,Benjamin,Kim,Doctor 15,2023-08-02
P1408,Nancy,Martin,Doctor 50,2023-08-02
P1418,Mary,Castillo,Doctor 24,2023-08-02
P1457,David,Richardson,Doctor 23,2023-08-02
P1709,Gary,Cox,Doctor 13,2023-08-02
P1721,Jose,Johnson,Doctor 39,2023-08-02
P1746,Betty,Cook,Doctor 8,2023-08-02
P1747,Sharon,Phillips,Doctor 11,2023-08-02
P1748,Aaron,Hughes,Doctor 43,2023-08-02
P1863,Timothy,Allen,Doctor 36,2023-08-02
P1915,Steven,Reed,Doctor 16,2023-08-02
P1945,Andrew,Jones,Doctor 1,2023-08-02
P1945,Andrew,Jones,Doctor 46,2023-08-02
P1953,Jacob,Reed,Doctor 34,2023-08-02
P2008,Amy,Baker,Doctor 4,2023-08-02
P2044,Jeffrey,James,Doctor 8,2023-08-02
P2060,David,Lopez,Doctor 6,2023-08-02
P2063,Ryan,Wilson,Doctor 50,2023-08-02
P2075,Kevin,Smith,Doctor 14,2023-08-02
P2168,Angela,Ramirez,Doctor 33,2023-08-02
P0167,Ryan,Lopez,Doctor 37,2023-08-03
P0228,Charles,Patel,Doctor 40,2023-08-03
P0359,Tyler,Ward,Doctor 43,2023-08-03
P0430,Jason,Ramos,Doctor 36,2023-08-03
P0592,Helen,Torres,Doctor 40,2023-08-03
P0720,Nicholas,Torres,Doctor 40,2023-08-03
P0752,Brian,Diaz,Doctor 43,2023-08-03
P1004,Jonathan,Allen,Doctor 25,2023-08-03
P1022,Brian,Cruz,Doctor 19,2023-08-03
P1131,Sarah,Miller,Doctor 16,2023-08-03
P1165,Ryan,Martinez,Doctor 23,2023-08-03
P1192,Sarah,Mitchell,Doctor 27,2023-08-03
P1232,Anna,Williams,Doctor 48,2023-08-03
P1290,Karen,Gomez,Doctor 44,2023-08-03
P1399,Ronald,Flores,Doctor 46,2023-08-03
P1400,Michelle,Sanders,Doctor 28,2023-08-03
P1680,Tyler,King,Doctor 27,2023-08-03
P1735,Benjamin,Mitchell,Doctor 12,2023-08-03
P1831,Betty,Kelly,Doctor 42,2023-08-03
P1861,Tyler,Taylor,Doctor 45,2023-08-03
P2060,David,Lopez,Doctor 6,2023-08-03
P0010,James,Lopez,Doctor 23,2023-08-04
P0085,Anthony,Rodriguez,Doctor 30,2023-08-04
P0163,Stephen,Adams,Doctor 16,2023-08-04
P0218,Cynthia,Myers,Doctor 25,2023-08-04
P0266,Joseph,Evans,Doctor 42,2023-08-04
P0478,Alexander,Bailey,Doctor 43,2023-08-04
P0480,Shirley,Clark,Doctor 42,2023-08-04
P0488,Gregory,Carter,Doctor 41,2023-08-04
P0502,Gregory,Nguyen,Doctor 41,2023-08-04
P0523,Donna,Wilson,Doctor 4,2023-08-04
P0552,Patrick,Ruiz,Doctor 2,2023-08-04
P0578,Jennifer,Johnson,Doctor 16,2023-08-04
P0607,Betty,Morris,Doctor 16,2023-08-04
P0630,Andrew,Davis,Doctor 50,2023-08-04
P0643,Rebecca,Hall,Doctor 34,2023-08-04
P0709,Scott,Scott,Doctor 42,2023-08-04
P1045,Timothy,Perez,Doctor 5,2023-08-04
P1130,Sarah,Hughes,Doctor 23,2023-08-04
P1135,Amy,Diaz,Doctor 7,2023-08-04
P1144,Karen,Martinez,Doctor 19,2023-08-04
P1273,Anna,Wilson,Doctor 27,2023-08-04
P1353,Betty,Cruz,Doctor 5,2023-08-04
P1697,Edward,Wood,Doctor 9,2023-08-04
P1743,Michelle,Lee,Doctor 19,2023-08-04
P1749,Matthew,Ramos,Doctor 22,2023-08-04
P1766,Robert,Perez,Doctor 5,2023-08-04
P1855,Mark,Wright,Doctor 30,2023-08-04
P1939,Barbara,Mendoza,Doctor 6,2023-08-04
P1985,Carol,Brooks,Doctor 17,2023-08-04
P1990,Lisa,Peterson,Doctor 48,2023-08-04
P2004,Kimberly,Chavez,Doctor 9,2023-08-04
P2020,Ronald,Wright,Doctor 35,2023-08-04
P2050,Elizabeth,Martin,Doctor 1,2023-08-04
P2126,Andrew,Hughes,Doctor 47,2023-08-04
P2247,Jason,Hernandez,Doctor 9,2023-08-04
P0018,Daniel,Castillo,Doctor 13,2023-08-05
P0162,Jerry,Brooks,Doctor 8,2023-08-05
P0303,Gregory,Flores,Doctor 12,2023-08-05
P0483,Justin,Reyes,Doctor 3,2023-08-05
P0511,Cynthia,Chavez,Doctor 11,2023-08-05
P0516,Tyler,Parker,Doctor 47,2023-08-05
P0562,Samuel,Jackson,Doctor 10,2023-08-05
P0564,Brandon,Brooks,Doctor 21,2023-08-05
P0726,John,Robinson,Doctor 41,2023-08-05
P0740,Deborah,Allen,Doctor 21,2023-08-05
P0807,Laura,Clark,Doctor 33,2023-08-05
P0892,Ruth,Castillo,Doctor 44,2023-08-05
P0931,Mary,Martin,Doctor 19,2023-08-05
P1263,Lisa,Sanders,Doctor 1,2023-08-05
P1291,Brian,Campbell,Doctor 17,2023-08-05
P1337,Edward,Collins,Doctor 5,2023-08-05
P1348,Jose,Mendoza,Doctor 20,2023-08-05
P1403,Emma,Rodriguez,Doctor 48,2023-08-05
P1412,Kathleen,Hall,Doctor 17,2023-08-05
P1425,Brenda,Jones,Doctor 46,2023-08-05
P1510,Ruth,Clark,Doctor 23,2023-08-05
P1518,Mary,Roberts,Doctor 18,2023-08-05
P1609,Jerry,Martin,Doctor 1,2023-08-05
P1845,Sandra,Mendoza,Doctor 32,2023-08-05
P1939,Barbara,Mendoza,Doctor 24,2023-08-05
P1981,Elizabeth,Rodriguez,Doctor 24,2023-08-05
P2080,Benjamin,Nguyen,Doctor 47,2023-08-05
P2094,Kevin,Wright,Doctor 1,2023-08-05
P2192,Melissa,Hughes,Doctor 42,2023-08-05
P0005,Andrew,Morris,Doctor 9,2023-08-06
P0032,Michelle,Price,Doctor 21,2023-08-06
P0114,Alexander,Patel,Doctor 25,2023-08-06
P0198,Shirley,Moore,Doctor 7,2023-08-06
P0260,Nancy,Roberts,Doctor 49,2023-08-06
P0426,Sharon,Watson,Doctor 16,2023-08-06
P0476,Jessica,Smith,Doctor 22,2023-08-06
P0489,Jason,Cooper,Doctor 24,2023-08-06
P0492,Susan,Davis,Doctor 47,2023-08-06
P0529,Helen,Morris,Doctor 28,2023-08-06
P0642,Ryan,Myers,Doctor 17,2023-08-06
P0668,Helen,Lopez,Doctor 30,2023-08-06
P0707,Michelle,James,Doctor 9,2023-08-06
P0938,Sharon,James,Doctor 29,2023-08-06
P1095,Betty,Ortiz,Doctor 37,2023-08-06
P1147,Melissa,Diaz,Doctor 38,2023-08-06
P1162,Jason,James,Doctor 38,2023-08-06
P1301,Steven,Sanders,Doctor 48,2023-08-06
P1317,Steven,Flores,Doctor 7,2023-08-06
P1319,Justin,Thomas,Doctor 30,2023-08-06
P1364,Justin,Kelly,Doctor 31,2023-08-06
P1397,Gary,Torres,Doctor 27,2023-08-06
P1402,Sarah,Bailey,Doctor 43,2023-08-06
P1587,Rebecca,Garcia,Doctor 19,2023-08-06
P1612,James,Edwards,Doctor 38,2023-08-06
P1675,Nancy,Nguyen,Doctor 50,2023-08-06
P1701,James,Morris,Doctor 33,2023-08-06
P1764,Benjamin,Torres,Doctor 43,2023-08-06
P1939,Barbara,Mendoza,Doctor 24,2023-08-06
P2014,Ruth,Robinson,Doctor 39,2023-08-06
P2082,Steven,King,Doctor 36,2023-08-06
P2096,Jack,Martinez,Doctor 40,2023-08-06
P2133,Helen,Evans,Doctor 35,2023-08-06
P2175,Elizabeth,Hernandez,Doctor 1,2023-08-06
P0345,Brandon,Nelson,Doctor 12,2023-08-07
P0367,Raymond,Flores,Doctor 13,2023-08-07
P0438,Helen,White,Doctor 34,2023-08-07
P0580,Aaron,Williams,Doctor 6,2023-08-07
P0719,Lisa,Richardson,Doctor 22,2023-08-07
P0753,Brian,Morgan,Doctor 8,2023-08-07
P0777,Matthew,Mendoza,Doctor 31,2023-08-07
P0926,Anna,Mendoza,Doctor 2,2023-08-07
P1159,Ronald,Ward,Doctor 6,2023-08-07
P1324,Nancy,Reed,Doctor 4,2023-08-07
P1344,Dorothy,Cox,Doctor 27,2023-08-07
P1347,David,Baker,Doctor 27,2023-08-07
P1350,Jason,Baker,Doctor 16,2023-08-07
P1354,Benjamin,Kim,Doctor 36,2023-08-07
P1367,Brandon,Lewis,Doctor 10,2023-08-07
P1393,Shirley,Phillips,Doctor 42,2023-08-07
P1429,Elizabeth,Roberts,Doctor 49,2023-08-07
P1731,Benjamin,Baker,Doctor 47,2023-08-07
P2050,Elizabeth,Martin,Doctor 16,2023-08-07
P2199,Andrew,Thomas,Doctor 7,2023-08-07
P2235,James,Flores,Doctor 32,2023-08-07
P2250,Thomas,Peterson,Doctor 4,2023-08-07
P2291,Carol,Sanders,Doctor 39,2023-08-07
P0034,Andrew,Scott,Doctor 24,2023-08-08
P0157,Aaron,Peterson,Doctor 45,2023-08-08
P0160,Sandra,Smith,Doctor 45,2023-08-08
P0283,Kathleen,Taylor,Doctor 37,2023-08-08
P0325,Barbara,James,Doctor 4,2023-08-08
P0380,Kimberly,Jones,Doctor 15,2023-08-08
P0555,Laura,Nelson,Doctor 8,2023-08-08
P0601,Kevin,Allen,Doctor 32,2023-08-08
P0604,Larry,Robinson,Doctor 11,2023-08-08
P0624,Lisa,Gutierrez,Doctor 16,2023-08-08
P0689,Sandra,Bailey,Doctor 30,2023-08-08
P0703,Amy,Turner,Doctor 39,2023-08-08
P0733,Justin,Ortiz,Doctor 2,2023-08-08
P0739,Brenda,Rogers,Doctor 20,2023-08-08
P0834,Donna,Collins,Doctor 25,2023-08-08
P0906,Thomas,Bennett,Doctor 49,2023-08-08
P0968,Dorothy,Smith,Doctor 28,2023-08-08
P0982,Jessica,Castillo,Doctor 33,2023-08-08
P1071,Laura,Phillips,Doctor 34,2023-08-08
P1199,Sandra,Robinson,Doctor 37,2023-08-08
P1215,Amy,Morgan,Doctor 2,2023-08-08
P1351,Karen,Clark,Doctor 30,2023-08-08
P1375,Brandon,Peterson,Doctor 44,2023-08-08
P1450,Charles,Rodriguez,Doctor 41,2023-08-08
P1487,Jose,Lewis,Doctor 44,2023-08-08
P1520,Dorothy,Ward,Doctor 16,2023-08-08
P1732,Kimberly,Morales,Doctor 9,2023-08-08
P1799,Dorothy,Watson,Doctor 5,2023-08-08
P1821,Brenda,Roberts,Doctor 33,2023-08-08
P1972,Charles,Walker,Doctor 25,2023-08-08
P2012,Sarah,King,Doctor 50,2023-08-08
P2041,Amy,Kim,Doctor 48,2023-08-08
P2064,Mark,Baker,Doctor 8,2023-08-08
P2101,Ryan,Flores,Doctor 20,2023-08-08
P2120,Melissa,Kelly,Doctor 32,2023-08-08
P2149,Jack,Hall,Doctor 42,2023-08-08
P2166,Ronald,Roberts,Doctor 31,2023-08-08
P2216,Sarah,Kim,Doctor 32,2023-08-08
P0112,Deborah,Green,Doctor 4,2023-08-09
P0140,John,Moore,Doctor 48,2023-08-09
P0196,Anna,Bennett,Doctor 19,2023-08-09
P0321,Laura,Myers,Doctor 25,2023-08-09
P0405,Laura,Richardson,Doctor 22,2023-08-09
P0521,Carol,Edwards,Doctor 5,2023-08-09
P0531,Karen,Myers,Doctor 5,2023-08-09
P0564,Brandon,Brooks,Doctor 21,2023-08-09
P0686,Andrew,Price,Doctor 10,2023-08-09
P0761,Ruth,Rogers,Doctor 31,2023-08-09
P0867,Amy,Myers,Doctor 28,2023-08-09
P1064,Shirley,Price,Doctor 16,2023-08-09
P1089,Donna,Garcia,Doctor 18,2023-08-09
P1258,Linda,Wood,Doctor 46,2023-08-09
P1292,Andrew,Reyes,Doctor 24,2023-08-09
P1354,Benjamin,Kim,Doctor 2,2023-08-09
P1395,Ronald,Lee,Doctor 47,2023-08-09
P1410,Charles,Morales,Doctor 2,2023-08-09
P1518,Mary,Roberts,Doctor 18,2023-08-09
P1528,Helen,Kim,Doctor 19,2023-08-09
P1558,Gary,Scott,Doctor 50,2023-08-09
P1599,Eric,Ramirez,Doctor 11,2023-08-09
P1625,Ryan,Richardson,Doctor 49,2023-08-09
P1710,Ryan,Cook,Doctor 27,2023-08-09
P1795,Jennifer,Gonzalez,Doctor 44,2023-08-09
P1996,Justin,Ward,Doctor 44,2023-08-09
P2015,Laura,Diaz,Doctor 3,2023-08-09
P2056,Betty,Jones,Doctor 9,2023-08-09
P2127,Jose,Martinez,Doctor 43,2023-08-09
P2203,Ruth,Morris,Doctor 1,2023-08-09
P2207,Karen,Smith,Doctor 29,2023-08-09
P2283,Kathleen,Rivera,Doctor 31,2023-08-09
P2294,Karen,Baker,Doctor 11,2023-08-09
P0037,Virginia,Ramirez,Doctor 45,2023-08-10
P0181,Edward,Rogers,Doctor 37,2023-08-10
P0296,Charles,Ramos,Doctor 22,2023-08-10
P0332,Joseph,Martinez,Doctor 8,2023-08-10
P0360,Charles,Taylor,Doctor 45,2023-08-10
P0455,Raymond,Brown,Doctor 41,2023-08-10
P0512,Christopher,Edwards,Doctor 11,2023-08-10
P0602,Daniel,Moore,Doctor 2,2023-08-10
P1041,Daniel,Hill,Doctor 3,2023-08-10
P1058,Frank,Gray,Doctor 41,2023-08-10
P1291,Brian,Campbell,Doctor 17,2023-08-10
P1328,Amy,Flores,Doctor 5,2023-08-10
P1356,Joshua,Cox,Doctor 15,2023-08-10
P1377,Jonathan,Bennett,Doctor 43,2023-08-10
P1392,Michelle,Martin,Doctor 13,2023-08-10
P1411,Larry,Hughes,Doctor 34,2023-08-10
P1534,Daniel,Ortiz,Doctor 20,2023-08-10
P1565,Andrew,Phillips,Doctor 45,2023-08-10
P1573,Eric,Robinson,Doctor 37,2023-08-10
P1650,Jeffrey,Adams,Doctor 35,2023-08-10
P1659,Patrick,Parker,Doctor 3,2023-08-10
P1683,Jacob,Mendoza,Doctor 37,2023-08-10
P1787,Nicholas,Scott,Doctor 1,2023-08-10
P1788,Nicholas,Anderson,Doctor 10,2023-08-10
P1880,Donna,Bennett,Doctor 38,2023-08-10
P1881,Edward,Mitchell,Doctor 29,2023-08-10
P1940,Nicholas,Bailey,Doctor 43,2023-08-10
P1978,Helen,Wright,Doctor 7,2023-08-10
P2186,Joshua,Ruiz,Doctor 5,2023-08-10
P2213,Alexander,Kelly,Doctor 18,2023-08-10
P2267,Christopher,King,Doctor 45,2023-08-10
P0051,Ruth,Gomez,Doctor 10,2023-08-11
P0139,Mary,Rogers,Doctor 5,2023-08-11
P0242,Sharon,Harris,Doctor 29,2023-08-11
P0273,Donald,Lewis,Doctor 22,2023-08-11
P0286,Linda,Reyes,Doctor 44,2023-08-11
P0332,Joseph,Martinez,Doctor 21,2023-08-11
P0344,Brandon,Phillips,Doctor 47,2023-08-11
P0363,Amy,Taylor,Doctor 38,2023-08-11
P0451,Sarah,Sanders,Doctor 8,2023-08-11
P0546,Robert,Phillips,Doctor 31,2023-08-11
P0619,Kathleen,Nelson,Doctor 41,2023-08-11
P0647,Michelle,Cruz,Doctor 42,2023-08-11
P0675,Dorothy,Campbell,Doctor 28,2023-08-11
P0685,Linda,Evans,Doctor 11,2023-08-11
P0893,Larry,Morris,Doctor 12,2023-08-11
P1117,Angela,Wright,Doctor 30,2023-08-11
P1141,Donald,Brooks,Doctor 24,2023-08-11
P1155,Samuel,Young,Doctor 31,2023-08-11
P1235,Kimberly,Lee,Doctor 8,2023-08-11
P1392,Michelle,Martin,Doctor 13,2023-08-11
P1671,Benjamin,Gray,Doctor 29,2023-08-11
P1683,Jacob,Mendoza,Doctor 19,2023-08-11
P1737,Samuel,Moore,Doctor 1,2023-08-11
P2279,Susan,Lewis,Doctor 42,2023-08-11
P2283,Kathleen,Rivera,Doctor 31,2023-08-11
P0038,Gary,Nelson,Doctor 29,2023-08-12
P0042,Susan,Williams,Doctor 19,2023-08-12
P0104,Angela,Cooper,Doctor 22,2023-08-12
P0116,Jacob,Torres,Doctor 20,2023-08-12
P0171,Sharon,Davis,Doctor 8,2023-08-12
P0197,George,Chavez,Doctor 27,2023-08-12
P0313,Joshua,Cooper,Doctor 26,2023-08-12
P0427,Gary,Brooks,Doctor 33,2023-08-12
P0462,Daniel,Nelson,Doctor 39,2023-08-12
P0508,Steven,Phillips,Doctor 14,2023-08-12
P0560,Larry,Lopez,Doctor 44,2023-08-12
P0594,Jerry,Myers,Doctor 27,2023-08-12
P0602,Daniel,Moore,Doctor 50,2023-08-12
P0637,Mary,Taylor,Doctor 15,2023-08-12
P0699,Ruth,Brooks,Doctor 37,2023-08-12
P0724,Ryan,Kelly,Doctor 1,2023-08-12
P0804,Barbara,Myers,Doctor 31,2023-08-12
P0923,Edward,Lee,Doctor 40,2023-08-12
P1103,Ronald,Ramirez,Doctor 48,2023-08-12
P1199,Sandra,Robinson,Doctor 37,2023-08-12
P1211,Donna,Stewart,Doctor 50,2023-08-12
P1211,Donna,Stewart,Doctor 5,2023-08-12
P1223,John,Gomez,Doctor 11,2023-08-12
P1367,Brandon,Lewis,Doctor 10,2023-08-12
P1400,Michelle,Sanders,Doctor 28,2023-08-12
P1520,Dorothy,Ward,Doctor 50,2023-08-12
P1578,George,Torres,Doctor 4,2023-08-12
P1595,Mark,Murphy,Doctor 16,2023-08-12
P1627,Thomas,Howard,Doctor 24,2023-08-12
P1644,Betty,Brown,Doctor 13,2023-08-12
P1803,Nicholas,Martinez,Doctor 19,2023-08-12
P1809,Frank,Nguyen,Doctor 28,2023-08-12
P1856,Aaron,Scott,Doctor 33,2023-08-12
P1923,Mark,Ward,Doctor 18,2023-08-12
P2010,Anna,Green,Doctor 15,2023-08-12
P2115,Sandra,Ramos,Doctor 27,2023-08-12
P2170,Melissa,Smith,Doctor 42,2023-08-12
P2193,Elizabeth,Hughes,Doctor 35,2023-08-12
P2217,Sarah,Alvarez,Doctor 14,2023-08-12
P2239,Ronald,Cook,Doctor 12,2023-08-12
P2282,Joseph,Hall,Doctor 14,2023-08-12
P2290,Matthew,Rogers,Doctor 27,2023-08-12
P2299,Tyler,Hill,Doctor 28,2023-08-12
P0023,Dorothy,Adams,Doctor 47,2023-08-13
P0030,Kenneth,Ward,Doctor 14,2023-08-13
P0089,Angela,Thomas,Doctor 47,2023-08-13
P0091,Amy,Jones,Doctor 3,2023-08-13
P0096,Joshua,Reed,Doctor 44,2023-08-13
P0108,Kimberly,Gonzalez,Doctor 2,2023-08-13
P0123,Jose,Williams,Doctor 40,2023-08-13
P0159,Donna,Reed,Doctor 11,2023-08-13
P0193,Christopher,Ruiz,Doctor 2,2023-08-13
P0194,Nancy,Torres,Doctor 15,2023-08-13
P0217,Amy,Martin,Doctor 3,2023-08-13
P0309,Deborah,Martinez,Doctor 45,2023-08-13
P0438,Helen,White,Doctor 34,2023-08-13
P0519,David,Bailey,Doctor 20,2023-08-13
P0807,Laura,Clark,Doctor 33,2023-08-13
P0910,Jose,Nguyen,Doctor 28,2023-08-13
P1062,Melissa,Williams,Doctor 8,2023-08-13
P1067,Jennifer,Wood,Doctor 25,2023-08-13
P1098,Christopher,Diaz,Doctor 25,2023-08-13
P1105,Timothy,Miller,Doctor 26,2023-08-13
P1119,Joseph,Martin,Doctor 30,2023-08-13
P1324,Nancy,Reed,Doctor 4,2023-08-13
P1442,Matthew,Castillo,Doctor 49,2023-08-13
P1494,Sandra,Taylor,Doctor 6,2023-08-13
P1500,Carol,Gonzalez,Doctor 49,2023-08-13
P1515,Mark,Smith,Doctor 1,2023-08-13
P1584,Kevin,Cox,Doctor 20,2023-08-13
P1770,Justin,Green,Doctor 30,2023-08-13
P1828,Matthew,Hernandez,Doctor 17,2023-08-13
P1870,Jessica,Cox,Doctor 23,2023-08-13
P1875,Jack,Sanchez,Doctor 23,2023-08-13
P1883,Edward,Campbell,Doctor 49,2023-08-13
P1944,Gary,Bennett,Doctor 18,2023-08-13
P2006,Jonathan,Collins,Doctor 6,2023-08-13
P2206,Kenneth,Lewis,Doctor 50,2023-08-13
P2265,Edward,Allen,Doctor 49,2023-08-13
P2276,Alexander,Anderson,Doctor 48,2023-08-13
P0070,Emma,Clark,Doctor 13,2023-08-14
P0083,Rebecca,Gray,Doctor 16,2023-08-14
P0149,Linda,Hernandez,Doctor 41,2023-08-14
P0154,Steven,Cook,Doctor 15,2023-08-14
P0220,Kevin,Cruz,Doctor 46,2023-08-14
P0247,Patricia,Thomas,Doctor 33,2023-08-14
P0339,Jessica,Morales,Doctor 48,2023-08-14
P0393,George,Brooks,Doctor 47,2023-08-14
P0477,Mary,Clark,Doctor 10,2023-08-14
P0482,Steven,Scott,Doctor 23,2023-08-14
P0483,Justin,Reyes,Doctor 33,2023-08-14
P0499,Sharon,Stewart,Doctor 30,2023-08-14
P0596,Edward,Patel,Doctor 1,2023-08-14
P0657,Linda,Miller,Doctor 17,2023-08-14
P0738,Charles,Jackson,Doctor 6,2023-08-14
P0813,Sandra,Brown,Doctor 46,2023-08-14
P0846,Mary,Turner,Doctor 26,2023-08-14
P0873,Cynthia,Thomas,Doctor 42,2023-08-14
P0998,Kimberly,Mendoza,Doctor 19,2023-08-14
P1123,Gregory,Turner,Doctor 21,2023-08-14
P1141,Donald,Brooks,Doctor 24,2023-08-14
P1179,Justin,White,Doctor 14,2023-08-14
P1209,Jack,Patel,Doctor 45,2023-08-14
P1222,Deborah,Mitchell,Doctor 48,2023-08-14
P1274,Joseph,Perez,Doctor 36,2023-08-14
P1289,Alexander,Brooks,Doctor 27,2023-08-14
P1495,Kevin,Nelson,Doctor 8,2023-08-14
P1693,Scott,White,Doctor 7,2023-08-14
P1736,Sandra,Flores,Doctor 33,2023-08-14
P1805,Dennis,Garcia,Doctor 6,2023-08-14
P2003,Amy,Ortiz,Doctor 33,2023-08-14
P2039,Jonathan,Diaz,Doctor 34,2023-08-14
P2202,Jennifer,Cox,Doctor 5,2023-08-14
P2218,Mary,Lee,Doctor 31,2023-08-14
P0010,James,Lopez,Doctor 3,2023-08-15
P0054,Brian,Stewart,Doctor 10,2023-08-15
P0190,Rebecca,Ramos,Doctor 27,2023-08-15
P0217,Amy,Martin,Doctor 38,2023-08-15
P0305,Jeffrey,Reyes,Doctor 23,2023-08-15
P0338,Mark,Jackson,Doctor 11,2023-08-15
P0468,Ryan,Garcia,Doctor 9,2023-08-15
P0495,Laura,Roberts,Doctor 9,2023-08-15
P0540,Carol,Ramirez,Doctor 30,2023-08-15
P0609,Samuel,Howard,Doctor 44,2023-08-15
P0633,Christopher,Allen,Doctor 48,2023-08-15
P0711,Aaron,Jackson,Doctor 28,2023-08-15
P0822,Helen,Kelly,Doctor 48,2023-08-15
P0894,Steven,Ramos,Doctor 29,2023-08-15
P0960,Timothy,Nelson,Doctor 21,2023-08-15
P1062,Melissa,Williams,Doctor 5,2023-08-15
P1262,Sharon,Brown,Doctor 45,2023-08-15
P1337,Edward,Collins,Doctor 5,2023-08-15
P1401,Donna,Chavez,Doctor 38,2023-08-15
P1407,Elizabeth,Cook,Doctor 31,2023-08-15
P1454,Carol,Peterson,Doctor 30,2023-08-15
P1546,Sarah,Cook,Doctor 30,2023-08-15
P1758,Mary,Garcia,Doctor 17,2023-08-15
P1905,Justin,Cook,Doctor 33,2023-08-15
P1935,Karen,Allen,Doctor 7,2023-08-15
P2027,Thomas,Sanders,Doctor 30,2023-08-15
P2077,Carol,Perez,Doctor 32,2023-08-15
P2097,Michelle,Torres,Doctor 23,2023-08-15
P2105,John,Wright,Doctor 28,2023-08-15
P2106,Karen,Jones,Doctor 28,2023-08-15
P2156,Cynthia,Diaz,Doctor 43,2023-08-15
P2162,Larry,Johnson,Doctor 3,2023-08-15
P2174,Sandra,Carter,Doctor 34,2023-08-15
P0070,Emma,Clark,Doctor 13,2023-08-16
P0204,Deborah,Diaz,Doctor 47,2023-08-16
P0248,Timothy,Ramos,Doctor 48,2023-08-16
P0307,Virginia,Peterson,Doctor 36,2023-08-16
P0364,Rebecca,Morgan,Doctor 26,2023-08-16
P0419,Ruth,Carter,Doctor 48,2023-08-16
P0420,Emma,Patel,Doctor 41,2023-08-16
P0444,Thomas,Sanchez,Doctor 15,2023-08-16
P0460,Richard,Hill,Doctor 23,2023-08-16
P0468,Ryan,Garcia,Doctor 31,2023-08-16
P0525,Timothy,King,Doctor 36,2023-08-16
P0623,Sharon,Price,Doctor 16,2023-08-16
P0802,Richard,Robinson,Doctor 7,2023-08-16
P0995,Jacob,Bennett,Doctor 43,2023-08-16
P1224,Laura,Rodriguez,Doctor 24,2023-08-16
P1283,Barbara,Evans,Doctor 17,2023-08-16
P1284,Larry,Castillo,Doctor 46,2023-08-16
P1365,Deborah,Phillips,Doctor 3,2023-08-16
P1403,Emma,Rodriguez,Doctor 48,2023-08-16
P1535,Jeffrey,Cruz,Doctor 30,2023-08-16
P1652,Shirley,Baker,Doctor 23,2023-08-16
P1686,Virginia,Green,Doctor 30,2023-08-16
P1708,Kathleen,Campbell,Doctor 6,2023-08-16
P1726,Larry,Hernandez,Doctor 28,2023-08-16
P1738,Steven,Perez,Doctor 15,2023-08-16
P1775,Jennifer,Martinez,Doctor 2,2023-08-16
P1789,Jerry,Richardson,Doctor 36,2023-08-16
P1874,Joseph,Moore,Doctor 40,2023-08-16
P1882,Jacob,Rivera,Doctor 42,2023-08-16
P1926,Patrick,Mitchell,Doctor 35,2023-08-16
P1961,Eric,Stewart,Doctor 19,2023-08-16
P1970,Jeffrey,Young,Doctor 1,2023-08-16
P2050,Elizabeth,Martin,Doctor 42,2023-08-16
P2077,Carol,Perez,Doctor 21,2023-08-16
P2078,Linda,Nguyen,Doctor 23,2023-08-16
P2118,Michael,Miller,Doctor 38,2023-08-16
P2152,Christopher,Miller,Doctor 43,2023-08-16
P2212,Nicholas,Myers,Doctor 20,2023-08-16
P2247,Jason,Hernandez,Doctor 9,2023-08-16
P2267,Christopher,King,Doctor 5,2023-08-16
P2284,Cynthia,Lopez,Doctor 42,2023-08-16
P0089,Angela,Thomas,Doctor 12,2023-08-17
P0122,Jonathan,Wright,Doctor 34,2023-08-17
P0212,Sarah,Lopez,Doctor 9,2023-08-17
P0227,Sarah,White,Doctor 12,2023-08-17
P0368,Mary,Bennett,Doctor 20,2023-08-17
P0683,Frank,Wilson,Doctor 9,2023-08-17
P0732,Kenneth,Morris,Doctor 48,2023-08-17
P0813,Sandra,Brown,Doctor 46,2023-08-17
P0903,Karen,Mitchell,Doctor 49,2023-08-17
P1012,Kevin,Jackson,Doctor 44,2023-08-17
P1044,Jonathan,Ramirez,Doctor 44,2023-08-17
P1079,Patrick,Adams,Doctor 10,2023-08-17
P1180,Karen,Collins,Doctor 37,2023-08-17
P1389,Barbara,Nguyen,Doctor 4,2023-08-17
P1423,David,Brooks,Doctor 26,2023-08-17
P1434,Raymond,Hughes,Doctor 11,2023-08-17
P1534,Daniel,Ortiz,Doctor 20,2023-08-17
P1545,Samuel,Torres,Doctor 34,2023-08-17
P1577,Cynthia,Reyes,Doctor 21,2023-08-17
P1690,Raymond,Reyes,Doctor 14,2023-08-17
P1860,Sharon,Williams,Doctor 2,2023-08-17
P1903,Barbara,Hall,Doctor 2,2023-08-17
P1969,Brandon,Sanchez,Doctor 39,2023-08-17
P1996,Justin,Ward,Doctor 18,2023-08-17
P2004,Kimberly,Chavez,Doctor 9,2023-08-17
P2055,Kimberly,Alvarez,Doctor 7,2023-08-17
P2105,John,Wright,Doctor 22,2023-08-17
P2281,Jeffrey,Ramirez,Doctor 22,2023-08-17
P0008,Edward,Cook,Doctor 23,2023-08-18
P0104,Angela,Cooper,Doctor 22,2023-08-18
P0120,Virginia,Rodriguez,Doctor 36,2023-08-18
P0398,Nicholas,Diaz,Doctor 33,2023-08-18
P0491,Jerry,Kelly,Doctor 30,2023-08-18
P0540,Carol,Ramirez,Doctor 35,2023-08-18
P0589,Sarah,Morris,Doctor 46,2023-08-18
P0620,Dennis,Martin,Doctor 3,2023-08-18
P0712,James,Bailey,Doctor 32,2023-08-18
P0721,Sarah,Kelly,Doctor 29,2023-08-18
P0724,Ryan,Kelly,Doctor 1,2023-08-18
P0852,Jose,Campbell,Doctor 17,2023-08-18
P0857,Richard,Martinez,Doctor 50,2023-08-18
P0965,Michelle,Turner,Doctor 31,2023-08-18
P1088,Scott,Diaz,Doctor 5,2023-08-18
P1099,Jacob,Garcia,Doctor 39,2023-08-18
P1102,Ryan,Peterson,Doctor 39,2023-08-18
P1105,Timothy,Miller,Doctor 18,2023-08-18
P1142,Jennifer,Sanchez,Doctor 37,2023-08-18
P1170,Amy,Parker,Doctor 27,2023-08-18
P1242,Ronald,Harris,Doctor 20,2023-08-18
P1253,Aaron,Kim,Doctor 47,2023-08-18
P1315,Ronald,Hall,Doctor 12,2023-08-18
P1322,Susan,Rogers,Doctor 22,2023-08-18
P1323,Donald,Nelson,Doctor 23,2023-08-18
P1344,Dorothy,Cox,Doctor 27,2023-08-18
P1346,Jerry,Davis,Doctor 3,2023-08-18
P1445,Susan,Parker,Doctor 2,2023-08-18
P1463,Donna,Nguyen,Doctor 22,2023-08-18
P1466,Stephen,Howard,Doctor 36,2023-08-18
P1475,Cynthia,Rogers,Doctor 5,2023-08-18
P1498,Larry,Wilson,Doctor 7,2023-08-18
P1545,Samuel,Torres,Doctor 34,2023-08-18
P1639,Patrick,Rodriguez,Doctor 20,2023-08-18
P1656,Mary,Price,Doctor 16,2023-08-18
P1693,Scott,White,Doctor 11,2023-08-18
P1979,Kimberly,Lopez,Doctor 13,2023-08-18
P2004,Kimberly,Chavez,Doctor 33,2023-08-18
P2067,Alexander,Taylor,Doctor 30,2023-08-18
P2097,Michelle,Torres,Doctor 41,2023-08-18
P2131,Helen,Rodriguez,Doctor 41,2023-08-18
P0001,Sharon,Howard,Doctor 30,2023-08-19
P0008,Edward,Cook,Doctor 23,2023-08-19
P0075,Rebecca,Turner,Doctor 23,2023-08-19
P0092,Lisa,Jones,Doctor 47,2023-08-19
P0308,Jerry,Chavez,Doctor 49,2023-08-19
P0411,Mark,Hall,Doctor 5,2023-08-19
P0493,Joseph,Stewart,Doctor 3,2023-08-19
P0549,Amy,Gonzalez,Doctor 17,2023-08-19
P0624,Lisa,Gutierrez,Doctor 16,2023-08-19
P0774,Nancy,Collins,Doctor 37,2023-08-19
P0792,Sarah,Bennett,Doctor 18,2023-08-19
P0817,Christopher,Morris,Doctor 50,2023-08-19
P0885,Mark,Rodriguez,Doctor 30,2023-08-19
P0921,Michael,Cooper,Doctor 39,2023-08-19
P0926,Anna,Mendoza,Doctor 2,2023-08-19
P0949,Joseph,Johnson,Doctor 27,2023-08-19
P1119,Joseph,Martin,Doctor 15,2023-08-19
P1234,Joshua,Sanders,Doctor 26,2023-08-19
P1245,Patricia,Lopez,Doctor 36,2023-08-19
P1282,Matthew,Howard,Doctor 21,2023-08-19
P1693,Scott,White,Doctor 45,2023-08-19
P1703,Sandra,Hall,Doctor 34,2023-08-19
P1755,Eric,Peterson,Doctor 14,2023-08-19
P1788,Nicholas,Anderson,Doctor 37,2023-08-19
P1874,Joseph,Moore,Doctor 40,2023-08-19
P1930,Melissa,Rodriguez,Doctor 43,2023-08-19
P1932,Deborah,Wood,Doctor 15,2023-08-19
P2025,Jennifer,Ortiz,Doctor 15,2023-08-19
P2114,Jason,Morales,Doctor 4,2023-08-19
P2181,Robert,Harris,Doctor 14,2023-08-19
P2231,Frank,Ramirez,Doctor 21,2023-08-19
P0054,Brian,Stewart,Doctor 14,2023-08-20
P0099,Raymond,Moore,Doctor 19,2023-08-20
P0281,Jessica,Gonzalez,Doctor 30,2023-08-20
P0283,Kathleen,Taylor,Doctor 10,2023-08-20
P0359,Tyler,Ward,Doctor 43,2023-08-20
P0404,Jeffrey,Alvarez,Doctor 10,2023-08-20
P0517,Susan,Harris,Doctor 40,2023-08-20
P0589,Sarah,Morris,Doctor 43,2023-08-20
P0590,Jeffrey,Rodriguez,Doctor 44,2023-08-20
P0593,Sarah,Taylor,Doctor 9,2023-08-20
P0621,Elizabeth,Robinson,Doctor 15,2023-08-20
P0658,Linda,Adams,Doctor 4,2023-08-20
P0688,George,Williams,Doctor 47,2023-08-20
P0712,James,Bailey,Doctor 50,2023-08-20
P0838,James,Ortiz,Doctor 40,2023-08-20
P1000,Christopher,Howard,Doctor 35,2023-08-20
P1021,Donald,King,Doctor 5,2023-08-20
P1085,Jessica,Cruz,Doctor 10,2023-08-20
P1125,Samuel,Myers,Doctor 25,2023-08-20
P1143,Jacob,Morales,Doctor 21,2023-08-20
P1255,Dorothy,Sanders,Doctor 6,2023-08-20
P1286,Raymond,Ward,Doctor 21,2023-08-20
P1394,Helen,Rogers,Doctor 36,2023-08-20
P1601,Ronald,Richardson,Doctor 43,2023-08-20
P1638,Kenneth,Rogers,Doctor 41,2023-08-20
P1768,Virginia,Parker,Doctor 35,2023-08-20
P1874,Joseph,Moore,Doctor 40,2023-08-20
P1879,Jose,Adams,Doctor 45,2023-08-20
P1891,Carol,Hernandez,Doctor 8,2023-08-20
P1973,Deborah,Stewart,Doctor 18,2023-08-20
P1995,Aaron,Stewart,Doctor 31,2023-08-20
P1997,Justin,Ruiz,Doctor 10,2023-08-20
P2087,Mary,King,Doctor 46,2023-08-20
P2097,Michelle,Torres,Doctor 17,2023-08-20
P2136,Deborah,Bennett,Doctor 5,2023-08-20
P2249,Robert,Lee,Doctor 1,2023-08-20
P2267,Christopher,King,Doctor 35,2023-08-20
P0130,Jacob,Patel,Doctor 31,2023-08-21
P0152,Helen,Hughes,Doctor 43,2023-08-21
P0180,Rebecca,Peterson,Doctor 24,2023-08-21
P0205,Jason,Lewis,Doctor 2,2023-08-21
P0519,David,Bailey,Doctor 39,2023-08-21
P0525,Timothy,King,Doctor 21,2023-08-21
P0551,John,Ruiz,Doctor 48,2023-08-21
P0673,Kathleen,Robinson,Doctor 41,2023-08-21
P0692,Ronald,Taylor,Doctor 1,2023-08-21
P0709,Scott,Scott,Doctor 20,2023-08-21
P0776,Jack,Garcia,Doctor 17,2023-08-21
P0910,Jose,Nguyen,Doctor 28,2023-08-21
P1118,Jonathan,Flores,Doctor 47,2023-08-21
P1299,Edward,Taylor,Doctor 36,2023-08-21
P1379,Daniel,Jones,Doctor 50,2023-08-21
P1403,Emma,Rodriguez,Doctor 6,2023-08-21
P1502,Ruth,Hernandez,Doctor 14,2023-08-21
P1532,Sarah,Torres,Doctor 4,2023-08-21
P1532,Sarah,Torres,Doctor 4,2023-08-21
P1542,Gregory,Lee,Doctor 22,2023-08-21
P1625,Ryan,Richardson,Doctor 49,2023-08-21
P1695,Alexander,Reed,Doctor 48,2023-08-21
P2090,Deborah,Morgan,Doctor 41,2023-08-21
P2142,Mary,Hughes,Doctor 6,2023-08-21
P2256,Jerry,Thomas,Doctor 20,2023-08-21
P0058,Kimberly,Green,Doctor 31,2023-08-22
P0100,Dennis,Chavez,Doctor 25,2023-08-22
P0199,William,Cox,Doctor 21,2023-08-22
P0213,Aaron,Clark,Doctor 12,2023-08-22
P0223,Jeffrey,Harris,Doctor 40,2023-08-22
P0305,Jeffrey,Reyes,Doctor 23,2023-08-22
P0352,Sandra,Ward,Doctor 31,2023-08-22
P0528,Amy,Thompson,Doctor 49,2023-08-22
P0743,Ryan,Brooks,Doctor 31,2023-08-22
P0846,Mary,Turner,Doctor 20,2023-08-22
P0988,Andrew,Nguyen,Doctor 37,2023-08-22
P1048,Nancy,Watson,Doctor 50,2023-08-22
P1164,Raymond,Allen,Doctor 50,2023-08-22
P1373,Andrew,Sanders,Doctor 46,2023-08-22
P1545,Samuel,Torres,Doctor 19,2023-08-22
P1650,Jeffrey,Adams,Doctor 35,2023-08-22
P1679,Elizabeth,Wright,Doctor 8,2023-08-22
P1684,Virginia,Gonzalez,Doctor 32,2023-08-22
P1704,Robert,Gutierrez,Doctor 33,2023-08-22
P1822,Charles,Howard,Doctor 42,2023-08-22
P1879,Jose,Adams,Doctor 45,2023-08-22
P1889,Jennifer,Hill,Doctor 28,2023-08-22
P1906,Edward,Thomas,Doctor 3,2023-08-22
P2061,Andrew,Reed,Doctor 32,2023-08-22
P2065,Brandon,Stewart,Doctor 43,2023-08-22
P2076,Ronald,Sanchez,Doctor 13,2023-08-22
P2082,Steven,King,Doctor 36,2023-08-22
P2082,Steven,King,Doctor 47,2023-08-22
P2178,Jacob,Miller,Doctor 17,2023-08-22
P2198,Amy,Phillips,Doctor 25,2023-08-22
P2246,Cynthia,Flores,Doctor 21,2023-08-22
P2250,Thomas,Peterson,Doctor 45,2023-08-22
P2279,Susan,Lewis,Doctor 7,2023-08-22
P0162,Jerry,Brooks,Doctor 44,2023-08-23
P0362,Helen,Sanders,Doctor 50,2023-08-23
P0560,Larry,Lopez,Doctor 28,2023-08-23
P0632,Lisa,Bailey,Doctor 8,2023-08-23
P0795,Lisa,Price,Doctor 8,2023-08-23
P0879,Donna,Jones,Doctor 37,2023-08-23
P0905,Jeffrey,Wood,Doctor 35,2023-08-23
P1102,Ryan,Peterson,Doctor 16,2023-08-23
P1174,Karen,Scott,Doctor 4,2023-08-23
P1503,David,Cooper,Doctor 34,2023-08-23
P1904,Christopher,Davis,Doctor 22,2023-08-23
P2028,Donna,Rogers,Doctor 44,2023-08-23
P2181,Robert,Harris,Doctor 14,2023-08-23
P2210,Patrick,Hernandez,Doctor 19,2023-08-23
P0073,Nancy,Cruz,Doctor 45,2023-08-24
P0124,Kimberly,Sanchez,Doctor 10,2023-08-24
P0173,Dorothy,Mitchell,Doctor 6,2023-08-24
P0188,Jennifer,Garcia,Doctor 35,2023-08-24
P0218,Cynthia,Myers,Doctor 46,2023-08-24
P0252,Karen,Turner,Doctor 48,2023-08-24
P0312,Jack,Cruz,Doctor 32,2023-08-24
P0427,Gary,Brooks,Doctor 43,2023-08-24
P0433,William,Martinez,Doctor 48,2023-08-24
P0505,Charles,Cook,Doctor 8,2023-08-24
P0576,Samuel,Ortiz,Doctor 11,2023-08-24
P0583,Jennifer,Cooper,Doctor 6,2023-08-24
P0678,Jerry,Moore,Doctor 19,2023-08-24
P0704,Linda,Gomez,Doctor 32,2023-08-24
P0750,Ruth,Chavez,Doctor 21,2023-08-24
P0941,Helen,Moore,Doctor 17,2023-08-24
P1108,Sarah,Wilson,Doctor 37,2023-08-24
P1180,Karen,Collins,Doctor 37,2023-08-24
P1344,Dorothy,Cox,Doctor 27,2023-08-24
P1579,Benjamin,Garcia,Doctor 9,2023-08-24
P1587,Rebecca,Garcia,Doctor 19,2023-08-24
P1588,Stephen,Wood,Doctor 21,2023-08-24
P1731,Benjamin,Baker,Doctor 20,2023-08-24
P1739,Aaron,Taylor,Doctor 27,2023-08-24
P1804,Raymond,Gomez,Doctor 12,2023-08-24
P1826,George,Robinson,Doctor 35,2023-08-24
P1858,Virginia,Perez,Doctor 7,2023-08-24
P1865,Sarah,Reed,Doctor 38,2023-08-24
P2025,Jennifer,Ortiz,Doctor 38,2023-08-24
P2166,Ronald,Roberts,Doctor 31,2023-08-24
P2252,Michelle,Bailey,Doctor 41,2023-08-24
P2281,Jeffrey,Ramirez,Doctor 30,2023-08-24
P0049,Jerry,Reyes,Doctor 9,2023-08-25
P0082,Aaron,Adams,Doctor 2,2023-08-25
P0303,Gregory,Flores,Doctor 1,2023-08-25
P0409,Kimberly,Edwards,Doctor 32,2023-08-25
P0460,Richard,Hill,Doctor 23,2023-08-25
P0518,Jacob,White,Doctor 47,2023-08-25
P0580,Aaron,Williams,Doctor 6,2023-08-25
P0666,Dennis,Roberts,Doctor 9,2023-08-25
P0837,Patricia,Howard,Doctor 1,2023-08-25
P0874,Linda,Lee,Doctor 39,2023-08-25
P0986,Lisa,Murphy,Doctor 37,2023-08-25
P0996,Deborah,Williams,Doctor 46,2023-08-25
P1026,Amy,Howard,Doctor 24,2023-08-25
P1045,Timothy,Perez,Doctor 28,2023-08-25
P1063,Timothy,Morgan,Doctor 39,2023-08-25
P1323,Donald,Nelson,Doctor 23,2023-08-25
P1354,Benjamin,Kim,Doctor 27,2023-08-25
P1360,Barbara,Diaz,Doctor 33,2023-08-25
P1398,Robert,Rogers,Doctor 8,2023-08-25
P1571,Joshua,Taylor,Doctor 34,2023-08-25
P1572,Donna,Baker,Doctor 36,2023-08-25
P1581,Dorothy,White,Doctor 30,2023-08-25
P1680,Tyler,King,Doctor 45,2023-08-25
P1725,Larry,Rivera,Doctor 17,2023-08-25
P1797,Karen,Watson,Doctor 23,2023-08-25
P1826,George,Robinson,Doctor 35,2023-08-25
P1904,Christopher,Davis,Doctor 22,2023-08-25
P1980,Donald,Anderson,Doctor 23,2023-08-25
P2050,Elizabeth,Martin,Doctor 45,2023-08-25
P2092,Brian,Myers,Doctor 42,2023-08-25
P2119,Brandon,Gutierrez,Doctor 33,2023-08-25
P0326,Donald,Perez,Doctor 13,2023-08-26
P0341,Kenneth,Sanchez,Doctor 34,2023-08-26
P0445,Jessica,Gomez,Doctor 33,2023-08-26
P0482,Steven,Scott,Doctor 23,2023-08-26
P0489,Jason,Cooper,Doctor 34,2023-08-26
P0517,Susan,Harris,Doctor 6,2023-08-26
P0710,Melissa,Chavez,Doctor 12,2023-08-26
P0845,John,Ward,Doctor 47,2023-08-26
P0943,Thomas,Martinez,Doctor 29,2023-08-26
P0968,Dorothy,Smith,Doctor 25,2023-08-26
P0973,Kimberly,Bennett,Doctor 28,2023-08-26
P0991,Jose,Howard,Doctor 44,2023-08-26
P1050,John,Lewis,Doctor 32,2023-08-26
P1109,Thomas,Thomas,Doctor 44,2023-08-26
P1127,Sandra,Nguyen,Doctor 34,2023-08-26
P1155,Samuel,Young,Doctor 31,2023-08-26
P1159,Ronald,Ward,Doctor 6,2023-08-26
P1177,Jason,Wilson,Doctor 35,2023-08-26
P1202,Barbara,Martinez,Doctor 39,2023-08-26
P1256,Kevin,Edwards,Doctor 38,2023-08-26
P1320,Lisa,Williams,Doctor 34,2023-08-26
P1423,David,Brooks,Doctor 21,2023-08-26
P1502,Ruth,Hernandez,Doctor 25,2023-08-26
P1517,Kimberly,Morris,Doctor 42,2023-08-26
P1523,Michael,Roberts,Doctor 35,2023-08-26
P1695,Alexander,Reed,Doctor 20,2023-08-26
P1806,Nancy,Diaz,Doctor 1,2023-08-26
P1827,Michelle,Castillo,Doctor 35,2023-08-26
P1903,Barbara,Hall,Doctor 22,2023-08-26
P2012,Sarah,King,Doctor 50,2023-08-26
P2030,David,Garcia,Doctor 8,2023-08-26
P2264,Patrick,Rogers,Doctor 31,2023-08-26
P0004,Susan,White,Doctor 19,2023-08-27
P0429,Gregory,Chavez,Doctor 44,2023-08-27
P0603,Nicholas,Williams,Doctor 9,2023-08-27
P0603,Nicholas,Williams,Doctor 21,2023-08-27
P0674,Benjamin,Collins,Doctor 46,2023-08-27
P0695,Elizabeth,Diaz,Doctor 15,2023-08-27
P0751,Sandra,James,Doctor 2,2023-08-27
P0812,Brenda,Clark,Doctor 2,2023-08-27
P0846,Mary,Turner,Doctor 18,2023-08-27
P0869,Amy,Hughes,Doctor 2,2023-08-27
P1111,Michael,Flores,Doctor 48,2023-08-27
P1134,Alexander,Roberts,Doctor 28,2023-08-27
P1146,Deborah,Hughes,Doctor 16,2023-08-27
P1164,Raymond,Allen,Doctor 50,2023-08-27
P1198,Jacob,Thompson,Doctor 41,2023-08-27
P1632,Frank,Allen,Doctor 19,2023-08-27
P1741,Kimberly,Torres,Doctor 44,2023-08-27
P1843,Christopher,Cruz,Doctor 14,2023-08-27
P1877,Barbara,Morales,Doctor 15,2023-08-27
P1975,Timothy,Phillips,Doctor 23,2023-08-27
P2053,Mark,Miller,Doctor 4,2023-08-27
P2104,Nicholas,Murphy,Doctor 14,2023-08-27
P2146,George,Thompson,Doctor 49,2023-08-27
P2249,Robert,Lee,Doctor 12,2023-08-27
P0035,Jennifer,Richardson,Doctor 39,2023-08-28
P0094,Scott,Chavez,Doctor 6,2023-08-28
P0263,Patrick,Myers,Doctor 3,2023-08-28
P0320,Sarah,Thomas,Doctor 37,2023-08-28
P0349,Laura,Parker,Doctor 6,2023-08-28
P0385,Jacob,Collins,Doctor 47,2023-08-28
P0422,Melissa,Flores,Doctor 34,2023-08-28
P0479,Joseph,Ortiz,Doctor 39,2023-08-28
P0533,James,Davis,Doctor 36,2023-08-28
P0631,Thomas,Harris,Doctor 6,2023-08-28
P0653,Thomas,Price,Doctor 29,2023-08-28
P0662,Jennifer,Hughes,Doctor 3,2023-08-28
P0739,Brenda,Rogers,Doctor 20,2023-08-28
P0749,James,Young,Doctor 26,2023-08-28
P1158,Rebecca,Murphy,Doctor 3,2023-08-28
P1159,Ronald,Ward,Doctor 6,2023-08-28
P1186,Sharon,Gray,Doctor 27,2023-08-28
P1269,Andrew,Smith,Doctor 50,2023-08-28
P1305,Susan,Johnson,Doctor 44,2023-08-28
P1318,Frank,Martin,Doctor 32,2023-08-28
P1347,David,Baker,Doctor 14,2023-08-28
P1364,Justin,Kelly,Doctor 30,2023-08-28
P1416,Jason,Phillips,Doctor 34,2023-08-28
P1422,Angela,Collins,Doctor 38,2023-08-28
P1479,Jessica,Flores,Doctor 11,2023-08-28
P1482,Kimberly,Wilson,Doctor 4,2023-08-28
P1509,Sarah,Smith,Doctor 2,2023-08-28
P1511,Mary,Hall,Doctor 28,2023-08-28
P1539,Brian,Jackson,Doctor 19,2023-08-28
P1701,James,Morris,Doctor 25,2023-08-28
P1727,Donald,Evans,Doctor 8,2023-08-28
P1800,Joseph,Hill,Doctor 28,2023-08-28
P1815,Brian,Taylor,Doctor 14,2023-08-28
P1818,Jessica,Alvarez,Doctor 15,2023-08-28
P1823,Ruth,Collins,Doctor 49,2023-08-28
P1849,Jose,Kim,Doctor 22,2023-08-28
P1873,Robert,Flores,Doctor 29,2023-08-28
P1950,Sharon,Evans,Doctor 28,2023-08-28
P1962,Amy,Morales,Doctor 17,2023-08-28
P2015,Laura,Diaz,Doctor 3,2023-08-28
P2035,Alexander,Ramirez,Doctor 37,2023-08-28
P2203,Ruth,Morris,Doctor 1,2023-08-28
P0178,Gary,Harris,Doctor 5,2023-08-29
P0200,Ryan,Parker,Doctor 30,2023-08-29
P0255,Jennifer,Clark,Doctor 18,2023-08-29
P0267,Jacob,Wilson,Doctor 41,2023-08-29
P0386,Sharon,Wright,Doctor 50,2023-08-29
P0403,Kevin,Campbell,Doctor 42,2023-08-29
P0425,Helen,Ruiz,Doctor 3,2023-08-29
P0442,Gary,Wilson,Doctor 37,2023-08-29
P0505,Charles,Cook,Doctor 47,2023-08-29
P0510,Jack,Carter,Doctor 35,2023-08-29
P0696,Larry,Nelson,Doctor 39,2023-08-29
P0766,Deborah,Rivera,Doctor 31,2023-08-29
P0786,Sarah,Chavez,Doctor 6,2023-08-29
P0794,Patrick,Mendoza,Doctor 28,2023-08-29
P0797,Jack,Mendoza,Doctor 32,2023-08-29
P0828,Thomas,Ward,Doctor 23,2023-08-29
P0846,Mary,Turner,Doctor 18,2023-08-29
P0999,Thomas,Ruiz,Doctor 46,2023-08-29
P1231,Rebecca,Moore,Doctor 26,2023-08-29
P1289,Alexander,Brooks,Doctor 43,2023-08-29
P1346,Jerry,Davis,Doctor 29,2023-08-29
P1415,Mark,Rogers,Doctor 27,2023-08-29
P1489,Frank,Rodriguez,Doctor 24,2023-08-29
P1554,Emma,Lee,Doctor 12,2023-08-29
P1612,James,Edwards,Doctor 27,2023-08-29
P1621,Deborah,Smith,Doctor 4,2023-08-29
P1754,Jacob,Chavez,Doctor 40,2023-08-29
P1778,Sharon,Mitchell,Doctor 46,2023-08-29
P1954,Amy,Wright,Doctor 13,2023-08-29
P1979,Kimberly,Lopez,Doctor 13,2023-08-29
P2018,Sharon,Turner,Doctor 24,2023-08-29
P2018,Sharon,Turner,Doctor 22,2023-08-29
P2046,Gary,Phillips,Doctor 20,2023-08-29
P2288,Frank,Sanchez,Doctor 44,2023-08-29
P2302,Sarah,Allen,Doctor 16,2023-08-29
P0087,Ryan,Nguyen,Doctor 11,2023-08-30
P0113,Sarah,Roberts,Doctor 17,2023-08-30
P0256,Dennis,Scott,Doctor 37,2023-08-30
P0340,Jason,Collins,Doctor 34,2023-08-30
P0355,Brandon,Cox,Doctor 4,2023-08-30
P0360,Charles,Taylor,Doctor 39,2023-08-30
P0582,Kenneth,Morales,Doctor 36,2023-08-30
P0729,Cynthia,Gutierrez,Doctor 38,2023-08-30
P0769,Benjamin,Carter,Doctor 14,2023-08-30
P0846,Mary,Turner,Doctor 10,2023-08-30
P0890,Charles,Roberts,Doctor 30,2023-08-30
P1095,Betty,Ortiz,Doctor 37,2023-08-30
P1174,Karen,Scott,Doctor 4,2023-08-30
P1229,Jonathan,Anderson,Doctor 49,2023-08-30
P1251,Sandra,Mitchell,Doctor 11,2023-08-30
P1437,Ronald,Mendoza,Doctor 8,2023-08-30
P1796,Carol,Sanchez,Doctor 9,2023-08-30
P1820,Ruth,Smith,Doctor 11,2023-08-30
P1833,Barbara,Brown,Doctor 35,2023-08-30
P2060,David,Lopez,Doctor 47,2023-08-30
P2169,George,Ramos,Doctor 4,2023-08-30
P2219,Charles,Young,Doctor 38,2023-08-30
P2229,Jonathan,White,Doctor 2,2023-08-30
P2246,Cynthia,Flores,Doctor 21,2023-08-30
P0090,Robert,Wood,Doctor 12,2023-08-31
P0129,Melissa,Turner,Doctor 14,2023-08-31
P0136,Jessica,Harris,Doctor 33,2023-08-31
P0217,Amy,Martin,Doctor 38,2023-08-31
P0239,Angela,Perez,Doctor 32,2023-08-31
P0259,Frank,Taylor,Doctor 8,2023-08-31
P0271,Sandra,Brooks,Doctor 29,2023-08-31
P0418,Thomas,Gray,Doctor 40,2023-08-31
P0487,Amy,Peterson,Doctor 50,2023-08-31
P0633,Christopher,Allen,Doctor 48,2023-08-31
P0746,Edward,Williams,Doctor 30,2023-08-31
P0757,Linda,Sanders,Doctor 4,2023-08-31
P0790,Gregory,Lewis,Doctor 28,2023-08-31
P0862,Donald,Murphy,Doctor 24,2023-08-31
P1053,Donald,Hill,Doctor 39,2023-08-31
P1117,Angela,Wright,Doctor 21,2023-08-31
P1157,Anthony,Martin,Doctor 36,2023-08-31
P1230,Ryan,Ortiz,Doctor 25,2023-08-31
P1314,Gregory,Garcia,Doctor 3,2023-08-31
P1322,Susan,Rogers,Doctor 22,2023-08-31
P1331,Daniel,Gomez,Doctor 28,2023-08-31
P1340,Jerry,Brown,Doctor 48,2023-08-31
P1375,Brandon,Peterson,Doctor 27,2023-08-31
P1545,Samuel,Torres,Doctor 19,2023-08-31
P1568,Eric,Brooks,Doctor 14,2023-08-31
P1592,Amy,Rivera,Doctor 21,2023-08-31
P1653,Anthony,Cruz,Doctor 48,2023-08-31
P1671,Benjamin,Gray,Doctor 29,2023-08-31
P1705,Christopher,Young,Doctor 11,2023-08-31
P1711,Robert,Cruz,Doctor 33,2023-08-31
P1713,Jennifer,James,Doctor 1,2023-08-31
P1716,Helen,Castillo,Doctor 3,2023-08-31
P1773,Eric,Sanchez,Doctor 11,2023-08-31
P1866,Cynthia,Johnson,Doctor 48,2023-08-31
P1965,Carol,Kim,Doctor 12,2023-08-31
P2141,Lisa,Morales,Doctor 17,2023-08-31
P2219,Charles,Young,Doctor 21,2023-08-31
P2234,Frank,Bennett,Doctor 3,2023-08-31
P0008,Edward,Cook,Doctor 23,2023-09-01
P0055,Samuel,Peterson,Doctor 23,2023-09-01
P0189,Jerry,Lopez,Doctor 26,2023-09-01
P0203,Melissa,Davis,Doctor 29,2023-09-01
P0249,Betty,Watson,Doctor 18,2023-09-01
P0273,Donald,Lewis,Doctor 22,2023-09-01
P0291,Aaron,Price,Doctor 30,2023-09-01
P0317,Sharon,Martin,Doctor 10,2023-09-01
P0477,Mary,Clark,Doctor 37,2023-09-01
P0492,Susan,Davis,Doctor 6,2023-09-01
P0584,Angela,Anderson,Doctor 1,2023-09-01
P0624,Lisa,Gutierrez,Doctor 15,2023-09-01
P0697,Rebecca,Martin,Doctor 23,2023-09-01
P0716,Ryan,Cruz,Doctor 42,2023-09-01
P0732,Kenneth,Morris,Doctor 20,2023-09-01
P1135,Amy,Diaz,Doctor 15,2023-09-01
P1138,Michelle,Clark,Doctor 19,2023-09-01
P1145,Betty,Campbell,Doctor 27,2023-09-01
P1347,David,Baker,Doctor 11,2023-09-01
P1379,Daniel,Jones,Doctor 27,2023-09-01
P1393,Shirley,Phillips,Doctor 13,2023-09-01
P1423,David,Brooks,Doctor 21,2023-09-01
P1499,Benjamin,Young,Doctor 31,2023-09-01
P1542,Gregory,Lee,Doctor 22,2023-09-01
P1569,William,Edwards,Doctor 39,2023-09-01
P1592,Amy,Rivera,Doctor 11,2023-09-01
P1628,Barbara,Cooper,Doctor 27,2023-09-01
P1656,Mary,Price,Doctor 34,2023-09-01
P1718,Brenda,Hill,Doctor 25,2023-09-01
P1778,Sharon,Mitchell,Doctor 12,2023-09-01
P1779,Angela,Bailey,Doctor 6,2023-09-01
P1822,Charles,Howard,Doctor 42,2023-09-01
P1841,Carol,Scott,Doctor 6,2023-09-01
P1862,Helen,Scott,Doctor 20,2023-09-01
P1896,Joseph,Brown,Doctor 36,2023-09-01
P1915,Steven,Reed,Doctor 11,2023-09-01
P2072,Amy,Allen,Doctor 18,2023-09-01
P2247,Jason,Hernandez,Doctor 46,2023-09-01
P0040,Sarah,Patel,Doctor 22,2023-09-02
P0060,Karen,Moore,Doctor 15,2023-09-02
P0079,Daniel,Garcia,Doctor 24,2023-09-02
P0240,Sandra,Richardson,Doctor 35,2023-09-02
P0320,Sarah,Thomas,Doctor 12,2023-09-02
P0332,Joseph,Martinez,Doctor 17,2023-09-02
P0351,Emma,Robinson,Doctor 4,2023-09-02
P0353,Laura,Cox,Doctor 8,2023-09-02
P0506,Joshua,Castillo,Doctor 2,2023-09-02
P0519,David,Bailey,Doctor 39,2023-09-02
P0553,Donna,Morgan,Doctor 46,2023-09-02
P0566,Mark,Lee,Doctor 29,2023-09-02
P0639,Elizabeth,Ramos,Doctor 40,2023-09-02
P1011,Timothy,Flores,Doctor 21,2023-09-02
P1110,Daniel,Davis,Doctor 15,2023-09-02
P1142,Jennifer,Sanchez,Doctor 44,2023-09-02
P1241,Kimberly,King,Doctor 3,2023-09-02
P1266,Deborah,Scott,Doctor 42,2023-09-02
P1268,Helen,Morgan,Doctor 35,2023-09-02
P1289,Alexander,Brooks,Doctor 8,2023-09-02
P1292,Andrew,Reyes,Doctor 16,2023-09-02
P1337,Edward,Collins,Doctor 5,2023-09-02
P1417,Michael,Gray,Doctor 48,2023-09-02
P1548,Barbara,Lee,Doctor 44,2023-09-02
P1590,Anthony,Johnson,Doctor 34,2023-09-02
P1799,Dorothy,Watson,Doctor 14,2023-09-02
P1803,Nicholas,Martinez,Doctor 49,2023-09-02
P2031,Gregory,Wood,Doctor 26,2023-09-02
P2134,Anthony,Rogers,Doctor 12,2023-09-02
P2187,Linda,Mendoza,Doctor 2,2023-09-02
P2208,Edward,Mendoza,Doctor 13,2023-09-02
P2238,Christopher,Gomez,Doctor 34,2023-09-02
P0056,Charles,Clark,Doctor 44,2023-09-03
P0176,Larry,Watson,Doctor 2,2023-09-03
P0199,William,Cox,Doctor 21,2023-09-03
P0365,Kenneth,Ramos,Doctor 38,2023-09-03
P0499,Sharon,Stewart,Doctor 19,2023-09-03
P0712,James,Bailey,Doctor 50,2023-09-03
P0721,Sarah,Kelly,Doctor 34,2023-09-03
P0749,James,Young,Doctor 26,2023-09-03
P0783,Susan,Jones,Doctor 40,2023-09-03
P0991,Jose,Howard,Doctor 43,2023-09-03
P1028,Barbara,Price,Doctor 44,2023-09-03
P1123,Gregory,Turner,Doctor 34,2023-09-03
P1247,Raymond,Jones,Doctor 28,2023-09-03
P1273,Anna,Wilson,Doctor 32,2023-09-03
P1511,Mary,Hall,Doctor 5,2023-09-03
P1574,Carol,Howard,Doctor 35,2023-09-03
P1698,James,Sanders,Doctor 12,2023-09-03
P1802,Samuel,Collins,Doctor 2,2023-09-03
P1956,Kenneth,Richardson,Doctor 47,2023-09-03
P2007,Donna,Alvarez,Doctor 23,2023-09-03
P2123,Jessica,Watson,Doctor 17,2023-09-03
P0086,Jessica,Miller,Doctor 49,2023-09-04
P0112,Deborah,Green,Doctor 4,2023-09-04
P0420,Emma,Patel,Doctor 27,2023-09-04
P0447,Tyler,Collins,Doctor 15,2023-09-04
P0511,Cynthia,Chavez,Doctor 4,2023-09-04
P0664,Nancy,King,Doctor 35,2023-09-04
P0683,Frank,Wilson,Doctor 35,2023-09-04
P0702,Edward,Reyes,Doctor 5,2023-09-04
P0704,Linda,Gomez,Doctor 2,2023-09-04
P0710,Melissa,Chavez,Doctor 20,2023-09-04
P0776,Jack,Garcia,Doctor 44,2023-09-04
P0913,Steven,Davis,Doctor 46,2023-09-04
P0937,Samuel,James,Doctor 3,2023-09-04
P0959,Michelle,Morgan,Doctor 43,2023-09-04
P1010,Kevin,Harris,Doctor 17,2023-09-04
P1061,Tyler,Stewart,Doctor 20,2023-09-04
P1360,Barbara,Diaz,Doctor 5,2023-09-04
P1433,Cynthia,Mitchell,Doctor 7,2023-09-04
P1439,Jack,Ward,Doctor 10,2023-09-04
P1554,Emma,Lee,Doctor 43,2023-09-04
P1616,Sarah,Hill,Doctor 48,2023-09-04
P1673,Cynthia,Castillo,Doctor 6,2023-09-04
P1829,Dennis,Brooks,Doctor 37,2023-09-04
P2136,Deborah,Bennett,Doctor 5,2023-09-04
P2210,Patrick,Hernandez,Doctor 19,2023-09-04
P2219,Charles,Young,Doctor 8,2023-09-04
P2228,Joseph,Patel,Doctor 30,2023-09-04
P2292,Robert,Morris,Doctor 5,2023-09-04
P0050,Laura,Lopez,Doctor 44,2023-09-05
P0102,Nicholas,Kim,Doctor 12,2023-09-05
P0122,Jonathan,Wright,Doctor 28,2023-09-05
P0244,Thomas,Richardson,Doctor 12,2023-09-05
P0314,Carol,Phillips,Doctor 29,2023-09-05
P0376,Ruth,Rivera,Doctor 42,2023-09-05
P0510,Jack,Carter,Doctor 28,2023-09-05
P0531,Karen,Myers,Doctor 10,2023-09-05
P0565,Steven,Gomez,Doctor 9,2023-09-05
P0814,Sarah,Adams,Doctor 27,2023-09-05
P0818,Mary,Gonzalez,Doctor 31,2023-09-05
P0937,Samuel,James,Doctor 3,2023-09-05
P0974,Helen,Ramirez,Doctor 50,2023-09-05
P0986,Lisa,Murphy,Doctor 13,2023-09-05
P1111,Michael,Flores,Doctor 8,2023-09-05
P1209,Jack,Patel,Doctor 4,2023-09-05
P1259,Emma,Watson,Doctor 21,2023-09-05
P1388,Nicholas,Rogers,Doctor 10,2023-09-05
P1582,Brian,Alvarez,Doctor 49,2023-09-05
P1649,Frank,Rivera,Doctor 6,2023-09-05
P1771,Melissa,Peterson,Doctor 44,2023-09-05
P1783,Daniel,Myers,Doctor 44,2023-09-05
P1851,Karen,Murphy,Doctor 17,2023-09-05
P1884,Deborah,Roberts,Doctor 15,2023-09-05
P1940,Nicholas,Bailey,Doctor 28,2023-09-05
P1954,Amy,Wright,Doctor 9,2023-09-05
P2032,Betty,Flores,Doctor 49,2023-09-05
P2052,Melissa,Robinson,Doctor 8,2023-09-05
P0064,Rebecca,Baker,Doctor 8,2023-09-06
P0078,Betty,Williams,Doctor 7,2023-09-06
P0111,Benjamin,King,Doctor 29,2023-09-06
P0157,Aaron,Peterson,Doctor 45,2023-09-06
P0167,Ryan,Lopez,Doctor 37,2023-09-06
P0239,Angela,Perez,Doctor 28,2023-09-06
P0247,Patricia,Thomas,Doctor 2,2023-09-06
P0277,Kimberly,Castillo,Doctor 20,2023-09-06
P0633,Christopher,Allen,Doctor 49,2023-09-06
P0681,Gary,Adams,Doctor 40,2023-09-06
P0738,Charles,Jackson,Doctor 43,2023-09-06
P0896,Laura,Jackson,Doctor 30,2023-09-06
P1003,Stephen,Gutierrez,Doctor 28,2023-09-06
P1007,Jack,Ruiz,Doctor 11,2023-09-06
P1057,Jack,Adams,Doctor 35,2023-09-06
P1178,Ruth,Taylor,Doctor 44,2023-09-06
P1293,Donna,Cox,Doctor 28,2023-09-06
P1376,James,Cox,Doctor 13,2023-09-06
P1508,Lisa,Allen,Doctor 10,2023-09-06
P1521,Shirley,Perez,Doctor 24,2023-09-06
P1586,Patrick,Martinez,Doctor 45,2023-09-06
P1644,Betty,Brown,Doctor 13,2023-09-06
P1790,Ryan,Bailey,Doctor 46,2023-09-06
P1795,Jennifer,Gonzalez,Doctor 44,2023-09-06
P1839,Barbara,Gomez,Doctor 42,2023-09-06
P1872,Kevin,Hill,Doctor 13,2023-09-06
P2179,Tyler,Young,Doctor 35,2023-09-06
P0106,Steven,Ortiz,Doctor 23,2023-09-07
P0227,Sarah,White,Doctor 33,2023-09-07
P0371,Joshua,Thompson,Doctor 32,2023-09-07
P0569,Sandra,Kelly,Doctor 5,2023-09-07
P0772,Elizabeth,Morris,Doctor 23,2023-09-07
P0775,Jerry,Hill,Doctor 30,2023-09-07
P1001,Robert,Lopez,Doctor 2,2023-09-07
P1021,Donald,King,Doctor 36,2023-09-07
P1166,Ruth,Reed,Doctor 41,2023-09-07
P1240,Jessica,Williams,Doctor 4,2023-09-07
P1314,Gregory,Garcia,Doctor 3,2023-09-07
P1597,Edward,Robinson,Doctor 40,2023-09-07
P1597,Edward,Robinson,Doctor 28,2023-09-07
P1599,Eric,Ramirez,Doctor 11,2023-09-07
P1610,Ryan,Nelson,Doctor 34,2023-09-07
P1620,Virginia,Thomas,Doctor 10,2023-09-07
P1828,Matthew,Hernandez,Doctor 28,2023-09-07
P1838,Karen,Howard,Doctor 17,2023-09-07
P1951,Andrew,Green,Doctor 2,2023-09-07
P1955,Daniel,Price,Doctor 13,2023-09-07
P1997,Justin,Ruiz,Doctor 10,2023-09-07
P2147,Karen,Thompson,Doctor 13,2023-09-07
P2278,Gary,Ruiz,Doctor 44,2023-09-07
P0057,Kimberly,Parker,Doctor 2,2023-09-08
P0059,George,Smith,Doctor 6,2023-09-08
P0256,Dennis,Scott,Doctor 37,2023-09-08
P0329,Sarah,Reyes,Doctor 31,2023-09-08
P0401,Larry,Kelly,Doctor 44,2023-09-08
P0467,Gregory,Howard,Doctor 6,2023-09-08
P0501,Elizabeth,Green,Doctor 16,2023-09-08
P0522,Stephen,Cox,Doctor 45,2023-09-08
P0596,Edward,Patel,Doctor 18,2023-09-08
P0845,John,Ward,Doctor 45,2023-09-08
P0860,Shirley,Walker,Doctor 32,2023-09-08
P0872,Sharon,Rogers,Doctor 15,2023-09-08
P0893,Larry,Morris,Doctor 12,2023-09-08
P1097,Laura,Hughes,Doctor 5,2023-09-08
P1132,Mary,Cruz,Doctor 31,2023-09-08
P1191,Ronald,Bailey,Doctor 22,2023-09-08
P1330,Sharon,Sanchez,Doctor 47,2023-09-08
P1336,Patrick,Collins,Doctor 13,2023-09-08
P1369,Donna,Green,Doctor 19,2023-09-08
P1434,Raymond,Hughes,Doctor 11,2023-09-08
P1480,Helen,Garcia,Doctor 46,2023-09-08
P1758,Mary,Garcia,Doctor 3,2023-09-08
P1820,Ruth,Smith,Doctor 11,2023-09-08
P1934,Lisa,Watson,Doctor 48,2023-09-08
P1952,Dorothy,Lewis,Doctor 39,2023-09-08
P1973,Deborah,Stewart,Doctor 18,2023-09-08
P1975,Timothy,Phillips,Doctor 3,2023-09-08
P1980,Donald,Anderson,Doctor 23,2023-09-08
P2000,Alexander,Scott,Doctor 27,2023-09-08
P2026,James,Scott,Doctor 43,2023-09-08
P2083,Frank,Davis,Doctor 42,2023-09-08
P2085,Nancy,Scott,Doctor 39,2023-09-08
P2132,Barbara,Gutierrez,Doctor 6,2023-09-08
P2148,George,King,Doctor 48,2023-09-08
P2173,Benjamin,Flores,Doctor 5,2023-09-08
P2241,Sarah,Ortiz,Doctor 2,2023-09-08
P0037,Virginia,Ramirez,Doctor 45,2023-09-09
P0130,Jacob,Patel,Doctor 49,2023-09-09
P0140,John,Moore,Doctor 13,2023-09-09
P0222,Virginia,Turner,Doctor 25,2023-09-09
P0236,Elizabeth,Morgan,Doctor 12,2023-09-09
P0314,Carol,Phillips,Doctor 29,2023-09-09
P0390,Virginia,Mitchell,Doctor 38,2023-09-09
P0498,Carol,Stewart,Doctor 42,2023-09-09
P0559,Sarah,Turner,Doctor 31,2023-09-09
P0606,Kimberly,Ramirez,Doctor 42,2023-09-09
P0626,Mark,Watson,Doctor 25,2023-09-09
P0711,Aaron,Jackson,Doctor 39,2023-09-09
P0776,Jack,Garcia,Doctor 45,2023-09-09
P0827,Justin,Torres,Doctor 8,2023-09-09
P0900,Sharon,Chavez,Doctor 42,2023-09-09
P0933,Jeffrey,Diaz,Doctor 28,2023-09-09
P1006,Jessica,Lee,Doctor 17,2023-09-09
P1008,Gary,Miller,Doctor 42,2023-09-09
P1274,Joseph,Perez,Doctor 26,2023-09-09
P1339,Anna,Brown,Doctor 14,2023-09-09
P1342,Kathleen,Baker,Doctor 45,2023-09-09
P1349,Gregory,Cook,Doctor 10,2023-09-09
P1409,Benjamin,Allen,Doctor 27,2023-09-09
P1673,Cynthia,Castillo,Doctor 6,2023-09-09
P1719,Melissa,Evans,Doctor 8,2023-09-09
P1769,Kimberly,Walker,Doctor 46,2023-09-09
P1786,Raymond,Howard,Doctor 25,2023-09-09
P1987,Jerry,Patel,Doctor 38,2023-09-09
P2044,Jeffrey,James,Doctor 15,2023-09-09
P2065,Brandon,Stewart,Doctor 43,2023-09-09
P0052,Sandra,Miller,Doctor 4,2023-09-10
P0063,Matthew,Morgan,Doctor 36,2023-09-10
P0212,Sarah,Lopez,Doctor 50,2023-09-10
P0579,Linda,Brown,Doctor 41,2023-09-10
P0750,Ruth,Chavez,Doctor 1,2023-09-10
P0778,Donna,Kelly,Doctor 49,2023-09-10
P0792,Sarah,Bennett,Doctor 18,2023-09-10
P0861,Laura,Martin,Doctor 37,2023-09-10
P0903,Karen,Mitchell,Doctor 16,2023-09-10
P0917,Daniel,Flores,Doctor 32,2023-09-10
P0929,Brian,Mendoza,Doctor 10,2023-09-10
P1128,Tyler,Williams,Doctor 20,2023-09-10
P1136,Melissa,Jones,Doctor 44,2023-09-10
P1195,Melissa,Mendoza,Doctor 6,2023-09-10
P1271,Daniel,Parker,Doctor 6,2023-09-10
P1380,Carol,Wood,Doctor 44,2023-09-10
P1387,Melissa,Morgan,Doctor 20,2023-09-10
P1542,Gregory,Lee,Doctor 22,2023-09-10
P1575,Brenda,Ortiz,Doctor 32,2023-09-10
P1661,Emma,Ramirez,Doctor 38,2023-09-10
P1729,Nancy,Moore,Doctor 45,2023-09-10
P1747,Sharon,Phillips,Doctor 37,2023-09-10
P1841,Carol,Scott,Doctor 6,2023-09-10
P1873,Robert,Flores,Doctor 33,2023-09-10
P2075,Kevin,Smith,Doctor 50,2023-09-10
P2101,Ryan,Flores,Doctor 18,2023-09-10
P2131,Helen,Rodriguez,Doctor 46,2023-09-10
P2286,Elizabeth,Ruiz,Doctor 50,2023-09-10
P0007,Carol,Richardson,Doctor 35,2023-09-11
P0101,Nicholas,Wright,Doctor 6,2023-09-11
P0224,Kathleen,Chavez,Doctor 28,2023-09-11
P0293,Robert,Martinez,Doctor 19,2023-09-11
P0372,Justin,Campbell,Doctor 14,2023-09-11
P0411,Mark,Hall,Doctor 42,2023-09-11
P0411,Mark,Hall,Doctor 42,2023-09-11
P0485,Patricia,Smith,Doctor 49,2023-09-11
P0705,Gary,Jackson,Doctor 29,2023-09-11
P0809,Lisa,Chavez,Doctor 21,2023-09-11
P0850,Mark,Torres,Doctor 3,2023-09-11
P1024,Sharon,Jackson,Doctor 13,2023-09-11
P1112,Donna,Lopez,Doctor 18,2023-09-11
P1122,Scott,Wood,Doctor 45,2023-09-11
P1258,Linda,Wood,Doctor 20,2023-09-11
P1329,William,Morales,Doctor 35,2023-09-11
P1388,Nicholas,Rogers,Doctor 47,2023-09-11
P1565,Andrew,Phillips,Doctor 45,2023-09-11
P1605,Deborah,Torres,Doctor 41,2023-09-11
P1632,Frank,Allen,Doctor 20,2023-09-11
P1725,Larry,Rivera,Doctor 7,2023-09-11
P1853,Nicholas,Davis,Doctor 40,2023-09-11
P1949,Sarah,Stewart,Doctor 29,2023-09-11
P0033,Susan,Mitchell,Doctor 7,2023-09-12
P0042,Susan,Williams,Doctor 19,2023-09-12
P0376,Ruth,Rivera,Doctor 22,2023-09-12
P0411,Mark,Hall,Doctor 21,2023-09-12
P0430,Jason,Ramos,Doctor 36,2023-09-12
P0548,Daniel,Wright,Doctor 46,2023-09-12
P0599,David,Cox,Doctor 48,2023-09-12
P0708,Lisa,Gomez,Doctor 49,2023-09-12
P0869,Amy,Hughes,Doctor 28,2023-09-12
P0874,Linda,Lee,Doctor 6,2023-09-12
P0881,Dennis,Myers,Doctor 33,2023-09-12
P0962,Nancy,Price,Doctor 24,2023-09-12
P1073,Joseph,Diaz,Doctor 43,2023-09-12
P1117,Angela,Wright,Doctor 22,2023-09-12
P1211,Donna,Stewart,Doctor 5,2023-09-12
P1234,Joshua,Sanders,Doctor 33,2023-09-12
P1248,Jason,Cook,Doctor 31,2023-09-12
P1254,Virginia,Evans,Doctor 45,2023-09-12
P1477,Sandra,Edwards,Doctor 21,2023-09-12
P1645,Andrew,Garcia,Doctor 29,2023-09-12
P1761,Mark,Bailey,Doctor 44,2023-09-12
P1811,Jessica,Brown,Doctor 6,2023-09-12
P1836,Aaron,Allen,Doctor 31,2023-09-12
P1887,George,Garcia,Doctor 18,2023-09-12
P1905,Justin,Cook,Doctor 9,2023-09-12
P1941,Mary,Perez,Doctor 10,2023-09-12
P2009,Michelle,Diaz,Doctor 8,2023-09-12
P2083,Frank,Davis,Doctor 42,2023-09-12
P2248,George,Walker,Doctor 23,2023-09-12
P2254,Scott,Wright,Doctor 45,2023-09-12
P2297,Patrick,Turner,Doctor 15,2023-09-12
P0035,Jennifer,Richardson,Doctor 33,2023-09-13
P0068,Kathleen,Lee,Doctor 39,2023-09-13
P0075,Rebecca,Turner,Doctor 23,2023-09-13
P0109,Justin,Allen,Doctor 30,2023-09-13
P0111,Benjamin,King,Doctor 29,2023-09-13
P0128,Larry,Reyes,Doctor 41,2023-09-13
P0197,George,Chavez,Doctor 34,2023-09-13
P0251,Mary,Allen,Doctor 41,2023-09-13
P0278,Kathleen,Davis,Doctor 30,2023-09-13
P0287,Justin,King,Doctor 42,2023-09-13
P0359,Tyler,Ward,Doctor 9,2023-09-13
P0437,Helen,Ward,Doctor 13,2023-09-13
P0449,Carol,Harris,Doctor 3,2023-09-13
P0504,Joshua,Hernandez,Doctor 7,2023-09-13
P0642,Ryan,Myers,Doctor 32,2023-09-13
P0689,Sandra,Bailey,Doctor 40,2023-09-13
P0855,Donna,Adams,Doctor 17,2023-09-13
P0925,Carol,Turner,Doctor 20,2023-09-13
P1006,Jessica,Lee,Doctor 17,2023-09-13
P1018,Karen,Phillips,Doctor 38,2023-09-13
P1077,Sarah,Flores,Doctor 17,2023-09-13
P1237,Nancy,Ward,Doctor 35,2023-09-13
P1247,Raymond,Jones,Doctor 5,2023-09-13
P1296,Donna,King,Doctor 25,2023-09-13
P1516,Matthew,Miller,Doctor 23,2023-09-13
P1568,Eric,Brooks,Doctor 30,2023-09-13
P1790,Ryan,Bailey,Doctor 46,2023-09-13
P1853,Nicholas,Davis,Doctor 3,2023-09-13
P1911,Jerry,Perez,Doctor 27,2023-09-13
P1943,Melissa,Lewis,Doctor 36,2023-09-13
P2059,Andrew,Harris,Doctor 33,2023-09-13
P2131,Helen,Rodriguez,Doctor 15,2023-09-13
P2143,Eric,Martinez,Doctor 41,2023-09-13
P2196,Brenda,Adams,Doctor 38,2023-09-13
P2196,Brenda,Adams,Doctor 38,2023-09-13
P2249,Robert,Lee,Doctor 1,2023-09-13
P2270,Helen,Flores,Doctor 7,2023-09-13
P0033,Susan,Mitchell,Doctor 7,2023-09-14
P0067,Anna,Scott,Doctor 24,2023-09-14
P0206,Carol,Nguyen,Doctor 35,2023-09-14
P0225,Jacob,Baker,Doctor 1,2023-09-14
P0477,Mary,Clark,Doctor 37,2023-09-14
P0542,Joshua,Morris,Doctor 28,2023-09-14
P0718,Mark,Robinson,Doctor 41,2023-09-14
P0749,James,Young,Doctor 8,2023-09-14
P0821,Dennis,Ramos,Doctor 35,2023-09-14
P1049,Tyler,Mendoza,Doctor 7,2023-09-14
P1165,Ryan,Martinez,Doctor 23,2023-09-14
P1201,Joshua,Walker,Doctor 36,2023-09-14
P1579,Benjamin,Garcia,Doctor 9,2023-09-14
P1639,Patrick,Rodriguez,Doctor 1,2023-09-14
P1741,Kimberly,Torres,Doctor 20,2023-09-14
P1926,Patrick,Mitchell,Doctor 24,2023-09-14
P2133,Helen,Evans,Doctor 22,2023-09-14
P2285,Sandra,Reed,Doctor 37,2023-09-14
P2295,Emma,Cook,Doctor 42,2023-09-14
P0295,Linda,Young,Doctor 26,2023-09-15
P0307,Virginia,Peterson,Doctor 36,2023-09-15
P0377,Carol,Reed,Doctor 38,2023-09-15
P0388,Deborah,Johnson,Doctor 24,2023-09-15
P0432,Jeffrey,Ward,Doctor 45,2023-09-15
P0576,Samuel,Ortiz,Doctor 11,2023-09-15
P0630,Andrew,Davis,Doctor 50,2023-09-15
P0692,Ronald,Taylor,Doctor 46,2023-09-15
P0812,Brenda,Clark,Doctor 43,2023-09-15
P0835,Helen,Rivera,Doctor 22,2023-09-15
P0914,Raymond,Rodriguez,Doctor 14,2023-09-15
P1086,Matthew,Gonzalez,Doctor 44,2023-09-15
P1088,Scott,Diaz,Doctor 5,2023-09-15
P1277,Donna,Flores,Doctor 36,2023-09-15
P1281,Mark,Perez,Doctor 10,2023-09-15
P1603,Donna,Murphy,Doctor 42,2023-09-15
P1626,Betty,Edwards,Doctor 33,2023-09-15
P1637,Shirley,Bailey,Doctor 4,2023-09-15
P1649,Frank,Rivera,Doctor 36,2023-09-15
P1813,Helen,Jackson,Doctor 21,2023-09-15
P1958,Daniel,Morales,Doctor 44,2023-09-15
P2072,Amy,Allen,Doctor 18,2023-09-15
P2125,Nicholas,Howard,Doctor 5,2023-09-15
P2193,Elizabeth,Hughes,Doctor 35,2023-09-15
P2201,Anthony,Collins,Doctor 10,2023-09-15
P2253,Andrew,Lee,Doctor 21,2023-09-15
P0080,Timothy,Jones,Doctor 48,2023-09-16
P0146,Jacob,Morris,Doctor 41,2023-09-16
P0153,Eric,Bailey,Doctor 48,2023-09-16
P0250,Deborah,Thompson,Doctor 45,2023-09-16
P0257,Elizabeth,Castillo,Doctor 9,2023-09-16
P0272,Virginia,Moore,Doctor 6,2023-09-16
P0274,Lisa,Thompson,Doctor 37,2023-09-16
P0290,Dorothy,Kelly,Doctor 14,2023-09-16
P0300,Deborah,Nguyen,Doctor 39,2023-09-16
P0345,Brandon,Nelson,Doctor 12,2023-09-16
P0551,John,Ruiz,Doctor 48,2023-09-16
P0578,Jennifer,Johnson,Doctor 16,2023-09-16
P0794,Patrick,Mendoza,Doctor 28,2023-09-16
P0805,Anthony,Brown,Doctor 22,2023-09-16
P0822,Helen,Kelly,Doctor 40,2023-09-16
P0858,Lisa,Wilson,Doctor 18,2023-09-16
P0861,Laura,Martin,Doctor 16,2023-09-16
P0914,Raymond,Rodriguez,Doctor 32,2023-09-16
P1120,Melissa,Gutierrez,Doctor 45,2023-09-16
P1137,Carol,Taylor,Doctor 8,2023-09-16
P1139,Karen,Brown,Doctor 30,2023-09-16
P1141,Donald,Brooks,Doctor 24,2023-09-16
P1142,Jennifer,Sanchez,Doctor 13,2023-09-16
P1195,Melissa,Mendoza,Doctor 6,2023-09-16
P1215,Amy,Morgan,Doctor 2,2023-09-16
P1334,Frank,Myers,Doctor 32,2023-09-16
P1370,Joseph,Rodriguez,Doctor 45,2023-09-16
P1616,Sarah,Hill,Doctor 23,2023-09-16
P1650,Jeffrey,Adams,Doctor 35,2023-09-16
P1665,Gregory,Diaz,Doctor 25,2023-09-16
P1677,Joshua,Martin,Doctor 34,2023-09-16
P1863,Timothy,Allen,Doctor 36,2023-09-16
P1917,Deborah,Carter,Doctor 4,2023-09-16
P1969,Brandon,Sanchez,Doctor 47,2023-09-16
P2054,Christopher,Clark,Doctor 5,2023-09-16
P2211,Jacob,Hughes,Doctor 50,2023-09-16
P2254,Scott,Wright,Doctor 45,2023-09-16
P2291,Carol,Sanders,Doctor 44,2023-09-16
P0011,Sandra,Campbell,Doctor 18,2023-09-17
P0025,Jessica,Cook,Doctor 45,2023-09-17
P0081,Sandra,Cooper,Doctor 24,2023-09-17
P0097,Benjamin,Diaz,Doctor 19,2023-09-17
P0260,Nancy,Roberts,Doctor 5,2023-09-17
P0466,Ronald,Hughes,Doctor 26,2023-09-17
P0574,Michelle,Allen,Doctor 3,2023-09-17
P0624,Lisa,Gutierrez,Doctor 25,2023-09-17
P0665,Nicholas,Allen,Doctor 20,2023-09-17
P0800,Ruth,Cruz,Doctor 30,2023-09-17
P0813,Sandra,Brown,Doctor 46,2023-09-17
P0993,David,Myers,Doctor 14,2023-09-17
P1151,Benjamin,Parker,Doctor 9,2023-09-17
P1158,Rebecca,Murphy,Doctor 2,2023-09-17
P1287,Elizabeth,White,Doctor 27,2023-09-17
P1301,Steven,Sanders,Doctor 42,2023-09-17
P1333,Frank,King,Doctor 37,2023-09-17
P1339,Anna,Brown,Doctor 32,2023-09-17
P1364,Justin,Kelly,Doctor 27,2023-09-17
P1371,Thomas,Morris,Doctor 12,2023-09-17
P1471,Jacob,Nelson,Doctor 22,2023-09-17
P1481,Joseph,Adams,Doctor 50,2023-09-17
P1500,Carol,Gonzalez,Doctor 49,2023-09-17
P1507,Donna,Campbell,Doctor 32,2023-09-17
P1556,Jack,Brooks,Doctor 29,2023-09-17
P1583,Shirley,Thompson,Doctor 7,2023-09-17
P1588,Stephen,Wood,Doctor 19,2023-09-17
P1602,Ronald,Gutierrez,Doctor 13,2023-09-17
P1641,Donna,Miller,Doctor 40,2023-09-17
P1791,Dennis,Brown,Doctor 13,2023-09-17
P1850,Sarah,Cruz,Doctor 16,2023-09-17
P1851,Karen,Murphy,Doctor 17,2023-09-17
P1907,Melissa,Bennett,Doctor 45,2023-09-17
P1979,Kimberly,Lopez,Doctor 13,2023-09-17
P2024,Samuel,Nguyen,Doctor 33,2023-09-17
P2075,Kevin,Smith,Doctor 2,2023-09-17
P2199,Andrew,Thomas,Doctor 25,2023-09-17
P2203,Ruth,Morris,Doctor 21,2023-09-17
P2250,Thomas,Peterson,Doctor 45,2023-09-17
P0119,Nancy,Allen,Doctor 46,2023-09-18
P0210,Karen,Jackson,Doctor 29,2023-09-18
P0285,Amy,Robinson,Doctor 17,2023-09-18
P0324,Nancy,Harris,Doctor 6,2023-09-18
P0333,Aaron,Ward,Doctor 50,2023-09-18
P0334,Rebecca,Reed,Doctor 10,2023-09-18
P0458,Michelle,Jackson,Doctor 15,2023-09-18
P0467,Gregory,Howard,Doctor 24,2023-09-18
P0692,Ronald,Taylor,Doctor 36,2023-09-18
P0757,Linda,Sanders,Doctor 4,2023-09-18
P0824,Justin,Evans,Doctor 14,2023-09-18
P1123,Gregory,Turner,Doctor 46,2023-09-18
P1175,Sarah,Green,Doctor 35,2023-09-18
P1314,Gregory,Garcia,Doctor 3,2023-09-18
P1344,Dorothy,Cox,Doctor 20,2023-09-18
P1432,Benjamin,Murphy,Doctor 11,2023-09-18
P1455,Jack,King,Doctor 43,2023-09-18
P1541,Timothy,Baker,Doctor 44,2023-09-18
P1594,Michael,Wood,Doctor 49,2023-09-18
P1831,Betty,Kelly,Doctor 42,2023-09-18
P1981,Elizabeth,Rodriguez,Doctor 47,2023-09-18
P2157,Cynthia,Richardson,Doctor 37,2023-09-18
P2303,Anna,Sanders,Doctor 46,2023-09-18
P0046,Susan,Young,Doctor 1,2023-09-19
P0216,Betty,Moore,Doctor 28,2023-09-19
P0329,Sarah,Reyes,Doctor 31,2023-09-19
P0426,Sharon,Watson,Doctor 14,2023-09-19
P0457,Patricia,Ortiz,Doctor 11,2023-09-19
P0472,Aaron,Thomas,Doctor 17,2023-09-19
P0490,Donald,Patel,Doctor 10,2023-09-19
P0524,Shirley,Roberts,Doctor 32,2023-09-19
P0605,Jeffrey,Martin,Doctor 44,2023-09-19
P0655,Dorothy,Rogers,Doctor 30,2023-09-19
P0718,Mark,Robinson,Doctor 37,2023-09-19
P0982,Jessica,Castillo,Doctor 33,2023-09-19
P1177,Jason,Wilson,Doctor 6,2023-09-19
P1343,Karen,Reyes,Doctor 37,2023-09-19
P1354,Benjamin,Kim,Doctor 44,2023-09-19
P1381,Edward,Young,Doctor 15,2023-09-19
P1472,Nancy,Castillo,Doctor 27,2023-09-19
P1580,David,Campbell,Doctor 23,2023-09-19
P1712,Christopher,Green,Doctor 14,2023-09-19
P1858,Virginia,Perez,Doctor 7,2023-09-19
P0071,Michelle,Rogers,Doctor 16,2023-09-20
P0290,Dorothy,Kelly,Doctor 27,2023-09-20
P0300,Deborah,Nguyen,Doctor 28,2023-09-20
P0449,Carol,Harris,Doctor 50,2023-09-20
P0486,Michael,Campbell,Doctor 16,2023-09-20
P0610,Kenneth,Murphy,Doctor 43,2023-09-20
P0651,Virginia,Brooks,Doctor 11,2023-09-20
P0663,Joseph,Green,Doctor 13,2023-09-20
P0690,Donna,Phillips,Doctor 25,2023-09-20
P0695,Elizabeth,Diaz,Doctor 26,2023-09-20
P0796,Timothy,Campbell,Doctor 48,2023-09-20
P0817,Christopher,Morris,Doctor 50,2023-09-20
P0862,Donald,Murphy,Doctor 8,2023-09-20
P0897,Sharon,Carter,Doctor 37,2023-09-20
P0908,Timothy,Thomas,Doctor 18,2023-09-20
P0949,Joseph,Johnson,Doctor 42,2023-09-20
P0957,Anna,Allen,Doctor 5,2023-09-20
P1052,Samuel,Diaz,Doctor 29,2023-09-20
P1066,Alexander,Jones,Doctor 23,2023-09-20
P1130,Sarah,Hughes,Doctor 33,2023-09-20
P1163,Laura,Castillo,Doctor 5,2023-09-20
P1226,Sarah,Howard,Doctor 24,2023-09-20
P1298,Jessica,Taylor,Doctor 33,2023-09-20
P1361,Laura,Alvarez,Doctor 2,2023-09-20
P1415,Mark,Rogers,Doctor 12,2023-09-20
P1420,Helen,Lewis,Doctor 6,2023-09-20
P1464,Shirley,Allen,Doctor 41,2023-09-20
P1638,Kenneth,Rogers,Doctor 41,2023-09-20
P1640,Mark,Kelly,Doctor 15,2023-09-20
P1648,Alexander,Wilson,Doctor 46,2023-09-20
P1843,Christopher,Cruz,Doctor 29,2023-09-20
P1847,Kimberly,Martinez,Doctor 50,2023-09-20
P1883,Edward,Campbell,Doctor 1,2023-09-20
P1924,Laura,Smith,Doctor 25,2023-09-20
P2043,Deborah,Sanchez,Doctor 10,2023-09-20
P2049,Linda,Alvarez,Doctor 4,2023-09-20
P2140,Charles,Morgan,Doctor 32,2023-09-20
P2273,Jerry,Edwards,Doctor 4,2023-09-20
P0105,Sarah,Jackson,Doctor 46,2023-09-21
P0133,Linda,Ramos,Doctor 30,2023-09-21
P0160,Sandra,Smith,Doctor 45,2023-09-21
P0327,Anna,King,Doctor 14,2023-09-21
P0392,Andrew,Perez,Doctor 7,2023-09-21
P0558,Justin,Myers,Doctor 44,2023-09-21
P0649,Ruth,Edwards,Doctor 31,2023-09-21
P0650,Melissa,Hill,Doctor 38,2023-09-21
P0730,Mark,Alvarez,Doctor 11,2023-09-21
P0777,Matthew,Mendoza,Doctor 48,2023-09-21
P0811,Jack,Castillo,Doctor 25,2023-09-21
P0816,William,Hall,Doctor 47,2023-09-21
P0883,Cynthia,Harris,Doctor 12,2023-09-21
P0977,Patrick,James,Doctor 36,2023-09-21
P1029,Patricia,Wood,Doctor 46,2023-09-21
P1109,Thomas,Thomas,Doctor 44,2023-09-21
P1168,Sharon,Clark,Doctor 4,2023-09-21
P1200,Aaron,Castillo,Doctor 3,2023-09-21
P1237,Nancy,Ward,Doctor 37,2023-09-21
P1252,Donald,Nguyen,Doctor 30,2023-09-21
P1286,Raymond,Ward,Doctor 28,2023-09-21
P1315,Ronald,Hall,Doctor 44,2023-09-21
P1436,Daniel,Campbell,Doctor 9,2023-09-21
P1462,Nancy,Richardson,Doctor 43,2023-09-21
P1473,Samuel,Perez,Doctor 18,2023-09-21
P1569,William,Edwards,Doctor 16,2023-09-21
P1667,Amy,Wilson,Doctor 39,2023-09-21
P1744,Anna,Thompson,Doctor 5,2023-09-21
P1904,Christopher,Davis,Doctor 24,2023-09-21
P1982,Ronald,Wood,Doctor 3,2023-09-21
P2029,Shirley,Davis,Doctor 25,2023-09-21
P2137,Donna,Cook,Doctor 23,2023-09-21
P2178,Jacob,Miller,Doctor 29,2023-09-21
P2299,Tyler,Hill,Doctor 28,2023-09-21
P0013,Stephen,Castillo,Doctor 34,2023-09-22
P0054,Brian,Stewart,Doctor 17,2023-09-22
P0055,Samuel,Peterson,Doctor 5,2023-09-22
P0078,Betty,Williams,Doctor 13,2023-09-22
P0143,Brian,Ruiz,Doctor 6,2023-09-22
P0148,Kevin,Howard,Doctor 46,2023-09-22
P0412,Betty,Wright,Doctor 23,2023-09-22
P0514,Larry,Morales,Doctor 16,2023-09-22
P0555,Laura,Nelson,Doctor 17,2023-09-22
P0580,Aaron,Williams,Doctor 6,2023-09-22
P0663,Joseph,Green,Doctor 13,2023-09-22
P0735,Cynthia,Stewart,Doctor 25,2023-09-22
P0783,Susan,Jones,Doctor 17,2023-09-22
P0805,Anthony,Brown,Doctor 41,2023-09-22
P0931,Mary,Martin,Doctor 19,2023-09-22
P0960,Timothy,Nelson,Doctor 43,2023-09-22
P0963,Karen,Wood,Doctor 45,2023-09-22
P1012,Kevin,Jackson,Doctor 44,2023-09-22
P1091,Gregory,Bailey,Doctor 43,2023-09-22
P1141,Donald,Brooks,Doctor 24,2023-09-22
P1167,Jose,Castillo,Doctor 11,2023-09-22
P1460,Amy,Rogers,Doctor 34,2023-09-22
P1469,Elizabeth,Harris,Doctor 28,2023-09-22
P1473,Samuel,Perez,Doctor 29,2023-09-22
P1526,Sharon,Hall,Doctor 11,2023-09-22
P1658,George,Campbell,Doctor 13,2023-09-22
P1673,Cynthia,Castillo,Doctor 6,2023-09-22
P1687,Donna,Taylor,Doctor 16,2023-09-22
P1839,Barbara,Gomez,Doctor 42,2023-09-22
P1901,Patricia,Morgan,Doctor 34,2023-09-22
P1957,Nicholas,Lee,Doctor 48,2023-09-22
P2033,Edward,Flores,Doctor 11,2023-09-22
P2121,Jennifer,Jones,Doctor 8,2023-09-22
P2191,Edward,Hernandez,Doctor 44,2023-09-22
P2259,Brandon,Garcia,Doctor 34,2023-09-22
P0078,Betty,Williams,Doctor 48,2023-09-23
P0202,Amy,Martinez,Doctor 41,2023-09-23
P0265,Patricia,Gray,Doctor 31,2023-09-23
P0338,Mark,Jackson,Doctor 42,2023-09-23
P0426,Sharon,Watson,Doctor 34,2023-09-23
P0477,Mary,Clark,Doctor 37,2023-09-23
P0480,Shirley,Clark,Doctor 19,2023-09-23
P0510,Jack,Carter,Doctor 9,2023-09-23
P0516,Tyler,Parker,Doctor 47,2023-09-23
P0520,Joseph,Rogers,Doctor 5,2023-09-23
P0523,Donna,Wilson,Doctor 18,2023-09-23
P0662,Jennifer,Hughes,Doctor 40,2023-09-23
P0766,Deborah,Rivera,Doctor 8,2023-09-23
P0816,William,Hall,Doctor 19,2023-09-23
P0898,Sandra,Lopez,Doctor 27,2023-09-23
P1013,Aaron,Gonzalez,Doctor 43,2023-09-23
P1309,Jennifer,Lee,Doctor 25,2023-09-23
P1365,Deborah,Phillips,Doctor 21,2023-09-23
P1368,Kenneth,Campbell,Doctor 23,2023-09-23
P1468,Sandra,Bennett,Doctor 47,2023-09-23
P1557,Dennis,Morales,Doctor 36,2023-09-23
P1593,Carol,Rogers,Doctor 33,2023-09-23
P1599,Eric,Ramirez,Doctor 33,2023-09-23
P1643,Jerry,Phillips,Doctor 15,2023-09-23
P1665,Gregory,Diaz,Doctor 29,2023-09-23
P1761,Mark,Bailey,Doctor 44,2023-09-23
P1802,Samuel,Collins,Doctor 2,2023-09-23
P1817,Jennifer,Mendoza,Doctor 16,2023-09-23
P2020,Ronald,Wright,Doctor 35,2023-09-23
P2032,Betty,Flores,Doctor 49,2023-09-23
P2086,Joshua,Bailey,Doctor 23,2023-09-23
P2163,Edward,Lewis,Doctor 45,2023-09-23
P2268,Nancy,Patel,Doctor 33,2023-09-23
P2287,Ronald,Brown,Doctor 35,2023-09-23
P2290,Matthew,Rogers,Doctor 27,2023-09-23
P0013,Stephen,Castillo,Doctor 39,2023-09-24
P0118,Donna,Sanchez,Doctor 25,2023-09-24
P0120,Virginia,Rodriguez,Doctor 36,2023-09-24
P0138,Betty,Diaz,Doctor 10,2023-09-24
P0141,Virginia,Murphy,Doctor 8,2023-09-24
P0219,James,Murphy,Doctor 36,2023-09-24
P0232,Laura,Cook,Doctor 42,2023-09-24
P0242,Sharon,Harris,Doctor 29,2023-09-24
P0403,Kevin,Campbell,Doctor 38,2023-09-24
P0416,Lisa,Ortiz,Doctor 5,2023-09-24
P0445,Jessica,Gomez,Doctor 33,2023-09-24
P0476,Jessica,Smith,Doctor 26,2023-09-24
P0557,William,Mendoza,Doctor 16,2023-09-24
P0564,Brandon,Brooks,Doctor 36,2023-09-24
P0752,Brian,Diaz,Doctor 30,2023-09-24
P0899,Jessica,King,Doctor 32,2023-09-24
P1123,Gregory,Turner,Doctor 37,2023-09-24
P1213,Laura,Allen,Doctor 45,2023-09-24
P1250,Michael,Richardson,Doctor 29,2023-09-24
P1258,Linda,Wood,Doctor 20,2023-09-24
P1273,Anna,Wilson,Doctor 28,2023-09-24
P1321,Brenda,Howard,Doctor 10,2023-09-24
P1346,Jerry,Davis,Doctor 48,2023-09-24
P1440,Timothy,Ortiz,Doctor 50,2023-09-24
P1530,Angela,Diaz,Doctor 3,2023-09-24
P1542,Gregory,Lee,Doctor 21,2023-09-24
P1674,Barbara,Bailey,Doctor 24,2023-09-24
P1802,Samuel,Collins,Doctor 47,2023-09-24
P1811,Jessica,Brown,Doctor 31,2023-09-24
P1971,Michael,Kim,Doctor 4,2023-09-24
P2028,Donna,Rogers,Doctor 6,2023-09-24
P0001,Sharon,Howard,Doctor 34,2023-09-25
P0039,Sharon,Edwards,Doctor 42,2023-09-25
P0105,Sarah,Jackson,Doctor 6,2023-09-25
P0174,Sandra,Price,Doctor 2,2023-09-25
P0266,Joseph,Evans,Doctor 42,2023-09-25
P0399,Gregory,Bennett,Doctor 11,2023-09-25
P0405,Laura,Richardson,Doctor 2,2023-09-25
P0405,Laura,Richardson,Doctor 2,2023-09-25
P0528,Amy,Thompson,Doctor 44,2023-09-25
P0551,John,Ruiz,Doctor 24,2023-09-25
P0575,Laura,Ramirez,Doctor 30,2023-09-25
P0630,Andrew,Davis,Doctor 2,2023-09-25
P0657,Linda,Miller,Doctor 49,2023-09-25
P0662,Jennifer,Hughes,Doctor 40,2023-09-25
P0906,Thomas,Bennett,Doctor 30,2023-09-25
P0942,Eric,Scott,Doctor 13,2023-09-25
P0960,Timothy,Nelson,Doctor 7,2023-09-25
P0961,Dennis,Diaz,Doctor 46,2023-09-25
P1103,Ronald,Ramirez,Doctor 21,2023-09-25
P1107,Brenda,Kim,Doctor 35,2023-09-25
P1216,Andrew,Thompson,Doctor 2,2023-09-25
P1245,Patricia,Lopez,Doctor 36,2023-09-25
P1247,Raymond,Jones,Doctor 5,2023-09-25
P1475,Cynthia,Rogers,Doctor 31,2023-09-25
P1606,Melissa,Lopez,Doctor 43,2023-09-25
P1644,Betty,Brown,Doctor 31,2023-09-25
P1728,Joseph,Richardson,Doctor 18,2023-09-25
P2103,Anthony,Hill,Doctor 1,2023-09-25
P2128,Michelle,Rodriguez,Doctor 23,2023-09-25
P2183,Frank,Peterson,Doctor 12,2023-09-25
P2252,Michelle,Bailey,Doctor 48,2023-09-25
P0151,Matthew,Diaz,Doctor 25,2023-09-26
P0187,Justin,Watson,Doctor 13,2023-09-26
P0248,Timothy,Ramos,Doctor 32,2023-09-26
P0258,Gregory,Mendoza,Doctor 44,2023-09-26
P0375,Betty,Lopez,Doctor 34,2023-09-26
P0536,Larry,Howard,Doctor 50,2023-09-26
P0610,Kenneth,Murphy,Doctor 43,2023-09-26
P0661,Brenda,Kelly,Doctor 37,2023-09-26
P0666,Dennis,Roberts,Doctor 9,2023-09-26
P0705,Gary,Jackson,Doctor 26,2023-09-26
P0716,Ryan,Cruz,Doctor 22,2023-09-26
P0828,Thomas,Ward,Doctor 23,2023-09-26
P0925,Carol,Turner,Doctor 20,2023-09-26
P0964,Karen,Rodriguez,Doctor 40,2023-09-26
P0988,Andrew,Nguyen,Doctor 17,2023-09-26
P0994,Betty,Gomez,Doctor 49,2023-09-26
P1021,Donald,King,Doctor 26,2023-09-26
P1035,Jessica,Ward,Doctor 50,2023-09-26
P1104,Cynthia,Garcia,Doctor 10,2023-09-26
P1130,Sarah,Hughes,Doctor 33,2023-09-26
P1406,Andrew,James,Doctor 45,2023-09-26
P1456,Ruth,Cook,Doctor 36,2023-09-26
P1634,Laura,Ortiz,Doctor 45,2023-09-26
P1649,Frank,Rivera,Doctor 19,2023-09-26
P1829,Dennis,Brooks,Doctor 37,2023-09-26
P1868,Tyler,Martin,Doctor 30,2023-09-26
P2105,John,Wright,Doctor 50,2023-09-26
P0012,Gregory,Ramos,Doctor 36,2023-09-27
P0103,Jessica,Wright,Doctor 11,2023-09-27
P0155,Nancy,Kelly,Doctor 46,2023-09-27
P0234,Stephen,Brown,Doctor 2,2023-09-27
P0289,Jennifer,Morgan,Doctor 3,2023-09-27
P0386,Sharon,Wright,Doctor 50,2023-09-27
P0440,Brian,Howard,Doctor 24,2023-09-27
P0639,Elizabeth,Ramos,Doctor 40,2023-09-27
P0683,Frank,Wilson,Doctor 5,2023-09-27
P0969,Kenneth,Cook,Doctor 1,2023-09-27
P0983,John,Bennett,Doctor 38,2023-09-27
P1036,Joshua,Robinson,Doctor 30,2023-09-27
P1060,Robert,Mitchell,Doctor 6,2023-09-27
P1082,Joshua,Ortiz,Doctor 49,2023-09-27
P1121,Sharon,Gutierrez,Doctor 45,2023-09-27
P1121,Sharon,Gutierrez,Doctor 50,2023-09-27
P1151,Benjamin,Parker,Doctor 9,2023-09-27
P1362,Thomas,Thompson,Doctor 27,2023-09-27
P1392,Michelle,Martin,Doctor 13,2023-09-27
P1411,Larry,Hughes,Doctor 34,2023-09-27
P1414,Carol,Gutierrez,Doctor 28,2023-09-27
P1532,Sarah,Torres,Doctor 50,2023-09-27
P1556,Jack,Brooks,Doctor 29,2023-09-27
P1578,George,Torres,Doctor 4,2023-09-27
P1652,Shirley,Baker,Doctor 50,2023-09-27
P1656,Mary,Price,Doctor 34,2023-09-27
P1723,Donald,Lee,Doctor 13,2023-09-27
P1729,Nancy,Moore,Doctor 11,2023-09-27
P1753,Sarah,Evans,Doctor 2,2023-09-27
P1753,Sarah,Evans,Doctor 13,2023-09-27
P1808,Susan,Kelly,Doctor 50,2023-09-27
P1857,Justin,Hughes,Doctor 5,2023-09-27
P2197,Donald,Wood,Doctor 45,2023-09-27
P2217,Sarah,Alvarez,Doctor 25,2023-09-27
P0044,Ruth,Bennett,Doctor 38,2023-09-28
P0179,Richard,Price,Doctor 6,2023-09-28
P0254,Virginia,Scott,Doctor 30,2023-09-28
P0299,Donald,Thompson,Doctor 45,2023-09-28
P0331,Carol,Cook,Doctor 29,2023-09-28
P0437,Helen,Ward,Doctor 41,2023-09-28
P0475,Jeffrey,Bennett,Doctor 42,2023-09-28
P0533,James,Davis,Doctor 36,2023-09-28
P0548,Daniel,Wright,Doctor 25,2023-09-28
P0576,Samuel,Ortiz,Doctor 16,2023-09-28
P0645,Scott,Clark,Doctor 29,2023-09-28
P0655,Dorothy,Rogers,Doctor 17,2023-09-28
P0704,Linda,Gomez,Doctor 2,2023-09-28
P0761,Ruth,Rogers,Doctor 17,2023-09-28
P0804,Barbara,Myers,Doctor 12,2023-09-28
P0898,Sandra,Lopez,Doctor 22,2023-09-28
P1014,Ruth,Wood,Doctor 9,2023-09-28
P1118,Jonathan,Flores,Doctor 47,2023-09-28
P1189,Mary,Hernandez,Doctor 25,2023-09-28
P1379,Daniel,Jones,Doctor 44,2023-09-28
P1424,Susan,Phillips,Doctor 21,2023-09-28
P1477,Sandra,Edwards,Doctor 31,2023-09-28
P1573,Eric,Robinson,Doctor 20,2023-09-28
P1634,Laura,Ortiz,Doctor 45,2023-09-28
P1668,Nancy,Gomez,Doctor 16,2023-09-28
P1873,Robert,Flores,Doctor 5,2023-09-28
P1885,Jacob,Evans,Doctor 22,2023-09-28
P1905,Justin,Cook,Doctor 25,2023-09-28
P1953,Jacob,Reed,Doctor 34,2023-09-28
P1983,Rebecca,Miller,Doctor 34,2023-09-28
P1999,Angela,Scott,Doctor 41,2023-09-28
P2141,Lisa,Morales,Doctor 17,2023-09-28
P2226,Susan,Adams,Doctor 39,2023-09-28
P2241,Sarah,Ortiz,Doctor 36,2023-09-28
P0114,Alexander,Patel,Doctor 47,2023-09-29
P0170,Gregory,Jones,Doctor 35,2023-09-29
P0205,Jason,Lewis,Doctor 14,2023-09-29
P0206,Carol,Nguyen,Doctor 18,2023-09-29
P0226,Dennis,Kelly,Doctor 12,2023-09-29
P0304,Jeffrey,Castillo,Doctor 41,2023-09-29
P0488,Gregory,Carter,Doctor 49,2023-09-29
P0524,Shirley,Roberts,Doctor 12,2023-09-29
P0560,Larry,Lopez,Doctor 44,2023-09-29
P0582,Kenneth,Morales,Doctor 32,2023-09-29
P0636,Gary,Mitchell,Doctor 33,2023-09-29
P0780,Dorothy,Bailey,Doctor 18,2023-09-29
P0838,James,Ortiz,Doctor 50,2023-09-29
P0858,Lisa,Wilson,Doctor 8,2023-09-29
P0884,Thomas,Stewart,Doctor 30,2023-09-29
P0917,Daniel,Flores,Doctor 32,2023-09-29
P1046,Charles,Diaz,Doctor 50,2023-09-29
P1075,Patrick,Jackson,Doctor 11,2023-09-29
P1080,Sandra,Collins,Doctor 15,2023-09-29
P1224,Laura,Rodriguez,Doctor 24,2023-09-29
P1302,Sarah,Cox,Doctor 4,2023-09-29
P1456,Ruth,Cook,Doctor 36,2023-09-29
P1463,Donna,Nguyen,Doctor 22,2023-09-29
P1936,Helen,Phillips,Doctor 15,2023-09-29
P1954,Amy,Wright,Doctor 50,2023-09-29
P2102,Sandra,Gomez,Doctor 28,2023-09-29
P2124,Jack,Moore,Doctor 45,2023-09-29
P2158,James,Brown,Doctor 7,2023-09-29
P2197,Donald,Wood,Doctor 9,2023-09-29
P2209,Jonathan,Ward,Doctor 40,2023-09-29
P0089,Angela,Thomas,Doctor 44,2023-09-30
P0100,Dennis,Chavez,Doctor 20,2023-09-30
P0138,Betty,Diaz,Doctor 43,2023-09-30
P0151,Matthew,Diaz,Doctor 40,2023-09-30
P0231,Nancy,Lopez,Doctor 48,2023-09-30
P0359,Tyler,Ward,Doctor 48,2023-09-30
P0413,Betty,Myers,Doctor 11,2023-09-30
P0518,Jacob,White,Doctor 47,2023-09-30
P0548,Daniel,Wright,Doctor 47,2023-09-30
P0557,William,Mendoza,Doctor 37,2023-09-30
P0581,Jose,Turner,Doctor 46,2023-09-30
P0691,Dennis,Williams,Doctor 10,2023-09-30
P0871,Richard,Green,Doctor 40,2023-09-30
P0938,Sharon,James,Doctor 49,2023-09-30
P1111,Michael,Flores,Doctor 20,2023-09-30
P1151,Benjamin,Parker,Doctor 11,2023-09-30
P1184,Nicholas,King,Doctor 32,2023-09-30
P1213,Laura,Allen,Doctor 45,2023-09-30
P1339,Anna,Brown,Doctor 32,2023-09-30
P1347,David,Baker,Doctor 11,2023-09-30
P1412,Kathleen,Hall,Doctor 24,2023-09-30
P1420,Helen,Lewis,Doctor 6,2023-09-30
P1543,Anna,Howard,Doctor 1,2023-09-30
P1548,Barbara,Lee,Doctor 44,2023-09-30
P1578,George,Torres,Doctor 4,2023-09-30
P1582,Brian,Alvarez,Doctor 15,2023-09-30
P1646,Susan,Lopez,Doctor 36,2023-09-30
P1734,Dorothy,Robinson,Doctor 1,2023-09-30
P1796,Carol,Sanchez,Doctor 21,2023-09-30
P1953,Jacob,Reed,Doctor 34,2023-09-30
P2094,Kevin,Wright,Doctor 1,2023-09-30
P2139,William,Harris,Doctor 37,2023-09-30
P2174,Sandra,Carter,Doctor 34,2023-09-30
P2261,Daniel,Morgan,Doctor 19,2023-09-30
P2288,Frank,Sanchez,Doctor 12,2023-09-30
P2301,Eric,Nguyen,Doctor 9,2023-09-30
P0016,Nancy,Miller,Doctor 44,2023-10-01
P0027,Helen,Gomez,Doctor 36,2023-10-01
P0101,Nicholas,Wright,Doctor 10,2023-10-01
P0169,Charles,Nelson,Doctor 2,2023-10-01
P0182,George,Kelly,Doctor 4,2023-10-01
P0219,James,Murphy,Doctor 9,2023-10-01
P0346,Michelle,Hill,Doctor 28,2023-10-01
P0350,Kenneth,Ruiz,Doctor 42,2023-10-01
P0410,Ryan,Morales,Doctor 7,2023-10-01
P0568,Jose,Roberts,Doctor 21,2023-10-01
P0718,Mark,Robinson,Doctor 37,2023-10-01
P0930,Sharon,Smith,Doctor 45,2023-10-01
P0949,Joseph,Johnson,Doctor 9,2023-10-01
P0963,Karen,Wood,Doctor 25,2023-10-01
P1216,Andrew,Thompson,Doctor 22,2023-10-01
P1245,Patricia,Lopez,Doctor 36,2023-10-01
P1297,Patricia,Brooks,Doctor 42,2023-10-01
P1302,Sarah,Cox,Doctor 28,2023-10-01
P1392,Michelle,Martin,Doctor 19,2023-10-01
P1462,Nancy,Richardson,Doctor 43,2023-10-01
P1688,Jerry,Miller,Doctor 17,2023-10-01
P1725,Larry,Rivera,Doctor 5,2023-10-01
P1746,Betty,Cook,Doctor 28,2023-10-01
P1782,Charles,Gomez,Doctor 29,2023-10-01
P1844,Daniel,Martinez,Doctor 34,2023-10-01
P1852,Mark,Brooks,Doctor 4,2023-10-01
P1860,Sharon,Williams,Doctor 2,2023-10-01
P1860,Sharon,Williams,Doctor 7,2023-10-01
P1872,Kevin,Hill,Doctor 36,2023-10-01
P1886,Brenda,Garcia,Doctor 4,2023-10-01
P2229,Jonathan,White,Doctor 7,2023-10-01
P2238,Christopher,Gomez,Doctor 35,2023-10-01
P0118,Donna,Sanchez,Doctor 21,2023-10-02
P0140,John,Moore,Doctor 13,2023-10-02
P0334,Rebecca,Reed,Doctor 29,2023-10-02
P0389,Susan,Patel,Doctor 20,2023-10-02
P0396,Donald,Smith,Doctor 7,2023-10-02
P0565,Steven,Gomez,Doctor 23,2023-10-02
P0691,Dennis,Williams,Doctor 48,2023-10-02
P0852,Jose,Campbell,Doctor 17,2023-10-02
P1008,Gary,Miller,Doctor 17,2023-10-02
P1072,Ronald,Evans,Doctor 24,2023-10-02
P1279,Michelle,Thomas,Doctor 22,2023-10-02
P1397,Gary,Torres,Doctor 16,2023-10-02
P1422,Angela,Collins,Doctor 31,2023-10-02
P1463,Donna,Nguyen,Doctor 50,2023-10-02
P1550,Michelle,Hall,Doctor 18,2023-10-02
P1682,Anna,Nelson,Doctor 18,2023-10-02
P1876,Tyler,Cruz,Doctor 23,2023-10-02
P2142,Mary,Hughes,Doctor 1,2023-10-02
P2142,Mary,Hughes,Doctor 25,2023-10-02
P0063,Matthew,Morgan,Doctor 2,2023-10-03
P0181,Edward,Rogers,Doctor 49,2023-10-03
P0213,Aaron,Clark,Doctor 6,2023-10-03
P0269,Emma,Campbell,Doctor 36,2023-10-03
P0388,Deborah,Johnson,Doctor 13,2023-10-03
P0430,Jason,Ramos,Doctor 30,2023-10-03
P0514,Larry,Morales,Doctor 14,2023-10-03
P0605,Jeffrey,Martin,Doctor 3,2023-10-03
P0857,Richard,Martinez,Doctor 27,2023-10-03
P0915,Jack,Roberts,Doctor 11,2023-10-03
P1007,Jack,Ruiz,Doctor 11,2023-10-03
P1103,Ronald,Ramirez,Doctor 50,2023-10-03
P1189,Mary,Hernandez,Doctor 43,2023-10-03
P1397,Gary,Torres,Doctor 36,2023-10-03
P1436,Daniel,Campbell,Doctor 30,2023-10-03
P1507,Donna,Campbell,Doctor 23,2023-10-03
P1513,Jennifer,Rogers,Doctor 16,2023-10-03
P1524,Sarah,Gray,Doctor 1,2023-10-03
P1623,Justin,Robinson,Doctor 5,2023-10-03
P1715,Sandra,Baker,Doctor 49,2023-10-03
P1966,Sandra,Gonzalez,Doctor 35,2023-10-03
P2258,Edward,Perez,Doctor 29,2023-10-03
P2265,Edward,Allen,Doctor 49,2023-10-03
P2276,Alexander,Anderson,Doctor 28,2023-10-03
P2291,Carol,Sanders,Doctor 44,2023-10-03
P0021,Benjamin,Ruiz,Doctor 32,2023-10-04
P0182,George,Kelly,Doctor 4,2023-10-04
P0419,Ruth,Carter,Doctor 48,2023-10-04
P0441,Alexander,King,Doctor 14,2023-10-04
P0442,Gary,Wilson,Doctor 1,2023-10-04
P0615,Tyler,Adams,Doctor 17,2023-10-04
P0820,Sarah,Diaz,Doctor 40,2023-10-04
P0837,Patricia,Howard,Doctor 28,2023-10-04
P0947,Deborah,Baker,Doctor 49,2023-10-04
P0999,Thomas,Ruiz,Doctor 46,2023-10-04
P1085,Jessica,Cruz,Doctor 3,2023-10-04
P1090,Charles,Carter,Doctor 33,2023-10-04
P1180,Karen,Collins,Doctor 37,2023-10-04
P1224,Laura,Rodriguez,Doctor 24,2023-10-04
P1243,Nancy,Campbell,Doctor 1,2023-10-04
P1309,Jennifer,Lee,Doctor 50,2023-10-04
P1355,Amy,Smith,Doctor 28,2023-10-04
P1376,James,Cox,Doctor 41,2023-10-04
P1458,Robert,Rodriguez,Doctor 21,2023-10-04
P1465,Michelle,Chavez,Doctor 5,2023-10-04
P1472,Nancy,Castillo,Doctor 24,2023-10-04
P1743,Michelle,Lee,Doctor 19,2023-10-04
P1790,Ryan,Bailey,Doctor 49,2023-10-04
P1886,Brenda,Garcia,Doctor 4,2023-10-04
P1917,Deborah,Carter,Doctor 4,2023-10-04
P1976,Jerry,Allen,Doctor 8,2023-10-04
P2115,Sandra,Ramos,Doctor 27,2023-10-04
P2198,Amy,Phillips,Doctor 8,2023-10-04
P0029,Patrick,Peterson,Doctor 7,2023-10-05
P0172,Elizabeth,Reed,Doctor 37,2023-10-05
P0254,Virginia,Scott,Doctor 27,2023-10-05
P0328,Thomas,Phillips,Doctor 33,2023-10-05
P0346,Michelle,Hill,Doctor 47,2023-10-05
P0348,Jonathan,Rodriguez,Doctor 38,2023-10-05
P0450,Sharon,King,Doctor 1,2023-10-05
P0464,Jason,King,Doctor 26,2023-10-05
P0622,Jessica,Adams,Doctor 2,2023-10-05
P0625,Linda,Patel,Doctor 8,2023-10-05
P0674,Benjamin,Collins,Doctor 46,2023-10-05
P0768,Jacob,Ramirez,Doctor 41,2023-10-05
P0880,Frank,Parker,Doctor 15,2023-10-05
P0939,Susan,Wood,Doctor 17,2023-10-05
P1042,Gary,Alvarez,Doctor 26,2023-10-05
P1147,Melissa,Diaz,Doctor 22,2023-10-05
P1209,Jack,Patel,Doctor 36,2023-10-05
P1274,Joseph,Perez,Doctor 30,2023-10-05
P1430,Jeffrey,Watson,Doctor 28,2023-10-05
P1509,Sarah,Smith,Doctor 2,2023-10-05
P1522,Laura,Howard,Doctor 24,2023-10-05
P1523,Michael,Roberts,Doctor 10,2023-10-05
P1655,Kenneth,Cooper,Doctor 9,2023-10-05
P1669,Jose,Bennett,Doctor 33,2023-10-05
P1874,Joseph,Moore,Doctor 40,2023-10-05
P1957,Nicholas,Lee,Doctor 48,2023-10-05
P2085,Nancy,Scott,Doctor 10,2023-10-05
P0040,Sarah,Patel,Doctor 22,2023-10-06
P0249,Betty,Watson,Doctor 21,2023-10-06
P0281,Jessica,Gonzalez,Doctor 13,2023-10-06
P0297,Sarah,Nelson,Doctor 40,2023-10-06
P0305,Jeffrey,Reyes,Doctor 32,2023-10-06
P0343,Patrick,Brooks,Doctor 30,2023-10-06
P0436,Carol,Anderson,Doctor 21,2023-10-06
P0514,Larry,Morales,Doctor 35,2023-10-06
P0519,David,Bailey,Doctor 34,2023-10-06
P0574,Michelle,Allen,Doctor 10,2023-10-06
P0577,Ruth,Rodriguez,Doctor 19,2023-10-06
P0589,Sarah,Morris,Doctor 15,2023-10-06
P0611,Anna,Cox,Doctor 38,2023-10-06
P0629,Linda,Reed,Doctor 20,2023-10-06
P0820,Sarah,Diaz,Doctor 32,2023-10-06
P0824,Justin,Evans,Doctor 46,2023-10-06
P0940,Richard,Lewis,Doctor 49,2023-10-06
P0965,Michelle,Turner,Doctor 37,2023-10-06
P1032,Betty,Nguyen,Doctor 30,2023-10-06
P1067,Jennifer,Wood,Doctor 39,2023-10-06
P1071,Laura,Phillips,Doctor 34,2023-10-06
P1079,Patrick,Adams,Doctor 10,2023-10-06
P1107,Brenda,Kim,Doctor 29,2023-10-06
P1125,Samuel,Myers,Doctor 42,2023-10-06
P1161,Karen,Adams,Doctor 32,2023-10-06
P1163,Laura,Castillo,Doctor 5,2023-10-06
P1182,Betty,Harris,Doctor 25,2023-10-06
P1310,Gary,Rogers,Doctor 8,2023-10-06
P1427,Nancy,Nelson,Doctor 38,2023-10-06
P1464,Shirley,Allen,Doctor 30,2023-10-06
P1535,Jeffrey,Cruz,Doctor 30,2023-10-06
P1628,Barbara,Cooper,Doctor 50,2023-10-06
P1628,Barbara,Cooper,Doctor 22,2023-10-06
P1699,Edward,Howard,Doctor 41,2023-10-06
P1728,Joseph,Richardson,Doctor 4,2023-10-06
P1739,Aaron,Taylor,Doctor 23,2023-10-06
P1851,Karen,Murphy,Doctor 49,2023-10-06
P1869,Ruth,Thompson,Doctor 20,2023-10-06
P1999,Angela,Scott,Doctor 2,2023-10-06
P2045,Virginia,Diaz,Doctor 12,2023-10-06
P2049,Linda,Alvarez,Doctor 46,2023-10-06
P2274,Carol,Patel,Doctor 48,2023-10-06
P2280,Steven,Lewis,Doctor 43,2023-10-06
P0002,Ruth,Ortiz,Doctor 20,2023-10-07
P0040,Sarah,Patel,Doctor 4,2023-10-07
P0056,Charles,Clark,Doctor 44,2023-10-07
P0085,Anthony,Rodriguez,Doctor 30,2023-10-07
P0115,Kathleen,Perez,Doctor 32,2023-10-07
P0324,Nancy,Harris,Doctor 13,2023-10-07
P0387,Sandra,Thomas,Doctor 3,2023-10-07
P0458,Michelle,Jackson,Doctor 15,2023-10-07
P0462,Daniel,Nelson,Doctor 39,2023-10-07
P0635,Sandra,Parker,Doctor 27,2023-10-07
P0665,Nicholas,Allen,Doctor 20,2023-10-07
P0739,Brenda,Rogers,Doctor 9,2023-10-07
P0765,Deborah,Martin,Doctor 28,2023-10-07
P0847,Dennis,Martinez,Doctor 16,2023-10-07
P0913,Steven,Davis,Doctor 45,2023-10-07
P0944,Matthew,Gray,Doctor 39,2023-10-07
P0951,Eric,Walker,Doctor 17,2023-10-07
P0957,Anna,Allen,Doctor 37,2023-10-07
P0994,Betty,Gomez,Doctor 35,2023-10-07
P1004,Jonathan,Allen,Doctor 21,2023-10-07
P1161,Karen,Adams,Doctor 32,2023-10-07
P1324,Nancy,Reed,Doctor 27,2023-10-07
P1354,Benjamin,Kim,Doctor 27,2023-10-07
P1476,Susan,Martin,Doctor 22,2023-10-07
P1506,Sharon,Reyes,Doctor 22,2023-10-07
P1959,Robert,Rivera,Doctor 9,2023-10-07
P2167,Dennis,Clark,Doctor 16,2023-10-07
P2281,Jeffrey,Ramirez,Doctor 38,2023-10-07
P0018,Daniel,Castillo,Doctor 8,2023-10-08
P0130,Jacob,Patel,Doctor 46,2023-10-08
P0226,Dennis,Kelly,Doctor 12,2023-10-08
P0291,Aaron,Price,Doctor 6,2023-10-08
P0332,Joseph,Martinez,Doctor 4,2023-10-08
P0349,Laura,Parker,Doctor 32,2023-10-08
P0388,Deborah,Johnson,Doctor 49,2023-10-08
P0433,William,Martinez,Doctor 48,2023-10-08
P0562,Samuel,Jackson,Doctor 10,2023-10-08
P0583,Jennifer,Cooper,Doctor 6,2023-10-08
P0633,Christopher,Allen,Doctor 49,2023-10-08
P0640,Susan,Alvarez,Doctor 12,2023-10-08
P0720,Nicholas,Torres,Doctor 14,2023-10-08
P0753,Brian,Morgan,Doctor 33,2023-10-08
P0762,Lisa,Thomas,Doctor 37,2023-10-08
P0839,Christopher,Mendoza,Doctor 13,2023-10-08
P0862,Donald,Murphy,Doctor 8,2023-10-08
P0871,Richard,Green,Doctor 12,2023-10-08
P0897,Sharon,Carter,Doctor 35,2023-10-08
P1002,Sharon,Thomas,Doctor 39,2023-10-08
P1026,Amy,Howard,Doctor 39,2023-10-08
P1030,Laura,Martinez,Doctor 49,2023-10-08
P1054,Kimberly,Allen,Doctor 24,2023-10-08
P1058,Frank,Gray,Doctor 41,2023-10-08
P1061,Tyler,Stewart,Doctor 44,2023-10-08
P1106,Rebecca,Diaz,Doctor 17,2023-10-08
P1123,Gregory,Turner,Doctor 23,2023-10-08
P1164,Raymond,Allen,Doctor 23,2023-10-08
P1277,Donna,Flores,Doctor 26,2023-10-08
P1344,Dorothy,Cox,Doctor 12,2023-10-08
P1474,Kathleen,White,Doctor 12,2023-10-08
P1489,Frank,Rodriguez,Doctor 30,2023-10-08
P1499,Benjamin,Young,Doctor 37,2023-10-08
P1526,Sharon,Hall,Doctor 3,2023-10-08
P1536,Kathleen,Brooks,Doctor 42,2023-10-08
P1562,Anna,Hughes,Doctor 35,2023-10-08
P1597,Edward,Robinson,Doctor 28,2023-10-08
P1606,Melissa,Lopez,Doctor 43,2023-10-08
P1621,Deborah,Smith,Doctor 16,2023-10-08
P1650,Jeffrey,Adams,Doctor 35,2023-10-08
P1774,Virginia,Taylor,Doctor 47,2023-10-08
P1820,Ruth,Smith,Doctor 19,2023-10-08
P1845,Sandra,Mendoza,Doctor 4,2023-10-08
P1895,Lisa,Ruiz,Doctor 48,2023-10-08
P1933,Andrew,Bennett,Doctor 19,2023-10-08
P1998,Deborah,Richardson,Doctor 14,2023-10-08
P2183,Frank,Peterson,Doctor 12,2023-10-08
P2184,Sarah,Phillips,Doctor 39,2023-10-08
P0112,Deborah,Green,Doctor 4,2023-10-09
P0153,Eric,Bailey,Doctor 48,2023-10-09
P0164,Eric,Wood,Doctor 4,2023-10-09
P0304,Jeffrey,Castillo,Doctor 41,2023-10-09
P0375,Betty,Lopez,Doctor 34,2023-10-09
P0479,Joseph,Ortiz,Doctor 23,2023-10-09
P0984,Anna,Hill,Doctor 17,2023-10-09
P1092,John,Myers,Doctor 34,2023-10-09
P1250,Michael,Richardson,Doctor 41,2023-10-09
P1282,Matthew,Howard,Doctor 50,2023-10-09
P1325,Mary,Alvarez,Doctor 23,2023-10-09
P1345,Scott,Smith,Doctor 14,2023-10-09
P1382,Daniel,Taylor,Doctor 28,2023-10-09
P1427,Nancy,Nelson,Doctor 38,2023-10-09
P1436,Daniel,Campbell,Doctor 50,2023-10-09
P1559,Kathleen,Garcia,Doctor 18,2023-10-09
P1653,Anthony,Cruz,Doctor 21,2023-10-09
P1684,Virginia,Gonzalez,Doctor 12,2023-10-09
P1705,Christopher,Young,Doctor 20,2023-10-09
P1991,Patricia,Morales,Doctor 19,2023-10-09
P2038,Ronald,Morales,Doctor 11,2023-10-09
P0187,Justin,Watson,Doctor 13,2023-10-10
P0200,Ryan,Parker,Doctor 50,2023-10-10
P0210,Karen,Jackson,Doctor 40,2023-10-10
P0230,Jessica,Moore,Doctor 49,2023-10-10
P0303,Gregory,Flores,Doctor 1,2023-10-10
P0348,Jonathan,Rodriguez,Doctor 19,2023-10-10
P0381,Barbara,Richardson,Doctor 14,2023-10-10
P0462,Daniel,Nelson,Doctor 39,2023-10-10
P0501,Elizabeth,Green,Doctor 16,2023-10-10
P0532,Carol,Ortiz,Doctor 25,2023-10-10
P0929,Brian,Mendoza,Doctor 17,2023-10-10
P1056,Edward,Garcia,Doctor 26,2023-10-10
P1128,Tyler,Williams,Doctor 35,2023-10-10
P1198,Jacob,Thompson,Doctor 11,2023-10-10
P1276,Anthony,Diaz,Doctor 2,2023-10-10
P1405,Jessica,Nguyen,Doctor 24,2023-10-10
P1514,Donna,Morris,Doctor 29,2023-10-10
P1566,Jack,Edwards,Doctor 43,2023-10-10
P1577,Cynthia,Reyes,Doctor 21,2023-10-10
P1824,Barbara,Ortiz,Doctor 16,2023-10-10
P2016,Kimberly,Turner,Doctor 32,2023-10-10
P2064,Mark,Baker,Doctor 8,2023-10-10
P2129,Karen,Cooper,Doctor 36,2023-10-10
P2162,Larry,Johnson,Doctor 3,2023-10-10
P2163,Edward,Lewis,Doctor 14,2023-10-10
P2174,Sandra,Carter,Doctor 6,2023-10-10
P2213,Alexander,Kelly,Doctor 18,2023-10-10
P0014,George,Miller,Doctor 36,2023-10-11
P0036,Jessica,Perez,Doctor 4,2023-10-11
P0214,Kenneth,Gomez,Doctor 18,2023-10-11
P0222,Virginia,Turner,Doctor 25,2023-10-11
P0239,Angela,Perez,Doctor 30,2023-10-11
P0280,Anna,Jones,Doctor 19,2023-10-11
P0303,Gregory,Flores,Doctor 32,2023-10-11
P0524,Shirley,Roberts,Doctor 49,2023-10-11
P0648,Lisa,Smith,Doctor 27,2023-10-11
P0654,Sandra,Sanchez,Doctor 8,2023-10-11
P0672,Charles,Nguyen,Doctor 41,2023-10-11
P0702,Edward,Reyes,Doctor 9,2023-10-11
P0838,James,Ortiz,Doctor 39,2023-10-11
P0851,Kimberly,Bailey,Doctor 24,2023-10-11
P0901,Patricia,Morris,Doctor 27,2023-10-11
P0902,Elizabeth,Jones,Doctor 22,2023-10-11
P0975,Daniel,Cook,Doctor 23,2023-10-11
P1028,Barbara,Price,Doctor 44,2023-10-11
P1261,Joshua,Clark,Doctor 9,2023-10-11
P1425,Brenda,Jones,Doctor 50,2023-10-11
P1451,Carol,Johnson,Doctor 29,2023-10-11
P1457,David,Richardson,Doctor 45,2023-10-11
P1473,Samuel,Perez,Doctor 37,2023-10-11
P1698,James,Sanders,Doctor 12,2023-10-11
P1779,Angela,Bailey,Doctor 6,2023-10-11
P1795,Jennifer,Gonzalez,Doctor 29,2023-10-11
P1893,Anthony,Patel,Doctor 2,2023-10-11
P2021,George,Reed,Doctor 24,2023-10-11
P2022,Michelle,Baker,Doctor 30,2023-10-11
P2028,Donna,Rogers,Doctor 6,2023-10-11
P2028,Donna,Rogers,Doctor 6,2023-10-11
P2108,Edward,James,Doctor 5,2023-10-11
P2191,Edward,Hernandez,Doctor 49,2023-10-11
P2228,Joseph,Patel,Doctor 17,2023-10-11
P0002,Ruth,Ortiz,Doctor 20,2023-10-12
P0014,George,Miller,Doctor 36,2023-10-12
P0026,Kenneth,Hughes,Doctor 34,2023-10-12
P0032,Michelle,Price,Doctor 21,2023-10-12
P0102,Nicholas,Kim,Doctor 4,2023-10-12
P0109,Justin,Allen,Doctor 33,2023-10-12
P0140,John,Moore,Doctor 38,2023-10-12
P0254,Virginia,Scott,Doctor 11,2023-10-12
P0466,Ronald,Hughes,Doctor 47,2023-10-12
P0539,Joseph,Allen,Doctor 20,2023-10-12
P0601,Kevin,Allen,Doctor 19,2023-10-12
P0655,Dorothy,Rogers,Doctor 17,2023-10-12
P0659,Jonathan,Peterson,Doctor 30,2023-10-12
P0662,Jennifer,Hughes,Doctor 40,2023-10-12
P0788,Justin,Gomez,Doctor 23,2023-10-12
P0955,Kevin,Reyes,Doctor 5,2023-10-12
P0963,Karen,Wood,Doctor 25,2023-10-12
P1012,Kevin,Jackson,Doctor 46,2023-10-12
P1207,Mary,Ortiz,Doctor 8,2023-10-12
P1248,Jason,Cook,Doctor 43,2023-10-12
P1297,Patricia,Brooks,Doctor 27,2023-10-12
P1329,William,Morales,Doctor 24,2023-10-12
P1416,Jason,Phillips,Doctor 6,2023-10-12
P1417,Michael,Gray,Doctor 6,2023-10-12
P1452,Jerry,Cook,Doctor 22,2023-10-12
P1483,Mark,Myers,Doctor 22,2023-10-12
P1611,Ronald,Jackson,Doctor 18,2023-10-12
P1663,Brenda,Turner,Doctor 4,2023-10-12
P1665,Gregory,Diaz,Doctor 29,2023-10-12
P1698,James,Sanders,Doctor 19,2023-10-12
P1720,Samuel,Rivera,Doctor 37,2023-10-12
P1731,Benjamin,Baker,Doctor 20,2023-10-12
P1735,Benjamin,Mitchell,Doctor 12,2023-10-12
P1755,Eric,Peterson,Doctor 14,2023-10-12
P1779,Angela,Bailey,Doctor 6,2023-10-12
P2065,Brandon,Stewart,Doctor 22,2023-10-12
P2096,Jack,Martinez,Doctor 40,2023-10-12
P2160,Steven,Green,Doctor 34,2023-10-12
P2169,George,Ramos,Doctor 45,2023-10-12
P2277,Frank,Ramos,Doctor 20,2023-10-12
P0005,Andrew,Morris,Doctor 9,2023-10-13
P0030,Kenneth,Ward,Doctor 30,2023-10-13
P0057,Kimberly,Parker,Doctor 2,2023-10-13
P0062,Laura,Jones,Doctor 17,2023-10-13
P0141,Virginia,Murphy,Doctor 8,2023-10-13
P0195,Nancy,Carter,Doctor 30,2023-10-13
P0252,Karen,Turner,Doctor 19,2023-10-13
P0292,Angela,Brooks,Doctor 46,2023-10-13
P0302,Kathleen,Ortiz,Doctor 27,2023-10-13
P0468,Ryan,Garcia,Doctor 31,2023-10-13
P0476,Jessica,Smith,Doctor 36,2023-10-13
P0534,Benjamin,Smith,Doctor 48,2023-10-13
P0650,Melissa,Hill,Doctor 33,2023-10-13
P0810,Steven,Brown,Doctor 45,2023-10-13
P0921,Michael,Cooper,Doctor 24,2023-10-13
P0952,John,Morgan,Doctor 40,2023-10-13
P0961,Dennis,Diaz,Doctor 46,2023-10-13
P1051,Angela,Cox,Doctor 15,2023-10-13
P1152,George,Gomez,Doctor 16,2023-10-13
P1227,Nicholas,Mitchell,Doctor 19,2023-10-13
P1301,Steven,Sanders,Doctor 42,2023-10-13
P1429,Elizabeth,Roberts,Doctor 50,2023-10-13
P1440,Timothy,Ortiz,Doctor 50,2023-10-13
P1516,Matthew,Miller,Doctor 33,2023-10-13
P1570,Karen,Nelson,Doctor 12,2023-10-13
P1573,Eric,Robinson,Doctor 20,2023-10-13
P1854,Ronald,Collins,Doctor 10,2023-10-13
P1890,Matthew,Phillips,Doctor 18,2023-10-13
P1994,Virginia,Gomez,Doctor 9,2023-10-13
P2030,David,Garcia,Doctor 2,2023-10-13
P2032,Betty,Flores,Doctor 49,2023-10-13
P2155,Kathleen,Flores,Doctor 3,2023-10-13
P2189,Emma,Martinez,Doctor 25,2023-10-13
P0039,Sharon,Edwards,Doctor 42,2023-10-14
P0085,Anthony,Rodriguez,Doctor 36,2023-10-14
P0102,Nicholas,Kim,Doctor 4,2023-10-14
P0150,Andrew,Gray,Doctor 48,2023-10-14
P0176,Larry,Watson,Doctor 2,2023-10-14
P0271,Sandra,Brooks,Doctor 13,2023-10-14
P0289,Jennifer,Morgan,Doctor 19,2023-10-14
P0465,Michelle,Young,Doctor 49,2023-10-14
P0481,Ryan,Patel,Doctor 21,2023-10-14
P0573,Mary,Harris,Doctor 20,2023-10-14
P0788,Justin,Gomez,Doctor 49,2023-10-14
P0831,Sarah,Perez,Doctor 30,2023-10-14
P0832,Edward,Lopez,Doctor 38,2023-10-14
P0836,Betty,Howard,Doctor 22,2023-10-14
P0889,Daniel,Thompson,Doctor 41,2023-10-14
P0907,Frank,Price,Doctor 1,2023-10-14
P0925,Carol,Turner,Doctor 20,2023-10-14
P1001,Robert,Lopez,Doctor 2,2023-10-14
P1018,Karen,Phillips,Doctor 26,2023-10-14
P1039,Virginia,Kelly,Doctor 1,2023-10-14
P1124,James,Morales,Doctor 42,2023-10-14
P1192,Sarah,Mitchell,Doctor 1,2023-10-14
P1214,Dennis,Howard,Doctor 16,2023-10-14
P1217,Michelle,Lewis,Doctor 35,2023-10-14
P1225,Benjamin,White,Doctor 28,2023-10-14
P1239,Timothy,Brown,Doctor 41,2023-10-14
P1360,Barbara,Diaz,Doctor 29,2023-10-14
P1406,Andrew,James,Doctor 7,2023-10-14
P1408,Nancy,Martin,Doctor 41,2023-10-14
P1468,Sandra,Bennett,Doctor 47,2023-10-14
P1508,Lisa,Allen,Doctor 10,2023-10-14
P1598,James,Ramos,Doctor 42,2023-10-14
P1626,Betty,Edwards,Doctor 32,2023-10-14
P1683,Jacob,Mendoza,Doctor 36,2023-10-14
P1801,Laura,Carter,Doctor 29,2023-10-14
P1844,Daniel,Martinez,Doctor 14,2023-10-14
P1888,Jeffrey,Thomas,Doctor 16,2023-10-14
P1930,Melissa,Rodriguez,Doctor 2,2023-10-14
P1960,Anthony,Nguyen,Doctor 21,2023-10-14
P2034,Melissa,Brown,Doctor 21,2023-10-14
P2074,Kevin,Phillips,Doctor 18,2023-10-14
P2110,Anna,Lopez,Doctor 12,2023-10-14
P0015,Richard,Wilson,Doctor 10,2023-10-15
P0088,Raymond,Cruz,Doctor 42,2023-10-15
P0239,Angela,Perez,Doctor 49,2023-10-15
P0267,Jacob,Wilson,Doctor 8,2023-10-15
P0329,Sarah,Reyes,Doctor 31,2023-10-15
P0354,Amy,Ramirez,Doctor 44,2023-10-15
P0400,Brenda,Sanders,Doctor 44,2023-10-15
P0422,Melissa,Flores,Doctor 39,2023-10-15
P0458,Michelle,Jackson,Doctor 15,2023-10-15
P0476,Jessica,Smith,Doctor 36,2023-10-15
P0542,Joshua,Morris,Doctor 50,2023-10-15
P0685,Linda,Evans,Doctor 27,2023-10-15
P1066,Alexander,Jones,Doctor 23,2023-10-15
P1136,Melissa,Jones,Doctor 44,2023-10-15
P1219,Cynthia,Turner,Doctor 28,2023-10-15
P1253,Aaron,Kim,Doctor 47,2023-10-15
P1295,John,Nguyen,Doctor 36,2023-10-15
P1300,Shirley,Cook,Doctor 23,2023-10-15
P1357,Angela,Castillo,Doctor 34,2023-10-15
P1361,Laura,Alvarez,Doctor 17,2023-10-15
P1374,Alexander,Howard,Doctor 10,2023-10-15
P1508,Lisa,Allen,Doctor 38,2023-10-15
P1619,Edward,Walker,Doctor 39,2023-10-15
P1658,George,Campbell,Doctor 9,2023-10-15
P1792,Nicholas,Rivera,Doctor 5,2023-10-15
P1823,Ruth,Collins,Doctor 31,2023-10-15
P1896,Joseph,Brown,Doctor 36,2023-10-15
P1905,Justin,Cook,Doctor 30,2023-10-15
P2086,Joshua,Bailey,Doctor 1,2023-10-15
P2131,Helen,Rodriguez,Doctor 15,2023-10-15
P2142,Mary,Hughes,Doctor 38,2023-10-15
P2148,George,King,Doctor 25,2023-10-15
P2163,Edward,Lewis,Doctor 14,2023-10-15
P2184,Sarah,Phillips,Doctor 10,2023-10-15
P2195,Justin,Morris,Doctor 5,2023-10-15
P2275,Eric,Mendoza,Doctor 41,2023-10-15
P0015,Richard,Wilson,Doctor 10,2023-10-16
P0025,Jessica,Cook,Doctor 9,2023-10-16
P0117,Betty,Lee,Doctor 15,2023-10-16
P0135,Jeffrey,King,Doctor 29,2023-10-16
P0390,Virginia,Mitchell,Doctor 34,2023-10-16
P0449,Carol,Harris,Doctor 20,2023-10-16
P0464,Jason,King,Doctor 41,2023-10-16
P0492,Susan,Davis,Doctor 6,2023-10-16
P0656,Robert,Williams,Doctor 14,2023-10-16
P0667,Kenneth,Scott,Doctor 5,2023-10-16
P0809,Lisa,Chavez,Doctor 21,2023-10-16
P0989,Ryan,Hill,Doctor 50,2023-10-16
P1000,Christopher,Howard,Doctor 11,2023-10-16
P1045,Timothy,Perez,Doctor 28,2023-10-16
P1092,John,Myers,Doctor 34,2023-10-16
P1195,Melissa,Mendoza,Doctor 6,2023-10-16
P1200,Aaron,Castillo,Doctor 14,2023-10-16
P1384,Betty,Peterson,Doctor 18,2023-10-16
P1409,Benjamin,Allen,Doctor 33,2023-10-16
P1495,Kevin,Nelson,Doctor 13,2023-10-16
P1527,Anna,Cook,Doctor 5,2023-10-16
P1594,Michael,Wood,Doctor 49,2023-10-16
P1948,Betty,Perez,Doctor 29,2023-10-16
P2010,Anna,Green,Doctor 30,2023-10-16
P2098,Betty,Sanders,Doctor 38,2023-10-16
P2120,Melissa,Kelly,Doctor 32,2023-10-16
P2192,Melissa,Hughes,Doctor 42,2023-10-16
P2221,Anthony,Gonzalez,Doctor 16,2023-10-16
P2286,Elizabeth,Ruiz,Doctor 26,2023-10-16
P0014,George,Miller,Doctor 9,2023-10-17
P0094,Scott,Chavez,Doctor 35,2023-10-17
P0097,Benjamin,Diaz,Doctor 2,2023-10-17
P0230,Jessica,Moore,Doctor 49,2023-10-17
P0356,Aaron,Hill,Doctor 46,2023-10-17
P0360,Charles,Taylor,Doctor 39,2023-10-17
P0417,Joseph,Lopez,Doctor 4,2023-10-17
P0585,Jessica,Rivera,Doctor 7,2023-10-17
P0708,Lisa,Gomez,Doctor 44,2023-10-17
P0810,Steven,Brown,Doctor 45,2023-10-17
P0815,Barbara,Mitchell,Doctor 33,2023-10-17
P0876,Susan,Howard,Doctor 49,2023-10-17
P1010,Kevin,Harris,Doctor 46,2023-10-17
P1040,Helen,Richardson,Doctor 25,2023-10-17
P1097,Laura,Hughes,Doctor 20,2023-10-17
P1229,Jonathan,Anderson,Doctor 14,2023-10-17
P1297,Patricia,Brooks,Doctor 7,2023-10-17
P1304,Daniel,Adams,Doctor 31,2023-10-17
P1341,Sharon,Baker,Doctor 40,2023-10-17
P1448,Justin,Martin,Doctor 15,2023-10-17
P1461,Angela,Ortiz,Doctor 49,2023-10-17
P1467,Emma,Peterson,Doctor 24,2023-10-17
P1518,Mary,Roberts,Doctor 36,2023-10-17
P1549,Carol,Chavez,Doctor 33,2023-10-17
P1551,Steven,Lopez,Doctor 20,2023-10-17
P1583,Shirley,Thompson,Doctor 45,2023-10-17
P1756,Frank,Morgan,Doctor 15,2023-10-17
P1776,Karen,Young,Doctor 19,2023-10-17
P1798,Jose,Cook,Doctor 31,2023-10-17
P1994,Virginia,Gomez,Doctor 24,2023-10-17
P1998,Deborah,Richardson,Doctor 38,2023-10-17
P2067,Alexander,Taylor,Doctor 36,2023-10-17
P2080,Benjamin,Nguyen,Doctor 38,2023-10-17
P2092,Brian,Myers,Doctor 42,2023-10-17
P2112,Linda,Wright,Doctor 47,2023-10-17
P2126,Andrew,Hughes,Doctor 47,2023-10-17
P2134,Anthony,Rogers,Doctor 10,2023-10-17
P0200,Ryan,Parker,Doctor 50,2023-10-18
P0337,Kevin,Hernandez,Doctor 1,2023-10-18
P0379,Nicholas,Rodriguez,Doctor 33,2023-10-18
P0408,Anthony,Hughes,Doctor 37,2023-10-18
P0483,Justin,Reyes,Doctor 42,2023-10-18
P0699,Ruth,Brooks,Doctor 37,2023-10-18
P0874,Linda,Lee,Doctor 6,2023-10-18
P0927,Steven,Robinson,Doctor 17,2023-10-18
P0934,Justin,Sanders,Doctor 47,2023-10-18
P0964,Karen,Rodriguez,Doctor 40,2023-10-18
P1019,Virginia,Martinez,Doctor 5,2023-10-18
P1105,Timothy,Miller,Doctor 35,2023-10-18
P1133,Karen,Ramos,Doctor 35,2023-10-18
P1198,Jacob,Thompson,Doctor 11,2023-10-18
P1359,Jack,Taylor,Doctor 49,2023-10-18
P1389,Barbara,Nguyen,Doctor 34,2023-10-18
P1398,Robert,Rogers,Doctor 8,2023-10-18
P1415,Mark,Rogers,Doctor 31,2023-10-18
P1451,Carol,Johnson,Doctor 28,2023-10-18
P1494,Sandra,Taylor,Doctor 6,2023-10-18
P1529,Nancy,Jones,Doctor 37,2023-10-18
P1583,Shirley,Thompson,Doctor 45,2023-10-18
P1727,Donald,Evans,Doctor 15,2023-10-18
P1762,Steven,Evans,Doctor 30,2023-10-18
P1908,Michael,Rodriguez,Doctor 22,2023-10-18
P1930,Melissa,Rodriguez,Doctor 39,2023-10-18
P1938,Jessica,Carter,Doctor 42,2023-10-18
P1939,Barbara,Mendoza,Doctor 44,2023-10-18
P2077,Carol,Perez,Doctor 20,2023-10-18
P2095,Richard,Wright,Doctor 49,2023-10-18
P0004,Susan,White,Doctor 13,2023-10-19
P0212,Sarah,Lopez,Doctor 50,2023-10-19
P0317,Sharon,Martin,Doctor 10,2023-10-19
P0323,Anthony,Phillips,Doctor 10,2023-10-19
P0334,Rebecca,Reed,Doctor 9,2023-10-19
P0367,Raymond,Flores,Doctor 13,2023-10-19
P0379,Nicholas,Rodriguez,Doctor 1,2023-10-19
P0399,Gregory,Bennett,Doctor 24,2023-10-19
P0595,Linda,Watson,Doctor 14,2023-10-19
P0596,Edward,Patel,Doctor 4,2023-10-19
P0640,Susan,Alvarez,Doctor 12,2023-10-19
P0729,Cynthia,Gutierrez,Doctor 38,2023-10-19
P0734,John,Thomas,Doctor 9,2023-10-19
P0771,Patrick,Lewis,Doctor 37,2023-10-19
P0816,William,Hall,Doctor 19,2023-10-19
P0836,Betty,Howard,Doctor 49,2023-10-19
P0975,Daniel,Cook,Doctor 26,2023-10-19
P0983,John,Bennett,Doctor 4,2023-10-19
P1019,Virginia,Martinez,Doctor 5,2023-10-19
P1054,Kimberly,Allen,Doctor 24,2023-10-19
P1074,Joshua,Rodriguez,Doctor 37,2023-10-19
P1100,Betty,Bennett,Doctor 50,2023-10-19
P1220,Kevin,Adams,Doctor 26,2023-10-19
P1274,Joseph,Perez,Doctor 16,2023-10-19
P1404,Dorothy,Diaz,Doctor 17,2023-10-19
P1446,Scott,Morris,Doctor 9,2023-10-19
P1569,William,Edwards,Doctor 16,2023-10-19
P1692,Michelle,Gomez,Doctor 42,2023-10-19
P1726,Larry,Hernandez,Doctor 2,2023-10-19
P1739,Aaron,Taylor,Doctor 3,2023-10-19
P1752,Nancy,Bennett,Doctor 23,2023-10-19
P1880,Donna,Bennett,Doctor 38,2023-10-19
P1916,Sarah,Brooks,Doctor 30,2023-10-19
P1919,Rebecca,Green,Doctor 21,2023-10-19
P1934,Lisa,Watson,Doctor 36,2023-10-19
P1993,Michelle,Morales,Doctor 34,2023-10-19
P2027,Thomas,Sanders,Doctor 30,2023-10-19
P2065,Brandon,Stewart,Doctor 46,2023-10-19
P2073,Jason,Peterson,Doctor 46,2023-10-19
P2099,Sarah,Parker,Doctor 47,2023-10-19
P2132,Barbara,Gutierrez,Doctor 6,2023-10-19
P2194,Samuel,Brown,Doctor 14,2023-10-19
P2233,Michelle,Richardson,Doctor 39,2023-10-19
P2291,Carol,Sanders,Doctor 50,2023-10-19
P2293,Elizabeth,King,Doctor 27,2023-10-19
P0087,Ryan,Nguyen,Doctor 30,2023-10-20
P0168,Angela,Phillips,Doctor 6,2023-10-20
P0243,Andrew,Clark,Doctor 3,2023-10-20
P0294,Barbara,Morgan,Doctor 31,2023-10-20
P0298,Brandon,Evans,Doctor 30,2023-10-20
P0406,Samuel,Hughes,Doctor 22,2023-10-20
P0412,Betty,Wright,Doctor 14,2023-10-20
P0484,Edward,Parker,Doctor 38,2023-10-20
P0556,Sharon,Mendoza,Doctor 20,2023-10-20
P0569,Sandra,Kelly,Doctor 17,2023-10-20
P0572,Linda,Jackson,Doctor 19,2023-10-20
P0587,Steven,Cooper,Doctor 2,2023-10-20
P0640,Susan,Alvarez,Doctor 12,2023-10-20
P0676,Anthony,Young,Doctor 30,2023-10-20
P0747,Karen,Hall,Doctor 45,2023-10-20
P0793,Linda,Gonzalez,Doctor 1,2023-10-20
P0830,Robert,Cooper,Doctor 48,2023-10-20
P0936,Sharon,Bailey,Doctor 1,2023-10-20
P0996,Deborah,Williams,Doctor 46,2023-10-20
P1016,Sandra,Ortiz,Doctor 50,2023-10-20
P1271,Daniel,Parker,Doctor 11,2023-10-20
P1276,Anthony,Diaz,Doctor 2,2023-10-20
P1387,Melissa,Morgan,Doctor 29,2023-10-20
P1410,Charles,Morales,Doctor 2,2023-10-20
P1416,Jason,Phillips,Doctor 6,2023-10-20
P1429,Elizabeth,Roberts,Doctor 21,2023-10-20
P1460,Amy,Rogers,Doctor 1,2023-10-20
P1772,Edward,Gonzalez,Doctor 41,2023-10-20
P1786,Raymond,Howard,Doctor 46,2023-10-20
P2019,Thomas,Watson,Doctor 21,2023-10-20
P2019,Thomas,Watson,Doctor 27,2023-10-20
P2054,Christopher,Clark,Doctor 24,2023-10-20
P2253,Andrew,Lee,Doctor 21,2023-10-20
P0047,Sharon,Anderson,Doctor 46,2023-10-21
P0185,Michelle,Reyes,Doctor 7,2023-10-21
P0244,Thomas,Richardson,Doctor 18,2023-10-21
P0351,Emma,Robinson,Doctor 38,2023-10-21
P0470,Dennis,Hill,Doctor 42,2023-10-21
P0528,Amy,Thompson,Doctor 17,2023-10-21
P0593,Sarah,Taylor,Doctor 22,2023-10-21
P0727,Gary,Mendoza,Doctor 44,2023-10-21
P0759,Sarah,Clark,Doctor 48,2023-10-21
P0772,Elizabeth,Morris,Doctor 31,2023-10-21
P0935,Donald,James,Doctor 6,2023-10-21
P0989,Ryan,Hill,Doctor 50,2023-10-21
P0996,Deborah,Williams,Doctor 44,2023-10-21
P1039,Virginia,Kelly,Doctor 1,2023-10-21
P1109,Thomas,Thomas,Doctor 44,2023-10-21
P1181,Thomas,Campbell,Doctor 29,2023-10-21
P1209,Jack,Patel,Doctor 20,2023-10-21
P1217,Michelle,Lewis,Doctor 39,2023-10-21
P1236,Carol,Lewis,Doctor 49,2023-10-21
P1260,Stephen,Morris,Doctor 50,2023-10-21
P1270,Sandra,Allen,Doctor 34,2023-10-21
P1351,Karen,Clark,Doctor 38,2023-10-21
P1435,Sarah,Myers,Doctor 37,2023-10-21
P1497,Edward,Price,Doctor 8,2023-10-21
P1602,Ronald,Gutierrez,Doctor 13,2023-10-21
P1622,Carol,Miller,Doctor 50,2023-10-21
P1851,Karen,Murphy,Doctor 49,2023-10-21
P1917,Deborah,Carter,Doctor 4,2023-10-21
P2026,James,Scott,Doctor 38,2023-10-21
P2026,James,Scott,Doctor 27,2023-10-21
P2139,William,Harris,Doctor 36,2023-10-21
P2246,Cynthia,Flores,Doctor 17,2023-10-21
P0168,Angela,Phillips,Doctor 22,2023-10-22
P0197,George,Chavez,Doctor 14,2023-10-22
P0213,Aaron,Clark,Doctor 11,2023-10-22
P0315,Gary,Patel,Doctor 23,2023-10-22
P0325,Barbara,James,Doctor 20,2023-10-22
P0351,Emma,Robinson,Doctor 24,2023-10-22
P0420,Emma,Patel,Doctor 17,2023-10-22
P0421,Frank,Williams,Doctor 9,2023-10-22
P0442,Gary,Wilson,Doctor 9,2023-10-22
P0466,Ronald,Hughes,Doctor 44,2023-10-22
P0524,Shirley,Roberts,Doctor 49,2023-10-22
P0784,Mary,Morgan,Doctor 25,2023-10-22
P0827,Justin,Torres,Doctor 31,2023-10-22
P0858,Lisa,Wilson,Doctor 12,2023-10-22
P0997,Samuel,Cooper,Doctor 7,2023-10-22
P0999,Thomas,Ruiz,Doctor 19,2023-10-22
P1044,Jonathan,Ramirez,Doctor 28,2023-10-22
P1092,John,Myers,Doctor 34,2023-10-22
P1202,Barbara,Martinez,Doctor 23,2023-10-22
P1274,Joseph,Perez,Doctor 35,2023-10-22
P1330,Sharon,Sanchez,Doctor 20,2023-10-22
P1341,Sharon,Baker,Doctor 40,2023-10-22
P1366,Christopher,Hughes,Doctor 50,2023-10-22
P1380,Carol,Wood,Doctor 32,2023-10-22
P1418,Mary,Castillo,Doctor 47,2023-10-22
P1469,Elizabeth,Harris,Doctor 28,2023-10-22
P1622,Carol,Miller,Doctor 16,2023-10-22
P1792,Nicholas,Rivera,Doctor 5,2023-10-22
P1808,Susan,Kelly,Doctor 50,2023-10-22
P1816,Donna,Hughes,Doctor 19,2023-10-22
P1853,Nicholas,Davis,Doctor 38,2023-10-22
P1855,Mark,Wright,Doctor 30,2023-10-22
P1896,Joseph,Brown,Doctor 50,2023-10-22
P1930,Melissa,Rodriguez,Doctor 19,2023-10-22
P1970,Jeffrey,Young,Doctor 14,2023-10-22
P1982,Ronald,Wood,Doctor 40,2023-10-22
P2039,Jonathan,Diaz,Doctor 36,2023-10-22
P2080,Benjamin,Nguyen,Doctor 29,2023-10-22
P2088,Jack,Hill,Doctor 36,2023-10-22
P2201,Anthony,Collins,Doctor 3,2023-10-22
P0076,Jessica,Sanders,Doctor 10,2023-10-23
P0107,Sharon,White,Doctor 13,2023-10-23
P0108,Kimberly,Gonzalez,Doctor 32,2023-10-23
P0237,Carol,Clark,Doctor 24,2023-10-23
P0276,Patrick,Clark,Doctor 44,2023-10-23
P0405,Laura,Richardson,Doctor 1,2023-10-23
P0419,Ruth,Carter,Doctor 14,2023-10-23
P0535,Mark,Green,Doctor 10,2023-10-23
P0686,Andrew,Price,Doctor 10,2023-10-23
P0791,Deborah,Gomez,Doctor 20,2023-10-23
P0868,Stephen,Perez,Doctor 30,2023-10-23
P0952,John,Morgan,Doctor 42,2023-10-23
P0986,Lisa,Murphy,Doctor 13,2023-10-23
P1026,Amy,Howard,Doctor 31,2023-10-23
P1038,Gary,Smith,Doctor 26,2023-10-23
P1100,Betty,Bennett,Doctor 42,2023-10-23
P1142,Jennifer,Sanchez,Doctor 24,2023-10-23
P1249,Betty,Cox,Doctor 44,2023-10-23
P1403,Emma,Rodriguez,Doctor 6,2023-10-23
P1431,Donald,Ramirez,Doctor 34,2023-10-23
P1516,Matthew,Miller,Doctor 33,2023-10-23
P1522,Laura,Howard,Doctor 14,2023-10-23
P1588,Stephen,Wood,Doctor 19,2023-10-23
P1613,Edward,Morris,Doctor 38,2023-10-23
P1781,Nicholas,Carter,Doctor 50,2023-10-23
P1870,Jessica,Cox,Doctor 14,2023-10-23
P1889,Jennifer,Hill,Doctor 24,2023-10-23
P1926,Patrick,Mitchell,Doctor 24,2023-10-23
P1960,Anthony,Nguyen,Doctor 43,2023-10-23
P1974,Jessica,Green,Doctor 45,2023-10-23
P1990,Lisa,Peterson,Doctor 4,2023-10-23
P2100,Nancy,Taylor,Doctor 33,2023-10-23
P2140,Charles,Morgan,Doctor 41,2023-10-23
P2221,Anthony,Gonzalez,Doctor 14,2023-10-23
P0083,Rebecca,Gray,Doctor 22,2023-10-24
P0174,Sandra,Price,Doctor 2,2023-10-24
P0382,Cynthia,Watson,Doctor 43,2023-10-24
P0454,Daniel,Young,Doctor 38,2023-10-24
P0476,Jessica,Smith,Doctor 23,2023-10-24
P0566,Mark,Lee,Doctor 1,2023-10-24
P0568,Jose,Roberts,Doctor 34,2023-10-24
P0607,Betty,Morris,Doctor 18,2023-10-24
P0789,Karen,Gutierrez,Doctor 26,2023-10-24
P0858,Lisa,Wilson,Doctor 31,2023-10-24
P0949,Joseph,Johnson,Doctor 1,2023-10-24
P1007,Jack,Ruiz,Doctor 36,2023-10-24
P1009,David,Gonzalez,Doctor 39,2023-10-24
P1385,Rebecca,Martinez,Doctor 18,2023-10-24
P1427,Nancy,Nelson,Doctor 13,2023-10-24
P1441,Steven,Castillo,Doctor 39,2023-10-24
P1492,Karen,Alvarez,Doctor 14,2023-10-24
P1548,Barbara,Lee,Doctor 12,2023-10-24
P1641,Donna,Miller,Doctor 8,2023-10-24
P1641,Donna,Miller,Doctor 27,2023-10-24
P1745,Ronald,Lopez,Doctor 37,2023-10-24
P1818,Jessica,Alvarez,Doctor 17,2023-10-24
P1878,Helen,Cooper,Doctor 38,2023-10-24
P1932,Deborah,Wood,Doctor 39,2023-10-24
P1941,Mary,Perez,Doctor 37,2023-10-24
P1950,Sharon,Evans,Doctor 40,2023-10-24
P1958,Daniel,Morales,Doctor 12,2023-10-24
P1972,Charles,Walker,Doctor 25,2023-10-24
P2106,Karen,Jones,Doctor 43,2023-10-24
P0080,Timothy,Jones,Doctor 45,2023-10-25
P0184,Donna,Edwards,Doctor 21,2023-10-25
P0247,Patricia,Thomas,Doctor 2,2023-10-25
P0410,Ryan,Morales,Doctor 42,2023-10-25
P0421,Frank,Williams,Doctor 22,2023-10-25
P0565,Steven,Gomez,Doctor 38,2023-10-25
P0694,Kimberly,Adams,Doctor 1,2023-10-25
P0698,Steven,Richardson,Doctor 36,2023-10-25
P0720,Nicholas,Torres,Doctor 14,2023-10-25
P0898,Sandra,Lopez,Doctor 14,2023-10-25
P0899,Jessica,King,Doctor 17,2023-10-25
P0933,Jeffrey,Diaz,Doctor 28,2023-10-25
P1073,Joseph,Diaz,Doctor 7,2023-10-25
P1194,Betty,Thomas,Doctor 11,2023-10-25
P1280,Jeffrey,Scott,Doctor 8,2023-10-25
P1288,David,Watson,Doctor 25,2023-10-25
P1321,Brenda,Howard,Doctor 41,2023-10-25
P1352,Raymond,Jackson,Doctor 3,2023-10-25
P1445,Susan,Parker,Doctor 21,2023-10-25
P1622,Carol,Miller,Doctor 16,2023-10-25
P1642,Angela,Johnson,Doctor 13,2023-10-25
P1660,Nancy,Gonzalez,Doctor 14,2023-10-25
P1732,Kimberly,Morales,Doctor 9,2023-10-25
P1783,Daniel,Myers,Doctor 44,2023-10-25
P1890,Matthew,Phillips,Doctor 41,2023-10-25
P1890,Matthew,Phillips,Doctor 41,2023-10-25
P1947,Patrick,Allen,Doctor 9,2023-10-25
P2159,Anna,Rodriguez,Doctor 42,2023-10-25
P2204,Sharon,Ortiz,Doctor 44,2023-10-25
P2229,Jonathan,White,Doctor 44,2023-10-25
P2270,Helen,Flores,Doctor 47,2023-10-25
P2285,Sandra,Reed,Doctor 11,2023-10-25
P0036,Jessica,Perez,Doctor 4,2023-10-26
P0125,Gary,Wright,Doctor 43,2023-10-26
P0249,Betty,Watson,Doctor 41,2023-10-26
P0405,Laura,Richardson,Doctor 3,2023-10-26
P0449,Carol,Harris,Doctor 13,2023-10-26
P0527,Barbara,Miller,Doctor 37,2023-10-26
P0545,Nicholas,Cooper,Doctor 11,2023-10-26
P0636,Gary,Mitchell,Doctor 41,2023-10-26
P0637,Mary,Taylor,Doctor 22,2023-10-26
P0717,Sharon,Miller,Doctor 30,2023-10-26
P0733,Justin,Ortiz,Doctor 2,2023-10-26
P0793,Linda,Gonzalez,Doctor 1,2023-10-26
P0871,Richard,Green,Doctor 37,2023-10-26
P0914,Raymond,Rodriguez,Doctor 4,2023-10-26
P0928,David,Edwards,Doctor 41,2023-10-26
P0933,Jeffrey,Diaz,Doctor 6,2023-10-26
P0980,Alexander,Cox,Doctor 38,2023-10-26
P1117,Angela,Wright,Doctor 4,2023-10-26
P1218,Donna,Gray,Doctor 38,2023-10-26
P1224,Laura,Rodriguez,Doctor 24,2023-10-26
P1244,Cynthia,Clark,Doctor 14,2023-10-26
P1343,Karen,Reyes,Doctor 37,2023-10-26
P1370,Joseph,Rodriguez,Doctor 45,2023-10-26
P1375,Brandon,Peterson,Doctor 45,2023-10-26
P1396,Jose,Stewart,Doctor 1,2023-10-26
P1567,Stephen,Edwards,Doctor 13,2023-10-26
P1583,Shirley,Thompson,Doctor 13,2023-10-26
P1608,Tyler,Lewis,Doctor 18,2023-10-26
P1675,Nancy,Nguyen,Doctor 50,2023-10-26
P1677,Joshua,Martin,Doctor 16,2023-10-26
P1694,Anthony,Campbell,Doctor 25,2023-10-26
P1745,Ronald,Lopez,Doctor 45,2023-10-26
P1776,Karen,Young,Doctor 29,2023-10-26
P1791,Dennis,Brown,Doctor 44,2023-10-26
P1880,Donna,Bennett,Doctor 38,2023-10-26
P1908,Michael,Rodriguez,Doctor 22,2023-10-26
P1946,Joseph,Bennett,Doctor 36,2023-10-26
P2009,Michelle,Diaz,Doctor 8,2023-10-26
P2147,Karen,Thompson,Doctor 8,2023-10-26
P2152,Christopher,Miller,Doctor 22,2023-10-26
P2244,Deborah,Ruiz,Doctor 19,2023-10-26
P0019,Donna,Brooks,Doctor 43,2023-10-27
P0089,Angela,Thomas,Doctor 44,2023-10-27
P0356,Aaron,Hill,Doctor 46,2023-10-27
P0432,Jeffrey,Ward,Doctor 40,2023-10-27
P0475,Jeffrey,Bennett,Doctor 20,2023-10-27
P0575,Laura,Ramirez,Doctor 30,2023-10-27
P0634,Michelle,Green,Doctor 18,2023-10-27
P0746,Edward,Williams,Doctor 35,2023-10-27
P0784,Mary,Morgan,Doctor 19,2023-10-27
P0859,Betty,Gonzalez,Doctor 17,2023-10-27
P0877,Dennis,Mitchell,Doctor 28,2023-10-27
P0883,Cynthia,Harris,Doctor 47,2023-10-27
P0948,Jessica,Ramirez,Doctor 10,2023-10-27
P0991,Jose,Howard,Doctor 43,2023-10-27
P1021,Donald,King,Doctor 19,2023-10-27
P1038,Gary,Smith,Doctor 43,2023-10-27
P1149,Dorothy,Wood,Doctor 13,2023-10-27
P1266,Deborah,Scott,Doctor 42,2023-10-27
P1358,David,Nguyen,Doctor 7,2023-10-27
P1435,Sarah,Myers,Doctor 37,2023-10-27
P1452,Jerry,Cook,Doctor 16,2023-10-27
P1552,Samuel,Ramos,Doctor 3,2023-10-27
P1731,Benjamin,Baker,Doctor 20,2023-10-27
P1740,Barbara,Johnson,Doctor 33,2023-10-27
P1835,Alexander,Williams,Doctor 34,2023-10-27
P1946,Joseph,Bennett,Doctor 23,2023-10-27
P1997,Justin,Ruiz,Doctor 34,2023-10-27
P2009,Michelle,Diaz,Doctor 38,2023-10-27
P2055,Kimberly,Alvarez,Doctor 39,2023-10-27
P2114,Jason,Morales,Doctor 4,2023-10-27
P2119,Brandon,Gutierrez,Doctor 7,2023-10-27
P2252,Michelle,Bailey,Doctor 13,2023-10-27
P2292,Robert,Morris,Doctor 4,2023-10-27
P0037,Virginia,Ramirez,Doctor 10,2023-10-28
P0171,Sharon,Davis,Doctor 8,2023-10-28
P0247,Patricia,Thomas,Doctor 2,2023-10-28
P0312,Jack,Cruz,Doctor 30,2023-10-28
P0349,Laura,Parker,Doctor 29,2023-10-28
P0368,Mary,Bennett,Doctor 20,2023-10-28
P0381,Barbara,Richardson,Doctor 26,2023-10-28
P0637,Mary,Taylor,Doctor 22,2023-10-28
P0725,Benjamin,Jackson,Doctor 33,2023-10-28
P0835,Helen,Rivera,Doctor 9,2023-10-28
P0844,Ronald,Carter,Doctor 10,2023-10-28
P0981,Mark,Nelson,Doctor 6,2023-10-28
P1075,Patrick,Jackson,Doctor 16,2023-10-28
P1085,Jessica,Cruz,Doctor 3,2023-10-28
P1112,Donna,Lopez,Doctor 18,2023-10-28
P1122,Scott,Wood,Doctor 45,2023-10-28
P1218,Donna,Gray,Doctor 50,2023-10-28
P1366,Christopher,Hughes,Doctor 13,2023-10-28
P1470,Ryan,Rogers,Doctor 36,2023-10-28
P1520,Dorothy,Ward,Doctor 50,2023-10-28
P1536,Kathleen,Brooks,Doctor 17,2023-10-28
P1593,Carol,Rogers,Doctor 24,2023-10-28
P1803,Nicholas,Martinez,Doctor 47,2023-10-28
P2019,Thomas,Watson,Doctor 25,2023-10-28
P2113,Angela,Adams,Doctor 35,2023-10-28
P2233,Michelle,Richardson,Doctor 39,2023-10-28
P2252,Michelle,Bailey,Doctor 30,2023-10-28
P0095,Alexander,Gray,Doctor 26,2023-10-29
P0175,Patricia,Allen,Doctor 18,2023-10-29
P0206,Carol,Nguyen,Doctor 18,2023-10-29
P0232,Laura,Cook,Doctor 42,2023-10-29
P0334,Rebecca,Reed,Doctor 13,2023-10-29
P0368,Mary,Bennett,Doctor 32,2023-10-29
P0374,Angela,Young,Doctor 46,2023-10-29
P0571,Anna,Clark,Doctor 12,2023-10-29
P0589,Sarah,Morris,Doctor 29,2023-10-29
P0711,Aaron,Jackson,Doctor 39,2023-10-29
P0813,Sandra,Brown,Doctor 46,2023-10-29
P0845,John,Ward,Doctor 45,2023-10-29
P0953,Cynthia,Wright,Doctor 39,2023-10-29
P0990,Helen,Adams,Doctor 1,2023-10-29
P0992,John,Kelly,Doctor 25,2023-10-29
P1073,Joseph,Diaz,Doctor 7,2023-10-29
P1111,Michael,Flores,Doctor 30,2023-10-29
P1138,Michelle,Clark,Doctor 47,2023-10-29
P1341,Sharon,Baker,Doctor 37,2023-10-29
P1399,Ronald,Flores,Doctor 46,2023-10-29
P1419,Aaron,Lopez,Doctor 25,2023-10-29
P1455,Jack,King,Doctor 37,2023-10-29
P1455,Jack,King,Doctor 37,2023-10-29
P1521,Shirley,Perez,Doctor 19,2023-10-29
P1564,Dorothy,Jones,Doctor 18,2023-10-29
P1602,Ronald,Gutierrez,Doctor 23,2023-10-29
P1604,Joshua,Lewis,Doctor 6,2023-10-29
P1619,Edward,Walker,Doctor 39,2023-10-29
P1623,Justin,Robinson,Doctor 35,2023-10-29
P1787,Nicholas,Scott,Doctor 4,2023-10-29
P1860,Sharon,Williams,Doctor 25,2023-10-29
P1919,Rebecca,Green,Doctor 19,2023-10-29
P1929,Donna,Mendoza,Doctor 10,2023-10-29
P2008,Amy,Baker,Doctor 4,2023-10-29
P2063,Ryan,Wilson,Doctor 50,2023-10-29
P2064,Mark,Baker,Doctor 8,2023-10-29
P2087,Mary,King,Doctor 46,2023-10-29
P2180,Jeffrey,Ruiz,Doctor 50,2023-10-29
P2299,Tyler,Hill,Doctor 13,2023-10-29
P0014,George,Miller,Doctor 49,2023-10-30
P0044,Ruth,Bennett,Doctor 38,2023-10-30
P0050,Laura,Lopez,Doctor 44,2023-10-30
P0061,Edward,Ramirez,Doctor 28,2023-10-30
P0107,Sharon,White,Doctor 46,2023-10-30
P0115,Kathleen,Perez,Doctor 10,2023-10-30
P0134,Carol,Carter,Doctor 20,2023-10-30
P0150,Andrew,Gray,Doctor 48,2023-10-30
P0203,Melissa,Davis,Doctor 1,2023-10-30
P0360,Charles,Taylor,Doctor 33,2023-10-30
P0369,Gary,Castillo,Doctor 34,2023-10-30
P0406,Samuel,Hughes,Doctor 42,2023-10-30
P0411,Mark,Hall,Doctor 35,2023-10-30
P0487,Amy,Peterson,Doctor 50,2023-10-30
P0523,Donna,Wilson,Doctor 18,2023-10-30
P0670,Kevin,Kelly,Doctor 48,2023-10-30
P0915,Jack,Roberts,Doctor 15,2023-10-30
P1124,James,Morales,Doctor 35,2023-10-30
P1193,Helen,Ramos,Doctor 42,2023-10-30
P1193,Helen,Ramos,Doctor 42,2023-10-30
P1216,Andrew,Thompson,Doctor 18,2023-10-30
P1269,Andrew,Smith,Doctor 6,2023-10-30
P1385,Rebecca,Martinez,Doctor 18,2023-10-30
P1423,David,Brooks,Doctor 45,2023-10-30
P1455,Jack,King,Doctor 22,2023-10-30
P1458,Robert,Rodriguez,Doctor 38,2023-10-30
P1483,Mark,Myers,Doctor 43,2023-10-30
P1484,Donald,Bailey,Doctor 2,2023-10-30
P1555,Eric,Green,Doctor 47,2023-10-30
P1604,Joshua,Lewis,Doctor 41,2023-10-30
P1655,Kenneth,Cooper,Doctor 9,2023-10-30
P1707,Joshua,Phillips,Doctor 23,2023-10-30
P1773,Eric,Sanchez,Doctor 11,2023-10-30
P1783,Daniel,Myers,Doctor 28,2023-10-30
P1877,Barbara,Morales,Doctor 15,2023-10-30
P1909,Christopher,Bailey,Doctor 9,2023-10-30
P1925,Tyler,Alvarez,Doctor 12,2023-10-30
P1959,Robert,Rivera,Doctor 9,2023-10-30
P1977,Shirley,Turner,Doctor 42,2023-10-30
P2061,Andrew,Reed,Doctor 1,2023-10-30
P2114,Jason,Morales,Doctor 4,2023-10-30
P0132,Kimberly,Harris,Doctor 32,2023-10-31
P0155,Nancy,Kelly,Doctor 20,2023-10-31
P0267,Jacob,Wilson,Doctor 30,2023-10-31
P0277,Kimberly,Castillo,Doctor 20,2023-10-31
P0352,Sandra,Ward,Doctor 31,2023-10-31
P0358,Mark,Mendoza,Doctor 26,2023-10-31
P0408,Anthony,Hughes,Doctor 37,2023-10-31
P0529,Helen,Morris,Doctor 28,2023-10-31
P0557,William,Mendoza,Doctor 18,2023-10-31
P0692,Ronald,Taylor,Doctor 28,2023-10-31
P0692,Ronald,Taylor,Doctor 28,2023-10-31
P0701,Anna,Cooper,Doctor 39,2023-10-31
P0722,Joshua,Campbell,Doctor 42,2023-10-31
P0895,Angela,Jackson,Doctor 34,2023-10-31
P0997,Samuel,Cooper,Doctor 10,2023-10-31
P1153,Gregory,Hill,Doctor 4,2023-10-31
P1156,Joshua,Johnson,Doctor 25,2023-10-31
P1204,Deborah,Wilson,Doctor 37,2023-10-31
P1310,Gary,Rogers,Doctor 8,2023-10-31
P1411,Larry,Hughes,Doctor 5,2023-10-31
P1416,Jason,Phillips,Doctor 10,2023-10-31
P1520,Dorothy,Ward,Doctor 50,2023-10-31
P1544,Laura,Robinson,Doctor 12,2023-10-31
P1575,Brenda,Ortiz,Doctor 32,2023-10-31
P1646,Susan,Lopez,Doctor 46,2023-10-31
P1689,Anna,Wright,Doctor 16,2023-10-31
P1757,Dennis,Bennett,Doctor 30,2023-10-31
P1773,Eric,Sanchez,Doctor 42,2023-10-31
P1809,Frank,Nguyen,Doctor 28,2023-10-31
P1913,Jeffrey,Peterson,Doctor 4,2023-10-31
P1921,Robert,Ramirez,Doctor 35,2023-10-31
P2139,William,Harris,Doctor 34,2023-10-31
P0031,Shirley,Hughes,Doctor 28,2023-11-01
P0164,Eric,Wood,Doctor 37,2023-11-01
P0218,Cynthia,Myers,Doctor 19,2023-11-01
P0364,Rebecca,Morgan,Doctor 6,2023-11-01
P0377,Carol,Reed,Doctor 38,2023-11-01
P0388,Deborah,Johnson,Doctor 18,2023-11-01
P0401,Larry,Kelly,Doctor 44,2023-11-01
P0404,Jeffrey,Alvarez,Doctor 45,2023-11-01
P0601,Kevin,Allen,Doctor 47,2023-11-01
P0667,Kenneth,Scott,Doctor 6,2023-11-01
P0813,Sandra,Brown,Doctor 35,2023-11-01
P0875,Melissa,Johnson,Doctor 47,2023-11-01
P0889,Daniel,Thompson,Doctor 30,2023-11-01
P0954,Linda,Gray,Doctor 25,2023-11-01
P1015,Edward,Brown,Doctor 18,2023-11-01
P1033,Eric,Johnson,Doctor 3,2023-11-01
P1435,Sarah,Myers,Doctor 41,2023-11-01
P1493,Christopher,James,Doctor 15,2023-11-01
P1572,Donna,Baker,Doctor 9,2023-11-01
P1618,Anthony,Kelly,Doctor 43,2023-11-01
P1806,Nancy,Diaz,Doctor 25,2023-11-01
P1906,Edward,Thomas,Doctor 49,2023-11-01
P2072,Amy,Allen,Doctor 20,2023-11-01
P2108,Edward,James,Doctor 5,2023-11-01
P2116,William,Kelly,Doctor 32,2023-11-01
P2145,Andrew,Murphy,Doctor 30,2023-11-01
P2149,Jack,Hall,Doctor 41,2023-11-01
P0190,Rebecca,Ramos,Doctor 27,2023-11-02
P0204,Deborah,Diaz,Doctor 39,2023-11-02
P0364,Rebecca,Morgan,Doctor 50,2023-11-02
P0410,Ryan,Morales,Doctor 42,2023-11-02
P0473,Jessica,Parker,Doctor 20,2023-11-02
P0493,Joseph,Stewart,Doctor 29,2023-11-02
P0505,Charles,Cook,Doctor 33,2023-11-02
P0620,Dennis,Martin,Doctor 3,2023-11-02
P0627,Melissa,King,Doctor 13,2023-11-02
P0863,Kimberly,Moore,Doctor 24,2023-11-02
P0882,Michelle,King,Doctor 36,2023-11-02
P0922,Carol,Cox,Doctor 47,2023-11-02
P0985,Justin,Smith,Doctor 5,2023-11-02
P1050,John,Lewis,Doctor 31,2023-11-02
P1329,William,Morales,Doctor 24,2023-11-02
P1378,Karen,Lee,Doctor 39,2023-11-02
P1390,Michael,Thomas,Doctor 31,2023-11-02
P1404,Dorothy,Diaz,Doctor 2,2023-11-02
P1459,Nancy,Garcia,Doctor 32,2023-11-02
P1471,Jacob,Nelson,Doctor 48,2023-11-02
P1513,Jennifer,Rogers,Doctor 16,2023-11-02
P1632,Frank,Allen,Doctor 37,2023-11-02
P1704,Robert,Gutierrez,Doctor 33,2023-11-02
P1794,Carol,Martin,Doctor 7,2023-11-02
P1830,John,Jackson,Doctor 26,2023-11-02
P1912,Daniel,Morris,Doctor 7,2023-11-02
P1924,Laura,Smith,Doctor 25,2023-11-02
P1956,Kenneth,Richardson,Doctor 44,2023-11-02
P1985,Carol,Brooks,Doctor 7,2023-11-02
P2075,Kevin,Smith,Doctor 2,2023-11-02
P2079,Lisa,Baker,Doctor 49,2023-11-02
P2235,James,Flores,Doctor 32,2023-11-02
P2235,James,Flores,Doctor 32,2023-11-02
P2242,Kathleen,Young,Doctor 49,2023-11-02
P2252,Michelle,Bailey,Doctor 30,2023-11-02
P2272,Helen,Gonzalez,Doctor 7,2023-11-02
P2301,Eric,Nguyen,Doctor 41,2023-11-02
P0083,Rebecca,Gray,Doctor 22,2023-11-03
P0100,Dennis,Chavez,Doctor 20,2023-11-03
P0403,Kevin,Campbell,Doctor 38,2023-11-03
P0638,Timothy,Moore,Doctor 35,2023-11-03
P0870,Alexander,Martinez,Doctor 25,2023-11-03
P1003,Stephen,Gutierrez,Doctor 43,2023-11-03
P1069,Ruth,Ramirez,Doctor 12,2023-11-03
P1153,Gregory,Hill,Doctor 4,2023-11-03
P1196,Jerry,Hall,Doctor 22,2023-11-03
P1419,Aaron,Lopez,Doctor 25,2023-11-03
P1466,Stephen,Howard,Doctor 4,2023-11-03
P1481,Joseph,Adams,Doctor 50,2023-11-03
P1498,Larry,Wilson,Doctor 17,2023-11-03
P1688,Jerry,Miller,Doctor 17,2023-11-03
P1877,Barbara,Morales,Doctor 20,2023-11-03
P2006,Jonathan,Collins,Doctor 6,2023-11-03
P2024,Samuel,Nguyen,Doctor 33,2023-11-03
P2074,Kevin,Phillips,Doctor 49,2023-11-03
P2084,Ryan,Robinson,Doctor 17,2023-11-03
P2123,Jessica,Watson,Doctor 11,2023-11-03
P0206,Carol,Nguyen,Doctor 18,2023-11-04
P0317,Sharon,Martin,Doctor 33,2023-11-04
P0395,Helen,Myers,Doctor 32,2023-11-04
P0453,Donna,Turner,Doctor 11,2023-11-04
P0495,Laura,Roberts,Doctor 28,2023-11-04
P0609,Samuel,Howard,Doctor 44,2023-11-04
P0686,Andrew,Price,Doctor 49,2023-11-04
P0793,Linda,Gonzalez,Doctor 37,2023-11-04
P0834,Donna,Collins,Doctor 3,2023-11-04
P0837,Patricia,Howard,Doctor 28,2023-11-04
P0926,Anna,Mendoza,Doctor 2,2023-11-04
P0939,Susan,Wood,Doctor 17,2023-11-04
P0956,Barbara,Chavez,Doctor 11,2023-11-04
P1012,Kevin,Jackson,Doctor 7,2023-11-04
P1026,Amy,Howard,Doctor 20,2023-11-04
P1043,Charles,Richardson,Doctor 9,2023-11-04
P1074,Joshua,Rodriguez,Doctor 37,2023-11-04
P1078,Jason,Mendoza,Doctor 20,2023-11-04
P1091,Gregory,Bailey,Doctor 28,2023-11-04
P1111,Michael,Flores,Doctor 26,2023-11-04
P1118,Jonathan,Flores,Doctor 29,2023-11-04
P1134,Alexander,Roberts,Doctor 38,2023-11-04
P1203,Jessica,Ruiz,Doctor 29,2023-11-04
P1236,Carol,Lewis,Doctor 4,2023-11-04
P1299,Edward,Taylor,Doctor 49,2023-11-04
P1305,Susan,Johnson,Doctor 46,2023-11-04
P1318,Frank,Martin,Doctor 37,2023-11-04
P1383,Deborah,Sanders,Doctor 1,2023-11-04
P1408,Nancy,Martin,Doctor 43,2023-11-04
P1457,David,Richardson,Doctor 45,2023-11-04
P1739,Aaron,Taylor,Doctor 30,2023-11-04
P1753,Sarah,Evans,Doctor 11,2023-11-04
P1819,Patrick,Campbell,Doctor 13,2023-11-04
P1918,Elizabeth,Cooper,Doctor 19,2023-11-04
P2074,Kevin,Phillips,Doctor 49,2023-11-04
P2092,Brian,Myers,Doctor 42,2023-11-04
P2114,Jason,Morales,Doctor 4,2023-11-04
P0004,Susan,White,Doctor 13,2023-11-05
P0010,James,Lopez,Doctor 3,2023-11-05
P0058,Kimberly,Green,Doctor 50,2023-11-05
P0204,Deborah,Diaz,Doctor 21,2023-11-05
P0253,Brandon,Sanders,Doctor 22,2023-11-05
P0320,Sarah,Thomas,Doctor 12,2023-11-05
P0364,Rebecca,Morgan,Doctor 50,2023-11-05
P0373,Lisa,Morgan,Doctor 35,2023-11-05
P0470,Dennis,Hill,Doctor 42,2023-11-05
P0517,Susan,Harris,Doctor 6,2023-11-05
P0635,Sandra,Parker,Doctor 27,2023-11-05
P0768,Jacob,Ramirez,Doctor 3,2023-11-05
P0879,Donna,Jones,Doctor 48,2023-11-05
P0930,Sharon,Smith,Doctor 45,2023-11-05
P1082,Joshua,Ortiz,Doctor 49,2023-11-05
P1101,Daniel,Johnson,Doctor 15,2023-11-05
P1144,Karen,Martinez,Doctor 19,2023-11-05
P1200,Aaron,Castillo,Doctor 33,2023-11-05
P1316,Carol,Mitchell,Doctor 14,2023-11-05
P1327,Deborah,Garcia,Doctor 35,2023-11-05
P1366,Christopher,Hughes,Doctor 38,2023-11-05
P1407,Elizabeth,Cook,Doctor 31,2023-11-05
P1429,Elizabeth,Roberts,Doctor 38,2023-11-05
P1691,Nicholas,Roberts,Doctor 14,2023-11-05
P1769,Kimberly,Walker,Doctor 38,2023-11-05
P1850,Sarah,Cruz,Doctor 15,2023-11-05
P1928,Joseph,Thompson,Doctor 15,2023-11-05
P1995,Aaron,Stewart,Doctor 46,2023-11-05
P1995,Aaron,Stewart,Doctor 8,2023-11-05
P2060,David,Lopez,Doctor 47,2023-11-05
P2083,Frank,Davis,Doctor 1,2023-11-05
P2096,Jack,Martinez,Doctor 18,2023-11-05
P2104,Nicholas,Murphy,Doctor 14,2023-11-05
P2115,Sandra,Ramos,Doctor 27,2023-11-05
P2209,Jonathan,Ward,Doctor 40,2023-11-05
P0128,Larry,Reyes,Doctor 18,2023-11-06
P0206,Carol,Nguyen,Doctor 40,2023-11-06
P0218,Cynthia,Myers,Doctor 19,2023-11-06
P0226,Dennis,Kelly,Doctor 33,2023-11-06
P0336,Laura,Rivera,Doctor 11,2023-11-06
P0461,Dennis,Alvarez,Doctor 46,2023-11-06
P0539,Joseph,Allen,Doctor 18,2023-11-06
P0571,Anna,Clark,Doctor 40,2023-11-06
P0571,Anna,Clark,Doctor 44,2023-11-06
P0719,Lisa,Richardson,Doctor 48,2023-11-06
P0914,Raymond,Rodriguez,Doctor 48,2023-11-06
P1104,Cynthia,Garcia,Doctor 10,2023-11-06
P1222,Deborah,Mitchell,Doctor 47,2023-11-06
P1289,Alexander,Brooks,Doctor 34,2023-11-06
P1401,Donna,Chavez,Doctor 38,2023-11-06
P1431,Donald,Ramirez,Doctor 21,2023-11-06
P1504,Melissa,Jackson,Doctor 7,2023-11-06
P1576,Linda,Turner,Doctor 27,2023-11-06
P1655,Kenneth,Cooper,Doctor 9,2023-11-06
P1668,Nancy,Gomez,Doctor 16,2023-11-06
P1793,James,Moore,Doctor 44,2023-11-06
P2107,Susan,Turner,Doctor 39,2023-11-06
P2125,Nicholas,Howard,Doctor 32,2023-11-06
P0064,Rebecca,Baker,Doctor 8,2023-11-07
P0140,John,Moore,Doctor 27,2023-11-07
P0402,Nancy,Gray,Doctor 35,2023-11-07
P0538,Jerry,Lewis,Doctor 2,2023-11-07
P0832,Edward,Lopez,Doctor 38,2023-11-07
P0918,Lisa,Lee,Doctor 5,2023-11-07
P0958,Alexander,Moore,Doctor 37,2023-11-07
P0994,Betty,Gomez,Doctor 35,2023-11-07
P1062,Melissa,Williams,Doctor 5,2023-11-07
P1087,Deborah,Peterson,Doctor 27,2023-11-07
P1196,Jerry,Hall,Doctor 7,2023-11-07
P1223,John,Gomez,Doctor 4,2023-11-07
P1283,Barbara,Evans,Doctor 34,2023-11-07
P1333,Frank,King,Doctor 37,2023-11-07
P1406,Andrew,James,Doctor 7,2023-11-07
P1553,Christopher,Campbell,Doctor 36,2023-11-07
P1570,Karen,Nelson,Doctor 3,2023-11-07
P1587,Rebecca,Garcia,Doctor 19,2023-11-07
P1661,Emma,Ramirez,Doctor 38,2023-11-07
P1671,Benjamin,Gray,Doctor 29,2023-11-07
P1937,Raymond,Garcia,Doctor 37,2023-11-07
P1946,Joseph,Bennett,Doctor 17,2023-11-07
P1989,Patrick,Rivera,Doctor 24,2023-11-07
P2036,Steven,Edwards,Doctor 20,2023-11-07
P2093,Rebecca,Taylor,Doctor 26,2023-11-07
P2222,Jerry,King,Doctor 28,2023-11-07
P0189,Jerry,Lopez,Doctor 35,2023-11-08
P0210,Karen,Jackson,Doctor 40,2023-11-08
P0277,Kimberly,Castillo,Doctor 9,2023-11-08
P0375,Betty,Lopez,Doctor 34,2023-11-08
P0637,Mary,Taylor,Doctor 22,2023-11-08
P0781,Sandra,Myers,Doctor 24,2023-11-08
P0912,Melissa,Thomas,Doctor 31,2023-11-08
P1081,Tyler,Myers,Doctor 48,2023-11-08
P1262,Sharon,Brown,Doctor 13,2023-11-08
P1367,Brandon,Lewis,Doctor 29,2023-11-08
P1451,Carol,Johnson,Doctor 28,2023-11-08
P1465,Michelle,Chavez,Doctor 29,2023-11-08
P1536,Kathleen,Brooks,Doctor 37,2023-11-08
P1595,Mark,Murphy,Doctor 2,2023-11-08
P1887,George,Garcia,Doctor 18,2023-11-08
P1918,Elizabeth,Cooper,Doctor 35,2023-11-08
P2011,Carol,Robinson,Doctor 35,2023-11-08
P2149,Jack,Hall,Doctor 41,2023-11-08
P2150,Ruth,Scott,Doctor 18,2023-11-08
P2157,Cynthia,Richardson,Doctor 21,2023-11-08
P0020,Lisa,Ramirez,Doctor 29,2023-11-09
P0158,Angela,Gonzalez,Doctor 10,2023-11-09
P0195,Nancy,Carter,Doctor 30,2023-11-09
P0247,Patricia,Thomas,Doctor 2,2023-11-09
P0380,Kimberly,Jones,Doctor 15,2023-11-09
P0416,Lisa,Ortiz,Doctor 12,2023-11-09
P0460,Richard,Hill,Doctor 23,2023-11-09
P0479,Joseph,Ortiz,Doctor 4,2023-11-09
P0528,Amy,Thompson,Doctor 23,2023-11-09
P0722,Joshua,Campbell,Doctor 38,2023-11-09
P0872,Sharon,Rogers,Doctor 48,2023-11-09
P0874,Linda,Lee,Doctor 5,2023-11-09
P0977,Patrick,James,Doctor 47,2023-11-09
P1014,Ruth,Wood,Doctor 9,2023-11-09
P1183,Sandra,Patel,Doctor 38,2023-11-09
P1200,Aaron,Castillo,Doctor 33,2023-11-09
P1228,Charles,Martinez,Doctor 18,2023-11-09
P1232,Anna,Williams,Doctor 48,2023-11-09
P1238,Kimberly,Baker,Doctor 33,2023-11-09
P1281,Mark,Perez,Doctor 28,2023-11-09
P1299,Edward,Taylor,Doctor 33,2023-11-09
P1413,Sarah,Carter,Doctor 12,2023-11-09
P1480,Helen,Garcia,Doctor 31,2023-11-09
P1498,Larry,Wilson,Doctor 32,2023-11-09
P1569,William,Edwards,Doctor 16,2023-11-09
P1592,Amy,Rivera,Doctor 11,2023-11-09
P1651,Susan,Watson,Doctor 34,2023-11-09
P1798,Jose,Cook,Doctor 25,2023-11-09
P1932,Deborah,Wood,Doctor 14,2023-11-09
P2045,Virginia,Diaz,Doctor 3,2023-11-09
P2120,Melissa,Kelly,Doctor 36,2023-11-09
P2290,Matthew,Rogers,Doctor 27,2023-11-09
P0154,Steven,Cook,Doctor 41,2023-11-10
P0169,Charles,Nelson,Doctor 2,2023-11-10
P0191,Michelle,Campbell,Doctor 40,2023-11-10
P0278,Kathleen,Davis,Doctor 30,2023-11-10
P0392,Andrew,Perez,Doctor 25,2023-11-10
P0413,Betty,Myers,Doctor 8,2023-11-10
P0555,Laura,Nelson,Doctor 38,2023-11-10
P0559,Sarah,Turner,Doctor 31,2023-11-10
P0601,Kevin,Allen,Doctor 47,2023-11-10
P0640,Susan,Alvarez,Doctor 22,2023-11-10
P0700,Brandon,Hernandez,Doctor 28,2023-11-10
P0746,Edward,Williams,Doctor 50,2023-11-10
P0978,Daniel,Cooper,Doctor 7,2023-11-10
P1137,Carol,Taylor,Doctor 8,2023-11-10
P1139,Karen,Brown,Doctor 30,2023-11-10
P1176,Brenda,Murphy,Doctor 20,2023-11-10
P1481,Joseph,Adams,Doctor 50,2023-11-10
P1483,Mark,Myers,Doctor 23,2023-11-10
P1506,Sharon,Reyes,Doctor 15,2023-11-10
P1567,Stephen,Edwards,Doctor 13,2023-11-10
P1641,Donna,Miller,Doctor 27,2023-11-10
P1715,Sandra,Baker,Doctor 20,2023-11-10
P1736,Sandra,Flores,Doctor 10,2023-11-10
P1827,Michelle,Castillo,Doctor 3,2023-11-10
P1835,Alexander,Williams,Doctor 2,2023-11-10
P1958,Daniel,Morales,Doctor 12,2023-11-10
P1984,Samuel,Wilson,Doctor 41,2023-11-10
P2005,Jerry,Evans,Doctor 12,2023-11-10
P2012,Sarah,King,Doctor 50,2023-11-10
P2031,Gregory,Wood,Doctor 11,2023-11-10
P2078,Linda,Nguyen,Doctor 23,2023-11-10
P2103,Anthony,Hill,Doctor 41,2023-11-10
P2118,Michael,Miller,Doctor 24,2023-11-10
P2167,Dennis,Clark,Doctor 16,2023-11-10
P2185,Jason,Ward,Doctor 10,2023-11-10
P2201,Anthony,Collins,Doctor 25,2023-11-10
P2227,Nancy,Parker,Doctor 33,2023-11-10
P2256,Jerry,Thomas,Doctor 15,2023-11-10
P2258,Edward,Perez,Doctor 12,2023-11-10
P2262,Melissa,Phillips,Doctor 24,2023-11-10
P0050,Laura,Lopez,Doctor 21,2023-11-11
P0195,Nancy,Carter,Doctor 18,2023-11-11
P0215,Cynthia,Brown,Doctor 13,2023-11-11
P0233,Justin,Gonzalez,Doctor 14,2023-11-11
P0246,Laura,Davis,Doctor 46,2023-11-11
P0261,Melissa,Anderson,Doctor 31,2023-11-11
P0369,Gary,Castillo,Doctor 28,2023-11-11
P0564,Brandon,Brooks,Doctor 22,2023-11-11
P0586,Michelle,Nelson,Doctor 26,2023-11-11
P0645,Scott,Clark,Doctor 29,2023-11-11
P0667,Kenneth,Scott,Doctor 6,2023-11-11
P0684,William,Moore,Doctor 43,2023-11-11
P0700,Brandon,Hernandez,Doctor 33,2023-11-11
P0759,Sarah,Clark,Doctor 47,2023-11-11
P0887,Sharon,Cox,Doctor 47,2023-11-11
P1190,Mary,Baker,Doctor 30,2023-11-11
P1221,Rebecca,Carter,Doctor 1,2023-11-11
P1224,Laura,Rodriguez,Doctor 50,2023-11-11
P1374,Alexander,Howard,Doctor 10,2023-11-11
P1381,Edward,Young,Doctor 31,2023-11-11
P1461,Angela,Ortiz,Doctor 49,2023-11-11
P1477,Sandra,Edwards,Doctor 5,2023-11-11
P1500,Carol,Gonzalez,Doctor 49,2023-11-11
P1572,Donna,Baker,Doctor 9,2023-11-11
P1614,Dennis,Cruz,Doctor 10,2023-11-11
P1821,Brenda,Roberts,Doctor 33,2023-11-11
P1900,Stephen,Cook,Doctor 33,2023-11-11
P1984,Samuel,Wilson,Doctor 8,2023-11-11
P2029,Shirley,Davis,Doctor 25,2023-11-11
P2112,Linda,Wright,Doctor 43,2023-11-11
P2146,George,Thompson,Doctor 49,2023-11-11
P2239,Ronald,Cook,Doctor 47,2023-11-11
P2286,Elizabeth,Ruiz,Doctor 18,2023-11-11
P0005,Andrew,Morris,Doctor 12,2023-11-12
P0009,Elizabeth,Johnson,Doctor 17,2023-11-12
P0013,Stephen,Castillo,Doctor 39,2023-11-12
P0027,Helen,Gomez,Doctor 36,2023-11-12
P0097,Benjamin,Diaz,Doctor 2,2023-11-12
P0150,Andrew,Gray,Doctor 48,2023-11-12
P0202,Amy,Martinez,Doctor 41,2023-11-12
P0252,Karen,Turner,Doctor 19,2023-11-12
P0262,Jeffrey,Miller,Doctor 41,2023-11-12
P0294,Barbara,Morgan,Doctor 24,2023-11-12
P0396,Donald,Smith,Doctor 7,2023-11-12
P0419,Ruth,Carter,Doctor 27,2023-11-12
P0455,Raymond,Brown,Doctor 41,2023-11-12
P0567,Ryan,Gutierrez,Doctor 20,2023-11-12
P0677,Benjamin,Turner,Doctor 24,2023-11-12
P0742,Ronald,Walker,Doctor 1,2023-11-12
P0748,Alexander,Lopez,Doctor 7,2023-11-12
P0827,Justin,Torres,Doctor 31,2023-11-12
P1077,Sarah,Flores,Doctor 17,2023-11-12
P1206,Kevin,Ortiz,Doctor 36,2023-11-12
P1287,Elizabeth,White,Doctor 3,2023-11-12
P1727,Donald,Evans,Doctor 5,2023-11-12
P1799,Dorothy,Watson,Doctor 14,2023-11-12
P1897,John,Mitchell,Doctor 35,2023-11-12
P1917,Deborah,Carter,Doctor 4,2023-11-12
P1974,Jessica,Green,Doctor 46,2023-11-12
P2039,Jonathan,Diaz,Doctor 36,2023-11-12
P2104,Nicholas,Murphy,Doctor 14,2023-11-12
P2200,Ruth,Hughes,Doctor 40,2023-11-12
P2210,Patrick,Hernandez,Doctor 10,2023-11-12
P2272,Helen,Gonzalez,Doctor 13,2023-11-12
P2298,Jessica,Peterson,Doctor 40,2023-11-12
P2300,Joseph,Morris,Doctor 18,2023-11-12
P0016,Nancy,Miller,Doctor 35,2023-11-13
P0132,Kimberly,Harris,Doctor 32,2023-11-13
P0165,Kimberly,James,Doctor 38,2023-11-13
P0335,William,White,Doctor 23,2023-11-13
P0344,Brandon,Phillips,Doctor 22,2023-11-13
P0385,Jacob,Collins,Doctor 27,2023-11-13
P0546,Robert,Phillips,Doctor 50,2023-11-13
P0631,Thomas,Harris,Doctor 38,2023-11-13
P0650,Melissa,Hill,Doctor 19,2023-11-13
P0682,Sarah,Young,Doctor 32,2023-11-13
P0758,Patrick,Ortiz,Doctor 44,2023-11-13
P0790,Gregory,Lewis,Doctor 28,2023-11-13
P0831,Sarah,Perez,Doctor 30,2023-11-13
P0851,Kimberly,Bailey,Doctor 3,2023-11-13
P0854,Sharon,Ramos,Doctor 11,2023-11-13
P0870,Alexander,Martinez,Doctor 22,2023-11-13
P0873,Cynthia,Thomas,Doctor 46,2023-11-13
P0880,Frank,Parker,Doctor 23,2023-11-13
P1011,Timothy,Flores,Doctor 21,2023-11-13
P1101,Daniel,Johnson,Doctor 7,2023-11-13
P1153,Gregory,Hill,Doctor 1,2023-11-13
P1217,Michelle,Lewis,Doctor 48,2023-11-13
P1246,Jeffrey,Jackson,Doctor 21,2023-11-13
P1270,Sandra,Allen,Doctor 20,2023-11-13
P1313,William,Smith,Doctor 27,2023-11-13
P1364,Justin,Kelly,Doctor 34,2023-11-13
P1402,Sarah,Bailey,Doctor 5,2023-11-13
P1490,Joseph,Anderson,Doctor 27,2023-11-13
P1963,Donna,Harris,Doctor 5,2023-11-13
P2168,Angela,Ramirez,Doctor 20,2023-11-13
P0041,Sarah,Morales,Doctor 41,2023-11-14
P0174,Sandra,Price,Doctor 2,2023-11-14
P0202,Amy,Martinez,Doctor 25,2023-11-14
P0422,Melissa,Flores,Doctor 7,2023-11-14
P0517,Susan,Harris,Doctor 6,2023-11-14
P0559,Sarah,Turner,Doctor 31,2023-11-14
P0676,Anthony,Young,Doctor 30,2023-11-14
P0908,Timothy,Thomas,Doctor 1,2023-11-14
P0911,Brenda,Hall,Doctor 6,2023-11-14
P0946,Sandra,Rivera,Doctor 26,2023-11-14
P0961,Dennis,Diaz,Doctor 9,2023-11-14
P0980,Alexander,Cox,Doctor 38,2023-11-14
P1087,Deborah,Peterson,Doctor 18,2023-11-14
P1115,Ruth,Gray,Doctor 19,2023-11-14
P1120,Melissa,Gutierrez,Doctor 45,2023-11-14
P1153,Gregory,Hill,Doctor 18,2023-11-14
P1193,Helen,Ramos,Doctor 42,2023-11-14
P1251,Sandra,Mitchell,Doctor 3,2023-11-14
P1313,William,Smith,Doctor 48,2023-11-14
P1355,Amy,Smith,Doctor 28,2023-11-14
P1363,Michael,Walker,Doctor 41,2023-11-14
P1468,Sandra,Bennett,Doctor 12,2023-11-14
P1489,Frank,Rodriguez,Doctor 30,2023-11-14
P1595,Mark,Murphy,Doctor 27,2023-11-14
P1730,Kathleen,Sanders,Doctor 29,2023-11-14
P1746,Betty,Cook,Doctor 38,2023-11-14
P1773,Eric,Sanchez,Doctor 49,2023-11-14
P1798,Jose,Cook,Doctor 25,2023-11-14
P1877,Barbara,Morales,Doctor 23,2023-11-14
P2262,Melissa,Phillips,Doctor 9,2023-11-14
P2276,Alexander,Anderson,Doctor 28,2023-11-14
P0012,Gregory,Ramos,Doctor 30,2023-11-15
P0058,Kimberly,Green,Doctor 38,2023-11-15
P0115,Kathleen,Perez,Doctor 31,2023-11-15
P0124,Kimberly,Sanchez,Doctor 42,2023-11-15
P0227,Sarah,White,Doctor 33,2023-11-15
P0241,Charles,White,Doctor 28,2023-11-15
P0418,Thomas,Gray,Doctor 12,2023-11-15
P0439,Jeffrey,Edwards,Doctor 27,2023-11-15
P0486,Michael,Campbell,Doctor 49,2023-11-15
P0543,Kevin,Garcia,Doctor 45,2023-11-15
P0709,Scott,Scott,Doctor 34,2023-11-15
P0717,Sharon,Miller,Doctor 30,2023-11-15
P0837,Patricia,Howard,Doctor 20,2023-11-15
P0838,James,Ortiz,Doctor 27,2023-11-15
P0873,Cynthia,Thomas,Doctor 1,2023-11-15
P0978,Daniel,Cooper,Doctor 7,2023-11-15
P1089,Donna,Garcia,Doctor 18,2023-11-15
P1100,Betty,Bennett,Doctor 42,2023-11-15
P1195,Melissa,Mendoza,Doctor 21,2023-11-15
P1210,Rebecca,Richardson,Doctor 13,2023-11-15
P1320,Lisa,Williams,Doctor 50,2023-11-15
P1417,Michael,Gray,Doctor 6,2023-11-15
P1478,Ronald,Wilson,Doctor 38,2023-11-15
P1590,Anthony,Johnson,Doctor 49,2023-11-15
P1644,Betty,Brown,Doctor 13,2023-11-15
P1719,Melissa,Evans,Doctor 8,2023-11-15
P1755,Eric,Peterson,Doctor 50,2023-11-15
P1813,Helen,Jackson,Doctor 21,2023-11-15
P1925,Tyler,Alvarez,Doctor 27,2023-11-15
P1941,Mary,Perez,Doctor 37,2023-11-15
P2074,Kevin,Phillips,Doctor 49,2023-11-15
P2103,Anthony,Hill,Doctor 41,2023-11-15
P2108,Edward,James,Doctor 5,2023-11-15
P0034,Andrew,Scott,Doctor 16,2023-11-16
P0089,Angela,Thomas,Doctor 44,2023-11-16
P0221,Eric,Torres,Doctor 31,2023-11-16
P0336,Laura,Rivera,Doctor 11,2023-11-16
P0365,Kenneth,Ramos,Doctor 38,2023-11-16
P0512,Christopher,Edwards,Doctor 35,2023-11-16
P0781,Sandra,Myers,Doctor 24,2023-11-16
P0786,Sarah,Chavez,Doctor 46,2023-11-16
P0786,Sarah,Chavez,Doctor 46,2023-11-16
P0919,Robert,Patel,Doctor 18,2023-11-16
P0931,Mary,Martin,Doctor 44,2023-11-16
P0969,Kenneth,Cook,Doctor 18,2023-11-16
P1095,Betty,Ortiz,Doctor 47,2023-11-16
P1199,Sandra,Robinson,Doctor 37,2023-11-16
P1215,Amy,Morgan,Doctor 47,2023-11-16
P1406,Andrew,James,Doctor 7,2023-11-16
P1412,Kathleen,Hall,Doctor 24,2023-11-16
P1444,Ronald,Smith,Doctor 40,2023-11-16
P1612,James,Edwards,Doctor 42,2023-11-16
P1669,Jose,Bennett,Doctor 33,2023-11-16
P1708,Kathleen,Campbell,Doctor 3,2023-11-16
P1740,Barbara,Johnson,Doctor 50,2023-11-16
P1985,Carol,Brooks,Doctor 7,2023-11-16
P2042,Brenda,King,Doctor 19,2023-11-16
P2068,Kimberly,Carter,Doctor 19,2023-11-16
P2158,James,Brown,Doctor 7,2023-11-16
P2233,Michelle,Richardson,Doctor 37,2023-11-16
P2242,Kathleen,Young,Doctor 31,2023-11-16
P0013,Stephen,Castillo,Doctor 45,2023-11-17
P0194,Nancy,Torres,Doctor 15,2023-11-17
P0499,Sharon,Stewart,Doctor 16,2023-11-17
P0513,Donna,Myers,Doctor 17,2023-11-17
P0558,Justin,Myers,Doctor 44,2023-11-17
P0664,Nancy,King,Doctor 5,2023-11-17
P0675,Dorothy,Campbell,Doctor 23,2023-11-17
P1043,Charles,Richardson,Doctor 22,2023-11-17
P1055,Gregory,Stewart,Doctor 39,2023-11-17
P1062,Melissa,Williams,Doctor 14,2023-11-17
P1297,Patricia,Brooks,Doctor 20,2023-11-17
P1377,Jonathan,Bennett,Doctor 1,2023-11-17
P1388,Nicholas,Rogers,Doctor 3,2023-11-17
P1519,Eric,Castillo,Doctor 21,2023-11-17
P1657,Timothy,Sanchez,Doctor 1,2023-11-17
P1671,Benjamin,Gray,Doctor 4,2023-11-17
P1745,Ronald,Lopez,Doctor 21,2023-11-17
P1819,Patrick,Campbell,Doctor 34,2023-11-17
P2048,Deborah,Young,Doctor 32,2023-11-17
P2100,Nancy,Taylor,Doctor 48,2023-11-17
P2100,Nancy,Taylor,Doctor 41,2023-11-17
P2109,Betty,Davis,Doctor 24,2023-11-17
P2258,Edward,Perez,Doctor 12,2023-11-17
P0190,Rebecca,Ramos,Doctor 27,2023-11-18
P0414,Helen,Edwards,Doctor 11,2023-11-18
P0429,Gregory,Chavez,Doctor 44,2023-11-18
P0518,Jacob,White,Doctor 12,2023-11-18
P0535,Mark,Green,Doctor 13,2023-11-18
P0570,Jacob,Mitchell,Doctor 44,2023-11-18
P0594,Jerry,Myers,Doctor 27,2023-11-18
P0632,Lisa,Bailey,Doctor 8,2023-11-18
P0671,Jessica,Morgan,Doctor 44,2023-11-18
P0935,Donald,James,Doctor 6,2023-11-18
P0954,Linda,Gray,Doctor 47,2023-11-18
P1011,Timothy,Flores,Doctor 26,2023-11-18
P1042,Gary,Alvarez,Doctor 44,2023-11-18
P1064,Shirley,Price,Doctor 16,2023-11-18
P1066,Alexander,Jones,Doctor 50,2023-11-18
P1099,Jacob,Garcia,Doctor 39,2023-11-18
P1140,Brenda,Lopez,Doctor 15,2023-11-18
P1211,Donna,Stewart,Doctor 21,2023-11-18
P1215,Amy,Morgan,Doctor 47,2023-11-18
P1287,Elizabeth,White,Doctor 25,2023-11-18
P1348,Jose,Mendoza,Doctor 20,2023-11-18
P1420,Helen,Lewis,Doctor 6,2023-11-18
P1636,Aaron,Gomez,Doctor 45,2023-11-18
P1647,William,Wood,Doctor 34,2023-11-18
P1705,Christopher,Young,Doctor 10,2023-11-18
P1724,Donald,Chavez,Doctor 24,2023-11-18
P1770,Justin,Green,Doctor 16,2023-11-18
P1875,Jack,Sanchez,Doctor 3,2023-11-18
P1910,Amy,Adams,Doctor 48,2023-11-18
P1957,Nicholas,Lee,Doctor 48,2023-11-18
P2070,Barbara,Perez,Doctor 25,2023-11-18
P2130,John,Rogers,Doctor 45,2023-11-18
P2164,Gregory,White,Doctor 6,2023-11-18
P2288,Frank,Sanchez,Doctor 12,2023-11-18
P2304,Brian,Evans,Doctor 39,2023-11-18
P0073,Nancy,Cruz,Doctor 37,2023-11-19
P0077,Laura,Williams,Doctor 33,2023-11-19
P0134,Carol,Carter,Doctor 2,2023-11-19
P0142,Emma,Castillo,Doctor 19,2023-11-19
P0301,Susan,Ramirez,Doctor 18,2023-11-19
P0331,Carol,Cook,Doctor 43,2023-11-19
P0351,Emma,Robinson,Doctor 40,2023-11-19
P0362,Helen,Sanders,Doctor 45,2023-11-19
P0372,Justin,Campbell,Doctor 33,2023-11-19
P0376,Ruth,Rivera,Doctor 25,2023-11-19
P0442,Gary,Wilson,Doctor 39,2023-11-19
P0572,Linda,Jackson,Doctor 6,2023-11-19
P0602,Daniel,Moore,Doctor 50,2023-11-19
P0848,Amy,Price,Doctor 38,2023-11-19
P0848,Amy,Price,Doctor 27,2023-11-19
P1039,Virginia,Kelly,Doctor 47,2023-11-19
P1062,Melissa,Williams,Doctor 20,2023-11-19
P1149,Dorothy,Wood,Doctor 3,2023-11-19
P1208,Christopher,Rivera,Doctor 28,2023-11-19
P1230,Ryan,Ortiz,Doctor 9,2023-11-19
P1395,Ronald,Lee,Doctor 47,2023-11-19
P1407,Elizabeth,Cook,Doctor 31,2023-11-19
P1436,Daniel,Campbell,Doctor 18,2023-11-19
P1508,Lisa,Allen,Doctor 38,2023-11-19
P1527,Anna,Cook,Doctor 10,2023-11-19
P1550,Michelle,Hall,Doctor 18,2023-11-19
P1560,Daniel,Ramirez,Doctor 30,2023-11-19
P1656,Mary,Price,Doctor 34,2023-11-19
P1704,Robert,Gutierrez,Doctor 33,2023-11-19
P1885,Jacob,Evans,Doctor 22,2023-11-19
P1994,Virginia,Gomez,Doctor 24,2023-11-19
P2030,David,Garcia,Doctor 49,2023-11-19
P2070,Barbara,Perez,Doctor 25,2023-11-19
P2156,Cynthia,Diaz,Doctor 43,2023-11-19
P2168,Angela,Ramirez,Doctor 20,2023-11-19
P2211,Jacob,Hughes,Doctor 50,2023-11-19
P0101,Nicholas,Wright,Doctor 10,2023-11-20
P0151,Matthew,Diaz,Doctor 40,2023-11-20
P0182,George,Kelly,Doctor 41,2023-11-20
P0500,Aaron,Nelson,Doctor 18,2023-11-20
P0517,Susan,Harris,Doctor 6,2023-11-20
P0623,Sharon,Price,Doctor 21,2023-11-20
P0627,Melissa,King,Doctor 41,2023-11-20
P0726,John,Robinson,Doctor 16,2023-11-20
P0750,Ruth,Chavez,Doctor 47,2023-11-20
P0859,Betty,Gonzalez,Doctor 17,2023-11-20
P0940,Richard,Lewis,Doctor 49,2023-11-20
P0966,Kimberly,Hughes,Doctor 26,2023-11-20
P0991,Jose,Howard,Doctor 30,2023-11-20
P1017,Melissa,Reed,Doctor 4,2023-11-20
P1055,Gregory,Stewart,Doctor 39,2023-11-20
P1094,Stephen,James,Doctor 28,2023-11-20
P1158,Rebecca,Murphy,Doctor 11,2023-11-20
P1267,Donna,Ruiz,Doctor 33,2023-11-20
P1358,David,Nguyen,Doctor 21,2023-11-20
P1366,Christopher,Hughes,Doctor 33,2023-11-20
P1385,Rebecca,Martinez,Doctor 18,2023-11-20
P1400,Michelle,Sanders,Doctor 28,2023-11-20
P1457,David,Richardson,Doctor 45,2023-11-20
P1611,Ronald,Jackson,Doctor 18,2023-11-20
P1726,Larry,Hernandez,Doctor 30,2023-11-20
P1734,Dorothy,Robinson,Doctor 1,2023-11-20
P1833,Barbara,Brown,Doctor 32,2023-11-20
P1838,Karen,Howard,Doctor 49,2023-11-20
P1988,Mary,Howard,Doctor 2,2023-11-20
P2085,Nancy,Scott,Doctor 17,2023-11-20
P2189,Emma,Martinez,Doctor 7,2023-11-20
P2192,Melissa,Hughes,Doctor 42,2023-11-20
P2198,Amy,Phillips,Doctor 32,2023-11-20
P2201,Anthony,Collins,Doctor 25,2023-11-20
P2263,Thomas,Gomez,Doctor 31,2023-11-20
P2297,Patrick,Turner,Doctor 6,2023-11-20
P0551,John,Ruiz,Doctor 24,2023-11-21
P0687,Jack,Miller,Doctor 41,2023-11-21
P0722,Joshua,Campbell,Doctor 38,2023-11-21
P0772,Elizabeth,Morris,Doctor 31,2023-11-21
P0829,Virginia,Torres,Doctor 19,2023-11-21
P0927,Steven,Robinson,Doctor 28,2023-11-21
P1026,Amy,Howard,Doctor 20,2023-11-21
P1032,Betty,Nguyen,Doctor 30,2023-11-21
P1069,Ruth,Ramirez,Doctor 12,2023-11-21
P1175,Sarah,Green,Doctor 20,2023-11-21
P1205,Amy,Patel,Doctor 3,2023-11-21
P1553,Christopher,Campbell,Doctor 8,2023-11-21
P1555,Eric,Green,Doctor 34,2023-11-21
P1671,Benjamin,Gray,Doctor 29,2023-11-21
P1807,Brian,Allen,Doctor 32,2023-11-21
P1878,Helen,Cooper,Doctor 32,2023-11-21
P1937,Raymond,Garcia,Doctor 46,2023-11-21
P1977,Shirley,Turner,Doctor 42,2023-11-21
P1989,Patrick,Rivera,Doctor 37,2023-11-21
P2180,Jeffrey,Ruiz,Doctor 50,2023-11-21
P0076,Jessica,Sanders,Doctor 2,2023-11-22
P0141,Virginia,Murphy,Doctor 21,2023-11-22
P0162,Jerry,Brooks,Doctor 39,2023-11-22
P0196,Anna,Bennett,Doctor 43,2023-11-22
P0226,Dennis,Kelly,Doctor 33,2023-11-22
P0263,Patrick,Myers,Doctor 47,2023-11-22
P0317,Sharon,Martin,Doctor 33,2023-11-22
P0486,Michael,Campbell,Doctor 49,2023-11-22
P0501,Elizabeth,Green,Doctor 16,2023-11-22
P0555,Laura,Nelson,Doctor 1,2023-11-22
P0575,Laura,Ramirez,Doctor 6,2023-11-22
P0666,Dennis,Roberts,Doctor 50,2023-11-22
P0797,Jack,Mendoza,Doctor 16,2023-11-22
P0819,Rebecca,Lopez,Doctor 23,2023-11-22
P0878,Daniel,Rivera,Doctor 26,2023-11-22
P0944,Matthew,Gray,Doctor 39,2023-11-22
P1042,Gary,Alvarez,Doctor 44,2023-11-22
P1115,Ruth,Gray,Doctor 13,2023-11-22
P1132,Mary,Cruz,Doctor 31,2023-11-22
P1334,Frank,Myers,Doctor 32,2023-11-22
P1380,Carol,Wood,Doctor 31,2023-11-22
P1500,Carol,Gonzalez,Doctor 8,2023-11-22
P1553,Christopher,Campbell,Doctor 24,2023-11-22
P1564,Dorothy,Jones,Doctor 13,2023-11-22
P1669,Jose,Bennett,Doctor 33,2023-11-22
P1679,Elizabeth,Wright,Doctor 8,2023-11-22
P1725,Larry,Rivera,Doctor 5,2023-11-22
P1785,Robert,Young,Doctor 30,2023-11-22
P1852,Mark,Brooks,Doctor 4,2023-11-22
P1860,Sharon,Williams,Doctor 25,2023-11-22
P1908,Michael,Rodriguez,Doctor 36,2023-11-22
P1979,Kimberly,Lopez,Doctor 13,2023-11-22
P1986,Jack,Wilson,Doctor 15,2023-11-22
P2051,Kimberly,Morgan,Doctor 50,2023-11-22
P2056,Betty,Jones,Doctor 7,2023-11-22
P2190,Joseph,Wright,Doctor 41,2023-11-22
P2193,Elizabeth,Hughes,Doctor 35,2023-11-22
P2214,Jason,Cox,Doctor 21,2023-11-22
P2224,Jack,Lopez,Doctor 16,2023-11-22
P0369,Gary,Castillo,Doctor 28,2023-11-23
P0461,Dennis,Alvarez,Doctor 46,2023-11-23
P0473,Jessica,Parker,Doctor 20,2023-11-23
P0628,Sarah,Baker,Doctor 30,2023-11-23
P0653,Thomas,Price,Doctor 29,2023-11-23
P0671,Jessica,Morgan,Doctor 44,2023-11-23
P0708,Lisa,Gomez,Doctor 44,2023-11-23
P0739,Brenda,Rogers,Doctor 26,2023-11-23
P0754,Deborah,Kelly,Doctor 8,2023-11-23
P0787,Nicholas,Castillo,Doctor 6,2023-11-23
P0932,Susan,Hernandez,Doctor 33,2023-11-23
P0944,Matthew,Gray,Doctor 40,2023-11-23
P0973,Kimberly,Bennett,Doctor 28,2023-11-23
P1041,Daniel,Hill,Doctor 43,2023-11-23
P1156,Joshua,Johnson,Doctor 25,2023-11-23
P1208,Christopher,Rivera,Doctor 28,2023-11-23
P1234,Joshua,Sanders,Doctor 15,2023-11-23
P1234,Joshua,Sanders,Doctor 15,2023-11-23
P1249,Betty,Cox,Doctor 7,2023-11-23
P1272,Joseph,Sanchez,Doctor 9,2023-11-23
P1276,Anthony,Diaz,Doctor 31,2023-11-23
P1350,Jason,Baker,Doctor 15,2023-11-23
P1700,Samuel,Wright,Doctor 42,2023-11-23
P1752,Nancy,Bennett,Doctor 23,2023-11-23
P1818,Jessica,Alvarez,Doctor 17,2023-11-23
P1857,Justin,Hughes,Doctor 4,2023-11-23
P2076,Ronald,Sanchez,Doctor 44,2023-11-23
P2104,Nicholas,Murphy,Doctor 40,2023-11-23
P2210,Patrick,Hernandez,Doctor 22,2023-11-23
P2218,Mary,Lee,Doctor 10,2023-11-23
P2226,Susan,Adams,Doctor 39,2023-11-23
P2268,Nancy,Patel,Doctor 39,2023-11-23
P0036,Jessica,Perez,Doctor 48,2023-11-24
P0080,Timothy,Jones,Doctor 45,2023-11-24
P0085,Anthony,Rodriguez,Doctor 36,2023-11-24
P0131,Jeffrey,Perez,Doctor 14,2023-11-24
P0197,George,Chavez,Doctor 11,2023-11-24
P0398,Nicholas,Diaz,Doctor 50,2023-11-24
P0495,Laura,Roberts,Doctor 34,2023-11-24
P0528,Amy,Thompson,Doctor 19,2023-11-24
P0531,Karen,Myers,Doctor 24,2023-11-24
P0790,Gregory,Lewis,Doctor 50,2023-11-24
P0944,Matthew,Gray,Doctor 6,2023-11-24
P0948,Jessica,Ramirez,Doctor 27,2023-11-24
P0974,Helen,Ramirez,Doctor 50,2023-11-24
P1047,Ruth,Murphy,Doctor 32,2023-11-24
P1084,Jessica,Bennett,Doctor 8,2023-11-24
P1151,Benjamin,Parker,Doctor 11,2023-11-24
P1154,Dennis,Lee,Doctor 11,2023-11-24
P1162,Jason,James,Doctor 18,2023-11-24
P1239,Timothy,Brown,Doctor 23,2023-11-24
P1934,Lisa,Watson,Doctor 36,2023-11-24
P2082,Steven,King,Doctor 4,2023-11-24
P2164,Gregory,White,Doctor 47,2023-11-24
P2199,Andrew,Thomas,Doctor 25,2023-11-24
P2230,Thomas,Carter,Doctor 10,2023-11-24
P2245,Aaron,Cook,Doctor 46,2023-11-24
P0016,Nancy,Miller,Doctor 30,2023-11-25
P0092,Lisa,Jones,Doctor 47,2023-11-25
P0126,Sarah,Gutierrez,Doctor 48,2023-11-25
P0160,Sandra,Smith,Doctor 37,2023-11-25
P0165,Kimberly,James,Doctor 39,2023-11-25
P0266,Joseph,Evans,Doctor 30,2023-11-25
P0329,Sarah,Reyes,Doctor 31,2023-11-25
P0394,Jessica,Cooper,Doctor 3,2023-11-25
P0500,Aaron,Nelson,Doctor 26,2023-11-25
P0576,Samuel,Ortiz,Doctor 16,2023-11-25
P0681,Gary,Adams,Doctor 40,2023-11-25
P1093,Dorothy,Murphy,Doctor 24,2023-11-25
P1132,Mary,Cruz,Doctor 31,2023-11-25
P1397,Gary,Torres,Doctor 36,2023-11-25
P1402,Sarah,Bailey,Doctor 5,2023-11-25
P1447,Thomas,Lewis,Doctor 49,2023-11-25
P1645,Andrew,Garcia,Doctor 29,2023-11-25
P1655,Kenneth,Cooper,Doctor 7,2023-11-25
P1670,Jennifer,Smith,Doctor 28,2023-11-25
P1927,Eric,Edwards,Doctor 35,2023-11-25
P1964,Patricia,Jones,Doctor 44,2023-11-25
P2006,Jonathan,Collins,Doctor 35,2023-11-25
P2047,Lisa,Wright,Doctor 5,2023-11-25
P2051,Kimberly,Morgan,Doctor 48,2023-11-25
P2176,Angela,Wilson,Doctor 7,2023-11-25
P0109,Justin,Allen,Doctor 33,2023-11-26
P0165,Kimberly,James,Doctor 39,2023-11-26
P0205,Jason,Lewis,Doctor 16,2023-11-26
P0214,Kenneth,Gomez,Doctor 18,2023-11-26
P0659,Jonathan,Peterson,Doctor 46,2023-11-26
P0675,Dorothy,Campbell,Doctor 44,2023-11-26
P0688,George,Williams,Doctor 17,2023-11-26
P0721,Sarah,Kelly,Doctor 38,2023-11-26
P0724,Ryan,Kelly,Doctor 15,2023-11-26
P0736,Jerry,Stewart,Doctor 50,2023-11-26
P0804,Barbara,Myers,Doctor 29,2023-11-26
P0841,Thomas,Robinson,Doctor 42,2023-11-26
P0959,Michelle,Morgan,Doctor 17,2023-11-26
P1115,Ruth,Gray,Doctor 9,2023-11-26
P1504,Melissa,Jackson,Doctor 27,2023-11-26
P1552,Samuel,Ramos,Doctor 25,2023-11-26
P1651,Susan,Watson,Doctor 34,2023-11-26
P1723,Donald,Lee,Doctor 16,2023-11-26
P1803,Nicholas,Martinez,Doctor 7,2023-11-26
P2032,Betty,Flores,Doctor 30,2023-11-26
P2069,Andrew,Mitchell,Doctor 13,2023-11-26
P2121,Jennifer,Jones,Doctor 15,2023-11-26
P0027,Helen,Gomez,Doctor 36,2023-11-27
P0062,Laura,Jones,Doctor 43,2023-11-27
P0144,Melissa,Alvarez,Doctor 27,2023-11-27
P0157,Aaron,Peterson,Doctor 45,2023-11-27
P0242,Sharon,Harris,Doctor 29,2023-11-27
P0301,Susan,Ramirez,Doctor 18,2023-11-27
P0353,Laura,Cox,Doctor 11,2023-11-27
P0436,Carol,Anderson,Doctor 21,2023-11-27
P0471,Samuel,Phillips,Doctor 29,2023-11-27
P0506,Joshua,Castillo,Doctor 2,2023-11-27
P0513,Donna,Myers,Doctor 17,2023-11-27
P0525,Timothy,King,Doctor 37,2023-11-27
P0591,Linda,Howard,Doctor 8,2023-11-27
P0689,Sandra,Bailey,Doctor 40,2023-11-27
P0845,John,Ward,Doctor 45,2023-11-27
P1033,Eric,Johnson,Doctor 8,2023-11-27
P1039,Virginia,Kelly,Doctor 26,2023-11-27
P1141,Donald,Brooks,Doctor 24,2023-11-27
P1144,Karen,Martinez,Doctor 2,2023-11-27
P1185,Donna,Robinson,Doctor 11,2023-11-27
P1243,Nancy,Campbell,Doctor 1,2023-11-27
P1260,Stephen,Morris,Doctor 50,2023-11-27
P1309,Jennifer,Lee,Doctor 50,2023-11-27
P1315,Ronald,Hall,Doctor 32,2023-11-27
P1432,Benjamin,Murphy,Doctor 7,2023-11-27
P1485,Timothy,Collins,Doctor 4,2023-11-27
P1521,Shirley,Perez,Doctor 19,2023-11-27
P1637,Shirley,Bailey,Doctor 10,2023-11-27
P1680,Tyler,King,Doctor 45,2023-11-27
P1770,Justin,Green,Doctor 20,2023-11-27
P1781,Nicholas,Carter,Doctor 28,2023-11-27
P1891,Carol,Hernandez,Doctor 12,2023-11-27
P1910,Amy,Adams,Doctor 49,2023-11-27
P2004,Kimberly,Chavez,Doctor 33,2023-11-27
P2008,Amy,Baker,Doctor 4,2023-11-27
P2017,Laura,Price,Doctor 50,2023-11-27
P2071,Michelle,Cooper,Doctor 45,2023-11-27
P2098,Betty,Sanders,Doctor 38,2023-11-27
P2160,Steven,Green,Doctor 34,2023-11-27
P2181,Robert,Harris,Doctor 14,2023-11-27
P2226,Susan,Adams,Doctor 50,2023-11-27
P2268,Nancy,Patel,Doctor 39,2023-11-27
P0037,Virginia,Ramirez,Doctor 10,2023-11-28
P0065,Betty,Robinson,Doctor 10,2023-11-28
P0171,Sharon,Davis,Doctor 3,2023-11-28
P0228,Charles,Patel,Doctor 40,2023-11-28
P0257,Elizabeth,Castillo,Doctor 25,2023-11-28
P0324,Nancy,Harris,Doctor 13,2023-11-28
P0623,Sharon,Price,Doctor 46,2023-11-28
P0647,Michelle,Cruz,Doctor 17,2023-11-28
P0679,Aaron,Brooks,Doctor 29,2023-11-28
P0971,Sharon,Morgan,Doctor 14,2023-11-28
P1012,Kevin,Jackson,Doctor 32,2023-11-28
P1061,Tyler,Stewart,Doctor 48,2023-11-28
P1149,Dorothy,Wood,Doctor 3,2023-11-28
P1287,Elizabeth,White,Doctor 25,2023-11-28
P1326,James,Robinson,Doctor 4,2023-11-28
P1445,Susan,Parker,Doctor 39,2023-11-28
P1452,Jerry,Cook,Doctor 28,2023-11-28
P1480,Helen,Garcia,Doctor 19,2023-11-28
P1484,Donald,Bailey,Doctor 2,2023-11-28
P1621,Deborah,Smith,Doctor 16,2023-11-28
P1640,Mark,Kelly,Doctor 18,2023-11-28
P1959,Robert,Rivera,Doctor 34,2023-11-28
P2120,Melissa,Kelly,Doctor 11,2023-11-28
P2170,Melissa,Smith,Doctor 38,2023-11-28
P2231,Frank,Ramirez,Doctor 7,2023-11-28
P2242,Kathleen,Young,Doctor 31,2023-11-28
P0046,Susan,Young,Doctor 47,2023-11-29
P0130,Jacob,Patel,Doctor 46,2023-11-29
P0240,Sandra,Richardson,Doctor 16,2023-11-29
P0437,Helen,Ward,Doctor 38,2023-11-29
P0480,Shirley,Clark,Doctor 23,2023-11-29
P0482,Steven,Scott,Doctor 3,2023-11-29
P0535,Mark,Green,Doctor 39,2023-11-29
P0563,Ruth,Morgan,Doctor 6,2023-11-29
P0596,Edward,Patel,Doctor 37,2023-11-29
P0618,Ruth,Howard,Doctor 34,2023-11-29
P0902,Elizabeth,Jones,Doctor 22,2023-11-29
P0923,Edward,Lee,Doctor 8,2023-11-29
P0966,Kimberly,Hughes,Doctor 26,2023-11-29
P1014,Ruth,Wood,Doctor 9,2023-11-29
P1096,Karen,Peterson,Doctor 17,2023-11-29
P1176,Brenda,Murphy,Doctor 20,2023-11-29
P1194,Betty,Thomas,Doctor 11,2023-11-29
P1259,Emma,Watson,Doctor 9,2023-11-29
P1290,Karen,Gomez,Doctor 4,2023-11-29
P1428,Ruth,Price,Doctor 5,2023-11-29
P1447,Thomas,Lewis,Doctor 49,2023-11-29
P1460,Amy,Rogers,Doctor 12,2023-11-29
P1476,Susan,Martin,Doctor 22,2023-11-29
P1485,Timothy,Collins,Doctor 44,2023-11-29
P1759,Stephen,Ramirez,Doctor 2,2023-11-29
P1768,Virginia,Parker,Doctor 39,2023-11-29
P1870,Jessica,Cox,Doctor 14,2023-11-29
P1971,Michael,Kim,Doctor 49,2023-11-29
P2015,Laura,Diaz,Doctor 30,2023-11-29
P2022,Michelle,Baker,Doctor 41,2023-11-29
P2142,Mary,Hughes,Doctor 38,2023-11-29
P2186,Joshua,Ruiz,Doctor 19,2023-11-29
P2302,Sarah,Allen,Doctor 16,2023-11-29
P0009,Elizabeth,Johnson,Doctor 17,2023-11-30
P0110,Deborah,Howard,Doctor 15,2023-11-30
P0187,Justin,Watson,Doctor 32,2023-11-30
P0323,Anthony,Phillips,Doctor 10,2023-11-30
P0408,Anthony,Hughes,Doctor 19,2023-11-30
P0794,Patrick,Mendoza,Doctor 46,2023-11-30
P0842,Jonathan,Alvarez,Doctor 33,2023-11-30
P0993,David,Myers,Doctor 3,2023-11-30
P1004,Jonathan,Allen,Doctor 22,2023-11-30
P1015,Edward,Brown,Doctor 1,2023-11-30
P1068,David,Anderson,Doctor 19,2023-11-30
P1090,Charles,Carter,Doctor 40,2023-11-30
P1113,Helen,Brown,Doctor 7,2023-11-30
P1181,Thomas,Campbell,Doctor 48,2023-11-30
P1242,Ronald,Harris,Doctor 17,2023-11-30
P1265,Emma,Sanchez,Doctor 46,2023-11-30
P1272,Joseph,Sanchez,Doctor 9,2023-11-30
P1306,Emma,Gray,Doctor 25,2023-11-30
P1363,Michael,Walker,Doctor 12,2023-11-30
P1433,Cynthia,Mitchell,Doctor 7,2023-11-30
P1491,Mark,Sanders,Doctor 38,2023-11-30
P1518,Mary,Roberts,Doctor 36,2023-11-30
P1627,Thomas,Howard,Doctor 40,2023-11-30
P1703,Sandra,Hall,Doctor 34,2023-11-30
P1711,Robert,Cruz,Doctor 23,2023-11-30
P1833,Barbara,Brown,Doctor 14,2023-11-30
P2068,Kimberly,Carter,Doctor 14,2023-11-30
P2177,Timothy,Hill,Doctor 15,2023-11-30
P2205,Matthew,Davis,Doctor 19,2023-11-30
P2207,Karen,Smith,Doctor 26,2023-11-30
P2209,Jonathan,Ward,Doctor 42,2023-11-30
P2215,Sarah,Gomez,Doctor 25,2023-11-30
P2234,Frank,Bennett,Doctor 8,2023-11-30
P2305,Helen,Young,Doctor 50,2023-11-30
P0042,Susan,Williams,Doctor 21,2023-12-01
P0106,Steven,Ortiz,Doctor 24,2023-12-01
P0378,Larry,Moore,Doctor 10,2023-12-01
P0558,Justin,Myers,Doctor 22,2023-12-01
P0636,Gary,Mitchell,Doctor 41,2023-12-01
P0888,Jonathan,Williams,Doctor 34,2023-12-01
P0975,Daniel,Cook,Doctor 12,2023-12-01
P0975,Daniel,Cook,Doctor 45,2023-12-01
P0998,Kimberly,Mendoza,Doctor 48,2023-12-01
P1131,Sarah,Miller,Doctor 20,2023-12-01
P1256,Kevin,Edwards,Doctor 38,2023-12-01
P1261,Joshua,Clark,Doctor 6,2023-12-01
P1280,Jeffrey,Scott,Doctor 8,2023-12-01
P1284,Larry,Castillo,Doctor 50,2023-12-01
P1291,Brian,Campbell,Doctor 43,2023-12-01
P1405,Jessica,Nguyen,Doctor 24,2023-12-01
P1442,Matthew,Castillo,Doctor 49,2023-12-01
P1476,Susan,Martin,Doctor 6,2023-12-01
P1509,Sarah,Smith,Doctor 41,2023-12-01
P1574,Carol,Howard,Doctor 12,2023-12-01
P1624,Carol,Price,Doctor 23,2023-12-01
P1682,Anna,Nelson,Doctor 49,2023-12-01
P1878,Helen,Cooper,Doctor 10,2023-12-01
P1929,Donna,Mendoza,Doctor 10,2023-12-01
P1931,Ruth,Campbell,Doctor 45,2023-12-01
P2095,Richard,Wright,Doctor 11,2023-12-01
P2117,Gary,Johnson,Doctor 7,2023-12-01
P0142,Emma,Castillo,Doctor 48,2023-12-02
P0174,Sandra,Price,Doctor 2,2023-12-02
P0175,Patricia,Allen,Doctor 33,2023-12-02
P0294,Barbara,Morgan,Doctor 24,2023-12-02
P0482,Steven,Scott,Doctor 37,2023-12-02
P0505,Charles,Cook,Doctor 1,2023-12-02
P0536,Larry,Howard,Doctor 49,2023-12-02
P0538,Jerry,Lewis,Doctor 49,2023-12-02
P0546,Robert,Phillips,Doctor 50,2023-12-02
P0552,Patrick,Ruiz,Doctor 44,2023-12-02
P0573,Mary,Harris,Doctor 40,2023-12-02
P0629,Linda,Reed,Doctor 8,2023-12-02
P0631,Thomas,Harris,Doctor 38,2023-12-02
P0678,Jerry,Moore,Doctor 22,2023-12-02
P0771,Patrick,Lewis,Doctor 23,2023-12-02
P0819,Rebecca,Lopez,Doctor 16,2023-12-02
P0896,Laura,Jackson,Doctor 32,2023-12-02
P0936,Sharon,Bailey,Doctor 46,2023-12-02
P0987,Timothy,Gray,Doctor 13,2023-12-02
P1039,Virginia,Kelly,Doctor 37,2023-12-02
P1154,Dennis,Lee,Doctor 11,2023-12-02
P1171,Dennis,Peterson,Doctor 21,2023-12-02
P1202,Barbara,Martinez,Doctor 23,2023-12-02
P1226,Sarah,Howard,Doctor 24,2023-12-02
P1382,Daniel,Taylor,Doctor 28,2023-12-02
P1415,Mark,Rogers,Doctor 46,2023-12-02
P1501,Angela,Carter,Doctor 22,2023-12-02
P1512,Joshua,Lopez,Doctor 32,2023-12-02
P1545,Samuel,Torres,Doctor 4,2023-12-02
P1600,Jack,Morales,Doctor 25,2023-12-02
P1624,Carol,Price,Doctor 23,2023-12-02
P1705,Christopher,Young,Doctor 10,2023-12-02
P1748,Aaron,Hughes,Doctor 23,2023-12-02
P1829,Dennis,Brooks,Doctor 48,2023-12-02
P1906,Edward,Thomas,Doctor 49,2023-12-02
P1984,Samuel,Wilson,Doctor 8,2023-12-02
P2041,Amy,Kim,Doctor 33,2023-12-02
P2150,Ruth,Scott,Doctor 18,2023-12-02
P2152,Christopher,Miller,Doctor 32,2023-12-02
P2202,Jennifer,Cox,Doctor 5,2023-12-02
P0025,Jessica,Cook,Doctor 9,2023-12-03
P0056,Charles,Clark,Doctor 2,2023-12-03
P0262,Jeffrey,Miller,Doctor 4,2023-12-03
P0278,Kathleen,Davis,Doctor 40,2023-12-03
P0303,Gregory,Flores,Doctor 32,2023-12-03
P0508,Steven,Phillips,Doctor 26,2023-12-03
P0654,Sandra,Sanchez,Doctor 8,2023-12-03
P0670,Kevin,Kelly,Doctor 48,2023-12-03
P0714,Samuel,Ruiz,Doctor 9,2023-12-03
P0732,Kenneth,Morris,Doctor 43,2023-12-03
P0763,Jose,Hughes,Doctor 29,2023-12-03
P0827,Justin,Torres,Doctor 41,2023-12-03
P0857,Richard,Martinez,Doctor 27,2023-12-03
P1046,Charles,Diaz,Doctor 50,2023-12-03
P1102,Ryan,Peterson,Doctor 22,2023-12-03
P1187,Ruth,Patel,Doctor 49,2023-12-03
P1363,Michael,Walker,Doctor 48,2023-12-03
P1559,Kathleen,Garcia,Doctor 2,2023-12-03
P1648,Alexander,Wilson,Doctor 9,2023-12-03
P1684,Virginia,Gonzalez,Doctor 39,2023-12-03
P1781,Nicholas,Carter,Doctor 22,2023-12-03
P1823,Ruth,Collins,Doctor 31,2023-12-03
P1877,Barbara,Morales,Doctor 27,2023-12-03
P1929,Donna,Mendoza,Doctor 6,2023-12-03
P1970,Jeffrey,Young,Doctor 37,2023-12-03
P2172,Patricia,White,Doctor 37,2023-12-03
P2177,Timothy,Hill,Doctor 15,2023-12-03
P2265,Edward,Allen,Doctor 38,2023-12-03
P2288,Frank,Sanchez,Doctor 12,2023-12-03
P0044,Ruth,Bennett,Doctor 44,2023-12-04
P0153,Eric,Bailey,Doctor 48,2023-12-04
P0159,Donna,Reed,Doctor 19,2023-12-04
P0234,Stephen,Brown,Doctor 27,2023-12-04
P0244,Thomas,Richardson,Doctor 18,2023-12-04
P0384,Laura,Patel,Doctor 37,2023-12-04
P0635,Sandra,Parker,Doctor 44,2023-12-04
P0752,Brian,Diaz,Doctor 17,2023-12-04
P0840,David,Miller,Doctor 30,2023-12-04
P1005,Laura,Sanchez,Doctor 32,2023-12-04
P1009,David,Gonzalez,Doctor 19,2023-12-04
P1114,Charles,Scott,Doctor 10,2023-12-04
P1136,Melissa,Jones,Doctor 34,2023-12-04
P1166,Ruth,Reed,Doctor 6,2023-12-04
P1168,Sharon,Clark,Doctor 4,2023-12-04
P1177,Jason,Wilson,Doctor 48,2023-12-04
P1254,Virginia,Evans,Doctor 45,2023-12-04
P1290,Karen,Gomez,Doctor 2,2023-12-04
P1303,Linda,Kelly,Doctor 49,2023-12-04
P1423,David,Brooks,Doctor 34,2023-12-04
P1537,Laura,Wilson,Doctor 34,2023-12-04
P1587,Rebecca,Garcia,Doctor 2,2023-12-04
P1603,Donna,Murphy,Doctor 28,2023-12-04
P1736,Sandra,Flores,Doctor 10,2023-12-04
P1754,Jacob,Chavez,Doctor 27,2023-12-04
P1770,Justin,Green,Doctor 8,2023-12-04
P1815,Brian,Taylor,Doctor 30,2023-12-04
P1837,Justin,Roberts,Doctor 13,2023-12-04
P1907,Melissa,Bennett,Doctor 22,2023-12-04
P2099,Sarah,Parker,Doctor 14,2023-12-04
P0107,Sharon,White,Doctor 46,2023-12-05
P0310,Robert,Myers,Doctor 23,2023-12-05
P0392,Andrew,Perez,Doctor 25,2023-12-05
P0552,Patrick,Ruiz,Doctor 15,2023-12-05
P0575,Laura,Ramirez,Doctor 21,2023-12-05
P0728,Jennifer,Roberts,Doctor 4,2023-12-05
P0891,Raymond,Evans,Doctor 3,2023-12-05
P0897,Sharon,Carter,Doctor 40,2023-12-05
P0920,Sarah,Jones,Doctor 42,2023-12-05
P1049,Tyler,Mendoza,Doctor 37,2023-12-05
P1055,Gregory,Stewart,Doctor 40,2023-12-05
P1111,Michael,Flores,Doctor 22,2023-12-05
P1191,Ronald,Bailey,Doctor 12,2023-12-05
P1214,Dennis,Howard,Doctor 37,2023-12-05
P1249,Betty,Cox,Doctor 18,2023-12-05
P1266,Deborah,Scott,Doctor 42,2023-12-05
P1383,Deborah,Sanders,Doctor 1,2023-12-05
P1397,Gary,Torres,Doctor 24,2023-12-05
P1438,Lisa,Garcia,Doctor 7,2023-12-05
P1603,Donna,Murphy,Doctor 22,2023-12-05
P1643,Jerry,Phillips,Doctor 15,2023-12-05
P1783,Daniel,Myers,Doctor 45,2023-12-05
P1834,Helen,Roberts,Doctor 19,2023-12-05
P2025,Jennifer,Ortiz,Doctor 38,2023-12-05
P2046,Gary,Phillips,Doctor 20,2023-12-05
P2072,Amy,Allen,Doctor 39,2023-12-05
P2178,Jacob,Miller,Doctor 3,2023-12-05
P2200,Ruth,Hughes,Doctor 34,2023-12-05
P2242,Kathleen,Young,Doctor 31,2023-12-05
P2266,Alexander,Phillips,Doctor 13,2023-12-05
P2291,Carol,Sanders,Doctor 50,2023-12-05
P0095,Alexander,Gray,Doctor 26,2023-12-06
P0331,Carol,Cook,Doctor 26,2023-12-06
P0378,Larry,Moore,Doctor 10,2023-12-06
P0387,Sandra,Thomas,Doctor 3,2023-12-06
P0501,Elizabeth,Green,Doctor 16,2023-12-06
P0515,Lisa,Martinez,Doctor 4,2023-12-06
P0639,Elizabeth,Ramos,Doctor 35,2023-12-06
P0774,Nancy,Collins,Doctor 37,2023-12-06
P0884,Thomas,Stewart,Doctor 47,2023-12-06
P0952,John,Morgan,Doctor 42,2023-12-06
P0962,Nancy,Price,Doctor 24,2023-12-06
P1002,Sharon,Thomas,Doctor 40,2023-12-06
P1223,John,Gomez,Doctor 4,2023-12-06
P1312,Dennis,Cooper,Doctor 15,2023-12-06
P1353,Betty,Cruz,Doctor 5,2023-12-06
P1450,Charles,Rodriguez,Doctor 46,2023-12-06
P1602,Ronald,Gutierrez,Doctor 23,2023-12-06
P1618,Anthony,Kelly,Doctor 44,2023-12-06
P1644,Betty,Brown,Doctor 38,2023-12-06
P1691,Nicholas,Roberts,Doctor 14,2023-12-06
P1865,Sarah,Reed,Doctor 40,2023-12-06
P1872,Kevin,Hill,Doctor 39,2023-12-06
P1875,Jack,Sanchez,Doctor 50,2023-12-06
P2159,Anna,Rodriguez,Doctor 42,2023-12-06
P2192,Melissa,Hughes,Doctor 42,2023-12-06
P2203,Ruth,Morris,Doctor 13,2023-12-06
P2282,Joseph,Hall,Doctor 14,2023-12-06
P2287,Ronald,Brown,Doctor 35,2023-12-06
P0025,Jessica,Cook,Doctor 9,2023-12-07
P0084,Shirley,Rivera,Doctor 23,2023-12-07
P0177,Alexander,Torres,Doctor 32,2023-12-07
P0315,Gary,Patel,Doctor 43,2023-12-07
P0369,Gary,Castillo,Doctor 28,2023-12-07
P0400,Brenda,Sanders,Doctor 44,2023-12-07
P0434,Patricia,Gonzalez,Doctor 39,2023-12-07
P0462,Daniel,Nelson,Doctor 39,2023-12-07
P0469,Jacob,Perez,Doctor 39,2023-12-07
P0652,Scott,Collins,Doctor 36,2023-12-07
P0667,Kenneth,Scott,Doctor 6,2023-12-07
P0704,Linda,Gomez,Doctor 2,2023-12-07
P0754,Deborah,Kelly,Doctor 29,2023-12-07
P0779,George,Ortiz,Doctor 15,2023-12-07
P0811,Jack,Castillo,Doctor 25,2023-12-07
P0833,Benjamin,Wright,Doctor 46,2023-12-07
P0865,Brian,Anderson,Doctor 33,2023-12-07
P0865,Brian,Anderson,Doctor 45,2023-12-07
P0880,Frank,Parker,Doctor 34,2023-12-07
P0883,Cynthia,Harris,Doctor 47,2023-12-07
P0954,Linda,Gray,Doctor 47,2023-12-07
P0980,Alexander,Cox,Doctor 38,2023-12-07
P1027,Jack,Myers,Doctor 21,2023-12-07
P1049,Tyler,Mendoza,Doctor 37,2023-12-07
P1182,Betty,Harris,Doctor 25,2023-12-07
P1291,Brian,Campbell,Doctor 35,2023-12-07
P1293,Donna,Cox,Doctor 28,2023-12-07
P1317,Steven,Flores,Doctor 28,2023-12-07
P1470,Ryan,Rogers,Doctor 36,2023-12-07
P1474,Kathleen,White,Doctor 40,2023-12-07
P1487,Jose,Lewis,Doctor 44,2023-12-07
P1593,Carol,Rogers,Doctor 48,2023-12-07
P1611,Ronald,Jackson,Doctor 40,2023-12-07
P1639,Patrick,Rodriguez,Doctor 1,2023-12-07
P1645,Andrew,Garcia,Doctor 9,2023-12-07
P1752,Nancy,Bennett,Doctor 23,2023-12-07
P1882,Jacob,Rivera,Doctor 45,2023-12-07
P1996,Justin,Ward,Doctor 18,2023-12-07
P2140,Charles,Morgan,Doctor 41,2023-12-07
P2150,Ruth,Scott,Doctor 45,2023-12-07
P2216,Sarah,Kim,Doctor 48,2023-12-07
P0053,Deborah,Flores,Doctor 11,2023-12-08
P0146,Jacob,Morris,Doctor 16,2023-12-08
P0227,Sarah,White,Doctor 36,2023-12-08
P0340,Jason,Collins,Doctor 34,2023-12-08
P0502,Gregory,Nguyen,Doctor 7,2023-12-08
P0507,Sarah,Nguyen,Doctor 22,2023-12-08
P0537,Susan,Taylor,Doctor 4,2023-12-08
P0667,Kenneth,Scott,Doctor 28,2023-12-08
P0683,Frank,Wilson,Doctor 17,2023-12-08
P0726,John,Robinson,Doctor 3,2023-12-08
P0778,Donna,Kelly,Doctor 46,2023-12-08
P0864,Jack,Reyes,Doctor 22,2023-12-08
P0886,Laura,Chavez,Doctor 46,2023-12-08
P1003,Stephen,Gutierrez,Doctor 33,2023-12-08
P1019,Virginia,Martinez,Doctor 47,2023-12-08
P1115,Ruth,Gray,Doctor 9,2023-12-08
P1295,John,Nguyen,Doctor 15,2023-12-08
P1681,Mary,Nelson,Doctor 43,2023-12-08
P1766,Robert,Perez,Doctor 5,2023-12-08
P1779,Angela,Bailey,Doctor 12,2023-12-08
P1812,Sarah,Mendoza,Doctor 35,2023-12-08
P1889,Jennifer,Hill,Doctor 26,2023-12-08
P1894,Kimberly,Myers,Doctor 47,2023-12-08
P1968,Betty,Martinez,Doctor 39,2023-12-08
P2066,Sandra,Cox,Doctor 39,2023-12-08
P2104,Nicholas,Murphy,Doctor 8,2023-12-08
P2126,Andrew,Hughes,Doctor 47,2023-12-08
P2132,Barbara,Gutierrez,Doctor 45,2023-12-08
P2150,Ruth,Scott,Doctor 45,2023-12-08
P0098,Cynthia,Smith,Doctor 43,2023-12-09
P0147,Elizabeth,Ward,Doctor 46,2023-12-09
P0240,Sandra,Richardson,Doctor 21,2023-12-09
P0250,Deborah,Thompson,Doctor 41,2023-12-09
P0318,Ruth,Green,Doctor 27,2023-12-09
P0453,Donna,Turner,Doctor 5,2023-12-09
P0533,James,Davis,Doctor 36,2023-12-09
P0673,Kathleen,Robinson,Doctor 19,2023-12-09
P0801,Anna,Cruz,Doctor 30,2023-12-09
P1033,Eric,Johnson,Doctor 45,2023-12-09
P1041,Daniel,Hill,Doctor 43,2023-12-09
P1166,Ruth,Reed,Doctor 6,2023-12-09
P1292,Andrew,Reyes,Doctor 16,2023-12-09
P1317,Steven,Flores,Doctor 28,2023-12-09
P1497,Edward,Price,Doctor 11,2023-12-09
P1511,Mary,Hall,Doctor 18,2023-12-09
P1645,Andrew,Garcia,Doctor 9,2023-12-09
P1728,Joseph,Richardson,Doctor 4,2023-12-09
P1810,Helen,Gray,Doctor 50,2023-12-09
P1837,Justin,Roberts,Doctor 13,2023-12-09
P1896,Joseph,Brown,Doctor 7,2023-12-09
P2081,Mary,Jones,Doctor 32,2023-12-09
P2189,Emma,Martinez,Doctor 7,2023-12-09
P2203,Ruth,Morris,Doctor 29,2023-12-09
P0067,Anna,Scott,Doctor 44,2023-12-10
P0133,Linda,Ramos,Doctor 22,2023-12-10
P0171,Sharon,Davis,Doctor 3,2023-12-10
P0201,Kathleen,Adams,Doctor 12,2023-12-10
P0275,Barbara,Hernandez,Doctor 35,2023-12-10
P0428,Jerry,Adams,Doctor 32,2023-12-10
P0451,Sarah,Sanders,Doctor 8,2023-12-10
P0453,Donna,Turner,Doctor 20,2023-12-10
P0472,Aaron,Thomas,Doctor 22,2023-12-10
P0527,Barbara,Miller,Doctor 37,2023-12-10
P0543,Kevin,Garcia,Doctor 45,2023-12-10
P0627,Melissa,King,Doctor 18,2023-12-10
P0651,Virginia,Brooks,Doctor 11,2023-12-10
P0725,Benjamin,Jackson,Doctor 33,2023-12-10
P0758,Patrick,Ortiz,Doctor 26,2023-12-10
P0788,Justin,Gomez,Doctor 12,2023-12-10
P1045,Timothy,Perez,Doctor 28,2023-12-10
P1110,Daniel,Davis,Doctor 17,2023-12-10
P1243,Nancy,Campbell,Doctor 6,2023-12-10
P1246,Jeffrey,Jackson,Doctor 30,2023-12-10
P1334,Frank,Myers,Doctor 19,2023-12-10
P1343,Karen,Reyes,Doctor 16,2023-12-10
P1411,Larry,Hughes,Doctor 49,2023-12-10
P1504,Melissa,Jackson,Doctor 23,2023-12-10
P1666,William,Adams,Doctor 10,2023-12-10
P1678,Betty,Brooks,Doctor 39,2023-12-10
P1864,Richard,Martin,Doctor 33,2023-12-10
P1893,Anthony,Patel,Doctor 2,2023-12-10
P2081,Mary,Jones,Doctor 16,2023-12-10
P2109,Betty,Davis,Doctor 25,2023-12-10
P2214,Jason,Cox,Doctor 21,2023-12-10
P2230,Thomas,Carter,Doctor 5,2023-12-10
P2304,Brian,Evans,Doctor 39,2023-12-10
P0024,Jeffrey,Cook,Doctor 29,2023-12-11
P0043,Edward,Edwards,Doctor 38,2023-12-11
P0096,Joshua,Reed,Doctor 44,2023-12-11
P0180,Rebecca,Peterson,Doctor 28,2023-12-11
P0233,Justin,Gonzalez,Doctor 6,2023-12-11
P0269,Emma,Campbell,Doctor 36,2023-12-11
P0341,Kenneth,Sanchez,Doctor 47,2023-12-11
P0384,Laura,Patel,Doctor 49,2023-12-11
P0522,Stephen,Cox,Doctor 45,2023-12-11
P0529,Helen,Morris,Doctor 42,2023-12-11
P0554,Benjamin,Martin,Doctor 19,2023-12-11
P0557,William,Mendoza,Doctor 18,2023-12-11
P0696,Larry,Nelson,Doctor 36,2023-12-11
P0731,Jennifer,Thomas,Doctor 47,2023-12-11
P0950,Sarah,Rogers,Doctor 43,2023-12-11
P0970,Lisa,Martin,Doctor 2,2023-12-11
P0974,Helen,Ramirez,Doctor 50,2023-12-11
P0980,Alexander,Cox,Doctor 50,2023-12-11
P1047,Ruth,Murphy,Doctor 2,2023-12-11
P1070,Michael,Ortiz,Doctor 10,2023-12-11
P1074,Joshua,Rodriguez,Doctor 46,2023-12-11
P1136,Melissa,Jones,Doctor 34,2023-12-11
P1141,Donald,Brooks,Doctor 24,2023-12-11
P1164,Raymond,Allen,Doctor 23,2023-12-11
P1307,Donna,Nelson,Doctor 25,2023-12-11
P1453,Anthony,Morgan,Doctor 18,2023-12-11
P1516,Matthew,Miller,Doctor 42,2023-12-11
P1543,Anna,Howard,Doctor 11,2023-12-11
P1730,Kathleen,Sanders,Doctor 29,2023-12-11
P1733,Michael,Perez,Doctor 11,2023-12-11
P1760,Susan,Hughes,Doctor 23,2023-12-11
P1851,Karen,Murphy,Doctor 49,2023-12-11
P1983,Rebecca,Miller,Doctor 34,2023-12-11
P2016,Kimberly,Turner,Doctor 20,2023-12-11
P2062,Jose,Chavez,Doctor 19,2023-12-11
P2266,Alexander,Phillips,Doctor 13,2023-12-11
P0038,Gary,Nelson,Doctor 37,2023-12-12
P0126,Sarah,Gutierrez,Doctor 17,2023-12-12
P0228,Charles,Patel,Doctor 40,2023-12-12
P0257,Elizabeth,Castillo,Doctor 21,2023-12-12
P0328,Thomas,Phillips,Doctor 15,2023-12-12
P0442,Gary,Wilson,Doctor 13,2023-12-12
P0454,Daniel,Young,Doctor 6,2023-12-12
P0657,Linda,Miller,Doctor 49,2023-12-12
P0719,Lisa,Richardson,Doctor 48,2023-12-12
P0892,Ruth,Castillo,Doctor 44,2023-12-12
P1199,Sandra,Robinson,Doctor 18,2023-12-12
P1228,Charles,Martinez,Doctor 18,2023-12-12
P1241,Kimberly,King,Doctor 16,2023-12-12
P1323,Donald,Nelson,Doctor 47,2023-12-12
P1325,Mary,Alvarez,Doctor 47,2023-12-12
P1330,Sharon,Sanchez,Doctor 10,2023-12-12
P1492,Karen,Alvarez,Doctor 28,2023-12-12
P1540,Jonathan,Gonzalez,Doctor 25,2023-12-12
P1554,Emma,Lee,Doctor 22,2023-12-12
P1710,Ryan,Cook,Doctor 17,2023-12-12
P1923,Mark,Ward,Doctor 14,2023-12-12
P1946,Joseph,Bennett,Doctor 27,2023-12-12
P1974,Jessica,Green,Doctor 30,2023-12-12
P1990,Lisa,Peterson,Doctor 4,2023-12-12
P2041,Amy,Kim,Doctor 24,2023-12-12
P2139,William,Harris,Doctor 34,2023-12-12
P0028,Donna,James,Doctor 49,2023-12-13
P0116,Jacob,Torres,Doctor 25,2023-12-13
P0121,Anna,Richardson,Doctor 49,2023-12-13
P0144,Melissa,Alvarez,Doctor 17,2023-12-13
P0180,Rebecca,Peterson,Doctor 28,2023-12-13
P0221,Eric,Torres,Doctor 31,2023-12-13
P0343,Patrick,Brooks,Doctor 22,2023-12-13
P0394,Jessica,Cooper,Doctor 11,2023-12-13
P0490,Donald,Patel,Doctor 3,2023-12-13
P0647,Michelle,Cruz,Doctor 17,2023-12-13
P0792,Sarah,Bennett,Doctor 7,2023-12-13
P0816,William,Hall,Doctor 19,2023-12-13
P0910,Jose,Nguyen,Doctor 49,2023-12-13
P1023,Helen,Baker,Doctor 43,2023-12-13
P1083,Emma,Stewart,Doctor 42,2023-12-13
P1102,Ryan,Peterson,Doctor 22,2023-12-13
P1158,Rebecca,Murphy,Doctor 50,2023-12-13
P1162,Jason,James,Doctor 21,2023-12-13
P1175,Sarah,Green,Doctor 38,2023-12-13
P1241,Kimberly,King,Doctor 41,2023-12-13
P1356,Joshua,Cox,Doctor 45,2023-12-13
P1360,Barbara,Diaz,Doctor 29,2023-12-13
P1395,Ronald,Lee,Doctor 34,2023-12-13
P1454,Carol,Peterson,Doctor 30,2023-12-13
P1484,Donald,Bailey,Doctor 2,2023-12-13
P1559,Kathleen,Garcia,Doctor 46,2023-12-13
P1586,Patrick,Martinez,Doctor 45,2023-12-13
P1739,Aaron,Taylor,Doctor 35,2023-12-13
P1753,Sarah,Evans,Doctor 11,2023-12-13
P1896,Joseph,Brown,Doctor 7,2023-12-13
P1929,Donna,Mendoza,Doctor 9,2023-12-13
P2080,Benjamin,Nguyen,Doctor 40,2023-12-13
P2115,Sandra,Ramos,Doctor 49,2023-12-13
P2202,Jennifer,Cox,Doctor 5,2023-12-13
P2254,Scott,Wright,Doctor 11,2023-12-13
P2300,Joseph,Morris,Doctor 18,2023-12-13
P0016,Nancy,Miller,Doctor 28,2023-12-14
P0080,Timothy,Jones,Doctor 24,2023-12-14
P0135,Jeffrey,King,Doctor 29,2023-12-14
P0168,Angela,Phillips,Doctor 34,2023-12-14
P0264,Patrick,Bennett,Doctor 8,2023-12-14
P0334,Rebecca,Reed,Doctor 13,2023-12-14
P0345,Brandon,Nelson,Doctor 12,2023-12-14
P0395,Helen,Myers,Doctor 28,2023-12-14
P0434,Patricia,Gonzalez,Doctor 39,2023-12-14
P0453,Donna,Turner,Doctor 25,2023-12-14
P0463,Dorothy,James,Doctor 43,2023-12-14
P0547,Ruth,Kim,Doctor 45,2023-12-14
P0558,Justin,Myers,Doctor 3,2023-12-14
P0635,Sandra,Parker,Doctor 26,2023-12-14
P0651,Virginia,Brooks,Doctor 11,2023-12-14
P0741,Dennis,Bailey,Doctor 14,2023-12-14
P0944,Matthew,Gray,Doctor 9,2023-12-14
P1031,Sharon,Kim,Doctor 12,2023-12-14
P1047,Ruth,Murphy,Doctor 18,2023-12-14
P1165,Ryan,Martinez,Doctor 23,2023-12-14
P1262,Sharon,Brown,Doctor 10,2023-12-14
P1425,Brenda,Jones,Doctor 50,2023-12-14
P1427,Nancy,Nelson,Doctor 43,2023-12-14
P1431,Donald,Ramirez,Doctor 40,2023-12-14
P1528,Helen,Kim,Doctor 19,2023-12-14
P1663,Brenda,Turner,Doctor 4,2023-12-14
P1710,Ryan,Cook,Doctor 17,2023-12-14
P1806,Nancy,Diaz,Doctor 10,2023-12-14
P1825,Ruth,Gutierrez,Doctor 48,2023-12-14
P1843,Christopher,Cruz,Doctor 43,2023-12-14
P1898,Cynthia,Patel,Doctor 9,2023-12-14
P1937,Raymond,Garcia,Doctor 31,2023-12-14
P1961,Eric,Stewart,Doctor 49,2023-12-14
P2021,George,Reed,Doctor 15,2023-12-14
P2059,Andrew,Harris,Doctor 33,2023-12-14
P2153,Patricia,Rivera,Doctor 23,2023-12-14
P2236,Nancy,Alvarez,Doctor 3,2023-12-14
P0200,Ryan,Parker,Doctor 39,2023-12-15
P0274,Lisa,Thompson,Doctor 37,2023-12-15
P0297,Sarah,Nelson,Doctor 17,2023-12-15
P0422,Melissa,Flores,Doctor 7,2023-12-15
P0505,Charles,Cook,Doctor 1,2023-12-15
P0541,Gregory,Brown,Doctor 12,2023-12-15
P0553,Donna,Morgan,Doctor 46,2023-12-15
P0702,Edward,Reyes,Doctor 9,2023-12-15
P1025,Ruth,Adams,Doctor 36,2023-12-15
P1052,Samuel,Diaz,Doctor 29,2023-12-15
P1064,Shirley,Price,Doctor 16,2023-12-15
P1110,Daniel,Davis,Doctor 35,2023-12-15
P1172,Charles,Adams,Doctor 40,2023-12-15
P1325,Mary,Alvarez,Doctor 8,2023-12-15
P1438,Lisa,Garcia,Doctor 1,2023-12-15
P1482,Kimberly,Wilson,Doctor 4,2023-12-15
P1527,Anna,Cook,Doctor 4,2023-12-15
P1768,Virginia,Parker,Doctor 24,2023-12-15
P1784,Michael,Clark,Doctor 8,2023-12-15
P1788,Nicholas,Anderson,Doctor 37,2023-12-15
P1810,Helen,Gray,Doctor 50,2023-12-15
P1811,Jessica,Brown,Doctor 22,2023-12-15
P1861,Tyler,Taylor,Doctor 12,2023-12-15
P1888,Jeffrey,Thomas,Doctor 16,2023-12-15
P1995,Aaron,Stewart,Doctor 8,2023-12-15
P2021,George,Reed,Doctor 10,2023-12-15
P2038,Ronald,Morales,Doctor 11,2023-12-15
P2044,Jeffrey,James,Doctor 13,2023-12-15
P2101,Ryan,Flores,Doctor 18,2023-12-15
P2127,Jose,Martinez,Doctor 43,2023-12-15
P2244,Deborah,Ruiz,Doctor 16,2023-12-15
P0040,Sarah,Patel,Doctor 30,2023-12-16
P0064,Rebecca,Baker,Doctor 8,2023-12-16
P0143,Brian,Ruiz,Doctor 6,2023-12-16
P0165,Kimberly,James,Doctor 12,2023-12-16
P0237,Carol,Clark,Doctor 24,2023-12-16
P0283,Kathleen,Taylor,Doctor 10,2023-12-16
P0293,Robert,Martinez,Doctor 19,2023-12-16
P0495,Laura,Roberts,Doctor 34,2023-12-16
P0633,Christopher,Allen,Doctor 37,2023-12-16
P0677,Benjamin,Turner,Doctor 40,2023-12-16
P0700,Brandon,Hernandez,Doctor 31,2023-12-16
P0737,Kimberly,Nguyen,Doctor 50,2023-12-16
P0761,Ruth,Rogers,Doctor 46,2023-12-16
P1043,Charles,Richardson,Doctor 22,2023-12-16
P1059,Eric,Reyes,Doctor 29,2023-12-16
P1374,Alexander,Howard,Doctor 46,2023-12-16
P1433,Cynthia,Mitchell,Doctor 7,2023-12-16
P1486,Sarah,Lee,Doctor 43,2023-12-16
P1533,Christopher,Sanders,Doctor 45,2023-12-16
P1575,Brenda,Ortiz,Doctor 32,2023-12-16
P1589,Laura,Gray,Doctor 28,2023-12-16
P1654,Linda,Taylor,Doctor 46,2023-12-16
P1725,Larry,Rivera,Doctor 5,2023-12-16
P1816,Donna,Hughes,Doctor 49,2023-12-16
P1838,Karen,Howard,Doctor 8,2023-12-16
P1873,Robert,Flores,Doctor 5,2023-12-16
P1892,Angela,Baker,Doctor 33,2023-12-16
P2044,Jeffrey,James,Doctor 13,2023-12-16
P2216,Sarah,Kim,Doctor 16,2023-12-16
P2235,James,Flores,Doctor 47,2023-12-16
P2257,Betty,Miller,Doctor 34,2023-12-16
P2301,Eric,Nguyen,Doctor 41,2023-12-16
P0150,Andrew,Gray,Doctor 48,2023-12-17
P0246,Laura,Davis,Doctor 8,2023-12-17
P0380,Kimberly,Jones,Doctor 25,2023-12-17
P0547,Ruth,Kim,Doctor 45,2023-12-17
P0580,Aaron,Williams,Doctor 42,2023-12-17
P0628,Sarah,Baker,Doctor 11,2023-12-17
P0698,Steven,Richardson,Doctor 36,2023-12-17
P0817,Christopher,Morris,Doctor 24,2023-12-17
P0875,Melissa,Johnson,Doctor 8,2023-12-17
P0905,Jeffrey,Wood,Doctor 35,2023-12-17
P0924,Robert,Morgan,Doctor 45,2023-12-17
P0973,Kimberly,Bennett,Doctor 9,2023-12-17
P0977,Patrick,James,Doctor 47,2023-12-17
P1117,Angela,Wright,Doctor 4,2023-12-17
P1126,Benjamin,Nelson,Doctor 15,2023-12-17
P1138,Michelle,Clark,Doctor 34,2023-12-17
P1155,Samuel,Young,Doctor 31,2023-12-17
P1203,Jessica,Ruiz,Doctor 29,2023-12-17
P1268,Helen,Morgan,Doctor 42,2023-12-17
P1583,Shirley,Thompson,Doctor 13,2023-12-17
P1625,Ryan,Richardson,Doctor 28,2023-12-17
P1694,Anthony,Campbell,Doctor 25,2023-12-17
P1712,Christopher,Green,Doctor 6,2023-12-17
P1764,Benjamin,Torres,Doctor 43,2023-12-17
P1962,Amy,Morales,Doctor 17,2023-12-17
P2000,Alexander,Scott,Doctor 27,2023-12-17
P2001,Tyler,Morris,Doctor 29,2023-12-17
P2121,Jennifer,Jones,Doctor 15,2023-12-17
P2165,Sharon,Young,Doctor 43,2023-12-17
P2243,Michelle,Peterson,Doctor 50,2023-12-17
P0029,Patrick,Peterson,Doctor 20,2023-12-18
P0073,Nancy,Cruz,Doctor 14,2023-12-18
P0095,Alexander,Gray,Doctor 40,2023-12-18
P0122,Jonathan,Wright,Doctor 28,2023-12-18
P0141,Virginia,Murphy,Doctor 28,2023-12-18
P0261,Melissa,Anderson,Doctor 17,2023-12-18
P0277,Kimberly,Castillo,Doctor 9,2023-12-18
P0287,Justin,King,Doctor 45,2023-12-18
P0311,Charles,Baker,Doctor 38,2023-12-18
P0515,Lisa,Martinez,Doctor 43,2023-12-18
P0736,Jerry,Stewart,Doctor 21,2023-12-18
P0762,Lisa,Thomas,Doctor 37,2023-12-18
P0806,Anthony,Peterson,Doctor 40,2023-12-18
P1070,Michael,Ortiz,Doctor 10,2023-12-18
P1107,Brenda,Kim,Doctor 21,2023-12-18
P1173,William,Cooper,Doctor 23,2023-12-18
P1223,John,Gomez,Doctor 36,2023-12-18
P1250,Michael,Richardson,Doctor 41,2023-12-18
P1315,Ronald,Hall,Doctor 32,2023-12-18
P1711,Robert,Cruz,Doctor 5,2023-12-18
P1890,Matthew,Phillips,Doctor 2,2023-12-18
P1915,Steven,Reed,Doctor 14,2023-12-18
P2061,Andrew,Reed,Doctor 1,2023-12-18
P2173,Benjamin,Flores,Doctor 48,2023-12-18
P0013,Stephen,Castillo,Doctor 45,2023-12-19
P0030,Kenneth,Ward,Doctor 27,2023-12-19
P0055,Samuel,Peterson,Doctor 5,2023-12-19
P0311,Charles,Baker,Doctor 38,2023-12-19
P0368,Mary,Bennett,Doctor 46,2023-12-19
P0497,Sharon,Reed,Doctor 42,2023-12-19
P0640,Susan,Alvarez,Doctor 39,2023-12-19
P0801,Anna,Cruz,Doctor 30,2023-12-19
P0814,Sarah,Adams,Doctor 41,2023-12-19
P0897,Sharon,Carter,Doctor 35,2023-12-19
P0912,Melissa,Thomas,Doctor 31,2023-12-19
P0945,Donna,Parker,Doctor 14,2023-12-19
P0973,Kimberly,Bennett,Doctor 9,2023-12-19
P1004,Jonathan,Allen,Doctor 39,2023-12-19
P1057,Jack,Adams,Doctor 35,2023-12-19
P1116,Jonathan,Ortiz,Doctor 19,2023-12-19
P1335,Richard,Morris,Doctor 23,2023-12-19
P1577,Cynthia,Reyes,Doctor 47,2023-12-19
P1620,Virginia,Thomas,Doctor 10,2023-12-19
P1623,Justin,Robinson,Doctor 35,2023-12-19
P1718,Brenda,Hill,Doctor 13,2023-12-19
P1734,Dorothy,Robinson,Doctor 1,2023-12-19
P1770,Justin,Green,Doctor 20,2023-12-19
P1779,Angela,Bailey,Doctor 2,2023-12-19
P1824,Barbara,Ortiz,Doctor 16,2023-12-19
P1974,Jessica,Green,Doctor 12,2023-12-19
P1994,Virginia,Gomez,Doctor 24,2023-12-19
P2013,Sarah,Peterson,Doctor 23,2023-12-19
P2013,Sarah,Peterson,Doctor 23,2023-12-19
P2171,Donna,Scott,Doctor 35,2023-12-19
P2183,Frank,Peterson,Doctor 42,2023-12-19
P2196,Brenda,Adams,Doctor 38,2023-12-19
P2217,Sarah,Alvarez,Doctor 25,2023-12-19
P2256,Jerry,Thomas,Doctor 36,2023-12-19
P2284,Cynthia,Lopez,Doctor 38,2023-12-19
P2292,Robert,Morris,Doctor 4,2023-12-19
P2296,Nancy,White,Doctor 18,2023-12-19
P0053,Deborah,Flores,Doctor 11,2023-12-20
P0146,Jacob,Morris,Doctor 35,2023-12-20
P0181,Edward,Rogers,Doctor 15,2023-12-20
P0233,Justin,Gonzalez,Doctor 6,2023-12-20
P0379,Nicholas,Rodriguez,Doctor 1,2023-12-20
P0384,Laura,Patel,Doctor 6,2023-12-20
P0423,John,Gonzalez,Doctor 17,2023-12-20
P0425,Helen,Ruiz,Doctor 43,2023-12-20
P0452,Betty,Morales,Doctor 44,2023-12-20
P0482,Steven,Scott,Doctor 36,2023-12-20
P0493,Joseph,Stewart,Doctor 28,2023-12-20
P0549,Amy,Gonzalez,Doctor 41,2023-12-20
P0608,Deborah,Robinson,Doctor 49,2023-12-20
P0686,Andrew,Price,Doctor 32,2023-12-20
P0706,Frank,Hill,Doctor 1,2023-12-20
P0729,Cynthia,Gutierrez,Doctor 38,2023-12-20
P0731,Jennifer,Thomas,Doctor 50,2023-12-20
P0780,Dorothy,Bailey,Doctor 39,2023-12-20
P0904,Jose,Ortiz,Doctor 32,2023-12-20
P1025,Ruth,Adams,Doctor 36,2023-12-20
P1039,Virginia,Kelly,Doctor 27,2023-12-20
P1110,Daniel,Davis,Doctor 16,2023-12-20
P1231,Rebecca,Moore,Doctor 26,2023-12-20
P1293,Donna,Cox,Doctor 16,2023-12-20
P1326,James,Robinson,Doctor 28,2023-12-20
P1382,Daniel,Taylor,Doctor 5,2023-12-20
P1418,Mary,Castillo,Doctor 47,2023-12-20
P1521,Shirley,Perez,Doctor 19,2023-12-20
P1600,Jack,Morales,Doctor 44,2023-12-20
P1703,Sandra,Hall,Doctor 34,2023-12-20
P1761,Mark,Bailey,Doctor 3,2023-12-20
P1834,Helen,Roberts,Doctor 19,2023-12-20
P1848,Betty,Clark,Doctor 18,2023-12-20
P1874,Joseph,Moore,Doctor 40,2023-12-20
P1925,Tyler,Alvarez,Doctor 41,2023-12-20
P1953,Jacob,Reed,Doctor 34,2023-12-20
P2048,Deborah,Young,Doctor 33,2023-12-20
P2153,Patricia,Rivera,Doctor 23,2023-12-20
P2165,Sharon,Young,Doctor 34,2023-12-20
P2169,George,Ramos,Doctor 34,2023-12-20
P0143,Brian,Ruiz,Doctor 6,2023-12-21
P0153,Eric,Bailey,Doctor 7,2023-12-21
P0166,Michael,Lee,Doctor 47,2023-12-21
P0291,Aaron,Price,Doctor 8,2023-12-21
P0365,Kenneth,Ramos,Doctor 38,2023-12-21
P0433,William,Martinez,Doctor 21,2023-12-21
P0477,Mary,Clark,Doctor 17,2023-12-21
P0487,Amy,Peterson,Doctor 38,2023-12-21
P0530,Ruth,Garcia,Doctor 28,2023-12-21
P0742,Ronald,Walker,Doctor 1,2023-12-21
P0783,Susan,Jones,Doctor 31,2023-12-21
P0874,Linda,Lee,Doctor 5,2023-12-21
P0976,Daniel,Ruiz,Doctor 23,2023-12-21
P1012,Kevin,Jackson,Doctor 32,2023-12-21
P1033,Eric,Johnson,Doctor 45,2023-12-21
P1040,Helen,Richardson,Doctor 35,2023-12-21
P1110,Daniel,Davis,Doctor 29,2023-12-21
P1146,Deborah,Hughes,Doctor 16,2023-12-21
P1262,Sharon,Brown,Doctor 10,2023-12-21
P1279,Michelle,Thomas,Doctor 13,2023-12-21
P1279,Michelle,Thomas,Doctor 48,2023-12-21
P1299,Edward,Taylor,Doctor 19,2023-12-21
P1413,Sarah,Carter,Doctor 9,2023-12-21
P1469,Elizabeth,Harris,Doctor 35,2023-12-21
P1542,Gregory,Lee,Doctor 15,2023-12-21
P1630,Daniel,Cruz,Doctor 3,2023-12-21
P1734,Dorothy,Robinson,Doctor 1,2023-12-21
P1750,Angela,Torres,Doctor 10,2023-12-21
P1874,Joseph,Moore,Doctor 40,2023-12-21
P1879,Jose,Adams,Doctor 45,2023-12-21
P1894,Kimberly,Myers,Doctor 47,2023-12-21
P1931,Ruth,Campbell,Doctor 26,2023-12-21
P1938,Jessica,Carter,Doctor 10,2023-12-21
P2054,Christopher,Clark,Doctor 4,2023-12-21
P2058,Laura,Hall,Doctor 35,2023-12-21
P2069,Andrew,Mitchell,Doctor 12,2023-12-21
P2295,Emma,Cook,Doctor 11,2023-12-21
P0016,Nancy,Miller,Doctor 12,2023-12-22
P0045,Steven,Johnson,Doctor 37,2023-12-22
P0089,Angela,Thomas,Doctor 16,2023-12-22
P0220,Kevin,Cruz,Doctor 28,2023-12-22
P0276,Patrick,Clark,Doctor 4,2023-12-22
P0328,Thomas,Phillips,Doctor 11,2023-12-22
P0355,Brandon,Cox,Doctor 25,2023-12-22
P0446,Kevin,Lee,Doctor 11,2023-12-22
P0490,Donald,Patel,Doctor 3,2023-12-22
P0529,Helen,Morris,Doctor 42,2023-12-22
P0599,David,Cox,Doctor 34,2023-12-22
P0962,Nancy,Price,Doctor 30,2023-12-22
P0974,Helen,Ramirez,Doctor 50,2023-12-22
P1071,Laura,Phillips,Doctor 9,2023-12-22
P1231,Rebecca,Moore,Doctor 26,2023-12-22
P1249,Betty,Cox,Doctor 1,2023-12-22
P1303,Linda,Kelly,Doctor 49,2023-12-22
P1413,Sarah,Carter,Doctor 10,2023-12-22
P1418,Mary,Castillo,Doctor 1,2023-12-22
P1420,Helen,Lewis,Doctor 6,2023-12-22
P1486,Sarah,Lee,Doctor 29,2023-12-22
P1529,Nancy,Jones,Doctor 28,2023-12-22
P1565,Andrew,Phillips,Doctor 3,2023-12-22
P1633,Donald,Edwards,Doctor 3,2023-12-22
P1722,Dorothy,Walker,Doctor 35,2023-12-22
P1892,Angela,Baker,Doctor 5,2023-12-22
P1902,Jason,Johnson,Doctor 29,2023-12-22
P1964,Patricia,Jones,Doctor 37,2023-12-22
P2006,Jonathan,Collins,Doctor 45,2023-12-22
P2012,Sarah,King,Doctor 36,2023-12-22
P2092,Brian,Myers,Doctor 20,2023-12-22
P2131,Helen,Rodriguez,Doctor 45,2023-12-22
P0029,Patrick,Peterson,Doctor 44,2023-12-23
P0090,Robert,Wood,Doctor 12,2023-12-23
P0200,Ryan,Parker,Doctor 29,2023-12-23
P0317,Sharon,Martin,Doctor 33,2023-12-23
P0341,Kenneth,Sanchez,Doctor 47,2023-12-23
P0464,Jason,King,Doctor 23,2023-12-23
P0475,Jeffrey,Bennett,Doctor 16,2023-12-23
P0507,Sarah,Nguyen,Doctor 26,2023-12-23
P0724,Ryan,Kelly,Doctor 38,2023-12-23
P0840,David,Miller,Doctor 32,2023-12-23
P0939,Susan,Wood,Doctor 33,2023-12-23
P1036,Joshua,Robinson,Doctor 37,2023-12-23
P1085,Jessica,Cruz,Doctor 3,2023-12-23
P1225,Benjamin,White,Doctor 28,2023-12-23
P1313,William,Smith,Doctor 41,2023-12-23
P1384,Betty,Peterson,Doctor 24,2023-12-23
P1592,Amy,Rivera,Doctor 11,2023-12-23
P1626,Betty,Edwards,Doctor 32,2023-12-23
P1627,Thomas,Howard,Doctor 40,2023-12-23
P1722,Dorothy,Walker,Doctor 35,2023-12-23
P1824,Barbara,Ortiz,Doctor 10,2023-12-23
P1968,Betty,Martinez,Doctor 21,2023-12-23
P2045,Virginia,Diaz,Doctor 34,2023-12-23
P2108,Edward,James,Doctor 5,2023-12-23
P2161,Benjamin,Myers,Doctor 12,2023-12-23
P2173,Benjamin,Flores,Doctor 48,2023-12-23
P2249,Robert,Lee,Doctor 1,2023-12-23
P2299,Tyler,Hill,Doctor 13,2023-12-23
P0003,Edward,Ruiz,Doctor 15,2023-12-24
P0017,Jessica,Thomas,Doctor 19,2023-12-24
P0209,Jennifer,Cook,Doctor 23,2023-12-24
P0219,James,Murphy,Doctor 9,2023-12-24
P0267,Jacob,Wilson,Doctor 30,2023-12-24
P0295,Linda,Young,Doctor 14,2023-12-24
P0406,Samuel,Hughes,Doctor 29,2023-12-24
P0668,Helen,Lopez,Doctor 43,2023-12-24
P0701,Anna,Cooper,Doctor 35,2023-12-24
P0847,Dennis,Martinez,Doctor 44,2023-12-24
P0861,Laura,Martin,Doctor 16,2023-12-24
P1094,Stephen,James,Doctor 48,2023-12-24
P1121,Sharon,Gutierrez,Doctor 33,2023-12-24
P1176,Brenda,Murphy,Doctor 16,2023-12-24
P1186,Sharon,Gray,Doctor 5,2023-12-24
P1256,Kevin,Edwards,Doctor 44,2023-12-24
P1308,Alexander,Thompson,Doctor 29,2023-12-24
P1359,Jack,Taylor,Doctor 3,2023-12-24
P1415,Mark,Rogers,Doctor 44,2023-12-24
P1465,Michelle,Chavez,Doctor 15,2023-12-24
P1676,Ruth,King,Doctor 19,2023-12-24
P1723,Donald,Lee,Doctor 3,2023-12-24
P1846,Andrew,Kim,Doctor 7,2023-12-24
P1909,Christopher,Bailey,Doctor 20,2023-12-24
P2151,Laura,James,Doctor 34,2023-12-24
P0107,Sharon,White,Doctor 46,2023-12-25
P0118,Donna,Sanchez,Doctor 25,2023-12-25
P0172,Elizabeth,Reed,Doctor 37,2023-12-25
P0360,Charles,Taylor,Doctor 33,2023-12-25
P0458,Michelle,Jackson,Doctor 23,2023-12-25
P0504,Joshua,Hernandez,Doctor 7,2023-12-25
P0696,Larry,Nelson,Doctor 28,2023-12-25
P0698,Steven,Richardson,Doctor 10,2023-12-25
P0872,Sharon,Rogers,Doctor 48,2023-12-25
P0942,Eric,Scott,Doctor 24,2023-12-25
P1083,Emma,Stewart,Doctor 42,2023-12-25
P1132,Mary,Cruz,Doctor 31,2023-12-25
P1524,Sarah,Gray,Doctor 1,2023-12-25
P1583,Shirley,Thompson,Doctor 13,2023-12-25
P1673,Cynthia,Castillo,Doctor 6,2023-12-25
P1708,Kathleen,Campbell,Doctor 16,2023-12-25
P1720,Samuel,Rivera,Doctor 37,2023-12-25
P1782,Charles,Gomez,Doctor 44,2023-12-25
P2137,Donna,Cook,Doctor 38,2023-12-25
P2155,Kathleen,Flores,Doctor 4,2023-12-25
P2175,Elizabeth,Hernandez,Doctor 18,2023-12-25
P2207,Karen,Smith,Doctor 26,2023-12-25
P0053,Deborah,Flores,Doctor 2,2023-12-26
P0223,Jeffrey,Harris,Doctor 31,2023-12-26
P0309,Deborah,Martinez,Doctor 35,2023-12-26
P0394,Jessica,Cooper,Doctor 25,2023-12-26
P0409,Kimberly,Edwards,Doctor 46,2023-12-26
P0466,Ronald,Hughes,Doctor 44,2023-12-26
P0506,Joshua,Castillo,Doctor 2,2023-12-26
P0655,Dorothy,Rogers,Doctor 39,2023-12-26
P0706,Frank,Hill,Doctor 28,2023-12-26
P0731,Jennifer,Thomas,Doctor 40,2023-12-26
P0782,Sarah,Walker,Doctor 16,2023-12-26
P0842,Jonathan,Alvarez,Doctor 38,2023-12-26
P0879,Donna,Jones,Doctor 33,2023-12-26
P1040,Helen,Richardson,Doctor 31,2023-12-26
P1054,Kimberly,Allen,Doctor 25,2023-12-26
P1078,Jason,Mendoza,Doctor 4,2023-12-26
P1128,Tyler,Williams,Doctor 35,2023-12-26
P1184,Nicholas,King,Doctor 24,2023-12-26
P1252,Donald,Nguyen,Doctor 19,2023-12-26
P1273,Anna,Wilson,Doctor 20,2023-12-26
P1359,Jack,Taylor,Doctor 3,2023-12-26
P1421,Thomas,Gutierrez,Doctor 20,2023-12-26
P1465,Michelle,Chavez,Doctor 34,2023-12-26
P1661,Emma,Ramirez,Doctor 8,2023-12-26
P1859,Timothy,Hernandez,Doctor 31,2023-12-26
P1956,Kenneth,Richardson,Doctor 44,2023-12-26
P1990,Lisa,Peterson,Doctor 42,2023-12-26
P2143,Eric,Martinez,Doctor 40,2023-12-26
P2234,Frank,Bennett,Doctor 8,2023-12-26
P0030,Kenneth,Ward,Doctor 27,2023-12-27
P0062,Laura,Jones,Doctor 36,2023-12-27
P0302,Kathleen,Ortiz,Doctor 27,2023-12-27
P0659,Jonathan,Peterson,Doctor 41,2023-12-27
P0659,Jonathan,Peterson,Doctor 41,2023-12-27
P0698,Steven,Richardson,Doctor 31,2023-12-27
P0720,Nicholas,Torres,Doctor 36,2023-12-27
P0778,Donna,Kelly,Doctor 7,2023-12-27
P0937,Samuel,James,Doctor 3,2023-12-27
P0951,Eric,Walker,Doctor 17,2023-12-27
P0964,Karen,Rodriguez,Doctor 40,2023-12-27
P1129,Jeffrey,Davis,Doctor 15,2023-12-27
P1184,Nicholas,King,Doctor 5,2023-12-27
P1186,Sharon,Gray,Doctor 33,2023-12-27
P1190,Mary,Baker,Doctor 30,2023-12-27
P1204,Deborah,Wilson,Doctor 46,2023-12-27
P1299,Edward,Taylor,Doctor 49,2023-12-27
P1335,Richard,Morris,Doctor 23,2023-12-27
P1351,Karen,Clark,Doctor 2,2023-12-27
P1466,Stephen,Howard,Doctor 22,2023-12-27
P1686,Virginia,Green,Doctor 30,2023-12-27
P1689,Anna,Wright,Doctor 17,2023-12-27
P1716,Helen,Castillo,Doctor 10,2023-12-27
P1717,Betty,Price,Doctor 10,2023-12-27
P1893,Anthony,Patel,Doctor 2,2023-12-27
P1938,Jessica,Carter,Doctor 2,2023-12-27
P1997,Justin,Ruiz,Doctor 35,2023-12-27
P2010,Anna,Green,Doctor 8,2023-12-27
P2049,Linda,Alvarez,Doctor 45,2023-12-27
P2205,Matthew,Davis,Doctor 13,2023-12-27
P2224,Jack,Lopez,Doctor 22,2023-12-27
P0052,Sandra,Miller,Doctor 10,2023-12-28
P0254,Virginia,Scott,Doctor 44,2023-12-28
P0293,Robert,Martinez,Doctor 32,2023-12-28
P0373,Lisa,Morgan,Doctor 31,2023-12-28
P0383,George,Mitchell,Doctor 36,2023-12-28
P0490,Donald,Patel,Doctor 3,2023-12-28
P0497,Sharon,Reed,Doctor 32,2023-12-28
P0547,Ruth,Kim,Doctor 45,2023-12-28
P0696,Larry,Nelson,Doctor 28,2023-12-28
P0749,James,Young,Doctor 8,2023-12-28
P0803,Shirley,Wilson,Doctor 27,2023-12-28
P0806,Anthony,Peterson,Doctor 40,2023-12-28
P0994,Betty,Gomez,Doctor 35,2023-12-28
P1398,Robert,Rogers,Doctor 7,2023-12-28
P1433,Cynthia,Mitchell,Doctor 7,2023-12-28
P1450,Charles,Rodriguez,Doctor 34,2023-12-28
P1472,Nancy,Castillo,Doctor 33,2023-12-28
P1576,Linda,Turner,Doctor 1,2023-12-28
P1589,Laura,Gray,Doctor 33,2023-12-28
P1637,Shirley,Bailey,Doctor 10,2023-12-28
P1811,Jessica,Brown,Doctor 35,2023-12-28
P1849,Jose,Kim,Doctor 24,2023-12-28
P1909,Christopher,Bailey,Doctor 20,2023-12-28
P2013,Sarah,Peterson,Doctor 20,2023-12-28
P2026,James,Scott,Doctor 1,2023-12-28
P2104,Nicholas,Murphy,Doctor 26,2023-12-28
P0022,Betty,Allen,Doctor 34,2023-12-29
P0268,Sarah,Castillo,Doctor 25,2023-12-29
P0286,Linda,Reyes,Doctor 44,2023-12-29
P0321,Laura,Myers,Doctor 26,2023-12-29
P0322,Barbara,Sanders,Doctor 29,2023-12-29
P0377,Carol,Reed,Doctor 38,2023-12-29
P0432,Jeffrey,Ward,Doctor 40,2023-12-29
P0554,Benjamin,Martin,Doctor 19,2023-12-29
P0592,Helen,Torres,Doctor 12,2023-12-29
P0603,Nicholas,Williams,Doctor 35,2023-12-29
P0664,Nancy,King,Doctor 13,2023-12-29
P0800,Ruth,Cruz,Doctor 30,2023-12-29
P0948,Jessica,Ramirez,Doctor 8,2023-12-29
P0990,Helen,Adams,Doctor 1,2023-12-29
P1122,Scott,Wood,Doctor 45,2023-12-29
P1159,Ronald,Ward,Doctor 6,2023-12-29
P1198,Jacob,Thompson,Doctor 20,2023-12-29
P1359,Jack,Taylor,Doctor 3,2023-12-29
P1410,Charles,Morales,Doctor 2,2023-12-29
P1462,Nancy,Richardson,Doctor 31,2023-12-29
P1509,Sarah,Smith,Doctor 41,2023-12-29
P1888,Jeffrey,Thomas,Doctor 27,2023-12-29
P1986,Jack,Wilson,Doctor 15,2023-12-29
P2065,Brandon,Stewart,Doctor 46,2023-12-29
P2096,Jack,Martinez,Doctor 18,2023-12-29
P2177,Timothy,Hill,Doctor 9,2023-12-29
P2203,Ruth,Morris,Doctor 4,2023-12-29
P2281,Jeffrey,Ramirez,Doctor 3,2023-12-29
P0036,Jessica,Perez,Doctor 48,2023-12-30
P0167,Ryan,Lopez,Doctor 37,2023-12-30
P0179,Richard,Price,Doctor 6,2023-12-30
P0344,Brandon,Phillips,Doctor 7,2023-12-30
P0412,Betty,Wright,Doctor 12,2023-12-30
P0434,Patricia,Gonzalez,Doctor 18,2023-12-30
P0533,James,Davis,Doctor 3,2023-12-30
P0583,Jennifer,Cooper,Doctor 49,2023-12-30
P0733,Justin,Ortiz,Doctor 27,2023-12-30
P0756,Jessica,Campbell,Doctor 15,2023-12-30
P0776,Jack,Garcia,Doctor 49,2023-12-30
P0820,Sarah,Diaz,Doctor 32,2023-12-30
P0830,Robert,Cooper,Doctor 48,2023-12-30
P0922,Carol,Cox,Doctor 47,2023-12-30
P1028,Barbara,Price,Doctor 27,2023-12-30
P1041,Daniel,Hill,Doctor 6,2023-12-30
P1042,Gary,Alvarez,Doctor 50,2023-12-30
P1137,Carol,Taylor,Doctor 31,2023-12-30
P1166,Ruth,Reed,Doctor 6,2023-12-30
P1169,Sarah,Price,Doctor 33,2023-12-30
P1177,Jason,Wilson,Doctor 37,2023-12-30
P1214,Dennis,Howard,Doctor 37,2023-12-30
P1304,Daniel,Adams,Doctor 49,2023-12-30
P1370,Joseph,Rodriguez,Doctor 6,2023-12-30
P1591,Rebecca,Robinson,Doctor 32,2023-12-30
P1613,Edward,Morris,Doctor 38,2023-12-30
P1630,Daniel,Cruz,Doctor 20,2023-12-30
P1633,Donald,Edwards,Doctor 3,2023-12-30
P1669,Jose,Bennett,Doctor 35,2023-12-30
P1677,Joshua,Martin,Doctor 7,2023-12-30
P1978,Helen,Wright,Doctor 7,2023-12-30
P2034,Melissa,Brown,Doctor 21,2023-12-30
P2044,Jeffrey,James,Doctor 4,2023-12-30
P2156,Cynthia,Diaz,Doctor 15,2023-12-30
P2173,Benjamin,Flores,Doctor 29,2023-12-30
P2243,Michelle,Peterson,Doctor 47,2023-12-30
P2248,George,Walker,Doctor 36,2023-12-30
P2304,Brian,Evans,Doctor 39,2023-12-30