patient_id,patient_first_name,patient_last_name,doctor_id,appointment_date
P0244,Melissa,Hughes,Doctor 2,2022-12-31
P0474,Sarah,Bailey,Doctor 3,2022-12-31
P0647,David,Kelly,Doctor 3,2022-12-31
P0649,Michelle,Ramirez,Doctor 3,2022-12-31
P0915,Carol,Brooks,Doctor 1,2022-12-31
P1371,William,Torres,Doctor 2,2022-12-31
P1943,Raymond,Jones,Doctor 2,2022-12-31
P2071,Rebecca,Ortiz,Doctor 1,2022-12-31
P0140,Edward,Castillo,Doctor 2,2023-01-01
P0151,Sarah,Lee,Doctor 1,2023-01-01
P0262,Jason,Cox,Doctor 3,2023-01-01
P0271,Mary,Gonzalez,Doctor 3,2023-01-01
P0284,Virginia,Scott,Doctor 1,2023-01-01
P0521,Patricia,Brooks,Doctor 2,2023-01-01
P0525,Ryan,Wright,Doctor 1,2023-01-01
P0526,Matthew,Smith,Doctor 2,2023-01-01
P0746,Justin,Perez,Doctor 2,2023-01-01
P0915,Carol,Brooks,Doctor 1,2023-01-01
P0972,Brandon,Diaz,Doctor 3,2023-01-01
P1046,Edward,Evans,Doctor 2,2023-01-01
P1054,Charles,Johnson,Doctor 2,2023-01-01
P1267,Gregory,Ruiz,Doctor 3,2023-01-01
P1508,Gary,Nguyen,Doctor 2,2023-01-01
P1589,Patrick,Edwards,Doctor 2,2023-01-01
P1770,Ronald,Roberts,Doctor 3,2023-01-01
P1784,Aaron,Castillo,Doctor 3,2023-01-01
P1813,Samuel,Flores,Doctor 2,2023-01-01
P1826,Stephen,Kim,Doctor 3,2023-01-01
P1855,Mary,Gomez,Doctor 3,2023-01-01
P1964,Patrick,Hill,Doctor 1,2023-01-01
P1985,Dorothy,Chavez,Doctor 1,2023-01-01
P2042,Michael,Reyes,Doctor 2,2023-01-01
P2078,Kimberly,Baker,Doctor 3,2023-01-01
P2112,Thomas,Richardson,Doctor 3,2023-01-01
P2171,Stephen,Chavez,Doctor 1,2023-01-01
P0051,David,Cruz,Doctor 3,2023-01-02
P0169,Kimberly,Carter,Doctor 2,2023-01-02
P0234,Michelle,Ruiz,Doctor 2,2023-01-02
P0274,Ruth,Hernandez,Doctor 3,2023-01-02
P0298,Sarah,Ruiz,Doctor 3,2023-01-02
P0301,Sharon,Hill,Doctor 1,2023-01-02
P0368,Sharon,Howard,Doctor 2,2023-01-02
P0397,Sandra,White,Doctor 3,2023-01-02
P0431,Jennifer,Allen,Doctor 1,2023-01-02
P0440,William,Rogers,Doctor 2,2023-01-02
P0440,William,Rogers,Doctor 1,2023-01-02
P0497,Thomas,Ward,Doctor 3,2023-01-02
P0540,Carol,Scott,Doctor 1,2023-01-02
P0715,Emma,Martin,Doctor 2,2023-01-02
P0841,Jennifer,Kim,Doctor 1,2023-01-02
P0895,Barbara,Cox,Doctor 2,2023-01-02
P0959,Donald,Martin,Doctor 3,2023-01-02
P1082,Benjamin,Brown,Doctor 3,2023-01-02
P1099,Aaron,Sanchez,Doctor 2,2023-01-02
P1143,George,Hall,Doctor 3,2023-01-02
P1166,Rebecca,Gray,Doctor 3,2023-01-02
P1215,Anna,Mendoza,Doctor 3,2023-01-02
P1383,Patrick,Patel,Doctor 3,2023-01-02
P1416,Donna,Diaz,Doctor 2,2023-01-02
P1441,Kimberly,Miller,Doctor 3,2023-01-02
P1479,Edward,Kim,Doctor 2,2023-01-02
P1492,Matthew,Morris,Doctor 3,2023-01-02
P1537,Jeffrey,Gonzalez,Doctor 2,2023-01-02
P1673,James,Gomez,Doctor 3,2023-01-02
P1695,Stephen,Watson,Doctor 3,2023-01-02
P1752,Richard,Reed,Doctor 3,2023-01-02
P1817,Brian,Turner,Doctor 1,2023-01-02
P1911,Nancy,Brown,Doctor 2,2023-01-02
P1975,Ruth,Gutierrez,Doctor 2,2023-01-02
P2045,Alexander,Ramos,Doctor 3,2023-01-02
P2051,Donna,Alvarez,Doctor 3,2023-01-02
P2223,Thomas,Martin,Doctor 3,2023-01-02
P2301,Jason,Diaz,Doctor 2,2023-01-02
P0012,Karen,Phillips,Doctor 2,2023-01-03
P0153,Shirley,Johnson,Doctor 3,2023-01-03
P0238,Laura,Ortiz,Doctor 3,2023-01-03
P0478,Brian,Hughes,Doctor 2,2023-01-03
P0655,Ruth,Thompson,Doctor 1,2023-01-03
P0734,Donald,Jones,Doctor 2,2023-01-03
P0827,Justin,Kim,Doctor 2,2023-01-03
P0895,Barbara,Cox,Doctor 2,2023-01-03
P1021,Susan,Baker,Doctor 2,2023-01-03
P1031,Anthony,Morales,Doctor 3,2023-01-03
P1102,Melissa,Lewis,Doctor 2,2023-01-03
P1135,Jessica,Rogers,Doctor 2,2023-01-03
P1408,Gregory,Mitchell,Doctor 2,2023-01-03
P1491,Christopher,Anderson,Doctor 2,2023-01-03
P1500,Sandra,Rogers,Doctor 2,2023-01-03
P1535,Michelle,Cox,Doctor 2,2023-01-03
P1745,Sarah,Wilson,Doctor 3,2023-01-03
P1783,Angela,Lewis,Doctor 3,2023-01-03
P1794,James,Phillips,Doctor 3,2023-01-03
P1889,Elizabeth,Nelson,Doctor 3,2023-01-03
P1977,Ruth,Gomez,Doctor 2,2023-01-03
P1991,Mark,Ortiz,Doctor 1,2023-01-03
P2076,Kimberly,King,Doctor 1,2023-01-03
P2097,Helen,Young,Doctor 2,2023-01-03
P2126,Benjamin,Robinson,Doctor 2,2023-01-03
P2190,Deborah,Cox,Doctor 2,2023-01-03
P2259,Sarah,Phillips,Doctor 3,2023-01-03
P0090,Sandra,Cruz,Doctor 2,2023-01-04
P0090,Sandra,Cruz,Doctor 2,2023-01-04
P0105,Amy,Ruiz,Doctor 3,2023-01-04
P0168,Ruth,Taylor,Doctor 2,2023-01-04
P0245,Helen,Cruz,Doctor 2,2023-01-04
P0270,Melissa,King,Doctor 3,2023-01-04
P0449,Kevin,Ramirez,Doctor 1,2023-01-04
P0640,Tyler,Murphy,Doctor 1,2023-01-04
P0960,Virginia,Allen,Doctor 3,2023-01-04
P0999,Ryan,Castillo,Doctor 1,2023-01-04
P1031,Anthony,Morales,Doctor 3,2023-01-04
P1285,Matthew,Chavez,Doctor 3,2023-01-04
P1346,Sandra,Diaz,Doctor 3,2023-01-04
P1369,Brenda,Nguyen,Doctor 3,2023-01-04
P1435,Donald,Perez,Doctor 1,2023-01-04
P1482,Jonathan,Jones,Doctor 1,2023-01-04
P1484,Tyler,Morgan,Doctor 2,2023-01-04
P1535,Michelle,Cox,Doctor 2,2023-01-04
P1596,Robert,Wilson,Doctor 1,2023-01-04
P1650,Jonathan,Evans,Doctor 2,2023-01-04
P1838,Mark,Hall,Doctor 2,2023-01-04
P1963,Jennifer,Gray,Doctor 2,2023-01-04
P2030,Brian,Watson,Doctor 3,2023-01-04
P2219,Nancy,Rivera,Doctor 2,2023-01-04
P2294,William,Reyes,Doctor 3,2023-01-04
P0104,Susan,Ortiz,Doctor 2,2023-01-05
P0165,Charles,Hughes,Doctor 1,2023-01-05
P0250,Jose,Patel,Doctor 2,2023-01-05
P0352,Jacob,Bailey,Doctor 2,2023-01-05
P0489,Michelle,Patel,Doctor 3,2023-01-05
P0517,Donna,James,Doctor 2,2023-01-05
P0712,Elizabeth,Davis,Doctor 2,2023-01-05
P0723,Jason,Gray,Doctor 2,2023-01-05
P0753,Eric,Rogers,Doctor 2,2023-01-05
P0847,Nicholas,Martinez,Doctor 1,2023-01-05
P0977,Kenneth,Allen,Doctor 3,2023-01-05
P1076,Jacob,Roberts,Doctor 1,2023-01-05
P1086,Deborah,Taylor,Doctor 3,2023-01-05
P1129,Christopher,Wright,Doctor 1,2023-01-05
P1338,Gregory,Hernandez,Doctor 3,2023-01-05
P1483,Timothy,Ramos,Doctor 2,2023-01-05
P1592,Patricia,Nguyen,Doctor 2,2023-01-05
P1700,Tyler,Ortiz,Doctor 2,2023-01-05
P1721,Charles,Wood,Doctor 2,2023-01-05
P1931,Thomas,Smith,Doctor 1,2023-01-05
P1974,Kimberly,Mendoza,Doctor 3,2023-01-05
P2038,Gregory,Flores,Doctor 3,2023-01-05
P2171,Stephen,Chavez,Doctor 1,2023-01-05
P2179,Sarah,Perez,Doctor 2,2023-01-05
P2301,Jason,Diaz,Doctor 2,2023-01-05
P0037,Melissa,Lee,Doctor 1,2023-01-06
P0093,Kathleen,Chavez,Doctor 2,2023-01-06
P0106,Edward,Jones,Doctor 2,2023-01-06
P0127,Helen,Wright,Doctor 3,2023-01-06
P0366,Kathleen,Ramirez,Doctor 3,2023-01-06
P0388,Gregory,Howard,Doctor 3,2023-01-06
P0411,Kathleen,Young,Doctor 3,2023-01-06
P0498,Justin,Morales,Doctor 2,2023-01-06
P0699,Linda,Anderson,Doctor 1,2023-01-06
P0766,Thomas,Kim,Doctor 1,2023-01-06
P0789,Ryan,Reyes,Doctor 3,2023-01-06
P0901,Anna,Cooper,Doctor 3,2023-01-06
P0972,Brandon,Diaz,Doctor 3,2023-01-06
P1102,Melissa,Lewis,Doctor 2,2023-01-06
P1115,Virginia,Mendoza,Doctor 3,2023-01-06
P1224,Gregory,Reed,Doctor 2,2023-01-06
P1263,Eric,Cook,Doctor 2,2023-01-06
P1276,James,Adams,Doctor 2,2023-01-06
P1375,Angela,Watson,Doctor 3,2023-01-06
P1428,Frank,Kim,Doctor 3,2023-01-06
P1592,Patricia,Nguyen,Doctor 1,2023-01-06
P1762,Alexander,Gray,Doctor 1,2023-01-06
P1835,Nicholas,Sanchez,Doctor 2,2023-01-06
P1875,Samuel,Cooper,Doctor 1,2023-01-06
P1978,Laura,Miller,Doctor 2,2023-01-06
P1982,Rebecca,Thomas,Doctor 2,2023-01-06
P2032,Aaron,Gutierrez,Doctor 2,2023-01-06
P2035,James,Lee,Doctor 3,2023-01-06
P2187,Justin,Ortiz,Doctor 3,2023-01-06
P2198,Sarah,Mendoza,Doctor 1,2023-01-06
P2278,Jose,Walker,Doctor 1,2023-01-06
P0028,Sharon,Collins,Doctor 1,2023-01-07
P0116,Nancy,Williams,Doctor 2,2023-01-07
P0124,Carol,Green,Doctor 1,2023-01-07
P0134,Brian,Gutierrez,Doctor 1,2023-01-07
P0168,Ruth,Taylor,Doctor 2,2023-01-07
P0279,Jennifer,White,Doctor 3,2023-01-07
P0337,Michelle,Richardson,Doctor 2,2023-01-07
P0399,Frank,Taylor,Doctor 2,2023-01-07
P0424,Timothy,Smith,Doctor 3,2023-01-07
P0441,Susan,Evans,Doctor 1,2023-01-07
P0546,William,Anderson,Doctor 2,2023-01-07
P0550,Raymond,Myers,Doctor 1,2023-01-07
P0587,Amy,Gonzalez,Doctor 2,2023-01-07
P0602,Gregory,Miller,Doctor 1,2023-01-07
P0677,William,Wright,Doctor 3,2023-01-07
P0707,Jeffrey,Morales,Doctor 1,2023-01-07
P0736,Jason,Ramirez,Doctor 1,2023-01-07
P0738,Joshua,Sanchez,Doctor 1,2023-01-07
P0770,Kevin,Phillips,Doctor 3,2023-01-07
P0989,Benjamin,Flores,Doctor 3,2023-01-07
P1013,Elizabeth,Gray,Doctor 3,2023-01-07
P1036,Robert,Scott,Doctor 2,2023-01-07
P1056,Virginia,Gray,Doctor 2,2023-01-07
P1081,Patrick,Johnson,Doctor 3,2023-01-07
P1120,Benjamin,Hill,Doctor 2,2023-01-07
P1133,Sharon,Wright,Doctor 1,2023-01-07
P1141,Susan,Martinez,Doctor 1,2023-01-07
P1316,Jessica,Wood,Doctor 1,2023-01-07
P1344,Kenneth,Rodriguez,Doctor 2,2023-01-07
P1354,Richard,Clark,Doctor 1,2023-01-07
P1374,Kimberly,Thompson,Doctor 1,2023-01-07
P1402,Sarah,Martin,Doctor 1,2023-01-07
P1516,Lisa,Edwards,Doctor 2,2023-01-07
P1611,Helen,Thomas,Doctor 1,2023-01-07
P1619,Susan,Sanchez,Doctor 3,2023-01-07
P1632,Mark,Ruiz,Doctor 3,2023-01-07
P1713,Benjamin,Miller,Doctor 2,2023-01-07
P1885,Patricia,Jones,Doctor 1,2023-01-07
P1898,Ruth,White,Doctor 3,2023-01-07
P1921,George,Cook,Doctor 1,2023-01-07
P1933,Kevin,Smith,Doctor 3,2023-01-07
P1938,Brian,Parker,Doctor 2,2023-01-07
P2234,Patrick,White,Doctor 1,2023-01-07
P2246,Larry,Davis,Doctor 3,2023-01-07
P0110,Kenneth,Hernandez,Doctor 1,2023-01-08
P0125,Helen,Perez,Doctor 1,2023-01-08
P0190,Justin,Ramos,Doctor 2,2023-01-08
P0231,Ryan,Chavez,Doctor 3,2023-01-08
P0235,David,Ortiz,Doctor 3,2023-01-08
P0268,Karen,Chavez,Doctor 1,2023-01-08
P0310,Larry,Clark,Doctor 3,2023-01-08
P0319,Amy,Morgan,Doctor 3,2023-01-08
P0450,Nancy,Reed,Doctor 1,2023-01-08
P0531,Patricia,Patel,Doctor 2,2023-01-08
P0641,Brenda,Davis,Doctor 1,2023-01-08
P0690,Ruth,Rivera,Doctor 2,2023-01-08
P0765,Sandra,Harris,Doctor 1,2023-01-08
P0767,Aaron,Murphy,Doctor 2,2023-01-08
P0796,Christopher,Roberts,Doctor 2,2023-01-08
P0847,Nicholas,Martinez,Doctor 1,2023-01-08
P0988,Brenda,Patel,Doctor 3,2023-01-08
P1009,Eric,Flores,Doctor 3,2023-01-08
P1020,Aaron,Clark,Doctor 2,2023-01-08
P1126,Charles,Alvarez,Doctor 2,2023-01-08
P1223,Amy,Phillips,Doctor 2,2023-01-08
P1228,Lisa,Jones,Doctor 1,2023-01-08
P1485,Laura,Gomez,Doctor 1,2023-01-08
P1665,Daniel,Nguyen,Doctor 2,2023-01-08
P1754,Melissa,Nguyen,Doctor 2,2023-01-08
P1768,Alexander,Hall,Doctor 1,2023-01-08
P1840,David,Cox,Doctor 1,2023-01-08
P1870,Samuel,Harris,Doctor 2,2023-01-08
P2025,Rebecca,Hernandez,Doctor 2,2023-01-08
P2118,Jennifer,Flores,Doctor 1,2023-01-08
P2299,Daniel,Parker,Doctor 1,2023-01-08
P0081,Andrew,Morales,Doctor 3,2023-01-09
P0103,Andrew,Gray,Doctor 2,2023-01-09
P0110,Kenneth,Hernandez,Doctor 1,2023-01-09
P0119,Edward,Edwards,Doctor 2,2023-01-09
P0145,Christopher,Gonzalez,Doctor 2,2023-01-09
P0159,Tyler,Edwards,Doctor 3,2023-01-09
P0314,Elizabeth,Campbell,Doctor 2,2023-01-09
P0318,Virginia,Hughes,Doctor 1,2023-01-09
P0385,Timothy,Thompson,Doctor 1,2023-01-09
P0407,Kathleen,Bennett,Doctor 2,2023-01-09
P0504,Gregory,Ward,Doctor 2,2023-01-09
P0602,Gregory,Miller,Doctor 1,2023-01-09
P0629,Tyler,Mitchell,Doctor 3,2023-01-09
P0654,Emma,Bennett,Doctor 2,2023-01-09
P0789,Ryan,Reyes,Doctor 1,2023-01-09
P0829,Virginia,Ramos,Doctor 2,2023-01-09
P0913,Brian,Edwards,Doctor 1,2023-01-09
P0924,Anna,Hughes,Doctor 3,2023-01-09
P1069,Joshua,Miller,Doctor 3,2023-01-09
P1150,Scott,Perez,Doctor 2,2023-01-09
P1240,Jacob,Lewis,Doctor 3,2023-01-09
P1483,Timothy,Ramos,Doctor 2,2023-01-09
P1567,Alexander,Reyes,Doctor 1,2023-01-09
P1619,Susan,Sanchez,Doctor 1,2023-01-09
P1717,Edward,White,Doctor 3,2023-01-09
P1794,James,Phillips,Doctor 2,2023-01-09
P1811,Samuel,Evans,Doctor 3,2023-01-09
P1852,Dorothy,Wright,Doctor 2,2023-01-09
P1856,Karen,Collins,Doctor 3,2023-01-09
P2076,Kimberly,King,Doctor 1,2023-01-09
P2302,Alexander,Morris,Doctor 3,2023-01-09
P0059,Christopher,Garcia,Doctor 1,2023-01-10
P0089,Virginia,Reed,Doctor 2,2023-01-10
P0191,Donna,Hill,Doctor 2,2023-01-10
P0200,Edward,Rogers,Doctor 3,2023-01-10
P0342,Michelle,Reed,Doctor 2,2023-01-10
P0497,Thomas,Ward,Doctor 3,2023-01-10
P0508,Patricia,Myers,Doctor 2,2023-01-10
P0531,Patricia,Patel,Doctor 3,2023-01-10
P0553,Jessica,Campbell,Doctor 1,2023-01-10
P0725,Nancy,Ramos,Doctor 3,2023-01-10
P0966,Samuel,Young,Doctor 3,2023-01-10
P1072,Nancy,Stewart,Doctor 2,2023-01-10
P1098,Samuel,Lee,Doctor 2,2023-01-10
P1131,Donna,Castillo,Doctor 2,2023-01-10
P1253,Barbara,Kelly,Doctor 1,2023-01-10
P1318,Eric,Wilson,Doctor 2,2023-01-10
P1337,Betty,Evans,Doctor 2,2023-01-10
P1351,Jennifer,Hill,Doctor 3,2023-01-10
P1536,Deborah,Allen,Doctor 2,2023-01-10
P1584,John,Edwards,Doctor 1,2023-01-10
P1693,Angela,Reyes,Doctor 1,2023-01-10
P1701,Helen,Walker,Doctor 2,2023-01-10
P1748,Stephen,Sanders,Doctor 3,2023-01-10
P1795,Robert,Gonzalez,Doctor 2,2023-01-10
P1847,Laura,Rivera,Doctor 1,2023-01-10
P1877,Betty,Price,Doctor 2,2023-01-10
P1926,Stephen,Wood,Doctor 3,2023-01-10
P2052,Frank,Stewart,Doctor 3,2023-01-10
P2056,Shirley,Cook,Doctor 1,2023-01-10
P2065,Thomas,Martinez,Doctor 2,2023-01-10
P2138,Melissa,Castillo,Doctor 3,2023-01-10
P2144,Gregory,Johnson,Doctor 3,2023-01-10
P2147,Aaron,Young,Doctor 1,2023-01-10
P2152,Charles,Bennett,Doctor 2,2023-01-10
P2281,Laura,Bennett,Doctor 2,2023-01-10
P0007,Christopher,Rivera,Doctor 1,2023-01-11
P0017,Daniel,Morgan,Doctor 3,2023-01-11
P0065,Joseph,Morgan,Doctor 2,2023-01-11
P0068,Cynthia,Parker,Doctor 2,2023-01-11
P0114,Larry,Flores,Doctor 1,2023-01-11
P0159,Tyler,Edwards,Doctor 2,2023-01-11
P0180,Nicholas,Rodriguez,Doctor 2,2023-01-11
P0250,Jose,Patel,Doctor 2,2023-01-11
P0260,Karen,Sanchez,Doctor 3,2023-01-11
P0277,Cynthia,Thomas,Doctor 3,2023-01-11
P0278,Karen,Hall,Doctor 3,2023-01-11
P0350,Susan,Anderson,Doctor 1,2023-01-11
P0472,Angela,Sanchez,Doctor 1,2023-01-11
P0617,Donna,Peterson,Doctor 3,2023-01-11
P0685,Mary,Harris,Doctor 1,2023-01-11
P0750,Edward,Morris,Doctor 2,2023-01-11
P0770,Kevin,Phillips,Doctor 2,2023-01-11
P0848,Amy,Diaz,Doctor 2,2023-01-11
P0903,Sharon,Jackson,Doctor 2,2023-01-11
P1012,Tyler,Morris,Doctor 2,2023-01-11
P1020,Aaron,Clark,Doctor 2,2023-01-11
P1040,Laura,Cooper,Doctor 1,2023-01-11
P1111,Christopher,Robinson,Doctor 2,2023-01-11
P1265,Amy,Rogers,Doctor 1,2023-01-11
P1281,Michael,Wilson,Doctor 3,2023-01-11
P1335,Elizabeth,Hernandez,Doctor 2,2023-01-11
P1434,William,Brown,Doctor 2,2023-01-11
P1448,Jacob,Hill,Doctor 3,2023-01-11
P1461,Barbara,Reed,Doctor 1,2023-01-11
P1479,Edward,Kim,Doctor 1,2023-01-11
P1494,Kathleen,Price,Doctor 2,2023-01-11
P1569,Nancy,Myers,Doctor 1,2023-01-11
P1612,Frank,Myers,Doctor 2,2023-01-11
P1687,Jeffrey,Ramos,Doctor 3,2023-01-11
P1723,Anna,Reyes,Doctor 1,2023-01-11
P1810,Kenneth,Harris,Doctor 3,2023-01-11
P1822,Brenda,Reyes,Doctor 3,2023-01-11
P1854,Thomas,Myers,Doctor 1,2023-01-11
P1856,Karen,Collins,Doctor 3,2023-01-11
P1896,Kenneth,Anderson,Doctor 1,2023-01-11
P2102,Kimberly,Reed,Doctor 2,2023-01-11
P2136,Matthew,Cruz,Doctor 2,2023-01-11
P2259,Sarah,Phillips,Doctor 2,2023-01-11
P0297,Raymond,Rogers,Doctor 2,2023-01-12
P0353,Sandra,Bailey,Doctor 3,2023-01-12
P0361,Ruth,Young,Doctor 1,2023-01-12
P0446,Barbara,Davis,Doctor 1,2023-01-12
P0490,Thomas,Rivera,Doctor 1,2023-01-12
P0503,Susan,Wood,Doctor 1,2023-01-12
P0557,Laura,Brown,Doctor 2,2023-01-12
P0569,Jack,Gutierrez,Doctor 2,2023-01-12
P0575,Laura,Cruz,Doctor 3,2023-01-12
P0578,Frank,Gutierrez,Doctor 1,2023-01-12
P0677,William,Wright,Doctor 3,2023-01-12
P0791,Melissa,Baker,Doctor 3,2023-01-12
P0831,Sarah,Gonzalez,Doctor 2,2023-01-12
P0881,Eric,Howard,Doctor 3,2023-01-12
P0909,Matthew,Wright,Doctor 3,2023-01-12
P0961,Aaron,Evans,Doctor 3,2023-01-12
P1221,Barbara,Carter,Doctor 2,2023-01-12
P1222,Aaron,Wilson,Doctor 2,2023-01-12
P1223,Amy,Phillips,Doctor 2,2023-01-12
P1320,Dennis,Sanders,Doctor 2,2023-01-12
P1566,Elizabeth,Ortiz,Doctor 1,2023-01-12
P1595,Sharon,Peterson,Doctor 1,2023-01-12
P1601,Ryan,Richardson,Doctor 1,2023-01-12
P1618,Frank,Howard,Doctor 1,2023-01-12
P1682,Matthew,Murphy,Doctor 1,2023-01-12
P1791,Susan,Lee,Doctor 2,2023-01-12
P1834,Gary,Thompson,Doctor 1,2023-01-12
P1949,Jonathan,Brown,Doctor 3,2023-01-12
P2046,Scott,Jackson,Doctor 2,2023-01-12
P2078,Kimberly,Baker,Doctor 1,2023-01-12
P2154,Patrick,Phillips,Doctor 2,2023-01-12
P2173,Sarah,Anderson,Doctor 3,2023-01-12
P0001,Samuel,Torres,Doctor 1,2023-01-13
P0017,Daniel,Morgan,Doctor 3,2023-01-13
P0049,Steven,Carter,Doctor 2,2023-01-13
P0103,Andrew,Gray,Doctor 2,2023-01-13
P0309,Scott,Cruz,Doctor 2,2023-01-13
P0387,Shirley,Nelson,Doctor 2,2023-01-13
P0446,Barbara,Davis,Doctor 2,2023-01-13
P0524,Michelle,Kim,Doctor 3,2023-01-13
P0590,Matthew,Mitchell,Doctor 3,2023-01-13
P0739,Karen,Cox,Doctor 2,2023-01-13
P0918,Michael,Sanders,Doctor 3,2023-01-13
P0944,Mary,Collins,Doctor 2,2023-01-13
P1027,Lisa,Peterson,Doctor 2,2023-01-13
P1044,Eric,Taylor,Doctor 3,2023-01-13
P1083,Betty,Hughes,Doctor 1,2023-01-13
P1102,Melissa,Lewis,Doctor 2,2023-01-13
P1160,Ronald,Mitchell,Doctor 3,2023-01-13
P1242,Kevin,Young,Doctor 2,2023-01-13
P1263,Eric,Cook,Doctor 2,2023-01-13
P1271,Dennis,Sanchez,Doctor 2,2023-01-13
P1307,Dennis,Bennett,Doctor 2,2023-01-13
P1318,Eric,Wilson,Doctor 1,2023-01-13
P1325,Ronald,Thompson,Doctor 2,2023-01-13
P1395,Donald,Nelson,Doctor 3,2023-01-13
P1714,Ruth,Robinson,Doctor 2,2023-01-13
P1753,Thomas,Anderson,Doctor 3,2023-01-13
P2245,Laura,Phillips,Doctor 3,2023-01-13
P2259,Sarah,Phillips,Doctor 2,2023-01-13
P2261,Charles,Mendoza,Doctor 2,2023-01-13
P0046,John,Price,Doctor 3,2023-01-14
P0068,Cynthia,Parker,Doctor 2,2023-01-14
P0151,Sarah,Lee,Doctor 1,2023-01-14
P0177,Nancy,Parker,Doctor 2,2023-01-14
P0196,Thomas,Gomez,Doctor 3,2023-01-14
P0229,Alexander,Martinez,Doctor 2,2023-01-14
P0261,Donald,Lee,Doctor 3,2023-01-14
P0315,Michael,Chavez,Doctor 2,2023-01-14
P0365,Michelle,Morgan,Doctor 2,2023-01-14
P0412,Laura,Hall,Doctor 3,2023-01-14
P0413,Mark,White,Doctor 2,2023-01-14
P0416,Jeffrey,Castillo,Doctor 3,2023-01-14
P0459,Laura,Price,Doctor 3,2023-01-14
P0460,Virginia,Collins,Doctor 3,2023-01-14
P0505,Larry,Lewis,Doctor 3,2023-01-14
P0529,Mark,Harris,Doctor 1,2023-01-14
P0795,Timothy,Taylor,Doctor 2,2023-01-14
P0881,Eric,Howard,Doctor 3,2023-01-14
P1070,Benjamin,Gray,Doctor 2,2023-01-14
P1150,Scott,Perez,Doctor 1,2023-01-14
P1169,Christopher,King,Doctor 2,2023-01-14
P1203,Jack,Martin,Doctor 3,2023-01-14
P1236,Patrick,Martin,Doctor 3,2023-01-14
P1309,Larry,Johnson,Doctor 2,2023-01-14
P1393,Anthony,Rodriguez,Doctor 2,2023-01-14
P1425,William,Kelly,Doctor 3,2023-01-14
P1508,Gary,Nguyen,Doctor 1,2023-01-14
P1584,John,Edwards,Doctor 1,2023-01-14
P1655,Helen,Hernandez,Doctor 1,2023-01-14
P1763,Gary,Bennett,Doctor 2,2023-01-14
P1841,Sarah,Sanders,Doctor 2,2023-01-14
P1843,Dorothy,Baker,Doctor 1,2023-01-14
P1933,Kevin,Smith,Doctor 3,2023-01-14
P1983,Jonathan,Ramirez,Doctor 3,2023-01-14
P2201,Ruth,Diaz,Doctor 3,2023-01-14
P2214,Jose,Rivera,Doctor 1,2023-01-14
P2276,Kimberly,Scott,Doctor 3,2023-01-14
P2303,Tyler,Rodriguez,Doctor 2,2023-01-14
P0016,Matthew,Howard,Doctor 3,2023-01-15
P0032,Gary,Lewis,Doctor 1,2023-01-15
P0116,Nancy,Williams,Doctor 2,2023-01-15
P0159,Tyler,Edwards,Doctor 2,2023-01-15
P0232,Tyler,Kim,Doctor 3,2023-01-15
P0270,Melissa,King,Doctor 1,2023-01-15
P0272,Samuel,Taylor,Doctor 3,2023-01-15
P0297,Raymond,Rogers,Doctor 2,2023-01-15
P0335,Anthony,Morgan,Doctor 1,2023-01-15
P0525,Ryan,Wright,Doctor 3,2023-01-15
P0669,Cynthia,Castillo,Doctor 3,2023-01-15
P0773,Deborah,Bailey,Doctor 3,2023-01-15
P0879,Joshua,Jones,Doctor 1,2023-01-15
P1019,John,Kelly,Doctor 3,2023-01-15
P1023,Brenda,Ramirez,Doctor 1,2023-01-15
P1045,Kenneth,Sanders,Doctor 3,2023-01-15
P1121,Jerry,Rivera,Doctor 1,2023-01-15
P1144,Daniel,Scott,Doctor 3,2023-01-15
P1211,Sandra,Watson,Doctor 2,2023-01-15
P1227,Donna,White,Doctor 3,2023-01-15
P1323,Tyler,Jackson,Doctor 1,2023-01-15
P1649,Jennifer,Hall,Doctor 3,2023-01-15
P2013,Anthony,Myers,Doctor 3,2023-01-15
P2015,Sandra,Morales,Doctor 2,2023-01-15
P2049,Cynthia,Bennett,Doctor 3,2023-01-15
P2078,Kimberly,Baker,Doctor 3,2023-01-15
P2257,Richard,Flores,Doctor 2,2023-01-15
P0020,William,Edwards,Doctor 3,2023-01-16
P0045,Nancy,Bailey,Doctor 2,2023-01-16
P0082,Joshua,Lewis,Doctor 3,2023-01-16
P0153,Shirley,Johnson,Doctor 3,2023-01-16
P0196,Thomas,Gomez,Doctor 3,2023-01-16
P0213,Justin,Lee,Doctor 3,2023-01-16
P0336,Virginia,Nelson,Doctor 3,2023-01-16
P0420,Kevin,Lopez,Doctor 3,2023-01-16
P0441,Susan,Evans,Doctor 3,2023-01-16
P0447,Nancy,Smith,Doctor 2,2023-01-16
P0593,Karen,Reyes,Doctor 2,2023-01-16
P0773,Deborah,Bailey,Doctor 3,2023-01-16
P0823,Anthony,Walker,Doctor 2,2023-01-16
P0835,Rebecca,King,Doctor 2,2023-01-16
P0911,Cynthia,Lee,Doctor 1,2023-01-16
P1217,Barbara,Hall,Doctor 1,2023-01-16
P1325,Ronald,Thompson,Doctor 2,2023-01-16
P1484,Tyler,Morgan,Doctor 2,2023-01-16
P1677,Gregory,Perez,Doctor 3,2023-01-16
P1709,Jack,Ramirez,Doctor 3,2023-01-16
P1746,Eric,Watson,Doctor 2,2023-01-16
P1821,Patricia,Torres,Doctor 1,2023-01-16
P1859,Elizabeth,Myers,Doctor 3,2023-01-16
P1886,Mark,Morgan,Doctor 2,2023-01-16
P1914,Jessica,Perez,Doctor 1,2023-01-16
P2184,Jack,Evans,Doctor 3,2023-01-16
P2254,Emma,Myers,Doctor 1,2023-01-16
P0147,Andrew,White,Doctor 1,2023-01-17
P0178,Anthony,Jackson,Doctor 2,2023-01-17
P0199,Betty,Richardson,Doctor 2,2023-01-17
P0218,Joshua,Collins,Doctor 2,2023-01-17
P0257,Charles,Brown,Doctor 2,2023-01-17
P0455,John,Peterson,Doctor 2,2023-01-17
P0504,Gregory,Ward,Doctor 2,2023-01-17
P0553,Jessica,Campbell,Doctor 3,2023-01-17
P0672,Donald,Morales,Doctor 2,2023-01-17
P0675,Barbara,Ruiz,Doctor 2,2023-01-17
P0730,Dennis,Ward,Doctor 1,2023-01-17
P0751,Sandra,Edwards,Doctor 3,2023-01-17
P0933,Jack,Green,Doctor 3,2023-01-17
P0980,Lisa,Rodriguez,Doctor 2,2023-01-17
P1188,Mark,Bennett,Doctor 2,2023-01-17
P1330,Nancy,Gomez,Doctor 3,2023-01-17
P1597,Jessica,Davis,Doctor 1,2023-01-17
P1739,James,Campbell,Doctor 2,2023-01-17
P1750,Justin,Walker,Doctor 2,2023-01-17
P1893,Elizabeth,Ruiz,Doctor 1,2023-01-17
P1893,Elizabeth,Ruiz,Doctor 2,2023-01-17
P1921,George,Cook,Doctor 1,2023-01-17
P2114,Brenda,Clark,Doctor 1,2023-01-17
P2123,Joshua,Wood,Doctor 3,2023-01-17
P2134,Elizabeth,King,Doctor 2,2023-01-17
P2247,Ryan,Rogers,Doctor 3,2023-01-17
P2274,Sarah,Evans,Doctor 2,2023-01-17
P2280,Jerry,Hill,Doctor 1,2023-01-17
P2298,William,Carter,Doctor 1,2023-01-17
P0151,Sarah,Lee,Doctor 1,2023-01-18
P0275,Amy,Wilson,Doctor 2,2023-01-18
P0356,Lisa,Hill,Doctor 3,2023-01-18
P0437,Sharon,Ramos,Doctor 2,2023-01-18
P0439,Sandra,Roberts,Doctor 3,2023-01-18
P0479,Ronald,Hughes,Doctor 3,2023-01-18
P0576,Jeffrey,Jackson,Doctor 1,2023-01-18
P0582,Alexander,Clark,Doctor 1,2023-01-18
P0744,Larry,Rogers,Doctor 2,2023-01-18
P0963,David,Stewart,Doctor 2,2023-01-18
P1059,Tyler,James,Doctor 1,2023-01-18
P1080,Nicholas,Evans,Doctor 2,2023-01-18
P1137,Amy,Morris,Doctor 1,2023-01-18
P1172,Gary,Sanchez,Doctor 3,2023-01-18
P1580,Donald,Carter,Doctor 1,2023-01-18
P1822,Brenda,Reyes,Doctor 3,2023-01-18
P1827,Laura,James,Doctor 3,2023-01-18
P1839,Lisa,Reyes,Doctor 1,2023-01-18
P1860,Stephen,Martinez,Doctor 2,2023-01-18
P1867,Ronald,Edwards,Doctor 1,2023-01-18
P2003,Sarah,Thompson,Doctor 2,2023-01-18
P2031,Richard,Harris,Doctor 3,2023-01-18
P2077,James,White,Doctor 1,2023-01-18
P2188,Jeffrey,Brooks,Doctor 1,2023-01-18
P0129,Alexander,Hernandez,Doctor 1,2023-01-19
P0293,Thomas,Allen,Doctor 2,2023-01-19
P0315,Michael,Chavez,Doctor 2,2023-01-19
P0330,Helen,Ortiz,Doctor 3,2023-01-19
P0331,Tyler,Torres,Doctor 3,2023-01-19
P0479,Ronald,Hughes,Doctor 3,2023-01-19
P0496,Angela,Ramirez,Doctor 1,2023-01-19
P0727,Samuel,White,Doctor 3,2023-01-19
P0825,Sarah,Diaz,Doctor 2,2023-01-19
P0960,Virginia,Allen,Doctor 2,2023-01-19
P0988,Brenda,Patel,Doctor 3,2023-01-19
P1044,Eric,Taylor,Doctor 2,2023-01-19
P1061,Jason,Ortiz,Doctor 2,2023-01-19
P1179,Sarah,Harris,Doctor 2,2023-01-19
P1288,Lisa,Nguyen,Doctor 2,2023-01-19
P1365,Mark,Collins,Doctor 1,2023-01-19
P1469,Tyler,Harris,Doctor 3,2023-01-19
P1528,Sarah,Carter,Doctor 2,2023-01-19
P1566,Elizabeth,Ortiz,Doctor 1,2023-01-19
P1593,Nicholas,Morgan,Doctor 3,2023-01-19
P1618,Frank,Howard,Doctor 3,2023-01-19
P1689,Jose,Morris,Doctor 1,2023-01-19
P1899,Shirley,Evans,Doctor 2,2023-01-19
P2029,Alexander,Wood,Doctor 3,2023-01-19
P2067,Cynthia,Garcia,Doctor 2,2023-01-19
P2129,Jessica,Sanders,Doctor 1,2023-01-19
P2150,Karen,Reed,Doctor 2,2023-01-19
P2157,Charles,Jones,Doctor 1,2023-01-19
P2234,Patrick,White,Doctor 1,2023-01-19
P2240,Charles,Patel,Doctor 2,2023-01-19
P2251,Sarah,Hernandez,Doctor 2,2023-01-19
P0165,Charles,Hughes,Doctor 1,2023-01-20
P0189,Jonathan,Roberts,Doctor 3,2023-01-20
P0231,Ryan,Chavez,Doctor 3,2023-01-20
P0279,Jennifer,White,Doctor 3,2023-01-20
P0363,Kimberly,Clark,Doctor 1,2023-01-20
P0392,Samuel,Bailey,Doctor 2,2023-01-20
P0398,Helen,Lopez,Doctor 3,2023-01-20
P0628,Steven,Ortiz,Doctor 3,2023-01-20
P0633,Carol,Rodriguez,Doctor 1,2023-01-20
P0712,Elizabeth,Davis,Doctor 2,2023-01-20
P0723,Jason,Gray,Doctor 2,2023-01-20
P0755,Aaron,Sanders,Doctor 3,2023-01-20
P0781,Frank,Cox,Doctor 2,2023-01-20
P0822,Ryan,Young,Doctor 3,2023-01-20
P0918,Michael,Sanders,Doctor 3,2023-01-20
P0929,David,Watson,Doctor 1,2023-01-20
P0930,Brian,Taylor,Doctor 2,2023-01-20
P0951,Sharon,Castillo,Doctor 1,2023-01-20
P0966,Samuel,Young,Doctor 3,2023-01-20
P1092,Eric,Edwards,Doctor 1,2023-01-20
P1180,Lisa,Green,Doctor 2,2023-01-20
P1351,Jennifer,Hill,Doctor 3,2023-01-20
P1363,John,Anderson,Doctor 3,2023-01-20
P1504,Anna,Martin,Doctor 1,2023-01-20
P1808,Sandra,Alvarez,Doctor 1,2023-01-20
P1895,Kimberly,Phillips,Doctor 3,2023-01-20
P1942,Laura,Jackson,Doctor 3,2023-01-20
P2051,Donna,Alvarez,Doctor 3,2023-01-20
P2085,Richard,Cruz,Doctor 3,2023-01-20
P2089,Michelle,Thomas,Doctor 2,2023-01-20
P2103,Betty,Flores,Doctor 3,2023-01-20
P2127,Jeffrey,Johnson,Doctor 2,2023-01-20
P2217,Donna,Edwards,Doctor 3,2023-01-20
P2218,Jeffrey,Nelson,Doctor 1,2023-01-20
P2248,Daniel,Ruiz,Doctor 1,2023-01-20
P2281,Laura,Bennett,Doctor 3,2023-01-20
P0091,Kevin,Stewart,Doctor 1,2023-01-21
P0134,Brian,Gutierrez,Doctor 1,2023-01-21
P0157,Deborah,Davis,Doctor 1,2023-01-21
P0191,Donna,Hill,Doctor 2,2023-01-21
P0327,Karen,Allen,Doctor 2,2023-01-21
P0471,Susan,Castillo,Doctor 2,2023-01-21
P0510,Nancy,Lee,Doctor 3,2023-01-21
P0595,Deborah,Watson,Doctor 2,2023-01-21
P0716,Helen,Williams,Doctor 1,2023-01-21
P0785,Brandon,Ward,Doctor 2,2023-01-21
P0826,Amy,Martinez,Doctor 1,2023-01-21
P0956,Amy,Parker,Doctor 2,2023-01-21
P0975,Susan,Chavez,Doctor 2,2023-01-21
P1049,Laura,Garcia,Doctor 1,2023-01-21
P1105,Betty,Wilson,Doctor 1,2023-01-21
P1244,Matthew,Miller,Doctor 2,2023-01-21
P1379,Laura,Adams,Doctor 1,2023-01-21
P1436,Richard,Hall,Doctor 3,2023-01-21
P1447,Jack,Kim,Doctor 3,2023-01-21
P1540,Frank,Martinez,Doctor 2,2023-01-21
P1547,Justin,Chavez,Doctor 1,2023-01-21
P1619,Susan,Sanchez,Doctor 1,2023-01-21
P1708,William,Cook,Doctor 3,2023-01-21
P1784,Aaron,Castillo,Doctor 3,2023-01-21
P2000,Nicholas,Thomas,Doctor 3,2023-01-21
P2062,Andrew,Rodriguez,Doctor 3,2023-01-21
P2143,Joseph,White,Doctor 3,2023-01-21
P2164,Dennis,Adams,Doctor 3,2023-01-21
P2273,Patrick,King,Doctor 1,2023-01-21
P0145,Christopher,Gonzalez,Doctor 2,2023-01-22
P0253,Samuel,Adams,Doctor 2,2023-01-22
P0256,Charles,Reed,Doctor 2,2023-01-22
P0290,Lisa,Scott,Doctor 2,2023-01-22
P0323,Nancy,Anderson,Doctor 3,2023-01-22
P0371,Eric,Rivera,Doctor 2,2023-01-22
P0511,William,Johnson,Doctor 3,2023-01-22
P0547,Nancy,Thomas,Doctor 3,2023-01-22
P0604,Mary,Hughes,Doctor 2,2023-01-22
P0953,Michelle,Alvarez,Doctor 3,2023-01-22
P0982,Ryan,Jackson,Doctor 3,2023-01-22
P1159,Aaron,Carter,Doctor 2,2023-01-22
P1227,Donna,White,Doctor 3,2023-01-22
P1235,Larry,Diaz,Doctor 3,2023-01-22
P1240,Jacob,Lewis,Doctor 3,2023-01-22
P1600,Sandra,Hernandez,Doctor 2,2023-01-22
P1601,Ryan,Richardson,Doctor 1,2023-01-22
P1728,Samuel,Turner,Doctor 2,2023-01-22
P1770,Ronald,Roberts,Doctor 2,2023-01-22
P1772,Tyler,Williams,Doctor 3,2023-01-22
P1861,Sharon,Clark,Doctor 3,2023-01-22
P1926,Stephen,Wood,Doctor 1,2023-01-22
P1941,Stephen,Evans,Doctor 3,2023-01-22
P2007,Jose,Anderson,Doctor 1,2023-01-22
P2013,Anthony,Myers,Doctor 3,2023-01-22
P2130,Shirley,Richardson,Doctor 3,2023-01-22
P2221,Michael,Robinson,Doctor 2,2023-01-22
P0044,Helen,Anderson,Doctor 1,2023-01-23
P0074,Kenneth,Myers,Doctor 2,2023-01-23
P0076,Jennifer,Baker,Doctor 3,2023-01-23
P0109,Anthony,Carter,Doctor 1,2023-01-23
P0154,Patricia,Wood,Doctor 2,2023-01-23
P0204,Jose,Ramirez,Doctor 2,2023-01-23
P0243,Laura,Robinson,Doctor 1,2023-01-23
P0488,David,Bailey,Doctor 1,2023-01-23
P0512,Tyler,Carter,Doctor 2,2023-01-23
P0548,Larry,Ruiz,Doctor 2,2023-01-23
P0647,David,Kelly,Doctor 3,2023-01-23
P0710,Anna,Jones,Doctor 1,2023-01-23
P0842,Larry,Hall,Doctor 3,2023-01-23
P0849,Jonathan,Williams,Doctor 1,2023-01-23
P0893,Larry,Carter,Doctor 1,2023-01-23
P1003,Brandon,Green,Doctor 3,2023-01-23
P1005,Scott,Parker,Doctor 2,2023-01-23
P1014,Lisa,Brooks,Doctor 3,2023-01-23
P1075,Gary,Nelson,Doctor 2,2023-01-23
P1226,Robert,Phillips,Doctor 2,2023-01-23
P1270,Sharon,Davis,Doctor 3,2023-01-23
P1280,Ryan,Sanchez,Doctor 2,2023-01-23
P1284,Michelle,Johnson,Doctor 2,2023-01-23
P1361,Deborah,Johnson,Doctor 2,2023-01-23
P1542,Elizabeth,Thompson,Doctor 3,2023-01-23
P1557,Jose,Garcia,Doctor 2,2023-01-23
P1678,Samuel,Ortiz,Doctor 2,2023-01-23
P1692,Larry,Murphy,Doctor 1,2023-01-23
P1702,Sandra,Green,Doctor 2,2023-01-23
P1716,Dennis,Mitchell,Doctor 1,2023-01-23
P1777,Thomas,Lee,Doctor 3,2023-01-23
P1796,Gary,Hall,Doctor 2,2023-01-23
P1987,Christopher,Murphy,Doctor 2,2023-01-23
P1988,Betty,Morris,Doctor 3,2023-01-23
P2069,Jose,Smith,Doctor 3,2023-01-23
P2088,Joshua,Kelly,Doctor 3,2023-01-23
P0222,Ruth,Rodriguez,Doctor 2,2023-01-24
P0243,Laura,Robinson,Doctor 1,2023-01-24
P0248,Jessica,Kim,Doctor 2,2023-01-24
P0258,Patrick,Collins,Doctor 2,2023-01-24
P0349,Jack,Anderson,Doctor 1,2023-01-24
P0601,Timothy,Rodriguez,Doctor 3,2023-01-24
P0665,William,Collins,Doctor 3,2023-01-24
P0722,Daniel,Mitchell,Doctor 3,2023-01-24
P0778,Tyler,Morales,Doctor 2,2023-01-24
P0843,Angela,Jackson,Doctor 3,2023-01-24
P0869,Ruth,Thomas,Doctor 1,2023-01-24
P1086,Deborah,Taylor,Doctor 1,2023-01-24
P1092,Eric,Edwards,Doctor 1,2023-01-24
P1102,Melissa,Lewis,Doctor 1,2023-01-24
P1139,George,Turner,Doctor 1,2023-01-24
P1158,Dorothy,Gonzalez,Doctor 3,2023-01-24
P1308,Carol,Sanchez,Doctor 1,2023-01-24
P1432,Jennifer,Martinez,Doctor 3,2023-01-24
P1474,Kimberly,White,Doctor 2,2023-01-24
P1497,Brenda,Moore,Doctor 2,2023-01-24
P1537,Jeffrey,Gonzalez,Doctor 2,2023-01-24
P1648,Ruth,Lewis,Doctor 3,2023-01-24
P1740,Sharon,Moore,Doctor 3,2023-01-24
P1790,Anthony,Gonzalez,Doctor 1,2023-01-24
P1948,Timothy,Edwards,Doctor 3,2023-01-24
P1952,Brandon,Adams,Doctor 2,2023-01-24
P2045,Alexander,Ramos,Doctor 1,2023-01-24
P2099,Justin,Morgan,Doctor 3,2023-01-24
P2117,Nancy,Adams,Doctor 3,2023-01-24
P2174,Raymond,Lewis,Doctor 2,2023-01-24
P2283,Kenneth,Clark,Doctor 1,2023-01-24
P0158,Steven,Martin,Doctor 1,2023-01-25
P0187,Anna,Cruz,Doctor 3,2023-01-25
P0472,Angela,Sanchez,Doctor 1,2023-01-25
P0624,Sarah,Hill,Doctor 3,2023-01-25
P0753,Eric,Rogers,Doctor 2,2023-01-25
P0813,John,Wright,Doctor 1,2023-01-25
P0823,Anthony,Walker,Doctor 2,2023-01-25
P0910,Jack,Johnson,Doctor 2,2023-01-25
P1183,Benjamin,Williams,Doctor 3,2023-01-25
P1381,Jeffrey,Collins,Doctor 1,2023-01-25
P1394,Alexander,Wilson,Doctor 1,2023-01-25
P1442,James,Wright,Doctor 2,2023-01-25
P1476,Betty,Myers,Doctor 2,2023-01-25
P1706,Timothy,Phillips,Doctor 3,2023-01-25
P1724,Benjamin,Rivera,Doctor 2,2023-01-25
P1739,James,Campbell,Doctor 2,2023-01-25
P2018,Ruth,Phillips,Doctor 1,2023-01-25
P2072,Angela,Phillips,Doctor 1,2023-01-25
P2079,Matthew,Bennett,Doctor 3,2023-01-25
P2148,Jacob,King,Doctor 1,2023-01-25
P2204,Lisa,Ward,Doctor 1,2023-01-25
P2210,Michelle,Torres,Doctor 1,2023-01-25
P0038,Michelle,Morris,Doctor 1,2023-01-26
P0096,Sharon,Johnson,Doctor 2,2023-01-26
P0133,Dorothy,Sanders,Doctor 2,2023-01-26
P0269,Sharon,Miller,Doctor 1,2023-01-26
P0338,Cynthia,Nguyen,Doctor 3,2023-01-26
P0482,Donald,Reyes,Doctor 3,2023-01-26
P0614,Elizabeth,Phillips,Doctor 2,2023-01-26
P0618,Richard,Murphy,Doctor 3,2023-01-26
P0627,Linda,Morales,Doctor 1,2023-01-26
P0631,Mary,Wilson,Doctor 3,2023-01-26
P0798,Karen,King,Doctor 2,2023-01-26
P0799,Charles,Smith,Doctor 2,2023-01-26
P0812,Sarah,Taylor,Doctor 2,2023-01-26
P0820,Joseph,Patel,Doctor 3,2023-01-26
P0844,Michelle,Garcia,Doctor 3,2023-01-26
P0851,Timothy,Sanchez,Doctor 3,2023-01-26
P0891,Brian,Ortiz,Doctor 3,2023-01-26
P0969,Jack,Mitchell,Doctor 1,2023-01-26
P1001,Ryan,Wood,Doctor 3,2023-01-26
P1154,Jason,Hall,Doctor 1,2023-01-26
P1191,Helen,Kelly,Doctor 2,2023-01-26
P1290,Brandon,Moore,Doctor 1,2023-01-26
P1291,Betty,Baker,Doctor 3,2023-01-26
P1304,Robert,Morales,Doctor 3,2023-01-26
P1399,Helen,Cooper,Doctor 3,2023-01-26
P1508,Gary,Nguyen,Doctor 1,2023-01-26
P1526,Michael,Young,Doctor 2,2023-01-26
P1613,Kathleen,Mendoza,Doctor 3,2023-01-26
P1779,Deborah,Alvarez,Doctor 3,2023-01-26
P1804,Kevin,Gray,Doctor 1,2023-01-26
P1993,Charles,Morris,Doctor 1,2023-01-26
P2122,George,Ward,Doctor 3,2023-01-26
P2192,Deborah,Miller,Doctor 1,2023-01-26
P2216,Joshua,Edwards,Doctor 3,2023-01-26
P2276,Kimberly,Scott,Doctor 3,2023-01-26
P0111,Nancy,Ortiz,Doctor 1,2023-01-27
P0111,Nancy,Ortiz,Doctor 3,2023-01-27
P0180,Nicholas,Rodriguez,Doctor 2,2023-01-27
P0365,Michelle,Morgan,Doctor 2,2023-01-27
P0375,Samuel,Alvarez,Doctor 2,2023-01-27
P0520,Laura,Reyes,Doctor 1,2023-01-27
P0583,John,Cox,Doctor 2,2023-01-27
P0714,Aaron,Mendoza,Doctor 1,2023-01-27
P0717,Jessica,Hernandez,Doctor 1,2023-01-27
P0795,Timothy,Taylor,Doctor 1,2023-01-27
P0897,Helen,Lee,Doctor 3,2023-01-27
P0898,Robert,Rivera,Doctor 3,2023-01-27
P0999,Ryan,Castillo,Doctor 1,2023-01-27
P1099,Aaron,Sanchez,Doctor 2,2023-01-27
P1144,Daniel,Scott,Doctor 3,2023-01-27
P1149,Aaron,Cox,Doctor 2,2023-01-27
P1228,Lisa,Jones,Doctor 1,2023-01-27
P1305,Joseph,Williams,Doctor 3,2023-01-27
P1413,Jeffrey,Brown,Doctor 2,2023-01-27
P1704,Jason,Wilson,Doctor 1,2023-01-27
P1803,Sandra,Wood,Doctor 3,2023-01-27
P1887,Joshua,Wright,Doctor 2,2023-01-27
P1959,Kimberly,Lewis,Doctor 1,2023-01-27
P1995,Elizabeth,Cook,Doctor 2,2023-01-27
P2068,Robert,Thompson,Doctor 2,2023-01-27
P2119,John,Johnson,Doctor 3,2023-01-27
P2171,Stephen,Chavez,Doctor 1,2023-01-27
P0031,Samuel,Bennett,Doctor 3,2023-01-28
P0047,Thomas,Lewis,Doctor 1,2023-01-28
P0289,Matthew,Roberts,Doctor 2,2023-01-28
P0324,Carol,Lee,Doctor 2,2023-01-28
P0476,Helen,Davis,Doctor 3,2023-01-28
P0530,Kathleen,Adams,Doctor 2,2023-01-28
P0614,Elizabeth,Phillips,Doctor 2,2023-01-28
P0661,Shirley,Ward,Doctor 3,2023-01-28
P0952,Eric,Mendoza,Doctor 2,2023-01-28
P0963,David,Stewart,Doctor 3,2023-01-28
P0977,Kenneth,Allen,Doctor 1,2023-01-28
P1060,Sarah,Davis,Doctor 2,2023-01-28
P1126,Charles,Alvarez,Doctor 1,2023-01-28
P1245,Jerry,White,Doctor 1,2023-01-28
P1308,Carol,Sanchez,Doctor 1,2023-01-28
P1315,Matthew,Reyes,Doctor 2,2023-01-28
P1375,Angela,Watson,Doctor 2,2023-01-28
P1507,Andrew,Richardson,Doctor 2,2023-01-28
P1510,Dennis,Hughes,Doctor 2,2023-01-28
P1521,Larry,Cook,Doctor 1,2023-01-28
P1523,Jeffrey,Sanders,Doctor 1,2023-01-28
P1609,Carol,Roberts,Doctor 1,2023-01-28
P1730,Samuel,Chavez,Doctor 1,2023-01-28
P1756,Rebecca,Richardson,Doctor 3,2023-01-28
P1761,Nancy,Perez,Doctor 2,2023-01-28
P1822,Brenda,Reyes,Doctor 3,2023-01-28
P1966,Frank,Johnson,Doctor 1,2023-01-28
P2043,Laura,Evans,Doctor 1,2023-01-28
P2121,Gregory,Green,Doctor 2,2023-01-28
P2138,Melissa,Castillo,Doctor 3,2023-01-28
P2150,Karen,Reed,Doctor 2,2023-01-28
P2203,Larry,Roberts,Doctor 3,2023-01-28
P2244,Michelle,Howard,Doctor 3,2023-01-28
P2289,Larry,Rodriguez,Doctor 3,2023-01-28
P0002,Betty,Castillo,Doctor 3,2023-01-29
P0041,Deborah,Green,Doctor 2,2023-01-29
P0056,Nancy,Hernandez,Doctor 3,2023-01-29
P0084,Shirley,Taylor,Doctor 1,2023-01-29
P0122,Richard,Sanchez,Doctor 3,2023-01-29
P0181,Angela,Wilson,Doctor 1,2023-01-29
P0233,Jonathan,Gonzalez,Doctor 2,2023-01-29
P0238,Laura,Ortiz,Doctor 3,2023-01-29
P0294,Patrick,Parker,Doctor 1,2023-01-29
P0307,Raymond,Gutierrez,Doctor 2,2023-01-29
P0308,Cynthia,Rogers,Doctor 1,2023-01-29
P0318,Virginia,Hughes,Doctor 2,2023-01-29
P0346,Brandon,Nelson,Doctor 3,2023-01-29
P0588,Steven,Richardson,Doctor 1,2023-01-29
P0620,Jeffrey,Hernandez,Doctor 2,2023-01-29
P0627,Linda,Morales,Doctor 1,2023-01-29
P0744,Larry,Rogers,Doctor 1,2023-01-29
P0768,Sarah,Rodriguez,Doctor 1,2023-01-29
P0826,Amy,Martinez,Doctor 3,2023-01-29
P0846,Tyler,Reyes,Doctor 1,2023-01-29
P0922,Sharon,James,Doctor 1,2023-01-29
P0955,Susan,Walker,Doctor 1,2023-01-29
P0976,Patricia,Peterson,Doctor 1,2023-01-29
P1219,Daniel,Bennett,Doctor 3,2023-01-29
P1397,Kimberly,Alvarez,Doctor 3,2023-01-29
P1456,Kathleen,Ortiz,Doctor 1,2023-01-29
P1482,Jonathan,Jones,Doctor 1,2023-01-29
P1546,Jacob,Morales,Doctor 1,2023-01-29
P1652,Steven,King,Doctor 3,2023-01-29
P1687,Jeffrey,Ramos,Doctor 1,2023-01-29
P1700,Tyler,Ortiz,Doctor 2,2023-01-29
P1762,Alexander,Gray,Doctor 1,2023-01-29
P1773,Virginia,Rogers,Doctor 3,2023-01-29
P1829,Charles,Torres,Doctor 1,2023-01-29
P1876,Nicholas,Cook,Doctor 3,2023-01-29
P1954,Tyler,Scott,Doctor 3,2023-01-29
P1964,Patrick,Hill,Doctor 1,2023-01-29
P2028,Laura,Lee,Doctor 1,2023-01-29
P2046,Scott,Jackson,Doctor 3,2023-01-29
P2049,Cynthia,Bennett,Doctor 3,2023-01-29
P2065,Thomas,Martinez,Doctor 2,2023-01-29
P2087,Karen,Walker,Doctor 2,2023-01-29
P2152,Charles,Bennett,Doctor 3,2023-01-29
P2196,Sharon,Taylor,Doctor 3,2023-01-29
P2229,Angela,Nguyen,Doctor 3,2023-01-29
P2256,Ryan,Baker,Doctor 2,2023-01-29
P0069,Sarah,Roberts,Doctor 3,2023-01-30
P0188,Jonathan,Thomas,Doctor 2,2023-01-30
P0209,John,Scott,Doctor 1,2023-01-30
P0361,Ruth,Young,Doctor 1,2023-01-30
P0370,Gary,James,Doctor 3,2023-01-30
P0385,Timothy,Thompson,Doctor 1,2023-01-30
P0396,Mary,Price,Doctor 1,2023-01-30
P0423,Mary,Cox,Doctor 2,2023-01-30
P0511,William,Johnson,Doctor 3,2023-01-30
P0648,Kimberly,Allen,Doctor 1,2023-01-30
P0765,Sandra,Harris,Doctor 1,2023-01-30
P0920,Karen,Stewart,Doctor 1,2023-01-30
P1013,Elizabeth,Gray,Doctor 2,2023-01-30
P1025,Benjamin,Bailey,Doctor 3,2023-01-30
P1091,Cynthia,Mendoza,Doctor 2,2023-01-30
P1137,Amy,Morris,Doctor 1,2023-01-30
P1190,Brandon,King,Doctor 2,2023-01-30
P1257,Deborah,Cook,Doctor 3,2023-01-30
P1358,Ryan,Evans,Doctor 2,2023-01-30
P1374,Kimberly,Thompson,Doctor 1,2023-01-30
P1440,Larry,Edwards,Doctor 3,2023-01-30
P1441,Kimberly,Miller,Doctor 1,2023-01-30
P1567,Alexander,Reyes,Doctor 2,2023-01-30
P1670,Donald,Evans,Doctor 3,2023-01-30
P1698,Kimberly,Taylor,Doctor 1,2023-01-30
P1711,Sarah,Robinson,Doctor 2,2023-01-30
P1750,Justin,Walker,Doctor 2,2023-01-30
P1773,Virginia,Rogers,Doctor 1,2023-01-30
P1810,Kenneth,Harris,Doctor 3,2023-01-30
P1814,Kimberly,Davis,Doctor 3,2023-01-30
P1890,Daniel,Myers,Doctor 2,2023-01-30
P2043,Laura,Evans,Doctor 1,2023-01-30
P2105,Aaron,Cruz,Doctor 3,2023-01-30
P0017,Daniel,Morgan,Doctor 1,2023-01-31
P0156,George,Campbell,Doctor 2,2023-01-31
P0240,Jerry,Sanders,Doctor 2,2023-01-31
P0264,Sharon,Lopez,Doctor 1,2023-01-31
P0304,Betty,Williams,Doctor 3,2023-01-31
P0319,Amy,Morgan,Doctor 3,2023-01-31
P0338,Cynthia,Nguyen,Doctor 1,2023-01-31
P0358,Jason,Martinez,Doctor 3,2023-01-31
P0406,Sharon,Alvarez,Doctor 2,2023-01-31
P0447,Nancy,Smith,Doctor 2,2023-01-31
P0490,Thomas,Rivera,Doctor 1,2023-01-31
P0521,Patricia,Brooks,Doctor 3,2023-01-31
P0537,Patricia,White,Doctor 1,2023-01-31
P0547,Nancy,Thomas,Doctor 3,2023-01-31
P0707,Jeffrey,Morales,Doctor 1,2023-01-31
P0885,Thomas,Carter,Doctor 2,2023-01-31
P0915,Carol,Brooks,Doctor 3,2023-01-31
P0920,Karen,Stewart,Doctor 1,2023-01-31
P1006,David,Walker,Doctor 3,2023-01-31
P1181,Jack,Lopez,Doctor 2,2023-01-31
P1195,Raymond,Rodriguez,Doctor 3,2023-01-31
P1282,Brian,Reed,Doctor 1,2023-01-31
P1285,Matthew,Chavez,Doctor 3,2023-01-31
P1313,Gary,Peterson,Doctor 2,2023-01-31
P1371,William,Torres,Doctor 2,2023-01-31
P1466,Anthony,Smith,Doctor 3,2023-01-31
P1481,Samuel,Sanchez,Doctor 2,2023-01-31
P1535,Michelle,Cox,Doctor 2,2023-01-31
P1571,Benjamin,Gonzalez,Doctor 2,2023-01-31
P1732,Emma,Lewis,Doctor 1,2023-01-31
P1736,Donna,Allen,Doctor 2,2023-01-31
P1749,Ruth,Brown,Doctor 3,2023-01-31
P1785,Kimberly,Perez,Doctor 1,2023-01-31
P1797,Anna,Anderson,Doctor 2,2023-01-31
P1904,Nancy,King,Doctor 3,2023-01-31
P1986,Eric,King,Doctor 3,2023-01-31
P1989,Mary,Murphy,Doctor 1,2023-01-31
P2101,Joshua,Garcia,Doctor 3,2023-01-31
P2129,Jessica,Sanders,Doctor 3,2023-01-31
P2294,William,Reyes,Doctor 3,2023-01-31
P0080,Mary,Morales,Doctor 2,2023-02-01
P0116,Nancy,Williams,Doctor 2,2023-02-01
P0197,Dorothy,Anderson,Doctor 1,2023-02-01
P0213,Justin,Lee,Doctor 1,2023-02-01
P0279,Jennifer,White,Doctor 1,2023-02-01
P0311,Joseph,Gomez,Doctor 2,2023-02-01
P0443,Nancy,Sanders,Doctor 2,2023-02-01
P0467,Aaron,Allen,Doctor 2,2023-02-01
P0471,Susan,Castillo,Doctor 2,2023-02-01
P0638,Jessica,Jones,Doctor 2,2023-02-01
P0658,Brian,Jones,Doctor 2,2023-02-01
P0682,Sarah,Ward,Doctor 2,2023-02-01
P0697,Joshua,Bennett,Doctor 3,2023-02-01
P0794,Sharon,Martinez,Doctor 2,2023-02-01
P0856,Edward,Lee,Doctor 1,2023-02-01
P0951,Sharon,Castillo,Doctor 1,2023-02-01
P1036,Robert,Scott,Doctor 2,2023-02-01
P1057,Alexander,Cook,Doctor 3,2023-02-01
P1126,Charles,Alvarez,Doctor 1,2023-02-01
P1165,Brian,Lewis,Doctor 1,2023-02-01
P1221,Barbara,Carter,Doctor 2,2023-02-01
P1320,Dennis,Sanders,Doctor 2,2023-02-01
P1335,Elizabeth,Hernandez,Doctor 2,2023-02-01
P1781,Carol,Morris,Doctor 2,2023-02-01
P2092,Steven,Kim,Doctor 2,2023-02-01
P2241,Dennis,Alvarez,Doctor 1,2023-02-01
P2265,Deborah,Ramos,Doctor 1,2023-02-01
P0013,Raymond,Campbell,Doctor 3,2023-02-02
P0047,Thomas,Lewis,Doctor 1,2023-02-02
P0103,Andrew,Gray,Doctor 1,2023-02-02
P0148,William,Smith,Doctor 1,2023-02-02
P0188,Jonathan,Thomas,Doctor 2,2023-02-02
P0440,William,Rogers,Doctor 1,2023-02-02
P0528,Kimberly,Torres,Doctor 2,2023-02-02
P0581,Rebecca,Campbell,Doctor 1,2023-02-02
P0743,Gregory,Chavez,Doctor 3,2023-02-02
P0866,Mark,Bailey,Doctor 2,2023-02-02
P0896,Mary,Ruiz,Doctor 3,2023-02-02
P0909,Matthew,Wright,Doctor 3,2023-02-02
P0913,Brian,Edwards,Doctor 1,2023-02-02
P1159,Aaron,Carter,Doctor 2,2023-02-02
P1360,William,Price,Doctor 1,2023-02-02
P1379,Laura,Adams,Doctor 1,2023-02-02
P1403,Mark,Smith,Doctor 1,2023-02-02
P1470,Barbara,Watson,Doctor 1,2023-02-02
P1596,Robert,Wilson,Doctor 1,2023-02-02
P1637,Angela,Johnson,Doctor 1,2023-02-02
P1763,Gary,Bennett,Doctor 2,2023-02-02
P1815,Kimberly,Gomez,Doctor 3,2023-02-02
P1865,Nancy,Jackson,Doctor 3,2023-02-02
P2016,Kenneth,Cooper,Doctor 1,2023-02-02
P2037,Kimberly,Chavez,Doctor 3,2023-02-02
P2196,Sharon,Taylor,Doctor 3,2023-02-02
P2247,Ryan,Rogers,Doctor 2,2023-02-02
P0087,Karen,Wood,Doctor 3,2023-02-03
P0098,Deborah,Perez,Doctor 3,2023-02-03
P0483,Robert,Campbell,Doctor 2,2023-02-03
P0490,Thomas,Rivera,Doctor 1,2023-02-03
P0633,Carol,Rodriguez,Doctor 1,2023-02-03
P0649,Michelle,Ramirez,Doctor 2,2023-02-03
P0701,Scott,Gonzalez,Doctor 2,2023-02-03
P0717,Jessica,Hernandez,Doctor 1,2023-02-03
P0797,Jason,Thomas,Doctor 3,2023-02-03
P0912,Robert,Garcia,Doctor 2,2023-02-03
P0981,Deborah,Hall,Doctor 3,2023-02-03
P1002,Ronald,Ortiz,Doctor 3,2023-02-03
P1091,Cynthia,Mendoza,Doctor 3,2023-02-03
P1373,Jessica,Miller,Doctor 1,2023-02-03
P1400,Robert,Williams,Doctor 1,2023-02-03
P1405,Christopher,Hall,Doctor 1,2023-02-03
P1642,Kathleen,Brooks,Doctor 3,2023-02-03
P1672,Angela,Roberts,Doctor 2,2023-02-03
P1709,Jack,Ramirez,Doctor 3,2023-02-03
P1772,Tyler,Williams,Doctor 3,2023-02-03
P1828,Joshua,Williams,Doctor 2,2023-02-03
P1972,Kimberly,Lopez,Doctor 3,2023-02-03
P1986,Eric,King,Doctor 3,2023-02-03
P2049,Cynthia,Bennett,Doctor 2,2023-02-03
P2064,Larry,Turner,Doctor 3,2023-02-03
P2096,Lisa,Jackson,Doctor 2,2023-02-03
P2128,Eric,Moore,Doctor 1,2023-02-03
P2160,Samuel,Watson,Doctor 1,2023-02-03
P2162,Sharon,Perez,Doctor 2,2023-02-03
P2212,Dorothy,Mitchell,Doctor 2,2023-02-03
P2215,Linda,Davis,Doctor 3,2023-02-03
P0001,Samuel,Torres,Doctor 1,2023-02-04
P0046,John,Price,Doctor 3,2023-02-04
P0174,Mark,Allen,Doctor 2,2023-02-04
P0190,Justin,Ramos,Doctor 2,2023-02-04
P0267,Ronald,Smith,Doctor 1,2023-02-04
P0344,Lisa,Cook,Doctor 1,2023-02-04
P0449,Kevin,Ramirez,Doctor 1,2023-02-04
P0534,Nancy,Price,Doctor 3,2023-02-04
P0596,Deborah,Roberts,Doctor 1,2023-02-04
P0627,Linda,Morales,Doctor 3,2023-02-04
P0634,David,Adams,Doctor 1,2023-02-04
P0780,Justin,Miller,Doctor 2,2023-02-04
P0808,Scott,Lee,Doctor 2,2023-02-04
P0814,Stephen,Taylor,Doctor 3,2023-02-04
P0846,Tyler,Reyes,Doctor 1,2023-02-04
P0852,Justin,Hughes,Doctor 1,2023-02-04
P0860,Lisa,Castillo,Doctor 2,2023-02-04
P0891,Brian,Ortiz,Doctor 3,2023-02-04
P0986,Jack,Rogers,Doctor 3,2023-02-04
P1017,Linda,Wilson,Doctor 3,2023-02-04
P1023,Brenda,Ramirez,Doctor 3,2023-02-04
P1209,Stephen,Reed,Doctor 3,2023-02-04
P1321,Matthew,Taylor,Doctor 2,2023-02-04
P1388,Betty,Smith,Doctor 2,2023-02-04
P1457,George,Moore,Doctor 1,2023-02-04
P1514,Patrick,Taylor,Doctor 2,2023-02-04
P1544,Angela,Mitchell,Doctor 2,2023-02-04
P1548,Virginia,Torres,Doctor 2,2023-02-04
P1597,Jessica,Davis,Doctor 1,2023-02-04
P1632,Mark,Ruiz,Doctor 3,2023-02-04
P1649,Jennifer,Hall,Doctor 3,2023-02-04
P1819,John,Clark,Doctor 3,2023-02-04
P1866,William,Bennett,Doctor 2,2023-02-04
P1874,Amy,Martin,Doctor 3,2023-02-04
P1989,Mary,Murphy,Doctor 1,2023-02-04
P1996,Eric,Adams,Doctor 3,2023-02-04
P2001,Jessica,Brooks,Doctor 3,2023-02-04
P2060,Jason,Davis,Doctor 1,2023-02-04
P2130,Shirley,Richardson,Doctor 3,2023-02-04
P2160,Samuel,Watson,Doctor 2,2023-02-04
P2169,Gary,Lopez,Doctor 2,2023-02-04
P0022,Ronald,Myers,Doctor 1,2023-02-05
P0137,George,Collins,Doctor 3,2023-02-05
P0142,Brandon,Young,Doctor 3,2023-02-05
P0158,Steven,Martin,Doctor 1,2023-02-05
P0269,Sharon,Miller,Doctor 2,2023-02-05
P0355,Sarah,Cooper,Doctor 2,2023-02-05
P0359,Frank,Morris,Doctor 1,2023-02-05
P0379,James,Sanders,Doctor 2,2023-02-05
P0713,Mark,Murphy,Doctor 2,2023-02-05
P0723,Jason,Gray,Doctor 2,2023-02-05
P0760,Helen,Kim,Doctor 1,2023-02-05
P1108,Andrew,Campbell,Doctor 3,2023-02-05
P1202,Betty,Patel,Doctor 3,2023-02-05
P1270,Sharon,Davis,Doctor 3,2023-02-05
P1319,Edward,Wilson,Doctor 3,2023-02-05
P1471,Laura,Roberts,Doctor 1,2023-02-05
P1512,Kevin,Sanders,Doctor 2,2023-02-05
P1527,George,Edwards,Doctor 2,2023-02-05
P1609,Carol,Roberts,Doctor 1,2023-02-05
P1611,Helen,Thomas,Doctor 1,2023-02-05
P1623,Daniel,Stewart,Doctor 3,2023-02-05
P1634,Betty,Turner,Doctor 2,2023-02-05
P1762,Alexander,Gray,Doctor 1,2023-02-05
P1855,Mary,Gomez,Doctor 1,2023-02-05
P1892,Jeffrey,Parker,Doctor 3,2023-02-05
P2036,Edward,Roberts,Doctor 3,2023-02-05
P2154,Patrick,Phillips,Doctor 2,2023-02-05
P2224,Richard,Wright,Doctor 2,2023-02-05
P2267,Frank,Allen,Doctor 1,2023-02-05
P2271,Elizabeth,Brooks,Doctor 2,2023-02-05
P2288,Emma,James,Doctor 2,2023-02-05
P2293,Donna,Wilson,Doctor 3,2023-02-05
P2303,Tyler,Rodriguez,Doctor 2,2023-02-05
P0250,Jose,Patel,Doctor 2,2023-02-06
P0259,Joshua,Hughes,Doctor 3,2023-02-06
P0315,Michael,Chavez,Doctor 2,2023-02-06
P0352,Jacob,Bailey,Doctor 2,2023-02-06
P0393,Brian,Alvarez,Doctor 1,2023-02-06
P0407,Kathleen,Bennett,Doctor 2,2023-02-06
P0408,Frank,Bailey,Doctor 1,2023-02-06
P0742,Tyler,Nguyen,Doctor 2,2023-02-06
P0843,Angela,Jackson,Doctor 2,2023-02-06
P1028,Kevin,Lewis,Doctor 2,2023-02-06
P1067,Charles,Robinson,Doctor 3,2023-02-06
P1192,Joshua,Martin,Doctor 1,2023-02-06
P1243,John,Cruz,Doctor 2,2023-02-06
P1267,Gregory,Ruiz,Doctor 3,2023-02-06
P1272,Justin,Thompson,Doctor 1,2023-02-06
P1273,Donna,Scott,Doctor 1,2023-02-06
P1377,Thomas,Price,Doctor 1,2023-02-06
P1399,Helen,Cooper,Doctor 3,2023-02-06
P1460,Stephen,Scott,Doctor 3,2023-02-06
P1571,Benjamin,Gonzalez,Doctor 2,2023-02-06
P1602,Jessica,Smith,Doctor 3,2023-02-06
P1735,Patricia,Miller,Doctor 1,2023-02-06
P1758,Jonathan,Ortiz,Doctor 3,2023-02-06
P2007,Jose,Anderson,Doctor 1,2023-02-06
P2058,George,Richardson,Doctor 3,2023-02-06
P2065,Thomas,Martinez,Doctor 2,2023-02-06
P2072,Angela,Phillips,Doctor 2,2023-02-06
P2101,Joshua,Garcia,Doctor 3,2023-02-06
P2214,Jose,Rivera,Doctor 1,2023-02-06
P2226,Sandra,Ruiz,Doctor 2,2023-02-06
P2277,Michael,Ruiz,Doctor 3,2023-02-06
P0251,Frank,Adams,Doctor 1,2023-02-07
P0450,Nancy,Reed,Doctor 1,2023-02-07
P0454,Amy,Lee,Doctor 1,2023-02-07
P0540,Carol,Scott,Doctor 1,2023-02-07
P0557,Laura,Brown,Doctor 1,2023-02-07
P0570,Larry,Ramos,Doctor 2,2023-02-07
P0580,Angela,Cruz,Doctor 2,2023-02-07
P0753,Eric,Rogers,Doctor 2,2023-02-07
P0819,Anna,Bennett,Doctor 2,2023-02-07
P0941,Melissa,Gonzalez,Doctor 2,2023-02-07
P0943,Gregory,Robinson,Doctor 1,2023-02-07
P0992,Kimberly,Watson,Doctor 1,2023-02-07
P0995,James,Murphy,Doctor 2,2023-02-07
P1072,Nancy,Stewart,Doctor 2,2023-02-07
P1082,Benjamin,Brown,Doctor 3,2023-02-07
P1140,Jacob,Hall,Doctor 2,2023-02-07
P1434,William,Brown,Doctor 2,2023-02-07
P1440,Larry,Edwards,Doctor 2,2023-02-07
P1471,Laura,Roberts,Doctor 1,2023-02-07
P1638,Brenda,Mitchell,Doctor 2,2023-02-07
P1677,Gregory,Perez,Doctor 3,2023-02-07
P1746,Eric,Watson,Doctor 1,2023-02-07
P1763,Gary,Bennett,Doctor 2,2023-02-07
P1795,Robert,Gonzalez,Doctor 2,2023-02-07
P1809,Timothy,Williams,Doctor 1,2023-02-07
P1887,Joshua,Wright,Doctor 1,2023-02-07
P1987,Christopher,Murphy,Doctor 3,2023-02-07
P2128,Eric,Moore,Doctor 1,2023-02-07
P2130,Shirley,Richardson,Doctor 3,2023-02-07
P2159,Nancy,Wright,Doctor 3,2023-02-07
P2166,Lisa,Turner,Doctor 1,2023-02-07
P2191,Carol,Carter,Doctor 1,2023-02-07
P2273,Patrick,King,Doctor 1,2023-02-07
P0025,Jose,Baker,Doctor 2,2023-02-08
P0086,Steven,Green,Doctor 2,2023-02-08
P0220,Eric,Torres,Doctor 3,2023-02-08
P0240,Jerry,Sanders,Doctor 1,2023-02-08
P0253,Samuel,Adams,Doctor 2,2023-02-08
P0290,Lisa,Scott,Doctor 2,2023-02-08
P0467,Aaron,Allen,Doctor 2,2023-02-08
P0574,Joseph,Hughes,Doctor 1,2023-02-08
P0689,Virginia,Mitchell,Doctor 2,2023-02-08
P0727,Samuel,White,Doctor 3,2023-02-08
P0816,Steven,Sanders,Doctor 3,2023-02-08
P0831,Sarah,Gonzalez,Doctor 2,2023-02-08
P0855,Jose,Torres,Doctor 3,2023-02-08
P0989,Benjamin,Flores,Doctor 1,2023-02-08
P1050,Ronald,Nguyen,Doctor 1,2023-02-08
P1113,James,Gonzalez,Doctor 1,2023-02-08
P1180,Lisa,Green,Doctor 2,2023-02-08
P1207,Tyler,Rivera,Doctor 1,2023-02-08
P1321,Matthew,Taylor,Doctor 2,2023-02-08
P1358,Ryan,Evans,Doctor 1,2023-02-08
P1550,Cynthia,Moore,Doctor 1,2023-02-08
P1566,Elizabeth,Ortiz,Doctor 1,2023-02-08
P1632,Mark,Ruiz,Doctor 1,2023-02-08
P1637,Angela,Johnson,Doctor 1,2023-02-08
P1662,Sharon,Nguyen,Doctor 1,2023-02-08
P1679,Melissa,Kelly,Doctor 3,2023-02-08
P1750,Justin,Walker,Doctor 2,2023-02-08
P1853,William,Wilson,Doctor 1,2023-02-08
P1869,Frank,Parker,Doctor 2,2023-02-08
P1929,Jonathan,Garcia,Doctor 1,2023-02-08
P2195,Raymond,Stewart,Doctor 3,2023-02-08
P2222,Brian,Nelson,Doctor 1,2023-02-08
P2239,Edward,Garcia,Doctor 3,2023-02-08
P0065,Joseph,Morgan,Doctor 2,2023-02-09
P0069,Sarah,Roberts,Doctor 3,2023-02-09
P0080,Mary,Morales,Doctor 1,2023-02-09
P0091,Kevin,Stewart,Doctor 1,2023-02-09
P0125,Helen,Perez,Doctor 2,2023-02-09
P0245,Helen,Cruz,Doctor 3,2023-02-09
P0268,Karen,Chavez,Doctor 1,2023-02-09
P0401,Jason,Edwards,Doctor 3,2023-02-09
P0407,Kathleen,Bennett,Doctor 1,2023-02-09
P0426,Timothy,Watson,Doctor 1,2023-02-09
P0590,Matthew,Mitchell,Doctor 3,2023-02-09
P0659,Carol,Clark,Doctor 3,2023-02-09
P0824,Aaron,Harris,Doctor 3,2023-02-09
P0883,Kenneth,Phillips,Doctor 3,2023-02-09
P0944,Mary,Collins,Doctor 2,2023-02-09
P0948,Frank,Lopez,Doctor 1,2023-02-09
P1039,Kenneth,Cook,Doctor 3,2023-02-09
P1070,Benjamin,Gray,Doctor 3,2023-02-09
P1124,Cynthia,Thompson,Doctor 1,2023-02-09
P1216,Jeffrey,Allen,Doctor 1,2023-02-09
P1284,Michelle,Johnson,Doctor 2,2023-02-09
P1398,Andrew,Kelly,Doctor 3,2023-02-09
P1411,Michelle,Gray,Doctor 2,2023-02-09
P1498,Dennis,Ruiz,Doctor 2,2023-02-09
P1558,Donna,Hall,Doctor 1,2023-02-09
P1581,Jennifer,Brown,Doctor 1,2023-02-09
P1610,Lisa,Cox,Doctor 1,2023-02-09
P1871,Patrick,Peterson,Doctor 2,2023-02-09
P1872,Helen,Green,Doctor 3,2023-02-09
P1881,Patricia,Moore,Doctor 1,2023-02-09
P1882,Michelle,James,Doctor 3,2023-02-09
P1939,Jack,Ortiz,Doctor 2,2023-02-09
P2021,Timothy,Cox,Doctor 1,2023-02-09
P2185,Jose,Kelly,Doctor 1,2023-02-09
P2243,Samuel,Gonzalez,Doctor 1,2023-02-09
P0027,Justin,Flores,Doctor 3,2023-02-10
P0039,Linda,Jones,Doctor 1,2023-02-10
P0041,Deborah,Green,Doctor 2,2023-02-10
P0063,Gregory,Watson,Doctor 3,2023-02-10
P0075,Sandra,Peterson,Doctor 1,2023-02-10
P0087,Karen,Wood,Doctor 1,2023-02-10
P0100,Kathleen,Campbell,Doctor 3,2023-02-10
P0266,Emma,Miller,Doctor 2,2023-02-10
P0273,Laura,Martin,Doctor 2,2023-02-10
P0317,John,Castillo,Doctor 3,2023-02-10
P0331,Tyler,Torres,Doctor 3,2023-02-10
P0463,Larry,Gray,Doctor 3,2023-02-10
P0508,Patricia,Myers,Doctor 2,2023-02-10
P0545,Linda,Ortiz,Doctor 1,2023-02-10
P0794,Sharon,Martinez,Doctor 2,2023-02-10
P0822,Ryan,Young,Doctor 2,2023-02-10
P0872,John,Lee,Doctor 1,2023-02-10
P1011,Karen,Evans,Doctor 2,2023-02-10
P1505,Jonathan,James,Doctor 3,2023-02-10
P1520,Elizabeth,Garcia,Doctor 3,2023-02-10
P1621,Emma,Bailey,Doctor 1,2023-02-10
P1622,David,Miller,Doctor 1,2023-02-10
P1694,Tyler,Wilson,Doctor 3,2023-02-10
P1881,Patricia,Moore,Doctor 1,2023-02-10
P1916,Michelle,Miller,Doctor 3,2023-02-10
P1940,Betty,Parker,Doctor 2,2023-02-10
P1972,Kimberly,Lopez,Doctor 3,2023-02-10
P2100,Thomas,Murphy,Doctor 1,2023-02-10
P2275,Steven,Castillo,Doctor 2,2023-02-10
P0059,Christopher,Garcia,Doctor 3,2023-02-11
P0131,Jessica,Edwards,Doctor 1,2023-02-11
P0274,Ruth,Hernandez,Doctor 2,2023-02-11
P0330,Helen,Ortiz,Doctor 3,2023-02-11
P0421,Cynthia,Alvarez,Doctor 3,2023-02-11
P0480,Jerry,Miller,Doctor 3,2023-02-11
P0482,Donald,Reyes,Doctor 2,2023-02-11
P0621,Benjamin,Taylor,Doctor 2,2023-02-11
P0626,Rebecca,Cruz,Doctor 1,2023-02-11
P0663,Eric,Murphy,Doctor 3,2023-02-11
P0718,Nancy,Morris,Doctor 1,2023-02-11
P0817,Betty,Alvarez,Doctor 3,2023-02-11
P0892,Richard,Cooper,Doctor 2,2023-02-11
P0971,Kimberly,Stewart,Doctor 3,2023-02-11
P1038,Lisa,Adams,Doctor 3,2023-02-11
P1103,Lisa,Morales,Doctor 1,2023-02-11
P1105,Betty,Wilson,Doctor 1,2023-02-11
P1156,David,Phillips,Doctor 2,2023-02-11
P1163,Anna,Flores,Doctor 1,2023-02-11
P1207,Tyler,Rivera,Doctor 3,2023-02-11
P1214,Eric,Green,Doctor 2,2023-02-11
P1481,Samuel,Sanchez,Doctor 2,2023-02-11
P1571,Benjamin,Gonzalez,Doctor 2,2023-02-11
P1693,Angela,Reyes,Doctor 1,2023-02-11
P1702,Sandra,Green,Doctor 3,2023-02-11
P1938,Brian,Parker,Doctor 2,2023-02-11
P1965,Brian,Roberts,Doctor 1,2023-02-11
P1977,Ruth,Gomez,Doctor 2,2023-02-11
P2151,Deborah,Adams,Doctor 2,2023-02-11
P0070,Helen,Flores,Doctor 3,2023-02-12
P0147,Andrew,White,Doctor 1,2023-02-12
P0211,Patrick,Gonzalez,Doctor 2,2023-02-12
P0212,Richard,Anderson,Doctor 3,2023-02-12
P0390,Daniel,Robinson,Doctor 2,2023-02-12
P0493,Michael,King,Doctor 1,2023-02-12
P0533,Sharon,King,Doctor 3,2023-02-12
P0559,Jennifer,Wright,Doctor 2,2023-02-12
P0643,Patricia,Gray,Doctor 3,2023-02-12
P0716,Helen,Williams,Doctor 1,2023-02-12
P0796,Christopher,Roberts,Doctor 2,2023-02-12
P0880,Jose,Bailey,Doctor 3,2023-02-12
P1011,Karen,Evans,Doctor 2,2023-02-12
P1135,Jessica,Rogers,Doctor 3,2023-02-12
P1231,Jose,King,Doctor 2,2023-02-12
P1372,Lisa,Bailey,Doctor 3,2023-02-12
P1381,Jeffrey,Collins,Doctor 1,2023-02-12
P1522,Linda,Gray,Doctor 3,2023-02-12
P1530,Angela,Rodriguez,Doctor 3,2023-02-12
P1534,Brenda,Martin,Doctor 3,2023-02-12
P1553,James,Rivera,Doctor 2,2023-02-12
P1613,Kathleen,Mendoza,Doctor 2,2023-02-12
P1707,Andrew,Rivera,Doctor 2,2023-02-12
P1750,Justin,Walker,Doctor 2,2023-02-12
P1780,Barbara,Richardson,Doctor 1,2023-02-12
P1864,Linda,Adams,Doctor 3,2023-02-12
P1907,Justin,Jones,Doctor 1,2023-02-12
P1937,Anna,Johnson,Doctor 3,2023-02-12
P2003,Sarah,Thompson,Doctor 3,2023-02-12
P2212,Dorothy,Mitchell,Doctor 2,2023-02-12
P2251,Sarah,Hernandez,Doctor 2,2023-02-12
P2259,Sarah,Phillips,Doctor 2,2023-02-12
P2269,Amy,Cruz,Doctor 2,2023-02-12
P0018,Carol,Nelson,Doctor 3,2023-02-13
P0068,Cynthia,Parker,Doctor 2,2023-02-13
P0109,Anthony,Carter,Doctor 3,2023-02-13
P0195,Sharon,Morgan,Doctor 1,2023-02-13
P0245,Helen,Cruz,Doctor 3,2023-02-13
P0424,Timothy,Smith,Doctor 3,2023-02-13
P0521,Patricia,Brooks,Doctor 3,2023-02-13
P0702,Emma,Brooks,Doctor 1,2023-02-13
P0740,Robert,Hall,Doctor 1,2023-02-13
P0800,Jack,Scott,Doctor 1,2023-02-13
P0893,Larry,Carter,Doctor 1,2023-02-13
P0912,Robert,Garcia,Doctor 1,2023-02-13
P1354,Richard,Clark,Doctor 1,2023-02-13
P1470,Barbara,Watson,Doctor 1,2023-02-13
P1480,Michelle,Rodriguez,Doctor 2,2023-02-13
P1504,Anna,Martin,Doctor 1,2023-02-13
P1588,Robert,Lopez,Doctor 2,2023-02-13
P1681,Dennis,Gray,Doctor 3,2023-02-13
P1682,Matthew,Murphy,Doctor 1,2023-02-13
P1719,Brian,Lopez,Doctor 2,2023-02-13
P1830,Donna,Brown,Doctor 3,2023-02-13
P1843,Dorothy,Baker,Doctor 1,2023-02-13
P1975,Ruth,Gutierrez,Doctor 2,2023-02-13
P1976,Brandon,Martin,Doctor 3,2023-02-13
P1988,Betty,Morris,Doctor 3,2023-02-13
P2139,Barbara,Green,Doctor 2,2023-02-13
P2151,Deborah,Adams,Doctor 2,2023-02-13
P2180,Lisa,Evans,Doctor 1,2023-02-13
P2303,Tyler,Rodriguez,Doctor 2,2023-02-13
P0090,Sandra,Cruz,Doctor 2,2023-02-14
P0183,Carol,Phillips,Doctor 1,2023-02-14
P0187,Anna,Cruz,Doctor 3,2023-02-14
P0292,Frank,Thomas,Doctor 2,2023-02-14
P0536,Richard,Gonzalez,Doctor 1,2023-02-14
P0593,Karen,Reyes,Doctor 2,2023-02-14
P0858,Gregory,Castillo,Doctor 1,2023-02-14
P0932,Helen,Castillo,Doctor 3,2023-02-14
P0945,Benjamin,Rodriguez,Doctor 2,2023-02-14
P0975,Susan,Chavez,Doctor 2,2023-02-14
P1005,Scott,Parker,Doctor 1,2023-02-14
P1006,David,Walker,Doctor 3,2023-02-14
P1042,Laura,Harris,Doctor 2,2023-02-14
P1049,Laura,Garcia,Doctor 1,2023-02-14
P1051,Anthony,Williams,Doctor 2,2023-02-14
P1087,Scott,Rogers,Doctor 3,2023-02-14
P1114,Gary,Kim,Doctor 2,2023-02-14
P1220,Benjamin,Diaz,Doctor 1,2023-02-14
P1222,Aaron,Wilson,Doctor 1,2023-02-14
P1262,William,James,Doctor 3,2023-02-14
P1268,Jason,Nguyen,Doctor 3,2023-02-14
P1297,David,Sanchez,Doctor 3,2023-02-14
P1643,Laura,Ramirez,Doctor 2,2023-02-14
P1676,Carol,Kim,Doctor 2,2023-02-14
P1808,Sandra,Alvarez,Doctor 1,2023-02-14
P1874,Amy,Martin,Doctor 3,2023-02-14
P1975,Ruth,Gutierrez,Doctor 2,2023-02-14
P2209,Kimberly,Brooks,Doctor 1,2023-02-14
P2270,Jason,Anderson,Doctor 3,2023-02-14
P0055,Carol,Mitchell,Doctor 3,2023-02-15
P0111,Nancy,Ortiz,Doctor 3,2023-02-15
P0142,Brandon,Young,Doctor 2,2023-02-15
P0203,Jose,Cooper,Doctor 3,2023-02-15
P0220,Eric,Torres,Doctor 2,2023-02-15
P0279,Jennifer,White,Doctor 1,2023-02-15
P0295,Jeffrey,Lopez,Doctor 1,2023-02-15
P0315,Michael,Chavez,Doctor 1,2023-02-15
P0388,Gregory,Howard,Doctor 3,2023-02-15
P0394,Charles,White,Doctor 2,2023-02-15
P0473,Betty,Sanchez,Doctor 2,2023-02-15
P0495,Matthew,Mendoza,Doctor 2,2023-02-15
P0522,Rebecca,Turner,Doctor 3,2023-02-15
P0548,Larry,Ruiz,Doctor 1,2023-02-15
P0669,Cynthia,Castillo,Doctor 2,2023-02-15
P0733,Jason,Ruiz,Doctor 2,2023-02-15
P0749,Nicholas,Castillo,Doctor 2,2023-02-15
P0939,Jack,Brown,Doctor 3,2023-02-15
P1032,Richard,Cook,Doctor 1,2023-02-15
P1036,Robert,Scott,Doctor 2,2023-02-15
P1081,Patrick,Johnson,Doctor 3,2023-02-15
P1155,Ruth,Williams,Doctor 3,2023-02-15
P1163,Anna,Flores,Doctor 1,2023-02-15
P1188,Mark,Bennett,Doctor 3,2023-02-15
P1209,Stephen,Reed,Doctor 1,2023-02-15
P1214,Eric,Green,Doctor 2,2023-02-15
P1251,Lisa,Gray,Doctor 3,2023-02-15
P1349,Sarah,Murphy,Doctor 2,2023-02-15
P1434,William,Brown,Doctor 2,2023-02-15
P1484,Tyler,Morgan,Doctor 2,2023-02-15
P1559,Karen,Thomas,Doctor 2,2023-02-15
P1567,Alexander,Reyes,Doctor 2,2023-02-15
P1618,Frank,Howard,Doctor 2,2023-02-15
P1630,Carol,Bennett,Doctor 3,2023-02-15
P1758,Jonathan,Ortiz,Doctor 3,2023-02-15
P1997,Cynthia,Cox,Doctor 2,2023-02-15
P2083,Brenda,Gonzalez,Doctor 3,2023-02-15
P2101,Joshua,Garcia,Doctor 3,2023-02-15
P2115,Deborah,Bennett,Doctor 2,2023-02-15
P2140,Emma,Wright,Doctor 1,2023-02-15
P2206,William,Campbell,Doctor 3,2023-02-15
P2272,George,Morales,Doctor 2,2023-02-15
P0058,Scott,Smith,Doctor 3,2023-02-16
P0068,Cynthia,Parker,Doctor 2,2023-02-16
P0263,Amy,Garcia,Doctor 2,2023-02-16
P0321,Nancy,Cooper,Doctor 2,2023-02-16
P0467,Aaron,Allen,Doctor 2,2023-02-16
P0468,Scott,James,Doctor 3,2023-02-16
P0535,Kimberly,Anderson,Doctor 2,2023-02-16
P0808,Scott,Lee,Doctor 1,2023-02-16
P0851,Timothy,Sanchez,Doctor 3,2023-02-16
P0872,John,Lee,Doctor 3,2023-02-16
P0903,Sharon,Jackson,Doctor 2,2023-02-16
P0981,Deborah,Hall,Doctor 3,2023-02-16
P1005,Scott,Parker,Doctor 2,2023-02-16
P1059,Tyler,James,Doctor 1,2023-02-16
P1162,Cynthia,Gonzalez,Doctor 3,2023-02-16
P1250,Brian,Wood,Doctor 1,2023-02-16
P1260,Ruth,Ramos,Doctor 3,2023-02-16
P1348,Deborah,James,Doctor 2,2023-02-16
P1485,Laura,Gomez,Doctor 1,2023-02-16
P1514,Patrick,Taylor,Doctor 2,2023-02-16
P1516,Lisa,Edwards,Doctor 2,2023-02-16
P1568,Melissa,Martin,Doctor 3,2023-02-16
P1609,Carol,Roberts,Doctor 2,2023-02-16
P1628,Jason,Stewart,Doctor 3,2023-02-16
P1673,James,Gomez,Doctor 2,2023-02-16
P1677,Gregory,Perez,Doctor 3,2023-02-16
P1704,Jason,Wilson,Doctor 3,2023-02-16
P1765,Emma,Gomez,Doctor 1,2023-02-16
P1783,Angela,Lewis,Doctor 1,2023-02-16
P1876,Nicholas,Cook,Doctor 2,2023-02-16
P1989,Mary,Murphy,Doctor 1,2023-02-16
P2019,Rebecca,Brown,Doctor 1,2023-02-16
P2146,Michael,Rogers,Doctor 2,2023-02-16
P2227,Nancy,Cox,Doctor 3,2023-02-16
P2260,Larry,Thomas,Doctor 1,2023-02-16
P0020,William,Edwards,Doctor 3,2023-02-17
P0068,Cynthia,Parker,Doctor 2,2023-02-17
P0087,Karen,Wood,Doctor 1,2023-02-17
P0144,Deborah,Thomas,Doctor 2,2023-02-17
P0164,Mary,Jackson,Doctor 3,2023-02-17
P0278,Karen,Hall,Doctor 3,2023-02-17
P0345,Sharon,Cooper,Doctor 1,2023-02-17
P0415,Carol,Nguyen,Doctor 2,2023-02-17
P0452,Justin,Rivera,Doctor 1,2023-02-17
P0501,John,Gonzalez,Doctor 3,2023-02-17
P0790,Donna,Stewart,Doctor 3,2023-02-17
P0929,David,Watson,Doctor 1,2023-02-17
P1074,Justin,Roberts,Doctor 3,2023-02-17
P1175,Daniel,Walker,Doctor 2,2023-02-17
P1205,Tyler,Lewis,Doctor 1,2023-02-17
P1665,Daniel,Nguyen,Doctor 2,2023-02-17
P1721,Charles,Wood,Doctor 1,2023-02-17
P1751,Lisa,Reed,Doctor 2,2023-02-17
P1752,Richard,Reed,Doctor 3,2023-02-17
P1793,James,Hughes,Doctor 2,2023-02-17
P1818,Sandra,Bennett,Doctor 2,2023-02-17
P1827,Laura,James,Doctor 3,2023-02-17
P1970,Melissa,Evans,Doctor 3,2023-02-17
P2047,Rebecca,Wood,Doctor 1,2023-02-17
P2074,Michael,Green,Doctor 1,2023-02-17
P2123,Joshua,Wood,Doctor 2,2023-02-17
P2227,Nancy,Cox,Doctor 2,2023-02-17
P2260,Larry,Thomas,Doctor 2,2023-02-17
P2279,Laura,Baker,Doctor 3,2023-02-17
P2286,Deborah,Rivera,Doctor 2,2023-02-17
P0259,Joshua,Hughes,Doctor 3,2023-02-18
P0356,Lisa,Hill,Doctor 3,2023-02-18
P0412,Laura,Hall,Doctor 3,2023-02-18
P0415,Carol,Nguyen,Doctor 2,2023-02-18
P0417,Virginia,Green,Doctor 1,2023-02-18
P0622,Matthew,Carter,Doctor 1,2023-02-18
P0663,Eric,Murphy,Doctor 2,2023-02-18
P0687,Michelle,Sanders,Doctor 3,2023-02-18
P0763,Jonathan,Carter,Doctor 1,2023-02-18
P0900,Jessica,Castillo,Doctor 1,2023-02-18
P0923,Donna,Ramirez,Doctor 2,2023-02-18
P0936,David,Johnson,Doctor 3,2023-02-18
P1098,Samuel,Lee,Doctor 2,2023-02-18
P1185,William,Gutierrez,Doctor 2,2023-02-18
P1241,Joshua,Green,Doctor 1,2023-02-18
P1296,Jennifer,Morales,Doctor 2,2023-02-18
P1406,George,Johnson,Doctor 2,2023-02-18
P1418,David,Lee,Doctor 3,2023-02-18
P1434,William,Brown,Doctor 2,2023-02-18
P1592,Patricia,Nguyen,Doctor 3,2023-02-18
P1653,Richard,Robinson,Doctor 2,2023-02-18
P1658,Amy,Sanchez,Doctor 3,2023-02-18
P1668,Frank,Ramos,Doctor 3,2023-02-18
P1866,William,Bennett,Doctor 2,2023-02-18
P1876,Nicholas,Cook,Doctor 2,2023-02-18
P1925,Larry,Kim,Doctor 1,2023-02-18
P2037,Kimberly,Chavez,Doctor 3,2023-02-18
P2042,Michael,Reyes,Doctor 3,2023-02-18
P2106,Frank,Diaz,Doctor 2,2023-02-18
P2121,Gregory,Green,Doctor 1,2023-02-18
P2249,Kevin,Gonzalez,Doctor 3,2023-02-18
P0045,Nancy,Bailey,Doctor 2,2023-02-19
P0086,Steven,Green,Doctor 2,2023-02-19
P0161,Tyler,Robinson,Doctor 3,2023-02-19
P0344,Lisa,Cook,Doctor 3,2023-02-19
P0345,Sharon,Cooper,Doctor 3,2023-02-19
P0390,Daniel,Robinson,Doctor 2,2023-02-19
P0428,Jennifer,Myers,Doctor 3,2023-02-19
P0599,Mark,Flores,Doctor 3,2023-02-19
P0735,Patricia,Morris,Doctor 2,2023-02-19
P0769,Sharon,Lewis,Doctor 1,2023-02-19
P0791,Melissa,Baker,Doctor 3,2023-02-19
P0949,David,Myers,Doctor 1,2023-02-19
P1034,Matthew,Brooks,Doctor 2,2023-02-19
P1041,Kathleen,Ramos,Doctor 2,2023-02-19
P1101,Kimberly,Myers,Doctor 1,2023-02-19
P1326,James,Bennett,Doctor 1,2023-02-19
P1355,Larry,Perez,Doctor 1,2023-02-19
P1579,Andrew,Miller,Doctor 3,2023-02-19
P1580,Donald,Carter,Doctor 1,2023-02-19
P1614,Sharon,Hall,Doctor 2,2023-02-19
P1692,Larry,Murphy,Doctor 2,2023-02-19
P1720,Jennifer,Torres,Doctor 2,2023-02-19
P1732,Emma,Lewis,Doctor 1,2023-02-19
P1839,Lisa,Reyes,Doctor 1,2023-02-19
P1862,William,Williams,Doctor 3,2023-02-19
P1946,Kathleen,Carter,Doctor 1,2023-02-19
P2027,Sharon,Sanchez,Doctor 3,2023-02-19
P2054,Angela,Howard,Doctor 1,2023-02-19
P2219,Nancy,Rivera,Doctor 3,2023-02-19
P2252,Ronald,Allen,Doctor 1,2023-02-19
P2270,Jason,Anderson,Doctor 1,2023-02-19
P2304,Daniel,Adams,Doctor 1,2023-02-19
P0072,Kevin,Edwards,Doctor 2,2023-02-20
P0073,Dorothy,Carter,Doctor 2,2023-02-20
P0102,Tyler,Chavez,Doctor 1,2023-02-20
P0108,Helen,Moore,Doctor 3,2023-02-20
P0113,Mary,Parker,Doctor 2,2023-02-20
P0123,Matthew,Ortiz,Doctor 2,2023-02-20
P0127,Helen,Wright,Doctor 2,2023-02-20
P0231,Ryan,Chavez,Doctor 3,2023-02-20
P0290,Lisa,Scott,Doctor 2,2023-02-20
P0291,Betty,Roberts,Doctor 2,2023-02-20
P0363,Kimberly,Clark,Doctor 2,2023-02-20
P0431,Jennifer,Allen,Doctor 1,2023-02-20
P0570,Larry,Ramos,Doctor 2,2023-02-20
P0636,Anna,Clark,Doctor 2,2023-02-20
P0644,Sandra,Gomez,Doctor 1,2023-02-20
P0770,Kevin,Phillips,Doctor 1,2023-02-20
P0787,Sandra,Nguyen,Doctor 1,2023-02-20
P0926,Tyler,Wood,Doctor 1,2023-02-20
P0957,Jack,Brooks,Doctor 2,2023-02-20
P1074,Justin,Roberts,Doctor 3,2023-02-20
P1119,Jerry,Parker,Doctor 1,2023-02-20
P1131,Donna,Castillo,Doctor 2,2023-02-20
P1134,Raymond,Taylor,Doctor 3,2023-02-20
P1145,Gregory,Taylor,Doctor 1,2023-02-20
P1208,Brenda,Bailey,Doctor 3,2023-02-20
P1390,Tyler,Peterson,Doctor 1,2023-02-20
P1420,Laura,Torres,Doctor 1,2023-02-20
P1693,Angela,Reyes,Doctor 2,2023-02-20
P1857,Kimberly,Garcia,Doctor 2,2023-02-20
P1902,Jacob,Ramirez,Doctor 2,2023-02-20
P1907,Justin,Jones,Doctor 3,2023-02-20
P1945,Donna,Harris,Doctor 3,2023-02-20
P1988,Betty,Morris,Doctor 2,2023-02-20
P2135,Eric,Kelly,Doctor 1,2023-02-20
P2147,Aaron,Young,Doctor 1,2023-02-20
P2213,Nancy,Gonzalez,Doctor 2,2023-02-20
P2233,Elizabeth,Richardson,Doctor 1,2023-02-20
P0004,Ronald,Perez,Doctor 2,2023-02-21
P0378,Donna,Green,Doctor 2,2023-02-21
P0381,John,Gutierrez,Doctor 3,2023-02-21
P0453,Matthew,Scott,Doctor 1,2023-02-21
P0474,Sarah,Bailey,Doctor 3,2023-02-21
P0640,Tyler,Murphy,Doctor 1,2023-02-21
P0653,Richard,Collins,Doctor 2,2023-02-21
P0670,Jeffrey,Cox,Doctor 3,2023-02-21
P0702,Emma,Brooks,Doctor 1,2023-02-21
P0780,Justin,Miller,Doctor 2,2023-02-21
P0783,Patrick,Ruiz,Doctor 1,2023-02-21
P0793,Aaron,Ramirez,Doctor 1,2023-02-21
P0932,Helen,Castillo,Doctor 3,2023-02-21
P0953,Michelle,Alvarez,Doctor 2,2023-02-21
P1117,Richard,Phillips,Doctor 1,2023-02-21
P1144,Daniel,Scott,Doctor 3,2023-02-21
P1271,Dennis,Sanchez,Doctor 2,2023-02-21
P1296,Jennifer,Morales,Doctor 1,2023-02-21
P1370,Aaron,Campbell,Doctor 1,2023-02-21
P1395,Donald,Nelson,Doctor 3,2023-02-21
P1539,Joseph,Baker,Doctor 1,2023-02-21
P1610,Lisa,Cox,Doctor 1,2023-02-21
P1636,Andrew,Castillo,Doctor 2,2023-02-21
P1658,Amy,Sanchez,Doctor 2,2023-02-21
P1707,Andrew,Rivera,Doctor 2,2023-02-21
P1724,Benjamin,Rivera,Doctor 2,2023-02-21
P1739,James,Campbell,Doctor 2,2023-02-21
P1786,Joshua,Torres,Doctor 3,2023-02-21
P1795,Robert,Gonzalez,Doctor 2,2023-02-21
P1895,Kimberly,Phillips,Doctor 3,2023-02-21
P2000,Nicholas,Thomas,Doctor 3,2023-02-21
P2035,James,Lee,Doctor 3,2023-02-21
P2036,Edward,Roberts,Doctor 2,2023-02-21
P2037,Kimberly,Chavez,Doctor 3,2023-02-21
P2046,Scott,Jackson,Doctor 3,2023-02-21
P2092,Steven,Kim,Doctor 2,2023-02-21
P2144,Gregory,Johnson,Doctor 3,2023-02-21
P2154,Patrick,Phillips,Doctor 2,2023-02-21
P2191,Carol,Carter,Doctor 3,2023-02-21
P2227,Nancy,Cox,Doctor 2,2023-02-21
P2249,Kevin,Gonzalez,Doctor 1,2023-02-21
P2288,Emma,James,Doctor 2,2023-02-21
P0056,Nancy,Hernandez,Doctor 3,2023-02-22
P0175,Sarah,Adams,Doctor 2,2023-02-22
P0194,Thomas,Gutierrez,Doctor 3,2023-02-22
P0247,Matthew,Ward,Doctor 1,2023-02-22
P0359,Frank,Morris,Doctor 1,2023-02-22
P0518,Jonathan,Morales,Doctor 2,2023-02-22
P0616,Alexander,Thomas,Doctor 3,2023-02-22
P0709,Amy,Bailey,Doctor 1,2023-02-22
P0839,Sharon,Ramirez,Doctor 2,2023-02-22
P0879,Joshua,Jones,Doctor 1,2023-02-22
P1113,James,Gonzalez,Doctor 1,2023-02-22
P1198,Jeffrey,Rogers,Doctor 1,2023-02-22
P1420,Laura,Torres,Doctor 1,2023-02-22
P1535,Michelle,Cox,Doctor 2,2023-02-22
P1541,Carol,Wood,Doctor 1,2023-02-22
P1698,Kimberly,Taylor,Doctor 1,2023-02-22
P1778,Donald,Gomez,Doctor 2,2023-02-22
P1790,Anthony,Gonzalez,Doctor 1,2023-02-22
P1843,Dorothy,Baker,Doctor 1,2023-02-22
P1872,Helen,Green,Doctor 1,2023-02-22
P1912,Dennis,Lopez,Doctor 1,2023-02-22
P1994,Gregory,Brooks,Doctor 1,2023-02-22
P2096,Lisa,Jackson,Doctor 3,2023-02-22
P0065,Joseph,Morgan,Doctor 2,2023-02-23
P0152,Jason,Harris,Doctor 3,2023-02-23
P0341,Jacob,Richardson,Doctor 1,2023-02-23
P0391,Scott,Kelly,Doctor 1,2023-02-23
P0433,Shirley,Wood,Doctor 2,2023-02-23
P0457,Richard,Mendoza,Doctor 3,2023-02-23
P0572,Joshua,Ramirez,Doctor 1,2023-02-23
P0606,Jack,Thomas,Doctor 1,2023-02-23
P0627,Linda,Morales,Doctor 3,2023-02-23
P0685,Mary,Harris,Doctor 1,2023-02-23
P0774,Jonathan,Flores,Doctor 3,2023-02-23
P0776,Frank,Collins,Doctor 2,2023-02-23
P0800,Jack,Scott,Doctor 2,2023-02-23
P1004,Sharon,Patel,Doctor 3,2023-02-23
P1045,Kenneth,Sanders,Doctor 2,2023-02-23
P1048,Gary,Rivera,Doctor 3,2023-02-23
P1100,Kevin,James,Doctor 2,2023-02-23
P1212,Scott,Evans,Doctor 2,2023-02-23
P1222,Aaron,Wilson,Doctor 1,2023-02-23
P1301,Dennis,Kim,Doctor 3,2023-02-23
P1309,Larry,Johnson,Doctor 1,2023-02-23
P1355,Larry,Perez,Doctor 1,2023-02-23
P1458,Carol,James,Doctor 3,2023-02-23
P1481,Samuel,Sanchez,Doctor 3,2023-02-23
P1523,Jeffrey,Sanders,Doctor 1,2023-02-23
P1609,Carol,Roberts,Doctor 2,2023-02-23
P1656,Ruth,Johnson,Doctor 1,2023-02-23
P1774,Nicholas,Lee,Doctor 2,2023-02-23
P1844,Susan,Miller,Doctor 1,2023-02-23
P1900,Jonathan,Rivera,Doctor 3,2023-02-23
P1904,Nancy,King,Doctor 1,2023-02-23
P1948,Timothy,Edwards,Doctor 3,2023-02-23
P1969,Mary,Rivera,Doctor 3,2023-02-23
P1976,Brandon,Martin,Doctor 1,2023-02-23
P2031,Richard,Harris,Doctor 3,2023-02-23
P2144,Gregory,Johnson,Doctor 2,2023-02-23
P2280,Jerry,Hill,Doctor 1,2023-02-23
P0063,Gregory,Watson,Doctor 3,2023-02-24
P0080,Mary,Morales,Doctor 1,2023-02-24
P0482,Donald,Reyes,Doctor 2,2023-02-24
P0503,Susan,Wood,Doctor 1,2023-02-24
P0518,Jonathan,Morales,Doctor 2,2023-02-24
P0554,Frank,Gomez,Doctor 1,2023-02-24
P0571,Cynthia,Ruiz,Doctor 2,2023-02-24
P0650,Jack,Richardson,Doctor 2,2023-02-24
P0705,Sharon,Garcia,Doctor 3,2023-02-24
P0782,Donna,Reyes,Doctor 1,2023-02-24
P0868,Anthony,Allen,Doctor 2,2023-02-24
P0889,Scott,Martinez,Doctor 2,2023-02-24
P1019,John,Kelly,Doctor 3,2023-02-24
P1031,Anthony,Morales,Doctor 3,2023-02-24
P1094,Tyler,Castillo,Doctor 1,2023-02-24
P1219,Daniel,Bennett,Doctor 2,2023-02-24
P1295,Karen,Alvarez,Doctor 1,2023-02-24
P1653,Richard,Robinson,Doctor 2,2023-02-24
P1688,Anna,Smith,Doctor 1,2023-02-24
P1736,Donna,Allen,Doctor 1,2023-02-24
P1925,Larry,Kim,Doctor 1,2023-02-24
P2011,Kenneth,Davis,Doctor 2,2023-02-24
P2068,Robert,Thompson,Doctor 2,2023-02-24
P2146,Michael,Rogers,Doctor 2,2023-02-24
P2281,Laura,Bennett,Doctor 3,2023-02-24
P0053,Jessica,Brown,Doctor 2,2023-02-25
P0069,Sarah,Roberts,Doctor 3,2023-02-25
P0096,Sharon,Johnson,Doctor 1,2023-02-25
P0164,Mary,Jackson,Doctor 2,2023-02-25
P0219,Mark,James,Doctor 2,2023-02-25
P0284,Virginia,Scott,Doctor 1,2023-02-25
P0333,Mary,Johnson,Doctor 3,2023-02-25
P0347,Cynthia,Cooper,Doctor 3,2023-02-25
P0373,Andrew,Ward,Doctor 2,2023-02-25
P0487,Jessica,Anderson,Doctor 2,2023-02-25
P0584,Laura,Hughes,Doctor 1,2023-02-25
P0658,Brian,Jones,Doctor 3,2023-02-25
P0727,Samuel,White,Doctor 3,2023-02-25
P0794,Sharon,Martinez,Doctor 2,2023-02-25
P0828,David,Martin,Doctor 2,2023-02-25
P0913,Brian,Edwards,Doctor 1,2023-02-25
P0979,Michelle,Bennett,Doctor 1,2023-02-25
P1078,Daniel,Reed,Doctor 2,2023-02-25
P1093,Amy,Nelson,Doctor 3,2023-02-25
P1101,Kimberly,Myers,Doctor 1,2023-02-25
P1122,Timothy,Nelson,Doctor 3,2023-02-25
P1182,Matthew,Price,Doctor 3,2023-02-25
P1268,Jason,Nguyen,Doctor 3,2023-02-25
P1269,Patricia,Wright,Doctor 2,2023-02-25
P1322,Alexander,Peterson,Doctor 3,2023-02-25
P1448,Jacob,Hill,Doctor 3,2023-02-25
P1610,Lisa,Cox,Doctor 1,2023-02-25
P1622,David,Miller,Doctor 3,2023-02-25
P1625,Ruth,Moore,Doctor 3,2023-02-25
P1670,Donald,Evans,Doctor 3,2023-02-25
P1707,Andrew,Rivera,Doctor 1,2023-02-25
P1725,Susan,Mendoza,Doctor 3,2023-02-25
P1779,Deborah,Alvarez,Doctor 3,2023-02-25
P1807,Angela,Bailey,Doctor 2,2023-02-25
P2175,Brenda,Rivera,Doctor 3,2023-02-25
P2187,Justin,Ortiz,Doctor 3,2023-02-25
P2267,Frank,Allen,Doctor 1,2023-02-25
P0030,Kenneth,Mitchell,Doctor 2,2023-02-26
P0032,Gary,Lewis,Doctor 1,2023-02-26
P0189,Jonathan,Roberts,Doctor 3,2023-02-26
P0326,Jerry,Howard,Doctor 2,2023-02-26
P0382,Raymond,Davis,Doctor 3,2023-02-26
P0438,Amy,Robinson,Doctor 1,2023-02-26
P0559,Jennifer,Wright,Doctor 2,2023-02-26
P0593,Karen,Reyes,Doctor 3,2023-02-26
P0738,Joshua,Sanchez,Doctor 1,2023-02-26
P0819,Anna,Bennett,Doctor 2,2023-02-26
P0836,Timothy,Morgan,Doctor 3,2023-02-26
P0957,Jack,Brooks,Doctor 2,2023-02-26
P1066,Lisa,Wood,Doctor 3,2023-02-26
P1213,Timothy,Johnson,Doctor 2,2023-02-26
P1332,Carol,Anderson,Doctor 2,2023-02-26
P1341,Brenda,Turner,Doctor 1,2023-02-26
P1364,James,Clark,Doctor 3,2023-02-26
P1373,Jessica,Miller,Doctor 1,2023-02-26
P1391,Matthew,Parker,Doctor 1,2023-02-26
P1412,Michelle,Gutierrez,Doctor 3,2023-02-26
P1425,William,Kelly,Doctor 3,2023-02-26
P1545,Sharon,Hughes,Doctor 3,2023-02-26
P1828,Joshua,Williams,Doctor 2,2023-02-26
P1929,Jonathan,Garcia,Doctor 1,2023-02-26
P2072,Angela,Phillips,Doctor 3,2023-02-26
P2112,Thomas,Richardson,Doctor 3,2023-02-26
P2142,Betty,Mendoza,Doctor 2,2023-02-26
P2179,Sarah,Perez,Doctor 2,2023-02-26
P0099,Laura,Chavez,Doctor 1,2023-02-27
P0154,Patricia,Wood,Doctor 2,2023-02-27
P0285,Anna,Kim,Doctor 3,2023-02-27
P0375,Samuel,Alvarez,Doctor 1,2023-02-27
P0385,Timothy,Thompson,Doctor 1,2023-02-27
P0451,Carol,Baker,Doctor 3,2023-02-27
P0533,Sharon,King,Doctor 3,2023-02-27
P0645,Rebecca,Rodriguez,Doctor 3,2023-02-27
P0661,Shirley,Ward,Doctor 3,2023-02-27
P0688,Jennifer,Cruz,Doctor 3,2023-02-27
P0713,Mark,Murphy,Doctor 2,2023-02-27
P0750,Edward,Morris,Doctor 2,2023-02-27
P0766,Thomas,Kim,Doctor 2,2023-02-27
P0777,Virginia,Hill,Doctor 1,2023-02-27
P0798,Karen,King,Doctor 2,2023-02-27
P0836,Timothy,Morgan,Doctor 3,2023-02-27
P0878,Joshua,Taylor,Doctor 3,2023-02-27
P0934,Nancy,Peterson,Doctor 1,2023-02-27
P1017,Linda,Wilson,Doctor 3,2023-02-27
P1059,Tyler,James,Doctor 1,2023-02-27
P1134,Raymond,Taylor,Doctor 3,2023-02-27
P1176,Ronald,Richardson,Doctor 2,2023-02-27
P1218,Mark,Price,Doctor 1,2023-02-27
P1282,Brian,Reed,Doctor 1,2023-02-27
P1348,Deborah,James,Doctor 2,2023-02-27
P1362,Sandra,Lee,Doctor 2,2023-02-27
P1421,Jerry,Cruz,Doctor 3,2023-02-27
P1734,Timothy,Morris,Doctor 1,2023-02-27
P1749,Ruth,Brown,Doctor 3,2023-02-27
P1852,Dorothy,Wright,Doctor 2,2023-02-27
P1927,Emma,Rogers,Doctor 3,2023-02-27
P1940,Betty,Parker,Doctor 2,2023-02-27
P2061,Jessica,Martin,Doctor 3,2023-02-27
P2157,Charles,Jones,Doctor 2,2023-02-27
P0003,Karen,Torres,Doctor 3,2023-02-28
P0106,Edward,Jones,Doctor 1,2023-02-28
P0133,Dorothy,Sanders,Doctor 2,2023-02-28
P0187,Anna,Cruz,Doctor 3,2023-02-28
P0285,Anna,Kim,Doctor 3,2023-02-28
P0305,Virginia,Harris,Doctor 3,2023-02-28
P0324,Carol,Lee,Doctor 1,2023-02-28
P0362,Mary,Robinson,Doctor 1,2023-02-28
P0375,Samuel,Alvarez,Doctor 1,2023-02-28
P0457,Richard,Mendoza,Doctor 2,2023-02-28
P0594,Betty,Torres,Doctor 1,2023-02-28
P0655,Ruth,Thompson,Doctor 1,2023-02-28
P0683,Alexander,Campbell,Doctor 3,2023-02-28
P0731,Michelle,Mendoza,Doctor 3,2023-02-28
P0755,Aaron,Sanders,Doctor 3,2023-02-28
P0995,James,Murphy,Doctor 2,2023-02-28
P1090,Susan,Scott,Doctor 2,2023-02-28
P1120,Benjamin,Hill,Doctor 2,2023-02-28
P1140,Jacob,Hall,Doctor 1,2023-02-28
P1150,Scott,Perez,Doctor 1,2023-02-28
P1153,Timothy,Wood,Doctor 1,2023-02-28
P1223,Amy,Phillips,Doctor 2,2023-02-28
P1239,Kimberly,Harris,Doctor 2,2023-02-28
P1374,Kimberly,Thompson,Doctor 1,2023-02-28
P1430,Ruth,Collins,Doctor 2,2023-02-28
P1453,Patrick,Cooper,Doctor 1,2023-02-28
P1537,Jeffrey,Gonzalez,Doctor 2,2023-02-28
P1543,Rebecca,Cooper,Doctor 2,2023-02-28
P1556,Kathleen,Edwards,Doctor 1,2023-02-28
P1638,Brenda,Mitchell,Doctor 2,2023-02-28
P1741,Christopher,Hill,Doctor 2,2023-02-28
P1752,Richard,Reed,Doctor 3,2023-02-28
P1791,Susan,Lee,Doctor 3,2023-02-28
P1847,Laura,Rivera,Doctor 1,2023-02-28
P1850,Aaron,Thomas,Doctor 1,2023-02-28
P1883,Donald,Roberts,Doctor 3,2023-02-28
P2016,Kenneth,Cooper,Doctor 1,2023-02-28
P2024,Betty,White,Doctor 3,2023-02-28
P2071,Rebecca,Ortiz,Doctor 2,2023-02-28
P2211,Susan,Richardson,Doctor 1,2023-02-28
P2223,Thomas,Martin,Doctor 3,2023-02-28
P0101,Linda,Perez,Doctor 1,2023-03-01
P0155,Sarah,Sanchez,Doctor 2,2023-03-01
P0381,John,Gutierrez,Doctor 2,2023-03-01
P0396,Mary,Price,Doctor 1,2023-03-01
P0504,Gregory,Ward,Doctor 2,2023-03-01
P0581,Rebecca,Campbell,Doctor 1,2023-03-01
P0591,Thomas,Mendoza,Doctor 1,2023-03-01
P0713,Mark,Murphy,Doctor 2,2023-03-01
P0870,Robert,Perez,Doctor 2,2023-03-01
P0956,Amy,Parker,Doctor 2,2023-03-01
P1050,Ronald,Nguyen,Doctor 1,2023-03-01
P1148,Jose,Wilson,Doctor 1,2023-03-01
P1238,Sharon,Cook,Doctor 2,2023-03-01
P1354,Richard,Clark,Doctor 2,2023-03-01
P1366,Anna,Myers,Doctor 2,2023-03-01
P1385,Patricia,Green,Doctor 1,2023-03-01
P1486,Frank,Lewis,Doctor 1,2023-03-01
P1531,Michelle,Campbell,Doctor 3,2023-03-01
P1573,Nicholas,Williams,Doctor 2,2023-03-01
P1575,Brenda,Price,Doctor 1,2023-03-01
P1720,Jennifer,Torres,Doctor 2,2023-03-01
P1837,James,Taylor,Doctor 1,2023-03-01
P2030,Brian,Watson,Doctor 3,2023-03-01
P2063,Carol,Gutierrez,Doctor 1,2023-03-01
P2094,Linda,Mitchell,Doctor 1,2023-03-01
P2172,Jessica,Ramos,Doctor 1,2023-03-01
P2228,George,Perez,Doctor 2,2023-03-01
P2228,George,Perez,Doctor 2,2023-03-01
P2259,Sarah,Phillips,Doctor 2,2023-03-01
P2264,Ruth,Richardson,Doctor 2,2023-03-01
P0023,Jennifer,Edwards,Doctor 2,2023-03-02
P0088,Anna,Sanders,Doctor 1,2023-03-02
P0184,Robert,Brown,Doctor 3,2023-03-02
P0293,Thomas,Allen,Doctor 2,2023-03-02
P0394,Charles,White,Doctor 2,2023-03-02
P0569,Jack,Gutierrez,Doctor 2,2023-03-02
P0595,Deborah,Watson,Doctor 2,2023-03-02
P0781,Frank,Cox,Doctor 3,2023-03-02
P0874,Sharon,Thomas,Doctor 3,2023-03-02
P0946,Virginia,Walker,Doctor 1,2023-03-02
P1043,Jacob,Myers,Doctor 2,2023-03-02
P1067,Charles,Robinson,Doctor 3,2023-03-02
P1113,James,Gonzalez,Doctor 1,2023-03-02
P1173,Angela,Mendoza,Doctor 1,2023-03-02
P1177,Robert,Harris,Doctor 1,2023-03-02
P1326,James,Bennett,Doctor 3,2023-03-02
P1356,Betty,Carter,Doctor 3,2023-03-02
P1420,Laura,Torres,Doctor 2,2023-03-02
P1587,Nicholas,Campbell,Doctor 2,2023-03-02
P1831,Angela,Lopez,Doctor 3,2023-03-02
P1913,John,Sanders,Doctor 1,2023-03-02
P2072,Angela,Phillips,Doctor 3,2023-03-02
P2191,Carol,Carter,Doctor 3,2023-03-02
P2193,Betty,Ramirez,Doctor 1,2023-03-02
P2195,Raymond,Stewart,Doctor 3,2023-03-02
P2268,Aaron,Gonzalez,Doctor 1,2023-03-02
P0059,Christopher,Garcia,Doctor 3,2023-03-03
P0085,Sarah,Hughes,Doctor 2,2023-03-03
P0097,Ronald,Murphy,Doctor 1,2023-03-03
P0140,Edward,Castillo,Doctor 2,2023-03-03
P0262,Jason,Cox,Doctor 3,2023-03-03
P0316,Melissa,Campbell,Doctor 3,2023-03-03
P0334,Sandra,Myers,Doctor 3,2023-03-03
P0384,Kevin,Ward,Doctor 3,2023-03-03
P0586,Ryan,Lee,Doctor 2,2023-03-03
P0686,Donna,Lewis,Doctor 2,2023-03-03
P0816,Steven,Sanders,Doctor 3,2023-03-03
P0825,Sarah,Diaz,Doctor 3,2023-03-03
P0829,Virginia,Ramos,Doctor 2,2023-03-03
P0937,Thomas,Hughes,Doctor 3,2023-03-03
P0944,Mary,Collins,Doctor 2,2023-03-03
P1060,Sarah,Davis,Doctor 2,2023-03-03
P1196,Dennis,Harris,Doctor 1,2023-03-03
P1393,Anthony,Rodriguez,Doctor 3,2023-03-03
P1398,Andrew,Kelly,Doctor 3,2023-03-03
P1422,Sarah,Wright,Doctor 2,2023-03-03
P1471,Laura,Roberts,Doctor 2,2023-03-03
P1528,Sarah,Carter,Doctor 2,2023-03-03
P1537,Jeffrey,Gonzalez,Doctor 1,2023-03-03
P1546,Jacob,Morales,Doctor 3,2023-03-03
P1831,Angela,Lopez,Doctor 3,2023-03-03
P1870,Samuel,Harris,Doctor 2,2023-03-03
P1965,Brian,Roberts,Doctor 1,2023-03-03
P1974,Kimberly,Mendoza,Doctor 3,2023-03-03
P1997,Cynthia,Cox,Doctor 1,2023-03-03
P2011,Kenneth,Davis,Doctor 1,2023-03-03
P2058,George,Richardson,Doctor 1,2023-03-03
P2100,Thomas,Murphy,Doctor 1,2023-03-03
P2222,Brian,Nelson,Doctor 1,2023-03-03
P2232,Dennis,Diaz,Doctor 1,2023-03-03
P2254,Emma,Myers,Doctor 2,2023-03-03
P2266,Ronald,Rogers,Doctor 3,2023-03-03
P0064,Karen,Lopez,Doctor 1,2023-03-04
P0133,Dorothy,Sanders,Doctor 2,2023-03-04
P0160,Laura,King,Doctor 2,2023-03-04
P0222,Ruth,Rodriguez,Doctor 2,2023-03-04
P0267,Ronald,Smith,Doctor 3,2023-03-04
P0338,Cynthia,Nguyen,Doctor 1,2023-03-04
P0405,Ruth,Martin,Doctor 3,2023-03-04
P0468,Scott,James,Doctor 3,2023-03-04
P0720,Stephen,Myers,Doctor 2,2023-03-04
P0733,Jason,Ruiz,Doctor 2,2023-03-04
P1032,Richard,Cook,Doctor 3,2023-03-04
P1177,Robert,Harris,Doctor 1,2023-03-04
P1178,Emma,Sanders,Doctor 3,2023-03-04
P1330,Nancy,Gomez,Doctor 3,2023-03-04
P1569,Nancy,Myers,Doctor 3,2023-03-04
P1784,Aaron,Castillo,Doctor 2,2023-03-04
P1897,Mary,Gray,Doctor 1,2023-03-04
P1974,Kimberly,Mendoza,Doctor 3,2023-03-04
P2054,Angela,Howard,Doctor 3,2023-03-04
P2086,Jose,Campbell,Doctor 1,2023-03-04
P2102,Kimberly,Reed,Doctor 2,2023-03-04
P0023,Jennifer,Edwards,Doctor 2,2023-03-05
P0111,Nancy,Ortiz,Doctor 3,2023-03-05
P0124,Carol,Green,Doctor 1,2023-03-05
P0189,Jonathan,Roberts,Doctor 3,2023-03-05
P0192,Lisa,Brown,Doctor 1,2023-03-05
P0239,Jonathan,Ruiz,Doctor 1,2023-03-05
P0242,Carol,Gray,Doctor 3,2023-03-05
P0306,Nicholas,Kelly,Doctor 1,2023-03-05
P0379,James,Sanders,Doctor 1,2023-03-05
P0496,Angela,Ramirez,Doctor 1,2023-03-05
P0660,Daniel,Clark,Doctor 3,2023-03-05
P0686,Donna,Lewis,Doctor 3,2023-03-05
P0731,Michelle,Mendoza,Doctor 3,2023-03-05
P0738,Joshua,Sanchez,Doctor 1,2023-03-05
P1019,John,Kelly,Doctor 3,2023-03-05
P1092,Eric,Edwards,Doctor 2,2023-03-05
P1160,Ronald,Mitchell,Doctor 3,2023-03-05
P1215,Anna,Mendoza,Doctor 3,2023-03-05
P1226,Robert,Phillips,Doctor 2,2023-03-05
P1253,Barbara,Kelly,Doctor 1,2023-03-05
P1281,Michael,Wilson,Doctor 2,2023-03-05
P1296,Jennifer,Morales,Doctor 1,2023-03-05
P1345,Jessica,Allen,Doctor 2,2023-03-05
P1534,Brenda,Martin,Doctor 2,2023-03-05
P1559,Karen,Thomas,Doctor 2,2023-03-05
P1642,Kathleen,Brooks,Doctor 3,2023-03-05
P1655,Helen,Hernandez,Doctor 2,2023-03-05
P1664,Elizabeth,Scott,Doctor 3,2023-03-05
P1774,Nicholas,Lee,Doctor 3,2023-03-05
P2001,Jessica,Brooks,Doctor 1,2023-03-05
P2073,Jonathan,Gray,Doctor 2,2023-03-05
P2132,Michelle,Diaz,Doctor 3,2023-03-05
P2207,Deborah,Richardson,Doctor 3,2023-03-05
P2214,Jose,Rivera,Doctor 1,2023-03-05
P2221,Michael,Robinson,Doctor 2,2023-03-05
P2233,Elizabeth,Richardson,Doctor 1,2023-03-05
P0030,Kenneth,Mitchell,Doctor 2,2023-03-06
P0041,Deborah,Green,Doctor 3,2023-03-06
P0188,Jonathan,Thomas,Doctor 2,2023-03-06
P0278,Karen,Hall,Doctor 3,2023-03-06
P0380,James,Johnson,Doctor 3,2023-03-06
P0435,Matthew,Hill,Doctor 3,2023-03-06
P0450,Nancy,Reed,Doctor 3,2023-03-06
P0458,Amy,Green,Doctor 2,2023-03-06
P0512,Tyler,Carter,Doctor 2,2023-03-06
P0700,Donna,Nelson,Doctor 1,2023-03-06
P0905,Dorothy,Patel,Doctor 1,2023-03-06
P0957,Jack,Brooks,Doctor 3,2023-03-06
P0959,Donald,Martin,Doctor 2,2023-03-06
P1144,Daniel,Scott,Doctor 2,2023-03-06
P1162,Cynthia,Gonzalez,Doctor 3,2023-03-06
P1185,William,Gutierrez,Doctor 2,2023-03-06
P1188,Mark,Bennett,Doctor 2,2023-03-06
P1252,Nancy,Torres,Doctor 2,2023-03-06
P1290,Brandon,Moore,Doctor 1,2023-03-06
P1439,Donna,Nguyen,Doctor 2,2023-03-06
P1532,Matthew,Harris,Doctor 2,2023-03-06
P1551,Timothy,Lewis,Doctor 2,2023-03-06
P1846,Joseph,Lee,Doctor 2,2023-03-06
P1852,Dorothy,Wright,Doctor 2,2023-03-06
P1916,Michelle,Miller,Doctor 1,2023-03-06
P1965,Brian,Roberts,Doctor 1,2023-03-06
P1990,Sandra,Howard,Doctor 3,2023-03-06
P2085,Richard,Cruz,Doctor 3,2023-03-06
P2132,Michelle,Diaz,Doctor 1,2023-03-06
P2243,Samuel,Gonzalez,Doctor 2,2023-03-06
P2272,George,Morales,Doctor 2,2023-03-06
P0100,Kathleen,Campbell,Doctor 1,2023-03-07
P0154,Patricia,Wood,Doctor 2,2023-03-07
P0273,Laura,Martin,Doctor 2,2023-03-07
P0297,Raymond,Rogers,Doctor 3,2023-03-07
P0341,Jacob,Richardson,Doctor 1,2023-03-07
P0351,Jennifer,Ward,Doctor 1,2023-03-07
P0402,Sandra,Ramirez,Doctor 2,2023-03-07
P0422,Tyler,Hall,Doctor 3,2023-03-07
P0484,Thomas,Ramirez,Doctor 2,2023-03-07
P0561,Barbara,White,Doctor 1,2023-03-07
P0722,Daniel,Mitchell,Doctor 3,2023-03-07
P0771,Anna,James,Doctor 1,2023-03-07
P0780,Justin,Miller,Doctor 1,2023-03-07
P0864,Brian,Collins,Doctor 3,2023-03-07
P0953,Michelle,Alvarez,Doctor 2,2023-03-07
P0985,Jessica,Kelly,Doctor 1,2023-03-07
P0993,Larry,Bennett,Doctor 2,2023-03-07
P0995,James,Murphy,Doctor 2,2023-03-07
P1047,Charles,Murphy,Doctor 1,2023-03-07
P1094,Tyler,Castillo,Doctor 1,2023-03-07
P1186,Donna,Smith,Doctor 1,2023-03-07
P1193,Shirley,Price,Doctor 3,2023-03-07
P1277,Kenneth,Gomez,Doctor 1,2023-03-07
P1296,Jennifer,Morales,Doctor 3,2023-03-07
P1345,Jessica,Allen,Doctor 3,2023-03-07
P1374,Kimberly,Thompson,Doctor 1,2023-03-07
P1443,Jason,Reed,Doctor 2,2023-03-07
P1450,Gregory,Peterson,Doctor 3,2023-03-07
P1469,Tyler,Harris,Doctor 3,2023-03-07
P1487,Timothy,Brown,Doctor 2,2023-03-07
P1511,Michelle,Evans,Doctor 2,2023-03-07
P1521,Larry,Cook,Doctor 1,2023-03-07
P1524,Ruth,Baker,Doctor 1,2023-03-07
P1560,Betty,Gray,Doctor 3,2023-03-07
P1577,Jessica,Baker,Doctor 3,2023-03-07
P1614,Sharon,Hall,Doctor 2,2023-03-07
P1688,Anna,Smith,Doctor 2,2023-03-07
P1831,Angela,Lopez,Doctor 3,2023-03-07
P1937,Anna,Johnson,Doctor 1,2023-03-07
P2002,Benjamin,Hernandez,Doctor 3,2023-03-07
P2021,Timothy,Cox,Doctor 3,2023-03-07
P2156,Stephen,Torres,Doctor 2,2023-03-07
P2224,Richard,Wright,Doctor 2,2023-03-07
P0332,Kimberly,Rodriguez,Doctor 1,2023-03-08
P0448,Thomas,Lopez,Doctor 1,2023-03-08
P0471,Susan,Castillo,Doctor 2,2023-03-08
P0475,Timothy,Allen,Doctor 1,2023-03-08
P0599,Mark,Flores,Doctor 3,2023-03-08
P0605,Jessica,Peterson,Doctor 1,2023-03-08
P0695,Dorothy,Hernandez,Doctor 3,2023-03-08
P0717,Jessica,Hernandez,Doctor 2,2023-03-08
P0759,Jack,Cox,Doctor 3,2023-03-08
P0759,Jack,Cox,Doctor 3,2023-03-08
P0778,Tyler,Morales,Doctor 2,2023-03-08
P0862,David,Jackson,Doctor 2,2023-03-08
P0900,Jessica,Castillo,Doctor 1,2023-03-08
P1116,Michelle,Murphy,Doctor 3,2023-03-08
P1143,George,Hall,Doctor 3,2023-03-08
P1189,George,Smith,Doctor 3,2023-03-08
P1369,Brenda,Nguyen,Doctor 1,2023-03-08
P1433,George,Scott,Doctor 3,2023-03-08
P1617,Betty,Peterson,Doctor 3,2023-03-08
P1626,Kenneth,Ortiz,Doctor 2,2023-03-08
P1703,Dorothy,Clark,Doctor 2,2023-03-08
P1848,Karen,Gray,Doctor 3,2023-03-08
P1878,Daniel,Lee,Doctor 3,2023-03-08
P1957,Alexander,Price,Doctor 1,2023-03-08
P1989,Mary,Murphy,Doctor 1,2023-03-08
P2013,Anthony,Myers,Doctor 2,2023-03-08
P2032,Aaron,Gutierrez,Doctor 2,2023-03-08
P2054,Angela,Howard,Doctor 3,2023-03-08
P2172,Jessica,Ramos,Doctor 3,2023-03-08
P2188,Jeffrey,Brooks,Doctor 1,2023-03-08
P2194,Donald,Morgan,Doctor 2,2023-03-08
P2274,Sarah,Evans,Doctor 2,2023-03-08
P2294,William,Reyes,Doctor 1,2023-03-08
P0038,Michelle,Morris,Doctor 1,2023-03-09
P0384,Kevin,Ward,Doctor 2,2023-03-09
P0534,Nancy,Price,Doctor 3,2023-03-09
P0625,Emma,Mitchell,Doctor 1,2023-03-09
P0643,Patricia,Gray,Doctor 3,2023-03-09
P0697,Joshua,Bennett,Doctor 1,2023-03-09
P0721,Gary,Evans,Doctor 1,2023-03-09
P0756,Anthony,Peterson,Doctor 2,2023-03-09
P0816,Steven,Sanders,Doctor 3,2023-03-09
P0933,Jack,Green,Doctor 3,2023-03-09
P0971,Kimberly,Stewart,Doctor 3,2023-03-09
P0991,Stephen,Nguyen,Doctor 3,2023-03-09
P1086,Deborah,Taylor,Doctor 1,2023-03-09
P1367,Eric,Ruiz,Doctor 1,2023-03-09
P1376,Brian,Miller,Doctor 3,2023-03-09
P1378,Betty,Thompson,Doctor 1,2023-03-09
P1446,Ruth,Harris,Doctor 1,2023-03-09
P1507,Andrew,Richardson,Doctor 2,2023-03-09
P1575,Brenda,Price,Doctor 1,2023-03-09
P1673,James,Gomez,Doctor 3,2023-03-09
P1679,Melissa,Kelly,Doctor 3,2023-03-09
P1911,Nancy,Brown,Doctor 2,2023-03-09
P1918,Carol,Harris,Doctor 3,2023-03-09
P1939,Jack,Ortiz,Doctor 3,2023-03-09
P2019,Rebecca,Brown,Doctor 1,2023-03-09
P2091,Tyler,Hill,Doctor 3,2023-03-09
P2100,Thomas,Murphy,Doctor 1,2023-03-09
P2177,Kathleen,Flores,Doctor 1,2023-03-09
P2230,Tyler,Hernandez,Doctor 1,2023-03-09
P2285,Carol,Wright,Doctor 1,2023-03-09
P0040,Patrick,Rivera,Doctor 1,2023-03-10
P0072,Kevin,Edwards,Doctor 2,2023-03-10
P0106,Edward,Jones,Doctor 1,2023-03-10
P0207,Mary,Mitchell,Doctor 2,2023-03-10
P0229,Alexander,Martinez,Doctor 3,2023-03-10
P0267,Ronald,Smith,Doctor 3,2023-03-10
P0386,Jose,Adams,Doctor 2,2023-03-10
P0435,Matthew,Hill,Doctor 3,2023-03-10
P0523,Ryan,Hill,Doctor 2,2023-03-10
P0541,Sandra,Anderson,Doctor 2,2023-03-10
P0594,Betty,Torres,Doctor 1,2023-03-10
P0609,John,Smith,Doctor 2,2023-03-10
P0677,William,Wright,Doctor 3,2023-03-10
P0807,Karen,Smith,Doctor 1,2023-03-10
P0892,Richard,Cooper,Doctor 2,2023-03-10
P0931,Joseph,Mendoza,Doctor 2,2023-03-10
P1175,Daniel,Walker,Doctor 3,2023-03-10
P1224,Gregory,Reed,Doctor 2,2023-03-10
P1360,William,Price,Doctor 1,2023-03-10
P1458,Carol,James,Doctor 2,2023-03-10
P1488,James,Cox,Doctor 3,2023-03-10
P1546,Jacob,Morales,Doctor 3,2023-03-10
P1653,Richard,Robinson,Doctor 2,2023-03-10
P1761,Nancy,Perez,Doctor 3,2023-03-10
P1766,Sharon,Sanders,Doctor 2,2023-03-10
P1853,William,Wilson,Doctor 1,2023-03-10
P0029,Jason,Collins,Doctor 2,2023-03-11
P0040,Patrick,Rivera,Doctor 2,2023-03-11
P0058,Scott,Smith,Doctor 3,2023-03-11
P0115,Jacob,Jones,Doctor 2,2023-03-11
P0132,Cynthia,Martinez,Doctor 3,2023-03-11
P0286,Brian,Cook,Doctor 3,2023-03-11
P0396,Mary,Price,Doctor 1,2023-03-11
P0399,Frank,Taylor,Doctor 2,2023-03-11
P0441,Susan,Evans,Doctor 3,2023-03-11
P0485,Shirley,Cox,Doctor 2,2023-03-11
P0602,Gregory,Miller,Doctor 3,2023-03-11
P0634,David,Adams,Doctor 3,2023-03-11
P0662,Donna,Perez,Doctor 1,2023-03-11
P0715,Emma,Martin,Doctor 2,2023-03-11
P0758,Karen,Morris,Doctor 2,2023-03-11
P0828,David,Martin,Doctor 1,2023-03-11
P0870,Robert,Perez,Doctor 3,2023-03-11
P0878,Joshua,Taylor,Doctor 3,2023-03-11
P0917,George,Diaz,Doctor 2,2023-03-11
P1004,Sharon,Patel,Doctor 3,2023-03-11
P1036,Robert,Scott,Doctor 1,2023-03-11
P1291,Betty,Baker,Doctor 1,2023-03-11
P1293,Jeffrey,Edwards,Doctor 1,2023-03-11
P1540,Frank,Martinez,Doctor 1,2023-03-11
P1598,Andrew,Reyes,Doctor 2,2023-03-11
P1769,Jason,Moore,Doctor 3,2023-03-11
P1822,Brenda,Reyes,Doctor 3,2023-03-11
P1950,David,Chavez,Doctor 1,2023-03-11
P1959,Kimberly,Lewis,Doctor 3,2023-03-11
P1960,Raymond,Gomez,Doctor 2,2023-03-11
P2068,Robert,Thompson,Doctor 2,2023-03-11
P2103,Betty,Flores,Doctor 1,2023-03-11
P2132,Michelle,Diaz,Doctor 1,2023-03-11
P2141,Jose,Young,Doctor 1,2023-03-11
P2167,Frank,Castillo,Doctor 1,2023-03-11
P2252,Ronald,Allen,Doctor 1,2023-03-11
P0088,Anna,Sanders,Doctor 1,2023-03-12
P0133,Dorothy,Sanders,Doctor 2,2023-03-12
P0200,Edward,Rogers,Doctor 1,2023-03-12
P0218,Joshua,Collins,Doctor 3,2023-03-12
P0218,Joshua,Collins,Doctor 3,2023-03-12
P0438,Amy,Robinson,Doctor 1,2023-03-12
P0540,Carol,Scott,Doctor 1,2023-03-12
P0674,Anna,Reed,Doctor 3,2023-03-12
P0788,Ronald,Martinez,Doctor 1,2023-03-12
P0802,Jeffrey,Morgan,Doctor 3,2023-03-12
P0886,John,Martinez,Doctor 3,2023-03-12
P1289,Laura,Walker,Doctor 1,2023-03-12
P1423,Jessica,Flores,Doctor 2,2023-03-12
P1512,Kevin,Sanders,Doctor 2,2023-03-12
P1588,Robert,Lopez,Doctor 3,2023-03-12
P1636,Andrew,Castillo,Doctor 2,2023-03-12
P1672,Angela,Roberts,Doctor 2,2023-03-12
P1680,Michelle,Nelson,Doctor 1,2023-03-12
P1882,Michelle,James,Doctor 3,2023-03-12
P1909,Jacob,Anderson,Doctor 2,2023-03-12
P1957,Alexander,Price,Doctor 2,2023-03-12
P2034,Nancy,Campbell,Doctor 2,2023-03-12
P2041,Jerry,Campbell,Doctor 1,2023-03-12
P2072,Angela,Phillips,Doctor 3,2023-03-12
P2208,Jacob,Rodriguez,Doctor 3,2023-03-12
P2211,Susan,Richardson,Doctor 1,2023-03-12
P0057,Jerry,Anderson,Doctor 3,2023-03-13
P0104,Susan,Ortiz,Doctor 3,2023-03-13
P0111,Nancy,Ortiz,Doctor 3,2023-03-13
P0143,Charles,Cox,Doctor 2,2023-03-13
P0204,Jose,Ramirez,Doctor 2,2023-03-13
P0292,Frank,Thomas,Doctor 3,2023-03-13
P0326,Jerry,Howard,Doctor 1,2023-03-13
P0522,Rebecca,Turner,Doctor 3,2023-03-13
P0599,Mark,Flores,Doctor 2,2023-03-13
P0636,Anna,Clark,Doctor 2,2023-03-13
P0652,Anna,Allen,Doctor 2,2023-03-13
P0655,Ruth,Thompson,Doctor 1,2023-03-13
P0680,Edward,Wright,Doctor 1,2023-03-13
P0699,Linda,Anderson,Doctor 3,2023-03-13
P0796,Christopher,Roberts,Doctor 2,2023-03-13
P0807,Karen,Smith,Doctor 1,2023-03-13
P0862,David,Jackson,Doctor 3,2023-03-13
P0990,Sandra,Wright,Doctor 1,2023-03-13
P1158,Dorothy,Gonzalez,Doctor 3,2023-03-13
P1194,Emma,Morales,Doctor 2,2023-03-13
P1230,Ronald,Brooks,Doctor 3,2023-03-13
P1247,Nancy,Allen,Doctor 1,2023-03-13
P1330,Nancy,Gomez,Doctor 3,2023-03-13
P1593,Nicholas,Morgan,Doctor 3,2023-03-13
P1660,Michael,Morgan,Doctor 3,2023-03-13
P1695,Stephen,Watson,Doctor 3,2023-03-13
P1914,Jessica,Perez,Doctor 1,2023-03-13
P1920,Kimberly,Cooper,Doctor 1,2023-03-13
P2065,Thomas,Martinez,Doctor 3,2023-03-13
P2167,Frank,Castillo,Doctor 1,2023-03-13
P2167,Frank,Castillo,Doctor 3,2023-03-13
P2200,Stephen,Rogers,Doctor 3,2023-03-13
P2218,Jeffrey,Nelson,Doctor 3,2023-03-13
P2298,William,Carter,Doctor 2,2023-03-13
P0007,Christopher,Rivera,Doctor 1,2023-03-14
P0027,Justin,Flores,Doctor 3,2023-03-14
P0118,Kimberly,Mitchell,Doctor 2,2023-03-14
P0145,Christopher,Gonzalez,Doctor 1,2023-03-14
P0214,Donna,Evans,Doctor 2,2023-03-14
P0261,Donald,Lee,Doctor 3,2023-03-14
P0344,Lisa,Cook,Doctor 3,2023-03-14
P0376,Daniel,Price,Doctor 1,2023-03-14
P0400,Justin,Carter,Doctor 1,2023-03-14
P0436,Brandon,Cook,Doctor 2,2023-03-14
P0468,Scott,James,Doctor 3,2023-03-14
P0481,Donna,Miller,Doctor 3,2023-03-14
P0495,Matthew,Mendoza,Doctor 3,2023-03-14
P0505,Larry,Lewis,Doctor 3,2023-03-14
P0739,Karen,Cox,Doctor 2,2023-03-14
P0778,Tyler,Morales,Doctor 2,2023-03-14
P0955,Susan,Walker,Doctor 1,2023-03-14
P0995,James,Murphy,Doctor 1,2023-03-14
P1036,Robert,Scott,Doctor 1,2023-03-14
P1117,Richard,Phillips,Doctor 1,2023-03-14
P1324,Susan,Mitchell,Doctor 3,2023-03-14
P1654,Gregory,Morris,Doctor 3,2023-03-14
P1669,Sarah,Cook,Doctor 1,2023-03-14
P1690,Charles,Richardson,Doctor 3,2023-03-14
P1779,Deborah,Alvarez,Doctor 3,2023-03-14
P1785,Kimberly,Perez,Doctor 1,2023-03-14
P2057,Amy,Watson,Doctor 2,2023-03-14
P2178,Andrew,Kim,Doctor 1,2023-03-14
P2191,Carol,Carter,Doctor 1,2023-03-14
P2222,Brian,Nelson,Doctor 1,2023-03-14
P0025,Jose,Baker,Doctor 2,2023-03-15
P0085,Sarah,Hughes,Doctor 1,2023-03-15
P0190,Justin,Ramos,Doctor 2,2023-03-15
P0205,Lisa,Hernandez,Doctor 3,2023-03-15
P0400,Justin,Carter,Doctor 1,2023-03-15
P0457,Richard,Mendoza,Doctor 1,2023-03-15
P0534,Nancy,Price,Doctor 3,2023-03-15
P0658,Brian,Jones,Doctor 3,2023-03-15
P0723,Jason,Gray,Doctor 1,2023-03-15
P0733,Jason,Ruiz,Doctor 2,2023-03-15
P1100,Kevin,James,Doctor 2,2023-03-15
P1241,Joshua,Green,Doctor 2,2023-03-15
P1257,Deborah,Cook,Doctor 3,2023-03-15
P1400,Robert,Williams,Doctor 1,2023-03-15
P1427,Emma,Morris,Doctor 1,2023-03-15
P1435,Donald,Perez,Doctor 2,2023-03-15
P1447,Jack,Kim,Doctor 3,2023-03-15
P1503,Patrick,Hall,Doctor 3,2023-03-15
P1728,Samuel,Turner,Doctor 2,2023-03-15
P1761,Nancy,Perez,Doctor 3,2023-03-15
P1784,Aaron,Castillo,Doctor 3,2023-03-15
P1882,Michelle,James,Doctor 3,2023-03-15
P1889,Elizabeth,Nelson,Doctor 3,2023-03-15
P2110,Joshua,Howard,Doctor 1,2023-03-15
P2168,Deborah,Ramirez,Doctor 2,2023-03-15
P0008,Kimberly,Wood,Doctor 3,2023-03-16
P0031,Samuel,Bennett,Doctor 2,2023-03-16
P0042,Rebecca,Lopez,Doctor 2,2023-03-16
P0078,Jessica,Harris,Doctor 3,2023-03-16
P0095,Sandra,Murphy,Doctor 2,2023-03-16
P0172,Steven,Edwards,Doctor 1,2023-03-16
P0187,Anna,Cruz,Doctor 1,2023-03-16
P0281,Anna,Cook,Doctor 2,2023-03-16
P0430,Timothy,Hall,Doctor 1,2023-03-16
P0582,Alexander,Clark,Doctor 1,2023-03-16
P0609,John,Smith,Doctor 3,2023-03-16
P0702,Emma,Brooks,Doctor 1,2023-03-16
P0962,Barbara,Jackson,Doctor 2,2023-03-16
P0989,Benjamin,Flores,Doctor 2,2023-03-16
P1054,Charles,Johnson,Doctor 1,2023-03-16
P1119,Jerry,Parker,Doctor 1,2023-03-16
P1157,Emma,Gray,Doctor 2,2023-03-16
P1179,Sarah,Harris,Doctor 3,2023-03-16
P1252,Nancy,Torres,Doctor 2,2023-03-16
P1667,Deborah,Stewart,Doctor 1,2023-03-16
P1733,Joseph,Taylor,Doctor 1,2023-03-16
P1851,Dorothy,Garcia,Doctor 3,2023-03-16
P2021,Timothy,Cox,Doctor 3,2023-03-16
P2202,Dorothy,Allen,Doctor 1,2023-03-16
P2291,Elizabeth,Taylor,Doctor 1,2023-03-16
P0030,Kenneth,Mitchell,Doctor 2,2023-03-17
P0050,Anna,Gutierrez,Doctor 1,2023-03-17
P0060,Frank,Flores,Doctor 1,2023-03-17
P0066,Helen,Hill,Doctor 2,2023-03-17
P0214,Donna,Evans,Doctor 3,2023-03-17
P0252,Kathleen,James,Doctor 2,2023-03-17
P0367,Karen,Edwards,Doctor 1,2023-03-17
P0405,Ruth,Martin,Doctor 1,2023-03-17
P0465,Thomas,Morgan,Doctor 1,2023-03-17
P0513,Jerry,Hernandez,Doctor 1,2023-03-17
P0525,Ryan,Wright,Doctor 1,2023-03-17
P0556,Larry,Lopez,Doctor 3,2023-03-17
P0589,Shirley,Young,Doctor 3,2023-03-17
P0610,Jeffrey,Rodriguez,Doctor 1,2023-03-17
P0667,Brenda,Hill,Doctor 3,2023-03-17
P0725,Nancy,Ramos,Doctor 1,2023-03-17
P0749,Nicholas,Castillo,Doctor 2,2023-03-17
P0811,Sarah,Stewart,Doctor 3,2023-03-17
P0823,Anthony,Walker,Doctor 2,2023-03-17
P1191,Helen,Kelly,Doctor 2,2023-03-17
P1278,Gregory,Sanders,Doctor 1,2023-03-17
P1288,Lisa,Nguyen,Doctor 2,2023-03-17
P1398,Andrew,Kelly,Doctor 3,2023-03-17
P1527,George,Edwards,Doctor 2,2023-03-17
P1589,Patrick,Edwards,Doctor 2,2023-03-17
P1907,Justin,Jones,Doctor 1,2023-03-17
P1936,Christopher,Nguyen,Doctor 3,2023-03-17
P2070,Lisa,Gomez,Doctor 2,2023-03-17
P2261,Charles,Mendoza,Doctor 2,2023-03-17
P2285,Carol,Wright,Doctor 3,2023-03-17
P0199,Betty,Richardson,Doctor 2,2023-03-18
P0259,Joshua,Hughes,Doctor 3,2023-03-18
P0394,Charles,White,Doctor 2,2023-03-18
P0428,Jennifer,Myers,Doctor 1,2023-03-18
P0506,Joshua,Brooks,Doctor 1,2023-03-18
P0617,Donna,Peterson,Doctor 3,2023-03-18
P0645,Rebecca,Rodriguez,Doctor 3,2023-03-18
P0659,Carol,Clark,Doctor 1,2023-03-18
P0679,Eric,Mitchell,Doctor 2,2023-03-18
P0747,Jacob,Gray,Doctor 3,2023-03-18
P0788,Ronald,Martinez,Doctor 3,2023-03-18
P0901,Anna,Cooper,Doctor 3,2023-03-18
P0902,Susan,Wilson,Doctor 3,2023-03-18
P0987,Jonathan,Scott,Doctor 1,2023-03-18
P0988,Brenda,Patel,Doctor 3,2023-03-18
P1061,Jason,Ortiz,Doctor 2,2023-03-18
P1143,George,Hall,Doctor 3,2023-03-18
P1170,Jerry,Harris,Doctor 3,2023-03-18
P1334,Andrew,Peterson,Doctor 2,2023-03-18
P1372,Lisa,Bailey,Doctor 3,2023-03-18
P1612,Frank,Myers,Doctor 1,2023-03-18
P1738,Larry,Wright,Doctor 3,2023-03-18
P1822,Brenda,Reyes,Doctor 3,2023-03-18
P2190,Deborah,Cox,Doctor 2,2023-03-18
P2294,William,Reyes,Doctor 1,2023-03-18
P0011,Frank,Garcia,Doctor 3,2023-03-19
P0130,Richard,Campbell,Doctor 3,2023-03-19
P0179,Barbara,Hernandez,Doctor 3,2023-03-19
P0187,Anna,Cruz,Doctor 1,2023-03-19
P0263,Amy,Garcia,Doctor 2,2023-03-19
P0278,Karen,Hall,Doctor 3,2023-03-19
P0419,William,Cruz,Doctor 2,2023-03-19
P0539,Deborah,Peterson,Doctor 3,2023-03-19
P0593,Karen,Reyes,Doctor 3,2023-03-19
P0650,Jack,Richardson,Doctor 1,2023-03-19
P0673,Melissa,Gomez,Doctor 1,2023-03-19
P0675,Barbara,Ruiz,Doctor 2,2023-03-19
P0742,Tyler,Nguyen,Doctor 2,2023-03-19
P0767,Aaron,Murphy,Doctor 2,2023-03-19
P0858,Gregory,Castillo,Doctor 1,2023-03-19
P0887,Lisa,Garcia,Doctor 3,2023-03-19
P1127,Helen,Stewart,Doctor 1,2023-03-19
P1241,Joshua,Green,Doctor 2,2023-03-19
P1333,Sarah,Kim,Doctor 3,2023-03-19
P1391,Matthew,Parker,Doctor 1,2023-03-19
P1630,Carol,Bennett,Doctor 3,2023-03-19
P1638,Brenda,Mitchell,Doctor 2,2023-03-19
P1644,Lisa,Bennett,Doctor 1,2023-03-19
P1672,Angela,Roberts,Doctor 2,2023-03-19
P1767,Jessica,Stewart,Doctor 1,2023-03-19
P1858,Stephen,Cooper,Doctor 2,2023-03-19
P2086,Jose,Campbell,Doctor 1,2023-03-19
P2145,Donald,Torres,Doctor 2,2023-03-19
P2213,Nancy,Gonzalez,Doctor 2,2023-03-19
P2216,Joshua,Edwards,Doctor 3,2023-03-19
P2264,Ruth,Richardson,Doctor 3,2023-03-19
P2296,Brenda,Ward,Doctor 1,2023-03-19
P0083,Jennifer,Morgan,Doctor 3,2023-03-20
P0280,Edward,Collins,Doctor 1,2023-03-20
P0292,Frank,Thomas,Doctor 3,2023-03-20
P0360,Ruth,Kim,Doctor 1,2023-03-20
P0459,Laura,Price,Doctor 3,2023-03-20
P0498,Justin,Morales,Doctor 3,2023-03-20
P0575,Laura,Cruz,Doctor 1,2023-03-20
P0595,Deborah,Watson,Doctor 2,2023-03-20
P0703,Nicholas,Reyes,Doctor 3,2023-03-20
P0824,Aaron,Harris,Doctor 3,2023-03-20
P0825,Sarah,Diaz,Doctor 3,2023-03-20
P0882,Ronald,Thomas,Doctor 1,2023-03-20
P0993,Larry,Bennett,Doctor 2,2023-03-20
P1022,Jeffrey,Moore,Doctor 1,2023-03-20
P1049,Laura,Garcia,Doctor 3,2023-03-20
P1078,Daniel,Reed,Doctor 3,2023-03-20
P1081,Patrick,Johnson,Doctor 1,2023-03-20
P1122,Timothy,Nelson,Doctor 3,2023-03-20
P1159,Aaron,Carter,Doctor 2,2023-03-20
P1306,Alexander,Lee,Doctor 3,2023-03-20
P1352,Melissa,Miller,Doctor 1,2023-03-20
P1582,Charles,Howard,Doctor 3,2023-03-20
P1692,Larry,Murphy,Doctor 2,2023-03-20
P1760,Betty,Young,Doctor 3,2023-03-20
P1780,Barbara,Richardson,Doctor 1,2023-03-20
P1788,Karen,Morgan,Doctor 2,2023-03-20
P1796,Gary,Hall,Doctor 3,2023-03-20
P1797,Anna,Anderson,Doctor 3,2023-03-20
P1803,Sandra,Wood,Doctor 2,2023-03-20
P1941,Stephen,Evans,Doctor 2,2023-03-20
P1951,David,Lopez,Doctor 3,2023-03-20
P1990,Sandra,Howard,Doctor 3,2023-03-20
P2026,Michael,Brooks,Doctor 3,2023-03-20
P2195,Raymond,Stewart,Doctor 3,2023-03-20
P0040,Patrick,Rivera,Doctor 2,2023-03-21
P0081,Andrew,Morales,Doctor 2,2023-03-21
P0186,Betty,Bailey,Doctor 2,2023-03-21
P0291,Betty,Roberts,Doctor 2,2023-03-21
P0299,Jonathan,Reed,Doctor 1,2023-03-21
P0424,Timothy,Smith,Doctor 3,2023-03-21
P0470,Sarah,Richardson,Doctor 1,2023-03-21
P0543,Jose,Roberts,Doctor 1,2023-03-21
P0563,Sandra,Chavez,Doctor 3,2023-03-21
P0606,Jack,Thomas,Doctor 3,2023-03-21
P0648,Kimberly,Allen,Doctor 3,2023-03-21
P0660,Daniel,Clark,Doctor 3,2023-03-21
P0740,Robert,Hall,Doctor 3,2023-03-21
P0799,Charles,Smith,Doctor 2,2023-03-21
P0851,Timothy,Sanchez,Doctor 1,2023-03-21
P0918,Michael,Sanders,Doctor 3,2023-03-21
P1033,Elizabeth,Castillo,Doctor 2,2023-03-21
P1047,Charles,Murphy,Doctor 1,2023-03-21
P1095,Nancy,Morgan,Doctor 2,2023-03-21
P1112,Charles,Lewis,Doctor 3,2023-03-21
P1132,Jason,Adams,Doctor 2,2023-03-21
P1140,Jacob,Hall,Doctor 1,2023-03-21
P1152,Richard,Carter,Doctor 3,2023-03-21
P1188,Mark,Bennett,Doctor 1,2023-03-21
P1233,Melissa,Adams,Doctor 3,2023-03-21
P1287,Sarah,Martinez,Doctor 2,2023-03-21
P1344,Kenneth,Rodriguez,Doctor 2,2023-03-21
P1356,Betty,Carter,Doctor 2,2023-03-21
P1446,Ruth,Harris,Doctor 1,2023-03-21
P1508,Gary,Nguyen,Doctor 2,2023-03-21
P1522,Linda,Gray,Doctor 3,2023-03-21
P1672,Angela,Roberts,Doctor 2,2023-03-21
P1678,Samuel,Ortiz,Doctor 2,2023-03-21
P1695,Stephen,Watson,Doctor 3,2023-03-21
P1712,Nicholas,James,Doctor 3,2023-03-21
P1727,Donna,Brooks,Doctor 3,2023-03-21
P1759,Helen,Peterson,Doctor 2,2023-03-21
P2041,Jerry,Campbell,Doctor 1,2023-03-21
P2061,Jessica,Martin,Doctor 3,2023-03-21
P2088,Joshua,Kelly,Doctor 3,2023-03-21
P2292,Rebecca,Taylor,Doctor 3,2023-03-21
P0031,Samuel,Bennett,Doctor 3,2023-03-22
P0166,Carol,Perez,Doctor 2,2023-03-22
P0223,Jerry,Watson,Doctor 1,2023-03-22
P0242,Carol,Gray,Doctor 1,2023-03-22
P0264,Sharon,Lopez,Doctor 1,2023-03-22
P0332,Kimberly,Rodriguez,Doctor 3,2023-03-22
P0334,Sandra,Myers,Doctor 3,2023-03-22
P0422,Tyler,Hall,Doctor 3,2023-03-22
P0435,Matthew,Hill,Doctor 1,2023-03-22
P0461,Daniel,Murphy,Doctor 1,2023-03-22
P0485,Shirley,Cox,Doctor 2,2023-03-22
P0572,Joshua,Ramirez,Doctor 1,2023-03-22
P0978,Jeffrey,Davis,Doctor 3,2023-03-22
P1151,Susan,Sanders,Doctor 1,2023-03-22
P1206,Ronald,Cook,Doctor 3,2023-03-22
P1335,Elizabeth,Hernandez,Doctor 1,2023-03-22
P1429,Stephen,Cook,Doctor 3,2023-03-22
P1449,Michelle,Watson,Doctor 1,2023-03-22
P1578,Charles,Thomas,Doctor 1,2023-03-22
P1586,Richard,Lopez,Doctor 1,2023-03-22
P1664,Elizabeth,Scott,Doctor 1,2023-03-22
P2176,Sandra,Clark,Doctor 2,2023-03-22
P2203,Larry,Roberts,Doctor 3,2023-03-22
P2251,Sarah,Hernandez,Doctor 2,2023-03-22
P2305,Jack,Chavez,Doctor 2,2023-03-22
P0004,Ronald,Perez,Doctor 2,2023-03-23
P0141,Gary,Hughes,Doctor 2,2023-03-23
P0191,Donna,Hill,Doctor 2,2023-03-23
P0225,Donna,King,Doctor 1,2023-03-23
P0303,Angela,Kelly,Doctor 2,2023-03-23
P0304,Betty,Williams,Doctor 2,2023-03-23
P0386,Jose,Adams,Doctor 2,2023-03-23
P0442,Robert,Lewis,Doctor 2,2023-03-23
P0566,Shirley,Torres,Doctor 3,2023-03-23
P0566,Shirley,Torres,Doctor 3,2023-03-23
P0570,Larry,Ramos,Doctor 3,2023-03-23
P0580,Angela,Cruz,Doctor 1,2023-03-23
P0605,Jessica,Peterson,Doctor 1,2023-03-23
P0695,Dorothy,Hernandez,Doctor 2,2023-03-23
P0748,Jack,Allen,Doctor 1,2023-03-23
P0754,Brian,Adams,Doctor 3,2023-03-23
P0799,Charles,Smith,Doctor 2,2023-03-23
P0852,Justin,Hughes,Doctor 1,2023-03-23
P0869,Ruth,Thomas,Doctor 3,2023-03-23
P1212,Scott,Evans,Doctor 2,2023-03-23
P1215,Anna,Mendoza,Doctor 3,2023-03-23
P1217,Barbara,Hall,Doctor 1,2023-03-23
P1231,Jose,King,Doctor 1,2023-03-23
P1492,Matthew,Morris,Doctor 3,2023-03-23
P1531,Michelle,Campbell,Doctor 3,2023-03-23
P1533,Joseph,Johnson,Doctor 1,2023-03-23
P1544,Angela,Mitchell,Doctor 2,2023-03-23
P1566,Elizabeth,Ortiz,Doctor 1,2023-03-23
P1601,Ryan,Richardson,Doctor 1,2023-03-23
P1603,Lisa,Campbell,Doctor 3,2023-03-23
P1659,Lisa,Rivera,Doctor 2,2023-03-23
P1716,Dennis,Mitchell,Doctor 2,2023-03-23
P1723,Anna,Reyes,Doctor 1,2023-03-23
P1836,Joshua,Brown,Doctor 1,2023-03-23
P1860,Stephen,Martinez,Doctor 3,2023-03-23
P1932,Alexander,Robinson,Doctor 1,2023-03-23
P2015,Sandra,Morales,Doctor 2,2023-03-23
P2114,Brenda,Clark,Doctor 1,2023-03-23
P2124,Gregory,Rivera,Doctor 3,2023-03-23
P0080,Mary,Morales,Doctor 3,2023-03-24
P0196,Thomas,Gomez,Doctor 3,2023-03-24
P0228,Michelle,Ward,Doctor 3,2023-03-24
P0244,Melissa,Hughes,Doctor 2,2023-03-24
P0312,Laura,Brooks,Doctor 1,2023-03-24
P0382,Raymond,Davis,Doctor 1,2023-03-24
P0609,John,Smith,Doctor 3,2023-03-24
P0691,Timothy,Parker,Doctor 2,2023-03-24
P0884,Ronald,White,Doctor 1,2023-03-24
P0910,Jack,Johnson,Doctor 2,2023-03-24
P0915,Carol,Brooks,Doctor 3,2023-03-24
P0954,Michelle,Scott,Doctor 2,2023-03-24
P1008,Alexander,Murphy,Doctor 3,2023-03-24
P1027,Lisa,Peterson,Doctor 2,2023-03-24
P1043,Jacob,Myers,Doctor 2,2023-03-24
P1112,Charles,Lewis,Doctor 3,2023-03-24
P1145,Gregory,Taylor,Doctor 1,2023-03-24
P1308,Carol,Sanchez,Doctor 1,2023-03-24
P1407,Shirley,Garcia,Doctor 2,2023-03-24
P1445,Justin,Martinez,Doctor 2,2023-03-24
P1467,Brandon,Ortiz,Doctor 3,2023-03-24
P1551,Timothy,Lewis,Doctor 2,2023-03-24
P1626,Kenneth,Ortiz,Doctor 2,2023-03-24
P1699,Ruth,Sanchez,Doctor 3,2023-03-24
P1700,Tyler,Ortiz,Doctor 3,2023-03-24
P1792,Nancy,Hall,Doctor 2,2023-03-24
P1859,Elizabeth,Myers,Doctor 3,2023-03-24
P1905,Nicholas,Mendoza,Doctor 2,2023-03-24
P1928,Kimberly,Moore,Doctor 3,2023-03-24
P2062,Andrew,Rodriguez,Doctor 1,2023-03-24
P2066,Samuel,Allen,Doctor 2,2023-03-24
P2069,Jose,Smith,Doctor 3,2023-03-24
P2173,Sarah,Anderson,Doctor 2,2023-03-24
P2231,Ruth,Parker,Doctor 2,2023-03-24
P2278,Jose,Walker,Doctor 1,2023-03-24
P2286,Deborah,Rivera,Doctor 2,2023-03-24
P0010,Sarah,Turner,Doctor 3,2023-03-25
P0106,Edward,Jones,Doctor 1,2023-03-25
P0306,Nicholas,Kelly,Doctor 2,2023-03-25
P0382,Raymond,Davis,Doctor 1,2023-03-25
P0407,Kathleen,Bennett,Doctor 1,2023-03-25
P0428,Jennifer,Myers,Doctor 3,2023-03-25
P0505,Larry,Lewis,Doctor 3,2023-03-25
P0555,Jessica,Scott,Doctor 2,2023-03-25
P0570,Larry,Ramos,Doctor 3,2023-03-25
P0614,Elizabeth,Phillips,Doctor 3,2023-03-25
P0649,Michelle,Ramirez,Doctor 1,2023-03-25
P0657,Frank,Moore,Doctor 2,2023-03-25
P0725,Nancy,Ramos,Doctor 1,2023-03-25
P0741,Laura,Campbell,Doctor 3,2023-03-25
P0781,Frank,Cox,Doctor 3,2023-03-25
P0854,Scott,Sanchez,Doctor 3,2023-03-25
P0921,Richard,Smith,Doctor 1,2023-03-25
P0951,Sharon,Castillo,Doctor 2,2023-03-25
P1005,Scott,Parker,Doctor 3,2023-03-25
P1007,Nancy,Hughes,Doctor 3,2023-03-25
P1118,Christopher,Young,Doctor 3,2023-03-25
P1143,George,Hall,Doctor 3,2023-03-25
P1534,Brenda,Martin,Doctor 2,2023-03-25
P1583,John,Chavez,Doctor 2,2023-03-25
P1638,Brenda,Mitchell,Doctor 2,2023-03-25
P1660,Michael,Morgan,Doctor 3,2023-03-25
P1667,Deborah,Stewart,Doctor 2,2023-03-25
P1705,Matthew,Davis,Doctor 3,2023-03-25
P1733,Joseph,Taylor,Doctor 3,2023-03-25
P1735,Patricia,Miller,Doctor 1,2023-03-25
P1906,Edward,Torres,Doctor 1,2023-03-25
P1973,Andrew,Moore,Doctor 2,2023-03-25
P2127,Jeffrey,Johnson,Doctor 2,2023-03-25
P0006,Deborah,Morris,Doctor 3,2023-03-26
P0020,William,Edwards,Doctor 3,2023-03-26
P0099,Laura,Chavez,Doctor 1,2023-03-26
P0300,Deborah,Nelson,Doctor 2,2023-03-26
P0347,Cynthia,Cooper,Doctor 3,2023-03-26
P0435,Matthew,Hill,Doctor 1,2023-03-26
P0499,Emma,Patel,Doctor 2,2023-03-26
P0792,Mary,White,Doctor 1,2023-03-26
P0893,Larry,Carter,Doctor 1,2023-03-26
P0925,James,Cooper,Doctor 2,2023-03-26
P1025,Benjamin,Bailey,Doctor 3,2023-03-26
P1032,Richard,Cook,Doctor 3,2023-03-26
P1070,Benjamin,Gray,Doctor 1,2023-03-26
P1134,Raymond,Taylor,Doctor 3,2023-03-26
P1153,Timothy,Wood,Doctor 2,2023-03-26
P1204,Justin,Cruz,Doctor 3,2023-03-26
P1344,Kenneth,Rodriguez,Doctor 3,2023-03-26
P1353,Donald,Edwards,Doctor 3,2023-03-26
P1394,Alexander,Wilson,Doctor 1,2023-03-26
P1455,Patrick,Gomez,Doctor 2,2023-03-26
P1548,Virginia,Torres,Doctor 2,2023-03-26
P1677,Gregory,Perez,Doctor 3,2023-03-26
P1779,Deborah,Alvarez,Doctor 3,2023-03-26
P1845,Patricia,Wilson,Doctor 2,2023-03-26
P1864,Linda,Adams,Doctor 3,2023-03-26
P1945,Donna,Harris,Doctor 3,2023-03-26
P2028,Laura,Lee,Doctor 1,2023-03-26
P2060,Jason,Davis,Doctor 3,2023-03-26
P2196,Sharon,Taylor,Doctor 3,2023-03-26
P2196,Sharon,Taylor,Doctor 3,2023-03-26
P2266,Ronald,Rogers,Doctor 2,2023-03-26
P0002,Betty,Castillo,Doctor 3,2023-03-27
P0028,Sharon,Collins,Doctor 3,2023-03-27
P0274,Ruth,Hernandez,Doctor 2,2023-03-27
P0392,Samuel,Bailey,Doctor 2,2023-03-27
P0425,Susan,Morris,Doctor 2,2023-03-27
P0450,Nancy,Reed,Doctor 2,2023-03-27
P0741,Laura,Campbell,Doctor 1,2023-03-27
P0771,Anna,James,Doctor 1,2023-03-27
P0848,Amy,Diaz,Doctor 1,2023-03-27
P0920,Karen,Stewart,Doctor 1,2023-03-27
P1088,Benjamin,Smith,Doctor 1,2023-03-27
P1157,Emma,Gray,Doctor 1,2023-03-27
P1218,Mark,Price,Doctor 1,2023-03-27
P1255,Kevin,Baker,Doctor 3,2023-03-27
P1261,Mary,Brown,Doctor 2,2023-03-27
P1267,Gregory,Ruiz,Doctor 2,2023-03-27
P1411,Michelle,Gray,Doctor 2,2023-03-27
P1464,Sharon,Cox,Doctor 1,2023-03-27
P1499,Karen,Ward,Doctor 1,2023-03-27
P1584,John,Edwards,Doctor 1,2023-03-27
P1622,David,Miller,Doctor 3,2023-03-27
P1645,Ruth,Cooper,Doctor 1,2023-03-27
P1663,Amy,King,Doctor 1,2023-03-27
P1677,Gregory,Perez,Doctor 3,2023-03-27
P1771,Jacob,Allen,Doctor 3,2023-03-27
P1778,Donald,Gomez,Doctor 2,2023-03-27
P1829,Charles,Torres,Doctor 1,2023-03-27
P1834,Gary,Thompson,Doctor 1,2023-03-27
P1880,Emma,Nguyen,Doctor 2,2023-03-27
P1907,Justin,Jones,Doctor 1,2023-03-27
P1920,Kimberly,Cooper,Doctor 2,2023-03-27
P1926,Stephen,Wood,Doctor 1,2023-03-27
P2075,Aaron,Collins,Doctor 2,2023-03-27
P2118,Jennifer,Flores,Doctor 1,2023-03-27
P2224,Richard,Wright,Doctor 3,2023-03-27
P0030,Kenneth,Mitchell,Doctor 1,2023-03-28
P0069,Sarah,Roberts,Doctor 3,2023-03-28
P0213,Justin,Lee,Doctor 2,2023-03-28
P0313,Jessica,Mitchell,Doctor 2,2023-03-28
P0373,Andrew,Ward,Doctor 3,2023-03-28
P0398,Helen,Lopez,Doctor 3,2023-03-28
P0401,Jason,Edwards,Doctor 3,2023-03-28
P0434,Dennis,Reyes,Doctor 2,2023-03-28
P0510,Nancy,Lee,Doctor 3,2023-03-28
P0563,Sandra,Chavez,Doctor 3,2023-03-28
P0601,Timothy,Rodriguez,Doctor 3,2023-03-28
P0602,Gregory,Miller,Doctor 3,2023-03-28
P0666,Amy,Anderson,Doctor 3,2023-03-28
P0672,Donald,Morales,Doctor 1,2023-03-28
P0704,Joseph,Rogers,Doctor 2,2023-03-28
P0970,Gregory,Martin,Doctor 2,2023-03-28
P1009,Eric,Flores,Doctor 3,2023-03-28
P1014,Lisa,Brooks,Doctor 2,2023-03-28
P1016,Ruth,Davis,Doctor 2,2023-03-28
P1066,Lisa,Wood,Doctor 3,2023-03-28
P1126,Charles,Alvarez,Doctor 1,2023-03-28
P1132,Jason,Adams,Doctor 2,2023-03-28
P1161,Raymond,Brooks,Doctor 1,2023-03-28
P1330,Nancy,Gomez,Doctor 2,2023-03-28
P1497,Brenda,Moore,Doctor 2,2023-03-28
P1572,Carol,Walker,Doctor 2,2023-03-28
P1829,Charles,Torres,Doctor 1,2023-03-28
P1987,Christopher,Murphy,Doctor 2,2023-03-28
P2030,Brian,Watson,Doctor 3,2023-03-28
P2141,Jose,Young,Doctor 1,2023-03-28
P2153,Carol,Johnson,Doctor 1,2023-03-28
P2185,Jose,Kelly,Doctor 2,2023-03-28
P2205,Eric,Clark,Doctor 1,2023-03-28
P2239,Edward,Garcia,Doctor 2,2023-03-28
P0031,Samuel,Bennett,Doctor 3,2023-03-29
P0105,Amy,Ruiz,Doctor 1,2023-03-29
P0165,Charles,Hughes,Doctor 3,2023-03-29
P0170,Jessica,Lee,Doctor 3,2023-03-29
P0262,Jason,Cox,Doctor 3,2023-03-29
P0371,Eric,Rivera,Doctor 2,2023-03-29
P0468,Scott,James,Doctor 3,2023-03-29
P0499,Emma,Patel,Doctor 2,2023-03-29
P0504,Gregory,Ward,Doctor 2,2023-03-29
P0668,Aaron,Rodriguez,Doctor 3,2023-03-29
P0869,Ruth,Thomas,Doctor 3,2023-03-29
P1196,Dennis,Harris,Doctor 1,2023-03-29
P1283,Jason,Sanders,Doctor 3,2023-03-29
P1462,Virginia,Wilson,Doctor 1,2023-03-29
P1470,Barbara,Watson,Doctor 1,2023-03-29
P1608,Linda,Clark,Doctor 3,2023-03-29
P1677,Gregory,Perez,Doctor 3,2023-03-29
P1796,Gary,Hall,Doctor 3,2023-03-29
P1800,Sandra,Smith,Doctor 2,2023-03-29
P1831,Angela,Lopez,Doctor 3,2023-03-29
P1871,Patrick,Peterson,Doctor 2,2023-03-29
P1929,Jonathan,Garcia,Doctor 3,2023-03-29
P2040,Steven,Thompson,Doctor 3,2023-03-29
P2073,Jonathan,Gray,Doctor 2,2023-03-29
P2152,Charles,Bennett,Doctor 3,2023-03-29
P2282,Matthew,Nelson,Doctor 2,2023-03-29
P0066,Helen,Hill,Doctor 2,2023-03-30
P0114,Larry,Flores,Doctor 1,2023-03-30
P0155,Sarah,Sanchez,Doctor 2,2023-03-30
P0336,Virginia,Nelson,Doctor 3,2023-03-30
P0397,Sandra,White,Doctor 3,2023-03-30
P0509,Emma,Rodriguez,Doctor 3,2023-03-30
P0535,Kimberly,Anderson,Doctor 2,2023-03-30
P0576,Jeffrey,Jackson,Doctor 1,2023-03-30
P0576,Jeffrey,Jackson,Doctor 1,2023-03-30
P0641,Brenda,Davis,Doctor 1,2023-03-30
P0671,Mark,Green,Doctor 1,2023-03-30
P0705,Sharon,Garcia,Doctor 3,2023-03-30
P0842,Larry,Hall,Doctor 3,2023-03-30
P0873,Jose,Gomez,Doctor 3,2023-03-30
P0953,Michelle,Alvarez,Doctor 2,2023-03-30
P1024,Sharon,Robinson,Doctor 1,2023-03-30
P1049,Laura,Garcia,Doctor 2,2023-03-30
P1159,Aaron,Carter,Doctor 1,2023-03-30
P1189,George,Smith,Doctor 3,2023-03-30
P1232,Rebecca,Gomez,Doctor 3,2023-03-30
P1247,Nancy,Allen,Doctor 2,2023-03-30
P1248,Jack,Sanders,Doctor 3,2023-03-30
P1283,Jason,Sanders,Doctor 3,2023-03-30
P1427,Emma,Morris,Doctor 1,2023-03-30
P1449,Michelle,Watson,Doctor 3,2023-03-30
P1513,Jessica,Morales,Doctor 2,2023-03-30
P1542,Elizabeth,Thompson,Doctor 3,2023-03-30
P1594,Jessica,Gray,Doctor 3,2023-03-30
P1661,Sarah,Young,Doctor 1,2023-03-30
P1716,Dennis,Mitchell,Doctor 1,2023-03-30
P1726,Donald,James,Doctor 3,2023-03-30
P1746,Eric,Watson,Doctor 1,2023-03-30
P1777,Thomas,Lee,Doctor 1,2023-03-30
P1847,Laura,Rivera,Doctor 1,2023-03-30
P1896,Kenneth,Anderson,Doctor 1,2023-03-30
P1930,Susan,Adams,Doctor 1,2023-03-30
P1946,Kathleen,Carter,Doctor 1,2023-03-30
P1955,Lisa,Murphy,Doctor 3,2023-03-30
P1980,Frank,Rogers,Doctor 1,2023-03-30
P2116,Carol,Kelly,Doctor 1,2023-03-30
P2205,Eric,Clark,Doctor 3,2023-03-30
P0033,Kenneth,Brown,Doctor 2,2023-03-31
P0072,Kevin,Edwards,Doctor 2,2023-03-31
P0100,Kathleen,Campbell,Doctor 3,2023-03-31
P0257,Charles,Brown,Doctor 1,2023-03-31
P0381,John,Gutierrez,Doctor 2,2023-03-31
P0545,Linda,Ortiz,Doctor 2,2023-03-31
P0608,Jessica,Thomas,Doctor 2,2023-03-31
P0620,Jeffrey,Hernandez,Doctor 2,2023-03-31
P0672,Donald,Morales,Doctor 1,2023-03-31
P0676,Carol,Flores,Doctor 1,2023-03-31
P0737,Kenneth,Parker,Doctor 3,2023-03-31
P0951,Sharon,Castillo,Doctor 2,2023-03-31
P1052,Helen,Collins,Doctor 1,2023-03-31
P1295,Karen,Alvarez,Doctor 2,2023-03-31
P1337,Betty,Evans,Doctor 2,2023-03-31
P1361,Deborah,Johnson,Doctor 1,2023-03-31
P1363,John,Anderson,Doctor 3,2023-03-31
P1407,Shirley,Garcia,Doctor 2,2023-03-31
P1612,Frank,Myers,Doctor 3,2023-03-31
P1657,Kathleen,Miller,Doctor 2,2023-03-31
P1679,Melissa,Kelly,Doctor 3,2023-03-31
P1728,Samuel,Turner,Doctor 2,2023-03-31
P1730,Samuel,Chavez,Doctor 1,2023-03-31
P1737,Barbara,Morris,Doctor 1,2023-03-31
P1741,Christopher,Hill,Doctor 2,2023-03-31
P1793,James,Hughes,Doctor 2,2023-03-31
P1804,Kevin,Gray,Doctor 1,2023-03-31
P1902,Jacob,Ramirez,Doctor 2,2023-03-31
P1920,Kimberly,Cooper,Doctor 3,2023-03-31
P1929,Jonathan,Garcia,Doctor 3,2023-03-31
P2026,Michael,Brooks,Doctor 3,2023-03-31
P2050,Stephen,Thompson,Doctor 1,2023-03-31
P2108,Brenda,Cook,Doctor 3,2023-03-31
P2117,Nancy,Adams,Doctor 2,2023-03-31
P2138,Melissa,Castillo,Doctor 3,2023-03-31
P2144,Gregory,Johnson,Doctor 1,2023-03-31
P2158,Eric,Ramirez,Doctor 1,2023-03-31
P2259,Sarah,Phillips,Doctor 1,2023-03-31
P0297,Raymond,Rogers,Doctor 2,2023-04-01
P0367,Karen,Edwards,Doctor 1,2023-04-01
P0420,Kevin,Lopez,Doctor 3,2023-04-01
P0459,Laura,Price,Doctor 1,2023-04-01
P0489,Michelle,Patel,Doctor 1,2023-04-01
P0565,Elizabeth,Williams,Doctor 1,2023-04-01
P0754,Brian,Adams,Doctor 3,2023-04-01
P0871,Dennis,Morales,Doctor 3,2023-04-01
P0899,George,Taylor,Doctor 3,2023-04-01
P1204,Justin,Cruz,Doctor 3,2023-04-01
P1342,Samuel,Morales,Doctor 3,2023-04-01
P1386,Gregory,Diaz,Doctor 3,2023-04-01
P1529,Joseph,Sanders,Doctor 1,2023-04-01
P1629,Scott,Hughes,Doctor 2,2023-04-01
P1657,Kathleen,Miller,Doctor 2,2023-04-01
P1725,Susan,Mendoza,Doctor 3,2023-04-01
P1726,Donald,James,Doctor 3,2023-04-01
P1740,Sharon,Moore,Doctor 3,2023-04-01
P1756,Rebecca,Richardson,Doctor 3,2023-04-01
P1879,Anna,Murphy,Doctor 3,2023-04-01
P1903,Amy,Clark,Doctor 2,2023-04-01
P2002,Benjamin,Hernandez,Doctor 3,2023-04-01
P2297,Mark,Young,Doctor 2,2023-04-01
P0122,Richard,Sanchez,Doctor 1,2023-04-02
P0123,Matthew,Ortiz,Doctor 2,2023-04-02
P0154,Patricia,Wood,Doctor 2,2023-04-02
P0202,Michael,Patel,Doctor 2,2023-04-02
P0265,James,Morgan,Doctor 3,2023-04-02
P0325,Deborah,Martin,Doctor 3,2023-04-02
P0449,Kevin,Ramirez,Doctor 1,2023-04-02
P0513,Jerry,Hernandez,Doctor 1,2023-04-02
P0633,Carol,Rodriguez,Doctor 1,2023-04-02
P0700,Donna,Nelson,Doctor 1,2023-04-02
P0800,Jack,Scott,Doctor 2,2023-04-02
P0952,Eric,Mendoza,Doctor 1,2023-04-02
P0992,Kimberly,Watson,Doctor 3,2023-04-02
P1041,Kathleen,Ramos,Doctor 2,2023-04-02
P1042,Laura,Harris,Doctor 1,2023-04-02
P1087,Scott,Rogers,Doctor 2,2023-04-02
P1250,Brian,Wood,Doctor 1,2023-04-02
P1412,Michelle,Gutierrez,Doctor 3,2023-04-02
P1547,Justin,Chavez,Doctor 1,2023-04-02
P1617,Betty,Peterson,Doctor 3,2023-04-02
P1630,Carol,Bennett,Doctor 3,2023-04-02
P1807,Angela,Bailey,Doctor 2,2023-04-02
P1866,William,Bennett,Doctor 1,2023-04-02
P1870,Samuel,Harris,Doctor 2,2023-04-02
P1905,Nicholas,Mendoza,Doctor 3,2023-04-02
P2124,Gregory,Rivera,Doctor 3,2023-04-02
P2149,Patricia,Anderson,Doctor 2,2023-04-02
P2211,Susan,Richardson,Doctor 1,2023-04-02
P2225,George,Reed,Doctor 1,2023-04-02
P2260,Larry,Thomas,Doctor 2,2023-04-02
P2293,Donna,Wilson,Doctor 3,2023-04-02
P0011,Frank,Garcia,Doctor 1,2023-04-03
P0145,Christopher,Gonzalez,Doctor 1,2023-04-03
P0213,Justin,Lee,Doctor 2,2023-04-03
P0332,Kimberly,Rodriguez,Doctor 3,2023-04-03
P0390,Daniel,Robinson,Doctor 1,2023-04-03
P0561,Barbara,White,Doctor 1,2023-04-03
P0643,Patricia,Gray,Doctor 3,2023-04-03
P0659,Carol,Clark,Doctor 1,2023-04-03
P0775,Deborah,White,Doctor 1,2023-04-03
P0965,Sharon,Torres,Doctor 1,2023-04-03
P0998,Jeffrey,Evans,Doctor 2,2023-04-03
P1092,Eric,Edwards,Doctor 2,2023-04-03
P1253,Barbara,Kelly,Doctor 3,2023-04-03
P1281,Michael,Wilson,Doctor 2,2023-04-03
P1602,Jessica,Smith,Doctor 3,2023-04-03
P1708,William,Cook,Doctor 3,2023-04-03
P1751,Lisa,Reed,Doctor 1,2023-04-03
P1755,Andrew,Taylor,Doctor 2,2023-04-03
P1788,Karen,Morgan,Doctor 2,2023-04-03
P1828,Joshua,Williams,Doctor 2,2023-04-03
P1832,Mary,Miller,Doctor 2,2023-04-03
P1838,Mark,Hall,Doctor 2,2023-04-03
P1847,Laura,Rivera,Doctor 3,2023-04-03
P1971,Richard,Moore,Doctor 2,2023-04-03
P2027,Sharon,Sanchez,Doctor 3,2023-04-03
P2255,Sharon,Richardson,Doctor 1,2023-04-03
P2289,Larry,Rodriguez,Doctor 3,2023-04-03
P0107,Tyler,Hughes,Doctor 2,2023-04-04
P0128,Sarah,King,Doctor 1,2023-04-04
P0235,David,Ortiz,Doctor 2,2023-04-04
P0241,Karen,Perez,Doctor 3,2023-04-04
P0328,Ryan,Walker,Doctor 2,2023-04-04
P0329,Jose,Robinson,Doctor 3,2023-04-04
P0506,Joshua,Brooks,Doctor 1,2023-04-04
P0531,Patricia,Patel,Doctor 3,2023-04-04
P0578,Frank,Gutierrez,Doctor 1,2023-04-04
P0644,Sandra,Gomez,Doctor 1,2023-04-04
P0655,Ruth,Thompson,Doctor 1,2023-04-04
P0718,Nancy,Morris,Doctor 1,2023-04-04
P0763,Jonathan,Carter,Doctor 1,2023-04-04
P0802,Jeffrey,Morgan,Doctor 3,2023-04-04
P0820,Joseph,Patel,Doctor 3,2023-04-04
P1048,Gary,Rivera,Doctor 3,2023-04-04
P1189,George,Smith,Doctor 3,2023-04-04
P1249,Timothy,Reyes,Doctor 1,2023-04-04
P1250,Brian,Wood,Doctor 1,2023-04-04
P1273,Donna,Scott,Doctor 2,2023-04-04
P1556,Kathleen,Edwards,Doctor 1,2023-04-04
P1602,Jessica,Smith,Doctor 1,2023-04-04
P1715,Laura,Castillo,Doctor 1,2023-04-04
P1762,Alexander,Gray,Doctor 1,2023-04-04
P1781,Carol,Morris,Doctor 2,2023-04-04
P1811,Samuel,Evans,Doctor 1,2023-04-04
P1815,Kimberly,Gomez,Doctor 3,2023-04-04
P1874,Amy,Martin,Doctor 3,2023-04-04
P2011,Kenneth,Davis,Doctor 3,2023-04-04
P2194,Donald,Morgan,Doctor 2,2023-04-04
P2204,Lisa,Ward,Doctor 1,2023-04-04
P0109,Anthony,Carter,Doctor 3,2023-04-05
P0227,Anna,Alvarez,Doctor 1,2023-04-05
P0270,Melissa,King,Doctor 1,2023-04-05
P0372,Jason,Brown,Doctor 3,2023-04-05
P0374,Donna,Baker,Doctor 3,2023-04-05
P0412,Laura,Hall,Doctor 3,2023-04-05
P0417,Virginia,Green,Doctor 1,2023-04-05
P0561,Barbara,White,Doctor 1,2023-04-05
P0585,Jack,Young,Doctor 1,2023-04-05
P0758,Karen,Morris,Doctor 1,2023-04-05
P0782,Donna,Reyes,Doctor 1,2023-04-05
P0926,Tyler,Wood,Doctor 2,2023-04-05
P0970,Gregory,Martin,Doctor 2,2023-04-05
P1021,Susan,Baker,Doctor 1,2023-04-05
P1028,Kevin,Lewis,Doctor 2,2023-04-05
P1133,Sharon,Wright,Doctor 1,2023-04-05
P1202,Betty,Patel,Doctor 3,2023-04-05
P1210,Carol,Jones,Doctor 2,2023-04-05
P1230,Ronald,Brooks,Doctor 3,2023-04-05
P1235,Larry,Diaz,Doctor 1,2023-04-05
P1246,Frank,Alvarez,Doctor 2,2023-04-05
P1333,Sarah,Kim,Doctor 3,2023-04-05
P1359,Emma,Howard,Doctor 3,2023-04-05
P1359,Emma,Howard,Doctor 3,2023-04-05
P1773,Virginia,Rogers,Doctor 1,2023-04-05
P1799,Sandra,Mitchell,Doctor 1,2023-04-05
P1821,Patricia,Torres,Doctor 1,2023-04-05
P1867,Ronald,Edwards,Doctor 1,2023-04-05
P1906,Edward,Torres,Doctor 1,2023-04-05
P1911,Nancy,Brown,Doctor 2,2023-04-05
P2074,Michael,Green,Doctor 2,2023-04-05
P2164,Dennis,Adams,Doctor 3,2023-04-05
P2208,Jacob,Rodriguez,Doctor 1,2023-04-05
P2292,Rebecca,Taylor,Doctor 3,2023-04-05
P0010,Sarah,Turner,Doctor 3,2023-04-06
P0030,Kenneth,Mitchell,Doctor 1,2023-04-06
P0250,Jose,Patel,Doctor 2,2023-04-06
P0325,Deborah,Martin,Doctor 3,2023-04-06
P0365,Michelle,Morgan,Doctor 2,2023-04-06
P0422,Tyler,Hall,Doctor 3,2023-04-06
P0455,John,Peterson,Doctor 2,2023-04-06
P0529,Mark,Harris,Doctor 1,2023-04-06
P0919,Kimberly,Nguyen,Doctor 3,2023-04-06
P1039,Kenneth,Cook,Doctor 3,2023-04-06
P1154,Jason,Hall,Doctor 1,2023-04-06
P1178,Emma,Sanders,Doctor 3,2023-04-06
P1321,Matthew,Taylor,Doctor 2,2023-04-06
P1542,Elizabeth,Thompson,Doctor 1,2023-04-06
P1563,Helen,Johnson,Doctor 3,2023-04-06
P1581,Jennifer,Brown,Doctor 1,2023-04-06
P1771,Jacob,Allen,Doctor 3,2023-04-06
P2101,Joshua,Garcia,Doctor 3,2023-04-06
P2128,Eric,Moore,Doctor 1,2023-04-06
P2165,Mary,Phillips,Doctor 2,2023-04-06
P0155,Sarah,Sanchez,Doctor 2,2023-04-07
P0326,Jerry,Howard,Doctor 1,2023-04-07
P0385,Timothy,Thompson,Doctor 1,2023-04-07
P0523,Ryan,Hill,Doctor 1,2023-04-07
P0565,Elizabeth,Williams,Doctor 1,2023-04-07
P0609,John,Smith,Doctor 3,2023-04-07
P0614,Elizabeth,Phillips,Doctor 2,2023-04-07
P0661,Shirley,Ward,Doctor 2,2023-04-07
P0891,Brian,Ortiz,Doctor 3,2023-04-07
P0897,Helen,Lee,Doctor 2,2023-04-07
P0898,Robert,Rivera,Doctor 3,2023-04-07
P0903,Sharon,Jackson,Doctor 2,2023-04-07
P1048,Gary,Rivera,Doctor 3,2023-04-07
P1101,Kimberly,Myers,Doctor 1,2023-04-07
P1118,Christopher,Young,Doctor 2,2023-04-07
P1211,Sandra,Watson,Doctor 2,2023-04-07
P1232,Rebecca,Gomez,Doctor 3,2023-04-07
P1263,Eric,Cook,Doctor 2,2023-04-07
P1351,Jennifer,Hill,Doctor 3,2023-04-07
P1377,Thomas,Price,Doctor 1,2023-04-07
P1438,Cynthia,Perez,Doctor 2,2023-04-07
P1460,Stephen,Scott,Doctor 3,2023-04-07
P1599,Mary,Carter,Doctor 2,2023-04-07
P1698,Kimberly,Taylor,Doctor 3,2023-04-07
P1720,Jennifer,Torres,Doctor 2,2023-04-07
P1760,Betty,Young,Doctor 1,2023-04-07
P1926,Stephen,Wood,Doctor 1,2023-04-07
P2004,Donald,Reed,Doctor 1,2023-04-07
P2039,Jose,Johnson,Doctor 2,2023-04-07
P2137,Kevin,Miller,Doctor 3,2023-04-07
P0011,Frank,Garcia,Doctor 1,2023-04-08
P0025,Jose,Baker,Doctor 2,2023-04-08
P0072,Kevin,Edwards,Doctor 2,2023-04-08
P0102,Tyler,Chavez,Doctor 1,2023-04-08
P0176,Richard,Ruiz,Doctor 1,2023-04-08
P0185,George,Lee,Doctor 1,2023-04-08
P0317,John,Castillo,Doctor 2,2023-04-08
P0346,Brandon,Nelson,Doctor 3,2023-04-08
P0490,Thomas,Rivera,Doctor 3,2023-04-08
P0539,Deborah,Peterson,Doctor 3,2023-04-08
P0596,Deborah,Roberts,Doctor 1,2023-04-08
P0706,Jacob,Thompson,Doctor 3,2023-04-08
P0744,Larry,Rogers,Doctor 1,2023-04-08
P0749,Nicholas,Castillo,Doctor 2,2023-04-08
P0801,Amy,Mendoza,Doctor 1,2023-04-08
P0942,Larry,Morales,Doctor 2,2023-04-08
P1036,Robert,Scott,Doctor 2,2023-04-08
P1061,Jason,Ortiz,Doctor 2,2023-04-08
P1065,Shirley,Perez,Doctor 2,2023-04-08
P1154,Jason,Hall,Doctor 1,2023-04-08
P1199,Dorothy,Lewis,Doctor 1,2023-04-08
P1258,Kenneth,Flores,Doctor 3,2023-04-08
P1264,Jessica,Cruz,Doctor 3,2023-04-08
P1307,Dennis,Bennett,Doctor 2,2023-04-08
P1447,Jack,Kim,Doctor 3,2023-04-08
P1451,Ruth,Allen,Doctor 3,2023-04-08
P1496,Thomas,Green,Doctor 2,2023-04-08
P1594,Jessica,Gray,Doctor 3,2023-04-08
P1621,Emma,Bailey,Doctor 2,2023-04-08
P1678,Samuel,Ortiz,Doctor 2,2023-04-08
P1725,Susan,Mendoza,Doctor 3,2023-04-08
P1787,John,Parker,Doctor 1,2023-04-08
P1847,Laura,Rivera,Doctor 1,2023-04-08
P1876,Nicholas,Cook,Doctor 2,2023-04-08
P1888,Linda,Price,Doctor 3,2023-04-08
P1951,David,Lopez,Doctor 3,2023-04-08
P1954,Tyler,Scott,Doctor 1,2023-04-08
P2007,Jose,Anderson,Doctor 1,2023-04-08
P2120,Betty,Morales,Doctor 1,2023-04-08
P2155,Linda,Brown,Doctor 3,2023-04-08
P2223,Thomas,Martin,Doctor 3,2023-04-08
P2272,George,Morales,Doctor 2,2023-04-08
P2277,Michael,Ruiz,Doctor 3,2023-04-08
P0022,Ronald,Myers,Doctor 1,2023-04-09
P0034,Richard,Allen,Doctor 2,2023-04-09
P0092,Jacob,Perez,Doctor 2,2023-04-09
P0120,Lisa,Thomas,Doctor 3,2023-04-09
P0252,Kathleen,James,Doctor 3,2023-04-09
P0266,Emma,Miller,Doctor 2,2023-04-09
P0330,Helen,Ortiz,Doctor 3,2023-04-09
P0381,John,Gutierrez,Doctor 1,2023-04-09
P0441,Susan,Evans,Doctor 2,2023-04-09
P0465,Thomas,Morgan,Doctor 1,2023-04-09
P0555,Jessica,Scott,Doctor 2,2023-04-09
P0724,James,Lopez,Doctor 1,2023-04-09
P0762,Joshua,Turner,Doctor 3,2023-04-09
P0772,Jose,Brooks,Doctor 3,2023-04-09
P0799,Charles,Smith,Doctor 3,2023-04-09
P0983,Anthony,Rivera,Doctor 3,2023-04-09
P1142,Patrick,Sanchez,Doctor 3,2023-04-09
P1146,Shirley,King,Doctor 2,2023-04-09
P1254,Cynthia,Diaz,Doctor 1,2023-04-09
P1324,Susan,Mitchell,Doctor 3,2023-04-09
P1399,Helen,Cooper,Doctor 3,2023-04-09
P1426,Lisa,Morgan,Doctor 2,2023-04-09
P1440,Larry,Edwards,Doctor 3,2023-04-09
P1474,Kimberly,White,Doctor 2,2023-04-09
P1590,Jeffrey,Rivera,Doctor 1,2023-04-09
P1676,Carol,Kim,Doctor 2,2023-04-09
P1823,Jeffrey,Robinson,Doctor 3,2023-04-09
P1874,Amy,Martin,Doctor 3,2023-04-09
P1969,Mary,Rivera,Doctor 2,2023-04-09
P1998,Jerry,Garcia,Doctor 1,2023-04-09
P2070,Lisa,Gomez,Doctor 2,2023-04-09
P2094,Linda,Mitchell,Doctor 1,2023-04-09
P2163,Susan,Cox,Doctor 2,2023-04-09
P2298,William,Carter,Doctor 2,2023-04-09
P0028,Sharon,Collins,Doctor 2,2023-04-10
P0067,Karen,Anderson,Doctor 1,2023-04-10
P0212,Richard,Anderson,Doctor 3,2023-04-10
P0245,Helen,Cruz,Doctor 3,2023-04-10
P0255,Jeffrey,Anderson,Doctor 3,2023-04-10
P0261,Donald,Lee,Doctor 3,2023-04-10
P0276,Samuel,Davis,Doctor 2,2023-04-10
P0376,Daniel,Price,Doctor 1,2023-04-10
P0417,Virginia,Green,Doctor 1,2023-04-10
P0484,Thomas,Ramirez,Doctor 3,2023-04-10
P0489,Michelle,Patel,Doctor 1,2023-04-10
P0547,Nancy,Thomas,Doctor 2,2023-04-10
P0626,Rebecca,Cruz,Doctor 1,2023-04-10
P0692,Steven,Hernandez,Doctor 1,2023-04-10
P0842,Larry,Hall,Doctor 2,2023-04-10
P0863,Ruth,Green,Doctor 1,2023-04-10
P0954,Michelle,Scott,Doctor 2,2023-04-10
P0991,Stephen,Nguyen,Doctor 1,2023-04-10
P1056,Virginia,Gray,Doctor 2,2023-04-10
P1079,Helen,Gomez,Doctor 3,2023-04-10
P1189,George,Smith,Doctor 3,2023-04-10
P1402,Sarah,Martin,Doctor 1,2023-04-10
P1582,Charles,Howard,Doctor 2,2023-04-10
P1586,Richard,Lopez,Doctor 1,2023-04-10
P1611,Helen,Thomas,Doctor 1,2023-04-10
P1666,Patrick,Carter,Doctor 3,2023-04-10
P1697,William,Mendoza,Doctor 2,2023-04-10
P1713,Benjamin,Miller,Doctor 2,2023-04-10
P1820,Mary,Peterson,Doctor 1,2023-04-10
P1831,Angela,Lopez,Doctor 1,2023-04-10
P1834,Gary,Thompson,Doctor 1,2023-04-10
P1922,Elizabeth,Harris,Doctor 1,2023-04-10
P2198,Sarah,Mendoza,Doctor 1,2023-04-10
P2268,Aaron,Gonzalez,Doctor 1,2023-04-10
P0156,George,Campbell,Doctor 2,2023-04-11
P0158,Steven,Martin,Doctor 1,2023-04-11
P0192,Lisa,Brown,Doctor 2,2023-04-11
P0292,Frank,Thomas,Doctor 3,2023-04-11
P0292,Frank,Thomas,Doctor 3,2023-04-11
P0302,Cynthia,Patel,Doctor 3,2023-04-11
P0462,Helen,Rodriguez,Doctor 1,2023-04-11
P0529,Mark,Harris,Doctor 1,2023-04-11
P0588,Steven,Richardson,Doctor 1,2023-04-11
P0641,Brenda,Davis,Doctor 1,2023-04-11
P0860,Lisa,Castillo,Doctor 2,2023-04-11
P0880,Jose,Bailey,Doctor 1,2023-04-11
P1232,Rebecca,Gomez,Doctor 3,2023-04-11
P1314,Frank,Sanders,Doctor 2,2023-04-11
P1473,David,Peterson,Doctor 1,2023-04-11
P1494,Kathleen,Price,Doctor 2,2023-04-11
P1515,Thomas,Harris,Doctor 1,2023-04-11
P1663,Amy,King,Doctor 3,2023-04-11
P1680,Michelle,Nelson,Doctor 1,2023-04-11
P1691,Ryan,Gray,Doctor 1,2023-04-11
P1742,Jennifer,Martin,Doctor 3,2023-04-11
P1839,Lisa,Reyes,Doctor 1,2023-04-11
P1934,Patrick,Green,Doctor 3,2023-04-11
P1935,Ruth,Ruiz,Doctor 1,2023-04-11
P1942,Laura,Jackson,Doctor 3,2023-04-11
P1950,David,Chavez,Doctor 1,2023-04-11
P2037,Kimberly,Chavez,Doctor 3,2023-04-11
P2038,Gregory,Flores,Doctor 1,2023-04-11
P2054,Angela,Howard,Doctor 3,2023-04-11
P2148,Jacob,King,Doctor 2,2023-04-11
P2193,Betty,Ramirez,Doctor 1,2023-04-11
P2193,Betty,Ramirez,Doctor 3,2023-04-11
P2300,Donald,Lewis,Doctor 1,2023-04-11
P0061,Susan,Murphy,Doctor 3,2023-04-12
P0222,Ruth,Rodriguez,Doctor 2,2023-04-12
P0651,Virginia,Diaz,Doctor 1,2023-04-12
P0707,Jeffrey,Morales,Doctor 3,2023-04-12
P0767,Aaron,Murphy,Doctor 2,2023-04-12
P0792,Mary,White,Doctor 3,2023-04-12
P0793,Aaron,Ramirez,Doctor 1,2023-04-12
P0914,Stephen,Harris,Doctor 1,2023-04-12
P1037,Scott,Patel,Doctor 2,2023-04-12
P1143,George,Hall,Doctor 3,2023-04-12
P1257,Deborah,Cook,Doctor 3,2023-04-12
P1353,Donald,Edwards,Doctor 3,2023-04-12
P1386,Gregory,Diaz,Doctor 3,2023-04-12
P1439,Donna,Nguyen,Doctor 2,2023-04-12
P1466,Anthony,Smith,Doctor 3,2023-04-12
P1542,Elizabeth,Thompson,Doctor 1,2023-04-12
P1607,Jeffrey,Jones,Doctor 3,2023-04-12
P1716,Dennis,Mitchell,Doctor 1,2023-04-12
P1747,Brenda,Gomez,Doctor 2,2023-04-12
P1754,Melissa,Nguyen,Doctor 2,2023-04-12
P2095,Benjamin,Martinez,Doctor 3,2023-04-12
P2183,Helen,Gonzalez,Doctor 1,2023-04-12
P2186,Ruth,Bailey,Doctor 1,2023-04-12
P2214,Jose,Rivera,Doctor 1,2023-04-12
P0142,Brandon,Young,Doctor 3,2023-04-13
P0211,Patrick,Gonzalez,Doctor 2,2023-04-13
P0274,Ruth,Hernandez,Doctor 1,2023-04-13
P0280,Edward,Collins,Doctor 3,2023-04-13
P0343,Gregory,Ramos,Doctor 3,2023-04-13
P0451,Carol,Baker,Doctor 3,2023-04-13
P0536,Richard,Gonzalez,Doctor 1,2023-04-13
P0577,Daniel,Brown,Doctor 3,2023-04-13
P0588,Steven,Richardson,Doctor 1,2023-04-13
P0648,Kimberly,Allen,Doctor 3,2023-04-13
P0678,Raymond,Edwards,Doctor 2,2023-04-13
P0684,Amy,Hall,Doctor 3,2023-04-13
P0712,Elizabeth,Davis,Doctor 2,2023-04-13
P0719,Charles,Ramirez,Doctor 2,2023-04-13
P0732,Timothy,King,Doctor 1,2023-04-13
P0784,Sandra,James,Doctor 2,2023-04-13
P0904,Brenda,Torres,Doctor 3,2023-04-13
P0933,Jack,Green,Doctor 3,2023-04-13
P0936,David,Johnson,Doctor 3,2023-04-13
P0939,Jack,Brown,Doctor 3,2023-04-13
P0978,Jeffrey,Davis,Doctor 3,2023-04-13
P0996,Andrew,Torres,Doctor 3,2023-04-13
P1017,Linda,Wilson,Doctor 3,2023-04-13
P1040,Laura,Cooper,Doctor 1,2023-04-13
P1223,Amy,Phillips,Doctor 2,2023-04-13
P1287,Sarah,Martinez,Doctor 2,2023-04-13
P1294,Shirley,Morales,Doctor 3,2023-04-13
P1322,Alexander,Peterson,Doctor 3,2023-04-13
P1495,Helen,Roberts,Doctor 3,2023-04-13
P1595,Sharon,Peterson,Doctor 1,2023-04-13
P1618,Frank,Howard,Doctor 2,2023-04-13
P1681,Dennis,Gray,Doctor 3,2023-04-13
P1684,Deborah,Wood,Doctor 2,2023-04-13
P1748,Stephen,Sanders,Doctor 3,2023-04-13
P1873,Donna,Taylor,Doctor 3,2023-04-13
P1932,Alexander,Robinson,Doctor 1,2023-04-13
P1953,Betty,Cook,Doctor 3,2023-04-13
P2127,Jeffrey,Johnson,Doctor 2,2023-04-13
P2145,Donald,Torres,Doctor 2,2023-04-13
P0015,Carol,Garcia,Doctor 2,2023-04-14
P0086,Steven,Green,Doctor 1,2023-04-14
P0126,John,Wilson,Doctor 3,2023-04-14
P0198,Amy,Ramos,Doctor 2,2023-04-14
P0208,Sarah,Morgan,Doctor 2,2023-04-14
P0275,Amy,Wilson,Doctor 2,2023-04-14
P0282,Carol,Richardson,Doctor 1,2023-04-14
P0390,Daniel,Robinson,Doctor 1,2023-04-14
P0746,Justin,Perez,Doctor 2,2023-04-14
P0976,Patricia,Peterson,Doctor 1,2023-04-14
P0996,Andrew,Torres,Doctor 3,2023-04-14
P1073,Aaron,Edwards,Doctor 2,2023-04-14
P1153,Timothy,Wood,Doctor 1,2023-04-14
P1164,Aaron,Adams,Doctor 1,2023-04-14
P1272,Justin,Thompson,Doctor 1,2023-04-14
P1400,Robert,Williams,Doctor 1,2023-04-14
P1455,Patrick,Gomez,Doctor 2,2023-04-14
P1477,Gary,Cruz,Doctor 1,2023-04-14
P1509,Kimberly,Diaz,Doctor 3,2023-04-14
P1523,Jeffrey,Sanders,Doctor 1,2023-04-14
P1549,Brandon,Ramos,Doctor 2,2023-04-14
P1596,Robert,Wilson,Doctor 3,2023-04-14
P1656,Ruth,Johnson,Doctor 1,2023-04-14
P1723,Anna,Reyes,Doctor 3,2023-04-14
P1766,Sharon,Sanders,Doctor 2,2023-04-14
P1824,Kimberly,Parker,Doctor 2,2023-04-14
P1928,Kimberly,Moore,Doctor 3,2023-04-14
P1949,Jonathan,Brown,Doctor 3,2023-04-14
P1968,Brenda,Young,Doctor 1,2023-04-14
P2066,Samuel,Allen,Doctor 2,2023-04-14
P2091,Tyler,Hill,Doctor 3,2023-04-14
P2161,Christopher,Mitchell,Doctor 3,2023-04-14
P2259,Sarah,Phillips,Doctor 3,2023-04-14
P0040,Patrick,Rivera,Doctor 2,2023-04-15
P0115,Jacob,Jones,Doctor 1,2023-04-15
P0244,Melissa,Hughes,Doctor 2,2023-04-15
P0278,Karen,Hall,Doctor 3,2023-04-15
P0310,Larry,Clark,Doctor 3,2023-04-15
P0388,Gregory,Howard,Doctor 3,2023-04-15
P0410,Gary,Robinson,Doctor 3,2023-04-15
P0428,Jennifer,Myers,Doctor 3,2023-04-15
P0898,Robert,Rivera,Doctor 3,2023-04-15
P0943,Gregory,Robinson,Doctor 1,2023-04-15
P0944,Mary,Collins,Doctor 2,2023-04-15
P0990,Sandra,Wright,Doctor 1,2023-04-15
P1152,Richard,Carter,Doctor 3,2023-04-15
P1174,Jessica,Martinez,Doctor 3,2023-04-15
P1217,Barbara,Hall,Doctor 1,2023-04-15
P1227,Donna,White,Doctor 1,2023-04-15
P1262,William,James,Doctor 3,2023-04-15
P1330,Nancy,Gomez,Doctor 1,2023-04-15
P1364,James,Clark,Doctor 3,2023-04-15
P1368,Cynthia,Morales,Doctor 1,2023-04-15
P1417,Anthony,Ortiz,Doctor 1,2023-04-15
P1448,Jacob,Hill,Doctor 2,2023-04-15
P1540,Frank,Martinez,Doctor 1,2023-04-15
P1591,Melissa,Cruz,Doctor 1,2023-04-15
P1714,Ruth,Robinson,Doctor 2,2023-04-15
P1762,Alexander,Gray,Doctor 1,2023-04-15
P1786,Joshua,Torres,Doctor 3,2023-04-15
P1904,Nancy,King,Doctor 2,2023-04-15
P1919,Helen,Allen,Doctor 1,2023-04-15
P2096,Lisa,Jackson,Doctor 2,2023-04-15
P2109,Andrew,Wright,Doctor 1,2023-04-15
P2127,Jeffrey,Johnson,Doctor 1,2023-04-15
P2168,Deborah,Ramirez,Doctor 2,2023-04-15
P2170,Jacob,Brown,Doctor 2,2023-04-15
P2197,Emma,Reed,Doctor 3,2023-04-15
P2219,Nancy,Rivera,Doctor 3,2023-04-15
P2287,Jack,Castillo,Doctor 3,2023-04-15
P0005,Jerry,Wright,Doctor 1,2023-04-16
P0022,Ronald,Myers,Doctor 1,2023-04-16
P0171,Sandra,Hall,Doctor 3,2023-04-16
P0210,Melissa,Collins,Doctor 2,2023-04-16
P0319,Amy,Morgan,Doctor 3,2023-04-16
P0371,Eric,Rivera,Doctor 2,2023-04-16
P0509,Emma,Rodriguez,Doctor 2,2023-04-16
P0587,Amy,Gonzalez,Doctor 2,2023-04-16
P0660,Daniel,Clark,Doctor 2,2023-04-16
P0753,Eric,Rogers,Doctor 2,2023-04-16
P0781,Frank,Cox,Doctor 3,2023-04-16
P0796,Christopher,Roberts,Doctor 1,2023-04-16
P0824,Aaron,Harris,Doctor 3,2023-04-16
P0835,Rebecca,King,Doctor 2,2023-04-16
P0878,Joshua,Taylor,Doctor 2,2023-04-16
P0984,John,Phillips,Doctor 2,2023-04-16
P1055,Sandra,Mendoza,Doctor 3,2023-04-16
P1093,Amy,Nelson,Doctor 3,2023-04-16
P1324,Susan,Mitchell,Doctor 3,2023-04-16
P1362,Sandra,Lee,Doctor 2,2023-04-16
P1369,Brenda,Nguyen,Doctor 3,2023-04-16
P1438,Cynthia,Perez,Doctor 3,2023-04-16
P1454,Susan,Parker,Doctor 1,2023-04-16
P1524,Ruth,Baker,Doctor 3,2023-04-16
P1547,Justin,Chavez,Doctor 2,2023-04-16
P1586,Richard,Lopez,Doctor 1,2023-04-16
P1925,Larry,Kim,Doctor 2,2023-04-16
P1944,Jennifer,Reed,Doctor 3,2023-04-16
P2004,Donald,Reed,Doctor 1,2023-04-16
P2093,Charles,Bailey,Doctor 3,2023-04-16
P2111,James,Ramos,Doctor 2,2023-04-16
P2194,Donald,Morgan,Doctor 2,2023-04-16
P2237,Jacob,Lee,Doctor 3,2023-04-16
P2261,Charles,Mendoza,Doctor 2,2023-04-16
P2275,Steven,Castillo,Doctor 2,2023-04-16
P0009,Melissa,Parker,Doctor 1,2023-04-17
P0040,Patrick,Rivera,Doctor 2,2023-04-17
P0086,Steven,Green,Doctor 1,2023-04-17
P0141,Gary,Hughes,Doctor 1,2023-04-17
P0177,Nancy,Parker,Doctor 2,2023-04-17
P0200,Edward,Rogers,Doctor 1,2023-04-17
P0254,Ruth,Howard,Doctor 1,2023-04-17
P0280,Edward,Collins,Doctor 1,2023-04-17
P0319,Amy,Morgan,Doctor 3,2023-04-17
P0335,Anthony,Morgan,Doctor 1,2023-04-17
P0415,Carol,Nguyen,Doctor 2,2023-04-17
P0456,Amy,Hill,Doctor 1,2023-04-17
P0651,Virginia,Diaz,Doctor 1,2023-04-17
P0791,Melissa,Baker,Doctor 1,2023-04-17
P0816,Steven,Sanders,Doctor 1,2023-04-17
P1050,Ronald,Nguyen,Doctor 1,2023-04-17
P1065,Shirley,Perez,Doctor 2,2023-04-17
P1321,Matthew,Taylor,Doctor 1,2023-04-17
P1338,Gregory,Hernandez,Doctor 3,2023-04-17
P1479,Edward,Kim,Doctor 1,2023-04-17
P1517,Benjamin,Roberts,Doctor 1,2023-04-17
P1605,Shirley,Ruiz,Doctor 3,2023-04-17
P1654,Gregory,Morris,Doctor 2,2023-04-17
P1706,Timothy,Phillips,Doctor 1,2023-04-17
P1776,Angela,Turner,Doctor 2,2023-04-17
P1778,Donald,Gomez,Doctor 2,2023-04-17
P2122,George,Ward,Doctor 3,2023-04-17
P2139,Barbara,Green,Doctor 2,2023-04-17
P2186,Ruth,Bailey,Doctor 1,2023-04-17
P2231,Ruth,Parker,Doctor 2,2023-04-17
P2279,Laura,Baker,Doctor 3,2023-04-17
P0186,Betty,Bailey,Doctor 2,2023-04-18
P0203,Jose,Cooper,Doctor 3,2023-04-18
P0388,Gregory,Howard,Doctor 3,2023-04-18
P0406,Sharon,Alvarez,Doctor 3,2023-04-18
P0524,Michelle,Kim,Doctor 3,2023-04-18
P0588,Steven,Richardson,Doctor 1,2023-04-18
P0623,Lisa,Hughes,Doctor 3,2023-04-18
P0661,Shirley,Ward,Doctor 2,2023-04-18
P0774,Jonathan,Flores,Doctor 3,2023-04-18
P0786,Matthew,Lee,Doctor 1,2023-04-18
P0864,Brian,Collins,Doctor 3,2023-04-18
P0932,Helen,Castillo,Doctor 1,2023-04-18
P0980,Lisa,Rodriguez,Doctor 2,2023-04-18
P1135,Jessica,Rogers,Doctor 3,2023-04-18
P1187,Matthew,Kelly,Doctor 2,2023-04-18
P1335,Elizabeth,Hernandez,Doctor 2,2023-04-18
P1366,Anna,Myers,Doctor 1,2023-04-18
P1373,Jessica,Miller,Doctor 3,2023-04-18
P1393,Anthony,Rodriguez,Doctor 3,2023-04-18
P1404,Sandra,Williams,Doctor 2,2023-04-18
P1477,Gary,Cruz,Doctor 2,2023-04-18
P1536,Deborah,Allen,Doctor 2,2023-04-18
P1564,Laura,Taylor,Doctor 1,2023-04-18
P1767,Jessica,Stewart,Doctor 2,2023-04-18
P1783,Angela,Lewis,Doctor 3,2023-04-18
P2035,James,Lee,Doctor 3,2023-04-18
P2110,Joshua,Howard,Doctor 1,2023-04-18
P2219,Nancy,Rivera,Doctor 3,2023-04-18
P2277,Michael,Ruiz,Doctor 3,2023-04-18
P0016,Matthew,Howard,Doctor 2,2023-04-19
P0076,Jennifer,Baker,Doctor 3,2023-04-19
P0118,Kimberly,Mitchell,Doctor 3,2023-04-19
P0230,Benjamin,Carter,Doctor 1,2023-04-19
P0301,Sharon,Hill,Doctor 1,2023-04-19
P0476,Helen,Davis,Doctor 1,2023-04-19
P0515,Kathleen,Alvarez,Doctor 2,2023-04-19
P0515,Kathleen,Alvarez,Doctor 2,2023-04-19
P0837,Sarah,Howard,Doctor 1,2023-04-19
P0911,Cynthia,Lee,Doctor 1,2023-04-19
P1090,Susan,Scott,Doctor 3,2023-04-19
P1111,Christopher,Robinson,Doctor 2,2023-04-19
P1140,Jacob,Hall,Doctor 2,2023-04-19
P1146,Shirley,King,Doctor 2,2023-04-19
P1247,Nancy,Allen,Doctor 2,2023-04-19
P1387,Lisa,Ramos,Doctor 2,2023-04-19
P1401,Rebecca,Lewis,Doctor 3,2023-04-19
P1413,Jeffrey,Brown,Doctor 2,2023-04-19
P1519,Benjamin,Green,Doctor 2,2023-04-19
P1596,Robert,Wilson,Doctor 3,2023-04-19
P1736,Donna,Allen,Doctor 1,2023-04-19
P1786,Joshua,Torres,Doctor 3,2023-04-19
P1814,Kimberly,Davis,Doctor 3,2023-04-19
P1865,Nancy,Jackson,Doctor 3,2023-04-19
P1867,Ronald,Edwards,Doctor 1,2023-04-19
P1953,Betty,Cook,Doctor 2,2023-04-19
P1991,Mark,Ortiz,Doctor 2,2023-04-19
P2006,Frank,Bennett,Doctor 3,2023-04-19
P2245,Laura,Phillips,Doctor 3,2023-04-19
P0122,Richard,Sanchez,Doctor 1,2023-04-20
P0217,Betty,Lopez,Doctor 1,2023-04-20
P0252,Kathleen,James,Doctor 1,2023-04-20
P0320,Laura,Mitchell,Doctor 1,2023-04-20
P0447,Nancy,Smith,Doctor 2,2023-04-20
P0518,Jonathan,Morales,Doctor 1,2023-04-20
P0531,Patricia,Patel,Doctor 3,2023-04-20
P0532,Melissa,Chavez,Doctor 3,2023-04-20
P0542,Timothy,Alvarez,Doctor 2,2023-04-20
P0573,Virginia,Flores,Doctor 1,2023-04-20
P0574,Joseph,Hughes,Doctor 1,2023-04-20
P0640,Tyler,Murphy,Doctor 1,2023-04-20
P0669,Cynthia,Castillo,Doctor 3,2023-04-20
P0945,Benjamin,Rodriguez,Doctor 2,2023-04-20
P1027,Lisa,Peterson,Doctor 1,2023-04-20
P1051,Anthony,Williams,Doctor 2,2023-04-20
P1064,William,Martinez,Doctor 2,2023-04-20
P1072,Nancy,Stewart,Doctor 2,2023-04-20
P1259,George,White,Doctor 2,2023-04-20
P1339,Joshua,King,Doctor 1,2023-04-20
P1365,Mark,Collins,Doctor 1,2023-04-20
P1480,Michelle,Rodriguez,Doctor 2,2023-04-20
P1535,Michelle,Cox,Doctor 2,2023-04-20
P1623,Daniel,Stewart,Doctor 3,2023-04-20
P1641,Laura,Richardson,Doctor 2,2023-04-20
P1646,Edward,Gonzalez,Doctor 3,2023-04-20
P1767,Jessica,Stewart,Doctor 3,2023-04-20
P1961,Larry,Richardson,Doctor 2,2023-04-20
P2044,Betty,Allen,Doctor 2,2023-04-20
P2099,Justin,Morgan,Doctor 3,2023-04-20
P2124,Gregory,Rivera,Doctor 3,2023-04-20
P0184,Robert,Brown,Doctor 3,2023-04-21
P0184,Robert,Brown,Doctor 3,2023-04-21
P0194,Thomas,Gutierrez,Doctor 3,2023-04-21
P0279,Jennifer,White,Doctor 3,2023-04-21
P0287,Elizabeth,Wood,Doctor 3,2023-04-21
P0399,Frank,Taylor,Doctor 2,2023-04-21
P0425,Susan,Morris,Doctor 2,2023-04-21
P0622,Matthew,Carter,Doctor 1,2023-04-21
P0683,Alexander,Campbell,Doctor 3,2023-04-21
P0853,Helen,Price,Doctor 1,2023-04-21
P0853,Helen,Price,Doctor 1,2023-04-21
P0915,Carol,Brooks,Doctor 3,2023-04-21
P1031,Anthony,Morales,Doctor 1,2023-04-21
P1109,Edward,Johnson,Doctor 3,2023-04-21
P1140,Jacob,Hall,Doctor 2,2023-04-21
P1269,Patricia,Wright,Doctor 2,2023-04-21
P1428,Frank,Kim,Doctor 3,2023-04-21
P1601,Ryan,Richardson,Doctor 1,2023-04-21
P1649,Jennifer,Hall,Doctor 3,2023-04-21
P1677,Gregory,Perez,Doctor 3,2023-04-21
P1868,Deborah,Thompson,Doctor 2,2023-04-21
P1931,Thomas,Smith,Doctor 1,2023-04-21
P2049,Cynthia,Bennett,Doctor 3,2023-04-21
P2115,Deborah,Bennett,Doctor 1,2023-04-21
P2120,Betty,Morales,Doctor 1,2023-04-21
P2211,Susan,Richardson,Doctor 3,2023-04-21
P0121,Amy,Reed,Doctor 1,2023-04-22
P0201,Jeffrey,Kelly,Doctor 1,2023-04-22
P0210,Melissa,Collins,Doctor 2,2023-04-22
P0294,Patrick,Parker,Doctor 3,2023-04-22
P0346,Brandon,Nelson,Doctor 3,2023-04-22
P0377,Jack,Wright,Doctor 2,2023-04-22
P0401,Jason,Edwards,Doctor 3,2023-04-22
P0516,Richard,Hill,Doctor 2,2023-04-22
P0684,Amy,Hall,Doctor 3,2023-04-22
P0752,Elizabeth,Brown,Doctor 2,2023-04-22
P0782,Donna,Reyes,Doctor 3,2023-04-22
P0845,Emma,Anderson,Doctor 1,2023-04-22
P0971,Kimberly,Stewart,Doctor 3,2023-04-22
P1011,Karen,Evans,Doctor 2,2023-04-22
P1041,Kathleen,Ramos,Doctor 2,2023-04-22
P1062,Cynthia,Gutierrez,Doctor 2,2023-04-22
P1114,Gary,Kim,Doctor 2,2023-04-22
P1224,Gregory,Reed,Doctor 2,2023-04-22
P1277,Kenneth,Gomez,Doctor 3,2023-04-22
P1400,Robert,Williams,Doctor 2,2023-04-22
P1440,Larry,Edwards,Doctor 3,2023-04-22
P1565,John,Miller,Doctor 1,2023-04-22
P1582,Charles,Howard,Doctor 2,2023-04-22
P1674,Benjamin,Clark,Doctor 1,2023-04-22
P1765,Emma,Gomez,Doctor 1,2023-04-22
P1890,Daniel,Myers,Doctor 2,2023-04-22
P1902,Jacob,Ramirez,Doctor 2,2023-04-22
P1966,Frank,Johnson,Doctor 1,2023-04-22
P2273,Patrick,King,Doctor 1,2023-04-22
P2288,Emma,James,Doctor 2,2023-04-22
P2296,Brenda,Ward,Doctor 2,2023-04-22
P0026,James,Bailey,Doctor 2,2023-04-23
P0202,Michael,Patel,Doctor 1,2023-04-23
P0237,Tyler,Perez,Doctor 2,2023-04-23
P0288,Carol,Rivera,Doctor 1,2023-04-23
P0355,Sarah,Cooper,Doctor 2,2023-04-23
P0389,Sarah,Watson,Doctor 3,2023-04-23
P0391,Scott,Kelly,Doctor 1,2023-04-23
P0448,Thomas,Lopez,Doctor 1,2023-04-23
P0548,Larry,Ruiz,Doctor 1,2023-04-23
P0565,Elizabeth,Williams,Doctor 3,2023-04-23
P0607,Carol,Reed,Doctor 2,2023-04-23
P0717,Jessica,Hernandez,Doctor 2,2023-04-23
P0725,Nancy,Ramos,Doctor 1,2023-04-23
P0733,Jason,Ruiz,Doctor 2,2023-04-23
P0763,Jonathan,Carter,Doctor 1,2023-04-23
P0805,Jason,Wright,Doctor 3,2023-04-23
P0937,Thomas,Hughes,Doctor 3,2023-04-23
P0959,Donald,Martin,Doctor 2,2023-04-23
P1078,Daniel,Reed,Doctor 3,2023-04-23
P1221,Barbara,Carter,Doctor 2,2023-04-23
P1336,Karen,Baker,Doctor 3,2023-04-23
P1516,Lisa,Edwards,Doctor 3,2023-04-23
P1612,Frank,Myers,Doctor 1,2023-04-23
P1683,Rebecca,Anderson,Doctor 1,2023-04-23
P1737,Barbara,Morris,Doctor 2,2023-04-23
P1949,Jonathan,Brown,Doctor 1,2023-04-23
P2036,Edward,Roberts,Doctor 1,2023-04-23
P2044,Betty,Allen,Doctor 3,2023-04-23
P2296,Brenda,Ward,Doctor 2,2023-04-23
P0092,Jacob,Perez,Doctor 2,2023-04-24
P0137,George,Collins,Doctor 3,2023-04-24
P0405,Ruth,Martin,Doctor 1,2023-04-24
P0468,Scott,James,Doctor 2,2023-04-24
P0469,Deborah,Chavez,Doctor 1,2023-04-24
P0646,Frank,Phillips,Doctor 2,2023-04-24
P0711,Joseph,Gutierrez,Doctor 1,2023-04-24
P0752,Elizabeth,Brown,Doctor 2,2023-04-24
P0775,Deborah,White,Doctor 1,2023-04-24
P0831,Sarah,Gonzalez,Doctor 1,2023-04-24
P0872,John,Lee,Doctor 3,2023-04-24
P0923,Donna,Ramirez,Doctor 2,2023-04-24
P0997,Jacob,Turner,Doctor 1,2023-04-24
P1024,Sharon,Robinson,Doctor 3,2023-04-24
P1222,Aaron,Wilson,Doctor 1,2023-04-24
P1295,Karen,Alvarez,Doctor 2,2023-04-24
P1399,Helen,Cooper,Doctor 1,2023-04-24
P1409,Michael,Flores,Doctor 3,2023-04-24
P1417,Anthony,Ortiz,Doctor 2,2023-04-24
P1428,Frank,Kim,Doctor 3,2023-04-24
P1437,Edward,Howard,Doctor 2,2023-04-24
P1564,Laura,Taylor,Doctor 1,2023-04-24
P1568,Melissa,Martin,Doctor 3,2023-04-24
P1590,Jeffrey,Rivera,Doctor 1,2023-04-24
P1721,Charles,Wood,Doctor 1,2023-04-24
P1803,Sandra,Wood,Doctor 2,2023-04-24
P1918,Carol,Harris,Doctor 3,2023-04-24
P2006,Frank,Bennett,Doctor 1,2023-04-24
P2017,Dorothy,Jones,Doctor 1,2023-04-24
P2037,Kimberly,Chavez,Doctor 3,2023-04-24
P2072,Angela,Phillips,Doctor 3,2023-04-24
P2186,Ruth,Bailey,Doctor 1,2023-04-24
P0167,Deborah,Sanchez,Doctor 2,2023-04-25
P0191,Donna,Hill,Doctor 2,2023-04-25
P0246,Jack,Gonzalez,Doctor 3,2023-04-25
P0248,Jessica,Kim,Doctor 1,2023-04-25
P0464,Patrick,Harris,Doctor 2,2023-04-25
P0489,Michelle,Patel,Doctor 1,2023-04-25
P0492,Brian,Hernandez,Doctor 1,2023-04-25
P0562,Anthony,Garcia,Doctor 1,2023-04-25
P0581,Rebecca,Campbell,Doctor 1,2023-04-25
P0710,Anna,Jones,Doctor 1,2023-04-25
P0862,David,Jackson,Doctor 1,2023-04-25
P0884,Ronald,White,Doctor 1,2023-04-25
P0962,Barbara,Jackson,Doctor 2,2023-04-25
P1075,Gary,Nelson,Doctor 2,2023-04-25
P1085,Karen,Cooper,Doctor 1,2023-04-25
P1184,Shirley,Chavez,Doctor 1,2023-04-25
P1270,Sharon,Davis,Doctor 3,2023-04-25
P1360,William,Price,Doctor 2,2023-04-25
P1446,Ruth,Harris,Doctor 1,2023-04-25
P1455,Patrick,Gomez,Doctor 2,2023-04-25
P1500,Sandra,Rogers,Doctor 2,2023-04-25
P1529,Joseph,Sanders,Doctor 1,2023-04-25
P1733,Joseph,Taylor,Doctor 3,2023-04-25
P1756,Rebecca,Richardson,Doctor 3,2023-04-25
P1783,Angela,Lewis,Doctor 3,2023-04-25
P1796,Gary,Hall,Doctor 3,2023-04-25
P1893,Elizabeth,Ruiz,Doctor 1,2023-04-25
P1902,Jacob,Ramirez,Doctor 1,2023-04-25
P2074,Michael,Green,Doctor 1,2023-04-25
P2105,Aaron,Cruz,Doctor 3,2023-04-25
P2246,Larry,Davis,Doctor 3,2023-04-25
P0025,Jose,Baker,Doctor 2,2023-04-26
P0067,Karen,Anderson,Doctor 3,2023-04-26
P0124,Carol,Green,Doctor 1,2023-04-26
P0166,Carol,Perez,Doctor 2,2023-04-26
P0188,Jonathan,Thomas,Doctor 2,2023-04-26
P0215,Nicholas,King,Doctor 1,2023-04-26
P0271,Mary,Gonzalez,Doctor 3,2023-04-26
P0700,Donna,Nelson,Doctor 2,2023-04-26
P0720,Stephen,Myers,Doctor 3,2023-04-26
P0769,Sharon,Lewis,Doctor 1,2023-04-26
P0776,Frank,Collins,Doctor 2,2023-04-26
P0937,Thomas,Hughes,Doctor 3,2023-04-26
P1007,Nancy,Hughes,Doctor 1,2023-04-26
P1151,Susan,Sanders,Doctor 3,2023-04-26
P1157,Emma,Gray,Doctor 1,2023-04-26
P1187,Matthew,Kelly,Doctor 2,2023-04-26
P1236,Patrick,Martin,Doctor 3,2023-04-26
P1241,Joshua,Green,Doctor 2,2023-04-26
P1310,Jose,Martin,Doctor 2,2023-04-26
P1457,George,Moore,Doctor 2,2023-04-26
P1470,Barbara,Watson,Doctor 1,2023-04-26
P1486,Frank,Lewis,Doctor 1,2023-04-26
P1764,Richard,Ramirez,Doctor 2,2023-04-26
P1799,Sandra,Mitchell,Doctor 2,2023-04-26
P1856,Karen,Collins,Doctor 2,2023-04-26
P1945,Donna,Harris,Doctor 3,2023-04-26
P2077,James,White,Doctor 1,2023-04-26
P2117,Nancy,Adams,Doctor 2,2023-04-26
P2173,Sarah,Anderson,Doctor 2,2023-04-26
P2179,Sarah,Perez,Doctor 2,2023-04-26
P2205,Eric,Clark,Doctor 2,2023-04-26
P2267,Frank,Allen,Doctor 1,2023-04-26
P0042,Rebecca,Lopez,Doctor 2,2023-04-27
P0239,Jonathan,Ruiz,Doctor 1,2023-04-27
P0306,Nicholas,Kelly,Doctor 2,2023-04-27
P0542,Timothy,Alvarez,Doctor 2,2023-04-27
P0620,Jeffrey,Hernandez,Doctor 2,2023-04-27
P0677,William,Wright,Doctor 3,2023-04-27
P0732,Timothy,King,Doctor 1,2023-04-27
P0764,Ruth,Wilson,Doctor 2,2023-04-27
P0827,Justin,Kim,Doctor 3,2023-04-27
P0925,James,Cooper,Doctor 2,2023-04-27
P0979,Michelle,Bennett,Doctor 1,2023-04-27
P1012,Tyler,Morris,Doctor 3,2023-04-27
P1081,Patrick,Johnson,Doctor 3,2023-04-27
P1111,Christopher,Robinson,Doctor 2,2023-04-27
P1196,Dennis,Harris,Doctor 1,2023-04-27
P1289,Laura,Walker,Doctor 1,2023-04-27
P1315,Matthew,Reyes,Doctor 2,2023-04-27
P1436,Richard,Hall,Doctor 2,2023-04-27
P1527,George,Edwards,Doctor 2,2023-04-27
P1560,Betty,Gray,Doctor 3,2023-04-27
P1615,Rebecca,Rivera,Doctor 2,2023-04-27
P1670,Donald,Evans,Doctor 3,2023-04-27
P1919,Helen,Allen,Doctor 3,2023-04-27
P1972,Kimberly,Lopez,Doctor 3,2023-04-27
P1979,Steven,Thomas,Doctor 1,2023-04-27
P2024,Betty,White,Doctor 1,2023-04-27
P2068,Robert,Thompson,Doctor 2,2023-04-27
P2073,Jonathan,Gray,Doctor 2,2023-04-27
P2177,Kathleen,Flores,Doctor 1,2023-04-27
P0005,Jerry,Wright,Doctor 1,2023-04-28
P0122,Richard,Sanchez,Doctor 1,2023-04-28
P0136,Nancy,Moore,Doctor 1,2023-04-28
P0525,Ryan,Wright,Doctor 1,2023-04-28
P0539,Deborah,Peterson,Doctor 3,2023-04-28
P0544,Benjamin,Ortiz,Doctor 3,2023-04-28
P0566,Shirley,Torres,Doctor 1,2023-04-28
P0612,Larry,Price,Doctor 1,2023-04-28
P0669,Cynthia,Castillo,Doctor 3,2023-04-28
P0673,Melissa,Gomez,Doctor 1,2023-04-28
P0775,Deborah,White,Doctor 1,2023-04-28
P0843,Angela,Jackson,Doctor 2,2023-04-28
P0870,Robert,Perez,Doctor 3,2023-04-28
P1119,Jerry,Parker,Doctor 3,2023-04-28
P1194,Emma,Morales,Doctor 2,2023-04-28
P1211,Sandra,Watson,Doctor 2,2023-04-28
P1255,Kevin,Baker,Doctor 3,2023-04-28
P1460,Stephen,Scott,Doctor 3,2023-04-28
P1489,Mary,Alvarez,Doctor 3,2023-04-28
P1522,Linda,Gray,Doctor 2,2023-04-28
P1570,Ruth,Ortiz,Doctor 3,2023-04-28
P1613,Kathleen,Mendoza,Doctor 2,2023-04-28
P1708,William,Cook,Doctor 3,2023-04-28
P1721,Charles,Wood,Doctor 1,2023-04-28
P1741,Christopher,Hill,Doctor 2,2023-04-28
P1897,Mary,Gray,Doctor 1,2023-04-28
P2110,Joshua,Howard,Doctor 1,2023-04-28
P2199,Kimberly,Hill,Doctor 2,2023-04-28
P2238,Michelle,Lee,Doctor 1,2023-04-28
P0023,Jennifer,Edwards,Doctor 2,2023-04-29
P0042,Rebecca,Lopez,Doctor 1,2023-04-29
P0147,Andrew,White,Doctor 1,2023-04-29
P0198,Amy,Ramos,Doctor 2,2023-04-29
P0262,Jason,Cox,Doctor 2,2023-04-29
P0309,Scott,Cruz,Doctor 3,2023-04-29
P0339,Andrew,Clark,Doctor 2,2023-04-29
P0377,Jack,Wright,Doctor 2,2023-04-29
P0436,Brandon,Cook,Doctor 2,2023-04-29
P0497,Thomas,Ward,Doctor 3,2023-04-29
P0500,Cynthia,Collins,Doctor 1,2023-04-29
P0673,Melissa,Gomez,Doctor 1,2023-04-29
P0696,Steven,Brooks,Doctor 2,2023-04-29
P0710,Anna,Jones,Doctor 2,2023-04-29
P0943,Gregory,Robinson,Doctor 1,2023-04-29
P0948,Frank,Lopez,Doctor 2,2023-04-29
P1051,Anthony,Williams,Doctor 2,2023-04-29
P1053,Daniel,Miller,Doctor 2,2023-04-29
P1178,Emma,Sanders,Doctor 1,2023-04-29
P1198,Jeffrey,Rogers,Doctor 2,2023-04-29
P1313,Gary,Peterson,Doctor 2,2023-04-29
P1380,Stephen,Murphy,Doctor 3,2023-04-29
P1714,Ruth,Robinson,Doctor 2,2023-04-29
P1801,Susan,Phillips,Doctor 1,2023-04-29
P1924,Eric,Cooper,Doctor 1,2023-04-29
P2084,Aaron,Ward,Doctor 1,2023-04-29
P2085,Richard,Cruz,Doctor 3,2023-04-29
P2119,John,Johnson,Doctor 3,2023-04-29
P2206,William,Campbell,Doctor 1,2023-04-29
P0048,Karen,Richardson,Doctor 2,2023-04-30
P0050,Anna,Gutierrez,Doctor 1,2023-04-30
P0057,Jerry,Anderson,Doctor 3,2023-04-30
P0163,Donna,Gutierrez,Doctor 1,2023-04-30
P0290,Lisa,Scott,Doctor 2,2023-04-30
P0321,Nancy,Cooper,Doctor 2,2023-04-30
P0386,Jose,Adams,Doctor 2,2023-04-30
P0394,Charles,White,Doctor 2,2023-04-30
P0416,Jeffrey,Castillo,Doctor 2,2023-04-30
P0605,Jessica,Peterson,Doctor 1,2023-04-30
P0678,Raymond,Edwards,Doctor 3,2023-04-30
P0733,Jason,Ruiz,Doctor 2,2023-04-30
P0889,Scott,Martinez,Doctor 3,2023-04-30
P0915,Carol,Brooks,Doctor 3,2023-04-30
P0946,Virginia,Walker,Doctor 1,2023-04-30
P0949,David,Myers,Doctor 2,2023-04-30
P1028,Kevin,Lewis,Doctor 2,2023-04-30
P1045,Kenneth,Sanders,Doctor 3,2023-04-30
P1414,Donald,Ward,Doctor 2,2023-04-30
P1424,Helen,Diaz,Doctor 3,2023-04-30
P1587,Nicholas,Campbell,Doctor 2,2023-04-30
P1592,Patricia,Nguyen,Doctor 2,2023-04-30
P1671,Sandra,Sanchez,Doctor 3,2023-04-30
P1679,Melissa,Kelly,Doctor 3,2023-04-30
P1722,John,Reed,Doctor 3,2023-04-30
P1860,Stephen,Martinez,Doctor 3,2023-04-30
P1943,Raymond,Jones,Doctor 2,2023-04-30
P1963,Jennifer,Gray,Doctor 1,2023-04-30
P2071,Rebecca,Ortiz,Doctor 3,2023-04-30
P2092,Steven,Kim,Doctor 2,2023-04-30
P2111,James,Ramos,Doctor 1,2023-04-30
P2265,Deborah,Ramos,Doctor 1,2023-04-30
P0026,James,Bailey,Doctor 1,2023-05-01
P0082,Joshua,Lewis,Doctor 3,2023-05-01
P0121,Amy,Reed,Doctor 2,2023-05-01
P0164,Mary,Jackson,Doctor 2,2023-05-01
P0164,Mary,Jackson,Doctor 2,2023-05-01
P0258,Patrick,Collins,Doctor 2,2023-05-01
P0265,James,Morgan,Doctor 1,2023-05-01
P0785,Brandon,Ward,Doctor 2,2023-05-01
P0968,Edward,Anderson,Doctor 2,2023-05-01
P1310,Jose,Martin,Doctor 3,2023-05-01
P1324,Susan,Mitchell,Doctor 2,2023-05-01
P1348,Deborah,James,Doctor 2,2023-05-01
P1460,Stephen,Scott,Doctor 3,2023-05-01
P1555,David,Sanders,Doctor 2,2023-05-01
P1600,Sandra,Hernandez,Doctor 2,2023-05-01
P1734,Timothy,Morris,Doctor 1,2023-05-01
P1909,Jacob,Anderson,Doctor 2,2023-05-01
P1943,Raymond,Jones,Doctor 3,2023-05-01
P1957,Alexander,Price,Doctor 2,2023-05-01
P1972,Kimberly,Lopez,Doctor 3,2023-05-01
P2002,Benjamin,Hernandez,Doctor 3,2023-05-01
P2015,Sandra,Morales,Doctor 2,2023-05-01
P2104,Kimberly,Kelly,Doctor 2,2023-05-01
P2175,Brenda,Rivera,Doctor 1,2023-05-01
P2220,Melissa,Price,Doctor 3,2023-05-01
P2256,Ryan,Baker,Doctor 2,2023-05-01
P2285,Carol,Wright,Doctor 2,2023-05-01
P0118,Kimberly,Mitchell,Doctor 3,2023-05-02
P0151,Sarah,Lee,Doctor 1,2023-05-02
P0248,Jessica,Kim,Doctor 1,2023-05-02
P0307,Raymond,Gutierrez,Doctor 2,2023-05-02
P0345,Sharon,Cooper,Doctor 3,2023-05-02
P0355,Sarah,Cooper,Doctor 2,2023-05-02
P0442,Robert,Lewis,Doctor 2,2023-05-02
P0472,Angela,Sanchez,Doctor 1,2023-05-02
P0522,Rebecca,Turner,Doctor 3,2023-05-02
P0560,Jonathan,Clark,Doctor 2,2023-05-02
P0666,Amy,Anderson,Doctor 3,2023-05-02
P0768,Sarah,Rodriguez,Doctor 3,2023-05-02
P0774,Jonathan,Flores,Doctor 3,2023-05-02
P0796,Christopher,Roberts,Doctor 1,2023-05-02
P0841,Jennifer,Kim,Doctor 2,2023-05-02
P0939,Jack,Brown,Doctor 1,2023-05-02
P0947,Robert,Kelly,Doctor 3,2023-05-02
P1042,Laura,Harris,Doctor 1,2023-05-02
P1080,Nicholas,Evans,Doctor 2,2023-05-02
P1321,Matthew,Taylor,Doctor 1,2023-05-02
P1478,Ruth,King,Doctor 3,2023-05-02
P1524,Ruth,Baker,Doctor 3,2023-05-02
P1594,Jessica,Gray,Doctor 3,2023-05-02
P1651,Samuel,Reed,Doctor 2,2023-05-02
P1757,David,Wright,Doctor 1,2023-05-02
P1794,James,Phillips,Doctor 2,2023-05-02
P1829,Charles,Torres,Doctor 1,2023-05-02
P1836,Joshua,Brown,Doctor 2,2023-05-02
P1889,Elizabeth,Nelson,Doctor 2,2023-05-02
P2054,Angela,Howard,Doctor 3,2023-05-02
P2070,Lisa,Gomez,Doctor 2,2023-05-02
P0106,Edward,Jones,Doctor 1,2023-05-03
P0274,Ruth,Hernandez,Doctor 1,2023-05-03
P0337,Michelle,Richardson,Doctor 2,2023-05-03
P0363,Kimberly,Clark,Doctor 2,2023-05-03
P0392,Samuel,Bailey,Doctor 2,2023-05-03
P0438,Amy,Robinson,Doctor 1,2023-05-03
P0498,Justin,Morales,Doctor 2,2023-05-03
P0504,Gregory,Ward,Doctor 2,2023-05-03
P0594,Betty,Torres,Doctor 2,2023-05-03
P0745,Michael,Parker,Doctor 2,2023-05-03
P0775,Deborah,White,Doctor 1,2023-05-03
P0820,Joseph,Patel,Doctor 2,2023-05-03
P0821,Eric,Reyes,Doctor 1,2023-05-03
P0856,Edward,Lee,Doctor 1,2023-05-03
P0918,Michael,Sanders,Doctor 3,2023-05-03
P0981,Deborah,Hall,Doctor 3,2023-05-03
P1020,Aaron,Clark,Doctor 3,2023-05-03
P1095,Nancy,Morgan,Doctor 2,2023-05-03
P1112,Charles,Lewis,Doctor 3,2023-05-03
P1190,Brandon,King,Doctor 1,2023-05-03
P1426,Lisa,Morgan,Doctor 3,2023-05-03
P1430,Ruth,Collins,Doctor 1,2023-05-03
P1435,Donald,Perez,Doctor 3,2023-05-03
P1472,Laura,Anderson,Doctor 3,2023-05-03
P1559,Karen,Thomas,Doctor 2,2023-05-03
P1606,Carol,Evans,Doctor 2,2023-05-03
P1625,Ruth,Moore,Doctor 3,2023-05-03
P1674,Benjamin,Clark,Doctor 1,2023-05-03
P1707,Andrew,Rivera,Doctor 1,2023-05-03
P1711,Sarah,Robinson,Doctor 2,2023-05-03
P1839,Lisa,Reyes,Doctor 1,2023-05-03
P1854,Thomas,Myers,Doctor 1,2023-05-03
P1902,Jacob,Ramirez,Doctor 1,2023-05-03
P1962,Helen,Sanders,Doctor 1,2023-05-03
P1981,Laura,Alvarez,Doctor 1,2023-05-03
P2048,Thomas,Turner,Doctor 1,2023-05-03
P2161,Christopher,Mitchell,Doctor 1,2023-05-03
P2166,Lisa,Turner,Doctor 2,2023-05-03
P0014,Donna,Jones,Doctor 1,2023-05-04
P0075,Sandra,Peterson,Doctor 1,2023-05-04
P0207,Mary,Mitchell,Doctor 2,2023-05-04
P0329,Jose,Robinson,Doctor 3,2023-05-04
P0453,Matthew,Scott,Doctor 1,2023-05-04
P0480,Jerry,Miller,Doctor 3,2023-05-04
P0575,Laura,Cruz,Doctor 2,2023-05-04
P0961,Aaron,Evans,Doctor 3,2023-05-04
P1007,Nancy,Hughes,Doctor 1,2023-05-04
P1021,Susan,Baker,Doctor 1,2023-05-04
P1253,Barbara,Kelly,Doctor 3,2023-05-04
P1256,Patricia,Chavez,Doctor 2,2023-05-04
P1282,Brian,Reed,Doctor 3,2023-05-04
P1380,Stephen,Murphy,Doctor 3,2023-05-04
P1454,Susan,Parker,Doctor 1,2023-05-04
P1503,Patrick,Hall,Doctor 2,2023-05-04
P1592,Patricia,Nguyen,Doctor 2,2023-05-04
P1913,John,Sanders,Doctor 3,2023-05-04
P1989,Mary,Murphy,Doctor 1,2023-05-04
P2034,Nancy,Campbell,Doctor 2,2023-05-04
P2265,Deborah,Ramos,Doctor 1,2023-05-04
P0097,Ronald,Murphy,Doctor 1,2023-05-05
P0164,Mary,Jackson,Doctor 2,2023-05-05
P0172,Steven,Edwards,Doctor 2,2023-05-05
P0255,Jeffrey,Anderson,Doctor 3,2023-05-05
P0285,Anna,Kim,Doctor 3,2023-05-05
P0354,Aaron,Gomez,Doctor 3,2023-05-05
P0464,Patrick,Harris,Doctor 2,2023-05-05
P0535,Kimberly,Anderson,Doctor 2,2023-05-05
P0663,Eric,Murphy,Doctor 1,2023-05-05
P0667,Brenda,Hill,Doctor 2,2023-05-05
P0710,Anna,Jones,Doctor 1,2023-05-05
P0721,Gary,Evans,Doctor 3,2023-05-05
P0922,Sharon,James,Doctor 1,2023-05-05
P0947,Robert,Kelly,Doctor 3,2023-05-05
P1219,Daniel,Bennett,Doctor 1,2023-05-05
P1526,Michael,Young,Doctor 2,2023-05-05
P1540,Frank,Martinez,Doctor 1,2023-05-05
P1758,Jonathan,Ortiz,Doctor 1,2023-05-05
P1782,Brian,Walker,Doctor 3,2023-05-05
P1954,Tyler,Scott,Doctor 1,2023-05-05
P1991,Mark,Ortiz,Doctor 2,2023-05-05
P2148,Jacob,King,Doctor 3,2023-05-05
P2159,Nancy,Wright,Doctor 2,2023-05-05
P2261,Charles,Mendoza,Doctor 2,2023-05-05
P2262,Susan,Kim,Doctor 3,2023-05-05
P2268,Aaron,Gonzalez,Doctor 1,2023-05-05
P0073,Dorothy,Carter,Doctor 2,2023-05-06
P0238,Laura,Ortiz,Doctor 3,2023-05-06
P0283,Barbara,Brooks,Doctor 2,2023-05-06
P0372,Jason,Brown,Doctor 3,2023-05-06
P0408,Frank,Bailey,Doctor 1,2023-05-06
P0410,Gary,Robinson,Doctor 3,2023-05-06
P0535,Kimberly,Anderson,Doctor 2,2023-05-06
P0551,Betty,Hernandez,Doctor 2,2023-05-06
P0585,Jack,Young,Doctor 1,2023-05-06
P0702,Emma,Brooks,Doctor 1,2023-05-06
P0757,Gary,Johnson,Doctor 3,2023-05-06
P0875,Jonathan,Cruz,Doctor 2,2023-05-06
P0949,David,Myers,Doctor 3,2023-05-06
P1016,Ruth,Davis,Doctor 2,2023-05-06
P1119,Jerry,Parker,Doctor 3,2023-05-06
P1225,Edward,Lewis,Doctor 1,2023-05-06
P1235,Larry,Diaz,Doctor 3,2023-05-06
P1250,Brian,Wood,Doctor 1,2023-05-06
P1260,Ruth,Ramos,Doctor 2,2023-05-06
P1311,David,Reyes,Doctor 1,2023-05-06
P1384,Stephen,Jones,Doctor 1,2023-05-06
P1471,Laura,Roberts,Doctor 1,2023-05-06
P1561,Sarah,Wood,Doctor 3,2023-05-06
P1607,Jeffrey,Jones,Doctor 3,2023-05-06
P1636,Andrew,Castillo,Doctor 2,2023-05-06
P1769,Jason,Moore,Doctor 2,2023-05-06
P1782,Brian,Walker,Doctor 3,2023-05-06
P1790,Anthony,Gonzalez,Doctor 2,2023-05-06
P1802,Brenda,Nelson,Doctor 3,2023-05-06
P1816,Anthony,Castillo,Doctor 3,2023-05-06
P2172,Jessica,Ramos,Doctor 3,2023-05-06
P2206,William,Campbell,Doctor 1,2023-05-06
P2220,Melissa,Price,Doctor 3,2023-05-06
P2271,Elizabeth,Brooks,Doctor 2,2023-05-06
P2302,Alexander,Morris,Doctor 3,2023-05-06
P0018,Carol,Nelson,Doctor 3,2023-05-07
P0148,William,Smith,Doctor 3,2023-05-07
P0263,Amy,Garcia,Doctor 2,2023-05-07
P0363,Kimberly,Clark,Doctor 2,2023-05-07
P0563,Sandra,Chavez,Doctor 3,2023-05-07
P0757,Gary,Johnson,Doctor 2,2023-05-07
P0761,Barbara,Adams,Doctor 3,2023-05-07
P0792,Mary,White,Doctor 2,2023-05-07
P0969,Jack,Mitchell,Doctor 3,2023-05-07
P0992,Kimberly,Watson,Doctor 3,2023-05-07
P1077,Sarah,Johnson,Doctor 3,2023-05-07
P1145,Gregory,Taylor,Doctor 1,2023-05-07
P1360,William,Price,Doctor 2,2023-05-07
P1363,John,Anderson,Doctor 3,2023-05-07
P1453,Patrick,Cooper,Doctor 1,2023-05-07
P1729,Justin,Nguyen,Doctor 1,2023-05-07
P1749,Ruth,Brown,Doctor 2,2023-05-07
P1853,William,Wilson,Doctor 1,2023-05-07
P1972,Kimberly,Lopez,Doctor 3,2023-05-07
P2114,Brenda,Clark,Doctor 1,2023-05-07
P2222,Brian,Nelson,Doctor 1,2023-05-07
P0192,Lisa,Brown,Doctor 2,2023-05-08
P0345,Sharon,Cooper,Doctor 3,2023-05-08
P0377,Jack,Wright,Doctor 2,2023-05-08
P0731,Michelle,Mendoza,Doctor 3,2023-05-08
P0732,Timothy,King,Doctor 1,2023-05-08
P0799,Charles,Smith,Doctor 3,2023-05-08
P0876,Virginia,Smith,Doctor 2,2023-05-08
P0950,Lisa,Hall,Doctor 2,2023-05-08
P1316,Jessica,Wood,Doctor 1,2023-05-08
P1325,Ronald,Thompson,Doctor 2,2023-05-08
P1334,Andrew,Peterson,Doctor 2,2023-05-08
P1646,Edward,Gonzalez,Doctor 3,2023-05-08
P1823,Jeffrey,Robinson,Doctor 3,2023-05-08
P1868,Deborah,Thompson,Doctor 2,2023-05-08
P1885,Patricia,Jones,Doctor 2,2023-05-08
P2013,Anthony,Myers,Doctor 1,2023-05-08
P2265,Deborah,Ramos,Doctor 1,2023-05-08
P0047,Thomas,Lewis,Doctor 3,2023-05-09
P0160,Laura,King,Doctor 2,2023-05-09
P0223,Jerry,Watson,Doctor 3,2023-05-09
P0254,Ruth,Howard,Doctor 1,2023-05-09
P0329,Jose,Robinson,Doctor 3,2023-05-09
P0490,Thomas,Rivera,Doctor 3,2023-05-09
P0511,William,Johnson,Doctor 3,2023-05-09
P0531,Patricia,Patel,Doctor 2,2023-05-09
P0539,Deborah,Peterson,Doctor 1,2023-05-09
P0583,John,Cox,Doctor 3,2023-05-09
P0591,Thomas,Mendoza,Doctor 1,2023-05-09
P0647,David,Kelly,Doctor 2,2023-05-09
P0701,Scott,Gonzalez,Doctor 2,2023-05-09
P0822,Ryan,Young,Doctor 2,2023-05-09
P0829,Virginia,Ramos,Doctor 2,2023-05-09
P0837,Sarah,Howard,Doctor 1,2023-05-09
P0919,Kimberly,Nguyen,Doctor 3,2023-05-09
P0930,Brian,Taylor,Doctor 2,2023-05-09
P0943,Gregory,Robinson,Doctor 1,2023-05-09
P0951,Sharon,Castillo,Doctor 2,2023-05-09
P0991,Stephen,Nguyen,Doctor 1,2023-05-09
P1175,Daniel,Walker,Doctor 3,2023-05-09
P1263,Eric,Cook,Doctor 3,2023-05-09
P1323,Tyler,Jackson,Doctor 1,2023-05-09
P1327,Andrew,Chavez,Doctor 3,2023-05-09
P1347,Edward,Campbell,Doctor 1,2023-05-09
P1372,Lisa,Bailey,Doctor 3,2023-05-09
P1412,Michelle,Gutierrez,Doctor 2,2023-05-09
P1413,Jeffrey,Brown,Doctor 2,2023-05-09
P1473,David,Peterson,Doctor 1,2023-05-09
P1855,Mary,Gomez,Doctor 1,2023-05-09
P1891,Christopher,White,Doctor 3,2023-05-09
P1909,Jacob,Anderson,Doctor 2,2023-05-09
P1978,Laura,Miller,Doctor 2,2023-05-09
P1982,Rebecca,Thomas,Doctor 2,2023-05-09
P2106,Frank,Diaz,Doctor 2,2023-05-09
P2127,Jeffrey,Johnson,Doctor 2,2023-05-09
P2245,Laura,Phillips,Doctor 3,2023-05-09
P0137,George,Collins,Doctor 3,2023-05-10
P0193,Samuel,Jones,Doctor 2,2023-05-10
P0240,Jerry,Sanders,Doctor 1,2023-05-10
P0281,Anna,Cook,Doctor 2,2023-05-10
P0604,Mary,Hughes,Doctor 2,2023-05-10
P0611,Matthew,Alvarez,Doctor 3,2023-05-10
P0669,Cynthia,Castillo,Doctor 1,2023-05-10
P0865,Joshua,Kim,Doctor 3,2023-05-10
P0993,Larry,Bennett,Doctor 2,2023-05-10
P1027,Lisa,Peterson,Doctor 1,2023-05-10
P1054,Charles,Johnson,Doctor 1,2023-05-10
P1086,Deborah,Taylor,Doctor 1,2023-05-10
P1138,Sharon,Brooks,Doctor 2,2023-05-10
P1217,Barbara,Hall,Doctor 1,2023-05-10
P1217,Barbara,Hall,Doctor 2,2023-05-10
P1252,Nancy,Torres,Doctor 2,2023-05-10
P1266,Anthony,Thomas,Doctor 3,2023-05-10
P1266,Anthony,Thomas,Doctor 1,2023-05-10
P1288,Lisa,Nguyen,Doctor 2,2023-05-10
P1392,Dorothy,Wood,Doctor 1,2023-05-10
P1418,David,Lee,Doctor 3,2023-05-10
P1454,Susan,Parker,Doctor 3,2023-05-10
P1536,Deborah,Allen,Doctor 2,2023-05-10
P1549,Brandon,Ramos,Doctor 2,2023-05-10
P1952,Brandon,Adams,Doctor 2,2023-05-10
P1974,Kimberly,Mendoza,Doctor 3,2023-05-10
P2155,Linda,Brown,Doctor 3,2023-05-10
P2205,Eric,Clark,Doctor 2,2023-05-10
P0018,Carol,Nelson,Doctor 3,2023-05-11
P0147,Andrew,White,Doctor 1,2023-05-11
P0152,Jason,Harris,Doctor 2,2023-05-11
P0259,Joshua,Hughes,Doctor 3,2023-05-11
P0276,Samuel,Davis,Doctor 2,2023-05-11
P0679,Eric,Mitchell,Doctor 2,2023-05-11
P0738,Joshua,Sanchez,Doctor 1,2023-05-11
P0787,Sandra,Nguyen,Doctor 2,2023-05-11
P0801,Amy,Mendoza,Doctor 1,2023-05-11
P0856,Edward,Lee,Doctor 2,2023-05-11
P0880,Jose,Bailey,Doctor 3,2023-05-11
P0902,Susan,Wilson,Doctor 2,2023-05-11
P0918,Michael,Sanders,Doctor 1,2023-05-11
P0993,Larry,Bennett,Doctor 1,2023-05-11
P0996,Andrew,Torres,Doctor 2,2023-05-11
P1238,Sharon,Cook,Doctor 2,2023-05-11
P1451,Ruth,Allen,Doctor 1,2023-05-11
P1520,Elizabeth,Garcia,Doctor 3,2023-05-11
P1538,Steven,Johnson,Doctor 2,2023-05-11
P1554,Christopher,Hughes,Doctor 2,2023-05-11
P1683,Rebecca,Anderson,Doctor 3,2023-05-11
P1696,Jeffrey,Taylor,Doctor 2,2023-05-11
P1889,Elizabeth,Nelson,Doctor 3,2023-05-11
P1981,Laura,Alvarez,Doctor 3,2023-05-11
P2148,Jacob,King,Doctor 3,2023-05-11
P2215,Linda,Davis,Doctor 2,2023-05-11
P2223,Thomas,Martin,Doctor 3,2023-05-11
P2301,Jason,Diaz,Doctor 2,2023-05-11
P0397,Sandra,White,Doctor 1,2023-05-12
P0419,William,Cruz,Doctor 2,2023-05-12
P0538,George,Sanders,Doctor 3,2023-05-12
P0589,Shirley,Young,Doctor 3,2023-05-12
P0631,Mary,Wilson,Doctor 3,2023-05-12
P0694,Dennis,Richardson,Doctor 3,2023-05-12
P0778,Tyler,Morales,Doctor 1,2023-05-12
P0834,Ronald,Scott,Doctor 2,2023-05-12
P0888,Angela,Peterson,Doctor 2,2023-05-12
P0988,Brenda,Patel,Doctor 3,2023-05-12
P1113,James,Gonzalez,Doctor 1,2023-05-12
P1186,Donna,Smith,Doctor 1,2023-05-12
P1245,Jerry,White,Doctor 1,2023-05-12
P1281,Michael,Wilson,Doctor 1,2023-05-12
P1382,Christopher,Evans,Doctor 1,2023-05-12
P1403,Mark,Smith,Doctor 1,2023-05-12
P1421,Jerry,Cruz,Doctor 3,2023-05-12
P1507,Andrew,Richardson,Doctor 2,2023-05-12
P1548,Virginia,Torres,Doctor 2,2023-05-12
P1593,Nicholas,Morgan,Doctor 2,2023-05-12
P1683,Rebecca,Anderson,Doctor 3,2023-05-12
P1883,Donald,Roberts,Doctor 2,2023-05-12
P1919,Helen,Allen,Doctor 3,2023-05-12
P2002,Benjamin,Hernandez,Doctor 3,2023-05-12
P2075,Aaron,Collins,Doctor 2,2023-05-12
P0016,Matthew,Howard,Doctor 2,2023-05-13
P0024,Jose,Kim,Doctor 3,2023-05-13
P0106,Edward,Jones,Doctor 1,2023-05-13
P0141,Gary,Hughes,Doctor 1,2023-05-13
P0282,Carol,Richardson,Doctor 1,2023-05-13
P0307,Raymond,Gutierrez,Doctor 2,2023-05-13
P0393,Brian,Alvarez,Doctor 3,2023-05-13
P0405,Ruth,Martin,Doctor 1,2023-05-13
P0457,Richard,Mendoza,Doctor 3,2023-05-13
P0596,Deborah,Roberts,Doctor 3,2023-05-13
P0600,Gregory,Collins,Doctor 3,2023-05-13
P0625,Emma,Mitchell,Doctor 1,2023-05-13
P0631,Mary,Wilson,Doctor 3,2023-05-13
P0632,Laura,Kelly,Doctor 3,2023-05-13
P0860,Lisa,Castillo,Doctor 2,2023-05-13
P0913,Brian,Edwards,Doctor 2,2023-05-13
P0921,Richard,Smith,Doctor 1,2023-05-13
P0979,Michelle,Bennett,Doctor 1,2023-05-13
P1051,Anthony,Williams,Doctor 3,2023-05-13
P1068,Michelle,Turner,Doctor 2,2023-05-13
P1299,Betty,Moore,Doctor 2,2023-05-13
P1403,Mark,Smith,Doctor 1,2023-05-13
P1407,Shirley,Garcia,Doctor 2,2023-05-13
P1510,Dennis,Hughes,Doctor 2,2023-05-13
P1590,Jeffrey,Rivera,Doctor 2,2023-05-13
P1605,Shirley,Ruiz,Doctor 1,2023-05-13
P1608,Linda,Clark,Doctor 3,2023-05-13
P1616,Linda,Cox,Doctor 2,2023-05-13
P1645,Ruth,Cooper,Doctor 1,2023-05-13
P1699,Ruth,Sanchez,Doctor 1,2023-05-13
P1804,Kevin,Gray,Doctor 3,2023-05-13
P1904,Nancy,King,Doctor 2,2023-05-13
P1915,Jacob,Thomas,Doctor 1,2023-05-13
P1937,Anna,Johnson,Doctor 1,2023-05-13
P2041,Jerry,Campbell,Doctor 3,2023-05-13
P2043,Laura,Evans,Doctor 1,2023-05-13
P2188,Jeffrey,Brooks,Doctor 1,2023-05-13
P2246,Larry,Davis,Doctor 3,2023-05-13
P2286,Deborah,Rivera,Doctor 2,2023-05-13
P2305,Jack,Chavez,Doctor 2,2023-05-13
P0095,Sandra,Murphy,Doctor 2,2023-05-14
P0104,Susan,Ortiz,Doctor 3,2023-05-14
P0293,Thomas,Allen,Doctor 3,2023-05-14
P0335,Anthony,Morgan,Doctor 1,2023-05-14
P0339,Andrew,Clark,Doctor 2,2023-05-14
P0351,Jennifer,Ward,Doctor 1,2023-05-14
P0474,Sarah,Bailey,Doctor 3,2023-05-14
P0652,Anna,Allen,Doctor 2,2023-05-14
P0678,Raymond,Edwards,Doctor 3,2023-05-14
P0703,Nicholas,Reyes,Doctor 3,2023-05-14
P0821,Eric,Reyes,Doctor 1,2023-05-14
P0882,Ronald,Thomas,Doctor 1,2023-05-14
P0973,Elizabeth,Moore,Doctor 3,2023-05-14
P1048,Gary,Rivera,Doctor 3,2023-05-14
P1061,Jason,Ortiz,Doctor 2,2023-05-14
P1147,Samuel,Rivera,Doctor 1,2023-05-14
P1286,Angela,Gutierrez,Doctor 2,2023-05-14
P1308,Carol,Sanchez,Doctor 2,2023-05-14
P1337,Betty,Evans,Doctor 2,2023-05-14
P1394,Alexander,Wilson,Doctor 1,2023-05-14
P1438,Cynthia,Perez,Doctor 3,2023-05-14
P1518,Rebecca,Morris,Doctor 3,2023-05-14
P1523,Jeffrey,Sanders,Doctor 1,2023-05-14
P1688,Anna,Smith,Doctor 2,2023-05-14
P1727,Donna,Brooks,Doctor 3,2023-05-14
P1735,Patricia,Miller,Doctor 2,2023-05-14
P1777,Thomas,Lee,Doctor 1,2023-05-14
P1801,Susan,Phillips,Doctor 2,2023-05-14
P1814,Kimberly,Davis,Doctor 3,2023-05-14
P1841,Sarah,Sanders,Doctor 1,2023-05-14
P1895,Kimberly,Phillips,Doctor 3,2023-05-14
P2135,Eric,Kelly,Doctor 1,2023-05-14
P2245,Laura,Phillips,Doctor 1,2023-05-14
P2263,Jack,Morgan,Doctor 2,2023-05-14
P0009,Melissa,Parker,Doctor 1,2023-05-15
P0059,Christopher,Garcia,Doctor 3,2023-05-15
P0094,Shirley,Morgan,Doctor 2,2023-05-15
P0170,Jessica,Lee,Doctor 2,2023-05-15
P0174,Mark,Allen,Doctor 2,2023-05-15
P0266,Emma,Miller,Doctor 3,2023-05-15
P0381,John,Gutierrez,Doctor 1,2023-05-15
P0445,Helen,Nguyen,Doctor 1,2023-05-15
P0479,Ronald,Hughes,Doctor 3,2023-05-15
P0606,Jack,Thomas,Doctor 3,2023-05-15
P0608,Jessica,Thomas,Doctor 2,2023-05-15
P0656,Tyler,Ramirez,Doctor 2,2023-05-15
P0783,Patrick,Ruiz,Doctor 1,2023-05-15
P0838,Steven,Gomez,Doctor 2,2023-05-15
P0897,Helen,Lee,Doctor 2,2023-05-15
P1009,Eric,Flores,Doctor 3,2023-05-15
P1022,Jeffrey,Moore,Doctor 1,2023-05-15
P1218,Mark,Price,Doctor 1,2023-05-15
P1224,Gregory,Reed,Doctor 2,2023-05-15
P1419,Patricia,Turner,Doctor 2,2023-05-15
P1463,George,Reyes,Doctor 2,2023-05-15
P1499,Karen,Ward,Doctor 2,2023-05-15
P1555,David,Sanders,Doctor 2,2023-05-15
P1624,George,Green,Doctor 3,2023-05-15
P1643,Laura,Ramirez,Doctor 2,2023-05-15
P1729,Justin,Nguyen,Doctor 2,2023-05-15
P1729,Justin,Nguyen,Doctor 2,2023-05-15
P1753,Thomas,Anderson,Doctor 1,2023-05-15
P1776,Angela,Turner,Doctor 2,2023-05-15
P1799,Sandra,Mitchell,Doctor 1,2023-05-15
P2003,Sarah,Thompson,Doctor 3,2023-05-15
P0047,Thomas,Lewis,Doctor 3,2023-05-16
P0099,Laura,Chavez,Doctor 1,2023-05-16
P0100,Kathleen,Campbell,Doctor 1,2023-05-16
P0180,Nicholas,Rodriguez,Doctor 2,2023-05-16
P0189,Jonathan,Roberts,Doctor 3,2023-05-16
P0248,Jessica,Kim,Doctor 2,2023-05-16
P0251,Frank,Adams,Doctor 1,2023-05-16
P0343,Gregory,Ramos,Doctor 3,2023-05-16
P0392,Samuel,Bailey,Doctor 2,2023-05-16
P0562,Anthony,Garcia,Doctor 1,2023-05-16
P0578,Frank,Gutierrez,Doctor 1,2023-05-16
P0605,Jessica,Peterson,Doctor 1,2023-05-16
P0632,Laura,Kelly,Doctor 2,2023-05-16
P0719,Charles,Ramirez,Doctor 2,2023-05-16
P0721,Gary,Evans,Doctor 2,2023-05-16
P0749,Nicholas,Castillo,Doctor 2,2023-05-16
P0793,Aaron,Ramirez,Doctor 1,2023-05-16
P0875,Jonathan,Cruz,Doctor 1,2023-05-16
P0904,Brenda,Torres,Doctor 3,2023-05-16
P0922,Sharon,James,Doctor 3,2023-05-16
P0967,Sarah,Moore,Doctor 1,2023-05-16
P1106,Melissa,Edwards,Doctor 3,2023-05-16
P1274,Rebecca,Price,Doctor 2,2023-05-16
P1369,Brenda,Nguyen,Doctor 3,2023-05-16
P1390,Tyler,Peterson,Doctor 1,2023-05-16
P1500,Sandra,Rogers,Doctor 2,2023-05-16
P1655,Helen,Hernandez,Doctor 1,2023-05-16
P1790,Anthony,Gonzalez,Doctor 2,2023-05-16
P1838,Mark,Hall,Doctor 2,2023-05-16
P1869,Frank,Parker,Doctor 2,2023-05-16
P1885,Patricia,Jones,Doctor 2,2023-05-16
P1931,Thomas,Smith,Doctor 3,2023-05-16
P1933,Kevin,Smith,Doctor 3,2023-05-16
P2117,Nancy,Adams,Doctor 2,2023-05-16
P2143,Joseph,White,Doctor 1,2023-05-16
P2151,Deborah,Adams,Doctor 2,2023-05-16
P2211,Susan,Richardson,Doctor 1,2023-05-16
P0034,Richard,Allen,Doctor 2,2023-05-17
P0095,Sandra,Murphy,Doctor 2,2023-05-17
P0104,Susan,Ortiz,Doctor 3,2023-05-17
P0113,Mary,Parker,Doctor 2,2023-05-17
P0295,Jeffrey,Lopez,Doctor 1,2023-05-17
P0296,Dennis,Nguyen,Doctor 2,2023-05-17
P0313,Jessica,Mitchell,Doctor 2,2023-05-17
P0325,Deborah,Martin,Doctor 3,2023-05-17
P0478,Brian,Hughes,Doctor 2,2023-05-17
P0491,Patricia,Ward,Doctor 1,2023-05-17
P0561,Barbara,White,Doctor 1,2023-05-17
P0597,Patricia,Perez,Doctor 3,2023-05-17
P0692,Steven,Hernandez,Doctor 1,2023-05-17
P0729,Stephen,King,Doctor 1,2023-05-17
P0814,Stephen,Taylor,Doctor 3,2023-05-17
P0871,Dennis,Morales,Doctor 3,2023-05-17
P0883,Kenneth,Phillips,Doctor 3,2023-05-17
P0924,Anna,Hughes,Doctor 1,2023-05-17
P1062,Cynthia,Gutierrez,Doctor 2,2023-05-17
P1106,Melissa,Edwards,Doctor 3,2023-05-17
P1135,Jessica,Rogers,Doctor 2,2023-05-17
P1243,John,Cruz,Doctor 2,2023-05-17
P1266,Anthony,Thomas,Doctor 1,2023-05-17
P1307,Dennis,Bennett,Doctor 2,2023-05-17
P1316,Jessica,Wood,Doctor 1,2023-05-17
P1344,Kenneth,Rodriguez,Doctor 1,2023-05-17
P1559,Karen,Thomas,Doctor 3,2023-05-17
P1572,Carol,Walker,Doctor 2,2023-05-17
P1589,Patrick,Edwards,Doctor 2,2023-05-17
P1640,Jacob,Nelson,Doctor 1,2023-05-17
P1664,Elizabeth,Scott,Doctor 3,2023-05-17
P1751,Lisa,Reed,Doctor 1,2023-05-17
P1900,Jonathan,Rivera,Doctor 2,2023-05-17
P1924,Eric,Cooper,Doctor 1,2023-05-17
P1932,Alexander,Robinson,Doctor 2,2023-05-17
P1932,Alexander,Robinson,Doctor 1,2023-05-17
P2028,Laura,Lee,Doctor 1,2023-05-17
P2174,Raymond,Lewis,Doctor 3,2023-05-17
P0087,Karen,Wood,Doctor 1,2023-05-18
P0107,Tyler,Hughes,Doctor 2,2023-05-18
P0126,John,Wilson,Doctor 3,2023-05-18
P0162,Mark,Hughes,Doctor 3,2023-05-18
P0253,Samuel,Adams,Doctor 2,2023-05-18
P0359,Frank,Morris,Doctor 2,2023-05-18
P0551,Betty,Hernandez,Doctor 2,2023-05-18
P0882,Ronald,Thomas,Doctor 2,2023-05-18
P0902,Susan,Wilson,Doctor 1,2023-05-18
P1008,Alexander,Murphy,Doctor 1,2023-05-18
P1087,Scott,Rogers,Doctor 2,2023-05-18
P1096,Ryan,Mendoza,Doctor 3,2023-05-18
P1120,Benjamin,Hill,Doctor 1,2023-05-18
P1237,Ryan,Brooks,Doctor 3,2023-05-18
P1270,Sharon,Davis,Doctor 1,2023-05-18
P1296,Jennifer,Morales,Doctor 3,2023-05-18
P1347,Edward,Campbell,Doctor 2,2023-05-18
P1385,Patricia,Green,Doctor 1,2023-05-18
P1557,Jose,Garcia,Doctor 2,2023-05-18
P1603,Lisa,Campbell,Doctor 2,2023-05-18
P1648,Ruth,Lewis,Doctor 3,2023-05-18
P1724,Benjamin,Rivera,Doctor 3,2023-05-18
P1822,Brenda,Reyes,Doctor 3,2023-05-18
P1857,Kimberly,Garcia,Doctor 3,2023-05-18
P1860,Stephen,Martinez,Doctor 1,2023-05-18
P1923,Ruth,Brooks,Doctor 3,2023-05-18
P1952,Brandon,Adams,Doctor 1,2023-05-18
P2057,Amy,Watson,Doctor 2,2023-05-18
P2153,Carol,Johnson,Doctor 2,2023-05-18
P2201,Ruth,Diaz,Doctor 1,2023-05-18
P2224,Richard,Wright,Doctor 2,2023-05-18
P2239,Edward,Garcia,Doctor 1,2023-05-18
P0022,Ronald,Myers,Doctor 3,2023-05-19
P0081,Andrew,Morales,Doctor 2,2023-05-19
P0165,Charles,Hughes,Doctor 3,2023-05-19
P0260,Karen,Sanchez,Doctor 3,2023-05-19
P0267,Ronald,Smith,Doctor 3,2023-05-19
P0323,Nancy,Anderson,Doctor 3,2023-05-19
P0331,Tyler,Torres,Doctor 3,2023-05-19
P0419,William,Cruz,Doctor 2,2023-05-19
P0469,Deborah,Chavez,Doctor 1,2023-05-19
P0529,Mark,Harris,Doctor 1,2023-05-19
P0617,Donna,Peterson,Doctor 1,2023-05-19
P0690,Ruth,Rivera,Doctor 3,2023-05-19
P0746,Justin,Perez,Doctor 2,2023-05-19
P0890,Melissa,Ruiz,Doctor 2,2023-05-19
P1009,Eric,Flores,Doctor 3,2023-05-19
P1085,Karen,Cooper,Doctor 1,2023-05-19
P1104,Charles,Ramos,Doctor 3,2023-05-19
P1110,Matthew,Cooper,Doctor 3,2023-05-19
P1187,Matthew,Kelly,Doctor 2,2023-05-19
P1271,Dennis,Sanchez,Doctor 2,2023-05-19
P1283,Jason,Sanders,Doctor 3,2023-05-19
P1306,Alexander,Lee,Doctor 3,2023-05-19
P1408,Gregory,Mitchell,Doctor 2,2023-05-19
P1516,Lisa,Edwards,Doctor 3,2023-05-19
P1561,Sarah,Wood,Doctor 1,2023-05-19
P1648,Ruth,Lewis,Doctor 3,2023-05-19
P1701,Helen,Walker,Doctor 3,2023-05-19
P1777,Thomas,Lee,Doctor 1,2023-05-19
P1848,Karen,Gray,Doctor 3,2023-05-19
P1862,William,Williams,Doctor 3,2023-05-19
P1862,William,Williams,Doctor 3,2023-05-19
P1888,Linda,Price,Doctor 2,2023-05-19
P1967,Anna,Turner,Doctor 2,2023-05-19
P1970,Melissa,Evans,Doctor 1,2023-05-19
P2081,Donna,Morgan,Doctor 2,2023-05-19
P0026,James,Bailey,Doctor 3,2023-05-20
P0059,Christopher,Garcia,Doctor 3,2023-05-20
P0074,Kenneth,Myers,Doctor 2,2023-05-20
P0114,Larry,Flores,Doctor 1,2023-05-20
P0172,Steven,Edwards,Doctor 2,2023-05-20
P0174,Mark,Allen,Doctor 2,2023-05-20
P0182,Benjamin,Scott,Doctor 3,2023-05-20
P0208,Sarah,Morgan,Doctor 2,2023-05-20
P0335,Anthony,Morgan,Doctor 1,2023-05-20
P0337,Michelle,Richardson,Doctor 2,2023-05-20
P0380,James,Johnson,Doctor 3,2023-05-20
P0404,Kathleen,Cooper,Doctor 1,2023-05-20
P0447,Nancy,Smith,Doctor 2,2023-05-20
P0523,Ryan,Hill,Doctor 1,2023-05-20
P0704,Joseph,Rogers,Doctor 1,2023-05-20
P0709,Amy,Bailey,Doctor 1,2023-05-20
P0735,Patricia,Morris,Doctor 2,2023-05-20
P0760,Helen,Kim,Doctor 1,2023-05-20
P0815,Kevin,Kelly,Doctor 1,2023-05-20
P0855,Jose,Torres,Doctor 3,2023-05-20
P0883,Kenneth,Phillips,Doctor 1,2023-05-20
P1013,Elizabeth,Gray,Doctor 2,2023-05-20
P1106,Melissa,Edwards,Doctor 3,2023-05-20
P1161,Raymond,Brooks,Doctor 1,2023-05-20
P1275,Virginia,Jackson,Doctor 2,2023-05-20
P1340,Sarah,Brooks,Doctor 2,2023-05-20
P1523,Jeffrey,Sanders,Doctor 1,2023-05-20
P1613,Kathleen,Mendoza,Doctor 1,2023-05-20
P1630,Carol,Bennett,Doctor 3,2023-05-20
P1760,Betty,Young,Doctor 1,2023-05-20
P1805,Daniel,White,Doctor 2,2023-05-20
P1963,Jennifer,Gray,Doctor 3,2023-05-20
P1978,Laura,Miller,Doctor 2,2023-05-20
P0026,James,Bailey,Doctor 3,2023-05-21
P0178,Anthony,Jackson,Doctor 2,2023-05-21
P0263,Amy,Garcia,Doctor 3,2023-05-21
P0290,Lisa,Scott,Doctor 1,2023-05-21
P0427,Helen,Patel,Doctor 2,2023-05-21
P0665,William,Collins,Doctor 3,2023-05-21
P0712,Elizabeth,Davis,Doctor 2,2023-05-21
P0760,Helen,Kim,Doctor 1,2023-05-21
P0771,Anna,James,Doctor 1,2023-05-21
P0790,Donna,Stewart,Doctor 3,2023-05-21
P0902,Susan,Wilson,Doctor 2,2023-05-21
P0960,Virginia,Allen,Doctor 2,2023-05-21
P0979,Michelle,Bennett,Doctor 1,2023-05-21
P1003,Brandon,Green,Doctor 3,2023-05-21
P1107,Kimberly,Sanders,Doctor 2,2023-05-21
P1124,Cynthia,Thompson,Doctor 1,2023-05-21
P1142,Patrick,Sanchez,Doctor 3,2023-05-21
P1148,Jose,Wilson,Doctor 1,2023-05-21
P1257,Deborah,Cook,Doctor 2,2023-05-21
P1325,Ronald,Thompson,Doctor 2,2023-05-21
P1349,Sarah,Murphy,Doctor 2,2023-05-21
P1369,Brenda,Nguyen,Doctor 3,2023-05-21
P1502,Lisa,Taylor,Doctor 1,2023-05-21
P1551,Timothy,Lewis,Doctor 2,2023-05-21
P1552,Michelle,Gonzalez,Doctor 1,2023-05-21
P1665,Daniel,Nguyen,Doctor 2,2023-05-21
P1750,Justin,Walker,Doctor 2,2023-05-21
P1809,Timothy,Williams,Doctor 1,2023-05-21
P1871,Patrick,Peterson,Doctor 2,2023-05-21
P1910,Jonathan,Phillips,Doctor 1,2023-05-21
P2001,Jessica,Brooks,Doctor 1,2023-05-21
P2018,Ruth,Phillips,Doctor 1,2023-05-21
P2090,Sarah,Nguyen,Doctor 1,2023-05-21
P2172,Jessica,Ramos,Doctor 1,2023-05-21
P0005,Jerry,Wright,Doctor 1,2023-05-22
P0060,Frank,Flores,Doctor 1,2023-05-22
P0078,Jessica,Harris,Doctor 3,2023-05-22
P0161,Tyler,Robinson,Doctor 1,2023-05-22
P0242,Carol,Gray,Doctor 2,2023-05-22
P0253,Samuel,Adams,Doctor 2,2023-05-22
P0358,Jason,Martinez,Doctor 3,2023-05-22
P0687,Michelle,Sanders,Doctor 2,2023-05-22
P0690,Ruth,Rivera,Doctor 3,2023-05-22
P0946,Virginia,Walker,Doctor 1,2023-05-22
P0971,Kimberly,Stewart,Doctor 3,2023-05-22
P0976,Patricia,Peterson,Doctor 3,2023-05-22
P1088,Benjamin,Smith,Doctor 1,2023-05-22
P1097,Charles,Anderson,Doctor 1,2023-05-22
P1191,Helen,Kelly,Doctor 3,2023-05-22
P1205,Tyler,Lewis,Doctor 1,2023-05-22
P1206,Ronald,Cook,Doctor 3,2023-05-22
P1285,Matthew,Chavez,Doctor 3,2023-05-22
P1419,Patricia,Turner,Doctor 2,2023-05-22
P1454,Susan,Parker,Doctor 1,2023-05-22
P1463,George,Reyes,Doctor 1,2023-05-22
P1484,Tyler,Morgan,Doctor 2,2023-05-22
P1510,Dennis,Hughes,Doctor 2,2023-05-22
P1515,Thomas,Harris,Doctor 1,2023-05-22
P1524,Ruth,Baker,Doctor 2,2023-05-22
P1572,Carol,Walker,Doctor 2,2023-05-22
P1729,Justin,Nguyen,Doctor 2,2023-05-22
P1776,Angela,Turner,Doctor 2,2023-05-22
P1809,Timothy,Williams,Doctor 1,2023-05-22
P1890,Daniel,Myers,Doctor 2,2023-05-22
P1928,Kimberly,Moore,Doctor 2,2023-05-22
P2086,Jose,Campbell,Doctor 1,2023-05-22
P2117,Nancy,Adams,Doctor 2,2023-05-22
P2118,Jennifer,Flores,Doctor 2,2023-05-22
P2132,Michelle,Diaz,Doctor 1,2023-05-22
P2283,Kenneth,Clark,Doctor 1,2023-05-22
P0027,Justin,Flores,Doctor 1,2023-05-23
P0267,Ronald,Smith,Doctor 3,2023-05-23
P0284,Virginia,Scott,Doctor 1,2023-05-23
P0289,Matthew,Roberts,Doctor 1,2023-05-23
P0328,Ryan,Walker,Doctor 2,2023-05-23
P0459,Laura,Price,Doctor 1,2023-05-23
P0487,Jessica,Anderson,Doctor 2,2023-05-23
P0895,Barbara,Cox,Doctor 2,2023-05-23
P0978,Jeffrey,Davis,Doctor 2,2023-05-23
P1092,Eric,Edwards,Doctor 2,2023-05-23
P1261,Mary,Brown,Doctor 3,2023-05-23
P1293,Jeffrey,Edwards,Doctor 1,2023-05-23
P1335,Elizabeth,Hernandez,Doctor 2,2023-05-23
P1491,Christopher,Anderson,Doctor 1,2023-05-23
P1560,Betty,Gray,Doctor 2,2023-05-23
P1876,Nicholas,Cook,Doctor 2,2023-05-23
P1903,Amy,Clark,Doctor 2,2023-05-23
P1922,Elizabeth,Harris,Doctor 1,2023-05-23
P1976,Brandon,Martin,Doctor 1,2023-05-23
P2033,Lisa,Moore,Doctor 2,2023-05-23
P2129,Jessica,Sanders,Doctor 2,2023-05-23
P2178,Andrew,Kim,Doctor 1,2023-05-23
P2284,Jennifer,Sanchez,Doctor 2,2023-05-23
P0030,Kenneth,Mitchell,Doctor 1,2023-05-24
P0070,Helen,Flores,Doctor 3,2023-05-24
P0086,Steven,Green,Doctor 3,2023-05-24
P0177,Nancy,Parker,Doctor 2,2023-05-24
P0229,Alexander,Martinez,Doctor 3,2023-05-24
P0232,Tyler,Kim,Doctor 3,2023-05-24
P0375,Samuel,Alvarez,Doctor 2,2023-05-24
P0457,Richard,Mendoza,Doctor 3,2023-05-24
P0506,Joshua,Brooks,Doctor 2,2023-05-24
P0506,Joshua,Brooks,Doctor 2,2023-05-24
P0534,Nancy,Price,Doctor 3,2023-05-24
P0535,Kimberly,Anderson,Doctor 2,2023-05-24
P0610,Jeffrey,Rodriguez,Doctor 1,2023-05-24
P0670,Jeffrey,Cox,Doctor 3,2023-05-24
P0774,Jonathan,Flores,Doctor 1,2023-05-24
P0779,Timothy,Jackson,Doctor 2,2023-05-24
P0807,Karen,Smith,Doctor 1,2023-05-24
P0955,Susan,Walker,Doctor 1,2023-05-24
P0981,Deborah,Hall,Doctor 1,2023-05-24
P1077,Sarah,Johnson,Doctor 3,2023-05-24
P1195,Raymond,Rodriguez,Doctor 3,2023-05-24
P1230,Ronald,Brooks,Doctor 3,2023-05-24
P1259,George,White,Doctor 2,2023-05-24
P1269,Patricia,Wright,Doctor 3,2023-05-24
P1406,George,Johnson,Doctor 2,2023-05-24
P1627,Matthew,Nguyen,Doctor 2,2023-05-24
P1645,Ruth,Cooper,Doctor 1,2023-05-24
P1728,Samuel,Turner,Doctor 2,2023-05-24
P1729,Justin,Nguyen,Doctor 1,2023-05-24
P1854,Thomas,Myers,Doctor 1,2023-05-24
P1915,Jacob,Thomas,Doctor 1,2023-05-24
P1984,Timothy,James,Doctor 2,2023-05-24
P2031,Richard,Harris,Doctor 3,2023-05-24
P2077,James,White,Doctor 1,2023-05-24
P2133,Brandon,Edwards,Doctor 2,2023-05-24
P2145,Donald,Torres,Doctor 3,2023-05-24
P2184,Jack,Evans,Doctor 2,2023-05-24
P2304,Daniel,Adams,Doctor 1,2023-05-24
P0056,Nancy,Hernandez,Doctor 2,2023-05-25
P0084,Shirley,Taylor,Doctor 1,2023-05-25
P0146,Jessica,Walker,Doctor 2,2023-05-25
P0265,James,Morgan,Doctor 3,2023-05-25
P0452,Justin,Rivera,Doctor 1,2023-05-25
P0453,Matthew,Scott,Doctor 1,2023-05-25
P0458,Amy,Green,Doctor 2,2023-05-25
P0477,Virginia,White,Doctor 2,2023-05-25
P0509,Emma,Rodriguez,Doctor 2,2023-05-25
P0572,Joshua,Ramirez,Doctor 1,2023-05-25
P0595,Deborah,Watson,Doctor 2,2023-05-25
P0599,Mark,Flores,Doctor 2,2023-05-25
P0654,Emma,Bennett,Doctor 3,2023-05-25
P0742,Tyler,Nguyen,Doctor 2,2023-05-25
P1059,Tyler,James,Doctor 1,2023-05-25
P1072,Nancy,Stewart,Doctor 2,2023-05-25
P1086,Deborah,Taylor,Doctor 2,2023-05-25
P1139,George,Turner,Doctor 3,2023-05-25
P1140,Jacob,Hall,Doctor 2,2023-05-25
P1173,Angela,Mendoza,Doctor 2,2023-05-25
P1176,Ronald,Richardson,Doctor 2,2023-05-25
P1244,Matthew,Miller,Doctor 2,2023-05-25
P1310,Jose,Martin,Doctor 3,2023-05-25
P1317,Dorothy,Thomas,Doctor 2,2023-05-25
P1319,Edward,Wilson,Doctor 3,2023-05-25
P1329,Justin,Gomez,Doctor 2,2023-05-25
P1340,Sarah,Brooks,Doctor 1,2023-05-25
P1409,Michael,Flores,Doctor 2,2023-05-25
P1437,Edward,Howard,Doctor 2,2023-05-25
P1523,Jeffrey,Sanders,Doctor 1,2023-05-25
P1524,Ruth,Baker,Doctor 3,2023-05-25
P1638,Brenda,Mitchell,Doctor 2,2023-05-25
P1728,Samuel,Turner,Doctor 2,2023-05-25
P2081,Donna,Morgan,Doctor 3,2023-05-25
P2097,Helen,Young,Doctor 2,2023-05-25
P2149,Patricia,Anderson,Doctor 2,2023-05-25
P2174,Raymond,Lewis,Doctor 3,2023-05-25
P2238,Michelle,Lee,Doctor 1,2023-05-25
P0126,John,Wilson,Doctor 3,2023-05-26
P0234,Michelle,Ruiz,Doctor 1,2023-05-26
P0333,Mary,Johnson,Doctor 3,2023-05-26
P0345,Sharon,Cooper,Doctor 3,2023-05-26
P0355,Sarah,Cooper,Doctor 2,2023-05-26
P0520,Laura,Reyes,Doctor 1,2023-05-26
P0567,Jennifer,Johnson,Doctor 2,2023-05-26
P0688,Jennifer,Cruz,Doctor 3,2023-05-26
P0754,Brian,Adams,Doctor 3,2023-05-26
P0758,Karen,Morris,Doctor 3,2023-05-26
P0803,Brian,Ramos,Doctor 2,2023-05-26
P0823,Anthony,Walker,Doctor 3,2023-05-26
P0840,Karen,James,Doctor 3,2023-05-26
P0842,Larry,Hall,Doctor 2,2023-05-26
P0888,Angela,Peterson,Doctor 2,2023-05-26
P1002,Ronald,Ortiz,Doctor 1,2023-05-26
P1013,Elizabeth,Gray,Doctor 3,2023-05-26
P1018,Michelle,Lewis,Doctor 3,2023-05-26
P1061,Jason,Ortiz,Doctor 3,2023-05-26
P1197,Brian,Perez,Doctor 1,2023-05-26
P1219,Daniel,Bennett,Doctor 3,2023-05-26
P1283,Jason,Sanders,Doctor 3,2023-05-26
P1445,Justin,Martinez,Doctor 2,2023-05-26
P1454,Susan,Parker,Doctor 1,2023-05-26
P1585,Laura,Perez,Doctor 3,2023-05-26
P1715,Laura,Castillo,Doctor 1,2023-05-26
P1745,Sarah,Wilson,Doctor 3,2023-05-26
P1789,Andrew,Gomez,Doctor 1,2023-05-26
P2069,Jose,Smith,Doctor 3,2023-05-26
P2102,Kimberly,Reed,Doctor 2,2023-05-26
P2112,Thomas,Richardson,Doctor 3,2023-05-26
P2134,Elizabeth,King,Doctor 1,2023-05-26
P2208,Jacob,Rodriguez,Doctor 1,2023-05-26
P2251,Sarah,Hernandez,Doctor 2,2023-05-26
P2304,Daniel,Adams,Doctor 1,2023-05-26
P0071,Laura,Bailey,Doctor 3,2023-05-27
P0092,Jacob,Perez,Doctor 3,2023-05-27
P0120,Lisa,Thomas,Doctor 1,2023-05-27
P0226,Joshua,Cruz,Doctor 3,2023-05-27
P0303,Angela,Kelly,Doctor 2,2023-05-27
P0363,Kimberly,Clark,Doctor 2,2023-05-27
P0419,William,Cruz,Doctor 2,2023-05-27
P0487,Jessica,Anderson,Doctor 2,2023-05-27
P0588,Steven,Richardson,Doctor 3,2023-05-27
P0641,Brenda,Davis,Doctor 2,2023-05-27
P0663,Eric,Murphy,Doctor 1,2023-05-27
P0694,Dennis,Richardson,Doctor 3,2023-05-27
P0767,Aaron,Murphy,Doctor 2,2023-05-27
P0859,Cynthia,Sanchez,Doctor 3,2023-05-27
P1003,Brandon,Green,Doctor 2,2023-05-27
P1099,Aaron,Sanchez,Doctor 2,2023-05-27
P1171,Robert,Green,Doctor 2,2023-05-27
P1183,Benjamin,Williams,Doctor 1,2023-05-27
P1210,Carol,Jones,Doctor 1,2023-05-27
P1299,Betty,Moore,Doctor 2,2023-05-27
P1358,Ryan,Evans,Doctor 3,2023-05-27
P1429,Stephen,Cook,Doctor 3,2023-05-27
P1482,Jonathan,Jones,Doctor 2,2023-05-27
P1535,Michelle,Cox,Doctor 2,2023-05-27
P1635,Lisa,Torres,Doctor 3,2023-05-27
P1672,Angela,Roberts,Doctor 2,2023-05-27
P1820,Mary,Peterson,Doctor 3,2023-05-27
P2020,Angela,Reed,Doctor 2,2023-05-27
P2105,Aaron,Cruz,Doctor 3,2023-05-27
P2207,Deborah,Richardson,Doctor 2,2023-05-27
P2287,Jack,Castillo,Doctor 3,2023-05-27
P0036,Sandra,Hill,Doctor 3,2023-05-28
P0061,Susan,Murphy,Doctor 3,2023-05-28
P0064,Karen,Lopez,Doctor 2,2023-05-28
P0065,Joseph,Morgan,Doctor 1,2023-05-28
P0123,Matthew,Ortiz,Doctor 2,2023-05-28
P0212,Richard,Anderson,Doctor 2,2023-05-28
P0254,Ruth,Howard,Doctor 1,2023-05-28
P0408,Frank,Bailey,Doctor 1,2023-05-28
P0469,Deborah,Chavez,Doctor 1,2023-05-28
P0519,Aaron,Baker,Doctor 1,2023-05-28
P0536,Richard,Gonzalez,Doctor 1,2023-05-28
P0542,Timothy,Alvarez,Doctor 2,2023-05-28
P0577,Daniel,Brown,Doctor 3,2023-05-28
P0759,Jack,Cox,Doctor 3,2023-05-28
P0780,Justin,Miller,Doctor 1,2023-05-28
P0924,Anna,Hughes,Doctor 1,2023-05-28
P0934,Nancy,Peterson,Doctor 1,2023-05-28
P0956,Amy,Parker,Doctor 2,2023-05-28
P1017,Linda,Wilson,Doctor 3,2023-05-28
P1089,Aaron,Bailey,Doctor 1,2023-05-28
P1090,Susan,Scott,Doctor 1,2023-05-28
P1196,Dennis,Harris,Doctor 1,2023-05-28
P1434,William,Brown,Doctor 1,2023-05-28
P1445,Justin,Martinez,Doctor 3,2023-05-28
P1489,Mary,Alvarez,Doctor 3,2023-05-28
P1506,Linda,Parker,Doctor 2,2023-05-28
P1507,Andrew,Richardson,Doctor 2,2023-05-28
P1532,Matthew,Harris,Doctor 2,2023-05-28
P1547,Justin,Chavez,Doctor 2,2023-05-28
P1723,Anna,Reyes,Doctor 3,2023-05-28
P1743,Richard,Lee,Doctor 2,2023-05-28
P1759,Helen,Peterson,Doctor 2,2023-05-28
P1828,Joshua,Williams,Doctor 2,2023-05-28
P1896,Kenneth,Anderson,Doctor 1,2023-05-28
P2055,Sharon,Allen,Doctor 1,2023-05-28
P2083,Brenda,Gonzalez,Doctor 3,2023-05-28
P2187,Justin,Ortiz,Doctor 3,2023-05-28
P0077,Mark,Mendoza,Doctor 1,2023-05-29
P0079,Amy,Sanders,Doctor 3,2023-05-29
P0236,Sarah,Rogers,Doctor 2,2023-05-29
P0237,Tyler,Perez,Doctor 2,2023-05-29
P0334,Sandra,Myers,Doctor 3,2023-05-29
P0344,Lisa,Cook,Doctor 1,2023-05-29
P0368,Sharon,Howard,Doctor 2,2023-05-29
P0406,Sharon,Alvarez,Doctor 3,2023-05-29
P0464,Patrick,Harris,Doctor 2,2023-05-29
P0599,Mark,Flores,Doctor 2,2023-05-29
P0604,Mary,Hughes,Doctor 2,2023-05-29
P0610,Jeffrey,Rodriguez,Doctor 1,2023-05-29
P0702,Emma,Brooks,Doctor 1,2023-05-29
P0715,Emma,Martin,Doctor 2,2023-05-29
P0777,Virginia,Hill,Doctor 1,2023-05-29
P0827,Justin,Kim,Doctor 2,2023-05-29
P0829,Virginia,Ramos,Doctor 2,2023-05-29
P0830,Nancy,Lewis,Doctor 3,2023-05-29
P0928,Linda,Diaz,Doctor 3,2023-05-29
P1194,Emma,Morales,Doctor 2,2023-05-29
P1200,Donald,Kelly,Doctor 3,2023-05-29
P1210,Carol,Jones,Doctor 1,2023-05-29
P1274,Rebecca,Price,Doctor 1,2023-05-29
P1288,Lisa,Nguyen,Doctor 2,2023-05-29
P1293,Jeffrey,Edwards,Doctor 1,2023-05-29
P1335,Elizabeth,Hernandez,Doctor 2,2023-05-29
P1385,Patricia,Green,Doctor 1,2023-05-29
P1423,Jessica,Flores,Doctor 2,2023-05-29
P1470,Barbara,Watson,Doctor 2,2023-05-29
P1595,Sharon,Peterson,Doctor 1,2023-05-29
P1654,Gregory,Morris,Doctor 2,2023-05-29
P1842,Larry,Garcia,Doctor 2,2023-05-29
P2010,Patrick,Lopez,Doctor 1,2023-05-29
P2055,Sharon,Allen,Doctor 1,2023-05-29
P2160,Samuel,Watson,Doctor 3,2023-05-29
P2206,William,Campbell,Doctor 3,2023-05-29
P2291,Elizabeth,Taylor,Doctor 1,2023-05-29
P0047,Thomas,Lewis,Doctor 3,2023-05-30
P0085,Sarah,Hughes,Doctor 2,2023-05-30
P0151,Sarah,Lee,Doctor 1,2023-05-30
P0308,Cynthia,Rogers,Doctor 3,2023-05-30
P0358,Jason,Martinez,Doctor 1,2023-05-30
P0418,Ronald,Wilson,Doctor 3,2023-05-30
P0461,Daniel,Murphy,Doctor 1,2023-05-30
P0514,Frank,Hill,Doctor 2,2023-05-30
P0582,Alexander,Clark,Doctor 2,2023-05-30
P0611,Matthew,Alvarez,Doctor 3,2023-05-30
P0966,Samuel,Young,Doctor 3,2023-05-30
P1081,Patrick,Johnson,Doctor 3,2023-05-30
P1173,Angela,Mendoza,Doctor 2,2023-05-30
P1198,Jeffrey,Rogers,Doctor 2,2023-05-30
P1251,Lisa,Gray,Doctor 1,2023-05-30
P1255,Kevin,Baker,Doctor 3,2023-05-30
P1285,Matthew,Chavez,Doctor 3,2023-05-30
P1310,Jose,Martin,Doctor 3,2023-05-30
P1357,Edward,Morgan,Doctor 3,2023-05-30
P1387,Lisa,Ramos,Doctor 2,2023-05-30
P1585,Laura,Perez,Doctor 2,2023-05-30
P1629,Scott,Hughes,Doctor 2,2023-05-30
P1718,Alexander,Jackson,Doctor 1,2023-05-30
P1731,Ruth,Mendoza,Doctor 2,2023-05-30
P1757,David,Wright,Doctor 1,2023-05-30
P1770,Ronald,Roberts,Doctor 2,2023-05-30
P1838,Mark,Hall,Doctor 3,2023-05-30
P1890,Daniel,Myers,Doctor 2,2023-05-30
P1891,Christopher,White,Doctor 3,2023-05-30
P1914,Jessica,Perez,Doctor 1,2023-05-30
P1951,David,Lopez,Doctor 1,2023-05-30
P1953,Betty,Cook,Doctor 1,2023-05-30
P2017,Dorothy,Jones,Doctor 1,2023-05-30
P2053,Kimberly,Cook,Doctor 1,2023-05-30
P2086,Jose,Campbell,Doctor 1,2023-05-30
P2088,Joshua,Kelly,Doctor 1,2023-05-30
P2098,Jeffrey,Martinez,Doctor 2,2023-05-30
P2145,Donald,Torres,Doctor 3,2023-05-30
P2181,Anna,Hernandez,Doctor 1,2023-05-30
P2204,Lisa,Ward,Doctor 1,2023-05-30
P2238,Michelle,Lee,Doctor 2,2023-05-30
P0221,Matthew,Perez,Doctor 1,2023-05-31
P0234,Michelle,Ruiz,Doctor 1,2023-05-31
P0306,Nicholas,Kelly,Doctor 1,2023-05-31
P0386,Jose,Adams,Doctor 1,2023-05-31
P0390,Daniel,Robinson,Doctor 3,2023-05-31
P0461,Daniel,Murphy,Doctor 3,2023-05-31
P0499,Emma,Patel,Doctor 2,2023-05-31
P0512,Tyler,Carter,Doctor 2,2023-05-31
P0524,Michelle,Kim,Doctor 2,2023-05-31
P0540,Carol,Scott,Doctor 1,2023-05-31
P0605,Jessica,Peterson,Doctor 2,2023-05-31
P0747,Jacob,Gray,Doctor 3,2023-05-31
P0825,Sarah,Diaz,Doctor 3,2023-05-31
P0968,Edward,Anderson,Doctor 2,2023-05-31
P1034,Matthew,Brooks,Doctor 2,2023-05-31
P1037,Scott,Patel,Doctor 2,2023-05-31
P1063,Aaron,Howard,Doctor 1,2023-05-31
P1123,Dorothy,Nelson,Doctor 3,2023-05-31
P1182,Matthew,Price,Doctor 3,2023-05-31
P1289,Laura,Walker,Doctor 1,2023-05-31
P1296,Jennifer,Morales,Doctor 3,2023-05-31
P1442,James,Wright,Doctor 2,2023-05-31
P1478,Ruth,King,Doctor 1,2023-05-31
P1705,Matthew,Davis,Doctor 3,2023-05-31
P1753,Thomas,Anderson,Doctor 1,2023-05-31
P1764,Richard,Ramirez,Doctor 2,2023-05-31
P1875,Samuel,Cooper,Doctor 1,2023-05-31
P2070,Lisa,Gomez,Doctor 2,2023-05-31
P2208,Jacob,Rodriguez,Doctor 3,2023-05-31
P2279,Laura,Baker,Doctor 3,2023-05-31
P2297,Mark,Young,Doctor 1,2023-05-31
P0205,Lisa,Hernandez,Doctor 3,2023-06-01
P0348,Carol,Howard,Doctor 3,2023-06-01
P0364,Virginia,Kelly,Doctor 1,2023-06-01
P0512,Tyler,Carter,Doctor 2,2023-06-01
P0524,Michelle,Kim,Doctor 2,2023-06-01
P0764,Ruth,Wilson,Doctor 2,2023-06-01
P0894,Gary,Miller,Doctor 3,2023-06-01
P0967,Sarah,Moore,Doctor 1,2023-06-01
P0975,Susan,Chavez,Doctor 2,2023-06-01
P1034,Matthew,Brooks,Doctor 2,2023-06-01
P1173,Angela,Mendoza,Doctor 2,2023-06-01
P1181,Jack,Lopez,Doctor 1,2023-06-01
P1229,Sarah,James,Doctor 1,2023-06-01
P1389,Carol,Williams,Doctor 3,2023-06-01
P1389,Carol,Williams,Doctor 3,2023-06-01
P1522,Linda,Gray,Doctor 2,2023-06-01
P1532,Matthew,Harris,Doctor 2,2023-06-01
P1603,Lisa,Campbell,Doctor 3,2023-06-01
P1608,Linda,Clark,Doctor 2,2023-06-01
P1710,Rebecca,Gutierrez,Doctor 2,2023-06-01
P1768,Alexander,Hall,Doctor 1,2023-06-01
P1769,Jason,Moore,Doctor 2,2023-06-01
P2094,Linda,Mitchell,Doctor 2,2023-06-01
P2193,Betty,Ramirez,Doctor 2,2023-06-01
P2296,Brenda,Ward,Doctor 2,2023-06-01
P0139,Mary,Nelson,Doctor 1,2023-06-02
P0203,Jose,Cooper,Doctor 3,2023-06-02
P0216,Benjamin,Wilson,Doctor 2,2023-06-02
P0285,Anna,Kim,Doctor 3,2023-06-02
P0305,Virginia,Harris,Doctor 2,2023-06-02
P0410,Gary,Robinson,Doctor 1,2023-06-02
P0502,Linda,Martinez,Doctor 3,2023-06-02
P0530,Kathleen,Adams,Doctor 3,2023-06-02
P0544,Benjamin,Ortiz,Doctor 3,2023-06-02
P0570,Larry,Ramos,Doctor 1,2023-06-02
P0657,Frank,Moore,Doctor 2,2023-06-02
P0674,Anna,Reed,Doctor 3,2023-06-02
P0681,Lisa,Sanchez,Doctor 2,2023-06-02
P0726,Justin,Kelly,Doctor 2,2023-06-02
P0802,Jeffrey,Morgan,Doctor 1,2023-06-02
P0891,Brian,Ortiz,Doctor 2,2023-06-02
P0922,Sharon,James,Doctor 2,2023-06-02
P0937,Thomas,Hughes,Doctor 3,2023-06-02
P0992,Kimberly,Watson,Doctor 2,2023-06-02
P1232,Rebecca,Gomez,Doctor 3,2023-06-02
P1278,Gregory,Sanders,Doctor 2,2023-06-02
P1402,Sarah,Martin,Doctor 2,2023-06-02
P1405,Christopher,Hall,Doctor 1,2023-06-02
P1407,Shirley,Garcia,Doctor 2,2023-06-02
P1420,Laura,Torres,Doctor 1,2023-06-02
P1430,Ruth,Collins,Doctor 1,2023-06-02
P1695,Stephen,Watson,Doctor 3,2023-06-02
P1723,Anna,Reyes,Doctor 3,2023-06-02
P1726,Donald,James,Doctor 3,2023-06-02
P1840,David,Cox,Doctor 1,2023-06-02
P1963,Jennifer,Gray,Doctor 3,2023-06-02
P1972,Kimberly,Lopez,Doctor 3,2023-06-02
P2087,Karen,Walker,Doctor 3,2023-06-02
P2229,Angela,Nguyen,Doctor 3,2023-06-02
P2238,Michelle,Lee,Doctor 3,2023-06-02
P0021,Dorothy,Young,Doctor 2,2023-06-03
P0243,Laura,Robinson,Doctor 3,2023-06-03
P0250,Jose,Patel,Doctor 2,2023-06-03
P0291,Betty,Roberts,Doctor 3,2023-06-03
P0431,Jennifer,Allen,Doctor 2,2023-06-03
P0493,Michael,King,Doctor 3,2023-06-03
P0760,Helen,Kim,Doctor 1,2023-06-03
P0818,William,Wood,Doctor 2,2023-06-03
P0846,Tyler,Reyes,Doctor 1,2023-06-03
P0864,Brian,Collins,Doctor 3,2023-06-03
P0892,Richard,Cooper,Doctor 2,2023-06-03
P0895,Barbara,Cox,Doctor 2,2023-06-03
P0900,Jessica,Castillo,Doctor 1,2023-06-03
P1065,Shirley,Perez,Doctor 3,2023-06-03
P1171,Robert,Green,Doctor 2,2023-06-03
P1180,Lisa,Green,Doctor 2,2023-06-03
P1249,Timothy,Reyes,Doctor 1,2023-06-03
P1285,Matthew,Chavez,Doctor 3,2023-06-03
P1293,Jeffrey,Edwards,Doctor 2,2023-06-03
P1376,Brian,Miller,Doctor 2,2023-06-03
P1379,Laura,Adams,Doctor 2,2023-06-03
P1383,Patrick,Patel,Doctor 1,2023-06-03
P1447,Jack,Kim,Doctor 3,2023-06-03
P1531,Michelle,Campbell,Doctor 3,2023-06-03
P1531,Michelle,Campbell,Doctor 3,2023-06-03
P1557,Jose,Garcia,Doctor 2,2023-06-03
P1637,Angela,Johnson,Doctor 1,2023-06-03
P1722,John,Reed,Doctor 2,2023-06-03
P1976,Brandon,Martin,Doctor 2,2023-06-03
P2093,Charles,Bailey,Doctor 3,2023-06-03
P2271,Elizabeth,Brooks,Doctor 3,2023-06-03
P0173,Donald,Cox,Doctor 3,2023-06-04
P0578,Frank,Gutierrez,Doctor 2,2023-06-04
P0694,Dennis,Richardson,Doctor 3,2023-06-04
P0722,Daniel,Mitchell,Doctor 1,2023-06-04
P0747,Jacob,Gray,Doctor 3,2023-06-04
P0792,Mary,White,Doctor 3,2023-06-04
P0859,Cynthia,Sanchez,Doctor 3,2023-06-04
P0986,Jack,Rogers,Doctor 2,2023-06-04
P1063,Aaron,Howard,Doctor 1,2023-06-04
P1270,Sharon,Davis,Doctor 1,2023-06-04
P1326,James,Bennett,Doctor 3,2023-06-04
P1378,Betty,Thompson,Doctor 1,2023-06-04
P1402,Sarah,Martin,Doctor 2,2023-06-04
P1466,Anthony,Smith,Doctor 3,2023-06-04
P1498,Dennis,Ruiz,Doctor 3,2023-06-04
P1750,Justin,Walker,Doctor 2,2023-06-04
P1878,Daniel,Lee,Doctor 3,2023-06-04
P1934,Patrick,Green,Doctor 3,2023-06-04
P1978,Laura,Miller,Doctor 2,2023-06-04
P2039,Jose,Johnson,Doctor 2,2023-06-04
P2056,Shirley,Cook,Doctor 1,2023-06-04
P2079,Matthew,Bennett,Doctor 3,2023-06-04
P2080,Karen,Mendoza,Doctor 2,2023-06-04
P2094,Linda,Mitchell,Doctor 2,2023-06-04
P2199,Kimberly,Hill,Doctor 2,2023-06-04
P0036,Sandra,Hill,Doctor 1,2023-06-05
P0129,Alexander,Hernandez,Doctor 1,2023-06-05
P0204,Jose,Ramirez,Doctor 2,2023-06-05
P0213,Justin,Lee,Doctor 2,2023-06-05
P0293,Thomas,Allen,Doctor 3,2023-06-05
P0409,George,Wilson,Doctor 3,2023-06-05
P0624,Sarah,Hill,Doctor 3,2023-06-05
P0648,Kimberly,Allen,Doctor 3,2023-06-05
P0663,Eric,Murphy,Doctor 1,2023-06-05
P0714,Aaron,Mendoza,Doctor 1,2023-06-05
P0723,Jason,Gray,Doctor 1,2023-06-05
P0840,Karen,James,Doctor 3,2023-06-05
P0849,Jonathan,Williams,Doctor 1,2023-06-05
P0894,Gary,Miller,Doctor 3,2023-06-05
P1065,Shirley,Perez,Doctor 3,2023-06-05
P1097,Charles,Anderson,Doctor 1,2023-06-05
P1110,Matthew,Cooper,Doctor 3,2023-06-05
P1243,John,Cruz,Doctor 2,2023-06-05
P1282,Brian,Reed,Doctor 3,2023-06-05
P1295,Karen,Alvarez,Doctor 2,2023-06-05
P1341,Brenda,Turner,Doctor 1,2023-06-05
P1423,Jessica,Flores,Doctor 1,2023-06-05
P1439,Donna,Nguyen,Doctor 1,2023-06-05
P1458,Carol,James,Doctor 2,2023-06-05
P1500,Sandra,Rogers,Doctor 2,2023-06-05
P1647,Carol,Watson,Doctor 3,2023-06-05
P1691,Ryan,Gray,Doctor 1,2023-06-05
P1717,Edward,White,Doctor 3,2023-06-05
P1724,Benjamin,Rivera,Doctor 1,2023-06-05
P1765,Emma,Gomez,Doctor 3,2023-06-05
P1833,Kathleen,Rivera,Doctor 3,2023-06-05
P1872,Helen,Green,Doctor 3,2023-06-05
P1877,Betty,Price,Doctor 2,2023-06-05
P1958,David,Richardson,Doctor 3,2023-06-05
P1993,Charles,Morris,Doctor 1,2023-06-05
P1999,Sarah,Collins,Doctor 2,2023-06-05
P2093,Charles,Bailey,Doctor 3,2023-06-05
P2196,Sharon,Taylor,Doctor 3,2023-06-05
P2262,Susan,Kim,Doctor 2,2023-06-05
P2266,Ronald,Rogers,Doctor 2,2023-06-05
P2278,Jose,Walker,Doctor 2,2023-06-05
P0051,David,Cruz,Doctor 3,2023-06-06
P0108,Helen,Moore,Doctor 2,2023-06-06
P0168,Ruth,Taylor,Doctor 2,2023-06-06
P0370,Gary,James,Doctor 3,2023-06-06
P0415,Carol,Nguyen,Doctor 3,2023-06-06
P0499,Emma,Patel,Doctor 2,2023-06-06
P0512,Tyler,Carter,Doctor 2,2023-06-06
P0615,Ruth,Hill,Doctor 2,2023-06-06
P0734,Donald,Jones,Doctor 3,2023-06-06
P0771,Anna,James,Doctor 3,2023-06-06
P0960,Virginia,Allen,Doctor 2,2023-06-06
P1096,Ryan,Mendoza,Doctor 3,2023-06-06
P1163,Anna,Flores,Doctor 1,2023-06-06
P1199,Dorothy,Lewis,Doctor 2,2023-06-06
P1498,Dennis,Ruiz,Doctor 3,2023-06-06
P1526,Michael,Young,Doctor 1,2023-06-06
P1526,Michael,Young,Doctor 1,2023-06-06
P1573,Nicholas,Williams,Doctor 1,2023-06-06
P1713,Benjamin,Miller,Doctor 2,2023-06-06
P1927,Emma,Rogers,Doctor 3,2023-06-06
P1957,Alexander,Price,Doctor 3,2023-06-06
P1977,Ruth,Gomez,Doctor 2,2023-06-06
P2086,Jose,Campbell,Doctor 1,2023-06-06
P2124,Gregory,Rivera,Doctor 3,2023-06-06
P2166,Lisa,Turner,Doctor 2,2023-06-06
P2181,Anna,Hernandez,Doctor 1,2023-06-06
P2196,Sharon,Taylor,Doctor 3,2023-06-06
P2253,Kevin,Nelson,Doctor 2,2023-06-06
P2301,Jason,Diaz,Doctor 3,2023-06-06
P0127,Helen,Wright,Doctor 2,2023-06-07
P0313,Jessica,Mitchell,Doctor 2,2023-06-07
P0327,Karen,Allen,Doctor 2,2023-06-07
P0351,Jennifer,Ward,Doctor 1,2023-06-07
P0360,Ruth,Kim,Doctor 1,2023-06-07
P0449,Kevin,Ramirez,Doctor 1,2023-06-07
P0637,Jeffrey,Scott,Doctor 3,2023-06-07
P0756,Anthony,Peterson,Doctor 1,2023-06-07
P0810,Helen,Adams,Doctor 1,2023-06-07
P0859,Cynthia,Sanchez,Doctor 3,2023-06-07
P0978,Jeffrey,Davis,Doctor 2,2023-06-07
P1007,Nancy,Hughes,Doctor 1,2023-06-07
P1080,Nicholas,Evans,Doctor 2,2023-06-07
P1084,Christopher,Green,Doctor 2,2023-06-07
P1094,Tyler,Castillo,Doctor 1,2023-06-07
P1128,Nicholas,Morris,Doctor 2,2023-06-07
P1279,Jeffrey,Lewis,Doctor 1,2023-06-07
P1302,Raymond,Thompson,Doctor 3,2023-06-07
P1410,Elizabeth,Robinson,Doctor 3,2023-06-07
P1540,Frank,Martinez,Doctor 1,2023-06-07
P1551,Timothy,Lewis,Doctor 2,2023-06-07
P1560,Betty,Gray,Doctor 2,2023-06-07
P1573,Nicholas,Williams,Doctor 2,2023-06-07
P1587,Nicholas,Campbell,Doctor 2,2023-06-07
P1610,Lisa,Cox,Doctor 1,2023-06-07
P1654,Gregory,Morris,Doctor 2,2023-06-07
P1689,Jose,Morris,Doctor 2,2023-06-07
P1804,Kevin,Gray,Doctor 3,2023-06-07
P1909,Jacob,Anderson,Doctor 3,2023-06-07
P2027,Sharon,Sanchez,Doctor 3,2023-06-07
P2098,Jeffrey,Martinez,Doctor 2,2023-06-07
P2102,Kimberly,Reed,Doctor 3,2023-06-07
P2225,George,Reed,Doctor 1,2023-06-07
P2280,Jerry,Hill,Doctor 3,2023-06-07
P2282,Matthew,Nelson,Doctor 3,2023-06-07
P2287,Jack,Castillo,Doctor 1,2023-06-07
P2298,William,Carter,Doctor 2,2023-06-07
P0027,Justin,Flores,Doctor 3,2023-06-08
P0194,Thomas,Gutierrez,Doctor 3,2023-06-08
P0340,Michelle,Ortiz,Doctor 3,2023-06-08
P0545,Linda,Ortiz,Doctor 2,2023-06-08
P0598,Sharon,Stewart,Doctor 3,2023-06-08
P0919,Kimberly,Nguyen,Doctor 3,2023-06-08
P0950,Lisa,Hall,Doctor 2,2023-06-08
P1121,Jerry,Rivera,Doctor 1,2023-06-08
P1193,Shirley,Price,Doctor 2,2023-06-08
P1218,Mark,Price,Doctor 2,2023-06-08
P1219,Daniel,Bennett,Doctor 3,2023-06-08
P1317,Dorothy,Thomas,Doctor 1,2023-06-08
P1432,Jennifer,Martinez,Doctor 3,2023-06-08
P1488,James,Cox,Doctor 3,2023-06-08
P1492,Matthew,Morris,Doctor 3,2023-06-08
P1498,Dennis,Ruiz,Doctor 3,2023-06-08
P1525,Deborah,Ortiz,Doctor 1,2023-06-08
P1525,Deborah,Ortiz,Doctor 3,2023-06-08
P1536,Deborah,Allen,Doctor 2,2023-06-08
P1558,Donna,Hall,Doctor 2,2023-06-08
P1576,Frank,Williams,Doctor 1,2023-06-08
P1720,Jennifer,Torres,Doctor 2,2023-06-08
P1837,James,Taylor,Doctor 1,2023-06-08
P1852,Dorothy,Wright,Doctor 2,2023-06-08
P1885,Patricia,Jones,Doctor 2,2023-06-08
P1899,Shirley,Evans,Doctor 2,2023-06-08
P2047,Rebecca,Wood,Doctor 1,2023-06-08
P2276,Kimberly,Scott,Doctor 3,2023-06-08
P2296,Brenda,Ward,Doctor 2,2023-06-08
P0019,Sharon,Chavez,Doctor 2,2023-06-09
P0061,Susan,Murphy,Doctor 3,2023-06-09
P0069,Sarah,Roberts,Doctor 3,2023-06-09
P0100,Kathleen,Campbell,Doctor 1,2023-06-09
P0118,Kimberly,Mitchell,Doctor 2,2023-06-09
P0190,Justin,Ramos,Doctor 1,2023-06-09
P0263,Amy,Garcia,Doctor 3,2023-06-09
P0320,Laura,Mitchell,Doctor 1,2023-06-09
P0321,Nancy,Cooper,Doctor 2,2023-06-09
P0383,Donna,Wright,Doctor 1,2023-06-09
P0385,Timothy,Thompson,Doctor 1,2023-06-09
P0428,Jennifer,Myers,Doctor 2,2023-06-09
P0448,Thomas,Lopez,Doctor 3,2023-06-09
P0502,Linda,Martinez,Doctor 3,2023-06-09
P0515,Kathleen,Alvarez,Doctor 1,2023-06-09
P0567,Jennifer,Johnson,Doctor 2,2023-06-09
P0618,Richard,Murphy,Doctor 3,2023-06-09
P0647,David,Kelly,Doctor 2,2023-06-09
P0903,Sharon,Jackson,Doctor 2,2023-06-09
P0911,Cynthia,Lee,Doctor 1,2023-06-09
P0961,Aaron,Evans,Doctor 3,2023-06-09
P1083,Betty,Hughes,Doctor 1,2023-06-09
P1244,Matthew,Miller,Doctor 2,2023-06-09
P1265,Amy,Rogers,Doctor 3,2023-06-09
P1338,Gregory,Hernandez,Doctor 3,2023-06-09
P1347,Edward,Campbell,Doctor 2,2023-06-09
P1389,Carol,Williams,Doctor 2,2023-06-09
P1401,Rebecca,Lewis,Doctor 3,2023-06-09
P1495,Helen,Roberts,Doctor 3,2023-06-09
P1511,Michelle,Evans,Doctor 1,2023-06-09
P1661,Sarah,Young,Doctor 1,2023-06-09
P1684,Deborah,Wood,Doctor 1,2023-06-09
P1732,Emma,Lewis,Doctor 1,2023-06-09
P1743,Richard,Lee,Doctor 2,2023-06-09
P1757,David,Wright,Doctor 1,2023-06-09
P1827,Laura,James,Doctor 3,2023-06-09
P1872,Helen,Green,Doctor 3,2023-06-09
P1935,Ruth,Ruiz,Doctor 2,2023-06-09
P1980,Frank,Rogers,Doctor 1,2023-06-09
P2031,Richard,Harris,Doctor 3,2023-06-09
P2050,Stephen,Thompson,Doctor 1,2023-06-09
P2131,Laura,Myers,Doctor 3,2023-06-09
P2224,Richard,Wright,Doctor 2,2023-06-09
P0094,Shirley,Morgan,Doctor 2,2023-06-10
P0193,Samuel,Jones,Doctor 2,2023-06-10
P0213,Justin,Lee,Doctor 3,2023-06-10
P0411,Kathleen,Young,Doctor 2,2023-06-10
P0562,Anthony,Garcia,Doctor 3,2023-06-10
P0566,Shirley,Torres,Doctor 1,2023-06-10
P0665,William,Collins,Doctor 2,2023-06-10
P0796,Christopher,Roberts,Doctor 1,2023-06-10
P0819,Anna,Bennett,Doctor 2,2023-06-10
P0865,Joshua,Kim,Doctor 2,2023-06-10
P0952,Eric,Mendoza,Doctor 1,2023-06-10
P0996,Andrew,Torres,Doctor 2,2023-06-10
P1079,Helen,Gomez,Doctor 2,2023-06-10
P1156,David,Phillips,Doctor 1,2023-06-10
P1464,Sharon,Cox,Doctor 1,2023-06-10
P1475,Susan,Nelson,Doctor 1,2023-06-10
P1480,Michelle,Rodriguez,Doctor 2,2023-06-10
P1509,Kimberly,Diaz,Doctor 3,2023-06-10
P1566,Elizabeth,Ortiz,Doctor 3,2023-06-10
P1588,Robert,Lopez,Doctor 3,2023-06-10
P1618,Frank,Howard,Doctor 2,2023-06-10
P1676,Carol,Kim,Doctor 2,2023-06-10
P1733,Joseph,Taylor,Doctor 3,2023-06-10
P1809,Timothy,Williams,Doctor 3,2023-06-10
P1846,Joseph,Lee,Doctor 2,2023-06-10
P1910,Jonathan,Phillips,Doctor 1,2023-06-10
P2099,Justin,Morgan,Doctor 3,2023-06-10
P2104,Kimberly,Kelly,Doctor 2,2023-06-10
P2124,Gregory,Rivera,Doctor 3,2023-06-10
P2299,Daniel,Parker,Doctor 1,2023-06-10
P0130,Richard,Campbell,Doctor 3,2023-06-11
P0262,Jason,Cox,Doctor 3,2023-06-11
P0262,Jason,Cox,Doctor 3,2023-06-11
P0314,Elizabeth,Campbell,Doctor 2,2023-06-11
P0347,Cynthia,Cooper,Doctor 1,2023-06-11
P0411,Kathleen,Young,Doctor 3,2023-06-11
P0424,Timothy,Smith,Doctor 3,2023-06-11
P0508,Patricia,Myers,Doctor 2,2023-06-11
P0628,Steven,Ortiz,Doctor 3,2023-06-11
P0696,Steven,Brooks,Doctor 2,2023-06-11
P0712,Elizabeth,Davis,Doctor 2,2023-06-11
P0812,Sarah,Taylor,Doctor 2,2023-06-11
P1203,Jack,Martin,Doctor 1,2023-06-11
P1218,Mark,Price,Doctor 2,2023-06-11
P1336,Karen,Baker,Doctor 3,2023-06-11
P1515,Thomas,Harris,Doctor 1,2023-06-11
P1564,Laura,Taylor,Doctor 1,2023-06-11
P1644,Lisa,Bennett,Doctor 1,2023-06-11
P1685,Brandon,Alvarez,Doctor 3,2023-06-11
P1744,Jerry,Walker,Doctor 1,2023-06-11
P1978,Laura,Miller,Doctor 3,2023-06-11
P2047,Rebecca,Wood,Doctor 1,2023-06-11
P2137,Kevin,Miller,Doctor 2,2023-06-11
P2138,Melissa,Castillo,Doctor 3,2023-06-11
P2153,Carol,Johnson,Doctor 2,2023-06-11
P2184,Jack,Evans,Doctor 2,2023-06-11
P2196,Sharon,Taylor,Doctor 3,2023-06-11
P2226,Sandra,Ruiz,Doctor 2,2023-06-11
P2270,Jason,Anderson,Doctor 3,2023-06-11
P2296,Brenda,Ward,Doctor 1,2023-06-11
P0006,Deborah,Morris,Doctor 2,2023-06-12
P0052,Alexander,Kelly,Doctor 3,2023-06-12
P0152,Jason,Harris,Doctor 2,2023-06-12
P0178,Anthony,Jackson,Doctor 3,2023-06-12
P0200,Edward,Rogers,Doctor 1,2023-06-12
P0430,Timothy,Hall,Doctor 1,2023-06-12
P0486,Susan,Torres,Doctor 1,2023-06-12
P0497,Thomas,Ward,Doctor 1,2023-06-12
P0678,Raymond,Edwards,Doctor 1,2023-06-12
P0689,Virginia,Mitchell,Doctor 2,2023-06-12
P0763,Jonathan,Carter,Doctor 2,2023-06-12
P1132,Jason,Adams,Doctor 3,2023-06-12
P1271,Dennis,Sanchez,Doctor 2,2023-06-12
P1277,Kenneth,Gomez,Doctor 3,2023-06-12
P1490,Deborah,Gutierrez,Doctor 2,2023-06-12
P1621,Emma,Bailey,Doctor 3,2023-06-12
P1646,Edward,Gonzalez,Doctor 1,2023-06-12
P1742,Jennifer,Martin,Doctor 3,2023-06-12
P1763,Gary,Bennett,Doctor 2,2023-06-12
P1882,Michelle,James,Doctor 3,2023-06-12
P1888,Linda,Price,Doctor 2,2023-06-12
P1895,Kimberly,Phillips,Doctor 2,2023-06-12
P1934,Patrick,Green,Doctor 3,2023-06-12
P2018,Ruth,Phillips,Doctor 1,2023-06-12
P2087,Karen,Walker,Doctor 3,2023-06-12
P2098,Jeffrey,Martinez,Doctor 2,2023-06-12
P2287,Jack,Castillo,Doctor 1,2023-06-12
P0109,Anthony,Carter,Doctor 3,2023-06-13
P0165,Charles,Hughes,Doctor 3,2023-06-13
P0217,Betty,Lopez,Doctor 1,2023-06-13
P0305,Virginia,Harris,Doctor 2,2023-06-13
P0414,Nancy,White,Doctor 2,2023-06-13
P0579,Laura,Allen,Doctor 3,2023-06-13
P0604,Mary,Hughes,Doctor 1,2023-06-13
P0610,Jeffrey,Rodriguez,Doctor 1,2023-06-13
P0634,David,Adams,Doctor 3,2023-06-13
P0639,Jessica,Ramirez,Doctor 2,2023-06-13
P0670,Jeffrey,Cox,Doctor 3,2023-06-13
P0786,Matthew,Lee,Doctor 1,2023-06-13
P0867,Anthony,Ramirez,Doctor 1,2023-06-13
P0886,John,Martinez,Doctor 3,2023-06-13
P0956,Amy,Parker,Doctor 3,2023-06-13
P1103,Lisa,Morales,Doctor 1,2023-06-13
P1225,Edward,Lewis,Doctor 3,2023-06-13
P1236,Patrick,Martin,Doctor 3,2023-06-13
P1468,Robert,Martinez,Doctor 2,2023-06-13
P1509,Kimberly,Diaz,Doctor 3,2023-06-13
P1530,Angela,Rodriguez,Doctor 2,2023-06-13
P1560,Betty,Gray,Doctor 2,2023-06-13
P1649,Jennifer,Hall,Doctor 1,2023-06-13
P1666,Patrick,Carter,Doctor 3,2023-06-13
P1713,Benjamin,Miller,Doctor 2,2023-06-13
P1775,William,Rodriguez,Doctor 1,2023-06-13
P1940,Betty,Parker,Doctor 2,2023-06-13
P1995,Elizabeth,Cook,Doctor 2,2023-06-13
P2010,Patrick,Lopez,Doctor 1,2023-06-13
P2142,Betty,Mendoza,Doctor 2,2023-06-13
P2142,Betty,Mendoza,Doctor 1,2023-06-13
P0020,William,Edwards,Doctor 1,2023-06-14
P0035,Sarah,Gutierrez,Doctor 1,2023-06-14
P0093,Kathleen,Chavez,Doctor 3,2023-06-14
P0125,Helen,Perez,Doctor 2,2023-06-14
P0227,Anna,Alvarez,Doctor 3,2023-06-14
P0325,Deborah,Martin,Doctor 3,2023-06-14
P0328,Ryan,Walker,Doctor 2,2023-06-14
P0415,Carol,Nguyen,Doctor 3,2023-06-14
P0426,Timothy,Watson,Doctor 2,2023-06-14
P0514,Frank,Hill,Doctor 2,2023-06-14
P0641,Brenda,Davis,Doctor 3,2023-06-14
P0730,Dennis,Ward,Doctor 3,2023-06-14
P0786,Matthew,Lee,Doctor 1,2023-06-14
P0925,James,Cooper,Doctor 3,2023-06-14
P0959,Donald,Martin,Doctor 3,2023-06-14
P0977,Kenneth,Allen,Doctor 1,2023-06-14
P0988,Brenda,Patel,Doctor 3,2023-06-14
P1032,Richard,Cook,Doctor 3,2023-06-14
P1044,Eric,Taylor,Doctor 2,2023-06-14
P1078,Daniel,Reed,Doctor 2,2023-06-14
P1169,Christopher,King,Doctor 2,2023-06-14
P1241,Joshua,Green,Doctor 1,2023-06-14
P1533,Joseph,Johnson,Doctor 1,2023-06-14
P1553,James,Rivera,Doctor 1,2023-06-14
P1651,Samuel,Reed,Doctor 2,2023-06-14
P1651,Samuel,Reed,Doctor 2,2023-06-14
P1731,Ruth,Mendoza,Doctor 2,2023-06-14
P1763,Gary,Bennett,Doctor 2,2023-06-14
P1813,Samuel,Flores,Doctor 2,2023-06-14
P1905,Nicholas,Mendoza,Doctor 1,2023-06-14
P1910,Jonathan,Phillips,Doctor 1,2023-06-14
P1950,David,Chavez,Doctor 1,2023-06-14
P2028,Laura,Lee,Doctor 3,2023-06-14
P2079,Matthew,Bennett,Doctor 3,2023-06-14
P2100,Thomas,Murphy,Doctor 1,2023-06-14
P2114,Brenda,Clark,Doctor 3,2023-06-14
P2142,Betty,Mendoza,Doctor 1,2023-06-14
P2201,Ruth,Diaz,Doctor 1,2023-06-14
P2207,Deborah,Richardson,Doctor 1,2023-06-14
P2236,Kimberly,Robinson,Doctor 3,2023-06-14
P2300,Donald,Lewis,Doctor 3,2023-06-14
P0146,Jessica,Walker,Doctor 2,2023-06-15
P0175,Sarah,Adams,Doctor 3,2023-06-15
P0320,Laura,Mitchell,Doctor 1,2023-06-15
P0425,Susan,Morris,Doctor 2,2023-06-15
P0427,Helen,Patel,Doctor 2,2023-06-15
P0437,Sharon,Ramos,Doctor 2,2023-06-15
P0542,Timothy,Alvarez,Doctor 2,2023-06-15
P0564,Lisa,Chavez,Doctor 2,2023-06-15
P0573,Virginia,Flores,Doctor 1,2023-06-15
P0650,Jack,Richardson,Doctor 1,2023-06-15
P0699,Linda,Anderson,Doctor 3,2023-06-15
P0746,Justin,Perez,Doctor 2,2023-06-15
P0790,Donna,Stewart,Doctor 1,2023-06-15
P1082,Benjamin,Brown,Doctor 3,2023-06-15
P1114,Gary,Kim,Doctor 2,2023-06-15
P1122,Timothy,Nelson,Doctor 3,2023-06-15
P1159,Aaron,Carter,Doctor 2,2023-06-15
P1176,Ronald,Richardson,Doctor 2,2023-06-15
P1301,Dennis,Kim,Doctor 3,2023-06-15
P1356,Betty,Carter,Doctor 2,2023-06-15
P1423,Jessica,Flores,Doctor 1,2023-06-15
P1497,Brenda,Moore,Doctor 2,2023-06-15
P1561,Sarah,Wood,Doctor 1,2023-06-15
P1681,Dennis,Gray,Doctor 3,2023-06-15
P1706,Timothy,Phillips,Doctor 1,2023-06-15
P1844,Susan,Miller,Doctor 3,2023-06-15
P1862,William,Williams,Doctor 3,2023-06-15
P1891,Christopher,White,Doctor 3,2023-06-15
P1963,Jennifer,Gray,Doctor 3,2023-06-15
P1966,Frank,Johnson,Doctor 2,2023-06-15
P2109,Andrew,Wright,Doctor 3,2023-06-15
P2161,Christopher,Mitchell,Doctor 1,2023-06-15
P2198,Sarah,Mendoza,Doctor 2,2023-06-15
P2275,Steven,Castillo,Doctor 2,2023-06-15
P0010,Sarah,Turner,Doctor 3,2023-06-16
P0053,Jessica,Brown,Doctor 2,2023-06-16
P0065,Joseph,Morgan,Doctor 1,2023-06-16
P0092,Jacob,Perez,Doctor 2,2023-06-16
P0160,Laura,King,Doctor 1,2023-06-16
P0200,Edward,Rogers,Doctor 1,2023-06-16
P0493,Michael,King,Doctor 3,2023-06-16
P0529,Mark,Harris,Doctor 1,2023-06-16
P0600,Gregory,Collins,Doctor 3,2023-06-16
P0727,Samuel,White,Doctor 2,2023-06-16
P0890,Melissa,Ruiz,Doctor 2,2023-06-16
P0956,Amy,Parker,Doctor 3,2023-06-16
P1020,Aaron,Clark,Doctor 3,2023-06-16
P1035,Jeffrey,Peterson,Doctor 1,2023-06-16
P1259,George,White,Doctor 2,2023-06-16
P1340,Sarah,Brooks,Doctor 1,2023-06-16
P1396,Jessica,Mendoza,Doctor 3,2023-06-16
P1400,Robert,Williams,Doctor 3,2023-06-16
P1474,Kimberly,White,Doctor 2,2023-06-16
P1511,Michelle,Evans,Doctor 1,2023-06-16
P1609,Carol,Roberts,Doctor 2,2023-06-16
P1645,Ruth,Cooper,Doctor 2,2023-06-16
P1663,Amy,King,Doctor 3,2023-06-16
P2048,Thomas,Turner,Doctor 1,2023-06-16
P2125,Amy,Lewis,Doctor 1,2023-06-16
P2144,Gregory,Johnson,Doctor 1,2023-06-16
P2276,Kimberly,Scott,Doctor 3,2023-06-16
P2288,Emma,James,Doctor 2,2023-06-16
P0011,Frank,Garcia,Doctor 1,2023-06-17
P0153,Shirley,Johnson,Doctor 3,2023-06-17
P0200,Edward,Rogers,Doctor 3,2023-06-17
P0369,Steven,Garcia,Doctor 3,2023-06-17
P0382,Raymond,Davis,Doctor 1,2023-06-17
P0439,Sandra,Roberts,Doctor 3,2023-06-17
P0523,Ryan,Hill,Doctor 1,2023-06-17
P0632,Laura,Kelly,Doctor 2,2023-06-17
P0714,Aaron,Mendoza,Doctor 1,2023-06-17
P0718,Nancy,Morris,Doctor 3,2023-06-17
P0721,Gary,Evans,Doctor 2,2023-06-17
P0841,Jennifer,Kim,Doctor 3,2023-06-17
P0867,Anthony,Ramirez,Doctor 1,2023-06-17
P0947,Robert,Kelly,Doctor 3,2023-06-17
P0963,David,Stewart,Doctor 3,2023-06-17
P0978,Jeffrey,Davis,Doctor 2,2023-06-17
P0994,Stephen,Gonzalez,Doctor 2,2023-06-17
P1006,David,Walker,Doctor 3,2023-06-17
P1026,George,Kelly,Doctor 2,2023-06-17
P1131,Donna,Castillo,Doctor 3,2023-06-17
P1133,Sharon,Wright,Doctor 1,2023-06-17
P1281,Michael,Wilson,Doctor 3,2023-06-17
P1349,Sarah,Murphy,Doctor 2,2023-06-17
P1409,Michael,Flores,Doctor 2,2023-06-17
P1494,Kathleen,Price,Doctor 2,2023-06-17
P1676,Carol,Kim,Doctor 2,2023-06-17
P1705,Matthew,Davis,Doctor 3,2023-06-17
P1937,Anna,Johnson,Doctor 1,2023-06-17
P2097,Helen,Young,Doctor 2,2023-06-17
P2107,Scott,Roberts,Doctor 2,2023-06-17
P2112,Thomas,Richardson,Doctor 2,2023-06-17
P2145,Donald,Torres,Doctor 3,2023-06-17
P2214,Jose,Rivera,Doctor 3,2023-06-17
P2231,Ruth,Parker,Doctor 2,2023-06-17
P2263,Jack,Morgan,Doctor 1,2023-06-17
P0246,Jack,Gonzalez,Doctor 3,2023-06-18
P0250,Jose,Patel,Doctor 2,2023-06-18
P0266,Emma,Miller,Doctor 3,2023-06-18
P0270,Melissa,King,Doctor 1,2023-06-18
P0364,Virginia,Kelly,Doctor 1,2023-06-18
P0420,Kevin,Lopez,Doctor 1,2023-06-18
P0514,Frank,Hill,Doctor 2,2023-06-18
P0573,Virginia,Flores,Doctor 1,2023-06-18
P0743,Gregory,Chavez,Doctor 1,2023-06-18
P0897,Helen,Lee,Doctor 2,2023-06-18
P0940,Mary,Patel,Doctor 2,2023-06-18
P0964,Jack,Patel,Doctor 3,2023-06-18
P0978,Jeffrey,Davis,Doctor 2,2023-06-18
P1041,Kathleen,Ramos,Doctor 2,2023-06-18
P1148,Jose,Wilson,Doctor 2,2023-06-18
P1406,George,Johnson,Doctor 2,2023-06-18
P1513,Jessica,Morales,Doctor 2,2023-06-18
P1582,Charles,Howard,Doctor 2,2023-06-18
P1664,Elizabeth,Scott,Doctor 3,2023-06-18
P1706,Timothy,Phillips,Doctor 3,2023-06-18
P1721,Charles,Wood,Doctor 1,2023-06-18
P1725,Susan,Mendoza,Doctor 3,2023-06-18
P1806,Kenneth,Hill,Doctor 3,2023-06-18
P1842,Larry,Garcia,Doctor 2,2023-06-18
P1870,Samuel,Harris,Doctor 2,2023-06-18
P2163,Susan,Cox,Doctor 1,2023-06-18
P0040,Patrick,Rivera,Doctor 2,2023-06-19
P0048,Karen,Richardson,Doctor 2,2023-06-19
P0199,Betty,Richardson,Doctor 2,2023-06-19
P0243,Laura,Robinson,Doctor 3,2023-06-19
P0421,Cynthia,Alvarez,Doctor 3,2023-06-19
P0425,Susan,Morris,Doctor 2,2023-06-19
P0523,Ryan,Hill,Doctor 3,2023-06-19
P0605,Jessica,Peterson,Doctor 2,2023-06-19
P0653,Richard,Collins,Doctor 3,2023-06-19
P0806,Sarah,Morales,Doctor 1,2023-06-19
P0840,Karen,James,Doctor 3,2023-06-19
P0920,Karen,Stewart,Doctor 1,2023-06-19
P0961,Aaron,Evans,Doctor 1,2023-06-19
P1018,Michelle,Lewis,Doctor 3,2023-06-19
P1069,Joshua,Miller,Doctor 1,2023-06-19
P1089,Aaron,Bailey,Doctor 1,2023-06-19
P1358,Ryan,Evans,Doctor 3,2023-06-19
P1403,Mark,Smith,Doctor 1,2023-06-19
P1616,Linda,Cox,Doctor 2,2023-06-19
P1709,Jack,Ramirez,Doctor 3,2023-06-19
P1829,Charles,Torres,Doctor 2,2023-06-19
P1849,Brenda,Sanders,Doctor 3,2023-06-19
P1892,Jeffrey,Parker,Doctor 3,2023-06-19
P1918,Carol,Harris,Doctor 2,2023-06-19
P1932,Alexander,Robinson,Doctor 1,2023-06-19
P1951,David,Lopez,Doctor 2,2023-06-19
P1959,Kimberly,Lewis,Doctor 1,2023-06-19
P1970,Melissa,Evans,Doctor 3,2023-06-19
P2015,Sandra,Morales,Doctor 2,2023-06-19
P2080,Karen,Mendoza,Doctor 2,2023-06-19
P0177,Nancy,Parker,Doctor 2,2023-06-20
P0241,Karen,Perez,Doctor 3,2023-06-20
P0287,Elizabeth,Wood,Doctor 3,2023-06-20
P0410,Gary,Robinson,Doctor 1,2023-06-20
P0478,Brian,Hughes,Doctor 2,2023-06-20
P0481,Donna,Miller,Doctor 1,2023-06-20
P0485,Shirley,Cox,Doctor 2,2023-06-20
P0532,Melissa,Chavez,Doctor 2,2023-06-20
P0586,Ryan,Lee,Doctor 2,2023-06-20
P0743,Gregory,Chavez,Doctor 1,2023-06-20
P0766,Thomas,Kim,Doctor 2,2023-06-20
P0785,Brandon,Ward,Doctor 2,2023-06-20
P0887,Lisa,Garcia,Doctor 3,2023-06-20
P0920,Karen,Stewart,Doctor 1,2023-06-20
P1021,Susan,Baker,Doctor 3,2023-06-20
P1265,Amy,Rogers,Doctor 3,2023-06-20
P1288,Lisa,Nguyen,Doctor 1,2023-06-20
P1302,Raymond,Thompson,Doctor 3,2023-06-20
P1413,Jeffrey,Brown,Doctor 2,2023-06-20
P1518,Rebecca,Morris,Doctor 3,2023-06-20
P1543,Rebecca,Cooper,Doctor 2,2023-06-20
P1684,Deborah,Wood,Doctor 1,2023-06-20
P1711,Sarah,Robinson,Doctor 2,2023-06-20
P1718,Alexander,Jackson,Doctor 1,2023-06-20
P1939,Jack,Ortiz,Doctor 2,2023-06-20
P2013,Anthony,Myers,Doctor 1,2023-06-20
P2038,Gregory,Flores,Doctor 1,2023-06-20
P2210,Michelle,Torres,Doctor 1,2023-06-20
P0034,Richard,Allen,Doctor 2,2023-06-21
P0142,Brandon,Young,Doctor 3,2023-06-21
P0245,Helen,Cruz,Doctor 3,2023-06-21
P0290,Lisa,Scott,Doctor 1,2023-06-21
P0411,Kathleen,Young,Doctor 2,2023-06-21
P0439,Sandra,Roberts,Doctor 3,2023-06-21
P0492,Brian,Hernandez,Doctor 1,2023-06-21
P0681,Lisa,Sanchez,Doctor 1,2023-06-21
P0695,Dorothy,Hernandez,Doctor 2,2023-06-21
P0714,Aaron,Mendoza,Doctor 3,2023-06-21
P0726,Justin,Kelly,Doctor 2,2023-06-21
P0798,Karen,King,Doctor 2,2023-06-21
P0847,Nicholas,Martinez,Doctor 2,2023-06-21
P0849,Jonathan,Williams,Doctor 1,2023-06-21
P0881,Eric,Howard,Doctor 3,2023-06-21
P0929,David,Watson,Doctor 1,2023-06-21
P0994,Stephen,Gonzalez,Doctor 3,2023-06-21
P1043,Jacob,Myers,Doctor 2,2023-06-21
P1073,Aaron,Edwards,Doctor 2,2023-06-21
P1150,Scott,Perez,Doctor 1,2023-06-21
P1303,Angela,Ortiz,Doctor 1,2023-06-21
P1329,Justin,Gomez,Doctor 2,2023-06-21
P1331,David,Diaz,Doctor 1,2023-06-21
P1441,Kimberly,Miller,Doctor 3,2023-06-21
P1515,Thomas,Harris,Doctor 1,2023-06-21
P1662,Sharon,Nguyen,Doctor 1,2023-06-21
P1672,Angela,Roberts,Doctor 2,2023-06-21
P1691,Ryan,Gray,Doctor 3,2023-06-21
P1711,Sarah,Robinson,Doctor 3,2023-06-21
P1788,Karen,Morgan,Doctor 2,2023-06-21
P1789,Andrew,Gomez,Doctor 3,2023-06-21
P1817,Brian,Turner,Doctor 1,2023-06-21
P1821,Patricia,Torres,Doctor 1,2023-06-21
P1909,Jacob,Anderson,Doctor 3,2023-06-21
P1915,Jacob,Thomas,Doctor 1,2023-06-21
P2189,Brian,Morales,Doctor 3,2023-06-21
P2267,Frank,Allen,Doctor 1,2023-06-21
P0193,Samuel,Jones,Doctor 2,2023-06-22
P0306,Nicholas,Kelly,Doctor 1,2023-06-22
P0574,Joseph,Hughes,Doctor 2,2023-06-22
P0794,Sharon,Martinez,Doctor 2,2023-06-22
P0916,James,Ward,Doctor 3,2023-06-22
P0934,Nancy,Peterson,Doctor 1,2023-06-22
P1118,Christopher,Young,Doctor 2,2023-06-22
P1121,Jerry,Rivera,Doctor 1,2023-06-22
P1135,Jessica,Rogers,Doctor 2,2023-06-22
P1424,Helen,Diaz,Doctor 1,2023-06-22
P1528,Sarah,Carter,Doctor 2,2023-06-22
P1599,Mary,Carter,Doctor 1,2023-06-22
P1846,Joseph,Lee,Doctor 3,2023-06-22
P1872,Helen,Green,Doctor 3,2023-06-22
P1913,John,Sanders,Doctor 3,2023-06-22
P2290,Betty,Reed,Doctor 3,2023-06-22
P0003,Karen,Torres,Doctor 3,2023-06-23
P0096,Sharon,Johnson,Doctor 1,2023-06-23
P0107,Tyler,Hughes,Doctor 2,2023-06-23
P0129,Alexander,Hernandez,Doctor 1,2023-06-23
P0157,Deborah,Davis,Doctor 1,2023-06-23
P0312,Laura,Brooks,Doctor 1,2023-06-23
P0431,Jennifer,Allen,Doctor 2,2023-06-23
P0483,Robert,Campbell,Doctor 2,2023-06-23
P0502,Linda,Martinez,Doctor 3,2023-06-23
P0634,David,Adams,Doctor 2,2023-06-23
P0731,Michelle,Mendoza,Doctor 3,2023-06-23
P0990,Sandra,Wright,Doctor 1,2023-06-23
P1026,George,Kelly,Doctor 2,2023-06-23
P1028,Kevin,Lewis,Doctor 2,2023-06-23
P1107,Kimberly,Sanders,Doctor 2,2023-06-23
P1178,Emma,Sanders,Doctor 1,2023-06-23
P1264,Jessica,Cruz,Doctor 3,2023-06-23
P1270,Sharon,Davis,Doctor 3,2023-06-23
P1287,Sarah,Martinez,Doctor 2,2023-06-23
P1529,Joseph,Sanders,Doctor 1,2023-06-23
P1602,Jessica,Smith,Doctor 1,2023-06-23
P1718,Alexander,Jackson,Doctor 3,2023-06-23
P1792,Nancy,Hall,Doctor 2,2023-06-23
P1813,Samuel,Flores,Doctor 1,2023-06-23
P2028,Laura,Lee,Doctor 3,2023-06-23
P2069,Jose,Smith,Doctor 3,2023-06-23
P2123,Joshua,Wood,Doctor 2,2023-06-23
P2229,Angela,Nguyen,Doctor 3,2023-06-23
P2235,Mary,Green,Doctor 1,2023-06-23
P0098,Deborah,Perez,Doctor 3,2023-06-24
P0256,Charles,Reed,Doctor 2,2023-06-24
P0281,Anna,Cook,Doctor 2,2023-06-24
P0340,Michelle,Ortiz,Doctor 3,2023-06-24
P0410,Gary,Robinson,Doctor 1,2023-06-24
P0898,Robert,Rivera,Doctor 3,2023-06-24
P0976,Patricia,Peterson,Doctor 3,2023-06-24
P1055,Sandra,Mendoza,Doctor 1,2023-06-24
P1061,Jason,Ortiz,Doctor 3,2023-06-24
P1088,Benjamin,Smith,Doctor 2,2023-06-24
P1181,Jack,Lopez,Doctor 1,2023-06-24
P1216,Jeffrey,Allen,Doctor 1,2023-06-24
P1237,Ryan,Brooks,Doctor 3,2023-06-24
P1256,Patricia,Chavez,Doctor 2,2023-06-24
P1422,Sarah,Wright,Doctor 2,2023-06-24
P1424,Helen,Diaz,Doctor 1,2023-06-24
P1437,Edward,Howard,Doctor 2,2023-06-24
P1517,Benjamin,Roberts,Doctor 1,2023-06-24
P1548,Virginia,Torres,Doctor 2,2023-06-24
P1707,Andrew,Rivera,Doctor 1,2023-06-24
P1712,Nicholas,James,Doctor 3,2023-06-24
P1764,Richard,Ramirez,Doctor 2,2023-06-24
P1795,Robert,Gonzalez,Doctor 2,2023-06-24
P1802,Brenda,Nelson,Doctor 3,2023-06-24
P1936,Christopher,Nguyen,Doctor 3,2023-06-24
P1946,Kathleen,Carter,Doctor 1,2023-06-24
P1965,Brian,Roberts,Doctor 1,2023-06-24
P2035,James,Lee,Doctor 3,2023-06-24
P2073,Jonathan,Gray,Doctor 2,2023-06-24
P2248,Daniel,Ruiz,Doctor 3,2023-06-24
P2261,Charles,Mendoza,Doctor 2,2023-06-24
P0112,Sharon,Bennett,Doctor 2,2023-06-25
P0127,Helen,Wright,Doctor 2,2023-06-25
P0131,Jessica,Edwards,Doctor 1,2023-06-25
P0166,Carol,Perez,Doctor 2,2023-06-25
P0303,Angela,Kelly,Doctor 2,2023-06-25
P0348,Carol,Howard,Doctor 3,2023-06-25
P0383,Donna,Wright,Doctor 1,2023-06-25
P0417,Virginia,Green,Doctor 1,2023-06-25
P0453,Matthew,Scott,Doctor 1,2023-06-25
P0602,Gregory,Miller,Doctor 1,2023-06-25
P0667,Brenda,Hill,Doctor 3,2023-06-25
P0716,Helen,Williams,Doctor 3,2023-06-25
P0716,Helen,Williams,Doctor 3,2023-06-25
P0725,Nancy,Ramos,Doctor 1,2023-06-25
P0766,Thomas,Kim,Doctor 2,2023-06-25
P0775,Deborah,White,Doctor 1,2023-06-25
P0821,Eric,Reyes,Doctor 1,2023-06-25
P0933,Jack,Green,Doctor 3,2023-06-25
P1100,Kevin,James,Doctor 2,2023-06-25
P1262,William,James,Doctor 1,2023-06-25
P1347,Edward,Campbell,Doctor 1,2023-06-25
P1426,Lisa,Morgan,Doctor 3,2023-06-25
P1467,Brandon,Ortiz,Doctor 2,2023-06-25
P1584,John,Edwards,Doctor 1,2023-06-25
P1599,Mary,Carter,Doctor 1,2023-06-25
P1670,Donald,Evans,Doctor 3,2023-06-25
P1685,Brandon,Alvarez,Doctor 3,2023-06-25
P1703,Dorothy,Clark,Doctor 3,2023-06-25
P1820,Mary,Peterson,Doctor 3,2023-06-25
P1862,William,Williams,Doctor 2,2023-06-25
P1941,Stephen,Evans,Doctor 2,2023-06-25
P1969,Mary,Rivera,Doctor 2,2023-06-25
P2036,Edward,Roberts,Doctor 1,2023-06-25
P2088,Joshua,Kelly,Doctor 1,2023-06-25
P2110,Joshua,Howard,Doctor 1,2023-06-25
P2171,Stephen,Chavez,Doctor 3,2023-06-25
P0086,Steven,Green,Doctor 1,2023-06-26
P0136,Nancy,Moore,Doctor 1,2023-06-26
P0165,Charles,Hughes,Doctor 3,2023-06-26
P0173,Donald,Cox,Doctor 3,2023-06-26
P0242,Carol,Gray,Doctor 2,2023-06-26
P0280,Edward,Collins,Doctor 3,2023-06-26
P0298,Sarah,Ruiz,Doctor 3,2023-06-26
P0373,Andrew,Ward,Doctor 3,2023-06-26
P0495,Matthew,Mendoza,Doctor 1,2023-06-26
P0586,Ryan,Lee,Doctor 2,2023-06-26
P0633,Carol,Rodriguez,Doctor 1,2023-06-26
P0705,Sharon,Garcia,Doctor 3,2023-06-26
P0730,Dennis,Ward,Doctor 2,2023-06-26
P0737,Kenneth,Parker,Doctor 3,2023-06-26
P0739,Karen,Cox,Doctor 3,2023-06-26
P0753,Eric,Rogers,Doctor 2,2023-06-26
P0756,Anthony,Peterson,Doctor 1,2023-06-26
P0807,Karen,Smith,Doctor 2,2023-06-26
P0866,Mark,Bailey,Doctor 2,2023-06-26
P1053,Daniel,Miller,Doctor 3,2023-06-26
P1136,John,Carter,Doctor 2,2023-06-26
P1145,Gregory,Taylor,Doctor 1,2023-06-26
P1169,Christopher,King,Doctor 1,2023-06-26
P1288,Lisa,Nguyen,Doctor 1,2023-06-26
P1294,Shirley,Morales,Doctor 3,2023-06-26
P1317,Dorothy,Thomas,Doctor 1,2023-06-26
P1341,Brenda,Turner,Doctor 1,2023-06-26
P1362,Sandra,Lee,Doctor 2,2023-06-26
P1440,Larry,Edwards,Doctor 3,2023-06-26
P1471,Laura,Roberts,Doctor 1,2023-06-26
P1667,Deborah,Stewart,Doctor 2,2023-06-26
P1680,Michelle,Nelson,Doctor 1,2023-06-26
P1683,Rebecca,Anderson,Doctor 3,2023-06-26
P1735,Patricia,Miller,Doctor 3,2023-06-26
P1867,Ronald,Edwards,Doctor 1,2023-06-26
P1933,Kevin,Smith,Doctor 3,2023-06-26
P1960,Raymond,Gomez,Doctor 2,2023-06-26
P1974,Kimberly,Mendoza,Doctor 3,2023-06-26
P1995,Elizabeth,Cook,Doctor 2,2023-06-26
P2033,Lisa,Moore,Doctor 3,2023-06-26
P2034,Nancy,Campbell,Doctor 2,2023-06-26
P2162,Sharon,Perez,Doctor 2,2023-06-26
P2184,Jack,Evans,Doctor 1,2023-06-26
P2187,Justin,Ortiz,Doctor 3,2023-06-26
P2201,Ruth,Diaz,Doctor 1,2023-06-26
P2247,Ryan,Rogers,Doctor 2,2023-06-26
P2252,Ronald,Allen,Doctor 1,2023-06-26
P2254,Emma,Myers,Doctor 2,2023-06-26
P2255,Sharon,Richardson,Doctor 1,2023-06-26
P2255,Sharon,Richardson,Doctor 1,2023-06-26
P0201,Jeffrey,Kelly,Doctor 1,2023-06-27
P0269,Sharon,Miller,Doctor 3,2023-06-27
P0298,Sarah,Ruiz,Doctor 2,2023-06-27
P0561,Barbara,White,Doctor 1,2023-06-27
P0564,Lisa,Chavez,Doctor 3,2023-06-27
P0687,Michelle,Sanders,Doctor 3,2023-06-27
P0758,Karen,Morris,Doctor 3,2023-06-27
P0822,Ryan,Young,Doctor 2,2023-06-27
P0829,Virginia,Ramos,Doctor 3,2023-06-27
P0998,Jeffrey,Evans,Doctor 2,2023-06-27
P1152,Richard,Carter,Doctor 3,2023-06-27
P1293,Jeffrey,Edwards,Doctor 2,2023-06-27
P1346,Sandra,Diaz,Doctor 3,2023-06-27
P1514,Patrick,Taylor,Doctor 2,2023-06-27
P1552,Michelle,Gonzalez,Doctor 1,2023-06-27
P1578,Charles,Thomas,Doctor 1,2023-06-27
P1587,Nicholas,Campbell,Doctor 2,2023-06-27
P1606,Carol,Evans,Doctor 2,2023-06-27
P1621,Emma,Bailey,Doctor 2,2023-06-27
P1645,Ruth,Cooper,Doctor 2,2023-06-27
P1650,Jonathan,Evans,Doctor 2,2023-06-27
P1726,Donald,James,Doctor 2,2023-06-27
P1767,Jessica,Stewart,Doctor 2,2023-06-27
P1797,Anna,Anderson,Doctor 3,2023-06-27
P1908,Gary,Gomez,Doctor 1,2023-06-27
P2202,Dorothy,Allen,Doctor 1,2023-06-27
P2256,Ryan,Baker,Doctor 2,2023-06-27
P2264,Ruth,Richardson,Doctor 3,2023-06-27
P0044,Helen,Anderson,Doctor 2,2023-06-28
P0135,Kevin,Johnson,Doctor 2,2023-06-28
P0190,Justin,Ramos,Doctor 1,2023-06-28
P0220,Eric,Torres,Doctor 2,2023-06-28
P0246,Jack,Gonzalez,Doctor 3,2023-06-28
P0406,Sharon,Alvarez,Doctor 3,2023-06-28
P0430,Timothy,Hall,Doctor 1,2023-06-28
P0447,Nancy,Smith,Doctor 2,2023-06-28
P0655,Ruth,Thompson,Doctor 1,2023-06-28
P0785,Brandon,Ward,Doctor 2,2023-06-28
P0999,Ryan,Castillo,Doctor 1,2023-06-28
P1057,Alexander,Cook,Doctor 3,2023-06-28
P1094,Tyler,Castillo,Doctor 1,2023-06-28
P1116,Michelle,Murphy,Doctor 2,2023-06-28
P1122,Timothy,Nelson,Doctor 3,2023-06-28
P1135,Jessica,Rogers,Doctor 2,2023-06-28
P1261,Mary,Brown,Doctor 1,2023-06-28
P1363,John,Anderson,Doctor 3,2023-06-28
P1383,Patrick,Patel,Doctor 1,2023-06-28
P1416,Donna,Diaz,Doctor 2,2023-06-28
P1420,Laura,Torres,Doctor 1,2023-06-28
P1513,Jessica,Morales,Doctor 2,2023-06-28
P1585,Laura,Perez,Doctor 2,2023-06-28
P1748,Stephen,Sanders,Doctor 3,2023-06-28
P1766,Sharon,Sanders,Doctor 2,2023-06-28
P1780,Barbara,Richardson,Doctor 3,2023-06-28
P1859,Elizabeth,Myers,Doctor 3,2023-06-28
P1925,Larry,Kim,Doctor 2,2023-06-28
P2060,Jason,Davis,Doctor 2,2023-06-28
P2075,Aaron,Collins,Doctor 3,2023-06-28
P2225,George,Reed,Doctor 1,2023-06-28
P0017,Daniel,Morgan,Doctor 1,2023-06-29
P0085,Sarah,Hughes,Doctor 2,2023-06-29
P0143,Charles,Cox,Doctor 1,2023-06-29
P0218,Joshua,Collins,Doctor 3,2023-06-29
P0234,Michelle,Ruiz,Doctor 1,2023-06-29
P0276,Samuel,Davis,Doctor 2,2023-06-29
P0398,Helen,Lopez,Doctor 1,2023-06-29
P0405,Ruth,Martin,Doctor 2,2023-06-29
P0424,Timothy,Smith,Doctor 1,2023-06-29
P0549,Jason,Williams,Doctor 2,2023-06-29
P0645,Rebecca,Rodriguez,Doctor 1,2023-06-29
P0694,Dennis,Richardson,Doctor 3,2023-06-29
P0754,Brian,Adams,Doctor 3,2023-06-29
P0831,Sarah,Gonzalez,Doctor 1,2023-06-29
P0906,Jennifer,Wilson,Doctor 1,2023-06-29
P1005,Scott,Parker,Doctor 3,2023-06-29
P1021,Susan,Baker,Doctor 3,2023-06-29
P1131,Donna,Castillo,Doctor 3,2023-06-29
P1168,Edward,Wood,Doctor 2,2023-06-29
P1201,Melissa,Patel,Doctor 1,2023-06-29
P1292,Melissa,Jones,Doctor 1,2023-06-29
P1580,Donald,Carter,Doctor 1,2023-06-29
P1602,Jessica,Smith,Doctor 3,2023-06-29
P1633,Angela,Alvarez,Doctor 2,2023-06-29
P1687,Jeffrey,Ramos,Doctor 2,2023-06-29
P1879,Anna,Murphy,Doctor 2,2023-06-29
P1912,Dennis,Lopez,Doctor 3,2023-06-29
P1953,Betty,Cook,Doctor 1,2023-06-29
P2090,Sarah,Nguyen,Doctor 1,2023-06-29
P2204,Lisa,Ward,Doctor 1,2023-06-29
P2232,Dennis,Diaz,Doctor 1,2023-06-29
P0083,Jennifer,Morgan,Doctor 2,2023-06-30
P0089,Virginia,Reed,Doctor 1,2023-06-30
P0120,Lisa,Thomas,Doctor 1,2023-06-30
P0226,Joshua,Cruz,Doctor 3,2023-06-30
P0339,Andrew,Clark,Doctor 1,2023-06-30
P0468,Scott,James,Doctor 2,2023-06-30
P0591,Thomas,Mendoza,Doctor 1,2023-06-30
P0604,Mary,Hughes,Doctor 1,2023-06-30
P0734,Donald,Jones,Doctor 2,2023-06-30
P0911,Cynthia,Lee,Doctor 1,2023-06-30
P0939,Jack,Brown,Doctor 1,2023-06-30
P1098,Samuel,Lee,Doctor 2,2023-06-30
P1170,Jerry,Harris,Doctor 1,2023-06-30
P1179,Sarah,Harris,Doctor 3,2023-06-30
P1234,John,Jones,Doctor 1,2023-06-30
P1693,Angela,Reyes,Doctor 3,2023-06-30
P1741,Christopher,Hill,Doctor 2,2023-06-30
P1863,Steven,Collins,Doctor 3,2023-06-30
P1891,Christopher,White,Doctor 3,2023-06-30
P1901,Jacob,Hughes,Doctor 2,2023-06-30
P1954,Tyler,Scott,Doctor 1,2023-06-30
P1972,Kimberly,Lopez,Doctor 3,2023-06-30
P1977,Ruth,Gomez,Doctor 2,2023-06-30
P2043,Laura,Evans,Doctor 1,2023-06-30
P2055,Sharon,Allen,Doctor 2,2023-06-30
P2115,Deborah,Bennett,Doctor 1,2023-06-30
P2172,Jessica,Ramos,Doctor 1,2023-06-30
P2248,Daniel,Ruiz,Doctor 1,2023-06-30
P2302,Alexander,Morris,Doctor 3,2023-06-30
P0028,Sharon,Collins,Doctor 2,2023-07-01
P0077,Mark,Mendoza,Doctor 2,2023-07-01
P0382,Raymond,Davis,Doctor 1,2023-07-01
P0540,Carol,Scott,Doctor 1,2023-07-01
P0580,Angela,Cruz,Doctor 1,2023-07-01
P0652,Anna,Allen,Doctor 2,2023-07-01
P0716,Helen,Williams,Doctor 2,2023-07-01
P0838,Steven,Gomez,Doctor 2,2023-07-01
P0907,Benjamin,Nelson,Doctor 1,2023-07-01
P1093,Amy,Nelson,Doctor 3,2023-07-01
P1390,Tyler,Peterson,Doctor 1,2023-07-01
P1392,Dorothy,Wood,Doctor 1,2023-07-01
P1427,Emma,Morris,Doctor 1,2023-07-01
P1442,James,Wright,Doctor 2,2023-07-01
P1533,Joseph,Johnson,Doctor 1,2023-07-01
P1566,Elizabeth,Ortiz,Doctor 3,2023-07-01
P1599,Mary,Carter,Doctor 1,2023-07-01
P1617,Betty,Peterson,Doctor 3,2023-07-01
P1625,Ruth,Moore,Doctor 1,2023-07-01
P1756,Rebecca,Richardson,Doctor 2,2023-07-01
P1861,Sharon,Clark,Doctor 3,2023-07-01
P1914,Jessica,Perez,Doctor 1,2023-07-01
P1951,David,Lopez,Doctor 2,2023-07-01
P1956,Samuel,Brown,Doctor 3,2023-07-01
P1966,Frank,Johnson,Doctor 2,2023-07-01
P1998,Jerry,Garcia,Doctor 1,2023-07-01
P2023,Eric,Ramos,Doctor 2,2023-07-01
P2026,Michael,Brooks,Doctor 3,2023-07-01
P2157,Charles,Jones,Doctor 2,2023-07-01
P2191,Carol,Carter,Doctor 1,2023-07-01
P2278,Jose,Walker,Doctor 3,2023-07-01
P2285,Carol,Wright,Doctor 2,2023-07-01
P0015,Carol,Garcia,Doctor 2,2023-07-02
P0017,Daniel,Morgan,Doctor 1,2023-07-02
P0019,Sharon,Chavez,Doctor 2,2023-07-02
P0025,Jose,Baker,Doctor 2,2023-07-02
P0033,Kenneth,Brown,Doctor 2,2023-07-02
P0043,Elizabeth,Morgan,Doctor 2,2023-07-02
P0112,Sharon,Bennett,Doctor 2,2023-07-02
P0211,Patrick,Gonzalez,Doctor 2,2023-07-02
P0221,Matthew,Perez,Doctor 1,2023-07-02
P0339,Andrew,Clark,Doctor 1,2023-07-02
P0438,Amy,Robinson,Doctor 1,2023-07-02
P0609,John,Smith,Doctor 3,2023-07-02
P0666,Amy,Anderson,Doctor 3,2023-07-02
P0815,Kevin,Kelly,Doctor 1,2023-07-02
P0882,Ronald,Thomas,Doctor 3,2023-07-02
P1160,Ronald,Mitchell,Doctor 1,2023-07-02
P1194,Emma,Morales,Doctor 2,2023-07-02
P1257,Deborah,Cook,Doctor 3,2023-07-02
P1467,Brandon,Ortiz,Doctor 2,2023-07-02
P1480,Michelle,Rodriguez,Doctor 2,2023-07-02
P1525,Deborah,Ortiz,Doctor 3,2023-07-02
P1620,Barbara,Stewart,Doctor 3,2023-07-02
P1629,Scott,Hughes,Doctor 2,2023-07-02
P1674,Benjamin,Clark,Doctor 1,2023-07-02
P1737,Barbara,Morris,Doctor 2,2023-07-02
P1833,Kathleen,Rivera,Doctor 3,2023-07-02
P2008,Linda,Thompson,Doctor 3,2023-07-02
P2075,Aaron,Collins,Doctor 2,2023-07-02
P2083,Brenda,Gonzalez,Doctor 3,2023-07-02
P2091,Tyler,Hill,Doctor 2,2023-07-02
P2133,Brandon,Edwards,Doctor 2,2023-07-02
P2146,Michael,Rogers,Doctor 2,2023-07-02
P0213,Justin,Lee,Doctor 3,2023-07-03
P0349,Jack,Anderson,Doctor 1,2023-07-03
P0404,Kathleen,Cooper,Doctor 1,2023-07-03
P0453,Matthew,Scott,Doctor 1,2023-07-03
P0639,Jessica,Ramirez,Doctor 2,2023-07-03
P0749,Nicholas,Castillo,Doctor 1,2023-07-03
P0837,Sarah,Howard,Doctor 1,2023-07-03
P0874,Sharon,Thomas,Doctor 3,2023-07-03
P0881,Eric,Howard,Doctor 3,2023-07-03
P0885,Thomas,Carter,Doctor 2,2023-07-03
P0985,Jessica,Kelly,Doctor 1,2023-07-03
P1123,Dorothy,Nelson,Doctor 3,2023-07-03
P1183,Benjamin,Williams,Doctor 1,2023-07-03
P1197,Brian,Perez,Doctor 1,2023-07-03
P1198,Jeffrey,Rogers,Doctor 2,2023-07-03
P1388,Betty,Smith,Doctor 2,2023-07-03
P1447,Jack,Kim,Doctor 3,2023-07-03
P1468,Robert,Martinez,Doctor 2,2023-07-03
P1552,Michelle,Gonzalez,Doctor 1,2023-07-03
P1617,Betty,Peterson,Doctor 3,2023-07-03
P1870,Samuel,Harris,Doctor 1,2023-07-03
P1881,Patricia,Moore,Doctor 2,2023-07-03
P1926,Stephen,Wood,Doctor 1,2023-07-03
P1960,Raymond,Gomez,Doctor 2,2023-07-03
P1977,Ruth,Gomez,Doctor 2,2023-07-03
P1978,Laura,Miller,Doctor 3,2023-07-03
P1993,Charles,Morris,Doctor 2,2023-07-03
P2033,Lisa,Moore,Doctor 3,2023-07-03
P2049,Cynthia,Bennett,Doctor 3,2023-07-03
P2058,George,Richardson,Doctor 1,2023-07-03
P2061,Jessica,Martin,Doctor 3,2023-07-03
P2070,Lisa,Gomez,Doctor 2,2023-07-03
P2089,Michelle,Thomas,Doctor 3,2023-07-03
P2137,Kevin,Miller,Doctor 2,2023-07-03
P2138,Melissa,Castillo,Doctor 2,2023-07-03
P2206,William,Campbell,Doctor 3,2023-07-03
P0177,Nancy,Parker,Doctor 2,2023-07-04
P0267,Ronald,Smith,Doctor 3,2023-07-04
P0294,Patrick,Parker,Doctor 3,2023-07-04
P0386,Jose,Adams,Doctor 1,2023-07-04
P0389,Sarah,Watson,Doctor 3,2023-07-04
P0462,Helen,Rodriguez,Doctor 1,2023-07-04
P0699,Linda,Anderson,Doctor 1,2023-07-04
P0832,Alexander,Thompson,Doctor 1,2023-07-04
P0896,Mary,Ruiz,Doctor 2,2023-07-04
P0981,Deborah,Hall,Doctor 1,2023-07-04
P1134,Raymond,Taylor,Doctor 3,2023-07-04
P1174,Jessica,Martinez,Doctor 3,2023-07-04
P1221,Barbara,Carter,Doctor 2,2023-07-04
P1299,Betty,Moore,Doctor 2,2023-07-04
P1339,Joshua,King,Doctor 1,2023-07-04
P1348,Deborah,James,Doctor 3,2023-07-04
P1395,Donald,Nelson,Doctor 2,2023-07-04
P1405,Christopher,Hall,Doctor 1,2023-07-04
P1448,Jacob,Hill,Doctor 1,2023-07-04
P1457,George,Moore,Doctor 1,2023-07-04
P1461,Barbara,Reed,Doctor 1,2023-07-04
P1472,Laura,Anderson,Doctor 3,2023-07-04
P1483,Timothy,Ramos,Doctor 3,2023-07-04
P1597,Jessica,Davis,Doctor 3,2023-07-04
P1789,Andrew,Gomez,Doctor 2,2023-07-04
P1807,Angela,Bailey,Doctor 2,2023-07-04
P1816,Anthony,Castillo,Doctor 3,2023-07-04
P1837,James,Taylor,Doctor 1,2023-07-04
P1867,Ronald,Edwards,Doctor 2,2023-07-04
P1873,Donna,Taylor,Doctor 1,2023-07-04
P1994,Gregory,Brooks,Doctor 1,2023-07-04
P2029,Alexander,Wood,Doctor 2,2023-07-04
P2047,Rebecca,Wood,Doctor 1,2023-07-04
P2089,Michelle,Thomas,Doctor 2,2023-07-04
P2122,George,Ward,Doctor 3,2023-07-04
P2176,Sandra,Clark,Doctor 1,2023-07-04
P2221,Michael,Robinson,Doctor 2,2023-07-04
P0017,Daniel,Morgan,Doctor 1,2023-07-05
P0023,Jennifer,Edwards,Doctor 2,2023-07-05
P0024,Jose,Kim,Doctor 2,2023-07-05
P0029,Jason,Collins,Doctor 2,2023-07-05
P0167,Deborah,Sanchez,Doctor 2,2023-07-05
P0260,Karen,Sanchez,Doctor 3,2023-07-05
P0342,Michelle,Reed,Doctor 2,2023-07-05
P0366,Kathleen,Ramirez,Doctor 3,2023-07-05
P0488,David,Bailey,Doctor 1,2023-07-05
P0526,Matthew,Smith,Doctor 2,2023-07-05
P0681,Lisa,Sanchez,Doctor 3,2023-07-05
P0779,Timothy,Jackson,Doctor 2,2023-07-05
P0795,Timothy,Taylor,Doctor 1,2023-07-05
P0802,Jeffrey,Morgan,Doctor 1,2023-07-05
P0834,Ronald,Scott,Doctor 2,2023-07-05
P0901,Anna,Cooper,Doctor 3,2023-07-05
P0932,Helen,Castillo,Doctor 1,2023-07-05
P0953,Michelle,Alvarez,Doctor 2,2023-07-05
P0991,Stephen,Nguyen,Doctor 1,2023-07-05
P1131,Donna,Castillo,Doctor 3,2023-07-05
P1316,Jessica,Wood,Doctor 1,2023-07-05
P1318,Eric,Wilson,Doctor 3,2023-07-05
P1326,James,Bennett,Doctor 3,2023-07-05
P1336,Karen,Baker,Doctor 1,2023-07-05
P1379,Laura,Adams,Doctor 2,2023-07-05
P1456,Kathleen,Ortiz,Doctor 1,2023-07-05
P1510,Dennis,Hughes,Doctor 3,2023-07-05
P1622,David,Miller,Doctor 3,2023-07-05
P1639,Gary,Cook,Doctor 2,2023-07-05
P1671,Sandra,Sanchez,Doctor 2,2023-07-05
P1682,Matthew,Murphy,Doctor 1,2023-07-05
P1710,Rebecca,Gutierrez,Doctor 2,2023-07-05
P1963,Jennifer,Gray,Doctor 1,2023-07-05
P2097,Helen,Young,Doctor 1,2023-07-05
P2240,Charles,Patel,Doctor 1,2023-07-05
P0140,Edward,Castillo,Doctor 2,2023-07-06
P0154,Patricia,Wood,Doctor 2,2023-07-06
P0180,Nicholas,Rodriguez,Doctor 2,2023-07-06
P0236,Sarah,Rogers,Doctor 2,2023-07-06
P0286,Brian,Cook,Doctor 2,2023-07-06
P0389,Sarah,Watson,Doctor 1,2023-07-06
P0541,Sandra,Anderson,Doctor 3,2023-07-06
P0556,Larry,Lopez,Doctor 3,2023-07-06
P0578,Frank,Gutierrez,Doctor 2,2023-07-06
P0592,Frank,Wright,Doctor 2,2023-07-06
P0943,Gregory,Robinson,Doctor 2,2023-07-06
P0965,Sharon,Torres,Doctor 2,2023-07-06
P1011,Karen,Evans,Doctor 1,2023-07-06
P1132,Jason,Adams,Doctor 3,2023-07-06
P1237,Ryan,Brooks,Doctor 3,2023-07-06
P1251,Lisa,Gray,Doctor 1,2023-07-06
P1300,Michelle,Bailey,Doctor 3,2023-07-06
P1406,George,Johnson,Doctor 3,2023-07-06
P1466,Anthony,Smith,Doctor 3,2023-07-06
P1564,Laura,Taylor,Doctor 1,2023-07-06
P1565,John,Miller,Doctor 1,2023-07-06
P1580,Donald,Carter,Doctor 1,2023-07-06
P1798,Raymond,Nguyen,Doctor 3,2023-07-06
P1853,William,Wilson,Doctor 2,2023-07-06
P2043,Laura,Evans,Doctor 1,2023-07-06
P2073,Jonathan,Gray,Doctor 2,2023-07-06
P2092,Steven,Kim,Doctor 2,2023-07-06
P2143,Joseph,White,Doctor 3,2023-07-06
P2154,Patrick,Phillips,Doctor 2,2023-07-06
P2228,George,Perez,Doctor 2,2023-07-06
P0059,Christopher,Garcia,Doctor 3,2023-07-07
P0072,Kevin,Edwards,Doctor 2,2023-07-07
P0119,Edward,Edwards,Doctor 1,2023-07-07
P0140,Edward,Castillo,Doctor 2,2023-07-07
P0147,Andrew,White,Doctor 1,2023-07-07
P0170,Jessica,Lee,Doctor 2,2023-07-07
P0206,Jessica,James,Doctor 2,2023-07-07
P0225,Donna,King,Doctor 1,2023-07-07
P0283,Barbara,Brooks,Doctor 3,2023-07-07
P0306,Nicholas,Kelly,Doctor 1,2023-07-07
P0426,Timothy,Watson,Doctor 2,2023-07-07
P0645,Rebecca,Rodriguez,Doctor 1,2023-07-07
P0662,Donna,Perez,Doctor 1,2023-07-07
P0867,Anthony,Ramirez,Doctor 1,2023-07-07
P0949,David,Myers,Doctor 3,2023-07-07
P1010,George,Flores,Doctor 1,2023-07-07
P1036,Robert,Scott,Doctor 1,2023-07-07
P1190,Brandon,King,Doctor 1,2023-07-07
P1263,Eric,Cook,Doctor 1,2023-07-07
P1326,James,Bennett,Doctor 3,2023-07-07
P1415,Matthew,Cook,Doctor 2,2023-07-07
P1503,Patrick,Hall,Doctor 2,2023-07-07
P1561,Sarah,Wood,Doctor 1,2023-07-07
P1565,John,Miller,Doctor 1,2023-07-07
P1651,Samuel,Reed,Doctor 3,2023-07-07
P1833,Kathleen,Rivera,Doctor 2,2023-07-07
P1897,Mary,Gray,Doctor 1,2023-07-07
P1923,Ruth,Brooks,Doctor 1,2023-07-07
P2033,Lisa,Moore,Doctor 3,2023-07-07
P2056,Shirley,Cook,Doctor 3,2023-07-07
P2126,Benjamin,Robinson,Doctor 2,2023-07-07
P2182,Benjamin,Rogers,Doctor 3,2023-07-07
P2199,Kimberly,Hill,Doctor 1,2023-07-07
P2202,Dorothy,Allen,Doctor 1,2023-07-07
P0146,Jessica,Walker,Doctor 2,2023-07-08
P0351,Jennifer,Ward,Doctor 1,2023-07-08
P0378,Donna,Green,Doctor 2,2023-07-08
P0544,Benjamin,Ortiz,Doctor 3,2023-07-08
P0560,Jonathan,Clark,Doctor 2,2023-07-08
P0646,Frank,Phillips,Doctor 1,2023-07-08
P0834,Ronald,Scott,Doctor 2,2023-07-08
P0853,Helen,Price,Doctor 2,2023-07-08
P0858,Gregory,Castillo,Doctor 3,2023-07-08
P0936,David,Johnson,Doctor 3,2023-07-08
P0947,Robert,Kelly,Doctor 1,2023-07-08
P0994,Stephen,Gonzalez,Doctor 3,2023-07-08
P1183,Benjamin,Williams,Doctor 1,2023-07-08
P1214,Eric,Green,Doctor 2,2023-07-08
P1224,Gregory,Reed,Doctor 1,2023-07-08
P1267,Gregory,Ruiz,Doctor 2,2023-07-08
P1585,Laura,Perez,Doctor 3,2023-07-08
P1586,Richard,Lopez,Doctor 1,2023-07-08
P1685,Brandon,Alvarez,Doctor 3,2023-07-08
P1694,Tyler,Wilson,Doctor 3,2023-07-08
P1780,Barbara,Richardson,Doctor 3,2023-07-08
P1814,Kimberly,Davis,Doctor 3,2023-07-08
P1865,Nancy,Jackson,Doctor 3,2023-07-08
P1868,Deborah,Thompson,Doctor 2,2023-07-08
P1901,Jacob,Hughes,Doctor 2,2023-07-08
P1901,Jacob,Hughes,Doctor 2,2023-07-08
P2191,Carol,Carter,Doctor 2,2023-07-08
P2290,Betty,Reed,Doctor 3,2023-07-08
P0012,Karen,Phillips,Doctor 1,2023-07-09
P0023,Jennifer,Edwards,Doctor 3,2023-07-09
P0288,Carol,Rivera,Doctor 1,2023-07-09
P0398,Helen,Lopez,Doctor 1,2023-07-09
P0472,Angela,Sanchez,Doctor 3,2023-07-09
P0600,Gregory,Collins,Doctor 3,2023-07-09
P0632,Laura,Kelly,Doctor 2,2023-07-09
P0738,Joshua,Sanchez,Doctor 1,2023-07-09
P0808,Scott,Lee,Doctor 1,2023-07-09
P0930,Brian,Taylor,Doctor 2,2023-07-09
P0942,Larry,Morales,Doctor 1,2023-07-09
P0995,James,Murphy,Doctor 1,2023-07-09
P1016,Ruth,Davis,Doctor 2,2023-07-09
P1022,Jeffrey,Moore,Doctor 1,2023-07-09
P1051,Anthony,Williams,Doctor 3,2023-07-09
P1069,Joshua,Miller,Doctor 1,2023-07-09
P1110,Matthew,Cooper,Doctor 3,2023-07-09
P1118,Christopher,Young,Doctor 2,2023-07-09
P1127,Helen,Stewart,Doctor 2,2023-07-09
P1146,Shirley,King,Doctor 2,2023-07-09
P1239,Kimberly,Harris,Doctor 2,2023-07-09
P1300,Michelle,Bailey,Doctor 3,2023-07-09
P1430,Ruth,Collins,Doctor 1,2023-07-09
P1499,Karen,Ward,Doctor 2,2023-07-09
P1501,Sandra,Ramos,Doctor 3,2023-07-09
P1568,Melissa,Martin,Doctor 3,2023-07-09
P1683,Rebecca,Anderson,Doctor 3,2023-07-09
P1757,David,Wright,Doctor 1,2023-07-09
P1784,Aaron,Castillo,Doctor 3,2023-07-09
P1909,Jacob,Anderson,Doctor 3,2023-07-09
P1929,Jonathan,Garcia,Doctor 3,2023-07-09
P1979,Steven,Thomas,Doctor 1,2023-07-09
P2274,Sarah,Evans,Doctor 3,2023-07-09
P0192,Lisa,Brown,Doctor 2,2023-07-10
P0193,Samuel,Jones,Doctor 3,2023-07-10
P0195,Sharon,Morgan,Doctor 1,2023-07-10
P0304,Betty,Williams,Doctor 2,2023-07-10
P0496,Angela,Ramirez,Doctor 3,2023-07-10
P0510,Nancy,Lee,Doctor 2,2023-07-10
P0670,Jeffrey,Cox,Doctor 3,2023-07-10
P0695,Dorothy,Hernandez,Doctor 2,2023-07-10
P0760,Helen,Kim,Doctor 3,2023-07-10
P0951,Sharon,Castillo,Doctor 1,2023-07-10
P1001,Ryan,Wood,Doctor 1,2023-07-10
P1029,Emma,Morgan,Doctor 3,2023-07-10
P1306,Alexander,Lee,Doctor 2,2023-07-10
P1312,Cynthia,Reyes,Doctor 2,2023-07-10
P1412,Michelle,Gutierrez,Doctor 2,2023-07-10
P1506,Linda,Parker,Doctor 2,2023-07-10
P1690,Charles,Richardson,Doctor 1,2023-07-10
P1833,Kathleen,Rivera,Doctor 2,2023-07-10
P1841,Sarah,Sanders,Doctor 3,2023-07-10
P1988,Betty,Morris,Doctor 2,2023-07-10
P2101,Joshua,Garcia,Doctor 3,2023-07-10
P2185,Jose,Kelly,Doctor 2,2023-07-10
P2290,Betty,Reed,Doctor 1,2023-07-10
P0036,Sandra,Hill,Doctor 1,2023-07-11
P0120,Lisa,Thomas,Doctor 1,2023-07-11
P0282,Carol,Richardson,Doctor 1,2023-07-11
P0438,Amy,Robinson,Doctor 1,2023-07-11
P0504,Gregory,Ward,Doctor 1,2023-07-11
P0589,Shirley,Young,Doctor 3,2023-07-11
P0595,Deborah,Watson,Doctor 2,2023-07-11
P0640,Tyler,Murphy,Doctor 1,2023-07-11
P0702,Emma,Brooks,Doctor 3,2023-07-11
P0728,Mark,Williams,Doctor 1,2023-07-11
P0741,Laura,Campbell,Doctor 1,2023-07-11
P0806,Sarah,Morales,Doctor 1,2023-07-11
P0906,Jennifer,Wilson,Doctor 1,2023-07-11
P0976,Patricia,Peterson,Doctor 2,2023-07-11
P0982,Ryan,Jackson,Doctor 3,2023-07-11
P0986,Jack,Rogers,Doctor 2,2023-07-11
P0999,Ryan,Castillo,Doctor 1,2023-07-11
P1033,Elizabeth,Castillo,Doctor 2,2023-07-11
P1048,Gary,Rivera,Doctor 3,2023-07-11
P1062,Cynthia,Gutierrez,Doctor 2,2023-07-11
P1094,Tyler,Castillo,Doctor 1,2023-07-11
P1107,Kimberly,Sanders,Doctor 1,2023-07-11
P1225,Edward,Lewis,Doctor 2,2023-07-11
P1279,Jeffrey,Lewis,Doctor 1,2023-07-11
P1328,Robert,Kim,Doctor 2,2023-07-11
P1338,Gregory,Hernandez,Doctor 3,2023-07-11
P1366,Anna,Myers,Doctor 2,2023-07-11
P1428,Frank,Kim,Doctor 3,2023-07-11
P1477,Gary,Cruz,Doctor 2,2023-07-11
P1481,Samuel,Sanchez,Doctor 3,2023-07-11
P1547,Justin,Chavez,Doctor 2,2023-07-11
P1553,James,Rivera,Doctor 1,2023-07-11
P1570,Ruth,Ortiz,Doctor 2,2023-07-11
P1669,Sarah,Cook,Doctor 1,2023-07-11
P1675,Patrick,Lewis,Doctor 3,2023-07-11
P1689,Jose,Morris,Doctor 2,2023-07-11
P1706,Timothy,Phillips,Doctor 3,2023-07-11
P1768,Alexander,Hall,Doctor 1,2023-07-11
P1816,Anthony,Castillo,Doctor 3,2023-07-11
P1947,Amy,Roberts,Doctor 2,2023-07-11
P1975,Ruth,Gutierrez,Doctor 2,2023-07-11
P1981,Laura,Alvarez,Doctor 1,2023-07-11
P2068,Robert,Thompson,Doctor 2,2023-07-11
P2131,Laura,Myers,Doctor 3,2023-07-11
P2142,Betty,Mendoza,Doctor 1,2023-07-11
P2258,Justin,Price,Doctor 2,2023-07-11
P0023,Jennifer,Edwards,Doctor 3,2023-07-12
P0128,Sarah,King,Doctor 1,2023-07-12
P0163,Donna,Gutierrez,Doctor 1,2023-07-12
P0272,Samuel,Taylor,Doctor 3,2023-07-12
P0272,Samuel,Taylor,Doctor 3,2023-07-12
P0427,Helen,Patel,Doctor 2,2023-07-12
P0470,Sarah,Richardson,Doctor 1,2023-07-12
P0517,Donna,James,Doctor 3,2023-07-12
P0612,Larry,Price,Doctor 3,2023-07-12
P0650,Jack,Richardson,Doctor 1,2023-07-12
P0675,Barbara,Ruiz,Doctor 1,2023-07-12
P0683,Alexander,Campbell,Doctor 3,2023-07-12
P0831,Sarah,Gonzalez,Doctor 1,2023-07-12
P0850,James,Sanchez,Doctor 2,2023-07-12
P0878,Joshua,Taylor,Doctor 2,2023-07-12
P0884,Ronald,White,Doctor 1,2023-07-12
P0916,James,Ward,Doctor 3,2023-07-12
P0938,Sharon,Wilson,Doctor 2,2023-07-12
P0954,Michelle,Scott,Doctor 2,2023-07-12
P1006,David,Walker,Doctor 3,2023-07-12
P1080,Nicholas,Evans,Doctor 2,2023-07-12
P1304,Robert,Morales,Doctor 3,2023-07-12
P1314,Frank,Sanders,Doctor 1,2023-07-12
P1329,Justin,Gomez,Doctor 2,2023-07-12
P1401,Rebecca,Lewis,Doctor 3,2023-07-12
P1431,Patricia,Rivera,Doctor 1,2023-07-12
P1458,Carol,James,Doctor 2,2023-07-12
P1478,Ruth,King,Doctor 1,2023-07-12
P1503,Patrick,Hall,Doctor 2,2023-07-12
P1515,Thomas,Harris,Doctor 1,2023-07-12
P1835,Nicholas,Sanchez,Doctor 3,2023-07-12
P1993,Charles,Morris,Doctor 2,2023-07-12
P2036,Edward,Roberts,Doctor 1,2023-07-12
P2282,Matthew,Nelson,Doctor 3,2023-07-12
P2302,Alexander,Morris,Doctor 3,2023-07-12
P0053,Jessica,Brown,Doctor 2,2023-07-13
P0076,Jennifer,Baker,Doctor 2,2023-07-13
P0098,Deborah,Perez,Doctor 2,2023-07-13
P0122,Richard,Sanchez,Doctor 1,2023-07-13
P0214,Donna,Evans,Doctor 3,2023-07-13
P0220,Eric,Torres,Doctor 1,2023-07-13
P0396,Mary,Price,Doctor 1,2023-07-13
P0477,Virginia,White,Doctor 2,2023-07-13
P0513,Jerry,Hernandez,Doctor 1,2023-07-13
P0829,Virginia,Ramos,Doctor 3,2023-07-13
P0841,Jennifer,Kim,Doctor 3,2023-07-13
P0854,Scott,Sanchez,Doctor 3,2023-07-13
P0909,Matthew,Wright,Doctor 3,2023-07-13
P1096,Ryan,Mendoza,Doctor 3,2023-07-13
P1125,Benjamin,Mitchell,Doctor 3,2023-07-13
P1272,Justin,Thompson,Doctor 3,2023-07-13
P1442,James,Wright,Doctor 2,2023-07-13
P1451,Ruth,Allen,Doctor 1,2023-07-13
P1640,Jacob,Nelson,Doctor 1,2023-07-13
P1641,Laura,Richardson,Doctor 2,2023-07-13
P1654,Gregory,Morris,Doctor 2,2023-07-13
P1846,Joseph,Lee,Doctor 3,2023-07-13
P1856,Karen,Collins,Doctor 2,2023-07-13
P1905,Nicholas,Mendoza,Doctor 1,2023-07-13
P1940,Betty,Parker,Doctor 2,2023-07-13
P1940,Betty,Parker,Doctor 2,2023-07-13
P1965,Brian,Roberts,Doctor 1,2023-07-13
P1992,Stephen,Cruz,Doctor 2,2023-07-13
P2038,Gregory,Flores,Doctor 1,2023-07-13
P2265,Deborah,Ramos,Doctor 2,2023-07-13
P0001,Samuel,Torres,Doctor 1,2023-07-14
P0110,Kenneth,Hernandez,Doctor 2,2023-07-14
P0140,Edward,Castillo,Doctor 2,2023-07-14
P0309,Scott,Cruz,Doctor 1,2023-07-14
P0593,Karen,Reyes,Doctor 1,2023-07-14
P0634,David,Adams,Doctor 3,2023-07-14
P0845,Emma,Anderson,Doctor 1,2023-07-14
P0862,David,Jackson,Doctor 3,2023-07-14
P0921,Richard,Smith,Doctor 1,2023-07-14
P0941,Melissa,Gonzalez,Doctor 2,2023-07-14
P0991,Stephen,Nguyen,Doctor 1,2023-07-14
P1017,Linda,Wilson,Doctor 3,2023-07-14
P1025,Benjamin,Bailey,Doctor 3,2023-07-14
P1033,Elizabeth,Castillo,Doctor 2,2023-07-14
P1118,Christopher,Young,Doctor 2,2023-07-14
P1124,Cynthia,Thompson,Doctor 3,2023-07-14
P1138,Sharon,Brooks,Doctor 1,2023-07-14
P1322,Alexander,Peterson,Doctor 3,2023-07-14
P1410,Elizabeth,Robinson,Doctor 3,2023-07-14
P1427,Emma,Morris,Doctor 1,2023-07-14
P1467,Brandon,Ortiz,Doctor 2,2023-07-14
P1553,James,Rivera,Doctor 2,2023-07-14
P1700,Tyler,Ortiz,Doctor 3,2023-07-14
P1715,Laura,Castillo,Doctor 1,2023-07-14
P1722,John,Reed,Doctor 2,2023-07-14
P1907,Justin,Jones,Doctor 1,2023-07-14
P1913,John,Sanders,Doctor 3,2023-07-14
P2178,Andrew,Kim,Doctor 1,2023-07-14
P0075,Sandra,Peterson,Doctor 1,2023-07-15
P0081,Andrew,Morales,Doctor 2,2023-07-15
P0219,Mark,James,Doctor 2,2023-07-15
P0311,Joseph,Gomez,Doctor 1,2023-07-15
P0394,Charles,White,Doctor 2,2023-07-15
P0445,Helen,Nguyen,Doctor 1,2023-07-15
P0637,Jeffrey,Scott,Doctor 1,2023-07-15
P1144,Daniel,Scott,Doctor 2,2023-07-15
P1192,Joshua,Martin,Doctor 1,2023-07-15
P1207,Tyler,Rivera,Doctor 3,2023-07-15
P1256,Patricia,Chavez,Doctor 2,2023-07-15
P1286,Angela,Gutierrez,Doctor 2,2023-07-15
P1312,Cynthia,Reyes,Doctor 2,2023-07-15
P1332,Carol,Anderson,Doctor 1,2023-07-15
P1433,George,Scott,Doctor 3,2023-07-15
P1435,Donald,Perez,Doctor 3,2023-07-15
P1468,Robert,Martinez,Doctor 2,2023-07-15
P1605,Shirley,Ruiz,Doctor 2,2023-07-15
P1606,Carol,Evans,Doctor 3,2023-07-15
P1629,Scott,Hughes,Doctor 2,2023-07-15
P1696,Jeffrey,Taylor,Doctor 2,2023-07-15
P1748,Stephen,Sanders,Doctor 3,2023-07-15
P1887,Joshua,Wright,Doctor 1,2023-07-15
P1998,Jerry,Garcia,Doctor 1,2023-07-15
P2241,Dennis,Alvarez,Doctor 1,2023-07-15
P2267,Frank,Allen,Doctor 1,2023-07-15
P2276,Kimberly,Scott,Doctor 3,2023-07-15
P0037,Melissa,Lee,Doctor 2,2023-07-16
P0105,Amy,Ruiz,Doctor 1,2023-07-16
P0149,Gary,Richardson,Doctor 3,2023-07-16
P0168,Ruth,Taylor,Doctor 1,2023-07-16
P0257,Charles,Brown,Doctor 1,2023-07-16
P0275,Amy,Wilson,Doctor 2,2023-07-16
P0317,John,Castillo,Doctor 2,2023-07-16
P0369,Steven,Garcia,Doctor 3,2023-07-16
P0400,Justin,Carter,Doctor 1,2023-07-16
P0439,Sandra,Roberts,Doctor 3,2023-07-16
P0494,Jose,Cook,Doctor 2,2023-07-16
P0497,Thomas,Ward,Doctor 1,2023-07-16
P0504,Gregory,Ward,Doctor 1,2023-07-16
P0515,Kathleen,Alvarez,Doctor 1,2023-07-16
P0638,Jessica,Jones,Doctor 2,2023-07-16
P0800,Jack,Scott,Doctor 1,2023-07-16
P0802,Jeffrey,Morgan,Doctor 1,2023-07-16
P0821,Eric,Reyes,Doctor 3,2023-07-16
P0836,Timothy,Morgan,Doctor 2,2023-07-16
P0839,Sharon,Ramirez,Doctor 3,2023-07-16
P0940,Mary,Patel,Doctor 1,2023-07-16
P0960,Virginia,Allen,Doctor 2,2023-07-16
P0964,Jack,Patel,Doctor 3,2023-07-16
P1003,Brandon,Green,Doctor 2,2023-07-16
P1031,Anthony,Morales,Doctor 1,2023-07-16
P1068,Michelle,Turner,Doctor 1,2023-07-16
P1110,Matthew,Cooper,Doctor 3,2023-07-16
P1232,Rebecca,Gomez,Doctor 2,2023-07-16
P1306,Alexander,Lee,Doctor 1,2023-07-16
P1313,Gary,Peterson,Doctor 2,2023-07-16
P1338,Gregory,Hernandez,Doctor 3,2023-07-16
P1370,Aaron,Campbell,Doctor 1,2023-07-16
P1426,Lisa,Morgan,Doctor 3,2023-07-16
P1473,David,Peterson,Doctor 1,2023-07-16
P1487,Timothy,Brown,Doctor 2,2023-07-16
P1812,Deborah,Cruz,Doctor 2,2023-07-16
P1923,Ruth,Brooks,Doctor 2,2023-07-16
P1973,Andrew,Moore,Doctor 3,2023-07-16
P2029,Alexander,Wood,Doctor 1,2023-07-16
P2036,Edward,Roberts,Doctor 1,2023-07-16
P2140,Emma,Wright,Doctor 1,2023-07-16
P2164,Dennis,Adams,Doctor 1,2023-07-16
P0096,Sharon,Johnson,Doctor 1,2023-07-17
P0222,Ruth,Rodriguez,Doctor 2,2023-07-17
P0299,Jonathan,Reed,Doctor 1,2023-07-17
P0301,Sharon,Hill,Doctor 2,2023-07-17
P0379,James,Sanders,Doctor 1,2023-07-17
P0402,Sandra,Ramirez,Doctor 1,2023-07-17
P0441,Susan,Evans,Doctor 2,2023-07-17
P0506,Joshua,Brooks,Doctor 1,2023-07-17
P0551,Betty,Hernandez,Doctor 2,2023-07-17
P0692,Steven,Hernandez,Doctor 1,2023-07-17
P0724,James,Lopez,Doctor 1,2023-07-17
P0769,Sharon,Lewis,Doctor 1,2023-07-17
P0814,Stephen,Taylor,Doctor 3,2023-07-17
P1402,Sarah,Martin,Doctor 3,2023-07-17
P1499,Karen,Ward,Doctor 3,2023-07-17
P1586,Richard,Lopez,Doctor 3,2023-07-17
P1633,Angela,Alvarez,Doctor 2,2023-07-17
P1654,Gregory,Morris,Doctor 2,2023-07-17
P1673,James,Gomez,Doctor 3,2023-07-17
P1696,Jeffrey,Taylor,Doctor 2,2023-07-17
P1719,Brian,Lopez,Doctor 2,2023-07-17
P1747,Brenda,Gomez,Doctor 2,2023-07-17
P1794,James,Phillips,Doctor 2,2023-07-17
P1893,Elizabeth,Ruiz,Doctor 2,2023-07-17
P1945,Donna,Harris,Doctor 1,2023-07-17
P1962,Helen,Sanders,Doctor 1,2023-07-17
P2291,Elizabeth,Taylor,Doctor 1,2023-07-17
P0013,Raymond,Campbell,Doctor 2,2023-07-18
P0280,Edward,Collins,Doctor 3,2023-07-18
P0295,Jeffrey,Lopez,Doctor 1,2023-07-18
P0407,Kathleen,Bennett,Doctor 1,2023-07-18
P0460,Virginia,Collins,Doctor 3,2023-07-18
P0511,William,Johnson,Doctor 3,2023-07-18
P0555,Jessica,Scott,Doctor 3,2023-07-18
P0636,Anna,Clark,Doctor 1,2023-07-18
P0742,Tyler,Nguyen,Doctor 1,2023-07-18
P0745,Michael,Parker,Doctor 2,2023-07-18
P0887,Lisa,Garcia,Doctor 3,2023-07-18
P0967,Sarah,Moore,Doctor 1,2023-07-18
P1025,Benjamin,Bailey,Doctor 3,2023-07-18
P1052,Helen,Collins,Doctor 1,2023-07-18
P1156,David,Phillips,Doctor 1,2023-07-18
P1245,Jerry,White,Doctor 1,2023-07-18
P1275,Virginia,Jackson,Doctor 2,2023-07-18
P1415,Matthew,Cook,Doctor 2,2023-07-18
P1468,Robert,Martinez,Doctor 2,2023-07-18
P1593,Nicholas,Morgan,Doctor 2,2023-07-18
P1696,Jeffrey,Taylor,Doctor 2,2023-07-18
P1758,Jonathan,Ortiz,Doctor 1,2023-07-18
P1897,Mary,Gray,Doctor 2,2023-07-18
P1938,Brian,Parker,Doctor 2,2023-07-18
P1980,Frank,Rogers,Doctor 3,2023-07-18
P2101,Joshua,Garcia,Doctor 3,2023-07-18
P2139,Barbara,Green,Doctor 2,2023-07-18
P2151,Deborah,Adams,Doctor 3,2023-07-18
P2163,Susan,Cox,Doctor 1,2023-07-18
P2187,Justin,Ortiz,Doctor 3,2023-07-18
P0288,Carol,Rivera,Doctor 1,2023-07-19
P0386,Jose,Adams,Doctor 1,2023-07-19
P0401,Jason,Edwards,Doctor 3,2023-07-19
P0416,Jeffrey,Castillo,Doctor 1,2023-07-19
P0468,Scott,James,Doctor 1,2023-07-19
P0483,Robert,Campbell,Doctor 2,2023-07-19
P0546,William,Anderson,Doctor 2,2023-07-19
P0567,Jennifer,Johnson,Doctor 2,2023-07-19
P0725,Nancy,Ramos,Doctor 1,2023-07-19
P0839,Sharon,Ramirez,Doctor 3,2023-07-19
P0876,Virginia,Smith,Doctor 2,2023-07-19
P0932,Helen,Castillo,Doctor 1,2023-07-19
P0998,Jeffrey,Evans,Doctor 2,2023-07-19
P1149,Aaron,Cox,Doctor 2,2023-07-19
P1225,Edward,Lewis,Doctor 2,2023-07-19
P1319,Edward,Wilson,Doctor 2,2023-07-19
P1352,Melissa,Miller,Doctor 1,2023-07-19
P1390,Tyler,Peterson,Doctor 2,2023-07-19
P1788,Karen,Morgan,Doctor 3,2023-07-19
P1819,John,Clark,Doctor 3,2023-07-19
P2090,Sarah,Nguyen,Doctor 1,2023-07-19
P2095,Benjamin,Martinez,Doctor 3,2023-07-19
P2123,Joshua,Wood,Doctor 2,2023-07-19
P2184,Jack,Evans,Doctor 1,2023-07-19
P2189,Brian,Morales,Doctor 3,2023-07-19
P2237,Jacob,Lee,Doctor 3,2023-07-19
P0043,Elizabeth,Morgan,Doctor 2,2023-07-20
P0059,Christopher,Garcia,Doctor 3,2023-07-20
P0178,Anthony,Jackson,Doctor 3,2023-07-20
P0183,Carol,Phillips,Doctor 1,2023-07-20
P0271,Mary,Gonzalez,Doctor 3,2023-07-20
P0348,Carol,Howard,Doctor 1,2023-07-20
P0545,Linda,Ortiz,Doctor 2,2023-07-20
P0804,David,Davis,Doctor 3,2023-07-20
P0806,Sarah,Morales,Doctor 1,2023-07-20
P0813,John,Wright,Doctor 3,2023-07-20
P0855,Jose,Torres,Doctor 3,2023-07-20
P0855,Jose,Torres,Doctor 3,2023-07-20
P0857,Stephen,Phillips,Doctor 2,2023-07-20
P0935,Andrew,Ortiz,Doctor 3,2023-07-20
P0986,Jack,Rogers,Doctor 3,2023-07-20
P1000,James,Lewis,Doctor 3,2023-07-20
P1115,Virginia,Mendoza,Doctor 3,2023-07-20
P1119,Jerry,Parker,Doctor 3,2023-07-20
P1169,Christopher,King,Doctor 1,2023-07-20
P1274,Rebecca,Price,Doctor 2,2023-07-20
P1338,Gregory,Hernandez,Doctor 3,2023-07-20
P1387,Lisa,Ramos,Doctor 2,2023-07-20
P1417,Anthony,Ortiz,Doctor 2,2023-07-20
P1501,Sandra,Ramos,Doctor 1,2023-07-20
P1605,Shirley,Ruiz,Doctor 3,2023-07-20
P1704,Jason,Wilson,Doctor 3,2023-07-20
P1717,Edward,White,Doctor 3,2023-07-20
P1762,Alexander,Gray,Doctor 1,2023-07-20
P1803,Sandra,Wood,Doctor 1,2023-07-20
P1855,Mary,Gomez,Doctor 1,2023-07-20
P1953,Betty,Cook,Doctor 2,2023-07-20
P1973,Andrew,Moore,Doctor 1,2023-07-20
P1983,Jonathan,Ramirez,Doctor 3,2023-07-20
P2050,Stephen,Thompson,Doctor 2,2023-07-20
P2115,Deborah,Bennett,Doctor 1,2023-07-20
P2144,Gregory,Johnson,Doctor 1,2023-07-20
P2154,Patrick,Phillips,Doctor 3,2023-07-20
P2215,Linda,Davis,Doctor 2,2023-07-20
P2247,Ryan,Rogers,Doctor 2,2023-07-20
P0130,Richard,Campbell,Doctor 3,2023-07-21
P0231,Ryan,Chavez,Doctor 2,2023-07-21
P0273,Laura,Martin,Doctor 2,2023-07-21
P0423,Mary,Cox,Doctor 2,2023-07-21
P0464,Patrick,Harris,Doctor 2,2023-07-21
P0594,Betty,Torres,Doctor 2,2023-07-21
P0791,Melissa,Baker,Doctor 2,2023-07-21
P0960,Virginia,Allen,Doctor 2,2023-07-21
P0990,Sandra,Wright,Doctor 3,2023-07-21
P1177,Robert,Harris,Doctor 3,2023-07-21
P1199,Dorothy,Lewis,Doctor 2,2023-07-21
P1273,Donna,Scott,Doctor 2,2023-07-21
P1273,Donna,Scott,Doctor 2,2023-07-21
P1289,Laura,Walker,Doctor 1,2023-07-21
P1298,Daniel,Rivera,Doctor 2,2023-07-21
P1365,Mark,Collins,Doctor 1,2023-07-21
P1368,Cynthia,Morales,Doctor 1,2023-07-21
P1370,Aaron,Campbell,Doctor 1,2023-07-21
P1393,Anthony,Rodriguez,Doctor 3,2023-07-21
P1419,Patricia,Turner,Doctor 2,2023-07-21
P1426,Lisa,Morgan,Doctor 3,2023-07-21
P1578,Charles,Thomas,Doctor 1,2023-07-21
P1669,Sarah,Cook,Doctor 1,2023-07-21
P1730,Samuel,Chavez,Doctor 1,2023-07-21
P1739,James,Campbell,Doctor 2,2023-07-21
P1776,Angela,Turner,Doctor 2,2023-07-21
P1892,Jeffrey,Parker,Doctor 2,2023-07-21
P2009,Emma,Allen,Doctor 1,2023-07-21
P2010,Patrick,Lopez,Doctor 2,2023-07-21
P2020,Angela,Reed,Doctor 1,2023-07-21
P2044,Betty,Allen,Doctor 3,2023-07-21
P2055,Sharon,Allen,Doctor 2,2023-07-21
P2070,Lisa,Gomez,Doctor 3,2023-07-21
P2107,Scott,Roberts,Doctor 1,2023-07-21
P2157,Charles,Jones,Doctor 1,2023-07-21
P2162,Sharon,Perez,Doctor 3,2023-07-21
P2162,Sharon,Perez,Doctor 3,2023-07-21
P0028,Sharon,Collins,Doctor 2,2023-07-22
P0062,Jonathan,Howard,Doctor 2,2023-07-22
P0117,Sandra,Wilson,Doctor 1,2023-07-22
P0144,Deborah,Thomas,Doctor 1,2023-07-22
P0252,Kathleen,James,Doctor 1,2023-07-22
P0303,Angela,Kelly,Doctor 1,2023-07-22
P0342,Michelle,Reed,Doctor 2,2023-07-22
P0392,Samuel,Bailey,Doctor 2,2023-07-22
P0430,Timothy,Hall,Doctor 1,2023-07-22
P0433,Shirley,Wood,Doctor 2,2023-07-22
P0475,Timothy,Allen,Doctor 1,2023-07-22
P0517,Donna,James,Doctor 3,2023-07-22
P0779,Timothy,Jackson,Doctor 2,2023-07-22
P0799,Charles,Smith,Doctor 3,2023-07-22
P0844,Michelle,Garcia,Doctor 3,2023-07-22
P0916,James,Ward,Doctor 3,2023-07-22
P0991,Stephen,Nguyen,Doctor 1,2023-07-22
P1071,Nancy,Wood,Doctor 1,2023-07-22
P1255,Kevin,Baker,Doctor 2,2023-07-22
P1357,Edward,Morgan,Doctor 2,2023-07-22
P1459,Deborah,Murphy,Doctor 3,2023-07-22
P1627,Matthew,Nguyen,Doctor 2,2023-07-22
P1662,Sharon,Nguyen,Doctor 2,2023-07-22
P1792,Nancy,Hall,Doctor 1,2023-07-22
P2009,Emma,Allen,Doctor 1,2023-07-22
P2198,Sarah,Mendoza,Doctor 2,2023-07-22
P2224,Richard,Wright,Doctor 2,2023-07-22
P2225,George,Reed,Doctor 3,2023-07-22
P0022,Ronald,Myers,Doctor 3,2023-07-23
P0049,Steven,Carter,Doctor 2,2023-07-23
P0094,Shirley,Morgan,Doctor 2,2023-07-23
P0150,Jonathan,Baker,Doctor 2,2023-07-23
P0247,Matthew,Ward,Doctor 1,2023-07-23
P0283,Barbara,Brooks,Doctor 3,2023-07-23
P0388,Gregory,Howard,Doctor 3,2023-07-23
P0525,Ryan,Wright,Doctor 1,2023-07-23
P0566,Shirley,Torres,Doctor 1,2023-07-23
P0611,Matthew,Alvarez,Doctor 3,2023-07-23
P0623,Lisa,Hughes,Doctor 1,2023-07-23
P0652,Anna,Allen,Doctor 2,2023-07-23
P0679,Eric,Mitchell,Doctor 2,2023-07-23
P0779,Timothy,Jackson,Doctor 3,2023-07-23
P0784,Sandra,James,Doctor 3,2023-07-23
P0942,Larry,Morales,Doctor 1,2023-07-23
P1228,Lisa,Jones,Doctor 1,2023-07-23
P1248,Jack,Sanders,Doctor 3,2023-07-23
P1252,Nancy,Torres,Doctor 2,2023-07-23
P1328,Robert,Kim,Doctor 2,2023-07-23
P1415,Matthew,Cook,Doctor 1,2023-07-23
P1505,Jonathan,James,Doctor 3,2023-07-23
P1536,Deborah,Allen,Doctor 3,2023-07-23
P1745,Sarah,Wilson,Doctor 3,2023-07-23
P1859,Elizabeth,Myers,Doctor 3,2023-07-23
P1863,Steven,Collins,Doctor 3,2023-07-23
P2068,Robert,Thompson,Doctor 1,2023-07-23
P2081,Donna,Morgan,Doctor 3,2023-07-23
P2153,Carol,Johnson,Doctor 2,2023-07-23
P2267,Frank,Allen,Doctor 1,2023-07-23
P2303,Tyler,Rodriguez,Doctor 2,2023-07-23
P0101,Linda,Perez,Doctor 1,2023-07-24
P0216,Benjamin,Wilson,Doctor 1,2023-07-24
P0307,Raymond,Gutierrez,Doctor 2,2023-07-24
P0379,James,Sanders,Doctor 1,2023-07-24
P0462,Helen,Rodriguez,Doctor 2,2023-07-24
P0476,Helen,Davis,Doctor 2,2023-07-24
P0539,Deborah,Peterson,Doctor 2,2023-07-24
P0720,Stephen,Myers,Doctor 3,2023-07-24
P0729,Stephen,King,Doctor 1,2023-07-24
P0773,Deborah,Bailey,Doctor 3,2023-07-24
P0814,Stephen,Taylor,Doctor 3,2023-07-24
P0844,Michelle,Garcia,Doctor 3,2023-07-24
P0962,Barbara,Jackson,Doctor 3,2023-07-24
P0965,Sharon,Torres,Doctor 2,2023-07-24
P0969,Jack,Mitchell,Doctor 2,2023-07-24
P0981,Deborah,Hall,Doctor 2,2023-07-24
P1096,Ryan,Mendoza,Doctor 3,2023-07-24
P1103,Lisa,Morales,Doctor 2,2023-07-24
P1177,Robert,Harris,Doctor 3,2023-07-24
P1322,Alexander,Peterson,Doctor 3,2023-07-24
P1324,Susan,Mitchell,Doctor 2,2023-07-24
P1436,Richard,Hall,Doctor 2,2023-07-24
P1506,Linda,Parker,Doctor 2,2023-07-24
P1510,Dennis,Hughes,Doctor 3,2023-07-24
P1538,Steven,Johnson,Doctor 2,2023-07-24
P1622,David,Miller,Doctor 3,2023-07-24
P1744,Jerry,Walker,Doctor 1,2023-07-24
P1796,Gary,Hall,Doctor 3,2023-07-24
P1834,Gary,Thompson,Doctor 1,2023-07-24
P1840,David,Cox,Doctor 3,2023-07-24
P1851,Dorothy,Garcia,Doctor 3,2023-07-24
P2048,Thomas,Turner,Doctor 1,2023-07-24
P2272,George,Morales,Doctor 3,2023-07-24
P0116,Nancy,Williams,Doctor 2,2023-07-25
P0384,Kevin,Ward,Doctor 2,2023-07-25
P0409,George,Wilson,Doctor 3,2023-07-25
P0564,Lisa,Chavez,Doctor 3,2023-07-25
P0575,Laura,Cruz,Doctor 1,2023-07-25
P0627,Linda,Morales,Doctor 3,2023-07-25
P0750,Edward,Morris,Doctor 2,2023-07-25
P0821,Eric,Reyes,Doctor 3,2023-07-25
P0843,Angela,Jackson,Doctor 2,2023-07-25
P0947,Robert,Kelly,Doctor 1,2023-07-25
P0990,Sandra,Wright,Doctor 3,2023-07-25
P1069,Joshua,Miller,Doctor 1,2023-07-25
P1147,Samuel,Rivera,Doctor 1,2023-07-25
P1168,Edward,Wood,Doctor 2,2023-07-25
P1173,Angela,Mendoza,Doctor 2,2023-07-25
P1238,Sharon,Cook,Doctor 2,2023-07-25
P1322,Alexander,Peterson,Doctor 3,2023-07-25
P1351,Jennifer,Hill,Doctor 3,2023-07-25
P1608,Linda,Clark,Doctor 2,2023-07-25
P1651,Samuel,Reed,Doctor 3,2023-07-25
P1706,Timothy,Phillips,Doctor 3,2023-07-25
P1733,Joseph,Taylor,Doctor 1,2023-07-25
P1982,Rebecca,Thomas,Doctor 1,2023-07-25
P2048,Thomas,Turner,Doctor 1,2023-07-25
P2171,Stephen,Chavez,Doctor 3,2023-07-25
P2224,Richard,Wright,Doctor 2,2023-07-25
P2298,William,Carter,Doctor 3,2023-07-25
P0062,Jonathan,Howard,Doctor 2,2023-07-26
P0102,Tyler,Chavez,Doctor 1,2023-07-26
P0119,Edward,Edwards,Doctor 3,2023-07-26
P0207,Mary,Mitchell,Doctor 2,2023-07-26
P0272,Samuel,Taylor,Doctor 3,2023-07-26
P0591,Thomas,Mendoza,Doctor 2,2023-07-26
P0608,Jessica,Thomas,Doctor 2,2023-07-26
P0616,Alexander,Thomas,Doctor 3,2023-07-26
P0645,Rebecca,Rodriguez,Doctor 1,2023-07-26
P0689,Virginia,Mitchell,Doctor 3,2023-07-26
P0735,Patricia,Morris,Doctor 2,2023-07-26
P0745,Michael,Parker,Doctor 2,2023-07-26
P0804,David,Davis,Doctor 3,2023-07-26
P0806,Sarah,Morales,Doctor 1,2023-07-26
P0852,Justin,Hughes,Doctor 3,2023-07-26
P0859,Cynthia,Sanchez,Doctor 1,2023-07-26
P0955,Susan,Walker,Doctor 1,2023-07-26
P0958,Joshua,Cook,Doctor 1,2023-07-26
P1139,George,Turner,Doctor 3,2023-07-26
P1162,Cynthia,Gonzalez,Doctor 3,2023-07-26
P1350,Laura,Parker,Doctor 3,2023-07-26
P1435,Donald,Perez,Doctor 3,2023-07-26
P1443,Jason,Reed,Doctor 2,2023-07-26
P1676,Carol,Kim,Doctor 2,2023-07-26
P1699,Ruth,Sanchez,Doctor 1,2023-07-26
P1744,Jerry,Walker,Doctor 1,2023-07-26
P1771,Jacob,Allen,Doctor 3,2023-07-26
P1773,Virginia,Rogers,Doctor 1,2023-07-26
P1836,Joshua,Brown,Doctor 2,2023-07-26
P1961,Larry,Richardson,Doctor 3,2023-07-26
P2031,Richard,Harris,Doctor 3,2023-07-26
P2150,Karen,Reed,Doctor 3,2023-07-26
P2235,Mary,Green,Doctor 3,2023-07-26
P2273,Patrick,King,Doctor 1,2023-07-26
P0392,Samuel,Bailey,Doctor 2,2023-07-27
P0393,Brian,Alvarez,Doctor 3,2023-07-27
P0475,Timothy,Allen,Doctor 3,2023-07-27
P0637,Jeffrey,Scott,Doctor 3,2023-07-27
P0880,Jose,Bailey,Doctor 3,2023-07-27
P0900,Jessica,Castillo,Doctor 2,2023-07-27
P1089,Aaron,Bailey,Doctor 2,2023-07-27
P1090,Susan,Scott,Doctor 1,2023-07-27
P1254,Cynthia,Diaz,Doctor 1,2023-07-27
P1342,Samuel,Morales,Doctor 2,2023-07-27
P1371,William,Torres,Doctor 2,2023-07-27
P1476,Betty,Myers,Doctor 2,2023-07-27
P1518,Rebecca,Morris,Doctor 3,2023-07-27
P1570,Ruth,Ortiz,Doctor 2,2023-07-27
P1578,Charles,Thomas,Doctor 1,2023-07-27
P1601,Ryan,Richardson,Doctor 1,2023-07-27
P1608,Linda,Clark,Doctor 1,2023-07-27
P1840,David,Cox,Doctor 3,2023-07-27
P1846,Joseph,Lee,Doctor 3,2023-07-27
P1902,Jacob,Ramirez,Doctor 2,2023-07-27
P1917,Jeffrey,King,Doctor 3,2023-07-27
P2115,Deborah,Bennett,Doctor 2,2023-07-27
P2158,Eric,Ramirez,Doctor 1,2023-07-27
P2159,Nancy,Wright,Doctor 1,2023-07-27
P2162,Sharon,Perez,Doctor 3,2023-07-27
P0069,Sarah,Roberts,Doctor 3,2023-07-28
P0136,Nancy,Moore,Doctor 1,2023-07-28
P0256,Charles,Reed,Doctor 3,2023-07-28
P0353,Sandra,Bailey,Doctor 1,2023-07-28
P0444,Thomas,James,Doctor 1,2023-07-28
P0611,Matthew,Alvarez,Doctor 3,2023-07-28
P0732,Timothy,King,Doctor 1,2023-07-28
P0957,Jack,Brooks,Doctor 3,2023-07-28
P1052,Helen,Collins,Doctor 1,2023-07-28
P1174,Jessica,Martinez,Doctor 3,2023-07-28
P1261,Mary,Brown,Doctor 3,2023-07-28
P1276,James,Adams,Doctor 2,2023-07-28
P1566,Elizabeth,Ortiz,Doctor 2,2023-07-28
P1698,Kimberly,Taylor,Doctor 3,2023-07-28
P1911,Nancy,Brown,Doctor 2,2023-07-28
P2031,Richard,Harris,Doctor 3,2023-07-28
P2053,Kimberly,Cook,Doctor 1,2023-07-28
P2140,Emma,Wright,Doctor 1,2023-07-28
P2176,Sandra,Clark,Doctor 1,2023-07-28
P2241,Dennis,Alvarez,Doctor 1,2023-07-28
P0147,Andrew,White,Doctor 1,2023-07-29
P0224,Ronald,Morris,Doctor 3,2023-07-29
P0234,Michelle,Ruiz,Doctor 1,2023-07-29
P0243,Laura,Robinson,Doctor 2,2023-07-29
P0491,Patricia,Ward,Doctor 1,2023-07-29
P0525,Ryan,Wright,Doctor 3,2023-07-29
P0551,Betty,Hernandez,Doctor 2,2023-07-29
P0553,Jessica,Campbell,Doctor 3,2023-07-29
P0630,Brandon,Anderson,Doctor 3,2023-07-29
P0723,Jason,Gray,Doctor 1,2023-07-29
P0754,Brian,Adams,Doctor 1,2023-07-29
P0809,Steven,Gonzalez,Doctor 3,2023-07-29
P0815,Kevin,Kelly,Doctor 1,2023-07-29
P0997,Jacob,Turner,Doctor 2,2023-07-29
P1010,George,Flores,Doctor 1,2023-07-29
P1015,Edward,Parker,Doctor 2,2023-07-29
P1130,Tyler,Green,Doctor 2,2023-07-29
P1146,Shirley,King,Doctor 2,2023-07-29
P1209,Stephen,Reed,Doctor 1,2023-07-29
P1231,Jose,King,Doctor 1,2023-07-29
P1239,Kimberly,Harris,Doctor 2,2023-07-29
P1278,Gregory,Sanders,Doctor 1,2023-07-29
P1394,Alexander,Wilson,Doctor 2,2023-07-29
P1631,Edward,Walker,Doctor 3,2023-07-29
P1704,Jason,Wilson,Doctor 3,2023-07-29
P1769,Jason,Moore,Doctor 2,2023-07-29
P1770,Ronald,Roberts,Doctor 2,2023-07-29
P1832,Mary,Miller,Doctor 1,2023-07-29
P1944,Jennifer,Reed,Doctor 1,2023-07-29
P1971,Richard,Moore,Doctor 2,2023-07-29
P2244,Michelle,Howard,Doctor 1,2023-07-29
P0055,Carol,Mitchell,Doctor 3,2023-07-30
P0146,Jessica,Walker,Doctor 3,2023-07-30
P0174,Mark,Allen,Doctor 2,2023-07-30
P0199,Betty,Richardson,Doctor 2,2023-07-30
P0205,Lisa,Hernandez,Doctor 3,2023-07-30
P0214,Donna,Evans,Doctor 1,2023-07-30
P0270,Melissa,King,Doctor 1,2023-07-30
P0364,Virginia,Kelly,Doctor 3,2023-07-30
P0461,Daniel,Murphy,Doctor 3,2023-07-30
P0466,Andrew,Davis,Doctor 3,2023-07-30
P0931,Joseph,Mendoza,Doctor 2,2023-07-30
P1366,Anna,Myers,Doctor 3,2023-07-30
P1537,Jeffrey,Gonzalez,Doctor 1,2023-07-30
P1755,Andrew,Taylor,Doctor 2,2023-07-30
P1827,Laura,James,Doctor 1,2023-07-30
P1842,Larry,Garcia,Doctor 2,2023-07-30
P1842,Larry,Garcia,Doctor 2,2023-07-30
P1843,Dorothy,Baker,Doctor 1,2023-07-30
P1904,Nancy,King,Doctor 2,2023-07-30
P1938,Brian,Parker,Doctor 2,2023-07-30
P1959,Kimberly,Lewis,Doctor 2,2023-07-30
P2071,Rebecca,Ortiz,Doctor 1,2023-07-30
P2079,Matthew,Bennett,Doctor 3,2023-07-30
P2159,Nancy,Wright,Doctor 2,2023-07-30
P0054,Laura,Peterson,Doctor 2,2023-07-31
P0069,Sarah,Roberts,Doctor 2,2023-07-31
P0105,Amy,Ruiz,Doctor 1,2023-07-31
P0160,Laura,King,Doctor 1,2023-07-31
P0209,John,Scott,Doctor 3,2023-07-31
P0395,Raymond,King,Doctor 2,2023-07-31
P0398,Helen,Lopez,Doctor 1,2023-07-31
P0403,Sharon,Thompson,Doctor 1,2023-07-31
P0437,Sharon,Ramos,Doctor 2,2023-07-31
P0448,Thomas,Lopez,Doctor 3,2023-07-31
P0452,Justin,Rivera,Doctor 1,2023-07-31
P0456,Amy,Hill,Doctor 1,2023-07-31
P0553,Jessica,Campbell,Doctor 2,2023-07-31
P0607,Carol,Reed,Doctor 2,2023-07-31
P0607,Carol,Reed,Doctor 3,2023-07-31
P0619,Joseph,Robinson,Doctor 3,2023-07-31
P0691,Timothy,Parker,Doctor 2,2023-07-31
P0875,Jonathan,Cruz,Doctor 3,2023-07-31
P0907,Benjamin,Nelson,Doctor 1,2023-07-31
P0973,Elizabeth,Moore,Doctor 3,2023-07-31
P1044,Eric,Taylor,Doctor 1,2023-07-31
P1071,Nancy,Wood,Doctor 1,2023-07-31
P1112,Charles,Lewis,Doctor 3,2023-07-31
P1136,John,Carter,Doctor 3,2023-07-31
P1152,Richard,Carter,Doctor 1,2023-07-31
P1332,Carol,Anderson,Doctor 1,2023-07-31
P1547,Justin,Chavez,Doctor 2,2023-07-31
P1681,Dennis,Gray,Doctor 1,2023-07-31
P1715,Laura,Castillo,Doctor 1,2023-07-31
P1731,Ruth,Mendoza,Doctor 2,2023-07-31
P1786,Joshua,Torres,Doctor 3,2023-07-31
P1794,James,Phillips,Doctor 1,2023-07-31
P1849,Brenda,Sanders,Doctor 1,2023-07-31
P1865,Nancy,Jackson,Doctor 3,2023-07-31
P1934,Patrick,Green,Doctor 3,2023-07-31
P1983,Jonathan,Ramirez,Doctor 2,2023-07-31
P2020,Angela,Reed,Doctor 1,2023-07-31
P2057,Amy,Watson,Doctor 2,2023-07-31
P2116,Carol,Kelly,Doctor 1,2023-07-31
P2161,Christopher,Mitchell,Doctor 2,2023-07-31
P2253,Kevin,Nelson,Doctor 2,2023-07-31
P0009,Melissa,Parker,Doctor 1,2023-08-01
P0083,Jennifer,Morgan,Doctor 2,2023-08-01
P0132,Cynthia,Martinez,Doctor 1,2023-08-01
P0317,John,Castillo,Doctor 1,2023-08-01
P0348,Carol,Howard,Doctor 3,2023-08-01
P0361,Ruth,Young,Doctor 1,2023-08-01
P0402,Sandra,Ramirez,Doctor 1,2023-08-01
P0548,Larry,Ruiz,Doctor 1,2023-08-01
P0570,Larry,Ramos,Doctor 1,2023-08-01
P0571,Cynthia,Ruiz,Doctor 2,2023-08-01
P0761,Barbara,Adams,Doctor 3,2023-08-01
P0999,Ryan,Castillo,Doctor 1,2023-08-01
P1202,Betty,Patel,Doctor 3,2023-08-01
P1277,Kenneth,Gomez,Doctor 3,2023-08-01
P1285,Matthew,Chavez,Doctor 3,2023-08-01
P1357,Edward,Morgan,Doctor 3,2023-08-01
P1359,Emma,Howard,Doctor 3,2023-08-01
P1447,Jack,Kim,Doctor 3,2023-08-01
P1507,Andrew,Richardson,Doctor 2,2023-08-01
P1759,Helen,Peterson,Doctor 2,2023-08-01
P1764,Richard,Ramirez,Doctor 2,2023-08-01
P1820,Mary,Peterson,Doctor 3,2023-08-01
P1873,Donna,Taylor,Doctor 1,2023-08-01
P1884,Jason,Walker,Doctor 3,2023-08-01
P2033,Lisa,Moore,Doctor 2,2023-08-01
P2084,Aaron,Ward,Doctor 1,2023-08-01
P2095,Benjamin,Martinez,Doctor 1,2023-08-01
P2136,Matthew,Cruz,Doctor 2,2023-08-01
P0231,Ryan,Chavez,Doctor 3,2023-08-02
P0331,Tyler,Torres,Doctor 2,2023-08-02
P0539,Deborah,Peterson,Doctor 1,2023-08-02
P0633,Carol,Rodriguez,Doctor 1,2023-08-02
P0688,Jennifer,Cruz,Doctor 1,2023-08-02
P0693,Dorothy,Morales,Doctor 2,2023-08-02
P0712,Elizabeth,Davis,Doctor 2,2023-08-02
P0785,Brandon,Ward,Doctor 2,2023-08-02
P1056,Virginia,Gray,Doctor 2,2023-08-02
P1066,Lisa,Wood,Doctor 3,2023-08-02
P1084,Christopher,Green,Doctor 1,2023-08-02
P1289,Laura,Walker,Doctor 2,2023-08-02
P1304,Robert,Morales,Doctor 3,2023-08-02
P1337,Betty,Evans,Doctor 2,2023-08-02
P1539,Joseph,Baker,Doctor 1,2023-08-02
P1760,Betty,Young,Doctor 3,2023-08-02
P1779,Deborah,Alvarez,Doctor 3,2023-08-02
P1782,Brian,Walker,Doctor 3,2023-08-02
P1835,Nicholas,Sanchez,Doctor 3,2023-08-02
P1928,Kimberly,Moore,Doctor 2,2023-08-02
P1951,David,Lopez,Doctor 2,2023-08-02
P2017,Dorothy,Jones,Doctor 2,2023-08-02
P2181,Anna,Hernandez,Doctor 3,2023-08-02
P2301,Jason,Diaz,Doctor 3,2023-08-02
P0117,Sandra,Wilson,Doctor 1,2023-08-03
P0155,Sarah,Sanchez,Doctor 2,2023-08-03
P0227,Anna,Alvarez,Doctor 3,2023-08-03
P0385,Timothy,Thompson,Doctor 1,2023-08-03
P0399,Frank,Taylor,Doctor 3,2023-08-03
P0416,Jeffrey,Castillo,Doctor 1,2023-08-03
P0494,Jose,Cook,Doctor 2,2023-08-03
P0530,Kathleen,Adams,Doctor 3,2023-08-03
P0544,Benjamin,Ortiz,Doctor 2,2023-08-03
P0546,William,Anderson,Doctor 2,2023-08-03
P0866,Mark,Bailey,Doctor 2,2023-08-03
P0956,Amy,Parker,Doctor 3,2023-08-03
P0998,Jeffrey,Evans,Doctor 2,2023-08-03
P1047,Charles,Murphy,Doctor 1,2023-08-03
P1165,Brian,Lewis,Doctor 1,2023-08-03
P1203,Jack,Martin,Doctor 1,2023-08-03
P1260,Ruth,Ramos,Doctor 2,2023-08-03
P1316,Jessica,Wood,Doctor 1,2023-08-03
P1408,Gregory,Mitchell,Doctor 2,2023-08-03
P1410,Elizabeth,Robinson,Doctor 1,2023-08-03
P1475,Susan,Nelson,Doctor 1,2023-08-03
P1503,Patrick,Hall,Doctor 2,2023-08-03
P1594,Jessica,Gray,Doctor 3,2023-08-03
P1657,Kathleen,Miller,Doctor 2,2023-08-03
P1657,Kathleen,Miller,Doctor 2,2023-08-03
P1669,Sarah,Cook,Doctor 1,2023-08-03
P1770,Ronald,Roberts,Doctor 2,2023-08-03
P1785,Kimberly,Perez,Doctor 3,2023-08-03
P1813,Samuel,Flores,Doctor 3,2023-08-03
P1971,Richard,Moore,Doctor 3,2023-08-03
P2045,Alexander,Ramos,Doctor 1,2023-08-03
P2147,Aaron,Young,Doctor 1,2023-08-03
P2149,Patricia,Anderson,Doctor 2,2023-08-03
P0041,Deborah,Green,Doctor 2,2023-08-04
P0129,Alexander,Hernandez,Doctor 1,2023-08-04
P0169,Kimberly,Carter,Doctor 2,2023-08-04
P0258,Patrick,Collins,Doctor 2,2023-08-04
P0280,Edward,Collins,Doctor 3,2023-08-04
P0284,Virginia,Scott,Doctor 1,2023-08-04
P0608,Jessica,Thomas,Doctor 2,2023-08-04
P0661,Shirley,Ward,Doctor 2,2023-08-04
P0742,Tyler,Nguyen,Doctor 1,2023-08-04
P0884,Ronald,White,Doctor 1,2023-08-04
P0915,Carol,Brooks,Doctor 3,2023-08-04
P0975,Susan,Chavez,Doctor 1,2023-08-04
P1211,Sandra,Watson,Doctor 2,2023-08-04
P1233,Melissa,Adams,Doctor 3,2023-08-04
P1539,Joseph,Baker,Doctor 1,2023-08-04
P1594,Jessica,Gray,Doctor 1,2023-08-04
P1624,George,Green,Doctor 1,2023-08-04
P1721,Charles,Wood,Doctor 2,2023-08-04
P1729,Justin,Nguyen,Doctor 1,2023-08-04
P1755,Andrew,Taylor,Doctor 3,2023-08-04
P1776,Angela,Turner,Doctor 2,2023-08-04
P1800,Sandra,Smith,Doctor 2,2023-08-04
P1827,Laura,James,Doctor 2,2023-08-04
P1830,Donna,Brown,Doctor 3,2023-08-04
P2031,Richard,Harris,Doctor 3,2023-08-04
P2042,Michael,Reyes,Doctor 3,2023-08-04
P2079,Matthew,Bennett,Doctor 3,2023-08-04
P2118,Jennifer,Flores,Doctor 2,2023-08-04
P2128,Eric,Moore,Doctor 1,2023-08-04
P2159,Nancy,Wright,Doctor 2,2023-08-04
P2168,Deborah,Ramirez,Doctor 2,2023-08-04
P2212,Dorothy,Mitchell,Doctor 1,2023-08-04
P0035,Sarah,Gutierrez,Doctor 1,2023-08-05
P0169,Kimberly,Carter,Doctor 2,2023-08-05
P0289,Matthew,Roberts,Doctor 2,2023-08-05
P0302,Cynthia,Patel,Doctor 3,2023-08-05
P0352,Jacob,Bailey,Doctor 3,2023-08-05
P0353,Sandra,Bailey,Doctor 3,2023-08-05
P0408,Frank,Bailey,Doctor 1,2023-08-05
P0520,Laura,Reyes,Doctor 1,2023-08-05
P0558,Anna,Ramirez,Doctor 2,2023-08-05
P0653,Richard,Collins,Doctor 1,2023-08-05
P0688,Jennifer,Cruz,Doctor 1,2023-08-05
P0720,Stephen,Myers,Doctor 2,2023-08-05
P0929,David,Watson,Doctor 1,2023-08-05
P0998,Jeffrey,Evans,Doctor 1,2023-08-05
P1018,Michelle,Lewis,Doctor 3,2023-08-05
P1088,Benjamin,Smith,Doctor 1,2023-08-05
P1101,Kimberly,Myers,Doctor 3,2023-08-05
P1147,Samuel,Rivera,Doctor 1,2023-08-05
P1176,Ronald,Richardson,Doctor 2,2023-08-05
P1180,Lisa,Green,Doctor 2,2023-08-05
P1249,Timothy,Reyes,Doctor 1,2023-08-05
P1404,Sandra,Williams,Doctor 2,2023-08-05
P1479,Edward,Kim,Doctor 1,2023-08-05
P1482,Jonathan,Jones,Doctor 2,2023-08-05
P1513,Jessica,Morales,Doctor 2,2023-08-05
P1622,David,Miller,Doctor 1,2023-08-05
P1695,Stephen,Watson,Doctor 2,2023-08-05
P1706,Timothy,Phillips,Doctor 3,2023-08-05
P1710,Rebecca,Gutierrez,Doctor 2,2023-08-05
P1722,John,Reed,Doctor 2,2023-08-05
P1793,James,Hughes,Doctor 1,2023-08-05
P1833,Kathleen,Rivera,Doctor 2,2023-08-05
P1883,Donald,Roberts,Doctor 2,2023-08-05
P1904,Nancy,King,Doctor 2,2023-08-05
P1924,Eric,Cooper,Doctor 2,2023-08-05
P1988,Betty,Morris,Doctor 1,2023-08-05
P2048,Thomas,Turner,Doctor 3,2023-08-05
P2102,Kimberly,Reed,Doctor 3,2023-08-05
P0014,Donna,Jones,Doctor 3,2023-08-06
P0058,Scott,Smith,Doctor 3,2023-08-06
P0071,Laura,Bailey,Doctor 1,2023-08-06
P0109,Anthony,Carter,Doctor 3,2023-08-06
P0110,Kenneth,Hernandez,Doctor 2,2023-08-06
P0129,Alexander,Hernandez,Doctor 1,2023-08-06
P0166,Carol,Perez,Doctor 2,2023-08-06
P0230,Benjamin,Carter,Doctor 1,2023-08-06
P0251,Frank,Adams,Doctor 1,2023-08-06
P0253,Samuel,Adams,Doctor 2,2023-08-06
P0406,Sharon,Alvarez,Doctor 3,2023-08-06
P0427,Helen,Patel,Doctor 3,2023-08-06
P0452,Justin,Rivera,Doctor 1,2023-08-06
P0485,Shirley,Cox,Doctor 2,2023-08-06
P0497,Thomas,Ward,Doctor 1,2023-08-06
P0618,Richard,Murphy,Doctor 2,2023-08-06
P0650,Jack,Richardson,Doctor 1,2023-08-06
P0659,Carol,Clark,Doctor 1,2023-08-06
P0670,Jeffrey,Cox,Doctor 3,2023-08-06
P0683,Alexander,Campbell,Doctor 3,2023-08-06
P0729,Stephen,King,Doctor 1,2023-08-06
P0928,Linda,Diaz,Doctor 3,2023-08-06
P1027,Lisa,Peterson,Doctor 1,2023-08-06
P1050,Ronald,Nguyen,Doctor 3,2023-08-06
P1056,Virginia,Gray,Doctor 2,2023-08-06
P1127,Helen,Stewart,Doctor 2,2023-08-06
P1179,Sarah,Harris,Doctor 3,2023-08-06
P1185,William,Gutierrez,Doctor 2,2023-08-06
P1292,Melissa,Jones,Doctor 2,2023-08-06
P1376,Brian,Miller,Doctor 2,2023-08-06
P1383,Patrick,Patel,Doctor 1,2023-08-06
P1412,Michelle,Gutierrez,Doctor 2,2023-08-06
P1637,Angela,Johnson,Doctor 3,2023-08-06
P1665,Daniel,Nguyen,Doctor 2,2023-08-06
P1773,Virginia,Rogers,Doctor 3,2023-08-06
P1854,Thomas,Myers,Doctor 1,2023-08-06
P1886,Mark,Morgan,Doctor 2,2023-08-06
P1961,Larry,Richardson,Doctor 3,2023-08-06
P2049,Cynthia,Bennett,Doctor 3,2023-08-06
P2182,Benjamin,Rogers,Doctor 3,2023-08-06
P2197,Emma,Reed,Doctor 3,2023-08-06
P2248,Daniel,Ruiz,Doctor 1,2023-08-06
P2285,Carol,Wright,Doctor 2,2023-08-06
P0012,Karen,Phillips,Doctor 1,2023-08-07
P0089,Virginia,Reed,Doctor 3,2023-08-07
P0097,Ronald,Murphy,Doctor 1,2023-08-07
P0097,Ronald,Murphy,Doctor 1,2023-08-07
P0360,Ruth,Kim,Doctor 1,2023-08-07
P0398,Helen,Lopez,Doctor 1,2023-08-07
P0474,Sarah,Bailey,Doctor 3,2023-08-07
P0540,Carol,Scott,Doctor 1,2023-08-07
P0568,Melissa,Johnson,Doctor 2,2023-08-07
P0577,Daniel,Brown,Doctor 3,2023-08-07
P0609,John,Smith,Doctor 3,2023-08-07
P0613,Timothy,Young,Doctor 2,2023-08-07
P0634,David,Adams,Doctor 3,2023-08-07
P0664,Deborah,Ward,Doctor 2,2023-08-07
P0773,Deborah,Bailey,Doctor 1,2023-08-07
P0888,Angela,Peterson,Doctor 2,2023-08-07
P1101,Kimberly,Myers,Doctor 3,2023-08-07
P1160,Ronald,Mitchell,Doctor 1,2023-08-07
P1166,Rebecca,Gray,Doctor 2,2023-08-07
P1325,Ronald,Thompson,Doctor 3,2023-08-07
P1433,George,Scott,Doctor 3,2023-08-07
P1447,Jack,Kim,Doctor 1,2023-08-07
P1588,Robert,Lopez,Doctor 2,2023-08-07
P1785,Kimberly,Perez,Doctor 3,2023-08-07
P1793,James,Hughes,Doctor 1,2023-08-07
P1942,Laura,Jackson,Doctor 3,2023-08-07
P1992,Stephen,Cruz,Doctor 2,2023-08-07
P2008,Linda,Thompson,Doctor 3,2023-08-07
P2106,Frank,Diaz,Doctor 2,2023-08-07
P2113,Betty,Gomez,Doctor 1,2023-08-07
P2215,Linda,Davis,Doctor 3,2023-08-07
P2263,Jack,Morgan,Doctor 1,2023-08-07
P0007,Christopher,Rivera,Doctor 2,2023-08-08
P0028,Sharon,Collins,Doctor 3,2023-08-08
P0135,Kevin,Johnson,Doctor 2,2023-08-08
P0145,Christopher,Gonzalez,Doctor 3,2023-08-08
P0161,Tyler,Robinson,Doctor 2,2023-08-08
P0162,Mark,Hughes,Doctor 3,2023-08-08
P0248,Jessica,Kim,Doctor 1,2023-08-08
P0391,Scott,Kelly,Doctor 1,2023-08-08
P0598,Sharon,Stewart,Doctor 3,2023-08-08
P0648,Kimberly,Allen,Doctor 3,2023-08-08
P0711,Joseph,Gutierrez,Doctor 1,2023-08-08
P0770,Kevin,Phillips,Doctor 3,2023-08-08
P0790,Donna,Stewart,Doctor 1,2023-08-08
P0844,Michelle,Garcia,Doctor 2,2023-08-08
P0875,Jonathan,Cruz,Doctor 3,2023-08-08
P0897,Helen,Lee,Doctor 2,2023-08-08
P0898,Robert,Rivera,Doctor 3,2023-08-08
P0938,Sharon,Wilson,Doctor 2,2023-08-08
P1168,Edward,Wood,Doctor 2,2023-08-08
P1235,Larry,Diaz,Doctor 3,2023-08-08
P1302,Raymond,Thompson,Doctor 3,2023-08-08
P1404,Sandra,Williams,Doctor 2,2023-08-08
P1453,Patrick,Cooper,Doctor 1,2023-08-08
P1473,David,Peterson,Doctor 1,2023-08-08
P1513,Jessica,Morales,Doctor 1,2023-08-08
P1559,Karen,Thomas,Doctor 2,2023-08-08
P1579,Andrew,Miller,Doctor 3,2023-08-08
P1665,Daniel,Nguyen,Doctor 1,2023-08-08
P2038,Gregory,Flores,Doctor 3,2023-08-08
P2238,Michelle,Lee,Doctor 2,2023-08-08
P0067,Karen,Anderson,Doctor 3,2023-08-09
P0175,Sarah,Adams,Doctor 3,2023-08-09
P0233,Jonathan,Gonzalez,Doctor 2,2023-08-09
P0269,Sharon,Miller,Doctor 3,2023-08-09
P0622,Matthew,Carter,Doctor 1,2023-08-09
P0665,William,Collins,Doctor 2,2023-08-09
P0737,Kenneth,Parker,Doctor 3,2023-08-09
P0770,Kevin,Phillips,Doctor 3,2023-08-09
P0773,Deborah,Bailey,Doctor 1,2023-08-09
P0820,Joseph,Patel,Doctor 1,2023-08-09
P0984,John,Phillips,Doctor 2,2023-08-09
P1013,Elizabeth,Gray,Doctor 3,2023-08-09
P1088,Benjamin,Smith,Doctor 1,2023-08-09
P1196,Dennis,Harris,Doctor 1,2023-08-09
P1272,Justin,Thompson,Doctor 3,2023-08-09
P1432,Jennifer,Martinez,Doctor 3,2023-08-09
P1442,James,Wright,Doctor 2,2023-08-09
P1516,Lisa,Edwards,Doctor 3,2023-08-09
P1574,Cynthia,Allen,Doctor 3,2023-08-09
P1866,William,Bennett,Doctor 1,2023-08-09
P1952,Brandon,Adams,Doctor 1,2023-08-09
P2116,Carol,Kelly,Doctor 1,2023-08-09
P2245,Laura,Phillips,Doctor 1,2023-08-09
P2271,Elizabeth,Brooks,Doctor 3,2023-08-09
P0036,Sandra,Hill,Doctor 1,2023-08-10
P0134,Brian,Gutierrez,Doctor 1,2023-08-10
P0272,Samuel,Taylor,Doctor 1,2023-08-10
P0322,George,Ortiz,Doctor 3,2023-08-10
P0335,Anthony,Morgan,Doctor 3,2023-08-10
P0349,Jack,Anderson,Doctor 1,2023-08-10
P0353,Sandra,Bailey,Doctor 3,2023-08-10
P0448,Thomas,Lopez,Doctor 3,2023-08-10
P0554,Frank,Gomez,Doctor 1,2023-08-10
P0619,Joseph,Robinson,Doctor 3,2023-08-10
P0654,Emma,Bennett,Doctor 3,2023-08-10
P0750,Edward,Morris,Doctor 2,2023-08-10
P0829,Virginia,Ramos,Doctor 3,2023-08-10
P0909,Matthew,Wright,Doctor 3,2023-08-10
P0916,James,Ward,Doctor 3,2023-08-10
P0979,Michelle,Bennett,Doctor 1,2023-08-10
P1050,Ronald,Nguyen,Doctor 3,2023-08-10
P1067,Charles,Robinson,Doctor 3,2023-08-10
P1317,Dorothy,Thomas,Doctor 3,2023-08-10
P1341,Brenda,Turner,Doctor 3,2023-08-10
P1367,Eric,Ruiz,Doctor 3,2023-08-10
P1384,Stephen,Jones,Doctor 1,2023-08-10
P1387,Lisa,Ramos,Doctor 1,2023-08-10
P1437,Edward,Howard,Doctor 2,2023-08-10
P1634,Betty,Turner,Doctor 2,2023-08-10
P1695,Stephen,Watson,Doctor 2,2023-08-10
P1973,Andrew,Moore,Doctor 2,2023-08-10
P2130,Shirley,Richardson,Doctor 1,2023-08-10
P2142,Betty,Mendoza,Doctor 1,2023-08-10
P2193,Betty,Ramirez,Doctor 2,2023-08-10
P0082,Joshua,Lewis,Doctor 3,2023-08-11
P0103,Andrew,Gray,Doctor 1,2023-08-11
P0125,Helen,Perez,Doctor 3,2023-08-11
P0175,Sarah,Adams,Doctor 3,2023-08-11
P0261,Donald,Lee,Doctor 3,2023-08-11
P0436,Brandon,Cook,Doctor 2,2023-08-11
P0460,Virginia,Collins,Doctor 3,2023-08-11
P0466,Andrew,Davis,Doctor 3,2023-08-11
P0487,Jessica,Anderson,Doctor 1,2023-08-11
P0511,William,Johnson,Doctor 2,2023-08-11
P0751,Sandra,Edwards,Doctor 1,2023-08-11
P0817,Betty,Alvarez,Doctor 3,2023-08-11
P0909,Matthew,Wright,Doctor 3,2023-08-11
P0961,Aaron,Evans,Doctor 2,2023-08-11
P1004,Sharon,Patel,Doctor 3,2023-08-11
P1025,Benjamin,Bailey,Doctor 3,2023-08-11
P1147,Samuel,Rivera,Doctor 1,2023-08-11
P1153,Timothy,Wood,Doctor 1,2023-08-11
P1169,Christopher,King,Doctor 3,2023-08-11
P1514,Patrick,Taylor,Doctor 1,2023-08-11
P1579,Andrew,Miller,Doctor 2,2023-08-11
P1625,Ruth,Moore,Doctor 1,2023-08-11
P1658,Amy,Sanchez,Doctor 2,2023-08-11
P1714,Ruth,Robinson,Doctor 1,2023-08-11
P1828,Joshua,Williams,Doctor 2,2023-08-11
P1835,Nicholas,Sanchez,Doctor 3,2023-08-11
P1843,Dorothy,Baker,Doctor 2,2023-08-11
P1913,John,Sanders,Doctor 3,2023-08-11
P1930,Susan,Adams,Doctor 3,2023-08-11
P1992,Stephen,Cruz,Doctor 2,2023-08-11
P2104,Kimberly,Kelly,Doctor 2,2023-08-11
P2123,Joshua,Wood,Doctor 3,2023-08-11
P2170,Jacob,Brown,Doctor 2,2023-08-11
P2207,Deborah,Richardson,Doctor 1,2023-08-11
P0021,Dorothy,Young,Doctor 2,2023-08-12
P0139,Mary,Nelson,Doctor 2,2023-08-12
P0271,Mary,Gonzalez,Doctor 3,2023-08-12
P0469,Deborah,Chavez,Doctor 1,2023-08-12
P0593,Karen,Reyes,Doctor 1,2023-08-12
P0596,Deborah,Roberts,Doctor 3,2023-08-12
P0647,David,Kelly,Doctor 3,2023-08-12
P0663,Eric,Murphy,Doctor 3,2023-08-12
P1198,Jeffrey,Rogers,Doctor 2,2023-08-12
P1215,Anna,Mendoza,Doctor 3,2023-08-12
P1229,Sarah,James,Doctor 3,2023-08-12
P1329,Justin,Gomez,Doctor 2,2023-08-12
P1459,Deborah,Murphy,Doctor 3,2023-08-12
P1462,Virginia,Wilson,Doctor 1,2023-08-12
P1644,Lisa,Bennett,Doctor 1,2023-08-12
P1664,Elizabeth,Scott,Doctor 2,2023-08-12
P1678,Samuel,Ortiz,Doctor 2,2023-08-12
P1753,Thomas,Anderson,Doctor 1,2023-08-12
P1792,Nancy,Hall,Doctor 1,2023-08-12
P1812,Deborah,Cruz,Doctor 2,2023-08-12
P1839,Lisa,Reyes,Doctor 1,2023-08-12
P1981,Laura,Alvarez,Doctor 3,2023-08-12
P1996,Eric,Adams,Doctor 1,2023-08-12
P2195,Raymond,Stewart,Doctor 3,2023-08-12
P2249,Kevin,Gonzalez,Doctor 1,2023-08-12
P2256,Ryan,Baker,Doctor 2,2023-08-12
P2274,Sarah,Evans,Doctor 2,2023-08-12
P0010,Sarah,Turner,Doctor 3,2023-08-13
P0043,Elizabeth,Morgan,Doctor 2,2023-08-13
P0123,Matthew,Ortiz,Doctor 3,2023-08-13
P0153,Shirley,Johnson,Doctor 3,2023-08-13
P0234,Michelle,Ruiz,Doctor 1,2023-08-13
P0269,Sharon,Miller,Doctor 3,2023-08-13
P0278,Karen,Hall,Doctor 3,2023-08-13
P0321,Nancy,Cooper,Doctor 2,2023-08-13
P0333,Mary,Johnson,Doctor 3,2023-08-13
P0349,Jack,Anderson,Doctor 3,2023-08-13
P0436,Brandon,Cook,Doctor 2,2023-08-13
P0535,Kimberly,Anderson,Doctor 2,2023-08-13
P0562,Anthony,Garcia,Doctor 3,2023-08-13
P0686,Donna,Lewis,Doctor 3,2023-08-13
P0708,Michelle,Perez,Doctor 3,2023-08-13
P0713,Mark,Murphy,Doctor 2,2023-08-13
P0816,Steven,Sanders,Doctor 2,2023-08-13
P0818,William,Wood,Doctor 2,2023-08-13
P0845,Emma,Anderson,Doctor 1,2023-08-13
P1168,Edward,Wood,Doctor 3,2023-08-13
P1192,Joshua,Martin,Doctor 1,2023-08-13
P1224,Gregory,Reed,Doctor 1,2023-08-13
P1476,Betty,Myers,Doctor 2,2023-08-13
P1528,Sarah,Carter,Doctor 2,2023-08-13
P1550,Cynthia,Moore,Doctor 3,2023-08-13
P1564,Laura,Taylor,Doctor 1,2023-08-13
P1611,Helen,Thomas,Doctor 1,2023-08-13
P1811,Samuel,Evans,Doctor 1,2023-08-13
P1929,Jonathan,Garcia,Doctor 3,2023-08-13
P2012,Sharon,Ruiz,Doctor 2,2023-08-13
P2091,Tyler,Hill,Doctor 2,2023-08-13
P2179,Sarah,Perez,Doctor 2,2023-08-13
P2290,Betty,Reed,Doctor 2,2023-08-13
P0061,Susan,Murphy,Doctor 3,2023-08-14
P0065,Joseph,Morgan,Doctor 1,2023-08-14
P0119,Edward,Edwards,Doctor 3,2023-08-14
P0153,Shirley,Johnson,Doctor 3,2023-08-14
P0209,John,Scott,Doctor 2,2023-08-14
P0486,Susan,Torres,Doctor 1,2023-08-14
P0527,Jerry,Scott,Doctor 1,2023-08-14
P0550,Raymond,Myers,Doctor 1,2023-08-14
P0553,Jessica,Campbell,Doctor 3,2023-08-14
P0558,Anna,Ramirez,Doctor 2,2023-08-14
P0563,Sandra,Chavez,Doctor 3,2023-08-14
P0718,Nancy,Morris,Doctor 3,2023-08-14
P0725,Nancy,Ramos,Doctor 3,2023-08-14
P0900,Jessica,Castillo,Doctor 2,2023-08-14
P1011,Karen,Evans,Doctor 3,2023-08-14
P1183,Benjamin,Williams,Doctor 1,2023-08-14
P1237,Ryan,Brooks,Doctor 3,2023-08-14
P1282,Brian,Reed,Doctor 2,2023-08-14
P1331,David,Diaz,Doctor 1,2023-08-14
P1344,Kenneth,Rodriguez,Doctor 1,2023-08-14
P1486,Frank,Lewis,Doctor 1,2023-08-14
P1491,Christopher,Anderson,Doctor 3,2023-08-14
P1531,Michelle,Campbell,Doctor 3,2023-08-14
P1604,Mark,Patel,Doctor 2,2023-08-14
P1628,Jason,Stewart,Doctor 3,2023-08-14
P1669,Sarah,Cook,Doctor 3,2023-08-14
P1792,Nancy,Hall,Doctor 1,2023-08-14
P1842,Larry,Garcia,Doctor 1,2023-08-14
P1871,Patrick,Peterson,Doctor 1,2023-08-14
P1952,Brandon,Adams,Doctor 2,2023-08-14
P1983,Jonathan,Ramirez,Doctor 2,2023-08-14
P1986,Eric,King,Doctor 3,2023-08-14
P2281,Laura,Bennett,Doctor 3,2023-08-14
P0043,Elizabeth,Morgan,Doctor 2,2023-08-15
P0057,Jerry,Anderson,Doctor 3,2023-08-15
P0077,Mark,Mendoza,Doctor 2,2023-08-15
P0091,Kevin,Stewart,Doctor 1,2023-08-15
P0112,Sharon,Bennett,Doctor 2,2023-08-15
P0224,Ronald,Morris,Doctor 3,2023-08-15
P0291,Betty,Roberts,Doctor 1,2023-08-15
P0301,Sharon,Hill,Doctor 2,2023-08-15
P0362,Mary,Robinson,Doctor 3,2023-08-15
P0375,Samuel,Alvarez,Doctor 2,2023-08-15
P0403,Sharon,Thompson,Doctor 1,2023-08-15
P0564,Lisa,Chavez,Doctor 3,2023-08-15
P0715,Emma,Martin,Doctor 2,2023-08-15
P0721,Gary,Evans,Doctor 3,2023-08-15
P0901,Anna,Cooper,Doctor 3,2023-08-15
P0908,Ryan,Anderson,Doctor 1,2023-08-15
P1049,Laura,Garcia,Doctor 2,2023-08-15
P1072,Nancy,Stewart,Doctor 1,2023-08-15
P1173,Angela,Mendoza,Doctor 2,2023-08-15
P1198,Jeffrey,Rogers,Doctor 2,2023-08-15
P1215,Anna,Mendoza,Doctor 2,2023-08-15
P1302,Raymond,Thompson,Doctor 3,2023-08-15
P1331,David,Diaz,Doctor 1,2023-08-15
P1375,Angela,Watson,Doctor 2,2023-08-15
P1440,Larry,Edwards,Doctor 3,2023-08-15
P1475,Susan,Nelson,Doctor 1,2023-08-15
P1476,Betty,Myers,Doctor 2,2023-08-15
P1512,Kevin,Sanders,Doctor 2,2023-08-15
P1538,Steven,Johnson,Doctor 1,2023-08-15
P1623,Daniel,Stewart,Doctor 3,2023-08-15
P1671,Sandra,Sanchez,Doctor 3,2023-08-15
P1726,Donald,James,Doctor 2,2023-08-15
P1766,Sharon,Sanders,Doctor 2,2023-08-15
P1784,Aaron,Castillo,Doctor 3,2023-08-15
P1798,Raymond,Nguyen,Doctor 1,2023-08-15
P1826,Stephen,Kim,Doctor 3,2023-08-15
P1886,Mark,Morgan,Doctor 2,2023-08-15
P1955,Lisa,Murphy,Doctor 1,2023-08-15
P2033,Lisa,Moore,Doctor 2,2023-08-15
P2099,Justin,Morgan,Doctor 3,2023-08-15
P2221,Michael,Robinson,Doctor 2,2023-08-15
P2293,Donna,Wilson,Doctor 3,2023-08-15
P0016,Matthew,Howard,Doctor 2,2023-08-16
P0043,Elizabeth,Morgan,Doctor 2,2023-08-16
P0139,Mary,Nelson,Doctor 2,2023-08-16
P0188,Jonathan,Thomas,Doctor 2,2023-08-16
P0334,Sandra,Myers,Doctor 3,2023-08-16
P0416,Jeffrey,Castillo,Doctor 2,2023-08-16
P0442,Robert,Lewis,Doctor 1,2023-08-16
P0481,Donna,Miller,Doctor 1,2023-08-16
P0748,Jack,Allen,Doctor 2,2023-08-16
P0754,Brian,Adams,Doctor 1,2023-08-16
P0812,Sarah,Taylor,Doctor 2,2023-08-16
P0856,Edward,Lee,Doctor 3,2023-08-16
P0871,Dennis,Morales,Doctor 3,2023-08-16
P0879,Joshua,Jones,Doctor 1,2023-08-16
P1031,Anthony,Morales,Doctor 1,2023-08-16
P1037,Scott,Patel,Doctor 2,2023-08-16
P1084,Christopher,Green,Doctor 1,2023-08-16
P1090,Susan,Scott,Doctor 1,2023-08-16
P1115,Virginia,Mendoza,Doctor 3,2023-08-16
P1116,Michelle,Murphy,Doctor 2,2023-08-16
P1127,Helen,Stewart,Doctor 2,2023-08-16
P1186,Donna,Smith,Doctor 3,2023-08-16
P1193,Shirley,Price,Doctor 3,2023-08-16
P1218,Mark,Price,Doctor 2,2023-08-16
P1245,Jerry,White,Doctor 1,2023-08-16
P1320,Dennis,Sanders,Doctor 3,2023-08-16
P1521,Larry,Cook,Doctor 1,2023-08-16
P1536,Deborah,Allen,Doctor 3,2023-08-16
P1615,Rebecca,Rivera,Doctor 3,2023-08-16
P1642,Kathleen,Brooks,Doctor 3,2023-08-16
P1650,Jonathan,Evans,Doctor 3,2023-08-16
P1666,Patrick,Carter,Doctor 2,2023-08-16
P1698,Kimberly,Taylor,Doctor 3,2023-08-16
P1707,Andrew,Rivera,Doctor 1,2023-08-16
P1760,Betty,Young,Doctor 3,2023-08-16
P1811,Samuel,Evans,Doctor 1,2023-08-16
P1842,Larry,Garcia,Doctor 1,2023-08-16
P1900,Jonathan,Rivera,Doctor 2,2023-08-16
P2059,Jerry,Flores,Doctor 1,2023-08-16
P2090,Sarah,Nguyen,Doctor 1,2023-08-16
P2169,Gary,Lopez,Doctor 1,2023-08-16
P2279,Laura,Baker,Doctor 2,2023-08-16
P0013,Raymond,Campbell,Doctor 2,2023-08-17
P0075,Sandra,Peterson,Doctor 1,2023-08-17
P0113,Mary,Parker,Doctor 2,2023-08-17
P0113,Mary,Parker,Doctor 2,2023-08-17
P0247,Matthew,Ward,Doctor 1,2023-08-17
P0264,Sharon,Lopez,Doctor 1,2023-08-17
P0291,Betty,Roberts,Doctor 1,2023-08-17
P0310,Larry,Clark,Doctor 3,2023-08-17
P0351,Jennifer,Ward,Doctor 1,2023-08-17
P0802,Jeffrey,Morgan,Doctor 1,2023-08-17
P0819,Anna,Bennett,Doctor 1,2023-08-17
P0905,Dorothy,Patel,Doctor 1,2023-08-17
P1071,Nancy,Wood,Doctor 1,2023-08-17
P1180,Lisa,Green,Doctor 2,2023-08-17
P1182,Matthew,Price,Doctor 3,2023-08-17
P1233,Melissa,Adams,Doctor 3,2023-08-17
P1245,Jerry,White,Doctor 1,2023-08-17
P1339,Joshua,King,Doctor 1,2023-08-17
P1401,Rebecca,Lewis,Doctor 3,2023-08-17
P1703,Dorothy,Clark,Doctor 3,2023-08-17
P1768,Alexander,Hall,Doctor 3,2023-08-17
P1777,Thomas,Lee,Doctor 1,2023-08-17
P1818,Sandra,Bennett,Doctor 2,2023-08-17
P1932,Alexander,Robinson,Doctor 1,2023-08-17
P1937,Anna,Johnson,Doctor 1,2023-08-17
P2052,Frank,Stewart,Doctor 3,2023-08-17
P2112,Thomas,Richardson,Doctor 2,2023-08-17
P2157,Charles,Jones,Doctor 1,2023-08-17
P2183,Helen,Gonzalez,Doctor 1,2023-08-17
P0016,Matthew,Howard,Doctor 2,2023-08-18
P0145,Christopher,Gonzalez,Doctor 3,2023-08-18
P0160,Laura,King,Doctor 1,2023-08-18
P0315,Michael,Chavez,Doctor 2,2023-08-18
P0601,Timothy,Rodriguez,Doctor 1,2023-08-18
P0699,Linda,Anderson,Doctor 1,2023-08-18
P0899,George,Taylor,Doctor 1,2023-08-18
P0980,Lisa,Rodriguez,Doctor 2,2023-08-18
P1015,Edward,Parker,Doctor 2,2023-08-18
P1149,Aaron,Cox,Doctor 2,2023-08-18
P1175,Daniel,Walker,Doctor 1,2023-08-18
P1488,James,Cox,Doctor 2,2023-08-18
P1519,Benjamin,Green,Doctor 2,2023-08-18
P1542,Elizabeth,Thompson,Doctor 1,2023-08-18
P1760,Betty,Young,Doctor 1,2023-08-18
P1873,Donna,Taylor,Doctor 1,2023-08-18
P1906,Edward,Torres,Doctor 2,2023-08-18
P1941,Stephen,Evans,Doctor 2,2023-08-18
P2127,Jeffrey,Johnson,Doctor 3,2023-08-18
P0030,Kenneth,Mitchell,Doctor 1,2023-08-19
P0097,Ronald,Murphy,Doctor 1,2023-08-19
P0122,Richard,Sanchez,Doctor 3,2023-08-19
P0300,Deborah,Nelson,Doctor 1,2023-08-19
P0358,Jason,Martinez,Doctor 1,2023-08-19
P0397,Sandra,White,Doctor 1,2023-08-19
P0414,Nancy,White,Doctor 1,2023-08-19
P0488,David,Bailey,Doctor 1,2023-08-19
P0549,Jason,Williams,Doctor 2,2023-08-19
P0606,Jack,Thomas,Doctor 3,2023-08-19
P0652,Anna,Allen,Doctor 2,2023-08-19
P0685,Mary,Harris,Doctor 1,2023-08-19
P0733,Jason,Ruiz,Doctor 2,2023-08-19
P0760,Helen,Kim,Doctor 2,2023-08-19
P0818,William,Wood,Doctor 2,2023-08-19
P1015,Edward,Parker,Doctor 2,2023-08-19
P1147,Samuel,Rivera,Doctor 1,2023-08-19
P1259,George,White,Doctor 1,2023-08-19
P1262,William,James,Doctor 1,2023-08-19
P1281,Michael,Wilson,Doctor 3,2023-08-19
P1315,Matthew,Reyes,Doctor 2,2023-08-19
P1384,Stephen,Jones,Doctor 1,2023-08-19
P1695,Stephen,Watson,Doctor 3,2023-08-19
P1820,Mary,Peterson,Doctor 1,2023-08-19
P1852,Dorothy,Wright,Doctor 3,2023-08-19
P1898,Ruth,White,Doctor 3,2023-08-19
P2001,Jessica,Brooks,Doctor 1,2023-08-19
P2083,Brenda,Gonzalez,Doctor 3,2023-08-19
P2108,Brenda,Cook,Doctor 3,2023-08-19
P2230,Tyler,Hernandez,Doctor 3,2023-08-19
P0121,Amy,Reed,Doctor 2,2023-08-20
P0170,Jessica,Lee,Doctor 2,2023-08-20
P0197,Dorothy,Anderson,Doctor 1,2023-08-20
P0273,Laura,Martin,Doctor 3,2023-08-20
P0401,Jason,Edwards,Doctor 3,2023-08-20
P0408,Frank,Bailey,Doctor 1,2023-08-20
P0437,Sharon,Ramos,Doctor 2,2023-08-20
P0510,Nancy,Lee,Doctor 2,2023-08-20
P0523,Ryan,Hill,Doctor 3,2023-08-20
P0626,Rebecca,Cruz,Doctor 1,2023-08-20
P0644,Sandra,Gomez,Doctor 3,2023-08-20
P0756,Anthony,Peterson,Doctor 1,2023-08-20
P0795,Timothy,Taylor,Doctor 1,2023-08-20
P0896,Mary,Ruiz,Doctor 1,2023-08-20
P1107,Kimberly,Sanders,Doctor 3,2023-08-20
P1190,Brandon,King,Doctor 1,2023-08-20
P1227,Donna,White,Doctor 1,2023-08-20
P1304,Robert,Morales,Doctor 3,2023-08-20
P1484,Tyler,Morgan,Doctor 2,2023-08-20
P1509,Kimberly,Diaz,Doctor 1,2023-08-20
P1552,Michelle,Gonzalez,Doctor 2,2023-08-20
P1578,Charles,Thomas,Doctor 1,2023-08-20
P1594,Jessica,Gray,Doctor 2,2023-08-20
P1670,Donald,Evans,Doctor 3,2023-08-20
P1671,Sandra,Sanchez,Doctor 3,2023-08-20
P1785,Kimberly,Perez,Doctor 3,2023-08-20
P1820,Mary,Peterson,Doctor 3,2023-08-20
P1856,Karen,Collins,Doctor 2,2023-08-20
P1859,Elizabeth,Myers,Doctor 3,2023-08-20
P1877,Betty,Price,Doctor 2,2023-08-20
P1905,Nicholas,Mendoza,Doctor 1,2023-08-20
P1957,Alexander,Price,Doctor 3,2023-08-20
P2003,Sarah,Thompson,Doctor 2,2023-08-20
P2021,Timothy,Cox,Doctor 3,2023-08-20
P2028,Laura,Lee,Doctor 3,2023-08-20
P2035,James,Lee,Doctor 3,2023-08-20
P2157,Charles,Jones,Doctor 1,2023-08-20
P2248,Daniel,Ruiz,Doctor 1,2023-08-20
P2278,Jose,Walker,Doctor 3,2023-08-20
P0086,Steven,Green,Doctor 1,2023-08-21
P0114,Larry,Flores,Doctor 2,2023-08-21
P0141,Gary,Hughes,Doctor 1,2023-08-21
P0244,Melissa,Hughes,Doctor 2,2023-08-21
P0369,Steven,Garcia,Doctor 1,2023-08-21
P0496,Angela,Ramirez,Doctor 3,2023-08-21
P0526,Matthew,Smith,Doctor 2,2023-08-21
P0592,Frank,Wright,Doctor 2,2023-08-21
P0623,Lisa,Hughes,Doctor 1,2023-08-21
P0649,Michelle,Ramirez,Doctor 1,2023-08-21
P0827,Justin,Kim,Doctor 3,2023-08-21
P0868,Anthony,Allen,Doctor 2,2023-08-21
P1064,William,Martinez,Doctor 2,2023-08-21
P1185,William,Gutierrez,Doctor 2,2023-08-21
P1196,Dennis,Harris,Doctor 1,2023-08-21
P1208,Brenda,Bailey,Doctor 3,2023-08-21
P1255,Kevin,Baker,Doctor 2,2023-08-21
P1274,Rebecca,Price,Doctor 2,2023-08-21
P1315,Matthew,Reyes,Doctor 2,2023-08-21
P1461,Barbara,Reed,Doctor 1,2023-08-21
P1464,Sharon,Cox,Doctor 1,2023-08-21
P1636,Andrew,Castillo,Doctor 2,2023-08-21
P1658,Amy,Sanchez,Doctor 2,2023-08-21
P1807,Angela,Bailey,Doctor 2,2023-08-21
P2061,Jessica,Martin,Doctor 3,2023-08-21
P2177,Kathleen,Flores,Doctor 1,2023-08-21
P2192,Deborah,Miller,Doctor 1,2023-08-21
P0124,Carol,Green,Doctor 1,2023-08-22
P0514,Frank,Hill,Doctor 1,2023-08-22
P0573,Virginia,Flores,Doctor 1,2023-08-22
P0622,Matthew,Carter,Doctor 3,2023-08-22
P0739,Karen,Cox,Doctor 2,2023-08-22
P0766,Thomas,Kim,Doctor 2,2023-08-22
P0835,Rebecca,King,Doctor 2,2023-08-22
P0835,Rebecca,King,Doctor 2,2023-08-22
P0862,David,Jackson,Doctor 3,2023-08-22
P0874,Sharon,Thomas,Doctor 1,2023-08-22
P0953,Michelle,Alvarez,Doctor 1,2023-08-22
P0994,Stephen,Gonzalez,Doctor 3,2023-08-22
P1081,Patrick,Johnson,Doctor 1,2023-08-22
P1160,Ronald,Mitchell,Doctor 1,2023-08-22
P1267,Gregory,Ruiz,Doctor 3,2023-08-22
P1364,James,Clark,Doctor 3,2023-08-22
P1525,Deborah,Ortiz,Doctor 1,2023-08-22
P1612,Frank,Myers,Doctor 2,2023-08-22
P1756,Rebecca,Richardson,Doctor 2,2023-08-22
P1887,Joshua,Wright,Doctor 1,2023-08-22
P2006,Frank,Bennett,Doctor 3,2023-08-22
P2136,Matthew,Cruz,Doctor 2,2023-08-22
P2252,Ronald,Allen,Doctor 1,2023-08-22
P2285,Carol,Wright,Doctor 2,2023-08-22
P0010,Sarah,Turner,Doctor 3,2023-08-23
P0034,Richard,Allen,Doctor 2,2023-08-23
P0034,Richard,Allen,Doctor 3,2023-08-23
P0200,Edward,Rogers,Doctor 3,2023-08-23
P0205,Lisa,Hernandez,Doctor 3,2023-08-23
P0287,Elizabeth,Wood,Doctor 3,2023-08-23
P0348,Carol,Howard,Doctor 2,2023-08-23
P0370,Gary,James,Doctor 3,2023-08-23
P0396,Mary,Price,Doctor 1,2023-08-23
P0541,Sandra,Anderson,Doctor 2,2023-08-23
P0543,Jose,Roberts,Doctor 1,2023-08-23
P0566,Shirley,Torres,Doctor 1,2023-08-23
P0821,Eric,Reyes,Doctor 3,2023-08-23
P1025,Benjamin,Bailey,Doctor 3,2023-08-23
P1035,Jeffrey,Peterson,Doctor 3,2023-08-23
P1141,Susan,Martinez,Doctor 1,2023-08-23
P1177,Robert,Harris,Doctor 2,2023-08-23
P1229,Sarah,James,Doctor 3,2023-08-23
P1315,Matthew,Reyes,Doctor 2,2023-08-23
P1390,Tyler,Peterson,Doctor 2,2023-08-23
P1416,Donna,Diaz,Doctor 2,2023-08-23
P1438,Cynthia,Perez,Doctor 3,2023-08-23
P1472,Laura,Anderson,Doctor 3,2023-08-23
P1675,Patrick,Lewis,Doctor 3,2023-08-23
P1787,John,Parker,Doctor 1,2023-08-23
P1793,James,Hughes,Doctor 1,2023-08-23
P1949,Jonathan,Brown,Doctor 1,2023-08-23
P1992,Stephen,Cruz,Doctor 2,2023-08-23
P2243,Samuel,Gonzalez,Doctor 2,2023-08-23
P2278,Jose,Walker,Doctor 3,2023-08-23
P0027,Justin,Flores,Doctor 3,2023-08-24
P0054,Laura,Peterson,Doctor 2,2023-08-24
P0177,Nancy,Parker,Doctor 2,2023-08-24
P0186,Betty,Bailey,Doctor 2,2023-08-24
P0201,Jeffrey,Kelly,Doctor 1,2023-08-24
P0248,Jessica,Kim,Doctor 1,2023-08-24
P0370,Gary,James,Doctor 2,2023-08-24
P0494,Jose,Cook,Doctor 1,2023-08-24
P0634,David,Adams,Doctor 3,2023-08-24
P0664,Deborah,Ward,Doctor 2,2023-08-24
P0667,Brenda,Hill,Doctor 3,2023-08-24
P0766,Thomas,Kim,Doctor 2,2023-08-24
P0775,Deborah,White,Doctor 1,2023-08-24
P0845,Emma,Anderson,Doctor 1,2023-08-24
P0867,Anthony,Ramirez,Doctor 1,2023-08-24
P0936,David,Johnson,Doctor 3,2023-08-24
P0962,Barbara,Jackson,Doctor 3,2023-08-24
P0984,John,Phillips,Doctor 1,2023-08-24
P0994,Stephen,Gonzalez,Doctor 3,2023-08-24
P0995,James,Murphy,Doctor 1,2023-08-24
P1123,Dorothy,Nelson,Doctor 3,2023-08-24
P1142,Patrick,Sanchez,Doctor 1,2023-08-24
P1165,Brian,Lewis,Doctor 1,2023-08-24
P1384,Stephen,Jones,Doctor 2,2023-08-24
P1418,David,Lee,Doctor 3,2023-08-24
P1554,Christopher,Hughes,Doctor 2,2023-08-24
P1570,Ruth,Ortiz,Doctor 2,2023-08-24
P1772,Tyler,Williams,Doctor 3,2023-08-24
P1799,Sandra,Mitchell,Doctor 3,2023-08-24
P1803,Sandra,Wood,Doctor 2,2023-08-24
P1961,Larry,Richardson,Doctor 1,2023-08-24
P2015,Sandra,Morales,Doctor 1,2023-08-24
P2051,Donna,Alvarez,Doctor 3,2023-08-24
P2128,Eric,Moore,Doctor 2,2023-08-24
P2174,Raymond,Lewis,Doctor 3,2023-08-24
P2179,Sarah,Perez,Doctor 2,2023-08-24
P2240,Charles,Patel,Doctor 2,2023-08-24
P0344,Lisa,Cook,Doctor 1,2023-08-25
P0360,Ruth,Kim,Doctor 3,2023-08-25
P0456,Amy,Hill,Doctor 3,2023-08-25
P0751,Sandra,Edwards,Doctor 1,2023-08-25
P0875,Jonathan,Cruz,Doctor 3,2023-08-25
P0875,Jonathan,Cruz,Doctor 3,2023-08-25
P0934,Nancy,Peterson,Doctor 3,2023-08-25
P1161,Raymond,Brooks,Doctor 1,2023-08-25
P1163,Anna,Flores,Doctor 1,2023-08-25
P1297,David,Sanchez,Doctor 3,2023-08-25
P1315,Matthew,Reyes,Doctor 2,2023-08-25
P1433,George,Scott,Doctor 3,2023-08-25
P1487,Timothy,Brown,Doctor 1,2023-08-25
P1583,John,Chavez,Doctor 2,2023-08-25
P1591,Melissa,Cruz,Doctor 2,2023-08-25
P1593,Nicholas,Morgan,Doctor 2,2023-08-25
P1596,Robert,Wilson,Doctor 3,2023-08-25
P1652,Steven,King,Doctor 2,2023-08-25
P1670,Donald,Evans,Doctor 3,2023-08-25
P1733,Joseph,Taylor,Doctor 1,2023-08-25
P1768,Alexander,Hall,Doctor 1,2023-08-25
P1811,Samuel,Evans,Doctor 2,2023-08-25
P1956,Samuel,Brown,Doctor 3,2023-08-25
P1964,Patrick,Hill,Doctor 1,2023-08-25
P1999,Sarah,Collins,Doctor 1,2023-08-25
P2006,Frank,Bennett,Doctor 3,2023-08-25
P2050,Stephen,Thompson,Doctor 2,2023-08-25
P2054,Angela,Howard,Doctor 3,2023-08-25
P2058,George,Richardson,Doctor 1,2023-08-25
P2062,Andrew,Rodriguez,Doctor 1,2023-08-25
P2202,Dorothy,Allen,Doctor 2,2023-08-25
P2219,Nancy,Rivera,Doctor 3,2023-08-25
P2305,Jack,Chavez,Doctor 2,2023-08-25
P0028,Sharon,Collins,Doctor 2,2023-08-26
P0226,Joshua,Cruz,Doctor 3,2023-08-26
P0303,Angela,Kelly,Doctor 1,2023-08-26
P0456,Amy,Hill,Doctor 3,2023-08-26
P0505,Larry,Lewis,Doctor 3,2023-08-26
P0608,Jessica,Thomas,Doctor 2,2023-08-26
P0631,Mary,Wilson,Doctor 3,2023-08-26
P0706,Jacob,Thompson,Doctor 3,2023-08-26
P0822,Ryan,Young,Doctor 2,2023-08-26
P0877,Deborah,Torres,Doctor 1,2023-08-26
P0964,Jack,Patel,Doctor 3,2023-08-26
P1162,Cynthia,Gonzalez,Doctor 3,2023-08-26
P1243,John,Cruz,Doctor 2,2023-08-26
P1276,James,Adams,Doctor 3,2023-08-26
P1344,Kenneth,Rodriguez,Doctor 1,2023-08-26
P1355,Larry,Perez,Doctor 1,2023-08-26
P1361,Deborah,Johnson,Doctor 1,2023-08-26
P1579,Andrew,Miller,Doctor 2,2023-08-26
P1656,Ruth,Johnson,Doctor 1,2023-08-26
P1697,William,Mendoza,Doctor 2,2023-08-26
P1774,Nicholas,Lee,Doctor 2,2023-08-26
P1922,Elizabeth,Harris,Doctor 1,2023-08-26
P1938,Brian,Parker,Doctor 2,2023-08-26
P2019,Rebecca,Brown,Doctor 2,2023-08-26
P2058,George,Richardson,Doctor 1,2023-08-26
P2074,Michael,Green,Doctor 3,2023-08-26
P2251,Sarah,Hernandez,Doctor 1,2023-08-26
P0033,Kenneth,Brown,Doctor 2,2023-08-27
P0052,Alexander,Kelly,Doctor 3,2023-08-27
P0063,Gregory,Watson,Doctor 3,2023-08-27
P0137,George,Collins,Doctor 3,2023-08-27
P0143,Charles,Cox,Doctor 1,2023-08-27
P0150,Jonathan,Baker,Doctor 2,2023-08-27
P0302,Cynthia,Patel,Doctor 3,2023-08-27
P0340,Michelle,Ortiz,Doctor 1,2023-08-27
P0354,Aaron,Gomez,Doctor 2,2023-08-27
P0357,Nicholas,Ruiz,Doctor 1,2023-08-27
P0372,Jason,Brown,Doctor 1,2023-08-27
P0410,Gary,Robinson,Doctor 3,2023-08-27
P0444,Thomas,James,Doctor 1,2023-08-27
P0538,George,Sanders,Doctor 3,2023-08-27
P0629,Tyler,Mitchell,Doctor 3,2023-08-27
P0676,Carol,Flores,Doctor 1,2023-08-27
P0694,Dennis,Richardson,Doctor 2,2023-08-27
P0810,Helen,Adams,Doctor 1,2023-08-27
P1050,Ronald,Nguyen,Doctor 3,2023-08-27
P1051,Anthony,Williams,Doctor 3,2023-08-27
P1056,Virginia,Gray,Doctor 2,2023-08-27
P1082,Benjamin,Brown,Doctor 2,2023-08-27
P1089,Aaron,Bailey,Doctor 2,2023-08-27
P1126,Charles,Alvarez,Doctor 1,2023-08-27
P1129,Christopher,Wright,Doctor 1,2023-08-27
P1149,Aaron,Cox,Doctor 3,2023-08-27
P1222,Aaron,Wilson,Doctor 1,2023-08-27
P1247,Nancy,Allen,Doctor 2,2023-08-27
P1433,George,Scott,Doctor 2,2023-08-27
P1465,Jonathan,Reyes,Doctor 1,2023-08-27
P1581,Jennifer,Brown,Doctor 1,2023-08-27
P1656,Ruth,Johnson,Doctor 1,2023-08-27
P1660,Michael,Morgan,Doctor 2,2023-08-27
P1789,Andrew,Gomez,Doctor 3,2023-08-27
P1890,Daniel,Myers,Doctor 2,2023-08-27
P1916,Michelle,Miller,Doctor 1,2023-08-27
P2039,Jose,Johnson,Doctor 1,2023-08-27
P2090,Sarah,Nguyen,Doctor 1,2023-08-27
P2125,Amy,Lewis,Doctor 1,2023-08-27
P2159,Nancy,Wright,Doctor 2,2023-08-27
P2257,Richard,Flores,Doctor 2,2023-08-27
P0076,Jennifer,Baker,Doctor 2,2023-08-28
P0103,Andrew,Gray,Doctor 1,2023-08-28
P0109,Anthony,Carter,Doctor 3,2023-08-28
P0195,Sharon,Morgan,Doctor 2,2023-08-28
P0259,Joshua,Hughes,Doctor 3,2023-08-28
P0273,Laura,Martin,Doctor 3,2023-08-28
P0298,Sarah,Ruiz,Doctor 2,2023-08-28
P0373,Andrew,Ward,Doctor 3,2023-08-28
P0620,Jeffrey,Hernandez,Doctor 3,2023-08-28
P0632,Laura,Kelly,Doctor 3,2023-08-28
P0657,Frank,Moore,Doctor 2,2023-08-28
P0690,Ruth,Rivera,Doctor 1,2023-08-28
P0741,Laura,Campbell,Doctor 1,2023-08-28
P0816,Steven,Sanders,Doctor 2,2023-08-28
P1010,George,Flores,Doctor 1,2023-08-28
P1160,Ronald,Mitchell,Doctor 1,2023-08-28
P1186,Donna,Smith,Doctor 3,2023-08-28
P1197,Brian,Perez,Doctor 3,2023-08-28
P1244,Matthew,Miller,Doctor 2,2023-08-28
P1319,Edward,Wilson,Doctor 1,2023-08-28
P1327,Andrew,Chavez,Doctor 2,2023-08-28
P1412,Michelle,Gutierrez,Doctor 3,2023-08-28
P1427,Emma,Morris,Doctor 3,2023-08-28
P1495,Helen,Roberts,Doctor 1,2023-08-28
P1571,Benjamin,Gonzalez,Doctor 2,2023-08-28
P1578,Charles,Thomas,Doctor 1,2023-08-28
P1688,Anna,Smith,Doctor 2,2023-08-28
P1708,William,Cook,Doctor 1,2023-08-28
P1763,Gary,Bennett,Doctor 2,2023-08-28
P1916,Michelle,Miller,Doctor 3,2023-08-28
P1917,Jeffrey,King,Doctor 2,2023-08-28
P2044,Betty,Allen,Doctor 3,2023-08-28
P2048,Thomas,Turner,Doctor 3,2023-08-28
P2123,Joshua,Wood,Doctor 3,2023-08-28
P2124,Gregory,Rivera,Doctor 3,2023-08-28
P2274,Sarah,Evans,Doctor 2,2023-08-28
P0137,George,Collins,Doctor 3,2023-08-29
P0152,Jason,Harris,Doctor 2,2023-08-29
P0230,Benjamin,Carter,Doctor 2,2023-08-29
P0419,William,Cruz,Doctor 2,2023-08-29
P0423,Mary,Cox,Doctor 2,2023-08-29
P0478,Brian,Hughes,Doctor 2,2023-08-29
P0544,Benjamin,Ortiz,Doctor 2,2023-08-29
P0642,Linda,Kelly,Doctor 3,2023-08-29
P0705,Sharon,Garcia,Doctor 2,2023-08-29
P0737,Kenneth,Parker,Doctor 3,2023-08-29
P0743,Gregory,Chavez,Doctor 1,2023-08-29
P0744,Larry,Rogers,Doctor 1,2023-08-29
P0952,Eric,Mendoza,Doctor 3,2023-08-29
P1049,Laura,Garcia,Doctor 2,2023-08-29
P1090,Susan,Scott,Doctor 2,2023-08-29
P1125,Benjamin,Mitchell,Doctor 3,2023-08-29
P1407,Shirley,Garcia,Doctor 2,2023-08-29
P1452,Sarah,Lopez,Doctor 3,2023-08-29
P1557,Jose,Garcia,Doctor 2,2023-08-29
P1663,Amy,King,Doctor 3,2023-08-29
P1671,Sandra,Sanchez,Doctor 3,2023-08-29
P1830,Donna,Brown,Doctor 1,2023-08-29
P1833,Kathleen,Rivera,Doctor 2,2023-08-29
P1853,William,Wilson,Doctor 2,2023-08-29
P1949,Jonathan,Brown,Doctor 1,2023-08-29
P2060,Jason,Davis,Doctor 3,2023-08-29
P2235,Mary,Green,Doctor 3,2023-08-29
P2242,Susan,Price,Doctor 1,2023-08-29
P0045,Nancy,Bailey,Doctor 2,2023-08-30
P0060,Frank,Flores,Doctor 1,2023-08-30
P0071,Laura,Bailey,Doctor 3,2023-08-30
P0094,Shirley,Morgan,Doctor 2,2023-08-30
P0119,Edward,Edwards,Doctor 3,2023-08-30
P0219,Mark,James,Doctor 2,2023-08-30
P0230,Benjamin,Carter,Doctor 2,2023-08-30
P0314,Elizabeth,Campbell,Doctor 3,2023-08-30
P0434,Dennis,Reyes,Doctor 2,2023-08-30
P0449,Kevin,Ramirez,Doctor 1,2023-08-30
P0483,Robert,Campbell,Doctor 2,2023-08-30
P0548,Larry,Ruiz,Doctor 1,2023-08-30
P0589,Shirley,Young,Doctor 2,2023-08-30
P0605,Jessica,Peterson,Doctor 2,2023-08-30
P0630,Brandon,Anderson,Doctor 3,2023-08-30
P0643,Patricia,Gray,Doctor 3,2023-08-30
P0652,Anna,Allen,Doctor 2,2023-08-30
P0656,Tyler,Ramirez,Doctor 2,2023-08-30
P0780,Justin,Miller,Doctor 1,2023-08-30
P0884,Ronald,White,Doctor 1,2023-08-30
P1105,Betty,Wilson,Doctor 1,2023-08-30
P1117,Richard,Phillips,Doctor 1,2023-08-30
P1277,Kenneth,Gomez,Doctor 3,2023-08-30
P1301,Dennis,Kim,Doctor 1,2023-08-30
P1336,Karen,Baker,Doctor 1,2023-08-30
P1345,Jessica,Allen,Doctor 2,2023-08-30
P1367,Eric,Ruiz,Doctor 3,2023-08-30
P1422,Sarah,Wright,Doctor 2,2023-08-30
P1460,Stephen,Scott,Doctor 3,2023-08-30
P1501,Sandra,Ramos,Doctor 2,2023-08-30
P1674,Benjamin,Clark,Doctor 1,2023-08-30
P1778,Donald,Gomez,Doctor 2,2023-08-30
P1797,Anna,Anderson,Doctor 3,2023-08-30
P1850,Aaron,Thomas,Doctor 2,2023-08-30
P1875,Samuel,Cooper,Doctor 1,2023-08-30
P0019,Sharon,Chavez,Doctor 1,2023-08-31
P0037,Melissa,Lee,Doctor 3,2023-08-31
P0042,Rebecca,Lopez,Doctor 1,2023-08-31
P0170,Jessica,Lee,Doctor 1,2023-08-31
P0184,Robert,Brown,Doctor 3,2023-08-31
P0266,Emma,Miller,Doctor 3,2023-08-31
P0356,Lisa,Hill,Doctor 3,2023-08-31
P0364,Virginia,Kelly,Doctor 3,2023-08-31
P0387,Shirley,Nelson,Doctor 2,2023-08-31
P0614,Elizabeth,Phillips,Doctor 3,2023-08-31
P0642,Linda,Kelly,Doctor 3,2023-08-31
P0679,Eric,Mitchell,Doctor 2,2023-08-31
P0695,Dorothy,Hernandez,Doctor 2,2023-08-31
P0730,Dennis,Ward,Doctor 2,2023-08-31
P0850,James,Sanchez,Doctor 1,2023-08-31
P0894,Gary,Miller,Doctor 3,2023-08-31
P0927,Carol,Taylor,Doctor 2,2023-08-31
P0939,Jack,Brown,Doctor 1,2023-08-31
P0973,Elizabeth,Moore,Doctor 2,2023-08-31
P1018,Michelle,Lewis,Doctor 3,2023-08-31
P1077,Sarah,Johnson,Doctor 3,2023-08-31
P1095,Nancy,Morgan,Doctor 2,2023-08-31
P1172,Gary,Sanchez,Doctor 3,2023-08-31
P1250,Brian,Wood,Doctor 1,2023-08-31
P1269,Patricia,Wright,Doctor 3,2023-08-31
P1371,William,Torres,Doctor 1,2023-08-31
P1395,Donald,Nelson,Doctor 1,2023-08-31
P1405,Christopher,Hall,Doctor 1,2023-08-31
P1457,George,Moore,Doctor 1,2023-08-31
P1466,Anthony,Smith,Doctor 2,2023-08-31
P1499,Karen,Ward,Doctor 3,2023-08-31
P1682,Matthew,Murphy,Doctor 1,2023-08-31
P1686,Tyler,White,Doctor 2,2023-08-31
P1841,Sarah,Sanders,Doctor 1,2023-08-31
P1879,Anna,Murphy,Doctor 2,2023-08-31
P1898,Ruth,White,Doctor 3,2023-08-31
P1954,Tyler,Scott,Doctor 1,2023-08-31
P1975,Ruth,Gutierrez,Doctor 2,2023-08-31
P2006,Frank,Bennett,Doctor 3,2023-08-31
P2034,Nancy,Campbell,Doctor 3,2023-08-31
P2085,Richard,Cruz,Doctor 3,2023-08-31
P2231,Ruth,Parker,Doctor 3,2023-08-31
P0217,Betty,Lopez,Doctor 1,2023-09-01
P0492,Brian,Hernandez,Doctor 1,2023-09-01
P0544,Benjamin,Ortiz,Doctor 2,2023-09-01
P0632,Laura,Kelly,Doctor 3,2023-09-01
P0682,Sarah,Ward,Doctor 2,2023-09-01
P0717,Jessica,Hernandez,Doctor 3,2023-09-01
P0783,Patrick,Ruiz,Doctor 1,2023-09-01
P0871,Dennis,Morales,Doctor 3,2023-09-01
P0966,Samuel,Young,Doctor 2,2023-09-01
P1025,Benjamin,Bailey,Doctor 3,2023-09-01
P1034,Matthew,Brooks,Doctor 2,2023-09-01
P1235,Larry,Diaz,Doctor 1,2023-09-01
P1255,Kevin,Baker,Doctor 2,2023-09-01
P1328,Robert,Kim,Doctor 2,2023-09-01
P1422,Sarah,Wright,Doctor 2,2023-09-01
P1459,Deborah,Murphy,Doctor 3,2023-09-01
P1480,Michelle,Rodriguez,Doctor 2,2023-09-01
P1655,Helen,Hernandez,Doctor 2,2023-09-01
P1815,Kimberly,Gomez,Doctor 3,2023-09-01
P1872,Helen,Green,Doctor 3,2023-09-01
P1897,Mary,Gray,Doctor 2,2023-09-01
P1925,Larry,Kim,Doctor 2,2023-09-01
P1934,Patrick,Green,Doctor 3,2023-09-01
P1960,Raymond,Gomez,Doctor 2,2023-09-01
P2000,Nicholas,Thomas,Doctor 3,2023-09-01
P2040,Steven,Thompson,Doctor 3,2023-09-01
P2295,George,Patel,Doctor 3,2023-09-01
P0233,Jonathan,Gonzalez,Doctor 2,2023-09-02
P0255,Jeffrey,Anderson,Doctor 3,2023-09-02
P0507,Susan,Roberts,Doctor 3,2023-09-02
P0543,Jose,Roberts,Doctor 2,2023-09-02
P0554,Frank,Gomez,Doctor 2,2023-09-02
P0833,Kenneth,Brooks,Doctor 3,2023-09-02
P0925,James,Cooper,Doctor 1,2023-09-02
P0934,Nancy,Peterson,Doctor 3,2023-09-02
P0958,Joshua,Cook,Doctor 1,2023-09-02
P1082,Benjamin,Brown,Doctor 2,2023-09-02
P1185,William,Gutierrez,Doctor 1,2023-09-02
P1289,Laura,Walker,Doctor 2,2023-09-02
P1318,Eric,Wilson,Doctor 1,2023-09-02
P1558,Donna,Hall,Doctor 2,2023-09-02
P1568,Melissa,Martin,Doctor 3,2023-09-02
P1571,Benjamin,Gonzalez,Doctor 3,2023-09-02
P1608,Linda,Clark,Doctor 1,2023-09-02
P1925,Larry,Kim,Doctor 2,2023-09-02
P1930,Susan,Adams,Doctor 3,2023-09-02
P2000,Nicholas,Thomas,Doctor 3,2023-09-02
P2009,Emma,Allen,Doctor 1,2023-09-02
P2167,Frank,Castillo,Doctor 3,2023-09-02
P2213,Nancy,Gonzalez,Doctor 1,2023-09-02
P2220,Melissa,Price,Doctor 3,2023-09-02
P2237,Jacob,Lee,Doctor 1,2023-09-02
P0021,Dorothy,Young,Doctor 3,2023-09-03
P0033,Kenneth,Brown,Doctor 2,2023-09-03
P0195,Sharon,Morgan,Doctor 2,2023-09-03
P0403,Sharon,Thompson,Doctor 1,2023-09-03
P0562,Anthony,Garcia,Doctor 3,2023-09-03
P0671,Mark,Green,Doctor 1,2023-09-03
P0724,James,Lopez,Doctor 1,2023-09-03
P0739,Karen,Cox,Doctor 1,2023-09-03
P0820,Joseph,Patel,Doctor 1,2023-09-03
P0850,James,Sanchez,Doctor 2,2023-09-03
P0908,Ryan,Anderson,Doctor 1,2023-09-03
P1054,Charles,Johnson,Doctor 1,2023-09-03
P1161,Raymond,Brooks,Doctor 1,2023-09-03
P1189,George,Smith,Doctor 3,2023-09-03
P1362,Sandra,Lee,Doctor 2,2023-09-03
P1362,Sandra,Lee,Doctor 1,2023-09-03
P1520,Elizabeth,Garcia,Doctor 2,2023-09-03
P1555,David,Sanders,Doctor 3,2023-09-03
P1687,Jeffrey,Ramos,Doctor 3,2023-09-03
P1741,Christopher,Hill,Doctor 2,2023-09-03
P1772,Tyler,Williams,Doctor 3,2023-09-03
P1838,Mark,Hall,Doctor 3,2023-09-03
P1958,David,Richardson,Doctor 2,2023-09-03
P2064,Larry,Turner,Doctor 3,2023-09-03
P2244,Michelle,Howard,Doctor 3,2023-09-03
P0019,Sharon,Chavez,Doctor 1,2023-09-04
P0038,Michelle,Morris,Doctor 1,2023-09-04
P0065,Joseph,Morgan,Doctor 1,2023-09-04
P0108,Helen,Moore,Doctor 2,2023-09-04
P0130,Richard,Campbell,Doctor 1,2023-09-04
P0206,Jessica,James,Doctor 2,2023-09-04
P0214,Donna,Evans,Doctor 1,2023-09-04
P1155,Ruth,Williams,Doctor 3,2023-09-04
P1193,Shirley,Price,Doctor 3,2023-09-04
P1345,Jessica,Allen,Doctor 2,2023-09-04
P1397,Kimberly,Alvarez,Doctor 3,2023-09-04
P1518,Rebecca,Morris,Doctor 2,2023-09-04
P1620,Barbara,Stewart,Doctor 3,2023-09-04
P1671,Sandra,Sanchez,Doctor 3,2023-09-04
P1717,Edward,White,Doctor 3,2023-09-04
P1798,Raymond,Nguyen,Doctor 1,2023-09-04
P0070,Helen,Flores,Doctor 2,2023-09-05
P0097,Ronald,Murphy,Doctor 1,2023-09-05
P0120,Lisa,Thomas,Doctor 1,2023-09-05
P0243,Laura,Robinson,Doctor 2,2023-09-05
P0245,Helen,Cruz,Doctor 1,2023-09-05
P0295,Jeffrey,Lopez,Doctor 1,2023-09-05
P0415,Carol,Nguyen,Doctor 3,2023-09-05
P0473,Betty,Sanchez,Doctor 2,2023-09-05
P0635,Raymond,Smith,Doctor 2,2023-09-05
P0641,Brenda,Davis,Doctor 3,2023-09-05
P0650,Jack,Richardson,Doctor 1,2023-09-05
P0651,Virginia,Diaz,Doctor 1,2023-09-05
P0668,Aaron,Rodriguez,Doctor 3,2023-09-05
P0748,Jack,Allen,Doctor 2,2023-09-05
P0815,Kevin,Kelly,Doctor 2,2023-09-05
P0815,Kevin,Kelly,Doctor 2,2023-09-05
P0833,Kenneth,Brooks,Doctor 3,2023-09-05
P1043,Jacob,Myers,Doctor 2,2023-09-05
P1217,Barbara,Hall,Doctor 3,2023-09-05
P1273,Donna,Scott,Doctor 2,2023-09-05
P1295,Karen,Alvarez,Doctor 3,2023-09-05
P1395,Donald,Nelson,Doctor 1,2023-09-05
P1452,Sarah,Lopez,Doctor 3,2023-09-05
P1564,Laura,Taylor,Doctor 2,2023-09-05
P1701,Helen,Walker,Doctor 3,2023-09-05
P1801,Susan,Phillips,Doctor 2,2023-09-05
P1820,Mary,Peterson,Doctor 2,2023-09-05
P1928,Kimberly,Moore,Doctor 1,2023-09-05
P1981,Laura,Alvarez,Doctor 3,2023-09-05
P1990,Sandra,Howard,Doctor 3,2023-09-05
P2197,Emma,Reed,Doctor 2,2023-09-05
P0029,Jason,Collins,Doctor 2,2023-09-06
P0088,Anna,Sanders,Doctor 1,2023-09-06
P0089,Virginia,Reed,Doctor 3,2023-09-06
P0112,Sharon,Bennett,Doctor 2,2023-09-06
P0121,Amy,Reed,Doctor 2,2023-09-06
P0268,Karen,Chavez,Doctor 1,2023-09-06
P0337,Michelle,Richardson,Doctor 2,2023-09-06
P0350,Susan,Anderson,Doctor 3,2023-09-06
P0494,Jose,Cook,Doctor 1,2023-09-06
P0501,John,Gonzalez,Doctor 3,2023-09-06
P0531,Patricia,Patel,Doctor 2,2023-09-06
P0536,Richard,Gonzalez,Doctor 1,2023-09-06
P0697,Joshua,Bennett,Doctor 3,2023-09-06
P0767,Aaron,Murphy,Doctor 2,2023-09-06
P0857,Stephen,Phillips,Doctor 3,2023-09-06
P0900,Jessica,Castillo,Doctor 2,2023-09-06
P0975,Susan,Chavez,Doctor 3,2023-09-06
P1042,Laura,Harris,Doctor 1,2023-09-06
P1222,Aaron,Wilson,Doctor 1,2023-09-06
P1311,David,Reyes,Doctor 1,2023-09-06
P1320,Dennis,Sanders,Doctor 3,2023-09-06
P1369,Brenda,Nguyen,Doctor 3,2023-09-06
P1449,Michelle,Watson,Doctor 2,2023-09-06
P1527,George,Edwards,Doctor 1,2023-09-06
P1549,Brandon,Ramos,Doctor 2,2023-09-06
P1758,Jonathan,Ortiz,Doctor 1,2023-09-06
P1772,Tyler,Williams,Doctor 1,2023-09-06
P1779,Deborah,Alvarez,Doctor 3,2023-09-06
P1838,Mark,Hall,Doctor 3,2023-09-06
P1850,Aaron,Thomas,Doctor 2,2023-09-06
P1946,Kathleen,Carter,Doctor 1,2023-09-06
P2125,Amy,Lewis,Doctor 1,2023-09-06
P2177,Kathleen,Flores,Doctor 1,2023-09-06
P2187,Justin,Ortiz,Doctor 3,2023-09-06
P2192,Deborah,Miller,Doctor 2,2023-09-06
P2238,Michelle,Lee,Doctor 1,2023-09-06
P2248,Daniel,Ruiz,Doctor 1,2023-09-06
P0029,Jason,Collins,Doctor 2,2023-09-07
P0049,Steven,Carter,Doctor 2,2023-09-07
P0149,Gary,Richardson,Doctor 3,2023-09-07
P0260,Karen,Sanchez,Doctor 1,2023-09-07
P0307,Raymond,Gutierrez,Doctor 2,2023-09-07
P0611,Matthew,Alvarez,Doctor 3,2023-09-07
P0787,Sandra,Nguyen,Doctor 2,2023-09-07
P0801,Amy,Mendoza,Doctor 1,2023-09-07
P1078,Daniel,Reed,Doctor 2,2023-09-07
P1102,Melissa,Lewis,Doctor 2,2023-09-07
P1137,Amy,Morris,Doctor 1,2023-09-07
P1293,Jeffrey,Edwards,Doctor 1,2023-09-07
P1434,William,Brown,Doctor 1,2023-09-07
P1477,Gary,Cruz,Doctor 1,2023-09-07
P1576,Frank,Williams,Doctor 2,2023-09-07
P1583,John,Chavez,Doctor 3,2023-09-07
P1610,Lisa,Cox,Doctor 1,2023-09-07
P1743,Richard,Lee,Doctor 3,2023-09-07
P1805,Daniel,White,Doctor 2,2023-09-07
P1877,Betty,Price,Doctor 2,2023-09-07
P1884,Jason,Walker,Doctor 3,2023-09-07
P2011,Kenneth,Davis,Doctor 1,2023-09-07
P2045,Alexander,Ramos,Doctor 3,2023-09-07
P2120,Betty,Morales,Doctor 2,2023-09-07
P0010,Sarah,Turner,Doctor 2,2023-09-08
P0036,Sandra,Hill,Doctor 1,2023-09-08
P0112,Sharon,Bennett,Doctor 2,2023-09-08
P0156,George,Campbell,Doctor 2,2023-09-08
P0249,Laura,Hill,Doctor 2,2023-09-08
P0444,Thomas,James,Doctor 1,2023-09-08
P0495,Matthew,Mendoza,Doctor 1,2023-09-08
P0522,Rebecca,Turner,Doctor 3,2023-09-08
P0571,Cynthia,Ruiz,Doctor 2,2023-09-08
P0654,Emma,Bennett,Doctor 3,2023-09-08
P0665,William,Collins,Doctor 2,2023-09-08
P0685,Mary,Harris,Doctor 1,2023-09-08
P0715,Emma,Martin,Doctor 2,2023-09-08
P0728,Mark,Williams,Doctor 1,2023-09-08
P0735,Patricia,Morris,Doctor 2,2023-09-08
P0788,Ronald,Martinez,Doctor 3,2023-09-08
P0974,Sandra,Ortiz,Doctor 3,2023-09-08
P1033,Elizabeth,Castillo,Doctor 2,2023-09-08
P1115,Virginia,Mendoza,Doctor 3,2023-09-08
P1124,Cynthia,Thompson,Doctor 3,2023-09-08
P1256,Patricia,Chavez,Doctor 1,2023-09-08
P1350,Laura,Parker,Doctor 3,2023-09-08
P1455,Patrick,Gomez,Doctor 2,2023-09-08
P1487,Timothy,Brown,Doctor 1,2023-09-08
P1582,Charles,Howard,Doctor 2,2023-09-08
P1676,Carol,Kim,Doctor 2,2023-09-08
P1863,Steven,Collins,Doctor 3,2023-09-08
P1869,Frank,Parker,Doctor 2,2023-09-08
P1883,Donald,Roberts,Doctor 3,2023-09-08
P2009,Emma,Allen,Doctor 1,2023-09-08
P2116,Carol,Kelly,Doctor 1,2023-09-08
P2174,Raymond,Lewis,Doctor 3,2023-09-08
P2174,Raymond,Lewis,Doctor 3,2023-09-08
P2185,Jose,Kelly,Doctor 3,2023-09-08
P0024,Jose,Kim,Doctor 2,2023-09-09
P0035,Sarah,Gutierrez,Doctor 3,2023-09-09
P0038,Michelle,Morris,Doctor 1,2023-09-09
P0122,Richard,Sanchez,Doctor 3,2023-09-09
P0226,Joshua,Cruz,Doctor 3,2023-09-09
P0239,Jonathan,Ruiz,Doctor 1,2023-09-09
P0300,Deborah,Nelson,Doctor 2,2023-09-09
P0340,Michelle,Ortiz,Doctor 1,2023-09-09
P0463,Larry,Gray,Doctor 1,2023-09-09
P0519,Aaron,Baker,Doctor 1,2023-09-09
P0582,Alexander,Clark,Doctor 2,2023-09-09
P0713,Mark,Murphy,Doctor 2,2023-09-09
P0986,Jack,Rogers,Doctor 3,2023-09-09
P1038,Lisa,Adams,Doctor 3,2023-09-09
P1076,Jacob,Roberts,Doctor 2,2023-09-09
P1164,Aaron,Adams,Doctor 3,2023-09-09
P1245,Jerry,White,Doctor 1,2023-09-09
P1258,Kenneth,Flores,Doctor 3,2023-09-09
P1345,Jessica,Allen,Doctor 2,2023-09-09
P1353,Donald,Edwards,Doctor 3,2023-09-09
P1370,Aaron,Campbell,Doctor 2,2023-09-09
P1377,Thomas,Price,Doctor 3,2023-09-09
P1461,Barbara,Reed,Doctor 2,2023-09-09
P1617,Betty,Peterson,Doctor 3,2023-09-09
P1664,Elizabeth,Scott,Doctor 2,2023-09-09
P1686,Tyler,White,Doctor 2,2023-09-09
P1847,Laura,Rivera,Doctor 1,2023-09-09
P1852,Dorothy,Wright,Doctor 1,2023-09-09
P1900,Jonathan,Rivera,Doctor 1,2023-09-09
P1927,Emma,Rogers,Doctor 1,2023-09-09
P1994,Gregory,Brooks,Doctor 1,2023-09-09
P2195,Raymond,Stewart,Doctor 3,2023-09-09
P2209,Kimberly,Brooks,Doctor 2,2023-09-09
P0033,Kenneth,Brown,Doctor 2,2023-09-10
P0157,Deborah,Davis,Doctor 3,2023-09-10
P0187,Anna,Cruz,Doctor 1,2023-09-10
P0521,Patricia,Brooks,Doctor 1,2023-09-10
P0533,Sharon,King,Doctor 2,2023-09-10
P0555,Jessica,Scott,Doctor 3,2023-09-10
P0565,Elizabeth,Williams,Doctor 3,2023-09-10
P0649,Michelle,Ramirez,Doctor 1,2023-09-10
P0757,Gary,Johnson,Doctor 3,2023-09-10
P0826,Amy,Martinez,Doctor 3,2023-09-10
P0861,Sarah,Green,Doctor 2,2023-09-10
P0871,Dennis,Morales,Doctor 3,2023-09-10
P0874,Sharon,Thomas,Doctor 1,2023-09-10
P0880,Jose,Bailey,Doctor 3,2023-09-10
P0890,Melissa,Ruiz,Doctor 2,2023-09-10
P1039,Kenneth,Cook,Doctor 2,2023-09-10
P1054,Charles,Johnson,Doctor 2,2023-09-10
P1105,Betty,Wilson,Doctor 1,2023-09-10
P1188,Mark,Bennett,Doctor 1,2023-09-10
P1322,Alexander,Peterson,Doctor 2,2023-09-10
P1340,Sarah,Brooks,Doctor 2,2023-09-10
P1546,Jacob,Morales,Doctor 3,2023-09-10
P1657,Kathleen,Miller,Doctor 2,2023-09-10
P1997,Cynthia,Cox,Doctor 1,2023-09-10
P2022,Jack,Howard,Doctor 3,2023-09-10
P2093,Charles,Bailey,Doctor 3,2023-09-10
P2161,Christopher,Mitchell,Doctor 2,2023-09-10
P0054,Laura,Peterson,Doctor 2,2023-09-11
P0063,Gregory,Watson,Doctor 3,2023-09-11
P0228,Michelle,Ward,Doctor 2,2023-09-11
P0242,Carol,Gray,Doctor 2,2023-09-11
P0317,John,Castillo,Doctor 1,2023-09-11
P0372,Jason,Brown,Doctor 1,2023-09-11
P0421,Cynthia,Alvarez,Doctor 3,2023-09-11
P0542,Timothy,Alvarez,Doctor 2,2023-09-11
P0617,Donna,Peterson,Doctor 2,2023-09-11
P0688,Jennifer,Cruz,Doctor 2,2023-09-11
P0781,Frank,Cox,Doctor 3,2023-09-11
P0958,Joshua,Cook,Doctor 3,2023-09-11
P1074,Justin,Roberts,Doctor 3,2023-09-11
P1213,Timothy,Johnson,Doctor 2,2023-09-11
P1377,Thomas,Price,Doctor 3,2023-09-11
P1607,Jeffrey,Jones,Doctor 3,2023-09-11
P1607,Jeffrey,Jones,Doctor 2,2023-09-11
P1844,Susan,Miller,Doctor 3,2023-09-11
P1851,Dorothy,Garcia,Doctor 3,2023-09-11
P1967,Anna,Turner,Doctor 2,2023-09-11
P0179,Barbara,Hernandez,Doctor 3,2023-09-12
P0305,Virginia,Harris,Doctor 2,2023-09-12
P0325,Deborah,Martin,Doctor 1,2023-09-12
P0349,Jack,Anderson,Doctor 3,2023-09-12
P0366,Kathleen,Ramirez,Doctor 3,2023-09-12
P0376,Daniel,Price,Doctor 1,2023-09-12
P0378,Donna,Green,Doctor 3,2023-09-12
P0636,Anna,Clark,Doctor 1,2023-09-12
P0751,Sandra,Edwards,Doctor 3,2023-09-12
P0858,Gregory,Castillo,Doctor 3,2023-09-12
P0975,Susan,Chavez,Doctor 3,2023-09-12
P0993,Larry,Bennett,Doctor 1,2023-09-12
P1039,Kenneth,Cook,Doctor 2,2023-09-12
P1300,Michelle,Bailey,Doctor 2,2023-09-12
P1311,David,Reyes,Doctor 3,2023-09-12
P1331,David,Diaz,Doctor 1,2023-09-12
P1362,Sandra,Lee,Doctor 1,2023-09-12
P1363,John,Anderson,Doctor 3,2023-09-12
P1370,Aaron,Campbell,Doctor 2,2023-09-12
P1451,Ruth,Allen,Doctor 1,2023-09-12
P1480,Michelle,Rodriguez,Doctor 2,2023-09-12
P1631,Edward,Walker,Doctor 3,2023-09-12
P1892,Jeffrey,Parker,Doctor 2,2023-09-12
P1954,Tyler,Scott,Doctor 1,2023-09-12
P1956,Samuel,Brown,Doctor 1,2023-09-12
P2052,Frank,Stewart,Doctor 3,2023-09-12
P2065,Thomas,Martinez,Doctor 3,2023-09-12
P2169,Gary,Lopez,Doctor 1,2023-09-12
P2215,Linda,Davis,Doctor 1,2023-09-12
P0002,Betty,Castillo,Doctor 3,2023-09-13
P0032,Gary,Lewis,Doctor 1,2023-09-13
P0067,Karen,Anderson,Doctor 2,2023-09-13
P0093,Kathleen,Chavez,Doctor 3,2023-09-13
P0481,Donna,Miller,Doctor 1,2023-09-13
P0560,Jonathan,Clark,Doctor 2,2023-09-13
P0686,Donna,Lewis,Doctor 3,2023-09-13
P0737,Kenneth,Parker,Doctor 3,2023-09-13
P0772,Jose,Brooks,Doctor 3,2023-09-13
P0774,Jonathan,Flores,Doctor 1,2023-09-13
P0857,Stephen,Phillips,Doctor 3,2023-09-13
P0914,Stephen,Harris,Doctor 1,2023-09-13
P1026,George,Kelly,Doctor 2,2023-09-13
P1134,Raymond,Taylor,Doctor 3,2023-09-13
P1253,Barbara,Kelly,Doctor 3,2023-09-13
P1629,Scott,Hughes,Doctor 1,2023-09-13
P1648,Ruth,Lewis,Doctor 3,2023-09-13
P1728,Samuel,Turner,Doctor 2,2023-09-13
P1756,Rebecca,Richardson,Doctor 2,2023-09-13
P1774,Nicholas,Lee,Doctor 2,2023-09-13
P1798,Raymond,Nguyen,Doctor 1,2023-09-13
P1843,Dorothy,Baker,Doctor 2,2023-09-13
P1878,Daniel,Lee,Doctor 3,2023-09-13
P2035,James,Lee,Doctor 2,2023-09-13
P2136,Matthew,Cruz,Doctor 1,2023-09-13
P2244,Michelle,Howard,Doctor 2,2023-09-13
P0187,Anna,Cruz,Doctor 1,2023-09-14
P0198,Amy,Ramos,Doctor 2,2023-09-14
P0264,Sharon,Lopez,Doctor 1,2023-09-14
P0311,Joseph,Gomez,Doctor 1,2023-09-14
P0313,Jessica,Mitchell,Doctor 2,2023-09-14
P0367,Karen,Edwards,Doctor 1,2023-09-14
P0474,Sarah,Bailey,Doctor 3,2023-09-14
P0726,Justin,Kelly,Doctor 3,2023-09-14
P0772,Jose,Brooks,Doctor 3,2023-09-14
P0884,Ronald,White,Doctor 1,2023-09-14
P0927,Carol,Taylor,Doctor 1,2023-09-14
P1053,Daniel,Miller,Doctor 3,2023-09-14
P1057,Alexander,Cook,Doctor 3,2023-09-14
P1199,Dorothy,Lewis,Doctor 1,2023-09-14
P1238,Sharon,Cook,Doctor 1,2023-09-14
P1311,David,Reyes,Doctor 3,2023-09-14
P1340,Sarah,Brooks,Doctor 2,2023-09-14
P1455,Patrick,Gomez,Doctor 1,2023-09-14
P1509,Kimberly,Diaz,Doctor 1,2023-09-14
P1577,Jessica,Baker,Doctor 3,2023-09-14
P1641,Laura,Richardson,Doctor 2,2023-09-14
P1855,Mary,Gomez,Doctor 1,2023-09-14
P1866,William,Bennett,Doctor 1,2023-09-14
P1944,Jennifer,Reed,Doctor 1,2023-09-14
P1999,Sarah,Collins,Doctor 3,2023-09-14
P2076,Kimberly,King,Doctor 1,2023-09-14
P2080,Karen,Mendoza,Doctor 2,2023-09-14
P2082,Joseph,Phillips,Doctor 1,2023-09-14
P2182,Benjamin,Rogers,Doctor 1,2023-09-14
P2201,Ruth,Diaz,Doctor 1,2023-09-14
P2201,Ruth,Diaz,Doctor 1,2023-09-14
P2222,Brian,Nelson,Doctor 2,2023-09-14
P2234,Patrick,White,Doctor 2,2023-09-14
P2249,Kevin,Gonzalez,Doctor 1,2023-09-14
P0016,Matthew,Howard,Doctor 2,2023-09-15
P0066,Helen,Hill,Doctor 2,2023-09-15
P0089,Virginia,Reed,Doctor 3,2023-09-15
P0138,Michelle,Taylor,Doctor 3,2023-09-15
P0155,Sarah,Sanchez,Doctor 1,2023-09-15
P0203,Jose,Cooper,Doctor 3,2023-09-15
P0230,Benjamin,Carter,Doctor 2,2023-09-15
P0334,Sandra,Myers,Doctor 3,2023-09-15
P0370,Gary,James,Doctor 1,2023-09-15
P0421,Cynthia,Alvarez,Doctor 1,2023-09-15
P0494,Jose,Cook,Doctor 1,2023-09-15
P0538,George,Sanders,Doctor 3,2023-09-15
P0597,Patricia,Perez,Doctor 3,2023-09-15
P0770,Kevin,Phillips,Doctor 3,2023-09-15
P1046,Edward,Evans,Doctor 2,2023-09-15
P1151,Susan,Sanders,Doctor 3,2023-09-15
P1153,Timothy,Wood,Doctor 1,2023-09-15
P1177,Robert,Harris,Doctor 2,2023-09-15
P1238,Sharon,Cook,Doctor 1,2023-09-15
P1462,Virginia,Wilson,Doctor 1,2023-09-15
P1486,Frank,Lewis,Doctor 1,2023-09-15
P1537,Jeffrey,Gonzalez,Doctor 1,2023-09-15
P1790,Anthony,Gonzalez,Doctor 3,2023-09-15
P1862,William,Williams,Doctor 2,2023-09-15
P1883,Donald,Roberts,Doctor 3,2023-09-15
P1964,Patrick,Hill,Doctor 3,2023-09-15
P2128,Eric,Moore,Doctor 2,2023-09-15
P2172,Jessica,Ramos,Doctor 1,2023-09-15
P0024,Jose,Kim,Doctor 2,2023-09-16
P0051,David,Cruz,Doctor 3,2023-09-16
P0206,Jessica,James,Doctor 3,2023-09-16
P0226,Joshua,Cruz,Doctor 3,2023-09-16
P0260,Karen,Sanchez,Doctor 1,2023-09-16
P0333,Mary,Johnson,Doctor 3,2023-09-16
P0393,Brian,Alvarez,Doctor 3,2023-09-16
P0505,Larry,Lewis,Doctor 3,2023-09-16
P0508,Patricia,Myers,Doctor 2,2023-09-16
P0556,Larry,Lopez,Doctor 2,2023-09-16
P0666,Amy,Anderson,Doctor 2,2023-09-16
P0708,Michelle,Perez,Doctor 3,2023-09-16
P0842,Larry,Hall,Doctor 2,2023-09-16
P0972,Brandon,Diaz,Doctor 3,2023-09-16
P1002,Ronald,Ortiz,Doctor 1,2023-09-16
P1022,Jeffrey,Moore,Doctor 1,2023-09-16
P1051,Anthony,Williams,Doctor 3,2023-09-16
P1086,Deborah,Taylor,Doctor 2,2023-09-16
P1105,Betty,Wilson,Doctor 3,2023-09-16
P1248,Jack,Sanders,Doctor 3,2023-09-16
P1383,Patrick,Patel,Doctor 3,2023-09-16
P1466,Anthony,Smith,Doctor 2,2023-09-16
P1543,Rebecca,Cooper,Doctor 2,2023-09-16
P1604,Mark,Patel,Doctor 2,2023-09-16
P2037,Kimberly,Chavez,Doctor 2,2023-09-16
P2120,Betty,Morales,Doctor 2,2023-09-16
P2203,Larry,Roberts,Doctor 2,2023-09-16
P2239,Edward,Garcia,Doctor 3,2023-09-16
P0045,Nancy,Bailey,Doctor 2,2023-09-17
P0064,Karen,Lopez,Doctor 2,2023-09-17
P0101,Linda,Perez,Doctor 1,2023-09-17
P0125,Helen,Perez,Doctor 3,2023-09-17
P0131,Jessica,Edwards,Doctor 2,2023-09-17
P0326,Jerry,Howard,Doctor 1,2023-09-17
P0374,Donna,Baker,Doctor 3,2023-09-17
P0381,John,Gutierrez,Doctor 1,2023-09-17
P0629,Tyler,Mitchell,Doctor 3,2023-09-17
P0678,Raymond,Edwards,Doctor 1,2023-09-17
P0693,Dorothy,Morales,Doctor 2,2023-09-17
P0726,Justin,Kelly,Doctor 3,2023-09-17
P0754,Brian,Adams,Doctor 1,2023-09-17
P0824,Aaron,Harris,Doctor 3,2023-09-17
P0879,Joshua,Jones,Doctor 1,2023-09-17
P0897,Helen,Lee,Doctor 2,2023-09-17
P1013,Elizabeth,Gray,Doctor 3,2023-09-17
P1029,Emma,Morgan,Doctor 3,2023-09-17
P1178,Emma,Sanders,Doctor 1,2023-09-17
P1187,Matthew,Kelly,Doctor 2,2023-09-17
P1191,Helen,Kelly,Doctor 1,2023-09-17
P1257,Deborah,Cook,Doctor 3,2023-09-17
P1368,Cynthia,Morales,Doctor 1,2023-09-17
P1607,Jeffrey,Jones,Doctor 2,2023-09-17
P1660,Michael,Morgan,Doctor 2,2023-09-17
P2020,Angela,Reed,Doctor 1,2023-09-17
P2084,Aaron,Ward,Doctor 1,2023-09-17
P0142,Brandon,Young,Doctor 3,2023-09-18
P0235,David,Ortiz,Doctor 2,2023-09-18
P0348,Carol,Howard,Doctor 2,2023-09-18
P0362,Mary,Robinson,Doctor 1,2023-09-18
P0368,Sharon,Howard,Doctor 2,2023-09-18
P0567,Jennifer,Johnson,Doctor 2,2023-09-18
P0577,Daniel,Brown,Doctor 2,2023-09-18
P0601,Timothy,Rodriguez,Doctor 1,2023-09-18
P0703,Nicholas,Reyes,Doctor 3,2023-09-18
P0778,Tyler,Morales,Doctor 2,2023-09-18
P0907,Benjamin,Nelson,Doctor 1,2023-09-18
P0914,Stephen,Harris,Doctor 3,2023-09-18
P1138,Sharon,Brooks,Doctor 1,2023-09-18
P1170,Jerry,Harris,Doctor 3,2023-09-18
P1291,Betty,Baker,Doctor 1,2023-09-18
P1298,Daniel,Rivera,Doctor 2,2023-09-18
P1334,Andrew,Peterson,Doctor 1,2023-09-18
P1396,Jessica,Mendoza,Doctor 1,2023-09-18
P1443,Jason,Reed,Doctor 2,2023-09-18
P1500,Sandra,Rogers,Doctor 2,2023-09-18
P1519,Benjamin,Green,Doctor 2,2023-09-18
P1605,Shirley,Ruiz,Doctor 3,2023-09-18
P1794,James,Phillips,Doctor 1,2023-09-18
P1858,Stephen,Cooper,Doctor 3,2023-09-18
P1891,Christopher,White,Doctor 3,2023-09-18
P1911,Nancy,Brown,Doctor 2,2023-09-18
P1923,Ruth,Brooks,Doctor 3,2023-09-18
P2059,Jerry,Flores,Doctor 1,2023-09-18
P2110,Joshua,Howard,Doctor 1,2023-09-18
P2183,Helen,Gonzalez,Doctor 1,2023-09-18
P2209,Kimberly,Brooks,Doctor 2,2023-09-18
P2216,Joshua,Edwards,Doctor 3,2023-09-18
P0153,Shirley,Johnson,Doctor 3,2023-09-19
P0169,Kimberly,Carter,Doctor 2,2023-09-19
P0211,Patrick,Gonzalez,Doctor 2,2023-09-19
P0226,Joshua,Cruz,Doctor 3,2023-09-19
P0301,Sharon,Hill,Doctor 2,2023-09-19
P0357,Nicholas,Ruiz,Doctor 1,2023-09-19
P0373,Andrew,Ward,Doctor 3,2023-09-19
P0377,Jack,Wright,Doctor 3,2023-09-19
P0497,Thomas,Ward,Doctor 1,2023-09-19
P0552,Deborah,Moore,Doctor 3,2023-09-19
P0559,Jennifer,Wright,Doctor 2,2023-09-19
P0565,Elizabeth,Williams,Doctor 3,2023-09-19
P0603,Thomas,Adams,Doctor 2,2023-09-19
P0633,Carol,Rodriguez,Doctor 1,2023-09-19
P0639,Jessica,Ramirez,Doctor 2,2023-09-19
P0673,Melissa,Gomez,Doctor 1,2023-09-19
P0800,Jack,Scott,Doctor 3,2023-09-19
P0806,Sarah,Morales,Doctor 1,2023-09-19
P0840,Karen,James,Doctor 3,2023-09-19
P0885,Thomas,Carter,Doctor 2,2023-09-19
P0958,Joshua,Cook,Doctor 3,2023-09-19
P0994,Stephen,Gonzalez,Doctor 3,2023-09-19
P1169,Christopher,King,Doctor 3,2023-09-19
P1291,Betty,Baker,Doctor 1,2023-09-19
P1328,Robert,Kim,Doctor 2,2023-09-19
P1357,Edward,Morgan,Doctor 3,2023-09-19
P1414,Donald,Ward,Doctor 2,2023-09-19
P1416,Donna,Diaz,Doctor 2,2023-09-19
P1422,Sarah,Wright,Doctor 3,2023-09-19
P1431,Patricia,Rivera,Doctor 1,2023-09-19
P1515,Thomas,Harris,Doctor 1,2023-09-19
P1555,David,Sanders,Doctor 1,2023-09-19
P1598,Andrew,Reyes,Doctor 3,2023-09-19
P1631,Edward,Walker,Doctor 2,2023-09-19
P1645,Ruth,Cooper,Doctor 2,2023-09-19
P1681,Dennis,Gray,Doctor 1,2023-09-19
P1712,Nicholas,James,Doctor 3,2023-09-19
P1800,Sandra,Smith,Doctor 2,2023-09-19
P1821,Patricia,Torres,Doctor 1,2023-09-19
P1838,Mark,Hall,Doctor 1,2023-09-19
P1859,Elizabeth,Myers,Doctor 3,2023-09-19
P1870,Samuel,Harris,Doctor 1,2023-09-19
P1918,Carol,Harris,Doctor 2,2023-09-19
P1947,Amy,Roberts,Doctor 2,2023-09-19
P1968,Brenda,Young,Doctor 1,2023-09-19
P2014,Angela,Parker,Doctor 1,2023-09-19
P2113,Betty,Gomez,Doctor 2,2023-09-19
P2197,Emma,Reed,Doctor 2,2023-09-19
P2218,Jeffrey,Nelson,Doctor 3,2023-09-19
P2251,Sarah,Hernandez,Doctor 1,2023-09-19
P2263,Jack,Morgan,Doctor 1,2023-09-19
P2289,Larry,Rodriguez,Doctor 3,2023-09-19
P2299,Daniel,Parker,Doctor 1,2023-09-19
P0019,Sharon,Chavez,Doctor 1,2023-09-20
P0099,Laura,Chavez,Doctor 1,2023-09-20
P0223,Jerry,Watson,Doctor 1,2023-09-20
P0309,Scott,Cruz,Doctor 1,2023-09-20
P0399,Frank,Taylor,Doctor 3,2023-09-20
P0565,Elizabeth,Williams,Doctor 1,2023-09-20
P0623,Lisa,Hughes,Doctor 3,2023-09-20
P0636,Anna,Clark,Doctor 1,2023-09-20
P0651,Virginia,Diaz,Doctor 1,2023-09-20
P0698,Donald,Watson,Doctor 2,2023-09-20
P1007,Nancy,Hughes,Doctor 1,2023-09-20
P1021,Susan,Baker,Doctor 2,2023-09-20
P1130,Tyler,Green,Doctor 2,2023-09-20
P1139,George,Turner,Doctor 3,2023-09-20
P1141,Susan,Martinez,Doctor 1,2023-09-20
P1240,Jacob,Lewis,Doctor 3,2023-09-20
P1325,Ronald,Thompson,Doctor 3,2023-09-20
P1328,Robert,Kim,Doctor 2,2023-09-20
P1345,Jessica,Allen,Doctor 2,2023-09-20
P1370,Aaron,Campbell,Doctor 2,2023-09-20
P1396,Jessica,Mendoza,Doctor 2,2023-09-20
P1427,Emma,Morris,Doctor 1,2023-09-20
P1525,Deborah,Ortiz,Doctor 3,2023-09-20
P1543,Rebecca,Cooper,Doctor 2,2023-09-20
P1737,Barbara,Morris,Doctor 2,2023-09-20
P1818,Sandra,Bennett,Doctor 1,2023-09-20
P1862,William,Williams,Doctor 2,2023-09-20
P1894,Jennifer,Clark,Doctor 1,2023-09-20
P1905,Nicholas,Mendoza,Doctor 1,2023-09-20
P1938,Brian,Parker,Doctor 2,2023-09-20
P1970,Melissa,Evans,Doctor 3,2023-09-20
P2089,Michelle,Thomas,Doctor 3,2023-09-20
P2149,Patricia,Anderson,Doctor 2,2023-09-20
P2222,Brian,Nelson,Doctor 1,2023-09-20
P2272,George,Morales,Doctor 3,2023-09-20
P0151,Sarah,Lee,Doctor 1,2023-09-21
P0194,Thomas,Gutierrez,Doctor 3,2023-09-21
P0276,Samuel,Davis,Doctor 2,2023-09-21
P0301,Sharon,Hill,Doctor 2,2023-09-21
P0629,Tyler,Mitchell,Doctor 2,2023-09-21
P0630,Brandon,Anderson,Doctor 3,2023-09-21
P0764,Ruth,Wilson,Doctor 2,2023-09-21
P0790,Donna,Stewart,Doctor 1,2023-09-21
P0816,Steven,Sanders,Doctor 1,2023-09-21
P0877,Deborah,Torres,Doctor 3,2023-09-21
P0948,Frank,Lopez,Doctor 2,2023-09-21
P0992,Kimberly,Watson,Doctor 3,2023-09-21
P1106,Melissa,Edwards,Doctor 3,2023-09-21
P1152,Richard,Carter,Doctor 1,2023-09-21
P1228,Lisa,Jones,Doctor 1,2023-09-21
P1243,John,Cruz,Doctor 1,2023-09-21
P1312,Cynthia,Reyes,Doctor 2,2023-09-21
P1318,Eric,Wilson,Doctor 1,2023-09-21
P1336,Karen,Baker,Doctor 1,2023-09-21
P1376,Brian,Miller,Doctor 2,2023-09-21
P1515,Thomas,Harris,Doctor 1,2023-09-21
P1517,Benjamin,Roberts,Doctor 1,2023-09-21
P1537,Jeffrey,Gonzalez,Doctor 1,2023-09-21
P1581,Jennifer,Brown,Doctor 1,2023-09-21
P1642,Kathleen,Brooks,Doctor 3,2023-09-21
P1770,Ronald,Roberts,Doctor 3,2023-09-21
P1811,Samuel,Evans,Doctor 2,2023-09-21
P1931,Thomas,Smith,Doctor 3,2023-09-21
P2001,Jessica,Brooks,Doctor 1,2023-09-21
P2039,Jose,Johnson,Doctor 3,2023-09-21
P2193,Betty,Ramirez,Doctor 1,2023-09-21
P0019,Sharon,Chavez,Doctor 3,2023-09-22
P0083,Jennifer,Morgan,Doctor 2,2023-09-22
P0102,Tyler,Chavez,Doctor 1,2023-09-22
P0107,Tyler,Hughes,Doctor 2,2023-09-22
P0466,Andrew,Davis,Doctor 2,2023-09-22
P0520,Laura,Reyes,Doctor 1,2023-09-22
P0563,Sandra,Chavez,Doctor 2,2023-09-22
P0598,Sharon,Stewart,Doctor 3,2023-09-22
P0613,Timothy,Young,Doctor 2,2023-09-22
P0645,Rebecca,Rodriguez,Doctor 1,2023-09-22
P0685,Mary,Harris,Doctor 1,2023-09-22
P0708,Michelle,Perez,Doctor 3,2023-09-22
P0833,Kenneth,Brooks,Doctor 1,2023-09-22
P0942,Larry,Morales,Doctor 1,2023-09-22
P1301,Dennis,Kim,Doctor 1,2023-09-22
P1341,Brenda,Turner,Doctor 2,2023-09-22
P1600,Sandra,Hernandez,Doctor 2,2023-09-22
P1632,Mark,Ruiz,Doctor 1,2023-09-22
P1667,Deborah,Stewart,Doctor 2,2023-09-22
P1681,Dennis,Gray,Doctor 3,2023-09-22
P1863,Steven,Collins,Doctor 2,2023-09-22
P2034,Nancy,Campbell,Doctor 2,2023-09-22
P2052,Frank,Stewart,Doctor 3,2023-09-22
P2153,Carol,Johnson,Doctor 3,2023-09-22
P2268,Aaron,Gonzalez,Doctor 3,2023-09-22
P2269,Amy,Cruz,Doctor 2,2023-09-22
P0085,Sarah,Hughes,Doctor 2,2023-09-23
P0115,Jacob,Jones,Doctor 1,2023-09-23
P0308,Cynthia,Rogers,Doctor 3,2023-09-23
P0362,Mary,Robinson,Doctor 1,2023-09-23
P0395,Raymond,King,Doctor 2,2023-09-23
P0481,Donna,Miller,Doctor 2,2023-09-23
P0572,Joshua,Ramirez,Doctor 1,2023-09-23
P0573,Virginia,Flores,Doctor 2,2023-09-23
P0583,John,Cox,Doctor 3,2023-09-23
P0722,Daniel,Mitchell,Doctor 1,2023-09-23
P0811,Sarah,Stewart,Doctor 2,2023-09-23
P0828,David,Martin,Doctor 3,2023-09-23
P0863,Ruth,Green,Doctor 1,2023-09-23
P0912,Robert,Garcia,Doctor 1,2023-09-23
P1005,Scott,Parker,Doctor 3,2023-09-23
P1172,Gary,Sanchez,Doctor 3,2023-09-23
P1204,Justin,Cruz,Doctor 2,2023-09-23
P1207,Tyler,Rivera,Doctor 3,2023-09-23
P1259,George,White,Doctor 1,2023-09-23
P1331,David,Diaz,Doctor 1,2023-09-23
P1406,George,Johnson,Doctor 1,2023-09-23
P1457,George,Moore,Doctor 1,2023-09-23
P1463,George,Reyes,Doctor 1,2023-09-23
P1562,Donna,Hughes,Doctor 1,2023-09-23
P1576,Frank,Williams,Doctor 1,2023-09-23
P1653,Richard,Robinson,Doctor 2,2023-09-23
P1669,Sarah,Cook,Doctor 1,2023-09-23
P1711,Sarah,Robinson,Doctor 3,2023-09-23
P1713,Benjamin,Miller,Doctor 2,2023-09-23
P1870,Samuel,Harris,Doctor 2,2023-09-23
P1874,Amy,Martin,Doctor 3,2023-09-23
P1886,Mark,Morgan,Doctor 2,2023-09-23
P1907,Justin,Jones,Doctor 1,2023-09-23
P1928,Kimberly,Moore,Doctor 3,2023-09-23
P1941,Stephen,Evans,Doctor 2,2023-09-23
P1965,Brian,Roberts,Doctor 1,2023-09-23
P2009,Emma,Allen,Doctor 1,2023-09-23
P2086,Jose,Campbell,Doctor 1,2023-09-23
P2140,Emma,Wright,Doctor 3,2023-09-23
P2200,Stephen,Rogers,Doctor 1,2023-09-23
P2280,Jerry,Hill,Doctor 3,2023-09-23
P0013,Raymond,Campbell,Doctor 1,2023-09-24
P0050,Anna,Gutierrez,Doctor 1,2023-09-24
P0158,Steven,Martin,Doctor 1,2023-09-24
P0161,Tyler,Robinson,Doctor 3,2023-09-24
P0225,Donna,King,Doctor 1,2023-09-24
P0400,Justin,Carter,Doctor 1,2023-09-24
P0483,Robert,Campbell,Doctor 2,2023-09-24
P0615,Ruth,Hill,Doctor 2,2023-09-24
P0890,Melissa,Ruiz,Doctor 2,2023-09-24
P0907,Benjamin,Nelson,Doctor 1,2023-09-24
P0929,David,Watson,Doctor 1,2023-09-24
P0936,David,Johnson,Doctor 3,2023-09-24
P1030,Stephen,Green,Doctor 2,2023-09-24
P1032,Richard,Cook,Doctor 1,2023-09-24
P1091,Cynthia,Mendoza,Doctor 2,2023-09-24
P1131,Donna,Castillo,Doctor 2,2023-09-24
P1187,Matthew,Kelly,Doctor 2,2023-09-24
P1327,Andrew,Chavez,Doctor 2,2023-09-24
P1353,Donald,Edwards,Doctor 1,2023-09-24
P1365,Mark,Collins,Doctor 2,2023-09-24
P1385,Patricia,Green,Doctor 1,2023-09-24
P1471,Laura,Roberts,Doctor 1,2023-09-24
P1508,Gary,Nguyen,Doctor 3,2023-09-24
P1558,Donna,Hall,Doctor 2,2023-09-24
P1615,Rebecca,Rivera,Doctor 3,2023-09-24
P1627,Matthew,Nguyen,Doctor 1,2023-09-24
P1656,Ruth,Johnson,Doctor 1,2023-09-24
P1725,Susan,Mendoza,Doctor 3,2023-09-24
P1775,William,Rodriguez,Doctor 1,2023-09-24
P1788,Karen,Morgan,Doctor 3,2023-09-24
P1828,Joshua,Williams,Doctor 2,2023-09-24
P1953,Betty,Cook,Doctor 2,2023-09-24
P2006,Frank,Bennett,Doctor 3,2023-09-24
P2034,Nancy,Campbell,Doctor 2,2023-09-24
P2198,Sarah,Mendoza,Doctor 2,2023-09-24
P2240,Charles,Patel,Doctor 2,2023-09-24
P2283,Kenneth,Clark,Doctor 1,2023-09-24
P0257,Charles,Brown,Doctor 1,2023-09-25
P0295,Jeffrey,Lopez,Doctor 1,2023-09-25
P0312,Laura,Brooks,Doctor 1,2023-09-25
P0454,Amy,Lee,Doctor 1,2023-09-25
P0456,Amy,Hill,Doctor 3,2023-09-25
P0522,Rebecca,Turner,Doctor 2,2023-09-25
P0646,Frank,Phillips,Doctor 1,2023-09-25
P0653,Richard,Collins,Doctor 2,2023-09-25
P0654,Emma,Bennett,Doctor 3,2023-09-25
P0668,Aaron,Rodriguez,Doctor 3,2023-09-25
P0683,Alexander,Campbell,Doctor 3,2023-09-25
P0709,Amy,Bailey,Doctor 1,2023-09-25
P0797,Jason,Thomas,Doctor 3,2023-09-25
P0813,John,Wright,Doctor 3,2023-09-25
P0894,Gary,Miller,Doctor 3,2023-09-25
P0894,Gary,Miller,Doctor 3,2023-09-25
P0902,Susan,Wilson,Doctor 2,2023-09-25
P0979,Michelle,Bennett,Doctor 1,2023-09-25
P1104,Charles,Ramos,Doctor 3,2023-09-25
P1108,Andrew,Campbell,Doctor 1,2023-09-25
P1140,Jacob,Hall,Doctor 2,2023-09-25
P1141,Susan,Martinez,Doctor 3,2023-09-25
P1158,Dorothy,Gonzalez,Doctor 3,2023-09-25
P1387,Lisa,Ramos,Doctor 1,2023-09-25
P1394,Alexander,Wilson,Doctor 2,2023-09-25
P1407,Shirley,Garcia,Doctor 1,2023-09-25
P1445,Justin,Martinez,Doctor 3,2023-09-25
P1459,Deborah,Murphy,Doctor 2,2023-09-25
P1551,Timothy,Lewis,Doctor 2,2023-09-25
P1655,Helen,Hernandez,Doctor 2,2023-09-25
P1707,Andrew,Rivera,Doctor 1,2023-09-25
P1863,Steven,Collins,Doctor 2,2023-09-25
P1864,Linda,Adams,Doctor 3,2023-09-25
P1939,Jack,Ortiz,Doctor 2,2023-09-25
P1953,Betty,Cook,Doctor 2,2023-09-25
P2018,Ruth,Phillips,Doctor 1,2023-09-25
P2069,Jose,Smith,Doctor 3,2023-09-25
P2095,Benjamin,Martinez,Doctor 3,2023-09-25
P2121,Gregory,Green,Doctor 1,2023-09-25
P2206,William,Campbell,Doctor 2,2023-09-25
P2233,Elizabeth,Richardson,Doctor 1,2023-09-25
P2271,Elizabeth,Brooks,Doctor 3,2023-09-25
P2286,Deborah,Rivera,Doctor 1,2023-09-25
P0008,Kimberly,Wood,Doctor 3,2023-09-26
P0081,Andrew,Morales,Doctor 2,2023-09-26
P0112,Sharon,Bennett,Doctor 2,2023-09-26
P0113,Mary,Parker,Doctor 3,2023-09-26
P0148,William,Smith,Doctor 3,2023-09-26
P0162,Mark,Hughes,Doctor 1,2023-09-26
P0173,Donald,Cox,Doctor 3,2023-09-26
P0282,Carol,Richardson,Doctor 1,2023-09-26
P0360,Ruth,Kim,Doctor 3,2023-09-26
P0489,Michelle,Patel,Doctor 1,2023-09-26
P0525,Ryan,Wright,Doctor 3,2023-09-26
P0563,Sandra,Chavez,Doctor 2,2023-09-26
P0583,John,Cox,Doctor 2,2023-09-26
P0684,Amy,Hall,Doctor 3,2023-09-26
P0687,Michelle,Sanders,Doctor 3,2023-09-26
P0736,Jason,Ramirez,Doctor 1,2023-09-26
P0854,Scott,Sanchez,Doctor 3,2023-09-26
P0868,Anthony,Allen,Doctor 2,2023-09-26
P0930,Brian,Taylor,Doctor 3,2023-09-26
P0939,Jack,Brown,Doctor 1,2023-09-26
P1085,Karen,Cooper,Doctor 1,2023-09-26
P1097,Charles,Anderson,Doctor 1,2023-09-26
P1124,Cynthia,Thompson,Doctor 3,2023-09-26
P1139,George,Turner,Doctor 3,2023-09-26
P1189,George,Smith,Doctor 3,2023-09-26
P1194,Emma,Morales,Doctor 2,2023-09-26
P1232,Rebecca,Gomez,Doctor 3,2023-09-26
P1274,Rebecca,Price,Doctor 3,2023-09-26
P1333,Sarah,Kim,Doctor 3,2023-09-26
P1378,Betty,Thompson,Doctor 2,2023-09-26
P1495,Helen,Roberts,Doctor 3,2023-09-26
P1546,Jacob,Morales,Doctor 2,2023-09-26
P1670,Donald,Evans,Doctor 3,2023-09-26
P2146,Michael,Rogers,Doctor 3,2023-09-26
P2157,Charles,Jones,Doctor 1,2023-09-26
P2216,Joshua,Edwards,Doctor 2,2023-09-26
P0055,Carol,Mitchell,Doctor 3,2023-09-27
P0107,Tyler,Hughes,Doctor 2,2023-09-27
P0135,Kevin,Johnson,Doctor 2,2023-09-27
P0139,Mary,Nelson,Doctor 2,2023-09-27
P0198,Amy,Ramos,Doctor 2,2023-09-27
P0336,Virginia,Nelson,Doctor 2,2023-09-27
P0488,David,Bailey,Doctor 2,2023-09-27
P0495,Matthew,Mendoza,Doctor 1,2023-09-27
P0518,Jonathan,Morales,Doctor 1,2023-09-27
P0636,Anna,Clark,Doctor 3,2023-09-27
P0706,Jacob,Thompson,Doctor 1,2023-09-27
P0977,Kenneth,Allen,Doctor 1,2023-09-27
P1069,Joshua,Miller,Doctor 1,2023-09-27
P1221,Barbara,Carter,Doctor 2,2023-09-27
P1236,Patrick,Martin,Doctor 3,2023-09-27
P1252,Nancy,Torres,Doctor 2,2023-09-27
P1272,Justin,Thompson,Doctor 3,2023-09-27
P1280,Ryan,Sanchez,Doctor 1,2023-09-27
P1409,Michael,Flores,Doctor 2,2023-09-27
P1468,Robert,Martinez,Doctor 2,2023-09-27
P1562,Donna,Hughes,Doctor 1,2023-09-27
P1591,Melissa,Cruz,Doctor 2,2023-09-27
P1608,Linda,Clark,Doctor 1,2023-09-27
P1683,Rebecca,Anderson,Doctor 3,2023-09-27
P1813,Samuel,Flores,Doctor 3,2023-09-27
P1849,Brenda,Sanders,Doctor 1,2023-09-27
P1947,Amy,Roberts,Doctor 2,2023-09-27
P1977,Ruth,Gomez,Doctor 2,2023-09-27
P2022,Jack,Howard,Doctor 3,2023-09-27
P2235,Mary,Green,Doctor 3,2023-09-27
P2257,Richard,Flores,Doctor 2,2023-09-27
P0046,John,Price,Doctor 3,2023-09-28
P0114,Larry,Flores,Doctor 2,2023-09-28
P0461,Daniel,Murphy,Doctor 3,2023-09-28
P0536,Richard,Gonzalez,Doctor 1,2023-09-28
P0549,Jason,Williams,Doctor 1,2023-09-28
P0556,Larry,Lopez,Doctor 2,2023-09-28
P0591,Thomas,Mendoza,Doctor 1,2023-09-28
P0615,Ruth,Hill,Doctor 2,2023-09-28
P0626,Rebecca,Cruz,Doctor 1,2023-09-28
P0826,Amy,Martinez,Doctor 3,2023-09-28
P0835,Rebecca,King,Doctor 2,2023-09-28
P1008,Alexander,Murphy,Doctor 1,2023-09-28
P1037,Scott,Patel,Doctor 2,2023-09-28
P1168,Edward,Wood,Doctor 3,2023-09-28
P1225,Edward,Lewis,Doctor 2,2023-09-28
P1226,Robert,Phillips,Doctor 2,2023-09-28
P1236,Patrick,Martin,Doctor 3,2023-09-28
P1260,Ruth,Ramos,Doctor 2,2023-09-28
P1313,Gary,Peterson,Doctor 3,2023-09-28
P1445,Justin,Martinez,Doctor 2,2023-09-28
P1470,Barbara,Watson,Doctor 2,2023-09-28
P1477,Gary,Cruz,Doctor 1,2023-09-28
P1497,Brenda,Moore,Doctor 2,2023-09-28
P1851,Dorothy,Garcia,Doctor 3,2023-09-28
P1995,Elizabeth,Cook,Doctor 2,2023-09-28
P2055,Sharon,Allen,Doctor 2,2023-09-28
P2092,Steven,Kim,Doctor 3,2023-09-28
P2206,William,Campbell,Doctor 2,2023-09-28
P0091,Kevin,Stewart,Doctor 1,2023-09-29
P0117,Sandra,Wilson,Doctor 1,2023-09-29
P0120,Lisa,Thomas,Doctor 1,2023-09-29
P0255,Jeffrey,Anderson,Doctor 3,2023-09-29
P0304,Betty,Williams,Doctor 2,2023-09-29
P0475,Timothy,Allen,Doctor 3,2023-09-29
P0485,Shirley,Cox,Doctor 2,2023-09-29
P0498,Justin,Morales,Doctor 2,2023-09-29
P0769,Sharon,Lewis,Doctor 2,2023-09-29
P0993,Larry,Bennett,Doctor 1,2023-09-29
P1009,Eric,Flores,Doctor 2,2023-09-29
P1058,Jason,Carter,Doctor 1,2023-09-29
P1068,Michelle,Turner,Doctor 1,2023-09-29
P1151,Susan,Sanders,Doctor 2,2023-09-29
P1159,Aaron,Carter,Doctor 3,2023-09-29
P1174,Jessica,Martinez,Doctor 2,2023-09-29
P1256,Patricia,Chavez,Doctor 2,2023-09-29
P1257,Deborah,Cook,Doctor 3,2023-09-29
P1440,Larry,Edwards,Doctor 1,2023-09-29
P1442,James,Wright,Doctor 3,2023-09-29
P1444,Daniel,Gomez,Doctor 2,2023-09-29
P1448,Jacob,Hill,Doctor 3,2023-09-29
P1480,Michelle,Rodriguez,Doctor 2,2023-09-29
P1689,Jose,Morris,Doctor 2,2023-09-29
P1752,Richard,Reed,Doctor 3,2023-09-29
P1766,Sharon,Sanders,Doctor 3,2023-09-29
P1844,Susan,Miller,Doctor 3,2023-09-29
P1880,Emma,Nguyen,Doctor 2,2023-09-29
P1899,Shirley,Evans,Doctor 2,2023-09-29
P1916,Michelle,Miller,Doctor 3,2023-09-29
P1939,Jack,Ortiz,Doctor 2,2023-09-29
P2014,Angela,Parker,Doctor 1,2023-09-29
P2067,Cynthia,Garcia,Doctor 2,2023-09-29
P0008,Kimberly,Wood,Doctor 3,2023-09-30
P0010,Sarah,Turner,Doctor 2,2023-09-30
P0139,Mary,Nelson,Doctor 3,2023-09-30
P0185,George,Lee,Doctor 3,2023-09-30
P0197,Dorothy,Anderson,Doctor 1,2023-09-30
P0198,Amy,Ramos,Doctor 2,2023-09-30
P0283,Barbara,Brooks,Doctor 3,2023-09-30
P0295,Jeffrey,Lopez,Doctor 3,2023-09-30
P0338,Cynthia,Nguyen,Doctor 1,2023-09-30
P0375,Samuel,Alvarez,Doctor 2,2023-09-30
P0423,Mary,Cox,Doctor 2,2023-09-30
P0528,Kimberly,Torres,Doctor 2,2023-09-30
P0532,Melissa,Chavez,Doctor 2,2023-09-30
P0534,Nancy,Price,Doctor 2,2023-09-30
P0562,Anthony,Garcia,Doctor 2,2023-09-30
P0676,Carol,Flores,Doctor 1,2023-09-30
P0875,Jonathan,Cruz,Doctor 3,2023-09-30
P0967,Sarah,Moore,Doctor 1,2023-09-30
P1000,James,Lewis,Doctor 3,2023-09-30
P1034,Matthew,Brooks,Doctor 2,2023-09-30
P1096,Ryan,Mendoza,Doctor 1,2023-09-30
P1109,Edward,Johnson,Doctor 3,2023-09-30
P1131,Donna,Castillo,Doctor 2,2023-09-30
P1289,Laura,Walker,Doctor 2,2023-09-30
P1301,Dennis,Kim,Doctor 1,2023-09-30
P1397,Kimberly,Alvarez,Doctor 1,2023-09-30
P1410,Elizabeth,Robinson,Doctor 1,2023-09-30
P1461,Barbara,Reed,Doctor 1,2023-09-30
P1602,Jessica,Smith,Doctor 3,2023-09-30
P1712,Nicholas,James,Doctor 3,2023-09-30
P1724,Benjamin,Rivera,Doctor 1,2023-09-30
P1801,Susan,Phillips,Doctor 1,2023-09-30
P1844,Susan,Miller,Doctor 3,2023-09-30
P1985,Dorothy,Chavez,Doctor 1,2023-09-30
P2071,Rebecca,Ortiz,Doctor 1,2023-09-30
P2178,Andrew,Kim,Doctor 1,2023-09-30
P2208,Jacob,Rodriguez,Doctor 3,2023-09-30
P0006,Deborah,Morris,Doctor 2,2023-10-01
P0039,Linda,Jones,Doctor 1,2023-10-01
P0070,Helen,Flores,Doctor 2,2023-10-01
P0117,Sandra,Wilson,Doctor 2,2023-10-01
P0123,Matthew,Ortiz,Doctor 3,2023-10-01
P0301,Sharon,Hill,Doctor 2,2023-10-01
P0335,Anthony,Morgan,Doctor 1,2023-10-01
P0349,Jack,Anderson,Doctor 3,2023-10-01
P0498,Justin,Morales,Doctor 2,2023-10-01
P0501,John,Gonzalez,Doctor 3,2023-10-01
P0679,Eric,Mitchell,Doctor 2,2023-10-01
P0712,Elizabeth,Davis,Doctor 2,2023-10-01
P0777,Virginia,Hill,Doctor 1,2023-10-01
P0809,Steven,Gonzalez,Doctor 3,2023-10-01
P0834,Ronald,Scott,Doctor 1,2023-10-01
P0858,Gregory,Castillo,Doctor 3,2023-10-01
P0993,Larry,Bennett,Doctor 1,2023-10-01
P1185,William,Gutierrez,Doctor 1,2023-10-01
P1188,Mark,Bennett,Doctor 1,2023-10-01
P1200,Donald,Kelly,Doctor 3,2023-10-01
P1351,Jennifer,Hill,Doctor 3,2023-10-01
P1351,Jennifer,Hill,Doctor 2,2023-10-01
P1388,Betty,Smith,Doctor 2,2023-10-01
P1466,Anthony,Smith,Doctor 2,2023-10-01
P1549,Brandon,Ramos,Doctor 2,2023-10-01
P1574,Cynthia,Allen,Doctor 3,2023-10-01
P1685,Brandon,Alvarez,Doctor 3,2023-10-01
P1698,Kimberly,Taylor,Doctor 3,2023-10-01
P1745,Sarah,Wilson,Doctor 3,2023-10-01
P1853,William,Wilson,Doctor 2,2023-10-01
P1949,Jonathan,Brown,Doctor 1,2023-10-01
P2053,Kimberly,Cook,Doctor 3,2023-10-01
P2174,Raymond,Lewis,Doctor 3,2023-10-01
P0052,Alexander,Kelly,Doctor 2,2023-10-02
P0212,Richard,Anderson,Doctor 2,2023-10-02
P0279,Jennifer,White,Doctor 2,2023-10-02
P0281,Anna,Cook,Doctor 2,2023-10-02
P0410,Gary,Robinson,Doctor 1,2023-10-02
P0431,Jennifer,Allen,Doctor 1,2023-10-02
P0580,Angela,Cruz,Doctor 1,2023-10-02
P0698,Donald,Watson,Doctor 3,2023-10-02
P0713,Mark,Murphy,Doctor 2,2023-10-02
P0770,Kevin,Phillips,Doctor 3,2023-10-02
P0828,David,Martin,Doctor 3,2023-10-02
P0860,Lisa,Castillo,Doctor 2,2023-10-02
P0863,Ruth,Green,Doctor 1,2023-10-02
P0877,Deborah,Torres,Doctor 1,2023-10-02
P0973,Elizabeth,Moore,Doctor 1,2023-10-02
P1096,Ryan,Mendoza,Doctor 1,2023-10-02
P1166,Rebecca,Gray,Doctor 2,2023-10-02
P1170,Jerry,Harris,Doctor 3,2023-10-02
P1292,Melissa,Jones,Doctor 2,2023-10-02
P1371,William,Torres,Doctor 3,2023-10-02
P1387,Lisa,Ramos,Doctor 3,2023-10-02
P1391,Matthew,Parker,Doctor 1,2023-10-02
P1399,Helen,Cooper,Doctor 1,2023-10-02
P1454,Susan,Parker,Doctor 1,2023-10-02
P1543,Rebecca,Cooper,Doctor 1,2023-10-02
P1806,Kenneth,Hill,Doctor 3,2023-10-02
P1976,Brandon,Martin,Doctor 2,2023-10-02
P2049,Cynthia,Bennett,Doctor 3,2023-10-02
P2213,Nancy,Gonzalez,Doctor 1,2023-10-02
P2277,Michael,Ruiz,Doctor 2,2023-10-02
P2291,Elizabeth,Taylor,Doctor 2,2023-10-02
P2293,Donna,Wilson,Doctor 3,2023-10-02
P0142,Brandon,Young,Doctor 3,2023-10-03
P0146,Jessica,Walker,Doctor 3,2023-10-03
P0375,Samuel,Alvarez,Doctor 3,2023-10-03
P0470,Sarah,Richardson,Doctor 1,2023-10-03
P0488,David,Bailey,Doctor 2,2023-10-03
P0548,Larry,Ruiz,Doctor 3,2023-10-03
P0573,Virginia,Flores,Doctor 2,2023-10-03
P0584,Laura,Hughes,Doctor 1,2023-10-03
P0589,Shirley,Young,Doctor 2,2023-10-03
P0610,Jeffrey,Rodriguez,Doctor 1,2023-10-03
P0615,Ruth,Hill,Doctor 1,2023-10-03
P0643,Patricia,Gray,Doctor 3,2023-10-03
P0680,Edward,Wright,Doctor 1,2023-10-03
P0771,Anna,James,Doctor 3,2023-10-03
P0807,Karen,Smith,Doctor 3,2023-10-03
P0832,Alexander,Thompson,Doctor 1,2023-10-03
P0894,Gary,Miller,Doctor 3,2023-10-03
P0941,Melissa,Gonzalez,Doctor 2,2023-10-03
P0957,Jack,Brooks,Doctor 1,2023-10-03
P1080,Nicholas,Evans,Doctor 2,2023-10-03
P1171,Robert,Green,Doctor 2,2023-10-03
P1232,Rebecca,Gomez,Doctor 3,2023-10-03
P1359,Emma,Howard,Doctor 3,2023-10-03
P1432,Jennifer,Martinez,Doctor 3,2023-10-03
P1536,Deborah,Allen,Doctor 3,2023-10-03
P1581,Jennifer,Brown,Doctor 3,2023-10-03
P1658,Amy,Sanchez,Doctor 1,2023-10-03
P1872,Helen,Green,Doctor 2,2023-10-03
P1914,Jessica,Perez,Doctor 1,2023-10-03
P1997,Cynthia,Cox,Doctor 2,2023-10-03
P2084,Aaron,Ward,Doctor 1,2023-10-03
P2156,Stephen,Torres,Doctor 3,2023-10-03
P0064,Karen,Lopez,Doctor 3,2023-10-04
P0110,Kenneth,Hernandez,Doctor 2,2023-10-04
P0124,Carol,Green,Doctor 2,2023-10-04
P0170,Jessica,Lee,Doctor 2,2023-10-04
P0193,Samuel,Jones,Doctor 3,2023-10-04
P0194,Thomas,Gutierrez,Doctor 3,2023-10-04
P0206,Jessica,James,Doctor 3,2023-10-04
P0211,Patrick,Gonzalez,Doctor 2,2023-10-04
P0377,Jack,Wright,Doctor 1,2023-10-04
P0414,Nancy,White,Doctor 1,2023-10-04
P0533,Sharon,King,Doctor 2,2023-10-04
P0588,Steven,Richardson,Doctor 1,2023-10-04
P0999,Ryan,Castillo,Doctor 2,2023-10-04
P1089,Aaron,Bailey,Doctor 2,2023-10-04
P1121,Jerry,Rivera,Doctor 1,2023-10-04
P1207,Tyler,Rivera,Doctor 3,2023-10-04
P1247,Nancy,Allen,Doctor 3,2023-10-04
P1267,Gregory,Ruiz,Doctor 3,2023-10-04
P1384,Stephen,Jones,Doctor 3,2023-10-04
P1459,Deborah,Murphy,Doctor 2,2023-10-04
P1540,Frank,Martinez,Doctor 1,2023-10-04
P1545,Sharon,Hughes,Doctor 3,2023-10-04
P1668,Frank,Ramos,Doctor 2,2023-10-04
P2005,Jennifer,Williams,Doctor 2,2023-10-04
P2050,Stephen,Thompson,Doctor 2,2023-10-04
P2092,Steven,Kim,Doctor 3,2023-10-04
P2148,Jacob,King,Doctor 3,2023-10-04
P2165,Mary,Phillips,Doctor 2,2023-10-04
P2177,Kathleen,Flores,Doctor 1,2023-10-04
P0018,Carol,Nelson,Doctor 2,2023-10-05
P0477,Virginia,White,Doctor 2,2023-10-05
P0515,Kathleen,Alvarez,Doctor 2,2023-10-05
P0538,George,Sanders,Doctor 3,2023-10-05
P0586,Ryan,Lee,Doctor 2,2023-10-05
P0615,Ruth,Hill,Doctor 1,2023-10-05
P0717,Jessica,Hernandez,Doctor 3,2023-10-05
P0750,Edward,Morris,Doctor 2,2023-10-05
P0773,Deborah,Bailey,Doctor 1,2023-10-05
P0926,Tyler,Wood,Doctor 3,2023-10-05
P0992,Kimberly,Watson,Doctor 3,2023-10-05
P1022,Jeffrey,Moore,Doctor 1,2023-10-05
P1144,Daniel,Scott,Doctor 2,2023-10-05
P1362,Sandra,Lee,Doctor 1,2023-10-05
P1418,David,Lee,Doctor 2,2023-10-05
P1500,Sandra,Rogers,Doctor 3,2023-10-05
P1577,Jessica,Baker,Doctor 3,2023-10-05
P1613,Kathleen,Mendoza,Doctor 1,2023-10-05
P1785,Kimberly,Perez,Doctor 3,2023-10-05
P1824,Kimberly,Parker,Doctor 2,2023-10-05
P1853,William,Wilson,Doctor 2,2023-10-05
P2111,James,Ramos,Doctor 1,2023-10-05
P2141,Jose,Young,Doctor 3,2023-10-05
P2143,Joseph,White,Doctor 3,2023-10-05
P2158,Eric,Ramirez,Doctor 3,2023-10-05
P2273,Patrick,King,Doctor 1,2023-10-05
P2275,Steven,Castillo,Doctor 2,2023-10-05
P0008,Kimberly,Wood,Doctor 3,2023-10-06
P0044,Helen,Anderson,Doctor 2,2023-10-06
P0074,Kenneth,Myers,Doctor 2,2023-10-06
P0078,Jessica,Harris,Doctor 2,2023-10-06
P0103,Andrew,Gray,Doctor 1,2023-10-06
P0180,Nicholas,Rodriguez,Doctor 2,2023-10-06
P0190,Justin,Ramos,Doctor 1,2023-10-06
P0309,Scott,Cruz,Doctor 3,2023-10-06
P0563,Sandra,Chavez,Doctor 2,2023-10-06
P0644,Sandra,Gomez,Doctor 3,2023-10-06
P0852,Justin,Hughes,Doctor 3,2023-10-06
P0997,Jacob,Turner,Doctor 2,2023-10-06
P1112,Charles,Lewis,Doctor 3,2023-10-06
P1201,Melissa,Patel,Doctor 1,2023-10-06
P1207,Tyler,Rivera,Doctor 3,2023-10-06
P1343,Ronald,Young,Doctor 2,2023-10-06
P1468,Robert,Martinez,Doctor 2,2023-10-06
P1508,Gary,Nguyen,Doctor 1,2023-10-06
P1527,George,Edwards,Doctor 1,2023-10-06
P1535,Michelle,Cox,Doctor 2,2023-10-06
P1574,Cynthia,Allen,Doctor 2,2023-10-06
P1760,Betty,Young,Doctor 1,2023-10-06
P1763,Gary,Bennett,Doctor 3,2023-10-06
P1877,Betty,Price,Doctor 3,2023-10-06
P1891,Christopher,White,Doctor 3,2023-10-06
P1896,Kenneth,Anderson,Doctor 1,2023-10-06
P1992,Stephen,Cruz,Doctor 1,2023-10-06
P2072,Angela,Phillips,Doctor 3,2023-10-06
P2119,John,Johnson,Doctor 3,2023-10-06
P2148,Jacob,King,Doctor 3,2023-10-06
P2168,Deborah,Ramirez,Doctor 3,2023-10-06
P2258,Justin,Price,Doctor 3,2023-10-06
P0003,Karen,Torres,Doctor 3,2023-10-07
P0176,Richard,Ruiz,Doctor 1,2023-10-07
P0225,Donna,King,Doctor 3,2023-10-07
P0252,Kathleen,James,Doctor 1,2023-10-07
P0252,Kathleen,James,Doctor 2,2023-10-07
P0269,Sharon,Miller,Doctor 1,2023-10-07
P0296,Dennis,Nguyen,Doctor 2,2023-10-07
P0409,George,Wilson,Doctor 3,2023-10-07
P0427,Helen,Patel,Doctor 3,2023-10-07
P0428,Jennifer,Myers,Doctor 1,2023-10-07
P0607,Carol,Reed,Doctor 3,2023-10-07
P0612,Larry,Price,Doctor 2,2023-10-07
P0667,Brenda,Hill,Doctor 3,2023-10-07
P0705,Sharon,Garcia,Doctor 1,2023-10-07
P0764,Ruth,Wilson,Doctor 2,2023-10-07
P0798,Karen,King,Doctor 2,2023-10-07
P0810,Helen,Adams,Doctor 3,2023-10-07
P0827,Justin,Kim,Doctor 3,2023-10-07
P0849,Jonathan,Williams,Doctor 1,2023-10-07
P0937,Thomas,Hughes,Doctor 3,2023-10-07
P0986,Jack,Rogers,Doctor 3,2023-10-07
P1003,Brandon,Green,Doctor 3,2023-10-07
P1017,Linda,Wilson,Doctor 3,2023-10-07
P1118,Christopher,Young,Doctor 2,2023-10-07
P1137,Amy,Morris,Doctor 1,2023-10-07
P1183,Benjamin,Williams,Doctor 1,2023-10-07
P1298,Daniel,Rivera,Doctor 2,2023-10-07
P1556,Kathleen,Edwards,Doctor 1,2023-10-07
P1614,Sharon,Hall,Doctor 2,2023-10-07
P1737,Barbara,Morris,Doctor 2,2023-10-07
P1747,Brenda,Gomez,Doctor 2,2023-10-07
P1782,Brian,Walker,Doctor 3,2023-10-07
P1793,James,Hughes,Doctor 1,2023-10-07
P1919,Helen,Allen,Doctor 3,2023-10-07
P2083,Brenda,Gonzalez,Doctor 3,2023-10-07
P2118,Jennifer,Flores,Doctor 3,2023-10-07
P2149,Patricia,Anderson,Doctor 1,2023-10-07
P2152,Charles,Bennett,Doctor 3,2023-10-07
P0054,Laura,Peterson,Doctor 2,2023-10-08
P0058,Scott,Smith,Doctor 3,2023-10-08
P0126,John,Wilson,Doctor 2,2023-10-08
P0278,Karen,Hall,Doctor 3,2023-10-08
P0378,Donna,Green,Doctor 3,2023-10-08
P0402,Sandra,Ramirez,Doctor 1,2023-10-08
P0467,Aaron,Allen,Doctor 2,2023-10-08
P0558,Anna,Ramirez,Doctor 2,2023-10-08
P0595,Deborah,Watson,Doctor 1,2023-10-08
P0890,Melissa,Ruiz,Doctor 2,2023-10-08
P0894,Gary,Miller,Doctor 3,2023-10-08
P0917,George,Diaz,Doctor 2,2023-10-08
P1127,Helen,Stewart,Doctor 2,2023-10-08
P1162,Cynthia,Gonzalez,Doctor 2,2023-10-08
P1266,Anthony,Thomas,Doctor 1,2023-10-08
P1318,Eric,Wilson,Doctor 3,2023-10-08
P1376,Brian,Miller,Doctor 2,2023-10-08
P1410,Elizabeth,Robinson,Doctor 1,2023-10-08
P1456,Kathleen,Ortiz,Doctor 1,2023-10-08
P1802,Brenda,Nelson,Doctor 3,2023-10-08
P1829,Charles,Torres,Doctor 2,2023-10-08
P1887,Joshua,Wright,Doctor 1,2023-10-08
P1932,Alexander,Robinson,Doctor 1,2023-10-08
P1948,Timothy,Edwards,Doctor 2,2023-10-08
P1992,Stephen,Cruz,Doctor 1,2023-10-08
P2022,Jack,Howard,Doctor 3,2023-10-08
P2120,Betty,Morales,Doctor 2,2023-10-08
P2138,Melissa,Castillo,Doctor 2,2023-10-08
P2257,Richard,Flores,Doctor 2,2023-10-08
P0117,Sandra,Wilson,Doctor 2,2023-10-09
P0154,Patricia,Wood,Doctor 2,2023-10-09
P0164,Mary,Jackson,Doctor 2,2023-10-09
P0263,Amy,Garcia,Doctor 1,2023-10-09
P0273,Laura,Martin,Doctor 2,2023-10-09
P0338,Cynthia,Nguyen,Doctor 3,2023-10-09
P0414,Nancy,White,Doctor 1,2023-10-09
P0576,Jeffrey,Jackson,Doctor 1,2023-10-09
P0695,Dorothy,Hernandez,Doctor 2,2023-10-09
P0706,Jacob,Thompson,Doctor 2,2023-10-09
P0807,Karen,Smith,Doctor 2,2023-10-09
P0808,Scott,Lee,Doctor 3,2023-10-09
P0870,Robert,Perez,Doctor 3,2023-10-09
P1141,Susan,Martinez,Doctor 1,2023-10-09
P1174,Jessica,Martinez,Doctor 1,2023-10-09
P1182,Matthew,Price,Doctor 3,2023-10-09
P1213,Timothy,Johnson,Doctor 1,2023-10-09
P1248,Jack,Sanders,Doctor 2,2023-10-09
P1414,Donald,Ward,Doctor 3,2023-10-09
P1442,James,Wright,Doctor 3,2023-10-09
P1501,Sandra,Ramos,Doctor 2,2023-10-09
P1531,Michelle,Campbell,Doctor 3,2023-10-09
P1597,Jessica,Davis,Doctor 1,2023-10-09
P1648,Ruth,Lewis,Doctor 3,2023-10-09
P1725,Susan,Mendoza,Doctor 3,2023-10-09
P1758,Jonathan,Ortiz,Doctor 1,2023-10-09
P1825,Brenda,Sanchez,Doctor 2,2023-10-09
P1846,Joseph,Lee,Doctor 3,2023-10-09
P1909,Jacob,Anderson,Doctor 3,2023-10-09
P1935,Ruth,Ruiz,Doctor 2,2023-10-09
P2047,Rebecca,Wood,Doctor 1,2023-10-09
P2076,Kimberly,King,Doctor 1,2023-10-09
P2130,Shirley,Richardson,Doctor 1,2023-10-09
P2139,Barbara,Green,Doctor 2,2023-10-09
P2262,Susan,Kim,Doctor 1,2023-10-09
P2272,George,Morales,Doctor 2,2023-10-09
P0031,Samuel,Bennett,Doctor 3,2023-10-10
P0117,Sandra,Wilson,Doctor 1,2023-10-10
P0134,Brian,Gutierrez,Doctor 1,2023-10-10
P0168,Ruth,Taylor,Doctor 1,2023-10-10
P0173,Donald,Cox,Doctor 2,2023-10-10
P0269,Sharon,Miller,Doctor 3,2023-10-10
P0357,Nicholas,Ruiz,Doctor 1,2023-10-10
P0535,Kimberly,Anderson,Doctor 2,2023-10-10
P0603,Thomas,Adams,Doctor 2,2023-10-10
P0625,Emma,Mitchell,Doctor 2,2023-10-10
P0639,Jessica,Ramirez,Doctor 2,2023-10-10
P0670,Jeffrey,Cox,Doctor 3,2023-10-10
P0678,Raymond,Edwards,Doctor 1,2023-10-10
P0730,Dennis,Ward,Doctor 1,2023-10-10
P1194,Emma,Morales,Doctor 2,2023-10-10
P1321,Matthew,Taylor,Doctor 1,2023-10-10
P1514,Patrick,Taylor,Doctor 3,2023-10-10
P1575,Brenda,Price,Doctor 1,2023-10-10
P1577,Jessica,Baker,Doctor 3,2023-10-10
P1687,Jeffrey,Ramos,Doctor 3,2023-10-10
P1732,Emma,Lewis,Doctor 1,2023-10-10
P1861,Sharon,Clark,Doctor 3,2023-10-10
P1959,Kimberly,Lewis,Doctor 1,2023-10-10
P2081,Donna,Morgan,Doctor 3,2023-10-10
P2119,John,Johnson,Doctor 3,2023-10-10
P2134,Elizabeth,King,Doctor 3,2023-10-10
P2153,Carol,Johnson,Doctor 3,2023-10-10
P2202,Dorothy,Allen,Doctor 1,2023-10-10
P2234,Patrick,White,Doctor 2,2023-10-10
P0011,Frank,Garcia,Doctor 2,2023-10-11
P0040,Patrick,Rivera,Doctor 2,2023-10-11
P0348,Carol,Howard,Doctor 3,2023-10-11
P0413,Mark,White,Doctor 2,2023-10-11
P0443,Nancy,Sanders,Doctor 3,2023-10-11
P0503,Susan,Wood,Doctor 3,2023-10-11
P0526,Matthew,Smith,Doctor 1,2023-10-11
P0590,Matthew,Mitchell,Doctor 3,2023-10-11
P0676,Carol,Flores,Doctor 1,2023-10-11
P0704,Joseph,Rogers,Doctor 1,2023-10-11
P0778,Tyler,Morales,Doctor 3,2023-10-11
P0869,Ruth,Thomas,Doctor 3,2023-10-11
P0907,Benjamin,Nelson,Doctor 2,2023-10-11
P0917,George,Diaz,Doctor 2,2023-10-11
P0923,Donna,Ramirez,Doctor 2,2023-10-11
P0975,Susan,Chavez,Doctor 3,2023-10-11
P0987,Jonathan,Scott,Doctor 1,2023-10-11
P1001,Ryan,Wood,Doctor 1,2023-10-11
P1035,Jeffrey,Peterson,Doctor 3,2023-10-11
P1044,Eric,Taylor,Doctor 1,2023-10-11
P1090,Susan,Scott,Doctor 2,2023-10-11
P1167,James,Patel,Doctor 3,2023-10-11
P1184,Shirley,Chavez,Doctor 2,2023-10-11
P1216,Jeffrey,Allen,Doctor 1,2023-10-11
P1246,Frank,Alvarez,Doctor 2,2023-10-11
P1258,Kenneth,Flores,Doctor 3,2023-10-11
P1278,Gregory,Sanders,Doctor 3,2023-10-11
P1337,Betty,Evans,Doctor 3,2023-10-11
P1433,George,Scott,Doctor 2,2023-10-11
P1627,Matthew,Nguyen,Doctor 3,2023-10-11
P1632,Mark,Ruiz,Doctor 2,2023-10-11
P1663,Amy,King,Doctor 3,2023-10-11
P1769,Jason,Moore,Doctor 2,2023-10-11
P1812,Deborah,Cruz,Doctor 2,2023-10-11
P2023,Eric,Ramos,Doctor 2,2023-10-11
P2064,Larry,Turner,Doctor 3,2023-10-11
P2118,Jennifer,Flores,Doctor 2,2023-10-11
P2135,Eric,Kelly,Doctor 1,2023-10-11
P2150,Karen,Reed,Doctor 1,2023-10-11
P2161,Christopher,Mitchell,Doctor 2,2023-10-11
P0016,Matthew,Howard,Doctor 2,2023-10-12
P0257,Charles,Brown,Doctor 3,2023-10-12
P0354,Aaron,Gomez,Doctor 3,2023-10-12
P0444,Thomas,James,Doctor 1,2023-10-12
P0517,Donna,James,Doctor 1,2023-10-12
P0724,James,Lopez,Doctor 2,2023-10-12
P0736,Jason,Ramirez,Doctor 1,2023-10-12
P0750,Edward,Morris,Doctor 2,2023-10-12
P0844,Michelle,Garcia,Doctor 2,2023-10-12
P0889,Scott,Martinez,Doctor 1,2023-10-12
P0934,Nancy,Peterson,Doctor 3,2023-10-12
P1079,Helen,Gomez,Doctor 2,2023-10-12
P1151,Susan,Sanders,Doctor 2,2023-10-12
P1201,Melissa,Patel,Doctor 1,2023-10-12
P1322,Alexander,Peterson,Doctor 2,2023-10-12
P1387,Lisa,Ramos,Doctor 3,2023-10-12
P1468,Robert,Martinez,Doctor 2,2023-10-12
P1519,Benjamin,Green,Doctor 1,2023-10-12
P1521,Larry,Cook,Doctor 1,2023-10-12
P1562,Donna,Hughes,Doctor 3,2023-10-12
P1693,Angela,Reyes,Doctor 3,2023-10-12
P1703,Dorothy,Clark,Doctor 2,2023-10-12
P1713,Benjamin,Miller,Doctor 1,2023-10-12
P1733,Joseph,Taylor,Doctor 2,2023-10-12
P1805,Daniel,White,Doctor 2,2023-10-12
P1846,Joseph,Lee,Doctor 3,2023-10-12
P1901,Jacob,Hughes,Doctor 2,2023-10-12
P2096,Lisa,Jackson,Doctor 2,2023-10-12
P2131,Laura,Myers,Doctor 3,2023-10-12
P2189,Brian,Morales,Doctor 1,2023-10-12
P2217,Donna,Edwards,Doctor 3,2023-10-12
P2261,Charles,Mendoza,Doctor 2,2023-10-12
P0089,Virginia,Reed,Doctor 2,2023-10-13
P0113,Mary,Parker,Doctor 3,2023-10-13
P0125,Helen,Perez,Doctor 2,2023-10-13
P0216,Benjamin,Wilson,Doctor 3,2023-10-13
P0338,Cynthia,Nguyen,Doctor 3,2023-10-13
P0667,Brenda,Hill,Doctor 3,2023-10-13
P0676,Carol,Flores,Doctor 1,2023-10-13
P0743,Gregory,Chavez,Doctor 1,2023-10-13
P0853,Helen,Price,Doctor 2,2023-10-13
P0918,Michael,Sanders,Doctor 3,2023-10-13
P0930,Brian,Taylor,Doctor 3,2023-10-13
P0938,Sharon,Wilson,Doctor 2,2023-10-13
P0982,Ryan,Jackson,Doctor 3,2023-10-13
P1029,Emma,Morgan,Doctor 1,2023-10-13
P1201,Melissa,Patel,Doctor 2,2023-10-13
P1203,Jack,Martin,Doctor 1,2023-10-13
P1323,Tyler,Jackson,Doctor 1,2023-10-13
P1438,Cynthia,Perez,Doctor 3,2023-10-13
P1456,Kathleen,Ortiz,Doctor 1,2023-10-13
P1459,Deborah,Murphy,Doctor 2,2023-10-13
P1511,Michelle,Evans,Doctor 3,2023-10-13
P1583,John,Chavez,Doctor 3,2023-10-13
P1639,Gary,Cook,Doctor 1,2023-10-13
P1682,Matthew,Murphy,Doctor 3,2023-10-13
P1847,Laura,Rivera,Doctor 1,2023-10-13
P1884,Jason,Walker,Doctor 3,2023-10-13
P1890,Daniel,Myers,Doctor 2,2023-10-13
P2008,Linda,Thompson,Doctor 3,2023-10-13
P2047,Rebecca,Wood,Doctor 1,2023-10-13
P2181,Anna,Hernandez,Doctor 2,2023-10-13
P2231,Ruth,Parker,Doctor 3,2023-10-13
P2234,Patrick,White,Doctor 2,2023-10-13
P0292,Frank,Thomas,Doctor 3,2023-10-14
P0409,George,Wilson,Doctor 3,2023-10-14
P0413,Mark,White,Doctor 2,2023-10-14
P0454,Amy,Lee,Doctor 3,2023-10-14
P0498,Justin,Morales,Doctor 1,2023-10-14
P0524,Michelle,Kim,Doctor 2,2023-10-14
P0674,Anna,Reed,Doctor 3,2023-10-14
P0705,Sharon,Garcia,Doctor 1,2023-10-14
P0768,Sarah,Rodriguez,Doctor 3,2023-10-14
P0777,Virginia,Hill,Doctor 1,2023-10-14
P0787,Sandra,Nguyen,Doctor 2,2023-10-14
P0864,Brian,Collins,Doctor 2,2023-10-14
P0987,Jonathan,Scott,Doctor 1,2023-10-14
P1170,Jerry,Harris,Doctor 2,2023-10-14
P1205,Tyler,Lewis,Doctor 1,2023-10-14
P1356,Betty,Carter,Doctor 2,2023-10-14
P1378,Betty,Thompson,Doctor 2,2023-10-14
P1389,Carol,Williams,Doctor 1,2023-10-14
P1399,Helen,Cooper,Doctor 1,2023-10-14
P1431,Patricia,Rivera,Doctor 3,2023-10-14
P1548,Virginia,Torres,Doctor 2,2023-10-14
P1568,Melissa,Martin,Doctor 2,2023-10-14
P1576,Frank,Williams,Doctor 3,2023-10-14
P1619,Susan,Sanchez,Doctor 1,2023-10-14
P1700,Tyler,Ortiz,Doctor 3,2023-10-14
P1792,Nancy,Hall,Doctor 1,2023-10-14
P1821,Patricia,Torres,Doctor 2,2023-10-14
P1835,Nicholas,Sanchez,Doctor 3,2023-10-14
P2061,Jessica,Martin,Doctor 3,2023-10-14
P2135,Eric,Kelly,Doctor 3,2023-10-14
P2194,Donald,Morgan,Doctor 2,2023-10-14
P2203,Larry,Roberts,Doctor 2,2023-10-14
P2221,Michael,Robinson,Doctor 2,2023-10-14
P2229,Angela,Nguyen,Doctor 1,2023-10-14
P2271,Elizabeth,Brooks,Doctor 3,2023-10-14
P0116,Nancy,Williams,Doctor 3,2023-10-15
P0195,Sharon,Morgan,Doctor 1,2023-10-15
P0208,Sarah,Morgan,Doctor 2,2023-10-15
P0307,Raymond,Gutierrez,Doctor 2,2023-10-15
P0331,Tyler,Torres,Doctor 2,2023-10-15
P0416,Jeffrey,Castillo,Doctor 2,2023-10-15
P0514,Frank,Hill,Doctor 1,2023-10-15
P0603,Thomas,Adams,Doctor 2,2023-10-15
P0619,Joseph,Robinson,Doctor 3,2023-10-15
P0628,Steven,Ortiz,Doctor 3,2023-10-15
P0722,Daniel,Mitchell,Doctor 1,2023-10-15
P0780,Justin,Miller,Doctor 1,2023-10-15
P0815,Kevin,Kelly,Doctor 3,2023-10-15
P0830,Nancy,Lewis,Doctor 1,2023-10-15
P0858,Gregory,Castillo,Doctor 3,2023-10-15
P0907,Benjamin,Nelson,Doctor 1,2023-10-15
P1047,Charles,Murphy,Doctor 1,2023-10-15
P1048,Gary,Rivera,Doctor 3,2023-10-15
P1137,Amy,Morris,Doctor 1,2023-10-15
P1139,George,Turner,Doctor 3,2023-10-15
P1233,Melissa,Adams,Doctor 3,2023-10-15
P1278,Gregory,Sanders,Doctor 3,2023-10-15
P1295,Karen,Alvarez,Doctor 3,2023-10-15
P1415,Matthew,Cook,Doctor 1,2023-10-15
P1434,William,Brown,Doctor 1,2023-10-15
P1577,Jessica,Baker,Doctor 3,2023-10-15
P1618,Frank,Howard,Doctor 1,2023-10-15
P1640,Jacob,Nelson,Doctor 1,2023-10-15
P1720,Jennifer,Torres,Doctor 1,2023-10-15
P1859,Elizabeth,Myers,Doctor 3,2023-10-15
P1971,Richard,Moore,Doctor 3,2023-10-15
P1986,Eric,King,Doctor 3,2023-10-15
P2023,Eric,Ramos,Doctor 2,2023-10-15
P2054,Angela,Howard,Doctor 3,2023-10-15
P2091,Tyler,Hill,Doctor 2,2023-10-15
P2093,Charles,Bailey,Doctor 3,2023-10-15
P2109,Andrew,Wright,Doctor 3,2023-10-15
P2117,Nancy,Adams,Doctor 2,2023-10-15
P2133,Brandon,Edwards,Doctor 2,2023-10-15
P2155,Linda,Brown,Doctor 3,2023-10-15
P2223,Thomas,Martin,Doctor 1,2023-10-15
P2231,Ruth,Parker,Doctor 3,2023-10-15
P2248,Daniel,Ruiz,Doctor 2,2023-10-15
P0078,Jessica,Harris,Doctor 2,2023-10-16
P0127,Helen,Wright,Doctor 2,2023-10-16
P0332,Kimberly,Rodriguez,Doctor 3,2023-10-16
P0358,Jason,Martinez,Doctor 3,2023-10-16
P0471,Susan,Castillo,Doctor 2,2023-10-16
P0478,Brian,Hughes,Doctor 2,2023-10-16
P0648,Kimberly,Allen,Doctor 3,2023-10-16
P0651,Virginia,Diaz,Doctor 2,2023-10-16
P0771,Anna,James,Doctor 3,2023-10-16
P0800,Jack,Scott,Doctor 3,2023-10-16
P0870,Robert,Perez,Doctor 2,2023-10-16
P0938,Sharon,Wilson,Doctor 2,2023-10-16
P1109,Edward,Johnson,Doctor 3,2023-10-16
P1142,Patrick,Sanchez,Doctor 1,2023-10-16
P1222,Aaron,Wilson,Doctor 1,2023-10-16
P1254,Cynthia,Diaz,Doctor 1,2023-10-16
P1308,Carol,Sanchez,Doctor 2,2023-10-16
P1378,Betty,Thompson,Doctor 2,2023-10-16
P1516,Lisa,Edwards,Doctor 3,2023-10-16
P1659,Lisa,Rivera,Doctor 2,2023-10-16
P1665,Daniel,Nguyen,Doctor 1,2023-10-16
P1976,Brandon,Martin,Doctor 2,2023-10-16
P2052,Frank,Stewart,Doctor 3,2023-10-16
P2053,Kimberly,Cook,Doctor 1,2023-10-16
P2084,Aaron,Ward,Doctor 1,2023-10-16
P2190,Deborah,Cox,Doctor 2,2023-10-16
P0112,Sharon,Bennett,Doctor 3,2023-10-17
P0286,Brian,Cook,Doctor 3,2023-10-17
P0349,Jack,Anderson,Doctor 3,2023-10-17
P0400,Justin,Carter,Doctor 1,2023-10-17
P0473,Betty,Sanchez,Doctor 2,2023-10-17
P0491,Patricia,Ward,Doctor 1,2023-10-17
P0621,Benjamin,Taylor,Doctor 2,2023-10-17
P0629,Tyler,Mitchell,Doctor 2,2023-10-17
P0649,Michelle,Ramirez,Doctor 1,2023-10-17
P0679,Eric,Mitchell,Doctor 2,2023-10-17
P0761,Barbara,Adams,Doctor 1,2023-10-17
P0806,Sarah,Morales,Doctor 1,2023-10-17
P0809,Steven,Gonzalez,Doctor 3,2023-10-17
P0905,Dorothy,Patel,Doctor 1,2023-10-17
P0948,Frank,Lopez,Doctor 2,2023-10-17
P0972,Brandon,Diaz,Doctor 3,2023-10-17
P1028,Kevin,Lewis,Doctor 2,2023-10-17
P1107,Kimberly,Sanders,Doctor 3,2023-10-17
P1118,Christopher,Young,Doctor 2,2023-10-17
P1127,Helen,Stewart,Doctor 2,2023-10-17
P1187,Matthew,Kelly,Doctor 2,2023-10-17
P1435,Donald,Perez,Doctor 2,2023-10-17
P1666,Patrick,Carter,Doctor 3,2023-10-17
P1721,Charles,Wood,Doctor 2,2023-10-17
P1746,Eric,Watson,Doctor 1,2023-10-17
P1860,Stephen,Martinez,Doctor 1,2023-10-17
P1894,Jennifer,Clark,Doctor 3,2023-10-17
P1957,Alexander,Price,Doctor 3,2023-10-17
P1985,Dorothy,Chavez,Doctor 1,2023-10-17
P2076,Kimberly,King,Doctor 1,2023-10-17
P2108,Brenda,Cook,Doctor 3,2023-10-17
P2154,Patrick,Phillips,Doctor 3,2023-10-17
P0004,Ronald,Perez,Doctor 2,2023-10-18
P0128,Sarah,King,Doctor 1,2023-10-18
P0370,Gary,James,Doctor 2,2023-10-18
P0383,Donna,Wright,Doctor 3,2023-10-18
P0458,Amy,Green,Doctor 2,2023-10-18
P0568,Melissa,Johnson,Doctor 2,2023-10-18
P0651,Virginia,Diaz,Doctor 2,2023-10-18
P0765,Sandra,Harris,Doctor 3,2023-10-18
P0957,Jack,Brooks,Doctor 2,2023-10-18
P1108,Andrew,Campbell,Doctor 1,2023-10-18
P1136,John,Carter,Doctor 3,2023-10-18
P1215,Anna,Mendoza,Doctor 2,2023-10-18
P1419,Patricia,Turner,Doctor 2,2023-10-18
P1511,Michelle,Evans,Doctor 3,2023-10-18
P1517,Benjamin,Roberts,Doctor 1,2023-10-18
P1595,Sharon,Peterson,Doctor 1,2023-10-18
P1735,Patricia,Miller,Doctor 1,2023-10-18
P1745,Sarah,Wilson,Doctor 3,2023-10-18
P2012,Sharon,Ruiz,Doctor 2,2023-10-18
P2113,Betty,Gomez,Doctor 2,2023-10-18
P2116,Carol,Kelly,Doctor 1,2023-10-18
P2166,Lisa,Turner,Doctor 3,2023-10-18
P2215,Linda,Davis,Doctor 1,2023-10-18
P0053,Jessica,Brown,Doctor 2,2023-10-19
P0102,Tyler,Chavez,Doctor 2,2023-10-19
P0172,Steven,Edwards,Doctor 3,2023-10-19
P0334,Sandra,Myers,Doctor 3,2023-10-19
P0387,Shirley,Nelson,Doctor 3,2023-10-19
P0434,Dennis,Reyes,Doctor 3,2023-10-19
P0476,Helen,Davis,Doctor 2,2023-10-19
P0526,Matthew,Smith,Doctor 1,2023-10-19
P0578,Frank,Gutierrez,Doctor 2,2023-10-19
P0602,Gregory,Miller,Doctor 1,2023-10-19
P0704,Joseph,Rogers,Doctor 1,2023-10-19
P0731,Michelle,Mendoza,Doctor 3,2023-10-19
P0785,Brandon,Ward,Doctor 2,2023-10-19
P0814,Stephen,Taylor,Doctor 3,2023-10-19
P0833,Kenneth,Brooks,Doctor 1,2023-10-19
P0891,Brian,Ortiz,Doctor 3,2023-10-19
P0928,Linda,Diaz,Doctor 3,2023-10-19
P0945,Benjamin,Rodriguez,Doctor 2,2023-10-19
P0988,Brenda,Patel,Doctor 3,2023-10-19
P1000,James,Lewis,Doctor 3,2023-10-19
P1030,Stephen,Green,Doctor 1,2023-10-19
P1125,Benjamin,Mitchell,Doctor 1,2023-10-19
P1156,David,Phillips,Doctor 1,2023-10-19
P1242,Kevin,Young,Doctor 2,2023-10-19
P1332,Carol,Anderson,Doctor 1,2023-10-19
P1431,Patricia,Rivera,Doctor 2,2023-10-19
P1462,Virginia,Wilson,Doctor 1,2023-10-19
P1518,Rebecca,Morris,Doctor 2,2023-10-19
P1561,Sarah,Wood,Doctor 2,2023-10-19
P1851,Dorothy,Garcia,Doctor 1,2023-10-19
P1942,Laura,Jackson,Doctor 3,2023-10-19
P2060,Jason,Davis,Doctor 2,2023-10-19
P2093,Charles,Bailey,Doctor 3,2023-10-19
P2119,John,Johnson,Doctor 3,2023-10-19
P0090,Sandra,Cruz,Doctor 2,2023-10-20
P0131,Jessica,Edwards,Doctor 2,2023-10-20
P0181,Angela,Wilson,Doctor 2,2023-10-20
P0233,Jonathan,Gonzalez,Doctor 3,2023-10-20
P0435,Matthew,Hill,Doctor 2,2023-10-20
P0573,Virginia,Flores,Doctor 2,2023-10-20
P0585,Jack,Young,Doctor 1,2023-10-20
P0692,Steven,Hernandez,Doctor 1,2023-10-20
P0750,Edward,Morris,Doctor 2,2023-10-20
P1014,Lisa,Brooks,Doctor 2,2023-10-20
P1023,Brenda,Ramirez,Doctor 3,2023-10-20
P1113,James,Gonzalez,Doctor 1,2023-10-20
P1120,Benjamin,Hill,Doctor 1,2023-10-20
P1249,Timothy,Reyes,Doctor 1,2023-10-20
P1346,Sandra,Diaz,Doctor 1,2023-10-20
P1551,Timothy,Lewis,Doctor 2,2023-10-20
P1569,Nancy,Myers,Doctor 3,2023-10-20
P1766,Sharon,Sanders,Doctor 3,2023-10-20
P1866,William,Bennett,Doctor 1,2023-10-20
P1878,Daniel,Lee,Doctor 2,2023-10-20
P1887,Joshua,Wright,Doctor 1,2023-10-20
P1962,Helen,Sanders,Doctor 1,2023-10-20
P2035,James,Lee,Doctor 2,2023-10-20
P2070,Lisa,Gomez,Doctor 3,2023-10-20
P2291,Elizabeth,Taylor,Doctor 2,2023-10-20
P0035,Sarah,Gutierrez,Doctor 3,2023-10-21
P0072,Kevin,Edwards,Doctor 2,2023-10-21
P0156,George,Campbell,Doctor 2,2023-10-21
P0157,Deborah,Davis,Doctor 1,2023-10-21
P0168,Ruth,Taylor,Doctor 1,2023-10-21
P0184,Robert,Brown,Doctor 3,2023-10-21
P0191,Donna,Hill,Doctor 2,2023-10-21
P0261,Donald,Lee,Doctor 3,2023-10-21
P0277,Cynthia,Thomas,Doctor 2,2023-10-21
P0352,Jacob,Bailey,Doctor 3,2023-10-21
P0373,Andrew,Ward,Doctor 1,2023-10-21
P0379,James,Sanders,Doctor 1,2023-10-21
P0396,Mary,Price,Doctor 3,2023-10-21
P0490,Thomas,Rivera,Doctor 3,2023-10-21
P0768,Sarah,Rodriguez,Doctor 3,2023-10-21
P0819,Anna,Bennett,Doctor 1,2023-10-21
P0910,Jack,Johnson,Doctor 2,2023-10-21
P1117,Richard,Phillips,Doctor 1,2023-10-21
P1170,Jerry,Harris,Doctor 3,2023-10-21
P1297,David,Sanchez,Doctor 1,2023-10-21
P1316,Jessica,Wood,Doctor 1,2023-10-21
P1391,Matthew,Parker,Doctor 3,2023-10-21
P1443,Jason,Reed,Doctor 3,2023-10-21
P1467,Brandon,Ortiz,Doctor 2,2023-10-21
P1584,John,Edwards,Doctor 1,2023-10-21
P1696,Jeffrey,Taylor,Doctor 3,2023-10-21
P1700,Tyler,Ortiz,Doctor 3,2023-10-21
P1710,Rebecca,Gutierrez,Doctor 2,2023-10-21
P1790,Anthony,Gonzalez,Doctor 3,2023-10-21
P1901,Jacob,Hughes,Doctor 2,2023-10-21
P1914,Jessica,Perez,Doctor 1,2023-10-21
P1940,Betty,Parker,Doctor 3,2023-10-21
P1947,Amy,Roberts,Doctor 2,2023-10-21
P2119,John,Johnson,Doctor 1,2023-10-21
P2172,Jessica,Ramos,Doctor 3,2023-10-21
P2180,Lisa,Evans,Doctor 1,2023-10-21
P2188,Jeffrey,Brooks,Doctor 1,2023-10-21
P2255,Sharon,Richardson,Doctor 1,2023-10-21
P0015,Carol,Garcia,Doctor 2,2023-10-22
P0138,Michelle,Taylor,Doctor 3,2023-10-22
P0167,Deborah,Sanchez,Doctor 2,2023-10-22
P0217,Betty,Lopez,Doctor 1,2023-10-22
P0383,Donna,Wright,Doctor 3,2023-10-22
P0402,Sandra,Ramirez,Doctor 1,2023-10-22
P0404,Kathleen,Cooper,Doctor 1,2023-10-22
P0519,Aaron,Baker,Doctor 1,2023-10-22
P0522,Rebecca,Turner,Doctor 2,2023-10-22
P0526,Matthew,Smith,Doctor 1,2023-10-22
P0558,Anna,Ramirez,Doctor 2,2023-10-22
P0614,Elizabeth,Phillips,Doctor 3,2023-10-22
P0906,Jennifer,Wilson,Doctor 1,2023-10-22
P1048,Gary,Rivera,Doctor 2,2023-10-22
P1207,Tyler,Rivera,Doctor 3,2023-10-22
P1277,Kenneth,Gomez,Doctor 3,2023-10-22
P1398,Andrew,Kelly,Doctor 3,2023-10-22
P1545,Sharon,Hughes,Doctor 3,2023-10-22
P1567,Alexander,Reyes,Doctor 2,2023-10-22
P1637,Angela,Johnson,Doctor 3,2023-10-22
P1686,Tyler,White,Doctor 2,2023-10-22
P1692,Larry,Murphy,Doctor 2,2023-10-22
P1708,William,Cook,Doctor 1,2023-10-22
P1894,Jennifer,Clark,Doctor 3,2023-10-22
P1920,Kimberly,Cooper,Doctor 3,2023-10-22
P1975,Ruth,Gutierrez,Doctor 2,2023-10-22
P2102,Kimberly,Reed,Doctor 3,2023-10-22
P2124,Gregory,Rivera,Doctor 2,2023-10-22
P2207,Deborah,Richardson,Doctor 1,2023-10-22
P0027,Justin,Flores,Doctor 1,2023-10-23
P0132,Cynthia,Martinez,Doctor 1,2023-10-23
P0282,Carol,Richardson,Doctor 1,2023-10-23
P0360,Ruth,Kim,Doctor 3,2023-10-23
P0436,Brandon,Cook,Doctor 2,2023-10-23
P0461,Daniel,Murphy,Doctor 3,2023-10-23
P0465,Thomas,Morgan,Doctor 1,2023-10-23
P0511,William,Johnson,Doctor 3,2023-10-23
P0528,Kimberly,Torres,Doctor 2,2023-10-23
P0681,Lisa,Sanchez,Doctor 3,2023-10-23
P0691,Timothy,Parker,Doctor 2,2023-10-23
P0782,Donna,Reyes,Doctor 3,2023-10-23
P0846,Tyler,Reyes,Doctor 1,2023-10-23
P0864,Brian,Collins,Doctor 2,2023-10-23
P0944,Mary,Collins,Doctor 2,2023-10-23
P1044,Eric,Taylor,Doctor 3,2023-10-23
P1329,Justin,Gomez,Doctor 1,2023-10-23
P1458,Carol,James,Doctor 3,2023-10-23
P1554,Christopher,Hughes,Doctor 2,2023-10-23
P1643,Laura,Ramirez,Doctor 3,2023-10-23
P1736,Donna,Allen,Doctor 3,2023-10-23
P1955,Lisa,Murphy,Doctor 1,2023-10-23
P2071,Rebecca,Ortiz,Doctor 1,2023-10-23
P2186,Ruth,Bailey,Doctor 1,2023-10-23
P0012,Karen,Phillips,Doctor 1,2023-10-24
P0043,Elizabeth,Morgan,Doctor 2,2023-10-24
P0047,Thomas,Lewis,Doctor 3,2023-10-24
P0133,Dorothy,Sanders,Doctor 3,2023-10-24
P0149,Gary,Richardson,Doctor 3,2023-10-24
P0203,Jose,Cooper,Doctor 3,2023-10-24
P0433,Shirley,Wood,Doctor 2,2023-10-24
P0537,Patricia,White,Doctor 1,2023-10-24
P0552,Deborah,Moore,Doctor 3,2023-10-24
P0746,Justin,Perez,Doctor 3,2023-10-24
P0748,Jack,Allen,Doctor 1,2023-10-24
P0773,Deborah,Bailey,Doctor 1,2023-10-24
P0781,Frank,Cox,Doctor 3,2023-10-24
P0972,Brandon,Diaz,Doctor 3,2023-10-24
P1163,Anna,Flores,Doctor 1,2023-10-24
P1317,Dorothy,Thomas,Doctor 2,2023-10-24
P1469,Tyler,Harris,Doctor 3,2023-10-24
P1623,Daniel,Stewart,Doctor 3,2023-10-24
P1646,Edward,Gonzalez,Doctor 1,2023-10-24
P1662,Sharon,Nguyen,Doctor 1,2023-10-24
P1863,Steven,Collins,Doctor 1,2023-10-24
P1927,Emma,Rogers,Doctor 1,2023-10-24
P1985,Dorothy,Chavez,Doctor 1,2023-10-24
P1995,Elizabeth,Cook,Doctor 2,2023-10-24
P2006,Frank,Bennett,Doctor 3,2023-10-24
P2013,Anthony,Myers,Doctor 3,2023-10-24
P2040,Steven,Thompson,Doctor 3,2023-10-24
P2081,Donna,Morgan,Doctor 3,2023-10-24
P2092,Steven,Kim,Doctor 2,2023-10-24
P2112,Thomas,Richardson,Doctor 2,2023-10-24
P2163,Susan,Cox,Doctor 1,2023-10-24
P2190,Deborah,Cox,Doctor 3,2023-10-24
P2230,Tyler,Hernandez,Doctor 3,2023-10-24
P2284,Jennifer,Sanchez,Doctor 2,2023-10-24
P0001,Samuel,Torres,Doctor 1,2023-10-25
P0070,Helen,Flores,Doctor 2,2023-10-25
P0209,John,Scott,Doctor 2,2023-10-25
P0210,Melissa,Collins,Doctor 2,2023-10-25
P0272,Samuel,Taylor,Doctor 3,2023-10-25
P0364,Virginia,Kelly,Doctor 3,2023-10-25
P0386,Jose,Adams,Doctor 1,2023-10-25
P0417,Virginia,Green,Doctor 1,2023-10-25
P0453,Matthew,Scott,Doctor 2,2023-10-25
P0464,Patrick,Harris,Doctor 2,2023-10-25
P0568,Melissa,Johnson,Doctor 2,2023-10-25
P0623,Lisa,Hughes,Doctor 1,2023-10-25
P0657,Frank,Moore,Doctor 3,2023-10-25
P0832,Alexander,Thompson,Doctor 1,2023-10-25
P0849,Jonathan,Williams,Doctor 2,2023-10-25
P0997,Jacob,Turner,Doctor 2,2023-10-25
P0997,Jacob,Turner,Doctor 2,2023-10-25
P1195,Raymond,Rodriguez,Doctor 3,2023-10-25
P1239,Kimberly,Harris,Doctor 2,2023-10-25
P1423,Jessica,Flores,Doctor 2,2023-10-25
P1616,Linda,Cox,Doctor 2,2023-10-25
P1787,John,Parker,Doctor 1,2023-10-25
P1887,Joshua,Wright,Doctor 1,2023-10-25
P2034,Nancy,Campbell,Doctor 2,2023-10-25
P2050,Stephen,Thompson,Doctor 2,2023-10-25
P2105,Aaron,Cruz,Doctor 3,2023-10-25
P2240,Charles,Patel,Doctor 1,2023-10-25
P0064,Karen,Lopez,Doctor 3,2023-10-26
P0159,Tyler,Edwards,Doctor 2,2023-10-26
P0322,George,Ortiz,Doctor 3,2023-10-26
P0455,John,Peterson,Doctor 2,2023-10-26
P0475,Timothy,Allen,Doctor 3,2023-10-26
P0510,Nancy,Lee,Doctor 3,2023-10-26
P0527,Jerry,Scott,Doctor 1,2023-10-26
P0537,Patricia,White,Doctor 1,2023-10-26
P0735,Patricia,Morris,Doctor 2,2023-10-26
P0764,Ruth,Wilson,Doctor 2,2023-10-26
P0893,Larry,Carter,Doctor 1,2023-10-26
P0904,Brenda,Torres,Doctor 3,2023-10-26
P0962,Barbara,Jackson,Doctor 1,2023-10-26
P1001,Ryan,Wood,Doctor 1,2023-10-26
P1018,Michelle,Lewis,Doctor 1,2023-10-26
P1084,Christopher,Green,Doctor 1,2023-10-26
P1200,Donald,Kelly,Doctor 3,2023-10-26
P1264,Jessica,Cruz,Doctor 3,2023-10-26
P1293,Jeffrey,Edwards,Doctor 1,2023-10-26
P1342,Samuel,Morales,Doctor 2,2023-10-26
P1371,William,Torres,Doctor 2,2023-10-26
P1419,Patricia,Turner,Doctor 3,2023-10-26
P1439,Donna,Nguyen,Doctor 3,2023-10-26
P1439,Donna,Nguyen,Doctor 3,2023-10-26
P1465,Jonathan,Reyes,Doctor 1,2023-10-26
P1494,Kathleen,Price,Doctor 2,2023-10-26
P1494,Kathleen,Price,Doctor 2,2023-10-26
P1583,John,Chavez,Doctor 3,2023-10-26
P1604,Mark,Patel,Doctor 2,2023-10-26
P1626,Kenneth,Ortiz,Doctor 3,2023-10-26
P1931,Thomas,Smith,Doctor 3,2023-10-26
P1947,Amy,Roberts,Doctor 2,2023-10-26
P1983,Jonathan,Ramirez,Doctor 2,2023-10-26
P2132,Michelle,Diaz,Doctor 3,2023-10-26
P2134,Elizabeth,King,Doctor 3,2023-10-26
P2246,Larry,Davis,Doctor 1,2023-10-26
P0110,Kenneth,Hernandez,Doctor 3,2023-10-27
P0249,Laura,Hill,Doctor 2,2023-10-27
P0316,Melissa,Campbell,Doctor 3,2023-10-27
P0324,Carol,Lee,Doctor 1,2023-10-27
P0404,Kathleen,Cooper,Doctor 3,2023-10-27
P0433,Shirley,Wood,Doctor 2,2023-10-27
P0478,Brian,Hughes,Doctor 1,2023-10-27
P0598,Sharon,Stewart,Doctor 1,2023-10-27
P0598,Sharon,Stewart,Doctor 1,2023-10-27
P0635,Raymond,Smith,Doctor 3,2023-10-27
P0642,Linda,Kelly,Doctor 3,2023-10-27
P0684,Amy,Hall,Doctor 3,2023-10-27
P0783,Patrick,Ruiz,Doctor 3,2023-10-27
P0828,David,Martin,Doctor 3,2023-10-27
P0830,Nancy,Lewis,Doctor 1,2023-10-27
P0928,Linda,Diaz,Doctor 3,2023-10-27
P1070,Benjamin,Gray,Doctor 1,2023-10-27
P1115,Virginia,Mendoza,Doctor 3,2023-10-27
P1138,Sharon,Brooks,Doctor 3,2023-10-27
P1197,Brian,Perez,Doctor 2,2023-10-27
P1296,Jennifer,Morales,Doctor 3,2023-10-27
P1304,Robert,Morales,Doctor 3,2023-10-27
P1429,Stephen,Cook,Doctor 2,2023-10-27
P1436,Richard,Hall,Doctor 3,2023-10-27
P1446,Ruth,Harris,Doctor 1,2023-10-27
P1519,Benjamin,Green,Doctor 3,2023-10-27
P1712,Nicholas,James,Doctor 2,2023-10-27
P1782,Brian,Walker,Doctor 3,2023-10-27
P1958,David,Richardson,Doctor 2,2023-10-27
P1996,Eric,Adams,Doctor 1,2023-10-27
P2039,Jose,Johnson,Doctor 3,2023-10-27
P2110,Joshua,Howard,Doctor 1,2023-10-27
P2264,Ruth,Richardson,Doctor 3,2023-10-27
P0012,Karen,Phillips,Doctor 1,2023-10-28
P0060,Frank,Flores,Doctor 1,2023-10-28
P0073,Dorothy,Carter,Doctor 2,2023-10-28
P0182,Benjamin,Scott,Doctor 2,2023-10-28
P0230,Benjamin,Carter,Doctor 2,2023-10-28
P0552,Deborah,Moore,Doctor 2,2023-10-28
P0578,Frank,Gutierrez,Doctor 2,2023-10-28
P0594,Betty,Torres,Doctor 2,2023-10-28
P0668,Aaron,Rodriguez,Doctor 3,2023-10-28
P0708,Michelle,Perez,Doctor 3,2023-10-28
P0899,George,Taylor,Doctor 1,2023-10-28
P0985,Jessica,Kelly,Doctor 1,2023-10-28
P0997,Jacob,Turner,Doctor 2,2023-10-28
P1100,Kevin,James,Doctor 2,2023-10-28
P1127,Helen,Stewart,Doctor 1,2023-10-28
P1130,Tyler,Green,Doctor 1,2023-10-28
P1134,Raymond,Taylor,Doctor 3,2023-10-28
P1252,Nancy,Torres,Doctor 2,2023-10-28
P1279,Jeffrey,Lewis,Doctor 1,2023-10-28
P1284,Michelle,Johnson,Doctor 2,2023-10-28
P1301,Dennis,Kim,Doctor 1,2023-10-28
P1400,Robert,Williams,Doctor 3,2023-10-28
P1476,Betty,Myers,Doctor 2,2023-10-28
P1501,Sandra,Ramos,Doctor 2,2023-10-28
P1506,Linda,Parker,Doctor 1,2023-10-28
P1567,Alexander,Reyes,Doctor 2,2023-10-28
P1570,Ruth,Ortiz,Doctor 2,2023-10-28
P1603,Lisa,Campbell,Doctor 3,2023-10-28
P1815,Kimberly,Gomez,Doctor 3,2023-10-28
P2004,Donald,Reed,Doctor 1,2023-10-28
P2149,Patricia,Anderson,Doctor 1,2023-10-28
P2205,Eric,Clark,Doctor 2,2023-10-28
P2205,Eric,Clark,Doctor 2,2023-10-28
P2235,Mary,Green,Doctor 3,2023-10-28
P2275,Steven,Castillo,Doctor 3,2023-10-28
P2284,Jennifer,Sanchez,Doctor 2,2023-10-28
P0013,Raymond,Campbell,Doctor 2,2023-10-29
P0161,Tyler,Robinson,Doctor 3,2023-10-29
P0249,Laura,Hill,Doctor 2,2023-10-29
P0322,George,Ortiz,Doctor 3,2023-10-29
P0388,Gregory,Howard,Doctor 3,2023-10-29
P0400,Justin,Carter,Doctor 1,2023-10-29
P0435,Matthew,Hill,Doctor 2,2023-10-29
P0680,Edward,Wright,Doctor 1,2023-10-29
P0703,Nicholas,Reyes,Doctor 1,2023-10-29
P0799,Charles,Smith,Doctor 3,2023-10-29
P1168,Edward,Wood,Doctor 3,2023-10-29
P1251,Lisa,Gray,Doctor 1,2023-10-29
P1274,Rebecca,Price,Doctor 3,2023-10-29
P1291,Betty,Baker,Doctor 1,2023-10-29
P1415,Matthew,Cook,Doctor 1,2023-10-29
P1507,Andrew,Richardson,Doctor 2,2023-10-29
P1513,Jessica,Morales,Doctor 2,2023-10-29
P1552,Michelle,Gonzalez,Doctor 2,2023-10-29
P1553,James,Rivera,Doctor 2,2023-10-29
P1652,Steven,King,Doctor 2,2023-10-29
P1673,James,Gomez,Doctor 2,2023-10-29
P1722,John,Reed,Doctor 3,2023-10-29
P1753,Thomas,Anderson,Doctor 2,2023-10-29
P1921,George,Cook,Doctor 1,2023-10-29
P2051,Donna,Alvarez,Doctor 3,2023-10-29
P2064,Larry,Turner,Doctor 1,2023-10-29
P2258,Justin,Price,Doctor 3,2023-10-29
P2286,Deborah,Rivera,Doctor 1,2023-10-29
P2286,Deborah,Rivera,Doctor 1,2023-10-29
P0080,Mary,Morales,Doctor 3,2023-10-30
P0101,Linda,Perez,Doctor 3,2023-10-30
P0144,Deborah,Thomas,Doctor 1,2023-10-30
P0203,Jose,Cooper,Doctor 3,2023-10-30
P0207,Mary,Mitchell,Doctor 2,2023-10-30
P0225,Donna,King,Doctor 1,2023-10-30
P0282,Carol,Richardson,Doctor 3,2023-10-30
P0299,Jonathan,Reed,Doctor 1,2023-10-30
P0433,Shirley,Wood,Doctor 1,2023-10-30
P0579,Laura,Allen,Doctor 3,2023-10-30
P0662,Donna,Perez,Doctor 1,2023-10-30
P0835,Rebecca,King,Doctor 2,2023-10-30
P0889,Scott,Martinez,Doctor 3,2023-10-30
P0895,Barbara,Cox,Doctor 2,2023-10-30
P1024,Sharon,Robinson,Doctor 3,2023-10-30
P1220,Benjamin,Diaz,Doctor 2,2023-10-30
P1237,Ryan,Brooks,Doctor 3,2023-10-30
P1268,Jason,Nguyen,Doctor 3,2023-10-30
P1453,Patrick,Cooper,Doctor 1,2023-10-30
P1476,Betty,Myers,Doctor 1,2023-10-30
P1519,Benjamin,Green,Doctor 2,2023-10-30
P1548,Virginia,Torres,Doctor 1,2023-10-30
P1584,John,Edwards,Doctor 3,2023-10-30
P1628,Jason,Stewart,Doctor 3,2023-10-30
P1808,Sandra,Alvarez,Doctor 3,2023-10-30
P1834,Gary,Thompson,Doctor 1,2023-10-30
P1848,Karen,Gray,Doctor 3,2023-10-30
P1939,Jack,Ortiz,Doctor 1,2023-10-30
P2007,Jose,Anderson,Doctor 3,2023-10-30
P2016,Kenneth,Cooper,Doctor 3,2023-10-30
P2040,Steven,Thompson,Doctor 3,2023-10-30
P2137,Kevin,Miller,Doctor 2,2023-10-30
P2180,Lisa,Evans,Doctor 1,2023-10-30
P2297,Mark,Young,Doctor 1,2023-10-30
P0013,Raymond,Campbell,Doctor 3,2023-10-31
P0174,Mark,Allen,Doctor 2,2023-10-31
P0184,Robert,Brown,Doctor 1,2023-10-31
P0322,George,Ortiz,Doctor 2,2023-10-31
P0520,Laura,Reyes,Doctor 3,2023-10-31
P0589,Shirley,Young,Doctor 2,2023-10-31
P0607,Carol,Reed,Doctor 2,2023-10-31
P0624,Sarah,Hill,Doctor 1,2023-10-31
P0731,Michelle,Mendoza,Doctor 3,2023-10-31
P0837,Sarah,Howard,Doctor 1,2023-10-31
P0957,Jack,Brooks,Doctor 3,2023-10-31
P1012,Tyler,Morris,Doctor 3,2023-10-31
P1040,Laura,Cooper,Doctor 1,2023-10-31
P1095,Nancy,Morgan,Doctor 2,2023-10-31
P1227,Donna,White,Doctor 1,2023-10-31
P1275,Virginia,Jackson,Doctor 2,2023-10-31
P1316,Jessica,Wood,Doctor 3,2023-10-31
P1431,Patricia,Rivera,Doctor 2,2023-10-31
P1439,Donna,Nguyen,Doctor 3,2023-10-31
P1502,Lisa,Taylor,Doctor 1,2023-10-31
P1505,Jonathan,James,Doctor 3,2023-10-31
P1653,Richard,Robinson,Doctor 2,2023-10-31
P1656,Ruth,Johnson,Doctor 1,2023-10-31
P1679,Melissa,Kelly,Doctor 3,2023-10-31
P1743,Richard,Lee,Doctor 3,2023-10-31
P1748,Stephen,Sanders,Doctor 3,2023-10-31
P1765,Emma,Gomez,Doctor 1,2023-10-31
P1896,Kenneth,Anderson,Doctor 1,2023-10-31
P1962,Helen,Sanders,Doctor 1,2023-10-31
P2025,Rebecca,Hernandez,Doctor 3,2023-10-31
P2078,Kimberly,Baker,Doctor 2,2023-10-31
P2130,Shirley,Richardson,Doctor 1,2023-10-31
P2292,Rebecca,Taylor,Doctor 3,2023-10-31
P0113,Mary,Parker,Doctor 3,2023-11-01
P0258,Patrick,Collins,Doctor 2,2023-11-01
P0281,Anna,Cook,Doctor 2,2023-11-01
P0310,Larry,Clark,Doctor 3,2023-11-01
P0324,Carol,Lee,Doctor 1,2023-11-01
P0572,Joshua,Ramirez,Doctor 1,2023-11-01
P0591,Thomas,Mendoza,Doctor 1,2023-11-01
P0635,Raymond,Smith,Doctor 1,2023-11-01
P0861,Sarah,Green,Doctor 2,2023-11-01
P0869,Ruth,Thomas,Doctor 3,2023-11-01
P0950,Lisa,Hall,Doctor 2,2023-11-01
P1078,Daniel,Reed,Doctor 3,2023-11-01
P1097,Charles,Anderson,Doctor 1,2023-11-01
P1104,Charles,Ramos,Doctor 2,2023-11-01
P1369,Brenda,Nguyen,Doctor 3,2023-11-01
P1374,Kimberly,Thompson,Doctor 1,2023-11-01
P1473,David,Peterson,Doctor 1,2023-11-01
P1553,James,Rivera,Doctor 2,2023-11-01
P1574,Cynthia,Allen,Doctor 1,2023-11-01
P1598,Andrew,Reyes,Doctor 2,2023-11-01
P1620,Barbara,Stewart,Doctor 3,2023-11-01
P1779,Deborah,Alvarez,Doctor 2,2023-11-01
P1835,Nicholas,Sanchez,Doctor 3,2023-11-01
P1896,Kenneth,Anderson,Doctor 1,2023-11-01
P1917,Jeffrey,King,Doctor 2,2023-11-01
P1930,Susan,Adams,Doctor 3,2023-11-01
P1951,David,Lopez,Doctor 2,2023-11-01
P1956,Samuel,Brown,Doctor 1,2023-11-01
P2032,Aaron,Gutierrez,Doctor 3,2023-11-01
P2114,Brenda,Clark,Doctor 2,2023-11-01
P2139,Barbara,Green,Doctor 3,2023-11-01
P2158,Eric,Ramirez,Doctor 3,2023-11-01
P2162,Sharon,Perez,Doctor 1,2023-11-01
P2213,Nancy,Gonzalez,Doctor 3,2023-11-01
P2229,Angela,Nguyen,Doctor 2,2023-11-01
P2231,Ruth,Parker,Doctor 2,2023-11-01
P2240,Charles,Patel,Doctor 1,2023-11-01
P2282,Matthew,Nelson,Doctor 3,2023-11-01
P0050,Anna,Gutierrez,Doctor 3,2023-11-02
P0211,Patrick,Gonzalez,Doctor 1,2023-11-02
P0215,Nicholas,King,Doctor 1,2023-11-02
P0275,Amy,Wilson,Doctor 2,2023-11-02
P0371,Eric,Rivera,Doctor 2,2023-11-02
P0408,Frank,Bailey,Doctor 1,2023-11-02
P0442,Robert,Lewis,Doctor 2,2023-11-02
P0451,Carol,Baker,Doctor 3,2023-11-02
P0451,Carol,Baker,Doctor 3,2023-11-02
P0470,Sarah,Richardson,Doctor 1,2023-11-02
P0492,Brian,Hernandez,Doctor 1,2023-11-02
P0740,Robert,Hall,Doctor 1,2023-11-02
P0933,Jack,Green,Doctor 3,2023-11-02
P1046,Edward,Evans,Doctor 1,2023-11-02
P1081,Patrick,Johnson,Doctor 1,2023-11-02
P1184,Shirley,Chavez,Doctor 1,2023-11-02
P1241,Joshua,Green,Doctor 1,2023-11-02
P1253,Barbara,Kelly,Doctor 2,2023-11-02
P1264,Jessica,Cruz,Doctor 1,2023-11-02
P1357,Edward,Morgan,Doctor 3,2023-11-02
P1465,Jonathan,Reyes,Doctor 1,2023-11-02
P1502,Lisa,Taylor,Doctor 1,2023-11-02
P1570,Ruth,Ortiz,Doctor 2,2023-11-02
P1572,Carol,Walker,Doctor 2,2023-11-02
P1640,Jacob,Nelson,Doctor 3,2023-11-02
P1819,John,Clark,Doctor 3,2023-11-02
P2027,Sharon,Sanchez,Doctor 2,2023-11-02
P2135,Eric,Kelly,Doctor 1,2023-11-02
P2136,Matthew,Cruz,Doctor 1,2023-11-02
P2217,Donna,Edwards,Doctor 3,2023-11-02
P2238,Michelle,Lee,Doctor 3,2023-11-02
P0107,Tyler,Hughes,Doctor 3,2023-11-03
P0167,Deborah,Sanchez,Doctor 2,2023-11-03
P0221,Matthew,Perez,Doctor 1,2023-11-03
P0277,Cynthia,Thomas,Doctor 2,2023-11-03
P0281,Anna,Cook,Doctor 2,2023-11-03
P0343,Gregory,Ramos,Doctor 3,2023-11-03
P0551,Betty,Hernandez,Doctor 1,2023-11-03
P0989,Benjamin,Flores,Doctor 3,2023-11-03
P1148,Jose,Wilson,Doctor 1,2023-11-03
P1154,Jason,Hall,Doctor 1,2023-11-03
P1252,Nancy,Torres,Doctor 2,2023-11-03
P1256,Patricia,Chavez,Doctor 1,2023-11-03
P1278,Gregory,Sanders,Doctor 3,2023-11-03
P1292,Melissa,Jones,Doctor 3,2023-11-03
P1425,William,Kelly,Doctor 3,2023-11-03
P1574,Cynthia,Allen,Doctor 1,2023-11-03
P1601,Ryan,Richardson,Doctor 1,2023-11-03
P1699,Ruth,Sanchez,Doctor 1,2023-11-03
P1708,William,Cook,Doctor 1,2023-11-03
P1744,Jerry,Walker,Doctor 2,2023-11-03
P1831,Angela,Lopez,Doctor 1,2023-11-03
P1936,Christopher,Nguyen,Doctor 3,2023-11-03
P1956,Samuel,Brown,Doctor 1,2023-11-03
P1983,Jonathan,Ramirez,Doctor 2,2023-11-03
P2141,Jose,Young,Doctor 3,2023-11-03
P2232,Dennis,Diaz,Doctor 1,2023-11-03
P2254,Emma,Myers,Doctor 2,2023-11-03
P2300,Donald,Lewis,Doctor 3,2023-11-03
P0108,Helen,Moore,Doctor 2,2023-11-04
P0193,Samuel,Jones,Doctor 1,2023-11-04
P0324,Carol,Lee,Doctor 1,2023-11-04
P0326,Jerry,Howard,Doctor 2,2023-11-04
P0395,Raymond,King,Doctor 3,2023-11-04
P0432,Sarah,Edwards,Doctor 2,2023-11-04
P0618,Richard,Murphy,Doctor 2,2023-11-04
P0672,Donald,Morales,Doctor 1,2023-11-04
P0807,Karen,Smith,Doctor 2,2023-11-04
P0811,Sarah,Stewart,Doctor 3,2023-11-04
P0882,Ronald,Thomas,Doctor 3,2023-11-04
P0942,Larry,Morales,Doctor 2,2023-11-04
P0980,Lisa,Rodriguez,Doctor 2,2023-11-04
P1193,Shirley,Price,Doctor 3,2023-11-04
P1258,Kenneth,Flores,Doctor 3,2023-11-04
P1288,Lisa,Nguyen,Doctor 3,2023-11-04
P1300,Michelle,Bailey,Doctor 2,2023-11-04
P1692,Larry,Murphy,Doctor 2,2023-11-04
P1693,Angela,Reyes,Doctor 3,2023-11-04
P1742,Jennifer,Martin,Doctor 3,2023-11-04
P1832,Mary,Miller,Doctor 1,2023-11-04
P1860,Stephen,Martinez,Doctor 1,2023-11-04
P1903,Amy,Clark,Doctor 2,2023-11-04
P1947,Amy,Roberts,Doctor 2,2023-11-04
P1986,Eric,King,Doctor 2,2023-11-04
P2012,Sharon,Ruiz,Doctor 2,2023-11-04
P2267,Frank,Allen,Doctor 1,2023-11-04
P2294,William,Reyes,Doctor 1,2023-11-04
P0050,Anna,Gutierrez,Doctor 3,2023-11-05
P0058,Scott,Smith,Doctor 3,2023-11-05
P0141,Gary,Hughes,Doctor 1,2023-11-05
P0168,Ruth,Taylor,Doctor 1,2023-11-05
P0256,Charles,Reed,Doctor 3,2023-11-05
P0350,Susan,Anderson,Doctor 3,2023-11-05
P0417,Virginia,Green,Doctor 1,2023-11-05
P0443,Nancy,Sanders,Doctor 2,2023-11-05
P0705,Sharon,Garcia,Doctor 1,2023-11-05
P0726,Justin,Kelly,Doctor 3,2023-11-05
P0727,Samuel,White,Doctor 3,2023-11-05
P0763,Jonathan,Carter,Doctor 1,2023-11-05
P0848,Amy,Diaz,Doctor 1,2023-11-05
P0862,David,Jackson,Doctor 3,2023-11-05
P0864,Brian,Collins,Doctor 1,2023-11-05
P0873,Jose,Gomez,Doctor 1,2023-11-05
P0893,Larry,Carter,Doctor 1,2023-11-05
P0935,Andrew,Ortiz,Doctor 1,2023-11-05
P1029,Emma,Morgan,Doctor 1,2023-11-05
P1116,Michelle,Murphy,Doctor 1,2023-11-05
P1198,Jeffrey,Rogers,Doctor 2,2023-11-05
P1214,Eric,Green,Doctor 3,2023-11-05
P1260,Ruth,Ramos,Doctor 1,2023-11-05
P1300,Michelle,Bailey,Doctor 2,2023-11-05
P1518,Rebecca,Morris,Doctor 2,2023-11-05
P1523,Jeffrey,Sanders,Doctor 1,2023-11-05
P1591,Melissa,Cruz,Doctor 2,2023-11-05
P1627,Matthew,Nguyen,Doctor 1,2023-11-05
P1658,Amy,Sanchez,Doctor 3,2023-11-05
P1676,Carol,Kim,Doctor 3,2023-11-05
P1863,Steven,Collins,Doctor 1,2023-11-05
P2056,Shirley,Cook,Doctor 3,2023-11-05
P2077,James,White,Doctor 1,2023-11-05
P2134,Elizabeth,King,Doctor 3,2023-11-05
P2198,Sarah,Mendoza,Doctor 2,2023-11-05
P0053,Jessica,Brown,Doctor 3,2023-11-06
P0191,Donna,Hill,Doctor 2,2023-11-06
P0228,Michelle,Ward,Doctor 2,2023-11-06
P0264,Sharon,Lopez,Doctor 3,2023-11-06
P0306,Nicholas,Kelly,Doctor 1,2023-11-06
P0387,Shirley,Nelson,Doctor 3,2023-11-06
P0412,Laura,Hall,Doctor 3,2023-11-06
P0460,Virginia,Collins,Doctor 2,2023-11-06
P0483,Robert,Campbell,Doctor 2,2023-11-06
P0548,Larry,Ruiz,Doctor 3,2023-11-06
P0776,Frank,Collins,Doctor 1,2023-11-06
P0803,Brian,Ramos,Doctor 2,2023-11-06
P0922,Sharon,James,Doctor 1,2023-11-06
P0989,Benjamin,Flores,Doctor 3,2023-11-06
P1070,Benjamin,Gray,Doctor 1,2023-11-06
P1106,Melissa,Edwards,Doctor 3,2023-11-06
P1148,Jose,Wilson,Doctor 1,2023-11-06
P1212,Scott,Evans,Doctor 3,2023-11-06
P1343,Ronald,Young,Doctor 2,2023-11-06
P1355,Larry,Perez,Doctor 1,2023-11-06
P1456,Kathleen,Ortiz,Doctor 3,2023-11-06
P1525,Deborah,Ortiz,Doctor 3,2023-11-06
P1556,Kathleen,Edwards,Doctor 1,2023-11-06
P1735,Patricia,Miller,Doctor 1,2023-11-06
P1743,Richard,Lee,Doctor 3,2023-11-06
P1747,Brenda,Gomez,Doctor 1,2023-11-06
P1996,Eric,Adams,Doctor 1,2023-11-06
P2047,Rebecca,Wood,Doctor 2,2023-11-06
P2053,Kimberly,Cook,Doctor 1,2023-11-06
P2107,Scott,Roberts,Doctor 1,2023-11-06
P2145,Donald,Torres,Doctor 3,2023-11-06
P2156,Stephen,Torres,Doctor 3,2023-11-06
P2184,Jack,Evans,Doctor 1,2023-11-06
P2254,Emma,Myers,Doctor 2,2023-11-06
P2288,Emma,James,Doctor 2,2023-11-06
P2297,Mark,Young,Doctor 1,2023-11-06
P0013,Raymond,Campbell,Doctor 3,2023-11-07
P0033,Kenneth,Brown,Doctor 1,2023-11-07
P0034,Richard,Allen,Doctor 2,2023-11-07
P0066,Helen,Hill,Doctor 3,2023-11-07
P0106,Edward,Jones,Doctor 1,2023-11-07
P0166,Carol,Perez,Doctor 2,2023-11-07
P0204,Jose,Ramirez,Doctor 2,2023-11-07
P0228,Michelle,Ward,Doctor 2,2023-11-07
P0255,Jeffrey,Anderson,Doctor 3,2023-11-07
P0330,Helen,Ortiz,Doctor 3,2023-11-07
P0558,Anna,Ramirez,Doctor 2,2023-11-07
P0593,Karen,Reyes,Doctor 1,2023-11-07
P0616,Alexander,Thomas,Doctor 3,2023-11-07
P0649,Michelle,Ramirez,Doctor 2,2023-11-07
P0785,Brandon,Ward,Doctor 3,2023-11-07
P0974,Sandra,Ortiz,Doctor 3,2023-11-07
P1014,Lisa,Brooks,Doctor 2,2023-11-07
P1073,Aaron,Edwards,Doctor 2,2023-11-07
P1105,Betty,Wilson,Doctor 3,2023-11-07
P1147,Samuel,Rivera,Doctor 1,2023-11-07
P1152,Richard,Carter,Doctor 1,2023-11-07
P1174,Jessica,Martinez,Doctor 2,2023-11-07
P1489,Mary,Alvarez,Doctor 3,2023-11-07
P1496,Thomas,Green,Doctor 1,2023-11-07
P1497,Brenda,Moore,Doctor 2,2023-11-07
P1719,Brian,Lopez,Doctor 2,2023-11-07
P1750,Justin,Walker,Doctor 1,2023-11-07
P1886,Mark,Morgan,Doctor 2,2023-11-07
P1968,Brenda,Young,Doctor 1,2023-11-07
P2000,Nicholas,Thomas,Doctor 3,2023-11-07
P2023,Eric,Ramos,Doctor 2,2023-11-07
P2066,Samuel,Allen,Doctor 2,2023-11-07
P2132,Michelle,Diaz,Doctor 2,2023-11-07
P2183,Helen,Gonzalez,Doctor 2,2023-11-07
P2279,Laura,Baker,Doctor 2,2023-11-07
P2295,George,Patel,Doctor 3,2023-11-07
P0032,Gary,Lewis,Doctor 1,2023-11-08
P0084,Shirley,Taylor,Doctor 2,2023-11-08
P0107,Tyler,Hughes,Doctor 3,2023-11-08
P0129,Alexander,Hernandez,Doctor 1,2023-11-08
P0164,Mary,Jackson,Doctor 1,2023-11-08
P0258,Patrick,Collins,Doctor 3,2023-11-08
P0299,Jonathan,Reed,Doctor 2,2023-11-08
P0438,Amy,Robinson,Doctor 2,2023-11-08
P0490,Thomas,Rivera,Doctor 1,2023-11-08
P0644,Sandra,Gomez,Doctor 3,2023-11-08
P0802,Jeffrey,Morgan,Doctor 1,2023-11-08
P0852,Justin,Hughes,Doctor 3,2023-11-08
P0898,Robert,Rivera,Doctor 3,2023-11-08
P0910,Jack,Johnson,Doctor 2,2023-11-08
P0926,Tyler,Wood,Doctor 3,2023-11-08
P0958,Joshua,Cook,Doctor 3,2023-11-08
P0959,Donald,Martin,Doctor 2,2023-11-08
P0998,Jeffrey,Evans,Doctor 1,2023-11-08
P1030,Stephen,Green,Doctor 1,2023-11-08
P1053,Daniel,Miller,Doctor 1,2023-11-08
P1075,Gary,Nelson,Doctor 2,2023-11-08
P1116,Michelle,Murphy,Doctor 1,2023-11-08
P1164,Aaron,Adams,Doctor 3,2023-11-08
P1182,Matthew,Price,Doctor 3,2023-11-08
P1188,Mark,Bennett,Doctor 2,2023-11-08
P1317,Dorothy,Thomas,Doctor 2,2023-11-08
P1432,Jennifer,Martinez,Doctor 3,2023-11-08
P1490,Deborah,Gutierrez,Doctor 2,2023-11-08
P1520,Elizabeth,Garcia,Doctor 2,2023-11-08
P1686,Tyler,White,Doctor 2,2023-11-08
P1690,Charles,Richardson,Doctor 2,2023-11-08
P1692,Larry,Murphy,Doctor 2,2023-11-08
P1699,Ruth,Sanchez,Doctor 1,2023-11-08
P1804,Kevin,Gray,Doctor 3,2023-11-08
P1893,Elizabeth,Ruiz,Doctor 2,2023-11-08
P2007,Jose,Anderson,Doctor 3,2023-11-08
P2242,Susan,Price,Doctor 1,2023-11-08
P0212,Richard,Anderson,Doctor 2,2023-11-09
P0374,Donna,Baker,Doctor 3,2023-11-09
P0652,Anna,Allen,Doctor 1,2023-11-09
P0671,Mark,Green,Doctor 1,2023-11-09
P0830,Nancy,Lewis,Doctor 1,2023-11-09
P0833,Kenneth,Brooks,Doctor 1,2023-11-09
P0874,Sharon,Thomas,Doctor 1,2023-11-09
P1029,Emma,Morgan,Doctor 1,2023-11-09
P1261,Mary,Brown,Doctor 3,2023-11-09
P1421,Jerry,Cruz,Doctor 2,2023-11-09
P1424,Helen,Diaz,Doctor 2,2023-11-09
P1465,Jonathan,Reyes,Doctor 3,2023-11-09
P1552,Michelle,Gonzalez,Doctor 2,2023-11-09
P1557,Jose,Garcia,Doctor 2,2023-11-09
P1563,Helen,Johnson,Doctor 1,2023-11-09
P1711,Sarah,Robinson,Doctor 1,2023-11-09
P1728,Samuel,Turner,Doctor 2,2023-11-09
P1759,Helen,Peterson,Doctor 2,2023-11-09
P1795,Robert,Gonzalez,Doctor 2,2023-11-09
P1806,Kenneth,Hill,Doctor 3,2023-11-09
P1817,Brian,Turner,Doctor 3,2023-11-09
P1901,Jacob,Hughes,Doctor 2,2023-11-09
P2009,Emma,Allen,Doctor 1,2023-11-09
P2017,Dorothy,Jones,Doctor 2,2023-11-09
P2017,Dorothy,Jones,Doctor 2,2023-11-09
P2019,Rebecca,Brown,Doctor 2,2023-11-09
P2103,Betty,Flores,Doctor 1,2023-11-09
P2165,Mary,Phillips,Doctor 3,2023-11-09
P2178,Andrew,Kim,Doctor 1,2023-11-09
P2235,Mary,Green,Doctor 3,2023-11-09
P0090,Sandra,Cruz,Doctor 1,2023-11-10
P0249,Laura,Hill,Doctor 1,2023-11-10
P0255,Jeffrey,Anderson,Doctor 3,2023-11-10
P0369,Steven,Garcia,Doctor 1,2023-11-10
P0404,Kathleen,Cooper,Doctor 3,2023-11-10
P0476,Helen,Davis,Doctor 2,2023-11-10
P0623,Lisa,Hughes,Doctor 1,2023-11-10
P0720,Stephen,Myers,Doctor 2,2023-11-10
P0724,James,Lopez,Doctor 2,2023-11-10
P0852,Justin,Hughes,Doctor 3,2023-11-10
P1062,Cynthia,Gutierrez,Doctor 3,2023-11-10
P1108,Andrew,Campbell,Doctor 1,2023-11-10
P1193,Shirley,Price,Doctor 3,2023-11-10
P1220,Benjamin,Diaz,Doctor 2,2023-11-10
P1319,Edward,Wilson,Doctor 1,2023-11-10
P1547,Justin,Chavez,Doctor 2,2023-11-10
P1635,Lisa,Torres,Doctor 3,2023-11-10
P1644,Lisa,Bennett,Doctor 1,2023-11-10
P1665,Daniel,Nguyen,Doctor 1,2023-11-10
P1717,Edward,White,Doctor 3,2023-11-10
P1718,Alexander,Jackson,Doctor 3,2023-11-10
P1738,Larry,Wright,Doctor 3,2023-11-10
P1843,Dorothy,Baker,Doctor 1,2023-11-10
P1974,Kimberly,Mendoza,Doctor 2,2023-11-10
P2065,Thomas,Martinez,Doctor 3,2023-11-10
P2129,Jessica,Sanders,Doctor 3,2023-11-10
P2210,Michelle,Torres,Doctor 3,2023-11-10
P0041,Deborah,Green,Doctor 3,2023-11-11
P0138,Michelle,Taylor,Doctor 1,2023-11-11
P0251,Frank,Adams,Doctor 3,2023-11-11
P0255,Jeffrey,Anderson,Doctor 3,2023-11-11
P0336,Virginia,Nelson,Doctor 2,2023-11-11
P0411,Kathleen,Young,Doctor 2,2023-11-11
P0558,Anna,Ramirez,Doctor 1,2023-11-11
P0561,Barbara,White,Doctor 2,2023-11-11
P0680,Edward,Wright,Doctor 1,2023-11-11
P0842,Larry,Hall,Doctor 2,2023-11-11
P0856,Edward,Lee,Doctor 1,2023-11-11
P0866,Mark,Bailey,Doctor 2,2023-11-11
P1014,Lisa,Brooks,Doctor 2,2023-11-11
P1042,Laura,Harris,Doctor 1,2023-11-11
P1055,Sandra,Mendoza,Doctor 3,2023-11-11
P1161,Raymond,Brooks,Doctor 1,2023-11-11
P1255,Kevin,Baker,Doctor 1,2023-11-11
P1317,Dorothy,Thomas,Doctor 2,2023-11-11
P1319,Edward,Wilson,Doctor 1,2023-11-11
P1352,Melissa,Miller,Doctor 1,2023-11-11
P1367,Eric,Ruiz,Doctor 3,2023-11-11
P1377,Thomas,Price,Doctor 3,2023-11-11
P1397,Kimberly,Alvarez,Doctor 1,2023-11-11
P1430,Ruth,Collins,Doctor 1,2023-11-11
P1613,Kathleen,Mendoza,Doctor 1,2023-11-11
P1637,Angela,Johnson,Doctor 3,2023-11-11
P1686,Tyler,White,Doctor 2,2023-11-11
P1782,Brian,Walker,Doctor 1,2023-11-11
P1793,James,Hughes,Doctor 1,2023-11-11
P1798,Raymond,Nguyen,Doctor 1,2023-11-11
P1825,Brenda,Sanchez,Doctor 1,2023-11-11
P1985,Dorothy,Chavez,Doctor 3,2023-11-11
P2076,Kimberly,King,Doctor 3,2023-11-11
P2156,Stephen,Torres,Doctor 3,2023-11-11
P2213,Nancy,Gonzalez,Doctor 3,2023-11-11
P2247,Ryan,Rogers,Doctor 3,2023-11-11
P2253,Kevin,Nelson,Doctor 2,2023-11-11
P2299,Daniel,Parker,Doctor 1,2023-11-11
P0326,Jerry,Howard,Doctor 1,2023-11-12
P0368,Sharon,Howard,Doctor 3,2023-11-12
P0702,Emma,Brooks,Doctor 2,2023-11-12
P0733,Jason,Ruiz,Doctor 1,2023-11-12
P0749,Nicholas,Castillo,Doctor 2,2023-11-12
P0966,Samuel,Young,Doctor 2,2023-11-12
P0970,Gregory,Martin,Doctor 2,2023-11-12
P1068,Michelle,Turner,Doctor 1,2023-11-12
P1178,Emma,Sanders,Doctor 3,2023-11-12
P1192,Joshua,Martin,Doctor 1,2023-11-12
P1259,George,White,Doctor 1,2023-11-12
P1263,Eric,Cook,Doctor 1,2023-11-12
P1305,Joseph,Williams,Doctor 3,2023-11-12
P1340,Sarah,Brooks,Doctor 2,2023-11-12
P1383,Patrick,Patel,Doctor 3,2023-11-12
P1400,Robert,Williams,Doctor 1,2023-11-12
P1485,Laura,Gomez,Doctor 1,2023-11-12
P1805,Daniel,White,Doctor 2,2023-11-12
P1824,Kimberly,Parker,Doctor 3,2023-11-12
P1891,Christopher,White,Doctor 3,2023-11-12
P1921,George,Cook,Doctor 1,2023-11-12
P1936,Christopher,Nguyen,Doctor 3,2023-11-12
P2000,Nicholas,Thomas,Doctor 3,2023-11-12
P2005,Jennifer,Williams,Doctor 3,2023-11-12
P2052,Frank,Stewart,Doctor 3,2023-11-12
P2058,George,Richardson,Doctor 1,2023-11-12
P2063,Carol,Gutierrez,Doctor 1,2023-11-12
P2137,Kevin,Miller,Doctor 1,2023-11-12
P2266,Ronald,Rogers,Doctor 2,2023-11-12
P0103,Andrew,Gray,Doctor 1,2023-11-13
P0111,Nancy,Ortiz,Doctor 2,2023-11-13
P0131,Jessica,Edwards,Doctor 2,2023-11-13
P0232,Tyler,Kim,Doctor 1,2023-11-13
P0242,Carol,Gray,Doctor 2,2023-11-13
P0414,Nancy,White,Doctor 1,2023-11-13
P0418,Ronald,Wilson,Doctor 1,2023-11-13
P0472,Angela,Sanchez,Doctor 3,2023-11-13
P0722,Daniel,Mitchell,Doctor 1,2023-11-13
P0735,Patricia,Morris,Doctor 2,2023-11-13
P0929,David,Watson,Doctor 1,2023-11-13
P1064,William,Martinez,Doctor 3,2023-11-13
P1083,Betty,Hughes,Doctor 1,2023-11-13
P1094,Tyler,Castillo,Doctor 1,2023-11-13
P1305,Joseph,Williams,Doctor 3,2023-11-13
P1419,Patricia,Turner,Doctor 3,2023-11-13
P1420,Laura,Torres,Doctor 1,2023-11-13
P1457,George,Moore,Doctor 1,2023-11-13
P1539,Joseph,Baker,Doctor 1,2023-11-13
P1563,Helen,Johnson,Doctor 1,2023-11-13
P1567,Alexander,Reyes,Doctor 2,2023-11-13
P1578,Charles,Thomas,Doctor 2,2023-11-13
P1685,Brandon,Alvarez,Doctor 3,2023-11-13
P1789,Andrew,Gomez,Doctor 3,2023-11-13
P1857,Kimberly,Garcia,Doctor 3,2023-11-13
P1903,Amy,Clark,Doctor 2,2023-11-13
P1934,Patrick,Green,Doctor 3,2023-11-13
P2052,Frank,Stewart,Doctor 3,2023-11-13
P2084,Aaron,Ward,Doctor 1,2023-11-13
P2111,James,Ramos,Doctor 1,2023-11-13
P2209,Kimberly,Brooks,Doctor 3,2023-11-13
P2255,Sharon,Richardson,Doctor 3,2023-11-13
P2264,Ruth,Richardson,Doctor 2,2023-11-13
P0068,Cynthia,Parker,Doctor 2,2023-11-14
P0083,Jennifer,Morgan,Doctor 2,2023-11-14
P0127,Helen,Wright,Doctor 2,2023-11-14
P0355,Sarah,Cooper,Doctor 2,2023-11-14
P0426,Timothy,Watson,Doctor 2,2023-11-14
P0450,Nancy,Reed,Doctor 2,2023-11-14
P0538,George,Sanders,Doctor 2,2023-11-14
P0544,Benjamin,Ortiz,Doctor 1,2023-11-14
P0568,Melissa,Johnson,Doctor 2,2023-11-14
P0645,Rebecca,Rodriguez,Doctor 1,2023-11-14
P0746,Justin,Perez,Doctor 2,2023-11-14
P0762,Joshua,Turner,Doctor 3,2023-11-14
P0935,Andrew,Ortiz,Doctor 1,2023-11-14
P1024,Sharon,Robinson,Doctor 3,2023-11-14
P1031,Anthony,Morales,Doctor 1,2023-11-14
P1199,Dorothy,Lewis,Doctor 1,2023-11-14
P1291,Betty,Baker,Doctor 1,2023-11-14
P1361,Deborah,Johnson,Doctor 3,2023-11-14
P1487,Timothy,Brown,Doctor 2,2023-11-14
P1501,Sandra,Ramos,Doctor 2,2023-11-14
P1528,Sarah,Carter,Doctor 2,2023-11-14
P1556,Kathleen,Edwards,Doctor 1,2023-11-14
P1559,Karen,Thomas,Doctor 2,2023-11-14
P1562,Donna,Hughes,Doctor 2,2023-11-14
P1617,Betty,Peterson,Doctor 3,2023-11-14
P1647,Carol,Watson,Doctor 3,2023-11-14
P1679,Melissa,Kelly,Doctor 3,2023-11-14
P1756,Rebecca,Richardson,Doctor 2,2023-11-14
P1823,Jeffrey,Robinson,Doctor 3,2023-11-14
P1879,Anna,Murphy,Doctor 1,2023-11-14
P1912,Dennis,Lopez,Doctor 1,2023-11-14
P1967,Anna,Turner,Doctor 2,2023-11-14
P2009,Emma,Allen,Doctor 1,2023-11-14
P2020,Angela,Reed,Doctor 2,2023-11-14
P2208,Jacob,Rodriguez,Doctor 1,2023-11-14
P0015,Carol,Garcia,Doctor 1,2023-11-15
P0068,Cynthia,Parker,Doctor 2,2023-11-15
P0132,Cynthia,Martinez,Doctor 1,2023-11-15
P0185,George,Lee,Doctor 1,2023-11-15
P0197,Dorothy,Anderson,Doctor 1,2023-11-15
P0303,Angela,Kelly,Doctor 1,2023-11-15
P0396,Mary,Price,Doctor 3,2023-11-15
P0426,Timothy,Watson,Doctor 1,2023-11-15
P0442,Robert,Lewis,Doctor 2,2023-11-15
P0447,Nancy,Smith,Doctor 2,2023-11-15
P0448,Thomas,Lopez,Doctor 3,2023-11-15
P0512,Tyler,Carter,Doctor 1,2023-11-15
P0692,Steven,Hernandez,Doctor 1,2023-11-15
P0714,Aaron,Mendoza,Doctor 3,2023-11-15
P0719,Charles,Ramirez,Doctor 3,2023-11-15
P0759,Jack,Cox,Doctor 3,2023-11-15
P0789,Ryan,Reyes,Doctor 1,2023-11-15
P0810,Helen,Adams,Doctor 3,2023-11-15
P0817,Betty,Alvarez,Doctor 3,2023-11-15
P0830,Nancy,Lewis,Doctor 3,2023-11-15
P0833,Kenneth,Brooks,Doctor 1,2023-11-15
P0865,Joshua,Kim,Doctor 2,2023-11-15
P0869,Ruth,Thomas,Doctor 3,2023-11-15
P0932,Helen,Castillo,Doctor 1,2023-11-15
P1029,Emma,Morgan,Doctor 1,2023-11-15
P1029,Emma,Morgan,Doctor 1,2023-11-15
P1033,Elizabeth,Castillo,Doctor 2,2023-11-15
P1078,Daniel,Reed,Doctor 3,2023-11-15
P1145,Gregory,Taylor,Doctor 1,2023-11-15
P1304,Robert,Morales,Doctor 3,2023-11-15
P1516,Lisa,Edwards,Doctor 3,2023-11-15
P1571,Benjamin,Gonzalez,Doctor 1,2023-11-15
P1587,Nicholas,Campbell,Doctor 2,2023-11-15
P1682,Matthew,Murphy,Doctor 3,2023-11-15
P2099,Justin,Morgan,Doctor 2,2023-11-15
P2188,Jeffrey,Brooks,Doctor 1,2023-11-15
P2279,Laura,Baker,Doctor 2,2023-11-15
P2293,Donna,Wilson,Doctor 3,2023-11-15
P0056,Nancy,Hernandez,Doctor 2,2023-11-16
P0081,Andrew,Morales,Doctor 2,2023-11-16
P0356,Lisa,Hill,Doctor 1,2023-11-16
P0606,Jack,Thomas,Doctor 2,2023-11-16
P0698,Donald,Watson,Doctor 3,2023-11-16
P0703,Nicholas,Reyes,Doctor 1,2023-11-16
P0738,Joshua,Sanchez,Doctor 1,2023-11-16
P0758,Karen,Morris,Doctor 2,2023-11-16
P0771,Anna,James,Doctor 3,2023-11-16
P0856,Edward,Lee,Doctor 1,2023-11-16
P0985,Jessica,Kelly,Doctor 1,2023-11-16
P0986,Jack,Rogers,Doctor 3,2023-11-16
P1157,Emma,Gray,Doctor 1,2023-11-16
P1178,Emma,Sanders,Doctor 3,2023-11-16
P1287,Sarah,Martinez,Doctor 1,2023-11-16
P1295,Karen,Alvarez,Doctor 3,2023-11-16
P1352,Melissa,Miller,Doctor 1,2023-11-16
P1493,Andrew,Hernandez,Doctor 3,2023-11-16
P1789,Andrew,Gomez,Doctor 3,2023-11-16
P2043,Laura,Evans,Doctor 1,2023-11-16
P2053,Kimberly,Cook,Doctor 1,2023-11-16
P2116,Carol,Kelly,Doctor 1,2023-11-16
P2183,Helen,Gonzalez,Doctor 2,2023-11-16
P2204,Lisa,Ward,Doctor 1,2023-11-16
P2218,Jeffrey,Nelson,Doctor 3,2023-11-16
P2299,Daniel,Parker,Doctor 3,2023-11-16
P0177,Nancy,Parker,Doctor 3,2023-11-17
P0346,Brandon,Nelson,Doctor 2,2023-11-17
P0389,Sarah,Watson,Doctor 3,2023-11-17
P0454,Amy,Lee,Doctor 3,2023-11-17
P0666,Amy,Anderson,Doctor 2,2023-11-17
P0810,Helen,Adams,Doctor 3,2023-11-17
P0840,Karen,James,Doctor 2,2023-11-17
P0954,Michelle,Scott,Doctor 3,2023-11-17
P1076,Jacob,Roberts,Doctor 2,2023-11-17
P1176,Ronald,Richardson,Doctor 3,2023-11-17
P1181,Jack,Lopez,Doctor 2,2023-11-17
P1192,Joshua,Martin,Doctor 1,2023-11-17
P1242,Kevin,Young,Doctor 2,2023-11-17
P1311,David,Reyes,Doctor 3,2023-11-17
P1343,Ronald,Young,Doctor 2,2023-11-17
P1493,Andrew,Hernandez,Doctor 3,2023-11-17
P1580,Donald,Carter,Doctor 1,2023-11-17
P1612,Frank,Myers,Doctor 2,2023-11-17
P1656,Ruth,Johnson,Doctor 2,2023-11-17
P1749,Ruth,Brown,Doctor 1,2023-11-17
P1784,Aaron,Castillo,Doctor 1,2023-11-17
P1798,Raymond,Nguyen,Doctor 1,2023-11-17
P1962,Helen,Sanders,Doctor 2,2023-11-17
P2232,Dennis,Diaz,Doctor 1,2023-11-17
P0044,Helen,Anderson,Doctor 2,2023-11-18
P0137,George,Collins,Doctor 2,2023-11-18
P0245,Helen,Cruz,Doctor 2,2023-11-18
P0343,Gregory,Ramos,Doctor 3,2023-11-18
P0527,Jerry,Scott,Doctor 1,2023-11-18
P0625,Emma,Mitchell,Doctor 2,2023-11-18
P0662,Donna,Perez,Doctor 1,2023-11-18
P0711,Joseph,Gutierrez,Doctor 2,2023-11-18
P0716,Helen,Williams,Doctor 2,2023-11-18
P0803,Brian,Ramos,Doctor 2,2023-11-18
P0812,Sarah,Taylor,Doctor 2,2023-11-18
P0940,Mary,Patel,Doctor 1,2023-11-18
P1084,Christopher,Green,Doctor 1,2023-11-18
P1088,Benjamin,Smith,Doctor 2,2023-11-18
P1100,Kevin,James,Doctor 2,2023-11-18
P1106,Melissa,Edwards,Doctor 3,2023-11-18
P1115,Virginia,Mendoza,Doctor 2,2023-11-18
P1264,Jessica,Cruz,Doctor 1,2023-11-18
P1308,Carol,Sanchez,Doctor 1,2023-11-18
P1333,Sarah,Kim,Doctor 3,2023-11-18
P1443,Jason,Reed,Doctor 3,2023-11-18
P1464,Sharon,Cox,Doctor 2,2023-11-18
P1476,Betty,Myers,Doctor 1,2023-11-18
P1541,Carol,Wood,Doctor 1,2023-11-18
P1545,Sharon,Hughes,Doctor 3,2023-11-18
P1586,Richard,Lopez,Doctor 3,2023-11-18
P1681,Dennis,Gray,Doctor 3,2023-11-18
P1684,Deborah,Wood,Doctor 1,2023-11-18
P1684,Deborah,Wood,Doctor 3,2023-11-18
P1711,Sarah,Robinson,Doctor 1,2023-11-18
P1744,Jerry,Walker,Doctor 2,2023-11-18
P1845,Patricia,Wilson,Doctor 2,2023-11-18
P1993,Charles,Morris,Doctor 2,2023-11-18
P2051,Donna,Alvarez,Doctor 3,2023-11-18
P2069,Jose,Smith,Doctor 3,2023-11-18
P2074,Michael,Green,Doctor 1,2023-11-18
P2077,James,White,Doctor 2,2023-11-18
P2116,Carol,Kelly,Doctor 3,2023-11-18
P2246,Larry,Davis,Doctor 1,2023-11-18
P0146,Jessica,Walker,Doctor 3,2023-11-19
P0155,Sarah,Sanchez,Doctor 3,2023-11-19
P0201,Jeffrey,Kelly,Doctor 1,2023-11-19
P0291,Betty,Roberts,Doctor 1,2023-11-19
P0310,Larry,Clark,Doctor 3,2023-11-19
P0327,Karen,Allen,Doctor 2,2023-11-19
P0368,Sharon,Howard,Doctor 3,2023-11-19
P0372,Jason,Brown,Doctor 3,2023-11-19
P0445,Helen,Nguyen,Doctor 1,2023-11-19
P0463,Larry,Gray,Doctor 1,2023-11-19
P0555,Jessica,Scott,Doctor 3,2023-11-19
P0564,Lisa,Chavez,Doctor 3,2023-11-19
P0632,Laura,Kelly,Doctor 3,2023-11-19
P0691,Timothy,Parker,Doctor 2,2023-11-19
P0708,Michelle,Perez,Doctor 2,2023-11-19
P0752,Elizabeth,Brown,Doctor 2,2023-11-19
P1035,Jeffrey,Peterson,Doctor 3,2023-11-19
P1076,Jacob,Roberts,Doctor 3,2023-11-19
P1079,Helen,Gomez,Doctor 3,2023-11-19
P1095,Nancy,Morgan,Doctor 3,2023-11-19
P1169,Christopher,King,Doctor 3,2023-11-19
P1175,Daniel,Walker,Doctor 1,2023-11-19
P1384,Stephen,Jones,Doctor 3,2023-11-19
P1411,Michelle,Gray,Doctor 2,2023-11-19
P1413,Jeffrey,Brown,Doctor 2,2023-11-19
P1602,Jessica,Smith,Doctor 1,2023-11-19
P1781,Carol,Morris,Doctor 2,2023-11-19
P1880,Emma,Nguyen,Doctor 2,2023-11-19
P1923,Ruth,Brooks,Doctor 3,2023-11-19
P1926,Stephen,Wood,Doctor 3,2023-11-19
P1946,Kathleen,Carter,Doctor 1,2023-11-19
P1966,Frank,Johnson,Doctor 3,2023-11-19
P1970,Melissa,Evans,Doctor 3,2023-11-19
P2074,Michael,Green,Doctor 1,2023-11-19
P2156,Stephen,Torres,Doctor 1,2023-11-19
P2200,Stephen,Rogers,Doctor 1,2023-11-19
P2250,Frank,Harris,Doctor 2,2023-11-19
P2285,Carol,Wright,Doctor 1,2023-11-19
P0026,James,Bailey,Doctor 3,2023-11-20
P0080,Mary,Morales,Doctor 3,2023-11-20
P0102,Tyler,Chavez,Doctor 3,2023-11-20
P0123,Matthew,Ortiz,Doctor 1,2023-11-20
P0141,Gary,Hughes,Doctor 3,2023-11-20
P0329,Jose,Robinson,Doctor 1,2023-11-20
P0359,Frank,Morris,Doctor 2,2023-11-20
P0432,Sarah,Edwards,Doctor 2,2023-11-20
P0562,Anthony,Garcia,Doctor 1,2023-11-20
P0614,Elizabeth,Phillips,Doctor 3,2023-11-20
P0742,Tyler,Nguyen,Doctor 2,2023-11-20
P0757,Gary,Johnson,Doctor 3,2023-11-20
P0825,Sarah,Diaz,Doctor 1,2023-11-20
P0984,John,Phillips,Doctor 1,2023-11-20
P0990,Sandra,Wright,Doctor 3,2023-11-20
P1097,Charles,Anderson,Doctor 1,2023-11-20
P1205,Tyler,Lewis,Doctor 3,2023-11-20
P1213,Timothy,Johnson,Doctor 1,2023-11-20
P1224,Gregory,Reed,Doctor 2,2023-11-20
P1274,Rebecca,Price,Doctor 3,2023-11-20
P1277,Kenneth,Gomez,Doctor 3,2023-11-20
P1334,Andrew,Peterson,Doctor 1,2023-11-20
P1367,Eric,Ruiz,Doctor 2,2023-11-20
P1377,Thomas,Price,Doctor 3,2023-11-20
P1519,Benjamin,Green,Doctor 2,2023-11-20
P1556,Kathleen,Edwards,Doctor 1,2023-11-20
P1568,Melissa,Martin,Doctor 2,2023-11-20
P1592,Patricia,Nguyen,Doctor 2,2023-11-20
P1654,Gregory,Morris,Doctor 3,2023-11-20
P1694,Tyler,Wilson,Doctor 3,2023-11-20
P1933,Kevin,Smith,Doctor 1,2023-11-20
P2028,Laura,Lee,Doctor 3,2023-11-20
P2119,John,Johnson,Doctor 1,2023-11-20
P2145,Donald,Torres,Doctor 3,2023-11-20
P2188,Jeffrey,Brooks,Doctor 3,2023-11-20
P0046,John,Price,Doctor 3,2023-11-21
P0249,Laura,Hill,Doctor 1,2023-11-21
P0290,Lisa,Scott,Doctor 1,2023-11-21
P0378,Donna,Green,Doctor 3,2023-11-21
P0380,James,Johnson,Doctor 2,2023-11-21
P0429,Sandra,Davis,Doctor 1,2023-11-21
P0540,Carol,Scott,Doctor 1,2023-11-21
P0600,Gregory,Collins,Doctor 3,2023-11-21
P0696,Steven,Brooks,Doctor 2,2023-11-21
P0721,Gary,Evans,Doctor 3,2023-11-21
P0743,Gregory,Chavez,Doctor 1,2023-11-21
P0751,Sandra,Edwards,Doctor 2,2023-11-21
P0895,Barbara,Cox,Doctor 2,2023-11-21
P0925,James,Cooper,Doctor 1,2023-11-21
P0962,Barbara,Jackson,Doctor 1,2023-11-21
P1006,David,Walker,Doctor 3,2023-11-21
P1011,Karen,Evans,Doctor 3,2023-11-21
P1022,Jeffrey,Moore,Doctor 1,2023-11-21
P1032,Richard,Cook,Doctor 2,2023-11-21
P1096,Ryan,Mendoza,Doctor 1,2023-11-21
P1121,Jerry,Rivera,Doctor 1,2023-11-21
P1128,Nicholas,Morris,Doctor 2,2023-11-21
P1162,Cynthia,Gonzalez,Doctor 2,2023-11-21
P1191,Helen,Kelly,Doctor 3,2023-11-21
P1260,Ruth,Ramos,Doctor 1,2023-11-21
P1286,Angela,Gutierrez,Doctor 1,2023-11-21
P1444,Daniel,Gomez,Doctor 2,2023-11-21
P1459,Deborah,Murphy,Doctor 3,2023-11-21
P1481,Samuel,Sanchez,Doctor 1,2023-11-21
P1559,Karen,Thomas,Doctor 2,2023-11-21
P1634,Betty,Turner,Doctor 1,2023-11-21
P1689,Jose,Morris,Doctor 3,2023-11-21
P1772,Tyler,Williams,Doctor 1,2023-11-21
P1800,Sandra,Smith,Doctor 3,2023-11-21
P1816,Anthony,Castillo,Doctor 3,2023-11-21
P1822,Brenda,Reyes,Doctor 3,2023-11-21
P1941,Stephen,Evans,Doctor 2,2023-11-21
P1952,Brandon,Adams,Doctor 2,2023-11-21
P2005,Jennifer,Williams,Doctor 3,2023-11-21
P2269,Amy,Cruz,Doctor 3,2023-11-21
P0007,Christopher,Rivera,Doctor 2,2023-11-22
P0061,Susan,Murphy,Doctor 1,2023-11-22
P0144,Deborah,Thomas,Doctor 1,2023-11-22
P0299,Jonathan,Reed,Doctor 2,2023-11-22
P0420,Kevin,Lopez,Doctor 1,2023-11-22
P0507,Susan,Roberts,Doctor 3,2023-11-22
P0557,Laura,Brown,Doctor 1,2023-11-22
P0564,Lisa,Chavez,Doctor 1,2023-11-22
P0592,Frank,Wright,Doctor 2,2023-11-22
P0637,Jeffrey,Scott,Doctor 2,2023-11-22
P0654,Emma,Bennett,Doctor 3,2023-11-22
P0701,Scott,Gonzalez,Doctor 2,2023-11-22
P0735,Patricia,Morris,Doctor 2,2023-11-22
P0779,Timothy,Jackson,Doctor 2,2023-11-22
P0927,Carol,Taylor,Doctor 1,2023-11-22
P0963,David,Stewart,Doctor 1,2023-11-22
P0965,Sharon,Torres,Doctor 3,2023-11-22
P1000,James,Lewis,Doctor 3,2023-11-22
P1024,Sharon,Robinson,Doctor 2,2023-11-22
P1101,Kimberly,Myers,Doctor 3,2023-11-22
P1130,Tyler,Green,Doctor 1,2023-11-22
P1258,Kenneth,Flores,Doctor 3,2023-11-22
P1294,Shirley,Morales,Doctor 1,2023-11-22
P1370,Aaron,Campbell,Doctor 2,2023-11-22
P1389,Carol,Williams,Doctor 1,2023-11-22
P1462,Virginia,Wilson,Doctor 1,2023-11-22
P1491,Christopher,Anderson,Doctor 1,2023-11-22
P1630,Carol,Bennett,Doctor 3,2023-11-22
P1644,Lisa,Bennett,Doctor 3,2023-11-22
P1680,Michelle,Nelson,Doctor 1,2023-11-22
P1702,Sandra,Green,Doctor 3,2023-11-22
P1759,Helen,Peterson,Doctor 2,2023-11-22
P1989,Mary,Murphy,Doctor 1,2023-11-22
P2003,Sarah,Thompson,Doctor 2,2023-11-22
P2043,Laura,Evans,Doctor 1,2023-11-22
P2179,Sarah,Perez,Doctor 2,2023-11-22
P2236,Kimberly,Robinson,Doctor 3,2023-11-22
P2249,Kevin,Gonzalez,Doctor 1,2023-11-22
P2298,William,Carter,Doctor 3,2023-11-22
P0104,Susan,Ortiz,Doctor 3,2023-11-23
P0150,Jonathan,Baker,Doctor 2,2023-11-23
P0314,Elizabeth,Campbell,Doctor 3,2023-11-23
P0394,Charles,White,Doctor 2,2023-11-23
P0446,Barbara,Davis,Doctor 3,2023-11-23
P0480,Jerry,Miller,Doctor 3,2023-11-23
P0484,Thomas,Ramirez,Doctor 2,2023-11-23
P0553,Jessica,Campbell,Doctor 3,2023-11-23
P0587,Amy,Gonzalez,Doctor 1,2023-11-23
P0629,Tyler,Mitchell,Doctor 2,2023-11-23
P0664,Deborah,Ward,Doctor 3,2023-11-23
P0688,Jennifer,Cruz,Doctor 2,2023-11-23
P0710,Anna,Jones,Doctor 1,2023-11-23
P0722,Daniel,Mitchell,Doctor 1,2023-11-23
P0742,Tyler,Nguyen,Doctor 2,2023-11-23
P0747,Jacob,Gray,Doctor 2,2023-11-23
P0902,Susan,Wilson,Doctor 2,2023-11-23
P0909,Matthew,Wright,Doctor 3,2023-11-23
P1071,Nancy,Wood,Doctor 1,2023-11-23
P1227,Donna,White,Doctor 1,2023-11-23
P1283,Jason,Sanders,Doctor 1,2023-11-23
P1329,Justin,Gomez,Doctor 1,2023-11-23
P1335,Elizabeth,Hernandez,Doctor 2,2023-11-23
P1425,William,Kelly,Doctor 3,2023-11-23
P1527,George,Edwards,Doctor 1,2023-11-23
P1605,Shirley,Ruiz,Doctor 3,2023-11-23
P1620,Barbara,Stewart,Doctor 3,2023-11-23
P1752,Richard,Reed,Doctor 2,2023-11-23
P1797,Anna,Anderson,Doctor 3,2023-11-23
P1989,Mary,Murphy,Doctor 1,2023-11-23
P2010,Patrick,Lopez,Doctor 3,2023-11-23
P2076,Kimberly,King,Doctor 3,2023-11-23
P0041,Deborah,Green,Doctor 2,2023-11-24
P0158,Steven,Martin,Doctor 3,2023-11-24
P0241,Karen,Perez,Doctor 3,2023-11-24
P0484,Thomas,Ramirez,Doctor 2,2023-11-24
P0514,Frank,Hill,Doctor 2,2023-11-24
P0595,Deborah,Watson,Doctor 1,2023-11-24
P0786,Matthew,Lee,Doctor 3,2023-11-24
P0795,Timothy,Taylor,Doctor 2,2023-11-24
P0838,Steven,Gomez,Doctor 2,2023-11-24
P0942,Larry,Morales,Doctor 2,2023-11-24
P1060,Sarah,Davis,Doctor 2,2023-11-24
P1073,Aaron,Edwards,Doctor 2,2023-11-24
P1089,Aaron,Bailey,Doctor 2,2023-11-24
P1216,Jeffrey,Allen,Doctor 1,2023-11-24
P1254,Cynthia,Diaz,Doctor 1,2023-11-24
P1357,Edward,Morgan,Doctor 3,2023-11-24
P1406,George,Johnson,Doctor 1,2023-11-24
P1520,Elizabeth,Garcia,Doctor 2,2023-11-24
P1541,Carol,Wood,Doctor 1,2023-11-24
P1550,Cynthia,Moore,Doctor 3,2023-11-24
P1569,Nancy,Myers,Doctor 2,2023-11-24
P1639,Gary,Cook,Doctor 1,2023-11-24
P1646,Edward,Gonzalez,Doctor 2,2023-11-24
P1703,Dorothy,Clark,Doctor 2,2023-11-24
P1726,Donald,James,Doctor 2,2023-11-24
P1773,Virginia,Rogers,Doctor 3,2023-11-24
P1807,Angela,Bailey,Doctor 1,2023-11-24
P1825,Brenda,Sanchez,Doctor 1,2023-11-24
P1908,Gary,Gomez,Doctor 2,2023-11-24
P1971,Richard,Moore,Doctor 3,2023-11-24
P1981,Laura,Alvarez,Doctor 3,2023-11-24
P2038,Gregory,Flores,Doctor 2,2023-11-24
P2061,Jessica,Martin,Doctor 3,2023-11-24
P2197,Emma,Reed,Doctor 2,2023-11-24
P2294,William,Reyes,Doctor 1,2023-11-24
P0071,Laura,Bailey,Doctor 1,2023-11-25
P0102,Tyler,Chavez,Doctor 3,2023-11-25
P0204,Jose,Ramirez,Doctor 2,2023-11-25
P0330,Helen,Ortiz,Doctor 3,2023-11-25
P0350,Susan,Anderson,Doctor 3,2023-11-25
P0384,Kevin,Ward,Doctor 1,2023-11-25
P0387,Shirley,Nelson,Doctor 3,2023-11-25
P0390,Daniel,Robinson,Doctor 3,2023-11-25
P0496,Angela,Ramirez,Doctor 3,2023-11-25
P0713,Mark,Murphy,Doctor 2,2023-11-25
P0978,Jeffrey,Davis,Doctor 2,2023-11-25
P1084,Christopher,Green,Doctor 1,2023-11-25
P1165,Brian,Lewis,Doctor 1,2023-11-25
P1189,George,Smith,Doctor 3,2023-11-25
P1221,Barbara,Carter,Doctor 2,2023-11-25
P1386,Gregory,Diaz,Doctor 2,2023-11-25
P1397,Kimberly,Alvarez,Doctor 1,2023-11-25
P1404,Sandra,Williams,Doctor 2,2023-11-25
P1524,Ruth,Baker,Doctor 3,2023-11-25
P1554,Christopher,Hughes,Doctor 2,2023-11-25
P1597,Jessica,Davis,Doctor 1,2023-11-25
P1689,Jose,Morris,Doctor 3,2023-11-25
P1732,Emma,Lewis,Doctor 1,2023-11-25
P1835,Nicholas,Sanchez,Doctor 2,2023-11-25
P1858,Stephen,Cooper,Doctor 3,2023-11-25
P2067,Cynthia,Garcia,Doctor 3,2023-11-25
P2156,Stephen,Torres,Doctor 1,2023-11-25
P2227,Nancy,Cox,Doctor 2,2023-11-25
P2242,Susan,Price,Doctor 2,2023-11-25
P2272,George,Morales,Doctor 1,2023-11-25
P0050,Anna,Gutierrez,Doctor 3,2023-11-26
P0182,Benjamin,Scott,Doctor 2,2023-11-26
P0192,Lisa,Brown,Doctor 1,2023-11-26
P0275,Amy,Wilson,Doctor 2,2023-11-26
P0341,Jacob,Richardson,Doctor 1,2023-11-26
P0372,Jason,Brown,Doctor 3,2023-11-26
P0390,Daniel,Robinson,Doctor 3,2023-11-26
P0798,Karen,King,Doctor 2,2023-11-26
P0889,Scott,Martinez,Doctor 3,2023-11-26
P0908,Ryan,Anderson,Doctor 1,2023-11-26
P0941,Melissa,Gonzalez,Doctor 2,2023-11-26
P1040,Laura,Cooper,Doctor 1,2023-11-26
P1107,Kimberly,Sanders,Doctor 2,2023-11-26
P1130,Tyler,Green,Doctor 1,2023-11-26
P1132,Jason,Adams,Doctor 3,2023-11-26
P1319,Edward,Wilson,Doctor 1,2023-11-26
P1901,Jacob,Hughes,Doctor 1,2023-11-26
P1916,Michelle,Miller,Doctor 2,2023-11-26
P2056,Shirley,Cook,Doctor 1,2023-11-26
P2084,Aaron,Ward,Doctor 3,2023-11-26
P2280,Jerry,Hill,Doctor 3,2023-11-26
P2288,Emma,James,Doctor 2,2023-11-26
P0105,Amy,Ruiz,Doctor 3,2023-11-27
P0133,Dorothy,Sanders,Doctor 3,2023-11-27
P0185,George,Lee,Doctor 1,2023-11-27
P0227,Anna,Alvarez,Doctor 3,2023-11-27
P0329,Jose,Robinson,Doctor 1,2023-11-27
P0365,Michelle,Morgan,Doctor 2,2023-11-27
P0466,Andrew,Davis,Doctor 2,2023-11-27
P0483,Robert,Campbell,Doctor 3,2023-11-27
P0511,William,Johnson,Doctor 1,2023-11-27
P0513,Jerry,Hernandez,Doctor 1,2023-11-27
P0541,Sandra,Anderson,Doctor 2,2023-11-27
P0580,Angela,Cruz,Doctor 2,2023-11-27
P0580,Angela,Cruz,Doctor 2,2023-11-27
P0591,Thomas,Mendoza,Doctor 1,2023-11-27
P0639,Jessica,Ramirez,Doctor 2,2023-11-27
P0897,Helen,Lee,Doctor 2,2023-11-27
P1218,Mark,Price,Doctor 3,2023-11-27
P1258,Kenneth,Flores,Doctor 3,2023-11-27
P1341,Brenda,Turner,Doctor 1,2023-11-27
P1377,Thomas,Price,Doctor 3,2023-11-27
P1380,Stephen,Murphy,Doctor 3,2023-11-27
P1490,Deborah,Gutierrez,Doctor 2,2023-11-27
P1544,Angela,Mitchell,Doctor 1,2023-11-27
P1569,Nancy,Myers,Doctor 2,2023-11-27
P1589,Patrick,Edwards,Doctor 3,2023-11-27
P1593,Nicholas,Morgan,Doctor 2,2023-11-27
P1620,Barbara,Stewart,Doctor 1,2023-11-27
P1658,Amy,Sanchez,Doctor 3,2023-11-27
P1734,Timothy,Morris,Doctor 1,2023-11-27
P1751,Lisa,Reed,Doctor 1,2023-11-27
P1945,Donna,Harris,Doctor 2,2023-11-27
P1966,Frank,Johnson,Doctor 3,2023-11-27
P2002,Benjamin,Hernandez,Doctor 3,2023-11-27
P2003,Sarah,Thompson,Doctor 2,2023-11-27
P2014,Angela,Parker,Doctor 1,2023-11-27
P2062,Andrew,Rodriguez,Doctor 1,2023-11-27
P2225,George,Reed,Doctor 3,2023-11-27
P2282,Matthew,Nelson,Doctor 3,2023-11-27
P0079,Amy,Sanders,Doctor 2,2023-11-28
P0218,Joshua,Collins,Doctor 1,2023-11-28
P0268,Karen,Chavez,Doctor 1,2023-11-28
P0291,Betty,Roberts,Doctor 1,2023-11-28
P0335,Anthony,Morgan,Doctor 3,2023-11-28
P0395,Raymond,King,Doctor 3,2023-11-28
P0406,Sharon,Alvarez,Doctor 2,2023-11-28
P0464,Patrick,Harris,Doctor 3,2023-11-28
P0472,Angela,Sanchez,Doctor 3,2023-11-28
P0625,Emma,Mitchell,Doctor 2,2023-11-28
P0791,Melissa,Baker,Doctor 1,2023-11-28
P0792,Mary,White,Doctor 1,2023-11-28
P0806,Sarah,Morales,Doctor 2,2023-11-28
P0901,Anna,Cooper,Doctor 3,2023-11-28
P0917,George,Diaz,Doctor 2,2023-11-28
P0919,Kimberly,Nguyen,Doctor 3,2023-11-28
P0954,Michelle,Scott,Doctor 3,2023-11-28
P0969,Jack,Mitchell,Doctor 2,2023-11-28
P1043,Jacob,Myers,Doctor 1,2023-11-28
P1060,Sarah,Davis,Doctor 2,2023-11-28
P1132,Jason,Adams,Doctor 3,2023-11-28
P1168,Edward,Wood,Doctor 3,2023-11-28
P1179,Sarah,Harris,Doctor 3,2023-11-28
P1251,Lisa,Gray,Doctor 3,2023-11-28
P1265,Amy,Rogers,Doctor 3,2023-11-28
P1464,Sharon,Cox,Doctor 2,2023-11-28
P1730,Samuel,Chavez,Doctor 2,2023-11-28
P1732,Emma,Lewis,Doctor 1,2023-11-28
P1783,Angela,Lewis,Doctor 3,2023-11-28
P1907,Justin,Jones,Doctor 1,2023-11-28
P1941,Stephen,Evans,Doctor 2,2023-11-28
P2016,Kenneth,Cooper,Doctor 3,2023-11-28
P2117,Nancy,Adams,Doctor 2,2023-11-28
P2207,Deborah,Richardson,Doctor 3,2023-11-28
P2223,Thomas,Martin,Doctor 1,2023-11-28
P0126,John,Wilson,Doctor 2,2023-11-29
P0145,Christopher,Gonzalez,Doctor 2,2023-11-29
P0258,Patrick,Collins,Doctor 3,2023-11-29
P0332,Kimberly,Rodriguez,Doctor 3,2023-11-29
P0371,Eric,Rivera,Doctor 2,2023-11-29
P0379,James,Sanders,Doctor 1,2023-11-29
P0395,Raymond,King,Doctor 3,2023-11-29
P0461,Daniel,Murphy,Doctor 1,2023-11-29
P0621,Benjamin,Taylor,Doctor 3,2023-11-29
P0724,James,Lopez,Doctor 1,2023-11-29
P0886,John,Martinez,Doctor 1,2023-11-29
P0909,Matthew,Wright,Doctor 3,2023-11-29
P0974,Sandra,Ortiz,Doctor 1,2023-11-29
P1155,Ruth,Williams,Doctor 3,2023-11-29
P1327,Andrew,Chavez,Doctor 3,2023-11-29
P1337,Betty,Evans,Doctor 3,2023-11-29
P1382,Christopher,Evans,Doctor 3,2023-11-29
P1437,Edward,Howard,Doctor 2,2023-11-29
P1472,Laura,Anderson,Doctor 2,2023-11-29
P1485,Laura,Gomez,Doctor 1,2023-11-29
P1527,George,Edwards,Doctor 1,2023-11-29
P1611,Helen,Thomas,Doctor 1,2023-11-29
P1738,Larry,Wright,Doctor 3,2023-11-29
P1795,Robert,Gonzalez,Doctor 2,2023-11-29
P1801,Susan,Phillips,Doctor 1,2023-11-29
P2051,Donna,Alvarez,Doctor 3,2023-11-29
P2055,Sharon,Allen,Doctor 2,2023-11-29
P2232,Dennis,Diaz,Doctor 1,2023-11-29
P0035,Sarah,Gutierrez,Doctor 2,2023-11-30
P0098,Deborah,Perez,Doctor 1,2023-11-30
P0159,Tyler,Edwards,Doctor 3,2023-11-30
P0165,Charles,Hughes,Doctor 3,2023-11-30
P0324,Carol,Lee,Doctor 1,2023-11-30
P0332,Kimberly,Rodriguez,Doctor 3,2023-11-30
P0398,Helen,Lopez,Doctor 2,2023-11-30
P0470,Sarah,Richardson,Doctor 1,2023-11-30
P0922,Sharon,James,Doctor 1,2023-11-30
P1156,David,Phillips,Doctor 1,2023-11-30
P1176,Ronald,Richardson,Doctor 1,2023-11-30
P1275,Virginia,Jackson,Doctor 2,2023-11-30
P1331,David,Diaz,Doctor 3,2023-11-30
P1465,Jonathan,Reyes,Doctor 3,2023-11-30
P1557,Jose,Garcia,Doctor 1,2023-11-30
P1655,Helen,Hernandez,Doctor 2,2023-11-30
P1785,Kimberly,Perez,Doctor 3,2023-11-30
P1933,Kevin,Smith,Doctor 1,2023-11-30
P1950,David,Chavez,Doctor 1,2023-11-30
P1984,Timothy,James,Doctor 1,2023-11-30
P2039,Jose,Johnson,Doctor 3,2023-11-30
P2282,Matthew,Nelson,Doctor 1,2023-11-30
P0268,Karen,Chavez,Doctor 1,2023-12-01
P0367,Karen,Edwards,Doctor 2,2023-12-01
P0444,Thomas,James,Doctor 3,2023-12-01
P0476,Helen,Davis,Doctor 3,2023-12-01
P0589,Shirley,Young,Doctor 2,2023-12-01
P0603,Thomas,Adams,Doctor 1,2023-12-01
P0686,Donna,Lewis,Doctor 3,2023-12-01
P0959,Donald,Martin,Doctor 2,2023-12-01
P0966,Samuel,Young,Doctor 2,2023-12-01
P1062,Cynthia,Gutierrez,Doctor 3,2023-12-01
P1106,Melissa,Edwards,Doctor 3,2023-12-01
P1121,Jerry,Rivera,Doctor 1,2023-12-01
P1292,Melissa,Jones,Doctor 3,2023-12-01
P1313,Gary,Peterson,Doctor 3,2023-12-01
P1410,Elizabeth,Robinson,Doctor 1,2023-12-01
P1598,Andrew,Reyes,Doctor 3,2023-12-01
P1610,Lisa,Cox,Doctor 1,2023-12-01
P1701,Helen,Walker,Doctor 1,2023-12-01
P1727,Donna,Brooks,Doctor 3,2023-12-01
P1867,Ronald,Edwards,Doctor 2,2023-12-01
P2099,Justin,Morgan,Doctor 1,2023-12-01
P2148,Jacob,King,Doctor 2,2023-12-01
P2271,Elizabeth,Brooks,Doctor 1,2023-12-01
P0024,Jose,Kim,Doctor 2,2023-12-02
P0097,Ronald,Murphy,Doctor 2,2023-12-02
P0124,Carol,Green,Doctor 3,2023-12-02
P0209,John,Scott,Doctor 2,2023-12-02
P0225,Donna,King,Doctor 3,2023-12-02
P0236,Sarah,Rogers,Doctor 3,2023-12-02
P0251,Frank,Adams,Doctor 3,2023-12-02
P0342,Michelle,Reed,Doctor 2,2023-12-02
P0464,Patrick,Harris,Doctor 3,2023-12-02
P0579,Laura,Allen,Doctor 3,2023-12-02
P0615,Ruth,Hill,Doctor 1,2023-12-02
P0631,Mary,Wilson,Doctor 3,2023-12-02
P0718,Nancy,Morris,Doctor 3,2023-12-02
P1091,Cynthia,Mendoza,Doctor 2,2023-12-02
P1177,Robert,Harris,Doctor 2,2023-12-02
P1201,Melissa,Patel,Doctor 2,2023-12-02
P1488,James,Cox,Doctor 2,2023-12-02
P1746,Eric,Watson,Doctor 1,2023-12-02
P1791,Susan,Lee,Doctor 2,2023-12-02
P1803,Sandra,Wood,Doctor 2,2023-12-02
P1809,Timothy,Williams,Doctor 2,2023-12-02
P1924,Eric,Cooper,Doctor 2,2023-12-02
P1985,Dorothy,Chavez,Doctor 3,2023-12-02
P2024,Betty,White,Doctor 1,2023-12-02
P2207,Deborah,Richardson,Doctor 3,2023-12-02
P0141,Gary,Hughes,Doctor 2,2023-12-03
P0215,Nicholas,King,Doctor 1,2023-12-03
P0296,Dennis,Nguyen,Doctor 2,2023-12-03
P0383,Donna,Wright,Doctor 3,2023-12-03
P0402,Sandra,Ramirez,Doctor 2,2023-12-03
P0569,Jack,Gutierrez,Doctor 2,2023-12-03
P0588,Steven,Richardson,Doctor 1,2023-12-03
P0617,Donna,Peterson,Doctor 2,2023-12-03
P0633,Carol,Rodriguez,Doctor 1,2023-12-03
P0682,Sarah,Ward,Doctor 2,2023-12-03
P0737,Kenneth,Parker,Doctor 3,2023-12-03
P0939,Jack,Brown,Doctor 1,2023-12-03
P1038,Lisa,Adams,Doctor 3,2023-12-03
P1124,Cynthia,Thompson,Doctor 3,2023-12-03
P1181,Jack,Lopez,Doctor 2,2023-12-03
P1202,Betty,Patel,Doctor 3,2023-12-03
P1227,Donna,White,Doctor 2,2023-12-03
P1243,John,Cruz,Doctor 1,2023-12-03
P1298,Daniel,Rivera,Doctor 2,2023-12-03
P1320,Dennis,Sanders,Doctor 2,2023-12-03
P1353,Donald,Edwards,Doctor 2,2023-12-03
P1361,Deborah,Johnson,Doctor 3,2023-12-03
P1429,Stephen,Cook,Doctor 1,2023-12-03
P1625,Ruth,Moore,Doctor 2,2023-12-03
P1655,Helen,Hernandez,Doctor 2,2023-12-03
P1666,Patrick,Carter,Doctor 3,2023-12-03
P1922,Elizabeth,Harris,Doctor 1,2023-12-03
P2012,Sharon,Ruiz,Doctor 3,2023-12-03
P2099,Justin,Morgan,Doctor 1,2023-12-03
P2250,Frank,Harris,Doctor 2,2023-12-03
P0092,Jacob,Perez,Doctor 2,2023-12-04
P0190,Justin,Ramos,Doctor 2,2023-12-04
P0194,Thomas,Gutierrez,Doctor 3,2023-12-04
P0294,Patrick,Parker,Doctor 2,2023-12-04
P0314,Elizabeth,Campbell,Doctor 3,2023-12-04
P0316,Melissa,Campbell,Doctor 1,2023-12-04
P0567,Jennifer,Johnson,Doctor 2,2023-12-04
P0613,Timothy,Young,Doctor 2,2023-12-04
P0760,Helen,Kim,Doctor 2,2023-12-04
P0779,Timothy,Jackson,Doctor 2,2023-12-04
P0819,Anna,Bennett,Doctor 1,2023-12-04
P0826,Amy,Martinez,Doctor 3,2023-12-04
P0908,Ryan,Anderson,Doctor 3,2023-12-04
P0983,Anthony,Rivera,Doctor 3,2023-12-04
P0987,Jonathan,Scott,Doctor 1,2023-12-04
P1063,Aaron,Howard,Doctor 1,2023-12-04
P1196,Dennis,Harris,Doctor 2,2023-12-04
P1209,Stephen,Reed,Doctor 1,2023-12-04
P1230,Ronald,Brooks,Doctor 3,2023-12-04
P1261,Mary,Brown,Doctor 1,2023-12-04
P1265,Amy,Rogers,Doctor 2,2023-12-04
P1309,Larry,Johnson,Doctor 2,2023-12-04
P1485,Laura,Gomez,Doctor 1,2023-12-04
P1490,Deborah,Gutierrez,Doctor 2,2023-12-04
P1591,Melissa,Cruz,Doctor 2,2023-12-04
P1786,Joshua,Torres,Doctor 3,2023-12-04
P1828,Joshua,Williams,Doctor 1,2023-12-04
P2125,Amy,Lewis,Doctor 3,2023-12-04
P2276,Kimberly,Scott,Doctor 3,2023-12-04
P0051,David,Cruz,Doctor 3,2023-12-05
P0098,Deborah,Perez,Doctor 1,2023-12-05
P0176,Richard,Ruiz,Doctor 1,2023-12-05
P0179,Barbara,Hernandez,Doctor 3,2023-12-05
P0237,Tyler,Perez,Doctor 2,2023-12-05
P0262,Jason,Cox,Doctor 3,2023-12-05
P0345,Sharon,Cooper,Doctor 3,2023-12-05
P0429,Sandra,Davis,Doctor 1,2023-12-05
P0531,Patricia,Patel,Doctor 1,2023-12-05
P0638,Jessica,Jones,Doctor 3,2023-12-05
P0676,Carol,Flores,Doctor 1,2023-12-05
P0739,Karen,Cox,Doctor 1,2023-12-05
P0762,Joshua,Turner,Doctor 3,2023-12-05
P0786,Matthew,Lee,Doctor 1,2023-12-05
P0789,Ryan,Reyes,Doctor 2,2023-12-05
P0814,Stephen,Taylor,Doctor 2,2023-12-05
P0853,Helen,Price,Doctor 2,2023-12-05
P0861,Sarah,Green,Doctor 2,2023-12-05
P1043,Jacob,Myers,Doctor 2,2023-12-05
P1058,Jason,Carter,Doctor 1,2023-12-05
P1070,Benjamin,Gray,Doctor 1,2023-12-05
P1134,Raymond,Taylor,Doctor 2,2023-12-05
P1201,Melissa,Patel,Doctor 2,2023-12-05
P1234,John,Jones,Doctor 1,2023-12-05
P1248,Jack,Sanders,Doctor 2,2023-12-05
P1382,Christopher,Evans,Doctor 2,2023-12-05
P1397,Kimberly,Alvarez,Doctor 1,2023-12-05
P1580,Donald,Carter,Doctor 1,2023-12-05
P1613,Kathleen,Mendoza,Doctor 1,2023-12-05
P1675,Patrick,Lewis,Doctor 3,2023-12-05
P1804,Kevin,Gray,Doctor 3,2023-12-05
P1874,Amy,Martin,Doctor 3,2023-12-05
P1988,Betty,Morris,Doctor 1,2023-12-05
P2012,Sharon,Ruiz,Doctor 3,2023-12-05
P2023,Eric,Ramos,Doctor 3,2023-12-05
P2032,Aaron,Gutierrez,Doctor 3,2023-12-05
P2175,Brenda,Rivera,Doctor 2,2023-12-05
P0014,Donna,Jones,Doctor 2,2023-12-06
P0078,Jessica,Harris,Doctor 2,2023-12-06
P0093,Kathleen,Chavez,Doctor 3,2023-12-06
P0116,Nancy,Williams,Doctor 3,2023-12-06
P0196,Thomas,Gomez,Doctor 3,2023-12-06
P0315,Michael,Chavez,Doctor 1,2023-12-06
P0418,Ronald,Wilson,Doctor 1,2023-12-06
P0432,Sarah,Edwards,Doctor 3,2023-12-06
P0597,Patricia,Perez,Doctor 3,2023-12-06
P0736,Jason,Ramirez,Doctor 1,2023-12-06
P0979,Michelle,Bennett,Doctor 1,2023-12-06
P1001,Ryan,Wood,Doctor 1,2023-12-06
P1192,Joshua,Martin,Doctor 1,2023-12-06
P1192,Joshua,Martin,Doctor 1,2023-12-06
P1237,Ryan,Brooks,Doctor 2,2023-12-06
P1381,Jeffrey,Collins,Doctor 2,2023-12-06
P1405,Christopher,Hall,Doctor 1,2023-12-06
P1462,Virginia,Wilson,Doctor 1,2023-12-06
P1470,Barbara,Watson,Doctor 2,2023-12-06
P1604,Mark,Patel,Doctor 2,2023-12-06
P1633,Angela,Alvarez,Doctor 2,2023-12-06
P1844,Susan,Miller,Doctor 3,2023-12-06
P1860,Stephen,Martinez,Doctor 1,2023-12-06
P1861,Sharon,Clark,Doctor 2,2023-12-06
P1885,Patricia,Jones,Doctor 1,2023-12-06
P1996,Eric,Adams,Doctor 1,2023-12-06
P2030,Brian,Watson,Doctor 3,2023-12-06
P2032,Aaron,Gutierrez,Doctor 3,2023-12-06
P2077,James,White,Doctor 1,2023-12-06
P2087,Karen,Walker,Doctor 3,2023-12-06
P2170,Jacob,Brown,Doctor 2,2023-12-06
P2295,George,Patel,Doctor 3,2023-12-06
P0058,Scott,Smith,Doctor 3,2023-12-07
P0131,Jessica,Edwards,Doctor 2,2023-12-07
P0339,Andrew,Clark,Doctor 3,2023-12-07
P0383,Donna,Wright,Doctor 2,2023-12-07
P0419,William,Cruz,Doctor 2,2023-12-07
P0445,Helen,Nguyen,Doctor 2,2023-12-07
P0451,Carol,Baker,Doctor 3,2023-12-07
P0467,Aaron,Allen,Doctor 3,2023-12-07
P0475,Timothy,Allen,Doctor 3,2023-12-07
P0533,Sharon,King,Doctor 2,2023-12-07
P0575,Laura,Cruz,Doctor 1,2023-12-07
P0929,David,Watson,Doctor 3,2023-12-07
P0967,Sarah,Moore,Doctor 1,2023-12-07
P0969,Jack,Mitchell,Doctor 1,2023-12-07
P0997,Jacob,Turner,Doctor 1,2023-12-07
P1009,Eric,Flores,Doctor 2,2023-12-07
P1039,Kenneth,Cook,Doctor 2,2023-12-07
P1079,Helen,Gomez,Doctor 3,2023-12-07
P1185,William,Gutierrez,Doctor 1,2023-12-07
P1190,Brandon,King,Doctor 1,2023-12-07
P1212,Scott,Evans,Doctor 3,2023-12-07
P1273,Donna,Scott,Doctor 2,2023-12-07
P1303,Angela,Ortiz,Doctor 1,2023-12-07
P1426,Lisa,Morgan,Doctor 2,2023-12-07
P1441,Kimberly,Miller,Doctor 3,2023-12-07
P1503,Patrick,Hall,Doctor 2,2023-12-07
P1704,Jason,Wilson,Doctor 3,2023-12-07
P1795,Robert,Gonzalez,Doctor 2,2023-12-07
P2059,Jerry,Flores,Doctor 1,2023-12-07
P2142,Betty,Mendoza,Doctor 3,2023-12-07
P2163,Susan,Cox,Doctor 1,2023-12-07
P2268,Aaron,Gonzalez,Doctor 2,2023-12-07
P2280,Jerry,Hill,Doctor 3,2023-12-07
P0031,Samuel,Bennett,Doctor 3,2023-12-08
P0054,Laura,Peterson,Doctor 2,2023-12-08
P0077,Mark,Mendoza,Doctor 2,2023-12-08
P0215,Nicholas,King,Doctor 1,2023-12-08
P0265,James,Morgan,Doctor 3,2023-12-08
P0436,Brandon,Cook,Doctor 2,2023-12-08
P0494,Jose,Cook,Doctor 1,2023-12-08
P0500,Cynthia,Collins,Doctor 1,2023-12-08
P0666,Amy,Anderson,Doctor 1,2023-12-08
P0717,Jessica,Hernandez,Doctor 3,2023-12-08
P0743,Gregory,Chavez,Doctor 3,2023-12-08
P0804,David,Davis,Doctor 2,2023-12-08
P0921,Richard,Smith,Doctor 1,2023-12-08
P1042,Laura,Harris,Doctor 1,2023-12-08
P1130,Tyler,Green,Doctor 1,2023-12-08
P1359,Emma,Howard,Doctor 3,2023-12-08
P1378,Betty,Thompson,Doctor 3,2023-12-08
P1530,Angela,Rodriguez,Doctor 2,2023-12-08
P1596,Robert,Wilson,Doctor 3,2023-12-08
P1839,Lisa,Reyes,Doctor 3,2023-12-08
P1979,Steven,Thomas,Doctor 1,2023-12-08
P2082,Joseph,Phillips,Doctor 1,2023-12-08
P0008,Kimberly,Wood,Doctor 3,2023-12-09
P0053,Jessica,Brown,Doctor 3,2023-12-09
P0189,Jonathan,Roberts,Doctor 2,2023-12-09
P0253,Samuel,Adams,Doctor 1,2023-12-09
P0446,Barbara,Davis,Doctor 3,2023-12-09
P0469,Deborah,Chavez,Doctor 1,2023-12-09
P0513,Jerry,Hernandez,Doctor 2,2023-12-09
P0518,Jonathan,Morales,Doctor 1,2023-12-09
P0571,Cynthia,Ruiz,Doctor 1,2023-12-09
P0640,Tyler,Murphy,Doctor 1,2023-12-09
P0746,Justin,Perez,Doctor 2,2023-12-09
P0803,Brian,Ramos,Doctor 2,2023-12-09
P0810,Helen,Adams,Doctor 3,2023-12-09
P0928,Linda,Diaz,Doctor 3,2023-12-09
P1002,Ronald,Ortiz,Doctor 1,2023-12-09
P1076,Jacob,Roberts,Doctor 3,2023-12-09
P1160,Ronald,Mitchell,Doctor 1,2023-12-09
P1210,Carol,Jones,Doctor 1,2023-12-09
P1246,Frank,Alvarez,Doctor 2,2023-12-09
P1318,Eric,Wilson,Doctor 3,2023-12-09
P1358,Ryan,Evans,Doctor 3,2023-12-09
P1382,Christopher,Evans,Doctor 2,2023-12-09
P1460,Stephen,Scott,Doctor 3,2023-12-09
P1540,Frank,Martinez,Doctor 3,2023-12-09
P1680,Michelle,Nelson,Doctor 1,2023-12-09
P1947,Amy,Roberts,Doctor 2,2023-12-09
P2066,Samuel,Allen,Doctor 2,2023-12-09
P2113,Betty,Gomez,Doctor 2,2023-12-09
P2208,Jacob,Rodriguez,Doctor 1,2023-12-09
P2245,Laura,Phillips,Doctor 1,2023-12-09
P0024,Jose,Kim,Doctor 2,2023-12-10
P0037,Melissa,Lee,Doctor 3,2023-12-10
P0038,Michelle,Morris,Doctor 2,2023-12-10
P0139,Mary,Nelson,Doctor 3,2023-12-10
P0157,Deborah,Davis,Doctor 2,2023-12-10
P0246,Jack,Gonzalez,Doctor 1,2023-12-10
P0284,Virginia,Scott,Doctor 1,2023-12-10
P0374,Donna,Baker,Doctor 3,2023-12-10
P0481,Donna,Miller,Doctor 2,2023-12-10
P0534,Nancy,Price,Doctor 2,2023-12-10
P0576,Jeffrey,Jackson,Doctor 1,2023-12-10
P0606,Jack,Thomas,Doctor 2,2023-12-10
P0650,Jack,Richardson,Doctor 1,2023-12-10
P0664,Deborah,Ward,Doctor 3,2023-12-10
P0714,Aaron,Mendoza,Doctor 1,2023-12-10
P0738,Joshua,Sanchez,Doctor 1,2023-12-10
P0812,Sarah,Taylor,Doctor 3,2023-12-10
P0830,Nancy,Lewis,Doctor 3,2023-12-10
P0835,Rebecca,King,Doctor 2,2023-12-10
P0918,Michael,Sanders,Doctor 2,2023-12-10
P0945,Benjamin,Rodriguez,Doctor 2,2023-12-10
P0991,Stephen,Nguyen,Doctor 1,2023-12-10
P1080,Nicholas,Evans,Doctor 2,2023-12-10
P1161,Raymond,Brooks,Doctor 3,2023-12-10
P1234,John,Jones,Doctor 2,2023-12-10
P1444,Daniel,Gomez,Doctor 2,2023-12-10
P1504,Anna,Martin,Doctor 1,2023-12-10
P1511,Michelle,Evans,Doctor 3,2023-12-10
P1529,Joseph,Sanders,Doctor 1,2023-12-10
P1576,Frank,Williams,Doctor 3,2023-12-10
P1753,Thomas,Anderson,Doctor 2,2023-12-10
P1783,Angela,Lewis,Doctor 3,2023-12-10
P1792,Nancy,Hall,Doctor 1,2023-12-10
P1813,Samuel,Flores,Doctor 3,2023-12-10
P2056,Shirley,Cook,Doctor 1,2023-12-10
P2156,Stephen,Torres,Doctor 3,2023-12-10
P2223,Thomas,Martin,Doctor 1,2023-12-10
P2281,Laura,Bennett,Doctor 3,2023-12-10
P0172,Steven,Edwards,Doctor 3,2023-12-11
P0185,George,Lee,Doctor 1,2023-12-11
P0192,Lisa,Brown,Doctor 1,2023-12-11
P0222,Ruth,Rodriguez,Doctor 2,2023-12-11
P0240,Jerry,Sanders,Doctor 1,2023-12-11
P0315,Michael,Chavez,Doctor 1,2023-12-11
P0383,Donna,Wright,Doctor 2,2023-12-11
P0420,Kevin,Lopez,Doctor 3,2023-12-11
P0446,Barbara,Davis,Doctor 1,2023-12-11
P0584,Laura,Hughes,Doctor 1,2023-12-11
P0644,Sandra,Gomez,Doctor 1,2023-12-11
P0656,Tyler,Ramirez,Doctor 2,2023-12-11
P0797,Jason,Thomas,Doctor 3,2023-12-11
P0823,Anthony,Walker,Doctor 3,2023-12-11
P0942,Larry,Morales,Doctor 2,2023-12-11
P1082,Benjamin,Brown,Doctor 3,2023-12-11
P1088,Benjamin,Smith,Doctor 1,2023-12-11
P1128,Nicholas,Morris,Doctor 2,2023-12-11
P1155,Ruth,Williams,Doctor 3,2023-12-11
P1162,Cynthia,Gonzalez,Doctor 3,2023-12-11
P1364,James,Clark,Doctor 3,2023-12-11
P1378,Betty,Thompson,Doctor 3,2023-12-11
P1574,Cynthia,Allen,Doctor 1,2023-12-11
P1584,John,Edwards,Doctor 2,2023-12-11
P1634,Betty,Turner,Doctor 1,2023-12-11
P1647,Carol,Watson,Doctor 3,2023-12-11
P1788,Karen,Morgan,Doctor 1,2023-12-11
P1930,Susan,Adams,Doctor 1,2023-12-11
P2114,Brenda,Clark,Doctor 2,2023-12-11
P2115,Deborah,Bennett,Doctor 1,2023-12-11
P2225,George,Reed,Doctor 3,2023-12-11
P2257,Richard,Flores,Doctor 1,2023-12-11
P2298,William,Carter,Doctor 1,2023-12-11
P0100,Kathleen,Campbell,Doctor 1,2023-12-12
P0116,Nancy,Williams,Doctor 3,2023-12-12
P0282,Carol,Richardson,Doctor 3,2023-12-12
P0307,Raymond,Gutierrez,Doctor 3,2023-12-12
P0337,Michelle,Richardson,Doctor 3,2023-12-12
P0343,Gregory,Ramos,Doctor 3,2023-12-12
P0411,Kathleen,Young,Doctor 1,2023-12-12
P0446,Barbara,Davis,Doctor 1,2023-12-12
P0506,Joshua,Brooks,Doctor 1,2023-12-12
P0759,Jack,Cox,Doctor 3,2023-12-12
P0828,David,Martin,Doctor 3,2023-12-12
P0833,Kenneth,Brooks,Doctor 1,2023-12-12
P0876,Virginia,Smith,Doctor 2,2023-12-12
P0998,Jeffrey,Evans,Doctor 2,2023-12-12
P1020,Aaron,Clark,Doctor 2,2023-12-12
P1102,Melissa,Lewis,Doctor 2,2023-12-12
P1202,Betty,Patel,Doctor 3,2023-12-12
P1217,Barbara,Hall,Doctor 3,2023-12-12
P1290,Brandon,Moore,Doctor 1,2023-12-12
P1326,James,Bennett,Doctor 3,2023-12-12
P1473,David,Peterson,Doctor 3,2023-12-12
P1496,Thomas,Green,Doctor 1,2023-12-12
P1635,Lisa,Torres,Doctor 3,2023-12-12
P1640,Jacob,Nelson,Doctor 3,2023-12-12
P1747,Brenda,Gomez,Doctor 3,2023-12-12
P1748,Stephen,Sanders,Doctor 1,2023-12-12
P1852,Dorothy,Wright,Doctor 2,2023-12-12
P1889,Elizabeth,Nelson,Doctor 3,2023-12-12
P2025,Rebecca,Hernandez,Doctor 3,2023-12-12
P2094,Linda,Mitchell,Doctor 3,2023-12-12
P2102,Kimberly,Reed,Doctor 1,2023-12-12
P2260,Larry,Thomas,Doctor 2,2023-12-12
P0007,Christopher,Rivera,Doctor 2,2023-12-13
P0033,Kenneth,Brown,Doctor 1,2023-12-13
P0123,Matthew,Ortiz,Doctor 3,2023-12-13
P0138,Michelle,Taylor,Doctor 3,2023-12-13
P0171,Sandra,Hall,Doctor 3,2023-12-13
P0181,Angela,Wilson,Doctor 2,2023-12-13
P0319,Amy,Morgan,Doctor 3,2023-12-13
P0374,Donna,Baker,Doctor 2,2023-12-13
P0602,Gregory,Miller,Doctor 1,2023-12-13
P0817,Betty,Alvarez,Doctor 1,2023-12-13
P1001,Ryan,Wood,Doctor 1,2023-12-13
P1034,Matthew,Brooks,Doctor 3,2023-12-13
P1214,Eric,Green,Doctor 2,2023-12-13
P1223,Amy,Phillips,Doctor 2,2023-12-13
P1376,Brian,Miller,Doctor 1,2023-12-13
P1382,Christopher,Evans,Doctor 2,2023-12-13
P1450,Gregory,Peterson,Doctor 3,2023-12-13
P1461,Barbara,Reed,Doctor 2,2023-12-13
P1497,Brenda,Moore,Doctor 2,2023-12-13
P1525,Deborah,Ortiz,Doctor 3,2023-12-13
P1533,Joseph,Johnson,Doctor 2,2023-12-13
P1546,Jacob,Morales,Doctor 2,2023-12-13
P1553,James,Rivera,Doctor 2,2023-12-13
P1583,John,Chavez,Doctor 3,2023-12-13
P1612,Frank,Myers,Doctor 1,2023-12-13
P1810,Kenneth,Harris,Doctor 2,2023-12-13
P1910,Jonathan,Phillips,Doctor 1,2023-12-13
P1961,Larry,Richardson,Doctor 1,2023-12-13
P1984,Timothy,James,Doctor 1,2023-12-13
P2123,Joshua,Wood,Doctor 2,2023-12-13
P2180,Lisa,Evans,Doctor 1,2023-12-13
P2250,Frank,Harris,Doctor 2,2023-12-13
P0020,William,Edwards,Doctor 1,2023-12-14
P0079,Amy,Sanders,Doctor 3,2023-12-14
P0111,Nancy,Ortiz,Doctor 2,2023-12-14
P0161,Tyler,Robinson,Doctor 3,2023-12-14
P0163,Donna,Gutierrez,Doctor 1,2023-12-14
P0232,Tyler,Kim,Doctor 1,2023-12-14
P0380,James,Johnson,Doctor 2,2023-12-14
P0409,George,Wilson,Doctor 3,2023-12-14
P0463,Larry,Gray,Doctor 3,2023-12-14
P0474,Sarah,Bailey,Doctor 2,2023-12-14
P0579,Laura,Allen,Doctor 3,2023-12-14
P0661,Shirley,Ward,Doctor 2,2023-12-14
P0695,Dorothy,Hernandez,Doctor 2,2023-12-14
P0749,Nicholas,Castillo,Doctor 2,2023-12-14
P0755,Aaron,Sanders,Doctor 3,2023-12-14
P0763,Jonathan,Carter,Doctor 1,2023-12-14
P0792,Mary,White,Doctor 1,2023-12-14
P0910,Jack,Johnson,Doctor 1,2023-12-14
P0951,Sharon,Castillo,Doctor 1,2023-12-14
P1014,Lisa,Brooks,Doctor 1,2023-12-14
P1248,Jack,Sanders,Doctor 2,2023-12-14
P1538,Steven,Johnson,Doctor 2,2023-12-14
P1564,Laura,Taylor,Doctor 2,2023-12-14
P1663,Amy,King,Doctor 1,2023-12-14
P1674,Benjamin,Clark,Doctor 1,2023-12-14
P1758,Jonathan,Ortiz,Doctor 1,2023-12-14
P2055,Sharon,Allen,Doctor 2,2023-12-14
P2236,Kimberly,Robinson,Doctor 2,2023-12-14
P0098,Deborah,Perez,Doctor 1,2023-12-15
P0174,Mark,Allen,Doctor 3,2023-12-15
P0366,Kathleen,Ramirez,Doctor 1,2023-12-15
P0427,Helen,Patel,Doctor 1,2023-12-15
P0499,Emma,Patel,Doctor 2,2023-12-15
P0505,Larry,Lewis,Doctor 3,2023-12-15
P0520,Laura,Reyes,Doctor 1,2023-12-15
P0550,Raymond,Myers,Doctor 1,2023-12-15
P0582,Alexander,Clark,Doctor 2,2023-12-15
P0629,Tyler,Mitchell,Doctor 3,2023-12-15
P0680,Edward,Wright,Doctor 1,2023-12-15
P0752,Elizabeth,Brown,Doctor 2,2023-12-15
P0769,Sharon,Lewis,Doctor 2,2023-12-15
P0784,Sandra,James,Doctor 2,2023-12-15
P0976,Patricia,Peterson,Doctor 2,2023-12-15
P0980,Lisa,Rodriguez,Doctor 3,2023-12-15
P1191,Helen,Kelly,Doctor 3,2023-12-15
P1279,Jeffrey,Lewis,Doctor 1,2023-12-15
P1298,Daniel,Rivera,Doctor 2,2023-12-15
P1314,Frank,Sanders,Doctor 1,2023-12-15
P1456,Kathleen,Ortiz,Doctor 1,2023-12-15
P1461,Barbara,Reed,Doctor 1,2023-12-15
P1488,James,Cox,Doctor 2,2023-12-15
P1688,Anna,Smith,Doctor 2,2023-12-15
P1752,Richard,Reed,Doctor 2,2023-12-15
P1797,Anna,Anderson,Doctor 3,2023-12-15
P1906,Edward,Torres,Doctor 2,2023-12-15
P2114,Brenda,Clark,Doctor 2,2023-12-15
P2135,Eric,Kelly,Doctor 1,2023-12-15
P2137,Kevin,Miller,Doctor 1,2023-12-15
P2209,Kimberly,Brooks,Doctor 3,2023-12-15
P0130,Richard,Campbell,Doctor 1,2023-12-16
P0201,Jeffrey,Kelly,Doctor 1,2023-12-16
P0224,Ronald,Morris,Doctor 3,2023-12-16
P0299,Jonathan,Reed,Doctor 2,2023-12-16
P0356,Lisa,Hill,Doctor 1,2023-12-16
P0431,Jennifer,Allen,Doctor 1,2023-12-16
P0433,Shirley,Wood,Doctor 1,2023-12-16
P0494,Jose,Cook,Doctor 1,2023-12-16
P0576,Jeffrey,Jackson,Doctor 1,2023-12-16
P0594,Betty,Torres,Doctor 2,2023-12-16
P0797,Jason,Thomas,Doctor 3,2023-12-16
P0808,Scott,Lee,Doctor 2,2023-12-16
P0911,Cynthia,Lee,Doctor 1,2023-12-16
P0969,Jack,Mitchell,Doctor 1,2023-12-16
P0974,Sandra,Ortiz,Doctor 1,2023-12-16
P1026,George,Kelly,Doctor 2,2023-12-16
P1039,Kenneth,Cook,Doctor 3,2023-12-16
P1138,Sharon,Brooks,Doctor 3,2023-12-16
P1142,Patrick,Sanchez,Doctor 1,2023-12-16
P1206,Ronald,Cook,Doctor 3,2023-12-16
P1280,Ryan,Sanchez,Doctor 1,2023-12-16
P1337,Betty,Evans,Doctor 3,2023-12-16
P1419,Patricia,Turner,Doctor 1,2023-12-16
P1456,Kathleen,Ortiz,Doctor 3,2023-12-16
P1495,Helen,Roberts,Doctor 1,2023-12-16
P1659,Lisa,Rivera,Doctor 2,2023-12-16
P1678,Samuel,Ortiz,Doctor 1,2023-12-16
P1719,Brian,Lopez,Doctor 2,2023-12-16
P1984,Timothy,James,Doctor 1,2023-12-16
P2002,Benjamin,Hernandez,Doctor 1,2023-12-16
P2029,Alexander,Wood,Doctor 1,2023-12-16
P2096,Lisa,Jackson,Doctor 2,2023-12-16
P2189,Brian,Morales,Doctor 1,2023-12-16
P2201,Ruth,Diaz,Doctor 3,2023-12-16
P2252,Ronald,Allen,Doctor 1,2023-12-16
P0036,Sandra,Hill,Doctor 3,2023-12-17
P0062,Jonathan,Howard,Doctor 2,2023-12-17
P0078,Jessica,Harris,Doctor 3,2023-12-17
P0147,Andrew,White,Doctor 3,2023-12-17
P0326,Jerry,Howard,Doctor 2,2023-12-17
P0422,Tyler,Hall,Doctor 3,2023-12-17
P0692,Steven,Hernandez,Doctor 1,2023-12-17
P0859,Cynthia,Sanchez,Doctor 1,2023-12-17
P0872,John,Lee,Doctor 2,2023-12-17
P1017,Linda,Wilson,Doctor 3,2023-12-17
P1107,Kimberly,Sanders,Doctor 2,2023-12-17
P1145,Gregory,Taylor,Doctor 1,2023-12-17
P1221,Barbara,Carter,Doctor 2,2023-12-17
P1359,Emma,Howard,Doctor 2,2023-12-17
P1397,Kimberly,Alvarez,Doctor 3,2023-12-17
P1495,Helen,Roberts,Doctor 3,2023-12-17
P1528,Sarah,Carter,Doctor 2,2023-12-17
P1571,Benjamin,Gonzalez,Doctor 1,2023-12-17
P1755,Andrew,Taylor,Doctor 3,2023-12-17
P1775,William,Rodriguez,Doctor 2,2023-12-17
P1826,Stephen,Kim,Doctor 1,2023-12-17
P1836,Joshua,Brown,Doctor 3,2023-12-17
P2018,Ruth,Phillips,Doctor 3,2023-12-17
P2065,Thomas,Martinez,Doctor 2,2023-12-17
P2137,Kevin,Miller,Doctor 1,2023-12-17
P0133,Dorothy,Sanders,Doctor 3,2023-12-18
P0139,Mary,Nelson,Doctor 3,2023-12-18
P0261,Donald,Lee,Doctor 3,2023-12-18
P0277,Cynthia,Thomas,Doctor 2,2023-12-18
P0519,Aaron,Baker,Doctor 1,2023-12-18
P0534,Nancy,Price,Doctor 2,2023-12-18
P0628,Steven,Ortiz,Doctor 3,2023-12-18
P0686,Donna,Lewis,Doctor 3,2023-12-18
P0690,Ruth,Rivera,Doctor 1,2023-12-18
P0698,Donald,Watson,Doctor 3,2023-12-18
P0708,Michelle,Perez,Doctor 2,2023-12-18
P0767,Aaron,Murphy,Doctor 3,2023-12-18
P1129,Christopher,Wright,Doctor 3,2023-12-18
P1159,Aaron,Carter,Doctor 3,2023-12-18
P1259,George,White,Doctor 2,2023-12-18
P1343,Ronald,Young,Doctor 2,2023-12-18
P1353,Donald,Edwards,Doctor 1,2023-12-18
P1367,Eric,Ruiz,Doctor 3,2023-12-18
P1588,Robert,Lopez,Doctor 2,2023-12-18
P1689,Jose,Morris,Doctor 3,2023-12-18
P1745,Sarah,Wilson,Doctor 2,2023-12-18
P1759,Helen,Peterson,Doctor 2,2023-12-18
P1765,Emma,Gomez,Doctor 2,2023-12-18
P1826,Stephen,Kim,Doctor 1,2023-12-18
P2021,Timothy,Cox,Doctor 2,2023-12-18
P2226,Sandra,Ruiz,Doctor 2,2023-12-18
P0012,Karen,Phillips,Doctor 1,2023-12-19
P0047,Thomas,Lewis,Doctor 3,2023-12-19
P0048,Karen,Richardson,Doctor 2,2023-12-19
P0170,Jessica,Lee,Doctor 2,2023-12-19
P0183,Carol,Phillips,Doctor 3,2023-12-19
P0195,Sharon,Morgan,Doctor 1,2023-12-19
P0231,Ryan,Chavez,Doctor 3,2023-12-19
P0485,Shirley,Cox,Doctor 1,2023-12-19
P0508,Patricia,Myers,Doctor 1,2023-12-19
P0568,Melissa,Johnson,Doctor 2,2023-12-19
P0843,Angela,Jackson,Doctor 2,2023-12-19
P0860,Lisa,Castillo,Doctor 2,2023-12-19
P0883,Kenneth,Phillips,Doctor 1,2023-12-19
P0902,Susan,Wilson,Doctor 2,2023-12-19
P1071,Nancy,Wood,Doctor 1,2023-12-19
P1146,Shirley,King,Doctor 2,2023-12-19
P1167,James,Patel,Doctor 3,2023-12-19
P1343,Ronald,Young,Doctor 2,2023-12-19
P1353,Donald,Edwards,Doctor 3,2023-12-19
P1366,Anna,Myers,Doctor 1,2023-12-19
P1398,Andrew,Kelly,Doctor 3,2023-12-19
P1934,Patrick,Green,Doctor 3,2023-12-19
P2019,Rebecca,Brown,Doctor 2,2023-12-19
P2122,George,Ward,Doctor 2,2023-12-19
P0022,Ronald,Myers,Doctor 3,2023-12-20
P0037,Melissa,Lee,Doctor 2,2023-12-20
P0081,Andrew,Morales,Doctor 2,2023-12-20
P0089,Virginia,Reed,Doctor 2,2023-12-20
P0156,George,Campbell,Doctor 2,2023-12-20
P0216,Benjamin,Wilson,Doctor 1,2023-12-20
P0302,Cynthia,Patel,Doctor 2,2023-12-20
P0357,Nicholas,Ruiz,Doctor 1,2023-12-20
P0433,Shirley,Wood,Doctor 1,2023-12-20
P0546,William,Anderson,Doctor 3,2023-12-20
P0796,Christopher,Roberts,Doctor 1,2023-12-20
P0804,David,Davis,Doctor 2,2023-12-20
P0815,Kevin,Kelly,Doctor 1,2023-12-20
P0873,Jose,Gomez,Doctor 2,2023-12-20
P0887,Lisa,Garcia,Doctor 3,2023-12-20
P0891,Brian,Ortiz,Doctor 3,2023-12-20
P1129,Christopher,Wright,Doctor 3,2023-12-20
P1138,Sharon,Brooks,Doctor 1,2023-12-20
P1264,Jessica,Cruz,Doctor 1,2023-12-20
P1305,Joseph,Williams,Doctor 3,2023-12-20
P1336,Karen,Baker,Doctor 3,2023-12-20
P1478,Ruth,King,Doctor 3,2023-12-20
P1499,Karen,Ward,Doctor 3,2023-12-20
P1628,Jason,Stewart,Doctor 3,2023-12-20
P1668,Frank,Ramos,Doctor 2,2023-12-20
P1683,Rebecca,Anderson,Doctor 3,2023-12-20
P1714,Ruth,Robinson,Doctor 1,2023-12-20
P2073,Jonathan,Gray,Doctor 2,2023-12-20
P2161,Christopher,Mitchell,Doctor 2,2023-12-20
P0066,Helen,Hill,Doctor 2,2023-12-21
P0131,Jessica,Edwards,Doctor 2,2023-12-21
P0154,Patricia,Wood,Doctor 2,2023-12-21
P0171,Sandra,Hall,Doctor 2,2023-12-21
P0202,Michael,Patel,Doctor 1,2023-12-21
P0430,Timothy,Hall,Doctor 1,2023-12-21
P0538,George,Sanders,Doctor 2,2023-12-21
P0603,Thomas,Adams,Doctor 3,2023-12-21
P0608,Jessica,Thomas,Doctor 2,2023-12-21
P0693,Dorothy,Morales,Doctor 2,2023-12-21
P0794,Sharon,Martinez,Doctor 2,2023-12-21
P0971,Kimberly,Stewart,Doctor 2,2023-12-21
P1220,Benjamin,Diaz,Doctor 2,2023-12-21
P1273,Donna,Scott,Doctor 2,2023-12-21
P1276,James,Adams,Doctor 3,2023-12-21
P1413,Jeffrey,Brown,Doctor 3,2023-12-21
P1661,Sarah,Young,Doctor 1,2023-12-21
P1663,Amy,King,Doctor 1,2023-12-21
P1682,Matthew,Murphy,Doctor 3,2023-12-21
P1696,Jeffrey,Taylor,Doctor 3,2023-12-21
P1697,William,Mendoza,Doctor 2,2023-12-21
P1968,Brenda,Young,Doctor 1,2023-12-21
P1970,Melissa,Evans,Doctor 1,2023-12-21
P1994,Gregory,Brooks,Doctor 3,2023-12-21
P2038,Gregory,Flores,Doctor 2,2023-12-21
P2039,Jose,Johnson,Doctor 2,2023-12-21
P2053,Kimberly,Cook,Doctor 1,2023-12-21
P2069,Jose,Smith,Doctor 1,2023-12-21
P2095,Benjamin,Martinez,Doctor 3,2023-12-21
P2211,Susan,Richardson,Doctor 1,2023-12-21
P2218,Jeffrey,Nelson,Doctor 3,2023-12-21
P0134,Brian,Gutierrez,Doctor 1,2023-12-22
P0175,Sarah,Adams,Doctor 3,2023-12-22
P0258,Patrick,Collins,Doctor 2,2023-12-22
P0270,Melissa,King,Doctor 2,2023-12-22
P0372,Jason,Brown,Doctor 3,2023-12-22
P0709,Amy,Bailey,Doctor 1,2023-12-22
P0741,Laura,Campbell,Doctor 1,2023-12-22
P0920,Karen,Stewart,Doctor 3,2023-12-22
P1247,Nancy,Allen,Doctor 3,2023-12-22
P1306,Alexander,Lee,Doctor 1,2023-12-22
P1358,Ryan,Evans,Doctor 3,2023-12-22
P1407,Shirley,Garcia,Doctor 1,2023-12-22
P1498,Dennis,Ruiz,Doctor 3,2023-12-22
P1530,Angela,Rodriguez,Doctor 2,2023-12-22
P1615,Rebecca,Rivera,Doctor 3,2023-12-22
P1705,Matthew,Davis,Doctor 3,2023-12-22
P1722,John,Reed,Doctor 3,2023-12-22
P2082,Joseph,Phillips,Doctor 2,2023-12-22
P2126,Benjamin,Robinson,Doctor 2,2023-12-22
P2252,Ronald,Allen,Doctor 2,2023-12-22
P0019,Sharon,Chavez,Doctor 3,2023-12-23
P0031,Samuel,Bennett,Doctor 3,2023-12-23
P0143,Charles,Cox,Doctor 1,2023-12-23
P0161,Tyler,Robinson,Doctor 3,2023-12-23
P0395,Raymond,King,Doctor 3,2023-12-23
P0404,Kathleen,Cooper,Doctor 3,2023-12-23
P0451,Carol,Baker,Doctor 3,2023-12-23
P0478,Brian,Hughes,Doctor 1,2023-12-23
P0508,Patricia,Myers,Doctor 1,2023-12-23
P0516,Richard,Hill,Doctor 2,2023-12-23
P0625,Emma,Mitchell,Doctor 3,2023-12-23
P0642,Linda,Kelly,Doctor 1,2023-12-23
P0721,Gary,Evans,Doctor 2,2023-12-23
P0752,Elizabeth,Brown,Doctor 2,2023-12-23
P0805,Jason,Wright,Doctor 2,2023-12-23
P0844,Michelle,Garcia,Doctor 2,2023-12-23
P0846,Tyler,Reyes,Doctor 1,2023-12-23
P0898,Robert,Rivera,Doctor 3,2023-12-23
P0903,Sharon,Jackson,Doctor 2,2023-12-23
P0972,Brandon,Diaz,Doctor 1,2023-12-23
P1132,Jason,Adams,Doctor 1,2023-12-23
P1270,Sharon,Davis,Doctor 1,2023-12-23
P1284,Michelle,Johnson,Doctor 2,2023-12-23
P1355,Larry,Perez,Doctor 1,2023-12-23
P1364,James,Clark,Doctor 3,2023-12-23
P1569,Nancy,Myers,Doctor 2,2023-12-23
P1622,David,Miller,Doctor 3,2023-12-23
P1624,George,Green,Doctor 2,2023-12-23
P1627,Matthew,Nguyen,Doctor 1,2023-12-23
P1659,Lisa,Rivera,Doctor 2,2023-12-23
P1724,Benjamin,Rivera,Doctor 2,2023-12-23
P1774,Nicholas,Lee,Doctor 3,2023-12-23
P1845,Patricia,Wilson,Doctor 2,2023-12-23
P2027,Sharon,Sanchez,Doctor 2,2023-12-23
P2029,Alexander,Wood,Doctor 1,2023-12-23
P2079,Matthew,Bennett,Doctor 3,2023-12-23
P0035,Sarah,Gutierrez,Doctor 2,2023-12-24
P0115,Jacob,Jones,Doctor 1,2023-12-24
P0199,Betty,Richardson,Doctor 2,2023-12-24
P0260,Karen,Sanchez,Doctor 1,2023-12-24
P0362,Mary,Robinson,Doctor 1,2023-12-24
P0393,Brian,Alvarez,Doctor 3,2023-12-24
P0440,William,Rogers,Doctor 3,2023-12-24
P0498,Justin,Morales,Doctor 2,2023-12-24
P0566,Shirley,Torres,Doctor 2,2023-12-24
P0586,Ryan,Lee,Doctor 2,2023-12-24
P0592,Frank,Wright,Doctor 2,2023-12-24
P0621,Benjamin,Taylor,Doctor 3,2023-12-24
P0916,James,Ward,Doctor 3,2023-12-24
P0956,Amy,Parker,Doctor 3,2023-12-24
P0967,Sarah,Moore,Doctor 1,2023-12-24
P1058,Jason,Carter,Doctor 1,2023-12-24
P1190,Brandon,King,Doctor 1,2023-12-24
P1244,Matthew,Miller,Doctor 2,2023-12-24
P1294,Shirley,Morales,Doctor 1,2023-12-24
P1348,Deborah,James,Doctor 3,2023-12-24
P1388,Betty,Smith,Doctor 1,2023-12-24
P1423,Jessica,Flores,Doctor 2,2023-12-24
P1483,Timothy,Ramos,Doctor 3,2023-12-24
P1657,Kathleen,Miller,Doctor 2,2023-12-24
P1698,Kimberly,Taylor,Doctor 1,2023-12-24
P1729,Justin,Nguyen,Doctor 3,2023-12-24
P1740,Sharon,Moore,Doctor 3,2023-12-24
P1778,Donald,Gomez,Doctor 2,2023-12-24
P1819,John,Clark,Doctor 3,2023-12-24
P1868,Deborah,Thompson,Doctor 3,2023-12-24
P1896,Kenneth,Anderson,Doctor 1,2023-12-24
P1908,Gary,Gomez,Doctor 3,2023-12-24
P1996,Eric,Adams,Doctor 1,2023-12-24
P2003,Sarah,Thompson,Doctor 2,2023-12-24
P2131,Laura,Myers,Doctor 1,2023-12-24
P2141,Jose,Young,Doctor 2,2023-12-24
P2284,Jennifer,Sanchez,Doctor 2,2023-12-24
P2284,Jennifer,Sanchez,Doctor 2,2023-12-24
P0054,Laura,Peterson,Doctor 2,2023-12-25
P0180,Nicholas,Rodriguez,Doctor 3,2023-12-25
P0226,Joshua,Cruz,Doctor 3,2023-12-25
P0268,Karen,Chavez,Doctor 2,2023-12-25
P0286,Brian,Cook,Doctor 3,2023-12-25
P0293,Thomas,Allen,Doctor 3,2023-12-25
P0318,Virginia,Hughes,Doctor 2,2023-12-25
P0370,Gary,James,Doctor 1,2023-12-25
P0417,Virginia,Green,Doctor 1,2023-12-25
P0449,Kevin,Ramirez,Doctor 3,2023-12-25
P0469,Deborah,Chavez,Doctor 1,2023-12-25
P0500,Cynthia,Collins,Doctor 3,2023-12-25
P0510,Nancy,Lee,Doctor 1,2023-12-25
P0519,Aaron,Baker,Doctor 3,2023-12-25
P0609,John,Smith,Doctor 3,2023-12-25
P0637,Jeffrey,Scott,Doctor 3,2023-12-25
P0697,Joshua,Bennett,Doctor 2,2023-12-25
P0703,Nicholas,Reyes,Doctor 1,2023-12-25
P0734,Donald,Jones,Doctor 2,2023-12-25
P0846,Tyler,Reyes,Doctor 2,2023-12-25
P0983,Anthony,Rivera,Doctor 3,2023-12-25
P0987,Jonathan,Scott,Doctor 1,2023-12-25
P1000,James,Lewis,Doctor 3,2023-12-25
P1167,James,Patel,Doctor 3,2023-12-25
P1173,Angela,Mendoza,Doctor 2,2023-12-25
P1300,Michelle,Bailey,Doctor 2,2023-12-25
P1315,Matthew,Reyes,Doctor 2,2023-12-25
P1347,Edward,Campbell,Doctor 1,2023-12-25
P1452,Sarah,Lopez,Doctor 3,2023-12-25
P1513,Jessica,Morales,Doctor 2,2023-12-25
P1596,Robert,Wilson,Doctor 3,2023-12-25
P1661,Sarah,Young,Doctor 1,2023-12-25
P1671,Sandra,Sanchez,Doctor 3,2023-12-25
P1748,Stephen,Sanders,Doctor 3,2023-12-25
P1926,Stephen,Wood,Doctor 3,2023-12-25
P1983,Jonathan,Ramirez,Doctor 2,2023-12-25
P2040,Steven,Thompson,Doctor 3,2023-12-25
P2182,Benjamin,Rogers,Doctor 1,2023-12-25
P2287,Jack,Castillo,Doctor 1,2023-12-25
P2299,Daniel,Parker,Doctor 1,2023-12-25
P0007,Christopher,Rivera,Doctor 2,2023-12-26
P0293,Thomas,Allen,Doctor 3,2023-12-26
P0302,Cynthia,Patel,Doctor 2,2023-12-26
P0333,Mary,Johnson,Doctor 3,2023-12-26
P0488,David,Bailey,Doctor 3,2023-12-26
P0517,Donna,James,Doctor 1,2023-12-26
P0674,Anna,Reed,Doctor 3,2023-12-26
P0775,Deborah,White,Doctor 1,2023-12-26
P0931,Joseph,Mendoza,Doctor 2,2023-12-26
P1104,Charles,Ramos,Doctor 2,2023-12-26
P1194,Emma,Morales,Doctor 2,2023-12-26
P1325,Ronald,Thompson,Doctor 3,2023-12-26
P1336,Karen,Baker,Doctor 3,2023-12-26
P1350,Laura,Parker,Doctor 2,2023-12-26
P1380,Stephen,Murphy,Doctor 1,2023-12-26
P1388,Betty,Smith,Doctor 1,2023-12-26
P1392,Dorothy,Wood,Doctor 1,2023-12-26
P1561,Sarah,Wood,Doctor 1,2023-12-26
P1746,Eric,Watson,Doctor 2,2023-12-26
P1965,Brian,Roberts,Doctor 3,2023-12-26
P2086,Jose,Campbell,Doctor 1,2023-12-26
P2170,Jacob,Brown,Doctor 2,2023-12-26
P2211,Susan,Richardson,Doctor 1,2023-12-26
P0025,Jose,Baker,Doctor 2,2023-12-27
P0039,Linda,Jones,Doctor 1,2023-12-27
P0078,Jessica,Harris,Doctor 3,2023-12-27
P0250,Jose,Patel,Doctor 2,2023-12-27
P0309,Scott,Cruz,Doctor 2,2023-12-27
P0324,Carol,Lee,Doctor 1,2023-12-27
P0368,Sharon,Howard,Doctor 3,2023-12-27
P0389,Sarah,Watson,Doctor 3,2023-12-27
P0516,Richard,Hill,Doctor 2,2023-12-27
P0615,Ruth,Hill,Doctor 3,2023-12-27
P0686,Donna,Lewis,Doctor 2,2023-12-27
P0730,Dennis,Ward,Doctor 1,2023-12-27
P0759,Jack,Cox,Doctor 3,2023-12-27
P0788,Ronald,Martinez,Doctor 2,2023-12-27
P0801,Amy,Mendoza,Doctor 1,2023-12-27
P0843,Angela,Jackson,Doctor 2,2023-12-27
P0968,Edward,Anderson,Doctor 2,2023-12-27
P0977,Kenneth,Allen,Doctor 1,2023-12-27
P1117,Richard,Phillips,Doctor 1,2023-12-27
P1141,Susan,Martinez,Doctor 1,2023-12-27
P1208,Brenda,Bailey,Doctor 1,2023-12-27
P1209,Stephen,Reed,Doctor 1,2023-12-27
P1250,Brian,Wood,Doctor 1,2023-12-27
P1284,Michelle,Johnson,Doctor 2,2023-12-27
P1300,Michelle,Bailey,Doctor 2,2023-12-27
P1303,Angela,Ortiz,Doctor 1,2023-12-27
P1355,Larry,Perez,Doctor 3,2023-12-27
P1410,Elizabeth,Robinson,Doctor 1,2023-12-27
P1416,Donna,Diaz,Doctor 2,2023-12-27
P1441,Kimberly,Miller,Doctor 3,2023-12-27
P1504,Anna,Martin,Doctor 1,2023-12-27
P1530,Angela,Rodriguez,Doctor 3,2023-12-27
P1531,Michelle,Campbell,Doctor 3,2023-12-27
P1576,Frank,Williams,Doctor 1,2023-12-27
P1587,Nicholas,Campbell,Doctor 2,2023-12-27
P1696,Jeffrey,Taylor,Doctor 1,2023-12-27
P1743,Richard,Lee,Doctor 3,2023-12-27
P1925,Larry,Kim,Doctor 2,2023-12-27
P1970,Melissa,Evans,Doctor 1,2023-12-27
P2066,Samuel,Allen,Doctor 1,2023-12-27
P2115,Deborah,Bennett,Doctor 3,2023-12-27
P2281,Laura,Bennett,Doctor 2,2023-12-27
P2296,Brenda,Ward,Doctor 1,2023-12-27
P2303,Tyler,Rodriguez,Doctor 3,2023-12-27
P0018,Carol,Nelson,Doctor 2,2023-12-28
P0115,Jacob,Jones,Doctor 1,2023-12-28
P0129,Alexander,Hernandez,Doctor 1,2023-12-28
P0178,Anthony,Jackson,Doctor 3,2023-12-28
P0259,Joshua,Hughes,Doctor 3,2023-12-28
P0276,Samuel,Davis,Doctor 3,2023-12-28
P0323,Nancy,Anderson,Doctor 1,2023-12-28
P0336,Virginia,Nelson,Doctor 3,2023-12-28
P0387,Shirley,Nelson,Doctor 3,2023-12-28
P0486,Susan,Torres,Doctor 1,2023-12-28
P0557,Laura,Brown,Doctor 1,2023-12-28
P0583,John,Cox,Doctor 2,2023-12-28
P0616,Alexander,Thomas,Doctor 3,2023-12-28
P0697,Joshua,Bennett,Doctor 2,2023-12-28
P0930,Brian,Taylor,Doctor 1,2023-12-28
P1062,Cynthia,Gutierrez,Doctor 3,2023-12-28
P1074,Justin,Roberts,Doctor 1,2023-12-28
P1084,Christopher,Green,Doctor 1,2023-12-28
P1301,Dennis,Kim,Doctor 1,2023-12-28
P1388,Betty,Smith,Doctor 1,2023-12-28
P1428,Frank,Kim,Doctor 2,2023-12-28
P1592,Patricia,Nguyen,Doctor 2,2023-12-28
P1593,Nicholas,Morgan,Doctor 2,2023-12-28
P1678,Samuel,Ortiz,Doctor 1,2023-12-28
P1692,Larry,Murphy,Doctor 2,2023-12-28
P1704,Jason,Wilson,Doctor 3,2023-12-28
P1749,Ruth,Brown,Doctor 1,2023-12-28
P1931,Thomas,Smith,Doctor 3,2023-12-28
P2063,Carol,Gutierrez,Doctor 1,2023-12-28
P2095,Benjamin,Martinez,Doctor 3,2023-12-28
P2135,Eric,Kelly,Doctor 1,2023-12-28
P0032,Gary,Lewis,Doctor 1,2023-12-29
P0304,Betty,Williams,Doctor 1,2023-12-29
P0391,Scott,Kelly,Doctor 1,2023-12-29
P0420,Kevin,Lopez,Doctor 1,2023-12-29
P0429,Sandra,Davis,Doctor 1,2023-12-29
P0440,William,Rogers,Doctor 3,2023-12-29
P0471,Susan,Castillo,Doctor 2,2023-12-29
P0474,Sarah,Bailey,Doctor 3,2023-12-29
P0475,Timothy,Allen,Doctor 3,2023-12-29
P0507,Susan,Roberts,Doctor 3,2023-12-29
P0526,Matthew,Smith,Doctor 1,2023-12-29
P0549,Jason,Williams,Doctor 2,2023-12-29
P0661,Shirley,Ward,Doctor 2,2023-12-29
P0681,Lisa,Sanchez,Doctor 3,2023-12-29
P0728,Mark,Williams,Doctor 2,2023-12-29
P0805,Jason,Wright,Doctor 3,2023-12-29
P0814,Stephen,Taylor,Doctor 2,2023-12-29
P0817,Betty,Alvarez,Doctor 1,2023-12-29
P0828,David,Martin,Doctor 3,2023-12-29
P0866,Mark,Bailey,Doctor 1,2023-12-29
P0960,Virginia,Allen,Doctor 1,2023-12-29
P0973,Elizabeth,Moore,Doctor 1,2023-12-29
P0989,Benjamin,Flores,Doctor 3,2023-12-29
P1115,Virginia,Mendoza,Doctor 3,2023-12-29
P1120,Benjamin,Hill,Doctor 1,2023-12-29
P1338,Gregory,Hernandez,Doctor 2,2023-12-29
P1384,Stephen,Jones,Doctor 3,2023-12-29
P1437,Edward,Howard,Doctor 2,2023-12-29
P1450,Gregory,Peterson,Doctor 3,2023-12-29
P1510,Dennis,Hughes,Doctor 3,2023-12-29
P1611,Helen,Thomas,Doctor 1,2023-12-29
P1801,Susan,Phillips,Doctor 1,2023-12-29
P1812,Deborah,Cruz,Doctor 3,2023-12-29
P1819,John,Clark,Doctor 3,2023-12-29
P1827,Laura,James,Doctor 1,2023-12-29
P1950,David,Chavez,Doctor 1,2023-12-29
P2120,Betty,Morales,Doctor 2,2023-12-29
P0227,Anna,Alvarez,Doctor 1,2023-12-30
P0270,Melissa,King,Doctor 2,2023-12-30
P0488,David,Bailey,Doctor 3,2023-12-30
P0625,Emma,Mitchell,Doctor 1,2023-12-30
P0656,Tyler,Ramirez,Doctor 2,2023-12-30
P0687,Michelle,Sanders,Doctor 3,2023-12-30
P0696,Steven,Brooks,Doctor 2,2023-12-30
P0748,Jack,Allen,Doctor 3,2023-12-30
P0759,Jack,Cox,Doctor 3,2023-12-30
P0843,Angela,Jackson,Doctor 3,2023-12-30
P0847,Nicholas,Martinez,Doctor 1,2023-12-30
P0974,Sandra,Ortiz,Doctor 1,2023-12-30
P0983,Anthony,Rivera,Doctor 3,2023-12-30
P1015,Edward,Parker,Doctor 2,2023-12-30
P1201,Melissa,Patel,Doctor 2,2023-12-30
P1390,Tyler,Peterson,Doctor 3,2023-12-30
P1390,Tyler,Peterson,Doctor 2,2023-12-30
P1412,Michelle,Gutierrez,Doctor 1,2023-12-30
P1481,Samuel,Sanchez,Doctor 1,2023-12-30
P1484,Tyler,Morgan,Doctor 2,2023-12-30
P1493,Andrew,Hernandez,Doctor 1,2023-12-30
P1598,Andrew,Reyes,Doctor 3,2023-12-30
P1606,Carol,Evans,Doctor 3,2023-12-30
P1632,Mark,Ruiz,Doctor 2,2023-12-30
P1639,Gary,Cook,Doctor 1,2023-12-30
P1652,Steven,King,Doctor 2,2023-12-30
P1754,Melissa,Nguyen,Doctor 2,2023-12-30
P1922,Elizabeth,Harris,Doctor 2,2023-12-30
P2074,Michael,Green,Doctor 3,2023-12-30
P2136,Matthew,Cruz,Doctor 1,2023-12-30