patient_id,patient_first_name,patient_last_name,doctor_id,appointment_date
P0142,Ronald,Morgan,Doctor 35,2022-12-31
P0428,Kimberly,Anderson,Doctor 29,2022-12-31
P1232,Rebecca,Campbell,Doctor 36,2022-12-31
P1507,Michelle,Watson,Doctor 7,2022-12-31
P0093,Christopher,Robinson,Doctor 41,2023-01-01
P0140,Patrick,Allen,Doctor 28,2023-01-01
P0282,Patricia,Peterson,Doctor 4,2023-01-01
P0333,Kimberly,Howard,Doctor 38,2023-01-01
P0413,Helen,Ruiz,Doctor 34,2023-01-01
P0446,Nicholas,Gutierrez,Doctor 49,2023-01-01
P0515,Susan,Green,Doctor 44,2023-01-01
P0549,Thomas,Martinez,Doctor 44,2023-01-01
P0568,Sharon,Cruz,Doctor 34,2023-01-01
P0627,Thomas,King,Doctor 27,2023-01-01
P0642,Sandra,James,Doctor 3,2023-01-01
P0680,Ryan,Murphy,Doctor 43,2023-01-01
P0681,John,Harris,Doctor 35,2023-01-01
P0707,Nancy,Parker,Doctor 26,2023-01-01
P0756,George,Anderson,Doctor 34,2023-01-01
P0827,Jack,Bailey,Doctor 23,2023-01-01
P0903,Jessica,Garcia,Doctor 18,2023-01-01
P1007,Elizabeth,Morgan,Doctor 9,2023-01-01
P1097,Eric,Patel,Doctor 40,2023-01-01
P1123,Samuel,Morris,Doctor 18,2023-01-01
P1184,Scott,Moore,Doctor 28,2023-01-01
P1197,Joseph,Phillips,Doctor 33,2023-01-01
P1354,Anthony,Rogers,Doctor 33,2023-01-01
P1489,Karen,Martin,Doctor 20,2023-01-01
P0009,Carol,Turner,Doctor 20,2023-01-02
P0150,Joseph,Hill,Doctor 1,2023-01-02
P0173,Robert,Sanders,Doctor 47,2023-01-02
P0184,Benjamin,Peterson,Doctor 44,2023-01-02
P0189,Laura,Ward,Doctor 4,2023-01-02
P0198,Kevin,Gutierrez,Doctor 45,2023-01-02
P0287,Sarah,Walker,Doctor 37,2023-01-02
P0372,Patricia,Green,Doctor 11,2023-01-02
P0440,Nancy,Chavez,Doctor 30,2023-01-02
P0470,Cynthia,Myers,Doctor 23,2023-01-02
P0475,Patricia,Ramirez,Doctor 49,2023-01-02
P0485,Emma,Thompson,Doctor 45,2023-01-02
P0612,Nancy,Roberts,Doctor 35,2023-01-02
P0700,Lisa,Ruiz,Doctor 6,2023-01-02
P0807,Sharon,Flores,Doctor 14,2023-01-02
P0837,Cynthia,Lee,Doctor 41,2023-01-02
P1146,Tyler,Williams,Doctor 16,2023-01-02
P1281,Barbara,Lewis,Doctor 14,2023-01-02
P1324,Carol,Adams,Doctor 41,2023-01-02
P1362,Mark,Martin,Doctor 5,2023-01-02
P1407,Lisa,Young,Doctor 6,2023-01-02
P0110,Jose,Nguyen,Doctor 10,2023-01-03
P0146,Sarah,Gonzalez,Doctor 22,2023-01-03
P0220,Nicholas,Patel,Doctor 44,2023-01-03
P0241,Laura,Wood,Doctor 6,2023-01-03
P0321,Sarah,King,Doctor 42,2023-01-03
P0387,Brandon,Mendoza,Doctor 37,2023-01-03
P0449,Kathleen,Scott,Doctor 14,2023-01-03
P0490,Laura,Cox,Doctor 48,2023-01-03
P0688,Amy,Anderson,Doctor 9,2023-01-03
P0729,Laura,Bennett,Doctor 25,2023-01-03
P0856,Charles,Harris,Doctor 48,2023-01-03
P1108,Dennis,Gutierrez,Doctor 19,2023-01-03
P1117,Sarah,Clark,Doctor 27,2023-01-03
P1136,Nancy,Reed,Doctor 16,2023-01-03
P1176,Mark,Sanchez,Doctor 33,2023-01-03
P1235,Gary,Thompson,Doctor 32,2023-01-03
P1430,Sarah,Chavez,Doctor 27,2023-01-03
P0132,Carol,Hernandez,Doctor 22,2023-01-04
P0156,Timothy,Allen,Doctor 36,2023-01-04
P0203,Sharon,Lee,Doctor 10,2023-01-04
P0245,Jacob,Ramirez,Doctor 39,2023-01-04
P0270,Donald,Wilson,Doctor 27,2023-01-04
P0340,Donna,Morris,Doctor 7,2023-01-04
P0417,Sandra,Mitchell,Doctor 34,2023-01-04
P0474,Jack,Gutierrez,Doctor 37,2023-01-04
P0521,Jeffrey,Myers,Doctor 21,2023-01-04
P0525,Michael,Richardson,Doctor 6,2023-01-04
P0557,Benjamin,Richardson,Doctor 45,2023-01-04
P0818,Angela,Sanchez,Doctor 27,2023-01-04
P0888,Barbara,Morales,Doctor 36,2023-01-04
P0963,Karen,Gray,Doctor 49,2023-01-04
P0989,Mark,Wright,Doctor 31,2023-01-04
P1041,Alexander,Rogers,Doctor 2,2023-01-04
P1088,Andrew,Gray,Doctor 40,2023-01-04
P1175,Sharon,Hill,Doctor 48,2023-01-04
P1279,Timothy,Wilson,Doctor 17,2023-01-04
P1287,Helen,Green,Doctor 15,2023-01-04
P1345,Nicholas,Cox,Doctor 18,2023-01-04
P1404,Eric,Lewis,Doctor 16,2023-01-04
P1499,Laura,Brown,Doctor 39,2023-01-04
P1515,Christopher,Gonzalez,Doctor 26,2023-01-04
P0015,Jerry,Richardson,Doctor 3,2023-01-05
P0034,Cynthia,Baker,Doctor 6,2023-01-05
P0064,Ronald,Garcia,Doctor 6,2023-01-05
P0115,Carol,Robinson,Doctor 22,2023-01-05
P0135,Alexander,Perez,Doctor 15,2023-01-05
P0256,Ryan,Robinson,Doctor 43,2023-01-05
P0271,Ruth,Roberts,Doctor 40,2023-01-05
P0278,Nicholas,Morgan,Doctor 17,2023-01-05
P0299,Jessica,Harris,Doctor 48,2023-01-05
P0352,Nicholas,Gonzalez,Doctor 27,2023-01-05
P0365,Nicholas,Cruz,Doctor 13,2023-01-05
P0507,Deborah,Perez,Doctor 11,2023-01-05
P0514,Patrick,Watson,Doctor 50,2023-01-05
P0531,Joshua,Lee,Doctor 4,2023-01-05
P0590,Mark,Adams,Doctor 37,2023-01-05
P0670,Tyler,Lopez,Doctor 5,2023-01-05
P0864,Sarah,Evans,Doctor 8,2023-01-05
P0868,Anna,Nelson,Doctor 17,2023-01-05
P0987,Mary,King,Doctor 28,2023-01-05
P1131,Scott,Lewis,Doctor 5,2023-01-05
P1249,Joseph,Campbell,Doctor 41,2023-01-05
P1323,Sandra,Hall,Doctor 6,2023-01-05
P0003,Sandra,Wright,Doctor 17,2023-01-06
P0005,Jennifer,Clark,Doctor 34,2023-01-06
P0037,Sarah,Johnson,Doctor 37,2023-01-06
P0053,Dennis,Watson,Doctor 26,2023-01-06
P0216,Nancy,Stewart,Doctor 18,2023-01-06
P0258,Dennis,Mendoza,Doctor 2,2023-01-06
P0455,Melissa,Miller,Doctor 11,2023-01-06
P0460,Lisa,Chavez,Doctor 46,2023-01-06
P0477,Jose,Harris,Doctor 18,2023-01-06
P0519,Jeffrey,Torres,Doctor 45,2023-01-06
P0535,Brian,Ruiz,Doctor 13,2023-01-06
P0654,Steven,King,Doctor 8,2023-01-06
P0826,Jason,Brown,Doctor 3,2023-01-06
P0837,Cynthia,Lee,Doctor 41,2023-01-06
P0871,Matthew,Sanchez,Doctor 24,2023-01-06
P0996,Edward,Kelly,Doctor 19,2023-01-06
P1003,Michelle,Thompson,Doctor 3,2023-01-06
P1102,Ronald,Lopez,Doctor 12,2023-01-06
P1139,Ryan,Reyes,Doctor 7,2023-01-06
P1198,Deborah,Wilson,Doctor 35,2023-01-06
P1277,Virginia,Robinson,Doctor 36,2023-01-06
P1425,Melissa,Morales,Doctor 1,2023-01-06
P1430,Sarah,Chavez,Doctor 27,2023-01-06
P1446,Karen,James,Doctor 1,2023-01-06
P1477,Jessica,Phillips,Doctor 8,2023-01-06
P0083,Rebecca,Gomez,Doctor 17,2023-01-07
P0163,Carol,Nguyen,Doctor 24,2023-01-07
P0190,Susan,Morris,Doctor 40,2023-01-07
P0246,Dennis,Peterson,Doctor 24,2023-01-07
P0297,Anthony,Myers,Doctor 32,2023-01-07
P0375,Richard,Sanchez,Doctor 28,2023-01-07
P0384,Benjamin,Bailey,Doctor 48,2023-01-07
P0409,Shirley,Harris,Doctor 5,2023-01-07
P0602,Rebecca,Taylor,Doctor 33,2023-01-07
P0604,Robert,Myers,Doctor 26,2023-01-07
P0632,Angela,Murphy,Doctor 43,2023-01-07
P0718,Sarah,Nelson,Doctor 4,2023-01-07
P0789,Kimberly,Brown,Doctor 14,2023-01-07
P1018,Helen,Phillips,Doctor 39,2023-01-07
P1033,Robert,Castillo,Doctor 38,2023-01-07
P1101,Steven,Allen,Doctor 47,2023-01-07
P1165,Jessica,Stewart,Doctor 10,2023-01-07
P1185,Kevin,Cooper,Doctor 43,2023-01-07
P1207,Kevin,Lopez,Doctor 28,2023-01-07
P1277,Virginia,Robinson,Doctor 36,2023-01-07
P1280,Benjamin,Smith,Doctor 49,2023-01-07
P1295,John,Gutierrez,Doctor 23,2023-01-07
P1386,Sandra,Diaz,Doctor 41,2023-01-07
P1443,Dorothy,Wright,Doctor 37,2023-01-07
P1455,Susan,Wright,Doctor 18,2023-01-07
P0224,Ruth,Thompson,Doctor 5,2023-01-08
P0373,Carol,Cook,Doctor 14,2023-01-08
P0416,Ronald,Morales,Doctor 49,2023-01-08
P0467,Charles,Phillips,Doctor 49,2023-01-08
P0482,Dennis,Ruiz,Doctor 28,2023-01-08
P0539,Frank,Brooks,Doctor 30,2023-01-08
P0673,Jessica,Clark,Doctor 5,2023-01-08
P0686,Scott,Richardson,Doctor 12,2023-01-08
P0766,Sarah,Morales,Doctor 27,2023-01-08
P0771,Timothy,Murphy,Doctor 1,2023-01-08
P0881,Christopher,Ruiz,Doctor 47,2023-01-08
P0890,Helen,Miller,Doctor 48,2023-01-08
P1002,Helen,Gray,Doctor 19,2023-01-08
P1064,Brandon,Peterson,Doctor 21,2023-01-08
P1076,Sandra,Gutierrez,Doctor 24,2023-01-08
P1180,William,Martin,Doctor 50,2023-01-08
P1224,David,Cruz,Doctor 29,2023-01-08
P1307,Karen,Gonzalez,Doctor 47,2023-01-08
P1447,Ryan,Martinez,Doctor 40,2023-01-08
P0102,Laura,Morgan,Doctor 18,2023-01-09
P0181,Jessica,Lewis,Doctor 11,2023-01-09
P0213,Charles,Turner,Doctor 40,2023-01-09
P0218,Scott,Ramos,Doctor 17,2023-01-09
P0232,Timothy,Johnson,Doctor 29,2023-01-09
P0283,Rebecca,Thompson,Doctor 36,2023-01-09
P0284,Andrew,White,Doctor 47,2023-01-09
P0303,Virginia,Nguyen,Doctor 40,2023-01-09
P0421,Sharon,Ramos,Doctor 26,2023-01-09
P0429,Kenneth,James,Doctor 43,2023-01-09
P0451,Ruth,Rivera,Doctor 6,2023-01-09
P0545,Carol,Flores,Doctor 39,2023-01-09
P0609,Betty,Moore,Doctor 28,2023-01-09
P0675,Justin,Sanchez,Doctor 42,2023-01-09
P0718,Sarah,Nelson,Doctor 4,2023-01-09
P0863,Virginia,Rivera,Doctor 19,2023-01-09
P1050,Shirley,Chavez,Doctor 45,2023-01-09
P1082,Gary,Richardson,Doctor 35,2023-01-09
P1136,Nancy,Reed,Doctor 16,2023-01-09
P1313,John,Green,Doctor 25,2023-01-09
P1512,Anna,Brooks,Doctor 6,2023-01-09
P0011,Michael,Morris,Doctor 28,2023-01-10
P0016,Donna,White,Doctor 12,2023-01-10
P0046,Mary,Thomas,Doctor 11,2023-01-10
P0067,Benjamin,Ruiz,Doctor 41,2023-01-10
P0110,Jose,Nguyen,Doctor 49,2023-01-10
P0135,Alexander,Perez,Doctor 45,2023-01-10
P0248,Angela,Phillips,Doctor 45,2023-01-10
P0254,Daniel,Nelson,Doctor 22,2023-01-10
P0263,Alexander,Lewis,Doctor 18,2023-01-10
P0401,Gregory,Hill,Doctor 44,2023-01-10
P0437,Jessica,Bennett,Doctor 43,2023-01-10
P0455,Melissa,Miller,Doctor 47,2023-01-10
P0477,Jose,Harris,Doctor 18,2023-01-10
P0507,Deborah,Perez,Doctor 11,2023-01-10
P0550,Tyler,Green,Doctor 18,2023-01-10
P0616,Benjamin,Mendoza,Doctor 26,2023-01-10
P0772,Sandra,Patel,Doctor 29,2023-01-10
P0866,Sarah,Carter,Doctor 22,2023-01-10
P1283,Jose,Morales,Doctor 50,2023-01-10
P1321,Brandon,Hughes,Doctor 15,2023-01-10
P1381,Justin,Robinson,Doctor 4,2023-01-10
P1396,Linda,Rivera,Doctor 8,2023-01-10
P1443,Dorothy,Wright,Doctor 20,2023-01-10
P0011,Michael,Morris,Doctor 28,2023-01-11
P0016,Donna,White,Doctor 12,2023-01-11
P0063,Steven,Smith,Doctor 47,2023-01-11
P0410,Aaron,Lee,Doctor 26,2023-01-11
P0424,Dennis,Sanders,Doctor 2,2023-01-11
P0476,Sandra,Chavez,Doctor 6,2023-01-11
P0548,Ryan,Lopez,Doctor 28,2023-01-11
P0660,Justin,Edwards,Doctor 14,2023-01-11
P0726,David,Bailey,Doctor 45,2023-01-11
P0773,Sharon,Garcia,Doctor 39,2023-01-11
P0776,Lisa,Reed,Doctor 47,2023-01-11
P0873,Sharon,King,Doctor 20,2023-01-11
P0959,Deborah,Ortiz,Doctor 48,2023-01-11
P1022,Matthew,Lewis,Doctor 37,2023-01-11
P1220,David,Diaz,Doctor 19,2023-01-11
P1277,Virginia,Robinson,Doctor 25,2023-01-11
P1335,Gary,Castillo,Doctor 17,2023-01-11
P1451,Mary,Peterson,Doctor 9,2023-01-11
P1476,Brandon,Turner,Doctor 50,2023-01-11
P0190,Susan,Morris,Doctor 40,2023-01-12
P0232,Timothy,Johnson,Doctor 17,2023-01-12
P0324,Nicholas,Rodriguez,Doctor 48,2023-01-12
P0478,Sarah,Mendoza,Doctor 40,2023-01-12
P0857,Ryan,Watson,Doctor 19,2023-01-12
P0944,Daniel,Gutierrez,Doctor 7,2023-01-12
P0988,Lisa,Taylor,Doctor 9,2023-01-12
P1011,Gary,Morales,Doctor 25,2023-01-12
P1168,Patrick,Martinez,Doctor 34,2023-01-12
P1331,Charles,Ward,Doctor 18,2023-01-12
P1366,Gregory,Bennett,Doctor 24,2023-01-12
P1506,Barbara,Allen,Doctor 40,2023-01-12
P1536,Brian,Hernandez,Doctor 14,2023-01-12
P0074,Dorothy,Rogers,Doctor 41,2023-01-13
P0118,Ryan,Hughes,Doctor 11,2023-01-13
P0209,Jacob,Taylor,Doctor 50,2023-01-13
P0423,Gregory,Moore,Doctor 1,2023-01-13
P0449,Kathleen,Scott,Doctor 33,2023-01-13
P0463,Jennifer,Bailey,Doctor 7,2023-01-13
P0539,Frank,Brooks,Doctor 30,2023-01-13
P0603,George,Hughes,Doctor 30,2023-01-13
P0699,Kimberly,Mendoza,Doctor 24,2023-01-13
P0833,James,Sanchez,Doctor 32,2023-01-13
P1037,Shirley,Wood,Doctor 21,2023-01-13
P1184,Scott,Moore,Doctor 28,2023-01-13
P1248,Mark,Parker,Doctor 29,2023-01-13
P1373,Anthony,Scott,Doctor 47,2023-01-13
P1439,Kenneth,Watson,Doctor 43,2023-01-13
P1481,Sandra,Young,Doctor 3,2023-01-13
P1493,Charles,James,Doctor 37,2023-01-13
P1501,Alexander,Watson,Doctor 23,2023-01-13
P0154,Brian,Wright,Doctor 3,2023-01-14
P0198,Kevin,Gutierrez,Doctor 45,2023-01-14
P0296,Dorothy,Smith,Doctor 30,2023-01-14
P0313,Michelle,Howard,Doctor 40,2023-01-14
P0374,Christopher,Cox,Doctor 11,2023-01-14
P0382,Gary,Jones,Doctor 13,2023-01-14
P0447,Mary,Robinson,Doctor 3,2023-01-14
P0465,Joshua,Cox,Doctor 28,2023-01-14
P0491,Donna,Hernandez,Doctor 20,2023-01-14
P0500,Jennifer,Hall,Doctor 10,2023-01-14
P0515,Susan,Green,Doctor 44,2023-01-14
P0882,Virginia,Scott,Doctor 20,2023-01-14
P1324,Carol,Adams,Doctor 41,2023-01-14
P1372,Barbara,Lee,Doctor 32,2023-01-14
P0012,Samuel,Roberts,Doctor 49,2023-01-15
P0027,Betty,Allen,Doctor 12,2023-01-15
P0030,Kathleen,Ortiz,Doctor 36,2023-01-15
P0032,Robert,Murphy,Doctor 11,2023-01-15
P0086,Patricia,Torres,Doctor 4,2023-01-15
P0300,Lisa,Bennett,Doctor 41,2023-01-15
P0327,Richard,Kim,Doctor 8,2023-01-15
P0371,Brenda,Miller,Doctor 14,2023-01-15
P0389,Alexander,Martinez,Doctor 15,2023-01-15
P0437,Jessica,Bennett,Doctor 43,2023-01-15
P0481,Dorothy,Chavez,Doctor 28,2023-01-15
P0512,Andrew,Gutierrez,Doctor 26,2023-01-15
P0530,Dennis,Garcia,Doctor 9,2023-01-15
P0569,Kenneth,Kim,Doctor 5,2023-01-15
P0599,Susan,Myers,Doctor 2,2023-01-15
P0706,Patricia,Morris,Doctor 30,2023-01-15
P0718,Sarah,Nelson,Doctor 4,2023-01-15
P0781,Amy,James,Doctor 28,2023-01-15
P1081,Stephen,Garcia,Doctor 39,2023-01-15
P1146,Tyler,Williams,Doctor 16,2023-01-15
P1183,George,Howard,Doctor 43,2023-01-15
P1254,Betty,James,Doctor 30,2023-01-15
P1293,Eric,Thompson,Doctor 35,2023-01-15
P1310,Richard,Sanders,Doctor 45,2023-01-15
P1373,Anthony,Scott,Doctor 47,2023-01-15
P1395,Elizabeth,Robinson,Doctor 7,2023-01-15
P1423,Benjamin,Castillo,Doctor 35,2023-01-15
P1466,Jack,Parker,Doctor 35,2023-01-15
P0042,Patricia,King,Doctor 30,2023-01-16
P0100,Anthony,Martin,Doctor 26,2023-01-16
P0246,Dennis,Peterson,Doctor 24,2023-01-16
P0294,Dorothy,Hernandez,Doctor 28,2023-01-16
P0296,Dorothy,Smith,Doctor 30,2023-01-16
P0311,Steven,Diaz,Doctor 16,2023-01-16
P0361,Kevin,Castillo,Doctor 34,2023-01-16
P0415,Benjamin,Roberts,Doctor 31,2023-01-16
P0501,Deborah,Rivera,Doctor 15,2023-01-16
P0562,Jessica,Kelly,Doctor 34,2023-01-16
P0750,Patricia,Kelly,Doctor 27,2023-01-16
P0839,Gary,Rodriguez,Doctor 42,2023-01-16
P0874,Karen,Thomas,Doctor 47,2023-01-16
P1123,Samuel,Morris,Doctor 18,2023-01-16
P1200,Shirley,Evans,Doctor 25,2023-01-16
P1276,Nicholas,Perez,Doctor 37,2023-01-16
P1281,Barbara,Lewis,Doctor 14,2023-01-16
P1290,Mark,Williams,Doctor 11,2023-01-16
P1490,Virginia,Howard,Doctor 20,2023-01-16
P0098,Jessica,Perez,Doctor 42,2023-01-17
P0283,Rebecca,Thompson,Doctor 36,2023-01-17
P0304,Karen,Roberts,Doctor 1,2023-01-17
P0614,Kathleen,Evans,Doctor 32,2023-01-17
P0646,Elizabeth,Rodriguez,Doctor 36,2023-01-17
P0710,Edward,White,Doctor 16,2023-01-17
P0716,George,Richardson,Doctor 30,2023-01-17
P0746,Sharon,Anderson,Doctor 6,2023-01-17
P0765,Deborah,Martin,Doctor 39,2023-01-17
P0924,Robert,Martinez,Doctor 42,2023-01-17
P0991,John,Reed,Doctor 9,2023-01-17
P1009,Stephen,Jones,Doctor 23,2023-01-17
P1020,Sharon,Diaz,Doctor 25,2023-01-17
P1183,George,Howard,Doctor 43,2023-01-17
P1215,Jose,Cooper,Doctor 45,2023-01-17
P1251,Jerry,Rodriguez,Doctor 8,2023-01-17
P1257,Kenneth,White,Doctor 21,2023-01-17
P1337,Samuel,Nguyen,Doctor 38,2023-01-17
P1424,Rebecca,Edwards,Doctor 40,2023-01-17
P1456,John,Adams,Doctor 19,2023-01-17
P1532,David,Torres,Doctor 41,2023-01-17
P1532,David,Torres,Doctor 41,2023-01-17
P0023,Dennis,Campbell,Doctor 18,2023-01-18
P0033,Jennifer,Kim,Doctor 44,2023-01-18
P0161,Charles,Allen,Doctor 37,2023-01-18
P0172,Sarah,Castillo,Doctor 42,2023-01-18
P0265,Eric,Nelson,Doctor 23,2023-01-18
P0371,Brenda,Miller,Doctor 14,2023-01-18
P0403,Richard,White,Doctor 41,2023-01-18
P0424,Dennis,Sanders,Doctor 14,2023-01-18
P0448,Helen,Moore,Doctor 36,2023-01-18
P0509,Gary,Turner,Doctor 31,2023-01-18
P0526,Susan,Castillo,Doctor 10,2023-01-18
P0579,Michelle,Ortiz,Doctor 4,2023-01-18
P0691,Richard,Green,Doctor 26,2023-01-18
P0807,Sharon,Flores,Doctor 14,2023-01-18
P0858,Sarah,James,Doctor 23,2023-01-18
P1003,Michelle,Thompson,Doctor 30,2023-01-18
P1018,Helen,Phillips,Doctor 17,2023-01-18
P1055,Virginia,Thompson,Doctor 11,2023-01-18
P1104,Kenneth,Rogers,Doctor 34,2023-01-18
P1122,Donna,Gutierrez,Doctor 30,2023-01-18
P1144,Timothy,Parker,Doctor 46,2023-01-18
P1221,Melissa,Ward,Doctor 19,2023-01-18
P1271,Kimberly,Robinson,Doctor 49,2023-01-18
P1291,Kimberly,Reed,Doctor 10,2023-01-18
P0017,Emma,Adams,Doctor 18,2023-01-19
P0083,Rebecca,Gomez,Doctor 15,2023-01-19
P0171,Ryan,Hernandez,Doctor 33,2023-01-19
P0191,Elizabeth,Gutierrez,Doctor 17,2023-01-19
P0199,Susan,Walker,Doctor 21,2023-01-19
P0280,Sarah,Howard,Doctor 44,2023-01-19
P0308,Emma,Castillo,Doctor 46,2023-01-19
P0497,Jessica,White,Doctor 48,2023-01-19
P0711,Jessica,Roberts,Doctor 20,2023-01-19
P0839,Gary,Rodriguez,Doctor 42,2023-01-19
P0919,Angela,Thomas,Doctor 9,2023-01-19
P0939,Frank,Evans,Doctor 20,2023-01-19
P0957,Jacob,Walker,Doctor 5,2023-01-19
P0980,Dorothy,Wilson,Doctor 10,2023-01-19
P1061,Carol,Kim,Doctor 33,2023-01-19
P1176,Mark,Sanchez,Doctor 33,2023-01-19
P1215,Jose,Cooper,Doctor 24,2023-01-19
P1268,Cynthia,Ward,Doctor 45,2023-01-19
P1343,Dorothy,Castillo,Doctor 44,2023-01-19
P1409,George,Morgan,Doctor 48,2023-01-19
P1447,Ryan,Martinez,Doctor 40,2023-01-19
P1470,Virginia,Hall,Doctor 9,2023-01-19
P1495,Rebecca,Kelly,Doctor 25,2023-01-19
P0023,Dennis,Campbell,Doctor 18,2023-01-20
P0047,Kevin,Cox,Doctor 20,2023-01-20
P0092,Michael,Morales,Doctor 3,2023-01-20
P0265,Eric,Nelson,Doctor 23,2023-01-20
P0342,Nancy,Moore,Doctor 27,2023-01-20
P0592,Sarah,Hughes,Doctor 17,2023-01-20
P0721,Helen,Young,Doctor 22,2023-01-20
P0728,Jessica,Kim,Doctor 5,2023-01-20
P0829,Joshua,Torres,Doctor 34,2023-01-20
P0838,Amy,Collins,Doctor 24,2023-01-20
P0872,Nancy,Taylor,Doctor 24,2023-01-20
P0890,Helen,Miller,Doctor 48,2023-01-20
P0901,Emma,Perez,Doctor 34,2023-01-20
P0921,William,Clark,Doctor 27,2023-01-20
P0938,Rebecca,Scott,Doctor 29,2023-01-20
P0945,Michelle,Turner,Doctor 50,2023-01-20
P0999,Carol,Torres,Doctor 26,2023-01-20
P1131,Scott,Lewis,Doctor 38,2023-01-20
P1255,Donna,Morales,Doctor 33,2023-01-20
P1425,Melissa,Morales,Doctor 1,2023-01-20
P1527,Linda,Roberts,Doctor 34,2023-01-20
P0079,Edward,Ward,Doctor 2,2023-01-21
P0081,Sandra,Torres,Doctor 48,2023-01-21
P0162,Michelle,Alvarez,Doctor 3,2023-01-21
P0228,Jack,Ortiz,Doctor 12,2023-01-21
P0408,Deborah,Scott,Doctor 31,2023-01-21
P0561,Helen,Allen,Doctor 38,2023-01-21
P0605,Larry,Adams,Doctor 30,2023-01-21
P0798,Betty,Robinson,Doctor 3,2023-01-21
P0827,Jack,Bailey,Doctor 23,2023-01-21
P0887,Karen,Lewis,Doctor 33,2023-01-21
P0966,Sarah,Richardson,Doctor 31,2023-01-21
P1090,Michelle,Green,Doctor 25,2023-01-21
P1095,Kenneth,Kelly,Doctor 49,2023-01-21
P1208,Lisa,Evans,Doctor 39,2023-01-21
P1221,Melissa,Ward,Doctor 5,2023-01-21
P1238,Nicholas,Sanchez,Doctor 6,2023-01-21
P1385,Alexander,Howard,Doctor 24,2023-01-21
P0117,Laura,Kelly,Doctor 23,2023-01-22
P0121,Donna,Cooper,Doctor 33,2023-01-22
P0216,Nancy,Stewart,Doctor 42,2023-01-22
P0296,Dorothy,Smith,Doctor 30,2023-01-22
P0413,Helen,Ruiz,Doctor 34,2023-01-22
P0473,Jonathan,Howard,Doctor 10,2023-01-22
P0498,Frank,Miller,Doctor 13,2023-01-22
P0514,Patrick,Watson,Doctor 50,2023-01-22
P0579,Michelle,Ortiz,Doctor 4,2023-01-22
P0732,Patricia,Taylor,Doctor 36,2023-01-22
P0738,Justin,Gonzalez,Doctor 28,2023-01-22
P0762,James,Evans,Doctor 7,2023-01-22
P0771,Timothy,Murphy,Doctor 1,2023-01-22
P0824,Nancy,Allen,Doctor 3,2023-01-22
P0896,Brian,Edwards,Doctor 12,2023-01-22
P0948,Stephen,Allen,Doctor 44,2023-01-22
P1145,Mary,Scott,Doctor 39,2023-01-22
P1149,Samuel,Turner,Doctor 20,2023-01-22
P1190,Jessica,Gray,Doctor 39,2023-01-22
P1214,Scott,Peterson,Doctor 40,2023-01-22
P1243,Sarah,Ward,Doctor 34,2023-01-22
P1278,Laura,Green,Doctor 45,2023-01-22
P1307,Karen,Gonzalez,Doctor 47,2023-01-22
P1345,Nicholas,Cox,Doctor 18,2023-01-22
P1522,Betty,Hughes,Doctor 45,2023-01-22
P0056,Ruth,Allen,Doctor 19,2023-01-23
P0072,Kenneth,Wood,Doctor 40,2023-01-23
P0111,Kenneth,Torres,Doctor 2,2023-01-23
P0119,Kathleen,Cruz,Doctor 49,2023-01-23
P0300,Lisa,Bennett,Doctor 41,2023-01-23
P0335,Brandon,Parker,Doctor 45,2023-01-23
P0356,Carol,Castillo,Doctor 50,2023-01-23
P0366,Carol,Stewart,Doctor 6,2023-01-23
P0571,Jerry,Reed,Doctor 33,2023-01-23
P0628,Susan,Garcia,Doctor 47,2023-01-23
P0657,Sandra,Castillo,Doctor 44,2023-01-23
P0707,Nancy,Parker,Doctor 26,2023-01-23
P0715,Matthew,Anderson,Doctor 11,2023-01-23
P0743,Jacob,Ward,Doctor 36,2023-01-23
P0826,Jason,Brown,Doctor 3,2023-01-23
P0877,Carol,Ramos,Doctor 35,2023-01-23
P0975,Susan,Williams,Doctor 14,2023-01-23
P1102,Ronald,Lopez,Doctor 14,2023-01-23
P1165,Jessica,Stewart,Doctor 10,2023-01-23
P1347,Helen,Smith,Doctor 8,2023-01-23
P1399,Brenda,Gonzalez,Doctor 47,2023-01-23
P1406,Donald,Martin,Doctor 42,2023-01-23
P0152,Donna,Gray,Doctor 44,2023-01-24
P0210,Jacob,Stewart,Doctor 8,2023-01-24
P0228,Jack,Ortiz,Doctor 4,2023-01-24
P0547,Sharon,Phillips,Doctor 27,2023-01-24
P0710,Edward,White,Doctor 16,2023-01-24
P0876,Anthony,Nguyen,Doctor 5,2023-01-24
P0945,Michelle,Turner,Doctor 11,2023-01-24
P1114,Christopher,Hall,Doctor 38,2023-01-24
P1174,Brenda,Hernandez,Doctor 25,2023-01-24
P1187,Timothy,Richardson,Doctor 10,2023-01-24
P1220,David,Diaz,Doctor 19,2023-01-24
P1243,Sarah,Ward,Doctor 34,2023-01-24
P1343,Dorothy,Castillo,Doctor 44,2023-01-24
P1357,Dennis,Alvarez,Doctor 29,2023-01-24
P1399,Brenda,Gonzalez,Doctor 47,2023-01-24
P1416,Kevin,Watson,Doctor 44,2023-01-24
P1439,Kenneth,Watson,Doctor 43,2023-01-24
P1473,Jennifer,Miller,Doctor 32,2023-01-24
P0047,Kevin,Cox,Doctor 20,2023-01-25
P0159,Brenda,Ruiz,Doctor 46,2023-01-25
P0168,Mary,Bennett,Doctor 48,2023-01-25
P0228,Jack,Ortiz,Doctor 4,2023-01-25
P0279,Brandon,Ward,Doctor 17,2023-01-25
P0308,Emma,Castillo,Doctor 46,2023-01-25
P0362,Carol,Evans,Doctor 40,2023-01-25
P0632,Angela,Murphy,Doctor 43,2023-01-25
P0790,Alexander,Sanders,Doctor 42,2023-01-25
P0936,Nancy,Garcia,Doctor 41,2023-01-25
P1161,Angela,Davis,Doctor 4,2023-01-25
P1266,Shirley,Cook,Doctor 50,2023-01-25
P1286,Jerry,Price,Doctor 46,2023-01-25
P0049,Michelle,Lewis,Doctor 14,2023-01-26
P0106,James,Adams,Doctor 15,2023-01-26
P0113,Lisa,Martin,Doctor 39,2023-01-26
P0117,Laura,Kelly,Doctor 33,2023-01-26
P0131,Jeffrey,Sanchez,Doctor 8,2023-01-26
P0189,Laura,Ward,Doctor 4,2023-01-26
P0200,Elizabeth,Richardson,Doctor 8,2023-01-26
P0238,Benjamin,Wright,Doctor 37,2023-01-26
P0498,Frank,Miller,Doctor 13,2023-01-26
P0722,Jennifer,Torres,Doctor 21,2023-01-26
P0766,Sarah,Morales,Doctor 27,2023-01-26
P0894,Michelle,Rodriguez,Doctor 23,2023-01-26
P0952,Barbara,Price,Doctor 20,2023-01-26
P0989,Mark,Wright,Doctor 31,2023-01-26
P1036,Lisa,Clark,Doctor 33,2023-01-26
P1100,Raymond,Edwards,Doctor 24,2023-01-26
P1283,Jose,Morales,Doctor 50,2023-01-26
P1314,Larry,Lewis,Doctor 5,2023-01-26
P1336,Larry,Cruz,Doctor 24,2023-01-26
P1497,Jerry,Morales,Doctor 14,2023-01-26
P1507,Michelle,Watson,Doctor 7,2023-01-26
P0109,Kathleen,Thomas,Doctor 10,2023-01-27
P0188,Kenneth,Johnson,Doctor 49,2023-01-27
P0203,Sharon,Lee,Doctor 10,2023-01-27
P0209,Jacob,Taylor,Doctor 50,2023-01-27
P0226,Anthony,Adams,Doctor 37,2023-01-27
P0282,Patricia,Peterson,Doctor 4,2023-01-27
P0354,Betty,Brooks,Doctor 38,2023-01-27
P0414,Kimberly,Perez,Doctor 39,2023-01-27
P0501,Deborah,Rivera,Doctor 15,2023-01-27
P0606,Andrew,Walker,Doctor 39,2023-01-27
P0629,Daniel,Ward,Doctor 38,2023-01-27
P0875,Laura,Baker,Doctor 47,2023-01-27
P0896,Brian,Edwards,Doctor 12,2023-01-27
P1024,David,Mendoza,Doctor 7,2023-01-27
P1034,Kenneth,Morgan,Doctor 50,2023-01-27
P1105,Karen,Anderson,Doctor 8,2023-01-27
P1153,Timothy,King,Doctor 17,2023-01-27
P1243,Sarah,Ward,Doctor 34,2023-01-27
P1272,Michelle,Brooks,Doctor 27,2023-01-27
P1318,Gregory,Stewart,Doctor 17,2023-01-27
P1375,Karen,Davis,Doctor 46,2023-01-27
P1446,Karen,James,Doctor 31,2023-01-27
P1484,Amy,Jones,Doctor 13,2023-01-27
P0046,Mary,Thomas,Doctor 11,2023-01-28
P0056,Ruth,Allen,Doctor 19,2023-01-28
P0066,Matthew,Clark,Doctor 13,2023-01-28
P0156,Timothy,Allen,Doctor 36,2023-01-28
P0234,Barbara,Nelson,Doctor 11,2023-01-28
P0290,Jerry,Kelly,Doctor 11,2023-01-28
P0353,Michelle,Cruz,Doctor 45,2023-01-28
P0358,Robert,Taylor,Doctor 27,2023-01-28
P0374,Christopher,Cox,Doctor 11,2023-01-28
P0452,Mark,Lewis,Doctor 6,2023-01-28
P0628,Susan,Garcia,Doctor 47,2023-01-28
P0633,Samuel,Allen,Doctor 16,2023-01-28
P0756,George,Anderson,Doctor 34,2023-01-28
P0796,Jessica,Reed,Doctor 36,2023-01-28
P1030,Stephen,Murphy,Doctor 43,2023-01-28
P1198,Deborah,Wilson,Doctor 35,2023-01-28
P1267,Emma,Patel,Doctor 7,2023-01-28
P0002,Betty,Campbell,Doctor 39,2023-01-29
P0028,Susan,Gomez,Doctor 36,2023-01-29
P0188,Kenneth,Johnson,Doctor 49,2023-01-29
P0196,Kevin,Ramirez,Doctor 23,2023-01-29
P0241,Laura,Wood,Doctor 6,2023-01-29
P0409,Shirley,Harris,Doctor 5,2023-01-29
P0464,Kimberly,Watson,Doctor 31,2023-01-29
P0477,Jose,Harris,Doctor 43,2023-01-29
P0575,Raymond,Phillips,Doctor 11,2023-01-29
P0665,Jose,Reed,Doctor 40,2023-01-29
P0692,Larry,Perez,Doctor 13,2023-01-29
P0784,John,Cook,Doctor 35,2023-01-29
P0797,Michelle,King,Doctor 41,2023-01-29
P0820,Sharon,Miller,Doctor 4,2023-01-29
P0906,Elizabeth,Kelly,Doctor 46,2023-01-29
P0957,Jacob,Walker,Doctor 18,2023-01-29
P0982,Donna,Hughes,Doctor 6,2023-01-29
P1146,Tyler,Williams,Doctor 16,2023-01-29
P1225,David,Castillo,Doctor 35,2023-01-29
P1226,Brandon,Clark,Doctor 6,2023-01-29
P1469,Sarah,Ramos,Doctor 4,2023-01-29
P1516,George,Evans,Doctor 12,2023-01-29
P1527,Linda,Roberts,Doctor 34,2023-01-29
P0031,Ruth,James,Doctor 16,2023-01-30
P0220,Nicholas,Patel,Doctor 44,2023-01-30
P0269,Ruth,Ruiz,Doctor 3,2023-01-30
P0293,Patrick,Turner,Doctor 4,2023-01-30
P0461,Richard,Hernandez,Doctor 39,2023-01-30
P0494,Laura,Brooks,Doctor 26,2023-01-30
P0697,Betty,Williams,Doctor 1,2023-01-30
P0752,Michael,Chavez,Doctor 25,2023-01-30
P0759,Jason,Lee,Doctor 11,2023-01-30
P0778,Donna,Mitchell,Doctor 22,2023-01-30
P0784,John,Cook,Doctor 35,2023-01-30
P0857,Ryan,Watson,Doctor 7,2023-01-30
P0942,Karen,Green,Doctor 27,2023-01-30
P0982,Donna,Hughes,Doctor 6,2023-01-30
P1358,Sarah,Thompson,Doctor 37,2023-01-30
P1420,Lisa,Ward,Doctor 31,2023-01-30
P0117,Laura,Kelly,Doctor 33,2023-01-31
P0205,Elizabeth,Kim,Doctor 16,2023-01-31
P0295,Jason,Jackson,Doctor 7,2023-01-31
P0296,Dorothy,Smith,Doctor 30,2023-01-31
P0324,Nicholas,Rodriguez,Doctor 48,2023-01-31
P0433,Michelle,Price,Doctor 34,2023-01-31
P0523,Lisa,Allen,Doctor 39,2023-01-31
P0690,William,Gomez,Doctor 33,2023-01-31
P0741,Elizabeth,Chavez,Doctor 4,2023-01-31
P0764,Lisa,Moore,Doctor 21,2023-01-31
P0883,Linda,Myers,Doctor 7,2023-01-31
P0923,Tyler,Gutierrez,Doctor 22,2023-01-31
P0978,Nancy,Robinson,Doctor 42,2023-01-31
P0997,Brian,Cox,Doctor 32,2023-01-31
P1051,Brandon,Ruiz,Doctor 29,2023-01-31
P1100,Raymond,Edwards,Doctor 24,2023-01-31
P1170,Daniel,King,Doctor 41,2023-01-31
P1181,Richard,Cox,Doctor 38,2023-01-31
P1198,Deborah,Wilson,Doctor 35,2023-01-31
P1237,Sandra,Edwards,Doctor 39,2023-01-31
P1241,Christopher,Adams,Doctor 18,2023-01-31
P1367,Anthony,Chavez,Doctor 10,2023-01-31
P1368,Helen,Cruz,Doctor 31,2023-01-31
P1497,Jerry,Morales,Doctor 14,2023-01-31
P1525,Betty,Price,Doctor 25,2023-01-31
P0100,Anthony,Martin,Doctor 26,2023-02-01
P0108,William,Lewis,Doctor 14,2023-02-01
P0291,Justin,Stewart,Doctor 20,2023-02-01
P0429,Kenneth,James,Doctor 43,2023-02-01
P0493,Sharon,Wilson,Doctor 8,2023-02-01
P0528,Brandon,Gray,Doctor 42,2023-02-01
P0547,Sharon,Phillips,Doctor 27,2023-02-01
P0602,Rebecca,Taylor,Doctor 33,2023-02-01
P0735,Emma,Bennett,Doctor 38,2023-02-01
P0918,James,Morris,Doctor 15,2023-02-01
P0967,Patrick,Chavez,Doctor 43,2023-02-01
P1049,Dennis,Hall,Doctor 13,2023-02-01
P1120,Lisa,Williams,Doctor 48,2023-02-01
P1334,Susan,Gray,Doctor 43,2023-02-01
P1359,Joseph,Adams,Doctor 37,2023-02-01
P1398,Steven,Evans,Doctor 7,2023-02-01
P1409,George,Morgan,Doctor 48,2023-02-01
P1458,Ronald,Wright,Doctor 23,2023-02-01
P1472,Steven,Walker,Doctor 45,2023-02-01
P1482,Lisa,Wright,Doctor 28,2023-02-01
P0010,Mary,Brooks,Doctor 26,2023-02-02
P0053,Dennis,Watson,Doctor 26,2023-02-02
P0073,Joseph,Green,Doctor 42,2023-02-02
P0089,Scott,Anderson,Doctor 43,2023-02-02
P0097,Nicholas,Bailey,Doctor 42,2023-02-02
P0132,Carol,Hernandez,Doctor 22,2023-02-02
P0376,Patricia,Ramos,Doctor 47,2023-02-02
P0585,Sarah,Wilson,Doctor 14,2023-02-02
P0603,George,Hughes,Doctor 30,2023-02-02
P0699,Kimberly,Mendoza,Doctor 24,2023-02-02
P0704,Amy,Young,Doctor 14,2023-02-02
P0799,Sandra,Nguyen,Doctor 36,2023-02-02
P0821,Jonathan,Robinson,Doctor 21,2023-02-02
P0826,Jason,Brown,Doctor 3,2023-02-02
P0840,Nicholas,Scott,Doctor 37,2023-02-02
P1061,Carol,Kim,Doctor 33,2023-02-02
P1098,Edward,Turner,Doctor 42,2023-02-02
P1156,Tyler,Smith,Doctor 15,2023-02-02
P1195,Gregory,Patel,Doctor 25,2023-02-02
P1339,Deborah,Hall,Doctor 16,2023-02-02
P1479,Aaron,Howard,Doctor 50,2023-02-02
P0098,Jessica,Perez,Doctor 42,2023-02-03
P0122,Richard,James,Doctor 12,2023-02-03
P0145,Jerry,Williams,Doctor 22,2023-02-03
P0313,Michelle,Howard,Doctor 40,2023-02-03
P0321,Sarah,King,Doctor 42,2023-02-03
P0354,Betty,Brooks,Doctor 38,2023-02-03
P0645,Justin,Ortiz,Doctor 2,2023-02-03
P0696,Helen,Richardson,Doctor 40,2023-02-03
P0748,Gregory,Lewis,Doctor 26,2023-02-03
P0905,Joseph,Walker,Doctor 42,2023-02-03
P0924,Robert,Martinez,Doctor 42,2023-02-03
P1043,Sarah,Thomas,Doctor 42,2023-02-03
P1399,Brenda,Gonzalez,Doctor 47,2023-02-03
P1402,Ruth,Lewis,Doctor 6,2023-02-03
P1480,Kimberly,Bennett,Doctor 8,2023-02-03
P0002,Betty,Campbell,Doctor 39,2023-02-04
P0101,Karen,Richardson,Doctor 2,2023-02-04
P0150,Joseph,Hill,Doctor 15,2023-02-04
P0208,Michael,Perez,Doctor 18,2023-02-04
P0272,Cynthia,Sanders,Doctor 37,2023-02-04
P0660,Justin,Edwards,Doctor 14,2023-02-04
P0681,John,Harris,Doctor 33,2023-02-04
P0722,Jennifer,Torres,Doctor 21,2023-02-04
P0812,Karen,Rodriguez,Doctor 19,2023-02-04
P0844,Frank,Stewart,Doctor 37,2023-02-04
P0936,Nancy,Garcia,Doctor 41,2023-02-04
P0991,John,Reed,Doctor 9,2023-02-04
P1013,Dorothy,Cooper,Doctor 14,2023-02-04
P1109,Rebecca,Allen,Doctor 29,2023-02-04
P1170,Daniel,King,Doctor 41,2023-02-04
P1357,Dennis,Alvarez,Doctor 5,2023-02-04
P1433,Joseph,Mitchell,Doctor 4,2023-02-04
P1468,Linda,Edwards,Doctor 44,2023-02-04
P0065,Mark,Nelson,Doctor 19,2023-02-05
P0121,Donna,Cooper,Doctor 33,2023-02-05
P0130,Jacob,Gonzalez,Doctor 26,2023-02-05
P0184,Benjamin,Peterson,Doctor 44,2023-02-05
P0203,Sharon,Lee,Doctor 10,2023-02-05
P0345,Melissa,Harris,Doctor 7,2023-02-05
P0557,Benjamin,Richardson,Doctor 45,2023-02-05
P0795,Carol,Mitchell,Doctor 30,2023-02-05
P0936,Nancy,Garcia,Doctor 41,2023-02-05
P0946,Jerry,Smith,Doctor 18,2023-02-05
P0977,Jose,Gomez,Doctor 9,2023-02-05
P1013,Dorothy,Cooper,Doctor 14,2023-02-05
P1043,Sarah,Thomas,Doctor 42,2023-02-05
P1142,Jennifer,Murphy,Doctor 23,2023-02-05
P1182,Larry,Nguyen,Doctor 16,2023-02-05
P1214,Scott,Peterson,Doctor 40,2023-02-05
P1226,Brandon,Clark,Doctor 6,2023-02-05
P1264,Barbara,Carter,Doctor 39,2023-02-05
P1317,Tyler,Ruiz,Doctor 19,2023-02-05
P1366,Gregory,Bennett,Doctor 24,2023-02-05
P1450,Gregory,Allen,Doctor 33,2023-02-05
P1454,William,Robinson,Doctor 48,2023-02-05
P1503,Alexander,Alvarez,Doctor 30,2023-02-05
P0010,Mary,Brooks,Doctor 26,2023-02-06
P0016,Donna,White,Doctor 12,2023-02-06
P0032,Robert,Murphy,Doctor 11,2023-02-06
P0247,Carol,Clark,Doctor 10,2023-02-06
P0314,Michelle,Smith,Doctor 21,2023-02-06
P0362,Carol,Evans,Doctor 40,2023-02-06
P0564,Ruth,Bailey,Doctor 19,2023-02-06
P0851,Richard,Patel,Doctor 33,2023-02-06
P1047,Christopher,Parker,Doctor 4,2023-02-06
P1134,Sarah,Baker,Doctor 16,2023-02-06
P1389,Lisa,Peterson,Doctor 16,2023-02-06
P1493,Charles,James,Doctor 37,2023-02-06
P1518,Virginia,Flores,Doctor 30,2023-02-06
P0076,Anthony,Ramirez,Doctor 50,2023-02-07
P0109,Kathleen,Thomas,Doctor 10,2023-02-07
P0173,Robert,Sanders,Doctor 47,2023-02-07
P0217,Raymond,Price,Doctor 20,2023-02-07
P0222,Kenneth,Adams,Doctor 45,2023-02-07
P0287,Sarah,Walker,Doctor 17,2023-02-07
P0317,Michelle,Jackson,Doctor 45,2023-02-07
P0348,Nancy,Cook,Doctor 18,2023-02-07
P0380,Nicholas,Flores,Doctor 3,2023-02-07
P0445,Edward,Taylor,Doctor 25,2023-02-07
P0495,Carol,Wood,Doctor 39,2023-02-07
P0621,Frank,Clark,Doctor 11,2023-02-07
P0658,Gregory,Ortiz,Doctor 49,2023-02-07
P0673,Jessica,Clark,Doctor 32,2023-02-07
P0803,Robert,Wright,Doctor 20,2023-02-07
P0860,Kenneth,Castillo,Doctor 50,2023-02-07
P0954,James,Baker,Doctor 44,2023-02-07
P0985,Brenda,Rogers,Doctor 8,2023-02-07
P1078,Eric,Flores,Doctor 19,2023-02-07
P1164,Raymond,Peterson,Doctor 7,2023-02-07
P1279,Timothy,Wilson,Doctor 17,2023-02-07
P1392,Stephen,Rogers,Doctor 17,2023-02-07
P0175,Charles,Cruz,Doctor 38,2023-02-08
P0200,Elizabeth,Richardson,Doctor 8,2023-02-08
P0437,Jessica,Bennett,Doctor 43,2023-02-08
P0466,Donna,Cruz,Doctor 49,2023-02-08
P0536,Patricia,Hall,Doctor 20,2023-02-08
P0544,Virginia,Ramirez,Doctor 32,2023-02-08
P0619,Jonathan,Walker,Doctor 19,2023-02-08
P0846,Linda,Ruiz,Doctor 36,2023-02-08
P0956,Frank,Brown,Doctor 34,2023-02-08
P1033,Robert,Castillo,Doctor 38,2023-02-08
P1075,Aaron,Sanders,Doctor 37,2023-02-08
P1102,Ronald,Lopez,Doctor 14,2023-02-08
P1297,Lisa,Johnson,Doctor 44,2023-02-08
P1407,Lisa,Young,Doctor 17,2023-02-08
P1436,Ruth,Stewart,Doctor 6,2023-02-08
P0048,Linda,Scott,Doctor 39,2023-02-09
P0056,Ruth,Allen,Doctor 19,2023-02-09
P0102,Laura,Morgan,Doctor 18,2023-02-09
P0123,Larry,Jones,Doctor 18,2023-02-09
P0248,Angela,Phillips,Doctor 30,2023-02-09
P0348,Nancy,Cook,Doctor 18,2023-02-09
P0379,Scott,Nguyen,Doctor 22,2023-02-09
P0412,Frank,Peterson,Doctor 21,2023-02-09
P0520,Alexander,Rodriguez,Doctor 6,2023-02-09
P0576,Alexander,Davis,Doctor 20,2023-02-09
P0689,Virginia,Watson,Doctor 36,2023-02-09
P0737,Carol,Walker,Doctor 15,2023-02-09
P0783,Lisa,White,Doctor 13,2023-02-09
P0925,Virginia,Jones,Doctor 14,2023-02-09
P0970,Daniel,Jones,Doctor 2,2023-02-09
P1062,Sandra,Collins,Doctor 11,2023-02-09
P1131,Scott,Lewis,Doctor 9,2023-02-09
P1208,Lisa,Evans,Doctor 39,2023-02-09
P1259,Helen,Turner,Doctor 41,2023-02-09
P1314,Larry,Lewis,Doctor 1,2023-02-09
P1452,Nancy,Lee,Doctor 39,2023-02-09
P1454,William,Robinson,Doctor 48,2023-02-09
P1483,Jason,Davis,Doctor 38,2023-02-09
P1491,Jennifer,Myers,Doctor 12,2023-02-09
P1515,Christopher,Gonzalez,Doctor 26,2023-02-09
P1519,Cynthia,Miller,Doctor 33,2023-02-09
P0011,Michael,Morris,Doctor 28,2023-02-10
P0113,Lisa,Martin,Doctor 39,2023-02-10
P0165,Laura,Rodriguez,Doctor 15,2023-02-10
P0181,Jessica,Lewis,Doctor 11,2023-02-10
P0217,Raymond,Price,Doctor 24,2023-02-10
P0229,Andrew,Thompson,Doctor 6,2023-02-10
P0244,Jonathan,Reyes,Doctor 27,2023-02-10
P0257,Cynthia,Morris,Doctor 25,2023-02-10
P0461,Richard,Hernandez,Doctor 39,2023-02-10
P0550,Tyler,Green,Doctor 18,2023-02-10
P0562,Jessica,Kelly,Doctor 34,2023-02-10
P0659,Richard,Morales,Doctor 26,2023-02-10
P0689,Virginia,Watson,Doctor 36,2023-02-10
P0764,Lisa,Moore,Doctor 21,2023-02-10
P0779,George,Gomez,Doctor 11,2023-02-10
P0791,Michael,Gray,Doctor 33,2023-02-10
P0916,Ryan,James,Doctor 2,2023-02-10
P0996,Edward,Kelly,Doctor 19,2023-02-10
P1046,Frank,Moore,Doctor 23,2023-02-10
P1101,Steven,Allen,Doctor 47,2023-02-10
P1179,Jose,Murphy,Doctor 22,2023-02-10
P1384,Cynthia,Campbell,Doctor 50,2023-02-10
P1391,Barbara,Wright,Doctor 43,2023-02-10
P1456,John,Adams,Doctor 19,2023-02-10
P1535,Jerry,Gomez,Doctor 30,2023-02-10
P0012,Samuel,Roberts,Doctor 49,2023-02-11
P0013,Laura,Richardson,Doctor 39,2023-02-11
P0028,Susan,Gomez,Doctor 36,2023-02-11
P0040,Barbara,Kim,Doctor 1,2023-02-11
P0091,Kenneth,Robinson,Doctor 2,2023-02-11
P0186,Patrick,Anderson,Doctor 36,2023-02-11
P0212,Michelle,Richardson,Doctor 13,2023-02-11
P0227,Virginia,Ruiz,Doctor 18,2023-02-11
P0336,Carol,Mendoza,Doctor 21,2023-02-11
P0537,Laura,Cruz,Doctor 12,2023-02-11
P0564,Ruth,Bailey,Doctor 39,2023-02-11
P0625,Robert,Allen,Doctor 45,2023-02-11
P0855,Sandra,Rodriguez,Doctor 21,2023-02-11
P0880,Donna,Scott,Doctor 7,2023-02-11
P0904,Stephen,Green,Doctor 13,2023-02-11
P1014,Lisa,Diaz,Doctor 4,2023-02-11
P1118,William,Kelly,Doctor 47,2023-02-11
P1204,Jacob,Young,Doctor 27,2023-02-11
P1246,Dennis,Cox,Doctor 45,2023-02-11
P1285,Samuel,Bailey,Doctor 14,2023-02-11
P1317,Tyler,Ruiz,Doctor 19,2023-02-11
P1443,Dorothy,Wright,Doctor 20,2023-02-11
P0050,Virginia,Price,Doctor 10,2023-02-12
P0051,Anthony,Brown,Doctor 19,2023-02-12
P0218,Scott,Ramos,Doctor 17,2023-02-12
P0245,Jacob,Ramirez,Doctor 39,2023-02-12
P0324,Nicholas,Rodriguez,Doctor 48,2023-02-12
P0433,Michelle,Price,Doctor 34,2023-02-12
P0586,Jonathan,Sanders,Doctor 27,2023-02-12
P0723,Laura,Cooper,Doctor 17,2023-02-12
P0735,Emma,Bennett,Doctor 38,2023-02-12
P0906,Elizabeth,Kelly,Doctor 46,2023-02-12
P0929,Carol,Gonzalez,Doctor 27,2023-02-12
P1088,Andrew,Gray,Doctor 27,2023-02-12
P1167,William,Lopez,Doctor 2,2023-02-12
P1194,Tyler,Morgan,Doctor 48,2023-02-12
P1277,Virginia,Robinson,Doctor 25,2023-02-12
P1392,Stephen,Rogers,Doctor 39,2023-02-12
P1435,Mary,Nelson,Doctor 5,2023-02-12
P0390,Frank,Bailey,Doctor 10,2023-02-13
P0480,Anthony,Bennett,Doctor 36,2023-02-13
P0528,Brandon,Gray,Doctor 42,2023-02-13
P0763,Nancy,King,Doctor 46,2023-02-13
P0811,Dennis,Flores,Doctor 3,2023-02-13
P0815,Jessica,Robinson,Doctor 18,2023-02-13
P0923,Tyler,Gutierrez,Doctor 6,2023-02-13
P0932,Rebecca,Jones,Doctor 44,2023-02-13
P1001,Eric,Morales,Doctor 8,2023-02-13
P1005,Shirley,Hernandez,Doctor 3,2023-02-13
P1027,Stephen,Lopez,Doctor 24,2023-02-13
P1128,Jonathan,Diaz,Doctor 29,2023-02-13
P1284,Dorothy,Morris,Doctor 17,2023-02-13
P1323,Sandra,Hall,Doctor 6,2023-02-13
P1376,Edward,Garcia,Doctor 44,2023-02-13
P1435,Mary,Nelson,Doctor 5,2023-02-13
P1528,Anna,Sanders,Doctor 15,2023-02-13
P0029,Sharon,Wood,Doctor 8,2023-02-14
P0031,Ruth,James,Doctor 16,2023-02-14
P0271,Ruth,Roberts,Doctor 40,2023-02-14
P0296,Dorothy,Smith,Doctor 30,2023-02-14
P0308,Emma,Castillo,Doctor 46,2023-02-14
P0379,Scott,Nguyen,Doctor 22,2023-02-14
P0475,Patricia,Ramirez,Doctor 49,2023-02-14
P0494,Laura,Brooks,Doctor 5,2023-02-14
P0599,Susan,Myers,Doctor 2,2023-02-14
P0662,Mary,Wilson,Doctor 33,2023-02-14
P0763,Nancy,King,Doctor 46,2023-02-14
P0764,Lisa,Moore,Doctor 21,2023-02-14
P1022,Matthew,Lewis,Doctor 5,2023-02-14
P1083,Mark,Howard,Doctor 22,2023-02-14
P1120,Lisa,Williams,Doctor 48,2023-02-14
P1190,Jessica,Gray,Doctor 25,2023-02-14
P1209,Lisa,Collins,Doctor 23,2023-02-14
P1237,Sandra,Edwards,Doctor 39,2023-02-14
P1289,James,Allen,Doctor 29,2023-02-14
P1310,Richard,Sanders,Doctor 45,2023-02-14
P1407,Lisa,Young,Doctor 17,2023-02-14
P1475,Gary,Gomez,Doctor 46,2023-02-14
P1476,Brandon,Turner,Doctor 50,2023-02-14
P0017,Emma,Adams,Doctor 18,2023-02-15
P0038,Lisa,Patel,Doctor 30,2023-02-15
P0116,Ronald,Diaz,Doctor 18,2023-02-15
P0134,Gary,Miller,Doctor 49,2023-02-15
P0143,Scott,Rivera,Doctor 36,2023-02-15
P0191,Elizabeth,Gutierrez,Doctor 17,2023-02-15
P0444,Charles,Nguyen,Doctor 12,2023-02-15
P0462,Michael,Price,Doctor 50,2023-02-15
P0500,Jennifer,Hall,Doctor 10,2023-02-15
P0587,Linda,Watson,Doctor 19,2023-02-15
P0591,William,Sanchez,Doctor 29,2023-02-15
P0730,Karen,Wilson,Doctor 1,2023-02-15
P0798,Betty,Robinson,Doctor 3,2023-02-15
P1036,Lisa,Clark,Doctor 33,2023-02-15
P1048,Kenneth,Rivera,Doctor 26,2023-02-15
P1080,Ryan,Garcia,Doctor 31,2023-02-15
P1150,Betty,Roberts,Doctor 39,2023-02-15
P1160,Sarah,Smith,Doctor 27,2023-02-15
P1232,Rebecca,Campbell,Doctor 36,2023-02-15
P1256,Justin,Turner,Doctor 26,2023-02-15
P1335,Gary,Castillo,Doctor 17,2023-02-15
P1391,Barbara,Wright,Doctor 43,2023-02-15
P1416,Kevin,Watson,Doctor 44,2023-02-15
P1435,Mary,Nelson,Doctor 5,2023-02-15
P0066,Matthew,Clark,Doctor 13,2023-02-16
P0152,Donna,Gray,Doctor 49,2023-02-16
P0194,Mary,Anderson,Doctor 49,2023-02-16
P0198,Kevin,Gutierrez,Doctor 45,2023-02-16
P0219,Sharon,Thomas,Doctor 31,2023-02-16
P0220,Nicholas,Patel,Doctor 24,2023-02-16
P0290,Jerry,Kelly,Doctor 28,2023-02-16
P0490,Laura,Cox,Doctor 33,2023-02-16
P0610,Carol,Carter,Doctor 11,2023-02-16
P0636,Linda,Hernandez,Doctor 5,2023-02-16
P0697,Betty,Williams,Doctor 1,2023-02-16
P0700,Lisa,Ruiz,Doctor 50,2023-02-16
P1021,Sarah,Perez,Doctor 41,2023-02-16
P1033,Robert,Castillo,Doctor 38,2023-02-16
P1064,Brandon,Peterson,Doctor 8,2023-02-16
P1107,Matthew,Baker,Doctor 22,2023-02-16
P1114,Christopher,Hall,Doctor 38,2023-02-16
P1226,Brandon,Clark,Doctor 6,2023-02-16
P1239,Jeffrey,Chavez,Doctor 22,2023-02-16
P1261,Gary,Williams,Doctor 50,2023-02-16
P0010,Mary,Brooks,Doctor 26,2023-02-17
P0058,Christopher,Brooks,Doctor 25,2023-02-17
P0061,John,Ward,Doctor 20,2023-02-17
P0079,Edward,Ward,Doctor 2,2023-02-17
P0104,Brandon,Cook,Doctor 50,2023-02-17
P0130,Jacob,Gonzalez,Doctor 48,2023-02-17
P0203,Sharon,Lee,Doctor 10,2023-02-17
P0259,Anna,Adams,Doctor 42,2023-02-17
P0480,Anthony,Bennett,Doctor 36,2023-02-17
P0498,Frank,Miller,Doctor 13,2023-02-17
P0619,Jonathan,Walker,Doctor 19,2023-02-17
P0621,Frank,Clark,Doctor 11,2023-02-17
P0700,Lisa,Ruiz,Doctor 50,2023-02-17
P0902,Andrew,Mendoza,Doctor 38,2023-02-17
P0934,Ruth,Scott,Doctor 6,2023-02-17
P0979,Michelle,Bennett,Doctor 10,2023-02-17
P1349,Joseph,Parker,Doctor 15,2023-02-17
P0082,Joshua,Hughes,Doctor 46,2023-02-18
P0200,Elizabeth,Richardson,Doctor 8,2023-02-18
P0271,Ruth,Roberts,Doctor 40,2023-02-18
P0394,Jose,Hill,Doctor 13,2023-02-18
P0556,Sharon,Parker,Doctor 49,2023-02-18
P0586,Jonathan,Sanders,Doctor 27,2023-02-18
P0627,Thomas,King,Doctor 27,2023-02-18
P0635,Donna,Mendoza,Doctor 45,2023-02-18
P0679,George,Ramos,Doctor 38,2023-02-18
P0802,Jeffrey,Kim,Doctor 2,2023-02-18
P0860,Kenneth,Castillo,Doctor 50,2023-02-18
P0878,Alexander,Martin,Doctor 50,2023-02-18
P0902,Andrew,Mendoza,Doctor 38,2023-02-18
P0930,Richard,Murphy,Doctor 35,2023-02-18
P1046,Frank,Moore,Doctor 23,2023-02-18
P1065,Jessica,Young,Doctor 31,2023-02-18
P1071,Donna,Howard,Doctor 48,2023-02-18
P1100,Raymond,Edwards,Doctor 24,2023-02-18
P1106,Kimberly,Turner,Doctor 18,2023-02-18
P1169,Emma,Cooper,Doctor 10,2023-02-18
P1390,Helen,Campbell,Doctor 6,2023-02-18
P1475,Gary,Gomez,Doctor 46,2023-02-18
P1494,Jonathan,Rivera,Doctor 38,2023-02-18
P1498,Donna,Jackson,Doctor 15,2023-02-18
P1507,Michelle,Watson,Doctor 7,2023-02-18
P0008,Joshua,Castillo,Doctor 15,2023-02-19
P0020,George,Wilson,Doctor 15,2023-02-19
P0063,Steven,Smith,Doctor 47,2023-02-19
P0099,Jessica,Carter,Doctor 15,2023-02-19
P0160,Thomas,Gonzalez,Doctor 48,2023-02-19
P0191,Elizabeth,Gutierrez,Doctor 26,2023-02-19
P0230,Brian,Gonzalez,Doctor 32,2023-02-19
P0288,Alexander,Smith,Doctor 7,2023-02-19
P0322,Jonathan,Mendoza,Doctor 41,2023-02-19
P0666,Donna,Adams,Doctor 33,2023-02-19
P0717,Sandra,Adams,Doctor 44,2023-02-19
P0941,Jonathan,Phillips,Doctor 48,2023-02-19
P0956,Frank,Brown,Doctor 46,2023-02-19
P1036,Lisa,Clark,Doctor 33,2023-02-19
P1094,Jacob,Torres,Doctor 25,2023-02-19
P1186,Patricia,Lopez,Doctor 48,2023-02-19
P1257,Kenneth,White,Doctor 21,2023-02-19
P1277,Virginia,Robinson,Doctor 25,2023-02-19
P1284,Dorothy,Morris,Doctor 17,2023-02-19
P1392,Stephen,Rogers,Doctor 39,2023-02-19
P1516,George,Evans,Doctor 12,2023-02-19
P0098,Jessica,Perez,Doctor 42,2023-02-20
P0108,William,Lewis,Doctor 14,2023-02-20
P0237,Raymond,Allen,Doctor 20,2023-02-20
P0253,Samuel,Torres,Doctor 24,2023-02-20
P0339,Jerry,Ward,Doctor 41,2023-02-20
P0416,Ronald,Morales,Doctor 49,2023-02-20
P0546,Kenneth,Patel,Doctor 50,2023-02-20
P0655,Justin,Walker,Doctor 45,2023-02-20
P0733,Karen,Castillo,Doctor 32,2023-02-20
P0919,Angela,Thomas,Doctor 9,2023-02-20
P1071,Donna,Howard,Doctor 48,2023-02-20
P1087,Samuel,Patel,Doctor 49,2023-02-20
P1142,Jennifer,Murphy,Doctor 23,2023-02-20
P1250,Anthony,Parker,Doctor 40,2023-02-20
P1381,Justin,Robinson,Doctor 4,2023-02-20
P1510,Barbara,Edwards,Doctor 7,2023-02-20
P1534,Deborah,Flores,Doctor 33,2023-02-20
P0121,Donna,Cooper,Doctor 33,2023-02-21
P0234,Barbara,Nelson,Doctor 11,2023-02-21
P0257,Cynthia,Morris,Doctor 25,2023-02-21
P0410,Aaron,Lee,Doctor 26,2023-02-21
P0515,Susan,Green,Doctor 38,2023-02-21
P0524,Daniel,Kelly,Doctor 31,2023-02-21
P0534,Edward,Davis,Doctor 45,2023-02-21
P0546,Kenneth,Patel,Doctor 50,2023-02-21
P0574,Barbara,Hughes,Doctor 25,2023-02-21
P0689,Virginia,Watson,Doctor 7,2023-02-21
P0690,William,Gomez,Doctor 33,2023-02-21
P0715,Matthew,Anderson,Doctor 11,2023-02-21
P0728,Jessica,Kim,Doctor 5,2023-02-21
P0737,Carol,Walker,Doctor 15,2023-02-21
P0755,Jose,Richardson,Doctor 18,2023-02-21
P0766,Sarah,Morales,Doctor 27,2023-02-21
P0811,Dennis,Flores,Doctor 3,2023-02-21
P0860,Kenneth,Castillo,Doctor 50,2023-02-21
P0964,Robert,Hill,Doctor 7,2023-02-21
P0985,Brenda,Rogers,Doctor 31,2023-02-21
P1068,Sharon,Lewis,Doctor 36,2023-02-21
P1109,Rebecca,Allen,Doctor 29,2023-02-21
P1149,Samuel,Turner,Doctor 44,2023-02-21
P1184,Scott,Moore,Doctor 47,2023-02-21
P1302,Deborah,Morris,Doctor 43,2023-02-21
P1316,John,Castillo,Doctor 46,2023-02-21
P1381,Justin,Robinson,Doctor 26,2023-02-21
P1407,Lisa,Young,Doctor 27,2023-02-21
P0021,Rebecca,Gonzalez,Doctor 14,2023-02-22
P0044,George,Hall,Doctor 37,2023-02-22
P0081,Sandra,Torres,Doctor 7,2023-02-22
P0155,Michelle,Taylor,Doctor 36,2023-02-22
P0218,Scott,Ramos,Doctor 17,2023-02-22
P0474,Jack,Gutierrez,Doctor 37,2023-02-22
P0513,Patrick,Smith,Doctor 4,2023-02-22
P0585,Sarah,Wilson,Doctor 39,2023-02-22
P0740,Frank,Baker,Doctor 41,2023-02-22
P0774,Sarah,Gray,Doctor 32,2023-02-22
P0914,Carol,Morris,Doctor 3,2023-02-22
P1239,Jeffrey,Chavez,Doctor 22,2023-02-22
P1289,James,Allen,Doctor 29,2023-02-22
P1298,Larry,Watson,Doctor 7,2023-02-22
P1400,Brandon,Bennett,Doctor 11,2023-02-22
P1426,Tyler,Perez,Doctor 8,2023-02-22
P1442,Joshua,Thomas,Doctor 26,2023-02-22
P1451,Mary,Peterson,Doctor 9,2023-02-22
P0027,Betty,Allen,Doctor 12,2023-02-23
P0063,Steven,Smith,Doctor 41,2023-02-23
P0207,Justin,Bailey,Doctor 41,2023-02-23
P0316,Helen,Cooper,Doctor 46,2023-02-23
P0360,Jacob,Carter,Doctor 1,2023-02-23
P0407,Joshua,Roberts,Doctor 22,2023-02-23
P0490,Laura,Cox,Doctor 11,2023-02-23
P0496,David,Garcia,Doctor 8,2023-02-23
P0514,Patrick,Watson,Doctor 50,2023-02-23
P0537,Laura,Cruz,Doctor 12,2023-02-23
P0581,Jennifer,Morales,Doctor 15,2023-02-23
P0726,David,Bailey,Doctor 45,2023-02-23
P0848,Timothy,Lopez,Doctor 4,2023-02-23
P0868,Anna,Nelson,Doctor 17,2023-02-23
P0869,Joshua,Chavez,Doctor 14,2023-02-23
P0883,Linda,Myers,Doctor 7,2023-02-23
P0926,Deborah,Collins,Doctor 30,2023-02-23
P0963,Karen,Gray,Doctor 49,2023-02-23
P1133,Kenneth,Reyes,Doctor 29,2023-02-23
P1209,Lisa,Collins,Doctor 23,2023-02-23
P1347,Helen,Smith,Doctor 8,2023-02-23
P1393,George,Kelly,Doctor 49,2023-02-23
P1395,Elizabeth,Robinson,Doctor 7,2023-02-23
P1503,Alexander,Alvarez,Doctor 30,2023-02-23
P0077,Shirley,Torres,Doctor 27,2023-02-24
P0100,Anthony,Martin,Doctor 28,2023-02-24
P0206,Ryan,Howard,Doctor 7,2023-02-24
P0301,Matthew,Myers,Doctor 32,2023-02-24
P0354,Betty,Brooks,Doctor 38,2023-02-24
P0431,Edward,Rogers,Doctor 17,2023-02-24
P0461,Richard,Hernandez,Doctor 39,2023-02-24
P0543,Jonathan,Clark,Doctor 24,2023-02-24
P0611,Sandra,Thompson,Doctor 40,2023-02-24
P0613,Mary,Davis,Doctor 7,2023-02-24
P0657,Sandra,Castillo,Doctor 44,2023-02-24
P0720,Aaron,Chavez,Doctor 16,2023-02-24
P0898,Eric,Peterson,Doctor 3,2023-02-24
P0925,Virginia,Jones,Doctor 17,2023-02-24
P0938,Rebecca,Scott,Doctor 29,2023-02-24
P1038,Kathleen,Phillips,Doctor 2,2023-02-24
P1041,Alexander,Rogers,Doctor 2,2023-02-24
P1144,Timothy,Parker,Doctor 46,2023-02-24
P1291,Kimberly,Reed,Doctor 10,2023-02-24
P1471,Gary,Bennett,Doctor 25,2023-02-24
P1504,Kenneth,Baker,Doctor 28,2023-02-24
P1516,George,Evans,Doctor 12,2023-02-24
P1518,Virginia,Flores,Doctor 26,2023-02-24
P1524,Sharon,Price,Doctor 21,2023-02-24
P0028,Susan,Gomez,Doctor 36,2023-02-25
P0163,Carol,Nguyen,Doctor 24,2023-02-25
P0189,Laura,Ward,Doctor 4,2023-02-25
P0330,Lisa,Murphy,Doctor 17,2023-02-25
P0358,Robert,Taylor,Doctor 27,2023-02-25
P0468,Cynthia,Ramos,Doctor 2,2023-02-25
P0707,Nancy,Parker,Doctor 26,2023-02-25
P0767,Brian,Kelly,Doctor 30,2023-02-25
P0863,Virginia,Rivera,Doctor 20,2023-02-25
P0889,Rebecca,Morales,Doctor 46,2023-02-25
P1361,Dennis,Wood,Doctor 15,2023-02-25
P1400,Brandon,Bennett,Doctor 11,2023-02-25
P1473,Jennifer,Miller,Doctor 32,2023-02-25
P1481,Sandra,Young,Doctor 3,2023-02-25
P1497,Jerry,Morales,Doctor 14,2023-02-25
P1533,Shirley,Parker,Doctor 49,2023-02-25
P0252,Angela,Myers,Doctor 45,2023-02-26
P0340,Donna,Morris,Doctor 7,2023-02-26
P0412,Frank,Peterson,Doctor 21,2023-02-26
P0422,Laura,Gomez,Doctor 34,2023-02-26
P0500,Jennifer,Hall,Doctor 10,2023-02-26
P0577,Joshua,Wright,Doctor 12,2023-02-26
P0593,Kimberly,Miller,Doctor 18,2023-02-26
P0688,Amy,Anderson,Doctor 9,2023-02-26
P0810,Donald,Walker,Doctor 24,2023-02-26
P0889,Rebecca,Morales,Doctor 46,2023-02-26
P1008,Robert,Evans,Doctor 42,2023-02-26
P1015,Richard,Ramos,Doctor 15,2023-02-26
P1217,Angela,Johnson,Doctor 48,2023-02-26
P1338,Jessica,Ramirez,Doctor 49,2023-02-26
P1353,Andrew,Flores,Doctor 31,2023-02-26
P1357,Dennis,Alvarez,Doctor 5,2023-02-26
P1424,Rebecca,Edwards,Doctor 40,2023-02-26
P1465,Jonathan,Roberts,Doctor 11,2023-02-26
P0095,Samuel,Parker,Doctor 28,2023-02-27
P0101,Karen,Richardson,Doctor 2,2023-02-27
P0554,Justin,Myers,Doctor 16,2023-02-27
P0622,Kenneth,Murphy,Doctor 1,2023-02-27
P0667,Barbara,Hernandez,Doctor 42,2023-02-27
P0800,Nancy,Peterson,Doctor 28,2023-02-27
P0831,Joseph,Chavez,Doctor 47,2023-02-27
P0941,Jonathan,Phillips,Doctor 48,2023-02-27
P1018,Helen,Phillips,Doctor 17,2023-02-27
P1122,Donna,Gutierrez,Doctor 22,2023-02-27
P1233,Linda,Sanchez,Doctor 48,2023-02-27
P1235,Gary,Thompson,Doctor 32,2023-02-27
P1244,Jennifer,Hughes,Doctor 3,2023-02-27
P1313,John,Green,Doctor 25,2023-02-27
P1371,Nancy,Adams,Doctor 36,2023-02-27
P1433,Joseph,Mitchell,Doctor 4,2023-02-27
P1459,Linda,Jones,Doctor 44,2023-02-27
P1493,Charles,James,Doctor 37,2023-02-27
P0038,Lisa,Patel,Doctor 30,2023-02-28
P0042,Patricia,King,Doctor 30,2023-02-28
P0077,Shirley,Torres,Doctor 27,2023-02-28
P0114,Joseph,Castillo,Doctor 31,2023-02-28
P0115,Carol,Robinson,Doctor 22,2023-02-28
P0126,Sandra,Ward,Doctor 40,2023-02-28
P0338,Lisa,Gomez,Doctor 41,2023-02-28
P0342,Nancy,Moore,Doctor 27,2023-02-28
P0408,Deborah,Scott,Doctor 31,2023-02-28
P0415,Benjamin,Roberts,Doctor 31,2023-02-28
P0423,Gregory,Moore,Doctor 1,2023-02-28
P0587,Linda,Watson,Doctor 19,2023-02-28
P0698,Deborah,Lewis,Doctor 26,2023-02-28
P0846,Linda,Ruiz,Doctor 36,2023-02-28
P0940,Melissa,Cruz,Doctor 10,2023-02-28
P1004,Barbara,Rogers,Doctor 22,2023-02-28
P1027,Stephen,Lopez,Doctor 24,2023-02-28
P1041,Alexander,Rogers,Doctor 20,2023-02-28
P1222,Laura,Castillo,Doctor 15,2023-02-28
P1227,Michelle,Hughes,Doctor 33,2023-02-28
P1246,Dennis,Cox,Doctor 45,2023-02-28
P1321,Brandon,Hughes,Doctor 15,2023-02-28
P1353,Andrew,Flores,Doctor 31,2023-02-28
P1440,Jacob,Williams,Doctor 6,2023-02-28
P1483,Jason,Davis,Doctor 38,2023-02-28
P1499,Laura,Brown,Doctor 39,2023-02-28
P1533,Shirley,Parker,Doctor 13,2023-02-28
P0022,Dennis,Scott,Doctor 4,2023-03-01
P0123,Larry,Jones,Doctor 18,2023-03-01
P0329,Jeffrey,Kelly,Doctor 5,2023-03-01
P0492,Benjamin,Allen,Doctor 3,2023-03-01
P0602,Rebecca,Taylor,Doctor 33,2023-03-01
P0652,Jacob,Lee,Doctor 5,2023-03-01
P0700,Lisa,Ruiz,Doctor 50,2023-03-01
P0711,Jessica,Roberts,Doctor 30,2023-03-01
P0906,Elizabeth,Kelly,Doctor 46,2023-03-01
P1075,Aaron,Sanders,Doctor 26,2023-03-01
P1088,Andrew,Gray,Doctor 6,2023-03-01
P1129,Donna,Murphy,Doctor 33,2023-03-01
P1432,Jonathan,Murphy,Doctor 26,2023-03-01
P1460,Barbara,King,Doctor 3,2023-03-01
P1537,Kevin,Reed,Doctor 40,2023-03-01
P0078,Anna,Hill,Doctor 14,2023-03-02
P0120,Joseph,James,Doctor 12,2023-03-02
P0164,Jack,Sanchez,Doctor 37,2023-03-02
P0174,Kevin,Richardson,Doctor 12,2023-03-02
P0402,Brenda,Davis,Doctor 38,2023-03-02
P0439,Sharon,Hall,Doctor 2,2023-03-02
P0665,Jose,Reed,Doctor 31,2023-03-02
P0786,Joseph,Lee,Doctor 37,2023-03-02
P0847,Donald,Allen,Doctor 29,2023-03-02
P0880,Donna,Scott,Doctor 7,2023-03-02
P0902,Andrew,Mendoza,Doctor 16,2023-03-02
P0948,Stephen,Allen,Doctor 44,2023-03-02
P1220,David,Diaz,Doctor 19,2023-03-02
P1290,Mark,Williams,Doctor 11,2023-03-02
P1412,Emma,Bailey,Doctor 29,2023-03-02
P1417,Kimberly,Wright,Doctor 34,2023-03-02
P1426,Tyler,Perez,Doctor 8,2023-03-02
P1534,Deborah,Flores,Doctor 33,2023-03-02
P0019,Mary,Miller,Doctor 44,2023-03-03
P0293,Patrick,Turner,Doctor 4,2023-03-03
P0312,Edward,Reed,Doctor 29,2023-03-03
P0331,Jessica,Brooks,Doctor 3,2023-03-03
P0426,Brenda,Morales,Doctor 17,2023-03-03
P0461,Richard,Hernandez,Doctor 39,2023-03-03
P0492,Benjamin,Allen,Doctor 3,2023-03-03
P0498,Frank,Miller,Doctor 13,2023-03-03
P0564,Ruth,Bailey,Doctor 11,2023-03-03
P0565,Justin,Wilson,Doctor 48,2023-03-03
P0630,Jennifer,Ward,Doctor 25,2023-03-03
P0748,Gregory,Lewis,Doctor 26,2023-03-03
P0813,Donna,Baker,Doctor 38,2023-03-03
P0907,Kimberly,Clark,Doctor 50,2023-03-03
P1167,William,Lopez,Doctor 45,2023-03-03
P1172,Patrick,Lewis,Doctor 15,2023-03-03
P1195,Gregory,Patel,Doctor 25,2023-03-03
P1228,Michelle,Morris,Doctor 11,2023-03-03
P1277,Virginia,Robinson,Doctor 25,2023-03-03
P1369,Angela,Chavez,Doctor 45,2023-03-03
P1385,Alexander,Howard,Doctor 24,2023-03-03
P1470,Virginia,Hall,Doctor 9,2023-03-03
P1496,Barbara,Hall,Doctor 41,2023-03-03
P0044,George,Hall,Doctor 37,2023-03-04
P0126,Sandra,Ward,Doctor 40,2023-03-04
P0143,Scott,Rivera,Doctor 36,2023-03-04
P0197,Larry,Lee,Doctor 46,2023-03-04
P0215,Kimberly,Morris,Doctor 12,2023-03-04
P0265,Eric,Nelson,Doctor 23,2023-03-04
P0302,Ruth,Perez,Doctor 37,2023-03-04
P0311,Steven,Diaz,Doctor 33,2023-03-04
P0464,Kimberly,Watson,Doctor 31,2023-03-04
P0518,Patricia,Diaz,Doctor 14,2023-03-04
P0552,Sandra,Miller,Doctor 23,2023-03-04
P0626,Linda,Morgan,Doctor 30,2023-03-04
P0633,Samuel,Allen,Doctor 16,2023-03-04
P0665,Jose,Reed,Doctor 11,2023-03-04
P0707,Nancy,Parker,Doctor 26,2023-03-04
P0774,Sarah,Gray,Doctor 32,2023-03-04
P0782,Kevin,White,Doctor 49,2023-03-04
P0828,Jason,Adams,Doctor 45,2023-03-04
P0916,Ryan,James,Doctor 2,2023-03-04
P0974,Scott,Thomas,Doctor 21,2023-03-04
P1073,Kenneth,Flores,Doctor 24,2023-03-04
P1080,Ryan,Garcia,Doctor 31,2023-03-04
P1097,Eric,Patel,Doctor 40,2023-03-04
P1121,Gary,Green,Doctor 42,2023-03-04
P1181,Richard,Cox,Doctor 11,2023-03-04
P1210,Kimberly,Hill,Doctor 41,2023-03-04
P1213,Justin,Jones,Doctor 20,2023-03-04
P1306,Donald,Alvarez,Doctor 13,2023-03-04
P1485,Betty,Walker,Doctor 17,2023-03-04
P1524,Sharon,Price,Doctor 21,2023-03-04
P1535,Jerry,Gomez,Doctor 30,2023-03-04
P0161,Charles,Allen,Doctor 37,2023-03-05
P0225,Mark,Baker,Doctor 1,2023-03-05
P0257,Cynthia,Morris,Doctor 25,2023-03-05
P0264,Scott,Ward,Doctor 20,2023-03-05
P0462,Michael,Price,Doctor 50,2023-03-05
P0520,Alexander,Rodriguez,Doctor 6,2023-03-05
P0540,Deborah,Morgan,Doctor 34,2023-03-05
P0646,Elizabeth,Rodriguez,Doctor 36,2023-03-05
P0767,Brian,Kelly,Doctor 30,2023-03-05
P0940,Melissa,Cruz,Doctor 10,2023-03-05
P1015,Richard,Ramos,Doctor 15,2023-03-05
P1167,William,Lopez,Doctor 9,2023-03-05
P1519,Cynthia,Miller,Doctor 33,2023-03-05
P1528,Anna,Sanders,Doctor 15,2023-03-05
P0029,Sharon,Wood,Doctor 8,2023-03-06
P0078,Anna,Hill,Doctor 14,2023-03-06
P0082,Joshua,Hughes,Doctor 46,2023-03-06
P0094,David,Rodriguez,Doctor 30,2023-03-06
P0148,Betty,Rodriguez,Doctor 13,2023-03-06
P0192,Gary,Ruiz,Doctor 30,2023-03-06
P0249,Steven,Cooper,Doctor 34,2023-03-06
P0359,Larry,Alvarez,Doctor 11,2023-03-06
P0522,Brandon,Thomas,Doctor 15,2023-03-06
P0691,Richard,Green,Doctor 26,2023-03-06
P0878,Alexander,Martin,Doctor 50,2023-03-06
P1040,Jonathan,Jackson,Doctor 16,2023-03-06
P1064,Brandon,Peterson,Doctor 8,2023-03-06
P1239,Jeffrey,Chavez,Doctor 22,2023-03-06
P1259,Helen,Turner,Doctor 41,2023-03-06
P1345,Nicholas,Cox,Doctor 18,2023-03-06
P1364,Sarah,Campbell,Doctor 49,2023-03-06
P1433,Joseph,Mitchell,Doctor 4,2023-03-06
P1455,Susan,Wright,Doctor 18,2023-03-06
P0003,Sandra,Wright,Doctor 17,2023-03-07
P0255,Susan,Martin,Doctor 9,2023-03-07
P0264,Scott,Ward,Doctor 20,2023-03-07
P0389,Alexander,Martinez,Doctor 15,2023-03-07
P0411,Nicholas,Stewart,Doctor 44,2023-03-07
P0442,Scott,Flores,Doctor 5,2023-03-07
P0499,Jessica,Martinez,Doctor 6,2023-03-07
P0505,David,Patel,Doctor 15,2023-03-07
P0553,Frank,Wood,Doctor 19,2023-03-07
P0574,Barbara,Hughes,Doctor 25,2023-03-07
P0624,Sarah,Hall,Doctor 24,2023-03-07
P0936,Nancy,Garcia,Doctor 12,2023-03-07
P1038,Kathleen,Phillips,Doctor 2,2023-03-07
P1102,Ronald,Lopez,Doctor 14,2023-03-07
P1327,Michelle,Morales,Doctor 44,2023-03-07
P1353,Andrew,Flores,Doctor 31,2023-03-07
P1353,Andrew,Flores,Doctor 12,2023-03-07
P0179,Carol,Williams,Doctor 32,2023-03-08
P0183,Betty,Harris,Doctor 17,2023-03-08
P0212,Michelle,Richardson,Doctor 13,2023-03-08
P0342,Nancy,Moore,Doctor 9,2023-03-08
P0369,Thomas,Torres,Doctor 48,2023-03-08
P0398,Kathleen,Parker,Doctor 16,2023-03-08
P1061,Carol,Kim,Doctor 33,2023-03-08
P1186,Patricia,Lopez,Doctor 25,2023-03-08
P1311,Jessica,Rivera,Doctor 37,2023-03-08
P1363,Helen,White,Doctor 30,2023-03-08
P1412,Emma,Bailey,Doctor 29,2023-03-08
P1508,Sharon,Sanchez,Doctor 30,2023-03-08
P0060,Lisa,Morgan,Doctor 28,2023-03-09
P0142,Ronald,Morgan,Doctor 35,2023-03-09
P0228,Jack,Ortiz,Doctor 33,2023-03-09
P0346,Michelle,James,Doctor 21,2023-03-09
P0454,Patricia,Richardson,Doctor 48,2023-03-09
P0509,Gary,Turner,Doctor 25,2023-03-09
P0613,Mary,Davis,Doctor 7,2023-03-09
P0728,Jessica,Kim,Doctor 5,2023-03-09
P0870,David,Reed,Doctor 9,2023-03-09
P0939,Frank,Evans,Doctor 20,2023-03-09
P1293,Eric,Thompson,Doctor 35,2023-03-09
P1302,Deborah,Morris,Doctor 43,2023-03-09
P1354,Anthony,Rogers,Doctor 33,2023-03-09
P1450,Gregory,Allen,Doctor 33,2023-03-09
P1498,Donna,Jackson,Doctor 15,2023-03-09
P0095,Samuel,Parker,Doctor 23,2023-03-10
P0144,Matthew,Hill,Doctor 27,2023-03-10
P0178,Lisa,Myers,Doctor 45,2023-03-10
P0182,Jessica,Diaz,Doctor 9,2023-03-10
P0244,Jonathan,Reyes,Doctor 27,2023-03-10
P0262,Andrew,Ramos,Doctor 37,2023-03-10
P0321,Sarah,King,Doctor 42,2023-03-10
P0349,Sandra,Mendoza,Doctor 23,2023-03-10
P0382,Gary,Jones,Doctor 7,2023-03-10
P0393,Jacob,Sanders,Doctor 38,2023-03-10
P0469,Karen,Williams,Doctor 42,2023-03-10
P0492,Benjamin,Allen,Doctor 3,2023-03-10
P0498,Frank,Miller,Doctor 13,2023-03-10
P0607,Angela,Price,Doctor 3,2023-03-10
P0652,Jacob,Lee,Doctor 5,2023-03-10
P0740,Frank,Baker,Doctor 41,2023-03-10
P0933,Ruth,Cooper,Doctor 13,2023-03-10
P1050,Shirley,Chavez,Doctor 21,2023-03-10
P1056,Joshua,Smith,Doctor 2,2023-03-10
P1119,Emma,Rogers,Doctor 11,2023-03-10
P1194,Tyler,Morgan,Doctor 48,2023-03-10
P1316,John,Castillo,Doctor 46,2023-03-10
P1472,Steven,Walker,Doctor 45,2023-03-10
P1530,Virginia,Ortiz,Doctor 11,2023-03-10
P0249,Steven,Cooper,Doctor 34,2023-03-11
P0274,Carol,Moore,Doctor 32,2023-03-11
P0441,Sarah,Cruz,Doctor 24,2023-03-11
P0811,Dennis,Flores,Doctor 3,2023-03-11
P0838,Amy,Collins,Doctor 24,2023-03-11
P0890,Helen,Miller,Doctor 48,2023-03-11
P0937,Gregory,Robinson,Doctor 37,2023-03-11
P0949,Sandra,Evans,Doctor 42,2023-03-11
P0953,Ruth,Kelly,Doctor 10,2023-03-11
P1022,Matthew,Lewis,Doctor 5,2023-03-11
P1143,Amy,Kelly,Doctor 43,2023-03-11
P1184,Scott,Moore,Doctor 47,2023-03-11
P1191,Gregory,Sanders,Doctor 28,2023-03-11
P1247,Carol,Campbell,Doctor 34,2023-03-11
P1268,Cynthia,Ward,Doctor 45,2023-03-11
P1327,Michelle,Morales,Doctor 44,2023-03-11
P1433,Joseph,Mitchell,Doctor 4,2023-03-11
P0084,David,Morgan,Doctor 7,2023-03-12
P0169,Jack,Wood,Doctor 11,2023-03-12
P0183,Betty,Harris,Doctor 21,2023-03-12
P0234,Barbara,Nelson,Doctor 11,2023-03-12
P0282,Patricia,Peterson,Doctor 49,2023-03-12
P0361,Kevin,Castillo,Doctor 34,2023-03-12
P0376,Patricia,Ramos,Doctor 16,2023-03-12
P0379,Scott,Nguyen,Doctor 22,2023-03-12
P0380,Nicholas,Flores,Doctor 8,2023-03-12
P0447,Mary,Robinson,Doctor 3,2023-03-12
P0549,Thomas,Martinez,Doctor 23,2023-03-12
P0553,Frank,Wood,Doctor 37,2023-03-12
P0560,Emma,Martin,Doctor 50,2023-03-12
P0601,Andrew,Peterson,Doctor 7,2023-03-12
P0784,John,Cook,Doctor 8,2023-03-12
P0850,Eric,Gonzalez,Doctor 8,2023-03-12
P0900,Lisa,Ortiz,Doctor 43,2023-03-12
P1034,Kenneth,Morgan,Doctor 50,2023-03-12
P1051,Brandon,Ruiz,Doctor 29,2023-03-12
P1380,Matthew,Bennett,Doctor 16,2023-03-12
P0062,Christopher,Allen,Doctor 41,2023-03-13
P0092,Michael,Morales,Doctor 32,2023-03-13
P0094,David,Rodriguez,Doctor 30,2023-03-13
P0499,Jessica,Martinez,Doctor 6,2023-03-13
P0596,John,Roberts,Doctor 34,2023-03-13
P0757,Sharon,Carter,Doctor 42,2023-03-13
P0772,Sandra,Patel,Doctor 50,2023-03-13
P0806,Deborah,Morales,Doctor 47,2023-03-13
P0850,Eric,Gonzalez,Doctor 30,2023-03-13
P0927,Deborah,Torres,Doctor 47,2023-03-13
P0989,Mark,Wright,Doctor 42,2023-03-13
P1072,Jose,Ruiz,Doctor 27,2023-03-13
P1290,Mark,Williams,Doctor 11,2023-03-13
P1331,Charles,Ward,Doctor 18,2023-03-13
P1345,Nicholas,Cox,Doctor 18,2023-03-13
P1391,Barbara,Wright,Doctor 35,2023-03-13
P1522,Betty,Hughes,Doctor 45,2023-03-13
P0005,Jennifer,Clark,Doctor 24,2023-03-14
P0023,Dennis,Campbell,Doctor 18,2023-03-14
P0034,Cynthia,Baker,Doctor 5,2023-03-14
P0515,Susan,Green,Doctor 32,2023-03-14
P0529,Anthony,Phillips,Doctor 23,2023-03-14
P0531,Joshua,Lee,Doctor 4,2023-03-14
P0603,George,Hughes,Doctor 30,2023-03-14
P0611,Sandra,Thompson,Doctor 40,2023-03-14
P0725,Scott,Diaz,Doctor 7,2023-03-14
P0738,Justin,Gonzalez,Doctor 28,2023-03-14
P0751,Ryan,Taylor,Doctor 2,2023-03-14
P0806,Deborah,Morales,Doctor 47,2023-03-14
P0912,Kathleen,Hall,Doctor 28,2023-03-14
P0919,Angela,Thomas,Doctor 9,2023-03-14
P0928,Anthony,Cruz,Doctor 34,2023-03-14
P0965,Barbara,Lopez,Doctor 32,2023-03-14
P1004,Barbara,Rogers,Doctor 22,2023-03-14
P1042,Charles,Thompson,Doctor 50,2023-03-14
P1086,Sandra,Alvarez,Doctor 32,2023-03-14
P1261,Gary,Williams,Doctor 50,2023-03-14
P1309,Barbara,Reyes,Doctor 34,2023-03-14
P1408,Sharon,Baker,Doctor 36,2023-03-14
P1451,Mary,Peterson,Doctor 19,2023-03-14
P1469,Sarah,Ramos,Doctor 4,2023-03-14
P1476,Brandon,Turner,Doctor 50,2023-03-14
P0018,Donna,Ramos,Doctor 15,2023-03-15
P0071,Deborah,Reyes,Doctor 4,2023-03-15
P0125,Frank,Green,Doctor 29,2023-03-15
P0128,Michael,Jones,Doctor 40,2023-03-15
P0133,Donald,Rivera,Doctor 17,2023-03-15
P0184,Benjamin,Peterson,Doctor 42,2023-03-15
P0192,Gary,Ruiz,Doctor 30,2023-03-15
P0244,Jonathan,Reyes,Doctor 27,2023-03-15
P0440,Nancy,Chavez,Doctor 18,2023-03-15
P0547,Sharon,Phillips,Doctor 27,2023-03-15
P0604,Robert,Myers,Doctor 23,2023-03-15
P0655,Justin,Walker,Doctor 45,2023-03-15
P0697,Betty,Williams,Doctor 1,2023-03-15
P0698,Deborah,Lewis,Doctor 19,2023-03-15
P0739,Ruth,Evans,Doctor 16,2023-03-15
P0781,Amy,James,Doctor 28,2023-03-15
P0783,Lisa,White,Doctor 13,2023-03-15
P0794,Jonathan,Moore,Doctor 24,2023-03-15
P0883,Linda,Myers,Doctor 11,2023-03-15
P1178,Dennis,White,Doctor 33,2023-03-15
P1362,Mark,Martin,Doctor 5,2023-03-15
P1421,Brenda,Morgan,Doctor 23,2023-03-15
P1426,Tyler,Perez,Doctor 8,2023-03-15
P1439,Kenneth,Watson,Doctor 43,2023-03-15
P1466,Jack,Parker,Doctor 35,2023-03-15
P0109,Kathleen,Thomas,Doctor 10,2023-03-16
P0307,Ruth,Collins,Doctor 31,2023-03-16
P0309,Sandra,Martinez,Doctor 3,2023-03-16
P0327,Richard,Kim,Doctor 8,2023-03-16
P0417,Sandra,Mitchell,Doctor 34,2023-03-16
P0488,Michelle,Kelly,Doctor 15,2023-03-16
P0582,Alexander,Wood,Doctor 45,2023-03-16
P0653,Nancy,Lopez,Doctor 49,2023-03-16
P0757,Sharon,Carter,Doctor 42,2023-03-16
P0758,Laura,Taylor,Doctor 23,2023-03-16
P0971,Aaron,Kelly,Doctor 14,2023-03-16
P0995,Anna,Nguyen,Doctor 28,2023-03-16
P1014,Lisa,Diaz,Doctor 4,2023-03-16
P1204,Jacob,Young,Doctor 27,2023-03-16
P1368,Helen,Cruz,Doctor 31,2023-03-16
P1425,Melissa,Morales,Doctor 1,2023-03-16
P1436,Ruth,Stewart,Doctor 44,2023-03-16
P1444,Sandra,Smith,Doctor 48,2023-03-16
P1526,Michelle,Gomez,Doctor 8,2023-03-16
P0132,Carol,Hernandez,Doctor 5,2023-03-17
P0283,Rebecca,Thompson,Doctor 36,2023-03-17
P0406,Gregory,Carter,Doctor 39,2023-03-17
P0522,Brandon,Thomas,Doctor 15,2023-03-17
P0642,Sandra,James,Doctor 3,2023-03-17
P0699,Kimberly,Mendoza,Doctor 24,2023-03-17
P0731,Brian,Ramirez,Doctor 9,2023-03-17
P0733,Karen,Castillo,Doctor 15,2023-03-17
P0763,Nancy,King,Doctor 46,2023-03-17
P0799,Sandra,Nguyen,Doctor 36,2023-03-17
P0833,James,Sanchez,Doctor 32,2023-03-17
P0867,Linda,Kelly,Doctor 34,2023-03-17
P1104,Kenneth,Rogers,Doctor 34,2023-03-17
P1176,Mark,Sanchez,Doctor 33,2023-03-17
P1294,Lisa,Castillo,Doctor 18,2023-03-17
P1299,Sharon,Torres,Doctor 10,2023-03-17
P1312,Mary,Patel,Doctor 46,2023-03-17
P1375,Karen,Davis,Doctor 46,2023-03-17
P1421,Brenda,Morgan,Doctor 23,2023-03-17
P1429,Jennifer,Cruz,Doctor 5,2023-03-17
P1461,Sharon,Martinez,Doctor 9,2023-03-17
P0095,Samuel,Parker,Doctor 23,2023-03-18
P0119,Kathleen,Cruz,Doctor 49,2023-03-18
P0293,Patrick,Turner,Doctor 4,2023-03-18
P0372,Patricia,Green,Doctor 11,2023-03-18
P0509,Gary,Turner,Doctor 25,2023-03-18
P0583,Linda,Miller,Doctor 23,2023-03-18
P0584,Cynthia,Sanchez,Doctor 33,2023-03-18
P0818,Angela,Sanchez,Doctor 27,2023-03-18
P0943,Kevin,Gray,Doctor 21,2023-03-18
P1037,Shirley,Wood,Doctor 21,2023-03-18
P1075,Aaron,Sanders,Doctor 26,2023-03-18
P1090,Michelle,Green,Doctor 25,2023-03-18
P1166,Scott,Myers,Doctor 14,2023-03-18
P1253,Brandon,Howard,Doctor 18,2023-03-18
P1274,Deborah,Cox,Doctor 23,2023-03-18
P1398,Steven,Evans,Doctor 7,2023-03-18
P1400,Brandon,Bennett,Doctor 11,2023-03-18
P1414,Anna,Rodriguez,Doctor 29,2023-03-18
P1424,Rebecca,Edwards,Doctor 40,2023-03-18
P1434,Scott,Alvarez,Doctor 9,2023-03-18
P1447,Ryan,Martinez,Doctor 40,2023-03-18
P0026,John,Rogers,Doctor 49,2023-03-19
P0103,Jose,Watson,Doctor 48,2023-03-19
P0120,Joseph,James,Doctor 14,2023-03-19
P0130,Jacob,Gonzalez,Doctor 48,2023-03-19
P0135,Alexander,Perez,Doctor 45,2023-03-19
P0199,Susan,Walker,Doctor 21,2023-03-19
P0214,Anna,Collins,Doctor 15,2023-03-19
P0318,Brian,Hughes,Doctor 27,2023-03-19
P0365,Nicholas,Cruz,Doctor 13,2023-03-19
P0433,Michelle,Price,Doctor 34,2023-03-19
P0484,Michael,Garcia,Doctor 48,2023-03-19
P0542,Kenneth,Garcia,Doctor 3,2023-03-19
P0612,Nancy,Roberts,Doctor 35,2023-03-19
P0827,Jack,Bailey,Doctor 17,2023-03-19
P0888,Barbara,Morales,Doctor 4,2023-03-19
P1048,Kenneth,Rivera,Doctor 26,2023-03-19
P1083,Mark,Howard,Doctor 16,2023-03-19
P1088,Andrew,Gray,Doctor 6,2023-03-19
P1173,Sharon,Mendoza,Doctor 8,2023-03-19
P1179,Jose,Murphy,Doctor 22,2023-03-19
P1230,Jessica,Nelson,Doctor 3,2023-03-19
P1336,Larry,Cruz,Doctor 28,2023-03-19
P1357,Dennis,Alvarez,Doctor 5,2023-03-19
P1375,Karen,Davis,Doctor 46,2023-03-19
P1511,Mark,Phillips,Doctor 25,2023-03-19
P0047,Kevin,Cox,Doctor 20,2023-03-20
P0057,Nicholas,Gomez,Doctor 47,2023-03-20
P0059,Sarah,Adams,Doctor 21,2023-03-20
P0068,Anna,Ortiz,Doctor 4,2023-03-20
P0170,Michael,Campbell,Doctor 42,2023-03-20
P0179,Carol,Williams,Doctor 6,2023-03-20
P0222,Kenneth,Adams,Doctor 45,2023-03-20
P0255,Susan,Martin,Doctor 9,2023-03-20
P0357,Kevin,Martin,Doctor 27,2023-03-20
P0412,Frank,Peterson,Doctor 36,2023-03-20
P0491,Donna,Hernandez,Doctor 20,2023-03-20
P0567,Laura,Jones,Doctor 39,2023-03-20
P0768,Shirley,Richardson,Doctor 9,2023-03-20
P0801,Sarah,Price,Doctor 30,2023-03-20
P0861,Benjamin,Price,Doctor 48,2023-03-20
P0928,Anthony,Cruz,Doctor 32,2023-03-20
P0987,Mary,King,Doctor 28,2023-03-20
P1008,Robert,Evans,Doctor 21,2023-03-20
P1010,Nicholas,Rogers,Doctor 42,2023-03-20
P1041,Alexander,Rogers,Doctor 31,2023-03-20
P1216,Daniel,Young,Doctor 48,2023-03-20
P1296,Nancy,Campbell,Doctor 38,2023-03-20
P1392,Stephen,Rogers,Doctor 39,2023-03-20
P1418,Sandra,Allen,Doctor 17,2023-03-20
P1432,Jonathan,Murphy,Doctor 26,2023-03-20
P1496,Barbara,Hall,Doctor 41,2023-03-20
P1515,Christopher,Gonzalez,Doctor 26,2023-03-20
P0169,Jack,Wood,Doctor 11,2023-03-21
P0272,Cynthia,Sanders,Doctor 37,2023-03-21
P0273,Barbara,Young,Doctor 31,2023-03-21
P0311,Steven,Diaz,Doctor 33,2023-03-21
P0372,Patricia,Green,Doctor 11,2023-03-21
P0424,Dennis,Sanders,Doctor 14,2023-03-21
P0534,Edward,Davis,Doctor 45,2023-03-21
P0643,Sarah,Mitchell,Doctor 45,2023-03-21
P0789,Kimberly,Brown,Doctor 14,2023-03-21
P0842,Lisa,Howard,Doctor 33,2023-03-21
P0957,Jacob,Walker,Doctor 18,2023-03-21
P0981,Dennis,Bennett,Doctor 18,2023-03-21
P1000,Justin,Richardson,Doctor 44,2023-03-21
P1079,Lisa,Carter,Doctor 39,2023-03-21
P1098,Edward,Turner,Doctor 42,2023-03-21
P1104,Kenneth,Rogers,Doctor 34,2023-03-21
P1221,Melissa,Ward,Doctor 5,2023-03-21
P1238,Nicholas,Sanchez,Doctor 6,2023-03-21
P1429,Jennifer,Cruz,Doctor 5,2023-03-21
P1528,Anna,Sanders,Doctor 15,2023-03-21
P0006,Andrew,Young,Doctor 32,2023-03-22
P0014,Jack,Williams,Doctor 16,2023-03-22
P0025,Jack,Chavez,Doctor 7,2023-03-22
P0042,Patricia,King,Doctor 30,2023-03-22
P0103,Jose,Watson,Doctor 48,2023-03-22
P0215,Kimberly,Morris,Doctor 12,2023-03-22
P0242,Deborah,Murphy,Doctor 38,2023-03-22
P0299,Jessica,Harris,Doctor 48,2023-03-22
P0330,Lisa,Murphy,Doctor 17,2023-03-22
P0360,Jacob,Carter,Doctor 1,2023-03-22
P0363,William,White,Doctor 13,2023-03-22
P0433,Michelle,Price,Doctor 34,2023-03-22
P0437,Jessica,Bennett,Doctor 39,2023-03-22
P0438,Daniel,Morgan,Doctor 39,2023-03-22
P0468,Cynthia,Ramos,Doctor 2,2023-03-22
P0641,Charles,Mendoza,Doctor 19,2023-03-22
P0658,Gregory,Ortiz,Doctor 49,2023-03-22
P0901,Emma,Perez,Doctor 34,2023-03-22
P0902,Andrew,Mendoza,Doctor 18,2023-03-22
P1304,Shirley,Campbell,Doctor 34,2023-03-22
P1501,Alexander,Watson,Doctor 23,2023-03-22
P1505,Virginia,Baker,Doctor 18,2023-03-22
P1523,Patricia,Ward,Doctor 29,2023-03-22
P1523,Patricia,Ward,Doctor 29,2023-03-22
P0034,Cynthia,Baker,Doctor 5,2023-03-23
P0041,Patricia,Phillips,Doctor 6,2023-03-23
P0089,Scott,Anderson,Doctor 43,2023-03-23
P0147,Deborah,Ramirez,Doctor 45,2023-03-23
P0226,Anthony,Adams,Doctor 37,2023-03-23
P0328,Frank,Howard,Doctor 20,2023-03-23
P0329,Jeffrey,Kelly,Doctor 5,2023-03-23
P0348,Nancy,Cook,Doctor 18,2023-03-23
P0379,Scott,Nguyen,Doctor 22,2023-03-23
P0409,Shirley,Harris,Doctor 24,2023-03-23
P0503,Samuel,Cooper,Doctor 13,2023-03-23
P0592,Sarah,Hughes,Doctor 17,2023-03-23
P0698,Deborah,Lewis,Doctor 25,2023-03-23
P0872,Nancy,Taylor,Doctor 24,2023-03-23
P0914,Carol,Morris,Doctor 3,2023-03-23
P1050,Shirley,Chavez,Doctor 21,2023-03-23
P1111,Ruth,Brown,Doctor 5,2023-03-23
P1153,Timothy,King,Doctor 17,2023-03-23
P1227,Michelle,Hughes,Doctor 33,2023-03-23
P1338,Jessica,Ramirez,Doctor 49,2023-03-23
P1410,Shirley,Moore,Doctor 34,2023-03-23
P1424,Rebecca,Edwards,Doctor 40,2023-03-23
P1533,Shirley,Parker,Doctor 13,2023-03-23
P0020,George,Wilson,Doctor 15,2023-03-24
P0195,Brian,Wilson,Doctor 31,2023-03-24
P0202,Dorothy,Patel,Doctor 3,2023-03-24
P0258,Dennis,Mendoza,Doctor 2,2023-03-24
P0292,Jerry,King,Doctor 2,2023-03-24
P0298,Karen,Price,Doctor 16,2023-03-24
P0321,Sarah,King,Doctor 42,2023-03-24
P0454,Patricia,Richardson,Doctor 48,2023-03-24
P0473,Jonathan,Howard,Doctor 10,2023-03-24
P0517,Robert,Lee,Doctor 46,2023-03-24
P0525,Michael,Richardson,Doctor 6,2023-03-24
P0548,Ryan,Lopez,Doctor 28,2023-03-24
P0577,Joshua,Wright,Doctor 12,2023-03-24
P0639,James,Bailey,Doctor 50,2023-03-24
P0652,Jacob,Lee,Doctor 5,2023-03-24
P0698,Deborah,Lewis,Doctor 18,2023-03-24
P0972,Deborah,James,Doctor 50,2023-03-24
P1030,Stephen,Murphy,Doctor 26,2023-03-24
P1035,Matthew,Reed,Doctor 50,2023-03-24
P1066,George,Lewis,Doctor 39,2023-03-24
P1121,Gary,Green,Doctor 44,2023-03-24
P1123,Samuel,Morris,Doctor 18,2023-03-24
P1271,Kimberly,Robinson,Doctor 49,2023-03-24
P1325,Jessica,King,Doctor 25,2023-03-24
P1466,Jack,Parker,Doctor 12,2023-03-24
P1477,Jessica,Phillips,Doctor 8,2023-03-24
P1479,Aaron,Howard,Doctor 50,2023-03-24
P1527,Linda,Roberts,Doctor 34,2023-03-24
P0010,Mary,Brooks,Doctor 26,2023-03-25
P0030,Kathleen,Ortiz,Doctor 36,2023-03-25
P0171,Ryan,Hernandez,Doctor 33,2023-03-25
P0206,Ryan,Howard,Doctor 7,2023-03-25
P0240,Sarah,Myers,Doctor 25,2023-03-25
P0262,Andrew,Ramos,Doctor 37,2023-03-25
P0347,Jacob,Murphy,Doctor 47,2023-03-25
P0369,Thomas,Torres,Doctor 36,2023-03-25
P0404,Shirley,Watson,Doctor 45,2023-03-25
P0455,Melissa,Miller,Doctor 47,2023-03-25
P0479,David,Bennett,Doctor 30,2023-03-25
P0480,Anthony,Bennett,Doctor 45,2023-03-25
P0663,Carol,Jackson,Doctor 14,2023-03-25
P0712,Michael,King,Doctor 22,2023-03-25
P0946,Jerry,Smith,Doctor 18,2023-03-25
P1008,Robert,Evans,Doctor 8,2023-03-25
P1110,Laura,Garcia,Doctor 13,2023-03-25
P1430,Sarah,Chavez,Doctor 15,2023-03-25
P1520,Matthew,Taylor,Doctor 13,2023-03-25
P0019,Mary,Miller,Doctor 44,2023-03-26
P0033,Jennifer,Kim,Doctor 44,2023-03-26
P0183,Betty,Harris,Doctor 46,2023-03-26
P0223,Benjamin,Clark,Doctor 17,2023-03-26
P0332,Jeffrey,Gonzalez,Doctor 44,2023-03-26
P0398,Kathleen,Parker,Doctor 16,2023-03-26
P0683,Timothy,Mendoza,Doctor 36,2023-03-26
P0705,Carol,Ward,Doctor 43,2023-03-26
P0726,David,Bailey,Doctor 10,2023-03-26
P0755,Jose,Richardson,Doctor 18,2023-03-26
P0858,Sarah,James,Doctor 23,2023-03-26
P0903,Jessica,Garcia,Doctor 18,2023-03-26
P0922,Dennis,Brooks,Doctor 44,2023-03-26
P0989,Mark,Wright,Doctor 23,2023-03-26
P1024,David,Mendoza,Doctor 7,2023-03-26
P1060,Timothy,Wood,Doctor 16,2023-03-26
P1070,John,Moore,Doctor 36,2023-03-26
P1081,Stephen,Garcia,Doctor 39,2023-03-26
P1139,Ryan,Reyes,Doctor 7,2023-03-26
P1160,Sarah,Smith,Doctor 46,2023-03-26
P1254,Betty,James,Doctor 30,2023-03-26
P1406,Donald,Martin,Doctor 42,2023-03-26
P1414,Anna,Rodriguez,Doctor 29,2023-03-26
P1449,Benjamin,Sanchez,Doctor 39,2023-03-26
P0062,Christopher,Allen,Doctor 41,2023-03-27
P0124,Robert,Garcia,Doctor 18,2023-03-27
P0222,Kenneth,Adams,Doctor 45,2023-03-27
P0312,Edward,Reed,Doctor 29,2023-03-27
P0345,Melissa,Harris,Doctor 7,2023-03-27
P0381,Ruth,Turner,Doctor 37,2023-03-27
P0416,Ronald,Morales,Doctor 16,2023-03-27
P0450,Sarah,Anderson,Doctor 35,2023-03-27
P0487,Brenda,Watson,Doctor 26,2023-03-27
P0589,Sarah,Nguyen,Doctor 48,2023-03-27
P0620,Timothy,Hill,Doctor 9,2023-03-27
P0644,Emma,Smith,Doctor 19,2023-03-27
P0678,Justin,Ruiz,Doctor 45,2023-03-27
P0831,Joseph,Chavez,Doctor 47,2023-03-27
P0988,Lisa,Taylor,Doctor 9,2023-03-27
P1059,Benjamin,Perez,Doctor 22,2023-03-27
P1252,Brenda,Martin,Doctor 42,2023-03-27
P1452,Nancy,Lee,Doctor 7,2023-03-27
P1521,Justin,Harris,Doctor 50,2023-03-27
P0002,Betty,Campbell,Doctor 39,2023-03-28
P0048,Linda,Scott,Doctor 34,2023-03-28
P0374,Christopher,Cox,Doctor 11,2023-03-28
P0443,Anthony,Roberts,Doctor 38,2023-03-28
P0497,Jessica,White,Doctor 48,2023-03-28
P0638,Sarah,Wright,Doctor 19,2023-03-28
P0670,Tyler,Lopez,Doctor 31,2023-03-28
P0698,Deborah,Lewis,Doctor 18,2023-03-28
P0788,Brandon,Myers,Doctor 28,2023-03-28
P0869,Joshua,Chavez,Doctor 14,2023-03-28
P0983,Jessica,Gonzalez,Doctor 50,2023-03-28
P0996,Edward,Kelly,Doctor 19,2023-03-28
P1068,Sharon,Lewis,Doctor 21,2023-03-28
P1246,Dennis,Cox,Doctor 45,2023-03-28
P1309,Barbara,Reyes,Doctor 34,2023-03-28
P1387,Dorothy,Roberts,Doctor 34,2023-03-28
P1500,Brenda,Turner,Doctor 20,2023-03-28
P0059,Sarah,Adams,Doctor 4,2023-03-29
P0217,Raymond,Price,Doctor 24,2023-03-29
P0233,Sarah,Lewis,Doctor 38,2023-03-29
P0333,Kimberly,Howard,Doctor 38,2023-03-29
P0337,John,Ortiz,Doctor 29,2023-03-29
P0450,Sarah,Anderson,Doctor 35,2023-03-29
P0506,Jonathan,Hernandez,Doctor 28,2023-03-29
P0532,Emma,Ruiz,Doctor 49,2023-03-29
P0719,Donald,Ramirez,Doctor 18,2023-03-29
P0742,Linda,Wood,Doctor 13,2023-03-29
P0867,Linda,Kelly,Doctor 34,2023-03-29
P0921,William,Clark,Doctor 28,2023-03-29
P0974,Scott,Thomas,Doctor 21,2023-03-29
P0984,Jeffrey,Brooks,Doctor 47,2023-03-29
P1000,Justin,Richardson,Doctor 44,2023-03-29
P1242,Melissa,Martin,Doctor 1,2023-03-29
P1296,Nancy,Campbell,Doctor 23,2023-03-29
P1379,Michael,Howard,Doctor 2,2023-03-29
P1483,Jason,Davis,Doctor 13,2023-03-29
P0040,Barbara,Kim,Doctor 1,2023-03-30
P0045,Sharon,Ruiz,Doctor 49,2023-03-30
P0214,Anna,Collins,Doctor 15,2023-03-30
P0240,Sarah,Myers,Doctor 25,2023-03-30
P0254,Daniel,Nelson,Doctor 15,2023-03-30
P0444,Charles,Nguyen,Doctor 10,2023-03-30
P0631,Brandon,Moore,Doctor 37,2023-03-30
P0776,Lisa,Reed,Doctor 47,2023-03-30
P0848,Timothy,Lopez,Doctor 4,2023-03-30
P0945,Michelle,Turner,Doctor 41,2023-03-30
P1153,Timothy,King,Doctor 17,2023-03-30
P1310,Richard,Sanders,Doctor 45,2023-03-30
P1338,Jessica,Ramirez,Doctor 49,2023-03-30
P1340,Melissa,Morgan,Doctor 47,2023-03-30
P0034,Cynthia,Baker,Doctor 5,2023-03-31
P0114,Joseph,Castillo,Doctor 31,2023-03-31
P0132,Carol,Hernandez,Doctor 31,2023-03-31
P0162,Michelle,Alvarez,Doctor 3,2023-03-31
P0452,Mark,Lewis,Doctor 6,2023-03-31
P0596,John,Roberts,Doctor 34,2023-03-31
P0622,Kenneth,Murphy,Doctor 1,2023-03-31
P0667,Barbara,Hernandez,Doctor 42,2023-03-31
P0693,Nicholas,Thomas,Doctor 8,2023-03-31
P0852,George,Reed,Doctor 11,2023-03-31
P0955,Ryan,Parker,Doctor 48,2023-03-31
P0990,Virginia,Rodriguez,Doctor 45,2023-03-31
P1038,Kathleen,Phillips,Doctor 2,2023-03-31
P1043,Sarah,Thomas,Doctor 14,2023-03-31
P1109,Rebecca,Allen,Doctor 29,2023-03-31
P1136,Nancy,Reed,Doctor 42,2023-03-31
P1226,Brandon,Clark,Doctor 6,2023-03-31
P1257,Kenneth,White,Doctor 21,2023-03-31
P1285,Samuel,Bailey,Doctor 14,2023-03-31
P1355,Scott,Cook,Doctor 13,2023-03-31
P1497,Jerry,Morales,Doctor 14,2023-03-31
P0009,Carol,Turner,Doctor 20,2023-04-01
P0065,Mark,Nelson,Doctor 19,2023-04-01
P0090,Stephen,Nelson,Doctor 15,2023-04-01
P0094,David,Rodriguez,Doctor 30,2023-04-01
P0109,Kathleen,Thomas,Doctor 10,2023-04-01
P0152,Donna,Gray,Doctor 49,2023-04-01
P0385,Sandra,Hernandez,Doctor 30,2023-04-01
P0416,Ronald,Morales,Doctor 16,2023-04-01
P0428,Kimberly,Anderson,Doctor 29,2023-04-01
P0434,Michelle,Ward,Doctor 18,2023-04-01
P0592,Sarah,Hughes,Doctor 17,2023-04-01
P0625,Robert,Allen,Doctor 45,2023-04-01
P0713,Larry,Lopez,Doctor 28,2023-04-01
P0942,Karen,Green,Doctor 30,2023-04-01
P0959,Deborah,Ortiz,Doctor 48,2023-04-01
P1082,Gary,Richardson,Doctor 35,2023-04-01
P1173,Sharon,Mendoza,Doctor 8,2023-04-01
P1197,Joseph,Phillips,Doctor 44,2023-04-01
P1323,Sandra,Hall,Doctor 46,2023-04-01
P1419,Charles,Stewart,Doctor 10,2023-04-01
P1449,Benjamin,Sanchez,Doctor 39,2023-04-01
P1466,Jack,Parker,Doctor 12,2023-04-01
P1485,Betty,Walker,Doctor 17,2023-04-01
P0021,Rebecca,Gonzalez,Doctor 14,2023-04-02
P0207,Justin,Bailey,Doctor 41,2023-04-02
P0291,Justin,Stewart,Doctor 20,2023-04-02
P0295,Jason,Jackson,Doctor 7,2023-04-02
P0369,Thomas,Torres,Doctor 31,2023-04-02
P0492,Benjamin,Allen,Doctor 3,2023-04-02
P0509,Gary,Turner,Doctor 10,2023-04-02
P0538,Barbara,Peterson,Doctor 33,2023-04-02
P0565,Justin,Wilson,Doctor 36,2023-04-02
P0604,Robert,Myers,Doctor 23,2023-04-02
P0741,Elizabeth,Chavez,Doctor 4,2023-04-02
P0743,Jacob,Ward,Doctor 17,2023-04-02
P0895,Angela,Rogers,Doctor 4,2023-04-02
P0912,Kathleen,Hall,Doctor 28,2023-04-02
P0926,Deborah,Collins,Doctor 30,2023-04-02
P1077,William,Morgan,Doctor 29,2023-04-02
P1093,Anthony,Evans,Doctor 22,2023-04-02
P1103,Stephen,Walker,Doctor 43,2023-04-02
P1163,Betty,Gomez,Doctor 12,2023-04-02
P1275,Joseph,Diaz,Doctor 20,2023-04-02
P1384,Cynthia,Campbell,Doctor 50,2023-04-02
P1428,Kenneth,Morris,Doctor 29,2023-04-02
P1529,Laura,Rivera,Doctor 18,2023-04-02
P0131,Jeffrey,Sanchez,Doctor 8,2023-04-03
P0491,Donna,Hernandez,Doctor 20,2023-04-03
P0705,Carol,Ward,Doctor 43,2023-04-03
P0767,Brian,Kelly,Doctor 30,2023-04-03
P0768,Shirley,Richardson,Doctor 9,2023-04-03
P0922,Dennis,Brooks,Doctor 44,2023-04-03
P1071,Donna,Howard,Doctor 48,2023-04-03
P1227,Michelle,Hughes,Doctor 33,2023-04-03
P1289,James,Allen,Doctor 29,2023-04-03
P0026,John,Rogers,Doctor 49,2023-04-04
P0092,Michael,Morales,Doctor 32,2023-04-04
P0253,Samuel,Torres,Doctor 24,2023-04-04
P0282,Patricia,Peterson,Doctor 49,2023-04-04
P0285,Rebecca,Martin,Doctor 8,2023-04-04
P0329,Jeffrey,Kelly,Doctor 36,2023-04-04
P0490,Laura,Cox,Doctor 11,2023-04-04
P0635,Donna,Mendoza,Doctor 45,2023-04-04
P0636,Linda,Hernandez,Doctor 5,2023-04-04
P0721,Helen,Young,Doctor 22,2023-04-04
P0791,Michael,Gray,Doctor 33,2023-04-04
P0954,James,Baker,Doctor 44,2023-04-04
P1026,Larry,Taylor,Doctor 13,2023-04-04
P1031,Melissa,Jones,Doctor 2,2023-04-04
P1059,Benjamin,Perez,Doctor 37,2023-04-04
P1068,Sharon,Lewis,Doctor 21,2023-04-04
P1216,Daniel,Young,Doctor 48,2023-04-04
P1250,Anthony,Parker,Doctor 40,2023-04-04
P1259,Helen,Turner,Doctor 41,2023-04-04
P1294,Lisa,Castillo,Doctor 18,2023-04-04
P1352,Scott,Roberts,Doctor 22,2023-04-04
P1358,Sarah,Thompson,Doctor 37,2023-04-04
P1391,Barbara,Wright,Doctor 35,2023-04-04
P1425,Melissa,Morales,Doctor 27,2023-04-04
P1427,Deborah,Bennett,Doctor 44,2023-04-04
P1468,Linda,Edwards,Doctor 44,2023-04-04
P1511,Mark,Phillips,Doctor 25,2023-04-04
P1535,Jerry,Gomez,Doctor 30,2023-04-04
P0023,Dennis,Campbell,Doctor 18,2023-04-05
P0055,Daniel,Ramos,Doctor 37,2023-04-05
P0108,William,Lewis,Doctor 14,2023-04-05
P0259,Anna,Adams,Doctor 42,2023-04-05
P0310,Michael,Brown,Doctor 30,2023-04-05
P0326,Anthony,Ruiz,Doctor 44,2023-04-05
P0330,Lisa,Murphy,Doctor 23,2023-04-05
P0358,Robert,Taylor,Doctor 27,2023-04-05
P0426,Brenda,Morales,Doctor 17,2023-04-05
P0443,Anthony,Roberts,Doctor 32,2023-04-05
P0448,Helen,Moore,Doctor 36,2023-04-05
P0468,Cynthia,Ramos,Doctor 2,2023-04-05
P0476,Sandra,Chavez,Doctor 6,2023-04-05
P0488,Michelle,Kelly,Doctor 42,2023-04-05
P0560,Emma,Martin,Doctor 50,2023-04-05
P0741,Elizabeth,Chavez,Doctor 4,2023-04-05
P0835,Mark,Nguyen,Doctor 28,2023-04-05
P0865,Tyler,Baker,Doctor 23,2023-04-05
P1145,Mary,Scott,Doctor 39,2023-04-05
P1357,Dennis,Alvarez,Doctor 5,2023-04-05
P1378,Joseph,Rogers,Doctor 38,2023-04-05
P1429,Jennifer,Cruz,Doctor 5,2023-04-05
P1493,Charles,James,Doctor 37,2023-04-05
P0051,Anthony,Brown,Doctor 19,2023-04-06
P0157,Dorothy,Young,Doctor 30,2023-04-06
P0214,Anna,Collins,Doctor 15,2023-04-06
P0327,Richard,Kim,Doctor 44,2023-04-06
P0341,Joseph,Martinez,Doctor 12,2023-04-06
P0344,Jason,Morris,Doctor 2,2023-04-06
P0386,Carol,Allen,Doctor 48,2023-04-06
P0485,Emma,Thompson,Doctor 45,2023-04-06
P0520,Alexander,Rodriguez,Doctor 6,2023-04-06
P0539,Frank,Brooks,Doctor 30,2023-04-06
P0560,Emma,Martin,Doctor 50,2023-04-06
P0621,Frank,Clark,Doctor 11,2023-04-06
P0688,Amy,Anderson,Doctor 9,2023-04-06
P0815,Jessica,Robinson,Doctor 18,2023-04-06
P0841,Nancy,Hall,Doctor 39,2023-04-06
P0888,Barbara,Morales,Doctor 39,2023-04-06
P0902,Andrew,Mendoza,Doctor 18,2023-04-06
P0947,Linda,Gomez,Doctor 46,2023-04-06
P0948,Stephen,Allen,Doctor 44,2023-04-06
P0955,Ryan,Parker,Doctor 48,2023-04-06
P1005,Shirley,Hernandez,Doctor 3,2023-04-06
P1147,Edward,Watson,Doctor 3,2023-04-06
P1258,Gary,Brooks,Doctor 27,2023-04-06
P1276,Nicholas,Perez,Doctor 37,2023-04-06
P1381,Justin,Robinson,Doctor 26,2023-04-06
P1431,David,Reyes,Doctor 14,2023-04-06
P1528,Anna,Sanders,Doctor 15,2023-04-06
P0023,Dennis,Campbell,Doctor 35,2023-04-07
P0128,Michael,Jones,Doctor 24,2023-04-07
P0149,Frank,King,Doctor 29,2023-04-07
P0149,Frank,King,Doctor 29,2023-04-07
P0306,Anna,Carter,Doctor 23,2023-04-07
P0360,Jacob,Carter,Doctor 1,2023-04-07
P0457,Deborah,King,Doctor 11,2023-04-07
P0574,Barbara,Hughes,Doctor 36,2023-04-07
P0606,Andrew,Walker,Doctor 47,2023-04-07
P0715,Matthew,Anderson,Doctor 11,2023-04-07
P0783,Lisa,White,Doctor 16,2023-04-07
P0827,Jack,Bailey,Doctor 17,2023-04-07
P0842,Lisa,Howard,Doctor 36,2023-04-07
P0909,Deborah,Campbell,Doctor 40,2023-04-07
P0910,Emma,Garcia,Doctor 10,2023-04-07
P1043,Sarah,Thomas,Doctor 14,2023-04-07
P1070,John,Moore,Doctor 36,2023-04-07
P1147,Edward,Watson,Doctor 3,2023-04-07
P1156,Tyler,Smith,Doctor 15,2023-04-07
P1194,Tyler,Morgan,Doctor 25,2023-04-07
P1198,Deborah,Wilson,Doctor 35,2023-04-07
P1221,Melissa,Ward,Doctor 5,2023-04-07
P1302,Deborah,Morris,Doctor 43,2023-04-07
P1303,Melissa,Lewis,Doctor 39,2023-04-07
P1362,Mark,Martin,Doctor 5,2023-04-07
P0046,Mary,Thomas,Doctor 11,2023-04-08
P0161,Charles,Allen,Doctor 37,2023-04-08
P0196,Kevin,Ramirez,Doctor 19,2023-04-08
P0384,Benjamin,Bailey,Doctor 48,2023-04-08
P0432,Helen,Gutierrez,Doctor 20,2023-04-08
P0517,Robert,Lee,Doctor 46,2023-04-08
P0532,Emma,Ruiz,Doctor 49,2023-04-08
P0566,Charles,Lopez,Doctor 41,2023-04-08
P0628,Susan,Garcia,Doctor 47,2023-04-08
P0887,Karen,Lewis,Doctor 33,2023-04-08
P1039,Edward,Hall,Doctor 3,2023-04-08
P1107,Matthew,Baker,Doctor 22,2023-04-08
P1125,Helen,Collins,Doctor 41,2023-04-08
P1319,James,Thomas,Doctor 21,2023-04-08
P1469,Sarah,Ramos,Doctor 4,2023-04-08
P1527,Linda,Roberts,Doctor 34,2023-04-08
P0021,Rebecca,Gonzalez,Doctor 14,2023-04-09
P0158,Deborah,Carter,Doctor 1,2023-04-09
P0221,Kimberly,Roberts,Doctor 13,2023-04-09
P0245,Jacob,Ramirez,Doctor 30,2023-04-09
P0289,Ronald,Miller,Doctor 6,2023-04-09
P0377,Brandon,Jackson,Doctor 34,2023-04-09
P0454,Patricia,Richardson,Doctor 33,2023-04-09
P0482,Dennis,Ruiz,Doctor 28,2023-04-09
P0593,Kimberly,Miller,Doctor 18,2023-04-09
P0618,Jerry,Perez,Doctor 27,2023-04-09
P0673,Jessica,Clark,Doctor 32,2023-04-09
P0674,Jennifer,Ramos,Doctor 16,2023-04-09
P0681,John,Harris,Doctor 33,2023-04-09
P0686,Scott,Richardson,Doctor 12,2023-04-09
P0762,James,Evans,Doctor 44,2023-04-09
P0774,Sarah,Gray,Doctor 32,2023-04-09
P0804,Lisa,Cox,Doctor 10,2023-04-09
P0823,Amy,Thomas,Doctor 14,2023-04-09
P0862,Jason,Castillo,Doctor 13,2023-04-09
P0904,Stephen,Green,Doctor 13,2023-04-09
P0919,Angela,Thomas,Doctor 9,2023-04-09
P0930,Richard,Murphy,Doctor 40,2023-04-09
P1045,Matthew,Thompson,Doctor 45,2023-04-09
P1108,Dennis,Gutierrez,Doctor 19,2023-04-09
P1196,Gary,Kim,Doctor 15,2023-04-09
P1250,Anthony,Parker,Doctor 40,2023-04-09
P1353,Andrew,Flores,Doctor 4,2023-04-09
P1364,Sarah,Campbell,Doctor 27,2023-04-09
P1385,Alexander,Howard,Doctor 24,2023-04-09
P1494,Jonathan,Rivera,Doctor 38,2023-04-09
P0010,Mary,Brooks,Doctor 26,2023-04-10
P0032,Robert,Murphy,Doctor 11,2023-04-10
P0036,Shirley,Adams,Doctor 49,2023-04-10
P0060,Lisa,Morgan,Doctor 28,2023-04-10
P0083,Rebecca,Gomez,Doctor 15,2023-04-10
P0119,Kathleen,Cruz,Doctor 4,2023-04-10
P0186,Patrick,Anderson,Doctor 40,2023-04-10
P0219,Sharon,Thomas,Doctor 31,2023-04-10
P0227,Virginia,Ruiz,Doctor 37,2023-04-10
P0372,Patricia,Green,Doctor 11,2023-04-10
P0408,Deborah,Scott,Doctor 31,2023-04-10
P0487,Brenda,Watson,Doctor 13,2023-04-10
P0537,Laura,Cruz,Doctor 16,2023-04-10
P0560,Emma,Martin,Doctor 50,2023-04-10
P0682,Andrew,Ramirez,Doctor 11,2023-04-10
P0721,Helen,Young,Doctor 11,2023-04-10
P0803,Robert,Wright,Doctor 20,2023-04-10
P0817,Laura,Ramos,Doctor 19,2023-04-10
P0835,Mark,Nguyen,Doctor 28,2023-04-10
P0871,Matthew,Sanchez,Doctor 24,2023-04-10
P0935,Sharon,James,Doctor 29,2023-04-10
P0947,Linda,Gomez,Doctor 46,2023-04-10
P0971,Aaron,Kelly,Doctor 14,2023-04-10
P0984,Jeffrey,Brooks,Doctor 47,2023-04-10
P1036,Lisa,Clark,Doctor 33,2023-04-10
P1203,Matthew,White,Doctor 18,2023-04-10
P1232,Rebecca,Campbell,Doctor 36,2023-04-10
P1502,Laura,Scott,Doctor 44,2023-04-10
P1515,Christopher,Gonzalez,Doctor 11,2023-04-10
P0002,Betty,Campbell,Doctor 39,2023-04-11
P0014,Jack,Williams,Doctor 16,2023-04-11
P0144,Matthew,Hill,Doctor 34,2023-04-11
P0325,Steven,Gutierrez,Doctor 3,2023-04-11
P0369,Thomas,Torres,Doctor 13,2023-04-11
P0492,Benjamin,Allen,Doctor 3,2023-04-11
P0505,David,Patel,Doctor 15,2023-04-11
P0619,Jonathan,Walker,Doctor 19,2023-04-11
P0669,Mary,Reed,Doctor 3,2023-04-11
P0749,James,Stewart,Doctor 12,2023-04-11
P0872,Nancy,Taylor,Doctor 24,2023-04-11
P0927,Deborah,Torres,Doctor 22,2023-04-11
P1148,Sarah,Taylor,Doctor 5,2023-04-11
P1206,Sharon,Jackson,Doctor 21,2023-04-11
P1211,Betty,Garcia,Doctor 5,2023-04-11
P1308,Dennis,Young,Doctor 10,2023-04-11
P1319,James,Thomas,Doctor 21,2023-04-11
P1326,Emma,Hernandez,Doctor 49,2023-04-11
P1437,Frank,Mendoza,Doctor 50,2023-04-11
P1438,Scott,Evans,Doctor 22,2023-04-11
P0030,Kathleen,Ortiz,Doctor 36,2023-04-12
P0087,Rebecca,Gray,Doctor 50,2023-04-12
P0174,Kevin,Richardson,Doctor 12,2023-04-12
P0183,Betty,Harris,Doctor 45,2023-04-12
P0208,Michael,Perez,Doctor 40,2023-04-12
P0437,Jessica,Bennett,Doctor 39,2023-04-12
P0516,Ryan,Cruz,Doctor 5,2023-04-12
P0560,Emma,Martin,Doctor 50,2023-04-12
P0622,Kenneth,Murphy,Doctor 1,2023-04-12
P0630,Jennifer,Ward,Doctor 25,2023-04-12
P0830,Dennis,Morales,Doctor 25,2023-04-12
P0920,Elizabeth,Moore,Doctor 2,2023-04-12
P0998,Jeffrey,Walker,Doctor 40,2023-04-12
P1020,Sharon,Diaz,Doctor 25,2023-04-12
P1038,Kathleen,Phillips,Doctor 2,2023-04-12
P1364,Sarah,Campbell,Doctor 27,2023-04-12
P1426,Tyler,Perez,Doctor 8,2023-04-12
P1494,Jonathan,Rivera,Doctor 38,2023-04-12
P0036,Shirley,Adams,Doctor 49,2023-04-13
P0049,Michelle,Lewis,Doctor 32,2023-04-13
P0058,Christopher,Brooks,Doctor 50,2023-04-13
P0071,Deborah,Reyes,Doctor 4,2023-04-13
P0193,Aaron,Taylor,Doctor 21,2023-04-13
P0341,Joseph,Martinez,Doctor 12,2023-04-13
P0380,Nicholas,Flores,Doctor 8,2023-04-13
P0472,Gary,Cruz,Doctor 2,2023-04-13
P0745,Larry,Edwards,Doctor 19,2023-04-13
P0753,David,James,Doctor 19,2023-04-13
P0884,Melissa,Scott,Doctor 37,2023-04-13
P1003,Michelle,Thompson,Doctor 37,2023-04-13
P1196,Gary,Kim,Doctor 15,2023-04-13
P1222,Laura,Castillo,Doctor 15,2023-04-13
P1287,Helen,Green,Doctor 22,2023-04-13
P1319,James,Thomas,Doctor 21,2023-04-13
P1338,Jessica,Ramirez,Doctor 49,2023-04-13
P1418,Sandra,Allen,Doctor 4,2023-04-13
P1443,Dorothy,Wright,Doctor 20,2023-04-13
P1488,Cynthia,Castillo,Doctor 50,2023-04-13
P0140,Patrick,Allen,Doctor 28,2023-04-14
P0177,Kevin,Campbell,Doctor 43,2023-04-14
P0212,Michelle,Richardson,Doctor 13,2023-04-14
P0382,Gary,Jones,Doctor 7,2023-04-14
P0388,Edward,Johnson,Doctor 42,2023-04-14
P0696,Helen,Richardson,Doctor 40,2023-04-14
P0704,Amy,Young,Doctor 14,2023-04-14
P1223,Samuel,King,Doctor 4,2023-04-14
P1297,Lisa,Johnson,Doctor 44,2023-04-14
P1423,Benjamin,Castillo,Doctor 35,2023-04-14
P0273,Barbara,Young,Doctor 31,2023-04-15
P0282,Patricia,Peterson,Doctor 49,2023-04-15
P0299,Jessica,Harris,Doctor 48,2023-04-15
P0312,Edward,Reed,Doctor 29,2023-04-15
P0316,Helen,Cooper,Doctor 46,2023-04-15
P0453,Emma,Reed,Doctor 28,2023-04-15
P0672,Nancy,Howard,Doctor 32,2023-04-15
P0767,Brian,Kelly,Doctor 30,2023-04-15
P0879,John,Turner,Doctor 19,2023-04-15
P0942,Karen,Green,Doctor 30,2023-04-15
P1043,Sarah,Thomas,Doctor 14,2023-04-15
P1166,Scott,Myers,Doctor 14,2023-04-15
P1229,Deborah,Kim,Doctor 8,2023-04-15
P1333,Kathleen,Flores,Doctor 30,2023-04-15
P1370,Ruth,Clark,Doctor 24,2023-04-15
P1486,Jerry,Lewis,Doctor 24,2023-04-15
P0131,Jeffrey,Sanchez,Doctor 8,2023-04-16
P0205,Elizabeth,Kim,Doctor 16,2023-04-16
P0208,Michael,Perez,Doctor 40,2023-04-16
P0239,Shirley,Reyes,Doctor 19,2023-04-16
P0272,Cynthia,Sanders,Doctor 37,2023-04-16
P0294,Dorothy,Hernandez,Doctor 28,2023-04-16
P0304,Karen,Roberts,Doctor 1,2023-04-16
P0334,Steven,Kelly,Doctor 42,2023-04-16
P0378,Michael,Jackson,Doctor 39,2023-04-16
P0393,Jacob,Sanders,Doctor 38,2023-04-16
P0489,Patrick,Gomez,Doctor 48,2023-04-16
P0521,Jeffrey,Myers,Doctor 43,2023-04-16
P0643,Sarah,Mitchell,Doctor 45,2023-04-16
P0794,Jonathan,Moore,Doctor 24,2023-04-16
P0970,Daniel,Jones,Doctor 27,2023-04-16
P0990,Virginia,Rodriguez,Doctor 45,2023-04-16
P1061,Carol,Kim,Doctor 33,2023-04-16
P1215,Jose,Cooper,Doctor 23,2023-04-16
P1222,Laura,Castillo,Doctor 48,2023-04-16
P1304,Shirley,Campbell,Doctor 26,2023-04-16
P1330,Laura,Hughes,Doctor 24,2023-04-16
P0023,Dennis,Campbell,Doctor 35,2023-04-17
P0035,Kevin,Stewart,Doctor 22,2023-04-17
P0071,Deborah,Reyes,Doctor 4,2023-04-17
P0161,Charles,Allen,Doctor 35,2023-04-17
P0272,Cynthia,Sanders,Doctor 37,2023-04-17
P0308,Emma,Castillo,Doctor 46,2023-04-17
P0450,Sarah,Anderson,Doctor 35,2023-04-17
P0486,Nancy,Hernandez,Doctor 15,2023-04-17
P0491,Donna,Hernandez,Doctor 20,2023-04-17
P0608,Michael,Ramos,Doctor 36,2023-04-17
P0678,Justin,Ruiz,Doctor 45,2023-04-17
P0762,James,Evans,Doctor 44,2023-04-17
P0969,Cynthia,Green,Doctor 19,2023-04-17
P0969,Cynthia,Green,Doctor 19,2023-04-17
P1011,Gary,Morales,Doctor 25,2023-04-17
P1020,Sharon,Diaz,Doctor 25,2023-04-17
P1193,Charles,Jones,Doctor 43,2023-04-17
P1210,Kimberly,Hill,Doctor 41,2023-04-17
P1212,Sandra,Sanchez,Doctor 17,2023-04-17
P1227,Michelle,Hughes,Doctor 33,2023-04-17
P1229,Deborah,Kim,Doctor 8,2023-04-17
P1312,Mary,Patel,Doctor 46,2023-04-17
P1470,Virginia,Hall,Doctor 9,2023-04-17
P0006,Andrew,Young,Doctor 32,2023-04-18
P0119,Kathleen,Cruz,Doctor 4,2023-04-18
P0123,Larry,Jones,Doctor 18,2023-04-18
P0146,Sarah,Gonzalez,Doctor 22,2023-04-18
P0201,Ronald,Bailey,Doctor 40,2023-04-18
P0227,Virginia,Ruiz,Doctor 37,2023-04-18
P0475,Patricia,Ramirez,Doctor 35,2023-04-18
P0552,Sandra,Miller,Doctor 23,2023-04-18
P0585,Sarah,Wilson,Doctor 39,2023-04-18
P0661,Jeffrey,Hughes,Doctor 7,2023-04-18
P0668,James,Myers,Doctor 38,2023-04-18
P1266,Shirley,Cook,Doctor 50,2023-04-18
P1321,Brandon,Hughes,Doctor 15,2023-04-18
P1333,Kathleen,Flores,Doctor 30,2023-04-18
P1340,Melissa,Morgan,Doctor 22,2023-04-18
P1350,Aaron,Bailey,Doctor 45,2023-04-18
P1365,Donald,Morris,Doctor 2,2023-04-18
P1428,Kenneth,Morris,Doctor 29,2023-04-18
P0125,Frank,Green,Doctor 29,2023-04-19
P0253,Samuel,Torres,Doctor 9,2023-04-19
P0399,Andrew,Morales,Doctor 23,2023-04-19
P0533,Benjamin,Torres,Doctor 25,2023-04-19
P0533,Benjamin,Torres,Doctor 25,2023-04-19
P0696,Helen,Richardson,Doctor 40,2023-04-19
P0749,James,Stewart,Doctor 12,2023-04-19
P0816,Barbara,Adams,Doctor 27,2023-04-19
P0816,Barbara,Adams,Doctor 27,2023-04-19
P0875,Laura,Baker,Doctor 28,2023-04-19
P0884,Melissa,Scott,Doctor 37,2023-04-19
P0918,James,Morris,Doctor 15,2023-04-19
P1001,Eric,Morales,Doctor 8,2023-04-19
P1007,Elizabeth,Morgan,Doctor 9,2023-04-19
P1142,Jennifer,Murphy,Doctor 7,2023-04-19
P1166,Scott,Myers,Doctor 14,2023-04-19
P1233,Linda,Sanchez,Doctor 48,2023-04-19
P1284,Dorothy,Morris,Doctor 34,2023-04-19
P1301,Sandra,Rivera,Doctor 43,2023-04-19
P1388,Ronald,Ramos,Doctor 30,2023-04-19
P1393,George,Kelly,Doctor 13,2023-04-19
P1465,Jonathan,Roberts,Doctor 46,2023-04-19
P0024,Gary,Hill,Doctor 18,2023-04-20
P0028,Susan,Gomez,Doctor 28,2023-04-20
P0073,Joseph,Green,Doctor 42,2023-04-20
P0086,Patricia,Torres,Doctor 46,2023-04-20
P0165,Laura,Rodriguez,Doctor 15,2023-04-20
P0260,Laura,Gray,Doctor 15,2023-04-20
P0310,Michael,Brown,Doctor 8,2023-04-20
P0401,Gregory,Hill,Doctor 7,2023-04-20
P0412,Frank,Peterson,Doctor 36,2023-04-20
P0489,Patrick,Gomez,Doctor 48,2023-04-20
P0708,Patricia,Brooks,Doctor 30,2023-04-20
P0803,Robert,Wright,Doctor 38,2023-04-20
P0908,Timothy,Brown,Doctor 39,2023-04-20
P1049,Dennis,Hall,Doctor 13,2023-04-20
P1081,Stephen,Garcia,Doctor 39,2023-04-20
P1089,Helen,Stewart,Doctor 21,2023-04-20
P1104,Kenneth,Rogers,Doctor 7,2023-04-20
P1223,Samuel,King,Doctor 4,2023-04-20
P1414,Anna,Rodriguez,Doctor 29,2023-04-20
P1521,Justin,Harris,Doctor 50,2023-04-20
P1535,Jerry,Gomez,Doctor 30,2023-04-20
P0066,Matthew,Clark,Doctor 28,2023-04-21
P0156,Timothy,Allen,Doctor 36,2023-04-21
P0222,Kenneth,Adams,Doctor 45,2023-04-21
P0547,Sharon,Phillips,Doctor 31,2023-04-21
P0551,Jonathan,Gomez,Doctor 41,2023-04-21
P0992,Sandra,Howard,Doctor 2,2023-04-21
P1072,Jose,Ruiz,Doctor 16,2023-04-21
P1193,Charles,Jones,Doctor 43,2023-04-21
P1263,Lisa,Mendoza,Doctor 6,2023-04-21
P1268,Cynthia,Ward,Doctor 45,2023-04-21
P1282,Shirley,Jackson,Doctor 11,2023-04-21
P1401,Scott,Kelly,Doctor 39,2023-04-21
P1441,Betty,Martin,Doctor 49,2023-04-21
P1487,Samuel,Moore,Doctor 49,2023-04-21
P1520,Matthew,Taylor,Doctor 13,2023-04-21
P1522,Betty,Hughes,Doctor 45,2023-04-21
P0043,Patrick,Wilson,Doctor 37,2023-04-22
P0071,Deborah,Reyes,Doctor 42,2023-04-22
P0508,Kimberly,Hughes,Doctor 35,2023-04-22
P0669,Mary,Reed,Doctor 3,2023-04-22
P0807,Sharon,Flores,Doctor 17,2023-04-22
P0820,Sharon,Miller,Doctor 4,2023-04-22
P1053,Christopher,Torres,Doctor 49,2023-04-22
P1131,Scott,Lewis,Doctor 9,2023-04-22
P1175,Sharon,Hill,Doctor 48,2023-04-22
P1295,John,Gutierrez,Doctor 23,2023-04-22
P1323,Sandra,Hall,Doctor 46,2023-04-22
P1480,Kimberly,Bennett,Doctor 8,2023-04-22
P0005,Jennifer,Clark,Doctor 39,2023-04-23
P0057,Nicholas,Gomez,Doctor 47,2023-04-23
P0063,Steven,Smith,Doctor 41,2023-04-23
P0088,Robert,Howard,Doctor 38,2023-04-23
P0093,Christopher,Robinson,Doctor 41,2023-04-23
P0104,Brandon,Cook,Doctor 50,2023-04-23
P0194,Mary,Anderson,Doctor 49,2023-04-23
P0261,Kenneth,Hall,Doctor 49,2023-04-23
P0441,Sarah,Cruz,Doctor 24,2023-04-23
P0444,Charles,Nguyen,Doctor 10,2023-04-23
P0501,Deborah,Rivera,Doctor 15,2023-04-23
P0583,Linda,Miller,Doctor 23,2023-04-23
P0602,Rebecca,Taylor,Doctor 33,2023-04-23
P0611,Sandra,Thompson,Doctor 40,2023-04-23
P0692,Larry,Perez,Doctor 13,2023-04-23
P0731,Brian,Ramirez,Doctor 21,2023-04-23
P0775,Stephen,Clark,Doctor 49,2023-04-23
P0778,Donna,Mitchell,Doctor 27,2023-04-23
P0871,Matthew,Sanchez,Doctor 29,2023-04-23
P0960,Kimberly,Castillo,Doctor 41,2023-04-23
P0977,Jose,Gomez,Doctor 9,2023-04-23
P1040,Jonathan,Jackson,Doctor 16,2023-04-23
P1115,Frank,Davis,Doctor 3,2023-04-23
P1173,Sharon,Mendoza,Doctor 8,2023-04-23
P1316,John,Castillo,Doctor 46,2023-04-23
P1404,Eric,Lewis,Doctor 44,2023-04-23
P1439,Kenneth,Watson,Doctor 43,2023-04-23
P1469,Sarah,Ramos,Doctor 4,2023-04-23
P1499,Laura,Brown,Doctor 39,2023-04-23
P1527,Linda,Roberts,Doctor 34,2023-04-23
P1527,Linda,Roberts,Doctor 34,2023-04-23
P0158,Deborah,Carter,Doctor 31,2023-04-24
P0322,Jonathan,Mendoza,Doctor 41,2023-04-24
P0397,Brenda,Robinson,Doctor 42,2023-04-24
P0406,Gregory,Carter,Doctor 28,2023-04-24
P0529,Anthony,Phillips,Doctor 23,2023-04-24
P0532,Emma,Ruiz,Doctor 49,2023-04-24
P0558,Thomas,Gomez,Doctor 29,2023-04-24
P0615,Dennis,Gonzalez,Doctor 27,2023-04-24
P0647,Steven,Young,Doctor 1,2023-04-24
P0856,Charles,Harris,Doctor 48,2023-04-24
P0867,Linda,Kelly,Doctor 16,2023-04-24
P0919,Angela,Thomas,Doctor 9,2023-04-24
P0921,William,Clark,Doctor 13,2023-04-24
P0980,Dorothy,Wilson,Doctor 10,2023-04-24
P1025,Aaron,Robinson,Doctor 5,2023-04-24
P1154,Scott,Sanders,Doctor 3,2023-04-24
P1165,Jessica,Stewart,Doctor 29,2023-04-24
P1194,Tyler,Morgan,Doctor 25,2023-04-24
P1252,Brenda,Martin,Doctor 42,2023-04-24
P1356,Gregory,Scott,Doctor 42,2023-04-24
P1378,Joseph,Rogers,Doctor 27,2023-04-24
P1397,Deborah,Reed,Doctor 27,2023-04-24
P1490,Virginia,Howard,Doctor 20,2023-04-24
P0239,Shirley,Reyes,Doctor 19,2023-04-25
P0284,Andrew,White,Doctor 47,2023-04-25
P0299,Jessica,Harris,Doctor 48,2023-04-25
P0345,Melissa,Harris,Doctor 7,2023-04-25
P0487,Brenda,Watson,Doctor 13,2023-04-25
P0534,Edward,Davis,Doctor 45,2023-04-25
P0558,Thomas,Gomez,Doctor 29,2023-04-25
P0559,Sharon,Alvarez,Doctor 5,2023-04-25
P0567,Laura,Jones,Doctor 4,2023-04-25
P0647,Steven,Young,Doctor 1,2023-04-25
P0768,Shirley,Richardson,Doctor 9,2023-04-25
P0820,Sharon,Miller,Doctor 43,2023-04-25
P0832,Michael,Bennett,Doctor 14,2023-04-25
P0853,Virginia,Bennett,Doctor 35,2023-04-25
P0943,Kevin,Gray,Doctor 21,2023-04-25
P0961,Kevin,Cruz,Doctor 29,2023-04-25
P1188,Scott,Perez,Doctor 15,2023-04-25
P1352,Scott,Roberts,Doctor 22,2023-04-25
P1526,Michelle,Gomez,Doctor 8,2023-04-25
P0114,Joseph,Castillo,Doctor 31,2023-04-26
P0130,Jacob,Gonzalez,Doctor 15,2023-04-26
P0174,Kevin,Richardson,Doctor 12,2023-04-26
P0204,Kimberly,Jones,Doctor 23,2023-04-26
P0273,Barbara,Young,Doctor 36,2023-04-26
P0368,Gary,Watson,Doctor 21,2023-04-26
P0386,Carol,Allen,Doctor 48,2023-04-26
P0404,Shirley,Watson,Doctor 1,2023-04-26
P0436,Brandon,Sanders,Doctor 44,2023-04-26
P0511,Betty,Myers,Doctor 49,2023-04-26
P0610,Carol,Carter,Doctor 11,2023-04-26
P0633,Samuel,Allen,Doctor 16,2023-04-26
P0673,Jessica,Clark,Doctor 32,2023-04-26
P0714,Steven,Ortiz,Doctor 24,2023-04-26
P0757,Sharon,Carter,Doctor 42,2023-04-26
P0862,Jason,Castillo,Doctor 13,2023-04-26
P0899,Sarah,Kelly,Doctor 40,2023-04-26
P0967,Patrick,Chavez,Doctor 43,2023-04-26
P1000,Justin,Richardson,Doctor 44,2023-04-26
P1047,Christopher,Parker,Doctor 4,2023-04-26
P1060,Timothy,Wood,Doctor 13,2023-04-26
P1067,Dorothy,Campbell,Doctor 30,2023-04-26
P1189,Sharon,Rivera,Doctor 24,2023-04-26
P1274,Deborah,Cox,Doctor 23,2023-04-26
P1335,Gary,Castillo,Doctor 48,2023-04-26
P1425,Melissa,Morales,Doctor 27,2023-04-26
P0031,Ruth,James,Doctor 16,2023-04-27
P0106,James,Adams,Doctor 15,2023-04-27
P0197,Larry,Lee,Doctor 46,2023-04-27
P0280,Sarah,Howard,Doctor 20,2023-04-27
P0350,Susan,Carter,Doctor 46,2023-04-27
P0672,Nancy,Howard,Doctor 32,2023-04-27
P0695,Mark,Watson,Doctor 10,2023-04-27
P0828,Jason,Adams,Doctor 45,2023-04-27
P0895,Angela,Rogers,Doctor 12,2023-04-27
P1069,Thomas,Adams,Doctor 2,2023-04-27
P1086,Sandra,Alvarez,Doctor 32,2023-04-27
P1132,Jennifer,Scott,Doctor 50,2023-04-27
P1138,Scott,Phillips,Doctor 1,2023-04-27
P1210,Kimberly,Hill,Doctor 10,2023-04-27
P1273,Nancy,Richardson,Doctor 32,2023-04-27
P1453,Sarah,Jones,Doctor 22,2023-04-27
P1487,Samuel,Moore,Doctor 49,2023-04-27
P0005,Jennifer,Clark,Doctor 39,2023-04-28
P0099,Jessica,Carter,Doctor 15,2023-04-28
P0417,Sandra,Mitchell,Doctor 34,2023-04-28
P0599,Susan,Myers,Doctor 2,2023-04-28
P0610,Carol,Carter,Doctor 11,2023-04-28
P0631,Brandon,Moore,Doctor 37,2023-04-28
P0754,Jeffrey,Perez,Doctor 32,2023-04-28
P0755,Jose,Richardson,Doctor 18,2023-04-28
P0813,Donna,Baker,Doctor 38,2023-04-28
P0881,Christopher,Ruiz,Doctor 47,2023-04-28
P0903,Jessica,Garcia,Doctor 18,2023-04-28
P0921,William,Clark,Doctor 13,2023-04-28
P0943,Kevin,Gray,Doctor 21,2023-04-28
P0986,Alexander,Sanchez,Doctor 22,2023-04-28
P1081,Stephen,Garcia,Doctor 39,2023-04-28
P1108,Dennis,Gutierrez,Doctor 19,2023-04-28
P1139,Ryan,Reyes,Doctor 7,2023-04-28
P1148,Sarah,Taylor,Doctor 5,2023-04-28
P1269,Steven,White,Doctor 30,2023-04-28
P1272,Michelle,Brooks,Doctor 27,2023-04-28
P1367,Anthony,Chavez,Doctor 10,2023-04-28
P1433,Joseph,Mitchell,Doctor 4,2023-04-28
P0064,Ronald,Garcia,Doctor 6,2023-04-29
P0272,Cynthia,Sanders,Doctor 37,2023-04-29
P0352,Nicholas,Gonzalez,Doctor 15,2023-04-29
P0637,Karen,Young,Doctor 37,2023-04-29
P0741,Elizabeth,Chavez,Doctor 4,2023-04-29
P0776,Lisa,Reed,Doctor 47,2023-04-29
P0781,Amy,James,Doctor 28,2023-04-29
P0805,Brandon,Diaz,Doctor 27,2023-04-29
P0810,Donald,Walker,Doctor 24,2023-04-29
P0874,Karen,Thomas,Doctor 47,2023-04-29
P0911,George,Bennett,Doctor 9,2023-04-29
P1009,Stephen,Jones,Doctor 7,2023-04-29
P1012,Helen,Thomas,Doctor 32,2023-04-29
P1026,Larry,Taylor,Doctor 13,2023-04-29
P1055,Virginia,Thompson,Doctor 11,2023-04-29
P1210,Kimberly,Hill,Doctor 10,2023-04-29
P1219,Dennis,Morris,Doctor 8,2023-04-29
P1263,Lisa,Mendoza,Doctor 6,2023-04-29
P1267,Emma,Patel,Doctor 7,2023-04-29
P1293,Eric,Thompson,Doctor 35,2023-04-29
P1307,Karen,Gonzalez,Doctor 47,2023-04-29
P1505,Virginia,Baker,Doctor 18,2023-04-29
P1519,Cynthia,Miller,Doctor 33,2023-04-29
P0051,Anthony,Brown,Doctor 19,2023-04-30
P0071,Deborah,Reyes,Doctor 42,2023-04-30
P0287,Sarah,Walker,Doctor 17,2023-04-30
P0292,Jerry,King,Doctor 36,2023-04-30
P0464,Kimberly,Watson,Doctor 31,2023-04-30
P0511,Betty,Myers,Doctor 49,2023-04-30
P0555,Sharon,Morris,Doctor 31,2023-04-30
P0558,Thomas,Gomez,Doctor 29,2023-04-30
P0589,Sarah,Nguyen,Doctor 48,2023-04-30
P0627,Thomas,King,Doctor 20,2023-04-30
P0648,Tyler,King,Doctor 48,2023-04-30
P0667,Barbara,Hernandez,Doctor 42,2023-04-30
P0749,James,Stewart,Doctor 30,2023-04-30
P0900,Lisa,Ortiz,Doctor 43,2023-04-30
P0956,Frank,Brown,Doctor 46,2023-04-30
P0976,Gregory,Davis,Doctor 12,2023-04-30
P1008,Robert,Evans,Doctor 8,2023-04-30
P1247,Carol,Campbell,Doctor 34,2023-04-30
P1265,Daniel,Stewart,Doctor 19,2023-04-30
P1333,Kathleen,Flores,Doctor 30,2023-04-30
P1379,Michael,Howard,Doctor 19,2023-04-30
P1395,Elizabeth,Robinson,Doctor 30,2023-04-30
P1438,Scott,Evans,Doctor 22,2023-04-30
P1456,John,Adams,Doctor 27,2023-04-30
P0025,Jack,Chavez,Doctor 7,2023-05-01
P0110,Jose,Nguyen,Doctor 49,2023-05-01
P0385,Sandra,Hernandez,Doctor 30,2023-05-01
P0656,Mark,Collins,Doctor 29,2023-05-01
P0659,Richard,Morales,Doctor 26,2023-05-01
P0723,Laura,Cooper,Doctor 17,2023-05-01
P0850,Eric,Gonzalez,Doctor 10,2023-05-01
P0902,Andrew,Mendoza,Doctor 18,2023-05-01
P0983,Jessica,Gonzalez,Doctor 20,2023-05-01
P1029,Michael,Johnson,Doctor 1,2023-05-01
P1159,Samuel,Alvarez,Doctor 33,2023-05-01
P1309,Barbara,Reyes,Doctor 34,2023-05-01
P1330,Laura,Hughes,Doctor 24,2023-05-01
P1382,Michael,Murphy,Doctor 26,2023-05-01
P1395,Elizabeth,Robinson,Doctor 30,2023-05-01
P1507,Michelle,Watson,Doctor 7,2023-05-01
P0161,Charles,Allen,Doctor 35,2023-05-02
P0200,Elizabeth,Richardson,Doctor 8,2023-05-02
P0214,Anna,Collins,Doctor 15,2023-05-02
P0267,Joseph,Young,Doctor 1,2023-05-02
P0292,Jerry,King,Doctor 44,2023-05-02
P0309,Sandra,Martinez,Doctor 3,2023-05-02
P0322,Jonathan,Mendoza,Doctor 41,2023-05-02
P0411,Nicholas,Stewart,Doctor 44,2023-05-02
P0518,Patricia,Diaz,Doctor 14,2023-05-02
P0525,Michael,Richardson,Doctor 6,2023-05-02
P0564,Ruth,Bailey,Doctor 11,2023-05-02
P0691,Richard,Green,Doctor 26,2023-05-02
P0824,Nancy,Allen,Doctor 3,2023-05-02
P0901,Emma,Perez,Doctor 34,2023-05-02
P1026,Larry,Taylor,Doctor 13,2023-05-02
P1149,Samuel,Turner,Doctor 18,2023-05-02
P1215,Jose,Cooper,Doctor 23,2023-05-02
P1238,Nicholas,Sanchez,Doctor 31,2023-05-02
P1301,Sandra,Rivera,Doctor 43,2023-05-02
P1304,Shirley,Campbell,Doctor 26,2023-05-02
P1397,Deborah,Reed,Doctor 27,2023-05-02
P1402,Ruth,Lewis,Doctor 6,2023-05-02
P1415,Robert,Johnson,Doctor 50,2023-05-02
P1439,Kenneth,Watson,Doctor 43,2023-05-02
P1490,Virginia,Howard,Doctor 20,2023-05-02
P0062,Christopher,Allen,Doctor 41,2023-05-03
P0136,George,Gonzalez,Doctor 26,2023-05-03
P0223,Benjamin,Clark,Doctor 17,2023-05-03
P0263,Alexander,Lewis,Doctor 18,2023-05-03
P0466,Donna,Cruz,Doctor 49,2023-05-03
P0496,David,Garcia,Doctor 29,2023-05-03
P0516,Ryan,Cruz,Doctor 5,2023-05-03
P0562,Jessica,Kelly,Doctor 34,2023-05-03
P0600,Kimberly,Gonzalez,Doctor 1,2023-05-03
P0854,Jack,Torres,Doctor 28,2023-05-03
P0915,James,Price,Doctor 25,2023-05-03
P0935,Sharon,James,Doctor 29,2023-05-03
P0964,Robert,Hill,Doctor 17,2023-05-03
P0983,Jessica,Gonzalez,Doctor 20,2023-05-03
P1027,Stephen,Lopez,Doctor 24,2023-05-03
P1040,Jonathan,Jackson,Doctor 16,2023-05-03
P1145,Mary,Scott,Doctor 39,2023-05-03
P1171,Karen,Baker,Doctor 26,2023-05-03
P1298,Larry,Watson,Doctor 45,2023-05-03
P1367,Anthony,Chavez,Doctor 10,2023-05-03
P1393,George,Kelly,Doctor 13,2023-05-03
P1457,Brenda,Diaz,Doctor 45,2023-05-03
P1508,Sharon,Sanchez,Doctor 30,2023-05-03
P0033,Jennifer,Kim,Doctor 38,2023-05-04
P0074,Dorothy,Rogers,Doctor 41,2023-05-04
P0097,Nicholas,Bailey,Doctor 42,2023-05-04
P0105,Dennis,Hughes,Doctor 10,2023-05-04
P0136,George,Gonzalez,Doctor 26,2023-05-04
P0215,Kimberly,Morris,Doctor 12,2023-05-04
P0337,John,Ortiz,Doctor 29,2023-05-04
P0381,Ruth,Turner,Doctor 37,2023-05-04
P0463,Jennifer,Bailey,Doctor 7,2023-05-04
P0482,Dennis,Ruiz,Doctor 28,2023-05-04
P0486,Nancy,Hernandez,Doctor 15,2023-05-04
P0490,Laura,Cox,Doctor 11,2023-05-04
P0499,Jessica,Martinez,Doctor 6,2023-05-04
P0569,Kenneth,Kim,Doctor 31,2023-05-04
P0625,Robert,Allen,Doctor 45,2023-05-04
P0679,George,Ramos,Doctor 38,2023-05-04
P0680,Ryan,Murphy,Doctor 43,2023-05-04
P0792,Edward,Perez,Doctor 45,2023-05-04
P0962,Nancy,Nguyen,Doctor 34,2023-05-04
P1077,William,Morgan,Doctor 29,2023-05-04
P1127,Michael,Morgan,Doctor 39,2023-05-04
P1229,Deborah,Kim,Doctor 8,2023-05-04
P1237,Sandra,Edwards,Doctor 39,2023-05-04
P1315,Larry,Sanchez,Doctor 25,2023-05-04
P1415,Robert,Johnson,Doctor 4,2023-05-04
P1436,Ruth,Stewart,Doctor 44,2023-05-04
P1463,Jack,Gonzalez,Doctor 42,2023-05-04
P1465,Jonathan,Roberts,Doctor 46,2023-05-04
P1484,Amy,Jones,Doctor 32,2023-05-04
P1492,Jason,Kelly,Doctor 45,2023-05-04
P0065,Mark,Nelson,Doctor 34,2023-05-05
P0086,Patricia,Torres,Doctor 46,2023-05-05
P0133,Donald,Rivera,Doctor 17,2023-05-05
P0146,Sarah,Gonzalez,Doctor 22,2023-05-05
P0219,Sharon,Thomas,Doctor 31,2023-05-05
P0281,Sarah,Sanchez,Doctor 32,2023-05-05
P0467,Charles,Phillips,Doctor 49,2023-05-05
P0680,Ryan,Murphy,Doctor 43,2023-05-05
P0719,Donald,Ramirez,Doctor 18,2023-05-05
P0743,Jacob,Ward,Doctor 17,2023-05-05
P0752,Michael,Chavez,Doctor 25,2023-05-05
P0815,Jessica,Robinson,Doctor 18,2023-05-05
P0923,Tyler,Gutierrez,Doctor 6,2023-05-05
P1151,Ryan,Carter,Doctor 24,2023-05-05
P1155,Scott,Collins,Doctor 2,2023-05-05
P1163,Betty,Gomez,Doctor 12,2023-05-05
P1178,Dennis,White,Doctor 33,2023-05-05
P1331,Charles,Ward,Doctor 18,2023-05-05
P1387,Dorothy,Roberts,Doctor 3,2023-05-05
P1411,Mary,Torres,Doctor 35,2023-05-05
P1420,Lisa,Ward,Doctor 31,2023-05-05
P1514,Scott,Harris,Doctor 46,2023-05-05
P0084,David,Morgan,Doctor 7,2023-05-06
P0103,Jose,Watson,Doctor 23,2023-05-06
P0188,Kenneth,Johnson,Doctor 49,2023-05-06
P0210,Jacob,Stewart,Doctor 8,2023-05-06
P0236,Steven,Richardson,Doctor 24,2023-05-06
P0251,Emma,Peterson,Doctor 48,2023-05-06
P0270,Donald,Wilson,Doctor 25,2023-05-06
P0459,Barbara,Howard,Doctor 42,2023-05-06
P0647,Steven,Young,Doctor 1,2023-05-06
P0651,Donna,Wilson,Doctor 25,2023-05-06
P0792,Edward,Perez,Doctor 45,2023-05-06
P0825,Christopher,Howard,Doctor 39,2023-05-06
P0974,Scott,Thomas,Doctor 21,2023-05-06
P0984,Jeffrey,Brooks,Doctor 11,2023-05-06
P1115,Frank,Davis,Doctor 3,2023-05-06
P1161,Angela,Davis,Doctor 4,2023-05-06
P1169,Emma,Cooper,Doctor 36,2023-05-06
P1208,Lisa,Evans,Doctor 39,2023-05-06
P1247,Carol,Campbell,Doctor 34,2023-05-06
P1291,Kimberly,Reed,Doctor 20,2023-05-06
P1325,Jessica,King,Doctor 25,2023-05-06
P1484,Amy,Jones,Doctor 10,2023-05-06
P1501,Alexander,Watson,Doctor 23,2023-05-06
P0077,Shirley,Torres,Doctor 27,2023-05-07
P0147,Deborah,Ramirez,Doctor 45,2023-05-07
P0250,Eric,Adams,Doctor 37,2023-05-07
P0282,Patricia,Peterson,Doctor 49,2023-05-07
P0445,Edward,Taylor,Doctor 25,2023-05-07
P0471,Jacob,Clark,Doctor 31,2023-05-07
P0609,Betty,Moore,Doctor 28,2023-05-07
P0641,Charles,Mendoza,Doctor 19,2023-05-07
P0761,Brenda,Sanchez,Doctor 46,2023-05-07
P0803,Robert,Wright,Doctor 38,2023-05-07
P0879,John,Turner,Doctor 19,2023-05-07
P0925,Virginia,Jones,Doctor 11,2023-05-07
P0990,Virginia,Rodriguez,Doctor 45,2023-05-07
P1200,Shirley,Evans,Doctor 50,2023-05-07
P1228,Michelle,Morris,Doctor 11,2023-05-07
P1321,Brandon,Hughes,Doctor 15,2023-05-07
P1354,Anthony,Rogers,Doctor 33,2023-05-07
P1358,Sarah,Thompson,Doctor 37,2023-05-07
P1394,Samuel,Hernandez,Doctor 1,2023-05-07
P1471,Gary,Bennett,Doctor 25,2023-05-07
P0003,Sandra,Wright,Doctor 24,2023-05-08
P0045,Sharon,Ruiz,Doctor 49,2023-05-08
P0054,Joseph,Clark,Doctor 4,2023-05-08
P0105,Dennis,Hughes,Doctor 10,2023-05-08
P0141,Nancy,Sanchez,Doctor 20,2023-05-08
P0209,Jacob,Taylor,Doctor 50,2023-05-08
P0255,Susan,Martin,Doctor 38,2023-05-08
P0320,Scott,Chavez,Doctor 40,2023-05-08
P0332,Jeffrey,Gonzalez,Doctor 44,2023-05-08
P0339,Jerry,Ward,Doctor 41,2023-05-08
P0845,Gary,Hall,Doctor 37,2023-05-08
P0857,Ryan,Watson,Doctor 13,2023-05-08
P0996,Edward,Kelly,Doctor 19,2023-05-08
P1030,Stephen,Murphy,Doctor 26,2023-05-08
P1057,Rebecca,Williams,Doctor 45,2023-05-08
P1075,Aaron,Sanders,Doctor 26,2023-05-08
P1158,Deborah,Moore,Doctor 23,2023-05-08
P1179,Jose,Murphy,Doctor 22,2023-05-08
P1244,Jennifer,Hughes,Doctor 17,2023-05-08
P1262,David,Murphy,Doctor 48,2023-05-08
P1448,Sarah,Garcia,Doctor 37,2023-05-08
P1465,Jonathan,Roberts,Doctor 46,2023-05-08
P0129,Laura,Roberts,Doctor 21,2023-05-09
P0195,Brian,Wilson,Doctor 31,2023-05-09
P0267,Joseph,Young,Doctor 1,2023-05-09
P0420,David,Jones,Doctor 2,2023-05-09
P0450,Sarah,Anderson,Doctor 35,2023-05-09
P0473,Jonathan,Howard,Doctor 10,2023-05-09
P0609,Betty,Moore,Doctor 28,2023-05-09
P0658,Gregory,Ortiz,Doctor 32,2023-05-09
P0691,Richard,Green,Doctor 26,2023-05-09
P0738,Justin,Gonzalez,Doctor 28,2023-05-09
P0786,Joseph,Lee,Doctor 37,2023-05-09
P0857,Ryan,Watson,Doctor 13,2023-05-09
P1167,William,Lopez,Doctor 14,2023-05-09
P1265,Daniel,Stewart,Doctor 19,2023-05-09
P1524,Sharon,Price,Doctor 21,2023-05-09
P0033,Jennifer,Kim,Doctor 38,2023-05-10
P0041,Patricia,Phillips,Doctor 6,2023-05-10
P0107,Kevin,Morgan,Doctor 40,2023-05-10
P0240,Sarah,Myers,Doctor 25,2023-05-10
P0240,Sarah,Myers,Doctor 29,2023-05-10
P0339,Jerry,Ward,Doctor 41,2023-05-10
P0398,Kathleen,Parker,Doctor 16,2023-05-10
P0508,Kimberly,Hughes,Doctor 35,2023-05-10
P0556,Sharon,Parker,Doctor 49,2023-05-10
P0619,Jonathan,Walker,Doctor 19,2023-05-10
P0695,Mark,Watson,Doctor 16,2023-05-10
P0823,Amy,Thomas,Doctor 14,2023-05-10
P1159,Samuel,Alvarez,Doctor 33,2023-05-10
P1215,Jose,Cooper,Doctor 23,2023-05-10
P1229,Deborah,Kim,Doctor 8,2023-05-10
P1285,Samuel,Bailey,Doctor 14,2023-05-10
P1366,Gregory,Bennett,Doctor 24,2023-05-10
P0175,Charles,Cruz,Doctor 38,2023-05-11
P0225,Mark,Baker,Doctor 1,2023-05-11
P0570,Virginia,King,Doctor 8,2023-05-11
P0570,Virginia,King,Doctor 48,2023-05-11
P0581,Jennifer,Morales,Doctor 15,2023-05-11
P0708,Patricia,Brooks,Doctor 33,2023-05-11
P0880,Donna,Scott,Doctor 7,2023-05-11
P0995,Anna,Nguyen,Doctor 28,2023-05-11
P1038,Kathleen,Phillips,Doctor 2,2023-05-11
P1120,Lisa,Williams,Doctor 48,2023-05-11
P1294,Lisa,Castillo,Doctor 18,2023-05-11
P1341,Anna,Price,Doctor 5,2023-05-11
P1348,Dorothy,Brooks,Doctor 47,2023-05-11
P1442,Joshua,Thomas,Doctor 26,2023-05-11
P1482,Lisa,Wright,Doctor 28,2023-05-11
P1504,Kenneth,Baker,Doctor 28,2023-05-11
P0079,Edward,Ward,Doctor 2,2023-05-12
P0137,Ruth,Anderson,Doctor 49,2023-05-12
P0168,Mary,Bennett,Doctor 48,2023-05-12
P0196,Kevin,Ramirez,Doctor 19,2023-05-12
P0204,Kimberly,Jones,Doctor 23,2023-05-12
P0266,Cynthia,Chavez,Doctor 5,2023-05-12
P0332,Jeffrey,Gonzalez,Doctor 44,2023-05-12
P0336,Carol,Mendoza,Doctor 21,2023-05-12
P0404,Shirley,Watson,Doctor 1,2023-05-12
P0501,Deborah,Rivera,Doctor 15,2023-05-12
P0598,Karen,Garcia,Doctor 44,2023-05-12
P0630,Jennifer,Ward,Doctor 25,2023-05-12
P0785,Ruth,Mendoza,Doctor 22,2023-05-12
P0843,Helen,Nelson,Doctor 11,2023-05-12
P0878,Alexander,Martin,Doctor 48,2023-05-12
P0986,Alexander,Sanchez,Doctor 47,2023-05-12
P0993,Steven,Flores,Doctor 41,2023-05-12
P0999,Carol,Torres,Doctor 26,2023-05-12
P1124,Michelle,Ramos,Doctor 12,2023-05-12
P1199,Angela,Howard,Doctor 32,2023-05-12
P1381,Justin,Robinson,Doctor 26,2023-05-12
P1464,Alexander,Hernandez,Doctor 26,2023-05-12
P1472,Steven,Walker,Doctor 7,2023-05-12
P1485,Betty,Walker,Doctor 17,2023-05-12
P1530,Virginia,Ortiz,Doctor 11,2023-05-12
P0080,Amy,Hill,Doctor 50,2023-05-13
P0092,Michael,Morales,Doctor 32,2023-05-13
P0164,Jack,Sanchez,Doctor 16,2023-05-13
P0165,Laura,Rodriguez,Doctor 15,2023-05-13
P0207,Justin,Bailey,Doctor 41,2023-05-13
P0208,Michael,Perez,Doctor 1,2023-05-13
P0284,Andrew,White,Doctor 42,2023-05-13
P0349,Sandra,Mendoza,Doctor 29,2023-05-13
P0471,Jacob,Clark,Doctor 28,2023-05-13
P0619,Jonathan,Walker,Doctor 19,2023-05-13
P0689,Virginia,Watson,Doctor 7,2023-05-13
P0819,Christopher,Murphy,Doctor 25,2023-05-13
P0953,Ruth,Kelly,Doctor 10,2023-05-13
P0954,James,Baker,Doctor 44,2023-05-13
P0972,Deborah,James,Doctor 8,2023-05-13
P0982,Donna,Hughes,Doctor 6,2023-05-13
P1023,Donna,Peterson,Doctor 47,2023-05-13
P1235,Gary,Thompson,Doctor 10,2023-05-13
P1267,Emma,Patel,Doctor 47,2023-05-13
P1382,Michael,Murphy,Doctor 26,2023-05-13
P1423,Benjamin,Castillo,Doctor 21,2023-05-13
P1444,Sandra,Smith,Doctor 48,2023-05-13
P0264,Scott,Ward,Doctor 20,2023-05-14
P0295,Jason,Jackson,Doctor 7,2023-05-14
P0422,Laura,Gomez,Doctor 34,2023-05-14
P0457,Deborah,King,Doctor 11,2023-05-14
P0549,Thomas,Martinez,Doctor 2,2023-05-14
P0594,Nancy,Smith,Doctor 11,2023-05-14
P0775,Stephen,Clark,Doctor 49,2023-05-14
P0821,Jonathan,Robinson,Doctor 21,2023-05-14
P0866,Sarah,Carter,Doctor 22,2023-05-14
P1016,Gary,Ramos,Doctor 30,2023-05-14
P1111,Ruth,Brown,Doctor 5,2023-05-14
P1157,Elizabeth,Green,Doctor 20,2023-05-14
P1236,Gregory,Lee,Doctor 39,2023-05-14
P1416,Kevin,Watson,Doctor 31,2023-05-14
P1502,Laura,Scott,Doctor 44,2023-05-14
P0283,Rebecca,Thompson,Doctor 8,2023-05-15
P0310,Michael,Brown,Doctor 8,2023-05-15
P0361,Kevin,Castillo,Doctor 13,2023-05-15
P0365,Nicholas,Cruz,Doctor 13,2023-05-15
P0439,Sharon,Hall,Doctor 37,2023-05-15
P0483,Ruth,Torres,Doctor 45,2023-05-15
P0486,Nancy,Hernandez,Doctor 15,2023-05-15
P0580,Deborah,Sanchez,Doctor 31,2023-05-15
P0678,Justin,Ruiz,Doctor 34,2023-05-15
P0760,Sarah,Brooks,Doctor 15,2023-05-15
P0925,Virginia,Jones,Doctor 11,2023-05-15
P0968,Dennis,Reed,Doctor 49,2023-05-15
P1113,Benjamin,Evans,Doctor 9,2023-05-15
P1138,Scott,Phillips,Doctor 1,2023-05-15
P1237,Sandra,Edwards,Doctor 39,2023-05-15
P1324,Carol,Adams,Doctor 1,2023-05-15
P1325,Jessica,King,Doctor 6,2023-05-15
P1426,Tyler,Perez,Doctor 8,2023-05-15
P0005,Jennifer,Clark,Doctor 39,2023-05-16
P0111,Kenneth,Torres,Doctor 2,2023-05-16
P0198,Kevin,Gutierrez,Doctor 45,2023-05-16
P0336,Carol,Mendoza,Doctor 21,2023-05-16
P0360,Jacob,Carter,Doctor 1,2023-05-16
P0430,Amy,Hernandez,Doctor 35,2023-05-16
P0474,Jack,Gutierrez,Doctor 37,2023-05-16
P0484,Michael,Garcia,Doctor 48,2023-05-16
P0537,Laura,Cruz,Doctor 16,2023-05-16
P0768,Shirley,Richardson,Doctor 9,2023-05-16
P0782,Kevin,White,Doctor 49,2023-05-16
P0854,Jack,Torres,Doctor 16,2023-05-16
P1030,Stephen,Murphy,Doctor 16,2023-05-16
P1035,Matthew,Reed,Doctor 4,2023-05-16
P1063,Ronald,Lewis,Doctor 6,2023-05-16
P1143,Amy,Kelly,Doctor 38,2023-05-16
P1180,William,Martin,Doctor 17,2023-05-16
P1324,Carol,Adams,Doctor 1,2023-05-16
P1419,Charles,Stewart,Doctor 15,2023-05-16
P1474,Scott,Cox,Doctor 14,2023-05-16
P0037,Sarah,Johnson,Doctor 37,2023-05-17
P0067,Benjamin,Ruiz,Doctor 37,2023-05-17
P0176,Melissa,Cox,Doctor 27,2023-05-17
P0194,Mary,Anderson,Doctor 32,2023-05-17
P0243,Joseph,Cox,Doctor 34,2023-05-17
P0248,Angela,Phillips,Doctor 30,2023-05-17
P0285,Rebecca,Martin,Doctor 34,2023-05-17
P0537,Laura,Cruz,Doctor 16,2023-05-17
P0642,Sandra,James,Doctor 3,2023-05-17
P0649,Justin,Flores,Doctor 43,2023-05-17
P0722,Jennifer,Torres,Doctor 21,2023-05-17
P0784,John,Cook,Doctor 8,2023-05-17
P0881,Christopher,Ruiz,Doctor 47,2023-05-17
P0928,Anthony,Cruz,Doctor 18,2023-05-17
P1001,Eric,Morales,Doctor 8,2023-05-17
P1111,Ruth,Brown,Doctor 5,2023-05-17
P1131,Scott,Lewis,Doctor 9,2023-05-17
P1232,Rebecca,Campbell,Doctor 12,2023-05-17
P1234,Aaron,Reyes,Doctor 16,2023-05-17
P1234,Aaron,Reyes,Doctor 16,2023-05-17
P1351,Frank,Castillo,Doctor 22,2023-05-17
P1501,Alexander,Watson,Doctor 23,2023-05-17
P0032,Robert,Murphy,Doctor 11,2023-05-18
P0044,George,Hall,Doctor 37,2023-05-18
P0100,Anthony,Martin,Doctor 35,2023-05-18
P0111,Kenneth,Torres,Doctor 2,2023-05-18
P0123,Larry,Jones,Doctor 18,2023-05-18
P0141,Nancy,Sanchez,Doctor 20,2023-05-18
P0162,Michelle,Alvarez,Doctor 3,2023-05-18
P0225,Mark,Baker,Doctor 1,2023-05-18
P0301,Matthew,Myers,Doctor 23,2023-05-18
P0328,Frank,Howard,Doctor 20,2023-05-18
P0358,Robert,Taylor,Doctor 22,2023-05-18
P0576,Alexander,Davis,Doctor 20,2023-05-18
P0576,Alexander,Davis,Doctor 20,2023-05-18
P0589,Sarah,Nguyen,Doctor 32,2023-05-18
P0806,Deborah,Morales,Doctor 47,2023-05-18
P0962,Nancy,Nguyen,Doctor 34,2023-05-18
P0969,Cynthia,Green,Doctor 19,2023-05-18
P0035,Kevin,Stewart,Doctor 22,2023-05-19
P0063,Steven,Smith,Doctor 41,2023-05-19
P0086,Patricia,Torres,Doctor 46,2023-05-19
P0260,Laura,Gray,Doctor 15,2023-05-19
P0285,Rebecca,Martin,Doctor 34,2023-05-19
P0311,Steven,Diaz,Doctor 33,2023-05-19
P0470,Cynthia,Myers,Doctor 23,2023-05-19
P0539,Frank,Brooks,Doctor 15,2023-05-19
P0543,Jonathan,Clark,Doctor 24,2023-05-19
P0760,Sarah,Brooks,Doctor 15,2023-05-19
P0822,Carol,Martinez,Doctor 17,2023-05-19
P0859,Laura,Collins,Doctor 11,2023-05-19
P0876,Anthony,Nguyen,Doctor 27,2023-05-19
P0954,James,Baker,Doctor 47,2023-05-19
P0996,Edward,Kelly,Doctor 19,2023-05-19
P0999,Carol,Torres,Doctor 26,2023-05-19
P1053,Christopher,Torres,Doctor 49,2023-05-19
P1128,Jonathan,Diaz,Doctor 27,2023-05-19
P0024,Gary,Hill,Doctor 18,2023-05-20
P0143,Scott,Rivera,Doctor 36,2023-05-20
P0191,Elizabeth,Gutierrez,Doctor 26,2023-05-20
P0324,Nicholas,Rodriguez,Doctor 48,2023-05-20
P0390,Frank,Bailey,Doctor 10,2023-05-20
P0409,Shirley,Harris,Doctor 43,2023-05-20
P0426,Brenda,Morales,Doctor 17,2023-05-20
P0427,Shirley,Wilson,Doctor 11,2023-05-20
P0478,Sarah,Mendoza,Doctor 45,2023-05-20
P0509,Gary,Turner,Doctor 41,2023-05-20
P0521,Jeffrey,Myers,Doctor 43,2023-05-20
P0588,Samuel,Sanders,Doctor 15,2023-05-20
P0600,Kimberly,Gonzalez,Doctor 1,2023-05-20
P0615,Dennis,Gonzalez,Doctor 27,2023-05-20
P0824,Nancy,Allen,Doctor 3,2023-05-20
P0831,Joseph,Chavez,Doctor 47,2023-05-20
P0846,Linda,Ruiz,Doctor 36,2023-05-20
P1128,Jonathan,Diaz,Doctor 27,2023-05-20
P1207,Kevin,Lopez,Doctor 28,2023-05-20
P1262,David,Murphy,Doctor 48,2023-05-20
P1275,Joseph,Diaz,Doctor 20,2023-05-20
P1391,Barbara,Wright,Doctor 35,2023-05-20
P0008,Joshua,Castillo,Doctor 15,2023-05-21
P0052,Lisa,Scott,Doctor 10,2023-05-21
P0092,Michael,Morales,Doctor 32,2023-05-21
P0126,Sandra,Ward,Doctor 40,2023-05-21
P0145,Jerry,Williams,Doctor 22,2023-05-21
P0253,Samuel,Torres,Doctor 9,2023-05-21
P0283,Rebecca,Thompson,Doctor 8,2023-05-21
P0410,Aaron,Lee,Doctor 28,2023-05-21
P0482,Dennis,Ruiz,Doctor 28,2023-05-21
P0532,Emma,Ruiz,Doctor 49,2023-05-21
P0654,Steven,King,Doctor 8,2023-05-21
P0672,Nancy,Howard,Doctor 32,2023-05-21
P0753,David,James,Doctor 19,2023-05-21
P0758,Laura,Taylor,Doctor 7,2023-05-21
P0774,Sarah,Gray,Doctor 20,2023-05-21
P0804,Lisa,Cox,Doctor 10,2023-05-21
P0841,Nancy,Hall,Doctor 39,2023-05-21
P0865,Tyler,Baker,Doctor 23,2023-05-21
P0925,Virginia,Jones,Doctor 26,2023-05-21
P0993,Steven,Flores,Doctor 33,2023-05-21
P1032,Lisa,Anderson,Doctor 15,2023-05-21
P1074,Samuel,Nelson,Doctor 15,2023-05-21
P1096,Helen,Nguyen,Doctor 2,2023-05-21
P1096,Helen,Nguyen,Doctor 2,2023-05-21
P1199,Angela,Howard,Doctor 32,2023-05-21
P1201,Gregory,Rogers,Doctor 37,2023-05-21
P1251,Jerry,Rodriguez,Doctor 8,2023-05-21
P1275,Joseph,Diaz,Doctor 39,2023-05-21
P1361,Dennis,Wood,Doctor 15,2023-05-21
P1401,Scott,Kelly,Doctor 39,2023-05-21
P1526,Michelle,Gomez,Doctor 8,2023-05-21
P0146,Sarah,Gonzalez,Doctor 22,2023-05-22
P0150,Joseph,Hill,Doctor 15,2023-05-22
P0195,Brian,Wilson,Doctor 6,2023-05-22
P0294,Dorothy,Hernandez,Doctor 28,2023-05-22
P0343,Kevin,Martinez,Doctor 24,2023-05-22
P0416,Ronald,Morales,Doctor 16,2023-05-22
P0623,Ronald,Smith,Doctor 44,2023-05-22
P0893,Rebecca,Turner,Doctor 35,2023-05-22
P0949,Sandra,Evans,Doctor 42,2023-05-22
P1234,Aaron,Reyes,Doctor 16,2023-05-22
P1260,Jessica,James,Doctor 42,2023-05-22
P1349,Joseph,Parker,Doctor 15,2023-05-22
P1435,Mary,Nelson,Doctor 5,2023-05-22
P1508,Sharon,Sanchez,Doctor 4,2023-05-22
P1523,Patricia,Ward,Doctor 29,2023-05-22
P0022,Dennis,Scott,Doctor 4,2023-05-23
P0185,Ruth,Reyes,Doctor 30,2023-05-23
P0302,Ruth,Perez,Doctor 26,2023-05-23
P0316,Helen,Cooper,Doctor 46,2023-05-23
P0338,Lisa,Gomez,Doctor 41,2023-05-23
P0369,Thomas,Torres,Doctor 13,2023-05-23
P0447,Mary,Robinson,Doctor 3,2023-05-23
P0475,Patricia,Ramirez,Doctor 22,2023-05-23
P0485,Emma,Thompson,Doctor 49,2023-05-23
P0590,Mark,Adams,Doctor 37,2023-05-23
P0604,Robert,Myers,Doctor 23,2023-05-23
P0693,Nicholas,Thomas,Doctor 8,2023-05-23
P0732,Patricia,Taylor,Doctor 20,2023-05-23
P0774,Sarah,Gray,Doctor 20,2023-05-23
P0800,Nancy,Peterson,Doctor 28,2023-05-23
P0856,Charles,Harris,Doctor 48,2023-05-23
P0879,John,Turner,Doctor 19,2023-05-23
P1003,Michelle,Thompson,Doctor 37,2023-05-23
P1025,Aaron,Robinson,Doctor 16,2023-05-23
P1045,Matthew,Thompson,Doctor 45,2023-05-23
P1048,Kenneth,Rivera,Doctor 26,2023-05-23
P1080,Ryan,Garcia,Doctor 9,2023-05-23
P1124,Michelle,Ramos,Doctor 37,2023-05-23
P1134,Sarah,Baker,Doctor 16,2023-05-23
P1234,Aaron,Reyes,Doctor 16,2023-05-23
P1296,Nancy,Campbell,Doctor 23,2023-05-23
P1466,Jack,Parker,Doctor 12,2023-05-23
P1505,Virginia,Baker,Doctor 18,2023-05-23
P0051,Anthony,Brown,Doctor 19,2023-05-24
P0074,Dorothy,Rogers,Doctor 41,2023-05-24
P0115,Carol,Robinson,Doctor 22,2023-05-24
P0156,Timothy,Allen,Doctor 36,2023-05-24
P0203,Sharon,Lee,Doctor 10,2023-05-24
P0242,Deborah,Murphy,Doctor 38,2023-05-24
P0304,Karen,Roberts,Doctor 1,2023-05-24
P0363,William,White,Doctor 13,2023-05-24
P0412,Frank,Peterson,Doctor 36,2023-05-24
P0446,Nicholas,Gutierrez,Doctor 49,2023-05-24
P0571,Jerry,Reed,Doctor 33,2023-05-24
P0672,Nancy,Howard,Doctor 32,2023-05-24
P0682,Andrew,Ramirez,Doctor 11,2023-05-24
P0699,Kimberly,Mendoza,Doctor 24,2023-05-24
P0771,Timothy,Murphy,Doctor 28,2023-05-24
P0791,Michael,Gray,Doctor 33,2023-05-24
P0847,Donald,Allen,Doctor 29,2023-05-24
P0923,Tyler,Gutierrez,Doctor 6,2023-05-24
P0950,Richard,Collins,Doctor 39,2023-05-24
P0953,Ruth,Kelly,Doctor 10,2023-05-24
P0970,Daniel,Jones,Doctor 27,2023-05-24
P0985,Brenda,Rogers,Doctor 31,2023-05-24
P1031,Melissa,Jones,Doctor 2,2023-05-24
P1299,Sharon,Torres,Doctor 10,2023-05-24
P1511,Mark,Phillips,Doctor 25,2023-05-24
P0208,Michael,Perez,Doctor 1,2023-05-25
P0257,Cynthia,Morris,Doctor 25,2023-05-25
P0386,Carol,Allen,Doctor 48,2023-05-25
P0425,Mary,White,Doctor 35,2023-05-25
P0556,Sharon,Parker,Doctor 49,2023-05-25
P0628,Susan,Garcia,Doctor 47,2023-05-25
P0688,Amy,Anderson,Doctor 8,2023-05-25
P0762,James,Evans,Doctor 44,2023-05-25
P0812,Karen,Rodriguez,Doctor 19,2023-05-25
P0972,Deborah,James,Doctor 8,2023-05-25
P1127,Michael,Morgan,Doctor 9,2023-05-25
P1299,Sharon,Torres,Doctor 22,2023-05-25
P1408,Sharon,Baker,Doctor 36,2023-05-25
P1508,Sharon,Sanchez,Doctor 4,2023-05-25
P0027,Betty,Allen,Doctor 26,2023-05-26
P0109,Kathleen,Thomas,Doctor 10,2023-05-26
P0157,Dorothy,Young,Doctor 30,2023-05-26
P0359,Larry,Alvarez,Doctor 18,2023-05-26
P0472,Gary,Cruz,Doctor 2,2023-05-26
P0575,Raymond,Phillips,Doctor 45,2023-05-26
P0783,Lisa,White,Doctor 16,2023-05-26
P0872,Nancy,Taylor,Doctor 24,2023-05-26
P0894,Michelle,Rodriguez,Doctor 23,2023-05-26
P0934,Ruth,Scott,Doctor 6,2023-05-26
P0981,Dennis,Bennett,Doctor 18,2023-05-26
P0982,Donna,Hughes,Doctor 6,2023-05-26
P1021,Sarah,Perez,Doctor 50,2023-05-26
P1106,Kimberly,Turner,Doctor 18,2023-05-26
P1162,Jessica,Patel,Doctor 12,2023-05-26
P1250,Anthony,Parker,Doctor 38,2023-05-26
P1275,Joseph,Diaz,Doctor 39,2023-05-26
P1352,Scott,Roberts,Doctor 22,2023-05-26
P1404,Eric,Lewis,Doctor 44,2023-05-26
P0006,Andrew,Young,Doctor 32,2023-05-27
P0227,Virginia,Ruiz,Doctor 37,2023-05-27
P0337,John,Ortiz,Doctor 29,2023-05-27
P0364,Tyler,Roberts,Doctor 23,2023-05-27
P0409,Shirley,Harris,Doctor 43,2023-05-27
P0539,Frank,Brooks,Doctor 15,2023-05-27
P0599,Susan,Myers,Doctor 2,2023-05-27
P0616,Benjamin,Mendoza,Doctor 26,2023-05-27
P0617,Donald,Patel,Doctor 9,2023-05-27
P0685,Patricia,Cruz,Doctor 11,2023-05-27
P0836,Patrick,Phillips,Doctor 47,2023-05-27
P0882,Virginia,Scott,Doctor 20,2023-05-27
P0918,James,Morris,Doctor 15,2023-05-27
P0933,Ruth,Cooper,Doctor 10,2023-05-27
P0941,Jonathan,Phillips,Doctor 48,2023-05-27
P0957,Jacob,Walker,Doctor 18,2023-05-27
P0978,Nancy,Robinson,Doctor 42,2023-05-27
P1135,Gary,Davis,Doctor 18,2023-05-27
P1365,Donald,Morris,Doctor 2,2023-05-27
P1385,Alexander,Howard,Doctor 24,2023-05-27
P1440,Jacob,Williams,Doctor 6,2023-05-27
P0080,Amy,Hill,Doctor 50,2023-05-28
P0269,Ruth,Ruiz,Doctor 3,2023-05-28
P0292,Jerry,King,Doctor 44,2023-05-28
P0325,Steven,Gutierrez,Doctor 24,2023-05-28
P0394,Jose,Hill,Doctor 13,2023-05-28
P0400,Frank,Gonzalez,Doctor 44,2023-05-28
P0401,Gregory,Hill,Doctor 7,2023-05-28
P0483,Ruth,Torres,Doctor 45,2023-05-28
P0493,Sharon,Wilson,Doctor 8,2023-05-28
P0645,Justin,Ortiz,Doctor 8,2023-05-28
P0651,Donna,Wilson,Doctor 25,2023-05-28
P0787,Carol,Nelson,Doctor 29,2023-05-28
P0813,Donna,Baker,Doctor 38,2023-05-28
P0861,Benjamin,Price,Doctor 48,2023-05-28
P0939,Frank,Evans,Doctor 36,2023-05-28
P1008,Robert,Evans,Doctor 8,2023-05-28
P1212,Sandra,Sanchez,Doctor 17,2023-05-28
P1236,Gregory,Lee,Doctor 39,2023-05-28
P1361,Dennis,Wood,Doctor 16,2023-05-28
P0046,Mary,Thomas,Doctor 11,2023-05-29
P0158,Deborah,Carter,Doctor 31,2023-05-29
P0193,Aaron,Taylor,Doctor 21,2023-05-29
P0393,Jacob,Sanders,Doctor 24,2023-05-29
P0404,Shirley,Watson,Doctor 2,2023-05-29
P0417,Sandra,Mitchell,Doctor 34,2023-05-29
P0470,Cynthia,Myers,Doctor 23,2023-05-29
P0502,Sharon,Chavez,Doctor 17,2023-05-29
P0510,Jack,Adams,Doctor 42,2023-05-29
P0669,Mary,Reed,Doctor 49,2023-05-29
P0753,David,James,Doctor 19,2023-05-29
P0755,Jose,Richardson,Doctor 18,2023-05-29
P0769,Shirley,Miller,Doctor 11,2023-05-29
P0785,Ruth,Mendoza,Doctor 22,2023-05-29
P0838,Amy,Collins,Doctor 24,2023-05-29
P0910,Emma,Garcia,Doctor 20,2023-05-29
P0938,Rebecca,Scott,Doctor 23,2023-05-29
P1047,Christopher,Parker,Doctor 4,2023-05-29
P1183,George,Howard,Doctor 43,2023-05-29
P1199,Angela,Howard,Doctor 32,2023-05-29
P1322,Brenda,Perez,Doctor 30,2023-05-29
P1445,Cynthia,Scott,Doctor 39,2023-05-29
P1491,Jennifer,Myers,Doctor 12,2023-05-29
P0069,Eric,Nguyen,Doctor 44,2023-05-30
P0121,Donna,Cooper,Doctor 31,2023-05-30
P0140,Patrick,Allen,Doctor 28,2023-05-30
P0188,Kenneth,Johnson,Doctor 49,2023-05-30
P0236,Steven,Richardson,Doctor 24,2023-05-30
P0240,Sarah,Myers,Doctor 29,2023-05-30
P0332,Jeffrey,Gonzalez,Doctor 44,2023-05-30
P0381,Ruth,Turner,Doctor 37,2023-05-30
P0471,Jacob,Clark,Doctor 6,2023-05-30
P0537,Laura,Cruz,Doctor 16,2023-05-30
P0655,Justin,Walker,Doctor 45,2023-05-30
P0711,Jessica,Roberts,Doctor 30,2023-05-30
P0879,John,Turner,Doctor 19,2023-05-30
P1181,Richard,Cox,Doctor 11,2023-05-30
P1288,Frank,Taylor,Doctor 13,2023-05-30
P1342,Jonathan,Young,Doctor 43,2023-05-30
P1358,Sarah,Thompson,Doctor 24,2023-05-30
P1372,Barbara,Lee,Doctor 32,2023-05-30
P1384,Cynthia,Campbell,Doctor 50,2023-05-30
P0207,Justin,Bailey,Doctor 41,2023-05-31
P0250,Eric,Adams,Doctor 37,2023-05-31
P0276,Donald,White,Doctor 20,2023-05-31
P0478,Sarah,Mendoza,Doctor 45,2023-05-31
P0517,Robert,Lee,Doctor 46,2023-05-31
P0525,Michael,Richardson,Doctor 6,2023-05-31
P0710,Edward,White,Doctor 16,2023-05-31
P1055,Virginia,Thompson,Doctor 25,2023-05-31
P1112,Linda,Brown,Doctor 15,2023-05-31
P1265,Daniel,Stewart,Doctor 19,2023-05-31
P1338,Jessica,Ramirez,Doctor 49,2023-05-31
P1446,Karen,James,Doctor 31,2023-05-31
P1480,Kimberly,Bennett,Doctor 8,2023-05-31
P1481,Sandra,Young,Doctor 3,2023-05-31
P0032,Robert,Murphy,Doctor 11,2023-06-01
P0129,Laura,Roberts,Doctor 37,2023-06-01
P0188,Kenneth,Johnson,Doctor 49,2023-06-01
P0222,Kenneth,Adams,Doctor 45,2023-06-01
P0323,Patrick,Roberts,Doctor 49,2023-06-01
P0357,Kevin,Martin,Doctor 27,2023-06-01
P0419,John,Evans,Doctor 3,2023-06-01
P0543,Jonathan,Clark,Doctor 24,2023-06-01
P0664,Kathleen,Mitchell,Doctor 1,2023-06-01
P0692,Larry,Perez,Doctor 13,2023-06-01
P0849,James,Wood,Doctor 9,2023-06-01
P0869,Joshua,Chavez,Doctor 14,2023-06-01
P0921,William,Clark,Doctor 17,2023-06-01
P0932,Rebecca,Jones,Doctor 44,2023-06-01
P1009,Stephen,Jones,Doctor 7,2023-06-01
P1100,Raymond,Edwards,Doctor 24,2023-06-01
P1148,Sarah,Taylor,Doctor 5,2023-06-01
P1155,Scott,Collins,Doctor 2,2023-06-01
P1269,Steven,White,Doctor 30,2023-06-01
P1288,Frank,Taylor,Doctor 13,2023-06-01
P1366,Gregory,Bennett,Doctor 24,2023-06-01
P1465,Jonathan,Roberts,Doctor 46,2023-06-01
P1482,Lisa,Wright,Doctor 28,2023-06-01
P1513,James,Castillo,Doctor 49,2023-06-01
P0100,Anthony,Martin,Doctor 18,2023-06-02
P0144,Matthew,Hill,Doctor 40,2023-06-02
P0156,Timothy,Allen,Doctor 36,2023-06-02
P0258,Dennis,Mendoza,Doctor 24,2023-06-02
P0279,Brandon,Ward,Doctor 17,2023-06-02
P0294,Dorothy,Hernandez,Doctor 28,2023-06-02
P0497,Jessica,White,Doctor 48,2023-06-02
P0518,Patricia,Diaz,Doctor 14,2023-06-02
P0527,Richard,Thompson,Doctor 49,2023-06-02
P0548,Ryan,Lopez,Doctor 28,2023-06-02
P0643,Sarah,Mitchell,Doctor 45,2023-06-02
P0751,Ryan,Taylor,Doctor 2,2023-06-02
P0864,Sarah,Evans,Doctor 8,2023-06-02
P0899,Sarah,Kelly,Doctor 40,2023-06-02
P1006,Betty,Morgan,Doctor 6,2023-06-02
P1133,Kenneth,Reyes,Doctor 29,2023-06-02
P1446,Karen,James,Doctor 31,2023-06-02
P0145,Jerry,Williams,Doctor 22,2023-06-03
P0256,Ryan,Robinson,Doctor 43,2023-06-03
P0542,Kenneth,Garcia,Doctor 3,2023-06-03
P0559,Sharon,Alvarez,Doctor 5,2023-06-03
P0630,Jennifer,Ward,Doctor 25,2023-06-03
P0667,Barbara,Hernandez,Doctor 42,2023-06-03
P0765,Deborah,Martin,Doctor 39,2023-06-03
P0772,Sandra,Patel,Doctor 50,2023-06-03
P0894,Michelle,Rodriguez,Doctor 23,2023-06-03
P1019,Gregory,Clark,Doctor 30,2023-06-03
P1075,Aaron,Sanders,Doctor 20,2023-06-03
P1089,Helen,Stewart,Doctor 18,2023-06-03
P1346,Sandra,Williams,Doctor 3,2023-06-03
P1445,Cynthia,Scott,Doctor 39,2023-06-03
P1529,Laura,Rivera,Doctor 41,2023-06-03
P0004,Frank,Hernandez,Doctor 13,2023-06-04
P0305,Sharon,Taylor,Doctor 38,2023-06-04
P0384,Benjamin,Bailey,Doctor 48,2023-06-04
P0410,Aaron,Lee,Doctor 28,2023-06-04
P0464,Kimberly,Watson,Doctor 31,2023-06-04
P0508,Kimberly,Hughes,Doctor 35,2023-06-04
P0656,Mark,Collins,Doctor 10,2023-06-04
P0760,Sarah,Brooks,Doctor 15,2023-06-04
P0792,Edward,Perez,Doctor 12,2023-06-04
P0946,Jerry,Smith,Doctor 18,2023-06-04
P0967,Patrick,Chavez,Doctor 43,2023-06-04
P1067,Dorothy,Campbell,Doctor 30,2023-06-04
P1191,Gregory,Sanders,Doctor 28,2023-06-04
P1511,Mark,Phillips,Doctor 25,2023-06-04
P0006,Andrew,Young,Doctor 32,2023-06-05
P0178,Lisa,Myers,Doctor 45,2023-06-05
P0266,Cynthia,Chavez,Doctor 5,2023-06-05
P0312,Edward,Reed,Doctor 29,2023-06-05
P0349,Sandra,Mendoza,Doctor 29,2023-06-05
P0514,Patrick,Watson,Doctor 50,2023-06-05
P0532,Emma,Ruiz,Doctor 49,2023-06-05
P0549,Thomas,Martinez,Doctor 2,2023-06-05
P0703,James,Walker,Doctor 17,2023-06-05
P0705,Carol,Ward,Doctor 21,2023-06-05
P0742,Linda,Wood,Doctor 13,2023-06-05
P0842,Lisa,Howard,Doctor 36,2023-06-05
P1044,Scott,White,Doctor 8,2023-06-05
P1052,Sharon,Wright,Doctor 28,2023-06-05
P1103,Stephen,Walker,Doctor 43,2023-06-05
P1230,Jessica,Nelson,Doctor 3,2023-06-05
P1265,Daniel,Stewart,Doctor 19,2023-06-05
P1270,Kenneth,Cook,Doctor 36,2023-06-05
P1368,Helen,Cruz,Doctor 31,2023-06-05
P1391,Barbara,Wright,Doctor 35,2023-06-05
P1397,Deborah,Reed,Doctor 27,2023-06-05
P1399,Brenda,Gonzalez,Doctor 47,2023-06-05
P0037,Sarah,Johnson,Doctor 37,2023-06-06
P0038,Lisa,Patel,Doctor 30,2023-06-06
P0075,Kimberly,Myers,Doctor 40,2023-06-06
P0329,Jeffrey,Kelly,Doctor 36,2023-06-06
P0335,Brandon,Parker,Doctor 45,2023-06-06
P0354,Betty,Brooks,Doctor 43,2023-06-06
P0371,Brenda,Miller,Doctor 31,2023-06-06
P0385,Sandra,Hernandez,Doctor 30,2023-06-06
P0474,Jack,Gutierrez,Doctor 37,2023-06-06
P0493,Sharon,Wilson,Doctor 8,2023-06-06
P0548,Ryan,Lopez,Doctor 16,2023-06-06
P0597,Kenneth,Carter,Doctor 10,2023-06-06
P0602,Rebecca,Taylor,Doctor 33,2023-06-06
P0637,Karen,Young,Doctor 37,2023-06-06
P0667,Barbara,Hernandez,Doctor 28,2023-06-06
P0684,Anthony,Gutierrez,Doctor 13,2023-06-06
P0744,Ruth,Myers,Doctor 43,2023-06-06
P0853,Virginia,Bennett,Doctor 36,2023-06-06
P1034,Kenneth,Morgan,Doctor 50,2023-06-06
P1173,Sharon,Mendoza,Doctor 8,2023-06-06
P1209,Lisa,Collins,Doctor 23,2023-06-06
P1322,Brenda,Perez,Doctor 30,2023-06-06
P1472,Steven,Walker,Doctor 7,2023-06-06
P1478,Gary,James,Doctor 13,2023-06-06
P1518,Virginia,Flores,Doctor 26,2023-06-06
P0085,Sarah,Alvarez,Doctor 32,2023-06-07
P0211,Kevin,Howard,Doctor 42,2023-06-07
P0268,Donna,Reyes,Doctor 1,2023-06-07
P0315,Sarah,Rivera,Doctor 45,2023-06-07
P0432,Helen,Gutierrez,Doctor 20,2023-06-07
P0450,Sarah,Anderson,Doctor 35,2023-06-07
P0469,Karen,Williams,Doctor 11,2023-06-07
P0595,Barbara,Baker,Doctor 43,2023-06-07
P0673,Jessica,Clark,Doctor 32,2023-06-07
P0675,Justin,Sanchez,Doctor 42,2023-06-07
P0776,Lisa,Reed,Doctor 47,2023-06-07
P0871,Matthew,Sanchez,Doctor 33,2023-06-07
P0896,Brian,Edwards,Doctor 7,2023-06-07
P1003,Michelle,Thompson,Doctor 37,2023-06-07
P1047,Christopher,Parker,Doctor 4,2023-06-07
P1085,Shirley,Gonzalez,Doctor 43,2023-06-07
P1089,Helen,Stewart,Doctor 18,2023-06-07
P1279,Timothy,Wilson,Doctor 17,2023-06-07
P1377,Michael,Davis,Doctor 20,2023-06-07
P1382,Michael,Murphy,Doctor 26,2023-06-07
P1449,Benjamin,Sanchez,Doctor 39,2023-06-07
P0052,Lisa,Scott,Doctor 10,2023-06-08
P0103,Jose,Watson,Doctor 23,2023-06-08
P0144,Matthew,Hill,Doctor 40,2023-06-08
P0173,Robert,Sanders,Doctor 47,2023-06-08
P0237,Raymond,Allen,Doctor 20,2023-06-08
P0280,Sarah,Howard,Doctor 20,2023-06-08
P0327,Richard,Kim,Doctor 44,2023-06-08
P0468,Cynthia,Ramos,Doctor 2,2023-06-08
P0711,Jessica,Roberts,Doctor 30,2023-06-08
P0775,Stephen,Clark,Doctor 49,2023-06-08
P0801,Sarah,Price,Doctor 30,2023-06-08
P0849,James,Wood,Doctor 9,2023-06-08
P0986,Alexander,Sanchez,Doctor 47,2023-06-08
P1009,Stephen,Jones,Doctor 7,2023-06-08
P1092,Justin,Martin,Doctor 23,2023-06-08
P1112,Linda,Brown,Doctor 46,2023-06-08
P1121,Gary,Green,Doctor 44,2023-06-08
P1192,Nancy,Murphy,Doctor 23,2023-06-08
P1361,Dennis,Wood,Doctor 16,2023-06-08
P1476,Brandon,Turner,Doctor 50,2023-06-08
P1492,Jason,Kelly,Doctor 45,2023-06-08
P1503,Alexander,Alvarez,Doctor 30,2023-06-08
P1526,Michelle,Gomez,Doctor 8,2023-06-08
P0050,Virginia,Price,Doctor 10,2023-06-09
P0239,Shirley,Reyes,Doctor 19,2023-06-09
P0276,Donald,White,Doctor 20,2023-06-09
P0339,Jerry,Ward,Doctor 41,2023-06-09
P0358,Robert,Taylor,Doctor 22,2023-06-09
P0361,Kevin,Castillo,Doctor 13,2023-06-09
P0365,Nicholas,Cruz,Doctor 13,2023-06-09
P0396,Robert,Edwards,Doctor 12,2023-06-09
P0425,Mary,White,Doctor 6,2023-06-09
P0435,Jerry,Evans,Doctor 4,2023-06-09
P0530,Dennis,Garcia,Doctor 9,2023-06-09
P0845,Gary,Hall,Doctor 9,2023-06-09
P1074,Samuel,Nelson,Doctor 15,2023-06-09
P1105,Karen,Anderson,Doctor 8,2023-06-09
P1108,Dennis,Gutierrez,Doctor 19,2023-06-09
P1114,Christopher,Hall,Doctor 17,2023-06-09
P1133,Kenneth,Reyes,Doctor 29,2023-06-09
P1171,Karen,Baker,Doctor 26,2023-06-09
P1212,Sandra,Sanchez,Doctor 17,2023-06-09
P1217,Angela,Johnson,Doctor 48,2023-06-09
P1232,Rebecca,Campbell,Doctor 12,2023-06-09
P1233,Linda,Sanchez,Doctor 48,2023-06-09
P1237,Sandra,Edwards,Doctor 21,2023-06-09
P1341,Anna,Price,Doctor 14,2023-06-09
P1476,Brandon,Turner,Doctor 50,2023-06-09
P1503,Alexander,Alvarez,Doctor 30,2023-06-09
P1532,David,Torres,Doctor 32,2023-06-09
P0005,Jennifer,Clark,Doctor 39,2023-06-10
P0121,Donna,Cooper,Doctor 31,2023-06-10
P0146,Sarah,Gonzalez,Doctor 22,2023-06-10
P0199,Susan,Walker,Doctor 21,2023-06-10
P0312,Edward,Reed,Doctor 29,2023-06-10
P0391,Ryan,Cooper,Doctor 43,2023-06-10
P0513,Patrick,Smith,Doctor 4,2023-06-10
P0550,Tyler,Green,Doctor 18,2023-06-10
P0555,Sharon,Morris,Doctor 31,2023-06-10
P0656,Mark,Collins,Doctor 10,2023-06-10
P0701,Karen,Morris,Doctor 19,2023-06-10
P0729,Laura,Bennett,Doctor 25,2023-06-10
P1024,David,Mendoza,Doctor 26,2023-06-10
P1110,Laura,Garcia,Doctor 32,2023-06-10
P1177,Scott,Nelson,Doctor 22,2023-06-10
P1251,Jerry,Rodriguez,Doctor 8,2023-06-10
P1258,Gary,Brooks,Doctor 27,2023-06-10
P1303,Melissa,Lewis,Doctor 39,2023-06-10
P1346,Sandra,Williams,Doctor 3,2023-06-10
P1408,Sharon,Baker,Doctor 36,2023-06-10
P1455,Susan,Wright,Doctor 18,2023-06-10
P0072,Kenneth,Wood,Doctor 40,2023-06-11
P0124,Robert,Garcia,Doctor 18,2023-06-11
P0221,Kimberly,Roberts,Doctor 13,2023-06-11
P0239,Shirley,Reyes,Doctor 19,2023-06-11
P0369,Thomas,Torres,Doctor 13,2023-06-11
P0372,Patricia,Green,Doctor 11,2023-06-11
P0463,Jennifer,Bailey,Doctor 7,2023-06-11
P0519,Jeffrey,Torres,Doctor 45,2023-06-11
P0833,James,Sanchez,Doctor 32,2023-06-11
P0892,James,Collins,Doctor 22,2023-06-11
P1017,Jessica,Reyes,Doctor 43,2023-06-11
P1032,Lisa,Anderson,Doctor 15,2023-06-11
P1068,Sharon,Lewis,Doctor 36,2023-06-11
P1197,Joseph,Phillips,Doctor 44,2023-06-11
P1478,Gary,James,Doctor 13,2023-06-11
P1496,Barbara,Hall,Doctor 41,2023-06-11
P1520,Matthew,Taylor,Doctor 13,2023-06-11
P0015,Jerry,Richardson,Doctor 3,2023-06-12
P0022,Dennis,Scott,Doctor 45,2023-06-12
P0051,Anthony,Brown,Doctor 19,2023-06-12
P0088,Robert,Howard,Doctor 38,2023-06-12
P0298,Karen,Price,Doctor 16,2023-06-12
P0307,Ruth,Collins,Doctor 31,2023-06-12
P0467,Charles,Phillips,Doctor 49,2023-06-12
P0583,Linda,Miller,Doctor 23,2023-06-12
P0640,Anna,Cox,Doctor 13,2023-06-12
P0801,Sarah,Price,Doctor 30,2023-06-12
P0922,Dennis,Brooks,Doctor 30,2023-06-12
P0971,Aaron,Kelly,Doctor 14,2023-06-12
P1070,John,Moore,Doctor 36,2023-06-12
P1111,Ruth,Brown,Doctor 5,2023-06-12
P1126,Susan,Miller,Doctor 34,2023-06-12
P1337,Samuel,Nguyen,Doctor 38,2023-06-12
P1361,Dennis,Wood,Doctor 16,2023-06-12
P1488,Cynthia,Castillo,Doctor 50,2023-06-12
P0204,Kimberly,Jones,Doctor 23,2023-06-13
P0467,Charles,Phillips,Doctor 49,2023-06-13
P0480,Anthony,Bennett,Doctor 45,2023-06-13
P0627,Thomas,King,Doctor 20,2023-06-13
P0665,Jose,Reed,Doctor 11,2023-06-13
P0843,Helen,Nelson,Doctor 11,2023-06-13
P1143,Amy,Kelly,Doctor 25,2023-06-13
P1169,Emma,Cooper,Doctor 36,2023-06-13
P1511,Mark,Phillips,Doctor 25,2023-06-13
P0245,Jacob,Ramirez,Doctor 30,2023-06-14
P0246,Dennis,Peterson,Doctor 24,2023-06-14
P0289,Ronald,Miller,Doctor 6,2023-06-14
P0354,Betty,Brooks,Doctor 43,2023-06-14
P0440,Nancy,Chavez,Doctor 18,2023-06-14
P0527,Richard,Thompson,Doctor 49,2023-06-14
P0535,Brian,Ruiz,Doctor 13,2023-06-14
P0575,Raymond,Phillips,Doctor 45,2023-06-14
P0581,Jennifer,Morales,Doctor 15,2023-06-14
P0622,Kenneth,Murphy,Doctor 1,2023-06-14
P0647,Steven,Young,Doctor 1,2023-06-14
P0739,Ruth,Evans,Doctor 16,2023-06-14
P0757,Sharon,Carter,Doctor 42,2023-06-14
P0873,Sharon,King,Doctor 20,2023-06-14
P0930,Richard,Murphy,Doctor 40,2023-06-14
P1037,Shirley,Wood,Doctor 21,2023-06-14
P1072,Jose,Ruiz,Doctor 16,2023-06-14
P1082,Gary,Richardson,Doctor 35,2023-06-14
P1193,Charles,Jones,Doctor 43,2023-06-14
P1280,Benjamin,Smith,Doctor 49,2023-06-14
P1289,James,Allen,Doctor 27,2023-06-14
P1294,Lisa,Castillo,Doctor 10,2023-06-14
P1390,Helen,Campbell,Doctor 6,2023-06-14
P0025,Jack,Chavez,Doctor 7,2023-06-15
P0131,Jeffrey,Sanchez,Doctor 33,2023-06-15
P0144,Matthew,Hill,Doctor 40,2023-06-15
P0147,Deborah,Ramirez,Doctor 45,2023-06-15
P0168,Mary,Bennett,Doctor 48,2023-06-15
P0190,Susan,Morris,Doctor 6,2023-06-15
P0202,Dorothy,Patel,Doctor 47,2023-06-15
P0229,Andrew,Thompson,Doctor 6,2023-06-15
P0255,Susan,Martin,Doctor 38,2023-06-15
P0367,Donald,Wright,Doctor 46,2023-06-15
P0373,Carol,Cook,Doctor 14,2023-06-15
P0524,Daniel,Kelly,Doctor 31,2023-06-15
P0544,Virginia,Ramirez,Doctor 32,2023-06-15
P0584,Cynthia,Sanchez,Doctor 33,2023-06-15
P0640,Anna,Cox,Doctor 13,2023-06-15
P0671,Jeffrey,Roberts,Doctor 6,2023-06-15
P0726,David,Bailey,Doctor 10,2023-06-15
P0929,Carol,Gonzalez,Doctor 27,2023-06-15
P0948,Stephen,Allen,Doctor 26,2023-06-15
P1023,Donna,Peterson,Doctor 47,2023-06-15
P1063,Ronald,Lewis,Doctor 40,2023-06-15
P1239,Jeffrey,Chavez,Doctor 22,2023-06-15
P1394,Samuel,Hernandez,Doctor 1,2023-06-15
P1431,David,Reyes,Doctor 14,2023-06-15
P1461,Sharon,Martinez,Doctor 9,2023-06-15
P1501,Alexander,Watson,Doctor 23,2023-06-15
P1511,Mark,Phillips,Doctor 25,2023-06-15
P0021,Rebecca,Gonzalez,Doctor 14,2023-06-16
P0039,Kathleen,Smith,Doctor 50,2023-06-16
P0189,Laura,Ward,Doctor 12,2023-06-16
P0273,Barbara,Young,Doctor 36,2023-06-16
P0395,Nancy,Ramos,Doctor 44,2023-06-16
P0428,Kimberly,Anderson,Doctor 29,2023-06-16
P0479,David,Bennett,Doctor 30,2023-06-16
P0616,Benjamin,Mendoza,Doctor 26,2023-06-16
P0642,Sandra,James,Doctor 3,2023-06-16
P0679,George,Ramos,Doctor 41,2023-06-16
P0702,Gregory,Morales,Doctor 16,2023-06-16
P0855,Sandra,Rodriguez,Doctor 21,2023-06-16
P0903,Jessica,Garcia,Doctor 18,2023-06-16
P0950,Richard,Collins,Doctor 39,2023-06-16
P1025,Aaron,Robinson,Doctor 16,2023-06-16
P1071,Donna,Howard,Doctor 48,2023-06-16
P1154,Scott,Sanders,Doctor 3,2023-06-16
P1166,Scott,Myers,Doctor 14,2023-06-16
P1180,William,Martin,Doctor 17,2023-06-16
P1265,Daniel,Stewart,Doctor 47,2023-06-16
P1339,Deborah,Hall,Doctor 16,2023-06-16
P0068,Anna,Ortiz,Doctor 4,2023-06-17
P0098,Jessica,Perez,Doctor 42,2023-06-17
P0432,Helen,Gutierrez,Doctor 25,2023-06-17
P0513,Patrick,Smith,Doctor 47,2023-06-17
P0544,Virginia,Ramirez,Doctor 37,2023-06-17
P0913,Ronald,White,Doctor 21,2023-06-17
P1050,Shirley,Chavez,Doctor 21,2023-06-17
P1079,Lisa,Carter,Doctor 30,2023-06-17
P1128,Jonathan,Diaz,Doctor 28,2023-06-17
P1182,Larry,Nguyen,Doctor 16,2023-06-17
P1197,Joseph,Phillips,Doctor 44,2023-06-17
P1209,Lisa,Collins,Doctor 23,2023-06-17
P1217,Angela,Johnson,Doctor 48,2023-06-17
P1324,Carol,Adams,Doctor 38,2023-06-17
P1387,Dorothy,Roberts,Doctor 3,2023-06-17
P1404,Eric,Lewis,Doctor 44,2023-06-17
P1481,Sandra,Young,Doctor 3,2023-06-17
P0001,John,Morris,Doctor 8,2023-06-18
P0060,Lisa,Morgan,Doctor 28,2023-06-18
P0103,Jose,Watson,Doctor 23,2023-06-18
P0149,Frank,King,Doctor 3,2023-06-18
P0223,Benjamin,Clark,Doctor 10,2023-06-18
P0398,Kathleen,Parker,Doctor 16,2023-06-18
P0553,Frank,Wood,Doctor 37,2023-06-18
P0602,Rebecca,Taylor,Doctor 33,2023-06-18
P0685,Patricia,Cruz,Doctor 11,2023-06-18
P0707,Nancy,Parker,Doctor 26,2023-06-18
P0736,Donna,Wright,Doctor 6,2023-06-18
P0885,Joseph,Morgan,Doctor 43,2023-06-18
P0914,Carol,Morris,Doctor 50,2023-06-18
P1106,Kimberly,Turner,Doctor 18,2023-06-18
P1136,Nancy,Reed,Doctor 37,2023-06-18
P1201,Gregory,Rogers,Doctor 37,2023-06-18
P1271,Kimberly,Robinson,Doctor 49,2023-06-18
P1420,Lisa,Ward,Doctor 31,2023-06-18
P1496,Barbara,Hall,Doctor 41,2023-06-18
P1502,Laura,Scott,Doctor 24,2023-06-18
P1528,Anna,Sanders,Doctor 15,2023-06-18
P0027,Betty,Allen,Doctor 27,2023-06-19
P0058,Christopher,Brooks,Doctor 50,2023-06-19
P0099,Jessica,Carter,Doctor 11,2023-06-19
P0112,Sharon,Bennett,Doctor 39,2023-06-19
P0219,Sharon,Thomas,Doctor 31,2023-06-19
P0281,Sarah,Sanchez,Doctor 32,2023-06-19
P0285,Rebecca,Martin,Doctor 34,2023-06-19
P0687,Brenda,Collins,Doctor 11,2023-06-19
P0704,Amy,Young,Doctor 14,2023-06-19
P0729,Laura,Bennett,Doctor 25,2023-06-19
P0765,Deborah,Martin,Doctor 39,2023-06-19
P0802,Jeffrey,Kim,Doctor 2,2023-06-19
P0819,Christopher,Murphy,Doctor 25,2023-06-19
P0828,Jason,Adams,Doctor 45,2023-06-19
P0887,Karen,Lewis,Doctor 33,2023-06-19
P0907,Kimberly,Clark,Doctor 50,2023-06-19
P0955,Ryan,Parker,Doctor 39,2023-06-19
P0958,Gregory,Roberts,Doctor 40,2023-06-19
P1013,Dorothy,Cooper,Doctor 14,2023-06-19
P1256,Justin,Turner,Doctor 26,2023-06-19
P1256,Justin,Turner,Doctor 9,2023-06-19
P1298,Larry,Watson,Doctor 45,2023-06-19
P0160,Thomas,Gonzalez,Doctor 48,2023-06-20
P0174,Kevin,Richardson,Doctor 14,2023-06-20
P0212,Michelle,Richardson,Doctor 13,2023-06-20
P0244,Jonathan,Reyes,Doctor 27,2023-06-20
P0257,Cynthia,Morris,Doctor 25,2023-06-20
P0395,Nancy,Ramos,Doctor 12,2023-06-20
P0451,Ruth,Rivera,Doctor 5,2023-06-20
P0472,Gary,Cruz,Doctor 2,2023-06-20
P0473,Jonathan,Howard,Doctor 10,2023-06-20
P0482,Dennis,Ruiz,Doctor 28,2023-06-20
P0641,Charles,Mendoza,Doctor 10,2023-06-20
P0663,Carol,Jackson,Doctor 14,2023-06-20
P0674,Jennifer,Ramos,Doctor 16,2023-06-20
P0705,Carol,Ward,Doctor 21,2023-06-20
P0939,Frank,Evans,Doctor 8,2023-06-20
P1028,Scott,Cooper,Doctor 4,2023-06-20
P1067,Dorothy,Campbell,Doctor 30,2023-06-20
P1192,Nancy,Murphy,Doctor 23,2023-06-20
P1276,Nicholas,Perez,Doctor 29,2023-06-20
P1409,George,Morgan,Doctor 48,2023-06-20
P0012,Samuel,Roberts,Doctor 49,2023-06-21
P0029,Sharon,Wood,Doctor 8,2023-06-21
P0138,Anthony,Walker,Doctor 7,2023-06-21
P0142,Ronald,Morgan,Doctor 4,2023-06-21
P0545,Carol,Flores,Doctor 39,2023-06-21
P0560,Emma,Martin,Doctor 33,2023-06-21
P0619,Jonathan,Walker,Doctor 19,2023-06-21
P0650,Daniel,Miller,Doctor 14,2023-06-21
P0758,Laura,Taylor,Doctor 7,2023-06-21
P0769,Shirley,Miller,Doctor 11,2023-06-21
P0929,Carol,Gonzalez,Doctor 27,2023-06-21
P1050,Shirley,Chavez,Doctor 21,2023-06-21
P1099,Elizabeth,Perez,Doctor 43,2023-06-21
P1148,Sarah,Taylor,Doctor 5,2023-06-21
P1181,Richard,Cox,Doctor 10,2023-06-21
P1263,Lisa,Mendoza,Doctor 6,2023-06-21
P1338,Jessica,Ramirez,Doctor 49,2023-06-21
P1418,Sandra,Allen,Doctor 4,2023-06-21
P1517,Kenneth,Hernandez,Doctor 28,2023-06-21
P0039,Kathleen,Smith,Doctor 46,2023-06-22
P0112,Sharon,Bennett,Doctor 39,2023-06-22
P0115,Carol,Robinson,Doctor 22,2023-06-22
P0357,Kevin,Martin,Doctor 27,2023-06-22
P0423,Gregory,Moore,Doctor 1,2023-06-22
P0475,Patricia,Ramirez,Doctor 22,2023-06-22
P0578,Michelle,Johnson,Doctor 31,2023-06-22
P0622,Kenneth,Murphy,Doctor 1,2023-06-22
P0898,Eric,Peterson,Doctor 3,2023-06-22
P0961,Kevin,Cruz,Doctor 14,2023-06-22
P1044,Scott,White,Doctor 8,2023-06-22
P1084,Angela,Kelly,Doctor 42,2023-06-22
P1106,Kimberly,Turner,Doctor 18,2023-06-22
P1173,Sharon,Mendoza,Doctor 8,2023-06-22
P1236,Gregory,Lee,Doctor 39,2023-06-22
P1293,Eric,Thompson,Doctor 35,2023-06-22
P1335,Gary,Castillo,Doctor 48,2023-06-22
P1401,Scott,Kelly,Doctor 39,2023-06-22
P1434,Scott,Alvarez,Doctor 41,2023-06-22
P1449,Benjamin,Sanchez,Doctor 39,2023-06-22
P1502,Laura,Scott,Doctor 38,2023-06-22
P0013,Laura,Richardson,Doctor 39,2023-06-23
P0082,Joshua,Hughes,Doctor 46,2023-06-23
P0082,Joshua,Hughes,Doctor 46,2023-06-23
P0094,David,Rodriguez,Doctor 15,2023-06-23
P0167,Helen,Clark,Doctor 46,2023-06-23
P0213,Charles,Turner,Doctor 40,2023-06-23
P0232,Timothy,Johnson,Doctor 17,2023-06-23
P0391,Ryan,Cooper,Doctor 43,2023-06-23
P0404,Shirley,Watson,Doctor 2,2023-06-23
P0422,Laura,Gomez,Doctor 37,2023-06-23
P0432,Helen,Gutierrez,Doctor 14,2023-06-23
P0511,Betty,Myers,Doctor 6,2023-06-23
P0520,Alexander,Rodriguez,Doctor 33,2023-06-23
P0588,Samuel,Sanders,Doctor 15,2023-06-23
P0596,John,Roberts,Doctor 34,2023-06-23
P0668,James,Myers,Doctor 27,2023-06-23
P0716,George,Richardson,Doctor 30,2023-06-23
P0736,Donna,Wright,Doctor 32,2023-06-23
P0747,Amy,Ward,Doctor 37,2023-06-23
P0759,Jason,Lee,Doctor 11,2023-06-23
P0787,Carol,Nelson,Doctor 29,2023-06-23
P0794,Jonathan,Moore,Doctor 24,2023-06-23
P0936,Nancy,Garcia,Doctor 20,2023-06-23
P1002,Helen,Gray,Doctor 18,2023-06-23
P1056,Joshua,Smith,Doctor 1,2023-06-23
P1155,Scott,Collins,Doctor 37,2023-06-23
P1293,Eric,Thompson,Doctor 21,2023-06-23
P1398,Steven,Evans,Doctor 7,2023-06-23
P1405,Jennifer,Garcia,Doctor 14,2023-06-23
P1409,George,Morgan,Doctor 48,2023-06-23
P1414,Anna,Rodriguez,Doctor 29,2023-06-23
P1487,Samuel,Moore,Doctor 49,2023-06-23
P0058,Christopher,Brooks,Doctor 50,2023-06-24
P0117,Laura,Kelly,Doctor 33,2023-06-24
P0163,Carol,Nguyen,Doctor 27,2023-06-24
P0298,Karen,Price,Doctor 16,2023-06-24
P0301,Matthew,Myers,Doctor 23,2023-06-24
P0336,Carol,Mendoza,Doctor 21,2023-06-24
P0352,Nicholas,Gonzalez,Doctor 15,2023-06-24
P0375,Richard,Sanchez,Doctor 28,2023-06-24
P0399,Andrew,Morales,Doctor 23,2023-06-24
P0408,Deborah,Scott,Doctor 9,2023-06-24
P0529,Anthony,Phillips,Doctor 12,2023-06-24
P0535,Brian,Ruiz,Doctor 13,2023-06-24
P0580,Deborah,Sanchez,Doctor 48,2023-06-24
P0637,Karen,Young,Doctor 37,2023-06-24
P0653,Nancy,Lopez,Doctor 49,2023-06-24
P0665,Jose,Reed,Doctor 11,2023-06-24
P0755,Jose,Richardson,Doctor 18,2023-06-24
P0814,Kathleen,Gutierrez,Doctor 43,2023-06-24
P0858,Sarah,James,Doctor 1,2023-06-24
P0980,Dorothy,Wilson,Doctor 10,2023-06-24
P1018,Helen,Phillips,Doctor 17,2023-06-24
P1024,David,Mendoza,Doctor 26,2023-06-24
P1030,Stephen,Murphy,Doctor 3,2023-06-24
P1166,Scott,Myers,Doctor 14,2023-06-24
P1241,Christopher,Adams,Doctor 18,2023-06-24
P1241,Christopher,Adams,Doctor 18,2023-06-24
P1243,Sarah,Ward,Doctor 34,2023-06-24
P1317,Tyler,Ruiz,Doctor 19,2023-06-24
P1340,Melissa,Morgan,Doctor 22,2023-06-24
P1383,Michelle,Perez,Doctor 8,2023-06-24
P1418,Sandra,Allen,Doctor 4,2023-06-24
P1467,William,Nelson,Doctor 49,2023-06-24
P0332,Jeffrey,Gonzalez,Doctor 44,2023-06-25
P0426,Brenda,Morales,Doctor 17,2023-06-25
P0471,Jacob,Clark,Doctor 6,2023-06-25
P0563,Raymond,Patel,Doctor 1,2023-06-25
P0575,Raymond,Phillips,Doctor 45,2023-06-25
P0601,Andrew,Peterson,Doctor 7,2023-06-25
P0604,Robert,Myers,Doctor 23,2023-06-25
P0676,Benjamin,Alvarez,Doctor 38,2023-06-25
P0724,Aaron,Allen,Doctor 45,2023-06-25
P0846,Linda,Ruiz,Doctor 36,2023-06-25
P0894,Michelle,Rodriguez,Doctor 44,2023-06-25
P1137,Charles,Johnson,Doctor 1,2023-06-25
P1312,Mary,Patel,Doctor 3,2023-06-25
P1336,Larry,Cruz,Doctor 28,2023-06-25
P0044,George,Hall,Doctor 37,2023-06-26
P0139,Ronald,James,Doctor 4,2023-06-26
P0169,Jack,Wood,Doctor 11,2023-06-26
P0169,Jack,Wood,Doctor 11,2023-06-26
P0262,Andrew,Ramos,Doctor 37,2023-06-26
P0301,Matthew,Myers,Doctor 23,2023-06-26
P0353,Michelle,Cruz,Doctor 20,2023-06-26
P0501,Deborah,Rivera,Doctor 46,2023-06-26
P0764,Lisa,Moore,Doctor 21,2023-06-26
P0814,Kathleen,Gutierrez,Doctor 43,2023-06-26
P0863,Virginia,Rivera,Doctor 20,2023-06-26
P0864,Sarah,Evans,Doctor 8,2023-06-26
P0959,Deborah,Ortiz,Doctor 29,2023-06-26
P0984,Jeffrey,Brooks,Doctor 11,2023-06-26
P1159,Samuel,Alvarez,Doctor 30,2023-06-26
P1202,Jonathan,Hall,Doctor 16,2023-06-26
P1328,John,Myers,Doctor 24,2023-06-26
P1419,Charles,Stewart,Doctor 28,2023-06-26
P0029,Sharon,Wood,Doctor 8,2023-06-27
P0050,Virginia,Price,Doctor 10,2023-06-27
P0088,Robert,Howard,Doctor 19,2023-06-27
P0205,Elizabeth,Kim,Doctor 16,2023-06-27
P0349,Sandra,Mendoza,Doctor 29,2023-06-27
P0372,Patricia,Green,Doctor 11,2023-06-27
P0477,Jose,Harris,Doctor 43,2023-06-27
P0553,Frank,Wood,Doctor 37,2023-06-27
P0807,Sharon,Flores,Doctor 17,2023-06-27
P0866,Sarah,Carter,Doctor 22,2023-06-27
P0959,Deborah,Ortiz,Doctor 10,2023-06-27
P0968,Dennis,Reed,Doctor 49,2023-06-27
P0972,Deborah,James,Doctor 8,2023-06-27
P0974,Scott,Thomas,Doctor 21,2023-06-27
P1002,Helen,Gray,Doctor 18,2023-06-27
P1062,Sandra,Collins,Doctor 11,2023-06-27
P1094,Jacob,Torres,Doctor 25,2023-06-27
P1156,Tyler,Smith,Doctor 15,2023-06-27
P1225,David,Castillo,Doctor 35,2023-06-27
P1334,Susan,Gray,Doctor 43,2023-06-27
P1352,Scott,Roberts,Doctor 22,2023-06-27
P1452,Nancy,Lee,Doctor 7,2023-06-27
P1459,Linda,Jones,Doctor 44,2023-06-27
P1537,Kevin,Reed,Doctor 37,2023-06-27
P0078,Anna,Hill,Doctor 14,2023-06-28
P0210,Jacob,Stewart,Doctor 8,2023-06-28
P0238,Benjamin,Wright,Doctor 37,2023-06-28
P0420,David,Jones,Doctor 2,2023-06-28
P0544,Virginia,Ramirez,Doctor 37,2023-06-28
P0572,Larry,Phillips,Doctor 38,2023-06-28
P0630,Jennifer,Ward,Doctor 39,2023-06-28
P0631,Brandon,Moore,Doctor 40,2023-06-28
P0900,Lisa,Ortiz,Doctor 43,2023-06-28
P0922,Dennis,Brooks,Doctor 30,2023-06-28
P1082,Gary,Richardson,Doctor 35,2023-06-28
P1135,Gary,Davis,Doctor 5,2023-06-28
P1138,Scott,Phillips,Doctor 1,2023-06-28
P1208,Lisa,Evans,Doctor 39,2023-06-28
P1217,Angela,Johnson,Doctor 48,2023-06-28
P1265,Daniel,Stewart,Doctor 47,2023-06-28
P0018,Donna,Ramos,Doctor 2,2023-06-29
P0038,Lisa,Patel,Doctor 22,2023-06-29
P0123,Larry,Jones,Doctor 18,2023-06-29
P0133,Donald,Rivera,Doctor 17,2023-06-29
P0384,Benjamin,Bailey,Doctor 48,2023-06-29
P0406,Gregory,Carter,Doctor 28,2023-06-29
P0430,Amy,Hernandez,Doctor 6,2023-06-29
P0598,Karen,Garcia,Doctor 44,2023-06-29
P0632,Angela,Murphy,Doctor 43,2023-06-29
P0649,Justin,Flores,Doctor 43,2023-06-29
P0870,David,Reed,Doctor 9,2023-06-29
P0949,Sandra,Evans,Doctor 29,2023-06-29
P0969,Cynthia,Green,Doctor 19,2023-06-29
P1022,Matthew,Lewis,Doctor 11,2023-06-29
P1094,Jacob,Torres,Doctor 25,2023-06-29
P1118,William,Kelly,Doctor 47,2023-06-29
P1172,Patrick,Lewis,Doctor 15,2023-06-29
P1256,Justin,Turner,Doctor 9,2023-06-29
P1339,Deborah,Hall,Doctor 16,2023-06-29
P1359,Joseph,Adams,Doctor 37,2023-06-29
P1396,Linda,Rivera,Doctor 8,2023-06-29
P1402,Ruth,Lewis,Doctor 6,2023-06-29
P1443,Dorothy,Wright,Doctor 20,2023-06-29
P1461,Sharon,Martinez,Doctor 9,2023-06-29
P0021,Rebecca,Gonzalez,Doctor 14,2023-06-30
P0067,Benjamin,Ruiz,Doctor 37,2023-06-30
P0118,Ryan,Hughes,Doctor 11,2023-06-30
P0191,Elizabeth,Gutierrez,Doctor 26,2023-06-30
P0198,Kevin,Gutierrez,Doctor 45,2023-06-30
P0378,Michael,Jackson,Doctor 39,2023-06-30
P0383,Dorothy,Evans,Doctor 18,2023-06-30
P0467,Charles,Phillips,Doctor 28,2023-06-30
P0609,Betty,Moore,Doctor 28,2023-06-30
P0618,Jerry,Perez,Doctor 27,2023-06-30
P0758,Laura,Taylor,Doctor 39,2023-06-30
P0825,Christopher,Howard,Doctor 39,2023-06-30
P0849,James,Wood,Doctor 21,2023-06-30
P0917,Susan,Ruiz,Doctor 22,2023-06-30
P0997,Brian,Cox,Doctor 32,2023-06-30
P1008,Robert,Evans,Doctor 8,2023-06-30
P1058,Raymond,Rivera,Doctor 12,2023-06-30
P1082,Gary,Richardson,Doctor 35,2023-06-30
P1148,Sarah,Taylor,Doctor 5,2023-06-30
P1213,Justin,Jones,Doctor 20,2023-06-30
P1242,Melissa,Martin,Doctor 1,2023-06-30
P1316,John,Castillo,Doctor 46,2023-06-30
P1420,Lisa,Ward,Doctor 1,2023-06-30
P1451,Mary,Peterson,Doctor 45,2023-06-30
P0115,Carol,Robinson,Doctor 18,2023-07-01
P0233,Sarah,Lewis,Doctor 38,2023-07-01
P0246,Dennis,Peterson,Doctor 24,2023-07-01
P0337,John,Ortiz,Doctor 29,2023-07-01
P0370,Raymond,Wilson,Doctor 37,2023-07-01
P0586,Jonathan,Sanders,Doctor 27,2023-07-01
P0594,Nancy,Smith,Doctor 11,2023-07-01
P0708,Patricia,Brooks,Doctor 33,2023-07-01
P0801,Sarah,Price,Doctor 5,2023-07-01
P0805,Brandon,Diaz,Doctor 13,2023-07-01
P0806,Deborah,Morales,Doctor 47,2023-07-01
P0889,Rebecca,Morales,Doctor 46,2023-07-01
P0905,Joseph,Walker,Doctor 42,2023-07-01
P1076,Sandra,Gutierrez,Doctor 24,2023-07-01
P1126,Susan,Miller,Doctor 48,2023-07-01
P1171,Karen,Baker,Doctor 26,2023-07-01
P1374,Raymond,Cox,Doctor 37,2023-07-01
P1445,Cynthia,Scott,Doctor 20,2023-07-01
P1509,Brenda,Walker,Doctor 2,2023-07-01
P0230,Brian,Gonzalez,Doctor 32,2023-07-02
P0386,Carol,Allen,Doctor 48,2023-07-02
P0416,Ronald,Morales,Doctor 22,2023-07-02
P0641,Charles,Mendoza,Doctor 10,2023-07-02
P0644,Emma,Smith,Doctor 19,2023-07-02
P0660,Justin,Edwards,Doctor 4,2023-07-02
P0667,Barbara,Hernandez,Doctor 28,2023-07-02
P0693,Nicholas,Thomas,Doctor 20,2023-07-02
P0740,Frank,Baker,Doctor 41,2023-07-02
P0741,Elizabeth,Chavez,Doctor 4,2023-07-02
P0827,Jack,Bailey,Doctor 17,2023-07-02
P0897,Sandra,Roberts,Doctor 47,2023-07-02
P0930,Richard,Murphy,Doctor 40,2023-07-02
P0957,Jacob,Walker,Doctor 18,2023-07-02
P0973,Brian,Kim,Doctor 25,2023-07-02
P1054,Stephen,Richardson,Doctor 20,2023-07-02
P1069,Thomas,Adams,Doctor 2,2023-07-02
P1088,Andrew,Gray,Doctor 6,2023-07-02
P1201,Gregory,Rogers,Doctor 37,2023-07-02
P1281,Barbara,Lewis,Doctor 14,2023-07-02
P0177,Kevin,Campbell,Doctor 43,2023-07-03
P0209,Jacob,Taylor,Doctor 50,2023-07-03
P0310,Michael,Brown,Doctor 8,2023-07-03
P0316,Helen,Cooper,Doctor 46,2023-07-03
P0561,Helen,Allen,Doctor 38,2023-07-03
P0597,Kenneth,Carter,Doctor 10,2023-07-03
P0599,Susan,Myers,Doctor 2,2023-07-03
P0634,Jason,Anderson,Doctor 22,2023-07-03
P0717,Sandra,Adams,Doctor 44,2023-07-03
P0733,Karen,Castillo,Doctor 15,2023-07-03
P0802,Jeffrey,Kim,Doctor 2,2023-07-03
P0951,Kenneth,Campbell,Doctor 44,2023-07-03
P0973,Brian,Kim,Doctor 25,2023-07-03
P0973,Brian,Kim,Doctor 20,2023-07-03
P0979,Michelle,Bennett,Doctor 32,2023-07-03
P1255,Donna,Morales,Doctor 33,2023-07-03
P1258,Gary,Brooks,Doctor 27,2023-07-03
P1294,Lisa,Castillo,Doctor 10,2023-07-03
P1314,Larry,Lewis,Doctor 1,2023-07-03
P1376,Edward,Garcia,Doctor 44,2023-07-03
P0052,Lisa,Scott,Doctor 10,2023-07-04
P0079,Edward,Ward,Doctor 2,2023-07-04
P0148,Betty,Rodriguez,Doctor 13,2023-07-04
P0243,Joseph,Cox,Doctor 34,2023-07-04
P0259,Anna,Adams,Doctor 42,2023-07-04
P0288,Alexander,Smith,Doctor 7,2023-07-04
P0301,Matthew,Myers,Doctor 23,2023-07-04
P0348,Nancy,Cook,Doctor 18,2023-07-04
P0683,Timothy,Mendoza,Doctor 36,2023-07-04
P0866,Sarah,Carter,Doctor 45,2023-07-04
P0867,Linda,Kelly,Doctor 16,2023-07-04
P0912,Kathleen,Hall,Doctor 28,2023-07-04
P0939,Frank,Evans,Doctor 8,2023-07-04
P0957,Jacob,Walker,Doctor 18,2023-07-04
P0971,Aaron,Kelly,Doctor 46,2023-07-04
P0978,Nancy,Robinson,Doctor 42,2023-07-04
P1033,Robert,Castillo,Doctor 38,2023-07-04
P1034,Kenneth,Morgan,Doctor 50,2023-07-04
P1111,Ruth,Brown,Doctor 5,2023-07-04
P1112,Linda,Brown,Doctor 46,2023-07-04
P1157,Elizabeth,Green,Doctor 20,2023-07-04
P1185,Kevin,Cooper,Doctor 43,2023-07-04
P1313,John,Green,Doctor 25,2023-07-04
P1390,Helen,Campbell,Doctor 19,2023-07-04
P1515,Christopher,Gonzalez,Doctor 11,2023-07-04
P0096,Cynthia,Stewart,Doctor 36,2023-07-05
P0125,Frank,Green,Doctor 31,2023-07-05
P0139,Ronald,James,Doctor 4,2023-07-05
P0177,Kevin,Campbell,Doctor 43,2023-07-05
P0202,Dorothy,Patel,Doctor 23,2023-07-05
P0300,Lisa,Bennett,Doctor 41,2023-07-05
P0380,Nicholas,Flores,Doctor 8,2023-07-05
P0419,John,Evans,Doctor 3,2023-07-05
P0481,Dorothy,Chavez,Doctor 28,2023-07-05
P0520,Alexander,Rodriguez,Doctor 49,2023-07-05
P0725,Scott,Diaz,Doctor 7,2023-07-05
P0931,Shirley,Martin,Doctor 21,2023-07-05
P0950,Richard,Collins,Doctor 39,2023-07-05
P0983,Jessica,Gonzalez,Doctor 20,2023-07-05
P1029,Michael,Johnson,Doctor 1,2023-07-05
P1044,Scott,White,Doctor 8,2023-07-05
P1113,Benjamin,Evans,Doctor 9,2023-07-05
P1144,Timothy,Parker,Doctor 47,2023-07-05
P1289,James,Allen,Doctor 27,2023-07-05
P1304,Shirley,Campbell,Doctor 28,2023-07-05
P1334,Susan,Gray,Doctor 43,2023-07-05
P0182,Jessica,Diaz,Doctor 9,2023-07-06
P0340,Donna,Morris,Doctor 7,2023-07-06
P0390,Frank,Bailey,Doctor 10,2023-07-06
P0392,Sarah,Lopez,Doctor 10,2023-07-06
P0428,Kimberly,Anderson,Doctor 44,2023-07-06
P0505,David,Patel,Doctor 15,2023-07-06
P0551,Jonathan,Gomez,Doctor 41,2023-07-06
P0562,Jessica,Kelly,Doctor 2,2023-07-06
P0654,Steven,King,Doctor 8,2023-07-06
P0723,Laura,Cooper,Doctor 17,2023-07-06
P0725,Scott,Diaz,Doctor 7,2023-07-06
P0744,Ruth,Myers,Doctor 43,2023-07-06
P0745,Larry,Edwards,Doctor 19,2023-07-06
P0922,Dennis,Brooks,Doctor 30,2023-07-06
P0958,Gregory,Roberts,Doctor 40,2023-07-06
P0997,Brian,Cox,Doctor 32,2023-07-06
P1116,Benjamin,Gray,Doctor 26,2023-07-06
P1182,Larry,Nguyen,Doctor 30,2023-07-06
P1372,Barbara,Lee,Doctor 32,2023-07-06
P1403,Timothy,Scott,Doctor 36,2023-07-06
P1415,Robert,Johnson,Doctor 4,2023-07-06
P1495,Rebecca,Kelly,Doctor 25,2023-07-06
P0006,Andrew,Young,Doctor 28,2023-07-07
P0040,Barbara,Kim,Doctor 1,2023-07-07
P0048,Linda,Scott,Doctor 34,2023-07-07
P0065,Mark,Nelson,Doctor 48,2023-07-07
P0107,Kevin,Morgan,Doctor 1,2023-07-07
P0204,Kimberly,Jones,Doctor 30,2023-07-07
P0264,Scott,Ward,Doctor 20,2023-07-07
P0285,Rebecca,Martin,Doctor 34,2023-07-07
P0394,Jose,Hill,Doctor 13,2023-07-07
P0722,Jennifer,Torres,Doctor 21,2023-07-07
P0733,Karen,Castillo,Doctor 49,2023-07-07
P0830,Dennis,Morales,Doctor 33,2023-07-07
P0878,Alexander,Martin,Doctor 48,2023-07-07
P0992,Sandra,Howard,Doctor 2,2023-07-07
P1071,Donna,Howard,Doctor 48,2023-07-07
P1096,Helen,Nguyen,Doctor 2,2023-07-07
P1110,Laura,Garcia,Doctor 32,2023-07-07
P1115,Frank,Davis,Doctor 3,2023-07-07
P1140,Elizabeth,Nelson,Doctor 40,2023-07-07
P1207,Kevin,Lopez,Doctor 28,2023-07-07
P1240,Daniel,Davis,Doctor 30,2023-07-07
P1316,John,Castillo,Doctor 46,2023-07-07
P1338,Jessica,Ramirez,Doctor 4,2023-07-07
P1342,Jonathan,Young,Doctor 43,2023-07-07
P1504,Kenneth,Baker,Doctor 28,2023-07-07
P0059,Sarah,Adams,Doctor 25,2023-07-08
P0130,Jacob,Gonzalez,Doctor 15,2023-07-08
P0153,Sharon,Hernandez,Doctor 41,2023-07-08
P0187,Brian,Young,Doctor 28,2023-07-08
P0227,Virginia,Ruiz,Doctor 37,2023-07-08
P0363,William,White,Doctor 13,2023-07-08
P0445,Edward,Taylor,Doctor 25,2023-07-08
P0561,Helen,Allen,Doctor 8,2023-07-08
P0703,James,Walker,Doctor 17,2023-07-08
P0744,Ruth,Myers,Doctor 43,2023-07-08
P0784,John,Cook,Doctor 8,2023-07-08
P0913,Ronald,White,Doctor 35,2023-07-08
P0933,Ruth,Cooper,Doctor 10,2023-07-08
P1095,Kenneth,Kelly,Doctor 49,2023-07-08
P1101,Steven,Allen,Doctor 47,2023-07-08
P1179,Jose,Murphy,Doctor 22,2023-07-08
P1191,Gregory,Sanders,Doctor 28,2023-07-08
P1214,Scott,Peterson,Doctor 40,2023-07-08
P1349,Joseph,Parker,Doctor 16,2023-07-08
P1388,Ronald,Ramos,Doctor 30,2023-07-08
P1398,Steven,Evans,Doctor 7,2023-07-08
P1455,Susan,Wright,Doctor 18,2023-07-08
P1517,Kenneth,Hernandez,Doctor 28,2023-07-08
P0172,Sarah,Castillo,Doctor 42,2023-07-09
P0252,Angela,Myers,Doctor 45,2023-07-09
P0487,Brenda,Watson,Doctor 8,2023-07-09
P0587,Linda,Watson,Doctor 19,2023-07-09
P0677,Brenda,Jackson,Doctor 36,2023-07-09
P0917,Susan,Ruiz,Doctor 22,2023-07-09
P1062,Sandra,Collins,Doctor 11,2023-07-09
P1231,Ronald,Harris,Doctor 34,2023-07-09
P1317,Tyler,Ruiz,Doctor 19,2023-07-09
P1326,Emma,Hernandez,Doctor 49,2023-07-09
P1379,Michael,Howard,Doctor 19,2023-07-09
P0045,Sharon,Ruiz,Doctor 49,2023-07-10
P0113,Lisa,Martin,Doctor 48,2023-07-10
P0168,Mary,Bennett,Doctor 32,2023-07-10
P0190,Susan,Morris,Doctor 6,2023-07-10
P0352,Nicholas,Gonzalez,Doctor 15,2023-07-10
P0394,Jose,Hill,Doctor 13,2023-07-10
P0432,Helen,Gutierrez,Doctor 17,2023-07-10
P0542,Kenneth,Garcia,Doctor 3,2023-07-10
P0686,Scott,Richardson,Doctor 12,2023-07-10
P0695,Mark,Watson,Doctor 16,2023-07-10
P0709,Jonathan,Chavez,Doctor 5,2023-07-10
P0823,Amy,Thomas,Doctor 14,2023-07-10
P0828,Jason,Adams,Doctor 45,2023-07-10
P0956,Frank,Brown,Doctor 46,2023-07-10
P0966,Sarah,Richardson,Doctor 31,2023-07-10
P0988,Lisa,Taylor,Doctor 31,2023-07-10
P0992,Sandra,Howard,Doctor 12,2023-07-10
P1021,Sarah,Perez,Doctor 50,2023-07-10
P1144,Timothy,Parker,Doctor 47,2023-07-10
P1187,Timothy,Richardson,Doctor 22,2023-07-10
P1205,Christopher,Garcia,Doctor 20,2023-07-10
P1244,Jennifer,Hughes,Doctor 17,2023-07-10
P1336,Larry,Cruz,Doctor 28,2023-07-10
P1448,Sarah,Garcia,Doctor 37,2023-07-10
P1473,Jennifer,Miller,Doctor 4,2023-07-10
P0086,Patricia,Torres,Doctor 46,2023-07-11
P0104,Brandon,Cook,Doctor 50,2023-07-11
P0163,Carol,Nguyen,Doctor 27,2023-07-11
P0188,Kenneth,Johnson,Doctor 49,2023-07-11
P0385,Sandra,Hernandez,Doctor 30,2023-07-11
P0679,George,Ramos,Doctor 41,2023-07-11
P0776,Lisa,Reed,Doctor 6,2023-07-11
P0817,Laura,Ramos,Doctor 19,2023-07-11
P0905,Joseph,Walker,Doctor 42,2023-07-11
P0944,Daniel,Gutierrez,Doctor 7,2023-07-11
P1056,Joshua,Smith,Doctor 42,2023-07-11
P1087,Samuel,Patel,Doctor 7,2023-07-11
P1155,Scott,Collins,Doctor 37,2023-07-11
P1183,George,Howard,Doctor 43,2023-07-11
P1196,Gary,Kim,Doctor 15,2023-07-11
P1211,Betty,Garcia,Doctor 5,2023-07-11
P1257,Kenneth,White,Doctor 21,2023-07-11
P1305,Sarah,Ruiz,Doctor 24,2023-07-11
P1309,Barbara,Reyes,Doctor 34,2023-07-11
P1467,William,Nelson,Doctor 9,2023-07-11
P1488,Cynthia,Castillo,Doctor 50,2023-07-11
P0039,Kathleen,Smith,Doctor 22,2023-07-12
P0044,George,Hall,Doctor 33,2023-07-12
P0107,Kevin,Morgan,Doctor 1,2023-07-12
P0246,Dennis,Peterson,Doctor 24,2023-07-12
P0249,Steven,Cooper,Doctor 34,2023-07-12
P0274,Carol,Moore,Doctor 43,2023-07-12
P0309,Sandra,Martinez,Doctor 3,2023-07-12
P0420,David,Jones,Doctor 2,2023-07-12
P0719,Donald,Ramirez,Doctor 18,2023-07-12
P0769,Shirley,Miller,Doctor 11,2023-07-12
P0964,Robert,Hill,Doctor 17,2023-07-12
P1013,Dorothy,Cooper,Doctor 14,2023-07-12
P1029,Michael,Johnson,Doctor 1,2023-07-12
P1046,Frank,Moore,Doctor 23,2023-07-12
P1072,Jose,Ruiz,Doctor 16,2023-07-12
P1155,Scott,Collins,Doctor 37,2023-07-12
P1172,Patrick,Lewis,Doctor 19,2023-07-12
P1389,Lisa,Peterson,Doctor 16,2023-07-12
P1415,Robert,Johnson,Doctor 4,2023-07-12
P1462,James,Reyes,Doctor 1,2023-07-12
P1518,Virginia,Flores,Doctor 26,2023-07-12
P1537,Kevin,Reed,Doctor 2,2023-07-12
P0048,Linda,Scott,Doctor 34,2023-07-13
P0083,Rebecca,Gomez,Doctor 15,2023-07-13
P0090,Stephen,Nelson,Doctor 15,2023-07-13
P0252,Angela,Myers,Doctor 45,2023-07-13
P0263,Alexander,Lewis,Doctor 18,2023-07-13
P0335,Brandon,Parker,Doctor 45,2023-07-13
P0463,Jennifer,Bailey,Doctor 7,2023-07-13
P0504,Mary,Gray,Doctor 42,2023-07-13
P0552,Sandra,Miller,Doctor 23,2023-07-13
P0625,Robert,Allen,Doctor 45,2023-07-13
P0751,Ryan,Taylor,Doctor 2,2023-07-13
P0788,Brandon,Myers,Doctor 28,2023-07-13
P0796,Jessica,Reed,Doctor 36,2023-07-13
P0801,Sarah,Price,Doctor 5,2023-07-13
P0898,Eric,Peterson,Doctor 14,2023-07-13
P1093,Anthony,Evans,Doctor 22,2023-07-13
P1172,Patrick,Lewis,Doctor 19,2023-07-13
P1272,Michelle,Brooks,Doctor 27,2023-07-13
P1333,Kathleen,Flores,Doctor 30,2023-07-13
P0097,Nicholas,Bailey,Doctor 33,2023-07-14
P0106,James,Adams,Doctor 15,2023-07-14
P0173,Robert,Sanders,Doctor 25,2023-07-14
P0276,Donald,White,Doctor 20,2023-07-14
P0295,Jason,Jackson,Doctor 7,2023-07-14
P0326,Anthony,Ruiz,Doctor 44,2023-07-14
P0336,Carol,Mendoza,Doctor 21,2023-07-14
P0356,Carol,Castillo,Doctor 50,2023-07-14
P0460,Lisa,Chavez,Doctor 46,2023-07-14
P0491,Donna,Hernandez,Doctor 20,2023-07-14
P0510,Jack,Adams,Doctor 42,2023-07-14
P0647,Steven,Young,Doctor 1,2023-07-14
P0683,Timothy,Mendoza,Doctor 36,2023-07-14
P0799,Sandra,Nguyen,Doctor 34,2023-07-14
P0834,Barbara,Brown,Doctor 32,2023-07-14
P0909,Deborah,Campbell,Doctor 40,2023-07-14
P0977,Jose,Gomez,Doctor 9,2023-07-14
P1023,Donna,Peterson,Doctor 47,2023-07-14
P1088,Andrew,Gray,Doctor 6,2023-07-14
P1128,Jonathan,Diaz,Doctor 28,2023-07-14
P1149,Samuel,Turner,Doctor 18,2023-07-14
P1273,Nancy,Richardson,Doctor 32,2023-07-14
P1337,Samuel,Nguyen,Doctor 31,2023-07-14
P1420,Lisa,Ward,Doctor 1,2023-07-14
P1436,Ruth,Stewart,Doctor 48,2023-07-14
P1491,Jennifer,Myers,Doctor 12,2023-07-14
P0042,Patricia,King,Doctor 30,2023-07-15
P0066,Matthew,Clark,Doctor 50,2023-07-15
P0128,Michael,Jones,Doctor 24,2023-07-15
P0204,Kimberly,Jones,Doctor 30,2023-07-15
P0206,Ryan,Howard,Doctor 11,2023-07-15
P0402,Brenda,Davis,Doctor 17,2023-07-15
P0441,Sarah,Cruz,Doctor 24,2023-07-15
P0459,Barbara,Howard,Doctor 42,2023-07-15
P0842,Lisa,Howard,Doctor 36,2023-07-15
P0951,Kenneth,Campbell,Doctor 44,2023-07-15
P1204,Jacob,Young,Doctor 27,2023-07-15
P1311,Jessica,Rivera,Doctor 38,2023-07-15
P1312,Mary,Patel,Doctor 35,2023-07-15
P1327,Michelle,Morales,Doctor 44,2023-07-15
P1382,Michael,Murphy,Doctor 26,2023-07-15
P1391,Barbara,Wright,Doctor 39,2023-07-15
P0120,Joseph,James,Doctor 14,2023-07-16
P0129,Laura,Roberts,Doctor 3,2023-07-16
P0163,Carol,Nguyen,Doctor 27,2023-07-16
P0345,Melissa,Harris,Doctor 40,2023-07-16
P0491,Donna,Hernandez,Doctor 20,2023-07-16
P0523,Lisa,Allen,Doctor 39,2023-07-16
P0541,Benjamin,Harris,Doctor 47,2023-07-16
P0669,Mary,Reed,Doctor 49,2023-07-16
P0893,Rebecca,Turner,Doctor 35,2023-07-16
P1070,John,Moore,Doctor 36,2023-07-16
P1233,Linda,Sanchez,Doctor 48,2023-07-16
P1261,Gary,Williams,Doctor 39,2023-07-16
P1276,Nicholas,Perez,Doctor 29,2023-07-16
P1378,Joseph,Rogers,Doctor 27,2023-07-16
P1416,Kevin,Watson,Doctor 31,2023-07-16
P1437,Frank,Mendoza,Doctor 50,2023-07-16
P0130,Jacob,Gonzalez,Doctor 27,2023-07-17
P0151,Laura,Davis,Doctor 40,2023-07-17
P0155,Michelle,Taylor,Doctor 36,2023-07-17
P0181,Jessica,Lewis,Doctor 11,2023-07-17
P0207,Justin,Bailey,Doctor 41,2023-07-17
P0249,Steven,Cooper,Doctor 34,2023-07-17
P0313,Michelle,Howard,Doctor 40,2023-07-17
P0339,Jerry,Ward,Doctor 41,2023-07-17
P0375,Richard,Sanchez,Doctor 28,2023-07-17
P0397,Brenda,Robinson,Doctor 29,2023-07-17
P0596,John,Roberts,Doctor 34,2023-07-17
P0702,Gregory,Morales,Doctor 16,2023-07-17
P0852,George,Reed,Doctor 19,2023-07-17
P0914,Carol,Morris,Doctor 50,2023-07-17
P0924,Robert,Martinez,Doctor 42,2023-07-17
P0955,Ryan,Parker,Doctor 38,2023-07-17
P1083,Mark,Howard,Doctor 16,2023-07-17
P1170,Daniel,King,Doctor 41,2023-07-17
P1188,Scott,Perez,Doctor 26,2023-07-17
P1205,Christopher,Garcia,Doctor 20,2023-07-17
P1463,Jack,Gonzalez,Doctor 42,2023-07-17
P1485,Betty,Walker,Doctor 17,2023-07-17
P0045,Sharon,Ruiz,Doctor 49,2023-07-18
P0151,Laura,Davis,Doctor 40,2023-07-18
P0186,Patrick,Anderson,Doctor 40,2023-07-18
P0306,Anna,Carter,Doctor 23,2023-07-18
P0338,Lisa,Gomez,Doctor 41,2023-07-18
P0486,Nancy,Hernandez,Doctor 15,2023-07-18
P0511,Betty,Myers,Doctor 6,2023-07-18
P0713,Larry,Lopez,Doctor 28,2023-07-18
P0756,George,Anderson,Doctor 34,2023-07-18
P0834,Barbara,Brown,Doctor 32,2023-07-18
P0869,Joshua,Chavez,Doctor 14,2023-07-18
P1228,Michelle,Morris,Doctor 47,2023-07-18
P1255,Donna,Morales,Doctor 33,2023-07-18
P1289,James,Allen,Doctor 27,2023-07-18
P1307,Karen,Gonzalez,Doctor 20,2023-07-18
P1352,Scott,Roberts,Doctor 29,2023-07-18
P1419,Charles,Stewart,Doctor 28,2023-07-18
P1434,Scott,Alvarez,Doctor 41,2023-07-18
P1508,Sharon,Sanchez,Doctor 4,2023-07-18
P1512,Anna,Brooks,Doctor 41,2023-07-18
P1520,Matthew,Taylor,Doctor 13,2023-07-18
P1536,Brian,Hernandez,Doctor 14,2023-07-18
P0077,Shirley,Torres,Doctor 21,2023-07-19
P0168,Mary,Bennett,Doctor 48,2023-07-19
P0285,Rebecca,Martin,Doctor 34,2023-07-19
P0371,Brenda,Miller,Doctor 31,2023-07-19
P0397,Brenda,Robinson,Doctor 29,2023-07-19
P0541,Benjamin,Harris,Doctor 47,2023-07-19
P0634,Jason,Anderson,Doctor 22,2023-07-19
P0840,Nicholas,Scott,Doctor 37,2023-07-19
P0861,Benjamin,Price,Doctor 48,2023-07-19
P1026,Larry,Taylor,Doctor 13,2023-07-19
P1136,Nancy,Reed,Doctor 37,2023-07-19
P1196,Gary,Kim,Doctor 15,2023-07-19
P1223,Samuel,King,Doctor 4,2023-07-19
P1318,Gregory,Stewart,Doctor 17,2023-07-19
P0110,Jose,Nguyen,Doctor 49,2023-07-20
P0127,Justin,Cooper,Doctor 39,2023-07-20
P0190,Susan,Morris,Doctor 10,2023-07-20
P0217,Raymond,Price,Doctor 26,2023-07-20
P0232,Timothy,Johnson,Doctor 17,2023-07-20
P0367,Donald,Wright,Doctor 46,2023-07-20
P0400,Frank,Gonzalez,Doctor 27,2023-07-20
P0433,Michelle,Price,Doctor 34,2023-07-20
P0518,Patricia,Diaz,Doctor 28,2023-07-20
P0640,Anna,Cox,Doctor 38,2023-07-20
P0709,Jonathan,Chavez,Doctor 5,2023-07-20
P0790,Alexander,Sanders,Doctor 42,2023-07-20
P0865,Tyler,Baker,Doctor 31,2023-07-20
P0886,Anthony,Castillo,Doctor 33,2023-07-20
P0897,Sandra,Roberts,Doctor 47,2023-07-20
P0922,Dennis,Brooks,Doctor 30,2023-07-20
P1275,Joseph,Diaz,Doctor 35,2023-07-20
P1305,Sarah,Ruiz,Doctor 24,2023-07-20
P1325,Jessica,King,Doctor 6,2023-07-20
P1368,Helen,Cruz,Doctor 31,2023-07-20
P1416,Kevin,Watson,Doctor 31,2023-07-20
P1439,Kenneth,Watson,Doctor 43,2023-07-20
P1517,Kenneth,Hernandez,Doctor 28,2023-07-20
P0026,John,Rogers,Doctor 49,2023-07-21
P0054,Joseph,Clark,Doctor 4,2023-07-21
P0104,Brandon,Cook,Doctor 11,2023-07-21
P0105,Dennis,Hughes,Doctor 10,2023-07-21
P0115,Carol,Robinson,Doctor 1,2023-07-21
P0136,George,Gonzalez,Doctor 26,2023-07-21
P0211,Kevin,Howard,Doctor 42,2023-07-21
P0276,Donald,White,Doctor 20,2023-07-21
P0291,Justin,Stewart,Doctor 10,2023-07-21
P0403,Richard,White,Doctor 41,2023-07-21
P0413,Helen,Ruiz,Doctor 34,2023-07-21
P0453,Emma,Reed,Doctor 28,2023-07-21
P0477,Jose,Harris,Doctor 43,2023-07-21
P0672,Nancy,Howard,Doctor 32,2023-07-21
P0859,Laura,Collins,Doctor 4,2023-07-21
P0976,Gregory,Davis,Doctor 12,2023-07-21
P1112,Linda,Brown,Doctor 46,2023-07-21
P1138,Scott,Phillips,Doctor 34,2023-07-21
P1184,Scott,Moore,Doctor 50,2023-07-21
P1318,Gregory,Stewart,Doctor 17,2023-07-21
P1342,Jonathan,Young,Doctor 43,2023-07-21
P1359,Joseph,Adams,Doctor 25,2023-07-21
P1457,Brenda,Diaz,Doctor 45,2023-07-21
P1531,George,Smith,Doctor 16,2023-07-21
P0030,Kathleen,Ortiz,Doctor 36,2023-07-22
P0116,Ronald,Diaz,Doctor 18,2023-07-22
P0170,Michael,Campbell,Doctor 49,2023-07-22
P0174,Kevin,Richardson,Doctor 14,2023-07-22
P0185,Ruth,Reyes,Doctor 46,2023-07-22
P0305,Sharon,Taylor,Doctor 38,2023-07-22
P0328,Frank,Howard,Doctor 20,2023-07-22
P0346,Michelle,James,Doctor 21,2023-07-22
P0531,Joshua,Lee,Doctor 4,2023-07-22
P0561,Helen,Allen,Doctor 8,2023-07-22
P0854,Jack,Torres,Doctor 7,2023-07-22
P0952,Barbara,Price,Doctor 20,2023-07-22
P0985,Brenda,Rogers,Doctor 31,2023-07-22
P0993,Steven,Flores,Doctor 33,2023-07-22
P1065,Jessica,Young,Doctor 31,2023-07-22
P1145,Mary,Scott,Doctor 39,2023-07-22
P1154,Scott,Sanders,Doctor 8,2023-07-22
P1191,Gregory,Sanders,Doctor 41,2023-07-22
P1202,Jonathan,Hall,Doctor 16,2023-07-22
P1271,Kimberly,Robinson,Doctor 49,2023-07-22
P1296,Nancy,Campbell,Doctor 23,2023-07-22
P1447,Ryan,Martinez,Doctor 40,2023-07-22
P1467,William,Nelson,Doctor 9,2023-07-22
P1486,Jerry,Lewis,Doctor 24,2023-07-22
P0011,Michael,Morris,Doctor 28,2023-07-23
P0027,Betty,Allen,Doctor 27,2023-07-23
P0069,Eric,Nguyen,Doctor 17,2023-07-23
P0100,Anthony,Martin,Doctor 29,2023-07-23
P0132,Carol,Hernandez,Doctor 31,2023-07-23
P0167,Helen,Clark,Doctor 46,2023-07-23
P0219,Sharon,Thomas,Doctor 31,2023-07-23
P0313,Michelle,Howard,Doctor 40,2023-07-23
P0327,Richard,Kim,Doctor 44,2023-07-23
P0429,Kenneth,James,Doctor 43,2023-07-23
P0463,Jennifer,Bailey,Doctor 7,2023-07-23
P0481,Dorothy,Chavez,Doctor 28,2023-07-23
P0495,Carol,Wood,Doctor 39,2023-07-23
P0539,Frank,Brooks,Doctor 15,2023-07-23
P0561,Helen,Allen,Doctor 8,2023-07-23
P0592,Sarah,Hughes,Doctor 17,2023-07-23
P0610,Carol,Carter,Doctor 11,2023-07-23
P0661,Jeffrey,Hughes,Doctor 7,2023-07-23
P0702,Gregory,Morales,Doctor 16,2023-07-23
P0748,Gregory,Lewis,Doctor 26,2023-07-23
P0937,Gregory,Robinson,Doctor 37,2023-07-23
P0956,Frank,Brown,Doctor 46,2023-07-23
P1106,Kimberly,Turner,Doctor 10,2023-07-23
P1254,Betty,James,Doctor 30,2023-07-23
P1386,Sandra,Diaz,Doctor 41,2023-07-23
P0334,Steven,Kelly,Doctor 42,2023-07-24
P0334,Steven,Kelly,Doctor 42,2023-07-24
P0438,Daniel,Morgan,Doctor 39,2023-07-24
P0520,Alexander,Rodriguez,Doctor 49,2023-07-24
P0581,Jennifer,Morales,Doctor 15,2023-07-24
P0601,Andrew,Peterson,Doctor 7,2023-07-24
P0614,Kathleen,Evans,Doctor 32,2023-07-24
P0654,Steven,King,Doctor 8,2023-07-24
P0714,Steven,Ortiz,Doctor 21,2023-07-24
P0757,Sharon,Carter,Doctor 46,2023-07-24
P0933,Ruth,Cooper,Doctor 10,2023-07-24
P0949,Sandra,Evans,Doctor 29,2023-07-24
P1075,Aaron,Sanders,Doctor 20,2023-07-24
P1285,Samuel,Bailey,Doctor 49,2023-07-24
P1365,Donald,Morris,Doctor 2,2023-07-24
P0026,John,Rogers,Doctor 49,2023-07-25
P0038,Lisa,Patel,Doctor 22,2023-07-25
P0149,Frank,King,Doctor 3,2023-07-25
P0165,Laura,Rodriguez,Doctor 15,2023-07-25
P0165,Laura,Rodriguez,Doctor 15,2023-07-25
P0187,Brian,Young,Doctor 28,2023-07-25
P0221,Kimberly,Roberts,Doctor 13,2023-07-25
P0279,Brandon,Ward,Doctor 17,2023-07-25
P0292,Jerry,King,Doctor 44,2023-07-25
P0650,Daniel,Miller,Doctor 14,2023-07-25
P0690,William,Gomez,Doctor 33,2023-07-25
P0728,Jessica,Kim,Doctor 5,2023-07-25
P0788,Brandon,Myers,Doctor 28,2023-07-25
P0800,Nancy,Peterson,Doctor 28,2023-07-25
P0819,Christopher,Murphy,Doctor 25,2023-07-25
P0824,Nancy,Allen,Doctor 3,2023-07-25
P0854,Jack,Torres,Doctor 7,2023-07-25
P0986,Alexander,Sanchez,Doctor 47,2023-07-25
P1219,Dennis,Morris,Doctor 8,2023-07-25
P1230,Jessica,Nelson,Doctor 3,2023-07-25
P1242,Melissa,Martin,Doctor 1,2023-07-25
P1517,Kenneth,Hernandez,Doctor 28,2023-07-25
P0006,Andrew,Young,Doctor 48,2023-07-26
P0097,Nicholas,Bailey,Doctor 33,2023-07-26
P0181,Jessica,Lewis,Doctor 8,2023-07-26
P0198,Kevin,Gutierrez,Doctor 45,2023-07-26
P0250,Eric,Adams,Doctor 37,2023-07-26
P0272,Cynthia,Sanders,Doctor 37,2023-07-26
P0329,Jeffrey,Kelly,Doctor 36,2023-07-26
P0364,Tyler,Roberts,Doctor 33,2023-07-26
P0455,Melissa,Miller,Doctor 47,2023-07-26
P0516,Ryan,Cruz,Doctor 5,2023-07-26
P0581,Jennifer,Morales,Doctor 15,2023-07-26
P0661,Jeffrey,Hughes,Doctor 22,2023-07-26
P0760,Sarah,Brooks,Doctor 15,2023-07-26
P0803,Robert,Wright,Doctor 38,2023-07-26
P0876,Anthony,Nguyen,Doctor 27,2023-07-26
P0958,Gregory,Roberts,Doctor 35,2023-07-26
P1069,Thomas,Adams,Doctor 2,2023-07-26
P1220,David,Diaz,Doctor 19,2023-07-26
P1246,Dennis,Cox,Doctor 45,2023-07-26
P1288,Frank,Taylor,Doctor 13,2023-07-26
P1333,Kathleen,Flores,Doctor 16,2023-07-26
P1372,Barbara,Lee,Doctor 32,2023-07-26
P1475,Gary,Gomez,Doctor 46,2023-07-26
P0019,Mary,Miller,Doctor 44,2023-07-27
P0155,Michelle,Taylor,Doctor 36,2023-07-27
P0245,Jacob,Ramirez,Doctor 30,2023-07-27
P0267,Joseph,Young,Doctor 14,2023-07-27
P0470,Cynthia,Myers,Doctor 23,2023-07-27
P0503,Samuel,Cooper,Doctor 13,2023-07-27
P0586,Jonathan,Sanders,Doctor 27,2023-07-27
P0668,James,Myers,Doctor 27,2023-07-27
P0877,Carol,Ramos,Doctor 35,2023-07-27
P0880,Donna,Scott,Doctor 7,2023-07-27
P0919,Angela,Thomas,Doctor 9,2023-07-27
P0956,Frank,Brown,Doctor 46,2023-07-27
P1099,Elizabeth,Perez,Doctor 43,2023-07-27
P1166,Scott,Myers,Doctor 14,2023-07-27
P1257,Kenneth,White,Doctor 21,2023-07-27
P1263,Lisa,Mendoza,Doctor 6,2023-07-27
P1495,Rebecca,Kelly,Doctor 39,2023-07-27
P1503,Alexander,Alvarez,Doctor 41,2023-07-27
P0152,Donna,Gray,Doctor 49,2023-07-28
P0172,Sarah,Castillo,Doctor 42,2023-07-28
P0176,Melissa,Cox,Doctor 27,2023-07-28
P0554,Justin,Myers,Doctor 16,2023-07-28
P0598,Karen,Garcia,Doctor 44,2023-07-28
P0601,Andrew,Peterson,Doctor 7,2023-07-28
P0643,Sarah,Mitchell,Doctor 45,2023-07-28
P0685,Patricia,Cruz,Doctor 16,2023-07-28
P0799,Sandra,Nguyen,Doctor 31,2023-07-28
P0849,James,Wood,Doctor 21,2023-07-28
P0932,Rebecca,Jones,Doctor 44,2023-07-28
P0998,Jeffrey,Walker,Doctor 40,2023-07-28
P1005,Shirley,Hernandez,Doctor 3,2023-07-28
P1034,Kenneth,Morgan,Doctor 50,2023-07-28
P1055,Virginia,Thompson,Doctor 25,2023-07-28
P1084,Angela,Kelly,Doctor 42,2023-07-28
P1141,Virginia,Mendoza,Doctor 7,2023-07-28
P1415,Robert,Johnson,Doctor 4,2023-07-28
P0014,Jack,Williams,Doctor 16,2023-07-29
P0020,George,Wilson,Doctor 15,2023-07-29
P0024,Gary,Hill,Doctor 19,2023-07-29
P0084,David,Morgan,Doctor 7,2023-07-29
P0347,Jacob,Murphy,Doctor 47,2023-07-29
P0389,Alexander,Martinez,Doctor 15,2023-07-29
P0418,Andrew,Wilson,Doctor 22,2023-07-29
P0426,Brenda,Morales,Doctor 17,2023-07-29
P0456,Gary,Smith,Doctor 37,2023-07-29
P0550,Tyler,Green,Doctor 18,2023-07-29
P0649,Justin,Flores,Doctor 43,2023-07-29
P0660,Justin,Edwards,Doctor 1,2023-07-29
P0699,Kimberly,Mendoza,Doctor 24,2023-07-29
P0721,Helen,Young,Doctor 46,2023-07-29
P0754,Jeffrey,Perez,Doctor 32,2023-07-29
P0909,Deborah,Campbell,Doctor 40,2023-07-29
P1146,Tyler,Williams,Doctor 16,2023-07-29
P1222,Laura,Castillo,Doctor 17,2023-07-29
P1464,Alexander,Hernandez,Doctor 26,2023-07-29
P1529,Laura,Rivera,Doctor 41,2023-07-29
P0075,Kimberly,Myers,Doctor 28,2023-07-30
P0124,Robert,Garcia,Doctor 18,2023-07-30
P0266,Cynthia,Chavez,Doctor 12,2023-07-30
P0311,Steven,Diaz,Doctor 33,2023-07-30
P0371,Brenda,Miller,Doctor 31,2023-07-30
P0377,Brandon,Jackson,Doctor 34,2023-07-30
P0408,Deborah,Scott,Doctor 9,2023-07-30
P0413,Helen,Ruiz,Doctor 34,2023-07-30
P0458,George,King,Doctor 28,2023-07-30
P0468,Cynthia,Ramos,Doctor 2,2023-07-30
P0497,Jessica,White,Doctor 48,2023-07-30
P0516,Ryan,Cruz,Doctor 5,2023-07-30
P0518,Patricia,Diaz,Doctor 28,2023-07-30
P0523,Lisa,Allen,Doctor 39,2023-07-30
P0527,Richard,Thompson,Doctor 49,2023-07-30
P0554,Justin,Myers,Doctor 11,2023-07-30
P0578,Michelle,Johnson,Doctor 31,2023-07-30
P0623,Ronald,Smith,Doctor 44,2023-07-30
P0652,Jacob,Lee,Doctor 5,2023-07-30
P0663,Carol,Jackson,Doctor 14,2023-07-30
P0706,Patricia,Morris,Doctor 8,2023-07-30
P0762,James,Evans,Doctor 44,2023-07-30
P0791,Michael,Gray,Doctor 33,2023-07-30
P0800,Nancy,Peterson,Doctor 28,2023-07-30
P0858,Sarah,James,Doctor 19,2023-07-30
P0975,Susan,Williams,Doctor 14,2023-07-30
P0994,Melissa,Ramos,Doctor 6,2023-07-30
P1062,Sandra,Collins,Doctor 35,2023-07-30
P1094,Jacob,Torres,Doctor 25,2023-07-30
P1097,Eric,Patel,Doctor 14,2023-07-30
P1185,Kevin,Cooper,Doctor 43,2023-07-30
P1324,Carol,Adams,Doctor 38,2023-07-30
P1365,Donald,Morris,Doctor 2,2023-07-30
P1404,Eric,Lewis,Doctor 44,2023-07-30
P1438,Scott,Evans,Doctor 1,2023-07-30
P1474,Scott,Cox,Doctor 14,2023-07-30
P0030,Kathleen,Ortiz,Doctor 42,2023-07-31
P0134,Gary,Miller,Doctor 14,2023-07-31
P0294,Dorothy,Hernandez,Doctor 28,2023-07-31
P0302,Ruth,Perez,Doctor 26,2023-07-31
P0527,Richard,Thompson,Doctor 49,2023-07-31
P0542,Kenneth,Garcia,Doctor 40,2023-07-31
P0614,Kathleen,Evans,Doctor 48,2023-07-31
P0740,Frank,Baker,Doctor 42,2023-07-31
P0760,Sarah,Brooks,Doctor 15,2023-07-31
P0791,Michael,Gray,Doctor 33,2023-07-31
P0952,Barbara,Price,Doctor 9,2023-07-31
P0998,Jeffrey,Walker,Doctor 1,2023-07-31
P1006,Betty,Morgan,Doctor 6,2023-07-31
P1066,George,Lewis,Doctor 39,2023-07-31
P1098,Edward,Turner,Doctor 42,2023-07-31
P1113,Benjamin,Evans,Doctor 9,2023-07-31
P1170,Daniel,King,Doctor 41,2023-07-31
P1339,Deborah,Hall,Doctor 16,2023-07-31
P1457,Brenda,Diaz,Doctor 45,2023-07-31
P0075,Kimberly,Myers,Doctor 28,2023-08-01
P0134,Gary,Miller,Doctor 14,2023-08-01
P0158,Deborah,Carter,Doctor 48,2023-08-01
P0159,Brenda,Ruiz,Doctor 46,2023-08-01
P0336,Carol,Mendoza,Doctor 21,2023-08-01
P0345,Melissa,Harris,Doctor 40,2023-08-01
P0436,Brandon,Sanders,Doctor 35,2023-08-01
P0746,Sharon,Anderson,Doctor 6,2023-08-01
P1006,Betty,Morgan,Doctor 5,2023-08-01
P1027,Stephen,Lopez,Doctor 24,2023-08-01
P1070,John,Moore,Doctor 36,2023-08-01
P1145,Mary,Scott,Doctor 39,2023-08-01
P1242,Melissa,Martin,Doctor 1,2023-08-01
P1261,Gary,Williams,Doctor 39,2023-08-01
P1324,Carol,Adams,Doctor 38,2023-08-01
P1342,Jonathan,Young,Doctor 43,2023-08-01
P1452,Nancy,Lee,Doctor 7,2023-08-01
P1498,Donna,Jackson,Doctor 15,2023-08-01
P0037,Sarah,Johnson,Doctor 37,2023-08-02
P0104,Brandon,Cook,Doctor 24,2023-08-02
P0133,Donald,Rivera,Doctor 17,2023-08-02
P0153,Sharon,Hernandez,Doctor 41,2023-08-02
P0195,Brian,Wilson,Doctor 6,2023-08-02
P0306,Anna,Carter,Doctor 23,2023-08-02
P0349,Sandra,Mendoza,Doctor 29,2023-08-02
P0355,Emma,Gray,Doctor 39,2023-08-02
P0640,Anna,Cox,Doctor 38,2023-08-02
P0694,Mark,White,Doctor 38,2023-08-02
P0822,Carol,Martinez,Doctor 17,2023-08-02
P0911,George,Bennett,Doctor 9,2023-08-02
P0953,Ruth,Kelly,Doctor 22,2023-08-02
P1047,Christopher,Parker,Doctor 4,2023-08-02
P1103,Stephen,Walker,Doctor 43,2023-08-02
P1108,Dennis,Gutierrez,Doctor 43,2023-08-02
P1247,Carol,Campbell,Doctor 34,2023-08-02
P1265,Daniel,Stewart,Doctor 42,2023-08-02
P1295,John,Gutierrez,Doctor 23,2023-08-02
P1376,Edward,Garcia,Doctor 44,2023-08-02
P1382,Michael,Murphy,Doctor 21,2023-08-02
P1408,Sharon,Baker,Doctor 49,2023-08-02
P1422,Raymond,Taylor,Doctor 42,2023-08-02
P1526,Michelle,Gomez,Doctor 8,2023-08-02
P0056,Ruth,Allen,Doctor 19,2023-08-03
P0117,Laura,Kelly,Doctor 33,2023-08-03
P0124,Robert,Garcia,Doctor 18,2023-08-03
P0271,Ruth,Roberts,Doctor 40,2023-08-03
P0438,Daniel,Morgan,Doctor 39,2023-08-03
P0466,Donna,Cruz,Doctor 49,2023-08-03
P0530,Dennis,Garcia,Doctor 16,2023-08-03
P0536,Patricia,Hall,Doctor 20,2023-08-03
P0612,Nancy,Roberts,Doctor 18,2023-08-03
P0684,Anthony,Gutierrez,Doctor 13,2023-08-03
P0705,Carol,Ward,Doctor 21,2023-08-03
P0773,Sharon,Garcia,Doctor 12,2023-08-03
P0982,Donna,Hughes,Doctor 6,2023-08-03
P0995,Anna,Nguyen,Doctor 39,2023-08-03
P1130,Angela,Mitchell,Doctor 5,2023-08-03
P1159,Samuel,Alvarez,Doctor 15,2023-08-03
P1200,Shirley,Evans,Doctor 50,2023-08-03
P1210,Kimberly,Hill,Doctor 21,2023-08-03
P1226,Brandon,Clark,Doctor 6,2023-08-03
P1267,Emma,Patel,Doctor 47,2023-08-03
P1296,Nancy,Campbell,Doctor 23,2023-08-03
P1422,Raymond,Taylor,Doctor 42,2023-08-03
P0054,Joseph,Clark,Doctor 4,2023-08-04
P0090,Stephen,Nelson,Doctor 15,2023-08-04
P0215,Kimberly,Morris,Doctor 12,2023-08-04
P0441,Sarah,Cruz,Doctor 24,2023-08-04
P0447,Mary,Robinson,Doctor 3,2023-08-04
P0507,Deborah,Perez,Doctor 11,2023-08-04
P0627,Thomas,King,Doctor 20,2023-08-04
P0733,Karen,Castillo,Doctor 16,2023-08-04
P0809,William,James,Doctor 5,2023-08-04
P1045,Matthew,Thompson,Doctor 11,2023-08-04
P1090,Michelle,Green,Doctor 25,2023-08-04
P1165,Jessica,Stewart,Doctor 29,2023-08-04
P1243,Sarah,Ward,Doctor 14,2023-08-04
P1336,Larry,Cruz,Doctor 28,2023-08-04
P1358,Sarah,Thompson,Doctor 24,2023-08-04
P1372,Barbara,Lee,Doctor 32,2023-08-04
P0095,Samuel,Parker,Doctor 23,2023-08-05
P0282,Patricia,Peterson,Doctor 49,2023-08-05
P0405,Donna,Campbell,Doctor 3,2023-08-05
P0435,Jerry,Evans,Doctor 4,2023-08-05
P0448,Helen,Moore,Doctor 36,2023-08-05
P0505,David,Patel,Doctor 15,2023-08-05
P0626,Linda,Morgan,Doctor 6,2023-08-05
P0779,George,Gomez,Doctor 34,2023-08-05
P0840,Nicholas,Scott,Doctor 37,2023-08-05
P0857,Ryan,Watson,Doctor 13,2023-08-05
P0904,Stephen,Green,Doctor 13,2023-08-05
P0994,Melissa,Ramos,Doctor 6,2023-08-05
P1047,Christopher,Parker,Doctor 25,2023-08-05
P1078,Eric,Flores,Doctor 19,2023-08-05
P1099,Elizabeth,Perez,Doctor 15,2023-08-05
P1123,Samuel,Morris,Doctor 18,2023-08-05
P1140,Elizabeth,Nelson,Doctor 40,2023-08-05
P1187,Timothy,Richardson,Doctor 36,2023-08-05
P1192,Nancy,Murphy,Doctor 23,2023-08-05
P1351,Frank,Castillo,Doctor 49,2023-08-05
P1372,Barbara,Lee,Doctor 36,2023-08-05
P1421,Brenda,Morgan,Doctor 23,2023-08-05
P1488,Cynthia,Castillo,Doctor 28,2023-08-05
P0017,Emma,Adams,Doctor 18,2023-08-06
P0065,Mark,Nelson,Doctor 48,2023-08-06
P0300,Lisa,Bennett,Doctor 41,2023-08-06
P0377,Brandon,Jackson,Doctor 34,2023-08-06
P0433,Michelle,Price,Doctor 34,2023-08-06
P0485,Emma,Thompson,Doctor 49,2023-08-06
P0490,Laura,Cox,Doctor 11,2023-08-06
P0546,Kenneth,Patel,Doctor 50,2023-08-06
P0722,Jennifer,Torres,Doctor 21,2023-08-06
P0830,Dennis,Morales,Doctor 37,2023-08-06
P0869,Joshua,Chavez,Doctor 14,2023-08-06
P0886,Anthony,Castillo,Doctor 33,2023-08-06
P0930,Richard,Murphy,Doctor 40,2023-08-06
P0978,Nancy,Robinson,Doctor 42,2023-08-06
P1135,Gary,Davis,Doctor 5,2023-08-06
P1173,Sharon,Mendoza,Doctor 8,2023-08-06
P1175,Sharon,Hill,Doctor 9,2023-08-06
P1280,Benjamin,Smith,Doctor 7,2023-08-06
P1352,Scott,Roberts,Doctor 29,2023-08-06
P1359,Joseph,Adams,Doctor 25,2023-08-06
P1383,Michelle,Perez,Doctor 8,2023-08-06
P1396,Linda,Rivera,Doctor 8,2023-08-06
P1405,Jennifer,Garcia,Doctor 14,2023-08-06
P1453,Sarah,Jones,Doctor 22,2023-08-06
P1507,Michelle,Watson,Doctor 10,2023-08-06
P0044,George,Hall,Doctor 33,2023-08-07
P0088,Robert,Howard,Doctor 35,2023-08-07
P0134,Gary,Miller,Doctor 14,2023-08-07
P0157,Dorothy,Young,Doctor 30,2023-08-07
P0204,Kimberly,Jones,Doctor 30,2023-08-07
P0226,Anthony,Adams,Doctor 37,2023-08-07
P0230,Brian,Gonzalez,Doctor 24,2023-08-07
P0405,Donna,Campbell,Doctor 10,2023-08-07
P0437,Jessica,Bennett,Doctor 39,2023-08-07
P0480,Anthony,Bennett,Doctor 45,2023-08-07
P0501,Deborah,Rivera,Doctor 46,2023-08-07
P0525,Michael,Richardson,Doctor 6,2023-08-07
P0621,Frank,Clark,Doctor 11,2023-08-07
P0670,Tyler,Lopez,Doctor 31,2023-08-07
P0671,Jeffrey,Roberts,Doctor 6,2023-08-07
P0827,Jack,Bailey,Doctor 17,2023-08-07
P0873,Sharon,King,Doctor 20,2023-08-07
P1045,Matthew,Thompson,Doctor 20,2023-08-07
P1076,Sandra,Gutierrez,Doctor 7,2023-08-07
P1131,Scott,Lewis,Doctor 9,2023-08-07
P1179,Jose,Murphy,Doctor 22,2023-08-07
P1197,Joseph,Phillips,Doctor 44,2023-08-07
P1311,Jessica,Rivera,Doctor 38,2023-08-07
P1532,David,Torres,Doctor 32,2023-08-07
P0028,Susan,Gomez,Doctor 28,2023-08-08
P0086,Patricia,Torres,Doctor 18,2023-08-08
P0206,Ryan,Howard,Doctor 11,2023-08-08
P0238,Benjamin,Wright,Doctor 37,2023-08-08
P0241,Laura,Wood,Doctor 6,2023-08-08
P0531,Joshua,Lee,Doctor 4,2023-08-08
P0542,Kenneth,Garcia,Doctor 40,2023-08-08
P0557,Benjamin,Richardson,Doctor 45,2023-08-08
P0569,Kenneth,Kim,Doctor 31,2023-08-08
P0572,Larry,Phillips,Doctor 38,2023-08-08
P0634,Jason,Anderson,Doctor 22,2023-08-08
P0859,Laura,Collins,Doctor 4,2023-08-08
P0872,Nancy,Taylor,Doctor 24,2023-08-08
P0891,Daniel,Morales,Doctor 42,2023-08-08
P0954,James,Baker,Doctor 28,2023-08-08
P1051,Brandon,Ruiz,Doctor 30,2023-08-08
P1225,David,Castillo,Doctor 35,2023-08-08
P1347,Helen,Smith,Doctor 8,2023-08-08
P1408,Sharon,Baker,Doctor 4,2023-08-08
P1455,Susan,Wright,Doctor 18,2023-08-08
P1526,Michelle,Gomez,Doctor 8,2023-08-08
P0252,Angela,Myers,Doctor 20,2023-08-09
P0258,Dennis,Mendoza,Doctor 24,2023-08-09
P0299,Jessica,Harris,Doctor 1,2023-08-09
P0469,Karen,Williams,Doctor 11,2023-08-09
P0496,David,Garcia,Doctor 29,2023-08-09
P0746,Sharon,Anderson,Doctor 6,2023-08-09
P0750,Patricia,Kelly,Doctor 27,2023-08-09
P0817,Laura,Ramos,Doctor 44,2023-08-09
P0836,Patrick,Phillips,Doctor 40,2023-08-09
P0841,Nancy,Hall,Doctor 39,2023-08-09
P0885,Joseph,Morgan,Doctor 43,2023-08-09
P0901,Emma,Perez,Doctor 26,2023-08-09
P0968,Dennis,Reed,Doctor 49,2023-08-09
P1003,Michelle,Thompson,Doctor 37,2023-08-09
P1064,Brandon,Peterson,Doctor 8,2023-08-09
P1145,Mary,Scott,Doctor 39,2023-08-09
P1202,Jonathan,Hall,Doctor 16,2023-08-09
P1253,Brandon,Howard,Doctor 18,2023-08-09
P1303,Melissa,Lewis,Doctor 39,2023-08-09
P1378,Joseph,Rogers,Doctor 27,2023-08-09
P0057,Nicholas,Gomez,Doctor 47,2023-08-10
P0260,Laura,Gray,Doctor 15,2023-08-10
P0405,Donna,Campbell,Doctor 10,2023-08-10
P0500,Jennifer,Hall,Doctor 10,2023-08-10
P0583,Linda,Miller,Doctor 23,2023-08-10
P0591,William,Sanchez,Doctor 29,2023-08-10
P0624,Sarah,Hall,Doctor 24,2023-08-10
P0634,Jason,Anderson,Doctor 22,2023-08-10
P0646,Elizabeth,Rodriguez,Doctor 36,2023-08-10
P0698,Deborah,Lewis,Doctor 18,2023-08-10
P0716,George,Richardson,Doctor 30,2023-08-10
P0795,Carol,Mitchell,Doctor 30,2023-08-10
P0808,Thomas,Hill,Doctor 31,2023-08-10
P0811,Dennis,Flores,Doctor 3,2023-08-10
P0812,Karen,Rodriguez,Doctor 32,2023-08-10
P1039,Edward,Hall,Doctor 3,2023-08-10
P1047,Christopher,Parker,Doctor 25,2023-08-10
P1119,Emma,Rogers,Doctor 11,2023-08-10
P1270,Kenneth,Cook,Doctor 36,2023-08-10
P1405,Jennifer,Garcia,Doctor 14,2023-08-10
P0123,Larry,Jones,Doctor 18,2023-08-11
P0245,Jacob,Ramirez,Doctor 30,2023-08-11
P0339,Jerry,Ward,Doctor 41,2023-08-11
P0362,Carol,Evans,Doctor 40,2023-08-11
P0452,Mark,Lewis,Doctor 6,2023-08-11
P0622,Kenneth,Murphy,Doctor 1,2023-08-11
P0623,Ronald,Smith,Doctor 44,2023-08-11
P0632,Angela,Murphy,Doctor 43,2023-08-11
P0687,Brenda,Collins,Doctor 11,2023-08-11
P0732,Patricia,Taylor,Doctor 20,2023-08-11
P0784,John,Cook,Doctor 8,2023-08-11
P1033,Robert,Castillo,Doctor 38,2023-08-11
P1129,Donna,Murphy,Doctor 33,2023-08-11
P1213,Justin,Jones,Doctor 25,2023-08-11
P1242,Melissa,Martin,Doctor 1,2023-08-11
P1304,Shirley,Campbell,Doctor 28,2023-08-11
P1427,Deborah,Bennett,Doctor 44,2023-08-11
P1440,Jacob,Williams,Doctor 6,2023-08-11
P1470,Virginia,Hall,Doctor 9,2023-08-11
P0032,Robert,Murphy,Doctor 11,2023-08-12
P0299,Jessica,Harris,Doctor 1,2023-08-12
P0363,William,White,Doctor 11,2023-08-12
P0540,Deborah,Morgan,Doctor 34,2023-08-12
P0633,Samuel,Allen,Doctor 16,2023-08-12
P0854,Jack,Torres,Doctor 41,2023-08-12
P0894,Michelle,Rodriguez,Doctor 44,2023-08-12
P0949,Sandra,Evans,Doctor 29,2023-08-12
P0954,James,Baker,Doctor 26,2023-08-12
P0987,Mary,King,Doctor 28,2023-08-12
P1118,William,Kelly,Doctor 18,2023-08-12
P1208,Lisa,Evans,Doctor 39,2023-08-12
P1235,Gary,Thompson,Doctor 9,2023-08-12
P1239,Jeffrey,Chavez,Doctor 27,2023-08-12
P1410,Shirley,Moore,Doctor 34,2023-08-12
P1444,Sandra,Smith,Doctor 48,2023-08-12
P1448,Sarah,Garcia,Doctor 37,2023-08-12
P1477,Jessica,Phillips,Doctor 33,2023-08-12
P0056,Ruth,Allen,Doctor 34,2023-08-13
P0089,Scott,Anderson,Doctor 43,2023-08-13
P0259,Anna,Adams,Doctor 4,2023-08-13
P0314,Michelle,Smith,Doctor 21,2023-08-13
P0359,Larry,Alvarez,Doctor 18,2023-08-13
P0423,Gregory,Moore,Doctor 4,2023-08-13
P0578,Michelle,Johnson,Doctor 31,2023-08-13
P0582,Alexander,Wood,Doctor 45,2023-08-13
P0609,Betty,Moore,Doctor 28,2023-08-13
P0623,Ronald,Smith,Doctor 46,2023-08-13
P0657,Sandra,Castillo,Doctor 44,2023-08-13
P0844,Frank,Stewart,Doctor 37,2023-08-13
P0858,Sarah,James,Doctor 19,2023-08-13
P0890,Helen,Miller,Doctor 48,2023-08-13
P0958,Gregory,Roberts,Doctor 35,2023-08-13
P0979,Michelle,Bennett,Doctor 32,2023-08-13
P1082,Gary,Richardson,Doctor 35,2023-08-13
P1264,Barbara,Carter,Doctor 39,2023-08-13
P1309,Barbara,Reyes,Doctor 34,2023-08-13
P1311,Jessica,Rivera,Doctor 38,2023-08-13
P1447,Ryan,Martinez,Doctor 40,2023-08-13
P1449,Benjamin,Sanchez,Doctor 39,2023-08-13
P0035,Kevin,Stewart,Doctor 25,2023-08-14
P0118,Ryan,Hughes,Doctor 11,2023-08-14
P0179,Carol,Williams,Doctor 35,2023-08-14
P0216,Nancy,Stewart,Doctor 42,2023-08-14
P0264,Scott,Ward,Doctor 20,2023-08-14
P0333,Kimberly,Howard,Doctor 38,2023-08-14
P0351,Carol,Chavez,Doctor 46,2023-08-14
P0415,Benjamin,Roberts,Doctor 44,2023-08-14
P0437,Jessica,Bennett,Doctor 33,2023-08-14
P0514,Patrick,Watson,Doctor 50,2023-08-14
P0656,Mark,Collins,Doctor 18,2023-08-14
P0869,Joshua,Chavez,Doctor 14,2023-08-14
P0887,Karen,Lewis,Doctor 33,2023-08-14
P0981,Dennis,Bennett,Doctor 7,2023-08-14
P1077,William,Morgan,Doctor 44,2023-08-14
P1293,Eric,Thompson,Doctor 21,2023-08-14
P1299,Sharon,Torres,Doctor 22,2023-08-14
P1451,Mary,Peterson,Doctor 45,2023-08-14
P1496,Barbara,Hall,Doctor 41,2023-08-14
P1533,Shirley,Parker,Doctor 13,2023-08-14
P0074,Dorothy,Rogers,Doctor 41,2023-08-15
P0201,Ronald,Bailey,Doctor 40,2023-08-15
P0250,Eric,Adams,Doctor 37,2023-08-15
P0325,Steven,Gutierrez,Doctor 13,2023-08-15
P0357,Kevin,Martin,Doctor 27,2023-08-15
P0424,Dennis,Sanders,Doctor 14,2023-08-15
P0428,Kimberly,Anderson,Doctor 44,2023-08-15
P0445,Edward,Taylor,Doctor 25,2023-08-15
P0469,Karen,Williams,Doctor 11,2023-08-15
P0568,Sharon,Cruz,Doctor 34,2023-08-15
P0615,Dennis,Gonzalez,Doctor 27,2023-08-15
P0696,Helen,Richardson,Doctor 40,2023-08-15
P0788,Brandon,Myers,Doctor 28,2023-08-15
P0926,Deborah,Collins,Doctor 30,2023-08-15
P1049,Dennis,Hall,Doctor 28,2023-08-15
P1130,Angela,Mitchell,Doctor 42,2023-08-15
P1245,Anna,Davis,Doctor 2,2023-08-15
P1427,Deborah,Bennett,Doctor 44,2023-08-15
P1462,James,Reyes,Doctor 1,2023-08-15
P0104,Brandon,Cook,Doctor 24,2023-08-16
P0139,Ronald,James,Doctor 4,2023-08-16
P0145,Jerry,Williams,Doctor 22,2023-08-16
P0170,Michael,Campbell,Doctor 49,2023-08-16
P0180,Virginia,Lopez,Doctor 11,2023-08-16
P0195,Brian,Wilson,Doctor 6,2023-08-16
P0249,Steven,Cooper,Doctor 34,2023-08-16
P0274,Carol,Moore,Doctor 43,2023-08-16
P0288,Alexander,Smith,Doctor 7,2023-08-16
P0318,Brian,Hughes,Doctor 27,2023-08-16
P0320,Scott,Chavez,Doctor 40,2023-08-16
P0331,Jessica,Brooks,Doctor 3,2023-08-16
P0517,Robert,Lee,Doctor 46,2023-08-16
P0538,Barbara,Peterson,Doctor 25,2023-08-16
P0538,Barbara,Peterson,Doctor 25,2023-08-16
P0608,Michael,Ramos,Doctor 11,2023-08-16
P0720,Aaron,Chavez,Doctor 16,2023-08-16
P0734,Donald,Harris,Doctor 44,2023-08-16
P0929,Carol,Gonzalez,Doctor 27,2023-08-16
P1074,Samuel,Nelson,Doctor 15,2023-08-16
P1149,Samuel,Turner,Doctor 18,2023-08-16
P1185,Kevin,Cooper,Doctor 43,2023-08-16
P1250,Anthony,Parker,Doctor 38,2023-08-16
P1261,Gary,Williams,Doctor 1,2023-08-16
P1371,Nancy,Adams,Doctor 34,2023-08-16
P1523,Patricia,Ward,Doctor 29,2023-08-16
P0024,Gary,Hill,Doctor 19,2023-08-17
P0078,Anna,Hill,Doctor 14,2023-08-17
P0167,Helen,Clark,Doctor 46,2023-08-17
P0172,Sarah,Castillo,Doctor 42,2023-08-17
P0202,Dorothy,Patel,Doctor 23,2023-08-17
P0414,Kimberly,Perez,Doctor 39,2023-08-17
P0450,Sarah,Anderson,Doctor 36,2023-08-17
P0508,Kimberly,Hughes,Doctor 35,2023-08-17
P0515,Susan,Green,Doctor 32,2023-08-17
P0526,Susan,Castillo,Doctor 10,2023-08-17
P0875,Laura,Baker,Doctor 28,2023-08-17
P1076,Sandra,Gutierrez,Doctor 7,2023-08-17
P1119,Emma,Rogers,Doctor 11,2023-08-17
P1137,Charles,Johnson,Doctor 1,2023-08-17
P1153,Timothy,King,Doctor 17,2023-08-17
P1218,Donna,Harris,Doctor 24,2023-08-17
P1237,Sandra,Edwards,Doctor 21,2023-08-17
P1310,Richard,Sanders,Doctor 10,2023-08-17
P1315,Larry,Sanchez,Doctor 40,2023-08-17
P1380,Matthew,Bennett,Doctor 29,2023-08-17
P1409,George,Morgan,Doctor 48,2023-08-17
P1464,Alexander,Hernandez,Doctor 26,2023-08-17
P1475,Gary,Gomez,Doctor 46,2023-08-17
P0114,Joseph,Castillo,Doctor 31,2023-08-18
P0176,Melissa,Cox,Doctor 27,2023-08-18
P0201,Ronald,Bailey,Doctor 40,2023-08-18
P0332,Jeffrey,Gonzalez,Doctor 44,2023-08-18
P0361,Kevin,Castillo,Doctor 13,2023-08-18
P0401,Gregory,Hill,Doctor 7,2023-08-18
P0402,Brenda,Davis,Doctor 9,2023-08-18
P0422,Laura,Gomez,Doctor 37,2023-08-18
P0500,Jennifer,Hall,Doctor 10,2023-08-18
P0573,Justin,Morales,Doctor 48,2023-08-18
P0588,Samuel,Sanders,Doctor 15,2023-08-18
P0638,Sarah,Wright,Doctor 19,2023-08-18
P0696,Helen,Richardson,Doctor 40,2023-08-18
P0836,Patrick,Phillips,Doctor 40,2023-08-18
P0847,Donald,Allen,Doctor 29,2023-08-18
P0856,Charles,Harris,Doctor 2,2023-08-18
P0873,Sharon,King,Doctor 20,2023-08-18
P0912,Kathleen,Hall,Doctor 28,2023-08-18
P0955,Ryan,Parker,Doctor 38,2023-08-18
P0960,Kimberly,Castillo,Doctor 41,2023-08-18
P0983,Jessica,Gonzalez,Doctor 4,2023-08-18
P0997,Brian,Cox,Doctor 19,2023-08-18
P1016,Gary,Ramos,Doctor 9,2023-08-18
P1038,Kathleen,Phillips,Doctor 18,2023-08-18
P1064,Brandon,Peterson,Doctor 8,2023-08-18
P1205,Christopher,Garcia,Doctor 20,2023-08-18
P1356,Gregory,Scott,Doctor 40,2023-08-18
P1442,Joshua,Thomas,Doctor 26,2023-08-18
P1449,Benjamin,Sanchez,Doctor 6,2023-08-18
P1455,Susan,Wright,Doctor 18,2023-08-18
P1500,Brenda,Turner,Doctor 20,2023-08-18
P0007,Dorothy,Lewis,Doctor 20,2023-08-19
P0145,Jerry,Williams,Doctor 22,2023-08-19
P0214,Anna,Collins,Doctor 15,2023-08-19
P0484,Michael,Garcia,Doctor 49,2023-08-19
P0514,Patrick,Watson,Doctor 1,2023-08-19
P0548,Ryan,Lopez,Doctor 16,2023-08-19
P0549,Thomas,Martinez,Doctor 48,2023-08-19
P0559,Sharon,Alvarez,Doctor 47,2023-08-19
P0706,Patricia,Morris,Doctor 25,2023-08-19
P0753,David,James,Doctor 19,2023-08-19
P0898,Eric,Peterson,Doctor 14,2023-08-19
P0993,Steven,Flores,Doctor 33,2023-08-19
P1018,Helen,Phillips,Doctor 50,2023-08-19
P1114,Christopher,Hall,Doctor 17,2023-08-19
P1303,Melissa,Lewis,Doctor 21,2023-08-19
P1305,Sarah,Ruiz,Doctor 24,2023-08-19
P1492,Jason,Kelly,Doctor 45,2023-08-19
P0043,Patrick,Wilson,Doctor 3,2023-08-20
P0321,Sarah,King,Doctor 42,2023-08-20
P0331,Jessica,Brooks,Doctor 3,2023-08-20
P0367,Donald,Wright,Doctor 46,2023-08-20
P0421,Sharon,Ramos,Doctor 44,2023-08-20
P0491,Donna,Hernandez,Doctor 20,2023-08-20
P0528,Brandon,Gray,Doctor 42,2023-08-20
P0551,Jonathan,Gomez,Doctor 41,2023-08-20
P0607,Angela,Price,Doctor 3,2023-08-20
P0661,Jeffrey,Hughes,Doctor 22,2023-08-20
P0736,Donna,Wright,Doctor 32,2023-08-20
P0745,Larry,Edwards,Doctor 19,2023-08-20
P0817,Laura,Ramos,Doctor 44,2023-08-20
P0817,Laura,Ramos,Doctor 44,2023-08-20
P0832,Michael,Bennett,Doctor 37,2023-08-20
P1049,Dennis,Hall,Doctor 28,2023-08-20
P1081,Stephen,Garcia,Doctor 22,2023-08-20
P1156,Tyler,Smith,Doctor 15,2023-08-20
P1168,Patrick,Martinez,Doctor 34,2023-08-20
P1306,Donald,Alvarez,Doctor 13,2023-08-20
P1513,James,Castillo,Doctor 16,2023-08-20
P0015,Jerry,Richardson,Doctor 22,2023-08-21
P0081,Sandra,Torres,Doctor 7,2023-08-21
P0162,Michelle,Alvarez,Doctor 16,2023-08-21
P0167,Helen,Clark,Doctor 46,2023-08-21
P0187,Brian,Young,Doctor 14,2023-08-21
P0223,Benjamin,Clark,Doctor 10,2023-08-21
P0235,Christopher,Perez,Doctor 45,2023-08-21
P0347,Jacob,Murphy,Doctor 47,2023-08-21
P0411,Nicholas,Stewart,Doctor 44,2023-08-21
P0465,Joshua,Cox,Doctor 19,2023-08-21
P0493,Sharon,Wilson,Doctor 3,2023-08-21
P0535,Brian,Ruiz,Doctor 43,2023-08-21
P0591,William,Sanchez,Doctor 29,2023-08-21
P0847,Donald,Allen,Doctor 17,2023-08-21
P0969,Cynthia,Green,Doctor 19,2023-08-21
P1190,Jessica,Gray,Doctor 25,2023-08-21
P1224,David,Cruz,Doctor 29,2023-08-21
P1330,Laura,Hughes,Doctor 24,2023-08-21
P1339,Deborah,Hall,Doctor 7,2023-08-21
P1367,Anthony,Chavez,Doctor 10,2023-08-21
P1384,Cynthia,Campbell,Doctor 50,2023-08-21
P1417,Kimberly,Wright,Doctor 22,2023-08-21
P1447,Ryan,Martinez,Doctor 40,2023-08-21
P1495,Rebecca,Kelly,Doctor 39,2023-08-21
P1500,Brenda,Turner,Doctor 3,2023-08-21
P0003,Sandra,Wright,Doctor 4,2023-08-22
P0058,Christopher,Brooks,Doctor 50,2023-08-22
P0070,Thomas,Campbell,Doctor 18,2023-08-22
P0154,Brian,Wright,Doctor 3,2023-08-22
P0242,Deborah,Murphy,Doctor 38,2023-08-22
P0390,Frank,Bailey,Doctor 10,2023-08-22
P0529,Anthony,Phillips,Doctor 12,2023-08-22
P0586,Jonathan,Sanders,Doctor 7,2023-08-22
P0621,Frank,Clark,Doctor 11,2023-08-22
P0779,George,Gomez,Doctor 9,2023-08-22
P0788,Brandon,Myers,Doctor 28,2023-08-22
P0794,Jonathan,Moore,Doctor 24,2023-08-22
P0881,Christopher,Ruiz,Doctor 47,2023-08-22
P0944,Daniel,Gutierrez,Doctor 7,2023-08-22
P1029,Michael,Johnson,Doctor 1,2023-08-22
P1138,Scott,Phillips,Doctor 34,2023-08-22
P1225,David,Castillo,Doctor 26,2023-08-22
P0011,Michael,Morris,Doctor 28,2023-08-23
P0051,Anthony,Brown,Doctor 28,2023-08-23
P0119,Kathleen,Cruz,Doctor 4,2023-08-23
P0207,Justin,Bailey,Doctor 41,2023-08-23
P0265,Eric,Nelson,Doctor 23,2023-08-23
P0609,Betty,Moore,Doctor 28,2023-08-23
P0612,Nancy,Roberts,Doctor 18,2023-08-23
P0657,Sandra,Castillo,Doctor 44,2023-08-23
P0673,Jessica,Clark,Doctor 32,2023-08-23
P0775,Stephen,Clark,Doctor 49,2023-08-23
P0829,Joshua,Torres,Doctor 34,2023-08-23
P0918,James,Morris,Doctor 15,2023-08-23
P0955,Ryan,Parker,Doctor 38,2023-08-23
P1034,Kenneth,Morgan,Doctor 50,2023-08-23
P1114,Christopher,Hall,Doctor 40,2023-08-23
P1141,Virginia,Mendoza,Doctor 7,2023-08-23
P1179,Jose,Murphy,Doctor 22,2023-08-23
P1182,Larry,Nguyen,Doctor 30,2023-08-23
P1190,Jessica,Gray,Doctor 25,2023-08-23
P1446,Karen,James,Doctor 31,2023-08-23
P1477,Jessica,Phillips,Doctor 33,2023-08-23
P1523,Patricia,Ward,Doctor 29,2023-08-23
P0031,Ruth,James,Doctor 31,2023-08-24
P0058,Christopher,Brooks,Doctor 50,2023-08-24
P0187,Brian,Young,Doctor 46,2023-08-24
P0270,Donald,Wilson,Doctor 25,2023-08-24
P0338,Lisa,Gomez,Doctor 41,2023-08-24
P0419,John,Evans,Doctor 3,2023-08-24
P0439,Sharon,Hall,Doctor 37,2023-08-24
P0443,Anthony,Roberts,Doctor 32,2023-08-24
P0462,Michael,Price,Doctor 50,2023-08-24
P0474,Jack,Gutierrez,Doctor 37,2023-08-24
P0488,Michelle,Kelly,Doctor 42,2023-08-24
P0517,Robert,Lee,Doctor 46,2023-08-24
P0693,Nicholas,Thomas,Doctor 20,2023-08-24
P0770,Steven,Parker,Doctor 17,2023-08-24
P0803,Robert,Wright,Doctor 38,2023-08-24
P0940,Melissa,Cruz,Doctor 10,2023-08-24
P1012,Helen,Thomas,Doctor 7,2023-08-24
P1139,Ryan,Reyes,Doctor 7,2023-08-24
P1163,Betty,Gomez,Doctor 7,2023-08-24
P1268,Cynthia,Ward,Doctor 12,2023-08-24
P1417,Kimberly,Wright,Doctor 22,2023-08-24
P1441,Betty,Martin,Doctor 49,2023-08-24
P1460,Barbara,King,Doctor 3,2023-08-24
P1461,Sharon,Martinez,Doctor 9,2023-08-24
P1476,Brandon,Turner,Doctor 50,2023-08-24
P1492,Jason,Kelly,Doctor 45,2023-08-24
P0129,Laura,Roberts,Doctor 3,2023-08-25
P0173,Robert,Sanders,Doctor 25,2023-08-25
P0230,Brian,Gonzalez,Doctor 24,2023-08-25
P0275,Samuel,Phillips,Doctor 18,2023-08-25
P0307,Ruth,Collins,Doctor 31,2023-08-25
P0560,Emma,Martin,Doctor 33,2023-08-25
P0613,Mary,Davis,Doctor 7,2023-08-25
P0636,Linda,Hernandez,Doctor 5,2023-08-25
P0731,Brian,Ramirez,Doctor 21,2023-08-25
P0770,Steven,Parker,Doctor 17,2023-08-25
P0783,Lisa,White,Doctor 16,2023-08-25
P0834,Barbara,Brown,Doctor 32,2023-08-25
P0920,Elizabeth,Moore,Doctor 2,2023-08-25
P0937,Gregory,Robinson,Doctor 37,2023-08-25
P1057,Rebecca,Williams,Doctor 45,2023-08-25
P1178,Dennis,White,Doctor 33,2023-08-25
P1194,Tyler,Morgan,Doctor 25,2023-08-25
P1208,Lisa,Evans,Doctor 39,2023-08-25
P1266,Shirley,Cook,Doctor 50,2023-08-25
P1387,Dorothy,Roberts,Doctor 3,2023-08-25
P1423,Benjamin,Castillo,Doctor 21,2023-08-25
P1462,James,Reyes,Doctor 21,2023-08-25
P0164,Jack,Sanchez,Doctor 16,2023-08-26
P0192,Gary,Ruiz,Doctor 43,2023-08-26
P0308,Emma,Castillo,Doctor 46,2023-08-26
P0346,Michelle,James,Doctor 21,2023-08-26
P0457,Deborah,King,Doctor 15,2023-08-26
P0610,Carol,Carter,Doctor 11,2023-08-26
P0700,Lisa,Ruiz,Doctor 50,2023-08-26
P0765,Deborah,Martin,Doctor 39,2023-08-26
P0797,Michelle,King,Doctor 3,2023-08-26
P0900,Lisa,Ortiz,Doctor 8,2023-08-26
P0918,James,Morris,Doctor 37,2023-08-26
P0973,Brian,Kim,Doctor 20,2023-08-26
P1228,Michelle,Morris,Doctor 12,2023-08-26
P1459,Linda,Jones,Doctor 44,2023-08-26
P1530,Virginia,Ortiz,Doctor 11,2023-08-26
P0036,Shirley,Adams,Doctor 49,2023-08-27
P0038,Lisa,Patel,Doctor 22,2023-08-27
P0149,Frank,King,Doctor 3,2023-08-27
P0193,Aaron,Taylor,Doctor 21,2023-08-27
P0238,Benjamin,Wright,Doctor 37,2023-08-27
P0513,Patrick,Smith,Doctor 8,2023-08-27
P0641,Charles,Mendoza,Doctor 10,2023-08-27
P0643,Sarah,Mitchell,Doctor 45,2023-08-27
P0829,Joshua,Torres,Doctor 34,2023-08-27
P0850,Eric,Gonzalez,Doctor 10,2023-08-27
P0900,Lisa,Ortiz,Doctor 8,2023-08-27
P0944,Daniel,Gutierrez,Doctor 7,2023-08-27
P1045,Matthew,Thompson,Doctor 20,2023-08-27
P1045,Matthew,Thompson,Doctor 30,2023-08-27
P1134,Sarah,Baker,Doctor 16,2023-08-27
P1160,Sarah,Smith,Doctor 46,2023-08-27
P1194,Tyler,Morgan,Doctor 25,2023-08-27
P1418,Sandra,Allen,Doctor 4,2023-08-27
P1526,Michelle,Gomez,Doctor 30,2023-08-27
P0008,Joshua,Castillo,Doctor 15,2023-08-28
P0105,Dennis,Hughes,Doctor 10,2023-08-28
P0153,Sharon,Hernandez,Doctor 41,2023-08-28
P0184,Benjamin,Peterson,Doctor 42,2023-08-28
P0318,Brian,Hughes,Doctor 27,2023-08-28
P0337,John,Ortiz,Doctor 34,2023-08-28
P0356,Carol,Castillo,Doctor 50,2023-08-28
P0382,Gary,Jones,Doctor 35,2023-08-28
P0458,George,King,Doctor 28,2023-08-28
P0557,Benjamin,Richardson,Doctor 45,2023-08-28
P0573,Justin,Morales,Doctor 48,2023-08-28
P0786,Joseph,Lee,Doctor 37,2023-08-28
P0795,Carol,Mitchell,Doctor 30,2023-08-28
P0825,Christopher,Howard,Doctor 39,2023-08-28
P0867,Linda,Kelly,Doctor 16,2023-08-28
P0967,Patrick,Chavez,Doctor 43,2023-08-28
P1026,Larry,Taylor,Doctor 13,2023-08-28
P1029,Michael,Johnson,Doctor 35,2023-08-28
P1164,Raymond,Peterson,Doctor 7,2023-08-28
P1185,Kevin,Cooper,Doctor 43,2023-08-28
P1308,Dennis,Young,Doctor 10,2023-08-28
P1343,Dorothy,Castillo,Doctor 44,2023-08-28
P1372,Barbara,Lee,Doctor 28,2023-08-28
P1379,Michael,Howard,Doctor 19,2023-08-28
P1424,Rebecca,Edwards,Doctor 40,2023-08-28
P1435,Mary,Nelson,Doctor 31,2023-08-28
P0070,Thomas,Campbell,Doctor 43,2023-08-29
P0151,Laura,Davis,Doctor 40,2023-08-29
P0201,Ronald,Bailey,Doctor 40,2023-08-29
P0211,Kevin,Howard,Doctor 42,2023-08-29
P0218,Scott,Ramos,Doctor 17,2023-08-29
P0279,Brandon,Ward,Doctor 17,2023-08-29
P0361,Kevin,Castillo,Doctor 13,2023-08-29
P0556,Sharon,Parker,Doctor 49,2023-08-29
P0566,Charles,Lopez,Doctor 41,2023-08-29
P0600,Kimberly,Gonzalez,Doctor 1,2023-08-29
P0606,Andrew,Walker,Doctor 47,2023-08-29
P0609,Betty,Moore,Doctor 28,2023-08-29
P0648,Tyler,King,Doctor 48,2023-08-29
P0999,Carol,Torres,Doctor 26,2023-08-29
P1040,Jonathan,Jackson,Doctor 20,2023-08-29
P1362,Mark,Martin,Doctor 5,2023-08-29
P1386,Sandra,Diaz,Doctor 41,2023-08-29
P1400,Brandon,Bennett,Doctor 11,2023-08-29
P1491,Jennifer,Myers,Doctor 12,2023-08-29
P1537,Kevin,Reed,Doctor 2,2023-08-29
P0069,Eric,Nguyen,Doctor 17,2023-08-30
P0182,Jessica,Diaz,Doctor 9,2023-08-30
P0326,Anthony,Ruiz,Doctor 44,2023-08-30
P0348,Nancy,Cook,Doctor 18,2023-08-30
P0355,Emma,Gray,Doctor 39,2023-08-30
P0507,Deborah,Perez,Doctor 11,2023-08-30
P0548,Ryan,Lopez,Doctor 25,2023-08-30
P0550,Tyler,Green,Doctor 18,2023-08-30
P0554,Justin,Myers,Doctor 11,2023-08-30
P0616,Benjamin,Mendoza,Doctor 26,2023-08-30
P0717,Sandra,Adams,Doctor 44,2023-08-30
P0820,Sharon,Miller,Doctor 33,2023-08-30
P0893,Rebecca,Turner,Doctor 35,2023-08-30
P0963,Karen,Gray,Doctor 15,2023-08-30
P1014,Lisa,Diaz,Doctor 29,2023-08-30
P1052,Sharon,Wright,Doctor 28,2023-08-30
P1060,Timothy,Wood,Doctor 13,2023-08-30
P1174,Brenda,Hernandez,Doctor 25,2023-08-30
P1255,Donna,Morales,Doctor 50,2023-08-30
P1260,Jessica,James,Doctor 42,2023-08-30
P1292,Michael,Moore,Doctor 31,2023-08-30
P1369,Angela,Chavez,Doctor 45,2023-08-30
P1437,Frank,Mendoza,Doctor 41,2023-08-30
P1460,Barbara,King,Doctor 3,2023-08-30
P0254,Daniel,Nelson,Doctor 15,2023-08-31
P0286,Jennifer,Gutierrez,Doctor 50,2023-08-31
P0518,Patricia,Diaz,Doctor 28,2023-08-31
P0524,Daniel,Kelly,Doctor 31,2023-08-31
P0607,Angela,Price,Doctor 3,2023-08-31
P0632,Angela,Murphy,Doctor 43,2023-08-31
P0642,Sandra,James,Doctor 3,2023-08-31
P0663,Carol,Jackson,Doctor 14,2023-08-31
P0745,Larry,Edwards,Doctor 19,2023-08-31
P0790,Alexander,Sanders,Doctor 42,2023-08-31
P0804,Lisa,Cox,Doctor 47,2023-08-31
P0871,Matthew,Sanchez,Doctor 47,2023-08-31
P0879,John,Turner,Doctor 19,2023-08-31
P1131,Scott,Lewis,Doctor 9,2023-08-31
P1182,Larry,Nguyen,Doctor 30,2023-08-31
P1201,Gregory,Rogers,Doctor 37,2023-08-31
P1231,Ronald,Harris,Doctor 34,2023-08-31
P0037,Sarah,Johnson,Doctor 40,2023-09-01
P0110,Jose,Nguyen,Doctor 49,2023-09-01
P0132,Carol,Hernandez,Doctor 31,2023-09-01
P0200,Elizabeth,Richardson,Doctor 8,2023-09-01
P0247,Carol,Clark,Doctor 10,2023-09-01
P0275,Samuel,Phillips,Doctor 18,2023-09-01
P0387,Brandon,Mendoza,Doctor 37,2023-09-01
P0410,Aaron,Lee,Doctor 49,2023-09-01
P0501,Deborah,Rivera,Doctor 46,2023-09-01
P0567,Laura,Jones,Doctor 4,2023-09-01
P0629,Daniel,Ward,Doctor 38,2023-09-01
P0675,Justin,Sanchez,Doctor 42,2023-09-01
P0726,David,Bailey,Doctor 10,2023-09-01
P0760,Sarah,Brooks,Doctor 15,2023-09-01
P0786,Joseph,Lee,Doctor 37,2023-09-01
P0829,Joshua,Torres,Doctor 34,2023-09-01
P0961,Kevin,Cruz,Doctor 14,2023-09-01
P1030,Stephen,Murphy,Doctor 3,2023-09-01
P1156,Tyler,Smith,Doctor 15,2023-09-01
P1161,Angela,Davis,Doctor 4,2023-09-01
P1176,Mark,Sanchez,Doctor 33,2023-09-01
P1180,William,Martin,Doctor 17,2023-09-01
P1235,Gary,Thompson,Doctor 9,2023-09-01
P1239,Jeffrey,Chavez,Doctor 38,2023-09-01
P1259,Helen,Turner,Doctor 41,2023-09-01
P1334,Susan,Gray,Doctor 43,2023-09-01
P1348,Dorothy,Brooks,Doctor 47,2023-09-01
P1492,Jason,Kelly,Doctor 22,2023-09-01
P1536,Brian,Hernandez,Doctor 14,2023-09-01
P0091,Kenneth,Robinson,Doctor 4,2023-09-02
P0189,Laura,Ward,Doctor 12,2023-09-02
P0250,Eric,Adams,Doctor 37,2023-09-02
P0279,Brandon,Ward,Doctor 17,2023-09-02
P0446,Nicholas,Gutierrez,Doctor 49,2023-09-02
P0458,George,King,Doctor 28,2023-09-02
P0479,David,Bennett,Doctor 5,2023-09-02
P0660,Justin,Edwards,Doctor 1,2023-09-02
P0804,Lisa,Cox,Doctor 47,2023-09-02
P0943,Kevin,Gray,Doctor 21,2023-09-02
P0979,Michelle,Bennett,Doctor 32,2023-09-02
P1001,Eric,Morales,Doctor 8,2023-09-02
P1015,Richard,Ramos,Doctor 15,2023-09-02
P1090,Michelle,Green,Doctor 25,2023-09-02
P1194,Tyler,Morgan,Doctor 25,2023-09-02
P1205,Christopher,Garcia,Doctor 20,2023-09-02
P1370,Ruth,Clark,Doctor 24,2023-09-02
P1386,Sandra,Diaz,Doctor 41,2023-09-02
P1450,Gregory,Allen,Doctor 33,2023-09-02
P1500,Brenda,Turner,Doctor 3,2023-09-02
P1511,Mark,Phillips,Doctor 25,2023-09-02
P0085,Sarah,Alvarez,Doctor 32,2023-09-03
P0222,Kenneth,Adams,Doctor 45,2023-09-03
P0242,Deborah,Murphy,Doctor 13,2023-09-03
P0246,Dennis,Peterson,Doctor 24,2023-09-03
P0353,Michelle,Cruz,Doctor 22,2023-09-03
P0396,Robert,Edwards,Doctor 12,2023-09-03
P0428,Kimberly,Anderson,Doctor 35,2023-09-03
P0588,Samuel,Sanders,Doctor 1,2023-09-03
P0590,Mark,Adams,Doctor 37,2023-09-03
P0652,Jacob,Lee,Doctor 5,2023-09-03
P0679,George,Ramos,Doctor 41,2023-09-03
P0848,Timothy,Lopez,Doctor 4,2023-09-03
P0892,James,Collins,Doctor 22,2023-09-03
P0997,Brian,Cox,Doctor 46,2023-09-03
P1077,William,Morgan,Doctor 44,2023-09-03
P1133,Kenneth,Reyes,Doctor 29,2023-09-03
P1135,Gary,Davis,Doctor 5,2023-09-03
P1192,Nancy,Murphy,Doctor 23,2023-09-03
P1229,Deborah,Kim,Doctor 8,2023-09-03
P1246,Dennis,Cox,Doctor 45,2023-09-03
P1263,Lisa,Mendoza,Doctor 6,2023-09-03
P1284,Dorothy,Morris,Doctor 34,2023-09-03
P1321,Brandon,Hughes,Doctor 15,2023-09-03
P1368,Helen,Cruz,Doctor 31,2023-09-03
P1471,Gary,Bennett,Doctor 25,2023-09-03
P1508,Sharon,Sanchez,Doctor 16,2023-09-03
P1517,Kenneth,Hernandez,Doctor 28,2023-09-03
P0235,Christopher,Perez,Doctor 31,2023-09-04
P0242,Deborah,Murphy,Doctor 13,2023-09-04
P0265,Eric,Nelson,Doctor 23,2023-09-04
P0271,Ruth,Roberts,Doctor 12,2023-09-04
P0310,Michael,Brown,Doctor 8,2023-09-04
P0373,Carol,Cook,Doctor 14,2023-09-04
P0379,Scott,Nguyen,Doctor 22,2023-09-04
P0488,Michelle,Kelly,Doctor 42,2023-09-04
P0739,Ruth,Evans,Doctor 16,2023-09-04
P0905,Joseph,Walker,Doctor 42,2023-09-04
P0964,Robert,Hill,Doctor 17,2023-09-04
P0975,Susan,Williams,Doctor 14,2023-09-04
P1041,Alexander,Rogers,Doctor 31,2023-09-04
P1078,Eric,Flores,Doctor 19,2023-09-04
P1137,Charles,Johnson,Doctor 1,2023-09-04
P1196,Gary,Kim,Doctor 15,2023-09-04
P1240,Daniel,Davis,Doctor 30,2023-09-04
P1334,Susan,Gray,Doctor 3,2023-09-04
P1360,Robert,Turner,Doctor 28,2023-09-04
P1377,Michael,Davis,Doctor 20,2023-09-04
P1459,Linda,Jones,Doctor 5,2023-09-04
P1465,Jonathan,Roberts,Doctor 46,2023-09-04
P1470,Virginia,Hall,Doctor 9,2023-09-04
P1487,Samuel,Moore,Doctor 49,2023-09-04
P1501,Alexander,Watson,Doctor 23,2023-09-04
P1506,Barbara,Allen,Doctor 40,2023-09-04
P0050,Virginia,Price,Doctor 10,2023-09-05
P0095,Samuel,Parker,Doctor 23,2023-09-05
P0251,Emma,Peterson,Doctor 48,2023-09-05
P0368,Gary,Watson,Doctor 21,2023-09-05
P0383,Dorothy,Evans,Doctor 23,2023-09-05
P0449,Kathleen,Scott,Doctor 16,2023-09-05
P0452,Mark,Lewis,Doctor 6,2023-09-05
P0452,Mark,Lewis,Doctor 6,2023-09-05
P0506,Jonathan,Hernandez,Doctor 28,2023-09-05
P0564,Ruth,Bailey,Doctor 11,2023-09-05
P0572,Larry,Phillips,Doctor 38,2023-09-05
P0577,Joshua,Wright,Doctor 12,2023-09-05
P0663,Carol,Jackson,Doctor 14,2023-09-05
P0734,Donald,Harris,Doctor 44,2023-09-05
P0742,Linda,Wood,Doctor 13,2023-09-05
P0788,Brandon,Myers,Doctor 32,2023-09-05
P0802,Jeffrey,Kim,Doctor 2,2023-09-05
P0821,Jonathan,Robinson,Doctor 21,2023-09-05
P0872,Nancy,Taylor,Doctor 24,2023-09-05
P0919,Angela,Thomas,Doctor 9,2023-09-05
P1230,Jessica,Nelson,Doctor 3,2023-09-05
P1325,Jessica,King,Doctor 34,2023-09-05
P1444,Sandra,Smith,Doctor 48,2023-09-05
P1468,Linda,Edwards,Doctor 44,2023-09-05
P1518,Virginia,Flores,Doctor 26,2023-09-05
P0104,Brandon,Cook,Doctor 24,2023-09-06
P0176,Melissa,Cox,Doctor 27,2023-09-06
P0230,Brian,Gonzalez,Doctor 24,2023-09-06
P0352,Nicholas,Gonzalez,Doctor 15,2023-09-06
P0374,Christopher,Cox,Doctor 21,2023-09-06
P0614,Kathleen,Evans,Doctor 48,2023-09-06
P0633,Samuel,Allen,Doctor 16,2023-09-06
P0643,Sarah,Mitchell,Doctor 48,2023-09-06
P0826,Jason,Brown,Doctor 3,2023-09-06
P0892,James,Collins,Doctor 27,2023-09-06
P0907,Kimberly,Clark,Doctor 50,2023-09-06
P1026,Larry,Taylor,Doctor 13,2023-09-06
P1087,Samuel,Patel,Doctor 7,2023-09-06
P1161,Angela,Davis,Doctor 4,2023-09-06
P1203,Matthew,White,Doctor 18,2023-09-06
P1205,Christopher,Garcia,Doctor 20,2023-09-06
P1234,Aaron,Reyes,Doctor 16,2023-09-06
P1269,Steven,White,Doctor 30,2023-09-06
P1340,Melissa,Morgan,Doctor 2,2023-09-06
P1358,Sarah,Thompson,Doctor 24,2023-09-06
P1410,Shirley,Moore,Doctor 34,2023-09-06
P1411,Mary,Torres,Doctor 35,2023-09-06
P1505,Virginia,Baker,Doctor 18,2023-09-06
P1517,Kenneth,Hernandez,Doctor 28,2023-09-06
P0011,Michael,Morris,Doctor 28,2023-09-07
P0017,Emma,Adams,Doctor 18,2023-09-07
P0023,Dennis,Campbell,Doctor 35,2023-09-07
P0038,Lisa,Patel,Doctor 22,2023-09-07
P0058,Christopher,Brooks,Doctor 50,2023-09-07
P0059,Sarah,Adams,Doctor 25,2023-09-07
P0094,David,Rodriguez,Doctor 15,2023-09-07
P0129,Laura,Roberts,Doctor 31,2023-09-07
P0162,Michelle,Alvarez,Doctor 16,2023-09-07
P0173,Robert,Sanders,Doctor 25,2023-09-07
P0209,Jacob,Taylor,Doctor 50,2023-09-07
P0271,Ruth,Roberts,Doctor 12,2023-09-07
P0422,Laura,Gomez,Doctor 37,2023-09-07
P0431,Edward,Rogers,Doctor 9,2023-09-07
P0537,Laura,Cruz,Doctor 16,2023-09-07
P0538,Barbara,Peterson,Doctor 25,2023-09-07
P0666,Donna,Adams,Doctor 33,2023-09-07
P0669,Mary,Reed,Doctor 49,2023-09-07
P0684,Anthony,Gutierrez,Doctor 13,2023-09-07
P0694,Mark,White,Doctor 46,2023-09-07
P0712,Michael,King,Doctor 22,2023-09-07
P0739,Ruth,Evans,Doctor 16,2023-09-07
P0801,Sarah,Price,Doctor 5,2023-09-07
P0834,Barbara,Brown,Doctor 32,2023-09-07
P0836,Patrick,Phillips,Doctor 40,2023-09-07
P0870,David,Reed,Doctor 9,2023-09-07
P0933,Ruth,Cooper,Doctor 10,2023-09-07
P1060,Timothy,Wood,Doctor 13,2023-09-07
P1074,Samuel,Nelson,Doctor 15,2023-09-07
P1106,Kimberly,Turner,Doctor 10,2023-09-07
P1159,Samuel,Alvarez,Doctor 15,2023-09-07
P1278,Laura,Green,Doctor 45,2023-09-07
P1301,Sandra,Rivera,Doctor 43,2023-09-07
P1346,Sandra,Williams,Doctor 3,2023-09-07
P1377,Michael,Davis,Doctor 20,2023-09-07
P1427,Deborah,Bennett,Doctor 44,2023-09-07
P1475,Gary,Gomez,Doctor 46,2023-09-07
P0122,Richard,James,Doctor 12,2023-09-08
P0184,Benjamin,Peterson,Doctor 42,2023-09-08
P0231,Betty,Wilson,Doctor 38,2023-09-08
P0348,Nancy,Cook,Doctor 18,2023-09-08
P0349,Sandra,Mendoza,Doctor 36,2023-09-08
P0374,Christopher,Cox,Doctor 21,2023-09-08
P0382,Gary,Jones,Doctor 35,2023-09-08
P0538,Barbara,Peterson,Doctor 25,2023-09-08
P0840,Nicholas,Scott,Doctor 37,2023-09-08
P0929,Carol,Gonzalez,Doctor 27,2023-09-08
P0998,Jeffrey,Walker,Doctor 1,2023-09-08
P1203,Matthew,White,Doctor 18,2023-09-08
P1283,Jose,Morales,Doctor 50,2023-09-08
P1331,Charles,Ward,Doctor 24,2023-09-08
P1367,Anthony,Chavez,Doctor 10,2023-09-08
P1377,Michael,Davis,Doctor 20,2023-09-08
P1399,Brenda,Gonzalez,Doctor 47,2023-09-08
P1422,Raymond,Taylor,Doctor 22,2023-09-08
P1481,Sandra,Young,Doctor 3,2023-09-08
P1503,Alexander,Alvarez,Doctor 41,2023-09-08
P0182,Jessica,Diaz,Doctor 21,2023-09-09
P0205,Elizabeth,Kim,Doctor 16,2023-09-09
P0229,Andrew,Thompson,Doctor 6,2023-09-09
P0261,Kenneth,Hall,Doctor 49,2023-09-09
P0487,Brenda,Watson,Doctor 8,2023-09-09
P0597,Kenneth,Carter,Doctor 41,2023-09-09
P0624,Sarah,Hall,Doctor 24,2023-09-09
P0653,Nancy,Lopez,Doctor 49,2023-09-09
P0727,Gregory,Lopez,Doctor 18,2023-09-09
P0896,Brian,Edwards,Doctor 7,2023-09-09
P0906,Elizabeth,Kelly,Doctor 27,2023-09-09
P0940,Melissa,Cruz,Doctor 47,2023-09-09
P1010,Nicholas,Rogers,Doctor 42,2023-09-09
P1023,Donna,Peterson,Doctor 47,2023-09-09
P1074,Samuel,Nelson,Doctor 15,2023-09-09
P1203,Matthew,White,Doctor 18,2023-09-09
P1235,Gary,Thompson,Doctor 9,2023-09-09
P1283,Jose,Morales,Doctor 21,2023-09-09
P1461,Sharon,Martinez,Doctor 43,2023-09-09
P1496,Barbara,Hall,Doctor 41,2023-09-09
P1528,Anna,Sanders,Doctor 15,2023-09-09
P0089,Scott,Anderson,Doctor 43,2023-09-10
P0143,Scott,Rivera,Doctor 23,2023-09-10
P0194,Mary,Anderson,Doctor 32,2023-09-10
P0359,Larry,Alvarez,Doctor 18,2023-09-10
P0385,Sandra,Hernandez,Doctor 13,2023-09-10
P0390,Frank,Bailey,Doctor 10,2023-09-10
P0458,George,King,Doctor 44,2023-09-10
P0605,Larry,Adams,Doctor 30,2023-09-10
P0739,Ruth,Evans,Doctor 36,2023-09-10
P0842,Lisa,Howard,Doctor 36,2023-09-10
P0888,Barbara,Morales,Doctor 39,2023-09-10
P0948,Stephen,Allen,Doctor 47,2023-09-10
P1005,Shirley,Hernandez,Doctor 3,2023-09-10
P1052,Sharon,Wright,Doctor 28,2023-09-10
P1187,Timothy,Richardson,Doctor 36,2023-09-10
P1296,Nancy,Campbell,Doctor 23,2023-09-10
P1382,Michael,Murphy,Doctor 21,2023-09-10
P1499,Laura,Brown,Doctor 39,2023-09-10
P0076,Anthony,Ramirez,Doctor 50,2023-09-11
P0095,Samuel,Parker,Doctor 23,2023-09-11
P0102,Laura,Morgan,Doctor 8,2023-09-11
P0154,Brian,Wright,Doctor 3,2023-09-11
P0319,Mark,Gray,Doctor 28,2023-09-11
P0503,Samuel,Cooper,Doctor 13,2023-09-11
P0510,Jack,Adams,Doctor 36,2023-09-11
P0584,Cynthia,Sanchez,Doctor 33,2023-09-11
P0650,Daniel,Miller,Doctor 14,2023-09-11
P0845,Gary,Hall,Doctor 22,2023-09-11
P0962,Nancy,Nguyen,Doctor 34,2023-09-11
P0990,Virginia,Rodriguez,Doctor 45,2023-09-11
P1020,Sharon,Diaz,Doctor 25,2023-09-11
P1024,David,Mendoza,Doctor 26,2023-09-11
P1237,Sandra,Edwards,Doctor 21,2023-09-11
P1406,Donald,Martin,Doctor 42,2023-09-11
P1480,Kimberly,Bennett,Doctor 25,2023-09-11
P0132,Carol,Hernandez,Doctor 31,2023-09-12
P0159,Brenda,Ruiz,Doctor 46,2023-09-12
P0194,Mary,Anderson,Doctor 32,2023-09-12
P0199,Susan,Walker,Doctor 21,2023-09-12
P0202,Dorothy,Patel,Doctor 23,2023-09-12
P0202,Dorothy,Patel,Doctor 23,2023-09-12
P0205,Elizabeth,Kim,Doctor 16,2023-09-12
P0254,Daniel,Nelson,Doctor 15,2023-09-12
P0361,Kevin,Castillo,Doctor 13,2023-09-12
P0372,Patricia,Green,Doctor 11,2023-09-12
P0405,Donna,Campbell,Doctor 10,2023-09-12
P0460,Lisa,Chavez,Doctor 46,2023-09-12
P0528,Brandon,Gray,Doctor 42,2023-09-12
P0576,Alexander,Davis,Doctor 20,2023-09-12
P0598,Karen,Garcia,Doctor 44,2023-09-12
P0603,George,Hughes,Doctor 12,2023-09-12
P0664,Kathleen,Mitchell,Doctor 1,2023-09-12
P0720,Aaron,Chavez,Doctor 16,2023-09-12
P0797,Michelle,King,Doctor 29,2023-09-12
P0888,Barbara,Morales,Doctor 27,2023-09-12
P0966,Sarah,Richardson,Doctor 31,2023-09-12
P0968,Dennis,Reed,Doctor 49,2023-09-12
P1016,Gary,Ramos,Doctor 9,2023-09-12
P1032,Lisa,Anderson,Doctor 15,2023-09-12
P1109,Rebecca,Allen,Doctor 29,2023-09-12
P1138,Scott,Phillips,Doctor 34,2023-09-12
P1377,Michael,Davis,Doctor 20,2023-09-12
P0108,William,Lewis,Doctor 14,2023-09-13
P0175,Charles,Cruz,Doctor 20,2023-09-13
P0186,Patrick,Anderson,Doctor 40,2023-09-13
P0213,Charles,Turner,Doctor 40,2023-09-13
P0240,Sarah,Myers,Doctor 29,2023-09-13
P0376,Patricia,Ramos,Doctor 16,2023-09-13
P0382,Gary,Jones,Doctor 35,2023-09-13
P0401,Gregory,Hill,Doctor 28,2023-09-13
P0471,Jacob,Clark,Doctor 6,2023-09-13
P0588,Samuel,Sanders,Doctor 1,2023-09-13
P0596,John,Roberts,Doctor 34,2023-09-13
P0761,Brenda,Sanchez,Doctor 46,2023-09-13
P0770,Steven,Parker,Doctor 17,2023-09-13
P0798,Betty,Robinson,Doctor 3,2023-09-13
P0817,Laura,Ramos,Doctor 44,2023-09-13
P0880,Donna,Scott,Doctor 47,2023-09-13
P0890,Helen,Miller,Doctor 48,2023-09-13
P0897,Sandra,Roberts,Doctor 47,2023-09-13
P0946,Jerry,Smith,Doctor 18,2023-09-13
P0961,Kevin,Cruz,Doctor 34,2023-09-13
P1014,Lisa,Diaz,Doctor 29,2023-09-13
P1073,Kenneth,Flores,Doctor 24,2023-09-13
P1080,Ryan,Garcia,Doctor 9,2023-09-13
P1387,Dorothy,Roberts,Doctor 3,2023-09-13
P1395,Elizabeth,Robinson,Doctor 30,2023-09-13
P1478,Gary,James,Doctor 13,2023-09-13
P1534,Deborah,Flores,Doctor 27,2023-09-13
P0228,Jack,Ortiz,Doctor 33,2023-09-14
P0328,Frank,Howard,Doctor 20,2023-09-14
P0353,Michelle,Cruz,Doctor 22,2023-09-14
P0399,Andrew,Morales,Doctor 23,2023-09-14
P0481,Dorothy,Chavez,Doctor 27,2023-09-14
P0563,Raymond,Patel,Doctor 1,2023-09-14
P0573,Justin,Morales,Doctor 48,2023-09-14
P0638,Sarah,Wright,Doctor 19,2023-09-14
P0722,Jennifer,Torres,Doctor 21,2023-09-14
P0791,Michael,Gray,Doctor 33,2023-09-14
P1238,Nicholas,Sanchez,Doctor 31,2023-09-14
P1353,Andrew,Flores,Doctor 4,2023-09-14
P1521,Justin,Harris,Doctor 31,2023-09-14
P0150,Joseph,Hill,Doctor 15,2023-09-15
P0233,Sarah,Lewis,Doctor 38,2023-09-15
P0381,Ruth,Turner,Doctor 37,2023-09-15
P0463,Jennifer,Bailey,Doctor 7,2023-09-15
P0514,Patrick,Watson,Doctor 1,2023-09-15
P0658,Gregory,Ortiz,Doctor 31,2023-09-15
P0780,David,Wilson,Doctor 41,2023-09-15
P0978,Nancy,Robinson,Doctor 18,2023-09-15
P0999,Carol,Torres,Doctor 27,2023-09-15
P1000,Justin,Richardson,Doctor 44,2023-09-15
P1028,Scott,Cooper,Doctor 4,2023-09-15
P1091,Kimberly,Martin,Doctor 5,2023-09-15
P1198,Deborah,Wilson,Doctor 35,2023-09-15
P1211,Betty,Garcia,Doctor 5,2023-09-15
P1249,Joseph,Campbell,Doctor 41,2023-09-15
P1283,Jose,Morales,Doctor 21,2023-09-15
P1408,Sharon,Baker,Doctor 6,2023-09-15
P1418,Sandra,Allen,Doctor 4,2023-09-15
P1446,Karen,James,Doctor 31,2023-09-15
P1505,Virginia,Baker,Doctor 50,2023-09-15
P0115,Carol,Robinson,Doctor 49,2023-09-16
P0379,Scott,Nguyen,Doctor 22,2023-09-16
P0414,Kimberly,Perez,Doctor 45,2023-09-16
P0465,Joshua,Cox,Doctor 19,2023-09-16
P0513,Patrick,Smith,Doctor 32,2023-09-16
P0558,Thomas,Gomez,Doctor 31,2023-09-16
P0621,Frank,Clark,Doctor 11,2023-09-16
P0628,Susan,Garcia,Doctor 47,2023-09-16
P0715,Matthew,Anderson,Doctor 11,2023-09-16
P0721,Helen,Young,Doctor 46,2023-09-16
P0887,Karen,Lewis,Doctor 33,2023-09-16
P0935,Sharon,James,Doctor 30,2023-09-16
P0953,Ruth,Kelly,Doctor 22,2023-09-16
P0957,Jacob,Walker,Doctor 18,2023-09-16
P0996,Edward,Kelly,Doctor 19,2023-09-16
P1081,Stephen,Garcia,Doctor 22,2023-09-16
P1182,Larry,Nguyen,Doctor 26,2023-09-16
P1219,Dennis,Morris,Doctor 8,2023-09-16
P1311,Jessica,Rivera,Doctor 38,2023-09-16
P1363,Helen,White,Doctor 30,2023-09-16
P0014,Jack,Williams,Doctor 16,2023-09-17
P0126,Sandra,Ward,Doctor 9,2023-09-17
P0283,Rebecca,Thompson,Doctor 8,2023-09-17
P0348,Nancy,Cook,Doctor 18,2023-09-17
P0557,Benjamin,Richardson,Doctor 45,2023-09-17
P0577,Joshua,Wright,Doctor 12,2023-09-17
P0641,Charles,Mendoza,Doctor 30,2023-09-17
P0661,Jeffrey,Hughes,Doctor 25,2023-09-17
P0877,Carol,Ramos,Doctor 35,2023-09-17
P0914,Carol,Morris,Doctor 1,2023-09-17
P0927,Deborah,Torres,Doctor 22,2023-09-17
P1137,Charles,Johnson,Doctor 47,2023-09-17
P1247,Carol,Campbell,Doctor 17,2023-09-17
P1322,Brenda,Perez,Doctor 28,2023-09-17
P1425,Melissa,Morales,Doctor 27,2023-09-17
P1463,Jack,Gonzalez,Doctor 42,2023-09-17
P0059,Sarah,Adams,Doctor 25,2023-09-18
P0065,Mark,Nelson,Doctor 48,2023-09-18
P0075,Kimberly,Myers,Doctor 28,2023-09-18
P0157,Dorothy,Young,Doctor 32,2023-09-18
P0226,Anthony,Adams,Doctor 37,2023-09-18
P0241,Laura,Wood,Doctor 6,2023-09-18
P0273,Barbara,Young,Doctor 36,2023-09-18
P0396,Robert,Edwards,Doctor 20,2023-09-18
P0435,Jerry,Evans,Doctor 4,2023-09-18
P0592,Sarah,Hughes,Doctor 17,2023-09-18
P0683,Timothy,Mendoza,Doctor 36,2023-09-18
P0693,Nicholas,Thomas,Doctor 11,2023-09-18
P0777,Susan,Cook,Doctor 24,2023-09-18
P0810,Donald,Walker,Doctor 48,2023-09-18
P0868,Anna,Nelson,Doctor 17,2023-09-18
P0989,Mark,Wright,Doctor 23,2023-09-18
P1253,Brandon,Howard,Doctor 18,2023-09-18
P1458,Ronald,Wright,Doctor 23,2023-09-18
P1509,Brenda,Walker,Doctor 2,2023-09-18
P1532,David,Torres,Doctor 32,2023-09-18
P0033,Jennifer,Kim,Doctor 38,2023-09-19
P0071,Deborah,Reyes,Doctor 42,2023-09-19
P0113,Lisa,Martin,Doctor 8,2023-09-19
P0187,Brian,Young,Doctor 46,2023-09-19
P0218,Scott,Ramos,Doctor 17,2023-09-19
P0232,Timothy,Johnson,Doctor 17,2023-09-19
P0383,Dorothy,Evans,Doctor 23,2023-09-19
P0404,Shirley,Watson,Doctor 39,2023-09-19
P0568,Sharon,Cruz,Doctor 34,2023-09-19
P0614,Kathleen,Evans,Doctor 48,2023-09-19
P0703,James,Walker,Doctor 17,2023-09-19
P0796,Jessica,Reed,Doctor 5,2023-09-19
P0812,Karen,Rodriguez,Doctor 32,2023-09-19
P0861,Benjamin,Price,Doctor 48,2023-09-19
P0892,James,Collins,Doctor 27,2023-09-19
P0976,Gregory,Davis,Doctor 15,2023-09-19
P1060,Timothy,Wood,Doctor 13,2023-09-19
P1206,Sharon,Jackson,Doctor 21,2023-09-19
P1286,Jerry,Price,Doctor 46,2023-09-19
P1290,Mark,Williams,Doctor 11,2023-09-19
P1343,Dorothy,Castillo,Doctor 44,2023-09-19
P1348,Dorothy,Brooks,Doctor 47,2023-09-19
P1536,Brian,Hernandez,Doctor 14,2023-09-19
P0017,Emma,Adams,Doctor 18,2023-09-20
P0022,Dennis,Scott,Doctor 45,2023-09-20
P0242,Deborah,Murphy,Doctor 13,2023-09-20
P0250,Eric,Adams,Doctor 20,2023-09-20
P0280,Sarah,Howard,Doctor 20,2023-09-20
P0409,Shirley,Harris,Doctor 43,2023-09-20
P0565,Justin,Wilson,Doctor 36,2023-09-20
P0566,Charles,Lopez,Doctor 40,2023-09-20
P0628,Susan,Garcia,Doctor 47,2023-09-20
P0667,Barbara,Hernandez,Doctor 28,2023-09-20
P0709,Jonathan,Chavez,Doctor 5,2023-09-20
P0717,Sandra,Adams,Doctor 44,2023-09-20
P0734,Donald,Harris,Doctor 44,2023-09-20
P0897,Sandra,Roberts,Doctor 47,2023-09-20
P1014,Lisa,Diaz,Doctor 29,2023-09-20
P1103,Stephen,Walker,Doctor 43,2023-09-20
P1162,Jessica,Patel,Doctor 12,2023-09-20
P1253,Brandon,Howard,Doctor 16,2023-09-20
P1284,Dorothy,Morris,Doctor 34,2023-09-20
P1304,Shirley,Campbell,Doctor 50,2023-09-20
P1351,Frank,Castillo,Doctor 49,2023-09-20
P1357,Dennis,Alvarez,Doctor 5,2023-09-20
P0114,Joseph,Castillo,Doctor 31,2023-09-21
P0150,Joseph,Hill,Doctor 21,2023-09-21
P0177,Kevin,Campbell,Doctor 4,2023-09-21
P0208,Michael,Perez,Doctor 1,2023-09-21
P0317,Michelle,Jackson,Doctor 45,2023-09-21
P0434,Michelle,Ward,Doctor 18,2023-09-21
P0481,Dorothy,Chavez,Doctor 27,2023-09-21
P0544,Virginia,Ramirez,Doctor 37,2023-09-21
P0611,Sandra,Thompson,Doctor 40,2023-09-21
P0653,Nancy,Lopez,Doctor 49,2023-09-21
P0689,Virginia,Watson,Doctor 7,2023-09-21
P0691,Richard,Green,Doctor 26,2023-09-21
P0725,Scott,Diaz,Doctor 7,2023-09-21
P0853,Virginia,Bennett,Doctor 36,2023-09-21
P0907,Kimberly,Clark,Doctor 50,2023-09-21
P0910,Emma,Garcia,Doctor 20,2023-09-21
P0929,Carol,Gonzalez,Doctor 27,2023-09-21
P0966,Sarah,Richardson,Doctor 31,2023-09-21
P1013,Dorothy,Cooper,Doctor 14,2023-09-21
P1021,Sarah,Perez,Doctor 50,2023-09-21
P1228,Michelle,Morris,Doctor 12,2023-09-21
P1490,Virginia,Howard,Doctor 20,2023-09-21
P0426,Brenda,Morales,Doctor 17,2023-09-22
P0516,Ryan,Cruz,Doctor 3,2023-09-22
P0526,Susan,Castillo,Doctor 10,2023-09-22
P0768,Shirley,Richardson,Doctor 9,2023-09-22
P0805,Brandon,Diaz,Doctor 31,2023-09-22
P0812,Karen,Rodriguez,Doctor 32,2023-09-22
P0871,Matthew,Sanchez,Doctor 15,2023-09-22
P0886,Anthony,Castillo,Doctor 33,2023-09-22
P0949,Sandra,Evans,Doctor 29,2023-09-22
P1024,David,Mendoza,Doctor 24,2023-09-22
P1158,Deborah,Moore,Doctor 9,2023-09-22
P1245,Anna,Davis,Doctor 2,2023-09-22
P1248,Mark,Parker,Doctor 29,2023-09-22
P1291,Kimberly,Reed,Doctor 11,2023-09-22
P1347,Helen,Smith,Doctor 8,2023-09-22
P0014,Jack,Williams,Doctor 16,2023-09-23
P0164,Jack,Sanchez,Doctor 16,2023-09-23
P0189,Laura,Ward,Doctor 12,2023-09-23
P0267,Joseph,Young,Doctor 35,2023-09-23
P0387,Brandon,Mendoza,Doctor 37,2023-09-23
P0407,Joshua,Roberts,Doctor 22,2023-09-23
P0434,Michelle,Ward,Doctor 18,2023-09-23
P0445,Edward,Taylor,Doctor 25,2023-09-23
P0455,Melissa,Miller,Doctor 47,2023-09-23
P0542,Kenneth,Garcia,Doctor 40,2023-09-23
P0716,George,Richardson,Doctor 30,2023-09-23
P0716,George,Richardson,Doctor 35,2023-09-23
P0759,Jason,Lee,Doctor 11,2023-09-23
P0808,Thomas,Hill,Doctor 33,2023-09-23
P0890,Helen,Miller,Doctor 48,2023-09-23
P0960,Kimberly,Castillo,Doctor 41,2023-09-23
P0965,Barbara,Lopez,Doctor 42,2023-09-23
P0981,Dennis,Bennett,Doctor 45,2023-09-23
P1012,Helen,Thomas,Doctor 7,2023-09-23
P1169,Emma,Cooper,Doctor 36,2023-09-23
P1205,Christopher,Garcia,Doctor 20,2023-09-23
P1274,Deborah,Cox,Doctor 23,2023-09-23
P1297,Lisa,Johnson,Doctor 44,2023-09-23
P1331,Charles,Ward,Doctor 40,2023-09-23
P1348,Dorothy,Brooks,Doctor 47,2023-09-23
P1438,Scott,Evans,Doctor 1,2023-09-23
P1484,Amy,Jones,Doctor 10,2023-09-23
P0191,Elizabeth,Gutierrez,Doctor 26,2023-09-24
P0521,Jeffrey,Myers,Doctor 43,2023-09-24
P0581,Jennifer,Morales,Doctor 16,2023-09-24
P0715,Matthew,Anderson,Doctor 11,2023-09-24
P0717,Sandra,Adams,Doctor 38,2023-09-24
P0844,Frank,Stewart,Doctor 37,2023-09-24
P0960,Kimberly,Castillo,Doctor 41,2023-09-24
P1152,Dennis,Jackson,Doctor 20,2023-09-24
P1222,Laura,Castillo,Doctor 17,2023-09-24
P1222,Laura,Castillo,Doctor 17,2023-09-24
P1233,Linda,Sanchez,Doctor 48,2023-09-24
P1275,Joseph,Diaz,Doctor 35,2023-09-24
P1323,Sandra,Hall,Doctor 46,2023-09-24
P1325,Jessica,King,Doctor 24,2023-09-24
P1369,Angela,Chavez,Doctor 45,2023-09-24
P1418,Sandra,Allen,Doctor 23,2023-09-24
P1448,Sarah,Garcia,Doctor 37,2023-09-24
P1460,Barbara,King,Doctor 3,2023-09-24
P1533,Shirley,Parker,Doctor 13,2023-09-24
P0036,Shirley,Adams,Doctor 49,2023-09-25
P0059,Sarah,Adams,Doctor 25,2023-09-25
P0073,Joseph,Green,Doctor 34,2023-09-25
P0168,Mary,Bennett,Doctor 50,2023-09-25
P0183,Betty,Harris,Doctor 45,2023-09-25
P0400,Frank,Gonzalez,Doctor 27,2023-09-25
P0512,Andrew,Gutierrez,Doctor 26,2023-09-25
P0547,Sharon,Phillips,Doctor 31,2023-09-25
P0648,Tyler,King,Doctor 48,2023-09-25
P0722,Jennifer,Torres,Doctor 20,2023-09-25
P0855,Sandra,Rodriguez,Doctor 21,2023-09-25
P1004,Barbara,Rogers,Doctor 22,2023-09-25
P1176,Mark,Sanchez,Doctor 33,2023-09-25
P1317,Tyler,Ruiz,Doctor 19,2023-09-25
P1329,Samuel,Ruiz,Doctor 12,2023-09-25
P1389,Lisa,Peterson,Doctor 16,2023-09-25
P1421,Brenda,Morgan,Doctor 23,2023-09-25
P1448,Sarah,Garcia,Doctor 37,2023-09-25
P1522,Betty,Hughes,Doctor 45,2023-09-25
P0069,Eric,Nguyen,Doctor 39,2023-09-26
P0096,Cynthia,Stewart,Doctor 14,2023-09-26
P0293,Patrick,Turner,Doctor 4,2023-09-26
P0354,Betty,Brooks,Doctor 43,2023-09-26
P0566,Charles,Lopez,Doctor 40,2023-09-26
P0585,Sarah,Wilson,Doctor 39,2023-09-26
P0605,Larry,Adams,Doctor 30,2023-09-26
P0664,Kathleen,Mitchell,Doctor 1,2023-09-26
P0741,Elizabeth,Chavez,Doctor 47,2023-09-26
P0758,Laura,Taylor,Doctor 39,2023-09-26
P0897,Sandra,Roberts,Doctor 47,2023-09-26
P1127,Michael,Morgan,Doctor 9,2023-09-26
P1146,Tyler,Williams,Doctor 16,2023-09-26
P1273,Nancy,Richardson,Doctor 32,2023-09-26
P1280,Benjamin,Smith,Doctor 7,2023-09-26
P1363,Helen,White,Doctor 30,2023-09-26
P1525,Betty,Price,Doctor 25,2023-09-26
P0034,Cynthia,Baker,Doctor 5,2023-09-27
P0072,Kenneth,Wood,Doctor 40,2023-09-27
P0148,Betty,Rodriguez,Doctor 13,2023-09-27
P0226,Anthony,Adams,Doctor 37,2023-09-27
P0277,Donna,James,Doctor 11,2023-09-27
P0445,Edward,Taylor,Doctor 25,2023-09-27
P0450,Sarah,Anderson,Doctor 36,2023-09-27
P0836,Patrick,Phillips,Doctor 40,2023-09-27
P0947,Linda,Gomez,Doctor 46,2023-09-27
P1100,Raymond,Edwards,Doctor 24,2023-09-27
P1102,Ronald,Lopez,Doctor 14,2023-09-27
P1164,Raymond,Peterson,Doctor 7,2023-09-27
P1230,Jessica,Nelson,Doctor 3,2023-09-27
P1248,Mark,Parker,Doctor 29,2023-09-27
P1274,Deborah,Cox,Doctor 23,2023-09-27
P1405,Jennifer,Garcia,Doctor 14,2023-09-27
P1450,Gregory,Allen,Doctor 33,2023-09-27
P1460,Barbara,King,Doctor 3,2023-09-27
P1512,Anna,Brooks,Doctor 41,2023-09-27
P0007,Dorothy,Lewis,Doctor 20,2023-09-28
P0061,John,Ward,Doctor 20,2023-09-28
P0127,Justin,Cooper,Doctor 39,2023-09-28
P0286,Jennifer,Gutierrez,Doctor 50,2023-09-28
P0293,Patrick,Turner,Doctor 34,2023-09-28
P0373,Carol,Cook,Doctor 14,2023-09-28
P0495,Carol,Wood,Doctor 4,2023-09-28
P0510,Jack,Adams,Doctor 36,2023-09-28
P0568,Sharon,Cruz,Doctor 34,2023-09-28
P0739,Ruth,Evans,Doctor 36,2023-09-28
P1009,Stephen,Jones,Doctor 8,2023-09-28
P1016,Gary,Ramos,Doctor 9,2023-09-28
P1042,Charles,Thompson,Doctor 50,2023-09-28
P1109,Rebecca,Allen,Doctor 29,2023-09-28
P1151,Ryan,Carter,Doctor 24,2023-09-28
P1153,Timothy,King,Doctor 17,2023-09-28
P1219,Dennis,Morris,Doctor 8,2023-09-28
P1282,Shirley,Jackson,Doctor 11,2023-09-28
P1307,Karen,Gonzalez,Doctor 35,2023-09-28
P1332,Joseph,Brooks,Doctor 20,2023-09-28
P1342,Jonathan,Young,Doctor 35,2023-09-28
P1412,Emma,Bailey,Doctor 29,2023-09-28
P0050,Virginia,Price,Doctor 10,2023-09-29
P0107,Kevin,Morgan,Doctor 1,2023-09-29
P0166,Kimberly,King,Doctor 46,2023-09-29
P0397,Brenda,Robinson,Doctor 29,2023-09-29
P0481,Dorothy,Chavez,Doctor 27,2023-09-29
P0493,Sharon,Wilson,Doctor 28,2023-09-29
P0521,Jeffrey,Myers,Doctor 43,2023-09-29
P0594,Nancy,Smith,Doctor 32,2023-09-29
P0702,Gregory,Morales,Doctor 16,2023-09-29
P0714,Steven,Ortiz,Doctor 21,2023-09-29
P0748,Gregory,Lewis,Doctor 26,2023-09-29
P0794,Jonathan,Moore,Doctor 24,2023-09-29
P0929,Carol,Gonzalez,Doctor 27,2023-09-29
P1036,Lisa,Clark,Doctor 19,2023-09-29
P1103,Stephen,Walker,Doctor 43,2023-09-29
P1135,Gary,Davis,Doctor 5,2023-09-29
P1209,Lisa,Collins,Doctor 23,2023-09-29
P1272,Michelle,Brooks,Doctor 27,2023-09-29
P0050,Virginia,Price,Doctor 10,2023-09-30
P0059,Sarah,Adams,Doctor 25,2023-09-30
P0064,Ronald,Garcia,Doctor 6,2023-09-30
P0221,Kimberly,Roberts,Doctor 13,2023-09-30
P0266,Cynthia,Chavez,Doctor 12,2023-09-30
P0305,Sharon,Taylor,Doctor 9,2023-09-30
P0316,Helen,Cooper,Doctor 39,2023-09-30
P0343,Kevin,Martinez,Doctor 24,2023-09-30
P0399,Andrew,Morales,Doctor 48,2023-09-30
P0508,Kimberly,Hughes,Doctor 10,2023-09-30
P0529,Anthony,Phillips,Doctor 12,2023-09-30
P0727,Gregory,Lopez,Doctor 18,2023-09-30
P0777,Susan,Cook,Doctor 24,2023-09-30
P0845,Gary,Hall,Doctor 22,2023-09-30
P0862,Jason,Castillo,Doctor 13,2023-09-30
P0873,Sharon,King,Doctor 20,2023-09-30
P0911,George,Bennett,Doctor 9,2023-09-30
P0915,James,Price,Doctor 10,2023-09-30
P0979,Michelle,Bennett,Doctor 32,2023-09-30
P1078,Eric,Flores,Doctor 19,2023-09-30
P1132,Jennifer,Scott,Doctor 50,2023-09-30
P1244,Jennifer,Hughes,Doctor 17,2023-09-30
P1264,Barbara,Carter,Doctor 21,2023-09-30
P1320,Jason,Hall,Doctor 21,2023-09-30
P1326,Emma,Hernandez,Doctor 3,2023-09-30
P1344,Joseph,Garcia,Doctor 19,2023-09-30
P1437,Frank,Mendoza,Doctor 5,2023-09-30
P1488,Cynthia,Castillo,Doctor 28,2023-09-30
P1502,Laura,Scott,Doctor 16,2023-09-30
P0030,Kathleen,Ortiz,Doctor 42,2023-10-01
P0122,Richard,James,Doctor 39,2023-10-01
P0207,Justin,Bailey,Doctor 41,2023-10-01
P0342,Nancy,Moore,Doctor 9,2023-10-01
P0418,Andrew,Wilson,Doctor 22,2023-10-01
P0424,Dennis,Sanders,Doctor 14,2023-10-01
P0500,Jennifer,Hall,Doctor 10,2023-10-01
P0500,Jennifer,Hall,Doctor 21,2023-10-01
P0533,Benjamin,Torres,Doctor 25,2023-10-01
P0672,Nancy,Howard,Doctor 32,2023-10-01
P0721,Helen,Young,Doctor 46,2023-10-01
P0736,Donna,Wright,Doctor 32,2023-10-01
P0769,Shirley,Miller,Doctor 11,2023-10-01
P0951,Kenneth,Campbell,Doctor 44,2023-10-01
P1041,Alexander,Rogers,Doctor 31,2023-10-01
P1064,Brandon,Peterson,Doctor 8,2023-10-01
P1231,Ronald,Harris,Doctor 34,2023-10-01
P1243,Sarah,Ward,Doctor 14,2023-10-01
P1384,Cynthia,Campbell,Doctor 37,2023-10-01
P1390,Helen,Campbell,Doctor 19,2023-10-01
P1392,Stephen,Rogers,Doctor 39,2023-10-01
P1412,Emma,Bailey,Doctor 45,2023-10-01
P1525,Betty,Price,Doctor 4,2023-10-01
P0078,Anna,Hill,Doctor 14,2023-10-02
P0096,Cynthia,Stewart,Doctor 14,2023-10-02
P0113,Lisa,Martin,Doctor 8,2023-10-02
P0213,Charles,Turner,Doctor 40,2023-10-02
P0239,Shirley,Reyes,Doctor 19,2023-10-02
P0266,Cynthia,Chavez,Doctor 12,2023-10-02
P0365,Nicholas,Cruz,Doctor 13,2023-10-02
P0398,Kathleen,Parker,Doctor 16,2023-10-02
P0421,Sharon,Ramos,Doctor 44,2023-10-02
P0425,Mary,White,Doctor 6,2023-10-02
P0487,Brenda,Watson,Doctor 8,2023-10-02
P0607,Angela,Price,Doctor 3,2023-10-02
P0739,Ruth,Evans,Doctor 36,2023-10-02
P0740,Frank,Baker,Doctor 42,2023-10-02
P0876,Anthony,Nguyen,Doctor 27,2023-10-02
P0897,Sandra,Roberts,Doctor 47,2023-10-02
P0903,Jessica,Garcia,Doctor 18,2023-10-02
P1163,Betty,Gomez,Doctor 7,2023-10-02
P1165,Jessica,Stewart,Doctor 23,2023-10-02
P1365,Donald,Morris,Doctor 2,2023-10-02
P1389,Lisa,Peterson,Doctor 25,2023-10-02
P0007,Dorothy,Lewis,Doctor 20,2023-10-03
P0028,Susan,Gomez,Doctor 41,2023-10-03
P0126,Sandra,Ward,Doctor 9,2023-10-03
P0169,Jack,Wood,Doctor 11,2023-10-03
P0291,Justin,Stewart,Doctor 10,2023-10-03
P0349,Sandra,Mendoza,Doctor 36,2023-10-03
P0378,Michael,Jackson,Doctor 39,2023-10-03
P0427,Shirley,Wilson,Doctor 11,2023-10-03
P0430,Amy,Hernandez,Doctor 6,2023-10-03
P0506,Jonathan,Hernandez,Doctor 28,2023-10-03
P0530,Dennis,Garcia,Doctor 16,2023-10-03
P0545,Carol,Flores,Doctor 39,2023-10-03
P0665,Jose,Reed,Doctor 11,2023-10-03
P0694,Mark,White,Doctor 46,2023-10-03
P0718,Sarah,Nelson,Doctor 4,2023-10-03
P0720,Aaron,Chavez,Doctor 16,2023-10-03
P0744,Ruth,Myers,Doctor 43,2023-10-03
P0770,Steven,Parker,Doctor 17,2023-10-03
P0927,Deborah,Torres,Doctor 22,2023-10-03
P1003,Michelle,Thompson,Doctor 37,2023-10-03
P1232,Rebecca,Campbell,Doctor 12,2023-10-03
P1303,Melissa,Lewis,Doctor 21,2023-10-03
P1385,Alexander,Howard,Doctor 24,2023-10-03
P1491,Jennifer,Myers,Doctor 12,2023-10-03
P0238,Benjamin,Wright,Doctor 37,2023-10-04
P0340,Donna,Morris,Doctor 7,2023-10-04
P0400,Frank,Gonzalez,Doctor 27,2023-10-04
P0444,Charles,Nguyen,Doctor 10,2023-10-04
P0502,Sharon,Chavez,Doctor 17,2023-10-04
P0650,Daniel,Miller,Doctor 14,2023-10-04
P0670,Tyler,Lopez,Doctor 31,2023-10-04
P0744,Ruth,Myers,Doctor 43,2023-10-04
P0774,Sarah,Gray,Doctor 20,2023-10-04
P0841,Nancy,Hall,Doctor 4,2023-10-04
P1022,Matthew,Lewis,Doctor 11,2023-10-04
P1024,David,Mendoza,Doctor 46,2023-10-04
P1218,Donna,Harris,Doctor 24,2023-10-04
P1235,Gary,Thompson,Doctor 9,2023-10-04
P1320,Jason,Hall,Doctor 21,2023-10-04
P1409,George,Morgan,Doctor 48,2023-10-04
P1448,Sarah,Garcia,Doctor 37,2023-10-04
P1481,Sandra,Young,Doctor 3,2023-10-04
P1524,Sharon,Price,Doctor 21,2023-10-04
P0135,Alexander,Perez,Doctor 45,2023-10-05
P0224,Ruth,Thompson,Doctor 5,2023-10-05
P0292,Jerry,King,Doctor 2,2023-10-05
P0503,Samuel,Cooper,Doctor 13,2023-10-05
P0666,Donna,Adams,Doctor 33,2023-10-05
P0727,Gregory,Lopez,Doctor 18,2023-10-05
P0821,Jonathan,Robinson,Doctor 21,2023-10-05
P0858,Sarah,James,Doctor 19,2023-10-05
P0900,Lisa,Ortiz,Doctor 8,2023-10-05
P1012,Helen,Thomas,Doctor 7,2023-10-05
P1160,Sarah,Smith,Doctor 46,2023-10-05
P1302,Deborah,Morris,Doctor 18,2023-10-05
P1315,Larry,Sanchez,Doctor 40,2023-10-05
P1344,Joseph,Garcia,Doctor 19,2023-10-05
P1366,Gregory,Bennett,Doctor 24,2023-10-05
P1388,Ronald,Ramos,Doctor 30,2023-10-05
P1464,Alexander,Hernandez,Doctor 35,2023-10-05
P0218,Scott,Ramos,Doctor 17,2023-10-06
P0248,Angela,Phillips,Doctor 30,2023-10-06
P0278,Nicholas,Morgan,Doctor 17,2023-10-06
P0329,Jeffrey,Kelly,Doctor 36,2023-10-06
P0368,Gary,Watson,Doctor 21,2023-10-06
P0446,Nicholas,Gutierrez,Doctor 49,2023-10-06
P0459,Barbara,Howard,Doctor 42,2023-10-06
P0504,Mary,Gray,Doctor 42,2023-10-06
P0620,Timothy,Hill,Doctor 9,2023-10-06
P0712,Michael,King,Doctor 44,2023-10-06
P0773,Sharon,Garcia,Doctor 12,2023-10-06
P0851,Richard,Patel,Doctor 33,2023-10-06
P0866,Sarah,Carter,Doctor 45,2023-10-06
P0940,Melissa,Cruz,Doctor 47,2023-10-06
P0989,Mark,Wright,Doctor 23,2023-10-06
P1117,Sarah,Clark,Doctor 27,2023-10-06
P1254,Betty,James,Doctor 30,2023-10-06
P1399,Brenda,Gonzalez,Doctor 47,2023-10-06
P0054,Joseph,Clark,Doctor 4,2023-10-07
P0098,Jessica,Perez,Doctor 42,2023-10-07
P0177,Kevin,Campbell,Doctor 4,2023-10-07
P0245,Jacob,Ramirez,Doctor 30,2023-10-07
P0370,Raymond,Wilson,Doctor 17,2023-10-07
P0473,Jonathan,Howard,Doctor 10,2023-10-07
P0532,Emma,Ruiz,Doctor 17,2023-10-07
P0573,Justin,Morales,Doctor 29,2023-10-07
P0646,Elizabeth,Rodriguez,Doctor 49,2023-10-07
P0761,Brenda,Sanchez,Doctor 42,2023-10-07
P0817,Laura,Ramos,Doctor 44,2023-10-07
P0818,Angela,Sanchez,Doctor 27,2023-10-07
P1169,Emma,Cooper,Doctor 36,2023-10-07
P1252,Brenda,Martin,Doctor 42,2023-10-07
P1331,Charles,Ward,Doctor 40,2023-10-07
P1499,Laura,Brown,Doctor 39,2023-10-07
P0040,Barbara,Kim,Doctor 1,2023-10-08
P0070,Thomas,Campbell,Doctor 18,2023-10-08
P0076,Anthony,Ramirez,Doctor 50,2023-10-08
P0087,Rebecca,Gray,Doctor 38,2023-10-08
P0103,Jose,Watson,Doctor 18,2023-10-08
P0161,Charles,Allen,Doctor 35,2023-10-08
P0252,Angela,Myers,Doctor 20,2023-10-08
P0281,Sarah,Sanchez,Doctor 32,2023-10-08
P0328,Frank,Howard,Doctor 20,2023-10-08
P0383,Dorothy,Evans,Doctor 4,2023-10-08
P0447,Mary,Robinson,Doctor 3,2023-10-08
P0469,Karen,Williams,Doctor 11,2023-10-08
P0593,Kimberly,Miller,Doctor 49,2023-10-08
P0709,Jonathan,Chavez,Doctor 5,2023-10-08
P0880,Donna,Scott,Doctor 47,2023-10-08
P0885,Joseph,Morgan,Doctor 43,2023-10-08
P1009,Stephen,Jones,Doctor 8,2023-10-08
P1310,Richard,Sanders,Doctor 10,2023-10-08
P1327,Michelle,Morales,Doctor 44,2023-10-08
P1336,Larry,Cruz,Doctor 28,2023-10-08
P1346,Sandra,Williams,Doctor 3,2023-10-08
P1362,Mark,Martin,Doctor 5,2023-10-08
P1493,Charles,James,Doctor 21,2023-10-08
P0008,Joshua,Castillo,Doctor 15,2023-10-09
P0327,Richard,Kim,Doctor 44,2023-10-09
P0419,John,Evans,Doctor 3,2023-10-09
P0467,Charles,Phillips,Doctor 28,2023-10-09
P0495,Carol,Wood,Doctor 4,2023-10-09
P0565,Justin,Wilson,Doctor 36,2023-10-09
P0680,Ryan,Murphy,Doctor 43,2023-10-09
P0879,John,Turner,Doctor 19,2023-10-09
P0911,George,Bennett,Doctor 9,2023-10-09
P0999,Carol,Torres,Doctor 27,2023-10-09
P1066,George,Lewis,Doctor 39,2023-10-09
P1128,Jonathan,Diaz,Doctor 28,2023-10-09
P1178,Dennis,White,Doctor 33,2023-10-09
P1189,Sharon,Rivera,Doctor 44,2023-10-09
P1234,Aaron,Reyes,Doctor 16,2023-10-09
P1287,Helen,Green,Doctor 22,2023-10-09
P1323,Sandra,Hall,Doctor 46,2023-10-09
P1466,Jack,Parker,Doctor 45,2023-10-09
P1475,Gary,Gomez,Doctor 46,2023-10-09
P1515,Christopher,Gonzalez,Doctor 11,2023-10-09
P0077,Shirley,Torres,Doctor 21,2023-10-10
P0155,Michelle,Taylor,Doctor 36,2023-10-10
P0273,Barbara,Young,Doctor 36,2023-10-10
P0317,Michelle,Jackson,Doctor 45,2023-10-10
P0323,Patrick,Roberts,Doctor 49,2023-10-10
P0335,Brandon,Parker,Doctor 45,2023-10-10
P0355,Emma,Gray,Doctor 39,2023-10-10
P0381,Ruth,Turner,Doctor 37,2023-10-10
P0435,Jerry,Evans,Doctor 4,2023-10-10
P0443,Anthony,Roberts,Doctor 32,2023-10-10
P0743,Jacob,Ward,Doctor 17,2023-10-10
P0875,Laura,Baker,Doctor 28,2023-10-10
P0884,Melissa,Scott,Doctor 37,2023-10-10
P0886,Anthony,Castillo,Doctor 33,2023-10-10
P0905,Joseph,Walker,Doctor 40,2023-10-10
P0982,Donna,Hughes,Doctor 6,2023-10-10
P1004,Barbara,Rogers,Doctor 22,2023-10-10
P1019,Gregory,Clark,Doctor 30,2023-10-10
P1044,Scott,White,Doctor 8,2023-10-10
P1127,Michael,Morgan,Doctor 12,2023-10-10
P1183,George,Howard,Doctor 43,2023-10-10
P1215,Jose,Cooper,Doctor 23,2023-10-10
P1321,Brandon,Hughes,Doctor 15,2023-10-10
P1365,Donald,Morris,Doctor 2,2023-10-10
P1420,Lisa,Ward,Doctor 1,2023-10-10
P1456,John,Adams,Doctor 27,2023-10-10
P0069,Eric,Nguyen,Doctor 44,2023-10-11
P0243,Joseph,Cox,Doctor 34,2023-10-11
P0317,Michelle,Jackson,Doctor 45,2023-10-11
P0380,Nicholas,Flores,Doctor 8,2023-10-11
P0438,Daniel,Morgan,Doctor 39,2023-10-11
P0526,Susan,Castillo,Doctor 10,2023-10-11
P0568,Sharon,Cruz,Doctor 34,2023-10-11
P0603,George,Hughes,Doctor 12,2023-10-11
P0858,Sarah,James,Doctor 19,2023-10-11
P0884,Melissa,Scott,Doctor 22,2023-10-11
P0947,Linda,Gomez,Doctor 46,2023-10-11
P1020,Sharon,Diaz,Doctor 25,2023-10-11
P1079,Lisa,Carter,Doctor 20,2023-10-11
P1287,Helen,Green,Doctor 22,2023-10-11
P1457,Brenda,Diaz,Doctor 45,2023-10-11
P1477,Jessica,Phillips,Doctor 33,2023-10-11
P1482,Lisa,Wright,Doctor 28,2023-10-11
P0013,Laura,Richardson,Doctor 39,2023-10-12
P0126,Sandra,Ward,Doctor 9,2023-10-12
P0142,Ronald,Morgan,Doctor 4,2023-10-12
P0154,Brian,Wright,Doctor 3,2023-10-12
P0180,Virginia,Lopez,Doctor 11,2023-10-12
P0193,Aaron,Taylor,Doctor 30,2023-10-12
P0355,Emma,Gray,Doctor 39,2023-10-12
P0415,Benjamin,Roberts,Doctor 44,2023-10-12
P0418,Andrew,Wilson,Doctor 22,2023-10-12
P0449,Kathleen,Scott,Doctor 16,2023-10-12
P0617,Donald,Patel,Doctor 38,2023-10-12
P0666,Donna,Adams,Doctor 33,2023-10-12
P0684,Anthony,Gutierrez,Doctor 44,2023-10-12
P0953,Ruth,Kelly,Doctor 25,2023-10-12
P1059,Benjamin,Perez,Doctor 37,2023-10-12
P1065,Jessica,Young,Doctor 31,2023-10-12
P1124,Michelle,Ramos,Doctor 37,2023-10-12
P1320,Jason,Hall,Doctor 21,2023-10-12
P1458,Ronald,Wright,Doctor 11,2023-10-12
P0060,Lisa,Morgan,Doctor 4,2023-10-13
P0086,Patricia,Torres,Doctor 18,2023-10-13
P0150,Joseph,Hill,Doctor 21,2023-10-13
P0199,Susan,Walker,Doctor 21,2023-10-13
P0213,Charles,Turner,Doctor 40,2023-10-13
P0224,Ruth,Thompson,Doctor 5,2023-10-13
P0263,Alexander,Lewis,Doctor 18,2023-10-13
P0320,Scott,Chavez,Doctor 40,2023-10-13
P0360,Jacob,Carter,Doctor 1,2023-10-13
P0368,Gary,Watson,Doctor 21,2023-10-13
P0464,Kimberly,Watson,Doctor 31,2023-10-13
P0476,Sandra,Chavez,Doctor 6,2023-10-13
P0498,Frank,Miller,Doctor 13,2023-10-13
P0507,Deborah,Perez,Doctor 11,2023-10-13
P0513,Patrick,Smith,Doctor 32,2023-10-13
P0662,Mary,Wilson,Doctor 33,2023-10-13
P0749,James,Stewart,Doctor 30,2023-10-13
P0933,Ruth,Cooper,Doctor 4,2023-10-13
P0968,Dennis,Reed,Doctor 49,2023-10-13
P1001,Eric,Morales,Doctor 8,2023-10-13
P1008,Robert,Evans,Doctor 8,2023-10-13
P1054,Stephen,Richardson,Doctor 20,2023-10-13
P1135,Gary,Davis,Doctor 5,2023-10-13
P1211,Betty,Garcia,Doctor 5,2023-10-13
P1262,David,Murphy,Doctor 48,2023-10-13
P1275,Joseph,Diaz,Doctor 35,2023-10-13
P1355,Scott,Cook,Doctor 41,2023-10-13
P1451,Mary,Peterson,Doctor 45,2023-10-13
P1473,Jennifer,Miller,Doctor 4,2023-10-13
P0147,Deborah,Ramirez,Doctor 45,2023-10-14
P0174,Kevin,Richardson,Doctor 14,2023-10-14
P0295,Jason,Jackson,Doctor 7,2023-10-14
P0336,Carol,Mendoza,Doctor 21,2023-10-14
P0379,Scott,Nguyen,Doctor 35,2023-10-14
P0506,Jonathan,Hernandez,Doctor 28,2023-10-14
P0521,Jeffrey,Myers,Doctor 8,2023-10-14
P0523,Lisa,Allen,Doctor 39,2023-10-14
P0567,Laura,Jones,Doctor 15,2023-10-14
P0691,Richard,Green,Doctor 44,2023-10-14
P0733,Karen,Castillo,Doctor 16,2023-10-14
P0755,Jose,Richardson,Doctor 18,2023-10-14
P0826,Jason,Brown,Doctor 3,2023-10-14
P0882,Virginia,Scott,Doctor 20,2023-10-14
P0975,Susan,Williams,Doctor 14,2023-10-14
P1043,Sarah,Thomas,Doctor 22,2023-10-14
P1100,Raymond,Edwards,Doctor 24,2023-10-14
P1175,Sharon,Hill,Doctor 9,2023-10-14
P1347,Helen,Smith,Doctor 37,2023-10-14
P1412,Emma,Bailey,Doctor 45,2023-10-14
P1419,Charles,Stewart,Doctor 28,2023-10-14
P1431,David,Reyes,Doctor 21,2023-10-14
P1457,Brenda,Diaz,Doctor 45,2023-10-14
P1474,Scott,Cox,Doctor 14,2023-10-14
P0017,Emma,Adams,Doctor 14,2023-10-15
P0097,Nicholas,Bailey,Doctor 42,2023-10-15
P0151,Laura,Davis,Doctor 28,2023-10-15
P0262,Andrew,Ramos,Doctor 37,2023-10-15
P0309,Sandra,Martinez,Doctor 3,2023-10-15
P0323,Patrick,Roberts,Doctor 19,2023-10-15
P0410,Aaron,Lee,Doctor 49,2023-10-15
P0477,Jose,Harris,Doctor 43,2023-10-15
P0567,Laura,Jones,Doctor 40,2023-10-15
P0634,Jason,Anderson,Doctor 22,2023-10-15
P0893,Rebecca,Turner,Doctor 35,2023-10-15
P1058,Raymond,Rivera,Doctor 12,2023-10-15
P1113,Benjamin,Evans,Doctor 9,2023-10-15
P1179,Jose,Murphy,Doctor 22,2023-10-15
P1281,Barbara,Lewis,Doctor 4,2023-10-15
P1394,Samuel,Hernandez,Doctor 1,2023-10-15
P1467,William,Nelson,Doctor 9,2023-10-15
P0005,Jennifer,Clark,Doctor 39,2023-10-16
P0018,Donna,Ramos,Doctor 2,2023-10-16
P0237,Raymond,Allen,Doctor 20,2023-10-16
P0277,Donna,James,Doctor 11,2023-10-16
P0295,Jason,Jackson,Doctor 7,2023-10-16
P0365,Nicholas,Cruz,Doctor 33,2023-10-16
P0610,Carol,Carter,Doctor 11,2023-10-16
P0639,James,Bailey,Doctor 50,2023-10-16
P0683,Timothy,Mendoza,Doctor 36,2023-10-16
P0728,Jessica,Kim,Doctor 5,2023-10-16
P0826,Jason,Brown,Doctor 3,2023-10-16
P0943,Kevin,Gray,Doctor 21,2023-10-16
P0962,Nancy,Nguyen,Doctor 34,2023-10-16
P1092,Justin,Martin,Doctor 23,2023-10-16
P1095,Kenneth,Kelly,Doctor 49,2023-10-16
P1366,Gregory,Bennett,Doctor 24,2023-10-16
P1450,Gregory,Allen,Doctor 33,2023-10-16
P1465,Jonathan,Roberts,Doctor 46,2023-10-16
P0013,Laura,Richardson,Doctor 39,2023-10-17
P0063,Steven,Smith,Doctor 41,2023-10-17
P0105,Dennis,Hughes,Doctor 25,2023-10-17
P0222,Kenneth,Adams,Doctor 45,2023-10-17
P0224,Ruth,Thompson,Doctor 5,2023-10-17
P0234,Barbara,Nelson,Doctor 32,2023-10-17
P0353,Michelle,Cruz,Doctor 22,2023-10-17
P0356,Carol,Castillo,Doctor 50,2023-10-17
P0364,Tyler,Roberts,Doctor 37,2023-10-17
P0388,Edward,Johnson,Doctor 42,2023-10-17
P0400,Frank,Gonzalez,Doctor 27,2023-10-17
P0402,Brenda,Davis,Doctor 9,2023-10-17
P0434,Michelle,Ward,Doctor 50,2023-10-17
P0472,Gary,Cruz,Doctor 47,2023-10-17
P0503,Samuel,Cooper,Doctor 14,2023-10-17
P0547,Sharon,Phillips,Doctor 31,2023-10-17
P0820,Sharon,Miller,Doctor 33,2023-10-17
P0906,Elizabeth,Kelly,Doctor 35,2023-10-17
P0914,Carol,Morris,Doctor 1,2023-10-17
P0951,Kenneth,Campbell,Doctor 44,2023-10-17
P1198,Deborah,Wilson,Doctor 35,2023-10-17
P1207,Kevin,Lopez,Doctor 28,2023-10-17
P1292,Michael,Moore,Doctor 3,2023-10-17
P1336,Larry,Cruz,Doctor 28,2023-10-17
P1362,Mark,Martin,Doctor 16,2023-10-17
P1472,Steven,Walker,Doctor 7,2023-10-17
P0293,Patrick,Turner,Doctor 34,2023-10-18
P0366,Carol,Stewart,Doctor 6,2023-10-18
P0416,Ronald,Morales,Doctor 22,2023-10-18
P0479,David,Bennett,Doctor 5,2023-10-18
P0627,Thomas,King,Doctor 20,2023-10-18
P0631,Brandon,Moore,Doctor 24,2023-10-18
P0641,Charles,Mendoza,Doctor 30,2023-10-18
P0668,James,Myers,Doctor 27,2023-10-18
P0694,Mark,White,Doctor 46,2023-10-18
P0766,Sarah,Morales,Doctor 27,2023-10-18
P0781,Amy,James,Doctor 41,2023-10-18
P0786,Joseph,Lee,Doctor 37,2023-10-18
P0932,Rebecca,Jones,Doctor 44,2023-10-18
P0935,Sharon,James,Doctor 3,2023-10-18
P0961,Kevin,Cruz,Doctor 34,2023-10-18
P1055,Virginia,Thompson,Doctor 25,2023-10-18
P1111,Ruth,Brown,Doctor 5,2023-10-18
P1203,Matthew,White,Doctor 18,2023-10-18
P1207,Kevin,Lopez,Doctor 28,2023-10-18
P1334,Susan,Gray,Doctor 3,2023-10-18
P1421,Brenda,Morgan,Doctor 23,2023-10-18
P1469,Sarah,Ramos,Doctor 5,2023-10-18
P1470,Virginia,Hall,Doctor 9,2023-10-18
P0004,Frank,Hernandez,Doctor 13,2023-10-19
P0008,Joshua,Castillo,Doctor 15,2023-10-19
P0165,Laura,Rodriguez,Doctor 15,2023-10-19
P0205,Elizabeth,Kim,Doctor 16,2023-10-19
P0236,Steven,Richardson,Doctor 24,2023-10-19
P0269,Ruth,Ruiz,Doctor 3,2023-10-19
P0306,Anna,Carter,Doctor 23,2023-10-19
P0331,Jessica,Brooks,Doctor 3,2023-10-19
P0536,Patricia,Hall,Doctor 20,2023-10-19
P0554,Justin,Myers,Doctor 11,2023-10-19
P0632,Angela,Murphy,Doctor 43,2023-10-19
P0752,Michael,Chavez,Doctor 25,2023-10-19
P0802,Jeffrey,Kim,Doctor 2,2023-10-19
P0906,Elizabeth,Kelly,Doctor 35,2023-10-19
P0906,Elizabeth,Kelly,Doctor 20,2023-10-19
P0931,Shirley,Martin,Doctor 21,2023-10-19
P0991,John,Reed,Doctor 42,2023-10-19
P1132,Jennifer,Scott,Doctor 50,2023-10-19
P1217,Angela,Johnson,Doctor 48,2023-10-19
P1333,Kathleen,Flores,Doctor 16,2023-10-19
P1414,Anna,Rodriguez,Doctor 29,2023-10-19
P1450,Gregory,Allen,Doctor 33,2023-10-19
P1475,Gary,Gomez,Doctor 46,2023-10-19
P0045,Sharon,Ruiz,Doctor 49,2023-10-20
P0074,Dorothy,Rogers,Doctor 41,2023-10-20
P0080,Amy,Hill,Doctor 50,2023-10-20
P0194,Mary,Anderson,Doctor 32,2023-10-20
P0206,Ryan,Howard,Doctor 11,2023-10-20
P0629,Daniel,Ward,Doctor 38,2023-10-20
P0670,Tyler,Lopez,Doctor 31,2023-10-20
P0731,Brian,Ramirez,Doctor 21,2023-10-20
P0759,Jason,Lee,Doctor 11,2023-10-20
P0839,Gary,Rodriguez,Doctor 42,2023-10-20
P0891,Daniel,Morales,Doctor 38,2023-10-20
P0934,Ruth,Scott,Doctor 6,2023-10-20
P0961,Kevin,Cruz,Doctor 34,2023-10-20
P1001,Eric,Morales,Doctor 8,2023-10-20
P1010,Nicholas,Rogers,Doctor 42,2023-10-20
P1090,Michelle,Green,Doctor 25,2023-10-20
P1097,Eric,Patel,Doctor 14,2023-10-20
P1099,Elizabeth,Perez,Doctor 15,2023-10-20
P1116,Benjamin,Gray,Doctor 19,2023-10-20
P1213,Justin,Jones,Doctor 25,2023-10-20
P1420,Lisa,Ward,Doctor 1,2023-10-20
P1473,Jennifer,Miller,Doctor 4,2023-10-20
P0036,Shirley,Adams,Doctor 49,2023-10-21
P0138,Anthony,Walker,Doctor 7,2023-10-21
P0174,Kevin,Richardson,Doctor 14,2023-10-21
P0331,Jessica,Brooks,Doctor 3,2023-10-21
P0360,Jacob,Carter,Doctor 1,2023-10-21
P0598,Karen,Garcia,Doctor 44,2023-10-21
P0624,Sarah,Hall,Doctor 24,2023-10-21
P0716,George,Richardson,Doctor 12,2023-10-21
P0789,Kimberly,Brown,Doctor 14,2023-10-21
P0815,Jessica,Robinson,Doctor 18,2023-10-21
P0867,Linda,Kelly,Doctor 16,2023-10-21
P1019,Gregory,Clark,Doctor 6,2023-10-21
P1029,Michael,Johnson,Doctor 35,2023-10-21
P1120,Lisa,Williams,Doctor 48,2023-10-21
P1211,Betty,Garcia,Doctor 5,2023-10-21
P1318,Gregory,Stewart,Doctor 20,2023-10-21
P1335,Gary,Castillo,Doctor 48,2023-10-21
P0022,Dennis,Scott,Doctor 45,2023-10-22
P0060,Lisa,Morgan,Doctor 4,2023-10-22
P0267,Joseph,Young,Doctor 35,2023-10-22
P0267,Joseph,Young,Doctor 35,2023-10-22
P0319,Mark,Gray,Doctor 28,2023-10-22
P0357,Kevin,Martin,Doctor 27,2023-10-22
P0391,Ryan,Cooper,Doctor 43,2023-10-22
P0392,Sarah,Lopez,Doctor 10,2023-10-22
P0400,Frank,Gonzalez,Doctor 27,2023-10-22
P0511,Betty,Myers,Doctor 6,2023-10-22
P0558,Thomas,Gomez,Doctor 31,2023-10-22
P0682,Andrew,Ramirez,Doctor 11,2023-10-22
P0713,Larry,Lopez,Doctor 28,2023-10-22
P0749,James,Stewart,Doctor 30,2023-10-22
P0885,Joseph,Morgan,Doctor 43,2023-10-22
P0977,Jose,Gomez,Doctor 31,2023-10-22
P0992,Sandra,Howard,Doctor 12,2023-10-22
P1011,Gary,Morales,Doctor 17,2023-10-22
P1031,Melissa,Jones,Doctor 2,2023-10-22
P1036,Lisa,Clark,Doctor 19,2023-10-22
P1150,Betty,Roberts,Doctor 39,2023-10-22
P1211,Betty,Garcia,Doctor 24,2023-10-22
P1467,William,Nelson,Doctor 9,2023-10-22
P0074,Dorothy,Rogers,Doctor 41,2023-10-23
P0101,Karen,Richardson,Doctor 2,2023-10-23
P0110,Jose,Nguyen,Doctor 49,2023-10-23
P0141,Nancy,Sanchez,Doctor 20,2023-10-23
P0214,Anna,Collins,Doctor 15,2023-10-23
P0231,Betty,Wilson,Doctor 30,2023-10-23
P0324,Nicholas,Rodriguez,Doctor 48,2023-10-23
P0341,Joseph,Martinez,Doctor 12,2023-10-23
P0436,Brandon,Sanders,Doctor 35,2023-10-23
P0449,Kathleen,Scott,Doctor 16,2023-10-23
P0485,Emma,Thompson,Doctor 49,2023-10-23
P0486,Nancy,Hernandez,Doctor 15,2023-10-23
P0492,Benjamin,Allen,Doctor 3,2023-10-23
P0554,Justin,Myers,Doctor 11,2023-10-23
P0612,Nancy,Roberts,Doctor 47,2023-10-23
P0735,Emma,Bennett,Doctor 38,2023-10-23
P0754,Jeffrey,Perez,Doctor 32,2023-10-23
P0828,Jason,Adams,Doctor 45,2023-10-23
P0835,Mark,Nguyen,Doctor 28,2023-10-23
P0836,Patrick,Phillips,Doctor 40,2023-10-23
P0912,Kathleen,Hall,Doctor 33,2023-10-23
P0958,Gregory,Roberts,Doctor 11,2023-10-23
P1042,Charles,Thompson,Doctor 50,2023-10-23
P1091,Kimberly,Martin,Doctor 23,2023-10-23
P1103,Stephen,Walker,Doctor 43,2023-10-23
P1364,Sarah,Campbell,Doctor 27,2023-10-23
P1378,Joseph,Rogers,Doctor 27,2023-10-23
P1464,Alexander,Hernandez,Doctor 35,2023-10-23
P1498,Donna,Jackson,Doctor 15,2023-10-23
P0033,Jennifer,Kim,Doctor 38,2023-10-24
P0097,Nicholas,Bailey,Doctor 3,2023-10-24
P0109,Kathleen,Thomas,Doctor 10,2023-10-24
P0185,Ruth,Reyes,Doctor 33,2023-10-24
P0206,Ryan,Howard,Doctor 11,2023-10-24
P0236,Steven,Richardson,Doctor 24,2023-10-24
P0266,Cynthia,Chavez,Doctor 12,2023-10-24
P0350,Susan,Carter,Doctor 44,2023-10-24
P0389,Alexander,Martinez,Doctor 15,2023-10-24
P0399,Andrew,Morales,Doctor 48,2023-10-24
P0590,Mark,Adams,Doctor 31,2023-10-24
P0801,Sarah,Price,Doctor 5,2023-10-24
P0860,Kenneth,Castillo,Doctor 50,2023-10-24
P0880,Donna,Scott,Doctor 33,2023-10-24
P1017,Jessica,Reyes,Doctor 43,2023-10-24
P1035,Matthew,Reed,Doctor 4,2023-10-24
P1046,Frank,Moore,Doctor 23,2023-10-24
P1072,Jose,Ruiz,Doctor 16,2023-10-24
P1255,Donna,Morales,Doctor 50,2023-10-24
P1329,Samuel,Ruiz,Doctor 12,2023-10-24
P1440,Jacob,Williams,Doctor 6,2023-10-24
P1510,Barbara,Edwards,Doctor 1,2023-10-24
P0044,George,Hall,Doctor 33,2023-10-25
P0231,Betty,Wilson,Doctor 30,2023-10-25
P0331,Jessica,Brooks,Doctor 3,2023-10-25
P0340,Donna,Morris,Doctor 7,2023-10-25
P0353,Michelle,Cruz,Doctor 22,2023-10-25
P0453,Emma,Reed,Doctor 28,2023-10-25
P0456,Gary,Smith,Doctor 37,2023-10-25
P0728,Jessica,Kim,Doctor 5,2023-10-25
P0794,Jonathan,Moore,Doctor 24,2023-10-25
P0983,Jessica,Gonzalez,Doctor 4,2023-10-25
P1070,John,Moore,Doctor 36,2023-10-25
P1147,Edward,Watson,Doctor 3,2023-10-25
P1262,David,Murphy,Doctor 48,2023-10-25
P1328,John,Myers,Doctor 24,2023-10-25
P1360,Robert,Turner,Doctor 28,2023-10-25
P1386,Sandra,Diaz,Doctor 5,2023-10-25
P1403,Timothy,Scott,Doctor 36,2023-10-25
P1413,Gary,Young,Doctor 32,2023-10-25
P1435,Mary,Nelson,Doctor 31,2023-10-25
P1500,Brenda,Turner,Doctor 3,2023-10-25
P1512,Anna,Brooks,Doctor 41,2023-10-25
P0017,Emma,Adams,Doctor 14,2023-10-26
P0107,Kevin,Morgan,Doctor 20,2023-10-26
P0169,Jack,Wood,Doctor 11,2023-10-26
P0297,Anthony,Myers,Doctor 32,2023-10-26
P0378,Michael,Jackson,Doctor 39,2023-10-26
P0384,Benjamin,Bailey,Doctor 48,2023-10-26
P0455,Melissa,Miller,Doctor 47,2023-10-26
P0535,Brian,Ruiz,Doctor 43,2023-10-26
P0710,Edward,White,Doctor 16,2023-10-26
P0758,Laura,Taylor,Doctor 39,2023-10-26
P0816,Barbara,Adams,Doctor 33,2023-10-26
P0831,Joseph,Chavez,Doctor 47,2023-10-26
P0839,Gary,Rodriguez,Doctor 42,2023-10-26
P1210,Kimberly,Hill,Doctor 21,2023-10-26
P1347,Helen,Smith,Doctor 37,2023-10-26
P1433,Joseph,Mitchell,Doctor 4,2023-10-26
P1535,Jerry,Gomez,Doctor 30,2023-10-26
P0046,Mary,Thomas,Doctor 11,2023-10-27
P0114,Joseph,Castillo,Doctor 31,2023-10-27
P0307,Ruth,Collins,Doctor 31,2023-10-27
P0323,Patrick,Roberts,Doctor 19,2023-10-27
P0344,Jason,Morris,Doctor 2,2023-10-27
P0515,Susan,Green,Doctor 32,2023-10-27
P0546,Kenneth,Patel,Doctor 50,2023-10-27
P0565,Justin,Wilson,Doctor 36,2023-10-27
P0576,Alexander,Davis,Doctor 20,2023-10-27
P0601,Andrew,Peterson,Doctor 7,2023-10-27
P0699,Kimberly,Mendoza,Doctor 24,2023-10-27
P0799,Sandra,Nguyen,Doctor 31,2023-10-27
P0834,Barbara,Brown,Doctor 32,2023-10-27
P0982,Donna,Hughes,Doctor 44,2023-10-27
P1260,Jessica,James,Doctor 42,2023-10-27
P1264,Barbara,Carter,Doctor 21,2023-10-27
P1274,Deborah,Cox,Doctor 23,2023-10-27
P1292,Michael,Moore,Doctor 3,2023-10-27
P1485,Betty,Walker,Doctor 19,2023-10-27
P1502,Laura,Scott,Doctor 16,2023-10-27
P1521,Justin,Harris,Doctor 31,2023-10-27
P0055,Daniel,Ramos,Doctor 37,2023-10-28
P0261,Kenneth,Hall,Doctor 49,2023-10-28
P0277,Donna,James,Doctor 11,2023-10-28
P0323,Patrick,Roberts,Doctor 19,2023-10-28
P0409,Shirley,Harris,Doctor 43,2023-10-28
P0447,Mary,Robinson,Doctor 3,2023-10-28
P0571,Jerry,Reed,Doctor 3,2023-10-28
P0707,Nancy,Parker,Doctor 21,2023-10-28
P0734,Donald,Harris,Doctor 44,2023-10-28
P0793,Jennifer,Wood,Doctor 21,2023-10-28
P1140,Elizabeth,Nelson,Doctor 40,2023-10-28
P1218,Donna,Harris,Doctor 24,2023-10-28
P1353,Andrew,Flores,Doctor 4,2023-10-28
P1504,Kenneth,Baker,Doctor 28,2023-10-28
P1527,Linda,Roberts,Doctor 16,2023-10-28
P0096,Cynthia,Stewart,Doctor 14,2023-10-29
P0259,Anna,Adams,Doctor 4,2023-10-29
P0321,Sarah,King,Doctor 48,2023-10-29
P0346,Michelle,James,Doctor 21,2023-10-29
P0353,Michelle,Cruz,Doctor 20,2023-10-29
P0371,Brenda,Miller,Doctor 31,2023-10-29
P0402,Brenda,Davis,Doctor 9,2023-10-29
P0486,Nancy,Hernandez,Doctor 25,2023-10-29
P0595,Barbara,Baker,Doctor 43,2023-10-29
P0653,Nancy,Lopez,Doctor 49,2023-10-29
P0669,Mary,Reed,Doctor 18,2023-10-29
P0710,Edward,White,Doctor 16,2023-10-29
P0724,Aaron,Allen,Doctor 45,2023-10-29
P0834,Barbara,Brown,Doctor 32,2023-10-29
P0944,Daniel,Gutierrez,Doctor 7,2023-10-29
P0965,Barbara,Lopez,Doctor 42,2023-10-29
P0977,Jose,Gomez,Doctor 44,2023-10-29
P1084,Angela,Kelly,Doctor 42,2023-10-29
P1120,Lisa,Williams,Doctor 48,2023-10-29
P1203,Matthew,White,Doctor 18,2023-10-29
P1217,Angela,Johnson,Doctor 48,2023-10-29
P1224,David,Cruz,Doctor 29,2023-10-29
P1341,Anna,Price,Doctor 30,2023-10-29
P1374,Raymond,Cox,Doctor 37,2023-10-29
P1385,Alexander,Howard,Doctor 24,2023-10-29
P1440,Jacob,Williams,Doctor 16,2023-10-29
P1489,Karen,Martin,Doctor 20,2023-10-29
P0027,Betty,Allen,Doctor 41,2023-10-30
P0226,Anthony,Adams,Doctor 37,2023-10-30
P0403,Richard,White,Doctor 36,2023-10-30
P0451,Ruth,Rivera,Doctor 5,2023-10-30
P0538,Barbara,Peterson,Doctor 25,2023-10-30
P0772,Sandra,Patel,Doctor 50,2023-10-30
P0802,Jeffrey,Kim,Doctor 2,2023-10-30
P0802,Jeffrey,Kim,Doctor 2,2023-10-30
P0803,Robert,Wright,Doctor 38,2023-10-30
P0815,Jessica,Robinson,Doctor 18,2023-10-30
P1086,Sandra,Alvarez,Doctor 32,2023-10-30
P1197,Joseph,Phillips,Doctor 44,2023-10-30
P1422,Raymond,Taylor,Doctor 22,2023-10-30
P0020,George,Wilson,Doctor 15,2023-10-31
P0045,Sharon,Ruiz,Doctor 49,2023-10-31
P0249,Steven,Cooper,Doctor 34,2023-10-31
P0255,Susan,Martin,Doctor 38,2023-10-31
P0306,Anna,Carter,Doctor 23,2023-10-31
P0317,Michelle,Jackson,Doctor 45,2023-10-31
P0388,Edward,Johnson,Doctor 42,2023-10-31
P0417,Sandra,Mitchell,Doctor 34,2023-10-31
P0687,Brenda,Collins,Doctor 11,2023-10-31
P0883,Linda,Myers,Doctor 11,2023-10-31
P1090,Michelle,Green,Doctor 25,2023-10-31
P1118,William,Kelly,Doctor 18,2023-10-31
P1276,Nicholas,Perez,Doctor 29,2023-10-31
P1290,Mark,Williams,Doctor 11,2023-10-31
P1381,Justin,Robinson,Doctor 26,2023-10-31
P1483,Jason,Davis,Doctor 16,2023-10-31
P0030,Kathleen,Ortiz,Doctor 42,2023-11-01
P0041,Patricia,Phillips,Doctor 14,2023-11-01
P0055,Daniel,Ramos,Doctor 37,2023-11-01
P0097,Nicholas,Bailey,Doctor 3,2023-11-01
P0168,Mary,Bennett,Doctor 50,2023-11-01
P0278,Nicholas,Morgan,Doctor 31,2023-11-01
P0297,Anthony,Myers,Doctor 10,2023-11-01
P0393,Jacob,Sanders,Doctor 24,2023-11-01
P0412,Frank,Peterson,Doctor 36,2023-11-01
P0525,Michael,Richardson,Doctor 6,2023-11-01
P0640,Anna,Cox,Doctor 38,2023-11-01
P0664,Kathleen,Mitchell,Doctor 1,2023-11-01
P0713,Larry,Lopez,Doctor 28,2023-11-01
P0731,Brian,Ramirez,Doctor 21,2023-11-01
P0742,Linda,Wood,Doctor 13,2023-11-01
P0889,Rebecca,Morales,Doctor 46,2023-11-01
P0915,James,Price,Doctor 10,2023-11-01
P0950,Richard,Collins,Doctor 48,2023-11-01
P0950,Richard,Collins,Doctor 48,2023-11-01
P1050,Shirley,Chavez,Doctor 21,2023-11-01
P1220,David,Diaz,Doctor 19,2023-11-01
P1300,Patrick,Ramos,Doctor 47,2023-11-01
P1507,Michelle,Watson,Doctor 47,2023-11-01
P0020,George,Wilson,Doctor 34,2023-11-02
P0134,Gary,Miller,Doctor 42,2023-11-02
P0213,Charles,Turner,Doctor 49,2023-11-02
P0229,Andrew,Thompson,Doctor 33,2023-11-02
P0256,Ryan,Robinson,Doctor 43,2023-11-02
P0303,Virginia,Nguyen,Doctor 40,2023-11-02
P0304,Karen,Roberts,Doctor 1,2023-11-02
P0314,Michelle,Smith,Doctor 21,2023-11-02
P0387,Brandon,Mendoza,Doctor 37,2023-11-02
P0475,Patricia,Ramirez,Doctor 22,2023-11-02
P0521,Jeffrey,Myers,Doctor 8,2023-11-02
P0908,Timothy,Brown,Doctor 39,2023-11-02
P0931,Shirley,Martin,Doctor 21,2023-11-02
P0990,Virginia,Rodriguez,Doctor 45,2023-11-02
P1105,Karen,Anderson,Doctor 8,2023-11-02
P1137,Charles,Johnson,Doctor 47,2023-11-02
P1150,Betty,Roberts,Doctor 39,2023-11-02
P1189,Sharon,Rivera,Doctor 12,2023-11-02
P1387,Dorothy,Roberts,Doctor 3,2023-11-02
P0053,Dennis,Watson,Doctor 26,2023-11-03
P0068,Anna,Ortiz,Doctor 4,2023-11-03
P0163,Carol,Nguyen,Doctor 27,2023-11-03
P0259,Anna,Adams,Doctor 38,2023-11-03
P0380,Nicholas,Flores,Doctor 8,2023-11-03
P0383,Dorothy,Evans,Doctor 4,2023-11-03
P0395,Nancy,Ramos,Doctor 17,2023-11-03
P0397,Brenda,Robinson,Doctor 29,2023-11-03
P0406,Gregory,Carter,Doctor 36,2023-11-03
P0771,Timothy,Murphy,Doctor 28,2023-11-03
P0825,Christopher,Howard,Doctor 39,2023-11-03
P0988,Lisa,Taylor,Doctor 31,2023-11-03
P1062,Sandra,Collins,Doctor 34,2023-11-03
P1293,Eric,Thompson,Doctor 21,2023-11-03
P1321,Brandon,Hughes,Doctor 15,2023-11-03
P1331,Charles,Ward,Doctor 40,2023-11-03
P1350,Aaron,Bailey,Doctor 45,2023-11-03
P0004,Frank,Hernandez,Doctor 13,2023-11-04
P0085,Sarah,Alvarez,Doctor 32,2023-11-04
P0119,Kathleen,Cruz,Doctor 4,2023-11-04
P0198,Kevin,Gutierrez,Doctor 45,2023-11-04
P0250,Eric,Adams,Doctor 20,2023-11-04
P0267,Joseph,Young,Doctor 35,2023-11-04
P0371,Brenda,Miller,Doctor 31,2023-11-04
P0413,Helen,Ruiz,Doctor 34,2023-11-04
P0448,Helen,Moore,Doctor 36,2023-11-04
P0559,Sharon,Alvarez,Doctor 18,2023-11-04
P0591,William,Sanchez,Doctor 13,2023-11-04
P0604,Robert,Myers,Doctor 23,2023-11-04
P0605,Larry,Adams,Doctor 30,2023-11-04
P0676,Benjamin,Alvarez,Doctor 38,2023-11-04
P0714,Steven,Ortiz,Doctor 25,2023-11-04
P0725,Scott,Diaz,Doctor 30,2023-11-04
P0741,Elizabeth,Chavez,Doctor 49,2023-11-04
P0806,Deborah,Morales,Doctor 47,2023-11-04
P0816,Barbara,Adams,Doctor 33,2023-11-04
P0911,George,Bennett,Doctor 9,2023-11-04
P1034,Kenneth,Morgan,Doctor 50,2023-11-04
P1127,Michael,Morgan,Doctor 12,2023-11-04
P1380,Matthew,Bennett,Doctor 14,2023-11-04
P1486,Jerry,Lewis,Doctor 24,2023-11-04
P1503,Alexander,Alvarez,Doctor 41,2023-11-04
P0079,Edward,Ward,Doctor 2,2023-11-05
P0176,Melissa,Cox,Doctor 27,2023-11-05
P0287,Sarah,Walker,Doctor 17,2023-11-05
P0315,Sarah,Rivera,Doctor 45,2023-11-05
P0362,Carol,Evans,Doctor 40,2023-11-05
P0370,Raymond,Wilson,Doctor 17,2023-11-05
P0545,Carol,Flores,Doctor 6,2023-11-05
P0573,Justin,Morales,Doctor 29,2023-11-05
P0637,Karen,Young,Doctor 32,2023-11-05
P0648,Tyler,King,Doctor 10,2023-11-05
P0933,Ruth,Cooper,Doctor 46,2023-11-05
P0993,Steven,Flores,Doctor 32,2023-11-05
P1219,Dennis,Morris,Doctor 8,2023-11-05
P1276,Nicholas,Perez,Doctor 29,2023-11-05
P1296,Nancy,Campbell,Doctor 32,2023-11-05
P1350,Aaron,Bailey,Doctor 16,2023-11-05
P1454,William,Robinson,Doctor 48,2023-11-05
P0308,Emma,Castillo,Doctor 46,2023-11-06
P0324,Nicholas,Rodriguez,Doctor 48,2023-11-06
P0413,Helen,Ruiz,Doctor 34,2023-11-06
P0724,Aaron,Allen,Doctor 45,2023-11-06
P0757,Sharon,Carter,Doctor 46,2023-11-06
P0876,Anthony,Nguyen,Doctor 27,2023-11-06
P0917,Susan,Ruiz,Doctor 15,2023-11-06
P0936,Nancy,Garcia,Doctor 15,2023-11-06
P0961,Kevin,Cruz,Doctor 34,2023-11-06
P1005,Shirley,Hernandez,Doctor 3,2023-11-06
P1014,Lisa,Diaz,Doctor 29,2023-11-06
P1029,Michael,Johnson,Doctor 35,2023-11-06
P1067,Dorothy,Campbell,Doctor 30,2023-11-06
P1263,Lisa,Mendoza,Doctor 6,2023-11-06
P1349,Joseph,Parker,Doctor 16,2023-11-06
P1383,Michelle,Perez,Doctor 8,2023-11-06
P1520,Matthew,Taylor,Doctor 13,2023-11-06
P1522,Betty,Hughes,Doctor 45,2023-11-06
P0019,Mary,Miller,Doctor 44,2023-11-07
P0053,Dennis,Watson,Doctor 26,2023-11-07
P0062,Christopher,Allen,Doctor 41,2023-11-07
P0121,Donna,Cooper,Doctor 31,2023-11-07
P0160,Thomas,Gonzalez,Doctor 48,2023-11-07
P0553,Frank,Wood,Doctor 37,2023-11-07
P0587,Linda,Watson,Doctor 19,2023-11-07
P0619,Jonathan,Walker,Doctor 42,2023-11-07
P0677,Brenda,Jackson,Doctor 36,2023-11-07
P0698,Deborah,Lewis,Doctor 35,2023-11-07
P0734,Donald,Harris,Doctor 46,2023-11-07
P0805,Brandon,Diaz,Doctor 26,2023-11-07
P0907,Kimberly,Clark,Doctor 46,2023-11-07
P0921,William,Clark,Doctor 17,2023-11-07
P1028,Scott,Cooper,Doctor 4,2023-11-07
P1052,Sharon,Wright,Doctor 28,2023-11-07
P1054,Stephen,Richardson,Doctor 20,2023-11-07
P1082,Gary,Richardson,Doctor 35,2023-11-07
P1155,Scott,Collins,Doctor 37,2023-11-07
P1329,Samuel,Ruiz,Doctor 12,2023-11-07
P1334,Susan,Gray,Doctor 3,2023-11-07
P1404,Eric,Lewis,Doctor 44,2023-11-07
P1405,Jennifer,Garcia,Doctor 14,2023-11-07
P1478,Gary,James,Doctor 13,2023-11-07
P1514,Scott,Harris,Doctor 46,2023-11-07
P0100,Anthony,Martin,Doctor 29,2023-11-08
P0189,Laura,Ward,Doctor 12,2023-11-08
P0211,Kevin,Howard,Doctor 42,2023-11-08
P0247,Carol,Clark,Doctor 10,2023-11-08
P0376,Patricia,Ramos,Doctor 16,2023-11-08
P0400,Frank,Gonzalez,Doctor 27,2023-11-08
P0474,Jack,Gutierrez,Doctor 37,2023-11-08
P0620,Timothy,Hill,Doctor 9,2023-11-08
P0748,Gregory,Lewis,Doctor 34,2023-11-08
P0857,Ryan,Watson,Doctor 13,2023-11-08
P0999,Carol,Torres,Doctor 41,2023-11-08
P1019,Gregory,Clark,Doctor 41,2023-11-08
P1096,Helen,Nguyen,Doctor 2,2023-11-08
P1186,Patricia,Lopez,Doctor 25,2023-11-08
P1245,Anna,Davis,Doctor 2,2023-11-08
P1298,Larry,Watson,Doctor 45,2023-11-08
P1322,Brenda,Perez,Doctor 28,2023-11-08
P1466,Jack,Parker,Doctor 45,2023-11-08
P1502,Laura,Scott,Doctor 15,2023-11-08
P0238,Benjamin,Wright,Doctor 37,2023-11-09
P0369,Thomas,Torres,Doctor 13,2023-11-09
P0398,Kathleen,Parker,Doctor 16,2023-11-09
P0430,Amy,Hernandez,Doctor 6,2023-11-09
P0526,Susan,Castillo,Doctor 27,2023-11-09
P0824,Nancy,Allen,Doctor 3,2023-11-09
P0991,John,Reed,Doctor 42,2023-11-09
P1065,Jessica,Young,Doctor 3,2023-11-09
P1098,Edward,Turner,Doctor 23,2023-11-09
P1170,Daniel,King,Doctor 41,2023-11-09
P1223,Samuel,King,Doctor 31,2023-11-09
P1491,Jennifer,Myers,Doctor 12,2023-11-09
P1507,Michelle,Watson,Doctor 47,2023-11-09
P0007,Dorothy,Lewis,Doctor 20,2023-11-10
P0085,Sarah,Alvarez,Doctor 32,2023-11-10
P0158,Deborah,Carter,Doctor 48,2023-11-10
P0190,Susan,Morris,Doctor 10,2023-11-10
P0247,Carol,Clark,Doctor 10,2023-11-10
P0326,Anthony,Ruiz,Doctor 44,2023-11-10
P0399,Andrew,Morales,Doctor 48,2023-11-10
P0730,Karen,Wilson,Doctor 1,2023-11-10
P0762,James,Evans,Doctor 44,2023-11-10
P0822,Carol,Martinez,Doctor 17,2023-11-10
P0854,Jack,Torres,Doctor 23,2023-11-10
P0864,Sarah,Evans,Doctor 8,2023-11-10
P0891,Daniel,Morales,Doctor 38,2023-11-10
P0936,Nancy,Garcia,Doctor 24,2023-11-10
P0969,Cynthia,Green,Doctor 19,2023-11-10
P1206,Sharon,Jackson,Doctor 21,2023-11-10
P1234,Aaron,Reyes,Doctor 16,2023-11-10
P1332,Joseph,Brooks,Doctor 20,2023-11-10
P1344,Joseph,Garcia,Doctor 19,2023-11-10
P1359,Joseph,Adams,Doctor 25,2023-11-10
P1379,Michael,Howard,Doctor 10,2023-11-10
P1462,James,Reyes,Doctor 22,2023-11-10
P1493,Charles,James,Doctor 21,2023-11-10
P0182,Jessica,Diaz,Doctor 21,2023-11-11
P0193,Aaron,Taylor,Doctor 30,2023-11-11
P0238,Benjamin,Wright,Doctor 37,2023-11-11
P0413,Helen,Ruiz,Doctor 16,2023-11-11
P0414,Kimberly,Perez,Doctor 45,2023-11-11
P0527,Richard,Thompson,Doctor 49,2023-11-11
P0627,Thomas,King,Doctor 20,2023-11-11
P0786,Joseph,Lee,Doctor 43,2023-11-11
P0946,Jerry,Smith,Doctor 18,2023-11-11
P1017,Jessica,Reyes,Doctor 43,2023-11-11
P1020,Sharon,Diaz,Doctor 25,2023-11-11
P1038,Kathleen,Phillips,Doctor 18,2023-11-11
P1040,Jonathan,Jackson,Doctor 20,2023-11-11
P1101,Steven,Allen,Doctor 47,2023-11-11
P1120,Lisa,Williams,Doctor 48,2023-11-11
P1140,Elizabeth,Nelson,Doctor 40,2023-11-11
P1204,Jacob,Young,Doctor 27,2023-11-11
P1332,Joseph,Brooks,Doctor 20,2023-11-11
P1360,Robert,Turner,Doctor 39,2023-11-11
P1489,Karen,Martin,Doctor 20,2023-11-11
P0009,Carol,Turner,Doctor 20,2023-11-12
P0019,Mary,Miller,Doctor 44,2023-11-12
P0049,Michelle,Lewis,Doctor 36,2023-11-12
P0080,Amy,Hill,Doctor 50,2023-11-12
P0087,Rebecca,Gray,Doctor 38,2023-11-12
P0116,Ronald,Diaz,Doctor 18,2023-11-12
P0140,Patrick,Allen,Doctor 38,2023-11-12
P0262,Andrew,Ramos,Doctor 37,2023-11-12
P0332,Jeffrey,Gonzalez,Doctor 44,2023-11-12
P0442,Scott,Flores,Doctor 5,2023-11-12
P0484,Michael,Garcia,Doctor 42,2023-11-12
P0531,Joshua,Lee,Doctor 4,2023-11-12
P0647,Steven,Young,Doctor 1,2023-11-12
P0669,Mary,Reed,Doctor 18,2023-11-12
P0681,John,Harris,Doctor 33,2023-11-12
P0875,Laura,Baker,Doctor 28,2023-11-12
P0883,Linda,Myers,Doctor 11,2023-11-12
P1006,Betty,Morgan,Doctor 5,2023-11-12
P1106,Kimberly,Turner,Doctor 33,2023-11-12
P1152,Dennis,Jackson,Doctor 20,2023-11-12
P1191,Gregory,Sanders,Doctor 41,2023-11-12
P1196,Gary,Kim,Doctor 5,2023-11-12
P1504,Kenneth,Baker,Doctor 28,2023-11-12
P0287,Sarah,Walker,Doctor 50,2023-11-13
P0358,Robert,Taylor,Doctor 22,2023-11-13
P0486,Nancy,Hernandez,Doctor 25,2023-11-13
P0573,Justin,Morales,Doctor 29,2023-11-13
P0578,Michelle,Johnson,Doctor 31,2023-11-13
P0639,James,Bailey,Doctor 50,2023-11-13
P0747,Amy,Ward,Doctor 37,2023-11-13
P0847,Donald,Allen,Doctor 17,2023-11-13
P0877,Carol,Ramos,Doctor 35,2023-11-13
P0892,James,Collins,Doctor 27,2023-11-13
P0896,Brian,Edwards,Doctor 7,2023-11-13
P1069,Thomas,Adams,Doctor 2,2023-11-13
P1162,Jessica,Patel,Doctor 1,2023-11-13
P1180,William,Martin,Doctor 17,2023-11-13
P1221,Melissa,Ward,Doctor 5,2023-11-13
P1239,Jeffrey,Chavez,Doctor 38,2023-11-13
P1280,Benjamin,Smith,Doctor 18,2023-11-13
P1302,Deborah,Morris,Doctor 18,2023-11-13
P1350,Aaron,Bailey,Doctor 16,2023-11-13
P1423,Benjamin,Castillo,Doctor 21,2023-11-13
P1450,Gregory,Allen,Doctor 33,2023-11-13
P1478,Gary,James,Doctor 13,2023-11-13
P0029,Sharon,Wood,Doctor 31,2023-11-14
P0199,Susan,Walker,Doctor 21,2023-11-14
P0275,Samuel,Phillips,Doctor 18,2023-11-14
P0278,Nicholas,Morgan,Doctor 31,2023-11-14
P0303,Virginia,Nguyen,Doctor 40,2023-11-14
P0350,Susan,Carter,Doctor 44,2023-11-14
P0495,Carol,Wood,Doctor 4,2023-11-14
P0566,Charles,Lopez,Doctor 40,2023-11-14
P0625,Robert,Allen,Doctor 45,2023-11-14
P0639,James,Bailey,Doctor 50,2023-11-14
P0701,Karen,Morris,Doctor 19,2023-11-14
P0715,Matthew,Anderson,Doctor 11,2023-11-14
P0770,Steven,Parker,Doctor 17,2023-11-14
P0782,Kevin,White,Doctor 15,2023-11-14
P0813,Donna,Baker,Doctor 38,2023-11-14
P0871,Matthew,Sanchez,Doctor 17,2023-11-14
P1053,Christopher,Torres,Doctor 49,2023-11-14
P1072,Jose,Ruiz,Doctor 16,2023-11-14
P1084,Angela,Kelly,Doctor 42,2023-11-14
P1138,Scott,Phillips,Doctor 34,2023-11-14
P1166,Scott,Myers,Doctor 14,2023-11-14
P1210,Kimberly,Hill,Doctor 21,2023-11-14
P1216,Daniel,Young,Doctor 50,2023-11-14
P1227,Michelle,Hughes,Doctor 33,2023-11-14
P1386,Sandra,Diaz,Doctor 11,2023-11-14
P1413,Gary,Young,Doctor 32,2023-11-14
P0042,Patricia,King,Doctor 30,2023-11-15
P0173,Robert,Sanders,Doctor 25,2023-11-15
P0256,Ryan,Robinson,Doctor 43,2023-11-15
P0288,Alexander,Smith,Doctor 7,2023-11-15
P0533,Benjamin,Torres,Doctor 25,2023-11-15
P0585,Sarah,Wilson,Doctor 31,2023-11-15
P0807,Sharon,Flores,Doctor 17,2023-11-15
P0833,James,Sanchez,Doctor 32,2023-11-15
P0955,Ryan,Parker,Doctor 4,2023-11-15
P0967,Patrick,Chavez,Doctor 43,2023-11-15
P0986,Alexander,Sanchez,Doctor 40,2023-11-15
P1060,Timothy,Wood,Doctor 13,2023-11-15
P1135,Gary,Davis,Doctor 5,2023-11-15
P1428,Kenneth,Morris,Doctor 29,2023-11-15
P1444,Sandra,Smith,Doctor 48,2023-11-15
P1513,James,Castillo,Doctor 16,2023-11-15
P1534,Deborah,Flores,Doctor 27,2023-11-15
P0036,Shirley,Adams,Doctor 49,2023-11-16
P0137,Ruth,Anderson,Doctor 49,2023-11-16
P0165,Laura,Rodriguez,Doctor 15,2023-11-16
P0235,Christopher,Perez,Doctor 31,2023-11-16
P0290,Jerry,Kelly,Doctor 35,2023-11-16
P0305,Sharon,Taylor,Doctor 9,2023-11-16
P0373,Carol,Cook,Doctor 14,2023-11-16
P0375,Richard,Sanchez,Doctor 28,2023-11-16
P0390,Frank,Bailey,Doctor 10,2023-11-16
P0418,Andrew,Wilson,Doctor 22,2023-11-16
P0502,Sharon,Chavez,Doctor 17,2023-11-16
P0579,Michelle,Ortiz,Doctor 4,2023-11-16
P0651,Donna,Wilson,Doctor 25,2023-11-16
P0658,Gregory,Ortiz,Doctor 31,2023-11-16
P0709,Jonathan,Chavez,Doctor 26,2023-11-16
P0714,Steven,Ortiz,Doctor 36,2023-11-16
P0770,Steven,Parker,Doctor 17,2023-11-16
P0981,Dennis,Bennett,Doctor 45,2023-11-16
P1129,Donna,Murphy,Doctor 49,2023-11-16
P1300,Patrick,Ramos,Doctor 47,2023-11-16
P1402,Ruth,Lewis,Doctor 6,2023-11-16
P1414,Anna,Rodriguez,Doctor 29,2023-11-16
P1428,Kenneth,Morris,Doctor 29,2023-11-16
P1430,Sarah,Chavez,Doctor 15,2023-11-16
P1433,Joseph,Mitchell,Doctor 19,2023-11-16
P1514,Scott,Harris,Doctor 46,2023-11-16
P1531,George,Smith,Doctor 16,2023-11-16
P0060,Lisa,Morgan,Doctor 4,2023-11-17
P0178,Lisa,Myers,Doctor 45,2023-11-17
P0181,Jessica,Lewis,Doctor 34,2023-11-17
P0188,Kenneth,Johnson,Doctor 36,2023-11-17
P0221,Kimberly,Roberts,Doctor 13,2023-11-17
P0343,Kevin,Martinez,Doctor 24,2023-11-17
P0401,Gregory,Hill,Doctor 28,2023-11-17
P0531,Joshua,Lee,Doctor 4,2023-11-17
P0613,Mary,Davis,Doctor 7,2023-11-17
P0659,Richard,Morales,Doctor 26,2023-11-17
P0746,Sharon,Anderson,Doctor 6,2023-11-17
P0888,Barbara,Morales,Doctor 27,2023-11-17
P0898,Eric,Peterson,Doctor 14,2023-11-17
P1027,Stephen,Lopez,Doctor 24,2023-11-17
P1383,Michelle,Perez,Doctor 8,2023-11-17
P1405,Jennifer,Garcia,Doctor 14,2023-11-17
P1407,Lisa,Young,Doctor 27,2023-11-17
P0034,Cynthia,Baker,Doctor 27,2023-11-18
P0240,Sarah,Myers,Doctor 30,2023-11-18
P0264,Scott,Ward,Doctor 20,2023-11-18
P0298,Karen,Price,Doctor 16,2023-11-18
P0356,Carol,Castillo,Doctor 25,2023-11-18
P0405,Donna,Campbell,Doctor 10,2023-11-18
P0438,Daniel,Morgan,Doctor 26,2023-11-18
P0484,Michael,Garcia,Doctor 42,2023-11-18
P0530,Dennis,Garcia,Doctor 16,2023-11-18
P0553,Frank,Wood,Doctor 37,2023-11-18
P0719,Donald,Ramirez,Doctor 18,2023-11-18
P0973,Brian,Kim,Doctor 2,2023-11-18
P1093,Anthony,Evans,Doctor 22,2023-11-18
P1144,Timothy,Parker,Doctor 47,2023-11-18
P1173,Sharon,Mendoza,Doctor 8,2023-11-18
P1228,Michelle,Morris,Doctor 12,2023-11-18
P1308,Dennis,Young,Doctor 10,2023-11-18
P1356,Gregory,Scott,Doctor 40,2023-11-18
P1430,Sarah,Chavez,Doctor 15,2023-11-18
P1479,Aaron,Howard,Doctor 50,2023-11-18
P1537,Kevin,Reed,Doctor 2,2023-11-18
P0033,Jennifer,Kim,Doctor 38,2023-11-19
P0154,Brian,Wright,Doctor 3,2023-11-19
P0220,Nicholas,Patel,Doctor 20,2023-11-19
P0223,Benjamin,Clark,Doctor 10,2023-11-19
P0380,Nicholas,Flores,Doctor 8,2023-11-19
P0406,Gregory,Carter,Doctor 36,2023-11-19
P0433,Michelle,Price,Doctor 34,2023-11-19
P0505,David,Patel,Doctor 15,2023-11-19
P0638,Sarah,Wright,Doctor 40,2023-11-19
P0725,Scott,Diaz,Doctor 30,2023-11-19
P0779,George,Gomez,Doctor 9,2023-11-19
P0870,David,Reed,Doctor 9,2023-11-19
P0888,Barbara,Morales,Doctor 27,2023-11-19
P0967,Patrick,Chavez,Doctor 43,2023-11-19
P0969,Cynthia,Green,Doctor 19,2023-11-19
P0987,Mary,King,Doctor 37,2023-11-19
P1001,Eric,Morales,Doctor 8,2023-11-19
P1016,Gary,Ramos,Doctor 9,2023-11-19
P1111,Ruth,Brown,Doctor 5,2023-11-19
P1231,Ronald,Harris,Doctor 50,2023-11-19
P1306,Donald,Alvarez,Doctor 13,2023-11-19
P1326,Emma,Hernandez,Doctor 40,2023-11-19
P1348,Dorothy,Brooks,Doctor 47,2023-11-19
P1370,Ruth,Clark,Doctor 24,2023-11-19
P1431,David,Reyes,Doctor 21,2023-11-19
P1485,Betty,Walker,Doctor 19,2023-11-19
P0064,Ronald,Garcia,Doctor 9,2023-11-20
P0130,Jacob,Gonzalez,Doctor 27,2023-11-20
P0146,Sarah,Gonzalez,Doctor 22,2023-11-20
P0313,Michelle,Howard,Doctor 40,2023-11-20
P0356,Carol,Castillo,Doctor 25,2023-11-20
P0564,Ruth,Bailey,Doctor 11,2023-11-20
P0579,Michelle,Ortiz,Doctor 4,2023-11-20
P0743,Jacob,Ward,Doctor 17,2023-11-20
P0779,George,Gomez,Doctor 9,2023-11-20
P0807,Sharon,Flores,Doctor 17,2023-11-20
P0941,Jonathan,Phillips,Doctor 28,2023-11-20
P1074,Samuel,Nelson,Doctor 15,2023-11-20
P1232,Rebecca,Campbell,Doctor 12,2023-11-20
P1287,Helen,Green,Doctor 22,2023-11-20
P1332,Joseph,Brooks,Doctor 20,2023-11-20
P1390,Helen,Campbell,Doctor 19,2023-11-20
P1398,Steven,Evans,Doctor 50,2023-11-20
P1399,Brenda,Gonzalez,Doctor 47,2023-11-20
P1422,Raymond,Taylor,Doctor 22,2023-11-20
P1509,Brenda,Walker,Doctor 2,2023-11-20
P1522,Betty,Hughes,Doctor 45,2023-11-20
P0001,John,Morris,Doctor 45,2023-11-21
P0071,Deborah,Reyes,Doctor 43,2023-11-21
P0133,Donald,Rivera,Doctor 17,2023-11-21
P0230,Brian,Gonzalez,Doctor 24,2023-11-21
P0453,Emma,Reed,Doctor 28,2023-11-21
P0476,Sandra,Chavez,Doctor 30,2023-11-21
P0509,Gary,Turner,Doctor 41,2023-11-21
P0606,Andrew,Walker,Doctor 47,2023-11-21
P0645,Justin,Ortiz,Doctor 49,2023-11-21
P0654,Steven,King,Doctor 8,2023-11-21
P0671,Jeffrey,Roberts,Doctor 6,2023-11-21
P0680,Ryan,Murphy,Doctor 43,2023-11-21
P0711,Jessica,Roberts,Doctor 44,2023-11-21
P0786,Joseph,Lee,Doctor 43,2023-11-21
P0851,Richard,Patel,Doctor 33,2023-11-21
P0885,Joseph,Morgan,Doctor 43,2023-11-21
P0958,Gregory,Roberts,Doctor 11,2023-11-21
P1069,Thomas,Adams,Doctor 20,2023-11-21
P1157,Elizabeth,Green,Doctor 20,2023-11-21
P1202,Jonathan,Hall,Doctor 15,2023-11-21
P1241,Christopher,Adams,Doctor 18,2023-11-21
P1261,Gary,Williams,Doctor 1,2023-11-21
P1288,Frank,Taylor,Doctor 37,2023-11-21
P1307,Karen,Gonzalez,Doctor 50,2023-11-21
P1525,Betty,Price,Doctor 4,2023-11-21
P0434,Michelle,Ward,Doctor 38,2023-11-22
P0469,Karen,Williams,Doctor 11,2023-11-22
P0472,Gary,Cruz,Doctor 47,2023-11-22
P0579,Michelle,Ortiz,Doctor 4,2023-11-22
P0606,Andrew,Walker,Doctor 47,2023-11-22
P0607,Angela,Price,Doctor 1,2023-11-22
P0645,Justin,Ortiz,Doctor 49,2023-11-22
P0663,Carol,Jackson,Doctor 29,2023-11-22
P0702,Gregory,Morales,Doctor 16,2023-11-22
P0862,Jason,Castillo,Doctor 13,2023-11-22
P0913,Ronald,White,Doctor 35,2023-11-22
P1044,Scott,White,Doctor 8,2023-11-22
P1159,Samuel,Alvarez,Doctor 15,2023-11-22
P1182,Larry,Nguyen,Doctor 18,2023-11-22
P1190,Jessica,Gray,Doctor 46,2023-11-22
P1256,Justin,Turner,Doctor 9,2023-11-22
P1289,James,Allen,Doctor 27,2023-11-22
P1365,Donald,Morris,Doctor 2,2023-11-22
P1387,Dorothy,Roberts,Doctor 3,2023-11-22
P1483,Jason,Davis,Doctor 16,2023-11-22
P1520,Matthew,Taylor,Doctor 13,2023-11-22
P0055,Daniel,Ramos,Doctor 37,2023-11-23
P0112,Sharon,Bennett,Doctor 39,2023-11-23
P0138,Anthony,Walker,Doctor 7,2023-11-23
P0163,Carol,Nguyen,Doctor 27,2023-11-23
P0288,Alexander,Smith,Doctor 7,2023-11-23
P0395,Nancy,Ramos,Doctor 17,2023-11-23
P0422,Laura,Gomez,Doctor 37,2023-11-23
P0563,Raymond,Patel,Doctor 1,2023-11-23
P0579,Michelle,Ortiz,Doctor 4,2023-11-23
P0580,Deborah,Sanchez,Doctor 42,2023-11-23
P0608,Michael,Ramos,Doctor 11,2023-11-23
P0668,James,Myers,Doctor 27,2023-11-23
P0679,George,Ramos,Doctor 41,2023-11-23
P0683,Timothy,Mendoza,Doctor 36,2023-11-23
P0692,Larry,Perez,Doctor 13,2023-11-23
P0723,Laura,Cooper,Doctor 17,2023-11-23
P0760,Sarah,Brooks,Doctor 15,2023-11-23
P0765,Deborah,Martin,Doctor 39,2023-11-23
P0845,Gary,Hall,Doctor 22,2023-11-23
P0970,Daniel,Jones,Doctor 20,2023-11-23
P1189,Sharon,Rivera,Doctor 15,2023-11-23
P1195,Gregory,Patel,Doctor 25,2023-11-23
P1228,Michelle,Morris,Doctor 12,2023-11-23
P1303,Melissa,Lewis,Doctor 21,2023-11-23
P1403,Timothy,Scott,Doctor 36,2023-11-23
P1411,Mary,Torres,Doctor 35,2023-11-23
P1417,Kimberly,Wright,Doctor 22,2023-11-23
P0013,Laura,Richardson,Doctor 39,2023-11-24
P0069,Eric,Nguyen,Doctor 44,2023-11-24
P0120,Joseph,James,Doctor 14,2023-11-24
P0204,Kimberly,Jones,Doctor 30,2023-11-24
P0220,Nicholas,Patel,Doctor 20,2023-11-24
P0268,Donna,Reyes,Doctor 1,2023-11-24
P0383,Dorothy,Evans,Doctor 39,2023-11-24
P0415,Benjamin,Roberts,Doctor 44,2023-11-24
P0448,Helen,Moore,Doctor 36,2023-11-24
P0449,Kathleen,Scott,Doctor 39,2023-11-24
P0469,Karen,Williams,Doctor 11,2023-11-24
P0608,Michael,Ramos,Doctor 11,2023-11-24
P0813,Donna,Baker,Doctor 26,2023-11-24
P0852,George,Reed,Doctor 49,2023-11-24
P0921,William,Clark,Doctor 17,2023-11-24
P0966,Sarah,Richardson,Doctor 31,2023-11-24
P1080,Ryan,Garcia,Doctor 9,2023-11-24
P1100,Raymond,Edwards,Doctor 33,2023-11-24
P1119,Emma,Rogers,Doctor 11,2023-11-24
P1225,David,Castillo,Doctor 26,2023-11-24
P1290,Mark,Williams,Doctor 11,2023-11-24
P1406,Donald,Martin,Doctor 42,2023-11-24
P0036,Shirley,Adams,Doctor 49,2023-11-25
P0047,Kevin,Cox,Doctor 20,2023-11-25
P0141,Nancy,Sanchez,Doctor 11,2023-11-25
P0203,Sharon,Lee,Doctor 10,2023-11-25
P0268,Donna,Reyes,Doctor 1,2023-11-25
P0376,Patricia,Ramos,Doctor 16,2023-11-25
P0523,Lisa,Allen,Doctor 41,2023-11-25
P0706,Patricia,Morris,Doctor 25,2023-11-25
P0767,Brian,Kelly,Doctor 30,2023-11-25
P1022,Matthew,Lewis,Doctor 19,2023-11-25
P1085,Shirley,Gonzalez,Doctor 43,2023-11-25
P1147,Edward,Watson,Doctor 3,2023-11-25
P1160,Sarah,Smith,Doctor 47,2023-11-25
P1165,Jessica,Stewart,Doctor 23,2023-11-25
P1168,Patrick,Martinez,Doctor 34,2023-11-25
P1217,Angela,Johnson,Doctor 48,2023-11-25
P1222,Laura,Castillo,Doctor 17,2023-11-25
P1374,Raymond,Cox,Doctor 37,2023-11-25
P1416,Kevin,Watson,Doctor 19,2023-11-25
P1530,Virginia,Ortiz,Doctor 40,2023-11-25
P0183,Betty,Harris,Doctor 45,2023-11-26
P0234,Barbara,Nelson,Doctor 32,2023-11-26
P0239,Shirley,Reyes,Doctor 15,2023-11-26
P0257,Cynthia,Morris,Doctor 25,2023-11-26
P0270,Donald,Wilson,Doctor 25,2023-11-26
P0335,Brandon,Parker,Doctor 45,2023-11-26
P0337,John,Ortiz,Doctor 39,2023-11-26
P0345,Melissa,Harris,Doctor 40,2023-11-26
P0356,Carol,Castillo,Doctor 25,2023-11-26
P0475,Patricia,Ramirez,Doctor 8,2023-11-26
P0534,Edward,Davis,Doctor 45,2023-11-26
P0617,Donald,Patel,Doctor 34,2023-11-26
P0766,Sarah,Morales,Doctor 50,2023-11-26
P0780,David,Wilson,Doctor 23,2023-11-26
P0834,Barbara,Brown,Doctor 32,2023-11-26
P0909,Deborah,Campbell,Doctor 40,2023-11-26
P0917,Susan,Ruiz,Doctor 38,2023-11-26
P1056,Joshua,Smith,Doctor 42,2023-11-26
P1168,Patrick,Martinez,Doctor 34,2023-11-26
P1221,Melissa,Ward,Doctor 5,2023-11-26
P1245,Anna,Davis,Doctor 2,2023-11-26
P1264,Barbara,Carter,Doctor 21,2023-11-26
P1530,Virginia,Ortiz,Doctor 40,2023-11-26
P0155,Michelle,Taylor,Doctor 36,2023-11-27
P0298,Karen,Price,Doctor 16,2023-11-27
P0301,Matthew,Myers,Doctor 23,2023-11-27
P0367,Donald,Wright,Doctor 46,2023-11-27
P0546,Kenneth,Patel,Doctor 50,2023-11-27
P0707,Nancy,Parker,Doctor 21,2023-11-27
P0876,Anthony,Nguyen,Doctor 27,2023-11-27
P0901,Emma,Perez,Doctor 9,2023-11-27
P0903,Jessica,Garcia,Doctor 18,2023-11-27
P1071,Donna,Howard,Doctor 48,2023-11-27
P1073,Kenneth,Flores,Doctor 24,2023-11-27
P1113,Benjamin,Evans,Doctor 9,2023-11-27
P1125,Helen,Collins,Doctor 38,2023-11-27
P1158,Deborah,Moore,Doctor 17,2023-11-27
P1178,Dennis,White,Doctor 33,2023-11-27
P1385,Alexander,Howard,Doctor 24,2023-11-27
P1413,Gary,Young,Doctor 44,2023-11-27
P1432,Jonathan,Murphy,Doctor 26,2023-11-27
P1486,Jerry,Lewis,Doctor 24,2023-11-27
P1534,Deborah,Flores,Doctor 8,2023-11-27
P0183,Betty,Harris,Doctor 45,2023-11-28
P0251,Emma,Peterson,Doctor 48,2023-11-28
P0268,Donna,Reyes,Doctor 1,2023-11-28
P0269,Ruth,Ruiz,Doctor 40,2023-11-28
P0305,Sharon,Taylor,Doctor 9,2023-11-28
P0569,Kenneth,Kim,Doctor 31,2023-11-28
P0582,Alexander,Wood,Doctor 45,2023-11-28
P0728,Jessica,Kim,Doctor 5,2023-11-28
P0766,Sarah,Morales,Doctor 50,2023-11-28
P0800,Nancy,Peterson,Doctor 28,2023-11-28
P0808,Thomas,Hill,Doctor 33,2023-11-28
P0843,Helen,Nelson,Doctor 11,2023-11-28
P0910,Emma,Garcia,Doctor 20,2023-11-28
P0952,Barbara,Price,Doctor 9,2023-11-28
P1019,Gregory,Clark,Doctor 41,2023-11-28
P1059,Benjamin,Perez,Doctor 3,2023-11-28
P1065,Jessica,Young,Doctor 3,2023-11-28
P1118,William,Kelly,Doctor 18,2023-11-28
P1152,Dennis,Jackson,Doctor 20,2023-11-28
P1214,Scott,Peterson,Doctor 4,2023-11-28
P1243,Sarah,Ward,Doctor 27,2023-11-28
P1474,Scott,Cox,Doctor 14,2023-11-28
P0011,Michael,Morris,Doctor 28,2023-11-29
P0015,Jerry,Richardson,Doctor 22,2023-11-29
P0021,Rebecca,Gonzalez,Doctor 14,2023-11-29
P0068,Anna,Ortiz,Doctor 4,2023-11-29
P0085,Sarah,Alvarez,Doctor 16,2023-11-29
P0175,Charles,Cruz,Doctor 20,2023-11-29
P0213,Charles,Turner,Doctor 49,2023-11-29
P0226,Anthony,Adams,Doctor 41,2023-11-29
P0376,Patricia,Ramos,Doctor 16,2023-11-29
P0378,Michael,Jackson,Doctor 39,2023-11-29
P0418,Andrew,Wilson,Doctor 47,2023-11-29
P0454,Patricia,Richardson,Doctor 33,2023-11-29
P0490,Laura,Cox,Doctor 11,2023-11-29
P0507,Deborah,Perez,Doctor 11,2023-11-29
P0522,Brandon,Thomas,Doctor 15,2023-11-29
P0551,Jonathan,Gomez,Doctor 40,2023-11-29
P0646,Elizabeth,Rodriguez,Doctor 49,2023-11-29
P0724,Aaron,Allen,Doctor 22,2023-11-29
P0793,Jennifer,Wood,Doctor 5,2023-11-29
P0804,Lisa,Cox,Doctor 47,2023-11-29
P0839,Gary,Rodriguez,Doctor 29,2023-11-29
P0848,Timothy,Lopez,Doctor 4,2023-11-29
P0902,Andrew,Mendoza,Doctor 18,2023-11-29
P0978,Nancy,Robinson,Doctor 18,2023-11-29
P1027,Stephen,Lopez,Doctor 24,2023-11-29
P1193,Charles,Jones,Doctor 43,2023-11-29
P1208,Lisa,Evans,Doctor 2,2023-11-29
P1446,Karen,James,Doctor 31,2023-11-29
P1531,George,Smith,Doctor 16,2023-11-29
P0001,John,Morris,Doctor 45,2023-11-30
P0001,John,Morris,Doctor 45,2023-11-30
P0050,Virginia,Price,Doctor 10,2023-11-30
P0119,Kathleen,Cruz,Doctor 4,2023-11-30
P0326,Anthony,Ruiz,Doctor 44,2023-11-30
P0463,Jennifer,Bailey,Doctor 46,2023-11-30
P0575,Raymond,Phillips,Doctor 45,2023-11-30
P0704,Amy,Young,Doctor 14,2023-11-30
P0734,Donald,Harris,Doctor 17,2023-11-30
P0785,Ruth,Mendoza,Doctor 14,2023-11-30
P0882,Virginia,Scott,Doctor 20,2023-11-30
P0886,Anthony,Castillo,Doctor 33,2023-11-30
P0928,Anthony,Cruz,Doctor 18,2023-11-30
P0978,Nancy,Robinson,Doctor 25,2023-11-30
P1030,Stephen,Murphy,Doctor 3,2023-11-30
P1067,Dorothy,Campbell,Doctor 30,2023-11-30
P1073,Kenneth,Flores,Doctor 24,2023-11-30
P1373,Anthony,Scott,Doctor 47,2023-11-30
P1411,Mary,Torres,Doctor 35,2023-11-30
P1461,Sharon,Martinez,Doctor 43,2023-11-30
P0227,Virginia,Ruiz,Doctor 37,2023-12-01
P0321,Sarah,King,Doctor 48,2023-12-01
P0368,Gary,Watson,Doctor 21,2023-12-01
P0373,Carol,Cook,Doctor 14,2023-12-01
P0516,Ryan,Cruz,Doctor 3,2023-12-01
P0540,Deborah,Morgan,Doctor 34,2023-12-01
P1007,Elizabeth,Morgan,Doctor 9,2023-12-01
P1014,Lisa,Diaz,Doctor 29,2023-12-01
P1169,Emma,Cooper,Doctor 36,2023-12-01
P1184,Scott,Moore,Doctor 18,2023-12-01
P1201,Gregory,Rogers,Doctor 37,2023-12-01
P1207,Kevin,Lopez,Doctor 28,2023-12-01
P1478,Gary,James,Doctor 13,2023-12-01
P0212,Michelle,Richardson,Doctor 13,2023-12-02
P0233,Sarah,Lewis,Doctor 38,2023-12-02
P0261,Kenneth,Hall,Doctor 49,2023-12-02
P0263,Alexander,Lewis,Doctor 5,2023-12-02
P0329,Jeffrey,Kelly,Doctor 36,2023-12-02
P0456,Gary,Smith,Doctor 37,2023-12-02
P0565,Justin,Wilson,Doctor 36,2023-12-02
P0600,Kimberly,Gonzalez,Doctor 1,2023-12-02
P0743,Jacob,Ward,Doctor 17,2023-12-02
P0777,Susan,Cook,Doctor 24,2023-12-02
P0895,Angela,Rogers,Doctor 12,2023-12-02
P1022,Matthew,Lewis,Doctor 19,2023-12-02
P1041,Alexander,Rogers,Doctor 31,2023-12-02
P1116,Benjamin,Gray,Doctor 19,2023-12-02
P1177,Scott,Nelson,Doctor 22,2023-12-02
P1185,Kevin,Cooper,Doctor 49,2023-12-02
P1270,Kenneth,Cook,Doctor 36,2023-12-02
P1340,Melissa,Morgan,Doctor 2,2023-12-02
P1359,Joseph,Adams,Doctor 25,2023-12-02
P1371,Nancy,Adams,Doctor 34,2023-12-02
P1392,Stephen,Rogers,Doctor 39,2023-12-02
P0041,Patricia,Phillips,Doctor 14,2023-12-03
P0081,Sandra,Torres,Doctor 7,2023-12-03
P0162,Michelle,Alvarez,Doctor 16,2023-12-03
P0454,Patricia,Richardson,Doctor 33,2023-12-03
P0489,Patrick,Gomez,Doctor 10,2023-12-03
P0527,Richard,Thompson,Doctor 49,2023-12-03
P0588,Samuel,Sanders,Doctor 1,2023-12-03
P0602,Rebecca,Taylor,Doctor 33,2023-12-03
P0603,George,Hughes,Doctor 12,2023-12-03
P0640,Anna,Cox,Doctor 39,2023-12-03
P0743,Jacob,Ward,Doctor 17,2023-12-03
P0837,Cynthia,Lee,Doctor 41,2023-12-03
P0877,Carol,Ramos,Doctor 42,2023-12-03
P0971,Aaron,Kelly,Doctor 46,2023-12-03
P1070,John,Moore,Doctor 36,2023-12-03
P1174,Brenda,Hernandez,Doctor 24,2023-12-03
P1188,Scott,Perez,Doctor 26,2023-12-03
P1202,Jonathan,Hall,Doctor 15,2023-12-03
P1322,Brenda,Perez,Doctor 28,2023-12-03
P1413,Gary,Young,Doctor 44,2023-12-03
P1417,Kimberly,Wright,Doctor 22,2023-12-03
P1486,Jerry,Lewis,Doctor 24,2023-12-03
P0095,Samuel,Parker,Doctor 41,2023-12-04
P0128,Michael,Jones,Doctor 30,2023-12-04
P0141,Nancy,Sanchez,Doctor 11,2023-12-04
P0315,Sarah,Rivera,Doctor 42,2023-12-04
P0360,Jacob,Carter,Doctor 1,2023-12-04
P0525,Michael,Richardson,Doctor 23,2023-12-04
P0529,Anthony,Phillips,Doctor 12,2023-12-04
P0637,Karen,Young,Doctor 32,2023-12-04
P0705,Carol,Ward,Doctor 21,2023-12-04
P0809,William,James,Doctor 5,2023-12-04
P0924,Robert,Martinez,Doctor 49,2023-12-04
P0983,Jessica,Gonzalez,Doctor 4,2023-12-04
P1086,Sandra,Alvarez,Doctor 32,2023-12-04
P1103,Stephen,Walker,Doctor 43,2023-12-04
P1126,Susan,Miller,Doctor 48,2023-12-04
P1410,Shirley,Moore,Doctor 34,2023-12-04
P0042,Patricia,King,Doctor 30,2023-12-05
P0265,Eric,Nelson,Doctor 23,2023-12-05
P0386,Carol,Allen,Doctor 48,2023-12-05
P0611,Sandra,Thompson,Doctor 40,2023-12-05
P0643,Sarah,Mitchell,Doctor 29,2023-12-05
P0718,Sarah,Nelson,Doctor 4,2023-12-05
P1060,Timothy,Wood,Doctor 22,2023-12-05
P1096,Helen,Nguyen,Doctor 7,2023-12-05
P1110,Laura,Garcia,Doctor 32,2023-12-05
P1117,Sarah,Clark,Doctor 27,2023-12-05
P1130,Angela,Mitchell,Doctor 42,2023-12-05
P1196,Gary,Kim,Doctor 5,2023-12-05
P1337,Samuel,Nguyen,Doctor 31,2023-12-05
P1367,Anthony,Chavez,Doctor 43,2023-12-05
P1419,Charles,Stewart,Doctor 28,2023-12-05
P0018,Donna,Ramos,Doctor 2,2023-12-06
P0035,Kevin,Stewart,Doctor 25,2023-12-06
P0118,Ryan,Hughes,Doctor 11,2023-12-06
P0143,Scott,Rivera,Doctor 23,2023-12-06
P0179,Carol,Williams,Doctor 35,2023-12-06
P0306,Anna,Carter,Doctor 43,2023-12-06
P0574,Barbara,Hughes,Doctor 36,2023-12-06
P0607,Angela,Price,Doctor 1,2023-12-06
P0676,Benjamin,Alvarez,Doctor 38,2023-12-06
P0742,Linda,Wood,Doctor 20,2023-12-06
P0881,Christopher,Ruiz,Doctor 47,2023-12-06
P0946,Jerry,Smith,Doctor 18,2023-12-06
P1040,Jonathan,Jackson,Doctor 31,2023-12-06
P1125,Helen,Collins,Doctor 38,2023-12-06
P1146,Tyler,Williams,Doctor 16,2023-12-06
P1207,Kevin,Lopez,Doctor 28,2023-12-06
P1249,Joseph,Campbell,Doctor 41,2023-12-06
P1258,Gary,Brooks,Doctor 27,2023-12-06
P1311,Jessica,Rivera,Doctor 38,2023-12-06
P0082,Joshua,Hughes,Doctor 46,2023-12-07
P0109,Kathleen,Thomas,Doctor 10,2023-12-07
P0136,George,Gonzalez,Doctor 14,2023-12-07
P0158,Deborah,Carter,Doctor 48,2023-12-07
P0166,Kimberly,King,Doctor 46,2023-12-07
P0190,Susan,Morris,Doctor 10,2023-12-07
P0225,Mark,Baker,Doctor 1,2023-12-07
P0253,Samuel,Torres,Doctor 9,2023-12-07
P0255,Susan,Martin,Doctor 38,2023-12-07
P0314,Michelle,Smith,Doctor 17,2023-12-07
P0365,Nicholas,Cruz,Doctor 43,2023-12-07
P0441,Sarah,Cruz,Doctor 24,2023-12-07
P0444,Charles,Nguyen,Doctor 10,2023-12-07
P0508,Kimberly,Hughes,Doctor 10,2023-12-07
P0515,Susan,Green,Doctor 32,2023-12-07
P0647,Steven,Young,Doctor 1,2023-12-07
P0714,Steven,Ortiz,Doctor 42,2023-12-07
P0737,Carol,Walker,Doctor 15,2023-12-07
P1121,Gary,Green,Doctor 41,2023-12-07
P1142,Jennifer,Murphy,Doctor 7,2023-12-07
P1144,Timothy,Parker,Doctor 47,2023-12-07
P1153,Timothy,King,Doctor 17,2023-12-07
P1214,Scott,Peterson,Doctor 4,2023-12-07
P1223,Samuel,King,Doctor 31,2023-12-07
P1341,Anna,Price,Doctor 30,2023-12-07
P1413,Gary,Young,Doctor 44,2023-12-07
P1463,Jack,Gonzalez,Doctor 42,2023-12-07
P0014,Jack,Williams,Doctor 16,2023-12-08
P0084,David,Morgan,Doctor 50,2023-12-08
P0233,Sarah,Lewis,Doctor 1,2023-12-08
P0319,Mark,Gray,Doctor 28,2023-12-08
P0344,Jason,Morris,Doctor 2,2023-12-08
P0387,Brandon,Mendoza,Doctor 37,2023-12-08
P0506,Jonathan,Hernandez,Doctor 28,2023-12-08
P0622,Kenneth,Murphy,Doctor 1,2023-12-08
P0781,Amy,James,Doctor 41,2023-12-08
P0832,Michael,Bennett,Doctor 37,2023-12-08
P0887,Karen,Lewis,Doctor 33,2023-12-08
P1214,Scott,Peterson,Doctor 4,2023-12-08
P1240,Daniel,Davis,Doctor 30,2023-12-08
P1355,Scott,Cook,Doctor 41,2023-12-08
P1382,Michael,Murphy,Doctor 21,2023-12-08
P1388,Ronald,Ramos,Doctor 30,2023-12-08
P1414,Anna,Rodriguez,Doctor 29,2023-12-08
P1535,Jerry,Gomez,Doctor 46,2023-12-08
P0142,Ronald,Morgan,Doctor 25,2023-12-09
P0145,Jerry,Williams,Doctor 22,2023-12-09
P0231,Betty,Wilson,Doctor 30,2023-12-09
P0257,Cynthia,Morris,Doctor 25,2023-12-09
P0298,Karen,Price,Doctor 16,2023-12-09
P0303,Virginia,Nguyen,Doctor 40,2023-12-09
P0407,Joshua,Roberts,Doctor 30,2023-12-09
P0446,Nicholas,Gutierrez,Doctor 49,2023-12-09
P0453,Emma,Reed,Doctor 28,2023-12-09
P0483,Ruth,Torres,Doctor 45,2023-12-09
P0625,Robert,Allen,Doctor 45,2023-12-09
P0652,Jacob,Lee,Doctor 5,2023-12-09
P0672,Nancy,Howard,Doctor 32,2023-12-09
P0765,Deborah,Martin,Doctor 39,2023-12-09
P1026,Larry,Taylor,Doctor 13,2023-12-09
P1223,Samuel,King,Doctor 31,2023-12-09
P1242,Melissa,Martin,Doctor 1,2023-12-09
P1260,Jessica,James,Doctor 42,2023-12-09
P1282,Shirley,Jackson,Doctor 27,2023-12-09
P0021,Rebecca,Gonzalez,Doctor 14,2023-12-10
P0134,Gary,Miller,Doctor 42,2023-12-10
P0167,Helen,Clark,Doctor 46,2023-12-10
P0381,Ruth,Turner,Doctor 28,2023-12-10
P0385,Sandra,Hernandez,Doctor 13,2023-12-10
P0467,Charles,Phillips,Doctor 28,2023-12-10
P0468,Cynthia,Ramos,Doctor 2,2023-12-10
P0497,Jessica,White,Doctor 48,2023-12-10
P0542,Kenneth,Garcia,Doctor 40,2023-12-10
P0557,Benjamin,Richardson,Doctor 45,2023-12-10
P0644,Emma,Smith,Doctor 19,2023-12-10
P0735,Emma,Bennett,Doctor 49,2023-12-10
P0778,Donna,Mitchell,Doctor 27,2023-12-10
P0780,David,Wilson,Doctor 23,2023-12-10
P0809,William,James,Doctor 5,2023-12-10
P0863,Virginia,Rivera,Doctor 20,2023-12-10
P0905,Joseph,Walker,Doctor 40,2023-12-10
P0920,Elizabeth,Moore,Doctor 31,2023-12-10
P0994,Melissa,Ramos,Doctor 6,2023-12-10
P1039,Edward,Hall,Doctor 19,2023-12-10
P1074,Samuel,Nelson,Doctor 15,2023-12-10
P1108,Dennis,Gutierrez,Doctor 43,2023-12-10
P1258,Gary,Brooks,Doctor 26,2023-12-10
P1510,Barbara,Edwards,Doctor 1,2023-12-10
P1520,Matthew,Taylor,Doctor 13,2023-12-10
P0271,Ruth,Roberts,Doctor 12,2023-12-11
P0375,Richard,Sanchez,Doctor 28,2023-12-11
P0415,Benjamin,Roberts,Doctor 44,2023-12-11
P0431,Edward,Rogers,Doctor 31,2023-12-11
P0512,Andrew,Gutierrez,Doctor 26,2023-12-11
P0528,Brandon,Gray,Doctor 42,2023-12-11
P0548,Ryan,Lopez,Doctor 25,2023-12-11
P0759,Jason,Lee,Doctor 11,2023-12-11
P0838,Amy,Collins,Doctor 24,2023-12-11
P0899,Sarah,Kelly,Doctor 40,2023-12-11
P0992,Sandra,Howard,Doctor 12,2023-12-11
P1280,Benjamin,Smith,Doctor 18,2023-12-11
P1390,Helen,Campbell,Doctor 19,2023-12-11
P1460,Barbara,King,Doctor 3,2023-12-11
P1478,Gary,James,Doctor 13,2023-12-11
P0067,Benjamin,Ruiz,Doctor 30,2023-12-12
P0279,Brandon,Ward,Doctor 17,2023-12-12
P0347,Jacob,Murphy,Doctor 47,2023-12-12
P0351,Carol,Chavez,Doctor 39,2023-12-12
P0352,Nicholas,Gonzalez,Doctor 15,2023-12-12
P0377,Brandon,Jackson,Doctor 34,2023-12-12
P0418,Andrew,Wilson,Doctor 47,2023-12-12
P0590,Mark,Adams,Doctor 44,2023-12-12
P0635,Donna,Mendoza,Doctor 45,2023-12-12
P0680,Ryan,Murphy,Doctor 43,2023-12-12
P0742,Linda,Wood,Doctor 36,2023-12-12
P0750,Patricia,Kelly,Doctor 27,2023-12-12
P0789,Kimberly,Brown,Doctor 14,2023-12-12
P0799,Sandra,Nguyen,Doctor 31,2023-12-12
P0925,Virginia,Jones,Doctor 26,2023-12-12
P0940,Melissa,Cruz,Doctor 47,2023-12-12
P1107,Matthew,Baker,Doctor 22,2023-12-12
P1216,Daniel,Young,Doctor 50,2023-12-12
P1493,Charles,James,Doctor 21,2023-12-12
P0024,Gary,Hill,Doctor 19,2023-12-13
P0108,William,Lewis,Doctor 14,2023-12-13
P0192,Gary,Ruiz,Doctor 3,2023-12-13
P0289,Ronald,Miller,Doctor 6,2023-12-13
P0546,Kenneth,Patel,Doctor 31,2023-12-13
P0555,Sharon,Morris,Doctor 31,2023-12-13
P0644,Emma,Smith,Doctor 19,2023-12-13
P0677,Brenda,Jackson,Doctor 36,2023-12-13
P0752,Michael,Chavez,Doctor 22,2023-12-13
P0759,Jason,Lee,Doctor 11,2023-12-13
P0824,Nancy,Allen,Doctor 3,2023-12-13
P0886,Anthony,Castillo,Doctor 33,2023-12-13
P1017,Jessica,Reyes,Doctor 43,2023-12-13
P1076,Sandra,Gutierrez,Doctor 7,2023-12-13
P1305,Sarah,Ruiz,Doctor 24,2023-12-13
P1367,Anthony,Chavez,Doctor 43,2023-12-13
P1404,Eric,Lewis,Doctor 44,2023-12-13
P1444,Sandra,Smith,Doctor 48,2023-12-13
P1497,Jerry,Morales,Doctor 32,2023-12-13
P1505,Virginia,Baker,Doctor 50,2023-12-13
P0001,John,Morris,Doctor 45,2023-12-14
P0042,Patricia,King,Doctor 30,2023-12-14
P0052,Lisa,Scott,Doctor 10,2023-12-14
P0171,Ryan,Hernandez,Doctor 33,2023-12-14
P0180,Virginia,Lopez,Doctor 11,2023-12-14
P0288,Alexander,Smith,Doctor 39,2023-12-14
P0423,Gregory,Moore,Doctor 4,2023-12-14
P0519,Jeffrey,Torres,Doctor 45,2023-12-14
P0588,Samuel,Sanders,Doctor 1,2023-12-14
P0738,Justin,Gonzalez,Doctor 28,2023-12-14
P0793,Jennifer,Wood,Doctor 5,2023-12-14
P0845,Gary,Hall,Doctor 22,2023-12-14
P0881,Christopher,Ruiz,Doctor 47,2023-12-14
P0905,Joseph,Walker,Doctor 40,2023-12-14
P0908,Timothy,Brown,Doctor 39,2023-12-14
P1109,Rebecca,Allen,Doctor 29,2023-12-14
P1115,Frank,Davis,Doctor 3,2023-12-14
P1200,Shirley,Evans,Doctor 50,2023-12-14
P1205,Christopher,Garcia,Doctor 20,2023-12-14
P0113,Lisa,Martin,Doctor 21,2023-12-15
P0281,Sarah,Sanchez,Doctor 32,2023-12-15
P0390,Frank,Bailey,Doctor 44,2023-12-15
P0392,Sarah,Lopez,Doctor 10,2023-12-15
P0460,Lisa,Chavez,Doctor 46,2023-12-15
P0513,Patrick,Smith,Doctor 32,2023-12-15
P0541,Benjamin,Harris,Doctor 37,2023-12-15
P0578,Michelle,Johnson,Doctor 31,2023-12-15
P0701,Karen,Morris,Doctor 45,2023-12-15
P0706,Patricia,Morris,Doctor 25,2023-12-15
P0742,Linda,Wood,Doctor 36,2023-12-15
P0764,Lisa,Moore,Doctor 21,2023-12-15
P0797,Michelle,King,Doctor 29,2023-12-15
P0924,Robert,Martinez,Doctor 49,2023-12-15
P1088,Andrew,Gray,Doctor 6,2023-12-15
P1189,Sharon,Rivera,Doctor 42,2023-12-15
P1236,Gregory,Lee,Doctor 33,2023-12-15
P1300,Patrick,Ramos,Doctor 47,2023-12-15
P1457,Brenda,Diaz,Doctor 13,2023-12-15
P0001,John,Morris,Doctor 45,2023-12-16
P0061,John,Ward,Doctor 34,2023-12-16
P0064,Ronald,Garcia,Doctor 48,2023-12-16
P0489,Patrick,Gomez,Doctor 10,2023-12-16
P0605,Larry,Adams,Doctor 11,2023-12-16
P0614,Kathleen,Evans,Doctor 43,2023-12-16
P0674,Jennifer,Ramos,Doctor 16,2023-12-16
P0689,Virginia,Watson,Doctor 12,2023-12-16
P0775,Stephen,Clark,Doctor 49,2023-12-16
P0816,Barbara,Adams,Doctor 33,2023-12-16
P0872,Nancy,Taylor,Doctor 24,2023-12-16
P0962,Nancy,Nguyen,Doctor 34,2023-12-16
P1058,Raymond,Rivera,Doctor 18,2023-12-16
P1221,Melissa,Ward,Doctor 5,2023-12-16
P1230,Jessica,Nelson,Doctor 3,2023-12-16
P1363,Helen,White,Doctor 30,2023-12-16
P0091,Kenneth,Robinson,Doctor 4,2023-12-17
P0167,Helen,Clark,Doctor 46,2023-12-17
P0203,Sharon,Lee,Doctor 10,2023-12-17
P0313,Michelle,Howard,Doctor 40,2023-12-17
P0366,Carol,Stewart,Doctor 6,2023-12-17
P0407,Joshua,Roberts,Doctor 30,2023-12-17
P0417,Sandra,Mitchell,Doctor 14,2023-12-17
P0442,Scott,Flores,Doctor 29,2023-12-17
P0452,Mark,Lewis,Doctor 6,2023-12-17
P0460,Lisa,Chavez,Doctor 46,2023-12-17
P0465,Joshua,Cox,Doctor 19,2023-12-17
P0505,David,Patel,Doctor 16,2023-12-17
P0632,Angela,Murphy,Doctor 22,2023-12-17
P0662,Mary,Wilson,Doctor 33,2023-12-17
P0765,Deborah,Martin,Doctor 39,2023-12-17
P0783,Lisa,White,Doctor 16,2023-12-17
P0787,Carol,Nelson,Doctor 34,2023-12-17
P0828,Jason,Adams,Doctor 45,2023-12-17
P0833,James,Sanchez,Doctor 32,2023-12-17
P0946,Jerry,Smith,Doctor 18,2023-12-17
P1141,Virginia,Mendoza,Doctor 7,2023-12-17
P1218,Donna,Harris,Doctor 24,2023-12-17
P1335,Gary,Castillo,Doctor 48,2023-12-17
P1495,Rebecca,Kelly,Doctor 39,2023-12-17
P1498,Donna,Jackson,Doctor 15,2023-12-17
P1517,Kenneth,Hernandez,Doctor 28,2023-12-17
P0002,Betty,Campbell,Doctor 46,2023-12-18
P0146,Sarah,Gonzalez,Doctor 22,2023-12-18
P0264,Scott,Ward,Doctor 20,2023-12-18
P0300,Lisa,Bennett,Doctor 41,2023-12-18
P0318,Brian,Hughes,Doctor 27,2023-12-18
P0478,Sarah,Mendoza,Doctor 45,2023-12-18
P0504,Mary,Gray,Doctor 42,2023-12-18
P0527,Richard,Thompson,Doctor 49,2023-12-18
P0714,Steven,Ortiz,Doctor 42,2023-12-18
P0755,Jose,Richardson,Doctor 18,2023-12-18
P0874,Karen,Thomas,Doctor 47,2023-12-18
P0891,Daniel,Morales,Doctor 36,2023-12-18
P1064,Brandon,Peterson,Doctor 8,2023-12-18
P1177,Scott,Nelson,Doctor 22,2023-12-18
P1180,William,Martin,Doctor 23,2023-12-18
P1220,David,Diaz,Doctor 5,2023-12-18
P1226,Brandon,Clark,Doctor 6,2023-12-18
P1268,Cynthia,Ward,Doctor 12,2023-12-18
P1286,Jerry,Price,Doctor 24,2023-12-18
P1384,Cynthia,Campbell,Doctor 30,2023-12-18
P1412,Emma,Bailey,Doctor 45,2023-12-18
P1484,Amy,Jones,Doctor 10,2023-12-18
P1508,Sharon,Sanchez,Doctor 16,2023-12-18
P0006,Andrew,Young,Doctor 48,2023-12-19
P0075,Kimberly,Myers,Doctor 28,2023-12-19
P0096,Cynthia,Stewart,Doctor 14,2023-12-19
P0137,Ruth,Anderson,Doctor 49,2023-12-19
P0307,Ruth,Collins,Doctor 31,2023-12-19
P0595,Barbara,Baker,Doctor 43,2023-12-19
P0628,Susan,Garcia,Doctor 47,2023-12-19
P0725,Scott,Diaz,Doctor 30,2023-12-19
P0749,James,Stewart,Doctor 30,2023-12-19
P0892,James,Collins,Doctor 43,2023-12-19
P0942,Karen,Green,Doctor 30,2023-12-19
P0967,Patrick,Chavez,Doctor 43,2023-12-19
P0981,Dennis,Bennett,Doctor 45,2023-12-19
P1000,Justin,Richardson,Doctor 44,2023-12-19
P1057,Rebecca,Williams,Doctor 45,2023-12-19
P1093,Anthony,Evans,Doctor 21,2023-12-19
P1110,Laura,Garcia,Doctor 32,2023-12-19
P1133,Kenneth,Reyes,Doctor 29,2023-12-19
P1150,Betty,Roberts,Doctor 39,2023-12-19
P1161,Angela,Davis,Doctor 4,2023-12-19
P1278,Laura,Green,Doctor 45,2023-12-19
P1378,Joseph,Rogers,Doctor 27,2023-12-19
P1397,Deborah,Reed,Doctor 27,2023-12-19
P1451,Mary,Peterson,Doctor 45,2023-12-19
P0179,Carol,Williams,Doctor 35,2023-12-20
P0187,Brian,Young,Doctor 49,2023-12-20
P0345,Melissa,Harris,Doctor 4,2023-12-20
P0355,Emma,Gray,Doctor 39,2023-12-20
P0420,David,Jones,Doctor 15,2023-12-20
P0439,Sharon,Hall,Doctor 37,2023-12-20
P0535,Brian,Ruiz,Doctor 50,2023-12-20
P0539,Frank,Brooks,Doctor 15,2023-12-20
P0557,Benjamin,Richardson,Doctor 42,2023-12-20
P0652,Jacob,Lee,Doctor 5,2023-12-20
P0663,Carol,Jackson,Doctor 29,2023-12-20
P0681,John,Harris,Doctor 33,2023-12-20
P0712,Michael,King,Doctor 44,2023-12-20
P0757,Sharon,Carter,Doctor 46,2023-12-20
P0763,Nancy,King,Doctor 46,2023-12-20
P0864,Sarah,Evans,Doctor 8,2023-12-20
P0887,Karen,Lewis,Doctor 33,2023-12-20
P1039,Edward,Hall,Doctor 22,2023-12-20
P1049,Dennis,Hall,Doctor 28,2023-12-20
P1085,Shirley,Gonzalez,Doctor 43,2023-12-20
P1116,Benjamin,Gray,Doctor 19,2023-12-20
P1160,Sarah,Smith,Doctor 47,2023-12-20
P1184,Scott,Moore,Doctor 18,2023-12-20
P1510,Barbara,Edwards,Doctor 1,2023-12-20
P0061,John,Ward,Doctor 4,2023-12-21
P0161,Charles,Allen,Doctor 35,2023-12-21
P0241,Laura,Wood,Doctor 6,2023-12-21
P0396,Robert,Edwards,Doctor 20,2023-12-21
P0494,Laura,Brooks,Doctor 5,2023-12-21
P0587,Linda,Watson,Doctor 19,2023-12-21
P0605,Larry,Adams,Doctor 11,2023-12-21
P0655,Justin,Walker,Doctor 45,2023-12-21
P0671,Jeffrey,Roberts,Doctor 6,2023-12-21
P0792,Edward,Perez,Doctor 12,2023-12-21
P0809,William,James,Doctor 5,2023-12-21
P0847,Donald,Allen,Doctor 17,2023-12-21
P0868,Anna,Nelson,Doctor 17,2023-12-21
P0904,Stephen,Green,Doctor 13,2023-12-21
P0908,Timothy,Brown,Doctor 4,2023-12-21
P0942,Karen,Green,Doctor 30,2023-12-21
P1063,Ronald,Lewis,Doctor 40,2023-12-21
P1116,Benjamin,Gray,Doctor 20,2023-12-21
P1200,Shirley,Evans,Doctor 50,2023-12-21
P1337,Samuel,Nguyen,Doctor 31,2023-12-21
P1380,Matthew,Bennett,Doctor 14,2023-12-21
P1514,Scott,Harris,Doctor 46,2023-12-21
P0054,Joseph,Clark,Doctor 4,2023-12-22
P0317,Michelle,Jackson,Doctor 47,2023-12-22
P0405,Donna,Campbell,Doctor 23,2023-12-22
P0427,Shirley,Wilson,Doctor 11,2023-12-22
P0517,Robert,Lee,Doctor 46,2023-12-22
P0543,Jonathan,Clark,Doctor 24,2023-12-22
P0551,Jonathan,Gomez,Doctor 7,2023-12-22
P0591,William,Sanchez,Doctor 13,2023-12-22
P0661,Jeffrey,Hughes,Doctor 25,2023-12-22
P0705,Carol,Ward,Doctor 21,2023-12-22
P0789,Kimberly,Brown,Doctor 14,2023-12-22
P0822,Carol,Martinez,Doctor 29,2023-12-22
P1146,Tyler,Williams,Doctor 16,2023-12-22
P1199,Angela,Howard,Doctor 42,2023-12-22
P1485,Betty,Walker,Doctor 19,2023-12-22
P0049,Michelle,Lewis,Doctor 36,2023-12-23
P0120,Joseph,James,Doctor 14,2023-12-23
P0248,Angela,Phillips,Doctor 30,2023-12-23
P0317,Michelle,Jackson,Doctor 47,2023-12-23
P0331,Jessica,Brooks,Doctor 3,2023-12-23
P0385,Sandra,Hernandez,Doctor 13,2023-12-23
P0478,Sarah,Mendoza,Doctor 45,2023-12-23
P0492,Benjamin,Allen,Doctor 3,2023-12-23
P0618,Jerry,Perez,Doctor 27,2023-12-23
P0657,Sandra,Castillo,Doctor 35,2023-12-23
P0660,Justin,Edwards,Doctor 10,2023-12-23
P0733,Karen,Castillo,Doctor 34,2023-12-23
P0865,Tyler,Baker,Doctor 31,2023-12-23
P0866,Sarah,Carter,Doctor 45,2023-12-23
P0920,Elizabeth,Moore,Doctor 31,2023-12-23
P0995,Anna,Nguyen,Doctor 39,2023-12-23
P1017,Jessica,Reyes,Doctor 43,2023-12-23
P1108,Dennis,Gutierrez,Doctor 8,2023-12-23
P1120,Lisa,Williams,Doctor 48,2023-12-23
P1122,Donna,Gutierrez,Doctor 22,2023-12-23
P1145,Mary,Scott,Doctor 39,2023-12-23
P1431,David,Reyes,Doctor 21,2023-12-23
P0043,Patrick,Wilson,Doctor 10,2023-12-24
P0055,Daniel,Ramos,Doctor 20,2023-12-24
P0093,Christopher,Robinson,Doctor 13,2023-12-24
P0107,Kevin,Morgan,Doctor 20,2023-12-24
P0143,Scott,Rivera,Doctor 23,2023-12-24
P0179,Carol,Williams,Doctor 34,2023-12-24
P0197,Larry,Lee,Doctor 46,2023-12-24
P0306,Anna,Carter,Doctor 13,2023-12-24
P0340,Donna,Morris,Doctor 16,2023-12-24
P0408,Deborah,Scott,Doctor 9,2023-12-24
P0434,Michelle,Ward,Doctor 38,2023-12-24
P0464,Kimberly,Watson,Doctor 31,2023-12-24
P0518,Patricia,Diaz,Doctor 28,2023-12-24
P0533,Benjamin,Torres,Doctor 34,2023-12-24
P0552,Sandra,Miller,Doctor 23,2023-12-24
P0562,Jessica,Kelly,Doctor 2,2023-12-24
P0570,Virginia,King,Doctor 48,2023-12-24
P0586,Jonathan,Sanders,Doctor 7,2023-12-24
P0600,Kimberly,Gonzalez,Doctor 1,2023-12-24
P0706,Patricia,Morris,Doctor 25,2023-12-24
P0814,Kathleen,Gutierrez,Doctor 43,2023-12-24
P0876,Anthony,Nguyen,Doctor 27,2023-12-24
P0966,Sarah,Richardson,Doctor 31,2023-12-24
P1091,Kimberly,Martin,Doctor 23,2023-12-24
P1148,Sarah,Taylor,Doctor 5,2023-12-24
P1328,John,Myers,Doctor 30,2023-12-24
P1358,Sarah,Thompson,Doctor 24,2023-12-24
P1376,Edward,Garcia,Doctor 44,2023-12-24
P1421,Brenda,Morgan,Doctor 3,2023-12-24
P1494,Jonathan,Rivera,Doctor 38,2023-12-24
P0180,Virginia,Lopez,Doctor 11,2023-12-25
P0242,Deborah,Murphy,Doctor 32,2023-12-25
P0247,Carol,Clark,Doctor 10,2023-12-25
P0281,Sarah,Sanchez,Doctor 32,2023-12-25
P0299,Jessica,Harris,Doctor 1,2023-12-25
P0351,Carol,Chavez,Doctor 39,2023-12-25
P0449,Kathleen,Scott,Doctor 39,2023-12-25
P0454,Patricia,Richardson,Doctor 34,2023-12-25
P0455,Melissa,Miller,Doctor 47,2023-12-25
P0603,George,Hughes,Doctor 12,2023-12-25
P0772,Sandra,Patel,Doctor 50,2023-12-25
P0861,Benjamin,Price,Doctor 1,2023-12-25
P0867,Linda,Kelly,Doctor 42,2023-12-25
P0916,Ryan,James,Doctor 2,2023-12-25
P1015,Richard,Ramos,Doctor 15,2023-12-25
P1230,Jessica,Nelson,Doctor 3,2023-12-25
P1238,Nicholas,Sanchez,Doctor 7,2023-12-25
P1355,Scott,Cook,Doctor 27,2023-12-25
P1419,Charles,Stewart,Doctor 24,2023-12-25
P1453,Sarah,Jones,Doctor 12,2023-12-25
P0101,Karen,Richardson,Doctor 2,2023-12-26
P0337,John,Ortiz,Doctor 39,2023-12-26
P0473,Jonathan,Howard,Doctor 10,2023-12-26
P0480,Anthony,Bennett,Doctor 45,2023-12-26
P0533,Benjamin,Torres,Doctor 34,2023-12-26
P0578,Michelle,Johnson,Doctor 31,2023-12-26
P0593,Kimberly,Miller,Doctor 49,2023-12-26
P0724,Aaron,Allen,Doctor 22,2023-12-26
P0763,Nancy,King,Doctor 46,2023-12-26
P0893,Rebecca,Turner,Doctor 35,2023-12-26
P1052,Sharon,Wright,Doctor 28,2023-12-26
P1069,Thomas,Adams,Doctor 20,2023-12-26
P1149,Samuel,Turner,Doctor 18,2023-12-26
P1149,Samuel,Turner,Doctor 18,2023-12-26
P1151,Ryan,Carter,Doctor 28,2023-12-26
P1455,Susan,Wright,Doctor 18,2023-12-26
P0035,Kevin,Stewart,Doctor 38,2023-12-27
P0077,Shirley,Torres,Doctor 12,2023-12-27
P0125,Frank,Green,Doctor 31,2023-12-27
P0167,Helen,Clark,Doctor 3,2023-12-27
P0389,Alexander,Martinez,Doctor 19,2023-12-27
P0435,Jerry,Evans,Doctor 4,2023-12-27
P0497,Jessica,White,Doctor 48,2023-12-27
P0511,Betty,Myers,Doctor 29,2023-12-27
P0730,Karen,Wilson,Doctor 1,2023-12-27
P0822,Carol,Martinez,Doctor 17,2023-12-27
P0986,Alexander,Sanchez,Doctor 40,2023-12-27
P1092,Justin,Martin,Doctor 23,2023-12-27
P1206,Sharon,Jackson,Doctor 15,2023-12-27
P1224,David,Cruz,Doctor 29,2023-12-27
P1390,Helen,Campbell,Doctor 19,2023-12-27
P1395,Elizabeth,Robinson,Doctor 30,2023-12-27
P1425,Melissa,Morales,Doctor 27,2023-12-27
P1484,Amy,Jones,Doctor 10,2023-12-27
P0312,Edward,Reed,Doctor 29,2023-12-28
P0407,Joshua,Roberts,Doctor 30,2023-12-28
P0436,Brandon,Sanders,Doctor 5,2023-12-28
P0586,Jonathan,Sanders,Doctor 7,2023-12-28
P0668,James,Myers,Doctor 27,2023-12-28
P0712,Michael,King,Doctor 44,2023-12-28
P0747,Amy,Ward,Doctor 37,2023-12-28
P0862,Jason,Castillo,Doctor 13,2023-12-28
P0886,Anthony,Castillo,Doctor 33,2023-12-28
P1055,Virginia,Thompson,Doctor 25,2023-12-28
P1086,Sandra,Alvarez,Doctor 32,2023-12-28
P1134,Sarah,Baker,Doctor 16,2023-12-28
P1153,Timothy,King,Doctor 17,2023-12-28
P1155,Scott,Collins,Doctor 37,2023-12-28
P1187,Timothy,Richardson,Doctor 36,2023-12-28
P1201,Gregory,Rogers,Doctor 37,2023-12-28
P1225,David,Castillo,Doctor 26,2023-12-28
P1441,Betty,Martin,Doctor 49,2023-12-28
P0034,Cynthia,Baker,Doctor 27,2023-12-29
P0127,Justin,Cooper,Doctor 35,2023-12-29
P0166,Kimberly,King,Doctor 46,2023-12-29
P0187,Brian,Young,Doctor 35,2023-12-29
P0286,Jennifer,Gutierrez,Doctor 50,2023-12-29
P0366,Carol,Stewart,Doctor 6,2023-12-29
P0547,Sharon,Phillips,Doctor 31,2023-12-29
P0596,John,Roberts,Doctor 34,2023-12-29
P0626,Linda,Morgan,Doctor 6,2023-12-29
P0649,Justin,Flores,Doctor 43,2023-12-29
P0717,Sandra,Adams,Doctor 38,2023-12-29
P0736,Donna,Wright,Doctor 32,2023-12-29
P0865,Tyler,Baker,Doctor 31,2023-12-29
P0896,Brian,Edwards,Doctor 43,2023-12-29
P0949,Sandra,Evans,Doctor 29,2023-12-29
P0959,Deborah,Ortiz,Doctor 10,2023-12-29
P0989,Mark,Wright,Doctor 23,2023-12-29
P1123,Samuel,Morris,Doctor 18,2023-12-29
P1147,Edward,Watson,Doctor 3,2023-12-29
P1198,Deborah,Wilson,Doctor 35,2023-12-29
P1227,Michelle,Hughes,Doctor 33,2023-12-29
P1260,Jessica,James,Doctor 42,2023-12-29
P1304,Shirley,Campbell,Doctor 50,2023-12-29
P1347,Helen,Smith,Doctor 37,2023-12-29
P1506,Barbara,Allen,Doctor 40,2023-12-29
P0298,Karen,Price,Doctor 16,2023-12-30
P0517,Robert,Lee,Doctor 46,2023-12-30
P0540,Deborah,Morgan,Doctor 34,2023-12-30
P0756,George,Anderson,Doctor 36,2023-12-30
P0770,Steven,Parker,Doctor 17,2023-12-30
P0787,Carol,Nelson,Doctor 34,2023-12-30
P0941,Jonathan,Phillips,Doctor 48,2023-12-30
P0974,Scott,Thomas,Doctor 21,2023-12-30
P1223,Samuel,King,Doctor 31,2023-12-30
P1376,Edward,Garcia,Doctor 44,2023-12-30
P1407,Lisa,Young,Doctor 27,2023-12-30
P1500,Brenda,Turner,Doctor 3,2023-12-30
P1530,Virginia,Ortiz,Doctor 40,2023-12-30