patient_id,patient_first_name,patient_last_name,doctor_id,appointment_date
P0065,Kimberly,Bailey,Doctor 4,2022-12-31
P0018,Aaron,Brooks,Doctor 3,2023-01-01
P0062,Sandra,Jones,Doctor 3,2023-01-01
P0164,Mark,Hughes,Doctor 1,2023-01-01
P0248,Rebecca,Thomas,Doctor 2,2023-01-01
P0352,Tyler,Turner,Doctor 1,2023-01-01
P0354,Stephen,Lopez,Doctor 5,2023-01-01
P0355,Sarah,Hill,Doctor 3,2023-01-01
P0410,Susan,Cooper,Doctor 4,2023-01-01
P0446,Rebecca,Walker,Doctor 1,2023-01-01
P0003,Dorothy,Ortiz,Doctor 2,2023-01-02
P0080,Michelle,Baker,Doctor 2,2023-01-02
P0469,Jennifer,Smith,Doctor 1,2023-01-02
P0474,Shirley,Thompson,Doctor 2,2023-01-02
P0142,Kimberly,Rivera,Doctor 5,2023-01-03
P0294,Emma,Richardson,Doctor 1,2023-01-03
P0297,Deborah,Moore,Doctor 2,2023-01-03
P0310,Cynthia,Robinson,Doctor 4,2023-01-03
P0328,William,Bailey,Doctor 1,2023-01-03
P0348,Patricia,Baker,Doctor 1,2023-01-03
P0360,Virginia,Scott,Doctor 2,2023-01-03
P0026,Sharon,Hernandez,Doctor 4,2023-01-04
P0045,Sarah,Ward,Doctor 3,2023-01-04
P0047,Anthony,Turner,Doctor 1,2023-01-04
P0048,Karen,Morris,Doctor 4,2023-01-04
P0099,Jerry,Lewis,Doctor 1,2023-01-04
P0163,Steven,Robinson,Doctor 1,2023-01-04
P0165,Kimberly,Martin,Doctor 5,2023-01-04
P0242,Joshua,Wilson,Doctor 4,2023-01-04
P0271,Sandra,Morgan,Doctor 2,2023-01-04
P0273,Ryan,Davis,Doctor 4,2023-01-04
P0335,Shirley,Parker,Doctor 5,2023-01-04
P0431,Betty,Bailey,Doctor 4,2023-01-04
P0020,Nicholas,Edwards,Doctor 5,2023-01-05
P0103,Sharon,Rivera,Doctor 5,2023-01-05
P0115,Dorothy,Watson,Doctor 4,2023-01-05
P0126,Gregory,Peterson,Doctor 3,2023-01-05
P0157,Eric,Howard,Doctor 1,2023-01-05
P0254,Barbara,Taylor,Doctor 2,2023-01-05
P0315,John,Price,Doctor 4,2023-01-05
P0435,Helen,King,Doctor 2,2023-01-05
P0483,Karen,Gonzalez,Doctor 1,2023-01-05
P0032,Kimberly,Wood,Doctor 1,2023-01-06
P0034,Sandra,Evans,Doctor 3,2023-01-06
P0210,Donald,Allen,Doctor 1,2023-01-06
P0332,Sharon,Adams,Doctor 1,2023-01-06
P0336,Alexander,Cruz,Doctor 5,2023-01-06
P0372,Scott,Kim,Doctor 3,2023-01-06
P0419,Richard,Ramirez,Doctor 5,2023-01-06
P0437,Laura,Wood,Doctor 3,2023-01-06
P0010,Benjamin,Lee,Doctor 3,2023-01-07
P0092,Tyler,Watson,Doctor 5,2023-01-07
P0110,Ruth,Baker,Doctor 4,2023-01-07
P0202,Sarah,White,Doctor 2,2023-01-07
P0204,Matthew,Carter,Doctor 2,2023-01-07
P0271,Sandra,Morgan,Doctor 2,2023-01-07
P0287,Sandra,Rivera,Doctor 3,2023-01-07
P0424,Virginia,Adams,Doctor 4,2023-01-07
P0480,Kimberly,Davis,Doctor 3,2023-01-07
P0038,John,Campbell,Doctor 5,2023-01-08
P0074,Rebecca,Alvarez,Doctor 4,2023-01-08
P0218,Lisa,Clark,Doctor 2,2023-01-08
P0352,Tyler,Turner,Doctor 1,2023-01-08
P0434,Stephen,Gonzalez,Doctor 5,2023-01-08
P0457,Amy,Thompson,Doctor 2,2023-01-08
P0061,Justin,Sanders,Doctor 3,2023-01-09
P0180,Aaron,Watson,Doctor 2,2023-01-09
P0426,Jose,Ortiz,Doctor 2,2023-01-09
P0462,Lisa,Anderson,Doctor 4,2023-01-09
P0474,Shirley,Thompson,Doctor 2,2023-01-09
P0059,Deborah,Morales,Doctor 3,2023-01-10
P0090,Kimberly,Collins,Doctor 4,2023-01-10
P0391,James,Nelson,Doctor 3,2023-01-10
P0445,Sharon,Phillips,Doctor 5,2023-01-10
P0465,Carol,Evans,Doctor 5,2023-01-10
P0471,Jerry,Harris,Doctor 1,2023-01-10
P0002,Sandra,Wood,Doctor 2,2023-01-11
P0006,Jeffrey,Thomas,Doctor 5,2023-01-11
P0046,Susan,Stewart,Doctor 3,2023-01-11
P0068,Brandon,Cruz,Doctor 4,2023-01-11
P0104,Sarah,Lewis,Doctor 4,2023-01-11
P0133,Donna,Kelly,Doctor 1,2023-01-11
P0184,Kevin,Perez,Doctor 5,2023-01-11
P0293,Jonathan,Rogers,Doctor 2,2023-01-11
P0322,Anna,Wright,Doctor 3,2023-01-11
P0406,Dennis,Lewis,Doctor 1,2023-01-11
P0078,Karen,Brooks,Doctor 2,2023-01-12
P0139,Thomas,Wright,Doctor 5,2023-01-12
P0155,Timothy,Myers,Doctor 2,2023-01-12
P0352,Tyler,Turner,Doctor 1,2023-01-12
P0364,Donna,Evans,Doctor 4,2023-01-12
P0396,Jennifer,Johnson,Doctor 3,2023-01-12
P0412,Kevin,Rodriguez,Doctor 1,2023-01-12
P0015,Laura,Evans,Doctor 2,2023-01-13
P0040,Betty,Gutierrez,Doctor 2,2023-01-13
P0085,Robert,Lewis,Doctor 5,2023-01-13
P0146,Sandra,Smith,Doctor 5,2023-01-13
P0244,Ruth,Reed,Doctor 3,2023-01-13
P0253,Sarah,Stewart,Doctor 4,2023-01-13
P0296,Karen,Carter,Doctor 2,2023-01-13
P0375,Benjamin,Wright,Doctor 1,2023-01-13
P0385,Jack,Taylor,Doctor 4,2023-01-13
P0475,Helen,Ortiz,Doctor 5,2023-01-13
P0033,Jacob,Williams,Doctor 1,2023-01-14
P0055,Steven,Bailey,Doctor 4,2023-01-14
P0092,Tyler,Watson,Doctor 5,2023-01-14
P0223,Charles,Ortiz,Doctor 4,2023-01-14
P0380,Donald,Turner,Doctor 3,2023-01-14
P0399,Karen,Patel,Doctor 1,2023-01-14
P0456,Daniel,Morgan,Doctor 4,2023-01-14
P0069,Betty,Clark,Doctor 4,2023-01-15
P0122,Steven,Ward,Doctor 4,2023-01-15
P0123,Barbara,Robinson,Doctor 3,2023-01-15
P0168,Kimberly,Gray,Doctor 3,2023-01-15
P0206,Anna,Edwards,Doctor 5,2023-01-15
P0309,Jonathan,Young,Doctor 1,2023-01-15
P0349,Susan,Richardson,Doctor 5,2023-01-15
P0384,Brenda,Young,Doctor 2,2023-01-15
P0474,Shirley,Thompson,Doctor 2,2023-01-15
P0491,Larry,Sanchez,Doctor 5,2023-01-15
P0019,Scott,Martinez,Doctor 2,2023-01-16
P0023,James,Bailey,Doctor 4,2023-01-16
P0062,Sandra,Jones,Doctor 3,2023-01-16
P0126,Gregory,Peterson,Doctor 3,2023-01-16
P0240,William,Ramirez,Doctor 3,2023-01-16
P0289,Nancy,Peterson,Doctor 2,2023-01-16
P0298,Anthony,Allen,Doctor 5,2023-01-16
P0323,James,Ruiz,Doctor 2,2023-01-16
P0380,Donald,Turner,Doctor 3,2023-01-16
P0413,Jessica,Rogers,Doctor 2,2023-01-16
P0486,Anna,Reyes,Doctor 5,2023-01-16
P0252,Kenneth,Adams,Doctor 1,2023-01-17
P0304,Elizabeth,Kelly,Doctor 2,2023-01-17
P0309,Jonathan,Young,Doctor 1,2023-01-17
P0311,Edward,Cox,Doctor 4,2023-01-17
P0414,Ronald,Roberts,Doctor 3,2023-01-17
P0441,Michelle,Stewart,Doctor 2,2023-01-17
P0066,Jessica,Reyes,Doctor 4,2023-01-18
P0104,Sarah,Lewis,Doctor 4,2023-01-18
P0177,Lisa,Diaz,Doctor 5,2023-01-18
P0222,Donna,Alvarez,Doctor 1,2023-01-18
P0292,Ruth,Castillo,Doctor 3,2023-01-18
P0311,Edward,Cox,Doctor 4,2023-01-18
P0346,Jeffrey,Gray,Doctor 5,2023-01-18
P0382,Anna,Reed,Doctor 3,2023-01-18
P0485,Tyler,Lewis,Doctor 2,2023-01-18
P0493,David,Alvarez,Doctor 3,2023-01-18
P0100,Gregory,Cook,Doctor 3,2023-01-19
P0106,James,Harris,Doctor 3,2023-01-19
P0243,Sandra,Ruiz,Doctor 5,2023-01-19
P0259,James,Walker,Doctor 3,2023-01-19
P0268,Anna,Thomas,Doctor 5,2023-01-19
P0300,Mary,Sanchez,Doctor 1,2023-01-19
P0396,Jennifer,Johnson,Doctor 3,2023-01-19
P0407,Samuel,Lee,Doctor 1,2023-01-19
P0173,Karen,Turner,Doctor 1,2023-01-20
P0189,Donna,Nguyen,Doctor 3,2023-01-20
P0243,Sandra,Ruiz,Doctor 5,2023-01-20
P0273,Ryan,Davis,Doctor 4,2023-01-20
P0368,Richard,Ortiz,Doctor 3,2023-01-20
P0460,John,Morris,Doctor 4,2023-01-20
P0487,Betty,Ward,Doctor 1,2023-01-20
P0187,Betty,Hughes,Doctor 5,2023-01-21
P0326,Eric,Price,Doctor 3,2023-01-21
P0459,Robert,Gomez,Doctor 1,2023-01-21
P0477,Emma,Lee,Doctor 4,2023-01-21
P0135,Jack,Hernandez,Doctor 1,2023-01-22
P0163,Steven,Robinson,Doctor 1,2023-01-22
P0297,Deborah,Moore,Doctor 2,2023-01-22
P0333,Matthew,Johnson,Doctor 2,2023-01-22
P0426,Jose,Ortiz,Doctor 2,2023-01-22
P0487,Betty,Ward,Doctor 1,2023-01-22
P0066,Jessica,Reyes,Doctor 4,2023-01-23
P0071,Melissa,Taylor,Doctor 1,2023-01-23
P0214,Anna,Diaz,Doctor 2,2023-01-23
P0225,Matthew,Diaz,Doctor 2,2023-01-23
P0251,Aaron,Johnson,Doctor 4,2023-01-23
P0325,Jessica,Alvarez,Doctor 2,2023-01-23
P0359,Sarah,Thompson,Doctor 2,2023-01-23
P0371,Thomas,Martinez,Doctor 1,2023-01-23
P0450,Ronald,Phillips,Doctor 1,2023-01-23
P0169,Gregory,Young,Doctor 1,2023-01-24
P0237,James,Lopez,Doctor 5,2023-01-24
P0027,Susan,Gutierrez,Doctor 1,2023-01-25
P0081,Sandra,Adams,Doctor 1,2023-01-25
P0135,Jack,Hernandez,Doctor 1,2023-01-25
P0152,Nancy,Williams,Doctor 3,2023-01-25
P0230,David,Cox,Doctor 4,2023-01-25
P0377,Robert,Parker,Doctor 2,2023-01-25
P0420,Joseph,Williams,Doctor 3,2023-01-25
P0426,Jose,Ortiz,Doctor 2,2023-01-25
P0463,Jerry,Williams,Doctor 5,2023-01-25
P0497,Jack,Perez,Doctor 4,2023-01-25
P0088,Sandra,Allen,Doctor 5,2023-01-26
P0197,Sharon,Bailey,Doctor 3,2023-01-26
P0243,Sandra,Ruiz,Doctor 5,2023-01-26
P0250,Susan,Perez,Doctor 1,2023-01-26
P0431,Betty,Bailey,Doctor 4,2023-01-26
P0467,Brenda,Gonzalez,Doctor 4,2023-01-26
P0484,Ryan,Wood,Doctor 5,2023-01-26
P0499,Nancy,Patel,Doctor 2,2023-01-26
P0094,Betty,Richardson,Doctor 3,2023-01-27
P0106,James,Harris,Doctor 3,2023-01-27
P0127,Rebecca,Edwards,Doctor 3,2023-01-27
P0151,Sandra,Martin,Doctor 5,2023-01-27
P0169,Gregory,Young,Doctor 1,2023-01-27
P0374,Jose,Nguyen,Doctor 1,2023-01-27
P0027,Susan,Gutierrez,Doctor 1,2023-01-28
P0100,Gregory,Cook,Doctor 3,2023-01-28
P0205,Richard,Patel,Doctor 1,2023-01-28
P0222,Donna,Alvarez,Doctor 1,2023-01-28
P0223,Charles,Ortiz,Doctor 4,2023-01-28
P0306,Dennis,Alvarez,Doctor 1,2023-01-28
P0330,Matthew,Ramirez,Doctor 1,2023-01-28
P0496,Elizabeth,Castillo,Doctor 4,2023-01-28
P0055,Steven,Bailey,Doctor 4,2023-01-29
P0070,Kenneth,Carter,Doctor 5,2023-01-29
P0077,Jerry,Cooper,Doctor 5,2023-01-29
P0123,Barbara,Robinson,Doctor 3,2023-01-29
P0151,Sandra,Martin,Doctor 5,2023-01-29
P0308,Eric,Allen,Doctor 3,2023-01-29
P0321,Mary,Gomez,Doctor 4,2023-01-29
P0324,Donald,Bennett,Doctor 1,2023-01-29
P0337,Justin,Bennett,Doctor 5,2023-01-29
P0425,Betty,Jones,Doctor 5,2023-01-29
P0466,Helen,Mendoza,Doctor 2,2023-01-29
P0470,Donald,Torres,Doctor 3,2023-01-29
P0474,Shirley,Thompson,Doctor 2,2023-01-29
P0204,Matthew,Carter,Doctor 2,2023-01-30
P0358,Deborah,Young,Doctor 4,2023-01-30
P0400,Donald,Johnson,Doctor 1,2023-01-30
P0481,Dennis,Ramirez,Doctor 2,2023-01-30
P0036,Gary,Wilson,Doctor 4,2023-01-31
P0212,Anna,Murphy,Doctor 4,2023-01-31
P0222,Donna,Alvarez,Doctor 1,2023-01-31
P0231,Christopher,Gray,Doctor 5,2023-01-31
P0241,Elizabeth,Morgan,Doctor 2,2023-01-31
P0273,Ryan,Davis,Doctor 4,2023-01-31
P0373,Shirley,Nelson,Doctor 1,2023-01-31
P0442,Sarah,Collins,Doctor 3,2023-01-31
P0458,Ronald,Anderson,Doctor 3,2023-01-31
P0488,Sarah,Watson,Doctor 2,2023-01-31
P0093,Jason,Adams,Doctor 5,2023-02-01
P0178,Eric,Brown,Doctor 3,2023-02-01
P0234,Jose,Thompson,Doctor 5,2023-02-01
P0472,Sarah,King,Doctor 2,2023-02-01
P0499,Nancy,Patel,Doctor 2,2023-02-01
P0097,Aaron,Castillo,Doctor 1,2023-02-02
P0099,Jerry,Lewis,Doctor 1,2023-02-02
P0116,Sandra,Lopez,Doctor 4,2023-02-02
P0150,Gregory,Campbell,Doctor 2,2023-02-02
P0260,Jack,Richardson,Doctor 1,2023-02-02
P0298,Anthony,Allen,Doctor 5,2023-02-02
P0369,Jacob,Scott,Doctor 5,2023-02-02
P0415,Sandra,Bailey,Doctor 1,2023-02-02
P0047,Anthony,Turner,Doctor 1,2023-02-03
P0053,Kimberly,Smith,Doctor 4,2023-02-03
P0138,Stephen,Flores,Doctor 2,2023-02-03
P0230,David,Cox,Doctor 4,2023-02-03
P0288,Kathleen,Martinez,Doctor 1,2023-02-03
P0297,Deborah,Moore,Doctor 2,2023-02-03
P0167,Michelle,Rodriguez,Doctor 4,2023-02-04
P0235,Jacob,Evans,Doctor 5,2023-02-04
P0325,Jessica,Alvarez,Doctor 2,2023-02-04
P0012,Jennifer,Wood,Doctor 1,2023-02-05
P0130,Robert,Walker,Doctor 2,2023-02-05
P0153,Samuel,Mendoza,Doctor 4,2023-02-05
P0247,Mark,Evans,Doctor 4,2023-02-05
P0347,Lisa,Williams,Doctor 1,2023-02-05
P0407,Samuel,Lee,Doctor 1,2023-02-05
P0464,Thomas,Robinson,Doctor 3,2023-02-05
P0063,Carol,Thomas,Doctor 2,2023-02-06
P0070,Kenneth,Carter,Doctor 5,2023-02-06
P0190,Joseph,Hill,Doctor 5,2023-02-06
P0263,Ruth,Johnson,Doctor 2,2023-02-06
P0270,Patrick,Bennett,Doctor 4,2023-02-06
P0295,Daniel,Cook,Doctor 2,2023-02-06
P0004,Rebecca,Adams,Doctor 4,2023-02-07
P0083,Justin,Sanchez,Doctor 5,2023-02-07
P0162,Cynthia,Ward,Doctor 2,2023-02-07
P0166,Rebecca,Wilson,Doctor 2,2023-02-07
P0208,Deborah,Gonzalez,Doctor 3,2023-02-07
P0342,John,Stewart,Doctor 5,2023-02-07
P0465,Carol,Evans,Doctor 5,2023-02-07
P0056,Ryan,Alvarez,Doctor 4,2023-02-08
P0086,Jason,Lopez,Doctor 5,2023-02-08
P0150,Gregory,Campbell,Doctor 2,2023-02-08
P0403,Mary,Hughes,Doctor 2,2023-02-08
P0066,Jessica,Reyes,Doctor 4,2023-02-09
P0117,Raymond,Reed,Doctor 4,2023-02-09
P0152,Nancy,Williams,Doctor 3,2023-02-09
P0230,David,Cox,Doctor 4,2023-02-09
P0242,Joshua,Wilson,Doctor 4,2023-02-09
P0459,Robert,Gomez,Doctor 1,2023-02-09
P0001,Donna,Howard,Doctor 2,2023-02-10
P0031,Nicholas,Scott,Doctor 1,2023-02-10
P0150,Gregory,Campbell,Doctor 2,2023-02-10
P0015,Laura,Evans,Doctor 2,2023-02-11
P0203,Jack,Diaz,Doctor 1,2023-02-11
P0226,Gary,Jones,Doctor 5,2023-02-11
P0303,Steven,White,Doctor 4,2023-02-11
P0494,Anthony,Ramos,Doctor 4,2023-02-11
P0035,Rebecca,Ruiz,Doctor 1,2023-02-12
P0090,Kimberly,Collins,Doctor 4,2023-02-12
P0099,Jerry,Lewis,Doctor 1,2023-02-12
P0161,James,Green,Doctor 1,2023-02-12
P0189,Donna,Nguyen,Doctor 3,2023-02-12
P0274,Michael,Miller,Doctor 2,2023-02-12
P0304,Elizabeth,Kelly,Doctor 2,2023-02-12
P0417,Donald,Hughes,Doctor 3,2023-02-12
P0420,Joseph,Williams,Doctor 3,2023-02-12
P0483,Karen,Gonzalez,Doctor 1,2023-02-12
P0491,Larry,Sanchez,Doctor 5,2023-02-12
P0022,Sharon,Smith,Doctor 1,2023-02-13
P0192,Joseph,Stewart,Doctor 4,2023-02-13
P0397,Jack,Clark,Doctor 1,2023-02-13
P0402,Michael,White,Doctor 1,2023-02-13
P0009,Ruth,Mitchell,Doctor 4,2023-02-14
P0011,Jason,Sanchez,Doctor 2,2023-02-14
P0095,Samuel,Ruiz,Doctor 5,2023-02-14
P0144,George,Smith,Doctor 2,2023-02-14
P0184,Kevin,Perez,Doctor 5,2023-02-14
P0266,Donna,Flores,Doctor 2,2023-02-14
P0375,Benjamin,Wright,Doctor 1,2023-02-14
P0396,Jennifer,Johnson,Doctor 3,2023-02-14
P0454,William,Rogers,Doctor 1,2023-02-14
P0004,Rebecca,Adams,Doctor 4,2023-02-15
P0164,Mark,Hughes,Doctor 1,2023-02-15
P0295,Daniel,Cook,Doctor 2,2023-02-15
P0309,Jonathan,Young,Doctor 1,2023-02-15
P0331,Mark,Kim,Doctor 4,2023-02-15
P0362,Carol,Flores,Doctor 2,2023-02-15
P0489,John,Adams,Doctor 2,2023-02-15
P0010,Benjamin,Lee,Doctor 3,2023-02-16
P0052,Gary,Flores,Doctor 2,2023-02-16
P0235,Jacob,Evans,Doctor 5,2023-02-16
P0279,Charles,Miller,Doctor 1,2023-02-16
P0400,Donald,Johnson,Doctor 1,2023-02-16
P0115,Dorothy,Watson,Doctor 4,2023-02-17
P0151,Sandra,Martin,Doctor 5,2023-02-17
P0256,Brandon,Murphy,Doctor 1,2023-02-17
P0316,Nicholas,Alvarez,Doctor 4,2023-02-17
P0341,Barbara,Thompson,Doctor 4,2023-02-17
P0360,Virginia,Scott,Doctor 2,2023-02-17
P0388,David,Rogers,Doctor 1,2023-02-17
P0450,Ronald,Phillips,Doctor 1,2023-02-17
P0123,Barbara,Robinson,Doctor 3,2023-02-18
P0129,Jessica,Lopez,Doctor 5,2023-02-18
P0213,Scott,Ramirez,Doctor 2,2023-02-18
P0323,James,Ruiz,Doctor 2,2023-02-18
P0324,Donald,Bennett,Doctor 1,2023-02-18
P0430,Kimberly,Jones,Doctor 2,2023-02-18
P0453,Ryan,Howard,Doctor 4,2023-02-18
P0488,Sarah,Watson,Doctor 2,2023-02-18
P0216,Jack,Morgan,Doctor 1,2023-02-19
P0256,Brandon,Murphy,Doctor 1,2023-02-19
P0367,Jessica,Sanders,Doctor 2,2023-02-19
P0455,Michelle,Evans,Doctor 2,2023-02-19
P0083,Justin,Sanchez,Doctor 5,2023-02-20
P0084,Aaron,Kelly,Doctor 1,2023-02-20
P0122,Steven,Ward,Doctor 4,2023-02-20
P0151,Sandra,Martin,Doctor 5,2023-02-20
P0185,Patrick,Bailey,Doctor 1,2023-02-20
P0377,Robert,Parker,Doctor 2,2023-02-20
P0384,Brenda,Young,Doctor 2,2023-02-20
P0396,Jennifer,Johnson,Doctor 3,2023-02-20
P0456,Daniel,Morgan,Doctor 4,2023-02-20
P0024,Barbara,Ward,Doctor 1,2023-02-21
P0103,Sharon,Rivera,Doctor 5,2023-02-21
P0173,Karen,Turner,Doctor 1,2023-02-21
P0370,Mary,Allen,Doctor 4,2023-02-21
P0031,Nicholas,Scott,Doctor 1,2023-02-22
P0114,James,Cooper,Doctor 3,2023-02-22
P0147,Sandra,Johnson,Doctor 2,2023-02-22
P0160,Jack,Baker,Doctor 3,2023-02-22
P0196,Michelle,Walker,Doctor 2,2023-02-22
P0223,Charles,Ortiz,Doctor 4,2023-02-22
P0340,Patricia,Sanders,Doctor 1,2023-02-22
P0051,Ruth,Adams,Doctor 4,2023-02-23
P0108,Brian,Smith,Doctor 3,2023-02-23
P0141,Sharon,Young,Doctor 1,2023-02-23
P0170,Thomas,James,Doctor 1,2023-02-23
P0235,Jacob,Evans,Doctor 5,2023-02-23
P0294,Emma,Richardson,Doctor 1,2023-02-23
P0318,Deborah,Nelson,Doctor 3,2023-02-23
P0436,Alexander,Rivera,Doctor 2,2023-02-23
P0485,Tyler,Lewis,Doctor 2,2023-02-23
P0013,Michael,Cook,Doctor 1,2023-02-24
P0043,Jason,Parker,Doctor 2,2023-02-24
P0169,Gregory,Young,Doctor 1,2023-02-24
P0278,Barbara,Baker,Doctor 4,2023-02-24
P0438,Karen,Richardson,Doctor 4,2023-02-24
P0493,David,Alvarez,Doctor 3,2023-02-24
P0500,Donald,Evans,Doctor 5,2023-02-24
P0005,Sandra,Rodriguez,Doctor 5,2023-02-25
P0019,Scott,Martinez,Doctor 2,2023-02-25
P0143,Karen,Johnson,Doctor 1,2023-02-25
P0153,Samuel,Mendoza,Doctor 4,2023-02-25
P0312,Laura,Miller,Doctor 5,2023-02-25
P0357,Sarah,Perez,Doctor 3,2023-02-25
P0359,Sarah,Thompson,Doctor 2,2023-02-25
P0370,Mary,Allen,Doctor 4,2023-02-25
P0470,Donald,Torres,Doctor 3,2023-02-25
P0072,Jeffrey,Myers,Doctor 2,2023-02-26
P0163,Steven,Robinson,Doctor 1,2023-02-26
P0216,Jack,Morgan,Doctor 1,2023-02-26
P0431,Betty,Bailey,Doctor 4,2023-02-26
P0023,James,Bailey,Doctor 4,2023-02-27
P0098,Jessica,Taylor,Doctor 3,2023-02-27
P0209,James,Martin,Doctor 2,2023-02-27
P0258,Ruth,Myers,Doctor 1,2023-02-27
P0266,Donna,Flores,Doctor 2,2023-02-27
P0390,Sarah,Gomez,Doctor 3,2023-02-27
P0414,Ronald,Roberts,Doctor 3,2023-02-27
P0497,Jack,Perez,Doctor 4,2023-02-27
P0058,Karen,Myers,Doctor 4,2023-02-28
P0076,Carol,Peterson,Doctor 5,2023-02-28
P0110,Ruth,Baker,Doctor 4,2023-02-28
P0245,Timothy,Sanders,Doctor 3,2023-02-28
P0249,Justin,Nguyen,Doctor 1,2023-02-28
P0304,Elizabeth,Kelly,Doctor 2,2023-02-28
P0425,Betty,Jones,Doctor 5,2023-02-28
P0432,Carol,Ward,Doctor 2,2023-02-28
P0032,Kimberly,Wood,Doctor 1,2023-03-01
P0048,Karen,Morris,Doctor 4,2023-03-01
P0054,Donna,Nelson,Doctor 2,2023-03-01
P0154,Aaron,Bennett,Doctor 2,2023-03-01
P0074,Rebecca,Alvarez,Doctor 4,2023-03-02
P0115,Dorothy,Watson,Doctor 4,2023-03-02
P0115,Dorothy,Watson,Doctor 4,2023-03-02
P0284,Jonathan,Robinson,Doctor 3,2023-03-02
P0413,Jessica,Rogers,Doctor 2,2023-03-02
P0024,Barbara,Ward,Doctor 1,2023-03-03
P0035,Rebecca,Ruiz,Doctor 1,2023-03-03
P0075,Sarah,Ortiz,Doctor 2,2023-03-03
P0089,Jeffrey,Kelly,Doctor 5,2023-03-03
P0182,Sandra,Morales,Doctor 3,2023-03-03
P0189,Donna,Nguyen,Doctor 3,2023-03-03
P0308,Eric,Allen,Doctor 3,2023-03-03
P0376,George,Mendoza,Doctor 4,2023-03-03
P0390,Sarah,Gomez,Doctor 3,2023-03-03
P0490,Gregory,Reed,Doctor 5,2023-03-03
P0047,Anthony,Turner,Doctor 1,2023-03-04
P0113,Kimberly,Harris,Doctor 2,2023-03-04
P0372,Scott,Kim,Doctor 3,2023-03-04
P0385,Jack,Taylor,Doctor 4,2023-03-04
P0403,Mary,Hughes,Doctor 2,2023-03-04
P0423,Deborah,Cook,Doctor 1,2023-03-04
P0450,Ronald,Phillips,Doctor 1,2023-03-04
P0045,Sarah,Ward,Doctor 3,2023-03-05
P0097,Aaron,Castillo,Doctor 1,2023-03-05
P0189,Donna,Nguyen,Doctor 3,2023-03-05
P0237,James,Lopez,Doctor 5,2023-03-05
P0272,Michelle,Murphy,Doctor 4,2023-03-05
P0362,Carol,Flores,Doctor 2,2023-03-05
P0367,Jessica,Sanders,Doctor 2,2023-03-05
P0399,Karen,Patel,Doctor 1,2023-03-05
P0011,Jason,Sanchez,Doctor 2,2023-03-06
P0021,Cynthia,Hughes,Doctor 2,2023-03-06
P0082,Donald,Phillips,Doctor 1,2023-03-06
P0113,Kimberly,Harris,Doctor 2,2023-03-06
P0311,Edward,Cox,Doctor 4,2023-03-06
P0340,Patricia,Sanders,Doctor 1,2023-03-06
P0406,Dennis,Lewis,Doctor 1,2023-03-06
P0440,Nancy,Adams,Doctor 5,2023-03-06
P0477,Emma,Lee,Doctor 4,2023-03-06
P0496,Elizabeth,Castillo,Doctor 4,2023-03-06
P0041,Angela,Flores,Doctor 1,2023-03-07
P0061,Justin,Sanders,Doctor 3,2023-03-07
P0068,Brandon,Cruz,Doctor 4,2023-03-07
P0073,Justin,Richardson,Doctor 1,2023-03-07
P0102,Brian,Morales,Doctor 5,2023-03-07
P0116,Sandra,Lopez,Doctor 4,2023-03-07
P0240,William,Ramirez,Doctor 3,2023-03-07
P0286,Michelle,Cox,Doctor 5,2023-03-07
P0339,Christopher,Harris,Doctor 3,2023-03-07
P0344,Brenda,Martinez,Doctor 5,2023-03-07
P0435,Helen,King,Doctor 2,2023-03-07
P0437,Laura,Wood,Doctor 3,2023-03-07
P0014,Mary,Young,Doctor 5,2023-03-08
P0049,Richard,Watson,Doctor 4,2023-03-08
P0084,Aaron,Kelly,Doctor 1,2023-03-08
P0140,Cynthia,Roberts,Doctor 1,2023-03-08
P0174,Jonathan,Gray,Doctor 3,2023-03-08
P0271,Sandra,Morgan,Doctor 2,2023-03-08
P0298,Anthony,Allen,Doctor 5,2023-03-08
P0302,Dennis,Young,Doctor 1,2023-03-08
P0384,Brenda,Young,Doctor 2,2023-03-08
P0479,Mary,Jones,Doctor 2,2023-03-08
P0039,Nancy,Sanchez,Doctor 5,2023-03-09
P0045,Sarah,Ward,Doctor 3,2023-03-09
P0054,Donna,Nelson,Doctor 2,2023-03-09
P0327,Emma,Wright,Doctor 5,2023-03-09
P0346,Jeffrey,Gray,Doctor 5,2023-03-09
P0369,Jacob,Scott,Doctor 5,2023-03-09
P0372,Scott,Kim,Doctor 3,2023-03-09
P0416,Michael,Bailey,Doctor 3,2023-03-09
P0030,Amy,Kelly,Doctor 4,2023-03-10
P0131,Sarah,Cox,Doctor 5,2023-03-10
P0138,Stephen,Flores,Doctor 2,2023-03-10
P0230,David,Cox,Doctor 4,2023-03-10
P0348,Patricia,Baker,Doctor 1,2023-03-10
P0373,Shirley,Nelson,Doctor 1,2023-03-10
P0481,Dennis,Ramirez,Doctor 2,2023-03-10
P0494,Anthony,Ramos,Doctor 4,2023-03-10
P0014,Mary,Young,Doctor 5,2023-03-11
P0063,Carol,Thomas,Doctor 2,2023-03-11
P0117,Raymond,Reed,Doctor 4,2023-03-11
P0147,Sandra,Johnson,Doctor 2,2023-03-11
P0149,Barbara,Bennett,Doctor 3,2023-03-11
P0185,Patrick,Bailey,Doctor 1,2023-03-11
P0200,Helen,Baker,Doctor 1,2023-03-11
P0228,Steven,Baker,Doctor 4,2023-03-11
P0329,Shirley,Harris,Doctor 1,2023-03-11
P0044,Nancy,Rivera,Doctor 1,2023-03-12
P0066,Jessica,Reyes,Doctor 4,2023-03-12
P0099,Jerry,Lewis,Doctor 1,2023-03-12
P0109,Kenneth,Gomez,Doctor 3,2023-03-12
P0165,Kimberly,Martin,Doctor 5,2023-03-12
P0233,Lisa,Jackson,Doctor 4,2023-03-12
P0291,Michael,Flores,Doctor 1,2023-03-12
P0302,Dennis,Young,Doctor 1,2023-03-12
P0378,Rebecca,Bailey,Doctor 4,2023-03-12
P0411,Benjamin,Cox,Doctor 1,2023-03-12
P0452,Larry,Mitchell,Doctor 1,2023-03-12
P0007,Justin,Kelly,Doctor 1,2023-03-13
P0024,Barbara,Ward,Doctor 1,2023-03-13
P0029,Kenneth,Martinez,Doctor 5,2023-03-13
P0090,Kimberly,Collins,Doctor 4,2023-03-13
P0109,Kenneth,Gomez,Doctor 3,2023-03-13
P0137,Edward,Martinez,Doctor 4,2023-03-13
P0229,Sharon,James,Doctor 3,2023-03-13
P0262,Sharon,Hughes,Doctor 1,2023-03-13
P0299,Eric,Cox,Doctor 3,2023-03-13
P0307,Jason,Cruz,Doctor 2,2023-03-13
P0395,Patrick,Wood,Doctor 4,2023-03-13
P0012,Jennifer,Wood,Doctor 1,2023-03-14
P0062,Sandra,Jones,Doctor 3,2023-03-14
P0125,Robert,Torres,Doctor 4,2023-03-14
P0146,Sandra,Smith,Doctor 5,2023-03-14
P0339,Christopher,Harris,Doctor 3,2023-03-14
P0379,Ryan,Reyes,Doctor 1,2023-03-14
P0435,Helen,King,Doctor 2,2023-03-14
P0198,Michelle,Gonzalez,Doctor 3,2023-03-15
P0199,Shirley,Morales,Doctor 5,2023-03-15
P0229,Sharon,James,Doctor 3,2023-03-15
P0352,Tyler,Turner,Doctor 1,2023-03-15
P0046,Susan,Stewart,Doctor 3,2023-03-16
P0053,Kimberly,Smith,Doctor 4,2023-03-16
P0078,Karen,Brooks,Doctor 2,2023-03-16
P0079,Sharon,Richardson,Doctor 5,2023-03-16
P0125,Robert,Torres,Doctor 4,2023-03-16
P0256,Brandon,Murphy,Doctor 1,2023-03-16
P0259,James,Walker,Doctor 3,2023-03-16
P0266,Donna,Flores,Doctor 2,2023-03-16
P0500,Donald,Evans,Doctor 5,2023-03-16
P0012,Jennifer,Wood,Doctor 1,2023-03-17
P0111,Jennifer,Collins,Doctor 2,2023-03-17
P0176,Donald,Wright,Doctor 5,2023-03-17
P0218,Lisa,Clark,Doctor 2,2023-03-17
P0235,Jacob,Evans,Doctor 5,2023-03-17
P0250,Susan,Perez,Doctor 1,2023-03-17
P0263,Ruth,Johnson,Doctor 2,2023-03-17
P0295,Daniel,Cook,Doctor 2,2023-03-17
P0305,Stephen,Evans,Doctor 1,2023-03-17
P0327,Emma,Wright,Doctor 5,2023-03-17
P0482,Angela,Mendoza,Doctor 2,2023-03-17
P0014,Mary,Young,Doctor 5,2023-03-18
P0016,Aaron,James,Doctor 2,2023-03-18
P0120,Michael,Stewart,Doctor 2,2023-03-18
P0163,Steven,Robinson,Doctor 1,2023-03-18
P0353,Jonathan,Thompson,Doctor 3,2023-03-18
P0365,Donald,Gutierrez,Doctor 4,2023-03-18
P0425,Betty,Jones,Doctor 5,2023-03-18
P0491,Larry,Sanchez,Doctor 5,2023-03-18
P0025,Donna,Gomez,Doctor 2,2023-03-19
P0099,Jerry,Lewis,Doctor 1,2023-03-19
P0135,Jack,Hernandez,Doctor 1,2023-03-19
P0248,Rebecca,Thomas,Doctor 2,2023-03-19
P0392,Nancy,Green,Doctor 5,2023-03-19
P0406,Dennis,Lewis,Doctor 1,2023-03-19
P0488,Sarah,Watson,Doctor 2,2023-03-19
P0115,Dorothy,Watson,Doctor 4,2023-03-20
P0172,Sandra,Flores,Doctor 5,2023-03-20
P0315,John,Price,Doctor 4,2023-03-20
P0344,Brenda,Martinez,Doctor 5,2023-03-20
P0428,Barbara,Green,Doctor 1,2023-03-20
P0435,Helen,King,Doctor 2,2023-03-20
P0479,Mary,Jones,Doctor 2,2023-03-20
P0017,Kimberly,Cruz,Doctor 1,2023-03-21
P0159,Samuel,Nguyen,Doctor 4,2023-03-21
P0317,Mark,Rivera,Doctor 3,2023-03-21
P0375,Benjamin,Wright,Doctor 1,2023-03-21
P0393,Laura,Bailey,Doctor 2,2023-03-21
P0451,Nancy,Young,Doctor 5,2023-03-21
P0452,Larry,Mitchell,Doctor 1,2023-03-21
P0056,Ryan,Alvarez,Doctor 4,2023-03-22
P0215,Daniel,Rivera,Doctor 1,2023-03-22
P0287,Sandra,Rivera,Doctor 3,2023-03-22
P0392,Nancy,Green,Doctor 5,2023-03-22
P0409,Jacob,Phillips,Doctor 5,2023-03-22
P0463,Jerry,Williams,Doctor 5,2023-03-22
P0005,Sandra,Rodriguez,Doctor 5,2023-03-23
P0045,Sarah,Ward,Doctor 3,2023-03-23
P0341,Barbara,Thompson,Doctor 4,2023-03-23
P0441,Michelle,Stewart,Doctor 2,2023-03-23
P0479,Mary,Jones,Doctor 2,2023-03-23
P0482,Angela,Mendoza,Doctor 2,2023-03-23
P0007,Justin,Kelly,Doctor 1,2023-03-24
P0028,Laura,Smith,Doctor 5,2023-03-24
P0142,Kimberly,Rivera,Doctor 5,2023-03-24
P0152,Nancy,Williams,Doctor 3,2023-03-24
P0172,Sandra,Flores,Doctor 5,2023-03-24
P0196,Michelle,Walker,Doctor 2,2023-03-24
P0306,Dennis,Alvarez,Doctor 1,2023-03-24
P0358,Deborah,Young,Doctor 4,2023-03-24
P0374,Jose,Nguyen,Doctor 1,2023-03-24
P0408,Dennis,Anderson,Doctor 1,2023-03-24
P0488,Sarah,Watson,Doctor 2,2023-03-24
P0107,Joseph,Gutierrez,Doctor 3,2023-03-25
P0183,Sarah,Moore,Doctor 5,2023-03-25
P0190,Joseph,Hill,Doctor 5,2023-03-25
P0226,Gary,Jones,Doctor 5,2023-03-25
P0252,Kenneth,Adams,Doctor 1,2023-03-25
P0315,John,Price,Doctor 4,2023-03-25
P0324,Donald,Bennett,Doctor 1,2023-03-25
P0354,Stephen,Lopez,Doctor 5,2023-03-25
P0368,Richard,Ortiz,Doctor 3,2023-03-25
P0371,Thomas,Martinez,Doctor 1,2023-03-25
P0398,Deborah,Smith,Doctor 4,2023-03-25
P0016,Aaron,James,Doctor 2,2023-03-26
P0156,Lisa,Kelly,Doctor 1,2023-03-26
P0421,Sharon,Sanders,Doctor 3,2023-03-26
P0030,Amy,Kelly,Doctor 4,2023-03-27
P0106,James,Harris,Doctor 3,2023-03-27
P0164,Mark,Hughes,Doctor 1,2023-03-27
P0171,Betty,Scott,Doctor 3,2023-03-27
P0215,Daniel,Rivera,Doctor 1,2023-03-27
P0227,Larry,Miller,Doctor 4,2023-03-27
P0328,William,Bailey,Doctor 1,2023-03-27
P0421,Sharon,Sanders,Doctor 3,2023-03-27
P0480,Kimberly,Davis,Doctor 3,2023-03-27
P0075,Sarah,Ortiz,Doctor 2,2023-03-28
P0122,Steven,Ward,Doctor 4,2023-03-28
P0137,Edward,Martinez,Doctor 4,2023-03-28
P0242,Joshua,Wilson,Doctor 4,2023-03-28
P0340,Patricia,Sanders,Doctor 1,2023-03-28
P0351,Ruth,Roberts,Doctor 4,2023-03-28
P0153,Samuel,Mendoza,Doctor 4,2023-03-29
P0192,Joseph,Stewart,Doctor 4,2023-03-29
P0201,Barbara,Wood,Doctor 5,2023-03-29
P0324,Donald,Bennett,Doctor 1,2023-03-29
P0357,Sarah,Perez,Doctor 3,2023-03-29
P0422,Laura,Ramirez,Doctor 1,2023-03-29
P0009,Ruth,Mitchell,Doctor 4,2023-03-30
P0119,Jessica,Morris,Doctor 5,2023-03-30
P0171,Betty,Scott,Doctor 3,2023-03-30
P0205,Richard,Patel,Doctor 1,2023-03-30
P0269,Melissa,Stewart,Doctor 1,2023-03-30
P0296,Karen,Carter,Doctor 2,2023-03-30
P0380,Donald,Turner,Doctor 3,2023-03-30
P0001,Donna,Howard,Doctor 2,2023-03-31
P0167,Michelle,Rodriguez,Doctor 4,2023-03-31
P0189,Donna,Nguyen,Doctor 3,2023-03-31
P0320,Sandra,Jackson,Doctor 4,2023-03-31
P0379,Ryan,Reyes,Doctor 1,2023-03-31
P0390,Sarah,Gomez,Doctor 3,2023-03-31
P0097,Aaron,Castillo,Doctor 1,2023-04-01
P0142,Kimberly,Rivera,Doctor 5,2023-04-01
P0329,Shirley,Harris,Doctor 1,2023-04-01
P0012,Jennifer,Wood,Doctor 1,2023-04-02
P0021,Cynthia,Hughes,Doctor 2,2023-04-02
P0026,Sharon,Hernandez,Doctor 4,2023-04-02
P0150,Gregory,Campbell,Doctor 2,2023-04-02
P0166,Rebecca,Wilson,Doctor 2,2023-04-02
P0272,Michelle,Murphy,Doctor 4,2023-04-02
P0285,Brenda,Taylor,Doctor 4,2023-04-02
P0402,Michael,White,Doctor 1,2023-04-02
P0036,Gary,Wilson,Doctor 4,2023-04-03
P0074,Rebecca,Alvarez,Doctor 4,2023-04-03
P0140,Cynthia,Roberts,Doctor 1,2023-04-03
P0307,Jason,Cruz,Doctor 2,2023-04-03
P0375,Benjamin,Wright,Doctor 1,2023-04-03
P0070,Kenneth,Carter,Doctor 5,2023-04-04
P0091,Anthony,Green,Doctor 5,2023-04-04
P0099,Jerry,Lewis,Doctor 1,2023-04-04
P0187,Betty,Hughes,Doctor 5,2023-04-04
P0213,Scott,Ramirez,Doctor 2,2023-04-04
P0260,Jack,Richardson,Doctor 1,2023-04-04
P0280,Deborah,Richardson,Doctor 5,2023-04-04
P0355,Sarah,Hill,Doctor 3,2023-04-04
P0378,Rebecca,Bailey,Doctor 4,2023-04-04
P0381,Susan,Lopez,Doctor 3,2023-04-04
P0388,David,Rogers,Doctor 1,2023-04-04
P0416,Michael,Bailey,Doctor 3,2023-04-04
P0450,Ronald,Phillips,Doctor 1,2023-04-04
P0107,Joseph,Gutierrez,Doctor 3,2023-04-05
P0139,Thomas,Wright,Doctor 5,2023-04-05
P0218,Lisa,Clark,Doctor 2,2023-04-05
P0238,Michael,Mendoza,Doctor 1,2023-04-05
P0254,Barbara,Taylor,Doctor 2,2023-04-05
P0381,Susan,Lopez,Doctor 3,2023-04-05
P0428,Barbara,Green,Doctor 1,2023-04-05
P0008,John,Sanchez,Doctor 3,2023-04-06
P0046,Susan,Stewart,Doctor 3,2023-04-06
P0088,Sandra,Allen,Doctor 5,2023-04-06
P0211,Jerry,Ortiz,Doctor 2,2023-04-06
P0217,William,Kelly,Doctor 2,2023-04-06
P0242,Joshua,Wilson,Doctor 4,2023-04-06
P0328,William,Bailey,Doctor 1,2023-04-06
P0328,William,Bailey,Doctor 1,2023-04-06
P0369,Jacob,Scott,Doctor 5,2023-04-06
P0379,Ryan,Reyes,Doctor 1,2023-04-06
P0491,Larry,Sanchez,Doctor 5,2023-04-06
P0096,Joseph,Roberts,Doctor 5,2023-04-07
P0114,James,Cooper,Doctor 3,2023-04-07
P0128,Jerry,Perez,Doctor 1,2023-04-07
P0264,Tyler,Ortiz,Doctor 4,2023-04-07
P0307,Jason,Cruz,Doctor 2,2023-04-07
P0017,Kimberly,Cruz,Doctor 1,2023-04-08
P0029,Kenneth,Martinez,Doctor 5,2023-04-08
P0126,Gregory,Peterson,Doctor 3,2023-04-08
P0162,Cynthia,Ward,Doctor 2,2023-04-08
P0264,Tyler,Ortiz,Doctor 4,2023-04-08
P0458,Ronald,Anderson,Doctor 3,2023-04-08
P0463,Jerry,Williams,Doctor 5,2023-04-08
P0291,Michael,Flores,Doctor 1,2023-04-09
P0374,Jose,Nguyen,Doctor 1,2023-04-09
P0419,Richard,Ramirez,Doctor 5,2023-04-09
P0038,John,Campbell,Doctor 5,2023-04-10
P0055,Steven,Bailey,Doctor 4,2023-04-10
P0139,Thomas,Wright,Doctor 5,2023-04-10
P0208,Deborah,Gonzalez,Doctor 3,2023-04-10
P0216,Jack,Morgan,Doctor 1,2023-04-10
P0226,Gary,Jones,Doctor 5,2023-04-10
P0401,George,Morris,Doctor 5,2023-04-10
P0475,Helen,Ortiz,Doctor 5,2023-04-10
P0498,Stephen,Hall,Doctor 3,2023-04-10
P0064,Ruth,Flores,Doctor 1,2023-04-11
P0189,Donna,Nguyen,Doctor 3,2023-04-11
P0334,Jerry,Sanchez,Doctor 4,2023-04-11
P0364,Donna,Evans,Doctor 4,2023-04-11
P0376,George,Mendoza,Doctor 4,2023-04-11
P0043,Jason,Parker,Doctor 2,2023-04-12
P0057,Elizabeth,Gray,Doctor 3,2023-04-12
P0103,Sharon,Rivera,Doctor 5,2023-04-12
P0286,Michelle,Cox,Doctor 5,2023-04-12
P0389,Edward,Perez,Doctor 4,2023-04-12
P0399,Karen,Patel,Doctor 1,2023-04-12
P0459,Robert,Gomez,Doctor 1,2023-04-12
P0479,Mary,Jones,Doctor 2,2023-04-12
P0139,Thomas,Wright,Doctor 5,2023-04-13
P0147,Sandra,Johnson,Doctor 2,2023-04-13
P0157,Eric,Howard,Doctor 1,2023-04-13
P0443,Kathleen,Morris,Doctor 3,2023-04-13
P0032,Kimberly,Wood,Doctor 1,2023-04-14
P0145,Deborah,Patel,Doctor 4,2023-04-14
P0176,Donald,Wright,Doctor 5,2023-04-14
P0191,Raymond,Flores,Doctor 3,2023-04-14
P0353,Jonathan,Thompson,Doctor 3,2023-04-14
P0400,Donald,Johnson,Doctor 1,2023-04-14
P0410,Susan,Cooper,Doctor 4,2023-04-14
P0457,Amy,Thompson,Doctor 2,2023-04-14
P0479,Mary,Jones,Doctor 2,2023-04-14
P0036,Gary,Wilson,Doctor 4,2023-04-15
P0085,Robert,Lewis,Doctor 5,2023-04-15
P0166,Rebecca,Wilson,Doctor 2,2023-04-15
P0222,Donna,Alvarez,Doctor 1,2023-04-15
P0310,Cynthia,Robinson,Doctor 4,2023-04-15
P0445,Sharon,Phillips,Doctor 5,2023-04-15
P0499,Nancy,Patel,Doctor 2,2023-04-15
P0105,George,Nelson,Doctor 2,2023-04-16
P0119,Jessica,Morris,Doctor 5,2023-04-16
P0126,Gregory,Peterson,Doctor 3,2023-04-16
P0186,Barbara,Edwards,Doctor 5,2023-04-16
P0122,Steven,Ward,Doctor 4,2023-04-17
P0166,Rebecca,Wilson,Doctor 2,2023-04-17
P0186,Barbara,Edwards,Doctor 5,2023-04-17
P0341,Barbara,Thompson,Doctor 4,2023-04-17
P0401,George,Morris,Doctor 5,2023-04-17
P0468,Sarah,Jones,Doctor 2,2023-04-17
P0037,Carol,Sanchez,Doctor 2,2023-04-18
P0050,Donna,Young,Doctor 1,2023-04-18
P0076,Carol,Peterson,Doctor 5,2023-04-18
P0097,Aaron,Castillo,Doctor 1,2023-04-18
P0119,Jessica,Morris,Doctor 5,2023-04-18
P0257,Angela,Scott,Doctor 1,2023-04-18
P0414,Ronald,Roberts,Doctor 3,2023-04-18
P0446,Rebecca,Walker,Doctor 1,2023-04-18
P0006,Jeffrey,Thomas,Doctor 5,2023-04-19
P0089,Jeffrey,Kelly,Doctor 5,2023-04-19
P0269,Melissa,Stewart,Doctor 1,2023-04-19
P0273,Ryan,Davis,Doctor 4,2023-04-19
P0303,Steven,White,Doctor 4,2023-04-19
P0310,Cynthia,Robinson,Doctor 4,2023-04-19
P0328,William,Bailey,Doctor 1,2023-04-19
P0445,Sharon,Phillips,Doctor 5,2023-04-19
P0144,George,Smith,Doctor 2,2023-04-20
P0149,Barbara,Bennett,Doctor 3,2023-04-20
P0152,Nancy,Williams,Doctor 3,2023-04-20
P0183,Sarah,Moore,Doctor 5,2023-04-20
P0260,Jack,Richardson,Doctor 1,2023-04-20
P0300,Mary,Sanchez,Doctor 1,2023-04-20
P0338,Thomas,Mitchell,Doctor 2,2023-04-20
P0488,Sarah,Watson,Doctor 2,2023-04-20
P0026,Sharon,Hernandez,Doctor 4,2023-04-21
P0037,Carol,Sanchez,Doctor 2,2023-04-21
P0055,Steven,Bailey,Doctor 4,2023-04-21
P0110,Ruth,Baker,Doctor 4,2023-04-21
P0206,Anna,Edwards,Doctor 5,2023-04-21
P0227,Larry,Miller,Doctor 4,2023-04-21
P0235,Jacob,Evans,Doctor 5,2023-04-21
P0279,Charles,Miller,Doctor 1,2023-04-21
P0365,Donald,Gutierrez,Doctor 4,2023-04-21
P0386,Sarah,Williams,Doctor 3,2023-04-21
P0415,Sandra,Bailey,Doctor 1,2023-04-21
P0461,Brandon,Brooks,Doctor 3,2023-04-21
P0500,Donald,Evans,Doctor 5,2023-04-21
P0051,Ruth,Adams,Doctor 4,2023-04-22
P0071,Melissa,Taylor,Doctor 1,2023-04-22
P0075,Sarah,Ortiz,Doctor 2,2023-04-22
P0118,Timothy,Martin,Doctor 5,2023-04-22
P0251,Aaron,Johnson,Doctor 4,2023-04-22
P0263,Ruth,Johnson,Doctor 2,2023-04-22
P0321,Mary,Gomez,Doctor 4,2023-04-22
P0439,Emma,Jackson,Doctor 2,2023-04-22
P0490,Gregory,Reed,Doctor 5,2023-04-22
P0013,Michael,Cook,Doctor 1,2023-04-23
P0044,Nancy,Rivera,Doctor 1,2023-04-23
P0054,Donna,Nelson,Doctor 2,2023-04-23
P0169,Gregory,Young,Doctor 1,2023-04-23
P0179,Larry,Brooks,Doctor 4,2023-04-23
P0188,Helen,Anderson,Doctor 4,2023-04-23
P0124,Alexander,White,Doctor 4,2023-04-24
P0369,Jacob,Scott,Doctor 5,2023-04-24
P0079,Sharon,Richardson,Doctor 5,2023-04-25
P0109,Kenneth,Gomez,Doctor 3,2023-04-25
P0126,Gregory,Peterson,Doctor 3,2023-04-25
P0192,Joseph,Stewart,Doctor 4,2023-04-25
P0238,Michael,Mendoza,Doctor 1,2023-04-25
P0255,Mary,White,Doctor 3,2023-04-25
P0294,Emma,Richardson,Doctor 1,2023-04-25
P0375,Benjamin,Wright,Doctor 1,2023-04-25
P0443,Kathleen,Morris,Doctor 3,2023-04-25
P0067,David,Bennett,Doctor 1,2023-04-26
P0330,Matthew,Ramirez,Doctor 1,2023-04-26
P0336,Alexander,Cruz,Doctor 5,2023-04-26
P0360,Virginia,Scott,Doctor 2,2023-04-26
P0407,Samuel,Lee,Doctor 1,2023-04-26
P0038,John,Campbell,Doctor 5,2023-04-27
P0040,Betty,Gutierrez,Doctor 2,2023-04-27
P0158,Angela,Castillo,Doctor 2,2023-04-27
P0166,Rebecca,Wilson,Doctor 2,2023-04-27
P0167,Michelle,Rodriguez,Doctor 4,2023-04-27
P0197,Sharon,Bailey,Doctor 3,2023-04-27
P0221,Rebecca,Johnson,Doctor 4,2023-04-27
P0286,Michelle,Cox,Doctor 5,2023-04-27
P0356,Dorothy,Reyes,Doctor 3,2023-04-27
P0416,Michael,Bailey,Doctor 3,2023-04-27
P0492,Cynthia,Martin,Doctor 2,2023-04-27
P0072,Jeffrey,Myers,Doctor 2,2023-04-28
P0100,Gregory,Cook,Doctor 3,2023-04-28
P0299,Eric,Cox,Doctor 3,2023-04-28
P0388,David,Rogers,Doctor 1,2023-04-28
P0427,Mary,Williams,Doctor 4,2023-04-28
P0439,Emma,Jackson,Doctor 2,2023-04-28
P0470,Donald,Torres,Doctor 3,2023-04-28
P0202,Sarah,White,Doctor 2,2023-04-29
P0252,Kenneth,Adams,Doctor 1,2023-04-29
P0316,Nicholas,Alvarez,Doctor 4,2023-04-29
P0371,Thomas,Martinez,Doctor 1,2023-04-29
P0407,Samuel,Lee,Doctor 1,2023-04-29
P0417,Donald,Hughes,Doctor 3,2023-04-29
P0441,Michelle,Stewart,Doctor 2,2023-04-29
P0492,Cynthia,Martin,Doctor 2,2023-04-29
P0003,Dorothy,Ortiz,Doctor 2,2023-04-30
P0088,Sandra,Allen,Doctor 5,2023-04-30
P0130,Robert,Walker,Doctor 2,2023-04-30
P0187,Betty,Hughes,Doctor 5,2023-04-30
P0225,Matthew,Diaz,Doctor 2,2023-04-30
P0271,Sandra,Morgan,Doctor 2,2023-04-30
P0302,Dennis,Young,Doctor 1,2023-04-30
P0361,Carol,Morgan,Doctor 3,2023-04-30
P0419,Richard,Ramirez,Doctor 5,2023-04-30
P0433,Deborah,Ward,Doctor 5,2023-04-30
P0451,Nancy,Young,Doctor 5,2023-04-30
P0472,Sarah,King,Doctor 2,2023-04-30
P0153,Samuel,Mendoza,Doctor 4,2023-05-01
P0187,Betty,Hughes,Doctor 5,2023-05-01
P0218,Lisa,Clark,Doctor 2,2023-05-01
P0344,Brenda,Martinez,Doctor 5,2023-05-01
P0423,Deborah,Cook,Doctor 1,2023-05-01
P0478,Sarah,Cruz,Doctor 5,2023-05-01
P0052,Gary,Flores,Doctor 2,2023-05-02
P0070,Kenneth,Carter,Doctor 5,2023-05-02
P0095,Samuel,Ruiz,Doctor 5,2023-05-02
P0120,Michael,Stewart,Doctor 2,2023-05-02
P0124,Alexander,White,Doctor 4,2023-05-02
P0126,Gregory,Peterson,Doctor 3,2023-05-02
P0194,Sandra,Garcia,Doctor 4,2023-05-02
P0198,Michelle,Gonzalez,Doctor 3,2023-05-02
P0321,Mary,Gomez,Doctor 4,2023-05-02
P0335,Shirley,Parker,Doctor 5,2023-05-02
P0087,Jessica,Ramirez,Doctor 2,2023-05-03
P0105,George,Nelson,Doctor 2,2023-05-03
P0196,Michelle,Walker,Doctor 2,2023-05-03
P0248,Rebecca,Thomas,Doctor 2,2023-05-03
P0252,Kenneth,Adams,Doctor 1,2023-05-03
P0303,Steven,White,Doctor 4,2023-05-03
P0345,Matthew,Murphy,Doctor 1,2023-05-03
P0369,Jacob,Scott,Doctor 5,2023-05-03
P0379,Ryan,Reyes,Doctor 1,2023-05-03
P0140,Cynthia,Roberts,Doctor 1,2023-05-04
P0394,William,Miller,Doctor 4,2023-05-04
P0499,Nancy,Patel,Doctor 2,2023-05-04
P0081,Sandra,Adams,Doctor 1,2023-05-05
P0161,James,Green,Doctor 1,2023-05-05
P0227,Larry,Miller,Doctor 4,2023-05-05
P0291,Michael,Flores,Doctor 1,2023-05-05
P0297,Deborah,Moore,Doctor 2,2023-05-05
P0319,Alexander,Torres,Doctor 2,2023-05-05
P0350,Mary,Brown,Doctor 4,2023-05-05
P0411,Benjamin,Cox,Doctor 1,2023-05-05
P0475,Helen,Ortiz,Doctor 5,2023-05-05
P0011,Jason,Sanchez,Doctor 2,2023-05-06
P0017,Kimberly,Cruz,Doctor 1,2023-05-06
P0213,Scott,Ramirez,Doctor 2,2023-05-06
P0351,Ruth,Roberts,Doctor 4,2023-05-06
P0401,George,Morris,Doctor 5,2023-05-06
P0100,Gregory,Cook,Doctor 3,2023-05-07
P0195,Carol,Gomez,Doctor 2,2023-05-07
P0226,Gary,Jones,Doctor 5,2023-05-07
P0246,Sandra,Turner,Doctor 2,2023-05-07
P0271,Sandra,Morgan,Doctor 2,2023-05-07
P0462,Lisa,Anderson,Doctor 4,2023-05-07
P0469,Jennifer,Smith,Doctor 1,2023-05-07
P0498,Stephen,Hall,Doctor 3,2023-05-07
P0091,Anthony,Green,Doctor 5,2023-05-08
P0261,Karen,Taylor,Doctor 5,2023-05-08
P0312,Laura,Miller,Doctor 5,2023-05-08
P0440,Nancy,Adams,Doctor 5,2023-05-08
P0033,Jacob,Williams,Doctor 1,2023-05-09
P0057,Elizabeth,Gray,Doctor 3,2023-05-09
P0080,Michelle,Baker,Doctor 2,2023-05-09
P0146,Sandra,Smith,Doctor 5,2023-05-09
P0184,Kevin,Perez,Doctor 5,2023-05-09
P0495,Patrick,Miller,Doctor 5,2023-05-09
P0498,Stephen,Hall,Doctor 3,2023-05-09
P0001,Donna,Howard,Doctor 2,2023-05-10
P0116,Sandra,Lopez,Doctor 4,2023-05-10
P0210,Donald,Allen,Doctor 1,2023-05-10
P0317,Mark,Rivera,Doctor 3,2023-05-10
P0452,Larry,Mitchell,Doctor 1,2023-05-10
P0473,Laura,Walker,Doctor 2,2023-05-10
P0003,Dorothy,Ortiz,Doctor 2,2023-05-11
P0169,Gregory,Young,Doctor 1,2023-05-11
P0219,Robert,King,Doctor 5,2023-05-11
P0282,Deborah,Collins,Doctor 5,2023-05-11
P0322,Anna,Wright,Doctor 3,2023-05-11
P0366,Joshua,Hernandez,Doctor 1,2023-05-11
P0397,Jack,Clark,Doctor 1,2023-05-11
P0412,Kevin,Rodriguez,Doctor 1,2023-05-11
P0461,Brandon,Brooks,Doctor 3,2023-05-11
P0473,Laura,Walker,Doctor 2,2023-05-11
P0070,Kenneth,Carter,Doctor 5,2023-05-12
P0073,Justin,Richardson,Doctor 1,2023-05-12
P0146,Sandra,Smith,Doctor 5,2023-05-12
P0236,Joseph,Reyes,Doctor 5,2023-05-12
P0342,John,Stewart,Doctor 5,2023-05-12
P0383,Sandra,Scott,Doctor 2,2023-05-12
P0475,Helen,Ortiz,Doctor 5,2023-05-12
P0048,Karen,Morris,Doctor 4,2023-05-13
P0052,Gary,Flores,Doctor 2,2023-05-13
P0105,George,Nelson,Doctor 2,2023-05-13
P0152,Nancy,Williams,Doctor 3,2023-05-13
P0239,Jason,Rodriguez,Doctor 5,2023-05-13
P0269,Melissa,Stewart,Doctor 1,2023-05-13
P0356,Dorothy,Reyes,Doctor 3,2023-05-13
P0010,Benjamin,Lee,Doctor 3,2023-05-14
P0028,Laura,Smith,Doctor 5,2023-05-14
P0086,Jason,Lopez,Doctor 5,2023-05-14
P0107,Joseph,Gutierrez,Doctor 3,2023-05-14
P0108,Brian,Smith,Doctor 3,2023-05-14
P0130,Robert,Walker,Doctor 2,2023-05-14
P0163,Steven,Robinson,Doctor 1,2023-05-14
P0257,Angela,Scott,Doctor 1,2023-05-14
P0351,Ruth,Roberts,Doctor 4,2023-05-14
P0356,Dorothy,Reyes,Doctor 3,2023-05-14
P0378,Rebecca,Bailey,Doctor 4,2023-05-14
P0476,Jonathan,Howard,Doctor 4,2023-05-14
P0017,Kimberly,Cruz,Doctor 1,2023-05-15
P0034,Sandra,Evans,Doctor 3,2023-05-15
P0131,Sarah,Cox,Doctor 5,2023-05-15
P0151,Sandra,Martin,Doctor 5,2023-05-15
P0162,Cynthia,Ward,Doctor 2,2023-05-15
P0178,Eric,Brown,Doctor 3,2023-05-15
P0195,Carol,Gomez,Doctor 2,2023-05-15
P0239,Jason,Rodriguez,Doctor 5,2023-05-15
P0322,Anna,Wright,Doctor 3,2023-05-15
P0379,Ryan,Reyes,Doctor 1,2023-05-15
P0380,Donald,Turner,Doctor 3,2023-05-15
P0045,Sarah,Ward,Doctor 3,2023-05-16
P0125,Robert,Torres,Doctor 4,2023-05-16
P0154,Aaron,Bennett,Doctor 2,2023-05-16
P0228,Steven,Baker,Doctor 4,2023-05-16
P0273,Ryan,Davis,Doctor 4,2023-05-16
P0324,Donald,Bennett,Doctor 1,2023-05-16
P0463,Jerry,Williams,Doctor 5,2023-05-16
P0128,Jerry,Perez,Doctor 1,2023-05-17
P0153,Samuel,Mendoza,Doctor 4,2023-05-17
P0184,Kevin,Perez,Doctor 5,2023-05-17
P0277,Jason,Johnson,Doctor 1,2023-05-17
P0326,Eric,Price,Doctor 3,2023-05-17
P0353,Jonathan,Thompson,Doctor 3,2023-05-17
P0358,Deborah,Young,Doctor 4,2023-05-17
P0035,Rebecca,Ruiz,Doctor 1,2023-05-18
P0062,Sandra,Jones,Doctor 3,2023-05-18
P0140,Cynthia,Roberts,Doctor 1,2023-05-18
P0154,Aaron,Bennett,Doctor 2,2023-05-18
P0165,Kimberly,Martin,Doctor 5,2023-05-18
P0184,Kevin,Perez,Doctor 5,2023-05-18
P0231,Christopher,Gray,Doctor 5,2023-05-18
P0246,Sandra,Turner,Doctor 2,2023-05-18
P0288,Kathleen,Martinez,Doctor 1,2023-05-18
P0327,Emma,Wright,Doctor 5,2023-05-18
P0417,Donald,Hughes,Doctor 3,2023-05-18
P0418,Gregory,Bennett,Doctor 3,2023-05-18
P0437,Laura,Wood,Doctor 3,2023-05-18
P0455,Michelle,Evans,Doctor 2,2023-05-18
P0496,Elizabeth,Castillo,Doctor 4,2023-05-18
P0022,Sharon,Smith,Doctor 1,2023-05-19
P0214,Anna,Diaz,Doctor 2,2023-05-19
P0276,Raymond,Walker,Doctor 3,2023-05-19
P0134,Ryan,Edwards,Doctor 2,2023-05-20
P0180,Aaron,Watson,Doctor 2,2023-05-20
P0191,Raymond,Flores,Doctor 3,2023-05-20
P0194,Sandra,Garcia,Doctor 4,2023-05-20
P0285,Brenda,Taylor,Doctor 4,2023-05-20
P0326,Eric,Price,Doctor 3,2023-05-20
P0330,Matthew,Ramirez,Doctor 1,2023-05-20
P0357,Sarah,Perez,Doctor 3,2023-05-20
P0367,Jessica,Sanders,Doctor 2,2023-05-20
P0403,Mary,Hughes,Doctor 2,2023-05-20
P0220,Sarah,Martinez,Doctor 4,2023-05-21
P0287,Sandra,Rivera,Doctor 3,2023-05-21
P0313,Mark,Rogers,Doctor 4,2023-05-21
P0409,Jacob,Phillips,Doctor 5,2023-05-21
P0427,Mary,Williams,Doctor 4,2023-05-21
P0039,Nancy,Sanchez,Doctor 5,2023-05-22
P0145,Deborah,Patel,Doctor 4,2023-05-22
P0181,Kathleen,Phillips,Doctor 1,2023-05-22
P0402,Michael,White,Doctor 1,2023-05-22
P0484,Ryan,Wood,Doctor 5,2023-05-22
P0008,John,Sanchez,Doctor 3,2023-05-23
P0010,Benjamin,Lee,Doctor 3,2023-05-23
P0011,Jason,Sanchez,Doctor 2,2023-05-23
P0049,Richard,Watson,Doctor 4,2023-05-23
P0186,Barbara,Edwards,Doctor 5,2023-05-23
P0207,Kenneth,Harris,Doctor 4,2023-05-23
P0233,Lisa,Jackson,Doctor 4,2023-05-23
P0309,Jonathan,Young,Doctor 1,2023-05-23
P0425,Betty,Jones,Doctor 5,2023-05-23
P0479,Mary,Jones,Doctor 2,2023-05-23
P0053,Kimberly,Smith,Doctor 4,2023-05-24
P0172,Sandra,Flores,Doctor 5,2023-05-24
P0266,Donna,Flores,Doctor 2,2023-05-24
P0292,Ruth,Castillo,Doctor 3,2023-05-24
P0305,Stephen,Evans,Doctor 1,2023-05-24
P0335,Shirley,Parker,Doctor 5,2023-05-24
P0336,Alexander,Cruz,Doctor 5,2023-05-24
P0351,Ruth,Roberts,Doctor 4,2023-05-24
P0082,Donald,Phillips,Doctor 1,2023-05-25
P0232,Edward,Scott,Doctor 4,2023-05-25
P0283,Kevin,Clark,Doctor 1,2023-05-25
P0409,Jacob,Phillips,Doctor 5,2023-05-25
P0129,Jessica,Lopez,Doctor 5,2023-05-26
P0240,William,Ramirez,Doctor 3,2023-05-26
P0261,Karen,Taylor,Doctor 5,2023-05-26
P0278,Barbara,Baker,Doctor 4,2023-05-26
P0299,Eric,Cox,Doctor 3,2023-05-26
P0394,William,Miller,Doctor 4,2023-05-26
P0397,Jack,Clark,Doctor 1,2023-05-26
P0423,Deborah,Cook,Doctor 1,2023-05-26
P0436,Alexander,Rivera,Doctor 2,2023-05-26
P0448,Jacob,Carter,Doctor 5,2023-05-26
P0448,Jacob,Carter,Doctor 5,2023-05-26
P0049,Richard,Watson,Doctor 4,2023-05-27
P0345,Matthew,Murphy,Doctor 1,2023-05-27
P0050,Donna,Young,Doctor 1,2023-05-28
P0347,Lisa,Williams,Doctor 1,2023-05-28
P0396,Jennifer,Johnson,Doctor 3,2023-05-28
P0468,Sarah,Jones,Doctor 2,2023-05-28
P0002,Sandra,Wood,Doctor 2,2023-05-29
P0031,Nicholas,Scott,Doctor 1,2023-05-29
P0051,Ruth,Adams,Doctor 4,2023-05-29
P0104,Sarah,Lewis,Doctor 4,2023-05-29
P0155,Timothy,Myers,Doctor 2,2023-05-29
P0226,Gary,Jones,Doctor 5,2023-05-29
P0305,Stephen,Evans,Doctor 1,2023-05-29
P0316,Nicholas,Alvarez,Doctor 4,2023-05-29
P0068,Brandon,Cruz,Doctor 4,2023-05-30
P0254,Barbara,Taylor,Doctor 2,2023-05-30
P0332,Sharon,Adams,Doctor 1,2023-05-30
P0383,Sandra,Scott,Doctor 2,2023-05-30
P0398,Deborah,Smith,Doctor 4,2023-05-30
P0437,Laura,Wood,Doctor 3,2023-05-30
P0492,Cynthia,Martin,Doctor 2,2023-05-30
P0008,John,Sanchez,Doctor 3,2023-05-31
P0094,Betty,Richardson,Doctor 3,2023-05-31
P0169,Gregory,Young,Doctor 1,2023-05-31
P0309,Jonathan,Young,Doctor 1,2023-05-31
P0332,Sharon,Adams,Doctor 1,2023-05-31
P0336,Alexander,Cruz,Doctor 5,2023-05-31
P0340,Patricia,Sanders,Doctor 1,2023-05-31
P0375,Benjamin,Wright,Doctor 1,2023-05-31
P0385,Jack,Taylor,Doctor 4,2023-05-31
P0424,Virginia,Adams,Doctor 4,2023-05-31
P0428,Barbara,Green,Doctor 1,2023-05-31
P0447,Shirley,Miller,Doctor 3,2023-05-31
P0165,Kimberly,Martin,Doctor 5,2023-06-02
P0168,Kimberly,Gray,Doctor 3,2023-06-02
P0290,Deborah,Howard,Doctor 5,2023-06-02
P0402,Michael,White,Doctor 1,2023-06-02
P0404,Justin,Mitchell,Doctor 1,2023-06-02
P0475,Helen,Ortiz,Doctor 5,2023-06-02
P0009,Ruth,Mitchell,Doctor 4,2023-06-03
P0056,Ryan,Alvarez,Doctor 4,2023-06-03
P0137,Edward,Martinez,Doctor 4,2023-06-03
P0157,Eric,Howard,Doctor 1,2023-06-03
P0329,Shirley,Harris,Doctor 1,2023-06-03
P0395,Patrick,Wood,Doctor 4,2023-06-03
P0406,Dennis,Lewis,Doctor 1,2023-06-03
P0117,Raymond,Reed,Doctor 4,2023-06-04
P0326,Eric,Price,Doctor 3,2023-06-04
P0348,Patricia,Baker,Doctor 1,2023-06-04
P0370,Mary,Allen,Doctor 4,2023-06-04
P0380,Donald,Turner,Doctor 3,2023-06-04
P0168,Kimberly,Gray,Doctor 3,2023-06-05
P0193,Gregory,James,Doctor 2,2023-06-05
P0198,Michelle,Gonzalez,Doctor 3,2023-06-05
P0203,Jack,Diaz,Doctor 1,2023-06-05
P0325,Jessica,Alvarez,Doctor 2,2023-06-05
P0422,Laura,Ramirez,Doctor 1,2023-06-05
P0060,Helen,Ramirez,Doctor 2,2023-06-06
P0149,Barbara,Bennett,Doctor 3,2023-06-06
P0205,Richard,Patel,Doctor 1,2023-06-06
P0350,Mary,Brown,Doctor 4,2023-06-06
P0396,Jennifer,Johnson,Doctor 3,2023-06-06
P0437,Laura,Wood,Doctor 3,2023-06-06
P0450,Ronald,Phillips,Doctor 1,2023-06-06
P0442,Sarah,Collins,Doctor 3,2023-06-07
P0054,Donna,Nelson,Doctor 2,2023-06-08
P0084,Aaron,Kelly,Doctor 1,2023-06-08
P0112,Sarah,Gonzalez,Doctor 2,2023-06-08
P0135,Jack,Hernandez,Doctor 1,2023-06-08
P0213,Scott,Ramirez,Doctor 2,2023-06-08
P0310,Cynthia,Robinson,Doctor 4,2023-06-08
P0186,Barbara,Edwards,Doctor 5,2023-06-09
P0216,Jack,Morgan,Doctor 1,2023-06-09
P0347,Lisa,Williams,Doctor 1,2023-06-09
P0352,Tyler,Turner,Doctor 1,2023-06-09
P0356,Dorothy,Reyes,Doctor 3,2023-06-09
P0378,Rebecca,Bailey,Doctor 4,2023-06-09
P0387,Lisa,Martin,Doctor 5,2023-06-09
P0403,Mary,Hughes,Doctor 2,2023-06-09
P0418,Gregory,Bennett,Doctor 3,2023-06-09
P0458,Ronald,Anderson,Doctor 3,2023-06-09
P0466,Helen,Mendoza,Doctor 2,2023-06-09
P0481,Dennis,Ramirez,Doctor 2,2023-06-09
P0037,Carol,Sanchez,Doctor 2,2023-06-10
P0073,Justin,Richardson,Doctor 1,2023-06-10
P0083,Justin,Sanchez,Doctor 5,2023-06-10
P0130,Robert,Walker,Doctor 2,2023-06-10
P0270,Patrick,Bennett,Doctor 4,2023-06-10
P0339,Christopher,Harris,Doctor 3,2023-06-10
P0395,Patrick,Wood,Doctor 4,2023-06-10
P0418,Gregory,Bennett,Doctor 3,2023-06-10
P0091,Anthony,Green,Doctor 5,2023-06-11
P0131,Sarah,Cox,Doctor 5,2023-06-11
P0195,Carol,Gomez,Doctor 2,2023-06-11
P0228,Steven,Baker,Doctor 4,2023-06-11
P0262,Sharon,Hughes,Doctor 1,2023-06-11
P0333,Matthew,Johnson,Doctor 2,2023-06-11
P0484,Ryan,Wood,Doctor 5,2023-06-11
P0132,Jack,Cooper,Doctor 1,2023-06-12
P0142,Kimberly,Rivera,Doctor 5,2023-06-12
P0178,Eric,Brown,Doctor 3,2023-06-12
P0208,Deborah,Gonzalez,Doctor 3,2023-06-12
P0284,Jonathan,Robinson,Doctor 3,2023-06-12
P0319,Alexander,Torres,Doctor 2,2023-06-12
P0347,Lisa,Williams,Doctor 1,2023-06-12
P0409,Jacob,Phillips,Doctor 5,2023-06-12
P0480,Kimberly,Davis,Doctor 3,2023-06-12
P0043,Jason,Parker,Doctor 2,2023-06-13
P0145,Deborah,Patel,Doctor 4,2023-06-13
P0248,Rebecca,Thomas,Doctor 2,2023-06-13
P0290,Deborah,Howard,Doctor 5,2023-06-13
P0307,Jason,Cruz,Doctor 2,2023-06-13
P0035,Rebecca,Ruiz,Doctor 1,2023-06-14
P0107,Joseph,Gutierrez,Doctor 3,2023-06-14
P0190,Joseph,Hill,Doctor 5,2023-06-14
P0290,Deborah,Howard,Doctor 5,2023-06-14
P0463,Jerry,Williams,Doctor 5,2023-06-14
P0488,Sarah,Watson,Doctor 2,2023-06-14
P0018,Aaron,Brooks,Doctor 3,2023-06-15
P0037,Carol,Sanchez,Doctor 2,2023-06-15
P0078,Karen,Brooks,Doctor 2,2023-06-15
P0253,Sarah,Stewart,Doctor 4,2023-06-15
P0265,Stephen,Wood,Doctor 3,2023-06-15
P0268,Anna,Thomas,Doctor 5,2023-06-15
P0321,Mary,Gomez,Doctor 4,2023-06-15
P0415,Sandra,Bailey,Doctor 1,2023-06-15
P0042,Scott,Jackson,Doctor 2,2023-06-16
P0109,Kenneth,Gomez,Doctor 3,2023-06-16
P0109,Kenneth,Gomez,Doctor 3,2023-06-16
P0152,Nancy,Williams,Doctor 3,2023-06-16
P0272,Michelle,Murphy,Doctor 4,2023-06-16
P0338,Thomas,Mitchell,Doctor 2,2023-06-16
P0427,Mary,Williams,Doctor 4,2023-06-16
P0471,Jerry,Harris,Doctor 1,2023-06-16
P0064,Ruth,Flores,Doctor 1,2023-06-17
P0092,Tyler,Watson,Doctor 5,2023-06-17
P0101,Emma,Williams,Doctor 3,2023-06-17
P0187,Betty,Hughes,Doctor 5,2023-06-17
P0258,Ruth,Myers,Doctor 1,2023-06-17
P0343,Sandra,Castillo,Doctor 2,2023-06-17
P0397,Jack,Clark,Doctor 1,2023-06-17
P0401,George,Morris,Doctor 5,2023-06-17
P0440,Nancy,Adams,Doctor 5,2023-06-17
P0448,Jacob,Carter,Doctor 5,2023-06-17
P0468,Sarah,Jones,Doctor 2,2023-06-17
P0053,Kimberly,Smith,Doctor 4,2023-06-18
P0063,Carol,Thomas,Doctor 2,2023-06-18
P0141,Sharon,Young,Doctor 1,2023-06-18
P0352,Tyler,Turner,Doctor 1,2023-06-18
P0389,Edward,Perez,Doctor 4,2023-06-18
P0481,Dennis,Ramirez,Doctor 2,2023-06-18
P0006,Jeffrey,Thomas,Doctor 5,2023-06-19
P0238,Michael,Mendoza,Doctor 1,2023-06-19
P0258,Ruth,Myers,Doctor 1,2023-06-19
P0277,Jason,Johnson,Doctor 1,2023-06-19
P0349,Susan,Richardson,Doctor 5,2023-06-19
P0047,Anthony,Turner,Doctor 1,2023-06-20
P0165,Kimberly,Martin,Doctor 5,2023-06-20
P0216,Jack,Morgan,Doctor 1,2023-06-20
P0230,David,Cox,Doctor 4,2023-06-20
P0245,Timothy,Sanders,Doctor 3,2023-06-20
P0265,Stephen,Wood,Doctor 3,2023-06-20
P0332,Sharon,Adams,Doctor 1,2023-06-20
P0338,Thomas,Mitchell,Doctor 2,2023-06-20
P0359,Sarah,Thompson,Doctor 2,2023-06-20
P0489,John,Adams,Doctor 2,2023-06-20
P0060,Helen,Ramirez,Doctor 2,2023-06-21
P0139,Thomas,Wright,Doctor 5,2023-06-21
P0215,Daniel,Rivera,Doctor 1,2023-06-21
P0389,Edward,Perez,Doctor 4,2023-06-21
P0492,Cynthia,Martin,Doctor 2,2023-06-21
P0039,Nancy,Sanchez,Doctor 5,2023-06-22
P0080,Michelle,Baker,Doctor 2,2023-06-22
P0189,Donna,Nguyen,Doctor 3,2023-06-22
P0338,Thomas,Mitchell,Doctor 2,2023-06-22
P0372,Scott,Kim,Doctor 3,2023-06-22
P0032,Kimberly,Wood,Doctor 1,2023-06-23
P0197,Sharon,Bailey,Doctor 3,2023-06-23
P0272,Michelle,Murphy,Doctor 4,2023-06-23
P0296,Karen,Carter,Doctor 2,2023-06-23
P0363,Ruth,Walker,Doctor 1,2023-06-23
P0455,Michelle,Evans,Doctor 2,2023-06-23
P0500,Donald,Evans,Doctor 5,2023-06-23
P0088,Sandra,Allen,Doctor 5,2023-06-24
P0103,Sharon,Rivera,Doctor 5,2023-06-24
P0148,Sharon,Murphy,Doctor 1,2023-06-24
P0345,Matthew,Murphy,Doctor 1,2023-06-24
P0376,George,Mendoza,Doctor 4,2023-06-24
P0020,Nicholas,Edwards,Doctor 5,2023-06-25
P0032,Kimberly,Wood,Doctor 1,2023-06-25
P0062,Sandra,Jones,Doctor 3,2023-06-25
P0156,Lisa,Kelly,Doctor 1,2023-06-25
P0220,Sarah,Martinez,Doctor 4,2023-06-25
P0301,Gary,Johnson,Doctor 3,2023-06-25
P0346,Jeffrey,Gray,Doctor 5,2023-06-25
P0039,Nancy,Sanchez,Doctor 5,2023-06-26
P0063,Carol,Thomas,Doctor 2,2023-06-26
P0096,Joseph,Roberts,Doctor 5,2023-06-26
P0133,Donna,Kelly,Doctor 1,2023-06-26
P0138,Stephen,Flores,Doctor 2,2023-06-26
P0169,Gregory,Young,Doctor 1,2023-06-26
P0362,Carol,Flores,Doctor 2,2023-06-26
P0458,Ronald,Anderson,Doctor 3,2023-06-26
P0472,Sarah,King,Doctor 2,2023-06-26
P0157,Eric,Howard,Doctor 1,2023-06-27
P0243,Sandra,Ruiz,Doctor 5,2023-06-27
P0282,Deborah,Collins,Doctor 5,2023-06-27
P0493,David,Alvarez,Doctor 3,2023-06-27
P0005,Sandra,Rodriguez,Doctor 5,2023-06-28
P0023,James,Bailey,Doctor 4,2023-06-28
P0143,Karen,Johnson,Doctor 1,2023-06-28
P0159,Samuel,Nguyen,Doctor 4,2023-06-28
P0212,Anna,Murphy,Doctor 4,2023-06-28
P0288,Kathleen,Martinez,Doctor 1,2023-06-28
P0329,Shirley,Harris,Doctor 1,2023-06-28
P0384,Brenda,Young,Doctor 2,2023-06-28
P0030,Amy,Kelly,Doctor 4,2023-06-29
P0039,Nancy,Sanchez,Doctor 5,2023-06-29
P0043,Jason,Parker,Doctor 2,2023-06-29
P0153,Samuel,Mendoza,Doctor 4,2023-06-29
P0294,Emma,Richardson,Doctor 1,2023-06-29
P0411,Benjamin,Cox,Doctor 1,2023-06-29
P0444,Dennis,Ruiz,Doctor 4,2023-06-29
P0465,Carol,Evans,Doctor 5,2023-06-29
P0195,Carol,Gomez,Doctor 2,2023-06-30
P0302,Dennis,Young,Doctor 1,2023-06-30
P0306,Dennis,Alvarez,Doctor 1,2023-06-30
P0498,Stephen,Hall,Doctor 3,2023-06-30
P0061,Justin,Sanders,Doctor 3,2023-07-01
P0080,Michelle,Baker,Doctor 2,2023-07-01
P0148,Sharon,Murphy,Doctor 1,2023-07-01
P0079,Sharon,Richardson,Doctor 5,2023-07-02
P0160,Jack,Baker,Doctor 3,2023-07-02
P0185,Patrick,Bailey,Doctor 1,2023-07-02
P0188,Helen,Anderson,Doctor 4,2023-07-02
P0245,Timothy,Sanders,Doctor 3,2023-07-02
P0247,Mark,Evans,Doctor 4,2023-07-02
P0249,Justin,Nguyen,Doctor 1,2023-07-02
P0289,Nancy,Peterson,Doctor 2,2023-07-02
P0313,Mark,Rogers,Doctor 4,2023-07-02
P0390,Sarah,Gomez,Doctor 3,2023-07-02
P0173,Karen,Turner,Doctor 1,2023-07-03
P0201,Barbara,Wood,Doctor 5,2023-07-03
P0226,Gary,Jones,Doctor 5,2023-07-03
P0413,Jessica,Rogers,Doctor 2,2023-07-03
P0460,John,Morris,Doctor 4,2023-07-03
P0228,Steven,Baker,Doctor 4,2023-07-04
P0282,Deborah,Collins,Doctor 5,2023-07-04
P0291,Michael,Flores,Doctor 1,2023-07-04
P0432,Carol,Ward,Doctor 2,2023-07-04
P0023,James,Bailey,Doctor 4,2023-07-05
P0077,Jerry,Cooper,Doctor 5,2023-07-05
P0246,Sandra,Turner,Doctor 2,2023-07-05
P0280,Deborah,Richardson,Doctor 5,2023-07-05
P0361,Carol,Morgan,Doctor 3,2023-07-05
P0406,Dennis,Lewis,Doctor 1,2023-07-05
P0128,Jerry,Perez,Doctor 1,2023-07-06
P0166,Rebecca,Wilson,Doctor 2,2023-07-06
P0311,Edward,Cox,Doctor 4,2023-07-06
P0336,Alexander,Cruz,Doctor 5,2023-07-06
P0421,Sharon,Sanders,Doctor 3,2023-07-06
P0016,Aaron,James,Doctor 2,2023-07-07
P0022,Sharon,Smith,Doctor 1,2023-07-07
P0036,Gary,Wilson,Doctor 4,2023-07-07
P0145,Deborah,Patel,Doctor 4,2023-07-07
P0224,Jessica,Wright,Doctor 4,2023-07-07
P0240,William,Ramirez,Doctor 3,2023-07-07
P0322,Anna,Wright,Doctor 3,2023-07-07
P0133,Donna,Kelly,Doctor 1,2023-07-08
P0133,Donna,Kelly,Doctor 1,2023-07-08
P0200,Helen,Baker,Doctor 1,2023-07-08
P0206,Anna,Edwards,Doctor 5,2023-07-08
P0337,Justin,Bennett,Doctor 5,2023-07-08
P0485,Tyler,Lewis,Doctor 2,2023-07-08
P0155,Timothy,Myers,Doctor 2,2023-07-09
P0190,Joseph,Hill,Doctor 5,2023-07-09
P0277,Jason,Johnson,Doctor 1,2023-07-09
P0279,Charles,Miller,Doctor 1,2023-07-09
P0001,Donna,Howard,Doctor 2,2023-07-10
P0016,Aaron,James,Doctor 2,2023-07-10
P0088,Sandra,Allen,Doctor 5,2023-07-10
P0234,Jose,Thompson,Doctor 5,2023-07-10
P0244,Ruth,Reed,Doctor 3,2023-07-10
P0244,Ruth,Reed,Doctor 3,2023-07-10
P0254,Barbara,Taylor,Doctor 2,2023-07-10
P0119,Jessica,Morris,Doctor 5,2023-07-11
P0182,Sandra,Morales,Doctor 3,2023-07-11
P0238,Michael,Mendoza,Doctor 1,2023-07-11
P0286,Michelle,Cox,Doctor 5,2023-07-11
P0362,Carol,Flores,Doctor 2,2023-07-11
P0368,Richard,Ortiz,Doctor 3,2023-07-11
P0023,James,Bailey,Doctor 4,2023-07-12
P0069,Betty,Clark,Doctor 4,2023-07-12
P0176,Donald,Wright,Doctor 5,2023-07-12
P0361,Carol,Morgan,Doctor 3,2023-07-12
P0376,George,Mendoza,Doctor 4,2023-07-12
P0435,Helen,King,Doctor 2,2023-07-12
P0002,Sandra,Wood,Doctor 2,2023-07-13
P0191,Raymond,Flores,Doctor 3,2023-07-13
P0287,Sandra,Rivera,Doctor 3,2023-07-13
P0319,Alexander,Torres,Doctor 2,2023-07-13
P0355,Sarah,Hill,Doctor 3,2023-07-13
P0445,Sharon,Phillips,Doctor 5,2023-07-13
P0088,Sandra,Allen,Doctor 5,2023-07-14
P0109,Kenneth,Gomez,Doctor 3,2023-07-14
P0140,Cynthia,Roberts,Doctor 1,2023-07-14
P0280,Deborah,Richardson,Doctor 5,2023-07-14
P0352,Tyler,Turner,Doctor 1,2023-07-14
P0395,Patrick,Wood,Doctor 4,2023-07-14
P0397,Jack,Clark,Doctor 1,2023-07-14
P0031,Nicholas,Scott,Doctor 1,2023-07-15
P0031,Nicholas,Scott,Doctor 1,2023-07-15
P0053,Kimberly,Smith,Doctor 4,2023-07-15
P0077,Jerry,Cooper,Doctor 5,2023-07-15
P0126,Gregory,Peterson,Doctor 3,2023-07-15
P0208,Deborah,Gonzalez,Doctor 3,2023-07-15
P0247,Mark,Evans,Doctor 4,2023-07-15
P0278,Barbara,Baker,Doctor 4,2023-07-15
P0291,Michael,Flores,Doctor 1,2023-07-15
P0304,Elizabeth,Kelly,Doctor 2,2023-07-15
P0382,Anna,Reed,Doctor 3,2023-07-15
P0404,Justin,Mitchell,Doctor 1,2023-07-15
P0454,William,Rogers,Doctor 1,2023-07-15
P0204,Matthew,Carter,Doctor 2,2023-07-16
P0081,Sandra,Adams,Doctor 1,2023-07-17
P0185,Patrick,Bailey,Doctor 1,2023-07-17
P0327,Emma,Wright,Doctor 5,2023-07-17
P0440,Nancy,Adams,Doctor 5,2023-07-17
P0451,Nancy,Young,Doctor 5,2023-07-17
P0479,Mary,Jones,Doctor 2,2023-07-17
P0494,Anthony,Ramos,Doctor 4,2023-07-17
P0079,Sharon,Richardson,Doctor 5,2023-07-18
P0147,Sandra,Johnson,Doctor 2,2023-07-18
P0208,Deborah,Gonzalez,Doctor 3,2023-07-18
P0345,Matthew,Murphy,Doctor 1,2023-07-18
P0347,Lisa,Williams,Doctor 1,2023-07-18
P0369,Jacob,Scott,Doctor 5,2023-07-18
P0374,Jose,Nguyen,Doctor 1,2023-07-18
P0418,Gregory,Bennett,Doctor 3,2023-07-18
P0490,Gregory,Reed,Doctor 5,2023-07-18
P0076,Carol,Peterson,Doctor 5,2023-07-19
P0325,Jessica,Alvarez,Doctor 2,2023-07-19
P0366,Joshua,Hernandez,Doctor 1,2023-07-19
P0373,Shirley,Nelson,Doctor 1,2023-07-19
P0404,Justin,Mitchell,Doctor 1,2023-07-19
P0045,Sarah,Ward,Doctor 3,2023-07-20
P0058,Karen,Myers,Doctor 4,2023-07-20
P0085,Robert,Lewis,Doctor 5,2023-07-20
P0114,James,Cooper,Doctor 3,2023-07-20
P0149,Barbara,Bennett,Doctor 3,2023-07-20
P0195,Carol,Gomez,Doctor 2,2023-07-20
P0254,Barbara,Taylor,Doctor 2,2023-07-20
P0443,Kathleen,Morris,Doctor 3,2023-07-20
P0455,Michelle,Evans,Doctor 2,2023-07-20
P0484,Ryan,Wood,Doctor 5,2023-07-20
P0004,Rebecca,Adams,Doctor 4,2023-07-21
P0190,Joseph,Hill,Doctor 5,2023-07-21
P0194,Sandra,Garcia,Doctor 4,2023-07-21
P0259,James,Walker,Doctor 3,2023-07-21
P0312,Laura,Miller,Doctor 5,2023-07-21
P0314,Joshua,Roberts,Doctor 1,2023-07-21
P0408,Dennis,Anderson,Doctor 1,2023-07-21
P0497,Jack,Perez,Doctor 4,2023-07-21
P0133,Donna,Kelly,Doctor 1,2023-07-22
P0208,Deborah,Gonzalez,Doctor 3,2023-07-22
P0382,Anna,Reed,Doctor 3,2023-07-22
P0388,David,Rogers,Doctor 1,2023-07-22
P0431,Betty,Bailey,Doctor 4,2023-07-22
P0451,Nancy,Young,Doctor 5,2023-07-22
P0007,Justin,Kelly,Doctor 1,2023-07-23
P0076,Carol,Peterson,Doctor 5,2023-07-23
P0181,Kathleen,Phillips,Doctor 1,2023-07-23
P0241,Elizabeth,Morgan,Doctor 2,2023-07-23
P0272,Michelle,Murphy,Doctor 4,2023-07-23
P0398,Deborah,Smith,Doctor 4,2023-07-23
P0418,Gregory,Bennett,Doctor 3,2023-07-23
P0028,Laura,Smith,Doctor 5,2023-07-24
P0067,David,Bennett,Doctor 1,2023-07-24
P0073,Justin,Richardson,Doctor 1,2023-07-24
P0076,Carol,Peterson,Doctor 5,2023-07-24
P0089,Jeffrey,Kelly,Doctor 5,2023-07-24
P0373,Shirley,Nelson,Doctor 1,2023-07-24
P0381,Susan,Lopez,Doctor 3,2023-07-24
P0447,Shirley,Miller,Doctor 3,2023-07-24
P0055,Steven,Bailey,Doctor 4,2023-07-25
P0094,Betty,Richardson,Doctor 3,2023-07-25
P0095,Samuel,Ruiz,Doctor 5,2023-07-25
P0101,Emma,Williams,Doctor 3,2023-07-25
P0161,James,Green,Doctor 1,2023-07-25
P0229,Sharon,James,Doctor 3,2023-07-25
P0401,George,Morris,Doctor 5,2023-07-25
P0402,Michael,White,Doctor 1,2023-07-25
P0426,Jose,Ortiz,Doctor 2,2023-07-25
P0440,Nancy,Adams,Doctor 5,2023-07-25
P0461,Brandon,Brooks,Doctor 3,2023-07-25
P0017,Kimberly,Cruz,Doctor 1,2023-07-26
P0100,Gregory,Cook,Doctor 3,2023-07-26
P0200,Helen,Baker,Doctor 1,2023-07-26
P0213,Scott,Ramirez,Doctor 2,2023-07-26
P0239,Jason,Rodriguez,Doctor 5,2023-07-26
P0372,Scott,Kim,Doctor 3,2023-07-26
P0390,Sarah,Gomez,Doctor 3,2023-07-26
P0432,Carol,Ward,Doctor 2,2023-07-26
P0134,Ryan,Edwards,Doctor 2,2023-07-27
P0198,Michelle,Gonzalez,Doctor 3,2023-07-27
P0204,Matthew,Carter,Doctor 2,2023-07-27
P0241,Elizabeth,Morgan,Doctor 2,2023-07-27
P0268,Anna,Thomas,Doctor 5,2023-07-27
P0301,Gary,Johnson,Doctor 3,2023-07-27
P0344,Brenda,Martinez,Doctor 5,2023-07-27
P0200,Helen,Baker,Doctor 1,2023-07-28
P0218,Lisa,Clark,Doctor 2,2023-07-28
P0042,Scott,Jackson,Doctor 2,2023-07-29
P0175,Michelle,Gomez,Doctor 1,2023-07-29
P0354,Stephen,Lopez,Doctor 5,2023-07-29
P0361,Carol,Morgan,Doctor 3,2023-07-29
P0428,Barbara,Green,Doctor 1,2023-07-29
P0267,Helen,Hall,Doctor 1,2023-07-30
P0334,Jerry,Sanchez,Doctor 4,2023-07-30
P0468,Sarah,Jones,Doctor 2,2023-07-30
P0071,Melissa,Taylor,Doctor 1,2023-07-31
P0084,Aaron,Kelly,Doctor 1,2023-07-31
P0197,Sharon,Bailey,Doctor 3,2023-07-31
P0441,Michelle,Stewart,Doctor 2,2023-07-31
P0030,Amy,Kelly,Doctor 4,2023-08-01
P0113,Kimberly,Harris,Doctor 2,2023-08-01
P0119,Jessica,Morris,Doctor 5,2023-08-01
P0407,Samuel,Lee,Doctor 1,2023-08-01
P0452,Larry,Mitchell,Doctor 1,2023-08-01
P0051,Ruth,Adams,Doctor 4,2023-08-02
P0075,Sarah,Ortiz,Doctor 2,2023-08-02
P0101,Emma,Williams,Doctor 3,2023-08-02
P0137,Edward,Martinez,Doctor 4,2023-08-02
P0276,Raymond,Walker,Doctor 3,2023-08-02
P0293,Jonathan,Rogers,Doctor 2,2023-08-02
P0391,James,Nelson,Doctor 3,2023-08-02
P0462,Lisa,Anderson,Doctor 4,2023-08-02
P0473,Laura,Walker,Doctor 2,2023-08-02
P0486,Anna,Reyes,Doctor 5,2023-08-02
P0008,John,Sanchez,Doctor 3,2023-08-03
P0039,Nancy,Sanchez,Doctor 5,2023-08-03
P0393,Laura,Bailey,Doctor 2,2023-08-03
P0476,Jonathan,Howard,Doctor 4,2023-08-03
P0278,Barbara,Baker,Doctor 4,2023-08-04
P0406,Dennis,Lewis,Doctor 1,2023-08-04
P0027,Susan,Gutierrez,Doctor 1,2023-08-05
P0029,Kenneth,Martinez,Doctor 5,2023-08-05
P0032,Kimberly,Wood,Doctor 1,2023-08-05
P0048,Karen,Morris,Doctor 4,2023-08-05
P0111,Jennifer,Collins,Doctor 2,2023-08-05
P0155,Timothy,Myers,Doctor 2,2023-08-05
P0183,Sarah,Moore,Doctor 5,2023-08-05
P0205,Richard,Patel,Doctor 1,2023-08-05
P0221,Rebecca,Johnson,Doctor 4,2023-08-05
P0227,Larry,Miller,Doctor 4,2023-08-05
P0308,Eric,Allen,Doctor 3,2023-08-05
P0250,Susan,Perez,Doctor 1,2023-08-06
P0258,Ruth,Myers,Doctor 1,2023-08-06
P0421,Sharon,Sanders,Doctor 3,2023-08-06
P0138,Stephen,Flores,Doctor 2,2023-08-07
P0258,Ruth,Myers,Doctor 1,2023-08-07
P0487,Betty,Ward,Doctor 1,2023-08-07
P0031,Nicholas,Scott,Doctor 1,2023-08-08
P0047,Anthony,Turner,Doctor 1,2023-08-08
P0170,Thomas,James,Doctor 1,2023-08-08
P0176,Donald,Wright,Doctor 5,2023-08-08
P0179,Larry,Brooks,Doctor 4,2023-08-08
P0245,Timothy,Sanders,Doctor 3,2023-08-08
P0291,Michael,Flores,Doctor 1,2023-08-08
P0413,Jessica,Rogers,Doctor 2,2023-08-08
P0480,Kimberly,Davis,Doctor 3,2023-08-08
P0482,Angela,Mendoza,Doctor 2,2023-08-08
P0058,Karen,Myers,Doctor 4,2023-08-09
P0068,Brandon,Cruz,Doctor 4,2023-08-09
P0094,Betty,Richardson,Doctor 3,2023-08-09
P0410,Susan,Cooper,Doctor 4,2023-08-09
P0433,Deborah,Ward,Doctor 5,2023-08-09
P0473,Laura,Walker,Doctor 2,2023-08-09
P0496,Elizabeth,Castillo,Doctor 4,2023-08-09
P0266,Donna,Flores,Doctor 2,2023-08-10
P0267,Helen,Hall,Doctor 1,2023-08-10
P0397,Jack,Clark,Doctor 1,2023-08-10
P0017,Kimberly,Cruz,Doctor 1,2023-08-11
P0138,Stephen,Flores,Doctor 2,2023-08-11
P0158,Angela,Castillo,Doctor 2,2023-08-11
P0257,Angela,Scott,Doctor 1,2023-08-11
P0314,Joshua,Roberts,Doctor 1,2023-08-11
P0421,Sharon,Sanders,Doctor 3,2023-08-11
P0246,Sandra,Turner,Doctor 2,2023-08-12
P0306,Dennis,Alvarez,Doctor 1,2023-08-12
P0346,Jeffrey,Gray,Doctor 5,2023-08-12
P0360,Virginia,Scott,Doctor 2,2023-08-12
P0401,George,Morris,Doctor 5,2023-08-12
P0015,Laura,Evans,Doctor 2,2023-08-13
P0041,Angela,Flores,Doctor 1,2023-08-13
P0061,Justin,Sanders,Doctor 3,2023-08-13
P0135,Jack,Hernandez,Doctor 1,2023-08-13
P0193,Gregory,James,Doctor 2,2023-08-13
P0338,Thomas,Mitchell,Doctor 2,2023-08-13
P0382,Anna,Reed,Doctor 3,2023-08-13
P0075,Sarah,Ortiz,Doctor 2,2023-08-14
P0090,Kimberly,Collins,Doctor 4,2023-08-14
P0210,Donald,Allen,Doctor 1,2023-08-14
P0253,Sarah,Stewart,Doctor 4,2023-08-14
P0272,Michelle,Murphy,Doctor 4,2023-08-14
P0275,Jessica,Lee,Doctor 5,2023-08-14
P0282,Deborah,Collins,Doctor 5,2023-08-14
P0358,Deborah,Young,Doctor 4,2023-08-14
P0465,Carol,Evans,Doctor 5,2023-08-14
P0118,Timothy,Martin,Doctor 5,2023-08-15
P0403,Mary,Hughes,Doctor 2,2023-08-15
P0477,Emma,Lee,Doctor 4,2023-08-15
P0024,Barbara,Ward,Doctor 1,2023-08-16
P0028,Laura,Smith,Doctor 5,2023-08-16
P0065,Kimberly,Bailey,Doctor 4,2023-08-16
P0092,Tyler,Watson,Doctor 5,2023-08-16
P0101,Emma,Williams,Doctor 3,2023-08-16
P0186,Barbara,Edwards,Doctor 5,2023-08-16
P0281,Karen,Brown,Doctor 4,2023-08-16
P0405,Karen,Roberts,Doctor 2,2023-08-16
P0420,Joseph,Williams,Doctor 3,2023-08-16
P0441,Michelle,Stewart,Doctor 2,2023-08-16
P0063,Carol,Thomas,Doctor 2,2023-08-17
P0136,Christopher,Mendoza,Doctor 1,2023-08-17
P0207,Kenneth,Harris,Doctor 4,2023-08-17
P0425,Betty,Jones,Doctor 5,2023-08-17
P0466,Helen,Mendoza,Doctor 2,2023-08-17
P0005,Sandra,Rodriguez,Doctor 5,2023-08-18
P0036,Gary,Wilson,Doctor 4,2023-08-18
P0243,Sandra,Ruiz,Doctor 5,2023-08-18
P0264,Tyler,Ortiz,Doctor 4,2023-08-18
P0282,Deborah,Collins,Doctor 5,2023-08-18
P0295,Daniel,Cook,Doctor 2,2023-08-18
P0325,Jessica,Alvarez,Doctor 2,2023-08-18
P0127,Rebecca,Edwards,Doctor 3,2023-08-19
P0215,Daniel,Rivera,Doctor 1,2023-08-19
P0284,Jonathan,Robinson,Doctor 3,2023-08-19
P0385,Jack,Taylor,Doctor 4,2023-08-19
P0386,Sarah,Williams,Doctor 3,2023-08-19
P0472,Sarah,King,Doctor 2,2023-08-19
P0073,Justin,Richardson,Doctor 1,2023-08-20
P0078,Karen,Brooks,Doctor 2,2023-08-20
P0102,Brian,Morales,Doctor 5,2023-08-20
P0208,Deborah,Gonzalez,Doctor 3,2023-08-20
P0231,Christopher,Gray,Doctor 5,2023-08-20
P0287,Sandra,Rivera,Doctor 3,2023-08-20
P0290,Deborah,Howard,Doctor 5,2023-08-20
P0329,Shirley,Harris,Doctor 1,2023-08-20
P0349,Susan,Richardson,Doctor 5,2023-08-20
P0366,Joshua,Hernandez,Doctor 1,2023-08-20
P0389,Edward,Perez,Doctor 4,2023-08-20
P0014,Mary,Young,Doctor 5,2023-08-21
P0036,Gary,Wilson,Doctor 4,2023-08-21
P0038,John,Campbell,Doctor 5,2023-08-21
P0067,David,Bennett,Doctor 1,2023-08-21
P0191,Raymond,Flores,Doctor 3,2023-08-21
P0212,Anna,Murphy,Doctor 4,2023-08-21
P0265,Stephen,Wood,Doctor 3,2023-08-21
P0365,Donald,Gutierrez,Doctor 4,2023-08-21
P0390,Sarah,Gomez,Doctor 3,2023-08-21
P0452,Larry,Mitchell,Doctor 1,2023-08-21
P0136,Christopher,Mendoza,Doctor 1,2023-08-22
P0237,James,Lopez,Doctor 5,2023-08-22
P0239,Jason,Rodriguez,Doctor 5,2023-08-22
P0283,Kevin,Clark,Doctor 1,2023-08-22
P0316,Nicholas,Alvarez,Doctor 4,2023-08-22
P0476,Jonathan,Howard,Doctor 4,2023-08-22
P0008,John,Sanchez,Doctor 3,2023-08-23
P0010,Benjamin,Lee,Doctor 3,2023-08-23
P0027,Susan,Gutierrez,Doctor 1,2023-08-23
P0029,Kenneth,Martinez,Doctor 5,2023-08-23
P0132,Jack,Cooper,Doctor 1,2023-08-23
P0136,Christopher,Mendoza,Doctor 1,2023-08-23
P0472,Sarah,King,Doctor 2,2023-08-23
P0298,Anthony,Allen,Doctor 5,2023-08-24
P0428,Barbara,Green,Doctor 1,2023-08-24
P0487,Betty,Ward,Doctor 1,2023-08-24
P0500,Donald,Evans,Doctor 5,2023-08-25
P0029,Kenneth,Martinez,Doctor 5,2023-08-26
P0087,Jessica,Ramirez,Doctor 2,2023-08-26
P0132,Jack,Cooper,Doctor 1,2023-08-26
P0139,Thomas,Wright,Doctor 5,2023-08-26
P0315,John,Price,Doctor 4,2023-08-26
P0453,Ryan,Howard,Doctor 4,2023-08-26
P0466,Helen,Mendoza,Doctor 2,2023-08-26
P0018,Aaron,Brooks,Doctor 3,2023-08-27
P0176,Donald,Wright,Doctor 5,2023-08-27
P0268,Anna,Thomas,Doctor 5,2023-08-27
P0421,Sharon,Sanders,Doctor 3,2023-08-27
P0492,Cynthia,Martin,Doctor 2,2023-08-27
P0010,Benjamin,Lee,Doctor 3,2023-08-28
P0077,Jerry,Cooper,Doctor 5,2023-08-28
P0129,Jessica,Lopez,Doctor 5,2023-08-28
P0200,Helen,Baker,Doctor 1,2023-08-28
P0209,James,Martin,Doctor 2,2023-08-28
P0099,Jerry,Lewis,Doctor 1,2023-08-29
P0103,Sharon,Rivera,Doctor 5,2023-08-29
P0255,Mary,White,Doctor 3,2023-08-29
P0255,Mary,White,Doctor 3,2023-08-29
P0293,Jonathan,Rogers,Doctor 2,2023-08-29
P0368,Richard,Ortiz,Doctor 3,2023-08-29
P0368,Richard,Ortiz,Doctor 3,2023-08-29
P0059,Deborah,Morales,Doctor 3,2023-08-30
P0079,Sharon,Richardson,Doctor 5,2023-08-30
P0173,Karen,Turner,Doctor 1,2023-08-30
P0236,Joseph,Reyes,Doctor 5,2023-08-30
P0247,Mark,Evans,Doctor 4,2023-08-30
P0281,Karen,Brown,Doctor 4,2023-08-30
P0412,Kevin,Rodriguez,Doctor 1,2023-08-30
P0447,Shirley,Miller,Doctor 3,2023-08-30
P0468,Sarah,Jones,Doctor 2,2023-08-30
P0023,James,Bailey,Doctor 4,2023-08-31
P0116,Sandra,Lopez,Doctor 4,2023-08-31
P0194,Sandra,Garcia,Doctor 4,2023-08-31
P0266,Donna,Flores,Doctor 2,2023-08-31
P0299,Eric,Cox,Doctor 3,2023-08-31
P0320,Sandra,Jackson,Doctor 4,2023-08-31
P0410,Susan,Cooper,Doctor 4,2023-08-31
P0041,Angela,Flores,Doctor 1,2023-09-01
P0335,Shirley,Parker,Doctor 5,2023-09-01
P0464,Thomas,Robinson,Doctor 3,2023-09-01
P0083,Justin,Sanchez,Doctor 5,2023-09-02
P0093,Jason,Adams,Doctor 5,2023-09-02
P0247,Mark,Evans,Doctor 4,2023-09-02
P0355,Sarah,Hill,Doctor 3,2023-09-02
P0415,Sandra,Bailey,Doctor 1,2023-09-02
P0466,Helen,Mendoza,Doctor 2,2023-09-02
P0121,Daniel,Ramos,Doctor 4,2023-09-03
P0191,Raymond,Flores,Doctor 3,2023-09-03
P0197,Sharon,Bailey,Doctor 3,2023-09-03
P0209,James,Martin,Doctor 2,2023-09-03
P0330,Matthew,Ramirez,Doctor 1,2023-09-03
P0015,Laura,Evans,Doctor 2,2023-09-04
P0040,Betty,Gutierrez,Doctor 2,2023-09-04
P0089,Jeffrey,Kelly,Doctor 5,2023-09-04
P0193,Gregory,James,Doctor 2,2023-09-04
P0245,Timothy,Sanders,Doctor 3,2023-09-04
P0261,Karen,Taylor,Doctor 5,2023-09-04
P0309,Jonathan,Young,Doctor 1,2023-09-04
P0468,Sarah,Jones,Doctor 2,2023-09-04
P0013,Michael,Cook,Doctor 1,2023-09-05
P0059,Deborah,Morales,Doctor 3,2023-09-05
P0221,Rebecca,Johnson,Doctor 4,2023-09-05
P0255,Mary,White,Doctor 3,2023-09-05
P0276,Raymond,Walker,Doctor 3,2023-09-05
P0304,Elizabeth,Kelly,Doctor 2,2023-09-05
P0135,Jack,Hernandez,Doctor 1,2023-09-06
P0177,Lisa,Diaz,Doctor 5,2023-09-06
P0190,Joseph,Hill,Doctor 5,2023-09-06
P0393,Laura,Bailey,Doctor 2,2023-09-06
P0404,Justin,Mitchell,Doctor 1,2023-09-06
P0017,Kimberly,Cruz,Doctor 1,2023-09-07
P0049,Richard,Watson,Doctor 4,2023-09-07
P0074,Rebecca,Alvarez,Doctor 4,2023-09-07
P0178,Eric,Brown,Doctor 3,2023-09-07
P0219,Robert,King,Doctor 5,2023-09-07
P0265,Stephen,Wood,Doctor 3,2023-09-07
P0280,Deborah,Richardson,Doctor 5,2023-09-07
P0346,Jeffrey,Gray,Doctor 5,2023-09-07
P0456,Daniel,Morgan,Doctor 4,2023-09-07
P0117,Raymond,Reed,Doctor 4,2023-09-08
P0182,Sandra,Morales,Doctor 3,2023-09-08
P0236,Joseph,Reyes,Doctor 5,2023-09-08
P0359,Sarah,Thompson,Doctor 2,2023-09-08
P0043,Jason,Parker,Doctor 2,2023-09-09
P0093,Jason,Adams,Doctor 5,2023-09-09
P0286,Michelle,Cox,Doctor 5,2023-09-09
P0460,John,Morris,Doctor 4,2023-09-09
P0460,John,Morris,Doctor 4,2023-09-09
P0104,Sarah,Lewis,Doctor 4,2023-09-10
P0279,Charles,Miller,Doctor 1,2023-09-10
P0305,Stephen,Evans,Doctor 1,2023-09-10
P0358,Deborah,Young,Doctor 4,2023-09-10
P0409,Jacob,Phillips,Doctor 5,2023-09-10
P0438,Karen,Richardson,Doctor 4,2023-09-10
P0056,Ryan,Alvarez,Doctor 4,2023-09-11
P0238,Michael,Mendoza,Doctor 1,2023-09-11
P0478,Sarah,Cruz,Doctor 5,2023-09-11
P0495,Patrick,Miller,Doctor 5,2023-09-11
P0018,Aaron,Brooks,Doctor 3,2023-09-12
P0183,Sarah,Moore,Doctor 5,2023-09-12
P0202,Sarah,White,Doctor 2,2023-09-12
P0251,Aaron,Johnson,Doctor 4,2023-09-12
P0285,Brenda,Taylor,Doctor 4,2023-09-12
P0362,Carol,Flores,Doctor 2,2023-09-12
P0382,Anna,Reed,Doctor 3,2023-09-12
P0416,Michael,Bailey,Doctor 3,2023-09-12
P0439,Emma,Jackson,Doctor 2,2023-09-12
P0090,Kimberly,Collins,Doctor 4,2023-09-13
P0131,Sarah,Cox,Doctor 5,2023-09-13
P0218,Lisa,Clark,Doctor 2,2023-09-13
P0387,Lisa,Martin,Doctor 5,2023-09-13
P0458,Ronald,Anderson,Doctor 3,2023-09-13
P0499,Nancy,Patel,Doctor 2,2023-09-13
P0144,George,Smith,Doctor 2,2023-09-14
P0253,Sarah,Stewart,Doctor 4,2023-09-14
P0272,Michelle,Murphy,Doctor 4,2023-09-14
P0277,Jason,Johnson,Doctor 1,2023-09-14
P0447,Shirley,Miller,Doctor 3,2023-09-14
P0452,Larry,Mitchell,Doctor 1,2023-09-14
P0468,Sarah,Jones,Doctor 2,2023-09-14
P0058,Karen,Myers,Doctor 4,2023-09-15
P0222,Donna,Alvarez,Doctor 1,2023-09-15
P0343,Sandra,Castillo,Doctor 2,2023-09-15
P0452,Larry,Mitchell,Doctor 1,2023-09-15
P0027,Susan,Gutierrez,Doctor 1,2023-09-16
P0232,Edward,Scott,Doctor 4,2023-09-16
P0253,Sarah,Stewart,Doctor 4,2023-09-16
P0416,Michael,Bailey,Doctor 3,2023-09-16
P0455,Michelle,Evans,Doctor 2,2023-09-16
P0266,Donna,Flores,Doctor 2,2023-09-17
P0270,Patrick,Bennett,Doctor 4,2023-09-17
P0333,Matthew,Johnson,Doctor 2,2023-09-17
P0343,Sandra,Castillo,Doctor 2,2023-09-17
P0364,Donna,Evans,Doctor 4,2023-09-17
P0421,Sharon,Sanders,Doctor 3,2023-09-17
P0423,Deborah,Cook,Doctor 1,2023-09-17
P0141,Sharon,Young,Doctor 1,2023-09-18
P0149,Barbara,Bennett,Doctor 3,2023-09-18
P0229,Sharon,James,Doctor 3,2023-09-18
P0294,Emma,Richardson,Doctor 1,2023-09-18
P0395,Patrick,Wood,Doctor 4,2023-09-18
P0058,Karen,Myers,Doctor 4,2023-09-19
P0066,Jessica,Reyes,Doctor 4,2023-09-19
P0127,Rebecca,Edwards,Doctor 3,2023-09-19
P0267,Helen,Hall,Doctor 1,2023-09-19
P0308,Eric,Allen,Doctor 3,2023-09-19
P0381,Susan,Lopez,Doctor 3,2023-09-19
P0065,Kimberly,Bailey,Doctor 4,2023-09-20
P0067,David,Bennett,Doctor 1,2023-09-20
P0162,Cynthia,Ward,Doctor 2,2023-09-20
P0389,Edward,Perez,Doctor 4,2023-09-20
P0478,Sarah,Cruz,Doctor 5,2023-09-20
P0011,Jason,Sanchez,Doctor 2,2023-09-21
P0083,Justin,Sanchez,Doctor 5,2023-09-21
P0087,Jessica,Ramirez,Doctor 2,2023-09-21
P0111,Jennifer,Collins,Doctor 2,2023-09-21
P0136,Christopher,Mendoza,Doctor 1,2023-09-21
P0153,Samuel,Mendoza,Doctor 4,2023-09-21
P0154,Aaron,Bennett,Doctor 2,2023-09-21
P0213,Scott,Ramirez,Doctor 2,2023-09-21
P0372,Scott,Kim,Doctor 3,2023-09-21
P0395,Patrick,Wood,Doctor 4,2023-09-21
P0429,Ruth,Patel,Doctor 3,2023-09-21
P0435,Helen,King,Doctor 2,2023-09-21
P0441,Michelle,Stewart,Doctor 2,2023-09-21
P0013,Michael,Cook,Doctor 1,2023-09-22
P0086,Jason,Lopez,Doctor 5,2023-09-22
P0118,Timothy,Martin,Doctor 5,2023-09-22
P0136,Christopher,Mendoza,Doctor 1,2023-09-22
P0157,Eric,Howard,Doctor 1,2023-09-22
P0182,Sandra,Morales,Doctor 3,2023-09-22
P0239,Jason,Rodriguez,Doctor 5,2023-09-22
P0248,Rebecca,Thomas,Doctor 2,2023-09-22
P0286,Michelle,Cox,Doctor 5,2023-09-22
P0096,Joseph,Roberts,Doctor 5,2023-09-23
P0121,Daniel,Ramos,Doctor 4,2023-09-23
P0171,Betty,Scott,Doctor 3,2023-09-23
P0173,Karen,Turner,Doctor 1,2023-09-23
P0302,Dennis,Young,Doctor 1,2023-09-23
P0413,Jessica,Rogers,Doctor 2,2023-09-23
P0414,Ronald,Roberts,Doctor 3,2023-09-23
P0420,Joseph,Williams,Doctor 3,2023-09-23
P0112,Sarah,Gonzalez,Doctor 2,2023-09-24
P0217,William,Kelly,Doctor 2,2023-09-24
P0340,Patricia,Sanders,Doctor 1,2023-09-24
P0346,Jeffrey,Gray,Doctor 5,2023-09-24
P0442,Sarah,Collins,Doctor 3,2023-09-24
P0066,Jessica,Reyes,Doctor 4,2023-09-25
P0074,Rebecca,Alvarez,Doctor 4,2023-09-25
P0164,Mark,Hughes,Doctor 1,2023-09-25
P0217,William,Kelly,Doctor 2,2023-09-25
P0346,Jeffrey,Gray,Doctor 5,2023-09-25
P0474,Shirley,Thompson,Doctor 2,2023-09-25
P0478,Sarah,Cruz,Doctor 5,2023-09-25
P0038,John,Campbell,Doctor 5,2023-09-26
P0241,Elizabeth,Morgan,Doctor 2,2023-09-26
P0275,Jessica,Lee,Doctor 5,2023-09-26
P0286,Michelle,Cox,Doctor 5,2023-09-26
P0464,Thomas,Robinson,Doctor 3,2023-09-26
P0033,Jacob,Williams,Doctor 1,2023-09-27
P0107,Joseph,Gutierrez,Doctor 3,2023-09-27
P0128,Jerry,Perez,Doctor 1,2023-09-27
P0128,Jerry,Perez,Doctor 1,2023-09-27
P0176,Donald,Wright,Doctor 5,2023-09-27
P0248,Rebecca,Thomas,Doctor 2,2023-09-27
P0249,Justin,Nguyen,Doctor 1,2023-09-27
P0257,Angela,Scott,Doctor 1,2023-09-27
P0374,Jose,Nguyen,Doctor 1,2023-09-27
P0426,Jose,Ortiz,Doctor 2,2023-09-27
P0426,Jose,Ortiz,Doctor 2,2023-09-27
P0459,Robert,Gomez,Doctor 1,2023-09-27
P0114,James,Cooper,Doctor 3,2023-09-28
P0124,Alexander,White,Doctor 4,2023-09-28
P0204,Matthew,Carter,Doctor 2,2023-09-28
P0290,Deborah,Howard,Doctor 5,2023-09-28
P0338,Thomas,Mitchell,Doctor 2,2023-09-28
P0347,Lisa,Williams,Doctor 1,2023-09-28
P0366,Joshua,Hernandez,Doctor 1,2023-09-28
P0427,Mary,Williams,Doctor 4,2023-09-28
P0456,Daniel,Morgan,Doctor 4,2023-09-28
P0015,Laura,Evans,Doctor 2,2023-09-29
P0143,Karen,Johnson,Doctor 1,2023-09-29
P0152,Nancy,Williams,Doctor 3,2023-09-29
P0233,Lisa,Jackson,Doctor 4,2023-09-29
P0281,Karen,Brown,Doctor 4,2023-09-29
P0310,Cynthia,Robinson,Doctor 4,2023-09-29
P0322,Anna,Wright,Doctor 3,2023-09-29
P0327,Emma,Wright,Doctor 5,2023-09-29
P0344,Brenda,Martinez,Doctor 5,2023-09-29
P0363,Ruth,Walker,Doctor 1,2023-09-29
P0005,Sandra,Rodriguez,Doctor 5,2023-09-30
P0076,Carol,Peterson,Doctor 5,2023-09-30
P0260,Jack,Richardson,Doctor 1,2023-09-30
P0284,Jonathan,Robinson,Doctor 3,2023-09-30
P0305,Stephen,Evans,Doctor 1,2023-09-30
P0477,Emma,Lee,Doctor 4,2023-09-30
P0013,Michael,Cook,Doctor 1,2023-10-01
P0044,Nancy,Rivera,Doctor 1,2023-10-01
P0220,Sarah,Martinez,Doctor 4,2023-10-01
P0299,Eric,Cox,Doctor 3,2023-10-01
P0312,Laura,Miller,Doctor 5,2023-10-01
P0362,Carol,Flores,Doctor 2,2023-10-01
P0366,Joshua,Hernandez,Doctor 1,2023-10-01
P0447,Shirley,Miller,Doctor 3,2023-10-01
P0467,Brenda,Gonzalez,Doctor 4,2023-10-01
P0347,Lisa,Williams,Doctor 1,2023-10-02
P0373,Shirley,Nelson,Doctor 1,2023-10-02
P0430,Kimberly,Jones,Doctor 2,2023-10-02
P0026,Sharon,Hernandez,Doctor 4,2023-10-03
P0067,David,Bennett,Doctor 1,2023-10-03
P0078,Karen,Brooks,Doctor 2,2023-10-03
P0084,Aaron,Kelly,Doctor 1,2023-10-03
P0148,Sharon,Murphy,Doctor 1,2023-10-03
P0178,Eric,Brown,Doctor 3,2023-10-03
P0282,Deborah,Collins,Doctor 5,2023-10-03
P0322,Anna,Wright,Doctor 3,2023-10-03
P0343,Sandra,Castillo,Doctor 2,2023-10-03
P0415,Sandra,Bailey,Doctor 1,2023-10-03
P0451,Nancy,Young,Doctor 5,2023-10-03
P0030,Amy,Kelly,Doctor 4,2023-10-04
P0037,Carol,Sanchez,Doctor 2,2023-10-04
P0180,Aaron,Watson,Doctor 2,2023-10-04
P0275,Jessica,Lee,Doctor 5,2023-10-04
P0324,Donald,Bennett,Doctor 1,2023-10-04
P0487,Betty,Ward,Doctor 1,2023-10-04
P0219,Robert,King,Doctor 5,2023-10-05
P0301,Gary,Johnson,Doctor 3,2023-10-05
P0320,Sandra,Jackson,Doctor 4,2023-10-05
P0337,Justin,Bennett,Doctor 5,2023-10-05
P0338,Thomas,Mitchell,Doctor 2,2023-10-05
P0355,Sarah,Hill,Doctor 3,2023-10-05
P0414,Ronald,Roberts,Doctor 3,2023-10-05
P0454,William,Rogers,Doctor 1,2023-10-05
P0464,Thomas,Robinson,Doctor 3,2023-10-05
P0004,Rebecca,Adams,Doctor 4,2023-10-06
P0028,Laura,Smith,Doctor 5,2023-10-06
P0202,Sarah,White,Doctor 2,2023-10-06
P0279,Charles,Miller,Doctor 1,2023-10-06
P0241,Elizabeth,Morgan,Doctor 2,2023-10-07
P0295,Daniel,Cook,Doctor 2,2023-10-07
P0415,Sandra,Bailey,Doctor 1,2023-10-07
P0441,Michelle,Stewart,Doctor 2,2023-10-07
P0089,Jeffrey,Kelly,Doctor 5,2023-10-08
P0097,Aaron,Castillo,Doctor 1,2023-10-08
P0227,Larry,Miller,Doctor 4,2023-10-08
P0259,James,Walker,Doctor 3,2023-10-08
P0322,Anna,Wright,Doctor 3,2023-10-08
P0007,Justin,Kelly,Doctor 1,2023-10-09
P0039,Nancy,Sanchez,Doctor 5,2023-10-09
P0049,Richard,Watson,Doctor 4,2023-10-09
P0123,Barbara,Robinson,Doctor 3,2023-10-09
P0186,Barbara,Edwards,Doctor 5,2023-10-09
P0216,Jack,Morgan,Doctor 1,2023-10-09
P0239,Jason,Rodriguez,Doctor 5,2023-10-09
P0354,Stephen,Lopez,Doctor 5,2023-10-09
P0498,Stephen,Hall,Doctor 3,2023-10-09
P0021,Cynthia,Hughes,Doctor 2,2023-10-10
P0041,Angela,Flores,Doctor 1,2023-10-10
P0127,Rebecca,Edwards,Doctor 3,2023-10-10
P0276,Raymond,Walker,Doctor 3,2023-10-10
P0382,Anna,Reed,Doctor 3,2023-10-10
P0008,John,Sanchez,Doctor 3,2023-10-11
P0090,Kimberly,Collins,Doctor 4,2023-10-11
P0094,Betty,Richardson,Doctor 3,2023-10-11
P0255,Mary,White,Doctor 3,2023-10-11
P0366,Joshua,Hernandez,Doctor 1,2023-10-11
P0069,Betty,Clark,Doctor 4,2023-10-12
P0090,Kimberly,Collins,Doctor 4,2023-10-12
P0137,Edward,Martinez,Doctor 4,2023-10-12
P0232,Edward,Scott,Doctor 4,2023-10-12
P0287,Sandra,Rivera,Doctor 3,2023-10-12
P0334,Jerry,Sanchez,Doctor 4,2023-10-12
P0003,Dorothy,Ortiz,Doctor 2,2023-10-13
P0187,Betty,Hughes,Doctor 5,2023-10-13
P0247,Mark,Evans,Doctor 4,2023-10-13
P0358,Deborah,Young,Doctor 4,2023-10-13
P0060,Helen,Ramirez,Doctor 2,2023-10-14
P0064,Ruth,Flores,Doctor 1,2023-10-14
P0065,Kimberly,Bailey,Doctor 4,2023-10-14
P0101,Emma,Williams,Doctor 3,2023-10-14
P0137,Edward,Martinez,Doctor 4,2023-10-14
P0140,Cynthia,Roberts,Doctor 1,2023-10-14
P0165,Kimberly,Martin,Doctor 5,2023-10-14
P0168,Kimberly,Gray,Doctor 3,2023-10-14
P0175,Michelle,Gomez,Doctor 1,2023-10-14
P0343,Sandra,Castillo,Doctor 2,2023-10-14
P0035,Rebecca,Ruiz,Doctor 1,2023-10-15
P0162,Cynthia,Ward,Doctor 2,2023-10-15
P0188,Helen,Anderson,Doctor 4,2023-10-15
P0194,Sandra,Garcia,Doctor 4,2023-10-15
P0225,Matthew,Diaz,Doctor 2,2023-10-15
P0262,Sharon,Hughes,Doctor 1,2023-10-15
P0317,Mark,Rivera,Doctor 3,2023-10-15
P0328,William,Bailey,Doctor 1,2023-10-15
P0437,Laura,Wood,Doctor 3,2023-10-15
P0463,Jerry,Williams,Doctor 5,2023-10-15
P0030,Amy,Kelly,Doctor 4,2023-10-16
P0049,Richard,Watson,Doctor 4,2023-10-16
P0216,Jack,Morgan,Doctor 1,2023-10-16
P0228,Steven,Baker,Doctor 4,2023-10-16
P0394,William,Miller,Doctor 4,2023-10-16
P0495,Patrick,Miller,Doctor 5,2023-10-16
P0500,Donald,Evans,Doctor 5,2023-10-16
P0019,Scott,Martinez,Doctor 2,2023-10-17
P0052,Gary,Flores,Doctor 2,2023-10-17
P0086,Jason,Lopez,Doctor 5,2023-10-17
P0092,Tyler,Watson,Doctor 5,2023-10-17
P0116,Sandra,Lopez,Doctor 4,2023-10-17
P0143,Karen,Johnson,Doctor 1,2023-10-17
P0301,Gary,Johnson,Doctor 3,2023-10-17
P0314,Joshua,Roberts,Doctor 1,2023-10-17
P0093,Jason,Adams,Doctor 5,2023-10-18
P0156,Lisa,Kelly,Doctor 1,2023-10-18
P0187,Betty,Hughes,Doctor 5,2023-10-18
P0314,Joshua,Roberts,Doctor 1,2023-10-18
P0331,Mark,Kim,Doctor 4,2023-10-18
P0363,Ruth,Walker,Doctor 1,2023-10-18
P0376,George,Mendoza,Doctor 4,2023-10-18
P0438,Karen,Richardson,Doctor 4,2023-10-18
P0025,Donna,Gomez,Doctor 2,2023-10-19
P0071,Melissa,Taylor,Doctor 1,2023-10-19
P0072,Jeffrey,Myers,Doctor 2,2023-10-19
P0229,Sharon,James,Doctor 3,2023-10-19
P0253,Sarah,Stewart,Doctor 4,2023-10-19
P0356,Dorothy,Reyes,Doctor 3,2023-10-19
P0080,Michelle,Baker,Doctor 2,2023-10-20
P0475,Helen,Ortiz,Doctor 5,2023-10-20
P0097,Aaron,Castillo,Doctor 1,2023-10-21
P0311,Edward,Cox,Doctor 4,2023-10-21
P0397,Jack,Clark,Doctor 1,2023-10-21
P0427,Mary,Williams,Doctor 4,2023-10-21
P0436,Alexander,Rivera,Doctor 2,2023-10-21
P0439,Emma,Jackson,Doctor 2,2023-10-21
P0477,Emma,Lee,Doctor 4,2023-10-21
P0499,Nancy,Patel,Doctor 2,2023-10-21
P0011,Jason,Sanchez,Doctor 2,2023-10-22
P0034,Sandra,Evans,Doctor 3,2023-10-22
P0070,Kenneth,Carter,Doctor 5,2023-10-22
P0092,Tyler,Watson,Doctor 5,2023-10-22
P0100,Gregory,Cook,Doctor 3,2023-10-22
P0188,Helen,Anderson,Doctor 4,2023-10-22
P0278,Barbara,Baker,Doctor 4,2023-10-22
P0467,Brenda,Gonzalez,Doctor 4,2023-10-22
P0074,Rebecca,Alvarez,Doctor 4,2023-10-23
P0176,Donald,Wright,Doctor 5,2023-10-23
P0211,Jerry,Ortiz,Doctor 2,2023-10-23
P0252,Kenneth,Adams,Doctor 1,2023-10-23
P0392,Nancy,Green,Doctor 5,2023-10-23
P0470,Donald,Torres,Doctor 3,2023-10-23
P0471,Jerry,Harris,Doctor 1,2023-10-23
P0491,Larry,Sanchez,Doctor 5,2023-10-23
P0016,Aaron,James,Doctor 2,2023-10-24
P0029,Kenneth,Martinez,Doctor 5,2023-10-24
P0047,Anthony,Turner,Doctor 1,2023-10-24
P0127,Rebecca,Edwards,Doctor 3,2023-10-24
P0164,Mark,Hughes,Doctor 1,2023-10-24
P0273,Ryan,Davis,Doctor 4,2023-10-24
P0279,Charles,Miller,Doctor 1,2023-10-24
P0316,Nicholas,Alvarez,Doctor 4,2023-10-24
P0358,Deborah,Young,Doctor 4,2023-10-24
P0404,Justin,Mitchell,Doctor 1,2023-10-24
P0439,Emma,Jackson,Doctor 2,2023-10-24
P0458,Ronald,Anderson,Doctor 3,2023-10-24
P0466,Helen,Mendoza,Doctor 2,2023-10-24
P0077,Jerry,Cooper,Doctor 5,2023-10-25
P0080,Michelle,Baker,Doctor 2,2023-10-25
P0107,Joseph,Gutierrez,Doctor 3,2023-10-25
P0177,Lisa,Diaz,Doctor 5,2023-10-25
P0293,Jonathan,Rogers,Doctor 2,2023-10-25
P0429,Ruth,Patel,Doctor 3,2023-10-25
P0016,Aaron,James,Doctor 2,2023-10-26
P0124,Alexander,White,Doctor 4,2023-10-26
P0155,Timothy,Myers,Doctor 2,2023-10-26
P0201,Barbara,Wood,Doctor 5,2023-10-26
P0318,Deborah,Nelson,Doctor 3,2023-10-26
P0337,Justin,Bennett,Doctor 5,2023-10-26
P0410,Susan,Cooper,Doctor 4,2023-10-26
P0054,Donna,Nelson,Doctor 2,2023-10-27
P0080,Michelle,Baker,Doctor 2,2023-10-27
P0082,Donald,Phillips,Doctor 1,2023-10-27
P0132,Jack,Cooper,Doctor 1,2023-10-27
P0375,Benjamin,Wright,Doctor 1,2023-10-27
P0469,Jennifer,Smith,Doctor 1,2023-10-27
P0069,Betty,Clark,Doctor 4,2023-10-28
P0103,Sharon,Rivera,Doctor 5,2023-10-28
P0199,Shirley,Morales,Doctor 5,2023-10-28
P0220,Sarah,Martinez,Doctor 4,2023-10-28
P0350,Mary,Brown,Doctor 4,2023-10-28
P0413,Jessica,Rogers,Doctor 2,2023-10-28
P0443,Kathleen,Morris,Doctor 3,2023-10-28
P0471,Jerry,Harris,Doctor 1,2023-10-28
P0478,Sarah,Cruz,Doctor 5,2023-10-28
P0066,Jessica,Reyes,Doctor 4,2023-10-29
P0086,Jason,Lopez,Doctor 5,2023-10-29
P0162,Cynthia,Ward,Doctor 2,2023-10-29
P0183,Sarah,Moore,Doctor 5,2023-10-29
P0257,Angela,Scott,Doctor 1,2023-10-29
P0259,James,Walker,Doctor 3,2023-10-29
P0292,Ruth,Castillo,Doctor 3,2023-10-29
P0359,Sarah,Thompson,Doctor 2,2023-10-29
P0369,Jacob,Scott,Doctor 5,2023-10-29
P0404,Justin,Mitchell,Doctor 1,2023-10-29
P0463,Jerry,Williams,Doctor 5,2023-10-29
P0469,Jennifer,Smith,Doctor 1,2023-10-29
P0095,Samuel,Ruiz,Doctor 5,2023-10-30
P0229,Sharon,James,Doctor 3,2023-10-30
P0292,Ruth,Castillo,Doctor 3,2023-10-30
P0371,Thomas,Martinez,Doctor 1,2023-10-30
P0118,Timothy,Martin,Doctor 5,2023-10-31
P0254,Barbara,Taylor,Doctor 2,2023-10-31
P0300,Mary,Sanchez,Doctor 1,2023-10-31
P0306,Dennis,Alvarez,Doctor 1,2023-10-31
P0327,Emma,Wright,Doctor 5,2023-10-31
P0383,Sandra,Scott,Doctor 2,2023-10-31
P0429,Ruth,Patel,Doctor 3,2023-10-31
P0446,Rebecca,Walker,Doctor 1,2023-10-31
P0457,Amy,Thompson,Doctor 2,2023-10-31
P0051,Ruth,Adams,Doctor 4,2023-11-01
P0122,Steven,Ward,Doctor 4,2023-11-01
P0134,Ryan,Edwards,Doctor 2,2023-11-01
P0221,Rebecca,Johnson,Doctor 4,2023-11-01
P0364,Donna,Evans,Doctor 4,2023-11-01
P0365,Donald,Gutierrez,Doctor 4,2023-11-01
P0004,Rebecca,Adams,Doctor 4,2023-11-02
P0121,Daniel,Ramos,Doctor 4,2023-11-02
P0291,Michael,Flores,Doctor 1,2023-11-02
P0386,Sarah,Williams,Doctor 3,2023-11-02
P0402,Michael,White,Doctor 1,2023-11-02
P0459,Robert,Gomez,Doctor 1,2023-11-02
P0087,Jessica,Ramirez,Doctor 2,2023-11-03
P0150,Gregory,Campbell,Doctor 2,2023-11-03
P0206,Anna,Edwards,Doctor 5,2023-11-03
P0227,Larry,Miller,Doctor 4,2023-11-03
P0259,James,Walker,Doctor 3,2023-11-03
P0296,Karen,Carter,Doctor 2,2023-11-03
P0342,John,Stewart,Doctor 5,2023-11-03
P0027,Susan,Gutierrez,Doctor 1,2023-11-04
P0092,Tyler,Watson,Doctor 5,2023-11-04
P0105,George,Nelson,Doctor 2,2023-11-04
P0136,Christopher,Mendoza,Doctor 1,2023-11-04
P0186,Barbara,Edwards,Doctor 5,2023-11-04
P0240,William,Ramirez,Doctor 3,2023-11-04
P0409,Jacob,Phillips,Doctor 5,2023-11-04
P0456,Daniel,Morgan,Doctor 4,2023-11-04
P0489,John,Adams,Doctor 2,2023-11-04
P0144,George,Smith,Doctor 2,2023-11-05
P0244,Ruth,Reed,Doctor 3,2023-11-05
P0285,Brenda,Taylor,Doctor 4,2023-11-05
P0315,John,Price,Doctor 4,2023-11-05
P0351,Ruth,Roberts,Doctor 4,2023-11-05
P0368,Richard,Ortiz,Doctor 3,2023-11-05
P0386,Sarah,Williams,Doctor 3,2023-11-05
P0433,Deborah,Ward,Doctor 5,2023-11-05
P0444,Dennis,Ruiz,Doctor 4,2023-11-05
P0141,Sharon,Young,Doctor 1,2023-11-06
P0155,Timothy,Myers,Doctor 2,2023-11-06
P0275,Jessica,Lee,Doctor 5,2023-11-06
P0334,Jerry,Sanchez,Doctor 4,2023-11-06
P0416,Michael,Bailey,Doctor 3,2023-11-06
P0417,Donald,Hughes,Doctor 3,2023-11-06
P0486,Anna,Reyes,Doctor 5,2023-11-06
P0032,Kimberly,Wood,Doctor 1,2023-11-07
P0055,Steven,Bailey,Doctor 4,2023-11-07
P0097,Aaron,Castillo,Doctor 1,2023-11-07
P0104,Sarah,Lewis,Doctor 4,2023-11-07
P0128,Jerry,Perez,Doctor 1,2023-11-07
P0148,Sharon,Murphy,Doctor 1,2023-11-07
P0203,Jack,Diaz,Doctor 1,2023-11-07
P0387,Lisa,Martin,Doctor 5,2023-11-07
P0408,Dennis,Anderson,Doctor 1,2023-11-07
P0418,Gregory,Bennett,Doctor 3,2023-11-07
P0025,Donna,Gomez,Doctor 2,2023-11-08
P0111,Jennifer,Collins,Doctor 2,2023-11-08
P0119,Jessica,Morris,Doctor 5,2023-11-08
P0330,Matthew,Ramirez,Doctor 1,2023-11-08
P0046,Susan,Stewart,Doctor 3,2023-11-09
P0102,Brian,Morales,Doctor 5,2023-11-09
P0160,Jack,Baker,Doctor 3,2023-11-09
P0164,Mark,Hughes,Doctor 1,2023-11-09
P0191,Raymond,Flores,Doctor 3,2023-11-09
P0383,Sandra,Scott,Doctor 2,2023-11-09
P0400,Donald,Johnson,Doctor 1,2023-11-09
P0124,Alexander,White,Doctor 4,2023-11-10
P0129,Jessica,Lopez,Doctor 5,2023-11-10
P0207,Kenneth,Harris,Doctor 4,2023-11-10
P0355,Sarah,Hill,Doctor 3,2023-11-10
P0407,Samuel,Lee,Doctor 1,2023-11-10
P0410,Susan,Cooper,Doctor 4,2023-11-10
P0024,Barbara,Ward,Doctor 1,2023-11-11
P0030,Amy,Kelly,Doctor 4,2023-11-11
P0240,William,Ramirez,Doctor 3,2023-11-11
P0384,Brenda,Young,Doctor 2,2023-11-11
P0389,Edward,Perez,Doctor 4,2023-11-11
P0405,Karen,Roberts,Doctor 2,2023-11-11
P0038,John,Campbell,Doctor 5,2023-11-12
P0053,Kimberly,Smith,Doctor 4,2023-11-12
P0065,Kimberly,Bailey,Doctor 4,2023-11-12
P0195,Carol,Gomez,Doctor 2,2023-11-12
P0258,Ruth,Myers,Doctor 1,2023-11-12
P0317,Mark,Rivera,Doctor 3,2023-11-12
P0399,Karen,Patel,Doctor 1,2023-11-12
P0434,Stephen,Gonzalez,Doctor 5,2023-11-12
P0487,Betty,Ward,Doctor 1,2023-11-12
P0489,John,Adams,Doctor 2,2023-11-12
P0489,John,Adams,Doctor 2,2023-11-12
P0057,Elizabeth,Gray,Doctor 3,2023-11-13
P0194,Sandra,Garcia,Doctor 4,2023-11-13
P0262,Sharon,Hughes,Doctor 1,2023-11-13
P0403,Mary,Hughes,Doctor 2,2023-11-13
P0034,Sandra,Evans,Doctor 3,2023-11-14
P0360,Virginia,Scott,Doctor 2,2023-11-14
P0424,Virginia,Adams,Doctor 4,2023-11-14
P0472,Sarah,King,Doctor 2,2023-11-14
P0132,Jack,Cooper,Doctor 1,2023-11-15
P0174,Jonathan,Gray,Doctor 3,2023-11-15
P0377,Robert,Parker,Doctor 2,2023-11-15
P0454,William,Rogers,Doctor 1,2023-11-15
P0053,Kimberly,Smith,Doctor 4,2023-11-16
P0075,Sarah,Ortiz,Doctor 2,2023-11-16
P0135,Jack,Hernandez,Doctor 1,2023-11-16
P0149,Barbara,Bennett,Doctor 3,2023-11-16
P0426,Jose,Ortiz,Doctor 2,2023-11-16
P0436,Alexander,Rivera,Doctor 2,2023-11-16
P0139,Thomas,Wright,Doctor 5,2023-11-17
P0199,Shirley,Morales,Doctor 5,2023-11-17
P0224,Jessica,Wright,Doctor 4,2023-11-17
P0294,Emma,Richardson,Doctor 1,2023-11-17
P0408,Dennis,Anderson,Doctor 1,2023-11-17
P0007,Justin,Kelly,Doctor 1,2023-11-18
P0070,Kenneth,Carter,Doctor 5,2023-11-18
P0127,Rebecca,Edwards,Doctor 3,2023-11-18
P0312,Laura,Miller,Doctor 5,2023-11-18
P0329,Shirley,Harris,Doctor 1,2023-11-18
P0457,Amy,Thompson,Doctor 2,2023-11-18
P0045,Sarah,Ward,Doctor 3,2023-11-19
P0181,Kathleen,Phillips,Doctor 1,2023-11-19
P0250,Susan,Perez,Doctor 1,2023-11-19
P0312,Laura,Miller,Doctor 5,2023-11-19
P0422,Laura,Ramirez,Doctor 1,2023-11-19
P0489,John,Adams,Doctor 2,2023-11-19
P0040,Betty,Gutierrez,Doctor 2,2023-11-20
P0228,Steven,Baker,Doctor 4,2023-11-20
P0230,David,Cox,Doctor 4,2023-11-20
P0289,Nancy,Peterson,Doctor 2,2023-11-20
P0344,Brenda,Martinez,Doctor 5,2023-11-20
P0420,Joseph,Williams,Doctor 3,2023-11-20
P0057,Elizabeth,Gray,Doctor 3,2023-11-21
P0154,Aaron,Bennett,Doctor 2,2023-11-21
P0172,Sandra,Flores,Doctor 5,2023-11-21
P0289,Nancy,Peterson,Doctor 2,2023-11-21
P0310,Cynthia,Robinson,Doctor 4,2023-11-21
P0405,Karen,Roberts,Doctor 2,2023-11-21
P0405,Karen,Roberts,Doctor 2,2023-11-21
P0424,Virginia,Adams,Doctor 4,2023-11-21
P0430,Kimberly,Jones,Doctor 2,2023-11-21
P0159,Samuel,Nguyen,Doctor 4,2023-11-22
P0179,Larry,Brooks,Doctor 4,2023-11-22
P0249,Justin,Nguyen,Doctor 1,2023-11-22
P0360,Virginia,Scott,Doctor 2,2023-11-22
P0478,Sarah,Cruz,Doctor 5,2023-11-22
P0048,Karen,Morris,Doctor 4,2023-11-23
P0106,James,Harris,Doctor 3,2023-11-23
P0218,Lisa,Clark,Doctor 2,2023-11-23
P0315,John,Price,Doctor 4,2023-11-23
P0373,Shirley,Nelson,Doctor 1,2023-11-23
P0462,Lisa,Anderson,Doctor 4,2023-11-23
P0006,Jeffrey,Thomas,Doctor 5,2023-11-24
P0101,Emma,Williams,Doctor 3,2023-11-24
P0112,Sarah,Gonzalez,Doctor 2,2023-11-24
P0228,Steven,Baker,Doctor 4,2023-11-24
P0259,James,Walker,Doctor 3,2023-11-24
P0289,Nancy,Peterson,Doctor 2,2023-11-24
P0296,Karen,Carter,Doctor 2,2023-11-24
P0350,Mary,Brown,Doctor 4,2023-11-24
P0400,Donald,Johnson,Doctor 1,2023-11-24
P0422,Laura,Ramirez,Doctor 1,2023-11-24
P0456,Daniel,Morgan,Doctor 4,2023-11-24
P0015,Laura,Evans,Doctor 2,2023-11-25
P0209,James,Martin,Doctor 2,2023-11-25
P0248,Rebecca,Thomas,Doctor 2,2023-11-25
P0301,Gary,Johnson,Doctor 3,2023-11-25
P0327,Emma,Wright,Doctor 5,2023-11-25
P0348,Patricia,Baker,Doctor 1,2023-11-25
P0415,Sandra,Bailey,Doctor 1,2023-11-25
P0453,Ryan,Howard,Doctor 4,2023-11-25
P0480,Kimberly,Davis,Doctor 3,2023-11-25
P0486,Anna,Reyes,Doctor 5,2023-11-25
P0002,Sandra,Wood,Doctor 2,2023-11-26
P0069,Betty,Clark,Doctor 4,2023-11-26
P0124,Alexander,White,Doctor 4,2023-11-26
P0162,Cynthia,Ward,Doctor 2,2023-11-26
P0197,Sharon,Bailey,Doctor 3,2023-11-26
P0269,Melissa,Stewart,Doctor 1,2023-11-26
P0368,Richard,Ortiz,Doctor 3,2023-11-26
P0382,Anna,Reed,Doctor 3,2023-11-26
P0422,Laura,Ramirez,Doctor 1,2023-11-26
P0467,Brenda,Gonzalez,Doctor 4,2023-11-26
P0469,Jennifer,Smith,Doctor 1,2023-11-26
P0499,Nancy,Patel,Doctor 2,2023-11-26
P0161,James,Green,Doctor 1,2023-11-27
P0163,Steven,Robinson,Doctor 1,2023-11-27
P0211,Jerry,Ortiz,Doctor 2,2023-11-27
P0232,Edward,Scott,Doctor 4,2023-11-27
P0232,Edward,Scott,Doctor 4,2023-11-27
P0384,Brenda,Young,Doctor 2,2023-11-27
P0384,Brenda,Young,Doctor 2,2023-11-27
P0392,Nancy,Green,Doctor 5,2023-11-27
P0461,Brandon,Brooks,Doctor 3,2023-11-27
P0098,Jessica,Taylor,Doctor 3,2023-11-28
P0114,James,Cooper,Doctor 3,2023-11-28
P0170,Thomas,James,Doctor 1,2023-11-28
P0175,Michelle,Gomez,Doctor 1,2023-11-28
P0197,Sharon,Bailey,Doctor 3,2023-11-28
P0233,Lisa,Jackson,Doctor 4,2023-11-28
P0046,Susan,Stewart,Doctor 3,2023-11-29
P0084,Aaron,Kelly,Doctor 1,2023-11-29
P0117,Raymond,Reed,Doctor 4,2023-11-29
P0210,Donald,Allen,Doctor 1,2023-11-29
P0249,Justin,Nguyen,Doctor 1,2023-11-29
P0252,Kenneth,Adams,Doctor 1,2023-11-29
P0301,Gary,Johnson,Doctor 3,2023-11-29
P0337,Justin,Bennett,Doctor 5,2023-11-29
P0381,Susan,Lopez,Doctor 3,2023-11-29
P0387,Lisa,Martin,Doctor 5,2023-11-29
P0411,Benjamin,Cox,Doctor 1,2023-11-29
P0001,Donna,Howard,Doctor 2,2023-11-30
P0012,Jennifer,Wood,Doctor 1,2023-11-30
P0166,Rebecca,Wilson,Doctor 2,2023-11-30
P0376,George,Mendoza,Doctor 4,2023-11-30
P0057,Elizabeth,Gray,Doctor 3,2023-12-01
P0079,Sharon,Richardson,Doctor 5,2023-12-01
P0095,Samuel,Ruiz,Doctor 5,2023-12-01
P0206,Anna,Edwards,Doctor 5,2023-12-01
P0225,Matthew,Diaz,Doctor 2,2023-12-01
P0386,Sarah,Williams,Doctor 3,2023-12-01
P0459,Robert,Gomez,Doctor 1,2023-12-01
P0467,Brenda,Gonzalez,Doctor 4,2023-12-01
P0494,Anthony,Ramos,Doctor 4,2023-12-01
P0036,Gary,Wilson,Doctor 4,2023-12-02
P0311,Edward,Cox,Doctor 4,2023-12-02
P0377,Robert,Parker,Doctor 2,2023-12-02
P0414,Ronald,Roberts,Doctor 3,2023-12-02
P0435,Helen,King,Doctor 2,2023-12-02
P0103,Sharon,Rivera,Doctor 5,2023-12-03
P0104,Sarah,Lewis,Doctor 4,2023-12-03
P0160,Jack,Baker,Doctor 3,2023-12-03
P0273,Ryan,Davis,Doctor 4,2023-12-03
P0348,Patricia,Baker,Doctor 1,2023-12-03
P0487,Betty,Ward,Doctor 1,2023-12-03
P0073,Justin,Richardson,Doctor 1,2023-12-04
P0163,Steven,Robinson,Doctor 1,2023-12-04
P0213,Scott,Ramirez,Doctor 2,2023-12-04
P0227,Larry,Miller,Doctor 4,2023-12-04
P0350,Mary,Brown,Doctor 4,2023-12-04
P0376,George,Mendoza,Doctor 4,2023-12-04
P0381,Susan,Lopez,Doctor 3,2023-12-04
P0069,Betty,Clark,Doctor 4,2023-12-05
P0364,Donna,Evans,Doctor 4,2023-12-05
P0390,Sarah,Gomez,Doctor 3,2023-12-05
P0449,Laura,Carter,Doctor 2,2023-12-05
P0462,Lisa,Anderson,Doctor 4,2023-12-05
P0002,Sandra,Wood,Doctor 2,2023-12-06
P0168,Kimberly,Gray,Doctor 3,2023-12-06
P0174,Jonathan,Gray,Doctor 3,2023-12-06
P0285,Brenda,Taylor,Doctor 4,2023-12-06
P0413,Jessica,Rogers,Doctor 2,2023-12-06
P0458,Ronald,Anderson,Doctor 3,2023-12-06
P0078,Karen,Brooks,Doctor 2,2023-12-07
P0117,Raymond,Reed,Doctor 4,2023-12-07
P0211,Jerry,Ortiz,Doctor 2,2023-12-07
P0245,Timothy,Sanders,Doctor 3,2023-12-07
P0297,Deborah,Moore,Doctor 2,2023-12-07
P0429,Ruth,Patel,Doctor 3,2023-12-07
P0065,Kimberly,Bailey,Doctor 4,2023-12-08
P0123,Barbara,Robinson,Doctor 3,2023-12-08
P0242,Joshua,Wilson,Doctor 4,2023-12-08
P0315,John,Price,Doctor 4,2023-12-08
P0386,Sarah,Williams,Doctor 3,2023-12-08
P0423,Deborah,Cook,Doctor 1,2023-12-08
P0117,Raymond,Reed,Doctor 4,2023-12-09
P0147,Sandra,Johnson,Doctor 2,2023-12-09
P0179,Larry,Brooks,Doctor 4,2023-12-09
P0235,Jacob,Evans,Doctor 5,2023-12-09
P0345,Matthew,Murphy,Doctor 1,2023-12-09
P0402,Michael,White,Doctor 1,2023-12-09
P0057,Elizabeth,Gray,Doctor 3,2023-12-10
P0205,Richard,Patel,Doctor 1,2023-12-10
P0297,Deborah,Moore,Doctor 2,2023-12-10
P0302,Dennis,Young,Doctor 1,2023-12-10
P0361,Carol,Morgan,Doctor 3,2023-12-10
P0394,William,Miller,Doctor 4,2023-12-10
P0500,Donald,Evans,Doctor 5,2023-12-10
P0049,Richard,Watson,Doctor 4,2023-12-11
P0050,Donna,Young,Doctor 1,2023-12-11
P0079,Sharon,Richardson,Doctor 5,2023-12-11
P0147,Sandra,Johnson,Doctor 2,2023-12-11
P0038,John,Campbell,Doctor 5,2023-12-12
P0041,Angela,Flores,Doctor 1,2023-12-12
P0133,Donna,Kelly,Doctor 1,2023-12-12
P0149,Barbara,Bennett,Doctor 3,2023-12-12
P0444,Dennis,Ruiz,Doctor 4,2023-12-12
P0020,Nicholas,Edwards,Doctor 5,2023-12-13
P0042,Scott,Jackson,Doctor 2,2023-12-13
P0073,Justin,Richardson,Doctor 1,2023-12-13
P0109,Kenneth,Gomez,Doctor 3,2023-12-13
P0245,Timothy,Sanders,Doctor 3,2023-12-13
P0394,William,Miller,Doctor 4,2023-12-13
P0417,Donald,Hughes,Doctor 3,2023-12-13
P0434,Stephen,Gonzalez,Doctor 5,2023-12-13
P0075,Sarah,Ortiz,Doctor 2,2023-12-14
P0257,Angela,Scott,Doctor 1,2023-12-14
P0276,Raymond,Walker,Doctor 3,2023-12-14
P0294,Emma,Richardson,Doctor 1,2023-12-14
P0337,Justin,Bennett,Doctor 5,2023-12-14
P0457,Amy,Thompson,Doctor 2,2023-12-14
P0477,Emma,Lee,Doctor 4,2023-12-14
P0480,Kimberly,Davis,Doctor 3,2023-12-14
P0494,Anthony,Ramos,Doctor 4,2023-12-14
P0362,Carol,Flores,Doctor 2,2023-12-15
P0056,Ryan,Alvarez,Doctor 4,2023-12-16
P0232,Edward,Scott,Doctor 4,2023-12-16
P0253,Sarah,Stewart,Doctor 4,2023-12-16
P0047,Anthony,Turner,Doctor 1,2023-12-17
P0127,Rebecca,Edwards,Doctor 3,2023-12-17
P0167,Michelle,Rodriguez,Doctor 4,2023-12-17
P0345,Matthew,Murphy,Doctor 1,2023-12-17
P0437,Laura,Wood,Doctor 3,2023-12-17
P0481,Dennis,Ramirez,Doctor 2,2023-12-17
P0034,Sandra,Evans,Doctor 3,2023-12-18
P0061,Justin,Sanders,Doctor 3,2023-12-18
P0108,Brian,Smith,Doctor 3,2023-12-18
P0214,Anna,Diaz,Doctor 2,2023-12-18
P0246,Sandra,Turner,Doctor 2,2023-12-18
P0271,Sandra,Morgan,Doctor 2,2023-12-18
P0316,Nicholas,Alvarez,Doctor 4,2023-12-18
P0318,Deborah,Nelson,Doctor 3,2023-12-18
P0340,Patricia,Sanders,Doctor 1,2023-12-18
P0414,Ronald,Roberts,Doctor 3,2023-12-18
P0419,Richard,Ramirez,Doctor 5,2023-12-18
P0450,Ronald,Phillips,Doctor 1,2023-12-18
P0098,Jessica,Taylor,Doctor 3,2023-12-19
P0128,Jerry,Perez,Doctor 1,2023-12-19
P0158,Angela,Castillo,Doctor 2,2023-12-19
P0209,James,Martin,Doctor 2,2023-12-19
P0222,Donna,Alvarez,Doctor 1,2023-12-19
P0312,Laura,Miller,Doctor 5,2023-12-19
P0331,Mark,Kim,Doctor 4,2023-12-19
P0008,John,Sanchez,Doctor 3,2023-12-20
P0010,Benjamin,Lee,Doctor 3,2023-12-20
P0084,Aaron,Kelly,Doctor 1,2023-12-20
P0119,Jessica,Morris,Doctor 5,2023-12-20
P0249,Justin,Nguyen,Doctor 1,2023-12-20
P0270,Patrick,Bennett,Doctor 4,2023-12-20
P0313,Mark,Rogers,Doctor 4,2023-12-20
P0335,Shirley,Parker,Doctor 5,2023-12-20
P0403,Mary,Hughes,Doctor 2,2023-12-20
P0449,Laura,Carter,Doctor 2,2023-12-20
P0471,Jerry,Harris,Doctor 1,2023-12-20
P0481,Dennis,Ramirez,Doctor 2,2023-12-20
P0068,Brandon,Cruz,Doctor 4,2023-12-21
P0082,Donald,Phillips,Doctor 1,2023-12-21
P0086,Jason,Lopez,Doctor 5,2023-12-21
P0110,Ruth,Baker,Doctor 4,2023-12-21
P0124,Alexander,White,Doctor 4,2023-12-21
P0214,Anna,Diaz,Doctor 2,2023-12-21
P0225,Matthew,Diaz,Doctor 2,2023-12-21
P0337,Justin,Bennett,Doctor 5,2023-12-21
P0449,Laura,Carter,Doctor 2,2023-12-21
P0484,Ryan,Wood,Doctor 5,2023-12-21
P0050,Donna,Young,Doctor 1,2023-12-22
P0185,Patrick,Bailey,Doctor 1,2023-12-22
P0233,Lisa,Jackson,Doctor 4,2023-12-22
P0246,Sandra,Turner,Doctor 2,2023-12-22
P0383,Sandra,Scott,Doctor 2,2023-12-22
P0482,Angela,Mendoza,Doctor 2,2023-12-22
P0107,Joseph,Gutierrez,Doctor 3,2023-12-23
P0192,Joseph,Stewart,Doctor 4,2023-12-23
P0037,Carol,Sanchez,Doctor 2,2023-12-24
P0212,Anna,Murphy,Doctor 4,2023-12-24
P0224,Jessica,Wright,Doctor 4,2023-12-24
P0113,Kimberly,Harris,Doctor 2,2023-12-25
P0136,Christopher,Mendoza,Doctor 1,2023-12-25
P0192,Joseph,Stewart,Doctor 4,2023-12-25
P0203,Jack,Diaz,Doctor 1,2023-12-25
P0234,Jose,Thompson,Doctor 5,2023-12-25
P0236,Joseph,Reyes,Doctor 5,2023-12-25
P0258,Ruth,Myers,Doctor 1,2023-12-25
P0274,Michael,Miller,Doctor 2,2023-12-25
P0305,Stephen,Evans,Doctor 1,2023-12-25
P0370,Mary,Allen,Doctor 4,2023-12-25
P0425,Betty,Jones,Doctor 5,2023-12-25
P0486,Anna,Reyes,Doctor 5,2023-12-25
P0013,Michael,Cook,Doctor 1,2023-12-26
P0108,Brian,Smith,Doctor 3,2023-12-26
P0116,Sandra,Lopez,Doctor 4,2023-12-26
P0199,Shirley,Morales,Doctor 5,2023-12-26
P0240,William,Ramirez,Doctor 3,2023-12-26
P0254,Barbara,Taylor,Doctor 2,2023-12-26
P0321,Mary,Gomez,Doctor 4,2023-12-26
P0351,Ruth,Roberts,Doctor 4,2023-12-26
P0393,Laura,Bailey,Doctor 2,2023-12-26
P0396,Jennifer,Johnson,Doctor 3,2023-12-26
P0471,Jerry,Harris,Doctor 1,2023-12-26
P0064,Ruth,Flores,Doctor 1,2023-12-27
P0151,Sandra,Martin,Doctor 5,2023-12-27
P0160,Jack,Baker,Doctor 3,2023-12-27
P0280,Deborah,Richardson,Doctor 5,2023-12-27
P0297,Deborah,Moore,Doctor 2,2023-12-27
P0323,James,Ruiz,Doctor 2,2023-12-27
P0029,Kenneth,Martinez,Doctor 5,2023-12-28
P0226,Gary,Jones,Doctor 5,2023-12-28
P0274,Michael,Miller,Doctor 2,2023-12-28
P0283,Kevin,Clark,Doctor 1,2023-12-28
P0316,Nicholas,Alvarez,Doctor 4,2023-12-28
P0373,Shirley,Nelson,Doctor 1,2023-12-28
P0391,James,Nelson,Doctor 3,2023-12-28
P0395,Patrick,Wood,Doctor 4,2023-12-28
P0015,Laura,Evans,Doctor 2,2023-12-29
P0025,Donna,Gomez,Doctor 2,2023-12-29
P0120,Michael,Stewart,Doctor 2,2023-12-29
P0386,Sarah,Williams,Doctor 3,2023-12-29
P0420,Joseph,Williams,Doctor 3,2023-12-29
P0464,Thomas,Robinson,Doctor 3,2023-12-29
P0025,Donna,Gomez,Doctor 2,2023-12-30
P0199,Shirley,Morales,Doctor 5,2023-12-30
P0279,Charles,Miller,Doctor 1,2023-12-30
P0320,Sandra,Jackson,Doctor 4,2023-12-30
P0436,Alexander,Rivera,Doctor 2,2023-12-30
P0465,Carol,Evans,Doctor 5,2023-12-30
P0483,Karen,Gonzalez,Doctor 1,2023-12-30
P0495,Patrick,Miller,Doctor 5,2023-12-30