patient_id,patient_first_name,patient_last_name,doctor_id,appointment_date
P0046,Sandra,Wright,Doctor 19,2022-12-31
P1525,Sharon,King,Doctor 17,2022-12-31
P1612,Frank,Baker,Doctor 3,2022-12-31
P1639,Linda,Turner,Doctor 15,2022-12-31
P2208,Timothy,Perez,Doctor 3,2022-12-31
P0159,Karen,Myers,Doctor 1,2023-01-01
P0230,Kimberly,Harris,Doctor 3,2023-01-01
P0334,Steven,James,Doctor 6,2023-01-01
P0338,Sarah,Green,Doctor 20,2023-01-01
P0346,Justin,Bennett,Doctor 11,2023-01-01
P0414,Thomas,Davis,Doctor 18,2023-01-01
P0601,Rebecca,Parker,Doctor 20,2023-01-01
P0668,Karen,Murphy,Doctor 12,2023-01-01
P0671,Jason,Diaz,Doctor 7,2023-01-01
P0714,Frank,Kim,Doctor 7,2023-01-01
P0923,Joseph,Brown,Doctor 11,2023-01-01
P1036,Jose,Flores,Doctor 6,2023-01-01
P1078,Sharon,Lewis,Doctor 8,2023-01-01
P1126,Brandon,Myers,Doctor 7,2023-01-01
P1133,Ronald,Hughes,Doctor 12,2023-01-01
P1214,John,Castillo,Doctor 4,2023-01-01
P1235,Charles,Wright,Doctor 2,2023-01-01
P1408,Betty,Peterson,Doctor 2,2023-01-01
P1458,Elizabeth,Flores,Doctor 19,2023-01-01
P1494,Matthew,Patel,Doctor 6,2023-01-01
P1801,Larry,King,Doctor 20,2023-01-01
P1867,Charles,Gray,Doctor 2,2023-01-01
P2049,Mark,Davis,Doctor 4,2023-01-01
P2065,Brenda,Cruz,Doctor 1,2023-01-01
P2150,Daniel,Parker,Doctor 9,2023-01-01
P2187,Christopher,Ramos,Doctor 20,2023-01-01
P0076,Emma,Kelly,Doctor 12,2023-01-02
P0092,Jose,Harris,Doctor 7,2023-01-02
P0117,Donald,Miller,Doctor 1,2023-01-02
P0298,Helen,Bailey,Doctor 4,2023-01-02
P0301,Kimberly,Green,Doctor 19,2023-01-02
P0453,Joshua,Bailey,Doctor 10,2023-01-02
P0459,Sarah,Perez,Doctor 9,2023-01-02
P0733,Jerry,Sanders,Doctor 5,2023-01-02
P0843,Donald,Peterson,Doctor 15,2023-01-02
P0853,Angela,Mitchell,Doctor 2,2023-01-02
P0971,Jessica,Lee,Doctor 13,2023-01-02
P0980,Shirley,Adams,Doctor 12,2023-01-02
P1013,Thomas,Baker,Doctor 15,2023-01-02
P1058,Nancy,Morris,Doctor 18,2023-01-02
P1345,Jonathan,Morales,Doctor 4,2023-01-02
P1421,Betty,Howard,Doctor 2,2023-01-02
P1429,Richard,Patel,Doctor 19,2023-01-02
P1435,Scott,Walker,Doctor 20,2023-01-02
P1592,Michelle,Clark,Doctor 2,2023-01-02
P2069,Jonathan,Collins,Doctor 11,2023-01-02
P2214,Deborah,Mitchell,Doctor 2,2023-01-02
P0104,Barbara,Adams,Doctor 1,2023-01-03
P0197,Shirley,Bennett,Doctor 18,2023-01-03
P0257,Jacob,Myers,Doctor 7,2023-01-03
P0359,Raymond,Cook,Doctor 20,2023-01-03
P0398,Betty,Bailey,Doctor 15,2023-01-03
P0499,Amy,Adams,Doctor 10,2023-01-03
P0572,Laura,Moore,Doctor 14,2023-01-03
P0722,Virginia,Martin,Doctor 20,2023-01-03
P0782,Gary,Smith,Doctor 17,2023-01-03
P0791,Donald,Ward,Doctor 15,2023-01-03
P0796,Patricia,Mendoza,Doctor 10,2023-01-03
P0819,Richard,Mitchell,Doctor 1,2023-01-03
P0896,Jose,Martinez,Doctor 18,2023-01-03
P0914,Kenneth,Gomez,Doctor 6,2023-01-03
P0943,Jason,Jackson,Doctor 15,2023-01-03
P1082,Charles,Johnson,Doctor 1,2023-01-03
P1244,Donna,Thompson,Doctor 3,2023-01-03
P1309,Mary,Thompson,Doctor 10,2023-01-03
P1324,Gregory,Morgan,Doctor 7,2023-01-03
P1337,Michelle,Gutierrez,Doctor 15,2023-01-03
P1396,Susan,Phillips,Doctor 20,2023-01-03
P1506,Joshua,Anderson,Doctor 1,2023-01-03
P1510,Dennis,Young,Doctor 18,2023-01-03
P1550,Alexander,Thompson,Doctor 16,2023-01-03
P1605,James,Clark,Doctor 20,2023-01-03
P1662,Mary,Richardson,Doctor 19,2023-01-03
P1668,Stephen,Green,Doctor 17,2023-01-03
P1694,Dorothy,Cox,Doctor 14,2023-01-03
P1745,Scott,Torres,Doctor 15,2023-01-03
P1764,Scott,Sanchez,Doctor 15,2023-01-03
P1765,Amy,Roberts,Doctor 5,2023-01-03
P1786,Anna,Richardson,Doctor 14,2023-01-03
P1915,Jessica,Williams,Doctor 7,2023-01-03
P1930,Dennis,Moore,Doctor 11,2023-01-03
P1932,Deborah,Scott,Doctor 8,2023-01-03
P1992,Laura,Allen,Doctor 5,2023-01-03
P2015,Brian,Jones,Doctor 11,2023-01-03
P2016,Sarah,Myers,Doctor 1,2023-01-03
P2025,Jeffrey,Flores,Doctor 7,2023-01-03
P2157,Laura,Gomez,Doctor 19,2023-01-03
P2221,Samuel,Watson,Doctor 14,2023-01-03
P2225,Patrick,Cooper,Doctor 16,2023-01-03
P2255,George,Allen,Doctor 2,2023-01-03
P2281,Samuel,Hall,Doctor 1,2023-01-03
P0063,Michelle,Sanders,Doctor 20,2023-01-04
P0105,Kimberly,Bailey,Doctor 16,2023-01-04
P0201,Kevin,Roberts,Doctor 15,2023-01-04
P0267,Donna,Bennett,Doctor 16,2023-01-04
P0272,Scott,Ward,Doctor 12,2023-01-04
P0294,Joseph,Bailey,Doctor 11,2023-01-04
P0412,Patrick,Green,Doctor 10,2023-01-04
P0458,Dennis,Adams,Doctor 13,2023-01-04
P0620,Christopher,Kim,Doctor 13,2023-01-04
P0622,Ryan,Cox,Doctor 12,2023-01-04
P0643,Michelle,Myers,Doctor 18,2023-01-04
P0751,Ronald,Mitchell,Doctor 12,2023-01-04
P0787,Melissa,Howard,Doctor 11,2023-01-04
P0890,Sarah,Evans,Doctor 12,2023-01-04
P0961,Stephen,Torres,Doctor 9,2023-01-04
P0980,Shirley,Adams,Doctor 12,2023-01-04
P0999,Michelle,Anderson,Doctor 13,2023-01-04
P1024,Michelle,Lewis,Doctor 20,2023-01-04
P1049,Lisa,Collins,Doctor 7,2023-01-04
P1192,Deborah,Martinez,Doctor 15,2023-01-04
P1216,Scott,Parker,Doctor 16,2023-01-04
P1419,Daniel,Martinez,Doctor 7,2023-01-04
P1632,Sarah,Taylor,Doctor 4,2023-01-04
P1661,Helen,Adams,Doctor 2,2023-01-04
P1768,Patricia,Lopez,Doctor 7,2023-01-04
P1773,Karen,Price,Doctor 18,2023-01-04
P1780,Lisa,Ortiz,Doctor 4,2023-01-04
P2045,Nicholas,Roberts,Doctor 3,2023-01-04
P2102,William,Kelly,Doctor 4,2023-01-04
P2119,Brandon,Walker,Doctor 8,2023-01-04
P2175,Sarah,Wood,Doctor 20,2023-01-04
P2223,Jack,Bennett,Doctor 9,2023-01-04
P0152,Michelle,Jackson,Doctor 13,2023-01-05
P0194,Robert,Nelson,Doctor 3,2023-01-05
P0237,Anna,Smith,Doctor 10,2023-01-05
P0263,Susan,Thompson,Doctor 17,2023-01-05
P0265,Mark,Evans,Doctor 4,2023-01-05
P0303,Joshua,Hill,Doctor 9,2023-01-05
P0464,Jennifer,Rivera,Doctor 3,2023-01-05
P0524,Sarah,Young,Doctor 20,2023-01-05
P0540,Karen,Bailey,Doctor 20,2023-01-05
P0599,Shirley,Smith,Doctor 8,2023-01-05
P0617,Donna,Jones,Doctor 13,2023-01-05
P0652,Timothy,Rogers,Doctor 14,2023-01-05
P0691,Laura,Bailey,Doctor 8,2023-01-05
P0770,George,James,Doctor 13,2023-01-05
P0846,Dorothy,Lewis,Doctor 9,2023-01-05
P0848,Scott,Reed,Doctor 4,2023-01-05
P0906,Edward,Rogers,Doctor 2,2023-01-05
P0958,Gary,Carter,Doctor 18,2023-01-05
P1084,Carol,Brooks,Doctor 9,2023-01-05
P1119,Michelle,Ramos,Doctor 15,2023-01-05
P1131,Christopher,Sanchez,Doctor 9,2023-01-05
P1192,Deborah,Martinez,Doctor 14,2023-01-05
P1225,Dennis,Rodriguez,Doctor 3,2023-01-05
P1535,Thomas,Gutierrez,Doctor 4,2023-01-05
P1557,Joshua,Martinez,Doctor 20,2023-01-05
P1560,Michael,Richardson,Doctor 14,2023-01-05
P1609,Virginia,Cox,Doctor 16,2023-01-05
P1611,Donna,Evans,Doctor 20,2023-01-05
P1638,Joseph,Price,Doctor 5,2023-01-05
P1645,Thomas,Jackson,Doctor 12,2023-01-05
P1686,Helen,Hernandez,Doctor 13,2023-01-05
P1697,David,Kelly,Doctor 3,2023-01-05
P1702,Daniel,Stewart,Doctor 7,2023-01-05
P1733,Brandon,Green,Doctor 2,2023-01-05
P1832,Dorothy,Peterson,Doctor 9,2023-01-05
P1844,Alexander,Chavez,Doctor 5,2023-01-05
P1858,Nancy,Wright,Doctor 12,2023-01-05
P2140,Anna,Patel,Doctor 6,2023-01-05
P0040,Larry,Martinez,Doctor 18,2023-01-06
P0064,Joshua,Thomas,Doctor 8,2023-01-06
P0076,Emma,Kelly,Doctor 7,2023-01-06
P0117,Donald,Miller,Doctor 1,2023-01-06
P0226,Jeffrey,Price,Doctor 18,2023-01-06
P0241,Kenneth,Gray,Doctor 1,2023-01-06
P0406,Jacob,Hill,Doctor 2,2023-01-06
P0494,Thomas,Miller,Doctor 2,2023-01-06
P0526,Donald,Hall,Doctor 4,2023-01-06
P0583,Kimberly,Hernandez,Doctor 19,2023-01-06
P0608,Jacob,Moore,Doctor 4,2023-01-06
P0683,Tyler,Carter,Doctor 14,2023-01-06
P0897,Jeffrey,Murphy,Doctor 2,2023-01-06
P0924,Jerry,Johnson,Doctor 19,2023-01-06
P0938,Kathleen,Turner,Doctor 8,2023-01-06
P0946,Ruth,Rivera,Doctor 5,2023-01-06
P1177,Patrick,Ruiz,Doctor 5,2023-01-06
P1274,Helen,Gutierrez,Doctor 5,2023-01-06
P1298,Joshua,Johnson,Doctor 16,2023-01-06
P1348,Tyler,Torres,Doctor 9,2023-01-06
P1493,Patrick,Jackson,Doctor 5,2023-01-06
P1601,Thomas,Evans,Doctor 11,2023-01-06
P1618,Daniel,King,Doctor 9,2023-01-06
P1619,Eric,Alvarez,Doctor 17,2023-01-06
P1669,Karen,Hernandez,Doctor 5,2023-01-06
P1696,Jack,Wilson,Doctor 16,2023-01-06
P1697,David,Kelly,Doctor 3,2023-01-06
P1745,Scott,Torres,Doctor 15,2023-01-06
P1803,Ronald,Chavez,Doctor 7,2023-01-06
P2018,Patrick,Howard,Doctor 5,2023-01-06
P2029,Sandra,Harris,Doctor 10,2023-01-06
P2130,Kevin,Peterson,Doctor 11,2023-01-06
P2138,Melissa,Ortiz,Doctor 9,2023-01-06
P2142,Larry,Lopez,Doctor 12,2023-01-06
P2275,Thomas,Young,Doctor 9,2023-01-06
P2276,Jeffrey,Martinez,Doctor 8,2023-01-06
P2304,Robert,Williams,Doctor 16,2023-01-06
P0164,Ronald,Young,Doctor 12,2023-01-07
P0220,Raymond,Reed,Doctor 16,2023-01-07
P0355,Nancy,Turner,Doctor 14,2023-01-07
P0431,Charles,Thomas,Doctor 1,2023-01-07
P0550,Stephen,Wilson,Doctor 10,2023-01-07
P0977,Justin,Ortiz,Doctor 3,2023-01-07
P1011,George,Lee,Doctor 6,2023-01-07
P1021,Jack,Bailey,Doctor 15,2023-01-07
P1073,Laura,Williams,Doctor 19,2023-01-07
P1139,Linda,Price,Doctor 15,2023-01-07
P1190,Jason,Taylor,Doctor 20,2023-01-07
P1377,Brian,Rivera,Doctor 10,2023-01-07
P1404,James,Allen,Doctor 20,2023-01-07
P1547,Raymond,Allen,Doctor 18,2023-01-07
P1655,Emma,Hall,Doctor 3,2023-01-07
P1673,Deborah,Collins,Doctor 13,2023-01-07
P1710,Ruth,Taylor,Doctor 20,2023-01-07
P1719,David,Ward,Doctor 10,2023-01-07
P1750,Cynthia,Robinson,Doctor 12,2023-01-07
P1825,Dennis,Davis,Doctor 3,2023-01-07
P1835,Helen,Turner,Doctor 11,2023-01-07
P1887,Carol,Bailey,Doctor 7,2023-01-07
P1948,Nicholas,Cruz,Doctor 7,2023-01-07
P1969,Brian,Ramos,Doctor 1,2023-01-07
P2000,Aaron,Myers,Doctor 10,2023-01-07
P2236,Joseph,Wright,Doctor 19,2023-01-07
P0053,Laura,Turner,Doctor 19,2023-01-08
P0298,Helen,Bailey,Doctor 4,2023-01-08
P0335,Elizabeth,Rivera,Doctor 6,2023-01-08
P0644,Sandra,Evans,Doctor 9,2023-01-08
P0656,Jessica,Davis,Doctor 8,2023-01-08
P1056,William,Walker,Doctor 6,2023-01-08
P1117,Deborah,Howard,Doctor 20,2023-01-08
P1305,Patrick,Thomas,Doctor 5,2023-01-08
P1347,Helen,Sanchez,Doctor 10,2023-01-08
P1396,Susan,Phillips,Doctor 20,2023-01-08
P1468,Sandra,Adams,Doctor 10,2023-01-08
P1739,Richard,Campbell,Doctor 14,2023-01-08
P1928,Samuel,White,Doctor 8,2023-01-08
P2015,Brian,Jones,Doctor 4,2023-01-08
P2028,William,Perez,Doctor 2,2023-01-08
P2081,Nancy,Cooper,Doctor 7,2023-01-08
P2179,Richard,Rogers,Doctor 4,2023-01-08
P2217,Sarah,Mitchell,Doctor 19,2023-01-08
P0203,Lisa,Alvarez,Doctor 20,2023-01-09
P0218,Robert,Davis,Doctor 9,2023-01-09
P0244,Elizabeth,Chavez,Doctor 1,2023-01-09
P0266,Joshua,Nelson,Doctor 8,2023-01-09
P0332,Sharon,Taylor,Doctor 12,2023-01-09
P0378,Dorothy,Smith,Doctor 2,2023-01-09
P0569,Christopher,Cruz,Doctor 8,2023-01-09
P0734,Cynthia,Adams,Doctor 13,2023-01-09
P0735,Deborah,Reed,Doctor 7,2023-01-09
P0756,Helen,King,Doctor 4,2023-01-09
P0892,Karen,Baker,Doctor 12,2023-01-09
P0951,John,Ramirez,Doctor 19,2023-01-09
P0985,James,Anderson,Doctor 17,2023-01-09
P1010,Jessica,Parker,Doctor 7,2023-01-09
P1022,Donna,Hall,Doctor 20,2023-01-09
P1289,Carol,Morris,Doctor 16,2023-01-09
P1369,Ruth,Ramos,Doctor 16,2023-01-09
P1577,Samuel,Walker,Doctor 3,2023-01-09
P1608,Gregory,Taylor,Doctor 6,2023-01-09
P1621,Sarah,Kim,Doctor 11,2023-01-09
P1624,Daniel,Wilson,Doctor 8,2023-01-09
P1624,Daniel,Wilson,Doctor 8,2023-01-09
P1641,Samuel,Ortiz,Doctor 6,2023-01-09
P1693,Karen,Thompson,Doctor 20,2023-01-09
P1789,Sarah,Walker,Doctor 1,2023-01-09
P1908,Jose,Torres,Doctor 8,2023-01-09
P2042,Richard,Lewis,Doctor 8,2023-01-09
P2191,Edward,Brown,Doctor 10,2023-01-09
P2305,Ruth,Perez,Doctor 13,2023-01-09
P0005,Michelle,Morales,Doctor 8,2023-01-10
P0008,Patricia,Gray,Doctor 15,2023-01-10
P0027,Helen,Brown,Doctor 3,2023-01-10
P0046,Sandra,Wright,Doctor 19,2023-01-10
P0113,Ruth,Wright,Doctor 1,2023-01-10
P0119,Laura,Sanchez,Doctor 1,2023-01-10
P0185,Robert,Gonzalez,Doctor 12,2023-01-10
P0269,Michael,Walker,Doctor 6,2023-01-10
P0413,Mark,Stewart,Doctor 3,2023-01-10
P0428,Angela,Hill,Doctor 17,2023-01-10
P0511,Rebecca,Thomas,Doctor 13,2023-01-10
P0533,Ryan,Phillips,Doctor 8,2023-01-10
P0615,Christopher,Roberts,Doctor 16,2023-01-10
P0621,Donald,Rogers,Doctor 10,2023-01-10
P0670,Lisa,Thompson,Doctor 8,2023-01-10
P0727,Brandon,Gutierrez,Doctor 5,2023-01-10
P0850,Brenda,Ortiz,Doctor 9,2023-01-10
P0889,Kimberly,Nelson,Doctor 5,2023-01-10
P0938,Kathleen,Turner,Doctor 2,2023-01-10
P0940,John,Peterson,Doctor 6,2023-01-10
P1064,Samuel,Hughes,Doctor 9,2023-01-10
P1124,Ruth,Reyes,Doctor 10,2023-01-10
P1153,Sandra,Nelson,Doctor 17,2023-01-10
P1254,Raymond,Richardson,Doctor 13,2023-01-10
P1333,Ryan,Mitchell,Doctor 7,2023-01-10
P1395,Jerry,Howard,Doctor 5,2023-01-10
P1431,Jeffrey,Stewart,Doctor 15,2023-01-10
P1489,Jason,Sanchez,Doctor 1,2023-01-10
P1491,Karen,Gomez,Doctor 18,2023-01-10
P1995,Amy,Ramos,Doctor 10,2023-01-10
P2057,Kenneth,Adams,Doctor 10,2023-01-10
P2126,Brenda,Adams,Doctor 5,2023-01-10
P2223,Jack,Bennett,Doctor 2,2023-01-10
P0026,Barbara,Gray,Doctor 4,2023-01-11
P0051,Benjamin,Torres,Doctor 12,2023-01-11
P0082,Michelle,Martinez,Doctor 13,2023-01-11
P0111,John,Wright,Doctor 20,2023-01-11
P0156,Jose,Nelson,Doctor 4,2023-01-11
P0191,Eric,Ruiz,Doctor 13,2023-01-11
P0248,Sandra,Lopez,Doctor 15,2023-01-11
P0364,Gary,Thompson,Doctor 15,2023-01-11
P0406,Jacob,Hill,Doctor 6,2023-01-11
P0498,Larry,Nguyen,Doctor 15,2023-01-11
P0593,Charles,Mendoza,Doctor 1,2023-01-11
P0607,Dennis,Jackson,Doctor 3,2023-01-11
P0613,Barbara,Cooper,Doctor 17,2023-01-11
P0686,Sandra,Reyes,Doctor 11,2023-01-11
P0758,Alexander,Lee,Doctor 10,2023-01-11
P0875,Jason,Flores,Doctor 13,2023-01-11
P0898,Robert,Gomez,Doctor 6,2023-01-11
P1100,James,Gray,Doctor 10,2023-01-11
P1109,Jason,James,Doctor 13,2023-01-11
P1210,Brandon,Anderson,Doctor 2,2023-01-11
P1374,Jerry,Anderson,Doctor 12,2023-01-11
P1404,James,Allen,Doctor 20,2023-01-11
P1407,Sandra,Ruiz,Doctor 9,2023-01-11
P1419,Daniel,Martinez,Doctor 7,2023-01-11
P1464,Ronald,Flores,Doctor 7,2023-01-11
P1479,Jose,Myers,Doctor 8,2023-01-11
P1586,Gary,Hall,Doctor 15,2023-01-11
P1634,Benjamin,Kelly,Doctor 8,2023-01-11
P1687,Anthony,Hall,Doctor 11,2023-01-11
P1691,Linda,Brown,Doctor 1,2023-01-11
P1866,Gregory,Mitchell,Doctor 2,2023-01-11
P1960,Lisa,Gutierrez,Doctor 14,2023-01-11
P2028,William,Perez,Doctor 1,2023-01-11
P2046,Nancy,Moore,Doctor 8,2023-01-11
P2082,Donna,Robinson,Doctor 6,2023-01-11
P2114,Jerry,Jackson,Doctor 20,2023-01-11
P2183,Tyler,Alvarez,Doctor 4,2023-01-11
P2218,Edward,Harris,Doctor 20,2023-01-11
P2281,Samuel,Hall,Doctor 14,2023-01-11
P0033,Nicholas,Wood,Doctor 20,2023-01-12
P0114,Kevin,Martinez,Doctor 16,2023-01-12
P0280,Sharon,Ortiz,Doctor 7,2023-01-12
P0389,Jerry,Parker,Doctor 11,2023-01-12
P0395,Samuel,Kim,Doctor 15,2023-01-12
P0444,Anna,Young,Doctor 11,2023-01-12
P0599,Shirley,Smith,Doctor 8,2023-01-12
P0690,Linda,Gutierrez,Doctor 3,2023-01-12
P0695,Christopher,Baker,Doctor 3,2023-01-12
P0727,Brandon,Gutierrez,Doctor 18,2023-01-12
P0742,Anna,Moore,Doctor 6,2023-01-12
P0829,Dennis,Rivera,Doctor 10,2023-01-12
P0902,Helen,Evans,Doctor 3,2023-01-12
P1087,Andrew,Patel,Doctor 20,2023-01-12
P1091,Justin,Moore,Doctor 9,2023-01-12
P1118,Patrick,Jones,Doctor 9,2023-01-12
P1147,Ruth,Patel,Doctor 2,2023-01-12
P1183,Brian,James,Doctor 6,2023-01-12
P1208,Cynthia,Kelly,Doctor 18,2023-01-12
P1211,Jennifer,Morris,Doctor 9,2023-01-12
P1220,Justin,Torres,Doctor 7,2023-01-12
P1293,Laura,Campbell,Doctor 13,2023-01-12
P1315,Sandra,Patel,Doctor 17,2023-01-12
P1680,Donna,Howard,Doctor 5,2023-01-12
P1802,Michelle,Lopez,Doctor 13,2023-01-12
P1821,Gregory,Cruz,Doctor 11,2023-01-12
P2053,Betty,Gonzalez,Doctor 14,2023-01-12
P2072,Andrew,Alvarez,Doctor 9,2023-01-12
P2082,Donna,Robinson,Doctor 6,2023-01-12
P2139,Andrew,Rogers,Doctor 11,2023-01-12
P2180,Brian,Campbell,Doctor 16,2023-01-12
P2211,Mary,Flores,Doctor 4,2023-01-12
P2225,Patrick,Cooper,Doctor 5,2023-01-12
P0065,Laura,Mitchell,Doctor 2,2023-01-13
P0195,Kimberly,Cooper,Doctor 19,2023-01-13
P0210,Benjamin,Murphy,Doctor 4,2023-01-13
P0232,Helen,Murphy,Doctor 14,2023-01-13
P0311,Eric,Williams,Doctor 9,2023-01-13
P0405,Brandon,Martinez,Doctor 2,2023-01-13
P0431,Charles,Thomas,Doctor 15,2023-01-13
P0434,Jonathan,Harris,Doctor 2,2023-01-13
P0563,Christopher,Alvarez,Doctor 8,2023-01-13
P0575,Brian,Chavez,Doctor 12,2023-01-13
P0681,Laura,Stewart,Doctor 16,2023-01-13
P0799,Sharon,Allen,Doctor 13,2023-01-13
P0804,Jacob,Scott,Doctor 13,2023-01-13
P0839,Nancy,Cook,Doctor 19,2023-01-13
P1135,Kathleen,Perez,Doctor 8,2023-01-13
P1264,Anthony,Lee,Doctor 13,2023-01-13
P1265,Kimberly,Walker,Doctor 11,2023-01-13
P1305,Patrick,Thomas,Doctor 8,2023-01-13
P1432,Karen,Sanders,Doctor 11,2023-01-13
P1651,Emma,Williams,Doctor 18,2023-01-13
P1707,Richard,Ward,Doctor 17,2023-01-13
P1741,Donald,Kim,Doctor 4,2023-01-13
P1903,Brandon,Hughes,Doctor 3,2023-01-13
P2032,Jessica,Alvarez,Doctor 5,2023-01-13
P2073,Virginia,Young,Doctor 12,2023-01-13
P2190,Dorothy,Gonzalez,Doctor 2,2023-01-13
P2206,Alexander,Cruz,Doctor 8,2023-01-13
P2215,Amy,Hernandez,Doctor 14,2023-01-13
P0137,Barbara,Ortiz,Doctor 20,2023-01-14
P0149,Frank,Martinez,Doctor 13,2023-01-14
P0269,Michael,Walker,Doctor 6,2023-01-14
P0348,Nicholas,Cook,Doctor 17,2023-01-14
P0393,Mary,Brown,Doctor 2,2023-01-14
P0627,Edward,Mitchell,Doctor 2,2023-01-14
P0671,Jason,Diaz,Doctor 7,2023-01-14
P0684,Michelle,Gray,Doctor 9,2023-01-14
P0729,Thomas,Smith,Doctor 3,2023-01-14
P0772,Virginia,Ortiz,Doctor 4,2023-01-14
P0774,Benjamin,Bennett,Doctor 6,2023-01-14
P0944,Thomas,Cook,Doctor 19,2023-01-14
P0946,Ruth,Rivera,Doctor 16,2023-01-14
P0984,Laura,Miller,Doctor 3,2023-01-14
P1008,Helen,Campbell,Doctor 2,2023-01-14
P1149,Joshua,Roberts,Doctor 19,2023-01-14
P1206,Anthony,Collins,Doctor 15,2023-01-14
P1251,Carol,Hall,Doctor 12,2023-01-14
P1270,Amy,Moore,Doctor 17,2023-01-14
P1497,Elizabeth,Nelson,Doctor 18,2023-01-14
P1582,Patricia,Kelly,Doctor 20,2023-01-14
P1601,Thomas,Evans,Doctor 14,2023-01-14
P1629,Emma,Cruz,Doctor 9,2023-01-14
P1707,Richard,Ward,Doctor 17,2023-01-14
P1855,Alexander,Martinez,Doctor 20,2023-01-14
P1909,Joseph,Cook,Doctor 1,2023-01-14
P1918,Melissa,Price,Doctor 12,2023-01-14
P1936,Donald,Cruz,Doctor 13,2023-01-14
P1994,Michelle,Rivera,Doctor 9,2023-01-14
P2023,Sandra,Ortiz,Doctor 17,2023-01-14
P2034,Gary,Martinez,Doctor 11,2023-01-14
P2105,John,Ortiz,Doctor 9,2023-01-14
P2195,Ruth,Lewis,Doctor 13,2023-01-14
P2211,Mary,Flores,Doctor 19,2023-01-14
P2229,Nicholas,Garcia,Doctor 2,2023-01-14
P2240,Jacob,Reyes,Doctor 14,2023-01-14
P0062,Deborah,Gomez,Doctor 11,2023-01-15
P0226,Jeffrey,Price,Doctor 18,2023-01-15
P0244,Elizabeth,Chavez,Doctor 17,2023-01-15
P0317,Jennifer,Jones,Doctor 1,2023-01-15
P0391,Kathleen,Garcia,Doctor 19,2023-01-15
P0402,Sandra,Thompson,Doctor 1,2023-01-15
P0490,Shirley,Lewis,Doctor 3,2023-01-15
P0668,Karen,Murphy,Doctor 12,2023-01-15
P0691,Laura,Bailey,Doctor 8,2023-01-15
P0741,Jason,Kim,Doctor 9,2023-01-15
P0904,Kimberly,Murphy,Doctor 10,2023-01-15
P1023,Brenda,Jones,Doctor 18,2023-01-15
P1231,Thomas,Kim,Doctor 18,2023-01-15
P1362,Tyler,Lewis,Doctor 11,2023-01-15
P1390,Jerry,Ortiz,Doctor 16,2023-01-15
P1467,Michelle,Morgan,Doctor 5,2023-01-15
P1502,Helen,Ramos,Doctor 8,2023-01-15
P1568,Brenda,Clark,Doctor 20,2023-01-15
P1575,Melissa,Hill,Doctor 3,2023-01-15
P1582,Patricia,Kelly,Doctor 11,2023-01-15
P1712,Susan,Campbell,Doctor 13,2023-01-15
P1748,Kevin,Myers,Doctor 18,2023-01-15
P1795,Timothy,Wright,Doctor 17,2023-01-15
P1896,Kathleen,Watson,Doctor 16,2023-01-15
P2203,Betty,Kelly,Doctor 9,2023-01-15
P0028,Sarah,Ward,Doctor 2,2023-01-16
P0034,Sandra,Flores,Doctor 10,2023-01-16
P0079,Laura,Ramos,Doctor 19,2023-01-16
P0238,William,Hughes,Doctor 13,2023-01-16
P0300,Laura,Martinez,Doctor 18,2023-01-16
P0305,Laura,Hill,Doctor 13,2023-01-16
P0312,Brenda,Martinez,Doctor 14,2023-01-16
P0334,Steven,James,Doctor 6,2023-01-16
P0367,Jacob,Allen,Doctor 11,2023-01-16
P0443,Stephen,Campbell,Doctor 19,2023-01-16
P0656,Jessica,Davis,Doctor 8,2023-01-16
P0733,Jerry,Sanders,Doctor 5,2023-01-16
P0943,Jason,Jackson,Doctor 2,2023-01-16
P0987,Carol,Garcia,Doctor 1,2023-01-16
P1089,Deborah,Diaz,Doctor 3,2023-01-16
P1251,Carol,Hall,Doctor 5,2023-01-16
P1311,Ruth,Adams,Doctor 10,2023-01-16
P1440,Raymond,White,Doctor 19,2023-01-16
P1504,Laura,Adams,Doctor 19,2023-01-16
P1657,Samuel,Allen,Doctor 5,2023-01-16
P1671,Jason,White,Doctor 15,2023-01-16
P1720,Sharon,Stewart,Doctor 10,2023-01-16
P1720,Sharon,Stewart,Doctor 10,2023-01-16
P1830,Gregory,Williams,Doctor 4,2023-01-16
P1845,Sarah,Harris,Doctor 11,2023-01-16
P1877,Donald,Adams,Doctor 10,2023-01-16
P1936,Donald,Cruz,Doctor 13,2023-01-16
P1950,Angela,James,Doctor 1,2023-01-16
P1968,Virginia,Sanders,Doctor 2,2023-01-16
P2050,Steven,Chavez,Doctor 13,2023-01-16
P2094,Deborah,Roberts,Doctor 15,2023-01-16
P2109,Lisa,Carter,Doctor 12,2023-01-16
P2213,Linda,Sanders,Doctor 6,2023-01-16
P2278,Andrew,Diaz,Doctor 7,2023-01-16
P2298,Mark,Hill,Doctor 4,2023-01-16
P0061,Nancy,Ortiz,Doctor 9,2023-01-17
P0129,Patrick,Parker,Doctor 5,2023-01-17
P0132,Carol,Jones,Doctor 6,2023-01-17
P0142,Melissa,Mendoza,Doctor 2,2023-01-17
P0275,Jerry,Ramos,Doctor 20,2023-01-17
P0297,Benjamin,Evans,Doctor 17,2023-01-17
P0417,Dennis,Morales,Doctor 1,2023-01-17
P0461,Rebecca,Young,Doctor 4,2023-01-17
P0476,Richard,Sanchez,Doctor 18,2023-01-17
P0486,Sandra,King,Doctor 16,2023-01-17
P0584,Helen,Flores,Doctor 3,2023-01-17
P0617,Donna,Jones,Doctor 13,2023-01-17
P0640,Edward,Martinez,Doctor 17,2023-01-17
P0693,Kimberly,Taylor,Doctor 13,2023-01-17
P0842,Nicholas,Rodriguez,Doctor 14,2023-01-17
P0993,Jack,Morris,Doctor 3,2023-01-17
P1075,Melissa,Morgan,Doctor 5,2023-01-17
P1079,Elizabeth,Bennett,Doctor 15,2023-01-17
P1107,Michael,Harris,Doctor 12,2023-01-17
P1136,Shirley,Walker,Doctor 1,2023-01-17
P1179,Linda,Reyes,Doctor 4,2023-01-17
P1257,Helen,Edwards,Doctor 2,2023-01-17
P1407,Sandra,Ruiz,Doctor 9,2023-01-17
P1458,Elizabeth,Flores,Doctor 3,2023-01-17
P1734,Amy,Mitchell,Doctor 6,2023-01-17
P1777,Raymond,Martin,Doctor 5,2023-01-17
P1998,Karen,Gonzalez,Doctor 19,2023-01-17
P2012,Virginia,Campbell,Doctor 2,2023-01-17
P2098,Dorothy,Phillips,Doctor 17,2023-01-17
P2239,Virginia,Cooper,Doctor 15,2023-01-17
P2274,Brian,Garcia,Doctor 2,2023-01-17
P2302,Kevin,Thompson,Doctor 18,2023-01-17
P2302,Kevin,Thompson,Doctor 2,2023-01-17
P0086,Aaron,Gray,Doctor 10,2023-01-18
P0152,Michelle,Jackson,Doctor 13,2023-01-18
P0173,Stephen,White,Doctor 7,2023-01-18
P0192,Jonathan,Morgan,Doctor 8,2023-01-18
P0249,Aaron,Kim,Doctor 16,2023-01-18
P0276,John,Campbell,Doctor 11,2023-01-18
P0360,Donna,Adams,Doctor 5,2023-01-18
P0399,Nancy,Mitchell,Doctor 12,2023-01-18
P0574,Lisa,Baker,Doctor 9,2023-01-18
P0716,Carol,Wright,Doctor 17,2023-01-18
P0865,Sarah,Roberts,Doctor 20,2023-01-18
P0872,Jacob,Green,Doctor 8,2023-01-18
P0941,Kathleen,Cooper,Doctor 17,2023-01-18
P0990,Barbara,Clark,Doctor 20,2023-01-18
P1066,Larry,Gray,Doctor 13,2023-01-18
P1086,Mary,Hall,Doctor 5,2023-01-18
P1097,Samuel,Myers,Doctor 5,2023-01-18
P1123,Sharon,Myers,Doctor 9,2023-01-18
P1146,Betty,Garcia,Doctor 15,2023-01-18
P1175,Nancy,Rivera,Doctor 1,2023-01-18
P1182,Deborah,Young,Doctor 6,2023-01-18
P1205,Jennifer,Allen,Doctor 10,2023-01-18
P1261,Kevin,Carter,Doctor 20,2023-01-18
P1510,Dennis,Young,Doctor 1,2023-01-18
P1595,John,Mitchell,Doctor 16,2023-01-18
P1740,Linda,Martinez,Doctor 2,2023-01-18
P1820,Alexander,Alvarez,Doctor 14,2023-01-18
P2121,Elizabeth,Harris,Doctor 8,2023-01-18
P2262,Ryan,Sanchez,Doctor 13,2023-01-18
P0132,Carol,Jones,Doctor 6,2023-01-19
P0181,Joshua,Williams,Doctor 18,2023-01-19
P0222,Jessica,Walker,Doctor 6,2023-01-19
P0285,Karen,Kelly,Doctor 20,2023-01-19
P0326,Sandra,Brooks,Doctor 8,2023-01-19
P0342,Tyler,Smith,Doctor 5,2023-01-19
P0459,Sarah,Perez,Doctor 9,2023-01-19
P0484,Virginia,Jackson,Doctor 12,2023-01-19
P0607,Dennis,Jackson,Doctor 18,2023-01-19
P0657,Barbara,Diaz,Doctor 10,2023-01-19
P0720,Donna,Kim,Doctor 2,2023-01-19
P0821,Brandon,White,Doctor 20,2023-01-19
P0835,Elizabeth,Myers,Doctor 1,2023-01-19
P0996,Brian,Gutierrez,Doctor 15,2023-01-19
P1090,David,Scott,Doctor 10,2023-01-19
P1094,Sharon,Davis,Doctor 15,2023-01-19
P1141,Sharon,Murphy,Doctor 17,2023-01-19
P1274,Helen,Gutierrez,Doctor 5,2023-01-19
P1318,Dorothy,Evans,Doctor 12,2023-01-19
P1356,Nicholas,Clark,Doctor 8,2023-01-19
P1400,Donna,Patel,Doctor 9,2023-01-19
P1475,Jerry,Peterson,Doctor 6,2023-01-19
P1475,Jerry,Peterson,Doctor 6,2023-01-19
P1710,Ruth,Taylor,Doctor 20,2023-01-19
P1872,George,Campbell,Doctor 14,2023-01-19
P1985,Lisa,Taylor,Doctor 11,2023-01-19
P2044,Aaron,Price,Doctor 7,2023-01-19
P2050,Steven,Chavez,Doctor 18,2023-01-19
P2086,Brian,Perez,Doctor 6,2023-01-19
P2089,Jose,Chavez,Doctor 20,2023-01-19
P2247,William,Morris,Doctor 6,2023-01-19
P0012,Steven,Scott,Doctor 10,2023-01-20
P0154,Shirley,Gomez,Doctor 1,2023-01-20
P0157,Lisa,Martin,Doctor 19,2023-01-20
P0162,Carol,Carter,Doctor 13,2023-01-20
P0181,Joshua,Williams,Doctor 2,2023-01-20
P0187,Timothy,Anderson,Doctor 5,2023-01-20
P0218,Robert,Davis,Doctor 14,2023-01-20
P0321,Jacob,Turner,Doctor 17,2023-01-20
P0371,Ryan,Ramos,Doctor 6,2023-01-20
P0417,Dennis,Morales,Doctor 1,2023-01-20
P0460,Benjamin,Collins,Doctor 11,2023-01-20
P0568,Justin,Sanchez,Doctor 9,2023-01-20
P0663,Carol,Hernandez,Doctor 10,2023-01-20
P0750,Samuel,Jones,Doctor 14,2023-01-20
P0750,Samuel,Jones,Doctor 1,2023-01-20
P0788,Ruth,Lopez,Doctor 10,2023-01-20
P0835,Elizabeth,Myers,Doctor 7,2023-01-20
P0917,Christopher,Jackson,Doctor 5,2023-01-20
P0920,Jack,Clark,Doctor 10,2023-01-20
P0993,Jack,Morris,Doctor 8,2023-01-20
P1027,Jack,Kim,Doctor 17,2023-01-20
P1258,Kathleen,Thomas,Doctor 18,2023-01-20
P1372,Amy,Howard,Doctor 4,2023-01-20
P1391,Deborah,Evans,Doctor 17,2023-01-20
P1608,Gregory,Taylor,Doctor 6,2023-01-20
P1719,David,Ward,Doctor 6,2023-01-20
P2175,Sarah,Wood,Doctor 2,2023-01-20
P2284,Rebecca,Martin,Doctor 11,2023-01-20
P2286,Anthony,Howard,Doctor 8,2023-01-20
P0007,Cynthia,Hall,Doctor 19,2023-01-21
P0013,Sarah,Nguyen,Doctor 20,2023-01-21
P0227,Ryan,Morales,Doctor 18,2023-01-21
P0270,Mary,Scott,Doctor 4,2023-01-21
P0345,David,Reyes,Doctor 20,2023-01-21
P0379,Brenda,Rogers,Doctor 18,2023-01-21
P0402,Sandra,Thompson,Doctor 1,2023-01-21
P0484,Virginia,Jackson,Doctor 1,2023-01-21
P0651,Dorothy,Perez,Doctor 17,2023-01-21
P0672,Jessica,Rivera,Doctor 17,2023-01-21
P0813,Sandra,Jones,Doctor 3,2023-01-21
P0827,Scott,Ramos,Doctor 2,2023-01-21
P0922,Helen,Kim,Doctor 20,2023-01-21
P0928,Kevin,Turner,Doctor 19,2023-01-21
P0935,Dennis,Ortiz,Doctor 16,2023-01-21
P1008,Helen,Campbell,Doctor 2,2023-01-21
P1052,Linda,Carter,Doctor 9,2023-01-21
P1234,Rebecca,Nelson,Doctor 8,2023-01-21
P1246,Jason,Bailey,Doctor 15,2023-01-21
P1277,Thomas,Hill,Doctor 6,2023-01-21
P1360,Thomas,Taylor,Doctor 7,2023-01-21
P1366,Carol,Scott,Doctor 6,2023-01-21
P1444,Linda,Green,Doctor 19,2023-01-21
P1465,Raymond,Thomas,Doctor 11,2023-01-21
P1469,Robert,Roberts,Doctor 4,2023-01-21
P1512,Alexander,Sanders,Doctor 8,2023-01-21
P1651,Emma,Williams,Doctor 18,2023-01-21
P1682,Angela,Lewis,Doctor 10,2023-01-21
P1708,Laura,Flores,Doctor 16,2023-01-21
P1708,Laura,Flores,Doctor 9,2023-01-21
P1730,Patrick,Ramirez,Doctor 17,2023-01-21
P1735,Jonathan,Wood,Doctor 14,2023-01-21
P1741,Donald,Kim,Doctor 4,2023-01-21
P1795,Timothy,Wright,Doctor 17,2023-01-21
P1843,Joshua,Gonzalez,Doctor 10,2023-01-21
P1866,Gregory,Mitchell,Doctor 2,2023-01-21
P1873,Nancy,Nguyen,Doctor 18,2023-01-21
P1886,Samuel,Rogers,Doctor 2,2023-01-21
P1932,Deborah,Scott,Doctor 1,2023-01-21
P1938,Jerry,Lee,Doctor 16,2023-01-21
P1955,Karen,Williams,Doctor 2,2023-01-21
P1955,Karen,Williams,Doctor 2,2023-01-21
P1971,Barbara,Myers,Doctor 6,2023-01-21
P2107,Laura,Ramirez,Doctor 4,2023-01-21
P2117,Dennis,Peterson,Doctor 9,2023-01-21
P2130,Kevin,Peterson,Doctor 7,2023-01-21
P2253,Alexander,Morgan,Doctor 8,2023-01-21
P2275,Thomas,Young,Doctor 6,2023-01-21
P2275,Thomas,Young,Doctor 16,2023-01-21
P0016,Jason,Garcia,Doctor 18,2023-01-22
P0098,Joseph,Rogers,Doctor 14,2023-01-22
P0226,Jeffrey,Price,Doctor 11,2023-01-22
P0315,Joseph,Castillo,Doctor 14,2023-01-22
P0316,William,Castillo,Doctor 1,2023-01-22
P0331,Andrew,Perez,Doctor 1,2023-01-22
P0337,William,Wright,Doctor 7,2023-01-22
P0362,Matthew,Peterson,Doctor 14,2023-01-22
P0379,Brenda,Rogers,Doctor 18,2023-01-22
P0469,Matthew,Hill,Doctor 11,2023-01-22
P0533,Ryan,Phillips,Doctor 8,2023-01-22
P0688,Joseph,Ramos,Doctor 6,2023-01-22
P0810,Jason,Bennett,Doctor 18,2023-01-22
P0857,Robert,Cooper,Doctor 9,2023-01-22
P1026,Alexander,Reyes,Doctor 16,2023-01-22
P1057,Anna,Sanchez,Doctor 7,2023-01-22
P1077,Susan,Mitchell,Doctor 9,2023-01-22
P1116,Steven,Wilson,Doctor 9,2023-01-22
P1164,Kimberly,Adams,Doctor 3,2023-01-22
P1245,Justin,Hughes,Doctor 2,2023-01-22
P1321,George,Green,Doctor 5,2023-01-22
P1325,Robert,Adams,Doctor 10,2023-01-22
P1344,Cynthia,Brown,Doctor 13,2023-01-22
P1346,Michael,Rodriguez,Doctor 19,2023-01-22
P1460,Jeffrey,Chavez,Doctor 3,2023-01-22
P1483,Raymond,Turner,Doctor 17,2023-01-22
P1758,Patricia,Reed,Doctor 8,2023-01-22
P1779,Lisa,Chavez,Doctor 10,2023-01-22
P1932,Deborah,Scott,Doctor 1,2023-01-22
P1972,Michelle,Johnson,Doctor 1,2023-01-22
P2079,Tyler,Wilson,Doctor 4,2023-01-22
P2100,Sandra,Morgan,Doctor 19,2023-01-22
P0112,George,Rivera,Doctor 8,2023-01-23
P0168,Kenneth,Walker,Doctor 2,2023-01-23
P0292,Jennifer,Howard,Doctor 9,2023-01-23
P0350,Jacob,Thomas,Doctor 1,2023-01-23
P0368,Sharon,Wright,Doctor 20,2023-01-23
P0402,Sandra,Thompson,Doctor 1,2023-01-23
P0484,Virginia,Jackson,Doctor 1,2023-01-23
P0694,Aaron,Morales,Doctor 6,2023-01-23
P0736,Brenda,Moore,Doctor 11,2023-01-23
P0765,Ryan,Jackson,Doctor 15,2023-01-23
P0769,Nancy,Collins,Doctor 8,2023-01-23
P0802,Amy,Edwards,Doctor 4,2023-01-23
P0820,Nancy,Roberts,Doctor 5,2023-01-23
P0902,Helen,Evans,Doctor 3,2023-01-23
P0985,James,Anderson,Doctor 4,2023-01-23
P0999,Michelle,Anderson,Doctor 20,2023-01-23
P1052,Linda,Carter,Doctor 9,2023-01-23
P1063,George,Reyes,Doctor 1,2023-01-23
P1095,Ryan,Carter,Doctor 9,2023-01-23
P1199,Angela,Brown,Doctor 12,2023-01-23
P1263,Stephen,Scott,Doctor 9,2023-01-23
P1331,Cynthia,Reyes,Doctor 8,2023-01-23
P1558,Aaron,Rodriguez,Doctor 10,2023-01-23
P1564,Jose,Kelly,Doctor 19,2023-01-23
P1583,William,Baker,Doctor 11,2023-01-23
P1597,Kevin,Price,Doctor 2,2023-01-23
P1604,Cynthia,Gomez,Doctor 20,2023-01-23
P1623,Anna,Scott,Doctor 18,2023-01-23
P1710,Ruth,Taylor,Doctor 18,2023-01-23
P1856,Justin,Diaz,Doctor 4,2023-01-23
P1874,Elizabeth,Martin,Doctor 20,2023-01-23
P1886,Samuel,Rogers,Doctor 2,2023-01-23
P1887,Carol,Bailey,Doctor 7,2023-01-23
P1893,Michelle,Martin,Doctor 5,2023-01-23
P2061,Gary,Turner,Doctor 9,2023-01-23
P2123,Jason,Perez,Doctor 12,2023-01-23
P0008,Patricia,Gray,Doctor 11,2023-01-24
P0216,Sarah,Sanders,Doctor 14,2023-01-24
P0238,William,Hughes,Doctor 13,2023-01-24
P0324,Tyler,Thomas,Doctor 13,2023-01-24
P0464,Jennifer,Rivera,Doctor 9,2023-01-24
P0569,Christopher,Cruz,Doctor 8,2023-01-24
P0645,Brenda,Harris,Doctor 4,2023-01-24
P0655,Angela,Harris,Doctor 5,2023-01-24
P0662,Ruth,Gomez,Doctor 13,2023-01-24
P0670,Lisa,Thompson,Doctor 8,2023-01-24
P0703,Donna,Kelly,Doctor 16,2023-01-24
P0734,Cynthia,Adams,Doctor 13,2023-01-24
P0862,Jerry,Thomas,Doctor 2,2023-01-24
P0942,Donald,Evans,Doctor 3,2023-01-24
P0952,James,Diaz,Doctor 4,2023-01-24
P1105,Steven,Flores,Doctor 20,2023-01-24
P1159,Karen,Watson,Doctor 14,2023-01-24
P1161,Deborah,Turner,Doctor 8,2023-01-24
P1312,Brandon,Ramos,Doctor 6,2023-01-24
P1375,Kathleen,Myers,Doctor 9,2023-01-24
P1377,Brian,Rivera,Doctor 7,2023-01-24
P1400,Donna,Patel,Doctor 14,2023-01-24
P1516,Laura,Taylor,Doctor 13,2023-01-24
P1734,Amy,Mitchell,Doctor 8,2023-01-24
P1862,Karen,Green,Doctor 6,2023-01-24
P1868,Rebecca,Ramos,Doctor 3,2023-01-24
P1950,Angela,James,Doctor 8,2023-01-24
P2084,Jason,Jones,Doctor 1,2023-01-24
P2116,Anthony,Gomez,Doctor 10,2023-01-24
P2125,Jennifer,Bennett,Doctor 11,2023-01-24
P0047,Sharon,Johnson,Doctor 13,2023-01-25
P0059,Aaron,Garcia,Doctor 17,2023-01-25
P0256,Daniel,Jackson,Doctor 12,2023-01-25
P0263,Susan,Thompson,Doctor 17,2023-01-25
P0323,Linda,Phillips,Doctor 2,2023-01-25
P0335,Elizabeth,Rivera,Doctor 2,2023-01-25
P0373,Barbara,Turner,Doctor 12,2023-01-25
P0378,Dorothy,Smith,Doctor 1,2023-01-25
P0419,Kevin,Nelson,Doctor 18,2023-01-25
P0447,Donna,Brooks,Doctor 1,2023-01-25
P0456,Jonathan,Jackson,Doctor 17,2023-01-25
P0519,Amy,Davis,Doctor 18,2023-01-25
P0566,Eric,Phillips,Doctor 14,2023-01-25
P0613,Barbara,Cooper,Doctor 2,2023-01-25
P0677,Eric,Moore,Doctor 18,2023-01-25
P0682,Ruth,Torres,Doctor 7,2023-01-25
P0719,Deborah,Williams,Doctor 12,2023-01-25
P0725,Anna,Roberts,Doctor 16,2023-01-25
P0894,Stephen,Taylor,Doctor 17,2023-01-25
P1058,Nancy,Morris,Doctor 16,2023-01-25
P1159,Karen,Watson,Doctor 15,2023-01-25
P1169,Sandra,Baker,Doctor 20,2023-01-25
P1257,Helen,Edwards,Doctor 17,2023-01-25
P1292,Laura,Young,Doctor 3,2023-01-25
P1300,Kathleen,Cox,Doctor 20,2023-01-25
P1413,Rebecca,Morris,Doctor 14,2023-01-25
P1505,Brian,Phillips,Doctor 7,2023-01-25
P1669,Karen,Hernandez,Doctor 5,2023-01-25
P1676,Daniel,Sanchez,Doctor 20,2023-01-25
P1784,Jonathan,Stewart,Doctor 17,2023-01-25
P1832,Dorothy,Peterson,Doctor 9,2023-01-25
P1945,Shirley,Murphy,Doctor 9,2023-01-25
P1957,Dennis,Kim,Doctor 6,2023-01-25
P2147,Donald,Phillips,Doctor 20,2023-01-25
P2147,Donald,Phillips,Doctor 6,2023-01-25
P2162,Timothy,Price,Doctor 5,2023-01-25
P2241,Patricia,Ramos,Doctor 1,2023-01-25
P2273,Sandra,Walker,Doctor 12,2023-01-25
P2304,Robert,Williams,Doctor 7,2023-01-25
P0180,Jacob,Anderson,Doctor 8,2023-01-26
P0195,Kimberly,Cooper,Doctor 19,2023-01-26
P0208,Kimberly,Hughes,Doctor 10,2023-01-26
P0366,Jerry,Diaz,Doctor 18,2023-01-26
P0384,Daniel,Ruiz,Doctor 20,2023-01-26
P0514,Samuel,Ward,Doctor 14,2023-01-26
P0603,Raymond,Mitchell,Doctor 1,2023-01-26
P0666,Nicholas,Nelson,Doctor 14,2023-01-26
P0668,Karen,Murphy,Doctor 12,2023-01-26
P0854,Deborah,Reyes,Doctor 3,2023-01-26
P0893,Michelle,Green,Doctor 2,2023-01-26
P1048,Nancy,Baker,Doctor 20,2023-01-26
P1398,Alexander,Flores,Doctor 8,2023-01-26
P1409,Donna,Rogers,Doctor 1,2023-01-26
P1430,Joshua,Gray,Doctor 11,2023-01-26
P1484,Karen,Kim,Doctor 7,2023-01-26
P1649,Benjamin,Ward,Doctor 18,2023-01-26
P1874,Elizabeth,Martin,Doctor 20,2023-01-26
P1876,Christopher,Perez,Doctor 16,2023-01-26
P2037,Jason,Johnson,Doctor 16,2023-01-26
P2129,Sandra,Robinson,Doctor 19,2023-01-26
P2290,Helen,Howard,Doctor 17,2023-01-26
P0084,Sandra,Kelly,Doctor 17,2023-01-27
P0109,Andrew,Walker,Doctor 17,2023-01-27
P0255,Ronald,Bailey,Doctor 8,2023-01-27
P0289,Lisa,Parker,Doctor 19,2023-01-27
P0343,James,Ramos,Doctor 18,2023-01-27
P0350,Jacob,Thomas,Doctor 7,2023-01-27
P0391,Kathleen,Garcia,Doctor 19,2023-01-27
P0491,Ruth,Brooks,Doctor 3,2023-01-27
P0522,Jeffrey,Jones,Doctor 19,2023-01-27
P0539,Jennifer,Green,Doctor 2,2023-01-27
P0545,Karen,Lewis,Doctor 6,2023-01-27
P0629,Michelle,Reyes,Doctor 6,2023-01-27
P0845,Alexander,Ramirez,Doctor 5,2023-01-27
P0977,Justin,Ortiz,Doctor 6,2023-01-27
P1053,Nancy,Smith,Doctor 2,2023-01-27
P1293,Laura,Campbell,Doctor 20,2023-01-27
P1400,Donna,Patel,Doctor 4,2023-01-27
P1435,Scott,Walker,Doctor 20,2023-01-27
P1510,Dennis,Young,Doctor 1,2023-01-27
P1568,Brenda,Clark,Doctor 12,2023-01-27
P1584,David,Peterson,Doctor 2,2023-01-27
P1800,Tyler,Hill,Doctor 14,2023-01-27
P1970,Alexander,Allen,Doctor 15,2023-01-27
P1975,Matthew,Lee,Doctor 9,2023-01-27
P2090,Patricia,Kim,Doctor 15,2023-01-27
P2126,Brenda,Adams,Doctor 20,2023-01-27
P2231,Jerry,White,Doctor 10,2023-01-27
P2244,Michael,Bennett,Doctor 19,2023-01-27
P2257,Scott,Bailey,Doctor 10,2023-01-27
P0019,Laura,Martin,Doctor 5,2023-01-28
P0039,Michelle,Sanchez,Doctor 15,2023-01-28
P0097,Deborah,Torres,Doctor 9,2023-01-28
P0110,Jacob,Watson,Doctor 20,2023-01-28
P0350,Jacob,Thomas,Doctor 7,2023-01-28
P0409,Patrick,Diaz,Doctor 5,2023-01-28
P0488,Michelle,Wilson,Doctor 5,2023-01-28
P0604,Sandra,Ward,Doctor 6,2023-01-28
P0825,Thomas,Reed,Doctor 14,2023-01-28
P0828,Sandra,Morales,Doctor 16,2023-01-28
P0836,Michelle,Harris,Doctor 12,2023-01-28
P0872,Jacob,Green,Doctor 8,2023-01-28
P1133,Ronald,Hughes,Doctor 12,2023-01-28
P1139,Linda,Price,Doctor 5,2023-01-28
P1185,Brian,Turner,Doctor 19,2023-01-28
P1269,Amy,Sanchez,Doctor 9,2023-01-28
P1276,Gregory,Ruiz,Doctor 15,2023-01-28
P1441,Justin,Ruiz,Doctor 17,2023-01-28
P1462,Anna,Alvarez,Doctor 10,2023-01-28
P1503,Karen,Mendoza,Doctor 17,2023-01-28
P2040,Kimberly,Robinson,Doctor 2,2023-01-28
P2062,Jason,Morales,Doctor 5,2023-01-28
P2207,Edward,Hughes,Doctor 4,2023-01-28
P2219,Dennis,Alvarez,Doctor 13,2023-01-28
P2225,Patrick,Cooper,Doctor 11,2023-01-28
P0230,Kimberly,Harris,Doctor 20,2023-01-29
P0278,Melissa,Wilson,Doctor 14,2023-01-29
P0338,Sarah,Green,Doctor 9,2023-01-29
P0349,Barbara,Green,Doctor 4,2023-01-29
P0366,Jerry,Diaz,Doctor 3,2023-01-29
P0420,Kimberly,Thompson,Doctor 15,2023-01-29
P0460,Benjamin,Collins,Doctor 13,2023-01-29
P0502,Linda,Myers,Doctor 4,2023-01-29
P0516,Betty,Morgan,Doctor 20,2023-01-29
P0561,Scott,Evans,Doctor 19,2023-01-29
P0606,Kevin,Gomez,Doctor 12,2023-01-29
P0789,Jose,Rodriguez,Doctor 7,2023-01-29
P0817,Brian,Brooks,Doctor 10,2023-01-29
P0855,David,Morales,Doctor 13,2023-01-29
P0951,John,Ramirez,Doctor 19,2023-01-29
P0965,Ronald,Anderson,Doctor 17,2023-01-29
P1003,Sarah,Jackson,Doctor 14,2023-01-29
P1022,Donna,Hall,Doctor 20,2023-01-29
P1044,George,Flores,Doctor 11,2023-01-29
P1053,Nancy,Smith,Doctor 2,2023-01-29
P1088,Donald,Wright,Doctor 17,2023-01-29
P1111,James,Chavez,Doctor 13,2023-01-29
P1428,Thomas,Thompson,Doctor 6,2023-01-29
P1432,Karen,Sanders,Doctor 11,2023-01-29
P1473,Ruth,Jones,Doctor 14,2023-01-29
P1551,Shirley,Roberts,Doctor 20,2023-01-29
P1580,Thomas,Nelson,Doctor 6,2023-01-29
P1651,Emma,Williams,Doctor 18,2023-01-29
P1755,Shirley,Miller,Doctor 9,2023-01-29
P1855,Alexander,Martinez,Doctor 20,2023-01-29
P1860,Donna,Lee,Doctor 5,2023-01-29
P2135,Frank,Sanchez,Doctor 14,2023-01-29
P2242,Jennifer,Evans,Doctor 12,2023-01-29
P2248,Matthew,Ortiz,Doctor 10,2023-01-29
P0114,Kevin,Martinez,Doctor 14,2023-01-30
P0128,Kenneth,Myers,Doctor 17,2023-01-30
P0143,Sandra,Campbell,Doctor 11,2023-01-30
P0144,Andrew,Reed,Doctor 8,2023-01-30
P0176,Alexander,Cook,Doctor 11,2023-01-30
P0296,Deborah,Baker,Doctor 10,2023-01-30
P0411,Brian,Walker,Doctor 10,2023-01-30
P0454,Nancy,Howard,Doctor 7,2023-01-30
P0479,Jose,Brown,Doctor 13,2023-01-30
P0502,Linda,Myers,Doctor 17,2023-01-30
P0528,Jacob,Bennett,Doctor 4,2023-01-30
P0560,Laura,Thomas,Doctor 16,2023-01-30
P0633,Deborah,Cook,Doctor 3,2023-01-30
P0665,Jose,Mitchell,Doctor 19,2023-01-30
P0690,Linda,Gutierrez,Doctor 19,2023-01-30
P0801,Jessica,Robinson,Doctor 18,2023-01-30
P0833,Betty,Ramos,Doctor 7,2023-01-30
P1050,Emma,Gutierrez,Doctor 7,2023-01-30
P1122,Nancy,Harris,Doctor 2,2023-01-30
P1129,Lisa,Torres,Doctor 9,2023-01-30
P1204,Melissa,Sanders,Doctor 9,2023-01-30
P1205,Jennifer,Allen,Doctor 10,2023-01-30
P1445,Thomas,Wood,Doctor 16,2023-01-30
P1449,Patricia,Thompson,Doctor 15,2023-01-30
P1547,Raymond,Allen,Doctor 18,2023-01-30
P1591,Angela,Hughes,Doctor 11,2023-01-30
P1708,Laura,Flores,Doctor 19,2023-01-30
P1729,Cynthia,Reed,Doctor 17,2023-01-30
P1793,Angela,Collins,Doctor 13,2023-01-30
P1794,Jacob,Parker,Doctor 3,2023-01-30
P1903,Brandon,Hughes,Doctor 16,2023-01-30
P1956,Tyler,Reed,Doctor 20,2023-01-30
P2141,Andrew,Gray,Doctor 2,2023-01-30
P2194,Jason,Miller,Doctor 13,2023-01-30
P2214,Deborah,Mitchell,Doctor 8,2023-01-30
P2267,Joshua,Brooks,Doctor 11,2023-01-30
P0022,Ronald,Taylor,Doctor 7,2023-01-31
P0217,Laura,Brown,Doctor 3,2023-01-31
P0240,Dennis,Thomas,Doctor 1,2023-01-31
P0396,Gary,Lopez,Doctor 14,2023-01-31
P0405,Brandon,Martinez,Doctor 13,2023-01-31
P0495,Kenneth,Wright,Doctor 11,2023-01-31
P0554,Michelle,Davis,Doctor 7,2023-01-31
P0575,Brian,Chavez,Doctor 12,2023-01-31
P0587,Gary,Martin,Doctor 12,2023-01-31
P0620,Christopher,Kim,Doctor 15,2023-01-31
P0645,Brenda,Harris,Doctor 4,2023-01-31
P0665,Jose,Mitchell,Doctor 20,2023-01-31
P0826,Ruth,Myers,Doctor 8,2023-01-31
P0892,Karen,Baker,Doctor 13,2023-01-31
P0894,Stephen,Taylor,Doctor 4,2023-01-31
P1053,Nancy,Smith,Doctor 14,2023-01-31
P1054,Jennifer,Reed,Doctor 2,2023-01-31
P1073,Laura,Williams,Doctor 19,2023-01-31
P1085,Kimberly,James,Doctor 14,2023-01-31
P1177,Patrick,Ruiz,Doctor 5,2023-01-31
P1206,Anthony,Collins,Doctor 15,2023-01-31
P1226,Jeffrey,Alvarez,Doctor 18,2023-01-31
P1234,Rebecca,Nelson,Doctor 8,2023-01-31
P1273,Sharon,Edwards,Doctor 15,2023-01-31
P1283,Jennifer,Hernandez,Doctor 1,2023-01-31
P1371,Gary,Morales,Doctor 1,2023-01-31
P1513,Richard,Nguyen,Doctor 19,2023-01-31
P1585,Lisa,Phillips,Doctor 15,2023-01-31
P1649,Benjamin,Ward,Doctor 3,2023-01-31
P1744,David,Lewis,Doctor 20,2023-01-31
P1854,Deborah,Morris,Doctor 7,2023-01-31
P1878,Joseph,Patel,Doctor 1,2023-01-31
P1948,Nicholas,Cruz,Doctor 7,2023-01-31
P2072,Andrew,Alvarez,Doctor 9,2023-01-31
P2129,Sandra,Robinson,Doctor 17,2023-01-31
P2174,Nicholas,Murphy,Doctor 10,2023-01-31
P2212,Anna,Cook,Doctor 2,2023-01-31
P0032,Christopher,Parker,Doctor 11,2023-02-01
P0043,Steven,Harris,Doctor 14,2023-02-01
P0056,Benjamin,Watson,Doctor 15,2023-02-01
P0069,Eric,Reyes,Doctor 1,2023-02-01
P0138,Gregory,Castillo,Doctor 11,2023-02-01
P0162,Carol,Carter,Doctor 5,2023-02-01
P0384,Daniel,Ruiz,Doctor 15,2023-02-01
P0497,Kenneth,Gonzalez,Doctor 4,2023-02-01
P0617,Donna,Jones,Doctor 17,2023-02-01
P0646,Christopher,Jones,Doctor 13,2023-02-01
P0728,Michael,Cruz,Doctor 14,2023-02-01
P0753,Brandon,Campbell,Doctor 20,2023-02-01
P0759,Sharon,Nguyen,Doctor 4,2023-02-01
P0840,Samuel,Edwards,Doctor 8,2023-02-01
P1087,Andrew,Patel,Doctor 20,2023-02-01
P1208,Cynthia,Kelly,Doctor 6,2023-02-01
P1409,Donna,Rogers,Doctor 1,2023-02-01
P1494,Matthew,Patel,Doctor 6,2023-02-01
P1552,Aaron,Adams,Doctor 7,2023-02-01
P1623,Anna,Scott,Doctor 10,2023-02-01
P1697,David,Kelly,Doctor 3,2023-02-01
P1744,David,Lewis,Doctor 12,2023-02-01
P1747,Rebecca,King,Doctor 17,2023-02-01
P1865,Tyler,Jones,Doctor 18,2023-02-01
P1871,Nancy,Patel,Doctor 16,2023-02-01
P1875,Michelle,Brown,Doctor 8,2023-02-01
P1915,Jessica,Williams,Doctor 10,2023-02-01
P1979,Jack,Ramirez,Doctor 4,2023-02-01
P2082,Donna,Robinson,Doctor 6,2023-02-01
P2097,Jonathan,Mitchell,Doctor 7,2023-02-01
P2104,Kevin,Cook,Doctor 20,2023-02-01
P2124,Edward,Sanders,Doctor 20,2023-02-01
P2191,Edward,Brown,Doctor 10,2023-02-01
P2264,Samuel,Morris,Doctor 3,2023-02-01
P2275,Thomas,Young,Doctor 16,2023-02-01
P0017,George,Bennett,Doctor 9,2023-02-02
P0051,Benjamin,Torres,Doctor 12,2023-02-02
P0161,Mark,Jackson,Doctor 13,2023-02-02
P0184,Michelle,Thompson,Doctor 19,2023-02-02
P0203,Lisa,Alvarez,Doctor 20,2023-02-02
P0356,Melissa,Wood,Doctor 7,2023-02-02
P0448,Helen,Chavez,Doctor 13,2023-02-02
P0631,Kathleen,Chavez,Doctor 12,2023-02-02
P0649,Robert,Hughes,Doctor 4,2023-02-02
P0686,Sandra,Reyes,Doctor 11,2023-02-02
P0695,Christopher,Baker,Doctor 5,2023-02-02
P0716,Carol,Wright,Doctor 17,2023-02-02
P0923,Joseph,Brown,Doctor 6,2023-02-02
P1033,Donna,Taylor,Doctor 7,2023-02-02
P1072,Sarah,Moore,Doctor 17,2023-02-02
P1083,Scott,Scott,Doctor 15,2023-02-02
P1101,Lisa,Ruiz,Doctor 19,2023-02-02
P1102,Aaron,Castillo,Doctor 9,2023-02-02
P1251,Carol,Hall,Doctor 9,2023-02-02
P1258,Kathleen,Thomas,Doctor 4,2023-02-02
P1288,Lisa,Rodriguez,Doctor 14,2023-02-02
P1376,Brenda,Lopez,Doctor 2,2023-02-02
P1442,Kimberly,Garcia,Doctor 8,2023-02-02
P1561,Richard,Reyes,Doctor 14,2023-02-02
P1724,Jason,Green,Doctor 17,2023-02-02
P1833,Elizabeth,Thomas,Doctor 6,2023-02-02
P2058,James,Wright,Doctor 9,2023-02-02
P2234,Shirley,Stewart,Doctor 3,2023-02-02
P2260,Charles,Perez,Doctor 3,2023-02-02
P0288,Jeffrey,Young,Doctor 2,2023-02-03
P0324,Tyler,Thomas,Doctor 13,2023-02-03
P0465,Benjamin,Morris,Doctor 11,2023-02-03
P0485,Jacob,Diaz,Doctor 14,2023-02-03
P0485,Jacob,Diaz,Doctor 14,2023-02-03
P0531,Donna,Carter,Doctor 4,2023-02-03
P0774,Benjamin,Bennett,Doctor 2,2023-02-03
P0809,Kimberly,Wood,Doctor 6,2023-02-03
P0887,Jack,Scott,Doctor 5,2023-02-03
P0891,Kimberly,Gray,Doctor 5,2023-02-03
P0897,Jeffrey,Murphy,Doctor 17,2023-02-03
P0986,Kenneth,Morris,Doctor 8,2023-02-03
P1085,Kimberly,James,Doctor 6,2023-02-03
P1317,Anthony,Myers,Doctor 4,2023-02-03
P1325,Robert,Adams,Doctor 1,2023-02-03
P1372,Amy,Howard,Doctor 11,2023-02-03
P1373,Deborah,Taylor,Doctor 20,2023-02-03
P1449,Patricia,Thompson,Doctor 7,2023-02-03
P1475,Jerry,Peterson,Doctor 3,2023-02-03
P1498,Angela,Perez,Doctor 4,2023-02-03
P1513,Richard,Nguyen,Doctor 4,2023-02-03
P1546,Brandon,Stewart,Doctor 10,2023-02-03
P1776,Lisa,Morris,Doctor 6,2023-02-03
P1782,Donald,Castillo,Doctor 6,2023-02-03
P1925,Jeffrey,Gonzalez,Doctor 3,2023-02-03
P2228,Susan,Howard,Doctor 6,2023-02-03
P2257,Scott,Bailey,Doctor 8,2023-02-03
P0177,Shirley,Chavez,Doctor 4,2023-02-04
P0231,Emma,Roberts,Doctor 13,2023-02-04
P0266,Joshua,Nelson,Doctor 8,2023-02-04
P0268,Sharon,Walker,Doctor 4,2023-02-04
P0490,Shirley,Lewis,Doctor 8,2023-02-04
P0618,Frank,Anderson,Doctor 15,2023-02-04
P0731,Jessica,Mendoza,Doctor 7,2023-02-04
P0754,Virginia,Morales,Doctor 10,2023-02-04
P0786,Sharon,Bennett,Doctor 20,2023-02-04
P0944,Thomas,Cook,Doctor 2,2023-02-04
P0948,Edward,Morgan,Doctor 13,2023-02-04
P1069,Sarah,Johnson,Doctor 5,2023-02-04
P1230,Eric,Sanders,Doctor 17,2023-02-04
P1235,Charles,Wright,Doctor 2,2023-02-04
P1258,Kathleen,Thomas,Doctor 4,2023-02-04
P1317,Anthony,Myers,Doctor 4,2023-02-04
P1370,Justin,Collins,Doctor 3,2023-02-04
P1378,Frank,Green,Doctor 15,2023-02-04
P1424,Kimberly,Peterson,Doctor 10,2023-02-04
P1515,Dennis,Ruiz,Doctor 7,2023-02-04
P1688,Thomas,Murphy,Doctor 17,2023-02-04
P1722,Larry,Wood,Doctor 14,2023-02-04
P1921,Scott,Perez,Doctor 20,2023-02-04
P1927,Kenneth,Harris,Doctor 8,2023-02-04
P2018,Patrick,Howard,Doctor 7,2023-02-04
P2059,Susan,Nelson,Doctor 17,2023-02-04
P2094,Deborah,Roberts,Doctor 15,2023-02-04
P2127,Donna,Ward,Doctor 14,2023-02-04
P2169,Gregory,Roberts,Doctor 6,2023-02-04
P2222,Eric,Roberts,Doctor 6,2023-02-04
P0006,Benjamin,James,Doctor 20,2023-02-05
P0065,Laura,Mitchell,Doctor 2,2023-02-05
P0123,Cynthia,Moore,Doctor 11,2023-02-05
P0229,Jack,Watson,Doctor 9,2023-02-05
P0231,Emma,Roberts,Doctor 10,2023-02-05
P0235,David,King,Doctor 4,2023-02-05
P0417,Dennis,Morales,Doctor 17,2023-02-05
P0446,Gregory,Hughes,Doctor 10,2023-02-05
P0626,Sarah,Brown,Doctor 20,2023-02-05
P0631,Kathleen,Chavez,Doctor 3,2023-02-05
P0758,Alexander,Lee,Doctor 10,2023-02-05
P0921,Ronald,Bennett,Doctor 17,2023-02-05
P1059,Carol,Gutierrez,Doctor 20,2023-02-05
P1074,Edward,Anderson,Doctor 5,2023-02-05
P1102,Aaron,Castillo,Doctor 9,2023-02-05
P1186,John,Baker,Doctor 2,2023-02-05
P1260,Rebecca,Price,Doctor 16,2023-02-05
P1328,Edward,Scott,Doctor 1,2023-02-05
P1352,Rebecca,Castillo,Doctor 1,2023-02-05
P1383,Mary,Wright,Doctor 2,2023-02-05
P1391,Deborah,Evans,Doctor 5,2023-02-05
P1443,Donna,Chavez,Doctor 5,2023-02-05
P1453,Gary,Watson,Doctor 6,2023-02-05
P1626,Eric,Peterson,Doctor 19,2023-02-05
P1659,Angela,Wilson,Doctor 1,2023-02-05
P1701,Christopher,Howard,Doctor 15,2023-02-05
P1701,Christopher,Howard,Doctor 17,2023-02-05
P1774,David,Howard,Doctor 5,2023-02-05
P1786,Anna,Richardson,Doctor 17,2023-02-05
P1850,Dennis,White,Doctor 3,2023-02-05
P2011,Susan,Ortiz,Doctor 15,2023-02-05
P2057,Kenneth,Adams,Doctor 10,2023-02-05
P2165,Michael,Collins,Doctor 7,2023-02-05
P2183,Tyler,Alvarez,Doctor 4,2023-02-05
P2226,Brenda,Ward,Doctor 10,2023-02-05
P2229,Nicholas,Garcia,Doctor 12,2023-02-05
P2278,Andrew,Diaz,Doctor 5,2023-02-05
P2278,Andrew,Diaz,Doctor 4,2023-02-05
P0065,Laura,Mitchell,Doctor 2,2023-02-06
P0127,Matthew,Phillips,Doctor 5,2023-02-06
P0174,Timothy,Ortiz,Doctor 15,2023-02-06
P0216,Sarah,Sanders,Doctor 15,2023-02-06
P0245,Deborah,Hernandez,Doctor 5,2023-02-06
P0286,Scott,Smith,Doctor 2,2023-02-06
P0382,Jeffrey,Edwards,Doctor 13,2023-02-06
P0394,Scott,Kim,Doctor 9,2023-02-06
P0429,Laura,Alvarez,Doctor 8,2023-02-06
P0451,Jessica,Ortiz,Doctor 5,2023-02-06
P0507,Mary,Johnson,Doctor 7,2023-02-06
P0580,James,Edwards,Doctor 13,2023-02-06
P0596,Larry,Gomez,Doctor 6,2023-02-06
P0801,Jessica,Robinson,Doctor 7,2023-02-06
P0843,Donald,Peterson,Doctor 10,2023-02-06
P0851,Sarah,Reyes,Doctor 8,2023-02-06
P0895,Scott,Lopez,Doctor 18,2023-02-06
P1079,Elizabeth,Bennett,Doctor 15,2023-02-06
P1143,Joseph,Gomez,Doctor 15,2023-02-06
P1147,Ruth,Patel,Doctor 19,2023-02-06
P1200,Ryan,Gonzalez,Doctor 7,2023-02-06
P1211,Jennifer,Morris,Doctor 9,2023-02-06
P1369,Ruth,Ramos,Doctor 3,2023-02-06
P1664,Barbara,Carter,Doctor 9,2023-02-06
P1670,Brian,Hernandez,Doctor 1,2023-02-06
P1709,Elizabeth,Thompson,Doctor 4,2023-02-06
P1720,Sharon,Stewart,Doctor 20,2023-02-06
P1905,Brian,Watson,Doctor 18,2023-02-06
P2013,Thomas,Harris,Doctor 1,2023-02-06
P2045,Nicholas,Roberts,Doctor 3,2023-02-06
P2113,Christopher,Ortiz,Doctor 17,2023-02-06
P2124,Edward,Sanders,Doctor 4,2023-02-06
P2133,Scott,Green,Doctor 3,2023-02-06
P2154,Kevin,Thomas,Doctor 19,2023-02-06
P2156,Andrew,Phillips,Doctor 19,2023-02-06
P2234,Shirley,Stewart,Doctor 4,2023-02-06
P0183,Dorothy,Brown,Doctor 16,2023-02-07
P0226,Jeffrey,Price,Doctor 6,2023-02-07
P0389,Jerry,Parker,Doctor 11,2023-02-07
P0466,Joseph,Green,Doctor 10,2023-02-07
P0554,Michelle,Davis,Doctor 15,2023-02-07
P0565,Melissa,Ward,Doctor 16,2023-02-07
P0615,Christopher,Roberts,Doctor 10,2023-02-07
P0648,Shirley,Rogers,Doctor 16,2023-02-07
P0698,Robert,Young,Doctor 19,2023-02-07
P0721,Sharon,Young,Doctor 11,2023-02-07
P0726,Shirley,Mendoza,Doctor 13,2023-02-07
P0732,Lisa,Brown,Doctor 12,2023-02-07
P0841,Patricia,Hill,Doctor 3,2023-02-07
P0912,Joshua,Castillo,Doctor 5,2023-02-07
P0922,Helen,Kim,Doctor 1,2023-02-07
P1054,Jennifer,Reed,Doctor 6,2023-02-07
P1138,Karen,Ramos,Doctor 7,2023-02-07
P1140,Charles,Collins,Doctor 13,2023-02-07
P1142,George,Davis,Doctor 17,2023-02-07
P1322,Daniel,Thompson,Doctor 2,2023-02-07
P1348,Tyler,Torres,Doctor 20,2023-02-07
P1676,Daniel,Sanchez,Doctor 20,2023-02-07
P1690,Deborah,Lee,Doctor 11,2023-02-07
P1696,Jack,Wilson,Doctor 16,2023-02-07
P1716,Robert,Taylor,Doctor 5,2023-02-07
P1760,Ryan,Brooks,Doctor 13,2023-02-07
P1784,Jonathan,Stewart,Doctor 17,2023-02-07
P1801,Larry,King,Doctor 16,2023-02-07
P1811,Patrick,Carter,Doctor 13,2023-02-07
P1827,Aaron,Morris,Doctor 3,2023-02-07
P1853,Anthony,Reed,Doctor 17,2023-02-07
P1950,Angela,James,Doctor 8,2023-02-07
P2193,Dorothy,Scott,Doctor 19,2023-02-07
P0056,Benjamin,Watson,Doctor 20,2023-02-08
P0092,Jose,Harris,Doctor 6,2023-02-08
P0145,Angela,Williams,Doctor 9,2023-02-08
P0349,Barbara,Green,Doctor 9,2023-02-08
P0395,Samuel,Kim,Doctor 10,2023-02-08
P0439,Robert,Ruiz,Doctor 19,2023-02-08
P0459,Sarah,Perez,Doctor 11,2023-02-08
P0558,Charles,Hall,Doctor 8,2023-02-08
P0637,Charles,Torres,Doctor 7,2023-02-08
P0843,Donald,Peterson,Doctor 10,2023-02-08
P0856,George,Martinez,Doctor 5,2023-02-08
P0928,Kevin,Turner,Doctor 19,2023-02-08
P0974,Timothy,Morris,Doctor 1,2023-02-08
P1102,Aaron,Castillo,Doctor 17,2023-02-08
P1546,Brandon,Stewart,Doctor 10,2023-02-08
P1575,Melissa,Hill,Doctor 1,2023-02-08
P1608,Gregory,Taylor,Doctor 8,2023-02-08
P1647,Michael,Ramos,Doctor 9,2023-02-08
P1664,Barbara,Carter,Doctor 9,2023-02-08
P1747,Rebecca,King,Doctor 17,2023-02-08
P1799,Ruth,Rodriguez,Doctor 15,2023-02-08
P1812,Christopher,Reed,Doctor 19,2023-02-08
P1976,Linda,Mendoza,Doctor 5,2023-02-08
P2063,Eric,Morales,Doctor 14,2023-02-08
P2111,Joshua,Ramirez,Doctor 8,2023-02-08
P2153,Amy,Nguyen,Doctor 3,2023-02-08
P2180,Brian,Campbell,Doctor 18,2023-02-08
P0088,David,Harris,Doctor 19,2023-02-09
P0120,Brandon,Chavez,Doctor 5,2023-02-09
P0174,Timothy,Ortiz,Doctor 15,2023-02-09
P0261,Anthony,Adams,Doctor 9,2023-02-09
P0491,Ruth,Brooks,Doctor 3,2023-02-09
P0492,Lisa,Lewis,Doctor 15,2023-02-09
P0776,Ruth,Morales,Doctor 20,2023-02-09
P0788,Ruth,Lopez,Doctor 12,2023-02-09
P0830,Barbara,Chavez,Doctor 11,2023-02-09
P1018,Justin,Miller,Doctor 4,2023-02-09
P1041,Emma,Hernandez,Doctor 2,2023-02-09
P1061,Jonathan,Howard,Doctor 5,2023-02-09
P1100,James,Gray,Doctor 17,2023-02-09
P1201,Laura,Kim,Doctor 3,2023-02-09
P1213,Ruth,Wilson,Doctor 18,2023-02-09
P1226,Jeffrey,Alvarez,Doctor 6,2023-02-09
P1289,Carol,Morris,Doctor 16,2023-02-09
P1312,Brandon,Ramos,Doctor 9,2023-02-09
P1365,Sarah,Jones,Doctor 11,2023-02-09
P1398,Alexander,Flores,Doctor 4,2023-02-09
P1628,Kenneth,Morales,Doctor 10,2023-02-09
P1731,Melissa,Murphy,Doctor 16,2023-02-09
P1809,Betty,Smith,Doctor 6,2023-02-09
P1820,Alexander,Alvarez,Doctor 14,2023-02-09
P1914,Virginia,Collins,Doctor 18,2023-02-09
P1930,Dennis,Moore,Doctor 3,2023-02-09
P1965,Dorothy,Clark,Doctor 14,2023-02-09
P2066,Nancy,Gutierrez,Doctor 19,2023-02-09
P0112,George,Rivera,Doctor 18,2023-02-10
P0126,Angela,Morales,Doctor 5,2023-02-10
P0180,Jacob,Anderson,Doctor 8,2023-02-10
P0327,Samuel,Nguyen,Doctor 10,2023-02-10
P0338,Sarah,Green,Doctor 14,2023-02-10
P0368,Sharon,Wright,Doctor 20,2023-02-10
P0457,David,Phillips,Doctor 12,2023-02-10
P0478,Alexander,Edwards,Doctor 9,2023-02-10
P0517,Brenda,Roberts,Doctor 12,2023-02-10
P0541,John,Harris,Doctor 7,2023-02-10
P0571,Christopher,Murphy,Doctor 8,2023-02-10
P0576,Betty,Ortiz,Doctor 3,2023-02-10
P0724,Daniel,Kim,Doctor 13,2023-02-10
P0743,Betty,Sanders,Doctor 2,2023-02-10
P0760,Donna,Morris,Doctor 6,2023-02-10
P0825,Thomas,Reed,Doctor 1,2023-02-10
P0837,Patrick,Torres,Doctor 17,2023-02-10
P0879,Kenneth,Lee,Doctor 13,2023-02-10
P0881,Kimberly,Ramirez,Doctor 9,2023-02-10
P1041,Emma,Hernandez,Doctor 16,2023-02-10
P1061,Jonathan,Howard,Doctor 1,2023-02-10
P1074,Edward,Anderson,Doctor 11,2023-02-10
P1242,Sharon,Rogers,Doctor 6,2023-02-10
P1261,Kevin,Carter,Doctor 20,2023-02-10
P1328,Edward,Scott,Doctor 14,2023-02-10
P1358,Tyler,Ramos,Doctor 1,2023-02-10
P1378,Frank,Green,Doctor 15,2023-02-10
P1421,Betty,Howard,Doctor 19,2023-02-10
P1422,Linda,Hill,Doctor 6,2023-02-10
P1424,Kimberly,Peterson,Doctor 10,2023-02-10
P1430,Joshua,Gray,Doctor 11,2023-02-10
P1449,Patricia,Thompson,Doctor 4,2023-02-10
P1549,Timothy,Allen,Doctor 8,2023-02-10
P1566,Donald,Stewart,Doctor 4,2023-02-10
P1582,Patricia,Kelly,Doctor 11,2023-02-10
P1637,Rebecca,Roberts,Doctor 20,2023-02-10
P1672,Alexander,Adams,Doctor 9,2023-02-10
P1682,Angela,Lewis,Doctor 10,2023-02-10
P1890,Patricia,Cruz,Doctor 6,2023-02-10
P1980,Brian,Collins,Doctor 7,2023-02-10
P2034,Gary,Martinez,Doctor 6,2023-02-10
P2056,Aaron,Lee,Doctor 17,2023-02-10
P2131,Virginia,Stewart,Doctor 2,2023-02-10
P2136,Thomas,Rivera,Doctor 14,2023-02-10
P0060,Joseph,Cooper,Doctor 13,2023-02-11
P0061,Nancy,Ortiz,Doctor 6,2023-02-11
P0091,Patricia,Gonzalez,Doctor 13,2023-02-11
P0114,Kevin,Martinez,Doctor 14,2023-02-11
P0180,Jacob,Anderson,Doctor 15,2023-02-11
P0263,Susan,Thompson,Doctor 20,2023-02-11
P0283,Jerry,Ruiz,Doctor 11,2023-02-11
P0332,Sharon,Taylor,Doctor 12,2023-02-11
P0451,Jessica,Ortiz,Doctor 5,2023-02-11
P0459,Sarah,Perez,Doctor 11,2023-02-11
P0588,Michael,Davis,Doctor 15,2023-02-11
P0631,Kathleen,Chavez,Doctor 20,2023-02-11
P0668,Karen,Murphy,Doctor 17,2023-02-11
P0682,Ruth,Torres,Doctor 7,2023-02-11
P0791,Donald,Ward,Doctor 15,2023-02-11
P0795,Betty,Ward,Doctor 16,2023-02-11
P0805,Benjamin,Howard,Doctor 6,2023-02-11
P0808,Donald,Rodriguez,Doctor 19,2023-02-11
P0849,Angela,Ramos,Doctor 11,2023-02-11
P0911,Sharon,Hernandez,Doctor 15,2023-02-11
P0912,Joshua,Castillo,Doctor 12,2023-02-11
P1066,Larry,Gray,Doctor 7,2023-02-11
P1140,Charles,Collins,Doctor 11,2023-02-11
P1157,Sharon,White,Doctor 14,2023-02-11
P1164,Kimberly,Adams,Doctor 14,2023-02-11
P1271,Kimberly,Nguyen,Doctor 19,2023-02-11
P1311,Ruth,Adams,Doctor 10,2023-02-11
P1437,Melissa,Morris,Doctor 7,2023-02-11
P1458,Elizabeth,Flores,Doctor 5,2023-02-11
P1525,Sharon,King,Doctor 1,2023-02-11
P1633,Tyler,Richardson,Doctor 6,2023-02-11
P1745,Scott,Torres,Doctor 5,2023-02-11
P1763,Jessica,Martinez,Doctor 19,2023-02-11
P1768,Patricia,Lopez,Doctor 7,2023-02-11
P1789,Sarah,Walker,Doctor 18,2023-02-11
P1860,Donna,Lee,Doctor 6,2023-02-11
P2007,Jessica,Lewis,Doctor 3,2023-02-11
P2120,Ruth,Gutierrez,Doctor 11,2023-02-11
P2123,Jason,Perez,Doctor 1,2023-02-11
P2134,Tyler,Moore,Doctor 8,2023-02-11
P2163,Jacob,Lopez,Doctor 8,2023-02-11
P2182,John,Johnson,Doctor 4,2023-02-11
P2229,Nicholas,Garcia,Doctor 12,2023-02-11
P2272,Mary,Watson,Doctor 1,2023-02-11
P0027,Helen,Brown,Doctor 3,2023-02-12
P0067,Lisa,Lee,Doctor 10,2023-02-12
P0196,Sarah,Carter,Doctor 13,2023-02-12
P0209,Eric,Morris,Doctor 11,2023-02-12
P0351,Thomas,Watson,Doctor 7,2023-02-12
P0495,Kenneth,Wright,Doctor 11,2023-02-12
P0532,Brandon,Hernandez,Doctor 11,2023-02-12
P0534,Jessica,Chavez,Doctor 11,2023-02-12
P0700,Ruth,Morgan,Doctor 7,2023-02-12
P0798,Alexander,Miller,Doctor 16,2023-02-12
P0855,David,Morales,Doctor 4,2023-02-12
P0931,Elizabeth,Wright,Doctor 15,2023-02-12
P1010,Jessica,Parker,Doctor 13,2023-02-12
P1014,Melissa,Gonzalez,Doctor 3,2023-02-12
P1352,Rebecca,Castillo,Doctor 7,2023-02-12
P1404,James,Allen,Doctor 9,2023-02-12
P1545,Virginia,Chavez,Doctor 6,2023-02-12
P1576,Alexander,Patel,Doctor 1,2023-02-12
P1610,Robert,Lewis,Doctor 7,2023-02-12
P1629,Emma,Cruz,Doctor 20,2023-02-12
P1804,Patricia,Perez,Doctor 19,2023-02-12
P1906,George,Torres,Doctor 18,2023-02-12
P2027,Karen,Smith,Doctor 12,2023-02-12
P2056,Aaron,Lee,Doctor 9,2023-02-12
P2063,Eric,Morales,Doctor 12,2023-02-12
P2186,Joshua,Cox,Doctor 16,2023-02-12
P2236,Joseph,Wright,Doctor 19,2023-02-12
P2259,Linda,Chavez,Doctor 11,2023-02-12
P0257,Jacob,Myers,Doctor 7,2023-02-13
P0422,Shirley,Lee,Doctor 12,2023-02-13
P0468,Barbara,Harris,Doctor 1,2023-02-13
P0519,Amy,Davis,Doctor 18,2023-02-13
P0611,Dennis,Lopez,Doctor 15,2023-02-13
P0617,Donna,Jones,Doctor 17,2023-02-13
P0620,Christopher,Kim,Doctor 15,2023-02-13
P0836,Michelle,Harris,Doctor 12,2023-02-13
P0945,Joshua,Ramos,Doctor 18,2023-02-13
P0981,Jonathan,Hall,Doctor 10,2023-02-13
P1024,Michelle,Lewis,Doctor 4,2023-02-13
P1159,Karen,Watson,Doctor 16,2023-02-13
P1411,Sharon,Gutierrez,Doctor 13,2023-02-13
P1436,George,White,Doctor 17,2023-02-13
P1805,Stephen,Perez,Doctor 12,2023-02-13
P1855,Alexander,Martinez,Doctor 11,2023-02-13
P1905,Brian,Watson,Doctor 3,2023-02-13
P1959,James,Lee,Doctor 8,2023-02-13
P1974,Samuel,Miller,Doctor 20,2023-02-13
P2055,Lisa,Thomas,Doctor 8,2023-02-13
P2303,Betty,Wood,Doctor 9,2023-02-13
P0356,Melissa,Wood,Doctor 19,2023-02-14
P0431,Charles,Thomas,Doctor 17,2023-02-14
P0624,Jose,Johnson,Doctor 19,2023-02-14
P0693,Kimberly,Taylor,Doctor 13,2023-02-14
P0782,Gary,Smith,Doctor 20,2023-02-14
P0788,Ruth,Lopez,Doctor 11,2023-02-14
P0833,Betty,Ramos,Doctor 7,2023-02-14
P0841,Patricia,Hill,Doctor 1,2023-02-14
P0938,Kathleen,Turner,Doctor 2,2023-02-14
P0957,George,Patel,Doctor 18,2023-02-14
P1026,Alexander,Reyes,Doctor 16,2023-02-14
P1042,Joseph,Thompson,Doctor 7,2023-02-14
P1088,Donald,Wright,Doctor 5,2023-02-14
P1107,Michael,Harris,Doctor 12,2023-02-14
P1196,Lisa,Anderson,Doctor 1,2023-02-14
P1234,Rebecca,Nelson,Doctor 8,2023-02-14
P1390,Jerry,Ortiz,Doctor 1,2023-02-14
P1405,Larry,Harris,Doctor 17,2023-02-14
P1546,Brandon,Stewart,Doctor 6,2023-02-14
P1549,Timothy,Allen,Doctor 18,2023-02-14
P1587,Shirley,Brooks,Doctor 20,2023-02-14
P1610,Robert,Lewis,Doctor 14,2023-02-14
P1681,Richard,Rodriguez,Doctor 1,2023-02-14
P1785,Donald,Patel,Doctor 5,2023-02-14
P1958,Brenda,Bennett,Doctor 18,2023-02-14
P2038,Helen,Hall,Doctor 10,2023-02-14
P2098,Dorothy,Phillips,Doctor 3,2023-02-14
P0091,Patricia,Gonzalez,Doctor 19,2023-02-15
P0097,Deborah,Torres,Doctor 9,2023-02-15
P0201,Kevin,Roberts,Doctor 15,2023-02-15
P0370,Joshua,Allen,Doctor 11,2023-02-15
P0631,Kathleen,Chavez,Doctor 13,2023-02-15
P0666,Nicholas,Nelson,Doctor 14,2023-02-15
P0774,Benjamin,Bennett,Doctor 3,2023-02-15
P1013,Thomas,Baker,Doctor 17,2023-02-15
P1108,Jose,Campbell,Doctor 11,2023-02-15
P1110,Brian,Edwards,Doctor 15,2023-02-15
P1129,Lisa,Torres,Doctor 9,2023-02-15
P1165,Michelle,Chavez,Doctor 19,2023-02-15
P1205,Jennifer,Allen,Doctor 6,2023-02-15
P1237,Linda,Hernandez,Doctor 5,2023-02-15
P1311,Ruth,Adams,Doctor 3,2023-02-15
P1389,Robert,Allen,Doctor 15,2023-02-15
P1397,Ronald,Morales,Doctor 2,2023-02-15
P1417,Michael,Chavez,Doctor 19,2023-02-15
P1540,Jessica,Thomas,Doctor 9,2023-02-15
P1698,Jerry,Rodriguez,Doctor 1,2023-02-15
P1734,Amy,Mitchell,Doctor 20,2023-02-15
P1779,Lisa,Chavez,Doctor 6,2023-02-15
P1787,Jessica,Bennett,Doctor 4,2023-02-15
P1837,Michelle,Allen,Doctor 20,2023-02-15
P1918,Melissa,Price,Doctor 12,2023-02-15
P1953,Kathleen,Adams,Doctor 13,2023-02-15
P2000,Aaron,Myers,Doctor 5,2023-02-15
P2036,Raymond,Campbell,Doctor 9,2023-02-15
P2044,Aaron,Price,Doctor 7,2023-02-15
P2081,Nancy,Cooper,Doctor 9,2023-02-15
P2124,Edward,Sanders,Doctor 16,2023-02-15
P2173,Joshua,King,Doctor 8,2023-02-15
P0012,Steven,Scott,Doctor 10,2023-02-16
P0141,Carol,Ortiz,Doctor 1,2023-02-16
P0205,Ruth,Bennett,Doctor 7,2023-02-16
P0210,Benjamin,Murphy,Doctor 4,2023-02-16
P0468,Barbara,Harris,Doctor 3,2023-02-16
P0476,Richard,Sanchez,Doctor 20,2023-02-16
P0638,Deborah,Hughes,Doctor 9,2023-02-16
P0641,Emma,Rogers,Doctor 12,2023-02-16
P0655,Angela,Harris,Doctor 6,2023-02-16
P0733,Jerry,Sanders,Doctor 17,2023-02-16
P0745,Melissa,Turner,Doctor 18,2023-02-16
P0745,Melissa,Turner,Doctor 7,2023-02-16
P0808,Donald,Rodriguez,Doctor 19,2023-02-16
P0897,Jeffrey,Murphy,Doctor 17,2023-02-16
P0992,Karen,Davis,Doctor 3,2023-02-16
P1065,Sharon,Moore,Doctor 5,2023-02-16
P1221,Dennis,Cooper,Doctor 10,2023-02-16
P1440,Raymond,White,Doctor 19,2023-02-16
P1487,Brian,Nguyen,Doctor 11,2023-02-16
P1569,Betty,Ruiz,Doctor 1,2023-02-16
P1679,Jose,Perez,Doctor 6,2023-02-16
P1753,Mark,Miller,Doctor 20,2023-02-16
P1924,Donald,Ortiz,Doctor 11,2023-02-16
P1962,Amy,Wilson,Doctor 11,2023-02-16
P2119,Brandon,Walker,Doctor 8,2023-02-16
P2289,Betty,Scott,Doctor 2,2023-02-16
P0011,Kimberly,Castillo,Doctor 15,2023-02-17
P0032,Christopher,Parker,Doctor 12,2023-02-17
P0045,Donald,Allen,Doctor 14,2023-02-17
P0091,Patricia,Gonzalez,Doctor 4,2023-02-17
P0126,Angela,Morales,Doctor 5,2023-02-17
P0160,Larry,Peterson,Doctor 9,2023-02-17
P0194,Robert,Nelson,Doctor 11,2023-02-17
P0320,James,Hill,Doctor 16,2023-02-17
P0375,Anna,Robinson,Doctor 19,2023-02-17
P0597,Richard,Chavez,Doctor 19,2023-02-17
P0613,Barbara,Cooper,Doctor 5,2023-02-17
P0719,Deborah,Williams,Doctor 16,2023-02-17
P0737,Larry,Hill,Doctor 18,2023-02-17
P0789,Jose,Rodriguez,Doctor 2,2023-02-17
P0824,Melissa,Stewart,Doctor 20,2023-02-17
P0894,Stephen,Taylor,Doctor 4,2023-02-17
P0952,James,Diaz,Doctor 16,2023-02-17
P1105,Steven,Flores,Doctor 5,2023-02-17
P1129,Lisa,Torres,Doctor 9,2023-02-17
P1144,Ronald,Patel,Doctor 17,2023-02-17
P1154,Daniel,Lewis,Doctor 9,2023-02-17
P1165,Michelle,Chavez,Doctor 9,2023-02-17
P1195,Lisa,Turner,Doctor 3,2023-02-17
P1268,Rebecca,Jackson,Doctor 12,2023-02-17
P1322,Daniel,Thompson,Doctor 2,2023-02-17
P1382,Ruth,Chavez,Doctor 12,2023-02-17
P1390,Jerry,Ortiz,Doctor 2,2023-02-17
P1539,Jose,Green,Doctor 11,2023-02-17
P1580,Thomas,Nelson,Doctor 6,2023-02-17
P1594,Benjamin,Rodriguez,Doctor 2,2023-02-17
P1601,Thomas,Evans,Doctor 14,2023-02-17
P1609,Virginia,Cox,Doctor 11,2023-02-17
P1896,Kathleen,Watson,Doctor 16,2023-02-17
P1964,Edward,Watson,Doctor 18,2023-02-17
P1986,Sarah,Phillips,Doctor 15,2023-02-17
P2033,Patrick,Walker,Doctor 4,2023-02-17
P2167,Jessica,Edwards,Doctor 20,2023-02-17
P0012,Steven,Scott,Doctor 5,2023-02-18
P0021,Helen,Young,Doctor 10,2023-02-18
P0022,Ronald,Taylor,Doctor 7,2023-02-18
P0057,Sandra,James,Doctor 13,2023-02-18
P0091,Patricia,Gonzalez,Doctor 3,2023-02-18
P0253,Donald,Jackson,Doctor 4,2023-02-18
P0275,Jerry,Ramos,Doctor 20,2023-02-18
P0319,Sandra,Anderson,Doctor 19,2023-02-18
P0368,Sharon,Wright,Doctor 7,2023-02-18
P0380,Brandon,Lee,Doctor 14,2023-02-18
P0385,Ryan,Evans,Doctor 3,2023-02-18
P0554,Michelle,Davis,Doctor 3,2023-02-18
P0636,Frank,Nelson,Doctor 16,2023-02-18
P0681,Laura,Stewart,Doctor 16,2023-02-18
P0702,Melissa,Thompson,Doctor 8,2023-02-18
P0766,Jeffrey,Thomas,Doctor 15,2023-02-18
P1254,Raymond,Richardson,Doctor 13,2023-02-18
P1336,Jack,Roberts,Doctor 3,2023-02-18
P1343,Ruth,Young,Doctor 3,2023-02-18
P1424,Kimberly,Peterson,Doctor 1,2023-02-18
P1449,Patricia,Thompson,Doctor 4,2023-02-18
P1538,Lisa,Allen,Doctor 8,2023-02-18
P1784,Jonathan,Stewart,Doctor 17,2023-02-18
P1852,James,Carter,Doctor 7,2023-02-18
P1912,Dorothy,Lee,Doctor 18,2023-02-18
P1935,Alexander,White,Doctor 14,2023-02-18
P2001,Jessica,Anderson,Doctor 10,2023-02-18
P2075,Brian,Wilson,Doctor 8,2023-02-18
P2080,Brandon,Clark,Doctor 13,2023-02-18
P2160,Betty,Allen,Doctor 18,2023-02-18
P2187,Christopher,Ramos,Doctor 20,2023-02-18
P2205,Sandra,Parker,Doctor 2,2023-02-18
P2258,Anthony,Phillips,Doctor 3,2023-02-18
P2279,Sandra,Peterson,Doctor 18,2023-02-18
P0127,Matthew,Phillips,Doctor 5,2023-02-19
P0168,Kenneth,Walker,Doctor 13,2023-02-19
P0187,Timothy,Anderson,Doctor 5,2023-02-19
P0188,Mary,Evans,Doctor 8,2023-02-19
P0267,Donna,Bennett,Doctor 16,2023-02-19
P0359,Raymond,Cook,Doctor 20,2023-02-19
P0423,Kevin,Cox,Doctor 1,2023-02-19
P0499,Amy,Adams,Doctor 10,2023-02-19
P0530,Betty,James,Doctor 5,2023-02-19
P0670,Lisa,Thompson,Doctor 8,2023-02-19
P0733,Jerry,Sanders,Doctor 18,2023-02-19
P0786,Sharon,Bennett,Doctor 20,2023-02-19
P0792,Susan,Evans,Doctor 18,2023-02-19
P0813,Sandra,Jones,Doctor 6,2023-02-19
P0978,Ronald,Miller,Doctor 20,2023-02-19
P1040,Kimberly,Edwards,Doctor 10,2023-02-19
P1169,Sandra,Baker,Doctor 20,2023-02-19
P1231,Thomas,Kim,Doctor 18,2023-02-19
P1263,Stephen,Scott,Doctor 9,2023-02-19
P1269,Amy,Sanchez,Doctor 9,2023-02-19
P1528,Andrew,Clark,Doctor 9,2023-02-19
P1539,Jose,Green,Doctor 12,2023-02-19
P1756,Michelle,King,Doctor 10,2023-02-19
P1886,Samuel,Rogers,Doctor 20,2023-02-19
P1894,Sarah,Miller,Doctor 19,2023-02-19
P1958,Brenda,Bennett,Doctor 12,2023-02-19
P2047,Virginia,Moore,Doctor 8,2023-02-19
P2215,Amy,Hernandez,Doctor 14,2023-02-19
P0023,William,Rivera,Doctor 20,2023-02-20
P0052,Donna,Ramos,Doctor 8,2023-02-20
P0101,Ruth,Campbell,Doctor 6,2023-02-20
P0127,Matthew,Phillips,Doctor 8,2023-02-20
P0134,Frank,White,Doctor 16,2023-02-20
P0294,Joseph,Bailey,Doctor 9,2023-02-20
P0509,Aaron,Green,Doctor 9,2023-02-20
P0555,Brenda,Sanchez,Doctor 5,2023-02-20
P0574,Lisa,Baker,Doctor 11,2023-02-20
P0612,Karen,Turner,Doctor 9,2023-02-20
P0632,Frank,Hernandez,Doctor 9,2023-02-20
P0744,James,Bennett,Doctor 12,2023-02-20
P1069,Sarah,Johnson,Doctor 15,2023-02-20
P1082,Charles,Johnson,Doctor 4,2023-02-20
P1182,Deborah,Young,Doctor 19,2023-02-20
P1271,Kimberly,Nguyen,Doctor 19,2023-02-20
P1302,Andrew,Reyes,Doctor 6,2023-02-20
P1464,Ronald,Flores,Doctor 19,2023-02-20
P1482,Barbara,Howard,Doctor 16,2023-02-20
P1494,Matthew,Patel,Doctor 10,2023-02-20
P1511,Linda,Evans,Doctor 12,2023-02-20
P1948,Nicholas,Cruz,Doctor 13,2023-02-20
P2266,Joshua,Watson,Doctor 8,2023-02-20
P0118,Jessica,Reed,Doctor 5,2023-02-21
P0237,Anna,Smith,Doctor 8,2023-02-21
P0258,Matthew,Ward,Doctor 17,2023-02-21
P0371,Ryan,Ramos,Doctor 9,2023-02-21
P0426,Timothy,Hughes,Doctor 20,2023-02-21
P0474,Sarah,Morgan,Doctor 10,2023-02-21
P1020,Jeffrey,Lopez,Doctor 3,2023-02-21
P1047,Gregory,Turner,Doctor 1,2023-02-21
P1145,Deborah,Patel,Doctor 17,2023-02-21
P1169,Sandra,Baker,Doctor 20,2023-02-21
P1257,Helen,Edwards,Doctor 12,2023-02-21
P1299,Kenneth,Nelson,Doctor 8,2023-02-21
P1312,Brandon,Ramos,Doctor 9,2023-02-21
P1347,Helen,Sanchez,Doctor 10,2023-02-21
P1372,Amy,Howard,Doctor 10,2023-02-21
P1395,Jerry,Howard,Doctor 6,2023-02-21
P1454,Brian,Ramirez,Doctor 2,2023-02-21
P1582,Patricia,Kelly,Doctor 3,2023-02-21
P1636,Sandra,Collins,Doctor 18,2023-02-21
P1649,Benjamin,Ward,Doctor 3,2023-02-21
P1707,Richard,Ward,Doctor 15,2023-02-21
P1849,Mark,Ortiz,Doctor 5,2023-02-21
P1881,Charles,Gomez,Doctor 20,2023-02-21
P1970,Alexander,Allen,Doctor 15,2023-02-21
P1993,Jack,Murphy,Doctor 12,2023-02-21
P2084,Jason,Jones,Doctor 15,2023-02-21
P2229,Nicholas,Garcia,Doctor 3,2023-02-21
P2287,Betty,King,Doctor 4,2023-02-21
P0035,Dennis,Williams,Doctor 5,2023-02-22
P0078,Sharon,Wilson,Doctor 8,2023-02-22
P0118,Jessica,Reed,Doctor 5,2023-02-22
P0222,Jessica,Walker,Doctor 6,2023-02-22
P0274,Scott,Martin,Doctor 8,2023-02-22
P0299,Sarah,Lee,Doctor 4,2023-02-22
P0399,Nancy,Mitchell,Doctor 9,2023-02-22
P0487,Mary,Morales,Doctor 13,2023-02-22
P0520,Carol,Ramos,Doctor 6,2023-02-22
P0621,Donald,Rogers,Doctor 20,2023-02-22
P0637,Charles,Torres,Doctor 13,2023-02-22
P0774,Benjamin,Bennett,Doctor 11,2023-02-22
P0796,Patricia,Mendoza,Doctor 10,2023-02-22
P0800,Richard,Hernandez,Doctor 4,2023-02-22
P0834,Kimberly,Ruiz,Doctor 11,2023-02-22
P0945,Joshua,Ramos,Doctor 15,2023-02-22
P0976,Anna,White,Doctor 10,2023-02-22
P0994,Charles,Alvarez,Doctor 20,2023-02-22
P0994,Charles,Alvarez,Doctor 20,2023-02-22
P1075,Melissa,Morgan,Doctor 20,2023-02-22
P1168,James,Garcia,Doctor 4,2023-02-22
P1290,Matthew,Diaz,Doctor 3,2023-02-22
P1435,Scott,Walker,Doctor 13,2023-02-22
P1445,Thomas,Wood,Doctor 6,2023-02-22
P1461,Betty,Rogers,Doctor 1,2023-02-22
P1507,Stephen,Richardson,Doctor 15,2023-02-22
P1564,Jose,Kelly,Doctor 9,2023-02-22
P1604,Cynthia,Gomez,Doctor 13,2023-02-22
P1614,Carol,Alvarez,Doctor 17,2023-02-22
P1635,Larry,Cox,Doctor 16,2023-02-22
P1648,Jessica,Price,Doctor 6,2023-02-22
P1659,Angela,Wilson,Doctor 3,2023-02-22
P1665,Brian,Lee,Doctor 19,2023-02-22
P1839,Lisa,Brooks,Doctor 3,2023-02-22
P1842,Matthew,Martin,Doctor 9,2023-02-22
P1853,Anthony,Reed,Doctor 13,2023-02-22
P1908,Jose,Torres,Doctor 8,2023-02-22
P1966,Jennifer,Turner,Doctor 14,2023-02-22
P2013,Thomas,Harris,Doctor 15,2023-02-22
P2178,Susan,Cooper,Doctor 16,2023-02-22
P2297,Jacob,Cook,Doctor 8,2023-02-22
P0036,Carol,Watson,Doctor 7,2023-02-23
P0055,Sarah,Gonzalez,Doctor 8,2023-02-23
P0101,Ruth,Campbell,Doctor 4,2023-02-23
P0141,Carol,Ortiz,Doctor 1,2023-02-23
P0216,Sarah,Sanders,Doctor 6,2023-02-23
P0380,Brandon,Lee,Doctor 14,2023-02-23
P0478,Alexander,Edwards,Doctor 9,2023-02-23
P0522,Jeffrey,Jones,Doctor 19,2023-02-23
P0584,Helen,Flores,Doctor 11,2023-02-23
P0603,Raymond,Mitchell,Doctor 13,2023-02-23
P0629,Michelle,Reyes,Doctor 19,2023-02-23
P0709,Susan,Wood,Doctor 18,2023-02-23
P0917,Christopher,Jackson,Doctor 10,2023-02-23
P0955,Jacob,Carter,Doctor 18,2023-02-23
P0985,James,Anderson,Doctor 4,2023-02-23
P1085,Kimberly,James,Doctor 6,2023-02-23
P1155,Stephen,Ortiz,Doctor 4,2023-02-23
P1181,Nancy,Sanchez,Doctor 10,2023-02-23
P1309,Mary,Thompson,Doctor 4,2023-02-23
P1369,Ruth,Ramos,Doctor 3,2023-02-23
P1504,Laura,Adams,Doctor 19,2023-02-23
P1528,Andrew,Clark,Doctor 4,2023-02-23
P1548,Jonathan,Torres,Doctor 7,2023-02-23
P1733,Brandon,Green,Doctor 2,2023-02-23
P1769,Laura,Jackson,Doctor 2,2023-02-23
P1788,Patrick,Cox,Doctor 11,2023-02-23
P1871,Nancy,Patel,Doctor 1,2023-02-23
P1892,Alexander,Thomas,Doctor 3,2023-02-23
P2077,Betty,Nguyen,Doctor 15,2023-02-23
P2193,Dorothy,Scott,Doctor 19,2023-02-23
P2200,Andrew,Torres,Doctor 9,2023-02-23
P2226,Brenda,Ward,Doctor 16,2023-02-23
P2288,Kimberly,Allen,Doctor 17,2023-02-23
P0050,Jerry,Clark,Doctor 19,2023-02-24
P0156,Jose,Nelson,Doctor 16,2023-02-24
P0197,Shirley,Bennett,Doctor 11,2023-02-24
P0228,Nancy,Kim,Doctor 13,2023-02-24
P0292,Jennifer,Howard,Doctor 11,2023-02-24
P0314,David,Lee,Doctor 13,2023-02-24
P0625,Dorothy,Hughes,Doctor 9,2023-02-24
P0679,Sharon,Thomas,Doctor 1,2023-02-24
P0825,Thomas,Reed,Doctor 13,2023-02-24
P0881,Kimberly,Ramirez,Doctor 9,2023-02-24
P0917,Christopher,Jackson,Doctor 9,2023-02-24
P0971,Jessica,Lee,Doctor 13,2023-02-24
P1006,William,Parker,Doctor 1,2023-02-24
P1151,Gary,Walker,Doctor 6,2023-02-24
P1176,Karen,Miller,Doctor 3,2023-02-24
P1188,Kathleen,Wood,Doctor 2,2023-02-24
P1281,Emma,Davis,Doctor 14,2023-02-24
P1523,Sarah,Ramos,Doctor 10,2023-02-24
P1587,Shirley,Brooks,Doctor 3,2023-02-24
P1863,Raymond,Parker,Doctor 1,2023-02-24
P1983,Tyler,Ward,Doctor 12,2023-02-24
P2105,John,Ortiz,Doctor 20,2023-02-24
P2273,Sandra,Walker,Doctor 6,2023-02-24
P2286,Anthony,Howard,Doctor 8,2023-02-24
P2288,Kimberly,Allen,Doctor 17,2023-02-24
P0109,Andrew,Walker,Doctor 17,2023-02-25
P0130,Jennifer,Watson,Doctor 5,2023-02-25
P0204,Jack,Flores,Doctor 16,2023-02-25
P0215,Jessica,Castillo,Doctor 5,2023-02-25
P0221,Nancy,Anderson,Doctor 6,2023-02-25
P0242,Angela,Turner,Doctor 11,2023-02-25
P0412,Patrick,Green,Doctor 9,2023-02-25
P0426,Timothy,Hughes,Doctor 18,2023-02-25
P0489,Eric,Howard,Doctor 3,2023-02-25
P0577,Jessica,Patel,Doctor 11,2023-02-25
P0580,James,Edwards,Doctor 13,2023-02-25
P0693,Kimberly,Taylor,Doctor 20,2023-02-25
P0710,Larry,Hughes,Doctor 9,2023-02-25
P0738,Lisa,Castillo,Doctor 17,2023-02-25
P0764,Jessica,Watson,Doctor 15,2023-02-25
P0771,Larry,Watson,Doctor 1,2023-02-25
P0809,Kimberly,Wood,Doctor 12,2023-02-25
P0959,Jack,Collins,Doctor 19,2023-02-25
P1172,Anna,Lewis,Doctor 4,2023-02-25
P1209,Helen,Ruiz,Doctor 1,2023-02-25
P1232,Sharon,Kim,Doctor 9,2023-02-25
P1395,Jerry,Howard,Doctor 6,2023-02-25
P1458,Elizabeth,Flores,Doctor 5,2023-02-25
P1652,Shirley,Flores,Doctor 7,2023-02-25
P1730,Patrick,Ramirez,Doctor 17,2023-02-25
P1758,Patricia,Reed,Doctor 8,2023-02-25
P1761,Ruth,Ramirez,Doctor 20,2023-02-25
P1834,Sandra,Wood,Doctor 11,2023-02-25
P1903,Brandon,Hughes,Doctor 17,2023-02-25
P1945,Shirley,Murphy,Doctor 9,2023-02-25
P1949,Tyler,Harris,Doctor 3,2023-02-25
P1956,Tyler,Reed,Doctor 20,2023-02-25
P2137,Larry,Davis,Doctor 16,2023-02-25
P2177,David,Richardson,Doctor 12,2023-02-25
P2199,John,Garcia,Doctor 20,2023-02-25
P2288,Kimberly,Allen,Doctor 8,2023-02-25
P0145,Angela,Williams,Doctor 9,2023-02-26
P0213,Ryan,Scott,Doctor 2,2023-02-26
P0252,Betty,Mitchell,Doctor 8,2023-02-26
P0271,Deborah,Murphy,Doctor 15,2023-02-26
P0389,Jerry,Parker,Doctor 11,2023-02-26
P0427,Richard,Turner,Doctor 8,2023-02-26
P0439,Robert,Ruiz,Doctor 19,2023-02-26
P0521,Laura,Castillo,Doctor 12,2023-02-26
P0549,Laura,Rogers,Doctor 15,2023-02-26
P0562,Charles,Baker,Doctor 1,2023-02-26
P0573,Lisa,Rivera,Doctor 13,2023-02-26
P0618,Frank,Anderson,Doctor 2,2023-02-26
P0638,Deborah,Hughes,Doctor 9,2023-02-26
P0741,Jason,Kim,Doctor 12,2023-02-26
P0783,Anna,Kelly,Doctor 2,2023-02-26
P0795,Betty,Ward,Doctor 16,2023-02-26
P0850,Brenda,Ortiz,Doctor 9,2023-02-26
P1079,Elizabeth,Bennett,Doctor 1,2023-02-26
P1380,Ryan,Bennett,Doctor 8,2023-02-26
P1464,Ronald,Flores,Doctor 19,2023-02-26
P1465,Raymond,Thomas,Doctor 10,2023-02-26
P1473,Ruth,Jones,Doctor 14,2023-02-26
P1474,Kimberly,Morris,Doctor 10,2023-02-26
P1597,Kevin,Price,Doctor 14,2023-02-26
P1643,Patricia,Green,Doctor 10,2023-02-26
P1817,Kevin,Hughes,Doctor 15,2023-02-26
P1864,Deborah,Hall,Doctor 16,2023-02-26
P1992,Laura,Allen,Doctor 4,2023-02-26
P1996,Melissa,Perez,Doctor 16,2023-02-26
P2048,Jose,Miller,Doctor 16,2023-02-26
P2066,Nancy,Gutierrez,Doctor 19,2023-02-26
P2114,Jerry,Jackson,Doctor 1,2023-02-26
P2216,Patricia,Campbell,Doctor 14,2023-02-26
P0011,Kimberly,Castillo,Doctor 15,2023-02-27
P0024,Jose,Williams,Doctor 4,2023-02-27
P0198,Laura,Reed,Doctor 7,2023-02-27
P0233,Gregory,Johnson,Doctor 5,2023-02-27
P0247,Emma,Alvarez,Doctor 14,2023-02-27
P0293,Robert,Turner,Doctor 12,2023-02-27
P0341,Carol,Adams,Doctor 14,2023-02-27
P0414,Thomas,Davis,Doctor 8,2023-02-27
P0421,Laura,Myers,Doctor 1,2023-02-27
P0435,Jessica,Morris,Doctor 18,2023-02-27
P0578,Jessica,Sanchez,Doctor 16,2023-02-27
P0630,Jonathan,Johnson,Doctor 11,2023-02-27
P0702,Melissa,Thompson,Doctor 2,2023-02-27
P0853,Angela,Mitchell,Doctor 3,2023-02-27
P0871,Donald,Ramirez,Doctor 12,2023-02-27
P0933,Sharon,Campbell,Doctor 16,2023-02-27
P0964,Edward,Young,Doctor 4,2023-02-27
P1011,George,Lee,Doctor 6,2023-02-27
P1069,Sarah,Johnson,Doctor 14,2023-02-27
P1140,Charles,Collins,Doctor 11,2023-02-27
P1195,Lisa,Turner,Doctor 19,2023-02-27
P1226,Jeffrey,Alvarez,Doctor 6,2023-02-27
P1299,Kenneth,Nelson,Doctor 20,2023-02-27
P1379,Justin,Rogers,Doctor 18,2023-02-27
P1391,Deborah,Evans,Doctor 9,2023-02-27
P1453,Gary,Watson,Doctor 7,2023-02-27
P1590,Kathleen,Johnson,Doctor 17,2023-02-27
P1601,Thomas,Evans,Doctor 18,2023-02-27
P1656,Kimberly,Watson,Doctor 1,2023-02-27
P1773,Karen,Price,Doctor 19,2023-02-27
P1819,Dorothy,Harris,Doctor 15,2023-02-27
P1863,Raymond,Parker,Doctor 11,2023-02-27
P1907,David,Kim,Doctor 7,2023-02-27
P1994,Michelle,Rivera,Doctor 9,2023-02-27
P2020,Karen,Alvarez,Doctor 17,2023-02-27
P2041,Lisa,Gomez,Doctor 20,2023-02-27
P2058,James,Wright,Doctor 19,2023-02-27
P2078,Nancy,Lopez,Doctor 4,2023-02-27
P0007,Cynthia,Hall,Doctor 14,2023-02-28
P0034,Sandra,Flores,Doctor 19,2023-02-28
P0084,Sandra,Kelly,Doctor 2,2023-02-28
P0135,Linda,White,Doctor 13,2023-02-28
P0313,Stephen,Cook,Doctor 9,2023-02-28
P0577,Jessica,Patel,Doctor 4,2023-02-28
P0611,Dennis,Lopez,Doctor 5,2023-02-28
P0629,Michelle,Reyes,Doctor 19,2023-02-28
P0792,Susan,Evans,Doctor 18,2023-02-28
P0794,Gary,Gray,Doctor 20,2023-02-28
P0890,Sarah,Evans,Doctor 1,2023-02-28
P0992,Karen,Davis,Doctor 3,2023-02-28
P1059,Carol,Gutierrez,Doctor 20,2023-02-28
P1079,Elizabeth,Bennett,Doctor 20,2023-02-28
P1232,Sharon,Kim,Doctor 12,2023-02-28
P1296,Michael,Gomez,Doctor 14,2023-02-28
P1360,Thomas,Taylor,Doctor 11,2023-02-28
P1406,Nicholas,Myers,Doctor 14,2023-02-28
P1526,Barbara,White,Doctor 2,2023-02-28
P1533,Sandra,Cruz,Doctor 9,2023-02-28
P1602,Rebecca,Nguyen,Doctor 12,2023-02-28
P1634,Benjamin,Kelly,Doctor 8,2023-02-28
P1665,Brian,Lee,Doctor 13,2023-02-28
P1744,David,Lewis,Doctor 12,2023-02-28
P1824,Anna,Cooper,Doctor 9,2023-02-28
P1825,Dennis,Davis,Doctor 9,2023-02-28
P1916,Anna,Howard,Doctor 15,2023-02-28
P1964,Edward,Watson,Doctor 15,2023-02-28
P2016,Sarah,Myers,Doctor 16,2023-02-28
P2109,Lisa,Carter,Doctor 7,2023-02-28
P2229,Nicholas,Garcia,Doctor 17,2023-02-28
P2237,Dorothy,Collins,Doctor 16,2023-02-28
P2294,Matthew,Moore,Doctor 16,2023-02-28
P0025,Melissa,Ramirez,Doctor 7,2023-03-01
P0062,Deborah,Gomez,Doctor 20,2023-03-01
P0114,Kevin,Martinez,Doctor 3,2023-03-01
P0210,Benjamin,Murphy,Doctor 9,2023-03-01
P0420,Kimberly,Thompson,Doctor 2,2023-03-01
P0465,Benjamin,Morris,Doctor 11,2023-03-01
P0516,Betty,Morgan,Doctor 1,2023-03-01
P0574,Lisa,Baker,Doctor 18,2023-03-01
P0670,Lisa,Thompson,Doctor 8,2023-03-01
P0689,Ruth,Edwards,Doctor 7,2023-03-01
P0725,Anna,Roberts,Doctor 16,2023-03-01
P0730,Lisa,Sanchez,Doctor 5,2023-03-01
P0731,Jessica,Mendoza,Doctor 15,2023-03-01
P0776,Ruth,Morales,Doctor 19,2023-03-01
P0831,Rebecca,Mitchell,Doctor 15,2023-03-01
P0861,Ryan,Peterson,Doctor 5,2023-03-01
P1090,David,Scott,Doctor 10,2023-03-01
P1153,Sandra,Nelson,Doctor 17,2023-03-01
P1219,Robert,Murphy,Doctor 16,2023-03-01
P1256,Donna,Baker,Doctor 2,2023-03-01
P1266,Cynthia,Martinez,Doctor 12,2023-03-01
P1286,James,James,Doctor 9,2023-03-01
P1340,Brenda,Cooper,Doctor 11,2023-03-01
P1420,Timothy,Campbell,Doctor 5,2023-03-01
P1662,Mary,Richardson,Doctor 8,2023-03-01
P1666,Dennis,Wright,Doctor 12,2023-03-01
P1685,Nicholas,Reyes,Doctor 20,2023-03-01
P1693,Karen,Thompson,Doctor 5,2023-03-01
P1759,Gary,Roberts,Doctor 3,2023-03-01
P1868,Rebecca,Ramos,Doctor 3,2023-03-01
P1868,Rebecca,Ramos,Doctor 3,2023-03-01
P1894,Sarah,Miller,Doctor 11,2023-03-01
P1912,Dorothy,Lee,Doctor 17,2023-03-01
P1914,Virginia,Collins,Doctor 3,2023-03-01
P1980,Brian,Collins,Doctor 7,2023-03-01
P2042,Richard,Lewis,Doctor 8,2023-03-01
P2117,Dennis,Peterson,Doctor 9,2023-03-01
P2143,Betty,Lee,Doctor 19,2023-03-01
P2227,Donna,Ruiz,Doctor 10,2023-03-01
P0041,Kimberly,Sanchez,Doctor 4,2023-03-02
P0052,Donna,Ramos,Doctor 8,2023-03-02
P0114,Kevin,Martinez,Doctor 15,2023-03-02
P0334,Steven,James,Doctor 4,2023-03-02
P0356,Melissa,Wood,Doctor 2,2023-03-02
P0400,Steven,Morgan,Doctor 11,2023-03-02
P0407,Scott,Brown,Doctor 4,2023-03-02
P0634,Edward,Smith,Doctor 2,2023-03-02
P0654,Susan,Hall,Doctor 20,2023-03-02
P0664,Helen,Mendoza,Doctor 20,2023-03-02
P0716,Carol,Wright,Doctor 4,2023-03-02
P0738,Lisa,Castillo,Doctor 13,2023-03-02
P0885,Linda,Reed,Doctor 2,2023-03-02
P0931,Elizabeth,Wright,Doctor 8,2023-03-02
P0945,Joshua,Ramos,Doctor 13,2023-03-02
P1169,Sandra,Baker,Doctor 10,2023-03-02
P1202,Alexander,Morris,Doctor 19,2023-03-02
P1214,John,Castillo,Doctor 4,2023-03-02
P1509,Laura,Cruz,Doctor 12,2023-03-02
P1596,Kevin,Parker,Doctor 15,2023-03-02
P1597,Kevin,Price,Doctor 3,2023-03-02
P1693,Karen,Thompson,Doctor 11,2023-03-02
P1817,Kevin,Hughes,Doctor 8,2023-03-02
P1892,Alexander,Thomas,Doctor 3,2023-03-02
P2098,Dorothy,Phillips,Doctor 3,2023-03-02
P2148,Mary,Price,Doctor 16,2023-03-02
P2237,Dorothy,Collins,Doctor 16,2023-03-02
P0047,Sharon,Johnson,Doctor 7,2023-03-03
P0118,Jessica,Reed,Doctor 5,2023-03-03
P0149,Frank,Martinez,Doctor 20,2023-03-03
P0219,Ruth,Thomas,Doctor 16,2023-03-03
P0343,James,Ramos,Doctor 18,2023-03-03
P0467,Ruth,Collins,Doctor 11,2023-03-03
P0511,Rebecca,Thomas,Doctor 16,2023-03-03
P0539,Jennifer,Green,Doctor 2,2023-03-03
P0588,Michael,Davis,Doctor 16,2023-03-03
P0618,Frank,Anderson,Doctor 2,2023-03-03
P0624,Jose,Johnson,Doctor 19,2023-03-03
P0632,Frank,Hernandez,Doctor 2,2023-03-03
P0758,Alexander,Lee,Doctor 1,2023-03-03
P0778,Ruth,White,Doctor 14,2023-03-03
P0834,Kimberly,Ruiz,Doctor 4,2023-03-03
P0998,Karen,Hill,Doctor 2,2023-03-03
P0999,Michelle,Anderson,Doctor 10,2023-03-03
P1064,Samuel,Hughes,Doctor 1,2023-03-03
P1187,Kenneth,Morgan,Doctor 18,2023-03-03
P1220,Justin,Torres,Doctor 7,2023-03-03
P1265,Kimberly,Walker,Doctor 18,2023-03-03
P1375,Kathleen,Myers,Doctor 8,2023-03-03
P1393,Jerry,Williams,Doctor 17,2023-03-03
P1406,Nicholas,Myers,Doctor 8,2023-03-03
P1413,Rebecca,Morris,Doctor 4,2023-03-03
P1456,Mary,Hill,Doctor 3,2023-03-03
P1612,Frank,Baker,Doctor 3,2023-03-03
P1669,Karen,Hernandez,Doctor 12,2023-03-03
P2097,Jonathan,Mitchell,Doctor 16,2023-03-03
P2101,Anna,Lee,Doctor 4,2023-03-03
P2113,Christopher,Ortiz,Doctor 17,2023-03-03
P2197,Robert,Hernandez,Doctor 6,2023-03-03
P2273,Sandra,Walker,Doctor 6,2023-03-03
P2274,Brian,Garcia,Doctor 2,2023-03-03
P0028,Sarah,Ward,Doctor 2,2023-03-04
P0073,Sandra,Cox,Doctor 7,2023-03-04
P0148,Gary,Ortiz,Doctor 14,2023-03-04
P0157,Lisa,Martin,Doctor 14,2023-03-04
P0219,Ruth,Thomas,Doctor 16,2023-03-04
P0442,Joseph,Rivera,Doctor 3,2023-03-04
P0472,John,White,Doctor 5,2023-03-04
P0518,Mark,Martinez,Doctor 8,2023-03-04
P0554,Michelle,Davis,Doctor 9,2023-03-04
P0579,Sarah,Rogers,Doctor 7,2023-03-04
P0744,James,Bennett,Doctor 17,2023-03-04
P0825,Thomas,Reed,Doctor 6,2023-03-04
P0934,Lisa,Roberts,Doctor 3,2023-03-04
P0941,Kathleen,Cooper,Doctor 11,2023-03-04
P0974,Timothy,Morris,Doctor 16,2023-03-04
P1045,George,Ramirez,Doctor 7,2023-03-04
P1086,Mary,Hall,Doctor 18,2023-03-04
P1243,Eric,Campbell,Doctor 10,2023-03-04
P1252,Brian,Young,Doctor 8,2023-03-04
P1265,Kimberly,Walker,Doctor 17,2023-03-04
P1269,Amy,Sanchez,Doctor 4,2023-03-04
P1272,Virginia,Castillo,Doctor 10,2023-03-04
P1319,Laura,Lee,Doctor 1,2023-03-04
P1332,George,Jackson,Doctor 8,2023-03-04
P1347,Helen,Sanchez,Doctor 10,2023-03-04
P1382,Ruth,Chavez,Doctor 12,2023-03-04
P1386,Kevin,Patel,Doctor 10,2023-03-04
P1402,Nicholas,Rivera,Doctor 17,2023-03-04
P1410,Andrew,Martinez,Doctor 20,2023-03-04
P1635,Larry,Cox,Doctor 7,2023-03-04
P1722,Larry,Wood,Doctor 16,2023-03-04
P1786,Anna,Richardson,Doctor 17,2023-03-04
P1811,Patrick,Carter,Doctor 20,2023-03-04
P1914,Virginia,Collins,Doctor 3,2023-03-04
P1918,Melissa,Price,Doctor 12,2023-03-04
P1928,Samuel,White,Doctor 8,2023-03-04
P2009,Anthony,Campbell,Doctor 5,2023-03-04
P0029,Michelle,Evans,Doctor 2,2023-03-05
P0154,Shirley,Gomez,Doctor 20,2023-03-05
P0158,Sandra,Sanders,Doctor 2,2023-03-05
P0240,Dennis,Thomas,Doctor 1,2023-03-05
P0269,Michael,Walker,Doctor 6,2023-03-05
P0301,Kimberly,Green,Doctor 19,2023-03-05
P0353,Joseph,Bennett,Doctor 20,2023-03-05
P0410,Ruth,Watson,Doctor 7,2023-03-05
P0475,Elizabeth,Hill,Doctor 11,2023-03-05
P0645,Brenda,Harris,Doctor 4,2023-03-05
P0723,Jason,Patel,Doctor 14,2023-03-05
P0785,Donna,Edwards,Doctor 2,2023-03-05
P0823,Ruth,Moore,Doctor 16,2023-03-05
P0931,Elizabeth,Wright,Doctor 8,2023-03-05
P0947,Helen,Cruz,Doctor 18,2023-03-05
P0949,Benjamin,Cook,Doctor 15,2023-03-05
P1084,Carol,Brooks,Doctor 3,2023-03-05
P1089,Deborah,Diaz,Doctor 3,2023-03-05
P1154,Daniel,Lewis,Doctor 9,2023-03-05
P1174,Gary,Gonzalez,Doctor 7,2023-03-05
P1339,Rebecca,Johnson,Doctor 10,2023-03-05
P1400,Donna,Patel,Doctor 2,2023-03-05
P1404,James,Allen,Doctor 6,2023-03-05
P1425,Lisa,Hill,Doctor 1,2023-03-05
P1459,Eric,Thompson,Doctor 17,2023-03-05
P1551,Shirley,Roberts,Doctor 3,2023-03-05
P1554,Sarah,Scott,Doctor 19,2023-03-05
P1615,Betty,Brooks,Doctor 7,2023-03-05
P1619,Eric,Alvarez,Doctor 5,2023-03-05
P1742,Justin,Roberts,Doctor 7,2023-03-05
P1917,Kevin,Perez,Doctor 13,2023-03-05
P1960,Lisa,Gutierrez,Doctor 10,2023-03-05
P2017,Steven,Baker,Doctor 6,2023-03-05
P2023,Sandra,Ortiz,Doctor 10,2023-03-05
P2115,Edward,Ramos,Doctor 19,2023-03-05
P2230,Donald,Sanchez,Doctor 9,2023-03-05
P2262,Ryan,Sanchez,Doctor 14,2023-03-05
P0004,Amy,Green,Doctor 12,2023-03-06
P0072,Lisa,Williams,Doctor 20,2023-03-06
P0076,Emma,Kelly,Doctor 7,2023-03-06
P0082,Michelle,Martinez,Doctor 16,2023-03-06
P0125,Kenneth,Hughes,Doctor 9,2023-03-06
P0236,Helen,Wood,Doctor 12,2023-03-06
P0456,Jonathan,Jackson,Doctor 17,2023-03-06
P0484,Virginia,Jackson,Doctor 19,2023-03-06
P0547,Matthew,Flores,Doctor 14,2023-03-06
P0582,Karen,Taylor,Doctor 1,2023-03-06
P0596,Larry,Gomez,Doctor 16,2023-03-06
P0612,Karen,Turner,Doctor 9,2023-03-06
P0700,Ruth,Morgan,Doctor 7,2023-03-06
P0720,Donna,Kim,Doctor 6,2023-03-06
P0857,Robert,Cooper,Doctor 9,2023-03-06
P0859,Stephen,Howard,Doctor 18,2023-03-06
P1000,Susan,Ward,Doctor 14,2023-03-06
P1196,Lisa,Anderson,Doctor 16,2023-03-06
P1538,Lisa,Allen,Doctor 8,2023-03-06
P1552,Aaron,Adams,Doctor 4,2023-03-06
P1640,Nancy,Rogers,Doctor 4,2023-03-06
P1727,Melissa,Castillo,Doctor 2,2023-03-06
P1765,Amy,Roberts,Doctor 9,2023-03-06
P1777,Raymond,Martin,Doctor 5,2023-03-06
P1916,Anna,Howard,Doctor 20,2023-03-06
P1938,Jerry,Lee,Doctor 4,2023-03-06
P2092,Matthew,Sanchez,Doctor 14,2023-03-06
P2127,Donna,Ward,Doctor 1,2023-03-06
P0014,Michelle,Mendoza,Doctor 1,2023-03-07
P0040,Larry,Martinez,Doctor 3,2023-03-07
P0062,Deborah,Gomez,Doctor 20,2023-03-07
P0101,Ruth,Campbell,Doctor 3,2023-03-07
P0308,Brian,Brown,Doctor 15,2023-03-07
P0555,Brenda,Sanchez,Doctor 2,2023-03-07
P0677,Eric,Moore,Doctor 18,2023-03-07
P0708,John,Sanchez,Doctor 18,2023-03-07
P0710,Larry,Hughes,Doctor 17,2023-03-07
P0728,Michael,Cruz,Doctor 16,2023-03-07
P0783,Anna,Kelly,Doctor 2,2023-03-07
P0809,Kimberly,Wood,Doctor 12,2023-03-07
P0834,Kimberly,Ruiz,Doctor 14,2023-03-07
P0873,Andrew,Evans,Doctor 7,2023-03-07
P0919,Thomas,Ramirez,Doctor 13,2023-03-07
P0979,John,Rogers,Doctor 2,2023-03-07
P1105,Steven,Flores,Doctor 5,2023-03-07
P1128,Donald,Torres,Doctor 18,2023-03-07
P1154,Daniel,Lewis,Doctor 9,2023-03-07
P1297,Joshua,Ruiz,Doctor 7,2023-03-07
P1481,Gregory,Howard,Doctor 20,2023-03-07
P1505,Brian,Phillips,Doctor 6,2023-03-07
P1570,Sarah,Edwards,Doctor 15,2023-03-07
P1612,Frank,Baker,Doctor 5,2023-03-07
P1691,Linda,Brown,Doctor 2,2023-03-07
P1764,Scott,Sanchez,Doctor 19,2023-03-07
P1816,Scott,Thompson,Doctor 12,2023-03-07
P1848,Matthew,Alvarez,Doctor 5,2023-03-07
P1851,Jose,Bailey,Doctor 2,2023-03-07
P1955,Karen,Williams,Doctor 15,2023-03-07
P1985,Lisa,Taylor,Doctor 11,2023-03-07
P2022,Jason,Stewart,Doctor 9,2023-03-07
P2061,Gary,Turner,Doctor 20,2023-03-07
P2204,Frank,Parker,Doctor 4,2023-03-07
P2305,Ruth,Perez,Doctor 13,2023-03-07
P0012,Steven,Scott,Doctor 20,2023-03-08
P0101,Ruth,Campbell,Doctor 20,2023-03-08
P0197,Shirley,Bennett,Doctor 11,2023-03-08
P0245,Deborah,Hernandez,Doctor 15,2023-03-08
P0262,Jonathan,Lopez,Doctor 5,2023-03-08
P0278,Melissa,Wilson,Doctor 13,2023-03-08
P0300,Laura,Martinez,Doctor 18,2023-03-08
P0655,Angela,Harris,Doctor 6,2023-03-08
P0968,Scott,Cooper,Doctor 20,2023-03-08
P0972,Joseph,Ward,Doctor 11,2023-03-08
P1003,Sarah,Jackson,Doctor 13,2023-03-08
P1038,Michelle,Adams,Doctor 7,2023-03-08
P1079,Elizabeth,Bennett,Doctor 3,2023-03-08
P1129,Lisa,Torres,Doctor 19,2023-03-08
P1152,Justin,Lee,Doctor 7,2023-03-08
P1325,Robert,Adams,Doctor 1,2023-03-08
P1360,Thomas,Taylor,Doctor 2,2023-03-08
P1587,Shirley,Brooks,Doctor 3,2023-03-08
P1609,Virginia,Cox,Doctor 11,2023-03-08
P1721,Michelle,Cruz,Doctor 20,2023-03-08
P1745,Scott,Torres,Doctor 4,2023-03-08
P1917,Kevin,Perez,Doctor 6,2023-03-08
P2003,Eric,Gonzalez,Doctor 17,2023-03-08
P2005,Ronald,Hernandez,Doctor 19,2023-03-08
P2007,Jessica,Lewis,Doctor 3,2023-03-08
P2050,Steven,Chavez,Doctor 17,2023-03-08
P2095,Kenneth,Stewart,Doctor 1,2023-03-08
P2138,Melissa,Ortiz,Doctor 9,2023-03-08
P2167,Jessica,Edwards,Doctor 20,2023-03-08
P0037,Patricia,Allen,Doctor 13,2023-03-09
P0056,Benjamin,Watson,Doctor 1,2023-03-09
P0158,Sandra,Sanders,Doctor 4,2023-03-09
P0217,Laura,Brown,Doctor 3,2023-03-09
P0230,Kimberly,Harris,Doctor 1,2023-03-09
P0335,Elizabeth,Rivera,Doctor 9,2023-03-09
P0370,Joshua,Allen,Doctor 9,2023-03-09
P0556,Kathleen,Taylor,Doctor 19,2023-03-09
P0578,Jessica,Sanchez,Doctor 1,2023-03-09
P0601,Rebecca,Parker,Doctor 20,2023-03-09
P0641,Emma,Rogers,Doctor 9,2023-03-09
P0706,Benjamin,Chavez,Doctor 10,2023-03-09
P0753,Brandon,Campbell,Doctor 19,2023-03-09
P0756,Helen,King,Doctor 4,2023-03-09
P0819,Richard,Mitchell,Doctor 8,2023-03-09
P0955,Jacob,Carter,Doctor 18,2023-03-09
P0995,Richard,Morgan,Doctor 15,2023-03-09
P1051,Karen,King,Doctor 12,2023-03-09
P1092,Richard,Nelson,Doctor 17,2023-03-09
P1099,Jessica,Lopez,Doctor 14,2023-03-09
P1136,Shirley,Walker,Doctor 1,2023-03-09
P1528,Andrew,Clark,Doctor 8,2023-03-09
P1616,Michael,Nguyen,Doctor 17,2023-03-09
P1764,Scott,Sanchez,Doctor 7,2023-03-09
P1766,Stephen,Anderson,Doctor 20,2023-03-09
P1767,William,Edwards,Doctor 9,2023-03-09
P1774,David,Howard,Doctor 17,2023-03-09
P1887,Carol,Bailey,Doctor 7,2023-03-09
P2056,Aaron,Lee,Doctor 3,2023-03-09
P2133,Scott,Green,Doctor 3,2023-03-09
P2174,Nicholas,Murphy,Doctor 10,2023-03-09
P2190,Dorothy,Gonzalez,Doctor 2,2023-03-09
P2233,David,Cox,Doctor 6,2023-03-09
P0065,Laura,Mitchell,Doctor 5,2023-03-10
P0268,Sharon,Walker,Doctor 11,2023-03-10
P0306,Benjamin,Ruiz,Doctor 3,2023-03-10
P0316,William,Castillo,Doctor 1,2023-03-10
P0446,Gregory,Hughes,Doctor 13,2023-03-10
P0498,Larry,Nguyen,Doctor 15,2023-03-10
P0628,Ryan,Watson,Doctor 19,2023-03-10
P0711,Lisa,Hall,Doctor 8,2023-03-10
P0880,Dorothy,Chavez,Doctor 6,2023-03-10
P0908,Steven,Peterson,Doctor 18,2023-03-10
P1002,Helen,Kelly,Doctor 20,2023-03-10
P1113,Laura,Brooks,Doctor 10,2023-03-10
P1209,Helen,Ruiz,Doctor 1,2023-03-10
P1255,Edward,Diaz,Doctor 12,2023-03-10
P1267,Donald,Robinson,Doctor 10,2023-03-10
P1319,Laura,Lee,Doctor 7,2023-03-10
P1345,Jonathan,Morales,Doctor 17,2023-03-10
P1374,Jerry,Anderson,Doctor 12,2023-03-10
P1416,Rebecca,Reyes,Doctor 13,2023-03-10
P1636,Sandra,Collins,Doctor 18,2023-03-10
P1687,Anthony,Hall,Doctor 12,2023-03-10
P1702,Daniel,Stewart,Doctor 17,2023-03-10
P1813,Brenda,Myers,Doctor 7,2023-03-10
P1874,Elizabeth,Martin,Doctor 9,2023-03-10
P1936,Donald,Cruz,Doctor 1,2023-03-10
P2003,Eric,Gonzalez,Doctor 16,2023-03-10
P2091,Daniel,Allen,Doctor 5,2023-03-10
P2140,Anna,Patel,Doctor 6,2023-03-10
P2164,Kathleen,Miller,Doctor 18,2023-03-10
P0227,Ryan,Morales,Doctor 19,2023-03-11
P0294,Joseph,Bailey,Doctor 14,2023-03-11
P0440,David,Watson,Doctor 5,2023-03-11
P0476,Richard,Sanchez,Doctor 8,2023-03-11
P0615,Christopher,Roberts,Doctor 5,2023-03-11
P0803,Eric,Ramos,Doctor 15,2023-03-11
P0809,Kimberly,Wood,Doctor 12,2023-03-11
P1148,Sarah,Collins,Doctor 18,2023-03-11
P1237,Linda,Hernandez,Doctor 5,2023-03-11
P1273,Sharon,Edwards,Doctor 15,2023-03-11
P1297,Joshua,Ruiz,Doctor 7,2023-03-11
P1300,Kathleen,Cox,Doctor 16,2023-03-11
P1396,Susan,Phillips,Doctor 17,2023-03-11
P1399,Michael,Torres,Doctor 3,2023-03-11
P1459,Eric,Thompson,Doctor 3,2023-03-11
P1500,Ruth,Thompson,Doctor 19,2023-03-11
P1502,Helen,Ramos,Doctor 8,2023-03-11
P1542,Karen,Lee,Doctor 16,2023-03-11
P1577,Samuel,Walker,Doctor 19,2023-03-11
P1600,Tyler,James,Doctor 3,2023-03-11
P1785,Donald,Patel,Doctor 20,2023-03-11
P1947,Jonathan,Gray,Doctor 20,2023-03-11
P1975,Matthew,Lee,Doctor 9,2023-03-11
P2045,Nicholas,Roberts,Doctor 17,2023-03-11
P2057,Kenneth,Adams,Doctor 1,2023-03-11
P2073,Virginia,Young,Doctor 12,2023-03-11
P2107,Laura,Ramirez,Doctor 15,2023-03-11
P2154,Kevin,Thomas,Doctor 8,2023-03-11
P2266,Joshua,Watson,Doctor 8,2023-03-11
P0043,Steven,Harris,Doctor 14,2023-03-12
P0232,Helen,Murphy,Doctor 14,2023-03-12
P0458,Dennis,Adams,Doctor 7,2023-03-12
P0488,Michelle,Wilson,Doctor 13,2023-03-12
P0511,Rebecca,Thomas,Doctor 17,2023-03-12
P0575,Brian,Chavez,Doctor 12,2023-03-12
P0740,Cynthia,Morales,Doctor 16,2023-03-12
P0771,Larry,Watson,Doctor 15,2023-03-12
P0782,Gary,Smith,Doctor 10,2023-03-12
P0824,Melissa,Stewart,Doctor 9,2023-03-12
P0871,Donald,Ramirez,Doctor 12,2023-03-12
P1009,William,Young,Doctor 7,2023-03-12
P1094,Sharon,Davis,Doctor 9,2023-03-12
P1167,Larry,Ruiz,Doctor 9,2023-03-12
P1222,Ruth,Murphy,Doctor 7,2023-03-12
P1334,Sarah,Bennett,Doctor 6,2023-03-12
P1357,Gregory,Ramos,Doctor 5,2023-03-12
P1650,Jerry,Nelson,Doctor 5,2023-03-12
P1695,Emma,Morgan,Doctor 3,2023-03-12
P1749,Timothy,Roberts,Doctor 20,2023-03-12
P1806,David,Clark,Doctor 6,2023-03-12
P1850,Dennis,White,Doctor 4,2023-03-12
P2024,Virginia,Edwards,Doctor 15,2023-03-12
P2274,Brian,Garcia,Doctor 2,2023-03-12
P2305,Ruth,Perez,Doctor 13,2023-03-12
P0124,Brian,Cox,Doctor 19,2023-03-13
P0166,Brian,Ruiz,Doctor 19,2023-03-13
P0230,Kimberly,Harris,Doctor 20,2023-03-13
P0239,Kimberly,White,Doctor 16,2023-03-13
P0252,Betty,Mitchell,Doctor 18,2023-03-13
P0271,Deborah,Murphy,Doctor 9,2023-03-13
P0317,Jennifer,Jones,Doctor 1,2023-03-13
P0322,Patricia,Cook,Doctor 17,2023-03-13
P0397,Joseph,Young,Doctor 13,2023-03-13
P0470,Sandra,Carter,Doctor 20,2023-03-13
P0528,Jacob,Bennett,Doctor 4,2023-03-13
P0663,Carol,Hernandez,Doctor 10,2023-03-13
P0699,Timothy,Williams,Doctor 8,2023-03-13
P0755,Laura,Phillips,Doctor 8,2023-03-13
P0757,Gary,Edwards,Doctor 17,2023-03-13
P1140,Charles,Collins,Doctor 10,2023-03-13
P1266,Cynthia,Martinez,Doctor 11,2023-03-13
P1446,Patrick,Hill,Doctor 12,2023-03-13
P1489,Jason,Sanchez,Doctor 8,2023-03-13
P1508,Jerry,Hughes,Doctor 7,2023-03-13
P1533,Sandra,Cruz,Doctor 9,2023-03-13
P1554,Sarah,Scott,Doctor 19,2023-03-13
P1627,Ryan,Alvarez,Doctor 5,2023-03-13
P1704,Kimberly,Kelly,Doctor 17,2023-03-13
P1714,Nancy,Parker,Doctor 11,2023-03-13
P1731,Melissa,Murphy,Doctor 19,2023-03-13
P1806,David,Clark,Doctor 1,2023-03-13
P1861,Kathleen,Gonzalez,Doctor 9,2023-03-13
P1880,Kenneth,Sanders,Doctor 13,2023-03-13
P1963,Rebecca,Harris,Doctor 2,2023-03-13
P2029,Sandra,Harris,Doctor 20,2023-03-13
P2136,Thomas,Rivera,Doctor 14,2023-03-13
P2139,Andrew,Rogers,Doctor 11,2023-03-13
P2168,Patricia,Johnson,Doctor 11,2023-03-13
P2264,Samuel,Morris,Doctor 8,2023-03-13
P2274,Brian,Garcia,Doctor 2,2023-03-13
P0017,George,Bennett,Doctor 14,2023-03-14
P0164,Ronald,Young,Doctor 2,2023-03-14
P0192,Jonathan,Morgan,Doctor 10,2023-03-14
P0215,Jessica,Castillo,Doctor 5,2023-03-14
P0236,Helen,Wood,Doctor 6,2023-03-14
P0316,William,Castillo,Doctor 1,2023-03-14
P0427,Richard,Turner,Doctor 8,2023-03-14
P0497,Kenneth,Gonzalez,Doctor 10,2023-03-14
P0577,Jessica,Patel,Doctor 13,2023-03-14
P0581,Sarah,Gutierrez,Doctor 10,2023-03-14
P0641,Emma,Rogers,Doctor 10,2023-03-14
P0643,Michelle,Myers,Doctor 19,2023-03-14
P0660,Carol,Martin,Doctor 4,2023-03-14
P0675,Gregory,Murphy,Doctor 5,2023-03-14
P0709,Susan,Wood,Doctor 3,2023-03-14
P0714,Frank,Kim,Doctor 6,2023-03-14
P0762,Jacob,Brown,Doctor 14,2023-03-14
P0814,Robert,Howard,Doctor 17,2023-03-14
P0932,Robert,Brooks,Doctor 9,2023-03-14
P0963,Michelle,Nguyen,Doctor 19,2023-03-14
P1002,Helen,Kelly,Doctor 20,2023-03-14
P1115,Dorothy,Sanchez,Doctor 11,2023-03-14
P1287,Carol,Turner,Doctor 20,2023-03-14
P1310,Carol,Smith,Doctor 5,2023-03-14
P1521,George,Robinson,Doctor 1,2023-03-14
P1583,William,Baker,Doctor 4,2023-03-14
P1613,Rebecca,Morgan,Doctor 16,2023-03-14
P1690,Deborah,Lee,Doctor 11,2023-03-14
P1796,Angela,Peterson,Doctor 7,2023-03-14
P1835,Helen,Turner,Doctor 11,2023-03-14
P1934,Frank,James,Doctor 2,2023-03-14
P1954,Daniel,Price,Doctor 7,2023-03-14
P1955,Karen,Williams,Doctor 1,2023-03-14
P1959,James,Lee,Doctor 8,2023-03-14
P1982,Mary,Carter,Doctor 2,2023-03-14
P2021,Brian,Gomez,Doctor 20,2023-03-14
P2093,Scott,Reyes,Doctor 17,2023-03-14
P2134,Tyler,Moore,Doctor 16,2023-03-14
P2181,Edward,Perez,Doctor 5,2023-03-14
P2248,Matthew,Ortiz,Doctor 10,2023-03-14
P2268,Steven,Evans,Doctor 13,2023-03-14
P2277,Anna,Torres,Doctor 12,2023-03-14
P2280,Michelle,Ortiz,Doctor 17,2023-03-14
P2285,Jack,Patel,Doctor 11,2023-03-14
P0054,Thomas,Rodriguez,Doctor 14,2023-03-15
P0128,Kenneth,Myers,Doctor 19,2023-03-15
P0149,Frank,Martinez,Doctor 20,2023-03-15
P0423,Kevin,Cox,Doctor 10,2023-03-15
P0437,Michelle,Parker,Doctor 19,2023-03-15
P0464,Jennifer,Rivera,Doctor 6,2023-03-15
P0480,Laura,Walker,Doctor 5,2023-03-15
P0482,Helen,Harris,Doctor 10,2023-03-15
P0500,Cynthia,Gutierrez,Doctor 3,2023-03-15
P0503,Karen,Brooks,Doctor 3,2023-03-15
P0523,Helen,Parker,Doctor 11,2023-03-15
P0606,Kevin,Gomez,Doctor 10,2023-03-15
P0719,Deborah,Williams,Doctor 5,2023-03-15
P0873,Andrew,Evans,Doctor 5,2023-03-15
P0973,Gregory,Cook,Doctor 10,2023-03-15
P0975,Susan,Gomez,Doctor 15,2023-03-15
P1001,Kevin,Ramirez,Doctor 8,2023-03-15
P1062,Jose,Robinson,Doctor 6,2023-03-15
P1095,Ryan,Carter,Doctor 9,2023-03-15
P1155,Stephen,Ortiz,Doctor 5,2023-03-15
P1212,Sandra,Howard,Doctor 18,2023-03-15
P1226,Jeffrey,Alvarez,Doctor 6,2023-03-15
P1230,Eric,Sanders,Doctor 15,2023-03-15
P1299,Kenneth,Nelson,Doctor 2,2023-03-15
P1308,Sharon,Cox,Doctor 14,2023-03-15
P1317,Anthony,Myers,Doctor 17,2023-03-15
P1466,Cynthia,Ruiz,Doctor 15,2023-03-15
P1481,Gregory,Howard,Doctor 13,2023-03-15
P1633,Tyler,Richardson,Doctor 12,2023-03-15
P1702,Daniel,Stewart,Doctor 19,2023-03-15
P1727,Melissa,Castillo,Doctor 2,2023-03-15
P1841,Rebecca,Turner,Doctor 5,2023-03-15
P1854,Deborah,Morris,Doctor 17,2023-03-15
P1856,Justin,Diaz,Doctor 18,2023-03-15
P1891,Kimberly,Morgan,Doctor 6,2023-03-15
P1954,Daniel,Price,Doctor 7,2023-03-15
P2057,Kenneth,Adams,Doctor 1,2023-03-15
P2070,Deborah,Ramirez,Doctor 13,2023-03-15
P2129,Sandra,Robinson,Doctor 17,2023-03-15
P2252,Kevin,Morgan,Doctor 15,2023-03-15
P2300,Anthony,Miller,Doctor 10,2023-03-15
P0193,Karen,Lopez,Doctor 13,2023-03-16
P0244,Elizabeth,Chavez,Doctor 17,2023-03-16
P0280,Sharon,Ortiz,Doctor 7,2023-03-16
P0297,Benjamin,Evans,Doctor 11,2023-03-16
P0302,Nicholas,Moore,Doctor 14,2023-03-16
P0313,Stephen,Cook,Doctor 10,2023-03-16
P0342,Tyler,Smith,Doctor 5,2023-03-16
P0360,Donna,Adams,Doctor 5,2023-03-16
P0389,Jerry,Parker,Doctor 11,2023-03-16
P0408,Sarah,Price,Doctor 13,2023-03-16
P0429,Laura,Alvarez,Doctor 16,2023-03-16
P0447,Donna,Brooks,Doctor 1,2023-03-16
P0455,Nancy,Hughes,Doctor 19,2023-03-16
P1002,Helen,Kelly,Doctor 11,2023-03-16
P1052,Linda,Carter,Doctor 5,2023-03-16
P1082,Charles,Johnson,Doctor 5,2023-03-16
P1538,Lisa,Allen,Doctor 3,2023-03-16
P1596,Kevin,Parker,Doctor 15,2023-03-16
P1621,Sarah,Kim,Doctor 11,2023-03-16
P1636,Sandra,Collins,Doctor 18,2023-03-16
P1795,Timothy,Wright,Doctor 2,2023-03-16
P1933,Brenda,Castillo,Doctor 3,2023-03-16
P1979,Jack,Ramirez,Doctor 4,2023-03-16
P2070,Deborah,Ramirez,Doctor 12,2023-03-16
P2093,Scott,Reyes,Doctor 17,2023-03-16
P2106,Thomas,Flores,Doctor 13,2023-03-16
P2107,Laura,Ramirez,Doctor 20,2023-03-16
P2146,Jerry,Campbell,Doctor 19,2023-03-16
P0016,Jason,Garcia,Doctor 4,2023-03-17
P0019,Laura,Martin,Doctor 18,2023-03-17
P0046,Sandra,Wright,Doctor 13,2023-03-17
P0096,Nicholas,Torres,Doctor 3,2023-03-17
P0199,Kathleen,Diaz,Doctor 11,2023-03-17
P0234,Justin,Mitchell,Doctor 3,2023-03-17
P0243,Matthew,Gomez,Doctor 11,2023-03-17
P0304,Melissa,Edwards,Doctor 8,2023-03-17
P0318,Rebecca,Baker,Doctor 20,2023-03-17
P0326,Sandra,Brooks,Doctor 16,2023-03-17
P0539,Jennifer,Green,Doctor 2,2023-03-17
P0566,Eric,Phillips,Doctor 8,2023-03-17
P0597,Richard,Chavez,Doctor 19,2023-03-17
P0684,Michelle,Gray,Doctor 9,2023-03-17
P0748,Dorothy,Campbell,Doctor 20,2023-03-17
P1080,Kimberly,Wright,Doctor 5,2023-03-17
P1234,Rebecca,Nelson,Doctor 9,2023-03-17
P1244,Donna,Thompson,Doctor 3,2023-03-17
P1420,Timothy,Campbell,Doctor 10,2023-03-17
P1455,Laura,Rivera,Doctor 3,2023-03-17
P1544,Shirley,Clark,Doctor 12,2023-03-17
P1605,James,Clark,Doctor 14,2023-03-17
P1876,Christopher,Perez,Doctor 17,2023-03-17
P2102,William,Kelly,Doctor 4,2023-03-17
P2155,Dorothy,Jackson,Doctor 20,2023-03-17
P2170,Jonathan,Morris,Doctor 2,2023-03-17
P2255,George,Allen,Doctor 4,2023-03-17
P2270,Betty,Hughes,Doctor 19,2023-03-17
P2276,Jeffrey,Martinez,Doctor 20,2023-03-17
P0090,Mary,Adams,Doctor 11,2023-03-18
P0234,Justin,Mitchell,Doctor 4,2023-03-18
P0314,David,Lee,Doctor 13,2023-03-18
P0323,Linda,Phillips,Doctor 2,2023-03-18
P0339,Daniel,Green,Doctor 6,2023-03-18
P0345,David,Reyes,Doctor 1,2023-03-18
P0422,Shirley,Lee,Doctor 2,2023-03-18
P0443,Stephen,Campbell,Doctor 19,2023-03-18
P0562,Charles,Baker,Doctor 4,2023-03-18
P0581,Sarah,Gutierrez,Doctor 17,2023-03-18
P0596,Larry,Gomez,Doctor 4,2023-03-18
P0596,Larry,Gomez,Doctor 3,2023-03-18
P0616,Nicholas,Gutierrez,Doctor 12,2023-03-18
P0659,Matthew,Mitchell,Doctor 4,2023-03-18
P0715,Lisa,Bennett,Doctor 18,2023-03-18
P0777,Sarah,Garcia,Doctor 4,2023-03-18
P0881,Kimberly,Ramirez,Doctor 11,2023-03-18
P0905,Samuel,Rodriguez,Doctor 14,2023-03-18
P0914,Kenneth,Gomez,Doctor 6,2023-03-18
P0920,Jack,Clark,Doctor 1,2023-03-18
P0998,Karen,Hill,Doctor 2,2023-03-18
P1027,Jack,Kim,Doctor 11,2023-03-18
P1101,Lisa,Ruiz,Doctor 19,2023-03-18
P1392,Alexander,Sanchez,Doctor 1,2023-03-18
P1423,Lisa,Morales,Doctor 11,2023-03-18
P1471,Samuel,Cox,Doctor 7,2023-03-18
P1518,Steven,Young,Doctor 11,2023-03-18
P1559,John,Adams,Doctor 20,2023-03-18
P1598,Sandra,Murphy,Doctor 13,2023-03-18
P1675,Ruth,Diaz,Doctor 4,2023-03-18
P1683,Jacob,Robinson,Doctor 12,2023-03-18
P1710,Ruth,Taylor,Doctor 18,2023-03-18
P1723,Frank,Cruz,Doctor 14,2023-03-18
P1725,Robert,Wilson,Doctor 10,2023-03-18
P1860,Donna,Lee,Doctor 6,2023-03-18
P1941,Scott,Wilson,Doctor 18,2023-03-18
P1987,Alexander,Nguyen,Doctor 19,2023-03-18
P1996,Melissa,Perez,Doctor 16,2023-03-18
P1999,Angela,Chavez,Doctor 12,2023-03-18
P2099,Edward,Bennett,Doctor 11,2023-03-18
P2110,Linda,Collins,Doctor 5,2023-03-18
P0004,Amy,Green,Doctor 12,2023-03-19
P0094,Amy,Johnson,Doctor 3,2023-03-19
P0194,Robert,Nelson,Doctor 4,2023-03-19
P0292,Jennifer,Howard,Doctor 4,2023-03-19
P0350,Jacob,Thomas,Doctor 20,2023-03-19
P0424,Richard,Wright,Doctor 7,2023-03-19
P0491,Ruth,Brooks,Doctor 3,2023-03-19
P0510,Jeffrey,Allen,Doctor 7,2023-03-19
P0543,Anthony,Perez,Doctor 9,2023-03-19
P0727,Brandon,Gutierrez,Doctor 17,2023-03-19
P0751,Ronald,Mitchell,Doctor 1,2023-03-19
P0784,Gary,Collins,Doctor 18,2023-03-19
P0785,Donna,Edwards,Doctor 13,2023-03-19
P0859,Stephen,Howard,Doctor 8,2023-03-19
P0888,Nancy,Carter,Doctor 1,2023-03-19
P0909,Patricia,Chavez,Doctor 16,2023-03-19
P0939,Donald,Turner,Doctor 13,2023-03-19
P1019,Robert,Cook,Doctor 3,2023-03-19
P1085,Kimberly,James,Doctor 17,2023-03-19
P1118,Patrick,Jones,Doctor 10,2023-03-19
P1132,Laura,Jones,Doctor 18,2023-03-19
P1252,Brian,Young,Doctor 8,2023-03-19
P1307,Donna,Rivera,Doctor 12,2023-03-19
P1310,Carol,Smith,Doctor 5,2023-03-19
P1334,Sarah,Bennett,Doctor 6,2023-03-19
P1358,Tyler,Ramos,Doctor 1,2023-03-19
P1372,Amy,Howard,Doctor 5,2023-03-19
P1421,Betty,Howard,Doctor 19,2023-03-19
P1526,Barbara,White,Doctor 19,2023-03-19
P1680,Donna,Howard,Doctor 4,2023-03-19
P1766,Stephen,Anderson,Doctor 20,2023-03-19
P1767,William,Edwards,Doctor 9,2023-03-19
P1857,Jeffrey,Kim,Doctor 14,2023-03-19
P1885,Gregory,Campbell,Doctor 19,2023-03-19
P0043,Steven,Harris,Doctor 5,2023-03-20
P0057,Sandra,James,Doctor 13,2023-03-20
P0072,Lisa,Williams,Doctor 20,2023-03-20
P0104,Barbara,Adams,Doctor 19,2023-03-20
P0152,Michelle,Jackson,Doctor 1,2023-03-20
P0199,Kathleen,Diaz,Doctor 18,2023-03-20
P0236,Helen,Wood,Doctor 6,2023-03-20
P0292,Jennifer,Howard,Doctor 3,2023-03-20
P0319,Sandra,Anderson,Doctor 1,2023-03-20
P0406,Jacob,Hill,Doctor 8,2023-03-20
P0418,Kevin,Wilson,Doctor 20,2023-03-20
P0583,Kimberly,Hernandez,Doctor 12,2023-03-20
P0674,Anthony,Richardson,Doctor 11,2023-03-20
P0929,Dorothy,Rogers,Doctor 18,2023-03-20
P0932,Robert,Brooks,Doctor 9,2023-03-20
P1038,Michelle,Adams,Doctor 19,2023-03-20
P1042,Joseph,Thompson,Doctor 7,2023-03-20
P1108,Jose,Campbell,Doctor 17,2023-03-20
P1393,Jerry,Williams,Doctor 2,2023-03-20
P1518,Steven,Young,Doctor 10,2023-03-20
P1664,Barbara,Carter,Doctor 9,2023-03-20
P1990,Kimberly,Rogers,Doctor 15,2023-03-20
P2016,Sarah,Myers,Doctor 16,2023-03-20
P2109,Lisa,Carter,Doctor 7,2023-03-20
P0037,Patricia,Allen,Doctor 6,2023-03-21
P0054,Thomas,Rodriguez,Doctor 14,2023-03-21
P0113,Ruth,Wright,Doctor 1,2023-03-21
P0142,Melissa,Mendoza,Doctor 8,2023-03-21
P0198,Laura,Reed,Doctor 7,2023-03-21
P0219,Ruth,Thomas,Doctor 16,2023-03-21
P0253,Donald,Jackson,Doctor 4,2023-03-21
P0461,Rebecca,Young,Doctor 4,2023-03-21
P0506,Carol,Thomas,Doctor 8,2023-03-21
P0596,Larry,Gomez,Doctor 3,2023-03-21
P0597,Richard,Chavez,Doctor 12,2023-03-21
P0647,Matthew,Scott,Doctor 10,2023-03-21
P0860,Helen,Ward,Doctor 5,2023-03-21
P0868,Nicholas,Price,Doctor 16,2023-03-21
P0961,Stephen,Torres,Doctor 9,2023-03-21
P1034,Sarah,Thomas,Doctor 4,2023-03-21
P1055,Christopher,Chavez,Doctor 20,2023-03-21
P1188,Kathleen,Wood,Doctor 18,2023-03-21
P1190,Jason,Taylor,Doctor 5,2023-03-21
P1260,Rebecca,Price,Doctor 16,2023-03-21
P1276,Gregory,Ruiz,Doctor 15,2023-03-21
P1284,Alexander,Castillo,Doctor 5,2023-03-21
P1355,Donald,Bailey,Doctor 4,2023-03-21
P1469,Robert,Roberts,Doctor 18,2023-03-21
P1547,Raymond,Allen,Doctor 18,2023-03-21
P1598,Sandra,Murphy,Doctor 17,2023-03-21
P1790,Linda,Martin,Doctor 17,2023-03-21
P1865,Tyler,Jones,Doctor 2,2023-03-21
P1889,Eric,Johnson,Doctor 1,2023-03-21
P1973,Andrew,Robinson,Doctor 17,2023-03-21
P2034,Gary,Martinez,Doctor 6,2023-03-21
P2051,Matthew,Clark,Doctor 14,2023-03-21
P2054,Patrick,Patel,Doctor 7,2023-03-21
P2063,Eric,Morales,Doctor 12,2023-03-21
P2092,Matthew,Sanchez,Doctor 16,2023-03-21
P2164,Kathleen,Miller,Doctor 18,2023-03-21
P2196,Larry,Cruz,Doctor 18,2023-03-21
P2300,Anthony,Miller,Doctor 5,2023-03-21
P0025,Melissa,Ramirez,Doctor 20,2023-03-22
P0034,Sandra,Flores,Doctor 3,2023-03-22
P0076,Emma,Kelly,Doctor 12,2023-03-22
P0133,Betty,Alvarez,Doctor 19,2023-03-22
P0173,Stephen,White,Doctor 7,2023-03-22
P0220,Raymond,Reed,Doctor 6,2023-03-22
P0335,Elizabeth,Rivera,Doctor 9,2023-03-22
P0463,Helen,Peterson,Doctor 12,2023-03-22
P0486,Sandra,King,Doctor 12,2023-03-22
P0491,Ruth,Brooks,Doctor 10,2023-03-22
P0498,Larry,Nguyen,Doctor 15,2023-03-22
P0605,Jessica,James,Doctor 11,2023-03-22
P0691,Laura,Bailey,Doctor 8,2023-03-22
P0706,Benjamin,Chavez,Doctor 10,2023-03-22
P0711,Lisa,Hall,Doctor 16,2023-03-22
P0870,Patrick,Clark,Doctor 20,2023-03-22
P0919,Thomas,Ramirez,Doctor 19,2023-03-22
P1034,Sarah,Thomas,Doctor 4,2023-03-22
P1123,Sharon,Myers,Doctor 9,2023-03-22
P1126,Brandon,Myers,Doctor 7,2023-03-22
P1308,Sharon,Cox,Doctor 14,2023-03-22
P1327,Laura,Wright,Doctor 15,2023-03-22
P1334,Sarah,Bennett,Doctor 6,2023-03-22
P1359,Donald,Brooks,Doctor 1,2023-03-22
P1397,Ronald,Morales,Doctor 2,2023-03-22
P1532,Michelle,Price,Doctor 18,2023-03-22
P1573,Andrew,Morris,Doctor 4,2023-03-22
P1712,Susan,Campbell,Doctor 13,2023-03-22
P1768,Patricia,Lopez,Doctor 7,2023-03-22
P1800,Tyler,Hill,Doctor 14,2023-03-22
P1984,Jeffrey,Cox,Doctor 8,2023-03-22
P2046,Nancy,Moore,Doctor 5,2023-03-22
P2130,Kevin,Peterson,Doctor 7,2023-03-22
P2221,Samuel,Watson,Doctor 8,2023-03-22
P2287,Betty,King,Doctor 4,2023-03-22
P0010,Kenneth,Bailey,Doctor 7,2023-03-23
P0173,Stephen,White,Doctor 7,2023-03-23
P0207,Sandra,Wilson,Doctor 17,2023-03-23
P0292,Jennifer,Howard,Doctor 10,2023-03-23
P0307,Andrew,Cook,Doctor 15,2023-03-23
P0334,Steven,James,Doctor 4,2023-03-23
P0400,Steven,Morgan,Doctor 18,2023-03-23
P0412,Patrick,Green,Doctor 20,2023-03-23
P0413,Mark,Stewart,Doctor 3,2023-03-23
P0454,Nancy,Howard,Doctor 8,2023-03-23
P0458,Dennis,Adams,Doctor 7,2023-03-23
P0619,Aaron,Brooks,Doctor 14,2023-03-23
P0701,Dennis,Cox,Doctor 5,2023-03-23
P0851,Sarah,Reyes,Doctor 8,2023-03-23
P0982,Edward,Campbell,Doctor 9,2023-03-23
P0986,Kenneth,Morris,Doctor 1,2023-03-23
P1281,Emma,Davis,Doctor 14,2023-03-23
P1398,Alexander,Flores,Doctor 4,2023-03-23
P1454,Brian,Ramirez,Doctor 2,2023-03-23
P1498,Angela,Perez,Doctor 4,2023-03-23
P1573,Andrew,Morris,Doctor 5,2023-03-23
P1632,Sarah,Taylor,Doctor 4,2023-03-23
P1681,Richard,Rodriguez,Doctor 3,2023-03-23
P1700,Carol,Evans,Doctor 3,2023-03-23
P1704,Kimberly,Kelly,Doctor 4,2023-03-23
P1726,Karen,Adams,Doctor 18,2023-03-23
P1803,Ronald,Chavez,Doctor 15,2023-03-23
P1840,Jason,Ortiz,Doctor 14,2023-03-23
P1913,Kenneth,Martin,Doctor 8,2023-03-23
P1923,Sarah,Davis,Doctor 4,2023-03-23
P1963,Rebecca,Harris,Doctor 7,2023-03-23
P1972,Michelle,Johnson,Doctor 10,2023-03-23
P2024,Virginia,Edwards,Doctor 20,2023-03-23
P2133,Scott,Green,Doctor 3,2023-03-23
P2179,Richard,Rogers,Doctor 4,2023-03-23
P2190,Dorothy,Gonzalez,Doctor 15,2023-03-23
P2252,Kevin,Morgan,Doctor 13,2023-03-23
P0181,Joshua,Williams,Doctor 10,2023-03-24
P0346,Justin,Bennett,Doctor 12,2023-03-24
P0408,Sarah,Price,Doctor 4,2023-03-24
P0521,Laura,Castillo,Doctor 12,2023-03-24
P0567,Melissa,Miller,Doctor 11,2023-03-24
P0674,Anthony,Richardson,Doctor 8,2023-03-24
P0796,Patricia,Mendoza,Doctor 10,2023-03-24
P0913,Betty,Lewis,Doctor 13,2023-03-24
P0936,Rebecca,Morales,Doctor 19,2023-03-24
P0977,Justin,Ortiz,Doctor 20,2023-03-24
P1295,Barbara,Thompson,Doctor 20,2023-03-24
P1300,Kathleen,Cox,Doctor 16,2023-03-24
P1314,Robert,Hall,Doctor 16,2023-03-24
P1354,Kenneth,Wilson,Doctor 9,2023-03-24
P1363,Emma,Cox,Doctor 1,2023-03-24
P1567,Jeffrey,Watson,Doctor 13,2023-03-24
P1661,Helen,Adams,Doctor 2,2023-03-24
P1666,Dennis,Wright,Doctor 12,2023-03-24
P1744,David,Lewis,Doctor 3,2023-03-24
P1748,Kevin,Myers,Doctor 1,2023-03-24
P1754,Larry,Nelson,Doctor 14,2023-03-24
P1772,Laura,Wood,Doctor 13,2023-03-24
P1857,Jeffrey,Kim,Doctor 10,2023-03-24
P1867,Charles,Gray,Doctor 2,2023-03-24
P1928,Samuel,White,Doctor 6,2023-03-24
P2188,Richard,Gray,Doctor 20,2023-03-24
P2232,Betty,Evans,Doctor 15,2023-03-24
P2237,Dorothy,Collins,Doctor 13,2023-03-24
P2251,Steven,Thomas,Doctor 4,2023-03-24
P2296,Kenneth,Peterson,Doctor 3,2023-03-24
P0210,Benjamin,Murphy,Doctor 14,2023-03-25
P0233,Gregory,Johnson,Doctor 5,2023-03-25
P0248,Sandra,Lopez,Doctor 17,2023-03-25
P0294,Joseph,Bailey,Doctor 6,2023-03-25
P0307,Andrew,Cook,Doctor 15,2023-03-25
P0450,Angela,Scott,Doctor 11,2023-03-25
P0523,Helen,Parker,Doctor 14,2023-03-25
P0532,Brandon,Hernandez,Doctor 11,2023-03-25
P0546,Jack,Jackson,Doctor 6,2023-03-25
P0561,Scott,Evans,Doctor 6,2023-03-25
P0615,Christopher,Roberts,Doctor 13,2023-03-25
P0772,Virginia,Ortiz,Doctor 4,2023-03-25
P0896,Jose,Martinez,Doctor 12,2023-03-25
P0988,Sharon,Ward,Doctor 15,2023-03-25
P0993,Jack,Morris,Doctor 1,2023-03-25
P1030,Rebecca,Brooks,Doctor 14,2023-03-25
P1255,Edward,Diaz,Doctor 19,2023-03-25
P1335,Laura,Baker,Doctor 2,2023-03-25
P1579,Donald,Hill,Doctor 20,2023-03-25
P1713,Helen,Rodriguez,Doctor 18,2023-03-25
P1750,Cynthia,Robinson,Doctor 3,2023-03-25
P1823,Sharon,Lopez,Doctor 17,2023-03-25
P1839,Lisa,Brooks,Doctor 6,2023-03-25
P1964,Edward,Watson,Doctor 15,2023-03-25
P2143,Betty,Lee,Doctor 19,2023-03-25
P2204,Frank,Parker,Doctor 4,2023-03-25
P0209,Eric,Morris,Doctor 11,2023-03-26
P0239,Kimberly,White,Doctor 4,2023-03-26
P0246,Sandra,Ramos,Doctor 10,2023-03-26
P0250,Matthew,Miller,Doctor 5,2023-03-26
P0354,Lisa,Nelson,Doctor 4,2023-03-26
P0762,Jacob,Brown,Doctor 2,2023-03-26
P0797,Rebecca,Garcia,Doctor 2,2023-03-26
P0823,Ruth,Moore,Doctor 16,2023-03-26
P0847,Kimberly,Jones,Doctor 1,2023-03-26
P0879,Kenneth,Lee,Doctor 19,2023-03-26
P0935,Dennis,Ortiz,Doctor 15,2023-03-26
P0962,Laura,Murphy,Doctor 1,2023-03-26
P1026,Alexander,Reyes,Doctor 12,2023-03-26
P1038,Michelle,Adams,Doctor 19,2023-03-26
P1137,Matthew,Ruiz,Doctor 10,2023-03-26
P1296,Michael,Gomez,Doctor 16,2023-03-26
P1359,Donald,Brooks,Doctor 1,2023-03-26
P1371,Gary,Morales,Doctor 17,2023-03-26
P1441,Justin,Ruiz,Doctor 7,2023-03-26
P1459,Eric,Thompson,Doctor 3,2023-03-26
P1477,Matthew,Lewis,Doctor 15,2023-03-26
P1545,Virginia,Chavez,Doctor 6,2023-03-26
P1661,Helen,Adams,Doctor 2,2023-03-26
P1801,Larry,King,Doctor 16,2023-03-26
P1828,Aaron,Smith,Doctor 12,2023-03-26
P1908,Jose,Torres,Doctor 5,2023-03-26
P1925,Jeffrey,Gonzalez,Doctor 3,2023-03-26
P1995,Amy,Ramos,Doctor 1,2023-03-26
P2067,Sarah,Howard,Doctor 15,2023-03-26
P2086,Brian,Perez,Doctor 19,2023-03-26
P2146,Jerry,Campbell,Doctor 4,2023-03-26
P2156,Andrew,Phillips,Doctor 19,2023-03-26
P2304,Robert,Williams,Doctor 7,2023-03-26
P0010,Kenneth,Bailey,Doctor 15,2023-03-27
P0100,Tyler,White,Doctor 2,2023-03-27
P0317,Jennifer,Jones,Doctor 18,2023-03-27
P0325,Samuel,Ramirez,Doctor 6,2023-03-27
P0411,Brian,Walker,Doctor 6,2023-03-27
P0424,Richard,Wright,Doctor 3,2023-03-27
P0444,Anna,Young,Doctor 19,2023-03-27
P0481,Sandra,Castillo,Doctor 16,2023-03-27
P0567,Melissa,Miller,Doctor 16,2023-03-27
P0704,Virginia,Robinson,Doctor 20,2023-03-27
P0715,Lisa,Bennett,Doctor 5,2023-03-27
P0807,Alexander,Davis,Doctor 16,2023-03-27
P0873,Andrew,Evans,Doctor 5,2023-03-27
P0897,Jeffrey,Murphy,Doctor 17,2023-03-27
P0932,Robert,Brooks,Doctor 9,2023-03-27
P0938,Kathleen,Turner,Doctor 2,2023-03-27
P0975,Susan,Gomez,Doctor 15,2023-03-27
P1125,Raymond,Thompson,Doctor 8,2023-03-27
P1132,Laura,Jones,Doctor 12,2023-03-27
P1137,Matthew,Ruiz,Doctor 10,2023-03-27
P1167,Larry,Ruiz,Doctor 9,2023-03-27
P1194,Kimberly,Rodriguez,Doctor 6,2023-03-27
P1320,Dennis,Bailey,Doctor 9,2023-03-27
P1324,Gregory,Morgan,Doctor 9,2023-03-27
P1510,Dennis,Young,Doctor 5,2023-03-27
P1550,Alexander,Thompson,Doctor 3,2023-03-27
P1568,Brenda,Clark,Doctor 18,2023-03-27
P1775,Angela,Rodriguez,Doctor 12,2023-03-27
P1799,Ruth,Rodriguez,Doctor 6,2023-03-27
P1859,Dorothy,Alvarez,Doctor 12,2023-03-27
P1889,Eric,Johnson,Doctor 1,2023-03-27
P1997,Mary,Diaz,Doctor 8,2023-03-27
P2035,Angela,Hall,Doctor 16,2023-03-27
P2069,Jonathan,Collins,Doctor 20,2023-03-27
P2128,Benjamin,Moore,Doctor 8,2023-03-27
P2143,Betty,Lee,Doctor 4,2023-03-27
P2174,Nicholas,Murphy,Doctor 10,2023-03-27
P2253,Alexander,Morgan,Doctor 12,2023-03-27
P0042,Jason,Mitchell,Doctor 5,2023-03-28
P0112,George,Rivera,Doctor 18,2023-03-28
P0157,Lisa,Martin,Doctor 18,2023-03-28
P0284,Ruth,Bailey,Doctor 20,2023-03-28
P0328,Anthony,Harris,Doctor 5,2023-03-28
P0348,Nicholas,Cook,Doctor 17,2023-03-28
P0373,Barbara,Turner,Doctor 12,2023-03-28
P0412,Patrick,Green,Doctor 20,2023-03-28
P0426,Timothy,Hughes,Doctor 18,2023-03-28
P0543,Anthony,Perez,Doctor 9,2023-03-28
P0580,James,Edwards,Doctor 6,2023-03-28
P0869,Andrew,Myers,Doctor 2,2023-03-28
P0905,Samuel,Rodriguez,Doctor 14,2023-03-28
P0964,Edward,Young,Doctor 4,2023-03-28
P1034,Sarah,Thomas,Doctor 1,2023-03-28
P1040,Kimberly,Edwards,Doctor 13,2023-03-28
P1123,Sharon,Myers,Doctor 11,2023-03-28
P1143,Joseph,Gomez,Doctor 5,2023-03-28
P1246,Jason,Bailey,Doctor 7,2023-03-28
P1572,Eric,Sanchez,Doctor 15,2023-03-28
P1577,Samuel,Walker,Doctor 2,2023-03-28
P1663,Edward,Parker,Doctor 12,2023-03-28
P1686,Helen,Hernandez,Doctor 17,2023-03-28
P1779,Lisa,Chavez,Doctor 1,2023-03-28
P1792,Andrew,Thomas,Doctor 14,2023-03-28
P1825,Dennis,Davis,Doctor 2,2023-03-28
P1837,Michelle,Allen,Doctor 16,2023-03-28
P1982,Mary,Carter,Doctor 2,2023-03-28
P2053,Betty,Gonzalez,Doctor 16,2023-03-28
P2208,Timothy,Perez,Doctor 12,2023-03-28
P2256,Angela,Miller,Doctor 2,2023-03-28
P0219,Ruth,Thomas,Doctor 13,2023-03-29
P0222,Jessica,Walker,Doctor 17,2023-03-29
P0394,Scott,Kim,Doctor 19,2023-03-29
P0482,Helen,Harris,Doctor 3,2023-03-29
P0841,Patricia,Hill,Doctor 14,2023-03-29
P0848,Scott,Reed,Doctor 10,2023-03-29
P0977,Justin,Ortiz,Doctor 3,2023-03-29
P1121,Jack,Perez,Doctor 13,2023-03-29
P1171,Samuel,Brooks,Doctor 4,2023-03-29
P1189,Laura,Harris,Doctor 19,2023-03-29
P1197,Helen,Ramirez,Doctor 13,2023-03-29
P1223,Anna,Johnson,Doctor 20,2023-03-29
P1228,Nicholas,Young,Doctor 11,2023-03-29
P1262,Charles,Evans,Doctor 10,2023-03-29
P1318,Dorothy,Evans,Doctor 12,2023-03-29
P1333,Ryan,Mitchell,Doctor 7,2023-03-29
P1423,Lisa,Morales,Doctor 11,2023-03-29
P1691,Linda,Brown,Doctor 16,2023-03-29
P1795,Timothy,Wright,Doctor 3,2023-03-29
P1882,Timothy,Jackson,Doctor 8,2023-03-29
P2014,Betty,Reed,Doctor 7,2023-03-29
P2033,Patrick,Walker,Doctor 12,2023-03-29
P2070,Deborah,Ramirez,Doctor 1,2023-03-29
P2102,William,Kelly,Doctor 19,2023-03-29
P2147,Donald,Phillips,Doctor 6,2023-03-29
P2270,Betty,Hughes,Doctor 3,2023-03-29
P0058,Sharon,Anderson,Doctor 1,2023-03-30
P0386,Larry,Kim,Doctor 2,2023-03-30
P0535,Steven,Phillips,Doctor 14,2023-03-30
P0708,John,Sanchez,Doctor 18,2023-03-30
P0818,Ruth,Harris,Doctor 14,2023-03-30
P0886,Eric,Anderson,Doctor 13,2023-03-30
P0963,Michelle,Nguyen,Doctor 13,2023-03-30
P0983,Eric,Rodriguez,Doctor 14,2023-03-30
P1001,Kevin,Ramirez,Doctor 16,2023-03-30
P1035,Lisa,Lopez,Doctor 12,2023-03-30
P1117,Deborah,Howard,Doctor 20,2023-03-30
P1257,Helen,Edwards,Doctor 7,2023-03-30
P1457,Emma,Allen,Doctor 20,2023-03-30
P1487,Brian,Nguyen,Doctor 11,2023-03-30
P1532,Michelle,Price,Doctor 18,2023-03-30
P1620,Sharon,Adams,Doctor 6,2023-03-30
P1691,Linda,Brown,Doctor 4,2023-03-30
P1748,Kevin,Myers,Doctor 1,2023-03-30
P1815,Rebecca,Patel,Doctor 12,2023-03-30
P1815,Rebecca,Patel,Doctor 12,2023-03-30
P1865,Tyler,Jones,Doctor 2,2023-03-30
P1920,Joseph,Hall,Doctor 17,2023-03-30
P2052,Jason,Robinson,Doctor 6,2023-03-30
P2054,Patrick,Patel,Doctor 19,2023-03-30
P2069,Jonathan,Collins,Doctor 20,2023-03-30
P2076,Frank,Reyes,Doctor 2,2023-03-30
P2169,Gregory,Roberts,Doctor 11,2023-03-30
P2213,Linda,Sanders,Doctor 6,2023-03-30
P2219,Dennis,Alvarez,Doctor 13,2023-03-30
P0030,Angela,Brooks,Doctor 11,2023-03-31
P0058,Sharon,Anderson,Doctor 10,2023-03-31
P0063,Michelle,Sanders,Doctor 6,2023-03-31
P0082,Michelle,Martinez,Doctor 12,2023-03-31
P0118,Jessica,Reed,Doctor 5,2023-03-31
P0138,Gregory,Castillo,Doctor 11,2023-03-31
P0146,Timothy,James,Doctor 10,2023-03-31
P0260,Helen,Martinez,Doctor 14,2023-03-31
P0339,Daniel,Green,Doctor 9,2023-03-31
P0442,Joseph,Rivera,Doctor 15,2023-03-31
P0469,Matthew,Hill,Doctor 11,2023-03-31
P0501,Joshua,Brown,Doctor 20,2023-03-31
P0521,Laura,Castillo,Doctor 10,2023-03-31
P0523,Helen,Parker,Doctor 20,2023-03-31
P0582,Karen,Taylor,Doctor 1,2023-03-31
P0618,Frank,Anderson,Doctor 18,2023-03-31
P0728,Michael,Cruz,Doctor 16,2023-03-31
P0735,Deborah,Reed,Doctor 7,2023-03-31
P0760,Donna,Morris,Doctor 6,2023-03-31
P0789,Jose,Rodriguez,Doctor 18,2023-03-31
P0995,Richard,Morgan,Doctor 19,2023-03-31
P1114,Nancy,Lee,Doctor 14,2023-03-31
P1150,Frank,Morris,Doctor 18,2023-03-31
P1175,Nancy,Rivera,Doctor 1,2023-03-31
P1235,Charles,Wright,Doctor 2,2023-03-31
P1457,Emma,Allen,Doctor 3,2023-03-31
P1507,Stephen,Richardson,Doctor 11,2023-03-31
P1650,Jerry,Nelson,Doctor 6,2023-03-31
P1776,Lisa,Morris,Doctor 6,2023-03-31
P1789,Sarah,Walker,Doctor 18,2023-03-31
P1796,Angela,Peterson,Doctor 8,2023-03-31
P1805,Stephen,Perez,Doctor 5,2023-03-31
P1903,Brandon,Hughes,Doctor 17,2023-03-31
P1956,Tyler,Reed,Doctor 20,2023-03-31
P1984,Jeffrey,Cox,Doctor 8,2023-03-31
P1997,Mary,Diaz,Doctor 8,2023-03-31
P2083,Brandon,Diaz,Doctor 8,2023-03-31
P2098,Dorothy,Phillips,Doctor 6,2023-03-31
P2189,Charles,Patel,Doctor 7,2023-03-31
P2276,Jeffrey,Martinez,Doctor 16,2023-03-31
P0039,Michelle,Sanchez,Doctor 16,2023-04-01
P0117,Donald,Miller,Doctor 16,2023-04-01
P0277,Steven,Adams,Doctor 10,2023-04-01
P0336,Kathleen,Stewart,Doctor 16,2023-04-01
P0388,Karen,Roberts,Doctor 10,2023-04-01
P0441,Patrick,Nelson,Doctor 5,2023-04-01
P0506,Carol,Thomas,Doctor 8,2023-04-01
P0514,Samuel,Ward,Doctor 14,2023-04-01
P0739,Jack,Ortiz,Doctor 2,2023-04-01
P0804,Jacob,Scott,Doctor 3,2023-04-01
P0821,Brandon,White,Doctor 7,2023-04-01
P0860,Helen,Ward,Doctor 5,2023-04-01
P0884,Aaron,Edwards,Doctor 1,2023-04-01
P0886,Eric,Anderson,Doctor 13,2023-04-01
P0970,Karen,Jackson,Doctor 12,2023-04-01
P0997,Donna,Nguyen,Doctor 9,2023-04-01
P1051,Karen,King,Doctor 5,2023-04-01
P1069,Sarah,Johnson,Doctor 3,2023-04-01
P1087,Andrew,Patel,Doctor 20,2023-04-01
P1212,Sandra,Howard,Doctor 18,2023-04-01
P1259,Virginia,Miller,Doctor 19,2023-04-01
P1265,Kimberly,Walker,Doctor 9,2023-04-01
P1349,Samuel,Howard,Doctor 18,2023-04-01
P1443,Donna,Chavez,Doctor 11,2023-04-01
P1638,Joseph,Price,Doctor 8,2023-04-01
P1679,Jose,Perez,Doctor 19,2023-04-01
P1689,Gregory,James,Doctor 4,2023-04-01
P1942,Nicholas,Robinson,Doctor 16,2023-04-01
P1961,Tyler,Flores,Doctor 13,2023-04-01
P2061,Gary,Turner,Doctor 12,2023-04-01
P2074,Robert,Thomas,Doctor 12,2023-04-01
P2137,Larry,Davis,Doctor 16,2023-04-01
P2152,Lisa,Wood,Doctor 1,2023-04-01
P2212,Anna,Cook,Doctor 2,2023-04-01
P2265,Patrick,Watson,Doctor 15,2023-04-01
P0148,Gary,Ortiz,Doctor 1,2023-04-02
P0170,Aaron,Williams,Doctor 10,2023-04-02
P0214,Jason,Torres,Doctor 10,2023-04-02
P0286,Scott,Smith,Doctor 18,2023-04-02
P0358,Helen,Rogers,Doctor 11,2023-04-02
P0389,Jerry,Parker,Doctor 11,2023-04-02
P0402,Sandra,Thompson,Doctor 5,2023-04-02
P0452,Joshua,Hughes,Doctor 20,2023-04-02
P0465,Benjamin,Morris,Doctor 11,2023-04-02
P0482,Helen,Harris,Doctor 18,2023-04-02
P0599,Shirley,Smith,Doctor 8,2023-04-02
P0607,Dennis,Jackson,Doctor 18,2023-04-02
P0795,Betty,Ward,Doctor 16,2023-04-02
P0853,Angela,Mitchell,Doctor 20,2023-04-02
P0879,Kenneth,Lee,Doctor 19,2023-04-02
P0951,John,Ramirez,Doctor 19,2023-04-02
P0981,Jonathan,Hall,Doctor 4,2023-04-02
P1280,Angela,Stewart,Doctor 18,2023-04-02
P1309,Mary,Thompson,Doctor 10,2023-04-02
P1317,Anthony,Myers,Doctor 2,2023-04-02
P1671,Jason,White,Doctor 15,2023-04-02
P1756,Michelle,King,Doctor 10,2023-04-02
P1763,Jessica,Martinez,Doctor 16,2023-04-02
P1813,Brenda,Myers,Doctor 7,2023-04-02
P1936,Donald,Cruz,Doctor 1,2023-04-02
P1975,Matthew,Lee,Doctor 9,2023-04-02
P1997,Mary,Diaz,Doctor 8,2023-04-02
P2000,Aaron,Myers,Doctor 9,2023-04-02
P2130,Kevin,Peterson,Doctor 16,2023-04-02
P2150,Daniel,Parker,Doctor 3,2023-04-02
P2211,Mary,Flores,Doctor 7,2023-04-02
P2294,Matthew,Moore,Doctor 4,2023-04-02
P0060,Joseph,Cooper,Doctor 8,2023-04-03
P0097,Deborah,Torres,Doctor 7,2023-04-03
P0190,Sharon,Parker,Doctor 9,2023-04-03
P0285,Karen,Kelly,Doctor 2,2023-04-03
P0330,Carol,Miller,Doctor 8,2023-04-03
P0376,Benjamin,Sanders,Doctor 15,2023-04-03
P0377,Sandra,Garcia,Doctor 8,2023-04-03
P0470,Sandra,Carter,Doctor 6,2023-04-03
P0647,Matthew,Scott,Doctor 14,2023-04-03
P0650,Frank,Allen,Doctor 9,2023-04-03
P0654,Susan,Hall,Doctor 20,2023-04-03
P0698,Robert,Young,Doctor 19,2023-04-03
P0737,Larry,Hill,Doctor 18,2023-04-03
P0893,Michelle,Green,Doctor 2,2023-04-03
P1028,Anna,Anderson,Doctor 17,2023-04-03
P1074,Edward,Anderson,Doctor 11,2023-04-03
P1183,Brian,James,Doctor 2,2023-04-03
P1210,Brandon,Anderson,Doctor 2,2023-04-03
P1319,Laura,Lee,Doctor 7,2023-04-03
P1442,Kimberly,Garcia,Doctor 8,2023-04-03
P1481,Gregory,Howard,Doctor 13,2023-04-03
P1499,Raymond,Scott,Doctor 6,2023-04-03
P1501,Raymond,Watson,Doctor 4,2023-04-03
P1517,Sharon,Cooper,Doctor 2,2023-04-03
P1533,Sandra,Cruz,Doctor 9,2023-04-03
P1551,Shirley,Roberts,Doctor 19,2023-04-03
P1718,Kenneth,Mendoza,Doctor 16,2023-04-03
P1733,Brandon,Green,Doctor 10,2023-04-03
P1806,David,Clark,Doctor 1,2023-04-03
P1879,Raymond,Harris,Doctor 18,2023-04-03
P1920,Joseph,Hall,Doctor 17,2023-04-03
P1959,James,Lee,Doctor 8,2023-04-03
P2000,Aaron,Myers,Doctor 19,2023-04-03
P2138,Melissa,Ortiz,Doctor 9,2023-04-03
P0036,Carol,Watson,Doctor 16,2023-04-04
P0060,Joseph,Cooper,Doctor 10,2023-04-04
P0141,Carol,Ortiz,Doctor 1,2023-04-04
P0159,Karen,Myers,Doctor 13,2023-04-04
P0355,Nancy,Turner,Doctor 5,2023-04-04
P0379,Brenda,Rogers,Doctor 18,2023-04-04
P0469,Matthew,Hill,Doctor 6,2023-04-04
P0496,Angela,Smith,Doctor 17,2023-04-04
P0504,Angela,Wood,Doctor 6,2023-04-04
P0633,Deborah,Cook,Doctor 8,2023-04-04
P0719,Deborah,Williams,Doctor 3,2023-04-04
P0773,Donna,Alvarez,Doctor 10,2023-04-04
P0829,Dennis,Rivera,Doctor 20,2023-04-04
P0851,Sarah,Reyes,Doctor 3,2023-04-04
P0854,Deborah,Reyes,Doctor 17,2023-04-04
P0870,Patrick,Clark,Doctor 20,2023-04-04
P0936,Rebecca,Morales,Doctor 19,2023-04-04
P0965,Ronald,Anderson,Doctor 1,2023-04-04
P1091,Justin,Moore,Doctor 20,2023-04-04
P1173,Brenda,Green,Doctor 19,2023-04-04
P1270,Amy,Moore,Doctor 18,2023-04-04
P1276,Gregory,Ruiz,Doctor 20,2023-04-04
P1331,Cynthia,Reyes,Doctor 6,2023-04-04
P1389,Robert,Allen,Doctor 15,2023-04-04
P1659,Angela,Wilson,Doctor 3,2023-04-04
P1728,Laura,Nguyen,Doctor 16,2023-04-04
P1811,Patrick,Carter,Doctor 20,2023-04-04
P1942,Nicholas,Robinson,Doctor 16,2023-04-04
P2012,Virginia,Campbell,Doctor 8,2023-04-04
P2088,Christopher,Bennett,Doctor 9,2023-04-04
P2252,Kevin,Morgan,Doctor 13,2023-04-04
P0068,Karen,Clark,Doctor 2,2023-04-05
P0230,Kimberly,Harris,Doctor 13,2023-04-05
P0246,Sandra,Ramos,Doctor 17,2023-04-05
P0249,Aaron,Kim,Doctor 16,2023-04-05
P0392,Deborah,Myers,Doctor 4,2023-04-05
P0463,Helen,Peterson,Doctor 18,2023-04-05
P0507,Mary,Johnson,Doctor 8,2023-04-05
P0530,Betty,James,Doctor 17,2023-04-05
P0552,Deborah,White,Doctor 14,2023-04-05
P0788,Ruth,Lopez,Doctor 14,2023-04-05
P0996,Brian,Gutierrez,Doctor 15,2023-04-05
P1053,Nancy,Smith,Doctor 14,2023-04-05
P1074,Edward,Anderson,Doctor 14,2023-04-05
P1143,Joseph,Gomez,Doctor 11,2023-04-05
P1224,Carol,Campbell,Doctor 2,2023-04-05
P1348,Tyler,Torres,Doctor 20,2023-04-05
P1468,Sandra,Adams,Doctor 10,2023-04-05
P1534,Emma,Martinez,Doctor 1,2023-04-05
P1558,Aaron,Rodriguez,Doctor 10,2023-04-05
P1572,Eric,Sanchez,Doctor 15,2023-04-05
P2011,Susan,Ortiz,Doctor 1,2023-04-05
P2076,Frank,Reyes,Doctor 2,2023-04-05
P2172,Steven,Robinson,Doctor 1,2023-04-05
P2247,William,Morris,Doctor 6,2023-04-05
P0087,Karen,Robinson,Doctor 1,2023-04-06
P0243,Matthew,Gomez,Doctor 17,2023-04-06
P0289,Lisa,Parker,Doctor 9,2023-04-06
P0306,Benjamin,Ruiz,Doctor 15,2023-04-06
P0372,Anna,Jackson,Doctor 16,2023-04-06
P0548,Patrick,Rodriguez,Doctor 20,2023-04-06
P0766,Jeffrey,Thomas,Doctor 14,2023-04-06
P0841,Patricia,Hill,Doctor 14,2023-04-06
P0991,Gary,Chavez,Doctor 15,2023-04-06
P1086,Mary,Hall,Doctor 4,2023-04-06
P1241,John,Kelly,Doctor 16,2023-04-06
P1305,Patrick,Thomas,Doctor 8,2023-04-06
P1348,Tyler,Torres,Doctor 20,2023-04-06
P1403,Benjamin,Walker,Doctor 2,2023-04-06
P1697,David,Kelly,Doctor 3,2023-04-06
P1751,Christopher,Rogers,Doctor 17,2023-04-06
P1989,Melissa,Carter,Doctor 12,2023-04-06
P2055,Lisa,Thomas,Doctor 13,2023-04-06
P2074,Robert,Thomas,Doctor 12,2023-04-06
P2175,Sarah,Wood,Doctor 2,2023-04-06
P2202,Jack,Williams,Doctor 1,2023-04-06
P0212,Helen,Collins,Doctor 11,2023-04-07
P0284,Ruth,Bailey,Doctor 4,2023-04-07
P0299,Sarah,Lee,Doctor 4,2023-04-07
P0342,Tyler,Smith,Doctor 13,2023-04-07
P0395,Samuel,Kim,Doctor 20,2023-04-07
P0427,Richard,Turner,Doctor 8,2023-04-07
P0518,Mark,Martinez,Doctor 19,2023-04-07
P0537,Melissa,Martin,Doctor 17,2023-04-07
P0573,Lisa,Rivera,Doctor 5,2023-04-07
P0961,Stephen,Torres,Doctor 9,2023-04-07
P1004,Jessica,Turner,Doctor 8,2023-04-07
P1132,Laura,Jones,Doctor 12,2023-04-07
P1167,Larry,Ruiz,Doctor 5,2023-04-07
P1358,Tyler,Ramos,Doctor 14,2023-04-07
P1543,Sarah,Hughes,Doctor 8,2023-04-07
P1682,Angela,Lewis,Doctor 20,2023-04-07
P1819,Dorothy,Harris,Doctor 15,2023-04-07
P1861,Kathleen,Gonzalez,Doctor 1,2023-04-07
P1911,Mark,Jones,Doctor 5,2023-04-07
P2066,Nancy,Gutierrez,Doctor 19,2023-04-07
P2070,Deborah,Ramirez,Doctor 1,2023-04-07
P2136,Thomas,Rivera,Doctor 14,2023-04-07
P2281,Samuel,Hall,Doctor 10,2023-04-07
P0049,Donna,Murphy,Doctor 12,2023-04-08
P0166,Brian,Ruiz,Doctor 4,2023-04-08
P0192,Jonathan,Morgan,Doctor 7,2023-04-08
P0229,Jack,Watson,Doctor 3,2023-04-08
P0316,William,Castillo,Doctor 1,2023-04-08
P0442,Joseph,Rivera,Doctor 14,2023-04-08
P0467,Ruth,Collins,Doctor 9,2023-04-08
P0468,Barbara,Harris,Doctor 12,2023-04-08
P0534,Jessica,Chavez,Doctor 11,2023-04-08
P0840,Samuel,Edwards,Doctor 13,2023-04-08
P0882,Stephen,Rogers,Doctor 8,2023-04-08
P0967,Daniel,Cox,Doctor 12,2023-04-08
P1316,David,Hughes,Doctor 2,2023-04-08
P1343,Ruth,Young,Doctor 3,2023-04-08
P1684,Carol,Ruiz,Doctor 17,2023-04-08
P1686,Helen,Hernandez,Doctor 10,2023-04-08
P1757,Sarah,Sanchez,Doctor 2,2023-04-08
P1757,Sarah,Sanchez,Doctor 14,2023-04-08
P2141,Andrew,Gray,Doctor 8,2023-04-08
P2211,Mary,Flores,Doctor 12,2023-04-08
P2215,Amy,Hernandez,Doctor 14,2023-04-08
P2235,Jose,Morales,Doctor 7,2023-04-08
P0018,Jerry,Bailey,Doctor 15,2023-04-09
P0031,Anna,Murphy,Doctor 5,2023-04-09
P0081,Ryan,Garcia,Doctor 19,2023-04-09
P0179,Linda,Roberts,Doctor 19,2023-04-09
P0330,Carol,Miller,Doctor 7,2023-04-09
P0330,Carol,Miller,Doctor 2,2023-04-09
P0345,David,Reyes,Doctor 17,2023-04-09
P0353,Joseph,Bennett,Doctor 20,2023-04-09
P0392,Deborah,Myers,Doctor 18,2023-04-09
P0490,Shirley,Lewis,Doctor 8,2023-04-09
P0496,Angela,Smith,Doctor 17,2023-04-09
P0508,Sandra,Myers,Doctor 14,2023-04-09
P0509,Aaron,Green,Doctor 19,2023-04-09
P0583,Kimberly,Hernandez,Doctor 12,2023-04-09
P0730,Lisa,Sanchez,Doctor 3,2023-04-09
P1016,Melissa,Garcia,Doctor 15,2023-04-09
P1028,Anna,Anderson,Doctor 12,2023-04-09
P1633,Tyler,Richardson,Doctor 12,2023-04-09
P1646,Stephen,Ramirez,Doctor 10,2023-04-09
P1793,Angela,Collins,Doctor 13,2023-04-09
P1801,Larry,King,Doctor 18,2023-04-09
P1846,Jennifer,Thomas,Doctor 9,2023-04-09
P0065,Laura,Mitchell,Doctor 5,2023-04-10
P0243,Matthew,Gomez,Doctor 17,2023-04-10
P0288,Jeffrey,Young,Doctor 2,2023-04-10
P0293,Robert,Turner,Doctor 12,2023-04-10
P0318,Rebecca,Baker,Doctor 20,2023-04-10
P0338,Sarah,Green,Doctor 14,2023-04-10
P0354,Lisa,Nelson,Doctor 2,2023-04-10
P0393,Mary,Brown,Doctor 2,2023-04-10
P0426,Timothy,Hughes,Doctor 18,2023-04-10
P0497,Kenneth,Gonzalez,Doctor 10,2023-04-10
P0536,Robert,Carter,Doctor 5,2023-04-10
P0706,Benjamin,Chavez,Doctor 10,2023-04-10
P0738,Lisa,Castillo,Doctor 3,2023-04-10
P0961,Stephen,Torres,Doctor 9,2023-04-10
P0980,Shirley,Adams,Doctor 12,2023-04-10
P0997,Donna,Nguyen,Doctor 3,2023-04-10
P0998,Karen,Hill,Doctor 12,2023-04-10
P1004,Jessica,Turner,Doctor 7,2023-04-10
P1027,Jack,Kim,Doctor 10,2023-04-10
P1053,Nancy,Smith,Doctor 11,2023-04-10
P1067,Larry,Chavez,Doctor 9,2023-04-10
P1090,David,Scott,Doctor 17,2023-04-10
P1114,Nancy,Lee,Doctor 18,2023-04-10
P1144,Ronald,Patel,Doctor 17,2023-04-10
P1172,Anna,Lewis,Doctor 4,2023-04-10
P1235,Charles,Wright,Doctor 6,2023-04-10
P1615,Betty,Brooks,Doctor 7,2023-04-10
P1625,Kenneth,Diaz,Doctor 1,2023-04-10
P1640,Nancy,Rogers,Doctor 4,2023-04-10
P1883,Kevin,Robinson,Doctor 6,2023-04-10
P1896,Kathleen,Watson,Doctor 19,2023-04-10
P1910,Virginia,Roberts,Doctor 6,2023-04-10
P1969,Brian,Ramos,Doctor 17,2023-04-10
P1994,Michelle,Rivera,Doctor 9,2023-04-10
P2145,Anna,Morales,Doctor 16,2023-04-10
P2203,Betty,Kelly,Doctor 9,2023-04-10
P2217,Sarah,Mitchell,Doctor 3,2023-04-10
P2285,Jack,Patel,Doctor 11,2023-04-10
P0009,Helen,White,Doctor 11,2023-04-11
P0031,Anna,Murphy,Doctor 8,2023-04-11
P0083,James,Moore,Doctor 15,2023-04-11
P0169,Betty,Kim,Doctor 2,2023-04-11
P0170,Aaron,Williams,Doctor 20,2023-04-11
P0271,Deborah,Murphy,Doctor 20,2023-04-11
P0307,Andrew,Cook,Doctor 11,2023-04-11
P0315,Joseph,Castillo,Doctor 16,2023-04-11
P0359,Raymond,Cook,Doctor 20,2023-04-11
P0380,Brandon,Lee,Doctor 8,2023-04-11
P0382,Jeffrey,Edwards,Doctor 14,2023-04-11
P0415,Mary,Walker,Doctor 20,2023-04-11
P0459,Sarah,Perez,Doctor 11,2023-04-11
P0586,Michelle,Bennett,Doctor 4,2023-04-11
P0662,Ruth,Gomez,Doctor 1,2023-04-11
P0827,Scott,Ramos,Doctor 9,2023-04-11
P0843,Donald,Peterson,Doctor 10,2023-04-11
P0909,Patricia,Chavez,Doctor 19,2023-04-11
P1007,Shirley,Cooper,Doctor 9,2023-04-11
P1041,Emma,Hernandez,Doctor 16,2023-04-11
P1070,Benjamin,Lee,Doctor 12,2023-04-11
P1107,Michael,Harris,Doctor 12,2023-04-11
P1125,Raymond,Thompson,Doctor 8,2023-04-11
P1176,Karen,Miller,Doctor 3,2023-04-11
P1217,Dorothy,Wood,Doctor 2,2023-04-11
P1296,Michael,Gomez,Doctor 16,2023-04-11
P1353,Linda,Scott,Doctor 4,2023-04-11
P1663,Edward,Parker,Doctor 7,2023-04-11
P1718,Kenneth,Mendoza,Doctor 3,2023-04-11
P1778,Ruth,Davis,Doctor 19,2023-04-11
P1812,Christopher,Reed,Doctor 17,2023-04-11
P1829,William,Patel,Doctor 19,2023-04-11
P1927,Kenneth,Harris,Doctor 3,2023-04-11
P2021,Brian,Gomez,Doctor 20,2023-04-11
P2058,James,Wright,Doctor 7,2023-04-11
P2083,Brandon,Diaz,Doctor 10,2023-04-11
P2183,Tyler,Alvarez,Doctor 11,2023-04-11
P2237,Dorothy,Collins,Doctor 5,2023-04-11
P0042,Jason,Mitchell,Doctor 5,2023-04-12
P0053,Laura,Turner,Doctor 8,2023-04-12
P0296,Deborah,Baker,Doctor 10,2023-04-12
P0318,Rebecca,Baker,Doctor 20,2023-04-12
P0339,Daniel,Green,Doctor 7,2023-04-12
P0444,Anna,Young,Doctor 7,2023-04-12
P0551,Edward,Sanchez,Doctor 5,2023-04-12
P0711,Lisa,Hall,Doctor 16,2023-04-12
P0793,Kathleen,Jackson,Doctor 1,2023-04-12
P0832,Tyler,Gutierrez,Doctor 8,2023-04-12
P0859,Stephen,Howard,Doctor 13,2023-04-12
P0973,Gregory,Cook,Doctor 10,2023-04-12
P1020,Jeffrey,Lopez,Doctor 1,2023-04-12
P1024,Michelle,Lewis,Doctor 3,2023-04-12
P1065,Sharon,Moore,Doctor 8,2023-04-12
P1066,Larry,Gray,Doctor 7,2023-04-12
P1067,Larry,Chavez,Doctor 9,2023-04-12
P1273,Sharon,Edwards,Doctor 14,2023-04-12
P1289,Carol,Morris,Doctor 16,2023-04-12
P1315,Sandra,Patel,Doctor 17,2023-04-12
P1402,Nicholas,Rivera,Doctor 14,2023-04-12
P1481,Gregory,Howard,Doctor 13,2023-04-12
P1523,Sarah,Ramos,Doctor 8,2023-04-12
P1536,Steven,Price,Doctor 2,2023-04-12
P1787,Jessica,Bennett,Doctor 18,2023-04-12
P1792,Andrew,Thomas,Doctor 14,2023-04-12
P1810,Susan,Green,Doctor 2,2023-04-12
P1844,Alexander,Chavez,Doctor 5,2023-04-12
P2002,Sarah,Turner,Doctor 15,2023-04-12
P2018,Patrick,Howard,Doctor 16,2023-04-12
P2200,Andrew,Torres,Doctor 19,2023-04-12
P2228,Susan,Howard,Doctor 12,2023-04-12
P0139,Virginia,Patel,Doctor 1,2023-04-13
P0295,Laura,Ward,Doctor 13,2023-04-13
P0310,Nicholas,Parker,Doctor 5,2023-04-13
P0385,Ryan,Evans,Doctor 3,2023-04-13
P0494,Thomas,Miller,Doctor 11,2023-04-13
P0622,Ryan,Cox,Doctor 1,2023-04-13
P0672,Jessica,Rivera,Doctor 17,2023-04-13
P0830,Barbara,Chavez,Doctor 11,2023-04-13
P1000,Susan,Ward,Doctor 8,2023-04-13
P1014,Melissa,Gonzalez,Doctor 17,2023-04-13
P1025,Nancy,Rodriguez,Doctor 4,2023-04-13
P1081,Kevin,Green,Doctor 17,2023-04-13
P1120,Emma,Morris,Doctor 18,2023-04-13
P1292,Laura,Young,Doctor 19,2023-04-13
P1315,Sandra,Patel,Doctor 13,2023-04-13
P1343,Ruth,Young,Doctor 9,2023-04-13
P1506,Joshua,Anderson,Doctor 7,2023-04-13
P1508,Jerry,Hughes,Doctor 7,2023-04-13
P1632,Sarah,Taylor,Doctor 4,2023-04-13
P1654,David,Brooks,Doctor 13,2023-04-13
P1867,Charles,Gray,Doctor 12,2023-04-13
P1885,Gregory,Campbell,Doctor 16,2023-04-13
P1909,Joseph,Cook,Doctor 19,2023-04-13
P1967,Nicholas,Kelly,Doctor 4,2023-04-13
P1981,Shirley,White,Doctor 17,2023-04-13
P2125,Jennifer,Bennett,Doctor 10,2023-04-13
P2170,Jonathan,Morris,Doctor 2,2023-04-13
P2273,Sandra,Walker,Doctor 6,2023-04-13
P0018,Jerry,Bailey,Doctor 11,2023-04-14
P0044,Angela,Rogers,Doctor 4,2023-04-14
P0075,Gregory,Jones,Doctor 6,2023-04-14
P0177,Shirley,Chavez,Doctor 16,2023-04-14
P0225,Aaron,Thomas,Doctor 3,2023-04-14
P0293,Robert,Turner,Doctor 17,2023-04-14
P0308,Brian,Brown,Doctor 18,2023-04-14
P0409,Patrick,Diaz,Doctor 1,2023-04-14
P0468,Barbara,Harris,Doctor 14,2023-04-14
P0563,Christopher,Alvarez,Doctor 14,2023-04-14
P0786,Sharon,Bennett,Doctor 20,2023-04-14
P0815,Sarah,Wilson,Doctor 17,2023-04-14
P0876,Anthony,Gutierrez,Doctor 11,2023-04-14
P1222,Ruth,Murphy,Doctor 7,2023-04-14
P1239,Helen,Gray,Doctor 5,2023-04-14
P1268,Rebecca,Jackson,Doctor 12,2023-04-14
P1338,Mary,Clark,Doctor 9,2023-04-14
P1458,Elizabeth,Flores,Doctor 5,2023-04-14
P1514,Sandra,Lewis,Doctor 15,2023-04-14
P1519,Carol,Howard,Doctor 4,2023-04-14
P1575,Melissa,Hill,Doctor 7,2023-04-14
P1590,Kathleen,Johnson,Doctor 17,2023-04-14
P1639,Linda,Turner,Doctor 15,2023-04-14
P1645,Thomas,Jackson,Doctor 12,2023-04-14
P1661,Helen,Adams,Doctor 4,2023-04-14
P1721,Michelle,Cruz,Doctor 7,2023-04-14
P1854,Deborah,Morris,Doctor 17,2023-04-14
P2067,Sarah,Howard,Doctor 15,2023-04-14
P2117,Dennis,Peterson,Doctor 10,2023-04-14
P2164,Kathleen,Miller,Doctor 18,2023-04-14
P2220,Cynthia,Diaz,Doctor 10,2023-04-14
P2253,Alexander,Morgan,Doctor 12,2023-04-14
P2298,Mark,Hill,Doctor 4,2023-04-14
P0040,Larry,Martinez,Doctor 9,2023-04-15
P0051,Benjamin,Torres,Doctor 10,2023-04-15
P0081,Ryan,Garcia,Doctor 1,2023-04-15
P0525,Jennifer,James,Doctor 10,2023-04-15
P0530,Betty,James,Doctor 19,2023-04-15
P0571,Christopher,Murphy,Doctor 8,2023-04-15
P0718,Kevin,Jones,Doctor 1,2023-04-15
P0776,Ruth,Morales,Doctor 16,2023-04-15
P0847,Kimberly,Jones,Doctor 1,2023-04-15
P0869,Andrew,Myers,Doctor 2,2023-04-15
P0947,Helen,Cruz,Doctor 12,2023-04-15
P0951,John,Ramirez,Doctor 14,2023-04-15
P0972,Joseph,Ward,Doctor 11,2023-04-15
P0975,Susan,Gomez,Doctor 17,2023-04-15
P1027,Jack,Kim,Doctor 10,2023-04-15
P1044,George,Flores,Doctor 20,2023-04-15
P1078,Sharon,Lewis,Doctor 7,2023-04-15
P1090,David,Scott,Doctor 4,2023-04-15
P1169,Sandra,Baker,Doctor 10,2023-04-15
P1184,Kevin,Bailey,Doctor 18,2023-04-15
P1220,Justin,Torres,Doctor 7,2023-04-15
P1235,Charles,Wright,Doctor 6,2023-04-15
P1327,Laura,Wright,Doctor 13,2023-04-15
P1330,Sarah,Adams,Doctor 13,2023-04-15
P1399,Michael,Torres,Doctor 13,2023-04-15
P1457,Emma,Allen,Doctor 14,2023-04-15
P1480,Michael,Brooks,Doctor 11,2023-04-15
P1489,Jason,Sanchez,Doctor 8,2023-04-15
P1551,Shirley,Roberts,Doctor 20,2023-04-15
P1639,Linda,Turner,Doctor 17,2023-04-15
P1790,Linda,Martin,Doctor 17,2023-04-15
P1835,Helen,Turner,Doctor 11,2023-04-15
P1879,Raymond,Harris,Doctor 17,2023-04-15
P2045,Nicholas,Roberts,Doctor 20,2023-04-15
P2183,Tyler,Alvarez,Doctor 11,2023-04-15
P2284,Rebecca,Martin,Doctor 19,2023-04-15
P2299,Frank,Edwards,Doctor 6,2023-04-15
P0002,Sharon,Wood,Doctor 2,2023-04-16
P0005,Michelle,Morales,Doctor 14,2023-04-16
P0151,Deborah,Cox,Doctor 6,2023-04-16
P0172,George,Scott,Doctor 10,2023-04-16
P0221,Nancy,Anderson,Doctor 17,2023-04-16
P0328,Anthony,Harris,Doctor 5,2023-04-16
P0479,Jose,Brown,Doctor 7,2023-04-16
P0511,Rebecca,Thomas,Doctor 17,2023-04-16
P0636,Frank,Nelson,Doctor 16,2023-04-16
P0660,Carol,Martin,Doctor 10,2023-04-16
P0765,Ryan,Jackson,Doctor 17,2023-04-16
P0959,Jack,Collins,Doctor 2,2023-04-16
P1036,Jose,Flores,Doctor 16,2023-04-16
P1200,Ryan,Gonzalez,Doctor 12,2023-04-16
P1350,Virginia,Murphy,Doctor 8,2023-04-16
P1383,Mary,Wright,Doctor 1,2023-04-16
P1405,Larry,Harris,Doctor 17,2023-04-16
P1561,Richard,Reyes,Doctor 14,2023-04-16
P1641,Samuel,Ortiz,Doctor 6,2023-04-16
P1722,Larry,Wood,Doctor 7,2023-04-16
P1798,Nancy,Sanders,Doctor 13,2023-04-16
P1802,Michelle,Lopez,Doctor 12,2023-04-16
P1976,Linda,Mendoza,Doctor 5,2023-04-16
P2102,William,Kelly,Doctor 20,2023-04-16
P2118,Jonathan,Roberts,Doctor 6,2023-04-16
P2142,Larry,Lopez,Doctor 12,2023-04-16
P2142,Larry,Lopez,Doctor 12,2023-04-16
P2148,Mary,Price,Doctor 1,2023-04-16
P2149,Laura,Ruiz,Doctor 8,2023-04-16
P2241,Patricia,Ramos,Doctor 2,2023-04-16
P0002,Sharon,Wood,Doctor 2,2023-04-17
P0044,Angela,Rogers,Doctor 18,2023-04-17
P0085,Helen,Johnson,Doctor 11,2023-04-17
P0099,Nancy,Garcia,Doctor 13,2023-04-17
P0158,Sandra,Sanders,Doctor 14,2023-04-17
P0180,Jacob,Anderson,Doctor 15,2023-04-17
P0189,Christopher,James,Doctor 13,2023-04-17
P0234,Justin,Mitchell,Doctor 17,2023-04-17
P0244,Elizabeth,Chavez,Doctor 4,2023-04-17
P0252,Betty,Mitchell,Doctor 19,2023-04-17
P0301,Kimberly,Green,Doctor 13,2023-04-17
P0423,Kevin,Cox,Doctor 10,2023-04-17
P0436,Dorothy,Hernandez,Doctor 4,2023-04-17
P0448,Helen,Chavez,Doctor 5,2023-04-17
P0857,Robert,Cooper,Doctor 9,2023-04-17
P0915,Donna,Scott,Doctor 16,2023-04-17
P0958,Gary,Carter,Doctor 15,2023-04-17
P1030,Rebecca,Brooks,Doctor 14,2023-04-17
P1096,Ruth,Roberts,Doctor 16,2023-04-17
P1142,George,Davis,Doctor 10,2023-04-17
P1195,Lisa,Turner,Doctor 19,2023-04-17
P1242,Sharon,Rogers,Doctor 10,2023-04-17
P1263,Stephen,Scott,Doctor 9,2023-04-17
P1366,Carol,Scott,Doctor 6,2023-04-17
P1381,Donald,Perez,Doctor 19,2023-04-17
P1473,Ruth,Jones,Doctor 2,2023-04-17
P1534,Emma,Martinez,Doctor 11,2023-04-17
P1566,Donald,Stewart,Doctor 17,2023-04-17
P1635,Larry,Cox,Doctor 1,2023-04-17
P1642,Laura,Bennett,Doctor 20,2023-04-17
P1709,Elizabeth,Thompson,Doctor 5,2023-04-17
P1724,Jason,Green,Doctor 17,2023-04-17
P1739,Richard,Campbell,Doctor 15,2023-04-17
P1820,Alexander,Alvarez,Doctor 14,2023-04-17
P1900,James,Hernandez,Doctor 5,2023-04-17
P1997,Mary,Diaz,Doctor 8,2023-04-17
P2085,Thomas,White,Doctor 11,2023-04-17
P2108,Benjamin,Allen,Doctor 6,2023-04-17
P2191,Edward,Brown,Doctor 5,2023-04-17
P2195,Ruth,Lewis,Doctor 9,2023-04-17
P2213,Linda,Sanders,Doctor 6,2023-04-17
P0031,Anna,Murphy,Doctor 8,2023-04-18
P0041,Kimberly,Sanchez,Doctor 4,2023-04-18
P0089,Joseph,Nguyen,Doctor 7,2023-04-18
P0152,Michelle,Jackson,Doctor 1,2023-04-18
P0180,Jacob,Anderson,Doctor 18,2023-04-18
P0227,Ryan,Morales,Doctor 2,2023-04-18
P0238,William,Hughes,Doctor 6,2023-04-18
P0266,Joshua,Nelson,Doctor 4,2023-04-18
P0451,Jessica,Ortiz,Doctor 5,2023-04-18
P0485,Jacob,Diaz,Doctor 6,2023-04-18
P0598,Sharon,Morales,Doctor 8,2023-04-18
P0614,James,Wood,Doctor 13,2023-04-18
P0656,Jessica,Davis,Doctor 1,2023-04-18
P0742,Anna,Moore,Doctor 7,2023-04-18
P0793,Kathleen,Jackson,Doctor 4,2023-04-18
P0913,Betty,Lewis,Doctor 17,2023-04-18
P0962,Laura,Murphy,Doctor 3,2023-04-18
P1042,Joseph,Thompson,Doctor 10,2023-04-18
P1068,Jason,Campbell,Doctor 13,2023-04-18
P1132,Laura,Jones,Doctor 1,2023-04-18
P1437,Melissa,Morris,Doctor 20,2023-04-18
P1450,Raymond,Miller,Doctor 20,2023-04-18
P1487,Brian,Nguyen,Doctor 11,2023-04-18
P1705,Tyler,Hughes,Doctor 13,2023-04-18
P1817,Kevin,Hughes,Doctor 8,2023-04-18
P2014,Betty,Reed,Doctor 3,2023-04-18
P2053,Betty,Gonzalez,Doctor 9,2023-04-18
P2220,Cynthia,Diaz,Doctor 10,2023-04-18
P2291,Ryan,Clark,Doctor 2,2023-04-18
P0180,Jacob,Anderson,Doctor 3,2023-04-19
P0182,Timothy,Kelly,Doctor 8,2023-04-19
P0322,Patricia,Cook,Doctor 17,2023-04-19
P0344,Anna,Thomas,Doctor 6,2023-04-19
P0363,Joshua,Price,Doctor 11,2023-04-19
P0530,Betty,James,Doctor 12,2023-04-19
P0610,Larry,Brooks,Doctor 16,2023-04-19
P0628,Ryan,Watson,Doctor 19,2023-04-19
P0653,Ronald,Gonzalez,Doctor 9,2023-04-19
P0674,Anthony,Richardson,Doctor 3,2023-04-19
P0798,Alexander,Miller,Doctor 7,2023-04-19
P0802,Amy,Edwards,Doctor 4,2023-04-19
P0814,Robert,Howard,Doctor 11,2023-04-19
P0855,David,Morales,Doctor 4,2023-04-19
P0905,Samuel,Rodriguez,Doctor 20,2023-04-19
P1037,George,Gonzalez,Doctor 20,2023-04-19
P1057,Anna,Sanchez,Doctor 7,2023-04-19
P1101,Lisa,Ruiz,Doctor 5,2023-04-19
P1170,Daniel,Wright,Doctor 13,2023-04-19
P1193,Mark,Price,Doctor 14,2023-04-19
P1244,Donna,Thompson,Doctor 3,2023-04-19
P1344,Cynthia,Brown,Doctor 1,2023-04-19
P1396,Susan,Phillips,Doctor 17,2023-04-19
P1482,Barbara,Howard,Doctor 11,2023-04-19
P1486,Richard,Phillips,Doctor 20,2023-04-19
P1515,Dennis,Ruiz,Doctor 1,2023-04-19
P1516,Laura,Taylor,Doctor 13,2023-04-19
P1581,Brandon,Young,Doctor 18,2023-04-19
P1604,Cynthia,Gomez,Doctor 19,2023-04-19
P1676,Daniel,Sanchez,Doctor 20,2023-04-19
P1685,Nicholas,Reyes,Doctor 15,2023-04-19
P1732,Brenda,Allen,Doctor 20,2023-04-19
P1753,Mark,Miller,Doctor 20,2023-04-19
P1909,Joseph,Cook,Doctor 19,2023-04-19
P1951,Nancy,Price,Doctor 8,2023-04-19
P1968,Virginia,Sanders,Doctor 2,2023-04-19
P1989,Melissa,Carter,Doctor 12,2023-04-19
P2025,Jeffrey,Flores,Doctor 16,2023-04-19
P2077,Betty,Nguyen,Doctor 8,2023-04-19
P2160,Betty,Allen,Doctor 18,2023-04-19
P2177,David,Richardson,Doctor 12,2023-04-19
P2219,Dennis,Alvarez,Doctor 2,2023-04-19
P2270,Betty,Hughes,Doctor 3,2023-04-19
P0005,Michelle,Morales,Doctor 14,2023-04-20
P0011,Kimberly,Castillo,Doctor 18,2023-04-20
P0075,Gregory,Jones,Doctor 20,2023-04-20
P0253,Donald,Jackson,Doctor 6,2023-04-20
P0362,Matthew,Peterson,Doctor 9,2023-04-20
P0522,Jeffrey,Jones,Doctor 16,2023-04-20
P0544,Ruth,Baker,Doctor 20,2023-04-20
P0604,Sandra,Ward,Doctor 13,2023-04-20
P0670,Lisa,Thompson,Doctor 16,2023-04-20
P0750,Samuel,Jones,Doctor 1,2023-04-20
P0764,Jessica,Watson,Doctor 15,2023-04-20
P0811,Jeffrey,Rodriguez,Doctor 3,2023-04-20
P0842,Nicholas,Rodriguez,Doctor 19,2023-04-20
P0876,Anthony,Gutierrez,Doctor 19,2023-04-20
P0994,Charles,Alvarez,Doctor 20,2023-04-20
P1015,Jose,Ruiz,Doctor 12,2023-04-20
P1047,Gregory,Turner,Doctor 10,2023-04-20
P1068,Jason,Campbell,Doctor 13,2023-04-20
P1170,Daniel,Wright,Doctor 13,2023-04-20
P1249,Jacob,Castillo,Doctor 18,2023-04-20
P1260,Rebecca,Price,Doctor 16,2023-04-20
P1282,Donna,Hernandez,Doctor 19,2023-04-20
P1311,Ruth,Adams,Doctor 3,2023-04-20
P1431,Jeffrey,Stewart,Doctor 20,2023-04-20
P1492,Angela,Gomez,Doctor 3,2023-04-20
P1621,Sarah,Kim,Doctor 13,2023-04-20
P1625,Kenneth,Diaz,Doctor 16,2023-04-20
P1810,Susan,Green,Doctor 2,2023-04-20
P1833,Elizabeth,Thomas,Doctor 3,2023-04-20
P1844,Alexander,Chavez,Doctor 16,2023-04-20
P1853,Anthony,Reed,Doctor 13,2023-04-20
P1911,Mark,Jones,Doctor 14,2023-04-20
P1926,Nancy,Reyes,Doctor 20,2023-04-20
P1959,James,Lee,Doctor 11,2023-04-20
P2042,Richard,Lewis,Doctor 9,2023-04-20
P2138,Melissa,Ortiz,Doctor 9,2023-04-20
P2146,Jerry,Campbell,Doctor 1,2023-04-20
P2159,Susan,Parker,Doctor 18,2023-04-20
P2166,Christopher,Wright,Doctor 18,2023-04-20
P2181,Edward,Perez,Doctor 5,2023-04-20
P0116,William,Chavez,Doctor 9,2023-04-21
P0197,Shirley,Bennett,Doctor 11,2023-04-21
P0504,Angela,Wood,Doctor 6,2023-04-21
P0722,Virginia,Martin,Doctor 20,2023-04-21
P0740,Cynthia,Morales,Doctor 16,2023-04-21
P0917,Christopher,Jackson,Doctor 10,2023-04-21
P0969,Anthony,Brooks,Doctor 4,2023-04-21
P1161,Deborah,Turner,Doctor 20,2023-04-21
P1224,Carol,Campbell,Doctor 14,2023-04-21
P1227,Lisa,King,Doctor 1,2023-04-21
P1277,Thomas,Hill,Doctor 6,2023-04-21
P1281,Emma,Davis,Doctor 14,2023-04-21
P1385,Steven,Reyes,Doctor 4,2023-04-21
P1492,Angela,Gomez,Doctor 16,2023-04-21
P1551,Shirley,Roberts,Doctor 20,2023-04-21
P1624,Daniel,Wilson,Doctor 17,2023-04-21
P1629,Emma,Cruz,Doctor 20,2023-04-21
P1735,Jonathan,Wood,Doctor 9,2023-04-21
P1753,Mark,Miller,Doctor 20,2023-04-21
P1834,Sandra,Wood,Doctor 11,2023-04-21
P1915,Jessica,Williams,Doctor 14,2023-04-21
P2089,Jose,Chavez,Doctor 9,2023-04-21
P2194,Jason,Miller,Doctor 3,2023-04-21
P2244,Michael,Bennett,Doctor 19,2023-04-21
P2250,Tyler,Hall,Doctor 11,2023-04-21
P2271,Betty,Johnson,Doctor 7,2023-04-21
P0050,Jerry,Clark,Doctor 12,2023-04-22
P0077,William,Williams,Doctor 17,2023-04-22
P0079,Laura,Ramos,Doctor 19,2023-04-22
P0126,Angela,Morales,Doctor 19,2023-04-22
P0329,Anthony,Martinez,Doctor 17,2023-04-22
P0391,Kathleen,Garcia,Doctor 19,2023-04-22
P0529,Anthony,Bennett,Doctor 4,2023-04-22
P0597,Richard,Chavez,Doctor 15,2023-04-22
P0634,Edward,Smith,Doctor 4,2023-04-22
P0805,Benjamin,Howard,Doctor 19,2023-04-22
P0903,Mary,Hernandez,Doctor 15,2023-04-22
P0946,Ruth,Rivera,Doctor 5,2023-04-22
P1025,Nancy,Rodriguez,Doctor 4,2023-04-22
P1166,Melissa,Clark,Doctor 15,2023-04-22
P1178,Karen,Diaz,Doctor 8,2023-04-22
P1229,Donna,Gray,Doctor 7,2023-04-22
P1254,Raymond,Richardson,Doctor 13,2023-04-22
P1255,Edward,Diaz,Doctor 1,2023-04-22
P1381,Donald,Perez,Doctor 15,2023-04-22
P1430,Joshua,Gray,Doctor 10,2023-04-22
P1494,Matthew,Patel,Doctor 10,2023-04-22
P1614,Carol,Alvarez,Doctor 17,2023-04-22
P1650,Jerry,Nelson,Doctor 6,2023-04-22
P1671,Jason,White,Doctor 15,2023-04-22
P1678,Cynthia,Howard,Doctor 15,2023-04-22
P1689,Gregory,James,Doctor 4,2023-04-22
P1695,Emma,Morgan,Doctor 3,2023-04-22
P1779,Lisa,Chavez,Doctor 6,2023-04-22
P1786,Anna,Richardson,Doctor 17,2023-04-22
P1941,Scott,Wilson,Doctor 20,2023-04-22
P1945,Shirley,Murphy,Doctor 19,2023-04-22
P2014,Betty,Reed,Doctor 3,2023-04-22
P2026,Gary,Cooper,Doctor 6,2023-04-22
P2092,Matthew,Sanchez,Doctor 10,2023-04-22
P2112,Andrew,Garcia,Doctor 11,2023-04-22
P2164,Kathleen,Miller,Doctor 20,2023-04-22
P2261,Gary,Evans,Doctor 5,2023-04-22
P2263,Eric,Green,Doctor 15,2023-04-22
P0026,Barbara,Gray,Doctor 15,2023-04-23
P0095,Stephen,Reyes,Doctor 7,2023-04-23
P0189,Christopher,James,Doctor 12,2023-04-23
P0347,Deborah,Bailey,Doctor 4,2023-04-23
P0363,Joshua,Price,Doctor 11,2023-04-23
P0374,Aaron,Moore,Doctor 16,2023-04-23
P0422,Shirley,Lee,Doctor 2,2023-04-23
P0441,Patrick,Nelson,Doctor 7,2023-04-23
P0494,Thomas,Miller,Doctor 11,2023-04-23
P0594,Sarah,Rivera,Doctor 16,2023-04-23
P0631,Kathleen,Chavez,Doctor 17,2023-04-23
P0668,Karen,Murphy,Doctor 17,2023-04-23
P0753,Brandon,Campbell,Doctor 19,2023-04-23
P0831,Rebecca,Mitchell,Doctor 17,2023-04-23
P1241,John,Kelly,Doctor 16,2023-04-23
P1285,Ronald,Morris,Doctor 8,2023-04-23
P1295,Barbara,Thompson,Doctor 12,2023-04-23
P1329,Dennis,Nguyen,Doctor 13,2023-04-23
P1517,Sharon,Cooper,Doctor 2,2023-04-23
P1545,Virginia,Chavez,Doctor 13,2023-04-23
P1552,Aaron,Adams,Doctor 4,2023-04-23
P1640,Nancy,Rogers,Doctor 4,2023-04-23
P1742,Justin,Roberts,Doctor 7,2023-04-23
P1743,Eric,Ward,Doctor 10,2023-04-23
P1773,Karen,Price,Doctor 18,2023-04-23
P1838,Matthew,Stewart,Doctor 5,2023-04-23
P1856,Justin,Diaz,Doctor 18,2023-04-23
P1924,Donald,Ortiz,Doctor 12,2023-04-23
P2115,Edward,Ramos,Doctor 16,2023-04-23
P2122,Benjamin,Patel,Doctor 9,2023-04-23
P2299,Frank,Edwards,Doctor 1,2023-04-23
P0003,Patrick,Nguyen,Doctor 11,2023-04-24
P0072,Lisa,Williams,Doctor 18,2023-04-24
P0095,Stephen,Reyes,Doctor 12,2023-04-24
P0096,Nicholas,Torres,Doctor 18,2023-04-24
P0203,Lisa,Alvarez,Doctor 20,2023-04-24
P0312,Brenda,Martinez,Doctor 8,2023-04-24
P0357,Gary,Hill,Doctor 19,2023-04-24
P0366,Jerry,Diaz,Doctor 17,2023-04-24
P0483,George,Ortiz,Doctor 12,2023-04-24
P0506,Carol,Thomas,Doctor 9,2023-04-24
P0542,Justin,Walker,Doctor 9,2023-04-24
P0623,Daniel,Gomez,Doctor 13,2023-04-24
P0848,Scott,Reed,Doctor 10,2023-04-24
P0906,Edward,Rogers,Doctor 2,2023-04-24
P1252,Brian,Young,Doctor 7,2023-04-24
P1271,Kimberly,Nguyen,Doctor 19,2023-04-24
P1346,Michael,Rodriguez,Doctor 19,2023-04-24
P1410,Andrew,Martinez,Doctor 20,2023-04-24
P1592,Michelle,Clark,Doctor 12,2023-04-24
P1719,David,Ward,Doctor 4,2023-04-24
P1808,Lisa,Wright,Doctor 18,2023-04-24
P1850,Dennis,White,Doctor 4,2023-04-24
P1852,James,Carter,Doctor 7,2023-04-24
P1872,George,Campbell,Doctor 14,2023-04-24
P1877,Donald,Adams,Doctor 10,2023-04-24
P1887,Carol,Bailey,Doctor 17,2023-04-24
P2093,Scott,Reyes,Doctor 17,2023-04-24
P2112,Andrew,Garcia,Doctor 15,2023-04-24
P2128,Benjamin,Moore,Doctor 8,2023-04-24
P2198,John,Gonzalez,Doctor 14,2023-04-24
P2247,William,Morris,Doctor 13,2023-04-24
P0178,Sarah,Kelly,Doctor 14,2023-04-25
P0269,Michael,Walker,Doctor 6,2023-04-25
P0450,Angela,Scott,Doctor 11,2023-04-25
P0477,Cynthia,Thomas,Doctor 12,2023-04-25
P0500,Cynthia,Gutierrez,Doctor 16,2023-04-25
P0524,Sarah,Young,Doctor 10,2023-04-25
P0550,Stephen,Wilson,Doctor 12,2023-04-25
P0698,Robert,Young,Doctor 19,2023-04-25
P0723,Jason,Patel,Doctor 14,2023-04-25
P0784,Gary,Collins,Doctor 14,2023-04-25
P0815,Sarah,Wilson,Doctor 17,2023-04-25
P0924,Jerry,Johnson,Doctor 1,2023-04-25
P0997,Donna,Nguyen,Doctor 15,2023-04-25
P1077,Susan,Mitchell,Doctor 12,2023-04-25
P1120,Emma,Morris,Doctor 14,2023-04-25
P1177,Patrick,Ruiz,Doctor 5,2023-04-25
P1388,Jeffrey,Reed,Doctor 13,2023-04-25
P1397,Ronald,Morales,Doctor 2,2023-04-25
P1460,Jeffrey,Chavez,Doctor 3,2023-04-25
P1461,Betty,Rogers,Doctor 11,2023-04-25
P1512,Alexander,Sanders,Doctor 9,2023-04-25
P1522,Scott,Lewis,Doctor 9,2023-04-25
P1666,Dennis,Wright,Doctor 12,2023-04-25
P1716,Robert,Taylor,Doctor 5,2023-04-25
P1759,Gary,Roberts,Doctor 3,2023-04-25
P1887,Carol,Bailey,Doctor 12,2023-04-25
P1980,Brian,Collins,Doctor 10,2023-04-25
P2035,Angela,Hall,Doctor 9,2023-04-25
P2052,Jason,Robinson,Doctor 6,2023-04-25
P2183,Tyler,Alvarez,Doctor 15,2023-04-25
P2252,Kevin,Morgan,Doctor 13,2023-04-25
P2257,Scott,Bailey,Doctor 16,2023-04-25
P0018,Jerry,Bailey,Doctor 11,2023-04-26
P0037,Patricia,Allen,Doctor 6,2023-04-26
P0075,Gregory,Jones,Doctor 20,2023-04-26
P0089,Joseph,Nguyen,Doctor 7,2023-04-26
P0171,Anthony,Clark,Doctor 6,2023-04-26
P0369,William,Nelson,Doctor 20,2023-04-26
P0430,Kevin,White,Doctor 7,2023-04-26
P0460,Benjamin,Collins,Doctor 8,2023-04-26
P0477,Cynthia,Thomas,Doctor 12,2023-04-26
P0504,Angela,Wood,Doctor 18,2023-04-26
P0535,Steven,Phillips,Doctor 14,2023-04-26
P0577,Jessica,Patel,Doctor 13,2023-04-26
P0580,James,Edwards,Doctor 5,2023-04-26
P0584,Helen,Flores,Doctor 10,2023-04-26
P0588,Michael,Davis,Doctor 18,2023-04-26
P0623,Daniel,Gomez,Doctor 13,2023-04-26
P0624,Jose,Johnson,Doctor 19,2023-04-26
P0638,Deborah,Hughes,Doctor 9,2023-04-26
P0720,Donna,Kim,Doctor 7,2023-04-26
P0750,Samuel,Jones,Doctor 2,2023-04-26
P0784,Gary,Collins,Doctor 14,2023-04-26
P0818,Ruth,Harris,Doctor 4,2023-04-26
P0877,William,Bailey,Doctor 2,2023-04-26
P0890,Sarah,Evans,Doctor 1,2023-04-26
P0976,Anna,White,Doctor 10,2023-04-26
P1062,Jose,Robinson,Doctor 6,2023-04-26
P1198,Richard,Allen,Doctor 2,2023-04-26
P1210,Brandon,Anderson,Doctor 11,2023-04-26
P1556,Aaron,Wright,Doctor 8,2023-04-26
P1589,Brandon,Taylor,Doctor 4,2023-04-26
P1646,Stephen,Ramirez,Doctor 10,2023-04-26
P1733,Brandon,Green,Doctor 10,2023-04-26
P1763,Jessica,Martinez,Doctor 17,2023-04-26
P1776,Lisa,Morris,Doctor 11,2023-04-26
P1803,Ronald,Chavez,Doctor 15,2023-04-26
P1985,Lisa,Taylor,Doctor 1,2023-04-26
P2199,John,Garcia,Doctor 20,2023-04-26
P2249,Joseph,Robinson,Doctor 3,2023-04-26
P0086,Aaron,Gray,Doctor 11,2023-04-27
P0096,Nicholas,Torres,Doctor 18,2023-04-27
P0109,Andrew,Walker,Doctor 17,2023-04-27
P0154,Shirley,Gomez,Doctor 14,2023-04-27
P0191,Eric,Ruiz,Doctor 13,2023-04-27
P0314,David,Lee,Doctor 3,2023-04-27
P0531,Donna,Carter,Doctor 4,2023-04-27
P0597,Richard,Chavez,Doctor 15,2023-04-27
P0639,Jennifer,Nelson,Doctor 13,2023-04-27
P0673,Richard,Johnson,Doctor 20,2023-04-27
P0891,Kimberly,Gray,Doctor 17,2023-04-27
P1117,Deborah,Howard,Doctor 20,2023-04-27
P1148,Sarah,Collins,Doctor 8,2023-04-27
P1215,Aaron,Cruz,Doctor 5,2023-04-27
P1439,Justin,Gutierrez,Doctor 3,2023-04-27
P1736,Ruth,Hernandez,Doctor 15,2023-04-27
P1778,Ruth,Davis,Doctor 2,2023-04-27
P1805,Stephen,Perez,Doctor 12,2023-04-27
P1835,Helen,Turner,Doctor 11,2023-04-27
P1906,George,Torres,Doctor 18,2023-04-27
P1983,Tyler,Ward,Doctor 12,2023-04-27
P2051,Matthew,Clark,Doctor 14,2023-04-27
P2080,Brandon,Clark,Doctor 19,2023-04-27
P2089,Jose,Chavez,Doctor 15,2023-04-27
P2089,Jose,Chavez,Doctor 16,2023-04-27
P2103,Edward,Collins,Doctor 11,2023-04-27
P2139,Andrew,Rogers,Doctor 11,2023-04-27
P2146,Jerry,Campbell,Doctor 14,2023-04-27
P2203,Betty,Kelly,Doctor 9,2023-04-27
P0025,Melissa,Ramirez,Doctor 14,2023-04-28
P0424,Richard,Wright,Doctor 8,2023-04-28
P0524,Sarah,Young,Doctor 14,2023-04-28
P0616,Nicholas,Gutierrez,Doctor 17,2023-04-28
P0903,Mary,Hernandez,Doctor 15,2023-04-28
P0942,Donald,Evans,Doctor 8,2023-04-28
P1030,Rebecca,Brooks,Doctor 17,2023-04-28
P1069,Sarah,Johnson,Doctor 3,2023-04-28
P1113,Laura,Brooks,Doctor 10,2023-04-28
P1153,Sandra,Nelson,Doctor 5,2023-04-28
P1231,Thomas,Kim,Doctor 18,2023-04-28
P1321,George,Green,Doctor 14,2023-04-28
P1328,Edward,Scott,Doctor 2,2023-04-28
P1338,Mary,Clark,Doctor 12,2023-04-28
P1401,Jason,Chavez,Doctor 11,2023-04-28
P1423,Lisa,Morales,Doctor 11,2023-04-28
P1543,Sarah,Hughes,Doctor 8,2023-04-28
P1551,Shirley,Roberts,Doctor 18,2023-04-28
P1587,Shirley,Brooks,Doctor 9,2023-04-28
P1652,Shirley,Flores,Doctor 7,2023-04-28
P1675,Ruth,Diaz,Doctor 9,2023-04-28
P1691,Linda,Brown,Doctor 11,2023-04-28
P1745,Scott,Torres,Doctor 2,2023-04-28
P1793,Angela,Collins,Doctor 13,2023-04-28
P1822,Gregory,Anderson,Doctor 6,2023-04-28
P1977,Karen,Gray,Doctor 20,2023-04-28
P2012,Virginia,Campbell,Doctor 8,2023-04-28
P2035,Angela,Hall,Doctor 20,2023-04-28
P2040,Kimberly,Robinson,Doctor 2,2023-04-28
P2135,Frank,Sanchez,Doctor 17,2023-04-28
P2228,Susan,Howard,Doctor 12,2023-04-28
P0017,George,Bennett,Doctor 15,2023-04-29
P0043,Steven,Harris,Doctor 1,2023-04-29
P0080,Brenda,Rodriguez,Doctor 6,2023-04-29
P0107,Robert,Wright,Doctor 11,2023-04-29
P0111,John,Wright,Doctor 7,2023-04-29
P0129,Patrick,Parker,Doctor 2,2023-04-29
P0148,Gary,Ortiz,Doctor 1,2023-04-29
P0154,Shirley,Gomez,Doctor 14,2023-04-29
P0264,Frank,Harris,Doctor 3,2023-04-29
P0276,John,Campbell,Doctor 14,2023-04-29
P0311,Eric,Williams,Doctor 2,2023-04-29
P0393,Mary,Brown,Doctor 19,2023-04-29
P0489,Eric,Howard,Doctor 7,2023-04-29
P0578,Jessica,Sanchez,Doctor 2,2023-04-29
P0689,Ruth,Edwards,Doctor 7,2023-04-29
P0727,Brandon,Gutierrez,Doctor 17,2023-04-29
P0846,Dorothy,Lewis,Doctor 9,2023-04-29
P0878,Lisa,Watson,Doctor 6,2023-04-29
P0894,Stephen,Taylor,Doctor 11,2023-04-29
P0936,Rebecca,Morales,Doctor 18,2023-04-29
P0948,Edward,Morgan,Doctor 16,2023-04-29
P1121,Jack,Perez,Doctor 20,2023-04-29
P1162,Barbara,Ward,Doctor 5,2023-04-29
P1174,Gary,Gonzalez,Doctor 7,2023-04-29
P1202,Alexander,Morris,Doctor 6,2023-04-29
P1204,Melissa,Sanders,Doctor 9,2023-04-29
P1236,Rebecca,Watson,Doctor 6,2023-04-29
P1456,Mary,Hill,Doctor 20,2023-04-29
P1513,Richard,Nguyen,Doctor 9,2023-04-29
P1531,Lisa,Sanders,Doctor 7,2023-04-29
P1567,Jeffrey,Watson,Doctor 13,2023-04-29
P1570,Sarah,Edwards,Doctor 19,2023-04-29
P1638,Joseph,Price,Doctor 8,2023-04-29
P1658,Ronald,Myers,Doctor 2,2023-04-29
P1771,Ronald,Morgan,Doctor 16,2023-04-29
P1774,David,Howard,Doctor 17,2023-04-29
P1895,Kevin,Chavez,Doctor 17,2023-04-29
P1932,Deborah,Scott,Doctor 1,2023-04-29
P1940,Carol,Davis,Doctor 1,2023-04-29
P2062,Jason,Morales,Doctor 16,2023-04-29
P2176,Kenneth,Campbell,Doctor 7,2023-04-29
P2222,Eric,Roberts,Doctor 6,2023-04-29
P0034,Sandra,Flores,Doctor 16,2023-04-30
P0117,Donald,Miller,Doctor 16,2023-04-30
P0155,Helen,Hughes,Doctor 2,2023-04-30
P0240,Dennis,Thomas,Doctor 20,2023-04-30
P0292,Jennifer,Howard,Doctor 10,2023-04-30
P0365,Sarah,Ramirez,Doctor 3,2023-04-30
P0403,Benjamin,Kim,Doctor 3,2023-04-30
P0479,Jose,Brown,Doctor 8,2023-04-30
P0483,George,Ortiz,Doctor 12,2023-04-30
P0487,Mary,Morales,Doctor 13,2023-04-30
P0542,Justin,Walker,Doctor 9,2023-04-30
P0662,Ruth,Gomez,Doctor 1,2023-04-30
P0736,Brenda,Moore,Doctor 18,2023-04-30
P0800,Richard,Hernandez,Doctor 4,2023-04-30
P0812,Kimberly,Cruz,Doctor 6,2023-04-30
P0970,Karen,Jackson,Doctor 5,2023-04-30
P0999,Michelle,Anderson,Doctor 11,2023-04-30
P1012,John,Mendoza,Doctor 17,2023-04-30
P1017,Frank,Ramos,Doctor 7,2023-04-30
P1452,Gary,Mendoza,Doctor 12,2023-04-30
P1540,Jessica,Thomas,Doctor 9,2023-04-30
P1620,Sharon,Adams,Doctor 6,2023-04-30
P1732,Brenda,Allen,Doctor 4,2023-04-30
P1756,Michelle,King,Doctor 12,2023-04-30
P1760,Ryan,Brooks,Doctor 13,2023-04-30
P1794,Jacob,Parker,Doctor 20,2023-04-30
P1815,Rebecca,Patel,Doctor 12,2023-04-30
P1854,Deborah,Morris,Doctor 4,2023-04-30
P2182,John,Johnson,Doctor 4,2023-04-30
P2277,Anna,Torres,Doctor 11,2023-04-30
P0005,Michelle,Morales,Doctor 19,2023-05-01
P0009,Helen,White,Doctor 13,2023-05-01
P0083,James,Moore,Doctor 11,2023-05-01
P0105,Kimberly,Bailey,Doctor 16,2023-05-01
P0153,Edward,Clark,Doctor 11,2023-05-01
P0247,Emma,Alvarez,Doctor 14,2023-05-01
P0520,Carol,Ramos,Doctor 6,2023-05-01
P0541,John,Harris,Doctor 11,2023-05-01
P0637,Charles,Torres,Doctor 13,2023-05-01
P0663,Carol,Hernandez,Doctor 10,2023-05-01
P0884,Aaron,Edwards,Doctor 19,2023-05-01
P0889,Kimberly,Nelson,Doctor 1,2023-05-01
P1004,Jessica,Turner,Doctor 7,2023-05-01
P1011,George,Lee,Doctor 2,2023-05-01
P1094,Sharon,Davis,Doctor 5,2023-05-01
P1105,Steven,Flores,Doctor 15,2023-05-01
P1122,Nancy,Harris,Doctor 2,2023-05-01
P1253,George,Wood,Doctor 19,2023-05-01
P1289,Carol,Morris,Doctor 5,2023-05-01
P1380,Ryan,Bennett,Doctor 14,2023-05-01
P1474,Kimberly,Morris,Doctor 10,2023-05-01
P1505,Brian,Phillips,Doctor 13,2023-05-01
P1555,John,Lee,Doctor 6,2023-05-01
P1613,Rebecca,Morgan,Doctor 5,2023-05-01
P1619,Eric,Alvarez,Doctor 5,2023-05-01
P1698,Jerry,Rodriguez,Doctor 19,2023-05-01
P1970,Alexander,Allen,Doctor 16,2023-05-01
P2049,Mark,Davis,Doctor 8,2023-05-01
P2087,Virginia,Ramos,Doctor 13,2023-05-01
P2169,Gregory,Roberts,Doctor 11,2023-05-01
P2209,William,Cook,Doctor 19,2023-05-01
P2257,Scott,Bailey,Doctor 16,2023-05-01
P2274,Brian,Garcia,Doctor 5,2023-05-01
P0108,Alexander,Parker,Doctor 15,2023-05-02
P0182,Timothy,Kelly,Doctor 10,2023-05-02
P0266,Joshua,Nelson,Doctor 13,2023-05-02
P0367,Jacob,Allen,Doctor 11,2023-05-02
P0480,Laura,Walker,Doctor 17,2023-05-02
P0487,Mary,Morales,Doctor 13,2023-05-02
P0505,Shirley,Anderson,Doctor 13,2023-05-02
P0530,Betty,James,Doctor 12,2023-05-02
P0719,Deborah,Williams,Doctor 3,2023-05-02
P0903,Mary,Hernandez,Doctor 12,2023-05-02
P0929,Dorothy,Rogers,Doctor 2,2023-05-02
P1064,Samuel,Hughes,Doctor 12,2023-05-02
P1067,Larry,Chavez,Doctor 9,2023-05-02
P1128,Donald,Torres,Doctor 17,2023-05-02
P1232,Sharon,Kim,Doctor 19,2023-05-02
P1279,Brenda,Williams,Doctor 7,2023-05-02
P1344,Cynthia,Brown,Doctor 3,2023-05-02
P1394,Mary,Martin,Doctor 3,2023-05-02
P1399,Michael,Torres,Doctor 1,2023-05-02
P1450,Raymond,Miller,Doctor 19,2023-05-02
P1541,Kathleen,Nelson,Doctor 15,2023-05-02
P1760,Ryan,Brooks,Doctor 16,2023-05-02
P1826,Jessica,Adams,Doctor 9,2023-05-02
P1917,Kevin,Perez,Doctor 6,2023-05-02
P1962,Amy,Wilson,Doctor 10,2023-05-02
P1993,Jack,Murphy,Doctor 7,2023-05-02
P2022,Jason,Stewart,Doctor 9,2023-05-02
P2039,Deborah,Robinson,Doctor 13,2023-05-02
P2101,Anna,Lee,Doctor 7,2023-05-02
P2105,John,Ortiz,Doctor 17,2023-05-02
P2140,Anna,Patel,Doctor 6,2023-05-02
P2188,Richard,Gray,Doctor 20,2023-05-02
P2304,Robert,Williams,Doctor 20,2023-05-02
P0042,Jason,Mitchell,Doctor 5,2023-05-03
P0045,Donald,Allen,Doctor 14,2023-05-03
P0122,Robert,Collins,Doctor 2,2023-05-03
P0225,Aaron,Thomas,Doctor 5,2023-05-03
P0286,Scott,Smith,Doctor 18,2023-05-03
P0352,Dorothy,Morgan,Doctor 18,2023-05-03
P0471,Justin,Morales,Doctor 8,2023-05-03
P0489,Eric,Howard,Doctor 18,2023-05-03
P0499,Amy,Adams,Doctor 10,2023-05-03
P0534,Jessica,Chavez,Doctor 15,2023-05-03
P0536,Robert,Carter,Doctor 6,2023-05-03
P0676,Dennis,Castillo,Doctor 11,2023-05-03
P0707,Gary,Campbell,Doctor 5,2023-05-03
P0779,Jason,Rogers,Doctor 20,2023-05-03
P0789,Jose,Rodriguez,Doctor 15,2023-05-03
P0934,Lisa,Roberts,Doctor 12,2023-05-03
P1007,Shirley,Cooper,Doctor 9,2023-05-03
P1025,Nancy,Rodriguez,Doctor 4,2023-05-03
P1146,Betty,Garcia,Doctor 20,2023-05-03
P1313,Patrick,Bennett,Doctor 10,2023-05-03
P1377,Brian,Rivera,Doctor 2,2023-05-03
P1434,Charles,Ramos,Doctor 1,2023-05-03
P1440,Raymond,White,Doctor 19,2023-05-03
P1490,Gary,Phillips,Doctor 5,2023-05-03
P1515,Dennis,Ruiz,Doctor 20,2023-05-03
P1548,Jonathan,Torres,Doctor 7,2023-05-03
P1623,Anna,Scott,Doctor 10,2023-05-03
P1663,Edward,Parker,Doctor 12,2023-05-03
P1825,Dennis,Davis,Doctor 13,2023-05-03
P1962,Amy,Wilson,Doctor 4,2023-05-03
P2038,Helen,Hall,Doctor 12,2023-05-03
P2066,Nancy,Gutierrez,Doctor 19,2023-05-03
P2101,Anna,Lee,Doctor 13,2023-05-03
P2254,Brian,Patel,Doctor 15,2023-05-03
P0036,Carol,Watson,Doctor 2,2023-05-04
P0062,Deborah,Gomez,Doctor 13,2023-05-04
P0078,Sharon,Wilson,Doctor 8,2023-05-04
P0163,Kimberly,Sanders,Doctor 4,2023-05-04
P0246,Sandra,Ramos,Doctor 4,2023-05-04
P0282,Matthew,Reyes,Doctor 19,2023-05-04
P0314,David,Lee,Doctor 7,2023-05-04
P0394,Scott,Kim,Doctor 19,2023-05-04
P0429,Laura,Alvarez,Doctor 16,2023-05-04
P0593,Charles,Mendoza,Doctor 1,2023-05-04
P0735,Deborah,Reed,Doctor 7,2023-05-04
P0772,Virginia,Ortiz,Doctor 4,2023-05-04
P1019,Robert,Cook,Doctor 3,2023-05-04
P1057,Anna,Sanchez,Doctor 7,2023-05-04
P1067,Larry,Chavez,Doctor 19,2023-05-04
P1136,Shirley,Walker,Doctor 14,2023-05-04
P1225,Dennis,Rodriguez,Doctor 16,2023-05-04
P1246,Jason,Bailey,Doctor 2,2023-05-04
P1308,Sharon,Cox,Doctor 14,2023-05-04
P1392,Alexander,Sanchez,Doctor 1,2023-05-04
P1454,Brian,Ramirez,Doctor 2,2023-05-04
P1454,Brian,Ramirez,Doctor 4,2023-05-04
P1500,Ruth,Thompson,Doctor 8,2023-05-04
P1567,Jeffrey,Watson,Doctor 5,2023-05-04
P1657,Samuel,Allen,Doctor 3,2023-05-04
P1765,Amy,Roberts,Doctor 15,2023-05-04
P1938,Jerry,Lee,Doctor 16,2023-05-04
P2097,Jonathan,Mitchell,Doctor 17,2023-05-04
P2212,Anna,Cook,Doctor 2,2023-05-04
P2274,Brian,Garcia,Doctor 18,2023-05-04
P0010,Kenneth,Bailey,Doctor 9,2023-05-05
P0013,Sarah,Nguyen,Doctor 20,2023-05-05
P0112,George,Rivera,Doctor 10,2023-05-05
P0126,Angela,Morales,Doctor 2,2023-05-05
P0172,George,Scott,Doctor 10,2023-05-05
P0195,Kimberly,Cooper,Doctor 19,2023-05-05
P0235,David,King,Doctor 1,2023-05-05
P0300,Laura,Martinez,Doctor 16,2023-05-05
P0302,Nicholas,Moore,Doctor 14,2023-05-05
P0337,William,Wright,Doctor 12,2023-05-05
P0352,Dorothy,Morgan,Doctor 17,2023-05-05
P0400,Steven,Morgan,Doctor 14,2023-05-05
P0424,Richard,Wright,Doctor 8,2023-05-05
P0452,Joshua,Hughes,Doctor 20,2023-05-05
P0479,Jose,Brown,Doctor 8,2023-05-05
P0582,Karen,Taylor,Doctor 1,2023-05-05
P0599,Shirley,Smith,Doctor 3,2023-05-05
P0718,Kevin,Jones,Doctor 1,2023-05-05
P0752,Eric,Hughes,Doctor 2,2023-05-05
P0768,Kenneth,Price,Doctor 2,2023-05-05
P0791,Donald,Ward,Doctor 7,2023-05-05
P0860,Helen,Ward,Doctor 5,2023-05-05
P0930,George,Nelson,Doctor 10,2023-05-05
P1033,Donna,Taylor,Doctor 13,2023-05-05
P1162,Barbara,Ward,Doctor 10,2023-05-05
P1170,Daniel,Wright,Doctor 13,2023-05-05
P1433,Helen,Taylor,Doctor 6,2023-05-05
P1475,Jerry,Peterson,Doctor 3,2023-05-05
P1490,Gary,Phillips,Doctor 5,2023-05-05
P1515,Dennis,Ruiz,Doctor 20,2023-05-05
P1592,Michelle,Clark,Doctor 12,2023-05-05
P1593,Gregory,Green,Doctor 7,2023-05-05
P1736,Ruth,Hernandez,Doctor 11,2023-05-05
P1738,Sharon,Brooks,Doctor 4,2023-05-05
P1768,Patricia,Lopez,Doctor 1,2023-05-05
P1798,Nancy,Sanders,Doctor 13,2023-05-05
P1913,Kenneth,Martin,Doctor 11,2023-05-05
P1917,Kevin,Perez,Doctor 17,2023-05-05
P1958,Brenda,Bennett,Doctor 17,2023-05-05
P2024,Virginia,Edwards,Doctor 20,2023-05-05
P2081,Nancy,Cooper,Doctor 8,2023-05-05
P2103,Edward,Collins,Doctor 11,2023-05-05
P2150,Daniel,Parker,Doctor 11,2023-05-05
P2153,Amy,Nguyen,Doctor 4,2023-05-05
P2215,Amy,Hernandez,Doctor 14,2023-05-05
P0056,Benjamin,Watson,Doctor 1,2023-05-06
P0087,Karen,Robinson,Doctor 6,2023-05-06
P0120,Brandon,Chavez,Doctor 16,2023-05-06
P0147,Carol,Morales,Doctor 19,2023-05-06
P0191,Eric,Ruiz,Doctor 5,2023-05-06
P0240,Dennis,Thomas,Doctor 20,2023-05-06
P0271,Deborah,Murphy,Doctor 14,2023-05-06
P0385,Ryan,Evans,Doctor 3,2023-05-06
P0415,Mary,Walker,Doctor 20,2023-05-06
P0420,Kimberly,Thompson,Doctor 10,2023-05-06
P0421,Laura,Myers,Doctor 11,2023-05-06
P0486,Sandra,King,Doctor 6,2023-05-06
P0648,Shirley,Rogers,Doctor 16,2023-05-06
P0682,Ruth,Torres,Doctor 7,2023-05-06
P0695,Christopher,Baker,Doctor 5,2023-05-06
P0737,Larry,Hill,Doctor 7,2023-05-06
P0757,Gary,Edwards,Doctor 17,2023-05-06
P0758,Alexander,Lee,Doctor 14,2023-05-06
P0875,Jason,Flores,Doctor 10,2023-05-06
P0891,Kimberly,Gray,Doctor 17,2023-05-06
P0983,Eric,Rodriguez,Doctor 10,2023-05-06
P1007,Shirley,Cooper,Doctor 9,2023-05-06
P1019,Robert,Cook,Doctor 8,2023-05-06
P1134,Ruth,Peterson,Doctor 12,2023-05-06
P1138,Karen,Ramos,Doctor 7,2023-05-06
P1180,Michelle,Richardson,Doctor 19,2023-05-06
P1184,Kevin,Bailey,Doctor 10,2023-05-06
P1376,Brenda,Lopez,Doctor 2,2023-05-06
P1379,Justin,Rogers,Doctor 20,2023-05-06
P1389,Robert,Allen,Doctor 6,2023-05-06
P1629,Emma,Cruz,Doctor 20,2023-05-06
P1641,Samuel,Ortiz,Doctor 1,2023-05-06
P1647,Michael,Ramos,Doctor 13,2023-05-06
P1681,Richard,Rodriguez,Doctor 12,2023-05-06
P2086,Brian,Perez,Doctor 19,2023-05-06
P2214,Deborah,Mitchell,Doctor 20,2023-05-06
P2225,Patrick,Cooper,Doctor 11,2023-05-06
P2241,Patricia,Ramos,Doctor 10,2023-05-06
P0015,Patricia,Sanchez,Doctor 10,2023-05-07
P0073,Sandra,Cox,Doctor 7,2023-05-07
P0142,Melissa,Mendoza,Doctor 16,2023-05-07
P0143,Sandra,Campbell,Doctor 11,2023-05-07
P0145,Angela,Williams,Doctor 5,2023-05-07
P0238,William,Hughes,Doctor 2,2023-05-07
P0261,Anthony,Adams,Doctor 13,2023-05-07
P0262,Jonathan,Lopez,Doctor 5,2023-05-07
P0315,Joseph,Castillo,Doctor 8,2023-05-07
P0373,Barbara,Turner,Doctor 17,2023-05-07
P0483,George,Ortiz,Doctor 12,2023-05-07
P0492,Lisa,Lewis,Doctor 15,2023-05-07
P0514,Samuel,Ward,Doctor 14,2023-05-07
P0532,Brandon,Hernandez,Doctor 20,2023-05-07
P0702,Melissa,Thompson,Doctor 8,2023-05-07
P0908,Steven,Peterson,Doctor 2,2023-05-07
P1093,George,Miller,Doctor 20,2023-05-07
P1202,Alexander,Morris,Doctor 5,2023-05-07
P1291,Angela,Sanchez,Doctor 19,2023-05-07
P1391,Deborah,Evans,Doctor 10,2023-05-07
P1444,Linda,Green,Doctor 10,2023-05-07
P1606,George,Peterson,Doctor 20,2023-05-07
P1704,Kimberly,Kelly,Doctor 4,2023-05-07
P1728,Laura,Nguyen,Doctor 6,2023-05-07
P1742,Justin,Roberts,Doctor 14,2023-05-07
P1801,Larry,King,Doctor 11,2023-05-07
P1867,Charles,Gray,Doctor 4,2023-05-07
P1986,Sarah,Phillips,Doctor 12,2023-05-07
P1990,Kimberly,Rogers,Doctor 15,2023-05-07
P2033,Patrick,Walker,Doctor 19,2023-05-07
P2105,John,Ortiz,Doctor 17,2023-05-07
P0028,Sarah,Ward,Doctor 9,2023-05-08
P0183,Dorothy,Brown,Doctor 16,2023-05-08
P0202,Aaron,Roberts,Doctor 7,2023-05-08
P0407,Scott,Brown,Doctor 4,2023-05-08
P0612,Karen,Turner,Doctor 9,2023-05-08
P0652,Timothy,Rogers,Doctor 19,2023-05-08
P0678,Susan,Castillo,Doctor 19,2023-05-08
P0693,Kimberly,Taylor,Doctor 3,2023-05-08
P0775,Joseph,Roberts,Doctor 3,2023-05-08
P0819,Richard,Mitchell,Doctor 8,2023-05-08
P0900,Laura,Sanders,Doctor 3,2023-05-08
P0964,Edward,Young,Doctor 2,2023-05-08
P1017,Frank,Ramos,Doctor 12,2023-05-08
P1219,Robert,Murphy,Doctor 11,2023-05-08
P1272,Virginia,Castillo,Doctor 5,2023-05-08
P1494,Matthew,Patel,Doctor 6,2023-05-08
P1733,Brandon,Green,Doctor 10,2023-05-08
P1772,Laura,Wood,Doctor 13,2023-05-08
P1808,Lisa,Wright,Doctor 18,2023-05-08
P1820,Alexander,Alvarez,Doctor 14,2023-05-08
P1843,Joshua,Gonzalez,Doctor 14,2023-05-08
P1900,James,Hernandez,Doctor 18,2023-05-08
P1908,Jose,Torres,Doctor 2,2023-05-08
P1951,Nancy,Price,Doctor 8,2023-05-08
P2003,Eric,Gonzalez,Doctor 16,2023-05-08
P2028,William,Perez,Doctor 17,2023-05-08
P0066,Kimberly,Reed,Doctor 9,2023-05-09
P0144,Andrew,Reed,Doctor 17,2023-05-09
P0185,Robert,Gonzalez,Doctor 12,2023-05-09
P0287,Laura,Richardson,Doctor 9,2023-05-09
P0387,Gary,Thomas,Doctor 3,2023-05-09
P0479,Jose,Brown,Doctor 8,2023-05-09
P0563,Christopher,Alvarez,Doctor 19,2023-05-09
P0610,Larry,Brooks,Doctor 6,2023-05-09
P0698,Robert,Young,Doctor 16,2023-05-09
P0782,Gary,Smith,Doctor 6,2023-05-09
P1147,Ruth,Patel,Doctor 6,2023-05-09
P1168,James,Garcia,Doctor 6,2023-05-09
P1257,Helen,Edwards,Doctor 4,2023-05-09
P1313,Patrick,Bennett,Doctor 15,2023-05-09
P1333,Ryan,Mitchell,Doctor 20,2023-05-09
P1442,Kimberly,Garcia,Doctor 19,2023-05-09
P1492,Angela,Gomez,Doctor 14,2023-05-09
P1529,Brenda,Scott,Doctor 10,2023-05-09
P1591,Angela,Hughes,Doctor 2,2023-05-09
P1620,Sharon,Adams,Doctor 6,2023-05-09
P1683,Jacob,Robinson,Doctor 17,2023-05-09
P1719,David,Ward,Doctor 4,2023-05-09
P1825,Dennis,Davis,Doctor 18,2023-05-09
P1873,Nancy,Nguyen,Doctor 18,2023-05-09
P2039,Deborah,Robinson,Doctor 20,2023-05-09
P2272,Mary,Watson,Doctor 1,2023-05-09
P0013,Sarah,Nguyen,Doctor 20,2023-05-10
P0083,James,Moore,Doctor 1,2023-05-10
P0228,Nancy,Kim,Doctor 15,2023-05-10
P0236,Helen,Wood,Doctor 17,2023-05-10
P0289,Lisa,Parker,Doctor 9,2023-05-10
P0391,Kathleen,Garcia,Doctor 19,2023-05-10
P0429,Laura,Alvarez,Doctor 16,2023-05-10
P0474,Sarah,Morgan,Doctor 5,2023-05-10
P0544,Ruth,Baker,Doctor 16,2023-05-10
P0557,Kimberly,Myers,Doctor 4,2023-05-10
P0645,Brenda,Harris,Doctor 4,2023-05-10
P0647,Matthew,Scott,Doctor 14,2023-05-10
P0651,Dorothy,Perez,Doctor 17,2023-05-10
P0660,Carol,Martin,Doctor 20,2023-05-10
P0803,Eric,Ramos,Doctor 15,2023-05-10
P0899,Mary,Jackson,Doctor 8,2023-05-10
P0923,Joseph,Brown,Doctor 6,2023-05-10
P0953,James,Lopez,Doctor 13,2023-05-10
P0962,Laura,Murphy,Doctor 3,2023-05-10
P1175,Nancy,Rivera,Doctor 1,2023-05-10
P1314,Robert,Hall,Doctor 16,2023-05-10
P1320,Dennis,Bailey,Doctor 12,2023-05-10
P1331,Cynthia,Reyes,Doctor 6,2023-05-10
P1354,Kenneth,Wilson,Doctor 9,2023-05-10
P1448,Timothy,Martinez,Doctor 15,2023-05-10
P1598,Sandra,Murphy,Doctor 7,2023-05-10
P1670,Brian,Hernandez,Doctor 17,2023-05-10
P1673,Deborah,Collins,Doctor 10,2023-05-10
P1965,Dorothy,Clark,Doctor 10,2023-05-10
P2017,Steven,Baker,Doctor 6,2023-05-10
P2046,Nancy,Moore,Doctor 14,2023-05-10
P2132,Jacob,Alvarez,Doctor 17,2023-05-10
P2191,Edward,Brown,Doctor 5,2023-05-10
P2233,David,Cox,Doctor 6,2023-05-10
P0003,Patrick,Nguyen,Doctor 11,2023-05-11
P0069,Eric,Reyes,Doctor 1,2023-05-11
P0133,Betty,Alvarez,Doctor 17,2023-05-11
P0246,Sandra,Ramos,Doctor 8,2023-05-11
P0290,Joseph,Smith,Doctor 19,2023-05-11
P0337,William,Wright,Doctor 12,2023-05-11
P0407,Scott,Brown,Doctor 4,2023-05-11
P0489,Eric,Howard,Doctor 18,2023-05-11
P0500,Cynthia,Gutierrez,Doctor 16,2023-05-11
P0504,Angela,Wood,Doctor 5,2023-05-11
P0586,Michelle,Bennett,Doctor 3,2023-05-11
P0687,Dorothy,Castillo,Doctor 13,2023-05-11
P0700,Ruth,Morgan,Doctor 7,2023-05-11
P0816,Matthew,Watson,Doctor 11,2023-05-11
P0822,Patricia,Gutierrez,Doctor 15,2023-05-11
P0883,Jack,Castillo,Doctor 2,2023-05-11
P0955,Jacob,Carter,Doctor 10,2023-05-11
P1062,Jose,Robinson,Doctor 3,2023-05-11
P1282,Donna,Hernandez,Doctor 19,2023-05-11
P1303,Gregory,Hall,Doctor 13,2023-05-11
P1404,James,Allen,Doctor 4,2023-05-11
P1431,Jeffrey,Stewart,Doctor 20,2023-05-11
P1604,Cynthia,Gomez,Doctor 1,2023-05-11
P1701,Christopher,Howard,Doctor 17,2023-05-11
P1706,Larry,White,Doctor 5,2023-05-11
P1765,Amy,Roberts,Doctor 5,2023-05-11
P1893,Michelle,Martin,Doctor 4,2023-05-11
P1901,Charles,Thompson,Doctor 16,2023-05-11
P1952,Sarah,Rodriguez,Doctor 8,2023-05-11
P2053,Betty,Gonzalez,Doctor 9,2023-05-11
P2085,Thomas,White,Doctor 19,2023-05-11
P2104,Kevin,Cook,Doctor 20,2023-05-11
P2115,Edward,Ramos,Doctor 16,2023-05-11
P2149,Laura,Ruiz,Doctor 8,2023-05-11
P2197,Robert,Hernandez,Doctor 5,2023-05-11
P2239,Virginia,Cooper,Doctor 15,2023-05-11
P2251,Steven,Thomas,Doctor 14,2023-05-11
P2251,Steven,Thomas,Doctor 3,2023-05-11
P2253,Alexander,Morgan,Doctor 3,2023-05-11
P0085,Helen,Johnson,Doctor 11,2023-05-12
P0106,Jose,Gutierrez,Doctor 13,2023-05-12
P0273,James,Ward,Doctor 9,2023-05-12
P0779,Jason,Rogers,Doctor 20,2023-05-12
P0781,Cynthia,Stewart,Doctor 3,2023-05-12
P0796,Patricia,Mendoza,Doctor 7,2023-05-12
P0855,David,Morales,Doctor 8,2023-05-12
P0864,Mary,Lewis,Doctor 9,2023-05-12
P0930,George,Nelson,Doctor 13,2023-05-12
P0978,Ronald,Miller,Doctor 20,2023-05-12
P1032,Kimberly,Reyes,Doctor 9,2023-05-12
P1034,Sarah,Thomas,Doctor 11,2023-05-12
P1038,Michelle,Adams,Doctor 2,2023-05-12
P1039,Richard,Watson,Doctor 2,2023-05-12
P1131,Christopher,Sanchez,Doctor 15,2023-05-12
P1159,Karen,Watson,Doctor 16,2023-05-12
P1362,Tyler,Lewis,Doctor 9,2023-05-12
P1392,Alexander,Sanchez,Doctor 17,2023-05-12
P1460,Jeffrey,Chavez,Doctor 16,2023-05-12
P1518,Steven,Young,Doctor 12,2023-05-12
P1526,Barbara,White,Doctor 19,2023-05-12
P1587,Shirley,Brooks,Doctor 9,2023-05-12
P1794,Jacob,Parker,Doctor 20,2023-05-12
P1857,Jeffrey,Kim,Doctor 10,2023-05-12
P1917,Kevin,Perez,Doctor 17,2023-05-12
P1979,Jack,Ramirez,Doctor 4,2023-05-12
P2158,Brian,Ortiz,Doctor 1,2023-05-12
P2177,David,Richardson,Doctor 18,2023-05-12
P2281,Samuel,Hall,Doctor 14,2023-05-12
P0042,Jason,Mitchell,Doctor 10,2023-05-13
P0057,Sandra,James,Doctor 16,2023-05-13
P0340,Shirley,Turner,Doctor 20,2023-05-13
P0382,Jeffrey,Edwards,Doctor 14,2023-05-13
P0422,Shirley,Lee,Doctor 10,2023-05-13
P0429,Laura,Alvarez,Doctor 16,2023-05-13
P0503,Karen,Brooks,Doctor 18,2023-05-13
P0505,Shirley,Anderson,Doctor 12,2023-05-13
P0604,Sandra,Ward,Doctor 13,2023-05-13
P0695,Christopher,Baker,Doctor 7,2023-05-13
P0706,Benjamin,Chavez,Doctor 5,2023-05-13
P0739,Jack,Ortiz,Doctor 20,2023-05-13
P0801,Jessica,Robinson,Doctor 7,2023-05-13
P0891,Kimberly,Gray,Doctor 8,2023-05-13
P1009,William,Young,Doctor 15,2023-05-13
P1068,Jason,Campbell,Doctor 15,2023-05-13
P1092,Richard,Nelson,Doctor 12,2023-05-13
P1111,James,Chavez,Doctor 13,2023-05-13
P1235,Charles,Wright,Doctor 7,2023-05-13
P1348,Tyler,Torres,Doctor 20,2023-05-13
P1490,Gary,Phillips,Doctor 5,2023-05-13
P1605,James,Clark,Doctor 17,2023-05-13
P1625,Kenneth,Diaz,Doctor 16,2023-05-13
P1643,Patricia,Green,Doctor 15,2023-05-13
P1739,Richard,Campbell,Doctor 17,2023-05-13
P1750,Cynthia,Robinson,Doctor 14,2023-05-13
P1783,Jack,Allen,Doctor 20,2023-05-13
P1850,Dennis,White,Doctor 4,2023-05-13
P1853,Anthony,Reed,Doctor 13,2023-05-13
P1860,Donna,Lee,Doctor 18,2023-05-13
P1871,Nancy,Patel,Doctor 16,2023-05-13
P1932,Deborah,Scott,Doctor 4,2023-05-13
P1942,Nicholas,Robinson,Doctor 19,2023-05-13
P1958,Brenda,Bennett,Doctor 17,2023-05-13
P2022,Jason,Stewart,Doctor 9,2023-05-13
P2037,Jason,Johnson,Doctor 16,2023-05-13
P2123,Jason,Perez,Doctor 1,2023-05-13
P2148,Mary,Price,Doctor 19,2023-05-13
P2301,Dorothy,Martin,Doctor 6,2023-05-13
P0162,Carol,Carter,Doctor 5,2023-05-14
P0235,David,King,Doctor 16,2023-05-14
P0241,Kenneth,Gray,Doctor 15,2023-05-14
P0301,Kimberly,Green,Doctor 3,2023-05-14
P0321,Jacob,Turner,Doctor 13,2023-05-14
P0392,Deborah,Myers,Doctor 18,2023-05-14
P0434,Jonathan,Harris,Doctor 13,2023-05-14
P0543,Anthony,Perez,Doctor 13,2023-05-14
P0750,Samuel,Jones,Doctor 2,2023-05-14
P0814,Robert,Howard,Doctor 11,2023-05-14
P0900,Laura,Sanders,Doctor 2,2023-05-14
P0926,Amy,Lee,Doctor 15,2023-05-14
P0989,Tyler,Sanchez,Doctor 1,2023-05-14
P1157,Sharon,White,Doctor 8,2023-05-14
P1278,Robert,Mendoza,Doctor 9,2023-05-14
P1291,Angela,Sanchez,Doctor 5,2023-05-14
P1328,Edward,Scott,Doctor 2,2023-05-14
P1409,Donna,Rogers,Doctor 16,2023-05-14
P1439,Justin,Gutierrez,Doctor 16,2023-05-14
P1541,Kathleen,Nelson,Doctor 17,2023-05-14
P1548,Jonathan,Torres,Doctor 8,2023-05-14
P1585,Lisa,Phillips,Doctor 20,2023-05-14
P1586,Gary,Hall,Doctor 16,2023-05-14
P1756,Michelle,King,Doctor 17,2023-05-14
P1787,Jessica,Bennett,Doctor 3,2023-05-14
P1967,Nicholas,Kelly,Doctor 4,2023-05-14
P1998,Karen,Gonzalez,Doctor 2,2023-05-14
P2010,Jennifer,Taylor,Doctor 9,2023-05-14
P2018,Patrick,Howard,Doctor 19,2023-05-14
P2096,Samuel,Bailey,Doctor 6,2023-05-14
P2106,Thomas,Flores,Doctor 9,2023-05-14
P0087,Karen,Robinson,Doctor 6,2023-05-15
P0097,Deborah,Torres,Doctor 16,2023-05-15
P0098,Joseph,Rogers,Doctor 4,2023-05-15
P0145,Angela,Williams,Doctor 5,2023-05-15
P0186,Jeffrey,Brown,Doctor 17,2023-05-15
P0229,Jack,Watson,Doctor 20,2023-05-15
P0261,Anthony,Adams,Doctor 16,2023-05-15
P0280,Sharon,Ortiz,Doctor 9,2023-05-15
P0286,Scott,Smith,Doctor 18,2023-05-15
P0290,Joseph,Smith,Doctor 19,2023-05-15
P0360,Donna,Adams,Doctor 19,2023-05-15
P0531,Donna,Carter,Doctor 4,2023-05-15
P0538,Helen,Jones,Doctor 12,2023-05-15
P0700,Ruth,Morgan,Doctor 18,2023-05-15
P0705,Andrew,Ramos,Doctor 11,2023-05-15
P0873,Andrew,Evans,Doctor 5,2023-05-15
P0878,Lisa,Watson,Doctor 6,2023-05-15
P1021,Jack,Bailey,Doctor 18,2023-05-15
P1096,Ruth,Roberts,Doctor 16,2023-05-15
P1117,Deborah,Howard,Doctor 20,2023-05-15
P1133,Ronald,Hughes,Doctor 12,2023-05-15
P1207,Dennis,Green,Doctor 4,2023-05-15
P1263,Stephen,Scott,Doctor 20,2023-05-15
P1305,Patrick,Thomas,Doctor 8,2023-05-15
P1413,Rebecca,Morris,Doctor 4,2023-05-15
P1464,Ronald,Flores,Doctor 19,2023-05-15
P1544,Shirley,Clark,Doctor 12,2023-05-15
P1639,Linda,Turner,Doctor 20,2023-05-15
P1714,Nancy,Parker,Doctor 11,2023-05-15
P1777,Raymond,Martin,Doctor 5,2023-05-15
P1797,James,Bailey,Doctor 19,2023-05-15
P1871,Nancy,Patel,Doctor 16,2023-05-15
P1898,Joseph,Watson,Doctor 12,2023-05-15
P2054,Patrick,Patel,Doctor 19,2023-05-15
P2079,Tyler,Wilson,Doctor 16,2023-05-15
P2120,Ruth,Gutierrez,Doctor 13,2023-05-15
P0094,Amy,Johnson,Doctor 5,2023-05-16
P0146,Timothy,James,Doctor 10,2023-05-16
P0203,Lisa,Alvarez,Doctor 15,2023-05-16
P0257,Jacob,Myers,Doctor 7,2023-05-16
P0301,Kimberly,Green,Doctor 10,2023-05-16
P0423,Kevin,Cox,Doctor 5,2023-05-16
P0769,Nancy,Collins,Doctor 8,2023-05-16
P0780,Jeffrey,Brooks,Doctor 17,2023-05-16
P0990,Barbara,Clark,Doctor 9,2023-05-16
P1093,George,Miller,Doctor 20,2023-05-16
P1127,Sarah,Morris,Doctor 1,2023-05-16
P1169,Sandra,Baker,Doctor 17,2023-05-16
P1245,Justin,Hughes,Doctor 16,2023-05-16
P1278,Robert,Mendoza,Doctor 7,2023-05-16
P1337,Michelle,Gutierrez,Doctor 15,2023-05-16
P1382,Ruth,Chavez,Doctor 12,2023-05-16
P1385,Steven,Reyes,Doctor 4,2023-05-16
P1389,Robert,Allen,Doctor 6,2023-05-16
P1493,Patrick,Jackson,Doctor 8,2023-05-16
P1713,Helen,Rodriguez,Doctor 18,2023-05-16
P1777,Raymond,Martin,Doctor 10,2023-05-16
P1833,Elizabeth,Thomas,Doctor 3,2023-05-16
P1937,Ryan,Reyes,Doctor 15,2023-05-16
P2174,Nicholas,Murphy,Doctor 10,2023-05-16
P2194,Jason,Miller,Doctor 3,2023-05-16
P2238,Rebecca,Gonzalez,Doctor 10,2023-05-16
P2249,Joseph,Robinson,Doctor 3,2023-05-16
P0155,Helen,Hughes,Doctor 2,2023-05-17
P0192,Jonathan,Morgan,Doctor 10,2023-05-17
P0199,Kathleen,Diaz,Doctor 4,2023-05-17
P0208,Kimberly,Hughes,Doctor 12,2023-05-17
P0359,Raymond,Cook,Doctor 20,2023-05-17
P0548,Patrick,Rodriguez,Doctor 20,2023-05-17
P0580,James,Edwards,Doctor 5,2023-05-17
P0682,Ruth,Torres,Doctor 2,2023-05-17
P0819,Richard,Mitchell,Doctor 13,2023-05-17
P0822,Patricia,Gutierrez,Doctor 15,2023-05-17
P1114,Nancy,Lee,Doctor 18,2023-05-17
P1216,Scott,Parker,Doctor 16,2023-05-17
P1349,Samuel,Howard,Doctor 8,2023-05-17
P1391,Deborah,Evans,Doctor 10,2023-05-17
P1531,Lisa,Sanders,Doctor 7,2023-05-17
P1553,Jeffrey,Cooper,Doctor 18,2023-05-17
P1627,Ryan,Alvarez,Doctor 19,2023-05-17
P1721,Michelle,Cruz,Doctor 14,2023-05-17
P1723,Frank,Cruz,Doctor 2,2023-05-17
P1748,Kevin,Myers,Doctor 1,2023-05-17
P1828,Aaron,Smith,Doctor 12,2023-05-17
P1832,Dorothy,Peterson,Doctor 19,2023-05-17
P1887,Carol,Bailey,Doctor 12,2023-05-17
P1902,Nancy,Alvarez,Doctor 7,2023-05-17
P1914,Virginia,Collins,Doctor 17,2023-05-17
P1942,Nicholas,Robinson,Doctor 13,2023-05-17
P2047,Virginia,Moore,Doctor 8,2023-05-17
P2151,Stephen,Morgan,Doctor 14,2023-05-17
P2160,Betty,Allen,Doctor 18,2023-05-17
P2206,Alexander,Cruz,Doctor 8,2023-05-17
P0071,Lisa,Cruz,Doctor 2,2023-05-18
P0075,Gregory,Jones,Doctor 20,2023-05-18
P0182,Timothy,Kelly,Doctor 10,2023-05-18
P0439,Robert,Ruiz,Doctor 15,2023-05-18
P0449,Virginia,Price,Doctor 13,2023-05-18
P0595,Kevin,Jackson,Doctor 20,2023-05-18
P0634,Edward,Smith,Doctor 4,2023-05-18
P0675,Gregory,Murphy,Doctor 5,2023-05-18
P0902,Helen,Evans,Doctor 14,2023-05-18
P0956,Edward,Gonzalez,Doctor 9,2023-05-18
P1065,Sharon,Moore,Doctor 20,2023-05-18
P1273,Sharon,Edwards,Doctor 15,2023-05-18
P1281,Emma,Davis,Doctor 10,2023-05-18
P1293,Laura,Campbell,Doctor 6,2023-05-18
P1356,Nicholas,Clark,Doctor 3,2023-05-18
P1417,Michael,Chavez,Doctor 18,2023-05-18
P1452,Gary,Mendoza,Doctor 12,2023-05-18
P1466,Cynthia,Ruiz,Doctor 15,2023-05-18
P1672,Alexander,Adams,Doctor 13,2023-05-18
P1691,Linda,Brown,Doctor 11,2023-05-18
P1823,Sharon,Lopez,Doctor 4,2023-05-18
P1904,Jennifer,Young,Doctor 3,2023-05-18
P1957,Dennis,Kim,Doctor 7,2023-05-18
P2008,George,Morris,Doctor 17,2023-05-18
P2071,Justin,Jackson,Doctor 18,2023-05-18
P2153,Amy,Nguyen,Doctor 4,2023-05-18
P2182,John,Johnson,Doctor 18,2023-05-18
P0395,Samuel,Kim,Doctor 11,2023-05-19
P0469,Matthew,Hill,Doctor 13,2023-05-19
P0505,Shirley,Anderson,Doctor 12,2023-05-19
P0527,Sarah,Nelson,Doctor 11,2023-05-19
P0605,Jessica,James,Doctor 4,2023-05-19
P0633,Deborah,Cook,Doctor 10,2023-05-19
P0764,Jessica,Watson,Doctor 15,2023-05-19
P0781,Cynthia,Stewart,Doctor 3,2023-05-19
P0790,Matthew,Carter,Doctor 18,2023-05-19
P0800,Richard,Hernandez,Doctor 4,2023-05-19
P0888,Nancy,Carter,Doctor 12,2023-05-19
P0983,Eric,Rodriguez,Doctor 5,2023-05-19
P0993,Jack,Morris,Doctor 1,2023-05-19
P1056,William,Walker,Doctor 6,2023-05-19
P1118,Patrick,Jones,Doctor 12,2023-05-19
P1199,Angela,Brown,Doctor 12,2023-05-19
P1265,Kimberly,Walker,Doctor 9,2023-05-19
P1282,Donna,Hernandez,Doctor 19,2023-05-19
P1415,Richard,Reed,Doctor 5,2023-05-19
P1447,Stephen,Mitchell,Doctor 9,2023-05-19
P1633,Tyler,Richardson,Doctor 17,2023-05-19
P1636,Sandra,Collins,Doctor 8,2023-05-19
P1895,Kevin,Chavez,Doctor 17,2023-05-19
P2154,Kevin,Thomas,Doctor 8,2023-05-19
P0118,Jessica,Reed,Doctor 5,2023-05-20
P0219,Ruth,Thomas,Doctor 13,2023-05-20
P0285,Karen,Kelly,Doctor 18,2023-05-20
P0399,Nancy,Mitchell,Doctor 9,2023-05-20
P0440,David,Watson,Doctor 17,2023-05-20
P0517,Brenda,Roberts,Doctor 8,2023-05-20
P0644,Sandra,Evans,Doctor 7,2023-05-20
P0644,Sandra,Evans,Doctor 4,2023-05-20
P0680,Patrick,Hall,Doctor 20,2023-05-20
P0686,Sandra,Reyes,Doctor 8,2023-05-20
P0696,Brandon,Allen,Doctor 3,2023-05-20
P0713,Nancy,Thomas,Doctor 15,2023-05-20
P0793,Kathleen,Jackson,Doctor 15,2023-05-20
P0801,Jessica,Robinson,Doctor 7,2023-05-20
P0807,Alexander,Davis,Doctor 4,2023-05-20
P0904,Kimberly,Murphy,Doctor 11,2023-05-20
P1020,Jeffrey,Lopez,Doctor 7,2023-05-20
P1026,Alexander,Reyes,Doctor 20,2023-05-20
P1035,Lisa,Lopez,Doctor 19,2023-05-20
P1060,James,Robinson,Doctor 4,2023-05-20
P1063,George,Reyes,Doctor 1,2023-05-20
P1103,Emma,Ortiz,Doctor 10,2023-05-20
P1117,Deborah,Howard,Doctor 20,2023-05-20
P1124,Ruth,Reyes,Doctor 4,2023-05-20
P1144,Ronald,Patel,Doctor 17,2023-05-20
P1213,Ruth,Wilson,Doctor 18,2023-05-20
P1404,James,Allen,Doctor 20,2023-05-20
P1426,Ronald,Ward,Doctor 5,2023-05-20
P1496,Larry,Baker,Doctor 20,2023-05-20
P1499,Raymond,Scott,Doctor 19,2023-05-20
P1503,Karen,Mendoza,Doctor 14,2023-05-20
P1595,John,Mitchell,Doctor 7,2023-05-20
P1609,Virginia,Cox,Doctor 19,2023-05-20
P1629,Emma,Cruz,Doctor 6,2023-05-20
P1662,Mary,Richardson,Doctor 8,2023-05-20
P1699,David,James,Doctor 13,2023-05-20
P1732,Brenda,Allen,Doctor 4,2023-05-20
P1736,Ruth,Hernandez,Doctor 20,2023-05-20
P1746,Samuel,Thompson,Doctor 7,2023-05-20
P1802,Michelle,Lopez,Doctor 12,2023-05-20
P1806,David,Clark,Doctor 19,2023-05-20
P1910,Virginia,Roberts,Doctor 6,2023-05-20
P1922,Andrew,Stewart,Doctor 7,2023-05-20
P1944,Kimberly,Campbell,Doctor 5,2023-05-20
P1972,Michelle,Johnson,Doctor 10,2023-05-20
P1991,Jack,Wood,Doctor 15,2023-05-20
P2098,Dorothy,Phillips,Doctor 2,2023-05-20
P2115,Edward,Ramos,Doctor 1,2023-05-20
P2152,Lisa,Wood,Doctor 1,2023-05-20
P2158,Brian,Ortiz,Doctor 1,2023-05-20
P2199,John,Garcia,Doctor 20,2023-05-20
P2215,Amy,Hernandez,Doctor 14,2023-05-20
P0051,Benjamin,Torres,Doctor 10,2023-05-21
P0152,Michelle,Jackson,Doctor 1,2023-05-21
P0220,Raymond,Reed,Doctor 2,2023-05-21
P0335,Elizabeth,Rivera,Doctor 9,2023-05-21
P0632,Frank,Hernandez,Doctor 13,2023-05-21
P0645,Brenda,Harris,Doctor 4,2023-05-21
P0667,Benjamin,Rivera,Doctor 5,2023-05-21
P0756,Helen,King,Doctor 12,2023-05-21
P0811,Jeffrey,Rodriguez,Doctor 3,2023-05-21
P0868,Nicholas,Price,Doctor 16,2023-05-21
P0890,Sarah,Evans,Doctor 1,2023-05-21
P0903,Mary,Hernandez,Doctor 12,2023-05-21
P0955,Jacob,Carter,Doctor 10,2023-05-21
P1006,William,Parker,Doctor 7,2023-05-21
P1030,Rebecca,Brooks,Doctor 5,2023-05-21
P1091,Justin,Moore,Doctor 20,2023-05-21
P1172,Anna,Lewis,Doctor 17,2023-05-21
P1237,Linda,Hernandez,Doctor 6,2023-05-21
P1304,Steven,Turner,Doctor 1,2023-05-21
P1321,George,Green,Doctor 17,2023-05-21
P1382,Ruth,Chavez,Doctor 12,2023-05-21
P1450,Raymond,Miller,Doctor 19,2023-05-21
P1472,Michelle,Morris,Doctor 17,2023-05-21
P1705,Tyler,Hughes,Doctor 13,2023-05-21
P1757,Sarah,Sanchez,Doctor 14,2023-05-21
P1778,Ruth,Davis,Doctor 2,2023-05-21
P1890,Patricia,Cruz,Doctor 2,2023-05-21
P1961,Tyler,Flores,Doctor 13,2023-05-21
P1968,Virginia,Sanders,Doctor 2,2023-05-21
P2006,Rebecca,Miller,Doctor 7,2023-05-21
P2038,Helen,Hall,Doctor 5,2023-05-21
P2097,Jonathan,Mitchell,Doctor 15,2023-05-21
P2104,Kevin,Cook,Doctor 18,2023-05-21
P2127,Donna,Ward,Doctor 1,2023-05-21
P2182,John,Johnson,Doctor 2,2023-05-21
P2249,Joseph,Robinson,Doctor 1,2023-05-21
P2295,Donald,Hernandez,Doctor 5,2023-05-21
P0020,Ruth,Kim,Doctor 15,2023-05-22
P0034,Sandra,Flores,Doctor 1,2023-05-22
P0099,Nancy,Garcia,Doctor 13,2023-05-22
P0188,Mary,Evans,Doctor 8,2023-05-22
P0230,Kimberly,Harris,Doctor 11,2023-05-22
P0288,Jeffrey,Young,Doctor 18,2023-05-22
P0322,Patricia,Cook,Doctor 5,2023-05-22
P0552,Deborah,White,Doctor 20,2023-05-22
P0720,Donna,Kim,Doctor 7,2023-05-22
P0804,Jacob,Scott,Doctor 1,2023-05-22
P0817,Brian,Brooks,Doctor 10,2023-05-22
P0817,Brian,Brooks,Doctor 17,2023-05-22
P0818,Ruth,Harris,Doctor 19,2023-05-22
P0819,Richard,Mitchell,Doctor 13,2023-05-22
P0824,Melissa,Stewart,Doctor 9,2023-05-22
P0843,Donald,Peterson,Doctor 2,2023-05-22
P0897,Jeffrey,Murphy,Doctor 8,2023-05-22
P0935,Dennis,Ortiz,Doctor 10,2023-05-22
P0942,Donald,Evans,Doctor 7,2023-05-22
P0956,Edward,Gonzalez,Doctor 9,2023-05-22
P1113,Laura,Brooks,Doctor 10,2023-05-22
P1136,Shirley,Walker,Doctor 4,2023-05-22
P1161,Deborah,Turner,Doctor 12,2023-05-22
P1194,Kimberly,Rodriguez,Doctor 6,2023-05-22
P1259,Virginia,Miller,Doctor 1,2023-05-22
P1415,Richard,Reed,Doctor 17,2023-05-22
P1499,Raymond,Scott,Doctor 19,2023-05-22
P1570,Sarah,Edwards,Doctor 3,2023-05-22
P1643,Patricia,Green,Doctor 17,2023-05-22
P1700,Carol,Evans,Doctor 1,2023-05-22
P1723,Frank,Cruz,Doctor 8,2023-05-22
P1812,Christopher,Reed,Doctor 2,2023-05-22
P1835,Helen,Turner,Doctor 17,2023-05-22
P1926,Nancy,Reyes,Doctor 20,2023-05-22
P1959,James,Lee,Doctor 11,2023-05-22
P2287,Betty,King,Doctor 4,2023-05-22
P2292,Nancy,Nelson,Doctor 19,2023-05-22
P0109,Andrew,Walker,Doctor 6,2023-05-23
P0142,Melissa,Mendoza,Doctor 16,2023-05-23
P0166,Brian,Ruiz,Doctor 4,2023-05-23
P0174,Timothy,Ortiz,Doctor 15,2023-05-23
P0243,Matthew,Gomez,Doctor 18,2023-05-23
P0251,Mary,Harris,Doctor 18,2023-05-23
P0332,Sharon,Taylor,Doctor 12,2023-05-23
P0384,Daniel,Ruiz,Doctor 18,2023-05-23
P0482,Helen,Harris,Doctor 15,2023-05-23
P0549,Laura,Rogers,Doctor 4,2023-05-23
P0657,Barbara,Diaz,Doctor 3,2023-05-23
P0794,Gary,Gray,Doctor 19,2023-05-23
P0888,Nancy,Carter,Doctor 12,2023-05-23
P0966,Jessica,Harris,Doctor 13,2023-05-23
P1106,Lisa,White,Doctor 12,2023-05-23
P1136,Shirley,Walker,Doctor 4,2023-05-23
P1161,Deborah,Turner,Doctor 12,2023-05-23
P1189,Laura,Harris,Doctor 1,2023-05-23
P1255,Edward,Diaz,Doctor 14,2023-05-23
P1382,Ruth,Chavez,Doctor 12,2023-05-23
P1426,Ronald,Ward,Doctor 5,2023-05-23
P1470,Justin,Morgan,Doctor 10,2023-05-23
P1472,Michelle,Morris,Doctor 13,2023-05-23
P1503,Karen,Mendoza,Doctor 14,2023-05-23
P1590,Kathleen,Johnson,Doctor 18,2023-05-23
P1615,Betty,Brooks,Doctor 7,2023-05-23
P1653,Cynthia,Price,Doctor 17,2023-05-23
P1708,Laura,Flores,Doctor 7,2023-05-23
P1782,Donald,Castillo,Doctor 6,2023-05-23
P1820,Alexander,Alvarez,Doctor 15,2023-05-23
P1822,Gregory,Anderson,Doctor 12,2023-05-23
P1833,Elizabeth,Thomas,Doctor 12,2023-05-23
P1856,Justin,Diaz,Doctor 13,2023-05-23
P2155,Dorothy,Jackson,Doctor 20,2023-05-23
P2198,John,Gonzalez,Doctor 14,2023-05-23
P2211,Mary,Flores,Doctor 10,2023-05-23
P2242,Jennifer,Evans,Doctor 12,2023-05-23
P0090,Mary,Adams,Doctor 4,2023-05-24
P0100,Tyler,White,Doctor 2,2023-05-24
P0213,Ryan,Scott,Doctor 2,2023-05-24
P0365,Sarah,Ramirez,Doctor 17,2023-05-24
P0374,Aaron,Moore,Doctor 16,2023-05-24
P0585,Steven,Nguyen,Doctor 14,2023-05-24
P0712,Justin,Gray,Doctor 20,2023-05-24
P0928,Kevin,Turner,Doctor 15,2023-05-24
P1012,John,Mendoza,Doctor 11,2023-05-24
P1291,Angela,Sanchez,Doctor 5,2023-05-24
P1298,Joshua,Johnson,Doctor 14,2023-05-24
P1333,Ryan,Mitchell,Doctor 17,2023-05-24
P1337,Michelle,Gutierrez,Doctor 1,2023-05-24
P1342,James,Castillo,Doctor 6,2023-05-24
P1359,Donald,Brooks,Doctor 1,2023-05-24
P1438,Amy,Baker,Doctor 2,2023-05-24
P1555,John,Lee,Doctor 12,2023-05-24
P1692,James,Myers,Doctor 17,2023-05-24
P1888,Christopher,Reyes,Doctor 9,2023-05-24
P1922,Andrew,Stewart,Doctor 16,2023-05-24
P1938,Jerry,Lee,Doctor 12,2023-05-24
P2135,Frank,Sanchez,Doctor 7,2023-05-24
P2137,Larry,Davis,Doctor 16,2023-05-24
P2200,Andrew,Torres,Doctor 9,2023-05-24
P0126,Angela,Morales,Doctor 17,2023-05-25
P0132,Carol,Jones,Doctor 6,2023-05-25
P0209,Eric,Morris,Doctor 5,2023-05-25
P0273,James,Ward,Doctor 17,2023-05-25
P0287,Laura,Richardson,Doctor 11,2023-05-25
P0368,Sharon,Wright,Doctor 12,2023-05-25
P0604,Sandra,Ward,Doctor 3,2023-05-25
P0651,Dorothy,Perez,Doctor 15,2023-05-25
P0766,Jeffrey,Thomas,Doctor 15,2023-05-25
P0786,Sharon,Bennett,Doctor 4,2023-05-25
P0800,Richard,Hernandez,Doctor 8,2023-05-25
P0974,Timothy,Morris,Doctor 16,2023-05-25
P1026,Alexander,Reyes,Doctor 20,2023-05-25
P1042,Joseph,Thompson,Doctor 2,2023-05-25
P1103,Emma,Ortiz,Doctor 16,2023-05-25
P1109,Jason,James,Doctor 4,2023-05-25
P1141,Sharon,Murphy,Doctor 17,2023-05-25
P1343,Ruth,Young,Doctor 9,2023-05-25
P1429,Richard,Patel,Doctor 17,2023-05-25
P1439,Justin,Gutierrez,Doctor 16,2023-05-25
P1471,Samuel,Cox,Doctor 9,2023-05-25
P1530,Kevin,Gray,Doctor 3,2023-05-25
P1615,Betty,Brooks,Doctor 7,2023-05-25
P1615,Betty,Brooks,Doctor 1,2023-05-25
P1625,Kenneth,Diaz,Doctor 16,2023-05-25
P1686,Helen,Hernandez,Doctor 13,2023-05-25
P1858,Nancy,Wright,Doctor 12,2023-05-25
P1992,Laura,Allen,Doctor 4,2023-05-25
P2114,Jerry,Jackson,Doctor 1,2023-05-25
P2176,Kenneth,Campbell,Doctor 16,2023-05-25
P2277,Anna,Torres,Doctor 11,2023-05-25
P0008,Patricia,Gray,Doctor 17,2023-05-26
P0139,Virginia,Patel,Doctor 5,2023-05-26
P0179,Linda,Roberts,Doctor 19,2023-05-26
P0295,Laura,Ward,Doctor 5,2023-05-26
P0306,Benjamin,Ruiz,Doctor 6,2023-05-26
P0351,Thomas,Watson,Doctor 1,2023-05-26
P0378,Dorothy,Smith,Doctor 12,2023-05-26
P0505,Shirley,Anderson,Doctor 14,2023-05-26
P0512,Jessica,Clark,Doctor 15,2023-05-26
P0551,Edward,Sanchez,Doctor 11,2023-05-26
P0558,Charles,Hall,Doctor 12,2023-05-26
P0770,George,James,Doctor 13,2023-05-26
P0770,George,James,Doctor 13,2023-05-26
P0920,Jack,Clark,Doctor 1,2023-05-26
P0981,Jonathan,Hall,Doctor 13,2023-05-26
P1134,Ruth,Peterson,Doctor 12,2023-05-26
P1171,Samuel,Brooks,Doctor 17,2023-05-26
P1244,Donna,Thompson,Doctor 3,2023-05-26
P1305,Patrick,Thomas,Doctor 2,2023-05-26
P1363,Emma,Cox,Doctor 1,2023-05-26
P1368,Brian,Price,Doctor 15,2023-05-26
P1528,Andrew,Clark,Doctor 16,2023-05-26
P1594,Benjamin,Rodriguez,Doctor 2,2023-05-26
P1602,Rebecca,Nguyen,Doctor 12,2023-05-26
P1613,Rebecca,Morgan,Doctor 5,2023-05-26
P1694,Dorothy,Cox,Doctor 14,2023-05-26
P1711,Susan,Morales,Doctor 14,2023-05-26
P1740,Linda,Martinez,Doctor 5,2023-05-26
P1760,Ryan,Brooks,Doctor 12,2023-05-26
P0032,Christopher,Parker,Doctor 16,2023-05-27
P0059,Aaron,Garcia,Doctor 17,2023-05-27
P0085,Helen,Johnson,Doctor 1,2023-05-27
P0134,Frank,White,Doctor 16,2023-05-27
P0341,Carol,Adams,Doctor 14,2023-05-27
P0393,Mary,Brown,Doctor 14,2023-05-27
P0464,Jennifer,Rivera,Doctor 6,2023-05-27
P0482,Helen,Harris,Doctor 17,2023-05-27
P0887,Jack,Scott,Doctor 5,2023-05-27
P0904,Kimberly,Murphy,Doctor 11,2023-05-27
P0980,Shirley,Adams,Doctor 12,2023-05-27
P1211,Jennifer,Morris,Doctor 9,2023-05-27
P1238,George,Morales,Doctor 12,2023-05-27
P1500,Ruth,Thompson,Doctor 5,2023-05-27
P1606,George,Peterson,Doctor 20,2023-05-27
P1670,Brian,Hernandez,Doctor 9,2023-05-27
P1766,Stephen,Anderson,Doctor 13,2023-05-27
P1870,George,Stewart,Doctor 3,2023-05-27
P1924,Donald,Ortiz,Doctor 11,2023-05-27
P2083,Brandon,Diaz,Doctor 2,2023-05-27
P2156,Andrew,Phillips,Doctor 20,2023-05-27
P2167,Jessica,Edwards,Doctor 20,2023-05-27
P2190,Dorothy,Gonzalez,Doctor 17,2023-05-27
P2233,David,Cox,Doctor 6,2023-05-27
P2258,Anthony,Phillips,Doctor 12,2023-05-27
P2267,Joshua,Brooks,Doctor 11,2023-05-27
P0020,Ruth,Kim,Doctor 15,2023-05-28
P0409,Patrick,Diaz,Doctor 10,2023-05-28
P0458,Dennis,Adams,Doctor 12,2023-05-28
P0480,Laura,Walker,Doctor 17,2023-05-28
P0481,Sandra,Castillo,Doctor 16,2023-05-28
P0535,Steven,Phillips,Doctor 14,2023-05-28
P0604,Sandra,Ward,Doctor 3,2023-05-28
P0628,Ryan,Watson,Doctor 17,2023-05-28
P0631,Kathleen,Chavez,Doctor 17,2023-05-28
P0659,Matthew,Mitchell,Doctor 4,2023-05-28
P0691,Laura,Bailey,Doctor 8,2023-05-28
P0726,Shirley,Mendoza,Doctor 13,2023-05-28
P0737,Larry,Hill,Doctor 2,2023-05-28
P0757,Gary,Edwards,Doctor 17,2023-05-28
P0826,Ruth,Myers,Doctor 20,2023-05-28
P0931,Elizabeth,Wright,Doctor 11,2023-05-28
P0937,Thomas,Gray,Doctor 20,2023-05-28
P1103,Emma,Ortiz,Doctor 16,2023-05-28
P1124,Ruth,Reyes,Doctor 4,2023-05-28
P1139,Linda,Price,Doctor 5,2023-05-28
P1197,Helen,Ramirez,Doctor 6,2023-05-28
P1231,Thomas,Kim,Doctor 3,2023-05-28
P1328,Edward,Scott,Doctor 2,2023-05-28
P1330,Sarah,Adams,Doctor 13,2023-05-28
P1351,Edward,Garcia,Doctor 6,2023-05-28
P1398,Alexander,Flores,Doctor 5,2023-05-28
P1465,Raymond,Thomas,Doctor 15,2023-05-28
P1474,Kimberly,Morris,Doctor 10,2023-05-28
P1481,Gregory,Howard,Doctor 13,2023-05-28
P1642,Laura,Bennett,Doctor 19,2023-05-28
P1661,Helen,Adams,Doctor 10,2023-05-28
P1699,David,James,Doctor 13,2023-05-28
P1770,Matthew,Wright,Doctor 17,2023-05-28
P1864,Deborah,Hall,Doctor 16,2023-05-28
P1864,Deborah,Hall,Doctor 16,2023-05-28
P1925,Jeffrey,Gonzalez,Doctor 3,2023-05-28
P1943,Jennifer,Ramirez,Doctor 17,2023-05-28
P2167,Jessica,Edwards,Doctor 8,2023-05-28
P2230,Donald,Sanchez,Doctor 9,2023-05-28
P2259,Linda,Chavez,Doctor 3,2023-05-28
P2282,Mark,Rogers,Doctor 2,2023-05-28
P0042,Jason,Mitchell,Doctor 19,2023-05-29
P0275,Jerry,Ramos,Doctor 20,2023-05-29
P0297,Benjamin,Evans,Doctor 19,2023-05-29
P0359,Raymond,Cook,Doctor 20,2023-05-29
P0467,Ruth,Collins,Doctor 9,2023-05-29
P0734,Cynthia,Adams,Doctor 13,2023-05-29
P0842,Nicholas,Rodriguez,Doctor 3,2023-05-29
P0878,Lisa,Watson,Doctor 6,2023-05-29
P0946,Ruth,Rivera,Doctor 5,2023-05-29
P1027,Jack,Kim,Doctor 10,2023-05-29
P1095,Ryan,Carter,Doctor 9,2023-05-29
P1106,Lisa,White,Doctor 5,2023-05-29
P1327,Laura,Wright,Doctor 8,2023-05-29
P1342,James,Castillo,Doctor 6,2023-05-29
P1351,Edward,Garcia,Doctor 16,2023-05-29
P1356,Nicholas,Clark,Doctor 3,2023-05-29
P1447,Stephen,Mitchell,Doctor 9,2023-05-29
P1455,Laura,Rivera,Doctor 3,2023-05-29
P1479,Jose,Myers,Doctor 12,2023-05-29
P1545,Virginia,Chavez,Doctor 3,2023-05-29
P1607,James,Nelson,Doctor 3,2023-05-29
P1755,Shirley,Miller,Doctor 7,2023-05-29
P2118,Jonathan,Roberts,Doctor 15,2023-05-29
P0036,Carol,Watson,Doctor 19,2023-05-30
P0150,Ryan,Murphy,Doctor 1,2023-05-30
P0266,Joshua,Nelson,Doctor 13,2023-05-30
P0527,Sarah,Nelson,Doctor 3,2023-05-30
P0537,Melissa,Martin,Doctor 3,2023-05-30
P0566,Eric,Phillips,Doctor 13,2023-05-30
P0568,Justin,Sanchez,Doctor 5,2023-05-30
P0623,Daniel,Gomez,Doctor 9,2023-05-30
P0694,Aaron,Morales,Doctor 11,2023-05-30
P0705,Andrew,Ramos,Doctor 19,2023-05-30
P0751,Ronald,Mitchell,Doctor 1,2023-05-30
P0856,George,Martinez,Doctor 5,2023-05-30
P1001,Kevin,Ramirez,Doctor 16,2023-05-30
P1014,Melissa,Gonzalez,Doctor 4,2023-05-30
P1060,James,Robinson,Doctor 8,2023-05-30
P1085,Kimberly,James,Doctor 7,2023-05-30
P1133,Ronald,Hughes,Doctor 9,2023-05-30
P1196,Lisa,Anderson,Doctor 16,2023-05-30
P1332,George,Jackson,Doctor 8,2023-05-30
P1531,Lisa,Sanders,Doctor 14,2023-05-30
P1637,Rebecca,Roberts,Doctor 12,2023-05-30
P1807,Kenneth,Chavez,Doctor 14,2023-05-30
P1912,Dorothy,Lee,Doctor 17,2023-05-30
P1933,Brenda,Castillo,Doctor 13,2023-05-30
P1953,Kathleen,Adams,Doctor 13,2023-05-30
P2114,Jerry,Jackson,Doctor 1,2023-05-30
P2273,Sandra,Walker,Doctor 12,2023-05-30
P2275,Thomas,Young,Doctor 20,2023-05-30
P2279,Sandra,Peterson,Doctor 18,2023-05-30
P0038,Steven,Wood,Doctor 6,2023-05-31
P0176,Alexander,Cook,Doctor 11,2023-05-31
P0177,Shirley,Chavez,Doctor 3,2023-05-31
P0232,Helen,Murphy,Doctor 13,2023-05-31
P0279,Emma,Gomez,Doctor 14,2023-05-31
P0352,Dorothy,Morgan,Doctor 12,2023-05-31
P0378,Dorothy,Smith,Doctor 10,2023-05-31
P0484,Virginia,Jackson,Doctor 4,2023-05-31
P0550,Stephen,Wilson,Doctor 12,2023-05-31
P0636,Frank,Nelson,Doctor 6,2023-05-31
P0680,Patrick,Hall,Doctor 15,2023-05-31
P0746,Tyler,Kim,Doctor 5,2023-05-31
P0842,Nicholas,Rodriguez,Doctor 2,2023-05-31
P1003,Sarah,Jackson,Doctor 20,2023-05-31
P1043,Michael,Cook,Doctor 16,2023-05-31
P1110,Brian,Edwards,Doctor 18,2023-05-31
P1129,Lisa,Torres,Doctor 19,2023-05-31
P1201,Laura,Kim,Doctor 3,2023-05-31
P1434,Charles,Ramos,Doctor 1,2023-05-31
P1434,Charles,Ramos,Doctor 2,2023-05-31
P1475,Jerry,Peterson,Doctor 2,2023-05-31
P1607,James,Nelson,Doctor 3,2023-05-31
P1716,Robert,Taylor,Doctor 5,2023-05-31
P1729,Cynthia,Reed,Doctor 12,2023-05-31
P1880,Kenneth,Sanders,Doctor 13,2023-05-31
P1890,Patricia,Cruz,Doctor 20,2023-05-31
P2051,Matthew,Clark,Doctor 13,2023-05-31
P2222,Eric,Roberts,Doctor 1,2023-05-31
P2296,Kenneth,Peterson,Doctor 15,2023-05-31
P0127,Matthew,Phillips,Doctor 8,2023-06-01
P0561,Scott,Evans,Doctor 6,2023-06-01
P0587,Gary,Martin,Doctor 20,2023-06-01
P0609,Kenneth,Gutierrez,Doctor 2,2023-06-01
P0741,Jason,Kim,Doctor 19,2023-06-01
P0867,Jonathan,Richardson,Doctor 1,2023-06-01
P0922,Helen,Kim,Doctor 1,2023-06-01
P1174,Gary,Gonzalez,Doctor 7,2023-06-01
P1363,Emma,Cox,Doctor 10,2023-06-01
P1484,Karen,Kim,Doctor 17,2023-06-01
P1532,Michelle,Price,Doctor 20,2023-06-01
P1566,Donald,Stewart,Doctor 17,2023-06-01
P1658,Ronald,Myers,Doctor 2,2023-06-01
P1687,Anthony,Hall,Doctor 6,2023-06-01
P1790,Linda,Martin,Doctor 17,2023-06-01
P1833,Elizabeth,Thomas,Doctor 8,2023-06-01
P1999,Angela,Chavez,Doctor 2,2023-06-01
P2230,Donald,Sanchez,Doctor 5,2023-06-01
P2269,Justin,Rodriguez,Doctor 12,2023-06-01
P0046,Sandra,Wright,Doctor 13,2023-06-02
P0179,Linda,Roberts,Doctor 1,2023-06-02
P0197,Shirley,Bennett,Doctor 17,2023-06-02
P0198,Laura,Reed,Doctor 7,2023-06-02
P0204,Jack,Flores,Doctor 16,2023-06-02
P0246,Sandra,Ramos,Doctor 20,2023-06-02
P0462,Michelle,Gonzalez,Doctor 15,2023-06-02
P0463,Helen,Peterson,Doctor 16,2023-06-02
P0746,Tyler,Kim,Doctor 5,2023-06-02
P0775,Joseph,Roberts,Doctor 15,2023-06-02
P0882,Stephen,Rogers,Doctor 8,2023-06-02
P0909,Patricia,Chavez,Doctor 14,2023-06-02
P0921,Ronald,Bennett,Doctor 15,2023-06-02
P0926,Amy,Lee,Doctor 15,2023-06-02
P0971,Jessica,Lee,Doctor 11,2023-06-02
P1098,Steven,Anderson,Doctor 2,2023-06-02
P1161,Deborah,Turner,Doctor 6,2023-06-02
P1372,Amy,Howard,Doctor 5,2023-06-02
P1515,Dennis,Ruiz,Doctor 20,2023-06-02
P1540,Jessica,Thomas,Doctor 6,2023-06-02
P1610,Robert,Lewis,Doctor 19,2023-06-02
P1611,Donna,Evans,Doctor 9,2023-06-02
P1673,Deborah,Collins,Doctor 10,2023-06-02
P1797,James,Bailey,Doctor 19,2023-06-02
P1908,Jose,Torres,Doctor 2,2023-06-02
P1964,Edward,Watson,Doctor 15,2023-06-02
P2042,Richard,Lewis,Doctor 2,2023-06-02
P2111,Joshua,Ramirez,Doctor 8,2023-06-02
P2148,Mary,Price,Doctor 19,2023-06-02
P2235,Jose,Morales,Doctor 18,2023-06-02
P0007,Cynthia,Hall,Doctor 14,2023-06-03
P0043,Steven,Harris,Doctor 17,2023-06-03
P0075,Gregory,Jones,Doctor 1,2023-06-03
P0093,Brandon,Phillips,Doctor 6,2023-06-03
P0160,Larry,Peterson,Doctor 9,2023-06-03
P0175,Patricia,Hernandez,Doctor 15,2023-06-03
P0254,Jennifer,Cook,Doctor 3,2023-06-03
P0256,Daniel,Jackson,Doctor 6,2023-06-03
P0308,Brian,Brown,Doctor 17,2023-06-03
P0311,Eric,Williams,Doctor 13,2023-06-03
P0335,Elizabeth,Rivera,Doctor 9,2023-06-03
P0361,Shirley,Ward,Doctor 1,2023-06-03
P0475,Elizabeth,Hill,Doctor 14,2023-06-03
P0524,Sarah,Young,Doctor 14,2023-06-03
P0536,Robert,Carter,Doctor 3,2023-06-03
P0591,Dorothy,Murphy,Doctor 17,2023-06-03
P0647,Matthew,Scott,Doctor 14,2023-06-03
P0659,Matthew,Mitchell,Doctor 4,2023-06-03
P0723,Jason,Patel,Doctor 17,2023-06-03
P0767,Jessica,Nelson,Doctor 7,2023-06-03
P0792,Susan,Evans,Doctor 18,2023-06-03
P0883,Jack,Castillo,Doctor 2,2023-06-03
P0903,Mary,Hernandez,Doctor 15,2023-06-03
P0945,Joshua,Ramos,Doctor 13,2023-06-03
P1012,John,Mendoza,Doctor 11,2023-06-03
P1059,Carol,Gutierrez,Doctor 20,2023-06-03
P1126,Brandon,Myers,Doctor 7,2023-06-03
P1158,Patrick,Thompson,Doctor 10,2023-06-03
P1249,Jacob,Castillo,Doctor 18,2023-06-03
P1290,Matthew,Diaz,Doctor 4,2023-06-03
P1371,Gary,Morales,Doctor 17,2023-06-03
P1407,Sandra,Ruiz,Doctor 9,2023-06-03
P1430,Joshua,Gray,Doctor 6,2023-06-03
P1447,Stephen,Mitchell,Doctor 9,2023-06-03
P1591,Angela,Hughes,Doctor 2,2023-06-03
P1602,Rebecca,Nguyen,Doctor 18,2023-06-03
P1947,Jonathan,Gray,Doctor 18,2023-06-03
P2052,Jason,Robinson,Doctor 8,2023-06-03
P2110,Linda,Collins,Doctor 5,2023-06-03
P0154,Shirley,Gomez,Doctor 14,2023-06-04
P0293,Robert,Turner,Doctor 17,2023-06-04
P0317,Jennifer,Jones,Doctor 8,2023-06-04
P0318,Rebecca,Baker,Doctor 20,2023-06-04
P0349,Barbara,Green,Doctor 6,2023-06-04
P0371,Ryan,Ramos,Doctor 9,2023-06-04
P0401,Eric,Martin,Doctor 2,2023-06-04
P0806,Jeffrey,Thompson,Doctor 14,2023-06-04
P0806,Jeffrey,Thompson,Doctor 16,2023-06-04
P0867,Jonathan,Richardson,Doctor 1,2023-06-04
P0918,Helen,Sanders,Doctor 1,2023-06-04
P0930,George,Nelson,Doctor 15,2023-06-04
P1047,Gregory,Turner,Doctor 10,2023-06-04
P1100,James,Gray,Doctor 15,2023-06-04
P1152,Justin,Lee,Doctor 20,2023-06-04
P1177,Patrick,Ruiz,Doctor 20,2023-06-04
P1184,Kevin,Bailey,Doctor 10,2023-06-04
P1243,Eric,Campbell,Doctor 10,2023-06-04
P1306,Carol,Kim,Doctor 9,2023-06-04
P1334,Sarah,Bennett,Doctor 1,2023-06-04
P1403,Benjamin,Walker,Doctor 13,2023-06-04
P1554,Sarah,Scott,Doctor 6,2023-06-04
P1649,Benjamin,Ward,Doctor 5,2023-06-04
P1681,Richard,Rodriguez,Doctor 12,2023-06-04
P1694,Dorothy,Cox,Doctor 2,2023-06-04
P1799,Ruth,Rodriguez,Doctor 6,2023-06-04
P1806,David,Clark,Doctor 19,2023-06-04
P1970,Alexander,Allen,Doctor 11,2023-06-04
P1988,Robert,Perez,Doctor 3,2023-06-04
P2046,Nancy,Moore,Doctor 14,2023-06-04
P2097,Jonathan,Mitchell,Doctor 15,2023-06-04
P2150,Daniel,Parker,Doctor 11,2023-06-04
P2189,Charles,Patel,Doctor 3,2023-06-04
P0067,Lisa,Lee,Doctor 10,2023-06-05
P0089,Joseph,Nguyen,Doctor 15,2023-06-05
P0099,Nancy,Garcia,Doctor 3,2023-06-05
P0220,Raymond,Reed,Doctor 20,2023-06-05
P0317,Jennifer,Jones,Doctor 18,2023-06-05
P0424,Richard,Wright,Doctor 8,2023-06-05
P0432,Sandra,Turner,Doctor 1,2023-06-05
P0677,Eric,Moore,Doctor 20,2023-06-05
P0834,Kimberly,Ruiz,Doctor 3,2023-06-05
P0877,William,Bailey,Doctor 17,2023-06-05
P0882,Stephen,Rogers,Doctor 6,2023-06-05
P0913,Betty,Lewis,Doctor 17,2023-06-05
P0960,Shirley,Cook,Doctor 7,2023-06-05
P1060,James,Robinson,Doctor 13,2023-06-05
P1105,Steven,Flores,Doctor 15,2023-06-05
P1143,Joseph,Gomez,Doctor 11,2023-06-05
P1319,Laura,Lee,Doctor 7,2023-06-05
P1327,Laura,Wright,Doctor 6,2023-06-05
P1387,Jack,Reed,Doctor 20,2023-06-05
P1402,Nicholas,Rivera,Doctor 14,2023-06-05
P1410,Andrew,Martinez,Doctor 20,2023-06-05
P1444,Linda,Green,Doctor 10,2023-06-05
P1698,Jerry,Rodriguez,Doctor 3,2023-06-05
P1744,David,Lewis,Doctor 3,2023-06-05
P1748,Kevin,Myers,Doctor 18,2023-06-05
P1817,Kevin,Hughes,Doctor 8,2023-06-05
P2014,Betty,Reed,Doctor 8,2023-06-05
P2073,Virginia,Young,Doctor 13,2023-06-05
P2198,John,Gonzalez,Doctor 10,2023-06-05
P2238,Rebecca,Gonzalez,Doctor 2,2023-06-05
P2283,Nancy,Wilson,Doctor 9,2023-06-05
P0030,Angela,Brooks,Doctor 11,2023-06-06
P0245,Deborah,Hernandez,Doctor 15,2023-06-06
P0249,Aaron,Kim,Doctor 16,2023-06-06
P0260,Helen,Martinez,Doctor 14,2023-06-06
P0262,Jonathan,Lopez,Doctor 5,2023-06-06
P0270,Mary,Scott,Doctor 6,2023-06-06
P0304,Melissa,Edwards,Doctor 11,2023-06-06
P0356,Melissa,Wood,Doctor 15,2023-06-06
P0364,Gary,Thompson,Doctor 12,2023-06-06
P0464,Jennifer,Rivera,Doctor 6,2023-06-06
P0822,Patricia,Gutierrez,Doctor 8,2023-06-06
P0916,Ronald,Scott,Doctor 18,2023-06-06
P0949,Benjamin,Cook,Doctor 4,2023-06-06
P0963,Michelle,Nguyen,Doctor 13,2023-06-06
P0989,Tyler,Sanchez,Doctor 1,2023-06-06
P1061,Jonathan,Howard,Doctor 1,2023-06-06
P1223,Anna,Johnson,Doctor 8,2023-06-06
P1236,Rebecca,Watson,Doctor 6,2023-06-06
P1259,Virginia,Miller,Doctor 2,2023-06-06
P1373,Deborah,Taylor,Doctor 4,2023-06-06
P1388,Jeffrey,Reed,Doctor 13,2023-06-06
P1658,Ronald,Myers,Doctor 10,2023-06-06
P1757,Sarah,Sanchez,Doctor 1,2023-06-06
P1769,Laura,Jackson,Doctor 2,2023-06-06
P1868,Rebecca,Ramos,Doctor 16,2023-06-06
P1911,Mark,Jones,Doctor 14,2023-06-06
P2022,Jason,Stewart,Doctor 18,2023-06-06
P2035,Angela,Hall,Doctor 16,2023-06-06
P2122,Benjamin,Patel,Doctor 3,2023-06-06
P2122,Benjamin,Patel,Doctor 17,2023-06-06
P2201,Gregory,Nguyen,Doctor 4,2023-06-06
P2238,Rebecca,Gonzalez,Doctor 19,2023-06-06
P0099,Nancy,Garcia,Doctor 3,2023-06-07
P0291,Richard,Parker,Doctor 14,2023-06-07
P0362,Matthew,Peterson,Doctor 18,2023-06-07
P0510,Jeffrey,Allen,Doctor 1,2023-06-07
P0551,Edward,Sanchez,Doctor 11,2023-06-07
P0589,Mary,Bailey,Doctor 9,2023-06-07
P0653,Ronald,Gonzalez,Doctor 9,2023-06-07
P0675,Gregory,Murphy,Doctor 5,2023-06-07
P0773,Donna,Alvarez,Doctor 13,2023-06-07
P0785,Donna,Edwards,Doctor 12,2023-06-07
P0790,Matthew,Carter,Doctor 17,2023-06-07
P0867,Jonathan,Richardson,Doctor 15,2023-06-07
P0956,Edward,Gonzalez,Doctor 9,2023-06-07
P1215,Aaron,Cruz,Doctor 5,2023-06-07
P1277,Thomas,Hill,Doctor 6,2023-06-07
P1355,Donald,Bailey,Doctor 7,2023-06-07
P1367,Virginia,Allen,Doctor 20,2023-06-07
P1373,Deborah,Taylor,Doctor 4,2023-06-07
P1411,Sharon,Gutierrez,Doctor 20,2023-06-07
P1448,Timothy,Martinez,Doctor 10,2023-06-07
P1614,Carol,Alvarez,Doctor 17,2023-06-07
P1667,George,Cooper,Doctor 11,2023-06-07
P1912,Dorothy,Lee,Doctor 17,2023-06-07
P1966,Jennifer,Turner,Doctor 14,2023-06-07
P2073,Virginia,Young,Doctor 18,2023-06-07
P2159,Susan,Parker,Doctor 18,2023-06-07
P0285,Karen,Kelly,Doctor 18,2023-06-08
P0295,Laura,Ward,Doctor 20,2023-06-08
P0517,Brenda,Roberts,Doctor 8,2023-06-08
P0594,Sarah,Rivera,Doctor 16,2023-06-08
P0632,Frank,Hernandez,Doctor 11,2023-06-08
P0677,Eric,Moore,Doctor 2,2023-06-08
P0677,Eric,Moore,Doctor 19,2023-06-08
P0722,Virginia,Martin,Doctor 20,2023-06-08
P0747,Sarah,Cox,Doctor 6,2023-06-08
P0767,Jessica,Nelson,Doctor 20,2023-06-08
P0776,Ruth,Morales,Doctor 16,2023-06-08
P0792,Susan,Evans,Doctor 18,2023-06-08
P0803,Eric,Ramos,Doctor 11,2023-06-08
P0803,Eric,Ramos,Doctor 16,2023-06-08
P0880,Dorothy,Chavez,Doctor 10,2023-06-08
P0896,Jose,Martinez,Doctor 7,2023-06-08
P1081,Kevin,Green,Doctor 17,2023-06-08
P1279,Brenda,Williams,Doctor 16,2023-06-08
P1323,Jennifer,Davis,Doctor 13,2023-06-08
P1329,Dennis,Nguyen,Doctor 13,2023-06-08
P1753,Mark,Miller,Doctor 6,2023-06-08
P1865,Tyler,Jones,Doctor 12,2023-06-08
P1981,Shirley,White,Doctor 11,2023-06-08
P0043,Steven,Harris,Doctor 17,2023-06-09
P0092,Jose,Harris,Doctor 6,2023-06-09
P0093,Brandon,Phillips,Doctor 14,2023-06-09
P0121,Scott,White,Doctor 2,2023-06-09
P0156,Jose,Nelson,Doctor 6,2023-06-09
P0333,Sarah,Parker,Doctor 8,2023-06-09
P0345,David,Reyes,Doctor 8,2023-06-09
P0450,Angela,Scott,Doctor 4,2023-06-09
P0630,Jonathan,Johnson,Doctor 11,2023-06-09
P0692,Jose,Ramos,Doctor 7,2023-06-09
P0745,Melissa,Turner,Doctor 19,2023-06-09
P0812,Kimberly,Cruz,Doctor 9,2023-06-09
P0815,Sarah,Wilson,Doctor 17,2023-06-09
P0817,Brian,Brooks,Doctor 17,2023-06-09
P0836,Michelle,Harris,Doctor 12,2023-06-09
P1029,Kathleen,Collins,Doctor 12,2023-06-09
P1033,Donna,Taylor,Doctor 13,2023-06-09
P1037,George,Gonzalez,Doctor 11,2023-06-09
P1106,Lisa,White,Doctor 16,2023-06-09
P1187,Kenneth,Morgan,Doctor 9,2023-06-09
P1296,Michael,Gomez,Doctor 5,2023-06-09
P1357,Gregory,Ramos,Doctor 5,2023-06-09
P1380,Ryan,Bennett,Doctor 10,2023-06-09
P1394,Mary,Martin,Doctor 5,2023-06-09
P1534,Emma,Martinez,Doctor 8,2023-06-09
P1582,Patricia,Kelly,Doctor 19,2023-06-09
P1775,Angela,Rodriguez,Doctor 19,2023-06-09
P1863,Raymond,Parker,Doctor 6,2023-06-09
P1979,Jack,Ramirez,Doctor 4,2023-06-09
P2002,Sarah,Turner,Doctor 2,2023-06-09
P2049,Mark,Davis,Doctor 8,2023-06-09
P2182,John,Johnson,Doctor 14,2023-06-09
P2185,Elizabeth,Brooks,Doctor 12,2023-06-09
P2210,Virginia,Perez,Doctor 6,2023-06-09
P0086,Aaron,Gray,Doctor 1,2023-06-10
P0098,Joseph,Rogers,Doctor 1,2023-06-10
P0186,Jeffrey,Brown,Doctor 17,2023-06-10
P0283,Jerry,Ruiz,Doctor 11,2023-06-10
P0514,Samuel,Ward,Doctor 4,2023-06-10
P0595,Kevin,Jackson,Doctor 13,2023-06-10
P0678,Susan,Castillo,Doctor 19,2023-06-10
P0713,Nancy,Thomas,Doctor 7,2023-06-10
P0786,Sharon,Bennett,Doctor 4,2023-06-10
P0895,Scott,Lopez,Doctor 18,2023-06-10
P0916,Ronald,Scott,Doctor 18,2023-06-10
P0972,Joseph,Ward,Doctor 11,2023-06-10
P1018,Justin,Miller,Doctor 16,2023-06-10
P1043,Michael,Cook,Doctor 10,2023-06-10
P1110,Brian,Edwards,Doctor 1,2023-06-10
P1116,Steven,Wilson,Doctor 9,2023-06-10
P1170,Daniel,Wright,Doctor 13,2023-06-10
P1176,Karen,Miller,Doctor 3,2023-06-10
P1179,Linda,Reyes,Doctor 4,2023-06-10
P1260,Rebecca,Price,Doctor 4,2023-06-10
P1470,Justin,Morgan,Doctor 9,2023-06-10
P1538,Lisa,Allen,Doctor 3,2023-06-10
P1549,Timothy,Allen,Doctor 18,2023-06-10
P1674,Elizabeth,Baker,Doctor 17,2023-06-10
P1882,Timothy,Jackson,Doctor 8,2023-06-10
P2024,Virginia,Edwards,Doctor 8,2023-06-10
P2039,Deborah,Robinson,Doctor 20,2023-06-10
P2132,Jacob,Alvarez,Doctor 9,2023-06-10
P0001,Kevin,Watson,Doctor 18,2023-06-11
P0056,Benjamin,Watson,Doctor 19,2023-06-11
P0151,Deborah,Cox,Doctor 6,2023-06-11
P0244,Elizabeth,Chavez,Doctor 16,2023-06-11
P0305,Laura,Hill,Doctor 13,2023-06-11
P0365,Sarah,Ramirez,Doctor 17,2023-06-11
P0435,Jessica,Morris,Doctor 8,2023-06-11
P0441,Patrick,Nelson,Doctor 9,2023-06-11
P0492,Lisa,Lewis,Doctor 3,2023-06-11
P0537,Melissa,Martin,Doctor 20,2023-06-11
P0591,Dorothy,Murphy,Doctor 5,2023-06-11
P0808,Donald,Rodriguez,Doctor 11,2023-06-11
P0813,Sandra,Jones,Doctor 6,2023-06-11
P0845,Alexander,Ramirez,Doctor 5,2023-06-11
P0901,Nancy,Hernandez,Doctor 7,2023-06-11
P0951,John,Ramirez,Doctor 10,2023-06-11
P0989,Tyler,Sanchez,Doctor 9,2023-06-11
P1028,Anna,Anderson,Doctor 12,2023-06-11
P1062,Jose,Robinson,Doctor 3,2023-06-11
P1102,Aaron,Castillo,Doctor 17,2023-06-11
P1165,Michelle,Chavez,Doctor 9,2023-06-11
P1522,Scott,Lewis,Doctor 9,2023-06-11
P1544,Shirley,Clark,Doctor 13,2023-06-11
P1666,Dennis,Wright,Doctor 12,2023-06-11
P1766,Stephen,Anderson,Doctor 4,2023-06-11
P1920,Joseph,Hall,Doctor 16,2023-06-11
P1940,Carol,Davis,Doctor 17,2023-06-11
P1969,Brian,Ramos,Doctor 19,2023-06-11
P2058,James,Wright,Doctor 19,2023-06-11
P2070,Deborah,Ramirez,Doctor 1,2023-06-11
P2221,Samuel,Watson,Doctor 2,2023-06-11
P0060,Joseph,Cooper,Doctor 10,2023-06-12
P0098,Joseph,Rogers,Doctor 18,2023-06-12
P0128,Kenneth,Myers,Doctor 19,2023-06-12
P0377,Sandra,Garcia,Doctor 15,2023-06-12
P0450,Angela,Scott,Doctor 4,2023-06-12
P0541,John,Harris,Doctor 11,2023-06-12
P0630,Jonathan,Johnson,Doctor 14,2023-06-12
P0911,Sharon,Hernandez,Doctor 12,2023-06-12
P0950,Ryan,Cook,Doctor 20,2023-06-12
P1012,John,Mendoza,Doctor 11,2023-06-12
P1081,Kevin,Green,Doctor 3,2023-06-12
P1146,Betty,Garcia,Doctor 20,2023-06-12
P1182,Deborah,Young,Doctor 2,2023-06-12
P1318,Dorothy,Evans,Doctor 4,2023-06-12
P1352,Rebecca,Castillo,Doctor 7,2023-06-12
P1370,Justin,Collins,Doctor 13,2023-06-12
P1471,Samuel,Cox,Doctor 9,2023-06-12
P1526,Barbara,White,Doctor 9,2023-06-12
P1531,Lisa,Sanders,Doctor 2,2023-06-12
P1546,Brandon,Stewart,Doctor 6,2023-06-12
P1576,Alexander,Patel,Doctor 20,2023-06-12
P1616,Michael,Nguyen,Doctor 16,2023-06-12
P1644,Jose,Diaz,Doctor 5,2023-06-12
P1743,Eric,Ward,Doctor 9,2023-06-12
P1777,Raymond,Martin,Doctor 10,2023-06-12
P1814,Michelle,Hill,Doctor 16,2023-06-12
P1826,Jessica,Adams,Doctor 20,2023-06-12
P1849,Mark,Ortiz,Doctor 5,2023-06-12
P1963,Rebecca,Harris,Doctor 7,2023-06-12
P2043,Deborah,Jones,Doctor 17,2023-06-12
P2084,Jason,Jones,Doctor 5,2023-06-12
P2093,Scott,Reyes,Doctor 13,2023-06-12
P2122,Benjamin,Patel,Doctor 17,2023-06-12
P2159,Susan,Parker,Doctor 18,2023-06-12
P2161,Andrew,Wood,Doctor 2,2023-06-12
P2176,Kenneth,Campbell,Doctor 16,2023-06-12
P2225,Patrick,Cooper,Doctor 9,2023-06-12
P0036,Carol,Watson,Doctor 11,2023-06-13
P0211,Betty,Wright,Doctor 5,2023-06-13
P0387,Gary,Thomas,Doctor 16,2023-06-13
P0462,Michelle,Gonzalez,Doctor 20,2023-06-13
P0492,Lisa,Lewis,Doctor 10,2023-06-13
P0606,Kevin,Gomez,Doctor 10,2023-06-13
P0697,Gregory,Rodriguez,Doctor 2,2023-06-13
P0761,Barbara,Walker,Doctor 11,2023-06-13
P0884,Aaron,Edwards,Doctor 5,2023-06-13
P0918,Helen,Sanders,Doctor 4,2023-06-13
P0927,Frank,Bailey,Doctor 16,2023-06-13
P0948,Edward,Morgan,Doctor 13,2023-06-13
P1185,Brian,Turner,Doctor 2,2023-06-13
P1250,Donna,Sanders,Doctor 1,2023-06-13
P1320,Dennis,Bailey,Doctor 17,2023-06-13
P1448,Timothy,Martinez,Doctor 10,2023-06-13
P1486,Richard,Phillips,Doctor 1,2023-06-13
P1593,Gregory,Green,Doctor 12,2023-06-13
P1744,David,Lewis,Doctor 3,2023-06-13
P1832,Dorothy,Peterson,Doctor 19,2023-06-13
P1948,Nicholas,Cruz,Doctor 11,2023-06-13
P1965,Dorothy,Clark,Doctor 6,2023-06-13
P1983,Tyler,Ward,Doctor 17,2023-06-13
P2103,Edward,Collins,Doctor 11,2023-06-13
P2113,Christopher,Ortiz,Doctor 10,2023-06-13
P2125,Jennifer,Bennett,Doctor 10,2023-06-13
P2126,Brenda,Adams,Doctor 20,2023-06-13
P2223,Jack,Bennett,Doctor 2,2023-06-13
P2260,Charles,Perez,Doctor 3,2023-06-13
P0030,Angela,Brooks,Doctor 17,2023-06-14
P0050,Jerry,Clark,Doctor 11,2023-06-14
P0284,Ruth,Bailey,Doctor 8,2023-06-14
P0610,Larry,Brooks,Doctor 6,2023-06-14
P0784,Gary,Collins,Doctor 12,2023-06-14
P0788,Ruth,Lopez,Doctor 16,2023-06-14
P0909,Patricia,Chavez,Doctor 14,2023-06-14
P0971,Jessica,Lee,Doctor 4,2023-06-14
P1032,Kimberly,Reyes,Doctor 9,2023-06-14
P1070,Benjamin,Lee,Doctor 5,2023-06-14
P1235,Charles,Wright,Doctor 7,2023-06-14
P1554,Sarah,Scott,Doctor 2,2023-06-14
P1666,Dennis,Wright,Doctor 13,2023-06-14
P1721,Michelle,Cruz,Doctor 8,2023-06-14
P1723,Frank,Cruz,Doctor 8,2023-06-14
P1778,Ruth,Davis,Doctor 2,2023-06-14
P1807,Kenneth,Chavez,Doctor 14,2023-06-14
P1957,Dennis,Kim,Doctor 7,2023-06-14
P2144,Gary,Gutierrez,Doctor 15,2023-06-14
P2184,Jason,Nelson,Doctor 7,2023-06-14
P2241,Patricia,Ramos,Doctor 1,2023-06-14
P2282,Mark,Rogers,Doctor 14,2023-06-14
P0071,Lisa,Cruz,Doctor 2,2023-06-15
P0107,Robert,Wright,Doctor 11,2023-06-15
P0148,Gary,Ortiz,Doctor 13,2023-06-15
P0211,Betty,Wright,Doctor 7,2023-06-15
P0257,Jacob,Myers,Doctor 7,2023-06-15
P0447,Donna,Brooks,Doctor 1,2023-06-15
P0561,Scott,Evans,Doctor 15,2023-06-15
P0642,Thomas,Anderson,Doctor 9,2023-06-15
P0696,Brandon,Allen,Doctor 3,2023-06-15
P0861,Ryan,Peterson,Doctor 5,2023-06-15
P0909,Patricia,Chavez,Doctor 14,2023-06-15
P1114,Nancy,Lee,Doctor 5,2023-06-15
P1174,Gary,Gonzalez,Doctor 7,2023-06-15
P1213,Ruth,Wilson,Doctor 18,2023-06-15
P1219,Robert,Murphy,Doctor 11,2023-06-15
P1471,Samuel,Cox,Doctor 9,2023-06-15
P1482,Barbara,Howard,Doctor 14,2023-06-15
P1571,Barbara,Reed,Doctor 16,2023-06-15
P1581,Brandon,Young,Doctor 18,2023-06-15
P1593,Gregory,Green,Doctor 18,2023-06-15
P1843,Joshua,Gonzalez,Doctor 14,2023-06-15
P1858,Nancy,Wright,Doctor 18,2023-06-15
P1882,Timothy,Jackson,Doctor 4,2023-06-15
P1917,Kevin,Perez,Doctor 19,2023-06-15
P1991,Jack,Wood,Doctor 13,2023-06-15
P1999,Angela,Chavez,Doctor 2,2023-06-15
P2083,Brandon,Diaz,Doctor 2,2023-06-15
P2103,Edward,Collins,Doctor 11,2023-06-15
P2117,Dennis,Peterson,Doctor 20,2023-06-15
P2180,Brian,Campbell,Doctor 9,2023-06-15
P2193,Dorothy,Scott,Doctor 14,2023-06-15
P2246,Betty,Gutierrez,Doctor 10,2023-06-15
P0019,Laura,Martin,Doctor 18,2023-06-16
P0049,Donna,Murphy,Doctor 13,2023-06-16
P0080,Brenda,Rodriguez,Doctor 1,2023-06-16
P0190,Sharon,Parker,Doctor 14,2023-06-16
P0193,Karen,Lopez,Doctor 5,2023-06-16
P0291,Richard,Parker,Doctor 14,2023-06-16
P0331,Andrew,Perez,Doctor 3,2023-06-16
P0370,Joshua,Allen,Doctor 3,2023-06-16
P0392,Deborah,Myers,Doctor 18,2023-06-16
P0394,Scott,Kim,Doctor 19,2023-06-16
P0396,Gary,Lopez,Doctor 14,2023-06-16
P0428,Angela,Hill,Doctor 19,2023-06-16
P0512,Jessica,Clark,Doctor 15,2023-06-16
P0513,Patrick,Scott,Doctor 16,2023-06-16
P0560,Laura,Thomas,Doctor 20,2023-06-16
P0568,Justin,Sanchez,Doctor 5,2023-06-16
P0605,Jessica,James,Doctor 13,2023-06-16
P0752,Eric,Hughes,Doctor 2,2023-06-16
P1117,Deborah,Howard,Doctor 20,2023-06-16
P1147,Ruth,Patel,Doctor 6,2023-06-16
P1167,Larry,Ruiz,Doctor 10,2023-06-16
P1488,Emma,Ward,Doctor 20,2023-06-16
P1608,Gregory,Taylor,Doctor 5,2023-06-16
P1617,Carol,Lee,Doctor 7,2023-06-16
P1686,Helen,Hernandez,Doctor 1,2023-06-16
P1741,Donald,Kim,Doctor 17,2023-06-16
P1898,Joseph,Watson,Doctor 20,2023-06-16
P1980,Brian,Collins,Doctor 4,2023-06-16
P2104,Kevin,Cook,Doctor 18,2023-06-16
P2137,Larry,Davis,Doctor 16,2023-06-16
P2193,Dorothy,Scott,Doctor 7,2023-06-16
P2277,Anna,Torres,Doctor 18,2023-06-16
P0030,Angela,Brooks,Doctor 3,2023-06-17
P0047,Sharon,Johnson,Doctor 8,2023-06-17
P0108,Alexander,Parker,Doctor 15,2023-06-17
P0234,Justin,Mitchell,Doctor 17,2023-06-17
P0251,Mary,Harris,Doctor 18,2023-06-17
P0421,Laura,Myers,Doctor 11,2023-06-17
P0515,Jeffrey,Morris,Doctor 6,2023-06-17
P0585,Steven,Nguyen,Doctor 4,2023-06-17
P0697,Gregory,Rodriguez,Doctor 12,2023-06-17
P0704,Virginia,Robinson,Doctor 20,2023-06-17
P0825,Thomas,Reed,Doctor 6,2023-06-17
P1218,Gary,Reed,Doctor 6,2023-06-17
P1221,Dennis,Cooper,Doctor 12,2023-06-17
P1245,Justin,Hughes,Doctor 15,2023-06-17
P1358,Tyler,Ramos,Doctor 13,2023-06-17
P1494,Matthew,Patel,Doctor 1,2023-06-17
P1495,Deborah,Anderson,Doctor 2,2023-06-17
P1542,Karen,Lee,Doctor 16,2023-06-17
P1822,Gregory,Anderson,Doctor 18,2023-06-17
P1864,Deborah,Hall,Doctor 16,2023-06-17
P1881,Charles,Gomez,Doctor 11,2023-06-17
P1901,Charles,Thompson,Doctor 3,2023-06-17
P1914,Virginia,Collins,Doctor 8,2023-06-17
P1919,Kimberly,Anderson,Doctor 15,2023-06-17
P1969,Brian,Ramos,Doctor 19,2023-06-17
P2121,Elizabeth,Harris,Doctor 8,2023-06-17
P2175,Sarah,Wood,Doctor 11,2023-06-17
P2240,Jacob,Reyes,Doctor 9,2023-06-17
P0039,Michelle,Sanchez,Doctor 16,2023-06-18
P0098,Joseph,Rogers,Doctor 18,2023-06-18
P0309,Nicholas,Morris,Doctor 5,2023-06-18
P0363,Joshua,Price,Doctor 2,2023-06-18
P0609,Kenneth,Gutierrez,Doctor 2,2023-06-18
P0677,Eric,Moore,Doctor 12,2023-06-18
P0806,Jeffrey,Thompson,Doctor 16,2023-06-18
P0845,Alexander,Ramirez,Doctor 5,2023-06-18
P1096,Ruth,Roberts,Doctor 1,2023-06-18
P1240,Karen,Scott,Doctor 10,2023-06-18
P1251,Carol,Hall,Doctor 9,2023-06-18
P1330,Sarah,Adams,Doctor 13,2023-06-18
P1421,Betty,Howard,Doctor 3,2023-06-18
P1505,Brian,Phillips,Doctor 20,2023-06-18
P1565,Jeffrey,Moore,Doctor 1,2023-06-18
P1603,Sharon,Richardson,Doctor 12,2023-06-18
P1727,Melissa,Castillo,Doctor 10,2023-06-18
P1797,James,Bailey,Doctor 5,2023-06-18
P1887,Carol,Bailey,Doctor 8,2023-06-18
P1950,Angela,James,Doctor 3,2023-06-18
P2052,Jason,Robinson,Doctor 3,2023-06-18
P2091,Daniel,Allen,Doctor 5,2023-06-18
P0014,Michelle,Mendoza,Doctor 1,2023-06-19
P0033,Nicholas,Wood,Doctor 4,2023-06-19
P0081,Ryan,Garcia,Doctor 1,2023-06-19
P0101,Ruth,Campbell,Doctor 20,2023-06-19
P0112,George,Rivera,Doctor 10,2023-06-19
P0125,Kenneth,Hughes,Doctor 9,2023-06-19
P0185,Robert,Gonzalez,Doctor 10,2023-06-19
P0312,Brenda,Martinez,Doctor 19,2023-06-19
P0574,Lisa,Baker,Doctor 18,2023-06-19
P0794,Gary,Gray,Doctor 19,2023-06-19
P0801,Jessica,Robinson,Doctor 12,2023-06-19
P0840,Samuel,Edwards,Doctor 20,2023-06-19
P0927,Frank,Bailey,Doctor 5,2023-06-19
P0950,Ryan,Cook,Doctor 13,2023-06-19
P1003,Sarah,Jackson,Doctor 18,2023-06-19
P1007,Shirley,Cooper,Doctor 9,2023-06-19
P1083,Scott,Scott,Doctor 13,2023-06-19
P1121,Jack,Perez,Doctor 20,2023-06-19
P1134,Ruth,Peterson,Doctor 12,2023-06-19
P1186,John,Baker,Doctor 1,2023-06-19
P1232,Sharon,Kim,Doctor 13,2023-06-19
P1350,Virginia,Murphy,Doctor 8,2023-06-19
P1409,Donna,Rogers,Doctor 3,2023-06-19
P1565,Jeffrey,Moore,Doctor 1,2023-06-19
P1589,Brandon,Taylor,Doctor 4,2023-06-19
P1667,George,Cooper,Doctor 11,2023-06-19
P1811,Patrick,Carter,Doctor 10,2023-06-19
P1863,Raymond,Parker,Doctor 16,2023-06-19
P1902,Nancy,Alvarez,Doctor 13,2023-06-19
P2077,Betty,Nguyen,Doctor 13,2023-06-19
P2090,Patricia,Kim,Doctor 15,2023-06-19
P2126,Brenda,Adams,Doctor 20,2023-06-19
P2174,Nicholas,Murphy,Doctor 10,2023-06-19
P2204,Frank,Parker,Doctor 4,2023-06-19
P2257,Scott,Bailey,Doctor 18,2023-06-19
P2279,Sandra,Peterson,Doctor 18,2023-06-19
P0038,Steven,Wood,Doctor 6,2023-06-20
P0055,Sarah,Gonzalez,Doctor 7,2023-06-20
P0084,Sandra,Kelly,Doctor 2,2023-06-20
P0233,Gregory,Johnson,Doctor 13,2023-06-20
P0310,Nicholas,Parker,Doctor 5,2023-06-20
P0349,Barbara,Green,Doctor 6,2023-06-20
P0351,Thomas,Watson,Doctor 3,2023-06-20
P0536,Robert,Carter,Doctor 1,2023-06-20
P0641,Emma,Rogers,Doctor 10,2023-06-20
P0642,Thomas,Anderson,Doctor 1,2023-06-20
P0735,Deborah,Reed,Doctor 7,2023-06-20
P1043,Michael,Cook,Doctor 10,2023-06-20
P1115,Dorothy,Sanchez,Doctor 12,2023-06-20
P1192,Deborah,Martinez,Doctor 14,2023-06-20
P1486,Richard,Phillips,Doctor 20,2023-06-20
P1761,Ruth,Ramirez,Doctor 14,2023-06-20
P2087,Virginia,Ramos,Doctor 13,2023-06-20
P2099,Edward,Bennett,Doctor 11,2023-06-20
P2160,Betty,Allen,Doctor 5,2023-06-20
P2247,William,Morris,Doctor 18,2023-06-20
P2300,Anthony,Miller,Doctor 8,2023-06-20
P0180,Jacob,Anderson,Doctor 10,2023-06-21
P0196,Sarah,Carter,Doctor 13,2023-06-21
P0340,Shirley,Turner,Doctor 11,2023-06-21
P0432,Sandra,Turner,Doctor 6,2023-06-21
P0495,Kenneth,Wright,Doctor 15,2023-06-21
P0555,Brenda,Sanchez,Doctor 2,2023-06-21
P0571,Christopher,Murphy,Doctor 8,2023-06-21
P0595,Kevin,Jackson,Doctor 13,2023-06-21
P0598,Sharon,Morales,Doctor 15,2023-06-21
P0602,Donna,Harris,Doctor 13,2023-06-21
P0688,Joseph,Ramos,Doctor 6,2023-06-21
P0781,Cynthia,Stewart,Doctor 17,2023-06-21
P0874,Karen,Ramirez,Doctor 4,2023-06-21
P0943,Jason,Jackson,Doctor 14,2023-06-21
P1013,Thomas,Baker,Doctor 6,2023-06-21
P1056,William,Walker,Doctor 2,2023-06-21
P1057,Anna,Sanchez,Doctor 6,2023-06-21
P1089,Deborah,Diaz,Doctor 3,2023-06-21
P1172,Anna,Lewis,Doctor 20,2023-06-21
P1196,Lisa,Anderson,Doctor 16,2023-06-21
P1199,Angela,Brown,Doctor 11,2023-06-21
P1200,Ryan,Gonzalez,Doctor 12,2023-06-21
P1238,George,Morales,Doctor 8,2023-06-21
P1323,Jennifer,Davis,Doctor 1,2023-06-21
P1371,Gary,Morales,Doctor 17,2023-06-21
P1430,Joshua,Gray,Doctor 6,2023-06-21
P1489,Jason,Sanchez,Doctor 8,2023-06-21
P1590,Kathleen,Johnson,Doctor 18,2023-06-21
P1648,Jessica,Price,Doctor 4,2023-06-21
P2021,Brian,Gomez,Doctor 3,2023-06-21
P2091,Daniel,Allen,Doctor 18,2023-06-21
P0045,Donald,Allen,Doctor 3,2023-06-22
P0064,Joshua,Thomas,Doctor 1,2023-06-22
P0115,Jason,Evans,Doctor 14,2023-06-22
P0167,Thomas,Robinson,Doctor 3,2023-06-22
P0335,Elizabeth,Rivera,Doctor 4,2023-06-22
P0364,Gary,Thompson,Doctor 13,2023-06-22
P0366,Jerry,Diaz,Doctor 15,2023-06-22
P0390,Kevin,Clark,Doctor 19,2023-06-22
P0683,Tyler,Carter,Doctor 14,2023-06-22
P0685,Christopher,Allen,Doctor 8,2023-06-22
P0741,Jason,Kim,Doctor 19,2023-06-22
P0957,George,Patel,Doctor 19,2023-06-22
P1019,Robert,Cook,Doctor 16,2023-06-22
P1240,Karen,Scott,Doctor 10,2023-06-22
P1278,Robert,Mendoza,Doctor 13,2023-06-22
P1284,Alexander,Castillo,Doctor 14,2023-06-22
P1313,Patrick,Bennett,Doctor 15,2023-06-22
P1426,Ronald,Ward,Doctor 19,2023-06-22
P1439,Justin,Gutierrez,Doctor 7,2023-06-22
P1525,Sharon,King,Doctor 14,2023-06-22
P1563,Sandra,Clark,Doctor 11,2023-06-22
P1566,Donald,Stewart,Doctor 17,2023-06-22
P1581,Brandon,Young,Doctor 9,2023-06-22
P1592,Michelle,Clark,Doctor 10,2023-06-22
P1685,Nicholas,Reyes,Doctor 8,2023-06-22
P1718,Kenneth,Mendoza,Doctor 12,2023-06-22
P1749,Timothy,Roberts,Doctor 11,2023-06-22
P1758,Patricia,Reed,Doctor 13,2023-06-22
P1765,Amy,Roberts,Doctor 5,2023-06-22
P1847,Brandon,Torres,Doctor 1,2023-06-22
P1869,Jonathan,Smith,Doctor 5,2023-06-22
P1885,Gregory,Campbell,Doctor 17,2023-06-22
P2013,Thomas,Harris,Doctor 3,2023-06-22
P2031,Larry,Thomas,Doctor 4,2023-06-22
P2072,Andrew,Alvarez,Doctor 20,2023-06-22
P2217,Sarah,Mitchell,Doctor 6,2023-06-22
P2288,Kimberly,Allen,Doctor 9,2023-06-22
P0010,Kenneth,Bailey,Doctor 9,2023-06-23
P0038,Steven,Wood,Doctor 6,2023-06-23
P0090,Mary,Adams,Doctor 4,2023-06-23
P0131,Karen,Young,Doctor 17,2023-06-23
P0387,Gary,Thomas,Doctor 11,2023-06-23
P0553,Kenneth,Lewis,Doctor 14,2023-06-23
P0558,Charles,Hall,Doctor 12,2023-06-23
P0562,Charles,Baker,Doctor 15,2023-06-23
P0674,Anthony,Richardson,Doctor 6,2023-06-23
P0683,Tyler,Carter,Doctor 19,2023-06-23
P0685,Christopher,Allen,Doctor 19,2023-06-23
P0730,Lisa,Sanchez,Doctor 11,2023-06-23
P0767,Jessica,Nelson,Doctor 20,2023-06-23
P0824,Melissa,Stewart,Doctor 9,2023-06-23
P0878,Lisa,Watson,Doctor 11,2023-06-23
P0930,George,Nelson,Doctor 15,2023-06-23
P0941,Kathleen,Cooper,Doctor 18,2023-06-23
P0947,Helen,Cruz,Doctor 12,2023-06-23
P1016,Melissa,Garcia,Doctor 10,2023-06-23
P1165,Michelle,Chavez,Doctor 9,2023-06-23
P1237,Linda,Hernandez,Doctor 18,2023-06-23
P1240,Karen,Scott,Doctor 18,2023-06-23
P1269,Amy,Sanchez,Doctor 15,2023-06-23
P1329,Dennis,Nguyen,Doctor 17,2023-06-23
P1520,Betty,Clark,Doctor 13,2023-06-23
P1522,Scott,Lewis,Doctor 18,2023-06-23
P1633,Tyler,Richardson,Doctor 4,2023-06-23
P1657,Samuel,Allen,Doctor 3,2023-06-23
P1675,Ruth,Diaz,Doctor 13,2023-06-23
P1734,Amy,Mitchell,Doctor 15,2023-06-23
P1759,Gary,Roberts,Doctor 7,2023-06-23
P1806,David,Clark,Doctor 19,2023-06-23
P1873,Nancy,Nguyen,Doctor 15,2023-06-23
P1905,Brian,Watson,Doctor 3,2023-06-23
P1919,Kimberly,Anderson,Doctor 16,2023-06-23
P1932,Deborah,Scott,Doctor 1,2023-06-23
P1983,Tyler,Ward,Doctor 16,2023-06-23
P2016,Sarah,Myers,Doctor 16,2023-06-23
P2216,Patricia,Campbell,Doctor 14,2023-06-23
P2270,Betty,Hughes,Doctor 8,2023-06-23
P0066,Kimberly,Reed,Doctor 9,2023-06-24
P0194,Robert,Nelson,Doctor 16,2023-06-24
P0225,Aaron,Thomas,Doctor 2,2023-06-24
P0251,Mary,Harris,Doctor 18,2023-06-24
P0297,Benjamin,Evans,Doctor 19,2023-06-24
P0369,William,Nelson,Doctor 20,2023-06-24
P0402,Sandra,Thompson,Doctor 5,2023-06-24
P0427,Richard,Turner,Doctor 8,2023-06-24
P0431,Charles,Thomas,Doctor 17,2023-06-24
P0447,Donna,Brooks,Doctor 19,2023-06-24
P0708,John,Sanchez,Doctor 1,2023-06-24
P0765,Ryan,Jackson,Doctor 17,2023-06-24
P0819,Richard,Mitchell,Doctor 13,2023-06-24
P0853,Angela,Mitchell,Doctor 20,2023-06-24
P0855,David,Morales,Doctor 8,2023-06-24
P0932,Robert,Brooks,Doctor 9,2023-06-24
P1006,William,Parker,Doctor 3,2023-06-24
P1095,Ryan,Carter,Doctor 12,2023-06-24
P1100,James,Gray,Doctor 6,2023-06-24
P1223,Anna,Johnson,Doctor 8,2023-06-24
P1253,George,Wood,Doctor 18,2023-06-24
P1300,Kathleen,Cox,Doctor 10,2023-06-24
P1314,Robert,Hall,Doctor 16,2023-06-24
P1369,Ruth,Ramos,Doctor 3,2023-06-24
P1440,Raymond,White,Doctor 5,2023-06-24
P1609,Virginia,Cox,Doctor 10,2023-06-24
P1681,Richard,Rodriguez,Doctor 12,2023-06-24
P1688,Thomas,Murphy,Doctor 17,2023-06-24
P1703,Lisa,Adams,Doctor 19,2023-06-24
P1731,Melissa,Murphy,Doctor 9,2023-06-24
P1779,Lisa,Chavez,Doctor 6,2023-06-24
P1789,Sarah,Walker,Doctor 13,2023-06-24
P1985,Lisa,Taylor,Doctor 1,2023-06-24
P2019,Ryan,Wright,Doctor 16,2023-06-24
P2149,Laura,Ruiz,Doctor 8,2023-06-24
P2185,Elizabeth,Brooks,Doctor 12,2023-06-24
P2287,Betty,King,Doctor 4,2023-06-24
P2288,Kimberly,Allen,Doctor 17,2023-06-24
P0004,Amy,Green,Doctor 1,2023-06-25
P0023,William,Rivera,Doctor 20,2023-06-25
P0086,Aaron,Gray,Doctor 10,2023-06-25
P0088,David,Harris,Doctor 19,2023-06-25
P0132,Carol,Jones,Doctor 7,2023-06-25
P0222,Jessica,Walker,Doctor 17,2023-06-25
P0264,Frank,Harris,Doctor 1,2023-06-25
P0273,James,Ward,Doctor 17,2023-06-25
P0349,Barbara,Green,Doctor 8,2023-06-25
P0414,Thomas,Davis,Doctor 2,2023-06-25
P0416,Eric,Brooks,Doctor 7,2023-06-25
P0812,Kimberly,Cruz,Doctor 16,2023-06-25
P0812,Kimberly,Cruz,Doctor 14,2023-06-25
P1013,Thomas,Baker,Doctor 6,2023-06-25
P1092,Richard,Nelson,Doctor 12,2023-06-25
P1094,Sharon,Davis,Doctor 18,2023-06-25
P1234,Rebecca,Nelson,Doctor 9,2023-06-25
P1248,Edward,Mendoza,Doctor 6,2023-06-25
P1313,Patrick,Bennett,Doctor 15,2023-06-25
P1362,Tyler,Lewis,Doctor 20,2023-06-25
P1390,Jerry,Ortiz,Doctor 2,2023-06-25
P1418,James,Smith,Doctor 6,2023-06-25
P1531,Lisa,Sanders,Doctor 2,2023-06-25
P1595,John,Mitchell,Doctor 16,2023-06-25
P1628,Kenneth,Morales,Doctor 10,2023-06-25
P1659,Angela,Wilson,Doctor 18,2023-06-25
P1674,Elizabeth,Baker,Doctor 1,2023-06-25
P1787,Jessica,Bennett,Doctor 3,2023-06-25
P1840,Jason,Ortiz,Doctor 14,2023-06-25
P1926,Nancy,Reyes,Doctor 20,2023-06-25
P1995,Amy,Ramos,Doctor 2,2023-06-25
P2015,Brian,Jones,Doctor 19,2023-06-25
P2142,Larry,Lopez,Doctor 12,2023-06-25
P2148,Mary,Price,Doctor 19,2023-06-25
P2157,Laura,Gomez,Doctor 19,2023-06-25
P2217,Sarah,Mitchell,Doctor 11,2023-06-25
P2298,Mark,Hill,Doctor 8,2023-06-25
P0052,Donna,Ramos,Doctor 15,2023-06-26
P0081,Ryan,Garcia,Doctor 12,2023-06-26
P0128,Kenneth,Myers,Doctor 19,2023-06-26
P0339,Daniel,Green,Doctor 7,2023-06-26
P0444,Anna,Young,Doctor 5,2023-06-26
P0502,Linda,Myers,Doctor 3,2023-06-26
P0530,Betty,James,Doctor 1,2023-06-26
P0546,Jack,Jackson,Doctor 6,2023-06-26
P0656,Jessica,Davis,Doctor 17,2023-06-26
P0678,Susan,Castillo,Doctor 19,2023-06-26
P0922,Helen,Kim,Doctor 3,2023-06-26
P0952,James,Diaz,Doctor 16,2023-06-26
P1041,Emma,Hernandez,Doctor 13,2023-06-26
P1274,Helen,Gutierrez,Doctor 5,2023-06-26
P1358,Tyler,Ramos,Doctor 13,2023-06-26
P1383,Mary,Wright,Doctor 13,2023-06-26
P1472,Michelle,Morris,Doctor 1,2023-06-26
P1473,Ruth,Jones,Doctor 10,2023-06-26
P1482,Barbara,Howard,Doctor 2,2023-06-26
P1614,Carol,Alvarez,Doctor 17,2023-06-26
P1661,Helen,Adams,Doctor 10,2023-06-26
P1761,Ruth,Ramirez,Doctor 14,2023-06-26
P1859,Dorothy,Alvarez,Doctor 6,2023-06-26
P1975,Matthew,Lee,Doctor 9,2023-06-26
P2128,Benjamin,Moore,Doctor 6,2023-06-26
P2201,Gregory,Nguyen,Doctor 2,2023-06-26
P2207,Edward,Hughes,Doctor 8,2023-06-26
P2243,Betty,Cox,Doctor 7,2023-06-26
P2254,Brian,Patel,Doctor 17,2023-06-26
P0016,Jason,Garcia,Doctor 7,2023-06-27
P0038,Steven,Wood,Doctor 19,2023-06-27
P0125,Kenneth,Hughes,Doctor 12,2023-06-27
P0150,Ryan,Murphy,Doctor 2,2023-06-27
P0265,Mark,Evans,Doctor 4,2023-06-27
P0340,Shirley,Turner,Doctor 10,2023-06-27
P0366,Jerry,Diaz,Doctor 19,2023-06-27
P0421,Laura,Myers,Doctor 9,2023-06-27
P0562,Charles,Baker,Doctor 5,2023-06-27
P0661,Jose,Roberts,Doctor 11,2023-06-27
P0718,Kevin,Jones,Doctor 11,2023-06-27
P0946,Ruth,Rivera,Doctor 15,2023-06-27
P1020,Jeffrey,Lopez,Doctor 7,2023-06-27
P1039,Richard,Watson,Doctor 15,2023-06-27
P1050,Emma,Gutierrez,Doctor 13,2023-06-27
P1171,Samuel,Brooks,Doctor 4,2023-06-27
P1317,Anthony,Myers,Doctor 5,2023-06-27
P1623,Anna,Scott,Doctor 19,2023-06-27
P1638,Joseph,Price,Doctor 8,2023-06-27
P1641,Samuel,Ortiz,Doctor 18,2023-06-27
P1718,Kenneth,Mendoza,Doctor 3,2023-06-27
P1721,Michelle,Cruz,Doctor 8,2023-06-27
P1777,Raymond,Martin,Doctor 17,2023-06-27
P1834,Sandra,Wood,Doctor 10,2023-06-27
P1886,Samuel,Rogers,Doctor 20,2023-06-27
P1919,Kimberly,Anderson,Doctor 16,2023-06-27
P1922,Andrew,Stewart,Doctor 16,2023-06-27
P2020,Karen,Alvarez,Doctor 17,2023-06-27
P2048,Jose,Miller,Doctor 16,2023-06-27
P2218,Edward,Harris,Doctor 3,2023-06-27
P2243,Betty,Cox,Doctor 7,2023-06-27
P2287,Betty,King,Doctor 1,2023-06-27
P2290,Helen,Howard,Doctor 12,2023-06-27
P0060,Joseph,Cooper,Doctor 9,2023-06-28
P0178,Sarah,Kelly,Doctor 7,2023-06-28
P0358,Helen,Rogers,Doctor 10,2023-06-28
P0362,Matthew,Peterson,Doctor 2,2023-06-28
P0396,Gary,Lopez,Doctor 14,2023-06-28
P0433,Anthony,Johnson,Doctor 17,2023-06-28
P0490,Shirley,Lewis,Doctor 8,2023-06-28
P0573,Lisa,Rivera,Doctor 13,2023-06-28
P0605,Jessica,James,Doctor 11,2023-06-28
P0659,Matthew,Mitchell,Doctor 5,2023-06-28
P0724,Daniel,Kim,Doctor 2,2023-06-28
P0733,Jerry,Sanders,Doctor 18,2023-06-28
P0764,Jessica,Watson,Doctor 15,2023-06-28
P0857,Robert,Cooper,Doctor 7,2023-06-28
P0888,Nancy,Carter,Doctor 12,2023-06-28
P1035,Lisa,Lopez,Doctor 19,2023-06-28
P1039,Richard,Watson,Doctor 9,2023-06-28
P1056,William,Walker,Doctor 16,2023-06-28
P1112,Brandon,Gomez,Doctor 19,2023-06-28
P1253,George,Wood,Doctor 18,2023-06-28
P1335,Laura,Baker,Doctor 7,2023-06-28
P1357,Gregory,Ramos,Doctor 5,2023-06-28
P1656,Kimberly,Watson,Doctor 11,2023-06-28
P1848,Matthew,Alvarez,Doctor 14,2023-06-28
P2001,Jessica,Anderson,Doctor 10,2023-06-28
P2162,Timothy,Price,Doctor 15,2023-06-28
P2181,Edward,Perez,Doctor 6,2023-06-28
P2210,Virginia,Perez,Doctor 8,2023-06-28
P2304,Robert,Williams,Doctor 20,2023-06-28
P0177,Shirley,Chavez,Doctor 7,2023-06-29
P0255,Ronald,Bailey,Doctor 9,2023-06-29
P0283,Jerry,Ruiz,Doctor 11,2023-06-29
P0305,Laura,Hill,Doctor 2,2023-06-29
P0396,Gary,Lopez,Doctor 16,2023-06-29
P0437,Michelle,Parker,Doctor 19,2023-06-29
P0725,Anna,Roberts,Doctor 15,2023-06-29
P0763,Ruth,Stewart,Doctor 7,2023-06-29
P0794,Gary,Gray,Doctor 19,2023-06-29
P0816,Matthew,Watson,Doctor 10,2023-06-29
P0865,Sarah,Roberts,Doctor 17,2023-06-29
P1064,Samuel,Hughes,Doctor 9,2023-06-29
P1120,Emma,Morris,Doctor 19,2023-06-29
P1139,Linda,Price,Doctor 19,2023-06-29
P1269,Amy,Sanchez,Doctor 11,2023-06-29
P1373,Deborah,Taylor,Doctor 15,2023-06-29
P1533,Sandra,Cruz,Doctor 20,2023-06-29
P1866,Gregory,Mitchell,Doctor 2,2023-06-29
P1895,Kevin,Chavez,Doctor 16,2023-06-29
P2135,Frank,Sanchez,Doctor 10,2023-06-29
P2184,Jason,Nelson,Doctor 10,2023-06-29
P2206,Alexander,Cruz,Doctor 3,2023-06-29
P2305,Ruth,Perez,Doctor 13,2023-06-29
P0093,Brandon,Phillips,Doctor 14,2023-06-30
P0211,Betty,Wright,Doctor 9,2023-06-30
P0279,Emma,Gomez,Doctor 14,2023-06-30
P0358,Helen,Rogers,Doctor 15,2023-06-30
P0430,Kevin,White,Doctor 9,2023-06-30
P0595,Kevin,Jackson,Doctor 2,2023-06-30
P0655,Angela,Harris,Doctor 6,2023-06-30
P0682,Ruth,Torres,Doctor 2,2023-06-30
P0756,Helen,King,Doctor 12,2023-06-30
P0801,Jessica,Robinson,Doctor 8,2023-06-30
P1076,Susan,Rogers,Doctor 6,2023-06-30
P1099,Jessica,Lopez,Doctor 14,2023-06-30
P1180,Michelle,Richardson,Doctor 9,2023-06-30
P1183,Brian,James,Doctor 2,2023-06-30
P1307,Donna,Rivera,Doctor 17,2023-06-30
P1307,Donna,Rivera,Doctor 15,2023-06-30
P1323,Jennifer,Davis,Doctor 3,2023-06-30
P1357,Gregory,Ramos,Doctor 1,2023-06-30
P1532,Michelle,Price,Doctor 16,2023-06-30
P1748,Kevin,Myers,Doctor 18,2023-06-30
P1780,Lisa,Ortiz,Doctor 4,2023-06-30
P1802,Michelle,Lopez,Doctor 14,2023-06-30
P1994,Michelle,Rivera,Doctor 3,2023-06-30
P2059,Susan,Nelson,Doctor 17,2023-06-30
P2064,Kenneth,Lopez,Doctor 17,2023-06-30
P2298,Mark,Hill,Doctor 8,2023-06-30
P0228,Nancy,Kim,Doctor 15,2023-07-01
P0250,Matthew,Miller,Doctor 20,2023-07-01
P0315,Joseph,Castillo,Doctor 4,2023-07-01
P0542,Justin,Walker,Doctor 9,2023-07-01
P0602,Donna,Harris,Doctor 10,2023-07-01
P0686,Sandra,Reyes,Doctor 10,2023-07-01
P0776,Ruth,Morales,Doctor 16,2023-07-01
P0854,Deborah,Reyes,Doctor 11,2023-07-01
P0938,Kathleen,Turner,Doctor 12,2023-07-01
P0963,Michelle,Nguyen,Doctor 13,2023-07-01
P1057,Anna,Sanchez,Doctor 5,2023-07-01
P1239,Helen,Gray,Doctor 5,2023-07-01
P1294,Larry,Turner,Doctor 2,2023-07-01
P1460,Jeffrey,Chavez,Doctor 13,2023-07-01
P1477,Matthew,Lewis,Doctor 15,2023-07-01
P1512,Alexander,Sanders,Doctor 9,2023-07-01
P1519,Carol,Howard,Doctor 19,2023-07-01
P1589,Brandon,Taylor,Doctor 12,2023-07-01
P1685,Nicholas,Reyes,Doctor 18,2023-07-01
P1707,Richard,Ward,Doctor 6,2023-07-01
P1881,Charles,Gomez,Doctor 15,2023-07-01
P1888,Christopher,Reyes,Doctor 7,2023-07-01
P1931,Jerry,Phillips,Doctor 4,2023-07-01
P1938,Jerry,Lee,Doctor 18,2023-07-01
P1953,Kathleen,Adams,Doctor 13,2023-07-01
P2047,Virginia,Moore,Doctor 8,2023-07-01
P2141,Andrew,Gray,Doctor 8,2023-07-01
P2155,Dorothy,Jackson,Doctor 17,2023-07-01
P2202,Jack,Williams,Doctor 1,2023-07-01
P2261,Gary,Evans,Doctor 5,2023-07-01
P2270,Betty,Hughes,Doctor 19,2023-07-01
P2275,Thomas,Young,Doctor 20,2023-07-01
P0121,Scott,White,Doctor 16,2023-07-02
P0194,Robert,Nelson,Doctor 1,2023-07-02
P0214,Jason,Torres,Doctor 8,2023-07-02
P0411,Brian,Walker,Doctor 6,2023-07-02
P0458,Dennis,Adams,Doctor 5,2023-07-02
P0528,Jacob,Bennett,Doctor 10,2023-07-02
P0628,Ryan,Watson,Doctor 9,2023-07-02
P0676,Dennis,Castillo,Doctor 11,2023-07-02
P0752,Eric,Hughes,Doctor 2,2023-07-02
P0784,Gary,Collins,Doctor 12,2023-07-02
P0901,Nancy,Hernandez,Doctor 4,2023-07-02
P0915,Donna,Scott,Doctor 13,2023-07-02
P0950,Ryan,Cook,Doctor 9,2023-07-02
P0954,Ryan,Ramirez,Doctor 6,2023-07-02
P1092,Richard,Nelson,Doctor 20,2023-07-02
P1157,Sharon,White,Doctor 17,2023-07-02
P1174,Gary,Gonzalez,Doctor 7,2023-07-02
P1261,Kevin,Carter,Doctor 16,2023-07-02
P1261,Kevin,Carter,Doctor 16,2023-07-02
P1437,Melissa,Morris,Doctor 20,2023-07-02
P1443,Donna,Chavez,Doctor 19,2023-07-02
P1572,Eric,Sanchez,Doctor 16,2023-07-02
P1635,Larry,Cox,Doctor 1,2023-07-02
P1643,Patricia,Green,Doctor 17,2023-07-02
P1652,Shirley,Flores,Doctor 7,2023-07-02
P1653,Cynthia,Price,Doctor 8,2023-07-02
P1655,Emma,Hall,Doctor 10,2023-07-02
P1709,Elizabeth,Thompson,Doctor 16,2023-07-02
P1843,Joshua,Gonzalez,Doctor 15,2023-07-02
P1844,Alexander,Chavez,Doctor 8,2023-07-02
P1859,Dorothy,Alvarez,Doctor 10,2023-07-02
P1940,Carol,Davis,Doctor 6,2023-07-02
P2032,Jessica,Alvarez,Doctor 20,2023-07-02
P2236,Joseph,Wright,Doctor 7,2023-07-02
P0085,Helen,Johnson,Doctor 1,2023-07-03
P0244,Elizabeth,Chavez,Doctor 16,2023-07-03
P0272,Scott,Ward,Doctor 7,2023-07-03
P0292,Jennifer,Howard,Doctor 15,2023-07-03
P0313,Stephen,Cook,Doctor 6,2023-07-03
P0410,Ruth,Watson,Doctor 7,2023-07-03
P0471,Justin,Morales,Doctor 10,2023-07-03
P0665,Jose,Mitchell,Doctor 15,2023-07-03
P0776,Ruth,Morales,Doctor 16,2023-07-03
P0974,Timothy,Morris,Doctor 17,2023-07-03
P0985,James,Anderson,Doctor 4,2023-07-03
P1076,Susan,Rogers,Doctor 6,2023-07-03
P1223,Anna,Johnson,Doctor 18,2023-07-03
P1226,Jeffrey,Alvarez,Doctor 6,2023-07-03
P1341,Michelle,Gomez,Doctor 16,2023-07-03
P1377,Brian,Rivera,Doctor 7,2023-07-03
P1558,Aaron,Rodriguez,Doctor 10,2023-07-03
P1589,Brandon,Taylor,Doctor 12,2023-07-03
P1605,James,Clark,Doctor 2,2023-07-03
P1694,Dorothy,Cox,Doctor 2,2023-07-03
P1725,Robert,Wilson,Doctor 10,2023-07-03
P1754,Larry,Nelson,Doctor 17,2023-07-03
P1758,Patricia,Reed,Doctor 13,2023-07-03
P1894,Sarah,Miller,Doctor 3,2023-07-03
P1900,James,Hernandez,Doctor 18,2023-07-03
P2038,Helen,Hall,Doctor 16,2023-07-03
P2199,John,Garcia,Doctor 20,2023-07-03
P0014,Michelle,Mendoza,Doctor 8,2023-07-04
P0135,Linda,White,Doctor 9,2023-07-04
P0151,Deborah,Cox,Doctor 6,2023-07-04
P0481,Sandra,Castillo,Doctor 4,2023-07-04
P0487,Mary,Morales,Doctor 13,2023-07-04
P0543,Anthony,Perez,Doctor 9,2023-07-04
P0606,Kevin,Gomez,Doctor 1,2023-07-04
P0693,Kimberly,Taylor,Doctor 16,2023-07-04
P0756,Helen,King,Doctor 5,2023-07-04
P0844,Sarah,Brooks,Doctor 16,2023-07-04
P1011,George,Lee,Doctor 17,2023-07-04
P1138,Karen,Ramos,Doctor 2,2023-07-04
P1259,Virginia,Miller,Doctor 2,2023-07-04
P1268,Rebecca,Jackson,Doctor 12,2023-07-04
P1610,Robert,Lewis,Doctor 19,2023-07-04
P1666,Dennis,Wright,Doctor 9,2023-07-04
P1667,George,Cooper,Doctor 11,2023-07-04
P1717,Charles,Brooks,Doctor 7,2023-07-04
P1754,Larry,Nelson,Doctor 15,2023-07-04
P1802,Michelle,Lopez,Doctor 1,2023-07-04
P1809,Betty,Smith,Doctor 6,2023-07-04
P2200,Andrew,Torres,Doctor 9,2023-07-04
P2268,Steven,Evans,Doctor 4,2023-07-04
P0002,Sharon,Wood,Doctor 2,2023-07-05
P0071,Lisa,Cruz,Doctor 2,2023-07-05
P0124,Brian,Cox,Doctor 14,2023-07-05
P0263,Susan,Thompson,Doctor 12,2023-07-05
P0355,Nancy,Turner,Doctor 5,2023-07-05
P0539,Jennifer,Green,Doctor 5,2023-07-05
P0664,Helen,Mendoza,Doctor 20,2023-07-05
P0792,Susan,Evans,Doctor 18,2023-07-05
P0838,Daniel,Carter,Doctor 20,2023-07-05
P0899,Mary,Jackson,Doctor 11,2023-07-05
P0912,Joshua,Castillo,Doctor 12,2023-07-05
P0929,Dorothy,Rogers,Doctor 4,2023-07-05
P0954,Ryan,Ramirez,Doctor 20,2023-07-05
P1135,Kathleen,Perez,Doctor 8,2023-07-05
P1140,Charles,Collins,Doctor 11,2023-07-05
P1332,George,Jackson,Doctor 8,2023-07-05
P1374,Jerry,Anderson,Doctor 12,2023-07-05
P1389,Robert,Allen,Doctor 6,2023-07-05
P1514,Sandra,Lewis,Doctor 20,2023-07-05
P1560,Michael,Richardson,Doctor 14,2023-07-05
P1617,Carol,Lee,Doctor 7,2023-07-05
P1641,Samuel,Ortiz,Doctor 5,2023-07-05
P1788,Patrick,Cox,Doctor 15,2023-07-05
P1808,Lisa,Wright,Doctor 18,2023-07-05
P1893,Michelle,Martin,Doctor 4,2023-07-05
P1930,Dennis,Moore,Doctor 3,2023-07-05
P2193,Dorothy,Scott,Doctor 3,2023-07-05
P2275,Thomas,Young,Doctor 17,2023-07-05
P0025,Melissa,Ramirez,Doctor 14,2023-07-06
P0086,Aaron,Gray,Doctor 14,2023-07-06
P0102,Brian,Cook,Doctor 5,2023-07-06
P0177,Shirley,Chavez,Doctor 9,2023-07-06
P0371,Ryan,Ramos,Doctor 15,2023-07-06
P0373,Barbara,Turner,Doctor 4,2023-07-06
P0416,Eric,Brooks,Doctor 15,2023-07-06
P0493,Patricia,Reyes,Doctor 20,2023-07-06
P0621,Donald,Rogers,Doctor 20,2023-07-06
P0626,Sarah,Brown,Doctor 10,2023-07-06
P0746,Tyler,Kim,Doctor 5,2023-07-06
P0833,Betty,Ramos,Doctor 7,2023-07-06
P1195,Lisa,Turner,Doctor 6,2023-07-06
P1283,Jennifer,Hernandez,Doctor 12,2023-07-06
P1365,Sarah,Jones,Doctor 1,2023-07-06
P1366,Carol,Scott,Doctor 5,2023-07-06
P1524,Shirley,James,Doctor 16,2023-07-06
P1541,Kathleen,Nelson,Doctor 14,2023-07-06
P1551,Shirley,Roberts,Doctor 18,2023-07-06
P1554,Sarah,Scott,Doctor 15,2023-07-06
P1693,Karen,Thompson,Doctor 1,2023-07-06
P1758,Patricia,Reed,Doctor 5,2023-07-06
P2018,Patrick,Howard,Doctor 19,2023-07-06
P2041,Lisa,Gomez,Doctor 6,2023-07-06
P2052,Jason,Robinson,Doctor 2,2023-07-06
P2091,Daniel,Allen,Doctor 16,2023-07-06
P2230,Donald,Sanchez,Doctor 17,2023-07-06
P2239,Virginia,Cooper,Doctor 15,2023-07-06
P0009,Helen,White,Doctor 13,2023-07-07
P0305,Laura,Hill,Doctor 15,2023-07-07
P0326,Sandra,Brooks,Doctor 7,2023-07-07
P0354,Lisa,Nelson,Doctor 2,2023-07-07
P0362,Matthew,Peterson,Doctor 5,2023-07-07
P0517,Brenda,Roberts,Doctor 8,2023-07-07
P0574,Lisa,Baker,Doctor 18,2023-07-07
P0574,Lisa,Baker,Doctor 18,2023-07-07
P0606,Kevin,Gomez,Doctor 1,2023-07-07
P0611,Dennis,Lopez,Doctor 20,2023-07-07
P0618,Frank,Anderson,Doctor 6,2023-07-07
P0663,Carol,Hernandez,Doctor 19,2023-07-07
P0737,Larry,Hill,Doctor 11,2023-07-07
P0782,Gary,Smith,Doctor 10,2023-07-07
P0888,Nancy,Carter,Doctor 7,2023-07-07
P0910,Kevin,Gutierrez,Doctor 5,2023-07-07
P0994,Charles,Alvarez,Doctor 12,2023-07-07
P1020,Jeffrey,Lopez,Doctor 7,2023-07-07
P1090,David,Scott,Doctor 4,2023-07-07
P1310,Carol,Smith,Doctor 2,2023-07-07
P1346,Michael,Rodriguez,Doctor 19,2023-07-07
P1452,Gary,Mendoza,Doctor 12,2023-07-07
P1477,Matthew,Lewis,Doctor 5,2023-07-07
P1506,Joshua,Anderson,Doctor 7,2023-07-07
P1667,George,Cooper,Doctor 11,2023-07-07
P1742,Justin,Roberts,Doctor 14,2023-07-07
P1884,Alexander,Mendoza,Doctor 7,2023-07-07
P1907,David,Kim,Doctor 7,2023-07-07
P1965,Dorothy,Clark,Doctor 18,2023-07-07
P2009,Anthony,Campbell,Doctor 8,2023-07-07
P2075,Brian,Wilson,Doctor 11,2023-07-07
P2077,Betty,Nguyen,Doctor 13,2023-07-07
P2116,Anthony,Gomez,Doctor 9,2023-07-07
P2178,Susan,Cooper,Doctor 2,2023-07-07
P0036,Carol,Watson,Doctor 11,2023-07-08
P0065,Laura,Mitchell,Doctor 16,2023-07-08
P0206,Charles,Harris,Doctor 11,2023-07-08
P0310,Nicholas,Parker,Doctor 5,2023-07-08
P0666,Nicholas,Nelson,Doctor 14,2023-07-08
P0845,Alexander,Ramirez,Doctor 5,2023-07-08
P0848,Scott,Reed,Doctor 10,2023-07-08
P0972,Joseph,Ward,Doctor 1,2023-07-08
P0975,Susan,Gomez,Doctor 17,2023-07-08
P1192,Deborah,Martinez,Doctor 14,2023-07-08
P1248,Edward,Mendoza,Doctor 6,2023-07-08
P1278,Robert,Mendoza,Doctor 6,2023-07-08
P1339,Rebecca,Johnson,Doctor 12,2023-07-08
P1373,Deborah,Taylor,Doctor 15,2023-07-08
P1387,Jack,Reed,Doctor 13,2023-07-08
P1426,Ronald,Ward,Doctor 18,2023-07-08
P1719,David,Ward,Doctor 19,2023-07-08
P1785,Donald,Patel,Doctor 20,2023-07-08
P1818,Tyler,Young,Doctor 16,2023-07-08
P1995,Amy,Ramos,Doctor 2,2023-07-08
P2004,Mary,Martinez,Doctor 12,2023-07-08
P2119,Brandon,Walker,Doctor 8,2023-07-08
P2186,Joshua,Cox,Doctor 1,2023-07-08
P2187,Christopher,Ramos,Doctor 20,2023-07-08
P0181,Joshua,Williams,Doctor 10,2023-07-09
P0196,Sarah,Carter,Doctor 13,2023-07-09
P0294,Joseph,Bailey,Doctor 6,2023-07-09
P0372,Anna,Jackson,Doctor 2,2023-07-09
P0495,Kenneth,Wright,Doctor 18,2023-07-09
P0506,Carol,Thomas,Doctor 9,2023-07-09
P0557,Kimberly,Myers,Doctor 4,2023-07-09
P0559,Jose,Castillo,Doctor 2,2023-07-09
P0667,Benjamin,Rivera,Doctor 19,2023-07-09
P0699,Timothy,Williams,Doctor 6,2023-07-09
P0709,Susan,Wood,Doctor 3,2023-07-09
P0809,Kimberly,Wood,Doctor 8,2023-07-09
P1106,Lisa,White,Doctor 16,2023-07-09
P1175,Nancy,Rivera,Doctor 2,2023-07-09
P1197,Helen,Ramirez,Doctor 6,2023-07-09
P1218,Gary,Reed,Doctor 10,2023-07-09
P1477,Matthew,Lewis,Doctor 3,2023-07-09
P1522,Scott,Lewis,Doctor 18,2023-07-09
P1556,Aaron,Wright,Doctor 7,2023-07-09
P1771,Ronald,Morgan,Doctor 16,2023-07-09
P1800,Tyler,Hill,Doctor 2,2023-07-09
P1839,Lisa,Brooks,Doctor 5,2023-07-09
P1902,Nancy,Alvarez,Doctor 18,2023-07-09
P2031,Larry,Thomas,Doctor 12,2023-07-09
P2093,Scott,Reyes,Doctor 13,2023-07-09
P2153,Amy,Nguyen,Doctor 8,2023-07-09
P2173,Joshua,King,Doctor 3,2023-07-09
P2195,Ruth,Lewis,Doctor 9,2023-07-09
P2219,Dennis,Alvarez,Doctor 14,2023-07-09
P2281,Samuel,Hall,Doctor 14,2023-07-09
P0069,Eric,Reyes,Doctor 1,2023-07-10
P0255,Ronald,Bailey,Doctor 9,2023-07-10
P0408,Sarah,Price,Doctor 19,2023-07-10
P0523,Helen,Parker,Doctor 6,2023-07-10
P0566,Eric,Phillips,Doctor 5,2023-07-10
P0578,Jessica,Sanchez,Doctor 4,2023-07-10
P0636,Frank,Nelson,Doctor 13,2023-07-10
P0647,Matthew,Scott,Doctor 12,2023-07-10
P0667,Benjamin,Rivera,Doctor 19,2023-07-10
P0680,Patrick,Hall,Doctor 11,2023-07-10
P0720,Donna,Kim,Doctor 8,2023-07-10
P0892,Karen,Baker,Doctor 1,2023-07-10
P1084,Carol,Brooks,Doctor 8,2023-07-10
P1134,Ruth,Peterson,Doctor 6,2023-07-10
P1197,Helen,Ramirez,Doctor 8,2023-07-10
P1224,Carol,Campbell,Doctor 14,2023-07-10
P1354,Kenneth,Wilson,Doctor 9,2023-07-10
P1398,Alexander,Flores,Doctor 16,2023-07-10
P1548,Jonathan,Torres,Doctor 12,2023-07-10
P1553,Jeffrey,Cooper,Doctor 18,2023-07-10
P1673,Deborah,Collins,Doctor 15,2023-07-10
P1771,Ronald,Morgan,Doctor 16,2023-07-10
P1885,Gregory,Campbell,Doctor 10,2023-07-10
P1971,Barbara,Myers,Doctor 16,2023-07-10
P2116,Anthony,Gomez,Doctor 14,2023-07-10
P2119,Brandon,Walker,Doctor 8,2023-07-10
P2182,John,Johnson,Doctor 10,2023-07-10
P2189,Charles,Patel,Doctor 3,2023-07-10
P2280,Michelle,Ortiz,Doctor 3,2023-07-10
P0004,Amy,Green,Doctor 18,2023-07-11
P0127,Matthew,Phillips,Doctor 8,2023-07-11
P0202,Aaron,Roberts,Doctor 4,2023-07-11
P0284,Ruth,Bailey,Doctor 18,2023-07-11
P0416,Eric,Brooks,Doctor 15,2023-07-11
P0442,Joseph,Rivera,Doctor 14,2023-07-11
P0514,Samuel,Ward,Doctor 4,2023-07-11
P0735,Deborah,Reed,Doctor 15,2023-07-11
P0822,Patricia,Gutierrez,Doctor 16,2023-07-11
P0893,Michelle,Green,Doctor 19,2023-07-11
P0980,Shirley,Adams,Doctor 18,2023-07-11
P1040,Kimberly,Edwards,Doctor 9,2023-07-11
P1060,James,Robinson,Doctor 19,2023-07-11
P1088,Donald,Wright,Doctor 9,2023-07-11
P1119,Michelle,Ramos,Doctor 15,2023-07-11
P1133,Ronald,Hughes,Doctor 8,2023-07-11
P1142,George,Davis,Doctor 16,2023-07-11
P1372,Amy,Howard,Doctor 5,2023-07-11
P1456,Mary,Hill,Doctor 18,2023-07-11
P1493,Patrick,Jackson,Doctor 5,2023-07-11
P1511,Linda,Evans,Doctor 12,2023-07-11
P1539,Jose,Green,Doctor 14,2023-07-11
P1573,Andrew,Morris,Doctor 10,2023-07-11
P1657,Samuel,Allen,Doctor 3,2023-07-11
P1706,Larry,White,Doctor 5,2023-07-11
P1746,Samuel,Thompson,Doctor 8,2023-07-11
P1813,Brenda,Myers,Doctor 7,2023-07-11
P1924,Donald,Ortiz,Doctor 11,2023-07-11
P1948,Nicholas,Cruz,Doctor 11,2023-07-11
P2137,Larry,Davis,Doctor 5,2023-07-11
P2156,Andrew,Phillips,Doctor 3,2023-07-11
P2161,Andrew,Wood,Doctor 1,2023-07-11
P2205,Sandra,Parker,Doctor 5,2023-07-11
P2303,Betty,Wood,Doctor 1,2023-07-11
P0004,Amy,Green,Doctor 16,2023-07-12
P0063,Michelle,Sanders,Doctor 6,2023-07-12
P0104,Barbara,Adams,Doctor 19,2023-07-12
P0135,Linda,White,Doctor 11,2023-07-12
P0146,Timothy,James,Doctor 13,2023-07-12
P0159,Karen,Myers,Doctor 7,2023-07-12
P0302,Nicholas,Moore,Doctor 7,2023-07-12
P0395,Samuel,Kim,Doctor 18,2023-07-12
P0481,Sandra,Castillo,Doctor 2,2023-07-12
P0525,Jennifer,James,Doctor 16,2023-07-12
P0570,Joshua,Ward,Doctor 7,2023-07-12
P0874,Karen,Ramirez,Doctor 4,2023-07-12
P0900,Laura,Sanders,Doctor 10,2023-07-12
P0902,Helen,Evans,Doctor 20,2023-07-12
P1006,William,Parker,Doctor 3,2023-07-12
P1081,Kevin,Green,Doctor 7,2023-07-12
P1120,Emma,Morris,Doctor 17,2023-07-12
P1130,Joshua,Sanders,Doctor 17,2023-07-12
P1258,Kathleen,Thomas,Doctor 7,2023-07-12
P1315,Sandra,Patel,Doctor 13,2023-07-12
P1351,Edward,Garcia,Doctor 4,2023-07-12
P1374,Jerry,Anderson,Doctor 2,2023-07-12
P1384,Ronald,Murphy,Doctor 20,2023-07-12
P1405,Larry,Harris,Doctor 17,2023-07-12
P1678,Cynthia,Howard,Doctor 15,2023-07-12
P1753,Mark,Miller,Doctor 17,2023-07-12
P1762,Virginia,Baker,Doctor 20,2023-07-12
P1909,Joseph,Cook,Doctor 19,2023-07-12
P1998,Karen,Gonzalez,Doctor 12,2023-07-12
P2021,Brian,Gomez,Doctor 1,2023-07-12
P2273,Sandra,Walker,Doctor 11,2023-07-12
P2292,Nancy,Nelson,Doctor 11,2023-07-12
P0089,Joseph,Nguyen,Doctor 12,2023-07-13
P0195,Kimberly,Cooper,Doctor 9,2023-07-13
P0437,Michelle,Parker,Doctor 19,2023-07-13
P0782,Gary,Smith,Doctor 20,2023-07-13
P0832,Tyler,Gutierrez,Doctor 10,2023-07-13
P0896,Jose,Martinez,Doctor 7,2023-07-13
P0907,Edward,Gomez,Doctor 11,2023-07-13
P1003,Sarah,Jackson,Doctor 18,2023-07-13
P1022,Donna,Hall,Doctor 3,2023-07-13
P1032,Kimberly,Reyes,Doctor 9,2023-07-13
P1056,William,Walker,Doctor 16,2023-07-13
P1081,Kevin,Green,Doctor 2,2023-07-13
P1148,Sarah,Collins,Doctor 7,2023-07-13
P1149,Joshua,Roberts,Doctor 14,2023-07-13
P1238,George,Morales,Doctor 16,2023-07-13
P1248,Edward,Mendoza,Doctor 6,2023-07-13
P1529,Brenda,Scott,Doctor 6,2023-07-13
P1571,Barbara,Reed,Doctor 5,2023-07-13
P1737,Jonathan,White,Doctor 2,2023-07-13
P1811,Patrick,Carter,Doctor 10,2023-07-13
P1842,Matthew,Martin,Doctor 9,2023-07-13
P1898,Joseph,Watson,Doctor 20,2023-07-13
P1904,Jennifer,Young,Doctor 3,2023-07-13
P2031,Larry,Thomas,Doctor 2,2023-07-13
P2076,Frank,Reyes,Doctor 2,2023-07-13
P2248,Matthew,Ortiz,Doctor 15,2023-07-13
P0084,Sandra,Kelly,Doctor 4,2023-07-14
P0123,Cynthia,Moore,Doctor 11,2023-07-14
P0189,Christopher,James,Doctor 12,2023-07-14
P0207,Sandra,Wilson,Doctor 17,2023-07-14
P0276,John,Campbell,Doctor 14,2023-07-14
P0352,Dorothy,Morgan,Doctor 6,2023-07-14
P0356,Melissa,Wood,Doctor 15,2023-07-14
P0432,Sandra,Turner,Doctor 15,2023-07-14
P0501,Joshua,Brown,Doctor 20,2023-07-14
P0541,John,Harris,Doctor 11,2023-07-14
P0562,Charles,Baker,Doctor 5,2023-07-14
P0608,Jacob,Moore,Doctor 1,2023-07-14
P0617,Donna,Jones,Doctor 17,2023-07-14
P0686,Sandra,Reyes,Doctor 17,2023-07-14
P0769,Nancy,Collins,Doctor 5,2023-07-14
P0830,Barbara,Chavez,Doctor 8,2023-07-14
P0839,Nancy,Cook,Doctor 8,2023-07-14
P0874,Karen,Ramirez,Doctor 18,2023-07-14
P0935,Dennis,Ortiz,Doctor 18,2023-07-14
P1071,Charles,Lewis,Doctor 1,2023-07-14
P1208,Cynthia,Kelly,Doctor 6,2023-07-14
P1246,Jason,Bailey,Doctor 12,2023-07-14
P1331,Cynthia,Reyes,Doctor 20,2023-07-14
P1345,Jonathan,Morales,Doctor 12,2023-07-14
P1369,Ruth,Ramos,Doctor 11,2023-07-14
P1438,Amy,Baker,Doctor 2,2023-07-14
P1534,Emma,Martinez,Doctor 19,2023-07-14
P1563,Sandra,Clark,Doctor 17,2023-07-14
P1605,James,Clark,Doctor 2,2023-07-14
P1870,George,Stewart,Doctor 10,2023-07-14
P1965,Dorothy,Clark,Doctor 2,2023-07-14
P2048,Jose,Miller,Doctor 16,2023-07-14
P2200,Andrew,Torres,Doctor 20,2023-07-14
P2277,Anna,Torres,Doctor 18,2023-07-14
P2283,Nancy,Wilson,Doctor 7,2023-07-14
P2290,Helen,Howard,Doctor 12,2023-07-14
P2301,Dorothy,Martin,Doctor 9,2023-07-14
P2302,Kevin,Thompson,Doctor 15,2023-07-14
P0075,Gregory,Jones,Doctor 4,2023-07-15
P0251,Mary,Harris,Doctor 9,2023-07-15
P0264,Frank,Harris,Doctor 18,2023-07-15
P0272,Scott,Ward,Doctor 7,2023-07-15
P0351,Thomas,Watson,Doctor 3,2023-07-15
P0401,Eric,Martin,Doctor 14,2023-07-15
P0525,Jennifer,James,Doctor 2,2023-07-15
P0627,Edward,Mitchell,Doctor 16,2023-07-15
P0676,Dennis,Castillo,Doctor 18,2023-07-15
P0678,Susan,Castillo,Doctor 19,2023-07-15
P0718,Kevin,Jones,Doctor 1,2023-07-15
P0760,Donna,Morris,Doctor 6,2023-07-15
P0833,Betty,Ramos,Doctor 7,2023-07-15
P0866,Sandra,Young,Doctor 10,2023-07-15
P0877,William,Bailey,Doctor 17,2023-07-15
P0880,Dorothy,Chavez,Doctor 10,2023-07-15
P0888,Nancy,Carter,Doctor 16,2023-07-15
P0889,Kimberly,Nelson,Doctor 4,2023-07-15
P0999,Michelle,Anderson,Doctor 11,2023-07-15
P1001,Kevin,Ramirez,Doctor 5,2023-07-15
P1112,Brandon,Gomez,Doctor 3,2023-07-15
P1168,James,Garcia,Doctor 14,2023-07-15
P1278,Robert,Mendoza,Doctor 6,2023-07-15
P1328,Edward,Scott,Doctor 2,2023-07-15
P1399,Michael,Torres,Doctor 4,2023-07-15
P1535,Thomas,Gutierrez,Doctor 17,2023-07-15
P1560,Michael,Richardson,Doctor 14,2023-07-15
P1659,Angela,Wilson,Doctor 14,2023-07-15
P1733,Brandon,Green,Doctor 4,2023-07-15
P1812,Christopher,Reed,Doctor 2,2023-07-15
P1859,Dorothy,Alvarez,Doctor 18,2023-07-15
P2096,Samuel,Bailey,Doctor 6,2023-07-15
P2271,Betty,Johnson,Doctor 19,2023-07-15
P0040,Larry,Martinez,Doctor 2,2023-07-16
P0053,Laura,Turner,Doctor 15,2023-07-16
P0172,George,Scott,Doctor 10,2023-07-16
P0270,Mary,Scott,Doctor 20,2023-07-16
P0296,Deborah,Baker,Doctor 10,2023-07-16
P0296,Deborah,Baker,Doctor 6,2023-07-16
P0367,Jacob,Allen,Doctor 18,2023-07-16
P0405,Brandon,Martinez,Doctor 2,2023-07-16
P0640,Edward,Martinez,Doctor 14,2023-07-16
P0760,Donna,Morris,Doctor 6,2023-07-16
P0768,Kenneth,Price,Doctor 11,2023-07-16
P0800,Richard,Hernandez,Doctor 2,2023-07-16
P0851,Sarah,Reyes,Doctor 6,2023-07-16
P0853,Angela,Mitchell,Doctor 20,2023-07-16
P0897,Jeffrey,Murphy,Doctor 12,2023-07-16
P1088,Donald,Wright,Doctor 9,2023-07-16
P1224,Carol,Campbell,Doctor 14,2023-07-16
P1228,Nicholas,Young,Doctor 15,2023-07-16
P1316,David,Hughes,Doctor 13,2023-07-16
P1406,Nicholas,Myers,Doctor 8,2023-07-16
P1444,Linda,Green,Doctor 11,2023-07-16
P1481,Gregory,Howard,Doctor 14,2023-07-16
P1651,Emma,Williams,Doctor 18,2023-07-16
P1746,Samuel,Thompson,Doctor 8,2023-07-16
P1752,George,Clark,Doctor 7,2023-07-16
P1870,George,Stewart,Doctor 16,2023-07-16
P1890,Patricia,Cruz,Doctor 11,2023-07-16
P1961,Tyler,Flores,Doctor 19,2023-07-16
P2217,Sarah,Mitchell,Doctor 9,2023-07-16
P2231,Jerry,White,Doctor 7,2023-07-16
P2299,Frank,Edwards,Doctor 1,2023-07-16
P0049,Donna,Murphy,Doctor 13,2023-07-17
P0119,Laura,Sanchez,Doctor 1,2023-07-17
P0137,Barbara,Ortiz,Doctor 20,2023-07-17
P0147,Carol,Morales,Doctor 20,2023-07-17
P0175,Patricia,Hernandez,Doctor 15,2023-07-17
P0212,Helen,Collins,Doctor 11,2023-07-17
P0305,Laura,Hill,Doctor 17,2023-07-17
P0338,Sarah,Green,Doctor 14,2023-07-17
P0465,Benjamin,Morris,Doctor 11,2023-07-17
P0499,Amy,Adams,Doctor 10,2023-07-17
P0558,Charles,Hall,Doctor 12,2023-07-17
P0632,Frank,Hernandez,Doctor 11,2023-07-17
P0671,Jason,Diaz,Doctor 12,2023-07-17
P0682,Ruth,Torres,Doctor 2,2023-07-17
P0688,Joseph,Ramos,Doctor 6,2023-07-17
P0798,Alexander,Miller,Doctor 4,2023-07-17
P0897,Jeffrey,Murphy,Doctor 12,2023-07-17
P0929,Dorothy,Rogers,Doctor 10,2023-07-17
P1017,Frank,Ramos,Doctor 10,2023-07-17
P1131,Christopher,Sanchez,Doctor 15,2023-07-17
P1135,Kathleen,Perez,Doctor 12,2023-07-17
P1208,Cynthia,Kelly,Doctor 6,2023-07-17
P1244,Donna,Thompson,Doctor 2,2023-07-17
P1293,Laura,Campbell,Doctor 6,2023-07-17
P1383,Mary,Wright,Doctor 13,2023-07-17
P1400,Donna,Patel,Doctor 4,2023-07-17
P1418,James,Smith,Doctor 6,2023-07-17
P1519,Carol,Howard,Doctor 20,2023-07-17
P1556,Aaron,Wright,Doctor 17,2023-07-17
P1595,John,Mitchell,Doctor 16,2023-07-17
P1689,Gregory,James,Doctor 4,2023-07-17
P1692,James,Myers,Doctor 7,2023-07-17
P1716,Robert,Taylor,Doctor 5,2023-07-17
P1796,Angela,Peterson,Doctor 5,2023-07-17
P1849,Mark,Ortiz,Doctor 20,2023-07-17
P1946,David,Young,Doctor 17,2023-07-17
P1964,Edward,Watson,Doctor 15,2023-07-17
P2044,Aaron,Price,Doctor 4,2023-07-17
P2105,John,Ortiz,Doctor 6,2023-07-17
P2121,Elizabeth,Harris,Doctor 8,2023-07-17
P2235,Jose,Morales,Doctor 18,2023-07-17
P0001,Kevin,Watson,Doctor 15,2023-07-18
P0007,Cynthia,Hall,Doctor 14,2023-07-18
P0023,William,Rivera,Doctor 19,2023-07-18
P0172,George,Scott,Doctor 10,2023-07-18
P0190,Sharon,Parker,Doctor 14,2023-07-18
P0193,Karen,Lopez,Doctor 12,2023-07-18
P0200,Eric,Patel,Doctor 8,2023-07-18
P0217,Laura,Brown,Doctor 3,2023-07-18
P0232,Helen,Murphy,Doctor 7,2023-07-18
P0383,Andrew,Watson,Doctor 3,2023-07-18
P0427,Richard,Turner,Doctor 16,2023-07-18
P0503,Karen,Brooks,Doctor 18,2023-07-18
P0513,Patrick,Scott,Doctor 16,2023-07-18
P0573,Lisa,Rivera,Doctor 13,2023-07-18
P0660,Carol,Martin,Doctor 20,2023-07-18
P0677,Eric,Moore,Doctor 12,2023-07-18
P0689,Ruth,Edwards,Doctor 7,2023-07-18
P0719,Deborah,Williams,Doctor 3,2023-07-18
P0785,Donna,Edwards,Doctor 12,2023-07-18
P0937,Thomas,Gray,Doctor 6,2023-07-18
P0943,Jason,Jackson,Doctor 12,2023-07-18
P0978,Ronald,Miller,Doctor 8,2023-07-18
P1136,Shirley,Walker,Doctor 3,2023-07-18
P1217,Dorothy,Wood,Doctor 10,2023-07-18
P1251,Carol,Hall,Doctor 9,2023-07-18
P1395,Jerry,Howard,Doctor 14,2023-07-18
P1521,George,Robinson,Doctor 18,2023-07-18
P1537,Carol,White,Doctor 1,2023-07-18
P1556,Aaron,Wright,Doctor 17,2023-07-18
P1578,Shirley,Robinson,Doctor 2,2023-07-18
P1632,Sarah,Taylor,Doctor 4,2023-07-18
P1818,Tyler,Young,Doctor 16,2023-07-18
P1885,Gregory,Campbell,Doctor 16,2023-07-18
P2107,Laura,Ramirez,Doctor 13,2023-07-18
P2143,Betty,Lee,Doctor 9,2023-07-18
P2166,Christopher,Wright,Doctor 18,2023-07-18
P2214,Deborah,Mitchell,Doctor 2,2023-07-18
P2265,Patrick,Watson,Doctor 15,2023-07-18
P0059,Aaron,Garcia,Doctor 6,2023-07-19
P0102,Brian,Cook,Doctor 5,2023-07-19
P0137,Barbara,Ortiz,Doctor 4,2023-07-19
P0235,David,King,Doctor 1,2023-07-19
P0235,David,King,Doctor 10,2023-07-19
P0277,Steven,Adams,Doctor 9,2023-07-19
P0330,Carol,Miller,Doctor 2,2023-07-19
P0369,William,Nelson,Doctor 9,2023-07-19
P0404,Jonathan,Castillo,Doctor 18,2023-07-19
P0522,Jeffrey,Jones,Doctor 16,2023-07-19
P0661,Jose,Roberts,Doctor 4,2023-07-19
P0705,Andrew,Ramos,Doctor 8,2023-07-19
P0866,Sandra,Young,Doctor 14,2023-07-19
P1093,George,Miller,Doctor 8,2023-07-19
P1109,Jason,James,Doctor 1,2023-07-19
P1150,Frank,Morris,Doctor 18,2023-07-19
P1170,Daniel,Wright,Doctor 13,2023-07-19
P1209,Helen,Ruiz,Doctor 5,2023-07-19
P1394,Mary,Martin,Doctor 4,2023-07-19
P1448,Timothy,Martinez,Doctor 6,2023-07-19
P1478,Matthew,Allen,Doctor 12,2023-07-19
P1515,Dennis,Ruiz,Doctor 20,2023-07-19
P1574,Michelle,Collins,Doctor 4,2023-07-19
P1658,Ronald,Myers,Doctor 16,2023-07-19
P1659,Angela,Wilson,Doctor 9,2023-07-19
P1689,Gregory,James,Doctor 3,2023-07-19
P1714,Nancy,Parker,Doctor 1,2023-07-19
P1827,Aaron,Morris,Doctor 20,2023-07-19
P1897,Samuel,Williams,Doctor 12,2023-07-19
P1998,Karen,Gonzalez,Doctor 17,2023-07-19
P2025,Jeffrey,Flores,Doctor 16,2023-07-19
P2042,Richard,Lewis,Doctor 9,2023-07-19
P2057,Kenneth,Adams,Doctor 1,2023-07-19
P2176,Kenneth,Campbell,Doctor 16,2023-07-19
P2285,Jack,Patel,Doctor 16,2023-07-19
P0047,Sharon,Johnson,Doctor 4,2023-07-20
P0071,Lisa,Cruz,Doctor 2,2023-07-20
P0113,Ruth,Wright,Doctor 20,2023-07-20
P0224,Christopher,Martinez,Doctor 12,2023-07-20
P0317,Jennifer,Jones,Doctor 18,2023-07-20
P0334,Steven,James,Doctor 8,2023-07-20
P0387,Gary,Thomas,Doctor 16,2023-07-20
P0573,Lisa,Rivera,Doctor 19,2023-07-20
P0611,Dennis,Lopez,Doctor 20,2023-07-20
P0674,Anthony,Richardson,Doctor 6,2023-07-20
P0722,Virginia,Martin,Doctor 20,2023-07-20
P0723,Jason,Patel,Doctor 17,2023-07-20
P0726,Shirley,Mendoza,Doctor 14,2023-07-20
P1182,Deborah,Young,Doctor 9,2023-07-20
P1198,Richard,Allen,Doctor 19,2023-07-20
P1501,Raymond,Watson,Doctor 13,2023-07-20
P1514,Sandra,Lewis,Doctor 1,2023-07-20
P1522,Scott,Lewis,Doctor 19,2023-07-20
P1702,Daniel,Stewart,Doctor 19,2023-07-20
P1746,Samuel,Thompson,Doctor 7,2023-07-20
P1781,Gregory,Scott,Doctor 10,2023-07-20
P1818,Tyler,Young,Doctor 16,2023-07-20
P1926,Nancy,Reyes,Doctor 20,2023-07-20
P1930,Dennis,Moore,Doctor 12,2023-07-20
P1969,Brian,Ramos,Doctor 19,2023-07-20
P1972,Michelle,Johnson,Doctor 10,2023-07-20
P1972,Michelle,Johnson,Doctor 10,2023-07-20
P1978,Sharon,Alvarez,Doctor 12,2023-07-20
P2015,Brian,Jones,Doctor 11,2023-07-20
P2051,Matthew,Clark,Doctor 13,2023-07-20
P2089,Jose,Chavez,Doctor 18,2023-07-20
P2100,Sandra,Morgan,Doctor 19,2023-07-20
P2121,Elizabeth,Harris,Doctor 5,2023-07-20
P2246,Betty,Gutierrez,Doctor 18,2023-07-20
P0176,Alexander,Cook,Doctor 11,2023-07-21
P0191,Eric,Ruiz,Doctor 18,2023-07-21
P0261,Anthony,Adams,Doctor 16,2023-07-21
P0298,Helen,Bailey,Doctor 1,2023-07-21
P0318,Rebecca,Baker,Doctor 18,2023-07-21
P0416,Eric,Brooks,Doctor 4,2023-07-21
P0480,Laura,Walker,Doctor 17,2023-07-21
P0492,Lisa,Lewis,Doctor 7,2023-07-21
P0564,Thomas,Scott,Doctor 19,2023-07-21
P0571,Christopher,Murphy,Doctor 18,2023-07-21
P0587,Gary,Martin,Doctor 5,2023-07-21
P0616,Nicholas,Gutierrez,Doctor 17,2023-07-21
P0669,Gregory,King,Doctor 5,2023-07-21
P0704,Virginia,Robinson,Doctor 5,2023-07-21
P0783,Anna,Kelly,Doctor 15,2023-07-21
P0793,Kathleen,Jackson,Doctor 15,2023-07-21
P0908,Steven,Peterson,Doctor 2,2023-07-21
P0966,Jessica,Harris,Doctor 13,2023-07-21
P1071,Charles,Lewis,Doctor 1,2023-07-21
P1111,James,Chavez,Doctor 13,2023-07-21
P1231,Thomas,Kim,Doctor 6,2023-07-21
P1266,Cynthia,Martinez,Doctor 11,2023-07-21
P1368,Brian,Price,Doctor 8,2023-07-21
P1407,Sandra,Ruiz,Doctor 7,2023-07-21
P1462,Anna,Alvarez,Doctor 20,2023-07-21
P1526,Barbara,White,Doctor 4,2023-07-21
P1652,Shirley,Flores,Doctor 19,2023-07-21
P1913,Kenneth,Martin,Doctor 5,2023-07-21
P1982,Mary,Carter,Doctor 2,2023-07-21
P2004,Mary,Martinez,Doctor 18,2023-07-21
P2171,Jonathan,Flores,Doctor 18,2023-07-21
P2216,Patricia,Campbell,Doctor 14,2023-07-21
P2256,Angela,Miller,Doctor 2,2023-07-21
P0121,Scott,White,Doctor 7,2023-07-22
P0370,Joshua,Allen,Doctor 3,2023-07-22
P0456,Jonathan,Jackson,Doctor 13,2023-07-22
P0483,George,Ortiz,Doctor 12,2023-07-22
P0527,Sarah,Nelson,Doctor 3,2023-07-22
P0559,Jose,Castillo,Doctor 20,2023-07-22
P0564,Thomas,Scott,Doctor 19,2023-07-22
P0567,Melissa,Miller,Doctor 5,2023-07-22
P0655,Angela,Harris,Doctor 8,2023-07-22
P0710,Larry,Hughes,Doctor 18,2023-07-22
P0763,Ruth,Stewart,Doctor 6,2023-07-22
P0813,Sandra,Jones,Doctor 4,2023-07-22
P0950,Ryan,Cook,Doctor 3,2023-07-22
P1077,Susan,Mitchell,Doctor 12,2023-07-22
P1128,Donald,Torres,Doctor 18,2023-07-22
P1172,Anna,Lewis,Doctor 11,2023-07-22
P1252,Brian,Young,Doctor 6,2023-07-22
P1284,Alexander,Castillo,Doctor 20,2023-07-22
P1418,James,Smith,Doctor 6,2023-07-22
P1453,Gary,Watson,Doctor 7,2023-07-22
P1467,Michelle,Morgan,Doctor 8,2023-07-22
P1475,Jerry,Peterson,Doctor 2,2023-07-22
P1488,Emma,Ward,Doctor 8,2023-07-22
P1606,George,Peterson,Doctor 20,2023-07-22
P1688,Thomas,Murphy,Doctor 17,2023-07-22
P1810,Susan,Green,Doctor 6,2023-07-22
P1935,Alexander,White,Doctor 3,2023-07-22
P2064,Kenneth,Lopez,Doctor 17,2023-07-22
P2085,Thomas,White,Doctor 2,2023-07-22
P2219,Dennis,Alvarez,Doctor 14,2023-07-22
P0019,Laura,Martin,Doctor 10,2023-07-23
P0132,Carol,Jones,Doctor 7,2023-07-23
P0160,Larry,Peterson,Doctor 9,2023-07-23
P0217,Laura,Brown,Doctor 4,2023-07-23
P0274,Scott,Martin,Doctor 15,2023-07-23
P0336,Kathleen,Stewart,Doctor 2,2023-07-23
P0397,Joseph,Young,Doctor 13,2023-07-23
P0414,Thomas,Davis,Doctor 2,2023-07-23
P0440,David,Watson,Doctor 12,2023-07-23
P0495,Kenneth,Wright,Doctor 1,2023-07-23
P0656,Jessica,Davis,Doctor 17,2023-07-23
P0685,Christopher,Allen,Doctor 5,2023-07-23
P0743,Betty,Sanders,Doctor 12,2023-07-23
P0798,Alexander,Miller,Doctor 4,2023-07-23
P0894,Stephen,Taylor,Doctor 11,2023-07-23
P1041,Emma,Hernandez,Doctor 16,2023-07-23
P1057,Anna,Sanchez,Doctor 5,2023-07-23
P1149,Joshua,Roberts,Doctor 17,2023-07-23
P1205,Jennifer,Allen,Doctor 6,2023-07-23
P1248,Edward,Mendoza,Doctor 6,2023-07-23
P1286,James,James,Doctor 9,2023-07-23
P1334,Sarah,Bennett,Doctor 9,2023-07-23
P1339,Rebecca,Johnson,Doctor 12,2023-07-23
P1403,Benjamin,Walker,Doctor 13,2023-07-23
P1436,George,White,Doctor 7,2023-07-23
P1459,Eric,Thompson,Doctor 11,2023-07-23
P1585,Lisa,Phillips,Doctor 20,2023-07-23
P1593,Gregory,Green,Doctor 18,2023-07-23
P1709,Elizabeth,Thompson,Doctor 16,2023-07-23
P1717,Charles,Brooks,Doctor 15,2023-07-23
P1738,Sharon,Brooks,Doctor 12,2023-07-23
P1828,Aaron,Smith,Doctor 12,2023-07-23
P1876,Christopher,Perez,Doctor 15,2023-07-23
P1972,Michelle,Johnson,Doctor 6,2023-07-23
P2120,Ruth,Gutierrez,Doctor 16,2023-07-23
P2124,Edward,Sanders,Doctor 5,2023-07-23
P2145,Anna,Morales,Doctor 1,2023-07-23
P2213,Linda,Sanders,Doctor 7,2023-07-23
P0006,Benjamin,James,Doctor 10,2023-07-24
P0014,Michelle,Mendoza,Doctor 4,2023-07-24
P0070,Mary,Thomas,Doctor 15,2023-07-24
P0071,Lisa,Cruz,Doctor 4,2023-07-24
P0122,Robert,Collins,Doctor 10,2023-07-24
P0131,Karen,Young,Doctor 9,2023-07-24
P0153,Edward,Clark,Doctor 12,2023-07-24
P0248,Sandra,Lopez,Doctor 1,2023-07-24
P0281,Emma,Adams,Doctor 9,2023-07-24
P0381,Thomas,Morales,Doctor 10,2023-07-24
P0411,Brian,Walker,Doctor 13,2023-07-24
P0446,Gregory,Hughes,Doctor 13,2023-07-24
P0487,Mary,Morales,Doctor 13,2023-07-24
P0538,Helen,Jones,Doctor 12,2023-07-24
P0553,Kenneth,Lewis,Doctor 16,2023-07-24
P0564,Thomas,Scott,Doctor 19,2023-07-24
P0619,Aaron,Brooks,Doctor 12,2023-07-24
P0621,Donald,Rogers,Doctor 11,2023-07-24
P0728,Michael,Cruz,Doctor 9,2023-07-24
P0751,Ronald,Mitchell,Doctor 1,2023-07-24
P0776,Ruth,Morales,Doctor 16,2023-07-24
P0818,Ruth,Harris,Doctor 16,2023-07-24
P0871,Donald,Ramirez,Doctor 18,2023-07-24
P0874,Karen,Ramirez,Doctor 12,2023-07-24
P0982,Edward,Campbell,Doctor 9,2023-07-24
P0992,Karen,Davis,Doctor 3,2023-07-24
P1021,Jack,Bailey,Doctor 10,2023-07-24
P1048,Nancy,Baker,Doctor 6,2023-07-24
P1151,Gary,Walker,Doctor 8,2023-07-24
P1429,Richard,Patel,Doctor 14,2023-07-24
P1610,Robert,Lewis,Doctor 1,2023-07-24
P1617,Carol,Lee,Doctor 7,2023-07-24
P1628,Kenneth,Morales,Doctor 1,2023-07-24
P1692,James,Myers,Doctor 19,2023-07-24
P1705,Tyler,Hughes,Doctor 11,2023-07-24
P1850,Dennis,White,Doctor 4,2023-07-24
P2081,Nancy,Cooper,Doctor 8,2023-07-24
P2158,Brian,Ortiz,Doctor 1,2023-07-24
P2170,Jonathan,Morris,Doctor 2,2023-07-24
P2295,Donald,Hernandez,Doctor 7,2023-07-24
P2296,Kenneth,Peterson,Doctor 12,2023-07-24
P0201,Kevin,Roberts,Doctor 18,2023-07-25
P0201,Kevin,Roberts,Doctor 18,2023-07-25
P0300,Laura,Martinez,Doctor 16,2023-07-25
P0340,Shirley,Turner,Doctor 5,2023-07-25
P0383,Andrew,Watson,Doctor 3,2023-07-25
P0387,Gary,Thomas,Doctor 17,2023-07-25
P0463,Helen,Peterson,Doctor 3,2023-07-25
P0514,Samuel,Ward,Doctor 2,2023-07-25
P0583,Kimberly,Hernandez,Doctor 1,2023-07-25
P0769,Nancy,Collins,Doctor 12,2023-07-25
P0858,Anthony,Ward,Doctor 6,2023-07-25
P1116,Steven,Wilson,Doctor 9,2023-07-25
P1136,Shirley,Walker,Doctor 3,2023-07-25
P1204,Melissa,Sanders,Doctor 18,2023-07-25
P1220,Justin,Torres,Doctor 17,2023-07-25
P1561,Richard,Reyes,Doctor 14,2023-07-25
P1587,Shirley,Brooks,Doctor 20,2023-07-25
P1676,Daniel,Sanchez,Doctor 20,2023-07-25
P1706,Larry,White,Doctor 12,2023-07-25
P1716,Robert,Taylor,Doctor 5,2023-07-25
P1943,Jennifer,Ramirez,Doctor 1,2023-07-25
P2062,Jason,Morales,Doctor 2,2023-07-25
P2121,Elizabeth,Harris,Doctor 5,2023-07-25
P2147,Donald,Phillips,Doctor 18,2023-07-25
P2161,Andrew,Wood,Doctor 5,2023-07-25
P2268,Steven,Evans,Doctor 4,2023-07-25
P0012,Steven,Scott,Doctor 20,2023-07-26
P0035,Dennis,Williams,Doctor 5,2023-07-26
P0190,Sharon,Parker,Doctor 2,2023-07-26
P0307,Andrew,Cook,Doctor 19,2023-07-26
P0398,Betty,Bailey,Doctor 15,2023-07-26
P0412,Patrick,Green,Doctor 20,2023-07-26
P0511,Rebecca,Thomas,Doctor 2,2023-07-26
P0560,Laura,Thomas,Doctor 20,2023-07-26
P0595,Kevin,Jackson,Doctor 19,2023-07-26
P0707,Gary,Campbell,Doctor 17,2023-07-26
P0815,Sarah,Wilson,Doctor 19,2023-07-26
P0854,Deborah,Reyes,Doctor 1,2023-07-26
P1095,Ryan,Carter,Doctor 7,2023-07-26
P1211,Jennifer,Morris,Doctor 18,2023-07-26
P1426,Ronald,Ward,Doctor 14,2023-07-26
P1443,Donna,Chavez,Doctor 10,2023-07-26
P1483,Raymond,Turner,Doctor 5,2023-07-26
P1523,Sarah,Ramos,Doctor 8,2023-07-26
P1609,Virginia,Cox,Doctor 18,2023-07-26
P1731,Melissa,Murphy,Doctor 9,2023-07-26
P1738,Sharon,Brooks,Doctor 10,2023-07-26
P1769,Laura,Jackson,Doctor 18,2023-07-26
P1814,Michelle,Hill,Doctor 19,2023-07-26
P1828,Aaron,Smith,Doctor 18,2023-07-26
P1829,William,Patel,Doctor 14,2023-07-26
P1885,Gregory,Campbell,Doctor 17,2023-07-26
P1899,Steven,Clark,Doctor 6,2023-07-26
P1929,Timothy,Mendoza,Doctor 19,2023-07-26
P1946,David,Young,Doctor 17,2023-07-26
P1972,Michelle,Johnson,Doctor 6,2023-07-26
P1977,Karen,Gray,Doctor 20,2023-07-26
P2004,Mary,Martinez,Doctor 1,2023-07-26
P2116,Anthony,Gomez,Doctor 15,2023-07-26
P2146,Jerry,Campbell,Doctor 14,2023-07-26
P2149,Laura,Ruiz,Doctor 8,2023-07-26
P2223,Jack,Bennett,Doctor 2,2023-07-26
P2260,Charles,Perez,Doctor 3,2023-07-26
P0122,Robert,Collins,Doctor 3,2023-07-27
P0215,Jessica,Castillo,Doctor 5,2023-07-27
P0333,Sarah,Parker,Doctor 8,2023-07-27
P0360,Donna,Adams,Doctor 2,2023-07-27
P0474,Sarah,Morgan,Doctor 13,2023-07-27
P0505,Shirley,Anderson,Doctor 4,2023-07-27
P0695,Christopher,Baker,Doctor 7,2023-07-27
P0810,Jason,Bennett,Doctor 18,2023-07-27
P0827,Scott,Ramos,Doctor 9,2023-07-27
P0829,Dennis,Rivera,Doctor 20,2023-07-27
P0877,William,Bailey,Doctor 17,2023-07-27
P0937,Thomas,Gray,Doctor 20,2023-07-27
P0974,Timothy,Morris,Doctor 17,2023-07-27
P1044,George,Flores,Doctor 13,2023-07-27
P1065,Sharon,Moore,Doctor 20,2023-07-27
P1163,Jonathan,Gutierrez,Doctor 17,2023-07-27
P1318,Dorothy,Evans,Doctor 1,2023-07-27
P1319,Laura,Lee,Doctor 4,2023-07-27
P1442,Kimberly,Garcia,Doctor 7,2023-07-27
P1516,Laura,Taylor,Doctor 13,2023-07-27
P1566,Donald,Stewart,Doctor 17,2023-07-27
P1592,Michelle,Clark,Doctor 10,2023-07-27
P1636,Sandra,Collins,Doctor 15,2023-07-27
P1999,Angela,Chavez,Doctor 2,2023-07-27
P2012,Virginia,Campbell,Doctor 8,2023-07-27
P2083,Brandon,Diaz,Doctor 6,2023-07-27
P2099,Edward,Bennett,Doctor 20,2023-07-27
P2127,Donna,Ward,Doctor 1,2023-07-27
P2189,Charles,Patel,Doctor 5,2023-07-27
P0046,Sandra,Wright,Doctor 1,2023-07-28
P0074,Betty,Ramirez,Doctor 20,2023-07-28
P0278,Melissa,Wilson,Doctor 9,2023-07-28
P0283,Jerry,Ruiz,Doctor 11,2023-07-28
P0298,Helen,Bailey,Doctor 11,2023-07-28
P0303,Joshua,Hill,Doctor 14,2023-07-28
P0447,Donna,Brooks,Doctor 2,2023-07-28
P0513,Patrick,Scott,Doctor 1,2023-07-28
P0675,Gregory,Murphy,Doctor 5,2023-07-28
P0691,Laura,Bailey,Doctor 4,2023-07-28
P0725,Anna,Roberts,Doctor 16,2023-07-28
P0791,Donald,Ward,Doctor 5,2023-07-28
P0846,Dorothy,Lewis,Doctor 5,2023-07-28
P0883,Jack,Castillo,Doctor 6,2023-07-28
P0995,Richard,Morgan,Doctor 19,2023-07-28
P1105,Steven,Flores,Doctor 19,2023-07-28
P1120,Emma,Morris,Doctor 17,2023-07-28
P1431,Jeffrey,Stewart,Doctor 20,2023-07-28
P1457,Emma,Allen,Doctor 11,2023-07-28
P1506,Joshua,Anderson,Doctor 7,2023-07-28
P1518,Steven,Young,Doctor 1,2023-07-28
P1527,Laura,Ortiz,Doctor 6,2023-07-28
P1527,Laura,Ortiz,Doctor 6,2023-07-28
P1596,Kevin,Parker,Doctor 3,2023-07-28
P1634,Benjamin,Kelly,Doctor 8,2023-07-28
P1743,Eric,Ward,Doctor 9,2023-07-28
P1804,Patricia,Perez,Doctor 12,2023-07-28
P1872,George,Campbell,Doctor 14,2023-07-28
P1965,Dorothy,Clark,Doctor 7,2023-07-28
P2072,Andrew,Alvarez,Doctor 20,2023-07-28
P2113,Christopher,Ortiz,Doctor 7,2023-07-28
P2241,Patricia,Ramos,Doctor 1,2023-07-28
P0006,Benjamin,James,Doctor 17,2023-07-29
P0042,Jason,Mitchell,Doctor 19,2023-07-29
P0057,Sandra,James,Doctor 19,2023-07-29
P0124,Brian,Cox,Doctor 14,2023-07-29
P0155,Helen,Hughes,Doctor 11,2023-07-29
P0173,Stephen,White,Doctor 19,2023-07-29
P0191,Eric,Ruiz,Doctor 18,2023-07-29
P0276,John,Campbell,Doctor 2,2023-07-29
P0303,Joshua,Hill,Doctor 14,2023-07-29
P0354,Lisa,Nelson,Doctor 15,2023-07-29
P0455,Nancy,Hughes,Doctor 6,2023-07-29
P0512,Jessica,Clark,Doctor 15,2023-07-29
P0642,Thomas,Anderson,Doctor 3,2023-07-29
P0686,Sandra,Reyes,Doctor 4,2023-07-29
P0749,Cynthia,Ramirez,Doctor 8,2023-07-29
P0830,Barbara,Chavez,Doctor 12,2023-07-29
P0841,Patricia,Hill,Doctor 15,2023-07-29
P0881,Kimberly,Ramirez,Doctor 11,2023-07-29
P0928,Kevin,Turner,Doctor 18,2023-07-29
P0934,Lisa,Roberts,Doctor 12,2023-07-29
P0961,Stephen,Torres,Doctor 9,2023-07-29
P0962,Laura,Murphy,Doctor 3,2023-07-29
P1191,Helen,James,Doctor 10,2023-07-29
P1207,Dennis,Green,Doctor 4,2023-07-29
P1361,Patrick,Gomez,Doctor 1,2023-07-29
P1624,Daniel,Wilson,Doctor 3,2023-07-29
P1635,Larry,Cox,Doctor 1,2023-07-29
P1666,Dennis,Wright,Doctor 16,2023-07-29
P1670,Brian,Hernandez,Doctor 15,2023-07-29
P1706,Larry,White,Doctor 19,2023-07-29
P1752,George,Clark,Doctor 2,2023-07-29
P1757,Sarah,Sanchez,Doctor 1,2023-07-29
P1963,Rebecca,Harris,Doctor 14,2023-07-29
P2047,Virginia,Moore,Doctor 8,2023-07-29
P2092,Matthew,Sanchez,Doctor 10,2023-07-29
P2147,Donald,Phillips,Doctor 18,2023-07-29
P2160,Betty,Allen,Doctor 5,2023-07-29
P2256,Angela,Miller,Doctor 2,2023-07-29
P2273,Sandra,Walker,Doctor 11,2023-07-29
P0014,Michelle,Mendoza,Doctor 4,2023-07-30
P0041,Kimberly,Sanchez,Doctor 4,2023-07-30
P0239,Kimberly,White,Doctor 4,2023-07-30
P0416,Eric,Brooks,Doctor 4,2023-07-30
P0438,Joshua,Torres,Doctor 12,2023-07-30
P0621,Donald,Rogers,Doctor 5,2023-07-30
P0727,Brandon,Gutierrez,Doctor 17,2023-07-30
P0809,Kimberly,Wood,Doctor 10,2023-07-30
P0827,Scott,Ramos,Doctor 9,2023-07-30
P0972,Joseph,Ward,Doctor 17,2023-07-30
P1039,Richard,Watson,Doctor 9,2023-07-30
P1378,Frank,Green,Doctor 17,2023-07-30
P1517,Sharon,Cooper,Doctor 13,2023-07-30
P1638,Joseph,Price,Doctor 8,2023-07-30
P1701,Christopher,Howard,Doctor 19,2023-07-30
P1791,Jose,Cooper,Doctor 18,2023-07-30
P1799,Ruth,Rodriguez,Doctor 6,2023-07-30
P1832,Dorothy,Peterson,Doctor 9,2023-07-30
P1896,Kathleen,Watson,Doctor 10,2023-07-30
P1910,Virginia,Roberts,Doctor 6,2023-07-30
P1916,Anna,Howard,Doctor 6,2023-07-30
P2131,Virginia,Stewart,Doctor 2,2023-07-30
P2157,Laura,Gomez,Doctor 19,2023-07-30
P2185,Elizabeth,Brooks,Doctor 12,2023-07-30
P2244,Michael,Bennett,Doctor 19,2023-07-30
P0112,George,Rivera,Doctor 10,2023-07-31
P0307,Andrew,Cook,Doctor 5,2023-07-31
P0378,Dorothy,Smith,Doctor 10,2023-07-31
P0486,Sandra,King,Doctor 4,2023-07-31
P0486,Sandra,King,Doctor 4,2023-07-31
P0510,Jeffrey,Allen,Doctor 15,2023-07-31
P0529,Anthony,Bennett,Doctor 4,2023-07-31
P0595,Kevin,Jackson,Doctor 19,2023-07-31
P0650,Frank,Allen,Doctor 9,2023-07-31
P0862,Jerry,Thomas,Doctor 2,2023-07-31
P0990,Barbara,Clark,Doctor 9,2023-07-31
P1040,Kimberly,Edwards,Doctor 10,2023-07-31
P1264,Anthony,Lee,Doctor 14,2023-07-31
P1304,Steven,Turner,Doctor 4,2023-07-31
P1761,Ruth,Ramirez,Doctor 15,2023-07-31
P1762,Virginia,Baker,Doctor 19,2023-07-31
P1902,Nancy,Alvarez,Doctor 18,2023-07-31
P1931,Jerry,Phillips,Doctor 9,2023-07-31
P1960,Lisa,Gutierrez,Doctor 15,2023-07-31
P0256,Daniel,Jackson,Doctor 16,2023-08-01
P0343,James,Ramos,Doctor 11,2023-08-01
P0375,Anna,Robinson,Doctor 10,2023-08-01
P0388,Karen,Roberts,Doctor 10,2023-08-01
P0642,Thomas,Anderson,Doctor 16,2023-08-01
P0707,Gary,Campbell,Doctor 17,2023-08-01
P0752,Eric,Hughes,Doctor 2,2023-08-01
P0887,Jack,Scott,Doctor 7,2023-08-01
P0971,Jessica,Lee,Doctor 4,2023-08-01
P1103,Emma,Ortiz,Doctor 2,2023-08-01
P1111,James,Chavez,Doctor 12,2023-08-01
P1129,Lisa,Torres,Doctor 13,2023-08-01
P1230,Eric,Sanders,Doctor 15,2023-08-01
P1325,Robert,Adams,Doctor 1,2023-08-01
P1432,Karen,Sanders,Doctor 11,2023-08-01
P1435,Scott,Walker,Doctor 13,2023-08-01
P1476,Linda,Richardson,Doctor 5,2023-08-01
P1526,Barbara,White,Doctor 4,2023-08-01
P1549,Timothy,Allen,Doctor 4,2023-08-01
P1565,Jeffrey,Moore,Doctor 1,2023-08-01
P1571,Barbara,Reed,Doctor 5,2023-08-01
P1675,Ruth,Diaz,Doctor 10,2023-08-01
P1686,Helen,Hernandez,Doctor 1,2023-08-01
P1809,Betty,Smith,Doctor 11,2023-08-01
P1845,Sarah,Harris,Doctor 11,2023-08-01
P1846,Jennifer,Thomas,Doctor 7,2023-08-01
P1862,Karen,Green,Doctor 6,2023-08-01
P1959,James,Lee,Doctor 16,2023-08-01
P2012,Virginia,Campbell,Doctor 8,2023-08-01
P2135,Frank,Sanchez,Doctor 10,2023-08-01
P2270,Betty,Hughes,Doctor 19,2023-08-01
P0035,Dennis,Williams,Doctor 5,2023-08-02
P0049,Donna,Murphy,Doctor 19,2023-08-02
P0057,Sandra,James,Doctor 17,2023-08-02
P0107,Robert,Wright,Doctor 11,2023-08-02
P0139,Virginia,Patel,Doctor 19,2023-08-02
P0179,Linda,Roberts,Doctor 20,2023-08-02
P0187,Timothy,Anderson,Doctor 5,2023-08-02
P0337,William,Wright,Doctor 18,2023-08-02
P0586,Michelle,Bennett,Doctor 7,2023-08-02
P0604,Sandra,Ward,Doctor 17,2023-08-02
P0641,Emma,Rogers,Doctor 19,2023-08-02
P0883,Jack,Castillo,Doctor 17,2023-08-02
P0915,Donna,Scott,Doctor 13,2023-08-02
P1016,Melissa,Garcia,Doctor 8,2023-08-02
P1159,Karen,Watson,Doctor 5,2023-08-02
P1250,Donna,Sanders,Doctor 12,2023-08-02
P1366,Carol,Scott,Doctor 8,2023-08-02
P1383,Mary,Wright,Doctor 13,2023-08-02
P1509,Laura,Cruz,Doctor 12,2023-08-02
P1515,Dennis,Ruiz,Doctor 4,2023-08-02
P1688,Thomas,Murphy,Doctor 17,2023-08-02
P1702,Daniel,Stewart,Doctor 19,2023-08-02
P1749,Timothy,Roberts,Doctor 11,2023-08-02
P1787,Jessica,Bennett,Doctor 6,2023-08-02
P1926,Nancy,Reyes,Doctor 20,2023-08-02
P2231,Jerry,White,Doctor 7,2023-08-02
P2292,Nancy,Nelson,Doctor 11,2023-08-02
P0001,Kevin,Watson,Doctor 15,2023-08-03
P0010,Kenneth,Bailey,Doctor 9,2023-08-03
P0039,Michelle,Sanchez,Doctor 16,2023-08-03
P0041,Kimberly,Sanchez,Doctor 4,2023-08-03
P0055,Sarah,Gonzalez,Doctor 7,2023-08-03
P0148,Gary,Ortiz,Doctor 10,2023-08-03
P0157,Lisa,Martin,Doctor 20,2023-08-03
P0310,Nicholas,Parker,Doctor 5,2023-08-03
P0320,James,Hill,Doctor 16,2023-08-03
P0528,Jacob,Bennett,Doctor 8,2023-08-03
P0783,Anna,Kelly,Doctor 8,2023-08-03
P0811,Jeffrey,Rodriguez,Doctor 3,2023-08-03
P0879,Kenneth,Lee,Doctor 6,2023-08-03
P0935,Dennis,Ortiz,Doctor 4,2023-08-03
P1098,Steven,Anderson,Doctor 2,2023-08-03
P1367,Virginia,Allen,Doctor 18,2023-08-03
P1565,Jeffrey,Moore,Doctor 17,2023-08-03
P1597,Kevin,Price,Doctor 3,2023-08-03
P1635,Larry,Cox,Doctor 15,2023-08-03
P1803,Ronald,Chavez,Doctor 15,2023-08-03
P1853,Anthony,Reed,Doctor 11,2023-08-03
P1905,Brian,Watson,Doctor 6,2023-08-03
P2028,William,Perez,Doctor 17,2023-08-03
P2055,Lisa,Thomas,Doctor 13,2023-08-03
P2076,Frank,Reyes,Doctor 3,2023-08-03
P2142,Larry,Lopez,Doctor 13,2023-08-03
P2178,Susan,Cooper,Doctor 2,2023-08-03
P2282,Mark,Rogers,Doctor 2,2023-08-03
P2305,Ruth,Perez,Doctor 2,2023-08-03
P0166,Brian,Ruiz,Doctor 10,2023-08-04
P0186,Jeffrey,Brown,Doctor 7,2023-08-04
P0222,Jessica,Walker,Doctor 15,2023-08-04
P0327,Samuel,Nguyen,Doctor 16,2023-08-04
P0370,Joshua,Allen,Doctor 3,2023-08-04
P0386,Larry,Kim,Doctor 5,2023-08-04
P0403,Benjamin,Kim,Doctor 3,2023-08-04
P0531,Donna,Carter,Doctor 4,2023-08-04
P0603,Raymond,Mitchell,Doctor 10,2023-08-04
P0651,Dorothy,Perez,Doctor 10,2023-08-04
P0703,Donna,Kelly,Doctor 7,2023-08-04
P0764,Jessica,Watson,Doctor 14,2023-08-04
P0778,Ruth,White,Doctor 14,2023-08-04
P0904,Kimberly,Murphy,Doctor 11,2023-08-04
P0927,Frank,Bailey,Doctor 5,2023-08-04
P0955,Jacob,Carter,Doctor 10,2023-08-04
P0986,Kenneth,Morris,Doctor 2,2023-08-04
P1006,William,Parker,Doctor 18,2023-08-04
P1011,George,Lee,Doctor 17,2023-08-04
P1024,Michelle,Lewis,Doctor 6,2023-08-04
P1126,Brandon,Myers,Doctor 5,2023-08-04
P1230,Eric,Sanders,Doctor 15,2023-08-04
P1251,Carol,Hall,Doctor 9,2023-08-04
P1416,Rebecca,Reyes,Doctor 9,2023-08-04
P1502,Helen,Ramos,Doctor 10,2023-08-04
P1541,Kathleen,Nelson,Doctor 14,2023-08-04
P1644,Jose,Diaz,Doctor 5,2023-08-04
P1740,Linda,Martinez,Doctor 10,2023-08-04
P1834,Sandra,Wood,Doctor 10,2023-08-04
P2026,Gary,Cooper,Doctor 7,2023-08-04
P2129,Sandra,Robinson,Doctor 10,2023-08-04
P2178,Susan,Cooper,Doctor 1,2023-08-04
P2221,Samuel,Watson,Doctor 8,2023-08-04
P0047,Sharon,Johnson,Doctor 18,2023-08-05
P0103,John,Miller,Doctor 20,2023-08-05
P0110,Jacob,Watson,Doctor 20,2023-08-05
P0140,Melissa,Adams,Doctor 11,2023-08-05
P0198,Laura,Reed,Doctor 14,2023-08-05
P0451,Jessica,Ortiz,Doctor 9,2023-08-05
P0478,Alexander,Edwards,Doctor 1,2023-08-05
P0485,Jacob,Diaz,Doctor 6,2023-08-05
P0520,Carol,Ramos,Doctor 6,2023-08-05
P0608,Jacob,Moore,Doctor 1,2023-08-05
P0777,Sarah,Garcia,Doctor 5,2023-08-05
P0788,Ruth,Lopez,Doctor 8,2023-08-05
P0815,Sarah,Wilson,Doctor 19,2023-08-05
P0885,Linda,Reed,Doctor 2,2023-08-05
P0981,Jonathan,Hall,Doctor 3,2023-08-05
P1018,Justin,Miller,Doctor 15,2023-08-05
P1038,Michelle,Adams,Doctor 13,2023-08-05
P1043,Michael,Cook,Doctor 10,2023-08-05
P1132,Laura,Jones,Doctor 20,2023-08-05
P1133,Ronald,Hughes,Doctor 1,2023-08-05
P1192,Deborah,Martinez,Doctor 14,2023-08-05
P1294,Larry,Turner,Doctor 13,2023-08-05
P1305,Patrick,Thomas,Doctor 11,2023-08-05
P1391,Deborah,Evans,Doctor 10,2023-08-05
P1789,Sarah,Walker,Doctor 14,2023-08-05
P1838,Matthew,Stewart,Doctor 5,2023-08-05
P1907,David,Kim,Doctor 10,2023-08-05
P1941,Scott,Wilson,Doctor 18,2023-08-05
P2036,Raymond,Campbell,Doctor 9,2023-08-05
P2068,Kathleen,Morris,Doctor 14,2023-08-05
P2084,Jason,Jones,Doctor 19,2023-08-05
P2137,Larry,Davis,Doctor 2,2023-08-05
P2185,Elizabeth,Brooks,Doctor 6,2023-08-05
P2236,Joseph,Wright,Doctor 9,2023-08-05
P2290,Helen,Howard,Doctor 11,2023-08-05
P0078,Sharon,Wilson,Doctor 12,2023-08-06
P0186,Jeffrey,Brown,Doctor 7,2023-08-06
P0241,Kenneth,Gray,Doctor 15,2023-08-06
P0267,Donna,Bennett,Doctor 20,2023-08-06
P0338,Sarah,Green,Doctor 14,2023-08-06
P0381,Thomas,Morales,Doctor 10,2023-08-06
P0404,Jonathan,Castillo,Doctor 3,2023-08-06
P0420,Kimberly,Thompson,Doctor 9,2023-08-06
P0639,Jennifer,Nelson,Doctor 13,2023-08-06
P0678,Susan,Castillo,Doctor 20,2023-08-06
P0777,Sarah,Garcia,Doctor 2,2023-08-06
P1005,Gregory,Alvarez,Doctor 11,2023-08-06
P1089,Deborah,Diaz,Doctor 18,2023-08-06
P1134,Ruth,Peterson,Doctor 19,2023-08-06
P1164,Kimberly,Adams,Doctor 14,2023-08-06
P1242,Sharon,Rogers,Doctor 10,2023-08-06
P1288,Lisa,Rodriguez,Doctor 19,2023-08-06
P1296,Michael,Gomez,Doctor 18,2023-08-06
P1309,Mary,Thompson,Doctor 20,2023-08-06
P1338,Mary,Clark,Doctor 7,2023-08-06
P1578,Shirley,Robinson,Doctor 9,2023-08-06
P1667,George,Cooper,Doctor 11,2023-08-06
P1869,Jonathan,Smith,Doctor 19,2023-08-06
P1905,Brian,Watson,Doctor 3,2023-08-06
P1941,Scott,Wilson,Doctor 7,2023-08-06
P2055,Lisa,Thomas,Doctor 3,2023-08-06
P2222,Eric,Roberts,Doctor 16,2023-08-06
P2245,Jerry,Alvarez,Doctor 8,2023-08-06
P2301,Dorothy,Martin,Doctor 9,2023-08-06
P0010,Kenneth,Bailey,Doctor 18,2023-08-07
P0056,Benjamin,Watson,Doctor 8,2023-08-07
P0111,John,Wright,Doctor 10,2023-08-07
P0114,Kevin,Martinez,Doctor 15,2023-08-07
P0206,Charles,Harris,Doctor 11,2023-08-07
P0224,Christopher,Martinez,Doctor 12,2023-08-07
P0290,Joseph,Smith,Doctor 19,2023-08-07
P0349,Barbara,Green,Doctor 9,2023-08-07
P0407,Scott,Brown,Doctor 4,2023-08-07
P0426,Timothy,Hughes,Doctor 13,2023-08-07
P0503,Karen,Brooks,Doctor 18,2023-08-07
P0513,Patrick,Scott,Doctor 1,2023-08-07
P0588,Michael,Davis,Doctor 18,2023-08-07
P0627,Edward,Mitchell,Doctor 3,2023-08-07
P0640,Edward,Martinez,Doctor 11,2023-08-07
P0734,Cynthia,Adams,Doctor 13,2023-08-07
P0767,Jessica,Nelson,Doctor 20,2023-08-07
P0785,Donna,Edwards,Doctor 2,2023-08-07
P0873,Andrew,Evans,Doctor 5,2023-08-07
P0873,Andrew,Evans,Doctor 5,2023-08-07
P0910,Kevin,Gutierrez,Doctor 20,2023-08-07
P1033,Donna,Taylor,Doctor 8,2023-08-07
P1217,Dorothy,Wood,Doctor 15,2023-08-07
P1277,Thomas,Hill,Doctor 6,2023-08-07
P1307,Donna,Rivera,Doctor 15,2023-08-07
P1530,Kevin,Gray,Doctor 19,2023-08-07
P1548,Jonathan,Torres,Doctor 12,2023-08-07
P1575,Melissa,Hill,Doctor 16,2023-08-07
P1643,Patricia,Green,Doctor 14,2023-08-07
P1647,Michael,Ramos,Doctor 13,2023-08-07
P1691,Linda,Brown,Doctor 11,2023-08-07
P1706,Larry,White,Doctor 19,2023-08-07
P1752,George,Clark,Doctor 5,2023-08-07
P1776,Lisa,Morris,Doctor 4,2023-08-07
P1841,Rebecca,Turner,Doctor 7,2023-08-07
P1974,Samuel,Miller,Doctor 16,2023-08-07
P2096,Samuel,Bailey,Doctor 4,2023-08-07
P2114,Jerry,Jackson,Doctor 1,2023-08-07
P2165,Michael,Collins,Doctor 7,2023-08-07
P0018,Jerry,Bailey,Doctor 11,2023-08-08
P0063,Michelle,Sanders,Doctor 13,2023-08-08
P0112,George,Rivera,Doctor 10,2023-08-08
P0222,Jessica,Walker,Doctor 15,2023-08-08
P0271,Deborah,Murphy,Doctor 13,2023-08-08
P0333,Sarah,Parker,Doctor 8,2023-08-08
P0738,Lisa,Castillo,Doctor 12,2023-08-08
P0746,Tyler,Kim,Doctor 5,2023-08-08
P0804,Jacob,Scott,Doctor 5,2023-08-08
P0808,Donald,Rodriguez,Doctor 11,2023-08-08
P0813,Sandra,Jones,Doctor 15,2023-08-08
P0924,Jerry,Johnson,Doctor 1,2023-08-08
P0963,Michelle,Nguyen,Doctor 11,2023-08-08
P1005,Gregory,Alvarez,Doctor 3,2023-08-08
P1241,John,Kelly,Doctor 16,2023-08-08
P1277,Thomas,Hill,Doctor 6,2023-08-08
P1359,Donald,Brooks,Doctor 1,2023-08-08
P1436,George,White,Doctor 11,2023-08-08
P1461,Betty,Rogers,Doctor 11,2023-08-08
P1476,Linda,Richardson,Doctor 5,2023-08-08
P1510,Dennis,Young,Doctor 8,2023-08-08
P1532,Michelle,Price,Doctor 8,2023-08-08
P1696,Jack,Wilson,Doctor 1,2023-08-08
P1797,James,Bailey,Doctor 5,2023-08-08
P1989,Melissa,Carter,Doctor 12,2023-08-08
P2004,Mary,Martinez,Doctor 1,2023-08-08
P2087,Virginia,Ramos,Doctor 10,2023-08-08
P2130,Kevin,Peterson,Doctor 11,2023-08-08
P2250,Tyler,Hall,Doctor 11,2023-08-08
P2257,Scott,Bailey,Doctor 16,2023-08-08
P0030,Angela,Brooks,Doctor 19,2023-08-09
P0235,David,King,Doctor 20,2023-08-09
P0318,Rebecca,Baker,Doctor 13,2023-08-09
P0371,Ryan,Ramos,Doctor 15,2023-08-09
P0404,Jonathan,Castillo,Doctor 17,2023-08-09
P0478,Alexander,Edwards,Doctor 9,2023-08-09
P0489,Eric,Howard,Doctor 3,2023-08-09
P0541,John,Harris,Doctor 11,2023-08-09
P0555,Brenda,Sanchez,Doctor 5,2023-08-09
P0573,Lisa,Rivera,Doctor 4,2023-08-09
P0665,Jose,Mitchell,Doctor 15,2023-08-09
P0826,Ruth,Myers,Doctor 2,2023-08-09
P0871,Donald,Ramirez,Doctor 18,2023-08-09
P0983,Eric,Rodriguez,Doctor 5,2023-08-09
P1063,George,Reyes,Doctor 1,2023-08-09
P1150,Frank,Morris,Doctor 6,2023-08-09
P1206,Anthony,Collins,Doctor 15,2023-08-09
P1236,Rebecca,Watson,Doctor 20,2023-08-09
P1424,Kimberly,Peterson,Doctor 2,2023-08-09
P1594,Benjamin,Rodriguez,Doctor 20,2023-08-09
P1692,James,Myers,Doctor 19,2023-08-09
P1784,Jonathan,Stewart,Doctor 17,2023-08-09
P1860,Donna,Lee,Doctor 8,2023-08-09
P1901,Charles,Thompson,Doctor 1,2023-08-09
P1981,Shirley,White,Doctor 11,2023-08-09
P2020,Karen,Alvarez,Doctor 17,2023-08-09
P2148,Mary,Price,Doctor 15,2023-08-09
P2198,John,Gonzalez,Doctor 15,2023-08-09
P0270,Mary,Scott,Doctor 13,2023-08-10
P0324,Tyler,Thomas,Doctor 13,2023-08-10
P0381,Thomas,Morales,Doctor 4,2023-08-10
P0946,Ruth,Rivera,Doctor 12,2023-08-10
P0967,Daniel,Cox,Doctor 18,2023-08-10
P1041,Emma,Hernandez,Doctor 20,2023-08-10
P1092,Richard,Nelson,Doctor 20,2023-08-10
P1153,Sandra,Nelson,Doctor 19,2023-08-10
P1253,George,Wood,Doctor 18,2023-08-10
P1266,Cynthia,Martinez,Doctor 11,2023-08-10
P1267,Donald,Robinson,Doctor 4,2023-08-10
P1294,Larry,Turner,Doctor 8,2023-08-10
P1320,Dennis,Bailey,Doctor 17,2023-08-10
P1479,Jose,Myers,Doctor 12,2023-08-10
P1520,Betty,Clark,Doctor 8,2023-08-10
P1542,Karen,Lee,Doctor 7,2023-08-10
P1560,Michael,Richardson,Doctor 17,2023-08-10
P1804,Patricia,Perez,Doctor 12,2023-08-10
P1898,Joseph,Watson,Doctor 13,2023-08-10
P2196,Larry,Cruz,Doctor 13,2023-08-10
P2272,Mary,Watson,Doctor 4,2023-08-10
P2276,Jeffrey,Martinez,Doctor 14,2023-08-10
P0014,Michelle,Mendoza,Doctor 16,2023-08-11
P0031,Anna,Murphy,Doctor 2,2023-08-11
P0073,Sandra,Cox,Doctor 1,2023-08-11
P0088,David,Harris,Doctor 19,2023-08-11
P0138,Gregory,Castillo,Doctor 10,2023-08-11
P0190,Sharon,Parker,Doctor 7,2023-08-11
P0247,Emma,Alvarez,Doctor 17,2023-08-11
P0265,Mark,Evans,Doctor 17,2023-08-11
P0323,Linda,Phillips,Doctor 18,2023-08-11
P0419,Kevin,Nelson,Doctor 18,2023-08-11
P0440,David,Watson,Doctor 12,2023-08-11
P0614,James,Wood,Doctor 7,2023-08-11
P0654,Susan,Hall,Doctor 20,2023-08-11
P0681,Laura,Stewart,Doctor 16,2023-08-11
P0783,Anna,Kelly,Doctor 20,2023-08-11
P0859,Stephen,Howard,Doctor 13,2023-08-11
P0874,Karen,Ramirez,Doctor 12,2023-08-11
P0893,Michelle,Green,Doctor 19,2023-08-11
P0936,Rebecca,Morales,Doctor 14,2023-08-11
P1045,George,Ramirez,Doctor 3,2023-08-11
P1179,Linda,Reyes,Doctor 20,2023-08-11
P1214,John,Castillo,Doctor 9,2023-08-11
P1257,Helen,Edwards,Doctor 4,2023-08-11
P1326,Brenda,Lee,Doctor 1,2023-08-11
P1409,Donna,Rogers,Doctor 3,2023-08-11
P1593,Gregory,Green,Doctor 16,2023-08-11
P1618,Daniel,King,Doctor 13,2023-08-11
P1859,Dorothy,Alvarez,Doctor 19,2023-08-11
P1872,George,Campbell,Doctor 2,2023-08-11
P2157,Laura,Gomez,Doctor 12,2023-08-11
P2195,Ruth,Lewis,Doctor 18,2023-08-11
P2250,Tyler,Hall,Doctor 14,2023-08-11
P2266,Joshua,Watson,Doctor 9,2023-08-11
P2283,Nancy,Wilson,Doctor 18,2023-08-11
P0129,Patrick,Parker,Doctor 16,2023-08-12
P0134,Frank,White,Doctor 9,2023-08-12
P0225,Aaron,Thomas,Doctor 2,2023-08-12
P0229,Jack,Watson,Doctor 1,2023-08-12
P0282,Matthew,Reyes,Doctor 19,2023-08-12
P0297,Benjamin,Evans,Doctor 19,2023-08-12
P0351,Thomas,Watson,Doctor 5,2023-08-12
P0370,Joshua,Allen,Doctor 4,2023-08-12
P0472,John,White,Doctor 5,2023-08-12
P0565,Melissa,Ward,Doctor 18,2023-08-12
P0751,Ronald,Mitchell,Doctor 11,2023-08-12
P0779,Jason,Rogers,Doctor 20,2023-08-12
P0800,Richard,Hernandez,Doctor 2,2023-08-12
P0821,Brandon,White,Doctor 2,2023-08-12
P0835,Elizabeth,Myers,Doctor 7,2023-08-12
P0855,David,Morales,Doctor 11,2023-08-12
P0987,Carol,Garcia,Doctor 15,2023-08-12
P1227,Lisa,King,Doctor 1,2023-08-12
P1361,Patrick,Gomez,Doctor 2,2023-08-12
P1386,Kevin,Patel,Doctor 18,2023-08-12
P1445,Thomas,Wood,Doctor 6,2023-08-12
P1447,Stephen,Mitchell,Doctor 8,2023-08-12
P1448,Timothy,Martinez,Doctor 15,2023-08-12
P1578,Shirley,Robinson,Doctor 9,2023-08-12
P1599,Donna,Richardson,Doctor 18,2023-08-12
P1619,Eric,Alvarez,Doctor 7,2023-08-12
P1648,Jessica,Price,Doctor 16,2023-08-12
P1755,Shirley,Miller,Doctor 7,2023-08-12
P1763,Jessica,Martinez,Doctor 1,2023-08-12
P1858,Nancy,Wright,Doctor 1,2023-08-12
P1891,Kimberly,Morgan,Doctor 1,2023-08-12
P1912,Dorothy,Lee,Doctor 17,2023-08-12
P1937,Ryan,Reyes,Doctor 15,2023-08-12
P1950,Angela,James,Doctor 8,2023-08-12
P2045,Nicholas,Roberts,Doctor 13,2023-08-12
P2088,Christopher,Bennett,Doctor 3,2023-08-12
P2107,Laura,Ramirez,Doctor 13,2023-08-12
P2182,John,Johnson,Doctor 10,2023-08-12
P2221,Samuel,Watson,Doctor 8,2023-08-12
P2240,Jacob,Reyes,Doctor 6,2023-08-12
P2249,Joseph,Robinson,Doctor 1,2023-08-12
P2269,Justin,Rodriguez,Doctor 11,2023-08-12
P0046,Sandra,Wright,Doctor 1,2023-08-13
P0084,Sandra,Kelly,Doctor 6,2023-08-13
P0102,Brian,Cook,Doctor 4,2023-08-13
P0123,Cynthia,Moore,Doctor 14,2023-08-13
P0134,Frank,White,Doctor 5,2023-08-13
P0184,Michelle,Thompson,Doctor 19,2023-08-13
P0473,Frank,Phillips,Doctor 16,2023-08-13
P0546,Jack,Jackson,Doctor 6,2023-08-13
P0578,Jessica,Sanchez,Doctor 6,2023-08-13
P0582,Karen,Taylor,Doctor 8,2023-08-13
P0615,Christopher,Roberts,Doctor 13,2023-08-13
P0763,Ruth,Stewart,Doctor 6,2023-08-13
P0895,Scott,Lopez,Doctor 12,2023-08-13
P0930,George,Nelson,Doctor 14,2023-08-13
P0967,Daniel,Cox,Doctor 13,2023-08-13
P1103,Emma,Ortiz,Doctor 9,2023-08-13
P1291,Angela,Sanchez,Doctor 5,2023-08-13
P1377,Brian,Rivera,Doctor 7,2023-08-13
P1533,Sandra,Cruz,Doctor 1,2023-08-13
P1566,Donald,Stewart,Doctor 18,2023-08-13
P1588,Laura,Evans,Doctor 14,2023-08-13
P1740,Linda,Martinez,Doctor 10,2023-08-13
P1792,Andrew,Thomas,Doctor 14,2023-08-13
P1803,Ronald,Chavez,Doctor 11,2023-08-13
P1808,Lisa,Wright,Doctor 18,2023-08-13
P1881,Charles,Gomez,Doctor 19,2023-08-13
P1957,Dennis,Kim,Doctor 5,2023-08-13
P2010,Jennifer,Taylor,Doctor 9,2023-08-13
P2029,Sandra,Harris,Doctor 20,2023-08-13
P2094,Deborah,Roberts,Doctor 15,2023-08-13
P2103,Edward,Collins,Doctor 17,2023-08-13
P2105,John,Ortiz,Doctor 6,2023-08-13
P2245,Jerry,Alvarez,Doctor 8,2023-08-13
P2256,Angela,Miller,Doctor 2,2023-08-13
P0031,Anna,Murphy,Doctor 2,2023-08-14
P0158,Sandra,Sanders,Doctor 12,2023-08-14
P0161,Mark,Jackson,Doctor 11,2023-08-14
P0407,Scott,Brown,Doctor 12,2023-08-14
P0476,Richard,Sanchez,Doctor 8,2023-08-14
P0502,Linda,Myers,Doctor 4,2023-08-14
P0543,Anthony,Perez,Doctor 1,2023-08-14
P0544,Ruth,Baker,Doctor 17,2023-08-14
P0712,Justin,Gray,Doctor 15,2023-08-14
P0730,Lisa,Sanchez,Doctor 11,2023-08-14
P0774,Benjamin,Bennett,Doctor 1,2023-08-14
P0789,Jose,Rodriguez,Doctor 1,2023-08-14
P0847,Kimberly,Jones,Doctor 1,2023-08-14
P0905,Samuel,Rodriguez,Doctor 3,2023-08-14
P0918,Helen,Sanders,Doctor 4,2023-08-14
P1001,Kevin,Ramirez,Doctor 9,2023-08-14
P1031,Joshua,Thompson,Doctor 12,2023-08-14
P1195,Lisa,Turner,Doctor 20,2023-08-14
P1209,Helen,Ruiz,Doctor 2,2023-08-14
P1435,Scott,Walker,Doctor 13,2023-08-14
P1683,Jacob,Robinson,Doctor 13,2023-08-14
P1805,Stephen,Perez,Doctor 12,2023-08-14
P1823,Sharon,Lopez,Doctor 4,2023-08-14
P1864,Deborah,Hall,Doctor 16,2023-08-14
P1877,Donald,Adams,Doctor 10,2023-08-14
P1990,Kimberly,Rogers,Doctor 15,2023-08-14
P2081,Nancy,Cooper,Doctor 8,2023-08-14
P2121,Elizabeth,Harris,Doctor 6,2023-08-14
P2150,Daniel,Parker,Doctor 9,2023-08-14
P0097,Deborah,Torres,Doctor 8,2023-08-15
P0188,Mary,Evans,Doctor 8,2023-08-15
P0204,Jack,Flores,Doctor 4,2023-08-15
P0342,Tyler,Smith,Doctor 7,2023-08-15
P0420,Kimberly,Thompson,Doctor 20,2023-08-15
P0579,Sarah,Rogers,Doctor 10,2023-08-15
P0902,Helen,Evans,Doctor 20,2023-08-15
P1166,Melissa,Clark,Doctor 5,2023-08-15
P1174,Gary,Gonzalez,Doctor 7,2023-08-15
P1175,Nancy,Rivera,Doctor 11,2023-08-15
P1203,Frank,Ortiz,Doctor 12,2023-08-15
P1320,Dennis,Bailey,Doctor 14,2023-08-15
P1600,Tyler,James,Doctor 3,2023-08-15
P1670,Brian,Hernandez,Doctor 12,2023-08-15
P1817,Kevin,Hughes,Doctor 13,2023-08-15
P1822,Gregory,Anderson,Doctor 18,2023-08-15
P1875,Michelle,Brown,Doctor 9,2023-08-15
P2009,Anthony,Campbell,Doctor 16,2023-08-15
P0129,Patrick,Parker,Doctor 10,2023-08-16
P0158,Sandra,Sanders,Doctor 12,2023-08-16
P0319,Sandra,Anderson,Doctor 2,2023-08-16
P0364,Gary,Thompson,Doctor 15,2023-08-16
P0430,Kevin,White,Doctor 9,2023-08-16
P0432,Sandra,Turner,Doctor 12,2023-08-16
P0457,David,Phillips,Doctor 11,2023-08-16
P0478,Alexander,Edwards,Doctor 6,2023-08-16
P0649,Robert,Hughes,Doctor 1,2023-08-16
P0669,Gregory,King,Doctor 10,2023-08-16
P0705,Andrew,Ramos,Doctor 8,2023-08-16
P0755,Laura,Phillips,Doctor 8,2023-08-16
P0879,Kenneth,Lee,Doctor 1,2023-08-16
P0883,Jack,Castillo,Doctor 13,2023-08-16
P1049,Lisa,Collins,Doctor 2,2023-08-16
P1087,Andrew,Patel,Doctor 20,2023-08-16
P1156,Jason,Lopez,Doctor 20,2023-08-16
P1173,Brenda,Green,Doctor 3,2023-08-16
P1282,Donna,Hernandez,Doctor 7,2023-08-16
P1287,Carol,Turner,Doctor 9,2023-08-16
P1310,Carol,Smith,Doctor 19,2023-08-16
P1353,Linda,Scott,Doctor 4,2023-08-16
P1426,Ronald,Ward,Doctor 5,2023-08-16
P1715,Edward,Evans,Doctor 13,2023-08-16
P1796,Angela,Peterson,Doctor 10,2023-08-16
P1884,Alexander,Mendoza,Doctor 7,2023-08-16
P1947,Jonathan,Gray,Doctor 18,2023-08-16
P1996,Melissa,Perez,Doctor 15,2023-08-16
P2038,Helen,Hall,Doctor 16,2023-08-16
P2115,Edward,Ramos,Doctor 1,2023-08-16
P2227,Donna,Ruiz,Doctor 10,2023-08-16
P2267,Joshua,Brooks,Doctor 11,2023-08-16
P2271,Betty,Johnson,Doctor 11,2023-08-16
P0053,Laura,Turner,Doctor 14,2023-08-17
P0054,Thomas,Rodriguez,Doctor 14,2023-08-17
P0237,Anna,Smith,Doctor 8,2023-08-17
P0298,Helen,Bailey,Doctor 10,2023-08-17
P0347,Deborah,Bailey,Doctor 4,2023-08-17
P0383,Andrew,Watson,Doctor 20,2023-08-17
P0415,Mary,Walker,Doctor 20,2023-08-17
P0418,Kevin,Wilson,Doctor 7,2023-08-17
P0449,Virginia,Price,Doctor 15,2023-08-17
P0505,Shirley,Anderson,Doctor 16,2023-08-17
P0556,Kathleen,Taylor,Doctor 7,2023-08-17
P0667,Benjamin,Rivera,Doctor 19,2023-08-17
P0865,Sarah,Roberts,Doctor 7,2023-08-17
P0974,Timothy,Morris,Doctor 8,2023-08-17
P0989,Tyler,Sanchez,Doctor 8,2023-08-17
P1028,Anna,Anderson,Doctor 19,2023-08-17
P1055,Christopher,Chavez,Doctor 4,2023-08-17
P1060,James,Robinson,Doctor 12,2023-08-17
P1071,Charles,Lewis,Doctor 12,2023-08-17
P1222,Ruth,Murphy,Doctor 7,2023-08-17
P1398,Alexander,Flores,Doctor 16,2023-08-17
P1399,Michael,Torres,Doctor 4,2023-08-17
P1535,Thomas,Gutierrez,Doctor 3,2023-08-17
P1554,Sarah,Scott,Doctor 15,2023-08-17
P1640,Nancy,Rogers,Doctor 3,2023-08-17
P1683,Jacob,Robinson,Doctor 13,2023-08-17
P1715,Edward,Evans,Doctor 17,2023-08-17
P1718,Kenneth,Mendoza,Doctor 9,2023-08-17
P1770,Matthew,Wright,Doctor 17,2023-08-17
P1826,Jessica,Adams,Doctor 20,2023-08-17
P1830,Gregory,Williams,Doctor 17,2023-08-17
P1836,Alexander,King,Doctor 19,2023-08-17
P1864,Deborah,Hall,Doctor 16,2023-08-17
P1907,David,Kim,Doctor 10,2023-08-17
P1919,Kimberly,Anderson,Doctor 4,2023-08-17
P2067,Sarah,Howard,Doctor 15,2023-08-17
P2134,Tyler,Moore,Doctor 16,2023-08-17
P0016,Jason,Garcia,Doctor 18,2023-08-18
P0147,Carol,Morales,Doctor 20,2023-08-18
P0184,Michelle,Thompson,Doctor 17,2023-08-18
P0203,Lisa,Alvarez,Doctor 15,2023-08-18
P0206,Charles,Harris,Doctor 11,2023-08-18
P0230,Kimberly,Harris,Doctor 11,2023-08-18
P0323,Linda,Phillips,Doctor 8,2023-08-18
P0525,Jennifer,James,Doctor 12,2023-08-18
P0554,Michelle,Davis,Doctor 9,2023-08-18
P0570,Joshua,Ward,Doctor 17,2023-08-18
P0696,Brandon,Allen,Doctor 3,2023-08-18
P0745,Melissa,Turner,Doctor 12,2023-08-18
P0758,Alexander,Lee,Doctor 14,2023-08-18
P0759,Sharon,Nguyen,Doctor 4,2023-08-18
P0932,Robert,Brooks,Doctor 8,2023-08-18
P0964,Edward,Young,Doctor 19,2023-08-18
P1072,Sarah,Moore,Doctor 17,2023-08-18
P1245,Justin,Hughes,Doctor 15,2023-08-18
P1298,Joshua,Johnson,Doctor 2,2023-08-18
P1563,Sandra,Clark,Doctor 17,2023-08-18
P1607,James,Nelson,Doctor 12,2023-08-18
P1608,Gregory,Taylor,Doctor 5,2023-08-18
P1672,Alexander,Adams,Doctor 2,2023-08-18
P1673,Deborah,Collins,Doctor 15,2023-08-18
P1880,Kenneth,Sanders,Doctor 8,2023-08-18
P1883,Kevin,Robinson,Doctor 6,2023-08-18
P1901,Charles,Thompson,Doctor 16,2023-08-18
P1925,Jeffrey,Gonzalez,Doctor 5,2023-08-18
P1955,Karen,Williams,Doctor 1,2023-08-18
P2004,Mary,Martinez,Doctor 4,2023-08-18
P2034,Gary,Martinez,Doctor 16,2023-08-18
P2056,Aaron,Lee,Doctor 13,2023-08-18
P2122,Benjamin,Patel,Doctor 7,2023-08-18
P2161,Andrew,Wood,Doctor 5,2023-08-18
P2291,Ryan,Clark,Doctor 2,2023-08-18
P2304,Robert,Williams,Doctor 20,2023-08-18
P0183,Dorothy,Brown,Doctor 14,2023-08-19
P0250,Matthew,Miller,Doctor 15,2023-08-19
P0672,Jessica,Rivera,Doctor 17,2023-08-19
P0777,Sarah,Garcia,Doctor 8,2023-08-19
P0780,Jeffrey,Brooks,Doctor 17,2023-08-19
P1087,Andrew,Patel,Doctor 20,2023-08-19
P1093,George,Miller,Doctor 8,2023-08-19
P1218,Gary,Reed,Doctor 6,2023-08-19
P1304,Steven,Turner,Doctor 1,2023-08-19
P1374,Jerry,Anderson,Doctor 9,2023-08-19
P1406,Nicholas,Myers,Doctor 8,2023-08-19
P1564,Jose,Kelly,Doctor 13,2023-08-19
P1573,Andrew,Morris,Doctor 12,2023-08-19
P1613,Rebecca,Morgan,Doctor 5,2023-08-19
P1936,Donald,Cruz,Doctor 12,2023-08-19
P1963,Rebecca,Harris,Doctor 14,2023-08-19
P1968,Virginia,Sanders,Doctor 13,2023-08-19
P2179,Richard,Rogers,Doctor 20,2023-08-19
P2251,Steven,Thomas,Doctor 4,2023-08-19
P0039,Michelle,Sanchez,Doctor 5,2023-08-20
P0051,Benjamin,Torres,Doctor 6,2023-08-20
P0140,Melissa,Adams,Doctor 11,2023-08-20
P0165,Mark,Nelson,Doctor 18,2023-08-20
P0185,Robert,Gonzalez,Doctor 17,2023-08-20
P0282,Matthew,Reyes,Doctor 5,2023-08-20
P0344,Anna,Thomas,Doctor 6,2023-08-20
P0445,Barbara,Collins,Doctor 20,2023-08-20
P0469,Matthew,Hill,Doctor 9,2023-08-20
P0555,Brenda,Sanchez,Doctor 17,2023-08-20
P0561,Scott,Evans,Doctor 15,2023-08-20
P0659,Matthew,Mitchell,Doctor 3,2023-08-20
P0713,Nancy,Thomas,Doctor 14,2023-08-20
P1144,Ronald,Patel,Doctor 17,2023-08-20
P1274,Helen,Gutierrez,Doctor 16,2023-08-20
P1392,Alexander,Sanchez,Doctor 17,2023-08-20
P1505,Brian,Phillips,Doctor 7,2023-08-20
P1521,George,Robinson,Doctor 6,2023-08-20
P1794,Jacob,Parker,Doctor 2,2023-08-20
P1817,Kevin,Hughes,Doctor 13,2023-08-20
P1844,Alexander,Chavez,Doctor 8,2023-08-20
P1970,Alexander,Allen,Doctor 7,2023-08-20
P1988,Robert,Perez,Doctor 15,2023-08-20
P2009,Anthony,Campbell,Doctor 15,2023-08-20
P2155,Dorothy,Jackson,Doctor 17,2023-08-20
P2225,Patrick,Cooper,Doctor 9,2023-08-20
P2290,Helen,Howard,Doctor 7,2023-08-20
P2293,Donna,Wright,Doctor 6,2023-08-20
P0021,Helen,Young,Doctor 1,2023-08-21
P0060,Joseph,Cooper,Doctor 17,2023-08-21
P0272,Scott,Ward,Doctor 16,2023-08-21
P0283,Jerry,Ruiz,Doctor 1,2023-08-21
P0374,Aaron,Moore,Doctor 10,2023-08-21
P0374,Aaron,Moore,Doctor 19,2023-08-21
P0481,Sandra,Castillo,Doctor 13,2023-08-21
P0502,Linda,Myers,Doctor 4,2023-08-21
P0540,Karen,Bailey,Doctor 20,2023-08-21
P0545,Karen,Lewis,Doctor 3,2023-08-21
P0736,Brenda,Moore,Doctor 16,2023-08-21
P0799,Sharon,Allen,Doctor 6,2023-08-21
P0832,Tyler,Gutierrez,Doctor 10,2023-08-21
P0961,Stephen,Torres,Doctor 13,2023-08-21
P1046,Carol,Chavez,Doctor 2,2023-08-21
P1064,Samuel,Hughes,Doctor 8,2023-08-21
P1097,Samuel,Myers,Doctor 5,2023-08-21
P1125,Raymond,Thompson,Doctor 17,2023-08-21
P1199,Angela,Brown,Doctor 13,2023-08-21
P1213,Ruth,Wilson,Doctor 18,2023-08-21
P1432,Karen,Sanders,Doctor 11,2023-08-21
P1474,Kimberly,Morris,Doctor 10,2023-08-21
P1480,Michael,Brooks,Doctor 11,2023-08-21
P1580,Thomas,Nelson,Doctor 6,2023-08-21
P1657,Samuel,Allen,Doctor 15,2023-08-21
P1753,Mark,Miller,Doctor 17,2023-08-21
P1769,Laura,Jackson,Doctor 18,2023-08-21
P1772,Laura,Wood,Doctor 17,2023-08-21
P1785,Donald,Patel,Doctor 20,2023-08-21
P1832,Dorothy,Peterson,Doctor 8,2023-08-21
P1842,Matthew,Martin,Doctor 2,2023-08-21
P1968,Virginia,Sanders,Doctor 17,2023-08-21
P1976,Linda,Mendoza,Doctor 5,2023-08-21
P2139,Andrew,Rogers,Doctor 11,2023-08-21
P2151,Stephen,Morgan,Doctor 3,2023-08-21
P2191,Edward,Brown,Doctor 5,2023-08-21
P0038,Steven,Wood,Doctor 19,2023-08-22
P0043,Steven,Harris,Doctor 17,2023-08-22
P0111,John,Wright,Doctor 10,2023-08-22
P0135,Linda,White,Doctor 11,2023-08-22
P0198,Laura,Reed,Doctor 14,2023-08-22
P0418,Kevin,Wilson,Doctor 7,2023-08-22
P0440,David,Watson,Doctor 12,2023-08-22
P0444,Anna,Young,Doctor 18,2023-08-22
P0458,Dennis,Adams,Doctor 5,2023-08-22
P0477,Cynthia,Thomas,Doctor 12,2023-08-22
P0635,Barbara,Mitchell,Doctor 1,2023-08-22
P0642,Thomas,Anderson,Doctor 16,2023-08-22
P0729,Thomas,Smith,Doctor 8,2023-08-22
P0740,Cynthia,Morales,Doctor 16,2023-08-22
P0760,Donna,Morris,Doctor 16,2023-08-22
P0798,Alexander,Miller,Doctor 4,2023-08-22
P0904,Kimberly,Murphy,Doctor 11,2023-08-22
P1008,Helen,Campbell,Doctor 16,2023-08-22
P1034,Sarah,Thomas,Doctor 11,2023-08-22
P1088,Donald,Wright,Doctor 20,2023-08-22
P1099,Jessica,Lopez,Doctor 20,2023-08-22
P1124,Ruth,Reyes,Doctor 18,2023-08-22
P1131,Christopher,Sanchez,Doctor 17,2023-08-22
P1170,Daniel,Wright,Doctor 2,2023-08-22
P1203,Frank,Ortiz,Doctor 8,2023-08-22
P1322,Daniel,Thompson,Doctor 2,2023-08-22
P1378,Frank,Green,Doctor 17,2023-08-22
P1671,Jason,White,Doctor 15,2023-08-22
P1727,Melissa,Castillo,Doctor 13,2023-08-22
P1865,Tyler,Jones,Doctor 13,2023-08-22
P1874,Elizabeth,Martin,Doctor 9,2023-08-22
P1878,Joseph,Patel,Doctor 1,2023-08-22
P1911,Mark,Jones,Doctor 14,2023-08-22
P1956,Tyler,Reed,Doctor 20,2023-08-22
P1980,Brian,Collins,Doctor 12,2023-08-22
P2008,George,Morris,Doctor 5,2023-08-22
P2030,Dennis,Watson,Doctor 15,2023-08-22
P2166,Christopher,Wright,Doctor 6,2023-08-22
P2225,Patrick,Cooper,Doctor 9,2023-08-22
P0070,Mary,Thomas,Doctor 15,2023-08-23
P0181,Joshua,Williams,Doctor 10,2023-08-23
P0203,Lisa,Alvarez,Doctor 13,2023-08-23
P0275,Jerry,Ramos,Doctor 20,2023-08-23
P0376,Benjamin,Sanders,Doctor 15,2023-08-23
P0526,Donald,Hall,Doctor 4,2023-08-23
P0587,Gary,Martin,Doctor 5,2023-08-23
P0624,Jose,Johnson,Doctor 19,2023-08-23
P0655,Angela,Harris,Doctor 15,2023-08-23
P0812,Kimberly,Cruz,Doctor 2,2023-08-23
P0863,Linda,Gomez,Doctor 14,2023-08-23
P1009,William,Young,Doctor 14,2023-08-23
P1038,Michelle,Adams,Doctor 2,2023-08-23
P1144,Ronald,Patel,Doctor 5,2023-08-23
P1197,Helen,Ramirez,Doctor 5,2023-08-23
P1198,Richard,Allen,Doctor 4,2023-08-23
P1204,Melissa,Sanders,Doctor 4,2023-08-23
P1354,Kenneth,Wilson,Doctor 9,2023-08-23
P1410,Andrew,Martinez,Doctor 1,2023-08-23
P1434,Charles,Ramos,Doctor 17,2023-08-23
P1493,Patrick,Jackson,Doctor 5,2023-08-23
P1617,Carol,Lee,Doctor 3,2023-08-23
P1634,Benjamin,Kelly,Doctor 8,2023-08-23
P1646,Stephen,Ramirez,Doctor 10,2023-08-23
P1901,Charles,Thompson,Doctor 3,2023-08-23
P2067,Sarah,Howard,Doctor 9,2023-08-23
P2078,Nancy,Lopez,Doctor 10,2023-08-23
P2112,Andrew,Garcia,Doctor 15,2023-08-23
P2303,Betty,Wood,Doctor 1,2023-08-23
P0140,Melissa,Adams,Doctor 20,2023-08-24
P0154,Shirley,Gomez,Doctor 14,2023-08-24
P0169,Betty,Kim,Doctor 17,2023-08-24
P0210,Benjamin,Murphy,Doctor 12,2023-08-24
P0325,Samuel,Ramirez,Doctor 20,2023-08-24
P0341,Carol,Adams,Doctor 13,2023-08-24
P0551,Edward,Sanchez,Doctor 2,2023-08-24
P0632,Frank,Hernandez,Doctor 6,2023-08-24
P0658,James,Morris,Doctor 15,2023-08-24
P0731,Jessica,Mendoza,Doctor 15,2023-08-24
P0774,Benjamin,Bennett,Doctor 1,2023-08-24
P0914,Kenneth,Gomez,Doctor 6,2023-08-24
P0951,John,Ramirez,Doctor 12,2023-08-24
P1023,Brenda,Jones,Doctor 18,2023-08-24
P1166,Melissa,Clark,Doctor 5,2023-08-24
P1393,Jerry,Williams,Doctor 7,2023-08-24
P1476,Linda,Richardson,Doctor 9,2023-08-24
P1498,Angela,Perez,Doctor 10,2023-08-24
P1622,Andrew,Allen,Doctor 18,2023-08-24
P1628,Kenneth,Morales,Doctor 1,2023-08-24
P1708,Laura,Flores,Doctor 7,2023-08-24
P1711,Susan,Morales,Doctor 14,2023-08-24
P1731,Melissa,Murphy,Doctor 9,2023-08-24
P1748,Kevin,Myers,Doctor 1,2023-08-24
P1872,George,Campbell,Doctor 6,2023-08-24
P1943,Jennifer,Ramirez,Doctor 4,2023-08-24
P1979,Jack,Ramirez,Doctor 4,2023-08-24
P0183,Dorothy,Brown,Doctor 14,2023-08-25
P0197,Shirley,Bennett,Doctor 10,2023-08-25
P0343,James,Ramos,Doctor 9,2023-08-25
P0482,Helen,Harris,Doctor 17,2023-08-25
P0710,Larry,Hughes,Doctor 18,2023-08-25
P0734,Cynthia,Adams,Doctor 9,2023-08-25
P0878,Lisa,Watson,Doctor 10,2023-08-25
P0889,Kimberly,Nelson,Doctor 12,2023-08-25
P0987,Carol,Garcia,Doctor 11,2023-08-25
P1214,John,Castillo,Doctor 9,2023-08-25
P1250,Donna,Sanders,Doctor 12,2023-08-25
P1262,Charles,Evans,Doctor 12,2023-08-25
P1315,Sandra,Patel,Doctor 15,2023-08-25
P1401,Jason,Chavez,Doctor 11,2023-08-25
P1402,Nicholas,Rivera,Doctor 1,2023-08-25
P1460,Jeffrey,Chavez,Doctor 15,2023-08-25
P1553,Jeffrey,Cooper,Doctor 13,2023-08-25
P1681,Richard,Rodriguez,Doctor 12,2023-08-25
P1819,Dorothy,Harris,Doctor 6,2023-08-25
P1836,Alexander,King,Doctor 19,2023-08-25
P2181,Edward,Perez,Doctor 6,2023-08-25
P0214,Jason,Torres,Doctor 8,2023-08-26
P0373,Barbara,Turner,Doctor 4,2023-08-26
P0382,Jeffrey,Edwards,Doctor 19,2023-08-26
P0566,Eric,Phillips,Doctor 5,2023-08-26
P0582,Karen,Taylor,Doctor 18,2023-08-26
P0763,Ruth,Stewart,Doctor 6,2023-08-26
P0940,John,Peterson,Doctor 9,2023-08-26
P1118,Patrick,Jones,Doctor 11,2023-08-26
P1220,Justin,Torres,Doctor 13,2023-08-26
P1243,Eric,Campbell,Doctor 10,2023-08-26
P1255,Edward,Diaz,Doctor 11,2023-08-26
P1326,Brenda,Lee,Doctor 15,2023-08-26
P1381,Donald,Perez,Doctor 15,2023-08-26
P1427,Michael,Turner,Doctor 16,2023-08-26
P1438,Amy,Baker,Doctor 4,2023-08-26
P1619,Eric,Alvarez,Doctor 6,2023-08-26
P1627,Ryan,Alvarez,Doctor 19,2023-08-26
P1684,Carol,Ruiz,Doctor 17,2023-08-26
P1792,Andrew,Thomas,Doctor 14,2023-08-26
P1796,Angela,Peterson,Doctor 10,2023-08-26
P1810,Susan,Green,Doctor 6,2023-08-26
P1933,Brenda,Castillo,Doctor 13,2023-08-26
P1953,Kathleen,Adams,Doctor 16,2023-08-26
P2155,Dorothy,Jackson,Doctor 5,2023-08-26
P0016,Jason,Garcia,Doctor 4,2023-08-27
P0158,Sandra,Sanders,Doctor 19,2023-08-27
P0223,Richard,Scott,Doctor 4,2023-08-27
P0386,Larry,Kim,Doctor 14,2023-08-27
P0388,Karen,Roberts,Doctor 10,2023-08-27
P0393,Mary,Brown,Doctor 14,2023-08-27
P0543,Anthony,Perez,Doctor 5,2023-08-27
P0566,Eric,Phillips,Doctor 5,2023-08-27
P0576,Betty,Ortiz,Doctor 3,2023-08-27
P0622,Ryan,Cox,Doctor 1,2023-08-27
P0630,Jonathan,Johnson,Doctor 16,2023-08-27
P0638,Deborah,Hughes,Doctor 9,2023-08-27
P0661,Jose,Roberts,Doctor 9,2023-08-27
P0681,Laura,Stewart,Doctor 12,2023-08-27
P1080,Kimberly,Wright,Doctor 7,2023-08-27
P1261,Kevin,Carter,Doctor 19,2023-08-27
P1315,Sandra,Patel,Doctor 15,2023-08-27
P1370,Justin,Collins,Doctor 16,2023-08-27
P1453,Gary,Watson,Doctor 7,2023-08-27
P1501,Raymond,Watson,Doctor 19,2023-08-27
P1518,Steven,Young,Doctor 7,2023-08-27
P1589,Brandon,Taylor,Doctor 9,2023-08-27
P1629,Emma,Cruz,Doctor 16,2023-08-27
P1630,Kevin,Davis,Doctor 2,2023-08-27
P1849,Mark,Ortiz,Doctor 18,2023-08-27
P2037,Jason,Johnson,Doctor 16,2023-08-27
P2113,Christopher,Ortiz,Doctor 16,2023-08-27
P2151,Stephen,Morgan,Doctor 2,2023-08-27
P2266,Joshua,Watson,Doctor 9,2023-08-27
P0077,William,Williams,Doctor 17,2023-08-28
P0090,Mary,Adams,Doctor 4,2023-08-28
P0109,Andrew,Walker,Doctor 4,2023-08-28
P0130,Jennifer,Watson,Doctor 5,2023-08-28
P0141,Carol,Ortiz,Doctor 14,2023-08-28
P0188,Mary,Evans,Doctor 7,2023-08-28
P0257,Jacob,Myers,Doctor 20,2023-08-28
P0568,Justin,Sanchez,Doctor 3,2023-08-28
P0802,Amy,Edwards,Doctor 9,2023-08-28
P0840,Samuel,Edwards,Doctor 2,2023-08-28
P1036,Jose,Flores,Doctor 16,2023-08-28
P1178,Karen,Diaz,Doctor 8,2023-08-28
P1203,Frank,Ortiz,Doctor 16,2023-08-28
P1379,Justin,Rogers,Doctor 15,2023-08-28
P1396,Susan,Phillips,Doctor 17,2023-08-28
P1422,Linda,Hill,Doctor 20,2023-08-28
P1467,Michelle,Morgan,Doctor 12,2023-08-28
P1504,Laura,Adams,Doctor 14,2023-08-28
P1523,Sarah,Ramos,Doctor 8,2023-08-28
P1715,Edward,Evans,Doctor 4,2023-08-28
P1825,Dennis,Davis,Doctor 3,2023-08-28
P1868,Rebecca,Ramos,Doctor 16,2023-08-28
P1995,Amy,Ramos,Doctor 2,2023-08-28
P2043,Deborah,Jones,Doctor 17,2023-08-28
P2293,Donna,Wright,Doctor 7,2023-08-28
P0104,Barbara,Adams,Doctor 19,2023-08-29
P0108,Alexander,Parker,Doctor 20,2023-08-29
P0161,Mark,Jackson,Doctor 1,2023-08-29
P0182,Timothy,Kelly,Doctor 10,2023-08-29
P0208,Kimberly,Hughes,Doctor 18,2023-08-29
P0212,Helen,Collins,Doctor 11,2023-08-29
P0223,Richard,Scott,Doctor 4,2023-08-29
P0242,Angela,Turner,Doctor 11,2023-08-29
P0687,Dorothy,Castillo,Doctor 13,2023-08-29
P0757,Gary,Edwards,Doctor 11,2023-08-29
P0845,Alexander,Ramirez,Doctor 14,2023-08-29
P0846,Dorothy,Lewis,Doctor 11,2023-08-29
P0885,Linda,Reed,Doctor 7,2023-08-29
P1075,Melissa,Morgan,Doctor 20,2023-08-29
P1080,Kimberly,Wright,Doctor 11,2023-08-29
P1107,Michael,Harris,Doctor 1,2023-08-29
P1225,Dennis,Rodriguez,Doctor 16,2023-08-29
P1297,Joshua,Ruiz,Doctor 7,2023-08-29
P1373,Deborah,Taylor,Doctor 19,2023-08-29
P1441,Justin,Ruiz,Doctor 7,2023-08-29
P1610,Robert,Lewis,Doctor 6,2023-08-29
P1683,Jacob,Robinson,Doctor 13,2023-08-29
P1847,Brandon,Torres,Doctor 7,2023-08-29
P1869,Jonathan,Smith,Doctor 19,2023-08-29
P1946,David,Young,Doctor 2,2023-08-29
P2060,Brenda,Miller,Doctor 16,2023-08-29
P2143,Betty,Lee,Doctor 9,2023-08-29
P2197,Robert,Hernandez,Doctor 8,2023-08-29
P2277,Anna,Torres,Doctor 16,2023-08-29
P2296,Kenneth,Peterson,Doctor 9,2023-08-29
P0021,Helen,Young,Doctor 20,2023-08-30
P0108,Alexander,Parker,Doctor 19,2023-08-30
P0131,Karen,Young,Doctor 9,2023-08-30
P0259,Kenneth,Young,Doctor 6,2023-08-30
P0322,Patricia,Cook,Doctor 5,2023-08-30
P0425,Justin,Alvarez,Doctor 5,2023-08-30
P0437,Michelle,Parker,Doctor 4,2023-08-30
P0576,Betty,Ortiz,Doctor 3,2023-08-30
P0590,Justin,Evans,Doctor 5,2023-08-30
P0639,Jennifer,Nelson,Doctor 12,2023-08-30
P0653,Ronald,Gonzalez,Doctor 10,2023-08-30
P0654,Susan,Hall,Doctor 8,2023-08-30
P0668,Karen,Murphy,Doctor 13,2023-08-30
P0847,Kimberly,Jones,Doctor 1,2023-08-30
P0876,Anthony,Gutierrez,Doctor 2,2023-08-30
P0924,Jerry,Johnson,Doctor 11,2023-08-30
P0924,Jerry,Johnson,Doctor 11,2023-08-30
P0960,Shirley,Cook,Doctor 17,2023-08-30
P1011,George,Lee,Doctor 8,2023-08-30
P1021,Jack,Bailey,Doctor 11,2023-08-30
P1090,David,Scott,Doctor 4,2023-08-30
P1124,Ruth,Reyes,Doctor 18,2023-08-30
P1184,Kevin,Bailey,Doctor 10,2023-08-30
P1191,Helen,James,Doctor 10,2023-08-30
P1223,Anna,Johnson,Doctor 18,2023-08-30
P1343,Ruth,Young,Doctor 9,2023-08-30
P1361,Patrick,Gomez,Doctor 2,2023-08-30
P1401,Jason,Chavez,Doctor 5,2023-08-30
P1457,Emma,Allen,Doctor 18,2023-08-30
P1562,William,Flores,Doctor 1,2023-08-30
P1573,Andrew,Morris,Doctor 4,2023-08-30
P1628,Kenneth,Morales,Doctor 1,2023-08-30
P1656,Kimberly,Watson,Doctor 11,2023-08-30
P1755,Shirley,Miller,Doctor 13,2023-08-30
P1815,Rebecca,Patel,Doctor 16,2023-08-30
P1852,James,Carter,Doctor 13,2023-08-30
P1879,Raymond,Harris,Doctor 10,2023-08-30
P1891,Kimberly,Morgan,Doctor 9,2023-08-30
P1952,Sarah,Rodriguez,Doctor 8,2023-08-30
P1992,Laura,Allen,Doctor 4,2023-08-30
P2038,Helen,Hall,Doctor 14,2023-08-30
P2041,Lisa,Gomez,Doctor 6,2023-08-30
P2098,Dorothy,Phillips,Doctor 10,2023-08-30
P2131,Virginia,Stewart,Doctor 17,2023-08-30
P2220,Cynthia,Diaz,Doctor 19,2023-08-30
P2249,Joseph,Robinson,Doctor 1,2023-08-30
P0104,Barbara,Adams,Doctor 19,2023-08-31
P0205,Ruth,Bennett,Doctor 7,2023-08-31
P0222,Jessica,Walker,Doctor 13,2023-08-31
P0431,Charles,Thomas,Doctor 17,2023-08-31
P0470,Sandra,Carter,Doctor 5,2023-08-31
P0577,Jessica,Patel,Doctor 13,2023-08-31
P0629,Michelle,Reyes,Doctor 16,2023-08-31
P0643,Michelle,Myers,Doctor 19,2023-08-31
P0657,Barbara,Diaz,Doctor 10,2023-08-31
P0725,Anna,Roberts,Doctor 16,2023-08-31
P0816,Matthew,Watson,Doctor 10,2023-08-31
P0939,Donald,Turner,Doctor 13,2023-08-31
P0991,Gary,Chavez,Doctor 15,2023-08-31
P1039,Richard,Watson,Doctor 9,2023-08-31
P1051,Karen,King,Doctor 15,2023-08-31
P1097,Samuel,Myers,Doctor 2,2023-08-31
P1129,Lisa,Torres,Doctor 13,2023-08-31
P1318,Dorothy,Evans,Doctor 5,2023-08-31
P1336,Jack,Roberts,Doctor 18,2023-08-31
P1426,Ronald,Ward,Doctor 5,2023-08-31
P1467,Michelle,Morgan,Doctor 12,2023-08-31
P1594,Benjamin,Rodriguez,Doctor 9,2023-08-31
P1620,Sharon,Adams,Doctor 6,2023-08-31
P1651,Emma,Williams,Doctor 18,2023-08-31
P1656,Kimberly,Watson,Doctor 11,2023-08-31
P1675,Ruth,Diaz,Doctor 20,2023-08-31
P1699,David,James,Doctor 6,2023-08-31
P1798,Nancy,Sanders,Doctor 13,2023-08-31
P1821,Gregory,Cruz,Doctor 14,2023-08-31
P1831,Jacob,Bailey,Doctor 7,2023-08-31
P1936,Donald,Cruz,Doctor 12,2023-08-31
P1962,Amy,Wilson,Doctor 13,2023-08-31
P2091,Daniel,Allen,Doctor 16,2023-08-31
P2163,Jacob,Lopez,Doctor 1,2023-08-31
P2172,Steven,Robinson,Doctor 1,2023-08-31
P2186,Joshua,Cox,Doctor 7,2023-08-31
P0047,Sharon,Johnson,Doctor 18,2023-09-01
P0059,Aaron,Garcia,Doctor 6,2023-09-01
P0152,Michelle,Jackson,Doctor 17,2023-09-01
P0159,Karen,Myers,Doctor 7,2023-09-01
P0219,Ruth,Thomas,Doctor 13,2023-09-01
P0436,Dorothy,Hernandez,Doctor 15,2023-09-01
P0590,Justin,Evans,Doctor 1,2023-09-01
P0821,Brandon,White,Doctor 2,2023-09-01
P0831,Rebecca,Mitchell,Doctor 17,2023-09-01
P1162,Barbara,Ward,Doctor 10,2023-09-01
P1181,Nancy,Sanchez,Doctor 10,2023-09-01
P1363,Emma,Cox,Doctor 1,2023-09-01
P1370,Justin,Collins,Doctor 3,2023-09-01
P1450,Raymond,Miller,Doctor 19,2023-09-01
P1716,Robert,Taylor,Doctor 3,2023-09-01
P1763,Jessica,Martinez,Doctor 1,2023-09-01
P1789,Sarah,Walker,Doctor 14,2023-09-01
P1929,Timothy,Mendoza,Doctor 19,2023-09-01
P2026,Gary,Cooper,Doctor 7,2023-09-01
P0004,Amy,Green,Doctor 20,2023-09-02
P0160,Larry,Peterson,Doctor 9,2023-09-02
P0439,Robert,Ruiz,Doctor 12,2023-09-02
P0475,Elizabeth,Hill,Doctor 5,2023-09-02
P0603,Raymond,Mitchell,Doctor 10,2023-09-02
P0624,Jose,Johnson,Doctor 6,2023-09-02
P0697,Gregory,Rodriguez,Doctor 18,2023-09-02
P0820,Nancy,Roberts,Doctor 14,2023-09-02
P0867,Jonathan,Richardson,Doctor 14,2023-09-02
P0871,Donald,Ramirez,Doctor 9,2023-09-02
P0966,Jessica,Harris,Doctor 17,2023-09-02
P0989,Tyler,Sanchez,Doctor 8,2023-09-02
P1020,Jeffrey,Lopez,Doctor 1,2023-09-02
P1022,Donna,Hall,Doctor 19,2023-09-02
P1160,Richard,Clark,Doctor 13,2023-09-02
P1207,Dennis,Green,Doctor 15,2023-09-02
P1247,Sharon,Thompson,Doctor 8,2023-09-02
P1285,Ronald,Morris,Doctor 12,2023-09-02
P1343,Ruth,Young,Doctor 19,2023-09-02
P1360,Thomas,Taylor,Doctor 15,2023-09-02
P1550,Alexander,Thompson,Doctor 14,2023-09-02
P1644,Jose,Diaz,Doctor 11,2023-09-02
P1660,Benjamin,Young,Doctor 16,2023-09-02
P1880,Kenneth,Sanders,Doctor 14,2023-09-02
P2005,Ronald,Hernandez,Doctor 7,2023-09-02
P2212,Anna,Cook,Doctor 9,2023-09-02
P0397,Joseph,Young,Doctor 7,2023-09-03
P0428,Angela,Hill,Doctor 19,2023-09-03
P0485,Jacob,Diaz,Doctor 6,2023-09-03
P0512,Jessica,Clark,Doctor 20,2023-09-03
P0530,Betty,James,Doctor 2,2023-09-03
P0559,Jose,Castillo,Doctor 20,2023-09-03
P0592,Michelle,Alvarez,Doctor 7,2023-09-03
P0645,Brenda,Harris,Doctor 10,2023-09-03
P0691,Laura,Bailey,Doctor 2,2023-09-03
P0697,Gregory,Rodriguez,Doctor 18,2023-09-03
P0726,Shirley,Mendoza,Doctor 14,2023-09-03
P0840,Samuel,Edwards,Doctor 14,2023-09-03
P0862,Jerry,Thomas,Doctor 2,2023-09-03
P1014,Melissa,Gonzalez,Doctor 10,2023-09-03
P1067,Larry,Chavez,Doctor 6,2023-09-03
P1102,Aaron,Castillo,Doctor 17,2023-09-03
P1233,Barbara,Peterson,Doctor 11,2023-09-03
P1374,Jerry,Anderson,Doctor 9,2023-09-03
P1419,Daniel,Martinez,Doctor 3,2023-09-03
P1449,Patricia,Thompson,Doctor 4,2023-09-03
P1495,Deborah,Anderson,Doctor 15,2023-09-03
P1505,Brian,Phillips,Doctor 7,2023-09-03
P1564,Jose,Kelly,Doctor 14,2023-09-03
P1607,James,Nelson,Doctor 12,2023-09-03
P1611,Donna,Evans,Doctor 11,2023-09-03
P1824,Anna,Cooper,Doctor 7,2023-09-03
P1868,Rebecca,Ramos,Doctor 1,2023-09-03
P1903,Brandon,Hughes,Doctor 9,2023-09-03
P1960,Lisa,Gutierrez,Doctor 15,2023-09-03
P2088,Christopher,Bennett,Doctor 3,2023-09-03
P2289,Betty,Scott,Doctor 2,2023-09-03
P2289,Betty,Scott,Doctor 2,2023-09-03
P0227,Ryan,Morales,Doctor 2,2023-09-04
P0271,Deborah,Murphy,Doctor 4,2023-09-04
P0309,Nicholas,Morris,Doctor 5,2023-09-04
P0332,Sharon,Taylor,Doctor 4,2023-09-04
P0333,Sarah,Parker,Doctor 15,2023-09-04
P0428,Angela,Hill,Doctor 19,2023-09-04
P0466,Joseph,Green,Doctor 10,2023-09-04
P0466,Joseph,Green,Doctor 10,2023-09-04
P0668,Karen,Murphy,Doctor 13,2023-09-04
P0739,Jack,Ortiz,Doctor 14,2023-09-04
P0875,Jason,Flores,Doctor 10,2023-09-04
P0945,Joshua,Ramos,Doctor 13,2023-09-04
P1000,Susan,Ward,Doctor 8,2023-09-04
P1116,Steven,Wilson,Doctor 14,2023-09-04
P1133,Ronald,Hughes,Doctor 8,2023-09-04
P1201,Laura,Kim,Doctor 19,2023-09-04
P1233,Barbara,Peterson,Doctor 11,2023-09-04
P1304,Steven,Turner,Doctor 19,2023-09-04
P1367,Virginia,Allen,Doctor 18,2023-09-04
P1497,Elizabeth,Nelson,Doctor 4,2023-09-04
P1498,Angela,Perez,Doctor 10,2023-09-04
P1619,Eric,Alvarez,Doctor 6,2023-09-04
P1639,Linda,Turner,Doctor 19,2023-09-04
P1725,Robert,Wilson,Doctor 18,2023-09-04
P1726,Karen,Adams,Doctor 16,2023-09-04
P1897,Samuel,Williams,Doctor 11,2023-09-04
P1934,Frank,James,Doctor 2,2023-09-04
P1989,Melissa,Carter,Doctor 12,2023-09-04
P2027,Karen,Smith,Doctor 8,2023-09-04
P2065,Brenda,Cruz,Doctor 1,2023-09-04
P2168,Patricia,Johnson,Doctor 11,2023-09-04
P2172,Steven,Robinson,Doctor 18,2023-09-04
P2244,Michael,Bennett,Doctor 16,2023-09-04
P2279,Sandra,Peterson,Doctor 18,2023-09-04
P0030,Angela,Brooks,Doctor 1,2023-09-05
P0080,Brenda,Rodriguez,Doctor 20,2023-09-05
P0110,Jacob,Watson,Doctor 19,2023-09-05
P0255,Ronald,Bailey,Doctor 9,2023-09-05
P0288,Jeffrey,Young,Doctor 18,2023-09-05
P0327,Samuel,Nguyen,Doctor 7,2023-09-05
P0399,Nancy,Mitchell,Doctor 6,2023-09-05
P0647,Matthew,Scott,Doctor 12,2023-09-05
P0690,Linda,Gutierrez,Doctor 19,2023-09-05
P0834,Kimberly,Ruiz,Doctor 3,2023-09-05
P0892,Karen,Baker,Doctor 1,2023-09-05
P0899,Mary,Jackson,Doctor 2,2023-09-05
P0935,Dennis,Ortiz,Doctor 18,2023-09-05
P1055,Christopher,Chavez,Doctor 4,2023-09-05
P1146,Betty,Garcia,Doctor 20,2023-09-05
P1166,Melissa,Clark,Doctor 20,2023-09-05
P1274,Helen,Gutierrez,Doctor 12,2023-09-05
P1331,Cynthia,Reyes,Doctor 9,2023-09-05
P1344,Cynthia,Brown,Doctor 3,2023-09-05
P1774,David,Howard,Doctor 17,2023-09-05
P1824,Anna,Cooper,Doctor 7,2023-09-05
P1830,Gregory,Williams,Doctor 15,2023-09-05
P2014,Betty,Reed,Doctor 8,2023-09-05
P2061,Gary,Turner,Doctor 8,2023-09-05
P2129,Sandra,Robinson,Doctor 8,2023-09-05
P2158,Brian,Ortiz,Doctor 17,2023-09-05
P2293,Donna,Wright,Doctor 7,2023-09-05
P2301,Dorothy,Martin,Doctor 11,2023-09-05
P0009,Helen,White,Doctor 13,2023-09-06
P0021,Helen,Young,Doctor 15,2023-09-06
P0140,Melissa,Adams,Doctor 20,2023-09-06
P0153,Edward,Clark,Doctor 20,2023-09-06
P0171,Anthony,Clark,Doctor 15,2023-09-06
P0189,Christopher,James,Doctor 12,2023-09-06
P0192,Jonathan,Morgan,Doctor 12,2023-09-06
P0212,Helen,Collins,Doctor 20,2023-09-06
P0349,Barbara,Green,Doctor 14,2023-09-06
P0403,Benjamin,Kim,Doctor 5,2023-09-06
P0429,Laura,Alvarez,Doctor 11,2023-09-06
P0457,David,Phillips,Doctor 11,2023-09-06
P0476,Richard,Sanchez,Doctor 17,2023-09-06
P0494,Thomas,Miller,Doctor 7,2023-09-06
P0618,Frank,Anderson,Doctor 19,2023-09-06
P0652,Timothy,Rogers,Doctor 10,2023-09-06
P0662,Ruth,Gomez,Doctor 1,2023-09-06
P0900,Laura,Sanders,Doctor 10,2023-09-06
P0926,Amy,Lee,Doctor 7,2023-09-06
P0948,Edward,Morgan,Doctor 9,2023-09-06
P1105,Steven,Flores,Doctor 16,2023-09-06
P1176,Karen,Miller,Doctor 3,2023-09-06
P1204,Melissa,Sanders,Doctor 11,2023-09-06
P1232,Sharon,Kim,Doctor 9,2023-09-06
P1237,Linda,Hernandez,Doctor 18,2023-09-06
P1246,Jason,Bailey,Doctor 11,2023-09-06
P1268,Rebecca,Jackson,Doctor 12,2023-09-06
P1338,Mary,Clark,Doctor 14,2023-09-06
P1544,Shirley,Clark,Doctor 13,2023-09-06
P1704,Kimberly,Kelly,Doctor 4,2023-09-06
P1809,Betty,Smith,Doctor 11,2023-09-06
P2030,Dennis,Watson,Doctor 4,2023-09-06
P2251,Steven,Thomas,Doctor 4,2023-09-06
P0069,Eric,Reyes,Doctor 1,2023-09-07
P0077,William,Williams,Doctor 8,2023-09-07
P0239,Kimberly,White,Doctor 4,2023-09-07
P0257,Jacob,Myers,Doctor 4,2023-09-07
P0403,Benjamin,Kim,Doctor 4,2023-09-07
P0729,Thomas,Smith,Doctor 8,2023-09-07
P0807,Alexander,Davis,Doctor 5,2023-09-07
P0830,Barbara,Chavez,Doctor 12,2023-09-07
P0939,Donald,Turner,Doctor 13,2023-09-07
P1116,Steven,Wilson,Doctor 14,2023-09-07
P1162,Barbara,Ward,Doctor 1,2023-09-07
P1162,Barbara,Ward,Doctor 9,2023-09-07
P1177,Patrick,Ruiz,Doctor 20,2023-09-07
P1198,Richard,Allen,Doctor 19,2023-09-07
P1249,Jacob,Castillo,Doctor 18,2023-09-07
P1252,Brian,Young,Doctor 6,2023-09-07
P1338,Mary,Clark,Doctor 14,2023-09-07
P1387,Jack,Reed,Doctor 11,2023-09-07
P1405,Larry,Harris,Doctor 6,2023-09-07
P1420,Timothy,Campbell,Doctor 5,2023-09-07
P1486,Richard,Phillips,Doctor 20,2023-09-07
P1488,Emma,Ward,Doctor 11,2023-09-07
P1508,Jerry,Hughes,Doctor 7,2023-09-07
P1695,Emma,Morgan,Doctor 2,2023-09-07
P1784,Jonathan,Stewart,Doctor 18,2023-09-07
P1804,Patricia,Perez,Doctor 3,2023-09-07
P1823,Sharon,Lopez,Doctor 7,2023-09-07
P1884,Alexander,Mendoza,Doctor 7,2023-09-07
P1891,Kimberly,Morgan,Doctor 9,2023-09-07
P1894,Sarah,Miller,Doctor 3,2023-09-07
P1919,Kimberly,Anderson,Doctor 4,2023-09-07
P2059,Susan,Nelson,Doctor 18,2023-09-07
P2114,Jerry,Jackson,Doctor 20,2023-09-07
P2117,Dennis,Peterson,Doctor 20,2023-09-07
P2170,Jonathan,Morris,Doctor 2,2023-09-07
P2175,Sarah,Wood,Doctor 11,2023-09-07
P2186,Joshua,Cox,Doctor 7,2023-09-07
P0051,Benjamin,Torres,Doctor 19,2023-09-08
P0071,Lisa,Cruz,Doctor 3,2023-09-08
P0160,Larry,Peterson,Doctor 9,2023-09-08
P0168,Kenneth,Walker,Doctor 13,2023-09-08
P0171,Anthony,Clark,Doctor 16,2023-09-08
P0410,Ruth,Watson,Doctor 7,2023-09-08
P0430,Kevin,White,Doctor 3,2023-09-08
P0433,Anthony,Johnson,Doctor 8,2023-09-08
P0524,Sarah,Young,Doctor 14,2023-09-08
P0569,Christopher,Cruz,Doctor 14,2023-09-08
P0623,Daniel,Gomez,Doctor 9,2023-09-08
P0731,Jessica,Mendoza,Doctor 8,2023-09-08
P0815,Sarah,Wilson,Doctor 12,2023-09-08
P0818,Ruth,Harris,Doctor 16,2023-09-08
P0938,Kathleen,Turner,Doctor 13,2023-09-08
P1070,Benjamin,Lee,Doctor 5,2023-09-08
P1071,Charles,Lewis,Doctor 13,2023-09-08
P1107,Michael,Harris,Doctor 1,2023-09-08
P1145,Deborah,Patel,Doctor 17,2023-09-08
P1290,Matthew,Diaz,Doctor 5,2023-09-08
P1425,Lisa,Hill,Doctor 1,2023-09-08
P1466,Cynthia,Ruiz,Doctor 9,2023-09-08
P1480,Michael,Brooks,Doctor 10,2023-09-08
P1516,Laura,Taylor,Doctor 13,2023-09-08
P1652,Shirley,Flores,Doctor 3,2023-09-08
P1685,Nicholas,Reyes,Doctor 2,2023-09-08
P2068,Kathleen,Morris,Doctor 14,2023-09-08
P2131,Virginia,Stewart,Doctor 8,2023-09-08
P2152,Lisa,Wood,Doctor 10,2023-09-08
P2159,Susan,Parker,Doctor 4,2023-09-08
P2222,Eric,Roberts,Doctor 16,2023-09-08
P0054,Thomas,Rodriguez,Doctor 14,2023-09-09
P0163,Kimberly,Sanders,Doctor 7,2023-09-09
P0275,Jerry,Ramos,Doctor 20,2023-09-09
P0278,Melissa,Wilson,Doctor 11,2023-09-09
P0403,Benjamin,Kim,Doctor 13,2023-09-09
P0409,Patrick,Diaz,Doctor 10,2023-09-09
P0419,Kevin,Nelson,Doctor 2,2023-09-09
P0473,Frank,Phillips,Doctor 16,2023-09-09
P0620,Christopher,Kim,Doctor 6,2023-09-09
P0690,Linda,Gutierrez,Doctor 4,2023-09-09
P0706,Benjamin,Chavez,Doctor 10,2023-09-09
P0708,John,Sanchez,Doctor 1,2023-09-09
P0790,Matthew,Carter,Doctor 17,2023-09-09
P0870,Patrick,Clark,Doctor 20,2023-09-09
P0950,Ryan,Cook,Doctor 13,2023-09-09
P1040,Kimberly,Edwards,Doctor 18,2023-09-09
P1272,Virginia,Castillo,Doctor 15,2023-09-09
P1500,Ruth,Thompson,Doctor 8,2023-09-09
P1506,Joshua,Anderson,Doctor 10,2023-09-09
P1570,Sarah,Edwards,Doctor 3,2023-09-09
P1624,Daniel,Wilson,Doctor 3,2023-09-09
P1628,Kenneth,Morales,Doctor 1,2023-09-09
P1674,Elizabeth,Baker,Doctor 8,2023-09-09
P1735,Jonathan,Wood,Doctor 20,2023-09-09
P1813,Brenda,Myers,Doctor 5,2023-09-09
P1836,Alexander,King,Doctor 19,2023-09-09
P2023,Sandra,Ortiz,Doctor 9,2023-09-09
P2165,Michael,Collins,Doctor 10,2023-09-09
P2165,Michael,Collins,Doctor 13,2023-09-09
P2183,Tyler,Alvarez,Doctor 5,2023-09-09
P2224,Edward,Howard,Doctor 4,2023-09-09
P2230,Donald,Sanchez,Doctor 17,2023-09-09
P0050,Jerry,Clark,Doctor 17,2023-09-10
P0059,Aaron,Garcia,Doctor 6,2023-09-10
P0101,Ruth,Campbell,Doctor 20,2023-09-10
P0136,Nicholas,Ramirez,Doctor 16,2023-09-10
P0167,Thomas,Robinson,Doctor 15,2023-09-10
P0232,Helen,Murphy,Doctor 7,2023-09-10
P0256,Daniel,Jackson,Doctor 18,2023-09-10
P0294,Joseph,Bailey,Doctor 6,2023-09-10
P0303,Joshua,Hill,Doctor 5,2023-09-10
P0329,Anthony,Martinez,Doctor 17,2023-09-10
P0369,William,Nelson,Doctor 9,2023-09-10
P0658,James,Morris,Doctor 15,2023-09-10
P0728,Michael,Cruz,Doctor 9,2023-09-10
P0773,Donna,Alvarez,Doctor 2,2023-09-10
P0799,Sharon,Allen,Doctor 6,2023-09-10
P0808,Donald,Rodriguez,Doctor 17,2023-09-10
P0842,Nicholas,Rodriguez,Doctor 17,2023-09-10
P0865,Sarah,Roberts,Doctor 3,2023-09-10
P0965,Ronald,Anderson,Doctor 1,2023-09-10
P1035,Lisa,Lopez,Doctor 14,2023-09-10
P1040,Kimberly,Edwards,Doctor 18,2023-09-10
P1280,Angela,Stewart,Doctor 16,2023-09-10
P1360,Thomas,Taylor,Doctor 12,2023-09-10
P1381,Donald,Perez,Doctor 14,2023-09-10
P1381,Donald,Perez,Doctor 14,2023-09-10
P1683,Jacob,Robinson,Doctor 13,2023-09-10
P1694,Dorothy,Cox,Doctor 13,2023-09-10
P1818,Tyler,Young,Doctor 7,2023-09-10
P1870,George,Stewart,Doctor 12,2023-09-10
P1994,Michelle,Rivera,Doctor 3,2023-09-10
P1997,Mary,Diaz,Doctor 2,2023-09-10
P2021,Brian,Gomez,Doctor 2,2023-09-10
P2044,Aaron,Price,Doctor 20,2023-09-10
P0053,Laura,Turner,Doctor 6,2023-09-11
P0087,Karen,Robinson,Doctor 6,2023-09-11
P0279,Emma,Gomez,Doctor 14,2023-09-11
P0459,Sarah,Perez,Doctor 2,2023-09-11
P0778,Ruth,White,Doctor 18,2023-09-11
P0881,Kimberly,Ramirez,Doctor 11,2023-09-11
P0894,Stephen,Taylor,Doctor 13,2023-09-11
P1037,George,Gonzalez,Doctor 11,2023-09-11
P1079,Elizabeth,Bennett,Doctor 3,2023-09-11
P1228,Nicholas,Young,Doctor 16,2023-09-11
P1264,Anthony,Lee,Doctor 12,2023-09-11
P1292,Laura,Young,Doctor 5,2023-09-11
P1392,Alexander,Sanchez,Doctor 15,2023-09-11
P1424,Kimberly,Peterson,Doctor 2,2023-09-11
P1436,George,White,Doctor 12,2023-09-11
P1449,Patricia,Thompson,Doctor 4,2023-09-11
P1477,Matthew,Lewis,Doctor 7,2023-09-11
P1495,Deborah,Anderson,Doctor 15,2023-09-11
P1529,Brenda,Scott,Doctor 6,2023-09-11
P1592,Michelle,Clark,Doctor 10,2023-09-11
P1618,Daniel,King,Doctor 17,2023-09-11
P1756,Michelle,King,Doctor 4,2023-09-11
P1777,Raymond,Martin,Doctor 10,2023-09-11
P1828,Aaron,Smith,Doctor 1,2023-09-11
P1943,Jennifer,Ramirez,Doctor 4,2023-09-11
P1986,Sarah,Phillips,Doctor 12,2023-09-11
P2021,Brian,Gomez,Doctor 9,2023-09-11
P2044,Aaron,Price,Doctor 14,2023-09-11
P2061,Gary,Turner,Doctor 8,2023-09-11
P2071,Justin,Jackson,Doctor 18,2023-09-11
P2139,Andrew,Rogers,Doctor 11,2023-09-11
P0021,Helen,Young,Doctor 15,2023-09-12
P0214,Jason,Torres,Doctor 20,2023-09-12
P0240,Dennis,Thomas,Doctor 6,2023-09-12
P0507,Mary,Johnson,Doctor 17,2023-09-12
P0507,Mary,Johnson,Doctor 17,2023-09-12
P0612,Karen,Turner,Doctor 8,2023-09-12
P0791,Donald,Ward,Doctor 5,2023-09-12
P0977,Justin,Ortiz,Doctor 14,2023-09-12
P1025,Nancy,Rodriguez,Doctor 4,2023-09-12
P1037,George,Gonzalez,Doctor 15,2023-09-12
P1097,Samuel,Myers,Doctor 2,2023-09-12
P1112,Brandon,Gomez,Doctor 12,2023-09-12
P1125,Raymond,Thompson,Doctor 17,2023-09-12
P1138,Karen,Ramos,Doctor 13,2023-09-12
P1247,Sharon,Thompson,Doctor 8,2023-09-12
P1258,Kathleen,Thomas,Doctor 7,2023-09-12
P1285,Ronald,Morris,Doctor 2,2023-09-12
P1361,Patrick,Gomez,Doctor 1,2023-09-12
P1511,Linda,Evans,Doctor 12,2023-09-12
P1513,Richard,Nguyen,Doctor 15,2023-09-12
P1536,Steven,Price,Doctor 1,2023-09-12
P1570,Sarah,Edwards,Doctor 3,2023-09-12
P1791,Jose,Cooper,Doctor 18,2023-09-12
P1818,Tyler,Young,Doctor 7,2023-09-12
P1859,Dorothy,Alvarez,Doctor 7,2023-09-12
P1895,Kevin,Chavez,Doctor 16,2023-09-12
P1953,Kathleen,Adams,Doctor 15,2023-09-12
P2090,Patricia,Kim,Doctor 1,2023-09-12
P2158,Brian,Ortiz,Doctor 17,2023-09-12
P2171,Jonathan,Flores,Doctor 18,2023-09-12
P0030,Angela,Brooks,Doctor 11,2023-09-13
P0102,Brian,Cook,Doctor 10,2023-09-13
P0135,Linda,White,Doctor 4,2023-09-13
P0157,Lisa,Martin,Doctor 20,2023-09-13
P0296,Deborah,Baker,Doctor 6,2023-09-13
P0308,Brian,Brown,Doctor 12,2023-09-13
P0337,William,Wright,Doctor 7,2023-09-13
P0357,Gary,Hill,Doctor 19,2023-09-13
P0362,Matthew,Peterson,Doctor 20,2023-09-13
P0374,Aaron,Moore,Doctor 8,2023-09-13
P0400,Steven,Morgan,Doctor 14,2023-09-13
P0483,George,Ortiz,Doctor 11,2023-09-13
P0499,Amy,Adams,Doctor 10,2023-09-13
P0556,Kathleen,Taylor,Doctor 5,2023-09-13
P0648,Shirley,Rogers,Doctor 16,2023-09-13
P0827,Scott,Ramos,Doctor 9,2023-09-13
P0832,Tyler,Gutierrez,Doctor 10,2023-09-13
P0863,Linda,Gomez,Doctor 18,2023-09-13
P0979,John,Rogers,Doctor 3,2023-09-13
P0981,Jonathan,Hall,Doctor 16,2023-09-13
P1006,William,Parker,Doctor 18,2023-09-13
P1007,Shirley,Cooper,Doctor 11,2023-09-13
P1125,Raymond,Thompson,Doctor 17,2023-09-13
P1412,James,Jackson,Doctor 11,2023-09-13
P1431,Jeffrey,Stewart,Doctor 20,2023-09-13
P1469,Robert,Roberts,Doctor 14,2023-09-13
P1518,Steven,Young,Doctor 5,2023-09-13
P1579,Donald,Hill,Doctor 10,2023-09-13
P1612,Frank,Baker,Doctor 14,2023-09-13
P2011,Susan,Ortiz,Doctor 8,2023-09-13
P2100,Sandra,Morgan,Doctor 15,2023-09-13
P2104,Kevin,Cook,Doctor 8,2023-09-13
P2145,Anna,Morales,Doctor 1,2023-09-13
P2163,Jacob,Lopez,Doctor 1,2023-09-13
P2285,Jack,Patel,Doctor 16,2023-09-13
P0200,Eric,Patel,Doctor 8,2023-09-14
P0221,Nancy,Anderson,Doctor 17,2023-09-14
P0221,Nancy,Anderson,Doctor 11,2023-09-14
P0372,Anna,Jackson,Doctor 14,2023-09-14
P0456,Jonathan,Jackson,Doctor 17,2023-09-14
P0499,Amy,Adams,Doctor 7,2023-09-14
P0544,Ruth,Baker,Doctor 4,2023-09-14
P0549,Laura,Rogers,Doctor 7,2023-09-14
P0587,Gary,Martin,Doctor 20,2023-09-14
P0650,Frank,Allen,Doctor 9,2023-09-14
P0719,Deborah,Williams,Doctor 3,2023-09-14
P0747,Sarah,Cox,Doctor 9,2023-09-14
P0761,Barbara,Walker,Doctor 10,2023-09-14
P0770,George,James,Doctor 13,2023-09-14
P0808,Donald,Rodriguez,Doctor 6,2023-09-14
P0812,Kimberly,Cruz,Doctor 11,2023-09-14
P0910,Kevin,Gutierrez,Doctor 1,2023-09-14
P0957,George,Patel,Doctor 19,2023-09-14
P1002,Helen,Kelly,Doctor 8,2023-09-14
P1022,Donna,Hall,Doctor 19,2023-09-14
P1106,Lisa,White,Doctor 15,2023-09-14
P1135,Kathleen,Perez,Doctor 8,2023-09-14
P1464,Ronald,Flores,Doctor 15,2023-09-14
P1540,Jessica,Thomas,Doctor 6,2023-09-14
P1591,Angela,Hughes,Doctor 3,2023-09-14
P1591,Angela,Hughes,Doctor 20,2023-09-14
P1667,George,Cooper,Doctor 11,2023-09-14
P1671,Jason,White,Doctor 2,2023-09-14
P1808,Lisa,Wright,Doctor 18,2023-09-14
P1870,George,Stewart,Doctor 10,2023-09-14
P1873,Nancy,Nguyen,Doctor 15,2023-09-14
P1945,Shirley,Murphy,Doctor 8,2023-09-14
P1959,James,Lee,Doctor 10,2023-09-14
P2083,Brandon,Diaz,Doctor 14,2023-09-14
P2089,Jose,Chavez,Doctor 19,2023-09-14
P2188,Richard,Gray,Doctor 20,2023-09-14
P2191,Edward,Brown,Doctor 5,2023-09-14
P0028,Sarah,Ward,Doctor 9,2023-09-15
P0164,Ronald,Young,Doctor 2,2023-09-15
P0170,Aaron,Williams,Doctor 8,2023-09-15
P0246,Sandra,Ramos,Doctor 20,2023-09-15
P0450,Angela,Scott,Doctor 4,2023-09-15
P0458,Dennis,Adams,Doctor 5,2023-09-15
P0473,Frank,Phillips,Doctor 11,2023-09-15
P0479,Jose,Brown,Doctor 8,2023-09-15
P0716,Carol,Wright,Doctor 8,2023-09-15
P0738,Lisa,Castillo,Doctor 8,2023-09-15
P0761,Barbara,Walker,Doctor 19,2023-09-15
P0762,Jacob,Brown,Doctor 2,2023-09-15
P0797,Rebecca,Garcia,Doctor 16,2023-09-15
P0852,Joshua,Kelly,Doctor 9,2023-09-15
P0939,Donald,Turner,Doctor 10,2023-09-15
P1083,Scott,Scott,Doctor 5,2023-09-15
P1104,Betty,Sanchez,Doctor 14,2023-09-15
P1414,Richard,White,Doctor 4,2023-09-15
P1496,Larry,Baker,Doctor 20,2023-09-15
P1706,Larry,White,Doctor 4,2023-09-15
P1903,Brandon,Hughes,Doctor 9,2023-09-15
P1928,Samuel,White,Doctor 6,2023-09-15
P1979,Jack,Ramirez,Doctor 4,2023-09-15
P1988,Robert,Perez,Doctor 15,2023-09-15
P2247,William,Morris,Doctor 16,2023-09-15
P0182,Timothy,Kelly,Doctor 18,2023-09-16
P0198,Laura,Reed,Doctor 17,2023-09-16
P0304,Melissa,Edwards,Doctor 15,2023-09-16
P0320,James,Hill,Doctor 18,2023-09-16
P0362,Matthew,Peterson,Doctor 20,2023-09-16
P0390,Kevin,Clark,Doctor 2,2023-09-16
P0438,Joshua,Torres,Doctor 12,2023-09-16
P0470,Sandra,Carter,Doctor 5,2023-09-16
P0477,Cynthia,Thomas,Doctor 5,2023-09-16
P0604,Sandra,Ward,Doctor 17,2023-09-16
P0616,Nicholas,Gutierrez,Doctor 17,2023-09-16
P0652,Timothy,Rogers,Doctor 15,2023-09-16
P0960,Shirley,Cook,Doctor 14,2023-09-16
P0968,Scott,Cooper,Doctor 8,2023-09-16
P0991,Gary,Chavez,Doctor 15,2023-09-16
P1044,George,Flores,Doctor 10,2023-09-16
P1049,Lisa,Collins,Doctor 8,2023-09-16
P1242,Sharon,Rogers,Doctor 6,2023-09-16
P1254,Raymond,Richardson,Doctor 13,2023-09-16
P1303,Gregory,Hall,Doctor 14,2023-09-16
P1385,Steven,Reyes,Doctor 6,2023-09-16
P1513,Richard,Nguyen,Doctor 8,2023-09-16
P1543,Sarah,Hughes,Doctor 8,2023-09-16
P1640,Nancy,Rogers,Doctor 3,2023-09-16
P1760,Ryan,Brooks,Doctor 12,2023-09-16
P1803,Ronald,Chavez,Doctor 11,2023-09-16
P1954,Daniel,Price,Doctor 11,2023-09-16
P1960,Lisa,Gutierrez,Doctor 4,2023-09-16
P2000,Aaron,Myers,Doctor 1,2023-09-16
P2002,Sarah,Turner,Doctor 11,2023-09-16
P2027,Karen,Smith,Doctor 15,2023-09-16
P2060,Brenda,Miller,Doctor 19,2023-09-16
P2083,Brandon,Diaz,Doctor 1,2023-09-16
P2093,Scott,Reyes,Doctor 13,2023-09-16
P2139,Andrew,Rogers,Doctor 2,2023-09-16
P2163,Jacob,Lopez,Doctor 1,2023-09-16
P2264,Samuel,Morris,Doctor 4,2023-09-16
P2268,Steven,Evans,Doctor 3,2023-09-16
P0048,Scott,Rivera,Doctor 3,2023-09-17
P0076,Emma,Kelly,Doctor 12,2023-09-17
P0132,Carol,Jones,Doctor 17,2023-09-17
P0201,Kevin,Roberts,Doctor 18,2023-09-17
P0235,David,King,Doctor 18,2023-09-17
P0248,Sandra,Lopez,Doctor 1,2023-09-17
P0626,Sarah,Brown,Doctor 10,2023-09-17
P0711,Lisa,Hall,Doctor 11,2023-09-17
P0836,Michelle,Harris,Doctor 8,2023-09-17
P0956,Edward,Gonzalez,Doctor 9,2023-09-17
P1040,Kimberly,Edwards,Doctor 18,2023-09-17
P1062,Jose,Robinson,Doctor 5,2023-09-17
P1071,Charles,Lewis,Doctor 13,2023-09-17
P1083,Scott,Scott,Doctor 5,2023-09-17
P1112,Brandon,Gomez,Doctor 12,2023-09-17
P1149,Joshua,Roberts,Doctor 17,2023-09-17
P1152,Justin,Lee,Doctor 12,2023-09-17
P1165,Michelle,Chavez,Doctor 9,2023-09-17
P1169,Sandra,Baker,Doctor 13,2023-09-17
P1181,Nancy,Sanchez,Doctor 10,2023-09-17
P1287,Carol,Turner,Doctor 9,2023-09-17
P1297,Joshua,Ruiz,Doctor 15,2023-09-17
P1306,Carol,Kim,Doctor 9,2023-09-17
P1469,Robert,Roberts,Doctor 6,2023-09-17
P1525,Sharon,King,Doctor 10,2023-09-17
P1569,Betty,Ruiz,Doctor 1,2023-09-17
P1605,James,Clark,Doctor 4,2023-09-17
P1626,Eric,Peterson,Doctor 17,2023-09-17
P1634,Benjamin,Kelly,Doctor 8,2023-09-17
P1861,Kathleen,Gonzalez,Doctor 5,2023-09-17
P1937,Ryan,Reyes,Doctor 11,2023-09-17
P1973,Andrew,Robinson,Doctor 4,2023-09-17
P1978,Sharon,Alvarez,Doctor 12,2023-09-17
P2062,Jason,Morales,Doctor 2,2023-09-17
P2188,Richard,Gray,Doctor 17,2023-09-17
P2215,Amy,Hernandez,Doctor 6,2023-09-17
P0040,Larry,Martinez,Doctor 3,2023-09-18
P0070,Mary,Thomas,Doctor 6,2023-09-18
P0174,Timothy,Ortiz,Doctor 10,2023-09-18
P0253,Donald,Jackson,Doctor 20,2023-09-18
P0381,Thomas,Morales,Doctor 2,2023-09-18
P0451,Jessica,Ortiz,Doctor 9,2023-09-18
P0451,Jessica,Ortiz,Doctor 15,2023-09-18
P0500,Cynthia,Gutierrez,Doctor 16,2023-09-18
P0623,Daniel,Gomez,Doctor 9,2023-09-18
P0700,Ruth,Morgan,Doctor 18,2023-09-18
P0720,Donna,Kim,Doctor 9,2023-09-18
P0901,Nancy,Hernandez,Doctor 18,2023-09-18
P0911,Sharon,Hernandez,Doctor 12,2023-09-18
P0915,Donna,Scott,Doctor 10,2023-09-18
P1026,Alexander,Reyes,Doctor 11,2023-09-18
P1145,Deborah,Patel,Doctor 17,2023-09-18
P1300,Kathleen,Cox,Doctor 19,2023-09-18
P1365,Sarah,Jones,Doctor 6,2023-09-18
P1384,Ronald,Murphy,Doctor 20,2023-09-18
P1451,Jonathan,Murphy,Doctor 3,2023-09-18
P1530,Kevin,Gray,Doctor 19,2023-09-18
P1573,Andrew,Morris,Doctor 4,2023-09-18
P1744,David,Lewis,Doctor 3,2023-09-18
P1772,Laura,Wood,Doctor 3,2023-09-18
P1841,Rebecca,Turner,Doctor 3,2023-09-18
P2028,William,Perez,Doctor 16,2023-09-18
P2073,Virginia,Young,Doctor 18,2023-09-18
P2124,Edward,Sanders,Doctor 5,2023-09-18
P2180,Brian,Campbell,Doctor 9,2023-09-18
P2292,Nancy,Nelson,Doctor 11,2023-09-18
P0024,Jose,Williams,Doctor 2,2023-09-19
P0127,Matthew,Phillips,Doctor 6,2023-09-19
P0169,Betty,Kim,Doctor 17,2023-09-19
P0231,Emma,Roberts,Doctor 10,2023-09-19
P0289,Lisa,Parker,Doctor 9,2023-09-19
P0447,Donna,Brooks,Doctor 10,2023-09-19
P0501,Joshua,Brown,Doctor 13,2023-09-19
P0558,Charles,Hall,Doctor 12,2023-09-19
P0593,Charles,Mendoza,Doctor 12,2023-09-19
P0759,Sharon,Nguyen,Doctor 4,2023-09-19
P0936,Rebecca,Morales,Doctor 15,2023-09-19
P0957,George,Patel,Doctor 14,2023-09-19
P0998,Karen,Hill,Doctor 12,2023-09-19
P1000,Susan,Ward,Doctor 8,2023-09-19
P1058,Nancy,Morris,Doctor 19,2023-09-19
P1243,Eric,Campbell,Doctor 4,2023-09-19
P1250,Donna,Sanders,Doctor 12,2023-09-19
P1345,Jonathan,Morales,Doctor 12,2023-09-19
P1383,Mary,Wright,Doctor 13,2023-09-19
P1407,Sandra,Ruiz,Doctor 7,2023-09-19
P1583,William,Baker,Doctor 11,2023-09-19
P1603,Sharon,Richardson,Doctor 14,2023-09-19
P1842,Matthew,Martin,Doctor 15,2023-09-19
P1900,James,Hernandez,Doctor 18,2023-09-19
P1930,Dennis,Moore,Doctor 5,2023-09-19
P2075,Brian,Wilson,Doctor 15,2023-09-19
P2135,Frank,Sanchez,Doctor 10,2023-09-19
P2173,Joshua,King,Doctor 19,2023-09-19
P2285,Jack,Patel,Doctor 10,2023-09-19
P0003,Patrick,Nguyen,Doctor 11,2023-09-20
P0134,Frank,White,Doctor 1,2023-09-20
P0156,Jose,Nelson,Doctor 2,2023-09-20
P0747,Sarah,Cox,Doctor 10,2023-09-20
P0977,Justin,Ortiz,Doctor 1,2023-09-20
P1068,Jason,Campbell,Doctor 17,2023-09-20
P1083,Scott,Scott,Doctor 19,2023-09-20
P1359,Donald,Brooks,Doctor 19,2023-09-20
P1496,Larry,Baker,Doctor 20,2023-09-20
P1537,Carol,White,Doctor 13,2023-09-20
P1546,Brandon,Stewart,Doctor 7,2023-09-20
P1588,Laura,Evans,Doctor 14,2023-09-20
P1678,Cynthia,Howard,Doctor 13,2023-09-20
P1735,Jonathan,Wood,Doctor 14,2023-09-20
P1743,Eric,Ward,Doctor 5,2023-09-20
P1778,Ruth,Davis,Doctor 7,2023-09-20
P2060,Brenda,Miller,Doctor 19,2023-09-20
P2169,Gregory,Roberts,Doctor 12,2023-09-20
P2201,Gregory,Nguyen,Doctor 9,2023-09-20
P0010,Kenneth,Bailey,Doctor 18,2023-09-21
P0063,Michelle,Sanders,Doctor 13,2023-09-21
P0185,Robert,Gonzalez,Doctor 17,2023-09-21
P0541,John,Harris,Doctor 4,2023-09-21
P0688,Joseph,Ramos,Doctor 11,2023-09-21
P1006,William,Parker,Doctor 16,2023-09-21
P1399,Michael,Torres,Doctor 4,2023-09-21
P1414,Richard,White,Doctor 4,2023-09-21
P1454,Brian,Ramirez,Doctor 4,2023-09-21
P1465,Raymond,Thomas,Doctor 6,2023-09-21
P1610,Robert,Lewis,Doctor 14,2023-09-21
P1653,Cynthia,Price,Doctor 8,2023-09-21
P1904,Jennifer,Young,Doctor 10,2023-09-21
P1916,Anna,Howard,Doctor 6,2023-09-21
P1935,Alexander,White,Doctor 11,2023-09-21
P2134,Tyler,Moore,Doctor 16,2023-09-21
P2264,Samuel,Morris,Doctor 4,2023-09-21
P2289,Betty,Scott,Doctor 17,2023-09-21
P2303,Betty,Wood,Doctor 12,2023-09-21
P0044,Angela,Rogers,Doctor 18,2023-09-22
P0131,Karen,Young,Doctor 9,2023-09-22
P0220,Raymond,Reed,Doctor 7,2023-09-22
P0248,Sandra,Lopez,Doctor 1,2023-09-22
P0415,Mary,Walker,Doctor 20,2023-09-22
P0476,Richard,Sanchez,Doctor 9,2023-09-22
P0487,Mary,Morales,Doctor 12,2023-09-22
P0533,Ryan,Phillips,Doctor 6,2023-09-22
P0580,James,Edwards,Doctor 20,2023-09-22
P0646,Christopher,Jones,Doctor 4,2023-09-22
P0709,Susan,Wood,Doctor 20,2023-09-22
P0750,Samuel,Jones,Doctor 4,2023-09-22
P0959,Jack,Collins,Doctor 13,2023-09-22
P0970,Karen,Jackson,Doctor 5,2023-09-22
P0977,Justin,Ortiz,Doctor 13,2023-09-22
P1060,James,Robinson,Doctor 12,2023-09-22
P1096,Ruth,Roberts,Doctor 1,2023-09-22
P1101,Lisa,Ruiz,Doctor 5,2023-09-22
P1119,Michelle,Ramos,Doctor 15,2023-09-22
P1301,Timothy,Lewis,Doctor 5,2023-09-22
P1320,Dennis,Bailey,Doctor 14,2023-09-22
P1337,Michelle,Gutierrez,Doctor 12,2023-09-22
P1459,Eric,Thompson,Doctor 4,2023-09-22
P1498,Angela,Perez,Doctor 10,2023-09-22
P1568,Brenda,Clark,Doctor 18,2023-09-22
P1720,Sharon,Stewart,Doctor 20,2023-09-22
P1821,Gregory,Cruz,Doctor 14,2023-09-22
P1845,Sarah,Harris,Doctor 9,2023-09-22
P1873,Nancy,Nguyen,Doctor 2,2023-09-22
P1895,Kevin,Chavez,Doctor 12,2023-09-22
P1926,Nancy,Reyes,Doctor 1,2023-09-22
P1930,Dennis,Moore,Doctor 11,2023-09-22
P1931,Jerry,Phillips,Doctor 9,2023-09-22
P1968,Virginia,Sanders,Doctor 3,2023-09-22
P2025,Jeffrey,Flores,Doctor 10,2023-09-22
P2237,Dorothy,Collins,Doctor 12,2023-09-22
P2257,Scott,Bailey,Doctor 2,2023-09-22
P2279,Sandra,Peterson,Doctor 18,2023-09-22
P0055,Sarah,Gonzalez,Doctor 7,2023-09-23
P0113,Ruth,Wright,Doctor 20,2023-09-23
P0224,Christopher,Martinez,Doctor 9,2023-09-23
P0231,Emma,Roberts,Doctor 10,2023-09-23
P0254,Jennifer,Cook,Doctor 3,2023-09-23
P0290,Joseph,Smith,Doctor 19,2023-09-23
P0296,Deborah,Baker,Doctor 20,2023-09-23
P0339,Daniel,Green,Doctor 7,2023-09-23
P0377,Sandra,Garcia,Doctor 15,2023-09-23
P0386,Larry,Kim,Doctor 12,2023-09-23
P0386,Larry,Kim,Doctor 12,2023-09-23
P0463,Helen,Peterson,Doctor 11,2023-09-23
P0603,Raymond,Mitchell,Doctor 7,2023-09-23
P0725,Anna,Roberts,Doctor 9,2023-09-23
P0900,Laura,Sanders,Doctor 15,2023-09-23
P1011,George,Lee,Doctor 4,2023-09-23
P1303,Gregory,Hall,Doctor 14,2023-09-23
P1427,Michael,Turner,Doctor 16,2023-09-23
P1431,Jeffrey,Stewart,Doctor 6,2023-09-23
P1436,George,White,Doctor 15,2023-09-23
P1463,Tyler,Williams,Doctor 15,2023-09-23
P1469,Robert,Roberts,Doctor 20,2023-09-23
P1573,Andrew,Morris,Doctor 14,2023-09-23
P1584,David,Peterson,Doctor 2,2023-09-23
P1677,Sarah,Wright,Doctor 5,2023-09-23
P1693,Karen,Thompson,Doctor 1,2023-09-23
P1789,Sarah,Walker,Doctor 8,2023-09-23
P1819,Dorothy,Harris,Doctor 12,2023-09-23
P1826,Jessica,Adams,Doctor 4,2023-09-23
P1901,Charles,Thompson,Doctor 5,2023-09-23
P1913,Kenneth,Martin,Doctor 5,2023-09-23
P1969,Brian,Ramos,Doctor 17,2023-09-23
P2019,Ryan,Wright,Doctor 16,2023-09-23
P2072,Andrew,Alvarez,Doctor 20,2023-09-23
P2248,Matthew,Ortiz,Doctor 15,2023-09-23
P0078,Sharon,Wilson,Doctor 2,2023-09-24
P0113,Ruth,Wright,Doctor 2,2023-09-24
P0144,Andrew,Reed,Doctor 14,2023-09-24
P0218,Robert,Davis,Doctor 14,2023-09-24
P0291,Richard,Parker,Doctor 14,2023-09-24
P0293,Robert,Turner,Doctor 2,2023-09-24
P0311,Eric,Williams,Doctor 13,2023-09-24
P0356,Melissa,Wood,Doctor 17,2023-09-24
P0382,Jeffrey,Edwards,Doctor 10,2023-09-24
P0384,Daniel,Ruiz,Doctor 18,2023-09-24
P0518,Mark,Martinez,Doctor 8,2023-09-24
P0536,Robert,Carter,Doctor 13,2023-09-24
P0602,Donna,Harris,Doctor 10,2023-09-24
P0621,Donald,Rogers,Doctor 14,2023-09-24
P0694,Aaron,Morales,Doctor 18,2023-09-24
P0789,Jose,Rodriguez,Doctor 1,2023-09-24
P0860,Helen,Ward,Doctor 10,2023-09-24
P0867,Jonathan,Richardson,Doctor 1,2023-09-24
P0882,Stephen,Rogers,Doctor 6,2023-09-24
P0892,Karen,Baker,Doctor 1,2023-09-24
P0957,George,Patel,Doctor 14,2023-09-24
P1025,Nancy,Rodriguez,Doctor 4,2023-09-24
P1043,Michael,Cook,Doctor 5,2023-09-24
P1054,Jennifer,Reed,Doctor 18,2023-09-24
P1254,Raymond,Richardson,Doctor 13,2023-09-24
P1306,Carol,Kim,Doctor 8,2023-09-24
P1323,Jennifer,Davis,Doctor 3,2023-09-24
P1349,Samuel,Howard,Doctor 14,2023-09-24
P1351,Edward,Garcia,Doctor 4,2023-09-24
P1400,Donna,Patel,Doctor 9,2023-09-24
P1457,Emma,Allen,Doctor 18,2023-09-24
P1562,William,Flores,Doctor 1,2023-09-24
P1564,Jose,Kelly,Doctor 19,2023-09-24
P1668,Stephen,Green,Doctor 13,2023-09-24
P1922,Andrew,Stewart,Doctor 16,2023-09-24
P2052,Jason,Robinson,Doctor 6,2023-09-24
P2259,Linda,Chavez,Doctor 16,2023-09-24
P0015,Patricia,Sanchez,Doctor 3,2023-09-25
P0105,Kimberly,Bailey,Doctor 7,2023-09-25
P0121,Scott,White,Doctor 20,2023-09-25
P0329,Anthony,Martinez,Doctor 19,2023-09-25
P0627,Edward,Mitchell,Doctor 8,2023-09-25
P0840,Samuel,Edwards,Doctor 14,2023-09-25
P0916,Ronald,Scott,Doctor 18,2023-09-25
P0939,Donald,Turner,Doctor 10,2023-09-25
P0958,Gary,Carter,Doctor 15,2023-09-25
P0968,Scott,Cooper,Doctor 7,2023-09-25
P0997,Donna,Nguyen,Doctor 8,2023-09-25
P1103,Emma,Ortiz,Doctor 9,2023-09-25
P1151,Gary,Walker,Doctor 8,2023-09-25
P1254,Raymond,Richardson,Doctor 13,2023-09-25
P1283,Jennifer,Hernandez,Doctor 4,2023-09-25
P1336,Jack,Roberts,Doctor 14,2023-09-25
P1566,Donald,Stewart,Doctor 3,2023-09-25
P1611,Donna,Evans,Doctor 11,2023-09-25
P1638,Joseph,Price,Doctor 8,2023-09-25
P1939,Jennifer,Gutierrez,Doctor 17,2023-09-25
P1967,Nicholas,Kelly,Doctor 2,2023-09-25
P2067,Sarah,Howard,Doctor 11,2023-09-25
P2263,Eric,Green,Doctor 15,2023-09-25
P0213,Ryan,Scott,Doctor 12,2023-09-26
P0286,Scott,Smith,Doctor 15,2023-09-26
P0305,Laura,Hill,Doctor 15,2023-09-26
P0449,Virginia,Price,Doctor 15,2023-09-26
P0527,Sarah,Nelson,Doctor 9,2023-09-26
P0616,Nicholas,Gutierrez,Doctor 17,2023-09-26
P0685,Christopher,Allen,Doctor 5,2023-09-26
P0722,Virginia,Martin,Doctor 20,2023-09-26
P0866,Sandra,Young,Doctor 2,2023-09-26
P0923,Joseph,Brown,Doctor 11,2023-09-26
P0960,Shirley,Cook,Doctor 14,2023-09-26
P0970,Karen,Jackson,Doctor 5,2023-09-26
P1367,Virginia,Allen,Doctor 18,2023-09-26
P1532,Michelle,Price,Doctor 13,2023-09-26
P1532,Michelle,Price,Doctor 2,2023-09-26
P1554,Sarah,Scott,Doctor 7,2023-09-26
P1663,Edward,Parker,Doctor 15,2023-09-26
P1958,Brenda,Bennett,Doctor 17,2023-09-26
P2001,Jessica,Anderson,Doctor 6,2023-09-26
P2017,Steven,Baker,Doctor 15,2023-09-26
P2150,Daniel,Parker,Doctor 5,2023-09-26
P2226,Brenda,Ward,Doctor 12,2023-09-26
P0006,Benjamin,James,Doctor 9,2023-09-27
P0034,Sandra,Flores,Doctor 1,2023-09-27
P0145,Angela,Williams,Doctor 5,2023-09-27
P0184,Michelle,Thompson,Doctor 14,2023-09-27
P0243,Matthew,Gomez,Doctor 19,2023-09-27
P0254,Jennifer,Cook,Doctor 14,2023-09-27
P0382,Jeffrey,Edwards,Doctor 8,2023-09-27
P0413,Mark,Stewart,Doctor 17,2023-09-27
P0453,Joshua,Bailey,Doctor 20,2023-09-27
P0529,Anthony,Bennett,Doctor 4,2023-09-27
P0539,Jennifer,Green,Doctor 5,2023-09-27
P0729,Thomas,Smith,Doctor 8,2023-09-27
P0856,George,Martinez,Doctor 19,2023-09-27
P1097,Samuel,Myers,Doctor 19,2023-09-27
P1107,Michael,Harris,Doctor 1,2023-09-27
P1188,Kathleen,Wood,Doctor 18,2023-09-27
P1283,Jennifer,Hernandez,Doctor 4,2023-09-27
P1290,Matthew,Diaz,Doctor 5,2023-09-27
P1398,Alexander,Flores,Doctor 16,2023-09-27
P1402,Nicholas,Rivera,Doctor 1,2023-09-27
P1458,Elizabeth,Flores,Doctor 5,2023-09-27
P1477,Matthew,Lewis,Doctor 7,2023-09-27
P1667,George,Cooper,Doctor 10,2023-09-27
P1736,Ruth,Hernandez,Doctor 19,2023-09-27
P1847,Brandon,Torres,Doctor 7,2023-09-27
P1974,Samuel,Miller,Doctor 12,2023-09-27
P2046,Nancy,Moore,Doctor 17,2023-09-27
P2082,Donna,Robinson,Doctor 14,2023-09-27
P2107,Laura,Ramirez,Doctor 13,2023-09-27
P2125,Jennifer,Bennett,Doctor 13,2023-09-27
P2231,Jerry,White,Doctor 8,2023-09-27
P2237,Dorothy,Collins,Doctor 1,2023-09-27
P2239,Virginia,Cooper,Doctor 3,2023-09-27
P0077,William,Williams,Doctor 8,2023-09-28
P0143,Sandra,Campbell,Doctor 11,2023-09-28
P0196,Sarah,Carter,Doctor 13,2023-09-28
P0611,Dennis,Lopez,Doctor 20,2023-09-28
P0789,Jose,Rodriguez,Doctor 1,2023-09-28
P0806,Jeffrey,Thompson,Doctor 10,2023-09-28
P0865,Sarah,Roberts,Doctor 3,2023-09-28
P0933,Sharon,Campbell,Doctor 10,2023-09-28
P0937,Thomas,Gray,Doctor 8,2023-09-28
P1184,Kevin,Bailey,Doctor 16,2023-09-28
P1201,Laura,Kim,Doctor 11,2023-09-28
P1213,Ruth,Wilson,Doctor 18,2023-09-28
P1243,Eric,Campbell,Doctor 4,2023-09-28
P1295,Barbara,Thompson,Doctor 7,2023-09-28
P1301,Timothy,Lewis,Doctor 19,2023-09-28
P1412,James,Jackson,Doctor 10,2023-09-28
P1481,Gregory,Howard,Doctor 15,2023-09-28
P1487,Brian,Nguyen,Doctor 4,2023-09-28
P1596,Kevin,Parker,Doctor 10,2023-09-28
P1671,Jason,White,Doctor 16,2023-09-28
P1736,Ruth,Hernandez,Doctor 11,2023-09-28
P1824,Anna,Cooper,Doctor 7,2023-09-28
P1888,Christopher,Reyes,Doctor 8,2023-09-28
P2004,Mary,Martinez,Doctor 4,2023-09-28
P2024,Virginia,Edwards,Doctor 11,2023-09-28
P2129,Sandra,Robinson,Doctor 8,2023-09-28
P2157,Laura,Gomez,Doctor 11,2023-09-28
P2198,John,Gonzalez,Doctor 7,2023-09-28
P2256,Angela,Miller,Doctor 13,2023-09-28
P0040,Larry,Martinez,Doctor 12,2023-09-29
P0183,Dorothy,Brown,Doctor 14,2023-09-29
P0345,David,Reyes,Doctor 6,2023-09-29
P0422,Shirley,Lee,Doctor 2,2023-09-29
P0538,Helen,Jones,Doctor 8,2023-09-29
P0538,Helen,Jones,Doctor 4,2023-09-29
P0540,Karen,Bailey,Doctor 9,2023-09-29
P0650,Frank,Allen,Doctor 6,2023-09-29
P0881,Kimberly,Ramirez,Doctor 11,2023-09-29
P1299,Kenneth,Nelson,Doctor 9,2023-09-29
P1397,Ronald,Morales,Doctor 8,2023-09-29
P1644,Jose,Diaz,Doctor 6,2023-09-29
P1715,Edward,Evans,Doctor 17,2023-09-29
P1768,Patricia,Lopez,Doctor 9,2023-09-29
P1818,Tyler,Young,Doctor 14,2023-09-29
P1856,Justin,Diaz,Doctor 20,2023-09-29
P1900,James,Hernandez,Doctor 18,2023-09-29
P1968,Virginia,Sanders,Doctor 3,2023-09-29
P2095,Kenneth,Stewart,Doctor 5,2023-09-29
P2209,William,Cook,Doctor 19,2023-09-29
P2245,Jerry,Alvarez,Doctor 1,2023-09-29
P2285,Jack,Patel,Doctor 5,2023-09-29
P2301,Dorothy,Martin,Doctor 11,2023-09-29
P0057,Sandra,James,Doctor 7,2023-09-30
P0114,Kevin,Martinez,Doctor 16,2023-09-30
P0133,Betty,Alvarez,Doctor 17,2023-09-30
P0202,Aaron,Roberts,Doctor 19,2023-09-30
P0575,Brian,Chavez,Doctor 6,2023-09-30
P0717,Donald,Gomez,Doctor 8,2023-09-30
P0726,Shirley,Mendoza,Doctor 12,2023-09-30
P0733,Jerry,Sanders,Doctor 11,2023-09-30
P0780,Jeffrey,Brooks,Doctor 15,2023-09-30
P0821,Brandon,White,Doctor 2,2023-09-30
P0849,Angela,Ramos,Doctor 7,2023-09-30
P0883,Jack,Castillo,Doctor 3,2023-09-30
P1004,Jessica,Turner,Doctor 7,2023-09-30
P1163,Jonathan,Gutierrez,Doctor 17,2023-09-30
P1180,Michelle,Richardson,Doctor 1,2023-09-30
P1209,Helen,Ruiz,Doctor 15,2023-09-30
P1215,Aaron,Cruz,Doctor 5,2023-09-30
P1264,Anthony,Lee,Doctor 11,2023-09-30
P1343,Ruth,Young,Doctor 19,2023-09-30
P1362,Tyler,Lewis,Doctor 15,2023-09-30
P1380,Ryan,Bennett,Doctor 12,2023-09-30
P1393,Jerry,Williams,Doctor 7,2023-09-30
P1653,Cynthia,Price,Doctor 15,2023-09-30
P1658,Ronald,Myers,Doctor 16,2023-09-30
P1702,Daniel,Stewart,Doctor 16,2023-09-30
P1711,Susan,Morales,Doctor 17,2023-09-30
P1759,Gary,Roberts,Doctor 11,2023-09-30
P1816,Scott,Thompson,Doctor 5,2023-09-30
P1837,Michelle,Allen,Doctor 16,2023-09-30
P2006,Rebecca,Miller,Doctor 7,2023-09-30
P2020,Karen,Alvarez,Doctor 9,2023-09-30
P2104,Kevin,Cook,Doctor 8,2023-09-30
P2110,Linda,Collins,Doctor 16,2023-09-30
P2206,Alexander,Cruz,Doctor 3,2023-09-30
P2268,Steven,Evans,Doctor 20,2023-09-30
P0012,Steven,Scott,Doctor 4,2023-10-01
P0139,Virginia,Patel,Doctor 15,2023-10-01
P0168,Kenneth,Walker,Doctor 1,2023-10-01
P0304,Melissa,Edwards,Doctor 17,2023-10-01
P0307,Andrew,Cook,Doctor 5,2023-10-01
P0327,Samuel,Nguyen,Doctor 6,2023-10-01
P0329,Anthony,Martinez,Doctor 19,2023-10-01
P0339,Daniel,Green,Doctor 7,2023-10-01
P0346,Justin,Bennett,Doctor 16,2023-10-01
P0579,Sarah,Rogers,Doctor 20,2023-10-01
P0649,Robert,Hughes,Doctor 17,2023-10-01
P0862,Jerry,Thomas,Doctor 2,2023-10-01
P0947,Helen,Cruz,Doctor 16,2023-10-01
P1106,Lisa,White,Doctor 4,2023-10-01
P1197,Helen,Ramirez,Doctor 5,2023-10-01
P1245,Justin,Hughes,Doctor 1,2023-10-01
P1275,David,Martinez,Doctor 9,2023-10-01
P1304,Steven,Turner,Doctor 19,2023-10-01
P1373,Deborah,Taylor,Doctor 2,2023-10-01
P1408,Betty,Peterson,Doctor 11,2023-10-01
P1450,Raymond,Miller,Doctor 10,2023-10-01
P1631,Anna,Reyes,Doctor 16,2023-10-01
P1775,Angela,Rodriguez,Doctor 3,2023-10-01
P1782,Donald,Castillo,Doctor 6,2023-10-01
P1841,Rebecca,Turner,Doctor 6,2023-10-01
P1866,Gregory,Mitchell,Doctor 2,2023-10-01
P1919,Kimberly,Anderson,Doctor 7,2023-10-01
P1929,Timothy,Mendoza,Doctor 6,2023-10-01
P2094,Deborah,Roberts,Doctor 15,2023-10-01
P2139,Andrew,Rogers,Doctor 10,2023-10-01
P2234,Shirley,Stewart,Doctor 1,2023-10-01
P2259,Linda,Chavez,Doctor 16,2023-10-01
P0062,Deborah,Gomez,Doctor 13,2023-10-02
P0095,Stephen,Reyes,Doctor 12,2023-10-02
P0200,Eric,Patel,Doctor 3,2023-10-02
P0264,Frank,Harris,Doctor 10,2023-10-02
P0293,Robert,Turner,Doctor 2,2023-10-02
P0402,Sandra,Thompson,Doctor 10,2023-10-02
P0406,Jacob,Hill,Doctor 8,2023-10-02
P0545,Karen,Lewis,Doctor 13,2023-10-02
P0651,Dorothy,Perez,Doctor 7,2023-10-02
P0654,Susan,Hall,Doctor 4,2023-10-02
P0665,Jose,Mitchell,Doctor 12,2023-10-02
P0743,Betty,Sanders,Doctor 20,2023-10-02
P0827,Scott,Ramos,Doctor 9,2023-10-02
P1018,Justin,Miller,Doctor 20,2023-10-02
P1104,Betty,Sanchez,Doctor 16,2023-10-02
P1210,Brandon,Anderson,Doctor 17,2023-10-02
P1279,Brenda,Williams,Doctor 10,2023-10-02
P1301,Timothy,Lewis,Doctor 19,2023-10-02
P1303,Gregory,Hall,Doctor 14,2023-10-02
P1324,Gregory,Morgan,Doctor 11,2023-10-02
P1330,Sarah,Adams,Doctor 11,2023-10-02
P1371,Gary,Morales,Doctor 5,2023-10-02
P1380,Ryan,Bennett,Doctor 12,2023-10-02
P1388,Jeffrey,Reed,Doctor 10,2023-10-02
P1485,Ryan,Wilson,Doctor 3,2023-10-02
P1625,Kenneth,Diaz,Doctor 16,2023-10-02
P1649,Benjamin,Ward,Doctor 5,2023-10-02
P1669,Karen,Hernandez,Doctor 12,2023-10-02
P1731,Melissa,Murphy,Doctor 9,2023-10-02
P1785,Donald,Patel,Doctor 6,2023-10-02
P2004,Mary,Martinez,Doctor 13,2023-10-02
P2097,Jonathan,Mitchell,Doctor 15,2023-10-02
P2140,Anna,Patel,Doctor 8,2023-10-02
P0033,Nicholas,Wood,Doctor 5,2023-10-03
P0125,Kenneth,Hughes,Doctor 20,2023-10-03
P0324,Tyler,Thomas,Doctor 11,2023-10-03
P0326,Sandra,Brooks,Doctor 17,2023-10-03
P0360,Donna,Adams,Doctor 8,2023-10-03
P0493,Patricia,Reyes,Doctor 20,2023-10-03
P0625,Dorothy,Hughes,Doctor 9,2023-10-03
P0626,Sarah,Brown,Doctor 18,2023-10-03
P0721,Sharon,Young,Doctor 20,2023-10-03
P0881,Kimberly,Ramirez,Doctor 15,2023-10-03
P1008,Helen,Campbell,Doctor 16,2023-10-03
P1039,Richard,Watson,Doctor 10,2023-10-03
P1141,Sharon,Murphy,Doctor 14,2023-10-03
P1266,Cynthia,Martinez,Doctor 15,2023-10-03
P1427,Michael,Turner,Doctor 20,2023-10-03
P1655,Emma,Hall,Doctor 10,2023-10-03
P1660,Benjamin,Young,Doctor 16,2023-10-03
P1687,Anthony,Hall,Doctor 15,2023-10-03
P1692,James,Myers,Doctor 19,2023-10-03
P1703,Lisa,Adams,Doctor 19,2023-10-03
P1720,Sharon,Stewart,Doctor 17,2023-10-03
P1783,Jack,Allen,Doctor 20,2023-10-03
P1852,James,Carter,Doctor 13,2023-10-03
P1918,Melissa,Price,Doctor 10,2023-10-03
P1923,Sarah,Davis,Doctor 4,2023-10-03
P1973,Andrew,Robinson,Doctor 4,2023-10-03
P1985,Lisa,Taylor,Doctor 6,2023-10-03
P2143,Betty,Lee,Doctor 19,2023-10-03
P2268,Steven,Evans,Doctor 20,2023-10-03
P2297,Jacob,Cook,Doctor 8,2023-10-03
P0134,Frank,White,Doctor 17,2023-10-04
P0160,Larry,Peterson,Doctor 1,2023-10-04
P0171,Anthony,Clark,Doctor 16,2023-10-04
P0254,Jennifer,Cook,Doctor 5,2023-10-04
P0327,Samuel,Nguyen,Doctor 6,2023-10-04
P0341,Carol,Adams,Doctor 15,2023-10-04
P0391,Kathleen,Garcia,Doctor 1,2023-10-04
P0502,Linda,Myers,Doctor 4,2023-10-04
P0534,Jessica,Chavez,Doctor 20,2023-10-04
P0555,Brenda,Sanchez,Doctor 17,2023-10-04
P0723,Jason,Patel,Doctor 17,2023-10-04
P0766,Jeffrey,Thomas,Doctor 6,2023-10-04
P0798,Alexander,Miller,Doctor 20,2023-10-04
P0844,Sarah,Brooks,Doctor 16,2023-10-04
P0981,Jonathan,Hall,Doctor 16,2023-10-04
P0985,James,Anderson,Doctor 15,2023-10-04
P0997,Donna,Nguyen,Doctor 11,2023-10-04
P1210,Brandon,Anderson,Doctor 10,2023-10-04
P1325,Robert,Adams,Doctor 14,2023-10-04
P1412,James,Jackson,Doctor 19,2023-10-04
P1475,Jerry,Peterson,Doctor 2,2023-10-04
P1476,Linda,Richardson,Doctor 9,2023-10-04
P1527,Laura,Ortiz,Doctor 9,2023-10-04
P1651,Emma,Williams,Doctor 14,2023-10-04
P1658,Ronald,Myers,Doctor 11,2023-10-04
P1858,Nancy,Wright,Doctor 1,2023-10-04
P1923,Sarah,Davis,Doctor 20,2023-10-04
P1963,Rebecca,Harris,Doctor 14,2023-10-04
P2084,Jason,Jones,Doctor 7,2023-10-04
P2088,Christopher,Bennett,Doctor 3,2023-10-04
P2096,Samuel,Bailey,Doctor 16,2023-10-04
P2113,Christopher,Ortiz,Doctor 20,2023-10-04
P2140,Anna,Patel,Doctor 10,2023-10-04
P2160,Betty,Allen,Doctor 5,2023-10-04
P2300,Anthony,Miller,Doctor 5,2023-10-04
P0095,Stephen,Reyes,Doctor 19,2023-10-05
P0197,Shirley,Bennett,Doctor 16,2023-10-05
P0274,Scott,Martin,Doctor 12,2023-10-05
P0332,Sharon,Taylor,Doctor 4,2023-10-05
P0592,Michelle,Alvarez,Doctor 8,2023-10-05
P0851,Sarah,Reyes,Doctor 19,2023-10-05
P0895,Scott,Lopez,Doctor 12,2023-10-05
P1048,Nancy,Baker,Doctor 6,2023-10-05
P1156,Jason,Lopez,Doctor 20,2023-10-05
P1187,Kenneth,Morgan,Doctor 2,2023-10-05
P1259,Virginia,Miller,Doctor 2,2023-10-05
P1342,James,Castillo,Doctor 15,2023-10-05
P1372,Amy,Howard,Doctor 1,2023-10-05
P1376,Brenda,Lopez,Doctor 12,2023-10-05
P1422,Linda,Hill,Doctor 1,2023-10-05
P1478,Matthew,Allen,Doctor 6,2023-10-05
P1736,Ruth,Hernandez,Doctor 10,2023-10-05
P1863,Raymond,Parker,Doctor 19,2023-10-05
P1879,Raymond,Harris,Doctor 10,2023-10-05
P1949,Tyler,Harris,Doctor 7,2023-10-05
P2025,Jeffrey,Flores,Doctor 10,2023-10-05
P2106,Thomas,Flores,Doctor 18,2023-10-05
P2181,Edward,Perez,Doctor 14,2023-10-05
P2194,Jason,Miller,Doctor 20,2023-10-05
P0042,Jason,Mitchell,Doctor 19,2023-10-06
P0072,Lisa,Williams,Doctor 18,2023-10-06
P0179,Linda,Roberts,Doctor 20,2023-10-06
P0281,Emma,Adams,Doctor 10,2023-10-06
P0390,Kevin,Clark,Doctor 2,2023-10-06
P0460,Benjamin,Collins,Doctor 8,2023-10-06
P0512,Jessica,Clark,Doctor 20,2023-10-06
P0645,Brenda,Harris,Doctor 12,2023-10-06
P0691,Laura,Bailey,Doctor 4,2023-10-06
P0716,Carol,Wright,Doctor 15,2023-10-06
P0741,Jason,Kim,Doctor 16,2023-10-06
P0883,Jack,Castillo,Doctor 11,2023-10-06
P1021,Jack,Bailey,Doctor 11,2023-10-06
P1029,Kathleen,Collins,Doctor 12,2023-10-06
P1047,Gregory,Turner,Doctor 10,2023-10-06
P1213,Ruth,Wilson,Doctor 5,2023-10-06
P1221,Dennis,Cooper,Doctor 12,2023-10-06
P1434,Charles,Ramos,Doctor 17,2023-10-06
P1485,Ryan,Wilson,Doctor 3,2023-10-06
P1623,Anna,Scott,Doctor 20,2023-10-06
P1680,Donna,Howard,Doctor 4,2023-10-06
P1724,Jason,Green,Doctor 17,2023-10-06
P1946,David,Young,Doctor 16,2023-10-06
P2094,Deborah,Roberts,Doctor 10,2023-10-06
P2108,Benjamin,Allen,Doctor 6,2023-10-06
P2124,Edward,Sanders,Doctor 4,2023-10-06
P0031,Anna,Murphy,Doctor 2,2023-10-07
P0066,Kimberly,Reed,Doctor 9,2023-10-07
P0168,Kenneth,Walker,Doctor 19,2023-10-07
P0303,Joshua,Hill,Doctor 6,2023-10-07
P0358,Helen,Rogers,Doctor 15,2023-10-07
P0480,Laura,Walker,Doctor 18,2023-10-07
P0569,Christopher,Cruz,Doctor 14,2023-10-07
P0572,Laura,Moore,Doctor 18,2023-10-07
P0572,Laura,Moore,Doctor 5,2023-10-07
P0673,Richard,Johnson,Doctor 20,2023-10-07
P0684,Michelle,Gray,Doctor 13,2023-10-07
P0688,Joseph,Ramos,Doctor 9,2023-10-07
P0717,Donald,Gomez,Doctor 8,2023-10-07
P0718,Kevin,Jones,Doctor 4,2023-10-07
P0754,Virginia,Morales,Doctor 1,2023-10-07
P0777,Sarah,Garcia,Doctor 13,2023-10-07
P0823,Ruth,Moore,Doctor 11,2023-10-07
P0865,Sarah,Roberts,Doctor 7,2023-10-07
P0890,Sarah,Evans,Doctor 14,2023-10-07
P0984,Laura,Miller,Doctor 19,2023-10-07
P1021,Jack,Bailey,Doctor 11,2023-10-07
P1100,James,Gray,Doctor 6,2023-10-07
P1232,Sharon,Kim,Doctor 9,2023-10-07
P1277,Thomas,Hill,Doctor 6,2023-10-07
P1310,Carol,Smith,Doctor 17,2023-10-07
P1315,Sandra,Patel,Doctor 15,2023-10-07
P1330,Sarah,Adams,Doctor 16,2023-10-07
P1346,Michael,Rodriguez,Doctor 9,2023-10-07
P1410,Andrew,Martinez,Doctor 16,2023-10-07
P1440,Raymond,White,Doctor 5,2023-10-07
P1528,Andrew,Clark,Doctor 9,2023-10-07
P1622,Andrew,Allen,Doctor 18,2023-10-07
P1622,Andrew,Allen,Doctor 5,2023-10-07
P1649,Benjamin,Ward,Doctor 12,2023-10-07
P1720,Sharon,Stewart,Doctor 2,2023-10-07
P1802,Michelle,Lopez,Doctor 1,2023-10-07
P1813,Brenda,Myers,Doctor 20,2023-10-07
P1834,Sandra,Wood,Doctor 19,2023-10-07
P1843,Joshua,Gonzalez,Doctor 11,2023-10-07
P1892,Alexander,Thomas,Doctor 10,2023-10-07
P1973,Andrew,Robinson,Doctor 4,2023-10-07
P2202,Jack,Williams,Doctor 1,2023-10-07
P2204,Frank,Parker,Doctor 18,2023-10-07
P2212,Anna,Cook,Doctor 9,2023-10-07
P2282,Mark,Rogers,Doctor 2,2023-10-07
P0008,Patricia,Gray,Doctor 19,2023-10-08
P0067,Lisa,Lee,Doctor 2,2023-10-08
P0133,Betty,Alvarez,Doctor 20,2023-10-08
P0162,Carol,Carter,Doctor 13,2023-10-08
P0162,Carol,Carter,Doctor 19,2023-10-08
P0173,Stephen,White,Doctor 17,2023-10-08
P0213,Ryan,Scott,Doctor 12,2023-10-08
P0218,Robert,Davis,Doctor 5,2023-10-08
P0282,Matthew,Reyes,Doctor 7,2023-10-08
P0402,Sandra,Thompson,Doctor 8,2023-10-08
P0447,Donna,Brooks,Doctor 10,2023-10-08
P0496,Angela,Smith,Doctor 17,2023-10-08
P0538,Helen,Jones,Doctor 4,2023-10-08
P0705,Andrew,Ramos,Doctor 8,2023-10-08
P0844,Sarah,Brooks,Doctor 16,2023-10-08
P0924,Jerry,Johnson,Doctor 6,2023-10-08
P0925,Kenneth,Smith,Doctor 10,2023-10-08
P0931,Elizabeth,Wright,Doctor 11,2023-10-08
P1091,Justin,Moore,Doctor 20,2023-10-08
P1156,Jason,Lopez,Doctor 3,2023-10-08
P1286,James,James,Doctor 15,2023-10-08
P1292,Laura,Young,Doctor 14,2023-10-08
P1361,Patrick,Gomez,Doctor 12,2023-10-08
P1413,Rebecca,Morris,Doctor 4,2023-10-08
P1446,Patrick,Hill,Doctor 8,2023-10-08
P1503,Karen,Mendoza,Doctor 3,2023-10-08
P1555,John,Lee,Doctor 6,2023-10-08
P1562,William,Flores,Doctor 1,2023-10-08
P1569,Betty,Ruiz,Doctor 1,2023-10-08
P1579,Donald,Hill,Doctor 10,2023-10-08
P1588,Laura,Evans,Doctor 14,2023-10-08
P1625,Kenneth,Diaz,Doctor 16,2023-10-08
P1729,Cynthia,Reed,Doctor 12,2023-10-08
P1772,Laura,Wood,Doctor 3,2023-10-08
P1847,Brandon,Torres,Doctor 4,2023-10-08
P1850,Dennis,White,Doctor 5,2023-10-08
P1878,Joseph,Patel,Doctor 1,2023-10-08
P1931,Jerry,Phillips,Doctor 9,2023-10-08
P2053,Betty,Gonzalez,Doctor 17,2023-10-08
P2073,Virginia,Young,Doctor 6,2023-10-08
P2213,Linda,Sanders,Doctor 7,2023-10-08
P2302,Kevin,Thompson,Doctor 8,2023-10-08
P0337,William,Wright,Doctor 14,2023-10-09
P0465,Benjamin,Morris,Doctor 11,2023-10-09
P0486,Sandra,King,Doctor 4,2023-10-09
P0498,Larry,Nguyen,Doctor 15,2023-10-09
P0607,Dennis,Jackson,Doctor 18,2023-10-09
P0825,Thomas,Reed,Doctor 6,2023-10-09
P0838,Daniel,Carter,Doctor 6,2023-10-09
P0854,Deborah,Reyes,Doctor 7,2023-10-09
P0997,Donna,Nguyen,Doctor 10,2023-10-09
P1070,Benjamin,Lee,Doctor 19,2023-10-09
P1073,Laura,Williams,Doctor 16,2023-10-09
P1110,Brian,Edwards,Doctor 19,2023-10-09
P1151,Gary,Walker,Doctor 19,2023-10-09
P1197,Helen,Ramirez,Doctor 2,2023-10-09
P1282,Donna,Hernandez,Doctor 7,2023-10-09
P1300,Kathleen,Cox,Doctor 7,2023-10-09
P2005,Ronald,Hernandez,Doctor 7,2023-10-09
P2046,Nancy,Moore,Doctor 3,2023-10-09
P2164,Kathleen,Miller,Doctor 20,2023-10-09
P2167,Jessica,Edwards,Doctor 8,2023-10-09
P2228,Susan,Howard,Doctor 9,2023-10-09
P0038,Steven,Wood,Doctor 1,2023-10-10
P0182,Timothy,Kelly,Doctor 10,2023-10-10
P0195,Kimberly,Cooper,Doctor 9,2023-10-10
P0203,Lisa,Alvarez,Doctor 13,2023-10-10
P0220,Raymond,Reed,Doctor 4,2023-10-10
P0263,Susan,Thompson,Doctor 12,2023-10-10
P0423,Kevin,Cox,Doctor 14,2023-10-10
P0503,Karen,Brooks,Doctor 16,2023-10-10
P0532,Brandon,Hernandez,Doctor 20,2023-10-10
P0536,Robert,Carter,Doctor 5,2023-10-10
P0602,Donna,Harris,Doctor 10,2023-10-10
P0640,Edward,Martinez,Doctor 6,2023-10-10
P0674,Anthony,Richardson,Doctor 12,2023-10-10
P0717,Donald,Gomez,Doctor 8,2023-10-10
P0727,Brandon,Gutierrez,Doctor 16,2023-10-10
P0820,Nancy,Roberts,Doctor 10,2023-10-10
P0830,Barbara,Chavez,Doctor 12,2023-10-10
P0844,Sarah,Brooks,Doctor 4,2023-10-10
P0863,Linda,Gomez,Doctor 18,2023-10-10
P0906,Edward,Rogers,Doctor 8,2023-10-10
P0918,Helen,Sanders,Doctor 4,2023-10-10
P0925,Kenneth,Smith,Doctor 10,2023-10-10
P0978,Ronald,Miller,Doctor 12,2023-10-10
P1143,Joseph,Gomez,Doctor 14,2023-10-10
P1275,David,Martinez,Doctor 9,2023-10-10
P1319,Laura,Lee,Doctor 4,2023-10-10
P1327,Laura,Wright,Doctor 19,2023-10-10
P1392,Alexander,Sanchez,Doctor 15,2023-10-10
P1487,Brian,Nguyen,Doctor 4,2023-10-10
P1514,Sandra,Lewis,Doctor 5,2023-10-10
P1548,Jonathan,Torres,Doctor 4,2023-10-10
P1557,Joshua,Martinez,Doctor 7,2023-10-10
P1561,Richard,Reyes,Doctor 5,2023-10-10
P1630,Kevin,Davis,Doctor 2,2023-10-10
P1757,Sarah,Sanchez,Doctor 11,2023-10-10
P1759,Gary,Roberts,Doctor 8,2023-10-10
P1886,Samuel,Rogers,Doctor 13,2023-10-10
P1900,James,Hernandez,Doctor 1,2023-10-10
P2006,Rebecca,Miller,Doctor 7,2023-10-10
P2009,Anthony,Campbell,Doctor 15,2023-10-10
P2090,Patricia,Kim,Doctor 11,2023-10-10
P2113,Christopher,Ortiz,Doctor 10,2023-10-10
P2141,Andrew,Gray,Doctor 17,2023-10-10
P2184,Jason,Nelson,Doctor 10,2023-10-10
P0026,Barbara,Gray,Doctor 15,2023-10-11
P0211,Betty,Wright,Doctor 14,2023-10-11
P0242,Angela,Turner,Doctor 11,2023-10-11
P0284,Ruth,Bailey,Doctor 18,2023-10-11
P0369,William,Nelson,Doctor 2,2023-10-11
P0440,David,Watson,Doctor 12,2023-10-11
P0516,Betty,Morgan,Doctor 9,2023-10-11
P0599,Shirley,Smith,Doctor 3,2023-10-11
P0838,Daniel,Carter,Doctor 6,2023-10-11
P0856,George,Martinez,Doctor 16,2023-10-11
P0863,Linda,Gomez,Doctor 18,2023-10-11
P0961,Stephen,Torres,Doctor 15,2023-10-11
P1074,Edward,Anderson,Doctor 12,2023-10-11
P1098,Steven,Anderson,Doctor 16,2023-10-11
P1168,James,Garcia,Doctor 14,2023-10-11
P1233,Barbara,Peterson,Doctor 11,2023-10-11
P1286,James,James,Doctor 10,2023-10-11
P1316,David,Hughes,Doctor 15,2023-10-11
P1377,Brian,Rivera,Doctor 11,2023-10-11
P1404,James,Allen,Doctor 20,2023-10-11
P1508,Jerry,Hughes,Doctor 10,2023-10-11
P1586,Gary,Hall,Doctor 16,2023-10-11
P1649,Benjamin,Ward,Doctor 20,2023-10-11
P1680,Donna,Howard,Doctor 6,2023-10-11
P1752,George,Clark,Doctor 5,2023-10-11
P1821,Gregory,Cruz,Doctor 14,2023-10-11
P1903,Brandon,Hughes,Doctor 9,2023-10-11
P1982,Mary,Carter,Doctor 10,2023-10-11
P2062,Jason,Morales,Doctor 2,2023-10-11
P2119,Brandon,Walker,Doctor 8,2023-10-11
P2186,Joshua,Cox,Doctor 7,2023-10-11
P2213,Linda,Sanders,Doctor 7,2023-10-11
P2284,Rebecca,Martin,Doctor 9,2023-10-11
P0049,Donna,Murphy,Doctor 1,2023-10-12
P0072,Lisa,Williams,Doctor 18,2023-10-12
P0085,Helen,Johnson,Doctor 18,2023-10-12
P0103,John,Miller,Doctor 20,2023-10-12
P0323,Linda,Phillips,Doctor 12,2023-10-12
P0393,Mary,Brown,Doctor 6,2023-10-12
P0396,Gary,Lopez,Doctor 8,2023-10-12
P0398,Betty,Bailey,Doctor 15,2023-10-12
P0487,Mary,Morales,Doctor 12,2023-10-12
P0492,Lisa,Lewis,Doctor 7,2023-10-12
P0545,Karen,Lewis,Doctor 1,2023-10-12
P0589,Mary,Bailey,Doctor 9,2023-10-12
P0600,Barbara,Hall,Doctor 8,2023-10-12
P0641,Emma,Rogers,Doctor 3,2023-10-12
P0683,Tyler,Carter,Doctor 18,2023-10-12
P0787,Melissa,Howard,Doctor 11,2023-10-12
P0816,Matthew,Watson,Doctor 10,2023-10-12
P0874,Karen,Ramirez,Doctor 12,2023-10-12
P1010,Jessica,Parker,Doctor 7,2023-10-12
P1054,Jennifer,Reed,Doctor 13,2023-10-12
P1161,Deborah,Turner,Doctor 14,2023-10-12
P1211,Jennifer,Morris,Doctor 18,2023-10-12
P1275,David,Martinez,Doctor 9,2023-10-12
P1399,Michael,Torres,Doctor 4,2023-10-12
P1441,Justin,Ruiz,Doctor 9,2023-10-12
P1463,Tyler,Williams,Doctor 7,2023-10-12
P1503,Karen,Mendoza,Doctor 6,2023-10-12
P1617,Carol,Lee,Doctor 3,2023-10-12
P1693,Karen,Thompson,Doctor 1,2023-10-12
P1740,Linda,Martinez,Doctor 11,2023-10-12
P1743,Eric,Ward,Doctor 5,2023-10-12
P1851,Jose,Bailey,Doctor 2,2023-10-12
P2048,Jose,Miller,Doctor 20,2023-10-12
P2073,Virginia,Young,Doctor 6,2023-10-12
P2086,Brian,Perez,Doctor 19,2023-10-12
P0236,Helen,Wood,Doctor 17,2023-10-13
P0380,Brandon,Lee,Doctor 8,2023-10-13
P0397,Joseph,Young,Doctor 2,2023-10-13
P0618,Frank,Anderson,Doctor 3,2023-10-13
P0635,Barbara,Mitchell,Doctor 19,2023-10-13
P0669,Gregory,King,Doctor 14,2023-10-13
P0755,Laura,Phillips,Doctor 1,2023-10-13
P0838,Daniel,Carter,Doctor 7,2023-10-13
P0876,Anthony,Gutierrez,Doctor 2,2023-10-13
P0905,Samuel,Rodriguez,Doctor 1,2023-10-13
P0939,Donald,Turner,Doctor 11,2023-10-13
P0988,Sharon,Ward,Doctor 15,2023-10-13
P1151,Gary,Walker,Doctor 19,2023-10-13
P1173,Brenda,Green,Doctor 5,2023-10-13
P1209,Helen,Ruiz,Doctor 15,2023-10-13
P1216,Scott,Parker,Doctor 9,2023-10-13
P1276,Gregory,Ruiz,Doctor 4,2023-10-13
P1276,Gregory,Ruiz,Doctor 15,2023-10-13
P1415,Richard,Reed,Doctor 17,2023-10-13
P1425,Lisa,Hill,Doctor 3,2023-10-13
P1502,Helen,Ramos,Doctor 18,2023-10-13
P1593,Gregory,Green,Doctor 16,2023-10-13
P1742,Justin,Roberts,Doctor 14,2023-10-13
P1776,Lisa,Morris,Doctor 18,2023-10-13
P1815,Rebecca,Patel,Doctor 6,2023-10-13
P1865,Tyler,Jones,Doctor 13,2023-10-13
P1891,Kimberly,Morgan,Doctor 7,2023-10-13
P1929,Timothy,Mendoza,Doctor 16,2023-10-13
P1949,Tyler,Harris,Doctor 2,2023-10-13
P1971,Barbara,Myers,Doctor 16,2023-10-13
P2040,Kimberly,Robinson,Doctor 2,2023-10-13
P2111,Joshua,Ramirez,Doctor 8,2023-10-13
P2193,Dorothy,Scott,Doctor 3,2023-10-13
P2252,Kevin,Morgan,Doctor 13,2023-10-13
P2280,Michelle,Ortiz,Doctor 1,2023-10-13
P2295,Donald,Hernandez,Doctor 7,2023-10-13
P0081,Ryan,Garcia,Doctor 18,2023-10-14
P0113,Ruth,Wright,Doctor 2,2023-10-14
P0168,Kenneth,Walker,Doctor 6,2023-10-14
P0185,Robert,Gonzalez,Doctor 3,2023-10-14
P0201,Kevin,Roberts,Doctor 17,2023-10-14
P0205,Ruth,Bennett,Doctor 3,2023-10-14
P0300,Laura,Martinez,Doctor 16,2023-10-14
P0325,Samuel,Ramirez,Doctor 20,2023-10-14
P0337,William,Wright,Doctor 1,2023-10-14
P0454,Nancy,Howard,Doctor 8,2023-10-14
P0744,James,Bennett,Doctor 17,2023-10-14
P0797,Rebecca,Garcia,Doctor 1,2023-10-14
P0864,Mary,Lewis,Doctor 9,2023-10-14
P0953,James,Lopez,Doctor 17,2023-10-14
P1044,George,Flores,Doctor 2,2023-10-14
P1112,Brandon,Gomez,Doctor 6,2023-10-14
P1125,Raymond,Thompson,Doctor 17,2023-10-14
P1127,Sarah,Morris,Doctor 1,2023-10-14
P1140,Charles,Collins,Doctor 4,2023-10-14
P1353,Linda,Scott,Doctor 4,2023-10-14
P1370,Justin,Collins,Doctor 10,2023-10-14
P1558,Aaron,Rodriguez,Doctor 17,2023-10-14
P1589,Brandon,Taylor,Doctor 9,2023-10-14
P1718,Kenneth,Mendoza,Doctor 9,2023-10-14
P1807,Kenneth,Chavez,Doctor 14,2023-10-14
P1853,Anthony,Reed,Doctor 5,2023-10-14
P1874,Elizabeth,Martin,Doctor 15,2023-10-14
P1891,Kimberly,Morgan,Doctor 7,2023-10-14
P2103,Edward,Collins,Doctor 17,2023-10-14
P2291,Ryan,Clark,Doctor 2,2023-10-14
P2303,Betty,Wood,Doctor 12,2023-10-14
P0011,Kimberly,Castillo,Doctor 14,2023-10-15
P0023,William,Rivera,Doctor 19,2023-10-15
P0217,Laura,Brown,Doctor 4,2023-10-15
P0325,Samuel,Ramirez,Doctor 18,2023-10-15
P0403,Benjamin,Kim,Doctor 18,2023-10-15
P0490,Shirley,Lewis,Doctor 15,2023-10-15
P0542,Justin,Walker,Doctor 8,2023-10-15
P0546,Jack,Jackson,Doctor 6,2023-10-15
P0558,Charles,Hall,Doctor 14,2023-10-15
P0587,Gary,Martin,Doctor 6,2023-10-15
P0589,Mary,Bailey,Doctor 5,2023-10-15
P0592,Michelle,Alvarez,Doctor 6,2023-10-15
P0594,Sarah,Rivera,Doctor 15,2023-10-15
P0630,Jonathan,Johnson,Doctor 5,2023-10-15
P0646,Christopher,Jones,Doctor 4,2023-10-15
P0703,Donna,Kelly,Doctor 10,2023-10-15
P0732,Lisa,Brown,Doctor 12,2023-10-15
P0850,Brenda,Ortiz,Doctor 9,2023-10-15
P0857,Robert,Cooper,Doctor 5,2023-10-15
P0895,Scott,Lopez,Doctor 20,2023-10-15
P0958,Gary,Carter,Doctor 9,2023-10-15
P1097,Samuel,Myers,Doctor 18,2023-10-15
P1099,Jessica,Lopez,Doctor 4,2023-10-15
P1137,Matthew,Ruiz,Doctor 10,2023-10-15
P1253,George,Wood,Doctor 15,2023-10-15
P1255,Edward,Diaz,Doctor 10,2023-10-15
P1387,Jack,Reed,Doctor 11,2023-10-15
P1471,Samuel,Cox,Doctor 2,2023-10-15
P1501,Raymond,Watson,Doctor 18,2023-10-15
P1511,Linda,Evans,Doctor 13,2023-10-15
P1562,William,Flores,Doctor 1,2023-10-15
P1698,Jerry,Rodriguez,Doctor 4,2023-10-15
P1822,Gregory,Anderson,Doctor 13,2023-10-15
P1948,Nicholas,Cruz,Doctor 6,2023-10-15
P1990,Kimberly,Rogers,Doctor 15,2023-10-15
P2061,Gary,Turner,Doctor 8,2023-10-15
P2189,Charles,Patel,Doctor 8,2023-10-15
P2255,George,Allen,Doctor 10,2023-10-15
P0034,Sandra,Flores,Doctor 1,2023-10-16
P0074,Betty,Ramirez,Doctor 20,2023-10-16
P0251,Mary,Harris,Doctor 9,2023-10-16
P0313,Stephen,Cook,Doctor 6,2023-10-16
P0419,Kevin,Nelson,Doctor 20,2023-10-16
P0461,Rebecca,Young,Doctor 4,2023-10-16
P0468,Barbara,Harris,Doctor 1,2023-10-16
P0471,Justin,Morales,Doctor 17,2023-10-16
P0606,Kevin,Gomez,Doctor 1,2023-10-16
P0612,Karen,Turner,Doctor 8,2023-10-16
P0634,Edward,Smith,Doctor 15,2023-10-16
P0678,Susan,Castillo,Doctor 13,2023-10-16
P0754,Virginia,Morales,Doctor 7,2023-10-16
P0889,Kimberly,Nelson,Doctor 13,2023-10-16
P0976,Anna,White,Doctor 7,2023-10-16
P0994,Charles,Alvarez,Doctor 16,2023-10-16
P1014,Melissa,Gonzalez,Doctor 18,2023-10-16
P1142,George,Davis,Doctor 20,2023-10-16
P1163,Jonathan,Gutierrez,Doctor 12,2023-10-16
P1340,Brenda,Cooper,Doctor 11,2023-10-16
P1569,Betty,Ruiz,Doctor 1,2023-10-16
P1606,George,Peterson,Doctor 5,2023-10-16
P1607,James,Nelson,Doctor 12,2023-10-16
P1647,Michael,Ramos,Doctor 14,2023-10-16
P1881,Charles,Gomez,Doctor 20,2023-10-16
P2241,Patricia,Ramos,Doctor 3,2023-10-16
P0019,Laura,Martin,Doctor 1,2023-10-17
P0076,Emma,Kelly,Doctor 12,2023-10-17
P0131,Karen,Young,Doctor 17,2023-10-17
P0134,Frank,White,Doctor 17,2023-10-17
P0190,Sharon,Parker,Doctor 7,2023-10-17
P0248,Sandra,Lopez,Doctor 1,2023-10-17
P0406,Jacob,Hill,Doctor 5,2023-10-17
P0578,Jessica,Sanchez,Doctor 7,2023-10-17
P0585,Steven,Nguyen,Doctor 4,2023-10-17
P0619,Aaron,Brooks,Doctor 12,2023-10-17
P0633,Deborah,Cook,Doctor 10,2023-10-17
P0700,Ruth,Morgan,Doctor 18,2023-10-17
P0701,Dennis,Cox,Doctor 15,2023-10-17
P0742,Anna,Moore,Doctor 7,2023-10-17
P0824,Melissa,Stewart,Doctor 9,2023-10-17
P0950,Ryan,Cook,Doctor 13,2023-10-17
P1202,Alexander,Morris,Doctor 5,2023-10-17
P1204,Melissa,Sanders,Doctor 11,2023-10-17
P1297,Joshua,Ruiz,Doctor 4,2023-10-17
P1425,Lisa,Hill,Doctor 3,2023-10-17
P1491,Karen,Gomez,Doctor 18,2023-10-17
P1830,Gregory,Williams,Doctor 15,2023-10-17
P1934,Frank,James,Doctor 2,2023-10-17
P1946,David,Young,Doctor 16,2023-10-17
P2020,Karen,Alvarez,Doctor 9,2023-10-17
P2049,Mark,Davis,Doctor 8,2023-10-17
P2065,Brenda,Cruz,Doctor 1,2023-10-17
P2144,Gary,Gutierrez,Doctor 9,2023-10-17
P2168,Patricia,Johnson,Doctor 11,2023-10-17
P2229,Nicholas,Garcia,Doctor 10,2023-10-17
P2239,Virginia,Cooper,Doctor 3,2023-10-17
P2264,Samuel,Morris,Doctor 4,2023-10-17
P2272,Mary,Watson,Doctor 2,2023-10-17
P2280,Michelle,Ortiz,Doctor 1,2023-10-17
P2286,Anthony,Howard,Doctor 8,2023-10-17
P2298,Mark,Hill,Doctor 9,2023-10-17
P0045,Donald,Allen,Doctor 7,2023-10-18
P0084,Sandra,Kelly,Doctor 6,2023-10-18
P0124,Brian,Cox,Doctor 4,2023-10-18
P0167,Thomas,Robinson,Doctor 9,2023-10-18
P0179,Linda,Roberts,Doctor 20,2023-10-18
P0276,John,Campbell,Doctor 13,2023-10-18
P0353,Joseph,Bennett,Doctor 20,2023-10-18
P0364,Gary,Thompson,Doctor 18,2023-10-18
P0394,Scott,Kim,Doctor 4,2023-10-18
P0425,Justin,Alvarez,Doctor 11,2023-10-18
P0443,Stephen,Campbell,Doctor 19,2023-10-18
P0466,Joseph,Green,Doctor 15,2023-10-18
P0557,Kimberly,Myers,Doctor 4,2023-10-18
P0594,Sarah,Rivera,Doctor 15,2023-10-18
P0662,Ruth,Gomez,Doctor 1,2023-10-18
P0682,Ruth,Torres,Doctor 2,2023-10-18
P0816,Matthew,Watson,Doctor 11,2023-10-18
P0991,Gary,Chavez,Doctor 15,2023-10-18
P1037,George,Gonzalez,Doctor 15,2023-10-18
P1070,Benjamin,Lee,Doctor 19,2023-10-18
P1254,Raymond,Richardson,Doctor 13,2023-10-18
P1411,Sharon,Gutierrez,Doctor 14,2023-10-18
P1580,Thomas,Nelson,Doctor 6,2023-10-18
P1827,Aaron,Morris,Doctor 20,2023-10-18
P1905,Brian,Watson,Doctor 20,2023-10-18
P2002,Sarah,Turner,Doctor 5,2023-10-18
P2034,Gary,Martinez,Doctor 11,2023-10-18
P2081,Nancy,Cooper,Doctor 20,2023-10-18
P2156,Andrew,Phillips,Doctor 19,2023-10-18
P2210,Virginia,Perez,Doctor 8,2023-10-18
P2256,Angela,Miller,Doctor 11,2023-10-18
P2291,Ryan,Clark,Doctor 16,2023-10-18
P2299,Frank,Edwards,Doctor 1,2023-10-18
P0022,Ronald,Taylor,Doctor 7,2023-10-19
P0044,Angela,Rogers,Doctor 18,2023-10-19
P0061,Nancy,Ortiz,Doctor 8,2023-10-19
P0240,Dennis,Thomas,Doctor 11,2023-10-19
P0284,Ruth,Bailey,Doctor 6,2023-10-19
P0326,Sandra,Brooks,Doctor 17,2023-10-19
P0406,Jacob,Hill,Doctor 16,2023-10-19
P0428,Angela,Hill,Doctor 19,2023-10-19
P0547,Matthew,Flores,Doctor 6,2023-10-19
P0732,Lisa,Brown,Doctor 2,2023-10-19
P1016,Melissa,Garcia,Doctor 8,2023-10-19
P1115,Dorothy,Sanchez,Doctor 8,2023-10-19
P1128,Donald,Torres,Doctor 18,2023-10-19
P1130,Joshua,Sanders,Doctor 17,2023-10-19
P1267,Donald,Robinson,Doctor 4,2023-10-19
P1364,Betty,Green,Doctor 6,2023-10-19
P1510,Dennis,Young,Doctor 8,2023-10-19
P1548,Jonathan,Torres,Doctor 4,2023-10-19
P1591,Angela,Hughes,Doctor 20,2023-10-19
P1612,Frank,Baker,Doctor 20,2023-10-19
P1626,Eric,Peterson,Doctor 12,2023-10-19
P1735,Jonathan,Wood,Doctor 15,2023-10-19
P1886,Samuel,Rogers,Doctor 2,2023-10-19
P1921,Scott,Perez,Doctor 5,2023-10-19
P2013,Thomas,Harris,Doctor 17,2023-10-19
P2198,John,Gonzalez,Doctor 6,2023-10-19
P2222,Eric,Roberts,Doctor 13,2023-10-19
P2224,Edward,Howard,Doctor 18,2023-10-19
P2253,Alexander,Morgan,Doctor 18,2023-10-19
P2266,Joshua,Watson,Doctor 9,2023-10-19
P2289,Betty,Scott,Doctor 14,2023-10-19
P0020,Ruth,Kim,Doctor 15,2023-10-20
P0023,William,Rivera,Doctor 19,2023-10-20
P0035,Dennis,Williams,Doctor 12,2023-10-20
P0063,Michelle,Sanders,Doctor 14,2023-10-20
P0104,Barbara,Adams,Doctor 12,2023-10-20
P0202,Aaron,Roberts,Doctor 19,2023-10-20
P0242,Angela,Turner,Doctor 11,2023-10-20
P0254,Jennifer,Cook,Doctor 9,2023-10-20
P0265,Mark,Evans,Doctor 2,2023-10-20
P0280,Sharon,Ortiz,Doctor 20,2023-10-20
P0299,Sarah,Lee,Doctor 9,2023-10-20
P0302,Nicholas,Moore,Doctor 9,2023-10-20
P0340,Shirley,Turner,Doctor 5,2023-10-20
P0374,Aaron,Moore,Doctor 15,2023-10-20
P0375,Anna,Robinson,Doctor 1,2023-10-20
P0399,Nancy,Mitchell,Doctor 15,2023-10-20
P0413,Mark,Stewart,Doctor 17,2023-10-20
P0755,Laura,Phillips,Doctor 13,2023-10-20
P0792,Susan,Evans,Doctor 12,2023-10-20
P0832,Tyler,Gutierrez,Doctor 10,2023-10-20
P0952,James,Diaz,Doctor 16,2023-10-20
P1031,Joshua,Thompson,Doctor 5,2023-10-20
P1035,Lisa,Lopez,Doctor 19,2023-10-20
P1145,Deborah,Patel,Doctor 1,2023-10-20
P1168,James,Garcia,Doctor 5,2023-10-20
P1237,Linda,Hernandez,Doctor 18,2023-10-20
P1256,Donna,Baker,Doctor 16,2023-10-20
P1577,Samuel,Walker,Doctor 3,2023-10-20
P1600,Tyler,James,Doctor 3,2023-10-20
P1944,Kimberly,Campbell,Doctor 5,2023-10-20
P2027,Karen,Smith,Doctor 15,2023-10-20
P2033,Patrick,Walker,Doctor 19,2023-10-20
P2157,Laura,Gomez,Doctor 11,2023-10-20
P2224,Edward,Howard,Doctor 5,2023-10-20
P2261,Gary,Evans,Doctor 5,2023-10-20
P0064,Joshua,Thomas,Doctor 14,2023-10-21
P0073,Sandra,Cox,Doctor 20,2023-10-21
P0149,Frank,Martinez,Doctor 20,2023-10-21
P0497,Kenneth,Gonzalez,Doctor 20,2023-10-21
P0586,Michelle,Bennett,Doctor 15,2023-10-21
P0598,Sharon,Morales,Doctor 13,2023-10-21
P0680,Patrick,Hall,Doctor 11,2023-10-21
P0681,Laura,Stewart,Doctor 12,2023-10-21
P0851,Sarah,Reyes,Doctor 19,2023-10-21
P0909,Patricia,Chavez,Doctor 1,2023-10-21
P0912,Joshua,Castillo,Doctor 12,2023-10-21
P0921,Ronald,Bennett,Doctor 5,2023-10-21
P0944,Thomas,Cook,Doctor 7,2023-10-21
P1018,Justin,Miller,Doctor 4,2023-10-21
P1096,Ruth,Roberts,Doctor 1,2023-10-21
P1099,Jessica,Lopez,Doctor 16,2023-10-21
P1118,Patrick,Jones,Doctor 11,2023-10-21
P1180,Michelle,Richardson,Doctor 2,2023-10-21
P1187,Kenneth,Morgan,Doctor 9,2023-10-21
P1250,Donna,Sanders,Doctor 8,2023-10-21
P1306,Carol,Kim,Doctor 8,2023-10-21
P1308,Sharon,Cox,Doctor 14,2023-10-21
P1455,Laura,Rivera,Doctor 8,2023-10-21
P1456,Mary,Hill,Doctor 10,2023-10-21
P1586,Gary,Hall,Doctor 16,2023-10-21
P1606,George,Peterson,Doctor 5,2023-10-21
P1614,Carol,Alvarez,Doctor 17,2023-10-21
P1686,Helen,Hernandez,Doctor 10,2023-10-21
P1712,Susan,Campbell,Doctor 12,2023-10-21
P1765,Amy,Roberts,Doctor 5,2023-10-21
P1854,Deborah,Morris,Doctor 6,2023-10-21
P1949,Tyler,Harris,Doctor 2,2023-10-21
P1973,Andrew,Robinson,Doctor 4,2023-10-21
P1992,Laura,Allen,Doctor 18,2023-10-21
P2042,Richard,Lewis,Doctor 9,2023-10-21
P2138,Melissa,Ortiz,Doctor 16,2023-10-21
P2173,Joshua,King,Doctor 8,2023-10-21
P2269,Justin,Rodriguez,Doctor 11,2023-10-21
P0346,Justin,Bennett,Doctor 16,2023-10-22
P0454,Nancy,Howard,Doctor 8,2023-10-22
P0462,Michelle,Gonzalez,Doctor 20,2023-10-22
P0463,Helen,Peterson,Doctor 20,2023-10-22
P0499,Amy,Adams,Doctor 10,2023-10-22
P0528,Jacob,Bennett,Doctor 13,2023-10-22
P0545,Karen,Lewis,Doctor 1,2023-10-22
P0602,Donna,Harris,Doctor 10,2023-10-22
P0690,Linda,Gutierrez,Doctor 4,2023-10-22
P0740,Cynthia,Morales,Doctor 16,2023-10-22
P0757,Gary,Edwards,Doctor 11,2023-10-22
P0787,Melissa,Howard,Doctor 8,2023-10-22
P0847,Kimberly,Jones,Doctor 1,2023-10-22
P0986,Kenneth,Morris,Doctor 18,2023-10-22
P1134,Ruth,Peterson,Doctor 19,2023-10-22
P1184,Kevin,Bailey,Doctor 16,2023-10-22
P1274,Helen,Gutierrez,Doctor 12,2023-10-22
P1350,Virginia,Murphy,Doctor 8,2023-10-22
P1375,Kathleen,Myers,Doctor 6,2023-10-22
P1430,Joshua,Gray,Doctor 6,2023-10-22
P1587,Shirley,Brooks,Doctor 20,2023-10-22
P1618,Daniel,King,Doctor 9,2023-10-22
P1646,Stephen,Ramirez,Doctor 10,2023-10-22
P1726,Karen,Adams,Doctor 18,2023-10-22
P1820,Alexander,Alvarez,Doctor 16,2023-10-22
P1831,Jacob,Bailey,Doctor 7,2023-10-22
P1844,Alexander,Chavez,Doctor 2,2023-10-22
P1898,Joseph,Watson,Doctor 16,2023-10-22
P1937,Ryan,Reyes,Doctor 6,2023-10-22
P2049,Mark,Davis,Doctor 8,2023-10-22
P2101,Anna,Lee,Doctor 13,2023-10-22
P2153,Amy,Nguyen,Doctor 17,2023-10-22
P0036,Carol,Watson,Doctor 6,2023-10-23
P0262,Jonathan,Lopez,Doctor 5,2023-10-23
P0469,Matthew,Hill,Doctor 15,2023-10-23
P0687,Dorothy,Castillo,Doctor 13,2023-10-23
P0724,Daniel,Kim,Doctor 19,2023-10-23
P0795,Betty,Ward,Doctor 16,2023-10-23
P1209,Helen,Ruiz,Doctor 18,2023-10-23
P1239,Helen,Gray,Doctor 15,2023-10-23
P1256,Donna,Baker,Doctor 16,2023-10-23
P1271,Kimberly,Nguyen,Doctor 6,2023-10-23
P1301,Timothy,Lewis,Doctor 20,2023-10-23
P1304,Steven,Turner,Doctor 19,2023-10-23
P1355,Donald,Bailey,Doctor 7,2023-10-23
P1397,Ronald,Morales,Doctor 14,2023-10-23
P1445,Thomas,Wood,Doctor 1,2023-10-23
P1451,Jonathan,Murphy,Doctor 3,2023-10-23
P1648,Jessica,Price,Doctor 16,2023-10-23
P1663,Edward,Parker,Doctor 15,2023-10-23
P1969,Brian,Ramos,Doctor 12,2023-10-23
P2072,Andrew,Alvarez,Doctor 20,2023-10-23
P2121,Elizabeth,Harris,Doctor 6,2023-10-23
P2148,Mary,Price,Doctor 2,2023-10-23
P2150,Daniel,Parker,Doctor 9,2023-10-23
P2186,Joshua,Cox,Doctor 7,2023-10-23
P0065,Laura,Mitchell,Doctor 16,2023-10-24
P0116,William,Chavez,Doctor 9,2023-10-24
P0388,Karen,Roberts,Doctor 10,2023-10-24
P0406,Jacob,Hill,Doctor 12,2023-10-24
P0695,Christopher,Baker,Doctor 20,2023-10-24
P0715,Lisa,Bennett,Doctor 5,2023-10-24
P0746,Tyler,Kim,Doctor 17,2023-10-24
P0763,Ruth,Stewart,Doctor 6,2023-10-24
P1073,Laura,Williams,Doctor 16,2023-10-24
P1151,Gary,Walker,Doctor 18,2023-10-24
P1163,Jonathan,Gutierrez,Doctor 12,2023-10-24
P1290,Matthew,Diaz,Doctor 5,2023-10-24
P1391,Deborah,Evans,Doctor 1,2023-10-24
P1394,Mary,Martin,Doctor 5,2023-10-24
P1409,Donna,Rogers,Doctor 3,2023-10-24
P1485,Ryan,Wilson,Doctor 3,2023-10-24
P1665,Brian,Lee,Doctor 13,2023-10-24
P1703,Lisa,Adams,Doctor 9,2023-10-24
P1841,Rebecca,Turner,Doctor 10,2023-10-24
P1877,Donald,Adams,Doctor 3,2023-10-24
P2057,Kenneth,Adams,Doctor 1,2023-10-24
P2138,Melissa,Ortiz,Doctor 3,2023-10-24
P2192,Karen,Ward,Doctor 18,2023-10-24
P0009,Helen,White,Doctor 13,2023-10-25
P0048,Scott,Rivera,Doctor 3,2023-10-25
P0049,Donna,Murphy,Doctor 4,2023-10-25
P0136,Nicholas,Ramirez,Doctor 5,2023-10-25
P0175,Patricia,Hernandez,Doctor 15,2023-10-25
P0467,Ruth,Collins,Doctor 14,2023-10-25
P0577,Jessica,Patel,Doctor 15,2023-10-25
P0594,Sarah,Rivera,Doctor 15,2023-10-25
P0734,Cynthia,Adams,Doctor 7,2023-10-25
P0896,Jose,Martinez,Doctor 7,2023-10-25
P0955,Jacob,Carter,Doctor 19,2023-10-25
P1035,Lisa,Lopez,Doctor 19,2023-10-25
P1150,Frank,Morris,Doctor 8,2023-10-25
P1167,Larry,Ruiz,Doctor 9,2023-10-25
P1312,Brandon,Ramos,Doctor 17,2023-10-25
P1341,Michelle,Gomez,Doctor 9,2023-10-25
P1414,Richard,White,Doctor 4,2023-10-25
P1446,Patrick,Hill,Doctor 3,2023-10-25
P1462,Anna,Alvarez,Doctor 15,2023-10-25
P1489,Jason,Sanchez,Doctor 7,2023-10-25
P1562,William,Flores,Doctor 1,2023-10-25
P1599,Donna,Richardson,Doctor 18,2023-10-25
P1616,Michael,Nguyen,Doctor 2,2023-10-25
P1740,Linda,Martinez,Doctor 11,2023-10-25
P1798,Nancy,Sanders,Doctor 17,2023-10-25
P1919,Kimberly,Anderson,Doctor 10,2023-10-25
P1970,Alexander,Allen,Doctor 16,2023-10-25
P1978,Sharon,Alvarez,Doctor 12,2023-10-25
P1987,Alexander,Nguyen,Doctor 5,2023-10-25
P2034,Gary,Martinez,Doctor 17,2023-10-25
P2048,Jose,Miller,Doctor 20,2023-10-25
P2095,Kenneth,Stewart,Doctor 2,2023-10-25
P2100,Sandra,Morgan,Doctor 8,2023-10-25
P2211,Mary,Flores,Doctor 15,2023-10-25
P2220,Cynthia,Diaz,Doctor 19,2023-10-25
P2239,Virginia,Cooper,Doctor 3,2023-10-25
P0019,Laura,Martin,Doctor 1,2023-10-26
P0021,Helen,Young,Doctor 18,2023-10-26
P0130,Jennifer,Watson,Doctor 11,2023-10-26
P0159,Karen,Myers,Doctor 14,2023-10-26
P0272,Scott,Ward,Doctor 16,2023-10-26
P0358,Helen,Rogers,Doctor 18,2023-10-26
P0483,George,Ortiz,Doctor 6,2023-10-26
P0488,Michelle,Wilson,Doctor 19,2023-10-26
P0547,Matthew,Flores,Doctor 8,2023-10-26
P0703,Donna,Kelly,Doctor 10,2023-10-26
P0758,Alexander,Lee,Doctor 20,2023-10-26
P0916,Ronald,Scott,Doctor 10,2023-10-26
P0928,Kevin,Turner,Doctor 18,2023-10-26
P0963,Michelle,Nguyen,Doctor 18,2023-10-26
P1146,Betty,Garcia,Doctor 7,2023-10-26
P1210,Brandon,Anderson,Doctor 4,2023-10-26
P1223,Anna,Johnson,Doctor 18,2023-10-26
P1250,Donna,Sanders,Doctor 10,2023-10-26
P1262,Charles,Evans,Doctor 12,2023-10-26
P1310,Carol,Smith,Doctor 4,2023-10-26
P1334,Sarah,Bennett,Doctor 1,2023-10-26
P1522,Scott,Lewis,Doctor 6,2023-10-26
P1536,Steven,Price,Doctor 1,2023-10-26
P1583,William,Baker,Doctor 4,2023-10-26
P1604,Cynthia,Gomez,Doctor 12,2023-10-26
P1628,Kenneth,Morales,Doctor 20,2023-10-26
P1645,Thomas,Jackson,Doctor 3,2023-10-26
P1755,Shirley,Miller,Doctor 13,2023-10-26
P1768,Patricia,Lopez,Doctor 9,2023-10-26
P1876,Christopher,Perez,Doctor 15,2023-10-26
P1926,Nancy,Reyes,Doctor 1,2023-10-26
P1951,Nancy,Price,Doctor 8,2023-10-26
P2003,Eric,Gonzalez,Doctor 1,2023-10-26
P2007,Jessica,Lewis,Doctor 12,2023-10-26
P2013,Thomas,Harris,Doctor 1,2023-10-26
P2236,Joseph,Wright,Doctor 11,2023-10-26
P2285,Jack,Patel,Doctor 19,2023-10-26
P2301,Dorothy,Martin,Doctor 3,2023-10-26
P0027,Helen,Brown,Doctor 3,2023-10-27
P0048,Scott,Rivera,Doctor 14,2023-10-27
P0124,Brian,Cox,Doctor 4,2023-10-27
P0208,Kimberly,Hughes,Doctor 18,2023-10-27
P0216,Sarah,Sanders,Doctor 6,2023-10-27
P0648,Shirley,Rogers,Doctor 19,2023-10-27
P0765,Ryan,Jackson,Doctor 6,2023-10-27
P0800,Richard,Hernandez,Doctor 18,2023-10-27
P1015,Jose,Ruiz,Doctor 11,2023-10-27
P1018,Justin,Miller,Doctor 13,2023-10-27
P1196,Lisa,Anderson,Doctor 16,2023-10-27
P1317,Anthony,Myers,Doctor 4,2023-10-27
P1327,Laura,Wright,Doctor 19,2023-10-27
P1363,Emma,Cox,Doctor 12,2023-10-27
P1375,Kathleen,Myers,Doctor 14,2023-10-27
P1455,Laura,Rivera,Doctor 11,2023-10-27
P1586,Gary,Hall,Doctor 20,2023-10-27
P1598,Sandra,Murphy,Doctor 7,2023-10-27
P1616,Michael,Nguyen,Doctor 4,2023-10-27
P1617,Carol,Lee,Doctor 3,2023-10-27
P1624,Daniel,Wilson,Doctor 3,2023-10-27
P1663,Edward,Parker,Doctor 19,2023-10-27
P1791,Jose,Cooper,Doctor 18,2023-10-27
P1805,Stephen,Perez,Doctor 16,2023-10-27
P1846,Jennifer,Thomas,Doctor 10,2023-10-27
P2035,Angela,Hall,Doctor 20,2023-10-27
P2093,Scott,Reyes,Doctor 13,2023-10-27
P2106,Thomas,Flores,Doctor 6,2023-10-27
P2233,David,Cox,Doctor 6,2023-10-27
P2272,Mary,Watson,Doctor 2,2023-10-27
P0058,Sharon,Anderson,Doctor 10,2023-10-28
P0078,Sharon,Wilson,Doctor 19,2023-10-28
P0120,Brandon,Chavez,Doctor 13,2023-10-28
P0216,Sarah,Sanders,Doctor 6,2023-10-28
P0343,James,Ramos,Doctor 7,2023-10-28
P0423,Kevin,Cox,Doctor 10,2023-10-28
P0539,Jennifer,Green,Doctor 1,2023-10-28
P0594,Sarah,Rivera,Doctor 2,2023-10-28
P0598,Sharon,Morales,Doctor 13,2023-10-28
P0798,Alexander,Miller,Doctor 20,2023-10-28
P0958,Gary,Carter,Doctor 9,2023-10-28
P1052,Linda,Carter,Doctor 12,2023-10-28
P1175,Nancy,Rivera,Doctor 11,2023-10-28
P1183,Brian,James,Doctor 8,2023-10-28
P1193,Mark,Price,Doctor 14,2023-10-28
P1396,Susan,Phillips,Doctor 5,2023-10-28
P1485,Ryan,Wilson,Doctor 15,2023-10-28
P1488,Emma,Ward,Doctor 11,2023-10-28
P1506,Joshua,Anderson,Doctor 10,2023-10-28
P1614,Carol,Alvarez,Doctor 13,2023-10-28
P1631,Anna,Reyes,Doctor 16,2023-10-28
P1737,Jonathan,White,Doctor 17,2023-10-28
P1765,Amy,Roberts,Doctor 14,2023-10-28
P1854,Deborah,Morris,Doctor 11,2023-10-28
P1923,Sarah,Davis,Doctor 3,2023-10-28
P1934,Frank,James,Doctor 1,2023-10-28
P1956,Tyler,Reed,Doctor 7,2023-10-28
P1998,Karen,Gonzalez,Doctor 1,2023-10-28
P2124,Edward,Sanders,Doctor 4,2023-10-28
P2197,Robert,Hernandez,Doctor 12,2023-10-28
P2243,Betty,Cox,Doctor 9,2023-10-28
P0023,William,Rivera,Doctor 1,2023-10-29
P0125,Kenneth,Hughes,Doctor 7,2023-10-29
P0184,Michelle,Thompson,Doctor 15,2023-10-29
P0190,Sharon,Parker,Doctor 7,2023-10-29
P0249,Aaron,Kim,Doctor 9,2023-10-29
P0310,Nicholas,Parker,Doctor 5,2023-10-29
P0437,Michelle,Parker,Doctor 4,2023-10-29
P0494,Thomas,Miller,Doctor 12,2023-10-29
P0590,Justin,Evans,Doctor 3,2023-10-29
P0744,James,Bennett,Doctor 19,2023-10-29
P0984,Laura,Miller,Doctor 19,2023-10-29
P0989,Tyler,Sanchez,Doctor 11,2023-10-29
P0993,Jack,Morris,Doctor 4,2023-10-29
P1008,Helen,Campbell,Doctor 20,2023-10-29
P1122,Nancy,Harris,Doctor 2,2023-10-29
P1186,John,Baker,Doctor 12,2023-10-29
P1200,Ryan,Gonzalez,Doctor 12,2023-10-29
P1258,Kathleen,Thomas,Doctor 10,2023-10-29
P1285,Ronald,Morris,Doctor 2,2023-10-29
P1333,Ryan,Mitchell,Doctor 15,2023-10-29
P1353,Linda,Scott,Doctor 1,2023-10-29
P1435,Scott,Walker,Doctor 13,2023-10-29
P1470,Justin,Morgan,Doctor 15,2023-10-29
P1520,Betty,Clark,Doctor 4,2023-10-29
P1531,Lisa,Sanders,Doctor 2,2023-10-29
P1538,Lisa,Allen,Doctor 3,2023-10-29
P1629,Emma,Cruz,Doctor 11,2023-10-29
P1769,Laura,Jackson,Doctor 14,2023-10-29
P1781,Gregory,Scott,Doctor 10,2023-10-29
P1923,Sarah,Davis,Doctor 7,2023-10-29
P1946,David,Young,Doctor 9,2023-10-29
P2007,Jessica,Lewis,Doctor 18,2023-10-29
P2144,Gary,Gutierrez,Doctor 9,2023-10-29
P2192,Karen,Ward,Doctor 17,2023-10-29
P2192,Karen,Ward,Doctor 17,2023-10-29
P2210,Virginia,Perez,Doctor 17,2023-10-29
P2235,Jose,Morales,Doctor 18,2023-10-29
P0044,Angela,Rogers,Doctor 9,2023-10-30
P0074,Betty,Ramirez,Doctor 20,2023-10-30
P0100,Tyler,White,Doctor 2,2023-10-30
P0110,Jacob,Watson,Doctor 17,2023-10-30
P0202,Aaron,Roberts,Doctor 19,2023-10-30
P0207,Sandra,Wilson,Doctor 18,2023-10-30
P0477,Cynthia,Thomas,Doctor 5,2023-10-30
P0595,Kevin,Jackson,Doctor 3,2023-10-30
P0624,Jose,Johnson,Doctor 6,2023-10-30
P0714,Frank,Kim,Doctor 17,2023-10-30
P0839,Nancy,Cook,Doctor 9,2023-10-30
P0840,Samuel,Edwards,Doctor 16,2023-10-30
P0850,Brenda,Ortiz,Doctor 9,2023-10-30
P0935,Dennis,Ortiz,Doctor 15,2023-10-30
P1141,Sharon,Murphy,Doctor 14,2023-10-30
P1183,Brian,James,Doctor 9,2023-10-30
P1216,Scott,Parker,Doctor 1,2023-10-30
P1256,Donna,Baker,Doctor 5,2023-10-30
P1362,Tyler,Lewis,Doctor 12,2023-10-30
P1368,Brian,Price,Doctor 8,2023-10-30
P1414,Richard,White,Doctor 2,2023-10-30
P1455,Laura,Rivera,Doctor 1,2023-10-30
P1713,Helen,Rodriguez,Doctor 18,2023-10-30
P1716,Robert,Taylor,Doctor 3,2023-10-30
P1771,Ronald,Morgan,Doctor 16,2023-10-30
P1783,Jack,Allen,Doctor 20,2023-10-30
P1820,Alexander,Alvarez,Doctor 16,2023-10-30
P1902,Nancy,Alvarez,Doctor 20,2023-10-30
P2095,Kenneth,Stewart,Doctor 2,2023-10-30
P2144,Gary,Gutierrez,Doctor 9,2023-10-30
P2186,Joshua,Cox,Doctor 15,2023-10-30
P2205,Sandra,Parker,Doctor 12,2023-10-30
P0048,Scott,Rivera,Doctor 4,2023-10-31
P0153,Edward,Clark,Doctor 10,2023-10-31
P0155,Helen,Hughes,Doctor 19,2023-10-31
P0182,Timothy,Kelly,Doctor 10,2023-10-31
P0278,Melissa,Wilson,Doctor 14,2023-10-31
P0341,Carol,Adams,Doctor 15,2023-10-31
P0439,Robert,Ruiz,Doctor 2,2023-10-31
P0469,Matthew,Hill,Doctor 14,2023-10-31
P0519,Amy,Davis,Doctor 4,2023-10-31
P0526,Donald,Hall,Doctor 4,2023-10-31
P0629,Michelle,Reyes,Doctor 16,2023-10-31
P0688,Joseph,Ramos,Doctor 14,2023-10-31
P0696,Brandon,Allen,Doctor 11,2023-10-31
P0757,Gary,Edwards,Doctor 5,2023-10-31
P1079,Elizabeth,Bennett,Doctor 17,2023-10-31
P1104,Betty,Sanchez,Doctor 13,2023-10-31
P1125,Raymond,Thompson,Doctor 17,2023-10-31
P1304,Steven,Turner,Doctor 19,2023-10-31
P1321,George,Green,Doctor 4,2023-10-31
P1438,Amy,Baker,Doctor 4,2023-10-31
P1439,Justin,Gutierrez,Doctor 1,2023-10-31
P1457,Emma,Allen,Doctor 20,2023-10-31
P1485,Ryan,Wilson,Doctor 4,2023-10-31
P1546,Brandon,Stewart,Doctor 7,2023-10-31
P1638,Joseph,Price,Doctor 1,2023-10-31
P1738,Sharon,Brooks,Doctor 4,2023-10-31
P1738,Sharon,Brooks,Doctor 4,2023-10-31
P1884,Alexander,Mendoza,Doctor 12,2023-10-31
P1899,Steven,Clark,Doctor 10,2023-10-31
P1943,Jennifer,Ramirez,Doctor 4,2023-10-31
P1952,Sarah,Rodriguez,Doctor 12,2023-10-31
P1977,Karen,Gray,Doctor 20,2023-10-31
P2078,Nancy,Lopez,Doctor 13,2023-10-31
P2100,Sandra,Morgan,Doctor 8,2023-10-31
P2195,Ruth,Lewis,Doctor 18,2023-10-31
P0022,Ronald,Taylor,Doctor 1,2023-11-01
P0132,Carol,Jones,Doctor 4,2023-11-01
P0148,Gary,Ortiz,Doctor 12,2023-11-01
P0208,Kimberly,Hughes,Doctor 13,2023-11-01
P0395,Samuel,Kim,Doctor 18,2023-11-01
P0508,Sandra,Myers,Doctor 2,2023-11-01
P0511,Rebecca,Thomas,Doctor 8,2023-11-01
P0545,Karen,Lewis,Doctor 2,2023-11-01
P0548,Patrick,Rodriguez,Doctor 2,2023-11-01
P0592,Michelle,Alvarez,Doctor 10,2023-11-01
P0621,Donald,Rogers,Doctor 17,2023-11-01
P0666,Nicholas,Nelson,Doctor 15,2023-11-01
P0702,Melissa,Thompson,Doctor 8,2023-11-01
P0721,Sharon,Young,Doctor 20,2023-11-01
P0808,Donald,Rodriguez,Doctor 5,2023-11-01
P0825,Thomas,Reed,Doctor 17,2023-11-01
P0842,Nicholas,Rodriguez,Doctor 5,2023-11-01
P0914,Kenneth,Gomez,Doctor 15,2023-11-01
P0952,James,Diaz,Doctor 16,2023-11-01
P1083,Scott,Scott,Doctor 14,2023-11-01
P1165,Michelle,Chavez,Doctor 6,2023-11-01
P1170,Daniel,Wright,Doctor 9,2023-11-01
P1244,Donna,Thompson,Doctor 8,2023-11-01
P1281,Emma,Davis,Doctor 16,2023-11-01
P1284,Alexander,Castillo,Doctor 20,2023-11-01
P1434,Charles,Ramos,Doctor 2,2023-11-01
P1533,Sandra,Cruz,Doctor 12,2023-11-01
P1555,John,Lee,Doctor 14,2023-11-01
P1558,Aaron,Rodriguez,Doctor 17,2023-11-01
P1560,Michael,Richardson,Doctor 17,2023-11-01
P1567,Jeffrey,Watson,Doctor 3,2023-11-01
P1580,Thomas,Nelson,Doctor 6,2023-11-01
P1591,Angela,Hughes,Doctor 20,2023-11-01
P1640,Nancy,Rogers,Doctor 3,2023-11-01
P1688,Thomas,Murphy,Doctor 5,2023-11-01
P1688,Thomas,Murphy,Doctor 16,2023-11-01
P1863,Raymond,Parker,Doctor 16,2023-11-01
P2022,Jason,Stewart,Doctor 9,2023-11-01
P2030,Dennis,Watson,Doctor 8,2023-11-01
P0012,Steven,Scott,Doctor 4,2023-11-02
P0018,Jerry,Bailey,Doctor 11,2023-11-02
P0083,James,Moore,Doctor 1,2023-11-02
P0095,Stephen,Reyes,Doctor 5,2023-11-02
P0101,Ruth,Campbell,Doctor 20,2023-11-02
P0158,Sandra,Sanders,Doctor 19,2023-11-02
P0455,Nancy,Hughes,Doctor 17,2023-11-02
P0489,Eric,Howard,Doctor 3,2023-11-02
P0493,Patricia,Reyes,Doctor 14,2023-11-02
P0617,Donna,Jones,Doctor 7,2023-11-02
P0723,Jason,Patel,Doctor 17,2023-11-02
P0804,Jacob,Scott,Doctor 5,2023-11-02
P0848,Scott,Reed,Doctor 14,2023-11-02
P0967,Daniel,Cox,Doctor 13,2023-11-02
P1034,Sarah,Thomas,Doctor 10,2023-11-02
P1052,Linda,Carter,Doctor 7,2023-11-02
P1076,Susan,Rogers,Doctor 7,2023-11-02
P1098,Steven,Anderson,Doctor 2,2023-11-02
P1177,Patrick,Ruiz,Doctor 7,2023-11-02
P1295,Barbara,Thompson,Doctor 14,2023-11-02
P1353,Linda,Scott,Doctor 6,2023-11-02
P1354,Kenneth,Wilson,Doctor 9,2023-11-02
P1577,Samuel,Walker,Doctor 3,2023-11-02
P1590,Kathleen,Johnson,Doctor 14,2023-11-02
P1747,Rebecca,King,Doctor 17,2023-11-02
P1816,Scott,Thompson,Doctor 15,2023-11-02
P1896,Kathleen,Watson,Doctor 10,2023-11-02
P1931,Jerry,Phillips,Doctor 13,2023-11-02
P1991,Jack,Wood,Doctor 13,2023-11-02
P1994,Michelle,Rivera,Doctor 16,2023-11-02
P2039,Deborah,Robinson,Doctor 20,2023-11-02
P2076,Frank,Reyes,Doctor 3,2023-11-02
P2162,Timothy,Price,Doctor 15,2023-11-02
P2247,William,Morris,Doctor 7,2023-11-02
P0082,Michelle,Martinez,Doctor 12,2023-11-03
P0091,Patricia,Gonzalez,Doctor 3,2023-11-03
P0232,Helen,Murphy,Doctor 7,2023-11-03
P0603,Raymond,Mitchell,Doctor 13,2023-11-03
P0664,Helen,Mendoza,Doctor 20,2023-11-03
P0745,Melissa,Turner,Doctor 11,2023-11-03
P0749,Cynthia,Ramirez,Doctor 4,2023-11-03
P0855,David,Morales,Doctor 14,2023-11-03
P1088,Donald,Wright,Doctor 6,2023-11-03
P1218,Gary,Reed,Doctor 6,2023-11-03
P1229,Donna,Gray,Doctor 3,2023-11-03
P1272,Virginia,Castillo,Doctor 5,2023-11-03
P1364,Betty,Green,Doctor 6,2023-11-03
P1413,Rebecca,Morris,Doctor 4,2023-11-03
P1427,Michael,Turner,Doctor 20,2023-11-03
P1429,Richard,Patel,Doctor 17,2023-11-03
P1451,Jonathan,Murphy,Doctor 3,2023-11-03
P1522,Scott,Lewis,Doctor 6,2023-11-03
P1653,Cynthia,Price,Doctor 15,2023-11-03
P1676,Daniel,Sanchez,Doctor 12,2023-11-03
P1699,David,James,Doctor 6,2023-11-03
P1782,Donald,Castillo,Doctor 6,2023-11-03
P2207,Edward,Hughes,Doctor 8,2023-11-03
P2209,William,Cook,Doctor 19,2023-11-03
P0119,Laura,Sanchez,Doctor 11,2023-11-04
P0285,Karen,Kelly,Doctor 18,2023-11-04
P0304,Melissa,Edwards,Doctor 5,2023-11-04
P0311,Eric,Williams,Doctor 18,2023-11-04
P0312,Brenda,Martinez,Doctor 19,2023-11-04
P0348,Nicholas,Cook,Doctor 17,2023-11-04
P0355,Nancy,Turner,Doctor 11,2023-11-04
P0474,Sarah,Morgan,Doctor 13,2023-11-04
P0567,Melissa,Miller,Doctor 7,2023-11-04
P0600,Barbara,Hall,Doctor 10,2023-11-04
P0642,Thomas,Anderson,Doctor 16,2023-11-04
P0759,Sharon,Nguyen,Doctor 8,2023-11-04
P0793,Kathleen,Jackson,Doctor 15,2023-11-04
P0802,Amy,Edwards,Doctor 9,2023-11-04
P0843,Donald,Peterson,Doctor 2,2023-11-04
P0895,Scott,Lopez,Doctor 11,2023-11-04
P1037,George,Gonzalez,Doctor 17,2023-11-04
P1091,Justin,Moore,Doctor 20,2023-11-04
P1154,Daniel,Lewis,Doctor 9,2023-11-04
P1179,Linda,Reyes,Doctor 20,2023-11-04
P1255,Edward,Diaz,Doctor 8,2023-11-04
P1302,Andrew,Reyes,Doctor 6,2023-11-04
P1326,Brenda,Lee,Doctor 15,2023-11-04
P1387,Jack,Reed,Doctor 11,2023-11-04
P1406,Nicholas,Myers,Doctor 14,2023-11-04
P1571,Barbara,Reed,Doctor 19,2023-11-04
P1642,Laura,Bennett,Doctor 19,2023-11-04
P1645,Thomas,Jackson,Doctor 10,2023-11-04
P1725,Robert,Wilson,Doctor 6,2023-11-04
P1983,Tyler,Ward,Doctor 16,2023-11-04
P2058,James,Wright,Doctor 19,2023-11-04
P2115,Edward,Ramos,Doctor 6,2023-11-04
P2160,Betty,Allen,Doctor 5,2023-11-04
P2194,Jason,Miller,Doctor 20,2023-11-04
P2228,Susan,Howard,Doctor 18,2023-11-04
P2271,Betty,Johnson,Doctor 10,2023-11-04
P2302,Kevin,Thompson,Doctor 8,2023-11-04
P0298,Helen,Bailey,Doctor 7,2023-11-05
P0315,Joseph,Castillo,Doctor 14,2023-11-05
P0510,Jeffrey,Allen,Doctor 5,2023-11-05
P0701,Dennis,Cox,Doctor 15,2023-11-05
P0702,Melissa,Thompson,Doctor 8,2023-11-05
P0837,Patrick,Torres,Doctor 17,2023-11-05
P0862,Jerry,Thomas,Doctor 2,2023-11-05
P0969,Anthony,Brooks,Doctor 1,2023-11-05
P1093,George,Miller,Doctor 8,2023-11-05
P1181,Nancy,Sanchez,Doctor 19,2023-11-05
P1185,Brian,Turner,Doctor 2,2023-11-05
P1211,Jennifer,Morris,Doctor 18,2023-11-05
P1248,Edward,Mendoza,Doctor 13,2023-11-05
P1285,Ronald,Morris,Doctor 8,2023-11-05
P1326,Brenda,Lee,Doctor 15,2023-11-05
P1375,Kathleen,Myers,Doctor 15,2023-11-05
P1383,Mary,Wright,Doctor 19,2023-11-05
P1428,Thomas,Thompson,Doctor 6,2023-11-05
P1491,Karen,Gomez,Doctor 16,2023-11-05
P1517,Sharon,Cooper,Doctor 13,2023-11-05
P1565,Jeffrey,Moore,Doctor 15,2023-11-05
P1569,Betty,Ruiz,Doctor 12,2023-11-05
P1684,Carol,Ruiz,Doctor 18,2023-11-05
P1816,Scott,Thompson,Doctor 15,2023-11-05
P1825,Dennis,Davis,Doctor 3,2023-11-05
P1908,Jose,Torres,Doctor 17,2023-11-05
P1982,Mary,Carter,Doctor 10,2023-11-05
P2111,Joshua,Ramirez,Doctor 8,2023-11-05
P2213,Linda,Sanders,Doctor 20,2023-11-05
P2278,Andrew,Diaz,Doctor 11,2023-11-05
P0048,Scott,Rivera,Doctor 4,2023-11-06
P0152,Michelle,Jackson,Doctor 17,2023-11-06
P0237,Anna,Smith,Doctor 16,2023-11-06
P0283,Jerry,Ruiz,Doctor 19,2023-11-06
P0287,Laura,Richardson,Doctor 11,2023-11-06
P0318,Rebecca,Baker,Doctor 14,2023-11-06
P0365,Sarah,Ramirez,Doctor 17,2023-11-06
P0368,Sharon,Wright,Doctor 12,2023-11-06
P0506,Carol,Thomas,Doctor 4,2023-11-06
P0544,Ruth,Baker,Doctor 4,2023-11-06
P0586,Michelle,Bennett,Doctor 15,2023-11-06
P0614,James,Wood,Doctor 9,2023-11-06
P0637,Charles,Torres,Doctor 13,2023-11-06
P0658,James,Morris,Doctor 15,2023-11-06
P0662,Ruth,Gomez,Doctor 1,2023-11-06
P0711,Lisa,Hall,Doctor 11,2023-11-06
P0724,Daniel,Kim,Doctor 12,2023-11-06
P0874,Karen,Ramirez,Doctor 7,2023-11-06
P0908,Steven,Peterson,Doctor 2,2023-11-06
P0928,Kevin,Turner,Doctor 18,2023-11-06
P0968,Scott,Cooper,Doctor 7,2023-11-06
P1120,Emma,Morris,Doctor 16,2023-11-06
P1194,Kimberly,Rodriguez,Doctor 16,2023-11-06
P1252,Brian,Young,Doctor 6,2023-11-06
P1468,Sandra,Adams,Doctor 10,2023-11-06
P1516,Laura,Taylor,Doctor 20,2023-11-06
P1517,Sharon,Cooper,Doctor 13,2023-11-06
P1578,Shirley,Robinson,Doctor 9,2023-11-06
P1650,Jerry,Nelson,Doctor 6,2023-11-06
P1673,Deborah,Collins,Doctor 15,2023-11-06
P1690,Deborah,Lee,Doctor 2,2023-11-06
P1759,Gary,Roberts,Doctor 12,2023-11-06
P1835,Helen,Turner,Doctor 6,2023-11-06
P2064,Kenneth,Lopez,Doctor 15,2023-11-06
P0069,Eric,Reyes,Doctor 1,2023-11-07
P0169,Betty,Kim,Doctor 17,2023-11-07
P0170,Aaron,Williams,Doctor 7,2023-11-07
P0202,Aaron,Roberts,Doctor 19,2023-11-07
P0211,Betty,Wright,Doctor 16,2023-11-07
P0240,Dennis,Thomas,Doctor 10,2023-11-07
P0248,Sandra,Lopez,Doctor 16,2023-11-07
P0343,James,Ramos,Doctor 7,2023-11-07
P0401,Eric,Martin,Doctor 14,2023-11-07
P0463,Helen,Peterson,Doctor 20,2023-11-07
P0479,Jose,Brown,Doctor 16,2023-11-07
P0548,Patrick,Rodriguez,Doctor 10,2023-11-07
P0641,Emma,Rogers,Doctor 3,2023-11-07
P0707,Gary,Campbell,Doctor 19,2023-11-07
P0732,Lisa,Brown,Doctor 2,2023-11-07
P0787,Melissa,Howard,Doctor 8,2023-11-07
P0787,Melissa,Howard,Doctor 3,2023-11-07
P0901,Nancy,Hernandez,Doctor 11,2023-11-07
P0919,Thomas,Ramirez,Doctor 19,2023-11-07
P0986,Kenneth,Morris,Doctor 16,2023-11-07
P1112,Brandon,Gomez,Doctor 6,2023-11-07
P1293,Laura,Campbell,Doctor 6,2023-11-07
P1386,Kevin,Patel,Doctor 18,2023-11-07
P1410,Andrew,Martinez,Doctor 17,2023-11-07
P1433,Helen,Taylor,Doctor 6,2023-11-07
P1665,Brian,Lee,Doctor 17,2023-11-07
P1856,Justin,Diaz,Doctor 2,2023-11-07
P2028,William,Perez,Doctor 9,2023-11-07
P2047,Virginia,Moore,Doctor 7,2023-11-07
P2103,Edward,Collins,Doctor 18,2023-11-07
P2163,Jacob,Lopez,Doctor 19,2023-11-07
P2210,Virginia,Perez,Doctor 14,2023-11-07
P2217,Sarah,Mitchell,Doctor 13,2023-11-07
P2246,Betty,Gutierrez,Doctor 12,2023-11-07
P0300,Laura,Martinez,Doctor 12,2023-11-08
P0353,Joseph,Bennett,Doctor 20,2023-11-08
P0448,Helen,Chavez,Doctor 1,2023-11-08
P0524,Sarah,Young,Doctor 9,2023-11-08
P0532,Brandon,Hernandez,Doctor 20,2023-11-08
P0667,Benjamin,Rivera,Doctor 7,2023-11-08
P0769,Nancy,Collins,Doctor 12,2023-11-08
P0942,Donald,Evans,Doctor 7,2023-11-08
P0964,Edward,Young,Doctor 19,2023-11-08
P0976,Anna,White,Doctor 12,2023-11-08
P1046,Carol,Chavez,Doctor 2,2023-11-08
P1101,Lisa,Ruiz,Doctor 6,2023-11-08
P1118,Patrick,Jones,Doctor 11,2023-11-08
P1336,Jack,Roberts,Doctor 20,2023-11-08
P1396,Susan,Phillips,Doctor 5,2023-11-08
P1718,Kenneth,Mendoza,Doctor 9,2023-11-08
P1828,Aaron,Smith,Doctor 13,2023-11-08
P2069,Jonathan,Collins,Doctor 20,2023-11-08
P2132,Jacob,Alvarez,Doctor 3,2023-11-08
P2161,Andrew,Wood,Doctor 17,2023-11-08
P2207,Edward,Hughes,Doctor 16,2023-11-08
P2258,Anthony,Phillips,Doctor 4,2023-11-08
P0121,Scott,White,Doctor 17,2023-11-09
P0191,Eric,Ruiz,Doctor 14,2023-11-09
P0285,Karen,Kelly,Doctor 16,2023-11-09
P0367,Jacob,Allen,Doctor 2,2023-11-09
P0448,Helen,Chavez,Doctor 1,2023-11-09
P0475,Elizabeth,Hill,Doctor 7,2023-11-09
P0503,Karen,Brooks,Doctor 8,2023-11-09
P0611,Dennis,Lopez,Doctor 5,2023-11-09
P0624,Jose,Johnson,Doctor 17,2023-11-09
P0657,Barbara,Diaz,Doctor 15,2023-11-09
P0710,Larry,Hughes,Doctor 7,2023-11-09
P0748,Dorothy,Campbell,Doctor 3,2023-11-09
P0788,Ruth,Lopez,Doctor 17,2023-11-09
P0901,Nancy,Hernandez,Doctor 11,2023-11-09
P0990,Barbara,Clark,Doctor 9,2023-11-09
P0997,Donna,Nguyen,Doctor 14,2023-11-09
P1065,Sharon,Moore,Doctor 20,2023-11-09
P1070,Benjamin,Lee,Doctor 19,2023-11-09
P1101,Lisa,Ruiz,Doctor 6,2023-11-09
P1108,Jose,Campbell,Doctor 1,2023-11-09
P1203,Frank,Ortiz,Doctor 16,2023-11-09
P1242,Sharon,Rogers,Doctor 19,2023-11-09
P1247,Sharon,Thompson,Doctor 9,2023-11-09
P1524,Shirley,James,Doctor 10,2023-11-09
P1529,Brenda,Scott,Doctor 6,2023-11-09
P1600,Tyler,James,Doctor 3,2023-11-09
P1643,Patricia,Green,Doctor 6,2023-11-09
P1671,Jason,White,Doctor 4,2023-11-09
P1769,Laura,Jackson,Doctor 16,2023-11-09
P1788,Patrick,Cox,Doctor 15,2023-11-09
P1837,Michelle,Allen,Doctor 8,2023-11-09
P1869,Jonathan,Smith,Doctor 19,2023-11-09
P2041,Lisa,Gomez,Doctor 8,2023-11-09
P2120,Ruth,Gutierrez,Doctor 16,2023-11-09
P2178,Susan,Cooper,Doctor 3,2023-11-09
P2201,Gregory,Nguyen,Doctor 20,2023-11-09
P2206,Alexander,Cruz,Doctor 14,2023-11-09
P2242,Jennifer,Evans,Doctor 12,2023-11-09
P0286,Scott,Smith,Doctor 17,2023-11-10
P0296,Deborah,Baker,Doctor 20,2023-11-10
P0306,Benjamin,Ruiz,Doctor 6,2023-11-10
P0435,Jessica,Morris,Doctor 1,2023-11-10
P0673,Richard,Johnson,Doctor 20,2023-11-10
P0755,Laura,Phillips,Doctor 13,2023-11-10
P0831,Rebecca,Mitchell,Doctor 19,2023-11-10
P0956,Edward,Gonzalez,Doctor 9,2023-11-10
P0964,Edward,Young,Doctor 19,2023-11-10
P1055,Christopher,Chavez,Doctor 4,2023-11-10
P1244,Donna,Thompson,Doctor 15,2023-11-10
P1268,Rebecca,Jackson,Doctor 13,2023-11-10
P1310,Carol,Smith,Doctor 20,2023-11-10
P1538,Lisa,Allen,Doctor 12,2023-11-10
P1559,John,Adams,Doctor 19,2023-11-10
P1672,Alexander,Adams,Doctor 5,2023-11-10
P1785,Donald,Patel,Doctor 9,2023-11-10
P1795,Timothy,Wright,Doctor 3,2023-11-10
P1812,Christopher,Reed,Doctor 13,2023-11-10
P1933,Brenda,Castillo,Doctor 2,2023-11-10
P1963,Rebecca,Harris,Doctor 14,2023-11-10
P1992,Laura,Allen,Doctor 6,2023-11-10
P2068,Kathleen,Morris,Doctor 10,2023-11-10
P2153,Amy,Nguyen,Doctor 6,2023-11-10
P0015,Patricia,Sanchez,Doctor 19,2023-11-11
P0064,Joshua,Thomas,Doctor 5,2023-11-11
P0106,Jose,Gutierrez,Doctor 7,2023-11-11
P0125,Kenneth,Hughes,Doctor 7,2023-11-11
P0184,Michelle,Thompson,Doctor 19,2023-11-11
P0191,Eric,Ruiz,Doctor 9,2023-11-11
P0218,Robert,Davis,Doctor 5,2023-11-11
P0237,Anna,Smith,Doctor 11,2023-11-11
P0239,Kimberly,White,Doctor 4,2023-11-11
P0272,Scott,Ward,Doctor 2,2023-11-11
P0385,Ryan,Evans,Doctor 20,2023-11-11
P0561,Scott,Evans,Doctor 18,2023-11-11
P0568,Justin,Sanchez,Doctor 3,2023-11-11
P0582,Karen,Taylor,Doctor 13,2023-11-11
P0593,Charles,Mendoza,Doctor 19,2023-11-11
P0659,Matthew,Mitchell,Doctor 14,2023-11-11
P0761,Barbara,Walker,Doctor 10,2023-11-11
P0795,Betty,Ward,Doctor 2,2023-11-11
P0813,Sandra,Jones,Doctor 20,2023-11-11
P0813,Sandra,Jones,Doctor 7,2023-11-11
P0824,Melissa,Stewart,Doctor 7,2023-11-11
P0951,John,Ramirez,Doctor 12,2023-11-11
P1010,Jessica,Parker,Doctor 12,2023-11-11
P1102,Aaron,Castillo,Doctor 17,2023-11-11
P1127,Sarah,Morris,Doctor 10,2023-11-11
P1144,Ronald,Patel,Doctor 6,2023-11-11
P1256,Donna,Baker,Doctor 20,2023-11-11
P1280,Angela,Stewart,Doctor 16,2023-11-11
P1294,Larry,Turner,Doctor 8,2023-11-11
P1416,Rebecca,Reyes,Doctor 3,2023-11-11
P1508,Jerry,Hughes,Doctor 7,2023-11-11
P1679,Jose,Perez,Doctor 19,2023-11-11
P1791,Jose,Cooper,Doctor 18,2023-11-11
P1823,Sharon,Lopez,Doctor 7,2023-11-11
P1954,Daniel,Price,Doctor 6,2023-11-11
P1966,Jennifer,Turner,Doctor 2,2023-11-11
P1986,Sarah,Phillips,Doctor 12,2023-11-11
P2023,Sandra,Ortiz,Doctor 9,2023-11-11
P2197,Robert,Hernandez,Doctor 3,2023-11-11
P2281,Samuel,Hall,Doctor 18,2023-11-11
P0028,Sarah,Ward,Doctor 5,2023-11-12
P0086,Aaron,Gray,Doctor 14,2023-11-12
P0094,Amy,Johnson,Doctor 20,2023-11-12
P0099,Nancy,Garcia,Doctor 3,2023-11-12
P0252,Betty,Mitchell,Doctor 16,2023-11-12
P0257,Jacob,Myers,Doctor 4,2023-11-12
P0258,Matthew,Ward,Doctor 12,2023-11-12
P0303,Joshua,Hill,Doctor 8,2023-11-12
P0569,Christopher,Cruz,Doctor 17,2023-11-12
P0679,Sharon,Thomas,Doctor 19,2023-11-12
P0684,Michelle,Gray,Doctor 13,2023-11-12
P0694,Aaron,Morales,Doctor 18,2023-11-12
P0747,Sarah,Cox,Doctor 7,2023-11-12
P0848,Scott,Reed,Doctor 14,2023-11-12
P0928,Kevin,Turner,Doctor 7,2023-11-12
P0963,Michelle,Nguyen,Doctor 10,2023-11-12
P1016,Melissa,Garcia,Doctor 17,2023-11-12
P1181,Nancy,Sanchez,Doctor 3,2023-11-12
P1186,John,Baker,Doctor 12,2023-11-12
P1234,Rebecca,Nelson,Doctor 9,2023-11-12
P1239,Helen,Gray,Doctor 11,2023-11-12
P1287,Carol,Turner,Doctor 9,2023-11-12
P1465,Raymond,Thomas,Doctor 6,2023-11-12
P1467,Michelle,Morgan,Doctor 14,2023-11-12
P1493,Patrick,Jackson,Doctor 5,2023-11-12
P1511,Linda,Evans,Doctor 8,2023-11-12
P1559,John,Adams,Doctor 10,2023-11-12
P1601,Thomas,Evans,Doctor 2,2023-11-12
P1612,Frank,Baker,Doctor 6,2023-11-12
P1665,Brian,Lee,Doctor 15,2023-11-12
P1677,Sarah,Wright,Doctor 5,2023-11-12
P1683,Jacob,Robinson,Doctor 15,2023-11-12
P1708,Laura,Flores,Doctor 7,2023-11-12
P1724,Jason,Green,Doctor 16,2023-11-12
P1746,Samuel,Thompson,Doctor 9,2023-11-12
P1852,James,Carter,Doctor 14,2023-11-12
P1898,Joseph,Watson,Doctor 16,2023-11-12
P1975,Matthew,Lee,Doctor 9,2023-11-12
P2038,Helen,Hall,Doctor 11,2023-11-12
P2056,Aaron,Lee,Doctor 13,2023-11-12
P2096,Samuel,Bailey,Doctor 16,2023-11-12
P2173,Joshua,King,Doctor 8,2023-11-12
P2195,Ruth,Lewis,Doctor 4,2023-11-12
P0037,Patricia,Allen,Doctor 6,2023-11-13
P0181,Joshua,Williams,Doctor 4,2023-11-13
P0189,Christopher,James,Doctor 12,2023-11-13
P0263,Susan,Thompson,Doctor 2,2023-11-13
P0510,Jeffrey,Allen,Doctor 3,2023-11-13
P0687,Dorothy,Castillo,Doctor 6,2023-11-13
P0732,Lisa,Brown,Doctor 14,2023-11-13
P0907,Edward,Gomez,Doctor 1,2023-11-13
P0953,James,Lopez,Doctor 4,2023-11-13
P1016,Melissa,Garcia,Doctor 17,2023-11-13
P1230,Eric,Sanders,Doctor 15,2023-11-13
P1264,Anthony,Lee,Doctor 17,2023-11-13
P1283,Jennifer,Hernandez,Doctor 4,2023-11-13
P1283,Jennifer,Hernandez,Doctor 4,2023-11-13
P1339,Rebecca,Johnson,Doctor 20,2023-11-13
P1355,Donald,Bailey,Doctor 15,2023-11-13
P1388,Jeffrey,Reed,Doctor 10,2023-11-13
P1408,Betty,Peterson,Doctor 16,2023-11-13
P1410,Andrew,Martinez,Doctor 17,2023-11-13
P1446,Patrick,Hill,Doctor 3,2023-11-13
P1540,Jessica,Thomas,Doctor 2,2023-11-13
P1728,Laura,Nguyen,Doctor 5,2023-11-13
P1881,Charles,Gomez,Doctor 20,2023-11-13
P1932,Deborah,Scott,Doctor 13,2023-11-13
P1974,Samuel,Miller,Doctor 1,2023-11-13
P2036,Raymond,Campbell,Doctor 15,2023-11-13
P2224,Edward,Howard,Doctor 5,2023-11-13
P2282,Mark,Rogers,Doctor 2,2023-11-13
P0008,Patricia,Gray,Doctor 17,2023-11-14
P0088,David,Harris,Doctor 5,2023-11-14
P0174,Timothy,Ortiz,Doctor 11,2023-11-14
P0231,Emma,Roberts,Doctor 5,2023-11-14
P0253,Donald,Jackson,Doctor 4,2023-11-14
P0304,Melissa,Edwards,Doctor 16,2023-11-14
P0419,Kevin,Nelson,Doctor 7,2023-11-14
P0531,Donna,Carter,Doctor 4,2023-11-14
P0630,Jonathan,Johnson,Doctor 5,2023-11-14
P0635,Barbara,Mitchell,Doctor 19,2023-11-14
P0637,Charles,Torres,Doctor 13,2023-11-14
P0679,Sharon,Thomas,Doctor 11,2023-11-14
P0729,Thomas,Smith,Doctor 13,2023-11-14
P0763,Ruth,Stewart,Doctor 9,2023-11-14
P0833,Betty,Ramos,Doctor 13,2023-11-14
P0887,Jack,Scott,Doctor 7,2023-11-14
P0904,Kimberly,Murphy,Doctor 9,2023-11-14
P0929,Dorothy,Rogers,Doctor 12,2023-11-14
P0945,Joshua,Ramos,Doctor 13,2023-11-14
P1046,Carol,Chavez,Doctor 2,2023-11-14
P1117,Deborah,Howard,Doctor 18,2023-11-14
P1166,Melissa,Clark,Doctor 7,2023-11-14
P1220,Justin,Torres,Doctor 20,2023-11-14
P1236,Rebecca,Watson,Doctor 20,2023-11-14
P1530,Kevin,Gray,Doctor 7,2023-11-14
P1616,Michael,Nguyen,Doctor 4,2023-11-14
P1737,Jonathan,White,Doctor 17,2023-11-14
P1751,Christopher,Rogers,Doctor 14,2023-11-14
P1756,Michelle,King,Doctor 19,2023-11-14
P1763,Jessica,Martinez,Doctor 1,2023-11-14
P1780,Lisa,Ortiz,Doctor 7,2023-11-14
P1821,Gregory,Cruz,Doctor 3,2023-11-14
P1854,Deborah,Morris,Doctor 1,2023-11-14
P1890,Patricia,Cruz,Doctor 9,2023-11-14
P1916,Anna,Howard,Doctor 6,2023-11-14
P1960,Lisa,Gutierrez,Doctor 4,2023-11-14
P2005,Ronald,Hernandez,Doctor 15,2023-11-14
P2009,Anthony,Campbell,Doctor 14,2023-11-14
P2010,Jennifer,Taylor,Doctor 7,2023-11-14
P2049,Mark,Davis,Doctor 8,2023-11-14
P2118,Jonathan,Roberts,Doctor 4,2023-11-14
P2128,Benjamin,Moore,Doctor 10,2023-11-14
P2149,Laura,Ruiz,Doctor 8,2023-11-14
P2152,Lisa,Wood,Doctor 10,2023-11-14
P2216,Patricia,Campbell,Doctor 5,2023-11-14
P2222,Eric,Roberts,Doctor 13,2023-11-14
P2230,Donald,Sanchez,Doctor 17,2023-11-14
P2256,Angela,Miller,Doctor 15,2023-11-14
P0052,Donna,Ramos,Doctor 15,2023-11-15
P0115,Jason,Evans,Doctor 14,2023-11-15
P0118,Jessica,Reed,Doctor 5,2023-11-15
P0220,Raymond,Reed,Doctor 8,2023-11-15
P0274,Scott,Martin,Doctor 8,2023-11-15
P0360,Donna,Adams,Doctor 1,2023-11-15
P0539,Jennifer,Green,Doctor 18,2023-11-15
P0566,Eric,Phillips,Doctor 5,2023-11-15
P0649,Robert,Hughes,Doctor 17,2023-11-15
P0662,Ruth,Gomez,Doctor 1,2023-11-15
P0701,Dennis,Cox,Doctor 16,2023-11-15
P0805,Benjamin,Howard,Doctor 15,2023-11-15
P0861,Ryan,Peterson,Doctor 5,2023-11-15
P1149,Joshua,Roberts,Doctor 17,2023-11-15
P1284,Alexander,Castillo,Doctor 20,2023-11-15
P1319,Laura,Lee,Doctor 12,2023-11-15
P1333,Ryan,Mitchell,Doctor 15,2023-11-15
P1379,Justin,Rogers,Doctor 18,2023-11-15
P1487,Brian,Nguyen,Doctor 2,2023-11-15
P1599,Donna,Richardson,Doctor 19,2023-11-15
P1660,Benjamin,Young,Doctor 16,2023-11-15
P1901,Charles,Thompson,Doctor 3,2023-11-15
P2108,Benjamin,Allen,Doctor 6,2023-11-15
P2246,Betty,Gutierrez,Doctor 16,2023-11-15
P0002,Sharon,Wood,Doctor 9,2023-11-16
P0038,Steven,Wood,Doctor 1,2023-11-16
P0069,Eric,Reyes,Doctor 1,2023-11-16
P0255,Ronald,Bailey,Doctor 17,2023-11-16
P0270,Mary,Scott,Doctor 13,2023-11-16
P0299,Sarah,Lee,Doctor 1,2023-11-16
P0306,Benjamin,Ruiz,Doctor 6,2023-11-16
P0325,Samuel,Ramirez,Doctor 3,2023-11-16
P0398,Betty,Bailey,Doctor 12,2023-11-16
P0433,Anthony,Johnson,Doctor 6,2023-11-16
P0448,Helen,Chavez,Doctor 1,2023-11-16
P0651,Dorothy,Perez,Doctor 7,2023-11-16
P0716,Carol,Wright,Doctor 18,2023-11-16
P0771,Larry,Watson,Doctor 20,2023-11-16
P0817,Brian,Brooks,Doctor 12,2023-11-16
P0828,Sandra,Morales,Doctor 4,2023-11-16
P0836,Michelle,Harris,Doctor 8,2023-11-16
P0918,Helen,Sanders,Doctor 4,2023-11-16
P0926,Amy,Lee,Doctor 6,2023-11-16
P0958,Gary,Carter,Doctor 13,2023-11-16
P1039,Richard,Watson,Doctor 20,2023-11-16
P1069,Sarah,Johnson,Doctor 18,2023-11-16
P1187,Kenneth,Morgan,Doctor 11,2023-11-16
P1274,Helen,Gutierrez,Doctor 12,2023-11-16
P1284,Alexander,Castillo,Doctor 20,2023-11-16
P1333,Ryan,Mitchell,Doctor 15,2023-11-16
P1365,Sarah,Jones,Doctor 10,2023-11-16
P1370,Justin,Collins,Doctor 10,2023-11-16
P1593,Gregory,Green,Doctor 4,2023-11-16
P1676,Daniel,Sanchez,Doctor 18,2023-11-16
P1745,Scott,Torres,Doctor 2,2023-11-16
P1860,Donna,Lee,Doctor 18,2023-11-16
P1862,Karen,Green,Doctor 17,2023-11-16
P1883,Kevin,Robinson,Doctor 6,2023-11-16
P1952,Sarah,Rodriguez,Doctor 12,2023-11-16
P2075,Brian,Wilson,Doctor 7,2023-11-16
P2263,Eric,Green,Doctor 9,2023-11-16
P2297,Jacob,Cook,Doctor 8,2023-11-16
P0090,Mary,Adams,Doctor 17,2023-11-17
P0115,Jason,Evans,Doctor 20,2023-11-17
P0273,James,Ward,Doctor 10,2023-11-17
P0306,Benjamin,Ruiz,Doctor 9,2023-11-17
P0309,Nicholas,Morris,Doctor 5,2023-11-17
P0427,Richard,Turner,Doctor 12,2023-11-17
P0452,Joshua,Hughes,Doctor 14,2023-11-17
P0524,Sarah,Young,Doctor 13,2023-11-17
P0597,Richard,Chavez,Doctor 15,2023-11-17
P0614,James,Wood,Doctor 15,2023-11-17
P0747,Sarah,Cox,Doctor 9,2023-11-17
P0828,Sandra,Morales,Doctor 20,2023-11-17
P0873,Andrew,Evans,Doctor 5,2023-11-17
P0908,Steven,Peterson,Doctor 2,2023-11-17
P0945,Joshua,Ramos,Doctor 18,2023-11-17
P1020,Jeffrey,Lopez,Doctor 1,2023-11-17
P1065,Sharon,Moore,Doctor 7,2023-11-17
P1086,Mary,Hall,Doctor 6,2023-11-17
P1087,Andrew,Patel,Doctor 20,2023-11-17
P1227,Lisa,King,Doctor 11,2023-11-17
P1246,Jason,Bailey,Doctor 9,2023-11-17
P1446,Patrick,Hill,Doctor 3,2023-11-17
P1552,Aaron,Adams,Doctor 4,2023-11-17
P1606,George,Peterson,Doctor 19,2023-11-17
P1654,David,Brooks,Doctor 3,2023-11-17
P1717,Charles,Brooks,Doctor 18,2023-11-17
P1780,Lisa,Ortiz,Doctor 20,2023-11-17
P1943,Jennifer,Ramirez,Doctor 4,2023-11-17
P2035,Angela,Hall,Doctor 18,2023-11-17
P2276,Jeffrey,Martinez,Doctor 14,2023-11-17
P0116,William,Chavez,Doctor 9,2023-11-18
P0119,Laura,Sanchez,Doctor 18,2023-11-18
P0177,Shirley,Chavez,Doctor 10,2023-11-18
P0214,Jason,Torres,Doctor 20,2023-11-18
P0301,Kimberly,Green,Doctor 15,2023-11-18
P0328,Anthony,Harris,Doctor 15,2023-11-18
P0342,Tyler,Smith,Doctor 7,2023-11-18
P0383,Andrew,Watson,Doctor 19,2023-11-18
P0416,Eric,Brooks,Doctor 4,2023-11-18
P0432,Sandra,Turner,Doctor 12,2023-11-18
P0459,Sarah,Perez,Doctor 2,2023-11-18
P0770,George,James,Doctor 6,2023-11-18
P0988,Sharon,Ward,Doctor 17,2023-11-18
P0995,Richard,Morgan,Doctor 11,2023-11-18
P1112,Brandon,Gomez,Doctor 6,2023-11-18
P1198,Richard,Allen,Doctor 16,2023-11-18
P1376,Brenda,Lopez,Doctor 20,2023-11-18
P1392,Alexander,Sanchez,Doctor 15,2023-11-18
P1428,Thomas,Thompson,Doctor 6,2023-11-18
P1561,Richard,Reyes,Doctor 1,2023-11-18
P1570,Sarah,Edwards,Doctor 1,2023-11-18
P1674,Elizabeth,Baker,Doctor 8,2023-11-18
P1814,Michelle,Hill,Doctor 19,2023-11-18
P1819,Dorothy,Harris,Doctor 11,2023-11-18
P2010,Jennifer,Taylor,Doctor 11,2023-11-18
P2019,Ryan,Wright,Doctor 12,2023-11-18
P2027,Karen,Smith,Doctor 15,2023-11-18
P2198,John,Gonzalez,Doctor 4,2023-11-18
P2218,Edward,Harris,Doctor 3,2023-11-18
P0109,Andrew,Walker,Doctor 4,2023-11-19
P0178,Sarah,Kelly,Doctor 7,2023-11-19
P0210,Benjamin,Murphy,Doctor 17,2023-11-19
P0278,Melissa,Wilson,Doctor 8,2023-11-19
P0461,Rebecca,Young,Doctor 1,2023-11-19
P0467,Ruth,Collins,Doctor 14,2023-11-19
P0583,Kimberly,Hernandez,Doctor 8,2023-11-19
P0593,Charles,Mendoza,Doctor 19,2023-11-19
P0605,Jessica,James,Doctor 7,2023-11-19
P0639,Jennifer,Nelson,Doctor 12,2023-11-19
P0680,Patrick,Hall,Doctor 15,2023-11-19
P0713,Nancy,Thomas,Doctor 14,2023-11-19
P0720,Donna,Kim,Doctor 9,2023-11-19
P0765,Ryan,Jackson,Doctor 6,2023-11-19
P0980,Shirley,Adams,Doctor 16,2023-11-19
P1080,Kimberly,Wright,Doctor 19,2023-11-19
P1275,David,Martinez,Doctor 14,2023-11-19
P1344,Cynthia,Brown,Doctor 6,2023-11-19
P1384,Ronald,Murphy,Doctor 10,2023-11-19
P1546,Brandon,Stewart,Doctor 11,2023-11-19
P1560,Michael,Richardson,Doctor 17,2023-11-19
P1579,Donald,Hill,Doctor 10,2023-11-19
P1623,Anna,Scott,Doctor 20,2023-11-19
P1659,Angela,Wilson,Doctor 15,2023-11-19
P1705,Tyler,Hughes,Doctor 11,2023-11-19
P1715,Edward,Evans,Doctor 4,2023-11-19
P1923,Sarah,Davis,Doctor 3,2023-11-19
P1938,Jerry,Lee,Doctor 18,2023-11-19
P1967,Nicholas,Kelly,Doctor 10,2023-11-19
P1981,Shirley,White,Doctor 10,2023-11-19
P2011,Susan,Ortiz,Doctor 1,2023-11-19
P2019,Ryan,Wright,Doctor 12,2023-11-19
P2020,Karen,Alvarez,Doctor 3,2023-11-19
P2031,Larry,Thomas,Doctor 2,2023-11-19
P2089,Jose,Chavez,Doctor 19,2023-11-19
P2109,Lisa,Carter,Doctor 19,2023-11-19
P0128,Kenneth,Myers,Doctor 7,2023-11-20
P0155,Helen,Hughes,Doctor 19,2023-11-20
P0385,Ryan,Evans,Doctor 6,2023-11-20
P0437,Michelle,Parker,Doctor 4,2023-11-20
P0581,Sarah,Gutierrez,Doctor 12,2023-11-20
P0681,Laura,Stewart,Doctor 14,2023-11-20
P0699,Timothy,Williams,Doctor 6,2023-11-20
P0760,Donna,Morris,Doctor 17,2023-11-20
P0846,Dorothy,Lewis,Doctor 11,2023-11-20
P0889,Kimberly,Nelson,Doctor 1,2023-11-20
P1059,Carol,Gutierrez,Doctor 4,2023-11-20
P1095,Ryan,Carter,Doctor 3,2023-11-20
P1119,Michelle,Ramos,Doctor 1,2023-11-20
P1292,Laura,Young,Doctor 5,2023-11-20
P1508,Jerry,Hughes,Doctor 7,2023-11-20
P1586,Gary,Hall,Doctor 20,2023-11-20
P1650,Jerry,Nelson,Doctor 1,2023-11-20
P1663,Edward,Parker,Doctor 10,2023-11-20
P1725,Robert,Wilson,Doctor 9,2023-11-20
P1786,Anna,Richardson,Doctor 2,2023-11-20
P1985,Lisa,Taylor,Doctor 6,2023-11-20
P2058,James,Wright,Doctor 19,2023-11-20
P2108,Benjamin,Allen,Doctor 4,2023-11-20
P2164,Kathleen,Miller,Doctor 20,2023-11-20
P2208,Timothy,Perez,Doctor 17,2023-11-20
P2290,Helen,Howard,Doctor 7,2023-11-20
P0017,George,Bennett,Doctor 15,2023-11-21
P0053,Laura,Turner,Doctor 3,2023-11-21
P0194,Robert,Nelson,Doctor 16,2023-11-21
P0262,Jonathan,Lopez,Doctor 5,2023-11-21
P0301,Kimberly,Green,Doctor 7,2023-11-21
P0308,Brian,Brown,Doctor 12,2023-11-21
P0473,Frank,Phillips,Doctor 11,2023-11-21
P0508,Sandra,Myers,Doctor 11,2023-11-21
P0591,Dorothy,Murphy,Doctor 1,2023-11-21
P0601,Rebecca,Parker,Doctor 11,2023-11-21
P0651,Dorothy,Perez,Doctor 16,2023-11-21
P0655,Angela,Harris,Doctor 15,2023-11-21
P0673,Richard,Johnson,Doctor 9,2023-11-21
P0763,Ruth,Stewart,Doctor 12,2023-11-21
P0844,Sarah,Brooks,Doctor 17,2023-11-21
P0954,Ryan,Ramirez,Doctor 20,2023-11-21
P0966,Jessica,Harris,Doctor 7,2023-11-21
P1160,Richard,Clark,Doctor 2,2023-11-21
P1215,Aaron,Cruz,Doctor 5,2023-11-21
P1228,Nicholas,Young,Doctor 16,2023-11-21
P1279,Brenda,Williams,Doctor 5,2023-11-21
P1437,Melissa,Morris,Doctor 20,2023-11-21
P1446,Patrick,Hill,Doctor 11,2023-11-21
P1517,Sharon,Cooper,Doctor 5,2023-11-21
P1557,Joshua,Martinez,Doctor 7,2023-11-21
P1621,Sarah,Kim,Doctor 13,2023-11-21
P1710,Ruth,Taylor,Doctor 1,2023-11-21
P1734,Amy,Mitchell,Doctor 2,2023-11-21
P1751,Christopher,Rogers,Doctor 1,2023-11-21
P1855,Alexander,Martinez,Doctor 15,2023-11-21
P1889,Eric,Johnson,Doctor 15,2023-11-21
P1995,Amy,Ramos,Doctor 2,2023-11-21
P2189,Charles,Patel,Doctor 8,2023-11-21
P2246,Betty,Gutierrez,Doctor 16,2023-11-21
P2249,Joseph,Robinson,Doctor 1,2023-11-21
P2301,Dorothy,Martin,Doctor 15,2023-11-21
P0103,John,Miller,Doctor 20,2023-11-22
P0104,Barbara,Adams,Doctor 19,2023-11-22
P0302,Nicholas,Moore,Doctor 9,2023-11-22
P0360,Donna,Adams,Doctor 19,2023-11-22
P0436,Dorothy,Hernandez,Doctor 19,2023-11-22
P0515,Jeffrey,Morris,Doctor 11,2023-11-22
P0526,Donald,Hall,Doctor 12,2023-11-22
P0596,Larry,Gomez,Doctor 3,2023-11-22
P0748,Dorothy,Campbell,Doctor 3,2023-11-22
P0880,Dorothy,Chavez,Doctor 3,2023-11-22
P0894,Stephen,Taylor,Doctor 13,2023-11-22
P0896,Jose,Martinez,Doctor 7,2023-11-22
P0919,Thomas,Ramirez,Doctor 2,2023-11-22
P1029,Kathleen,Collins,Doctor 11,2023-11-22
P1045,George,Ramirez,Doctor 15,2023-11-22
P1072,Sarah,Moore,Doctor 17,2023-11-22
P1119,Michelle,Ramos,Doctor 1,2023-11-22
P1127,Sarah,Morris,Doctor 19,2023-11-22
P1143,Joseph,Gomez,Doctor 17,2023-11-22
P1174,Gary,Gonzalez,Doctor 7,2023-11-22
P1195,Lisa,Turner,Doctor 11,2023-11-22
P1439,Justin,Gutierrez,Doctor 6,2023-11-22
P1472,Michelle,Morris,Doctor 11,2023-11-22
P1583,William,Baker,Doctor 7,2023-11-22
P1700,Carol,Evans,Doctor 1,2023-11-22
P1798,Nancy,Sanders,Doctor 14,2023-11-22
P1838,Matthew,Stewart,Doctor 5,2023-11-22
P1902,Nancy,Alvarez,Doctor 1,2023-11-22
P1916,Anna,Howard,Doctor 9,2023-11-22
P1925,Jeffrey,Gonzalez,Doctor 5,2023-11-22
P1940,Carol,Davis,Doctor 6,2023-11-22
P2059,Susan,Nelson,Doctor 18,2023-11-22
P2080,Brandon,Clark,Doctor 19,2023-11-22
P2088,Christopher,Bennett,Doctor 12,2023-11-22
P2250,Tyler,Hall,Doctor 14,2023-11-22
P2276,Jeffrey,Martinez,Doctor 14,2023-11-22
P2279,Sandra,Peterson,Doctor 18,2023-11-22
P2281,Samuel,Hall,Doctor 4,2023-11-22
P0171,Anthony,Clark,Doctor 10,2023-11-23
P0259,Kenneth,Young,Doctor 3,2023-11-23
P0312,Brenda,Martinez,Doctor 3,2023-11-23
P0331,Andrew,Perez,Doctor 7,2023-11-23
P0382,Jeffrey,Edwards,Doctor 8,2023-11-23
P0433,Anthony,Johnson,Doctor 6,2023-11-23
P0446,Gregory,Hughes,Doctor 13,2023-11-23
P0470,Sandra,Carter,Doctor 8,2023-11-23
P0518,Mark,Martinez,Doctor 8,2023-11-23
P0570,Joshua,Ward,Doctor 17,2023-11-23
P0627,Edward,Mitchell,Doctor 8,2023-11-23
P0818,Ruth,Harris,Doctor 16,2023-11-23
P0872,Jacob,Green,Doctor 8,2023-11-23
P1005,Gregory,Alvarez,Doctor 15,2023-11-23
P1184,Kevin,Bailey,Doctor 16,2023-11-23
P1185,Brian,Turner,Doctor 19,2023-11-23
P1190,Jason,Taylor,Doctor 19,2023-11-23
P1446,Patrick,Hill,Doctor 6,2023-11-23
P1461,Betty,Rogers,Doctor 11,2023-11-23
P1684,Carol,Ruiz,Doctor 18,2023-11-23
P1710,Ruth,Taylor,Doctor 8,2023-11-23
P1726,Karen,Adams,Doctor 18,2023-11-23
P1906,George,Torres,Doctor 2,2023-11-23
P2106,Thomas,Flores,Doctor 6,2023-11-23
P2119,Brandon,Walker,Doctor 8,2023-11-23
P2119,Brandon,Walker,Doctor 8,2023-11-23
P2204,Frank,Parker,Doctor 6,2023-11-23
P2270,Betty,Hughes,Doctor 19,2023-11-23
P0108,Alexander,Parker,Doctor 19,2023-11-24
P0109,Andrew,Walker,Doctor 19,2023-11-24
P0176,Alexander,Cook,Doctor 11,2023-11-24
P0201,Kevin,Roberts,Doctor 5,2023-11-24
P0234,Justin,Mitchell,Doctor 17,2023-11-24
P0276,John,Campbell,Doctor 13,2023-11-24
P0572,Laura,Moore,Doctor 5,2023-11-24
P0638,Deborah,Hughes,Doctor 4,2023-11-24
P1001,Kevin,Ramirez,Doctor 19,2023-11-24
P1162,Barbara,Ward,Doctor 9,2023-11-24
P1178,Karen,Diaz,Doctor 8,2023-11-24
P1246,Jason,Bailey,Doctor 9,2023-11-24
P1291,Angela,Sanchez,Doctor 8,2023-11-24
P1342,James,Castillo,Doctor 17,2023-11-24
P1385,Steven,Reyes,Doctor 6,2023-11-24
P1519,Carol,Howard,Doctor 20,2023-11-24
P1557,Joshua,Martinez,Doctor 5,2023-11-24
P1563,Sandra,Clark,Doctor 17,2023-11-24
P1565,Jeffrey,Moore,Doctor 15,2023-11-24
P1603,Sharon,Richardson,Doctor 10,2023-11-24
P1625,Kenneth,Diaz,Doctor 11,2023-11-24
P1973,Andrew,Robinson,Doctor 4,2023-11-24
P2044,Aaron,Price,Doctor 12,2023-11-24
P2086,Brian,Perez,Doctor 12,2023-11-24
P2155,Dorothy,Jackson,Doctor 4,2023-11-24
P0324,Tyler,Thomas,Doctor 11,2023-11-25
P0332,Sharon,Taylor,Doctor 4,2023-11-25
P0365,Sarah,Ramirez,Doctor 5,2023-11-25
P0576,Betty,Ortiz,Doctor 15,2023-11-25
P0622,Ryan,Cox,Doctor 3,2023-11-25
P0697,Gregory,Rodriguez,Doctor 18,2023-11-25
P0702,Melissa,Thompson,Doctor 14,2023-11-25
P0767,Jessica,Nelson,Doctor 7,2023-11-25
P0858,Anthony,Ward,Doctor 12,2023-11-25
P0868,Nicholas,Price,Doctor 2,2023-11-25
P0937,Thomas,Gray,Doctor 8,2023-11-25
P0975,Susan,Gomez,Doctor 17,2023-11-25
P0980,Shirley,Adams,Doctor 16,2023-11-25
P0995,Richard,Morgan,Doctor 12,2023-11-25
P1001,Kevin,Ramirez,Doctor 19,2023-11-25
P1024,Michelle,Lewis,Doctor 6,2023-11-25
P1047,Gregory,Turner,Doctor 4,2023-11-25
P1199,Angela,Brown,Doctor 13,2023-11-25
P1210,Brandon,Anderson,Doctor 16,2023-11-25
P1280,Angela,Stewart,Doctor 16,2023-11-25
P1433,Helen,Taylor,Doctor 16,2023-11-25
P1482,Barbara,Howard,Doctor 7,2023-11-25
P1520,Betty,Clark,Doctor 1,2023-11-25
P1543,Sarah,Hughes,Doctor 8,2023-11-25
P1651,Emma,Williams,Doctor 3,2023-11-25
P1829,William,Patel,Doctor 14,2023-11-25
P1908,Jose,Torres,Doctor 20,2023-11-25
P2024,Virginia,Edwards,Doctor 16,2023-11-25
P2053,Betty,Gonzalez,Doctor 1,2023-11-25
P2147,Donald,Phillips,Doctor 15,2023-11-25
P2205,Sandra,Parker,Doctor 7,2023-11-25
P0003,Patrick,Nguyen,Doctor 17,2023-11-26
P0119,Laura,Sanchez,Doctor 18,2023-11-26
P0155,Helen,Hughes,Doctor 16,2023-11-26
P0261,Anthony,Adams,Doctor 16,2023-11-26
P0282,Matthew,Reyes,Doctor 7,2023-11-26
P0340,Shirley,Turner,Doctor 5,2023-11-26
P0434,Jonathan,Harris,Doctor 13,2023-11-26
P0507,Mary,Johnson,Doctor 18,2023-11-26
P0568,Justin,Sanchez,Doctor 10,2023-11-26
P0623,Daniel,Gomez,Doctor 1,2023-11-26
P0673,Richard,Johnson,Doctor 10,2023-11-26
P0781,Cynthia,Stewart,Doctor 12,2023-11-26
P0793,Kathleen,Jackson,Doctor 15,2023-11-26
P0822,Patricia,Gutierrez,Doctor 1,2023-11-26
P0842,Nicholas,Rodriguez,Doctor 5,2023-11-26
P0867,Jonathan,Richardson,Doctor 1,2023-11-26
P0908,Steven,Peterson,Doctor 2,2023-11-26
P0939,Donald,Turner,Doctor 11,2023-11-26
P0946,Ruth,Rivera,Doctor 13,2023-11-26
P1025,Nancy,Rodriguez,Doctor 1,2023-11-26
P1191,Helen,James,Doctor 14,2023-11-26
P1245,Justin,Hughes,Doctor 20,2023-11-26
P1292,Laura,Young,Doctor 6,2023-11-26
P1317,Anthony,Myers,Doctor 12,2023-11-26
P1369,Ruth,Ramos,Doctor 11,2023-11-26
P1436,George,White,Doctor 2,2023-11-26
P1452,Gary,Mendoza,Doctor 13,2023-11-26
P1478,Matthew,Allen,Doctor 6,2023-11-26
P1558,Aaron,Rodriguez,Doctor 17,2023-11-26
P1679,Jose,Perez,Doctor 19,2023-11-26
P1688,Thomas,Murphy,Doctor 11,2023-11-26
P1712,Susan,Campbell,Doctor 12,2023-11-26
P1773,Karen,Price,Doctor 18,2023-11-26
P1781,Gregory,Scott,Doctor 1,2023-11-26
P1782,Donald,Castillo,Doctor 10,2023-11-26
P1928,Samuel,White,Doctor 6,2023-11-26
P1931,Jerry,Phillips,Doctor 13,2023-11-26
P2110,Linda,Collins,Doctor 16,2023-11-26
P2120,Ruth,Gutierrez,Doctor 16,2023-11-26
P2120,Ruth,Gutierrez,Doctor 15,2023-11-26
P2232,Betty,Evans,Doctor 11,2023-11-26
P2288,Kimberly,Allen,Doctor 20,2023-11-26
P2292,Nancy,Nelson,Doctor 10,2023-11-26
P0060,Joseph,Cooper,Doctor 17,2023-11-27
P0157,Lisa,Martin,Doctor 20,2023-11-27
P0237,Anna,Smith,Doctor 7,2023-11-27
P0249,Aaron,Kim,Doctor 8,2023-11-27
P0258,Matthew,Ward,Doctor 7,2023-11-27
P0310,Nicholas,Parker,Doctor 5,2023-11-27
P0344,Anna,Thomas,Doctor 6,2023-11-27
P0358,Helen,Rogers,Doctor 18,2023-11-27
P0413,Mark,Stewart,Doctor 3,2023-11-27
P0454,Nancy,Howard,Doctor 8,2023-11-27
P0464,Jennifer,Rivera,Doctor 6,2023-11-27
P0495,Kenneth,Wright,Doctor 10,2023-11-27
P0501,Joshua,Brown,Doctor 14,2023-11-27
P0508,Sandra,Myers,Doctor 11,2023-11-27
P0679,Sharon,Thomas,Doctor 2,2023-11-27
P0876,Anthony,Gutierrez,Doctor 14,2023-11-27
P0920,Jack,Clark,Doctor 8,2023-11-27
P0992,Karen,Davis,Doctor 6,2023-11-27
P1027,Jack,Kim,Doctor 10,2023-11-27
P1063,George,Reyes,Doctor 1,2023-11-27
P1455,Laura,Rivera,Doctor 14,2023-11-27
P1488,Emma,Ward,Doctor 5,2023-11-27
P1488,Emma,Ward,Doctor 5,2023-11-27
P1576,Alexander,Patel,Doctor 20,2023-11-27
P1623,Anna,Scott,Doctor 20,2023-11-27
P1897,Samuel,Williams,Doctor 20,2023-11-27
P1902,Nancy,Alvarez,Doctor 1,2023-11-27
P2085,Thomas,White,Doctor 7,2023-11-27
P2092,Matthew,Sanchez,Doctor 10,2023-11-27
P2162,Timothy,Price,Doctor 19,2023-11-27
P2164,Kathleen,Miller,Doctor 20,2023-11-27
P2171,Jonathan,Flores,Doctor 11,2023-11-27
P2180,Brian,Campbell,Doctor 4,2023-11-27
P2188,Richard,Gray,Doctor 14,2023-11-27
P2195,Ruth,Lewis,Doctor 7,2023-11-27
P2203,Betty,Kelly,Doctor 8,2023-11-27
P0008,Patricia,Gray,Doctor 8,2023-11-28
P0041,Kimberly,Sanchez,Doctor 7,2023-11-28
P0106,Jose,Gutierrez,Doctor 13,2023-11-28
P0136,Nicholas,Ramirez,Doctor 17,2023-11-28
P0168,Kenneth,Walker,Doctor 6,2023-11-28
P0234,Justin,Mitchell,Doctor 16,2023-11-28
P0260,Helen,Martinez,Doctor 6,2023-11-28
P0287,Laura,Richardson,Doctor 11,2023-11-28
P0386,Larry,Kim,Doctor 12,2023-11-28
P0716,Carol,Wright,Doctor 18,2023-11-28
P0903,Mary,Hernandez,Doctor 16,2023-11-28
P0905,Samuel,Rodriguez,Doctor 18,2023-11-28
P1067,Larry,Chavez,Doctor 6,2023-11-28
P1077,Susan,Mitchell,Doctor 12,2023-11-28
P1151,Gary,Walker,Doctor 2,2023-11-28
P1232,Sharon,Kim,Doctor 8,2023-11-28
P1276,Gregory,Ruiz,Doctor 15,2023-11-28
P1325,Robert,Adams,Doctor 14,2023-11-28
P1335,Laura,Baker,Doctor 19,2023-11-28
P1787,Jessica,Bennett,Doctor 7,2023-11-28
P1797,James,Bailey,Doctor 14,2023-11-28
P1804,Patricia,Perez,Doctor 3,2023-11-28
P1892,Alexander,Thomas,Doctor 1,2023-11-28
P1973,Andrew,Robinson,Doctor 16,2023-11-28
P2005,Ronald,Hernandez,Doctor 1,2023-11-28
P2039,Deborah,Robinson,Doctor 4,2023-11-28
P2045,Nicholas,Roberts,Doctor 13,2023-11-28
P2078,Nancy,Lopez,Doctor 13,2023-11-28
P2086,Brian,Perez,Doctor 12,2023-11-28
P2149,Laura,Ruiz,Doctor 8,2023-11-28
P2296,Kenneth,Peterson,Doctor 12,2023-11-28
P0024,Jose,Williams,Doctor 3,2023-11-29
P0040,Larry,Martinez,Doctor 12,2023-11-29
P0171,Anthony,Clark,Doctor 10,2023-11-29
P0295,Laura,Ward,Doctor 20,2023-11-29
P0332,Sharon,Taylor,Doctor 4,2023-11-29
P0345,David,Reyes,Doctor 6,2023-11-29
P0397,Joseph,Young,Doctor 13,2023-11-29
P0478,Alexander,Edwards,Doctor 7,2023-11-29
P0600,Barbara,Hall,Doctor 14,2023-11-29
P0754,Virginia,Morales,Doctor 20,2023-11-29
P0765,Ryan,Jackson,Doctor 6,2023-11-29
P0869,Andrew,Myers,Doctor 1,2023-11-29
P0901,Nancy,Hernandez,Doctor 11,2023-11-29
P0907,Edward,Gomez,Doctor 1,2023-11-29
P0919,Thomas,Ramirez,Doctor 2,2023-11-29
P0931,Elizabeth,Wright,Doctor 17,2023-11-29
P0979,John,Rogers,Doctor 6,2023-11-29
P1031,Joshua,Thompson,Doctor 16,2023-11-29
P1038,Michelle,Adams,Doctor 5,2023-11-29
P1103,Emma,Ortiz,Doctor 9,2023-11-29
P1220,Justin,Torres,Doctor 20,2023-11-29
P1243,Eric,Campbell,Doctor 4,2023-11-29
P1280,Angela,Stewart,Doctor 2,2023-11-29
P1293,Laura,Campbell,Doctor 17,2023-11-29
P1389,Robert,Allen,Doctor 6,2023-11-29
P1685,Nicholas,Reyes,Doctor 6,2023-11-29
P1746,Samuel,Thompson,Doctor 9,2023-11-29
P1788,Patrick,Cox,Doctor 7,2023-11-29
P1851,Jose,Bailey,Doctor 2,2023-11-29
P1987,Alexander,Nguyen,Doctor 5,2023-11-29
P2048,Jose,Miller,Doctor 7,2023-11-29
P2075,Brian,Wilson,Doctor 2,2023-11-29
P2197,Robert,Hernandez,Doctor 17,2023-11-29
P2206,Alexander,Cruz,Doctor 9,2023-11-29
P2253,Alexander,Morgan,Doctor 18,2023-11-29
P2282,Mark,Rogers,Doctor 5,2023-11-29
P0039,Michelle,Sanchez,Doctor 5,2023-11-30
P0053,Laura,Turner,Doctor 20,2023-11-30
P0063,Michelle,Sanders,Doctor 8,2023-11-30
P0087,Karen,Robinson,Doctor 6,2023-11-30
P0135,Linda,White,Doctor 1,2023-11-30
P0315,Joseph,Castillo,Doctor 18,2023-11-30
P0352,Dorothy,Morgan,Doctor 18,2023-11-30
P0405,Brandon,Martinez,Doctor 2,2023-11-30
P0411,Brian,Walker,Doctor 13,2023-11-30
P0470,Sandra,Carter,Doctor 20,2023-11-30
P0490,Shirley,Lewis,Doctor 12,2023-11-30
P0528,Jacob,Bennett,Doctor 8,2023-11-30
P0666,Nicholas,Nelson,Doctor 4,2023-11-30
P0793,Kathleen,Jackson,Doctor 2,2023-11-30
P0810,Jason,Bennett,Doctor 13,2023-11-30
P0849,Angela,Ramos,Doctor 7,2023-11-30
P0982,Edward,Campbell,Doctor 18,2023-11-30
P0990,Barbara,Clark,Doctor 15,2023-11-30
P1034,Sarah,Thomas,Doctor 10,2023-11-30
P1049,Lisa,Collins,Doctor 9,2023-11-30
P1102,Aaron,Castillo,Doctor 6,2023-11-30
P1135,Kathleen,Perez,Doctor 18,2023-11-30
P1181,Nancy,Sanchez,Doctor 10,2023-11-30
P1256,Donna,Baker,Doctor 2,2023-11-30
P1322,Daniel,Thompson,Doctor 16,2023-11-30
P1327,Laura,Wright,Doctor 20,2023-11-30
P1344,Cynthia,Brown,Doctor 7,2023-11-30
P1353,Linda,Scott,Doctor 14,2023-11-30
P1450,Raymond,Miller,Doctor 10,2023-11-30
P1708,Laura,Flores,Doctor 7,2023-11-30
P1819,Dorothy,Harris,Doctor 17,2023-11-30
P1873,Nancy,Nguyen,Doctor 2,2023-11-30
P1939,Jennifer,Gutierrez,Doctor 4,2023-11-30
P2016,Sarah,Myers,Doctor 3,2023-11-30
P2033,Patrick,Walker,Doctor 17,2023-11-30
P2047,Virginia,Moore,Doctor 4,2023-11-30
P2187,Christopher,Ramos,Doctor 19,2023-11-30
P2265,Patrick,Watson,Doctor 15,2023-11-30
P0077,William,Williams,Doctor 17,2023-12-01
P0078,Sharon,Wilson,Doctor 16,2023-12-01
P0082,Michelle,Martinez,Doctor 11,2023-12-01
P0243,Matthew,Gomez,Doctor 19,2023-12-01
P0425,Justin,Alvarez,Doctor 11,2023-12-01
P0454,Nancy,Howard,Doctor 11,2023-12-01
P0552,Deborah,White,Doctor 1,2023-12-01
P0585,Steven,Nguyen,Doctor 3,2023-12-01
P0620,Christopher,Kim,Doctor 16,2023-12-01
P0657,Barbara,Diaz,Doctor 15,2023-12-01
P0910,Kevin,Gutierrez,Doctor 6,2023-12-01
P1012,John,Mendoza,Doctor 19,2023-12-01
P1057,Anna,Sanchez,Doctor 18,2023-12-01
P1231,Thomas,Kim,Doctor 5,2023-12-01
P1271,Kimberly,Nguyen,Doctor 5,2023-12-01
P1302,Andrew,Reyes,Doctor 1,2023-12-01
P1340,Brenda,Cooper,Doctor 11,2023-12-01
P1352,Rebecca,Castillo,Doctor 7,2023-12-01
P1390,Jerry,Ortiz,Doctor 2,2023-12-01
P1438,Amy,Baker,Doctor 14,2023-12-01
P1460,Jeffrey,Chavez,Doctor 15,2023-12-01
P1586,Gary,Hall,Doctor 20,2023-12-01
P1719,David,Ward,Doctor 19,2023-12-01
P1729,Cynthia,Reed,Doctor 6,2023-12-01
P1849,Mark,Ortiz,Doctor 10,2023-12-01
P1863,Raymond,Parker,Doctor 1,2023-12-01
P1867,Charles,Gray,Doctor 18,2023-12-01
P2059,Susan,Nelson,Doctor 18,2023-12-01
P2175,Sarah,Wood,Doctor 2,2023-12-01
P2204,Frank,Parker,Doctor 1,2023-12-01
P2279,Sandra,Peterson,Doctor 9,2023-12-01
P0011,Kimberly,Castillo,Doctor 3,2023-12-02
P0050,Jerry,Clark,Doctor 15,2023-12-02
P0092,Jose,Harris,Doctor 12,2023-12-02
P0246,Sandra,Ramos,Doctor 7,2023-12-02
P0326,Sandra,Brooks,Doctor 17,2023-12-02
P0350,Jacob,Thomas,Doctor 15,2023-12-02
P0515,Jeffrey,Morris,Doctor 8,2023-12-02
P0551,Edward,Sanchez,Doctor 2,2023-12-02
P0721,Sharon,Young,Doctor 20,2023-12-02
P0725,Anna,Roberts,Doctor 11,2023-12-02
P0761,Barbara,Walker,Doctor 7,2023-12-02
P0849,Angela,Ramos,Doctor 20,2023-12-02
P0899,Mary,Jackson,Doctor 12,2023-12-02
P0920,Jack,Clark,Doctor 12,2023-12-02
P0943,Jason,Jackson,Doctor 12,2023-12-02
P0952,James,Diaz,Doctor 16,2023-12-02
P1155,Stephen,Ortiz,Doctor 13,2023-12-02
P1207,Dennis,Green,Doctor 15,2023-12-02
P1268,Rebecca,Jackson,Doctor 13,2023-12-02
P1270,Amy,Moore,Doctor 18,2023-12-02
P1298,Joshua,Johnson,Doctor 2,2023-12-02
P1324,Gregory,Morgan,Doctor 11,2023-12-02
P1356,Nicholas,Clark,Doctor 3,2023-12-02
P1364,Betty,Green,Doctor 8,2023-12-02
P1421,Betty,Howard,Doctor 13,2023-12-02
P1447,Stephen,Mitchell,Doctor 8,2023-12-02
P1504,Laura,Adams,Doctor 1,2023-12-02
P1654,David,Brooks,Doctor 3,2023-12-02
P1679,Jose,Perez,Doctor 2,2023-12-02
P1745,Scott,Torres,Doctor 3,2023-12-02
P1768,Patricia,Lopez,Doctor 2,2023-12-02
P1778,Ruth,Davis,Doctor 7,2023-12-02
P1828,Aaron,Smith,Doctor 13,2023-12-02
P1840,Jason,Ortiz,Doctor 11,2023-12-02
P2045,Nicholas,Roberts,Doctor 14,2023-12-02
P2062,Jason,Morales,Doctor 2,2023-12-02
P0006,Benjamin,James,Doctor 15,2023-12-03
P0026,Barbara,Gray,Doctor 15,2023-12-03
P0183,Dorothy,Brown,Doctor 14,2023-12-03
P0187,Timothy,Anderson,Doctor 5,2023-12-03
P0234,Justin,Mitchell,Doctor 6,2023-12-03
P0268,Sharon,Walker,Doctor 16,2023-12-03
P0376,Benjamin,Sanders,Doctor 2,2023-12-03
P0383,Andrew,Watson,Doctor 17,2023-12-03
P0438,Joshua,Torres,Doctor 10,2023-12-03
P0506,Carol,Thomas,Doctor 9,2023-12-03
P0553,Kenneth,Lewis,Doctor 3,2023-12-03
P0619,Aaron,Brooks,Doctor 12,2023-12-03
P0915,Donna,Scott,Doctor 19,2023-12-03
P0942,Donald,Evans,Doctor 14,2023-12-03
P1037,George,Gonzalez,Doctor 20,2023-12-03
P1061,Jonathan,Howard,Doctor 19,2023-12-03
P1143,Joseph,Gomez,Doctor 17,2023-12-03
P1321,George,Green,Doctor 4,2023-12-03
P1329,Dennis,Nguyen,Doctor 7,2023-12-03
P1478,Matthew,Allen,Doctor 6,2023-12-03
P1537,Carol,White,Doctor 13,2023-12-03
P1615,Betty,Brooks,Doctor 7,2023-12-03
P1714,Nancy,Parker,Doctor 1,2023-12-03
P1726,Karen,Adams,Doctor 18,2023-12-03
P1869,Jonathan,Smith,Doctor 10,2023-12-03
P2237,Dorothy,Collins,Doctor 17,2023-12-03
P0085,Helen,Johnson,Doctor 18,2023-12-04
P0161,Mark,Jackson,Doctor 14,2023-12-04
P0396,Gary,Lopez,Doctor 20,2023-12-04
P0470,Sandra,Carter,Doctor 19,2023-12-04
P0527,Sarah,Nelson,Doctor 9,2023-12-04
P0551,Edward,Sanchez,Doctor 6,2023-12-04
P0579,Sarah,Rogers,Doctor 20,2023-12-04
P0588,Michael,Davis,Doctor 18,2023-12-04
P0593,Charles,Mendoza,Doctor 19,2023-12-04
P0596,Larry,Gomez,Doctor 9,2023-12-04
P0664,Helen,Mendoza,Doctor 20,2023-12-04
P0701,Dennis,Cox,Doctor 16,2023-12-04
P0715,Lisa,Bennett,Doctor 13,2023-12-04
P0836,Michelle,Harris,Doctor 5,2023-12-04
P0880,Dorothy,Chavez,Doctor 14,2023-12-04
P1173,Brenda,Green,Doctor 7,2023-12-04
P1196,Lisa,Anderson,Doctor 17,2023-12-04
P1223,Anna,Johnson,Doctor 19,2023-12-04
P1324,Gregory,Morgan,Doctor 19,2023-12-04
P1365,Sarah,Jones,Doctor 12,2023-12-04
P1427,Michael,Turner,Doctor 20,2023-12-04
P1484,Karen,Kim,Doctor 9,2023-12-04
P1497,Elizabeth,Nelson,Doctor 9,2023-12-04
P1527,Laura,Ortiz,Doctor 10,2023-12-04
P1570,Sarah,Edwards,Doctor 17,2023-12-04
P1697,David,Kelly,Doctor 3,2023-12-04
P1755,Shirley,Miller,Doctor 2,2023-12-04
P1853,Anthony,Reed,Doctor 5,2023-12-04
P1994,Michelle,Rivera,Doctor 8,2023-12-04
P2190,Dorothy,Gonzalez,Doctor 13,2023-12-04
P0029,Michelle,Evans,Doctor 2,2023-12-05
P0035,Dennis,Williams,Doctor 8,2023-12-05
P0059,Aaron,Garcia,Doctor 6,2023-12-05
P0075,Gregory,Jones,Doctor 7,2023-12-05
P0125,Kenneth,Hughes,Doctor 7,2023-12-05
P0126,Angela,Morales,Doctor 20,2023-12-05
P0309,Nicholas,Morris,Doctor 8,2023-12-05
P0375,Anna,Robinson,Doctor 1,2023-12-05
P0628,Ryan,Watson,Doctor 1,2023-12-05
P0704,Virginia,Robinson,Doctor 5,2023-12-05
P0848,Scott,Reed,Doctor 10,2023-12-05
P0934,Lisa,Roberts,Doctor 18,2023-12-05
P0972,Joseph,Ward,Doctor 17,2023-12-05
P1215,Aaron,Cruz,Doctor 16,2023-12-05
P1359,Donald,Brooks,Doctor 11,2023-12-05
P1436,George,White,Doctor 2,2023-12-05
P1483,Raymond,Turner,Doctor 2,2023-12-05
P1601,Thomas,Evans,Doctor 1,2023-12-05
P1673,Deborah,Collins,Doctor 15,2023-12-05
P1910,Virginia,Roberts,Doctor 13,2023-12-05
P1989,Melissa,Carter,Doctor 12,2023-12-05
P2046,Nancy,Moore,Doctor 3,2023-12-05
P2097,Jonathan,Mitchell,Doctor 15,2023-12-05
P0056,Benjamin,Watson,Doctor 4,2023-12-06
P0124,Brian,Cox,Doctor 4,2023-12-06
P0157,Lisa,Martin,Doctor 18,2023-12-06
P0284,Ruth,Bailey,Doctor 6,2023-12-06
P0328,Anthony,Harris,Doctor 19,2023-12-06
P0331,Andrew,Perez,Doctor 20,2023-12-06
P0370,Joshua,Allen,Doctor 9,2023-12-06
P0427,Richard,Turner,Doctor 4,2023-12-06
P0430,Kevin,White,Doctor 3,2023-12-06
P0432,Sandra,Turner,Doctor 10,2023-12-06
P0445,Barbara,Collins,Doctor 20,2023-12-06
P0464,Jennifer,Rivera,Doctor 6,2023-12-06
P0466,Joseph,Green,Doctor 1,2023-12-06
P0496,Angela,Smith,Doctor 17,2023-12-06
P0548,Patrick,Rodriguez,Doctor 14,2023-12-06
P0574,Lisa,Baker,Doctor 2,2023-12-06
P0576,Betty,Ortiz,Doctor 15,2023-12-06
P0695,Christopher,Baker,Doctor 20,2023-12-06
P0760,Donna,Morris,Doctor 17,2023-12-06
P0762,Jacob,Brown,Doctor 2,2023-12-06
P0768,Kenneth,Price,Doctor 13,2023-12-06
P0940,John,Peterson,Doctor 9,2023-12-06
P0949,Benjamin,Cook,Doctor 20,2023-12-06
P1448,Timothy,Martinez,Doctor 3,2023-12-06
P1588,Laura,Evans,Doctor 14,2023-12-06
P1892,Alexander,Thomas,Doctor 20,2023-12-06
P1961,Tyler,Flores,Doctor 13,2023-12-06
P2013,Thomas,Harris,Doctor 12,2023-12-06
P2032,Jessica,Alvarez,Doctor 20,2023-12-06
P2264,Samuel,Morris,Doctor 9,2023-12-06
P0088,David,Harris,Doctor 1,2023-12-07
P0107,Robert,Wright,Doctor 11,2023-12-07
P0254,Jennifer,Cook,Doctor 9,2023-12-07
P0267,Donna,Bennett,Doctor 9,2023-12-07
P0346,Justin,Bennett,Doctor 16,2023-12-07
P0400,Steven,Morgan,Doctor 16,2023-12-07
P0482,Helen,Harris,Doctor 17,2023-12-07
P0493,Patricia,Reyes,Doctor 3,2023-12-07
P0526,Donald,Hall,Doctor 12,2023-12-07
P0558,Charles,Hall,Doctor 18,2023-12-07
P0599,Shirley,Smith,Doctor 20,2023-12-07
P0675,Gregory,Murphy,Doctor 20,2023-12-07
P0743,Betty,Sanders,Doctor 20,2023-12-07
P0775,Joseph,Roberts,Doctor 19,2023-12-07
P0841,Patricia,Hill,Doctor 15,2023-12-07
P0933,Sharon,Campbell,Doctor 11,2023-12-07
P0975,Susan,Gomez,Doctor 17,2023-12-07
P1005,Gregory,Alvarez,Doctor 15,2023-12-07
P1347,Helen,Sanchez,Doctor 10,2023-12-07
P1498,Angela,Perez,Doctor 10,2023-12-07
P1696,Jack,Wilson,Doctor 16,2023-12-07
P1767,William,Edwards,Doctor 19,2023-12-07
P1866,Gregory,Mitchell,Doctor 2,2023-12-07
P1998,Karen,Gonzalez,Doctor 12,2023-12-07
P2003,Eric,Gonzalez,Doctor 11,2023-12-07
P2109,Lisa,Carter,Doctor 20,2023-12-07
P2214,Deborah,Mitchell,Doctor 17,2023-12-07
P2254,Brian,Patel,Doctor 17,2023-12-07
P0033,Nicholas,Wood,Doctor 5,2023-12-08
P0068,Karen,Clark,Doctor 6,2023-12-08
P0126,Angela,Morales,Doctor 20,2023-12-08
P0472,John,White,Doctor 5,2023-12-08
P0497,Kenneth,Gonzalez,Doctor 20,2023-12-08
P0518,Mark,Martinez,Doctor 10,2023-12-08
P0567,Melissa,Miller,Doctor 7,2023-12-08
P0600,Barbara,Hall,Doctor 14,2023-12-08
P0692,Jose,Ramos,Doctor 11,2023-12-08
P0806,Jeffrey,Thompson,Doctor 2,2023-12-08
P0829,Dennis,Rivera,Doctor 19,2023-12-08
P1031,Joshua,Thompson,Doctor 19,2023-12-08
P1050,Emma,Gutierrez,Doctor 5,2023-12-08
P1054,Jennifer,Reed,Doctor 7,2023-12-08
P1110,Brian,Edwards,Doctor 8,2023-12-08
P1114,Nancy,Lee,Doctor 5,2023-12-08
P1194,Kimberly,Rodriguez,Doctor 16,2023-12-08
P1219,Robert,Murphy,Doctor 12,2023-12-08
P1229,Donna,Gray,Doctor 3,2023-12-08
P1375,Kathleen,Myers,Doctor 17,2023-12-08
P1397,Ronald,Morales,Doctor 15,2023-12-08
P1400,Donna,Patel,Doctor 9,2023-12-08
P1498,Angela,Perez,Doctor 10,2023-12-08
P1520,Betty,Clark,Doctor 1,2023-12-08
P1790,Linda,Martin,Doctor 7,2023-12-08
P1958,Brenda,Bennett,Doctor 17,2023-12-08
P2085,Thomas,White,Doctor 7,2023-12-08
P2226,Brenda,Ward,Doctor 12,2023-12-08
P0093,Brandon,Phillips,Doctor 14,2023-12-09
P0107,Robert,Wright,Doctor 11,2023-12-09
P0325,Samuel,Ramirez,Doctor 3,2023-12-09
P0351,Thomas,Watson,Doctor 6,2023-12-09
P0407,Scott,Brown,Doctor 17,2023-12-09
P0409,Patrick,Diaz,Doctor 10,2023-12-09
P0434,Jonathan,Harris,Doctor 8,2023-12-09
P0451,Jessica,Ortiz,Doctor 18,2023-12-09
P0648,Shirley,Rogers,Doctor 5,2023-12-09
P0660,Carol,Martin,Doctor 20,2023-12-09
P0681,Laura,Stewart,Doctor 14,2023-12-09
P0751,Ronald,Mitchell,Doctor 13,2023-12-09
P0791,Donald,Ward,Doctor 5,2023-12-09
P0896,Jose,Martinez,Doctor 13,2023-12-09
P0898,Robert,Gomez,Doctor 11,2023-12-09
P0931,Elizabeth,Wright,Doctor 11,2023-12-09
P1168,James,Garcia,Doctor 5,2023-12-09
P1472,Michelle,Morris,Doctor 1,2023-12-09
P1545,Virginia,Chavez,Doctor 3,2023-12-09
P1618,Daniel,King,Doctor 9,2023-12-09
P1639,Linda,Turner,Doctor 4,2023-12-09
P1721,Michelle,Cruz,Doctor 8,2023-12-09
P1736,Ruth,Hernandez,Doctor 6,2023-12-09
P1743,Eric,Ward,Doctor 16,2023-12-09
P2021,Brian,Gomez,Doctor 3,2023-12-09
P2057,Kenneth,Adams,Doctor 10,2023-12-09
P2138,Melissa,Ortiz,Doctor 4,2023-12-09
P2246,Betty,Gutierrez,Doctor 16,2023-12-09
P0015,Patricia,Sanchez,Doctor 6,2023-12-10
P0035,Dennis,Williams,Doctor 16,2023-12-10
P0045,Donald,Allen,Doctor 7,2023-12-10
P0113,Ruth,Wright,Doctor 19,2023-12-10
P0245,Deborah,Hernandez,Doctor 15,2023-12-10
P0454,Nancy,Howard,Doctor 10,2023-12-10
P0631,Kathleen,Chavez,Doctor 14,2023-12-10
P0693,Kimberly,Taylor,Doctor 7,2023-12-10
P0741,Jason,Kim,Doctor 12,2023-12-10
P0750,Samuel,Jones,Doctor 5,2023-12-10
P0799,Sharon,Allen,Doctor 19,2023-12-10
P0803,Eric,Ramos,Doctor 1,2023-12-10
P0852,Joshua,Kelly,Doctor 2,2023-12-10
P0959,Jack,Collins,Doctor 18,2023-12-10
P1030,Rebecca,Brooks,Doctor 16,2023-12-10
P1076,Susan,Rogers,Doctor 3,2023-12-10
P1193,Mark,Price,Doctor 14,2023-12-10
P1195,Lisa,Turner,Doctor 11,2023-12-10
P1379,Justin,Rogers,Doctor 12,2023-12-10
P1407,Sandra,Ruiz,Doctor 3,2023-12-10
P1472,Michelle,Morris,Doctor 1,2023-12-10
P1504,Laura,Adams,Doctor 1,2023-12-10
P1814,Michelle,Hill,Doctor 9,2023-12-10
P1855,Alexander,Martinez,Doctor 11,2023-12-10
P1882,Timothy,Jackson,Doctor 4,2023-12-10
P1899,Steven,Clark,Doctor 10,2023-12-10
P1906,George,Torres,Doctor 1,2023-12-10
P1907,David,Kim,Doctor 10,2023-12-10
P1927,Kenneth,Harris,Doctor 20,2023-12-10
P1983,Tyler,Ward,Doctor 16,2023-12-10
P1984,Jeffrey,Cox,Doctor 16,2023-12-10
P2131,Virginia,Stewart,Doctor 11,2023-12-10
P2218,Edward,Harris,Doctor 3,2023-12-10
P2262,Ryan,Sanchez,Doctor 3,2023-12-10
P0029,Michelle,Evans,Doctor 2,2023-12-11
P0281,Emma,Adams,Doctor 18,2023-12-11
P0317,Jennifer,Jones,Doctor 15,2023-12-11
P0439,Robert,Ruiz,Doctor 2,2023-12-11
P0475,Elizabeth,Hill,Doctor 7,2023-12-11
P0523,Helen,Parker,Doctor 16,2023-12-11
P0545,Karen,Lewis,Doctor 9,2023-12-11
P0611,Dennis,Lopez,Doctor 14,2023-12-11
P0764,Jessica,Watson,Doctor 15,2023-12-11
P0796,Patricia,Mendoza,Doctor 4,2023-12-11
P0915,Donna,Scott,Doctor 19,2023-12-11
P1150,Frank,Morris,Doctor 15,2023-12-11
P1173,Brenda,Green,Doctor 14,2023-12-11
P1287,Carol,Turner,Doctor 14,2023-12-11
P1384,Ronald,Murphy,Doctor 10,2023-12-11
P1560,Michael,Richardson,Doctor 17,2023-12-11
P1631,Anna,Reyes,Doctor 4,2023-12-11
P1693,Karen,Thompson,Doctor 1,2023-12-11
P1714,Nancy,Parker,Doctor 10,2023-12-11
P1770,Matthew,Wright,Doctor 10,2023-12-11
P1837,Michelle,Allen,Doctor 9,2023-12-11
P1851,Jose,Bailey,Doctor 3,2023-12-11
P1990,Kimberly,Rogers,Doctor 15,2023-12-11
P2142,Larry,Lopez,Doctor 5,2023-12-11
P2147,Donald,Phillips,Doctor 2,2023-12-11
P2232,Betty,Evans,Doctor 10,2023-12-11
P2278,Andrew,Diaz,Doctor 11,2023-12-11
P2291,Ryan,Clark,Doctor 16,2023-12-11
P0192,Jonathan,Morgan,Doctor 12,2023-12-12
P0565,Melissa,Ward,Doctor 18,2023-12-12
P0585,Steven,Nguyen,Doctor 19,2023-12-12
P0659,Matthew,Mitchell,Doctor 14,2023-12-12
P0764,Jessica,Watson,Doctor 12,2023-12-12
P0785,Donna,Edwards,Doctor 2,2023-12-12
P0820,Nancy,Roberts,Doctor 7,2023-12-12
P0852,Joshua,Kelly,Doctor 2,2023-12-12
P0943,Jason,Jackson,Doctor 16,2023-12-12
P0996,Brian,Gutierrez,Doctor 20,2023-12-12
P1022,Donna,Hall,Doctor 19,2023-12-12
P1158,Patrick,Thompson,Doctor 9,2023-12-12
P1185,Brian,Turner,Doctor 15,2023-12-12
P1193,Mark,Price,Doctor 19,2023-12-12
P1213,Ruth,Wilson,Doctor 8,2023-12-12
P1348,Tyler,Torres,Doctor 10,2023-12-12
P1456,Mary,Hill,Doctor 17,2023-12-12
P1530,Kevin,Gray,Doctor 7,2023-12-12
P1598,Sandra,Murphy,Doctor 10,2023-12-12
P1806,David,Clark,Doctor 20,2023-12-12
P1831,Jacob,Bailey,Doctor 7,2023-12-12
P1921,Scott,Perez,Doctor 3,2023-12-12
P1940,Carol,Davis,Doctor 6,2023-12-12
P1951,Nancy,Price,Doctor 12,2023-12-12
P0128,Kenneth,Myers,Doctor 16,2023-12-13
P0165,Mark,Nelson,Doctor 7,2023-12-13
P0327,Samuel,Nguyen,Doctor 6,2023-12-13
P0379,Brenda,Rogers,Doctor 17,2023-12-13
P0529,Anthony,Bennett,Doctor 3,2023-12-13
P0562,Charles,Baker,Doctor 5,2023-12-13
P0693,Kimberly,Taylor,Doctor 7,2023-12-13
P0715,Lisa,Bennett,Doctor 2,2023-12-13
P0767,Jessica,Nelson,Doctor 6,2023-12-13
P0835,Elizabeth,Myers,Doctor 20,2023-12-13
P0859,Stephen,Howard,Doctor 19,2023-12-13
P0925,Kenneth,Smith,Doctor 15,2023-12-13
P0958,Gary,Carter,Doctor 4,2023-12-13
P0960,Shirley,Cook,Doctor 2,2023-12-13
P0973,Gregory,Cook,Doctor 16,2023-12-13
P0998,Karen,Hill,Doctor 3,2023-12-13
P1083,Scott,Scott,Doctor 6,2023-12-13
P1099,Jessica,Lopez,Doctor 16,2023-12-13
P1183,Brian,James,Doctor 17,2023-12-13
P1189,Laura,Harris,Doctor 6,2023-12-13
P1245,Justin,Hughes,Doctor 10,2023-12-13
P1339,Rebecca,Johnson,Doctor 20,2023-12-13
P1437,Melissa,Morris,Doctor 19,2023-12-13
P1458,Elizabeth,Flores,Doctor 16,2023-12-13
P1507,Stephen,Richardson,Doctor 2,2023-12-13
P1533,Sandra,Cruz,Doctor 8,2023-12-13
P1538,Lisa,Allen,Doctor 12,2023-12-13
P1543,Sarah,Hughes,Doctor 12,2023-12-13
P1613,Rebecca,Morgan,Doctor 5,2023-12-13
P1665,Brian,Lee,Doctor 15,2023-12-13
P1727,Melissa,Castillo,Doctor 1,2023-12-13
P1817,Kevin,Hughes,Doctor 9,2023-12-13
P1905,Brian,Watson,Doctor 8,2023-12-13
P1983,Tyler,Ward,Doctor 13,2023-12-13
P2016,Sarah,Myers,Doctor 2,2023-12-13
P2024,Virginia,Edwards,Doctor 10,2023-12-13
P2163,Jacob,Lopez,Doctor 9,2023-12-13
P0014,Michelle,Mendoza,Doctor 16,2023-12-14
P0035,Dennis,Williams,Doctor 16,2023-12-14
P0123,Cynthia,Moore,Doctor 13,2023-12-14
P0183,Dorothy,Brown,Doctor 14,2023-12-14
P0225,Aaron,Thomas,Doctor 2,2023-12-14
P0243,Matthew,Gomez,Doctor 19,2023-12-14
P0321,Jacob,Turner,Doctor 13,2023-12-14
P0373,Barbara,Turner,Doctor 20,2023-12-14
P0375,Anna,Robinson,Doctor 1,2023-12-14
P0426,Timothy,Hughes,Doctor 15,2023-12-14
P0434,Jonathan,Harris,Doctor 10,2023-12-14
P0528,Jacob,Bennett,Doctor 8,2023-12-14
P0608,Jacob,Moore,Doctor 9,2023-12-14
P0667,Benjamin,Rivera,Doctor 7,2023-12-14
P0671,Jason,Diaz,Doctor 10,2023-12-14
P0784,Gary,Collins,Doctor 5,2023-12-14
P0986,Kenneth,Morris,Doctor 13,2023-12-14
P1022,Donna,Hall,Doctor 19,2023-12-14
P1088,Donald,Wright,Doctor 3,2023-12-14
P1297,Joshua,Ruiz,Doctor 4,2023-12-14
P1325,Robert,Adams,Doctor 15,2023-12-14
P1338,Mary,Clark,Doctor 4,2023-12-14
P1402,Nicholas,Rivera,Doctor 16,2023-12-14
P1571,Barbara,Reed,Doctor 4,2023-12-14
P1644,Jose,Diaz,Doctor 5,2023-12-14
P1656,Kimberly,Watson,Doctor 11,2023-12-14
P1701,Christopher,Howard,Doctor 19,2023-12-14
P1749,Timothy,Roberts,Doctor 11,2023-12-14
P1762,Virginia,Baker,Doctor 19,2023-12-14
P1831,Jacob,Bailey,Doctor 6,2023-12-14
P1995,Amy,Ramos,Doctor 8,2023-12-14
P2022,Jason,Stewart,Doctor 9,2023-12-14
P2108,Benjamin,Allen,Doctor 5,2023-12-14
P2168,Patricia,Johnson,Doctor 14,2023-12-14
P2241,Patricia,Ramos,Doctor 1,2023-12-14
P0022,Ronald,Taylor,Doctor 1,2023-12-15
P0050,Jerry,Clark,Doctor 15,2023-12-15
P0068,Karen,Clark,Doctor 6,2023-12-15
P0100,Tyler,White,Doctor 13,2023-12-15
P0142,Melissa,Mendoza,Doctor 10,2023-12-15
P0249,Aaron,Kim,Doctor 17,2023-12-15
P0258,Matthew,Ward,Doctor 5,2023-12-15
P0357,Gary,Hill,Doctor 13,2023-12-15
P0429,Laura,Alvarez,Doctor 11,2023-12-15
P0431,Charles,Thomas,Doctor 17,2023-12-15
P0475,Elizabeth,Hill,Doctor 8,2023-12-15
P0509,Aaron,Green,Doctor 19,2023-12-15
P0676,Dennis,Castillo,Doctor 16,2023-12-15
P0692,Jose,Ramos,Doctor 11,2023-12-15
P0709,Susan,Wood,Doctor 16,2023-12-15
P0733,Jerry,Sanders,Doctor 11,2023-12-15
P0864,Mary,Lewis,Doctor 9,2023-12-15
P0912,Joshua,Castillo,Doctor 9,2023-12-15
P0969,Anthony,Brooks,Doctor 16,2023-12-15
P0994,Charles,Alvarez,Doctor 9,2023-12-15
P1023,Brenda,Jones,Doctor 20,2023-12-15
P1134,Ruth,Peterson,Doctor 19,2023-12-15
P1159,Karen,Watson,Doctor 11,2023-12-15
P1523,Sarah,Ramos,Doctor 10,2023-12-15
P1749,Timothy,Roberts,Doctor 20,2023-12-15
P1770,Matthew,Wright,Doctor 8,2023-12-15
P1937,Ryan,Reyes,Doctor 6,2023-12-15
P1941,Scott,Wilson,Doctor 13,2023-12-15
P1998,Karen,Gonzalez,Doctor 1,2023-12-15
P2152,Lisa,Wood,Doctor 1,2023-12-15
P2268,Steven,Evans,Doctor 12,2023-12-15
P2271,Betty,Johnson,Doctor 7,2023-12-15
P0041,Kimberly,Sanchez,Doctor 5,2023-12-16
P0045,Donald,Allen,Doctor 19,2023-12-16
P0046,Sandra,Wright,Doctor 11,2023-12-16
P0055,Sarah,Gonzalez,Doctor 7,2023-12-16
P0146,Timothy,James,Doctor 13,2023-12-16
P0149,Frank,Martinez,Doctor 9,2023-12-16
P0165,Mark,Nelson,Doctor 14,2023-12-16
P0176,Alexander,Cook,Doctor 13,2023-12-16
P0351,Thomas,Watson,Doctor 1,2023-12-16
P0461,Rebecca,Young,Doctor 1,2023-12-16
P0687,Dorothy,Castillo,Doctor 6,2023-12-16
P0723,Jason,Patel,Doctor 17,2023-12-16
P0827,Scott,Ramos,Doctor 6,2023-12-16
P0852,Joshua,Kelly,Doctor 2,2023-12-16
P0921,Ronald,Bennett,Doctor 5,2023-12-16
P0937,Thomas,Gray,Doctor 8,2023-12-16
P0998,Karen,Hill,Doctor 17,2023-12-16
P1026,Alexander,Reyes,Doctor 7,2023-12-16
P1081,Kevin,Green,Doctor 18,2023-12-16
P1097,Samuel,Myers,Doctor 18,2023-12-16
P1297,Joshua,Ruiz,Doctor 5,2023-12-16
P1326,Brenda,Lee,Doctor 12,2023-12-16
P1365,Sarah,Jones,Doctor 12,2023-12-16
P1582,Patricia,Kelly,Doctor 17,2023-12-16
P1614,Carol,Alvarez,Doctor 13,2023-12-16
P1720,Sharon,Stewart,Doctor 2,2023-12-16
P1763,Jessica,Martinez,Doctor 1,2023-12-16
P1775,Angela,Rodriguez,Doctor 3,2023-12-16
P1848,Matthew,Alvarez,Doctor 13,2023-12-16
P1875,Michelle,Brown,Doctor 10,2023-12-16
P2085,Thomas,White,Doctor 7,2023-12-16
P2104,Kevin,Cook,Doctor 8,2023-12-16
P2140,Anna,Patel,Doctor 6,2023-12-16
P2156,Andrew,Phillips,Doctor 19,2023-12-16
P0055,Sarah,Gonzalez,Doctor 10,2023-12-17
P0108,Alexander,Parker,Doctor 7,2023-12-17
P0150,Ryan,Murphy,Doctor 2,2023-12-17
P0286,Scott,Smith,Doctor 18,2023-12-17
P0356,Melissa,Wood,Doctor 17,2023-12-17
P0465,Benjamin,Morris,Doctor 4,2023-12-17
P0521,Laura,Castillo,Doctor 20,2023-12-17
P0555,Brenda,Sanchez,Doctor 17,2023-12-17
P0710,Larry,Hughes,Doctor 19,2023-12-17
P0817,Brian,Brooks,Doctor 8,2023-12-17
P0932,Robert,Brooks,Doctor 8,2023-12-17
P0972,Joseph,Ward,Doctor 14,2023-12-17
P1137,Matthew,Ruiz,Doctor 10,2023-12-17
P1177,Patrick,Ruiz,Doctor 20,2023-12-17
P1182,Deborah,Young,Doctor 9,2023-12-17
P1300,Kathleen,Cox,Doctor 7,2023-12-17
P1477,Matthew,Lewis,Doctor 9,2023-12-17
P1528,Andrew,Clark,Doctor 9,2023-12-17
P1550,Alexander,Thompson,Doctor 14,2023-12-17
P1637,Rebecca,Roberts,Doctor 3,2023-12-17
P1807,Kenneth,Chavez,Doctor 15,2023-12-17
P1907,David,Kim,Doctor 8,2023-12-17
P1937,Ryan,Reyes,Doctor 11,2023-12-17
P1945,Shirley,Murphy,Doctor 6,2023-12-17
P1967,Nicholas,Kelly,Doctor 18,2023-12-17
P2003,Eric,Gonzalez,Doctor 11,2023-12-17
P0015,Patricia,Sanchez,Doctor 6,2023-12-18
P0207,Sandra,Wilson,Doctor 3,2023-12-18
P0210,Benjamin,Murphy,Doctor 9,2023-12-18
P0422,Shirley,Lee,Doctor 2,2023-12-18
P0424,Richard,Wright,Doctor 19,2023-12-18
P0465,Benjamin,Morris,Doctor 3,2023-12-18
P0493,Patricia,Reyes,Doctor 3,2023-12-18
P0502,Linda,Myers,Doctor 7,2023-12-18
P0531,Donna,Carter,Doctor 9,2023-12-18
P0594,Sarah,Rivera,Doctor 2,2023-12-18
P0690,Linda,Gutierrez,Doctor 20,2023-12-18
P0722,Virginia,Martin,Doctor 20,2023-12-18
P0732,Lisa,Brown,Doctor 14,2023-12-18
P0772,Virginia,Ortiz,Doctor 4,2023-12-18
P0886,Eric,Anderson,Doctor 17,2023-12-18
P0968,Scott,Cooper,Doctor 20,2023-12-18
P1051,Karen,King,Doctor 15,2023-12-18
P1062,Jose,Robinson,Doctor 5,2023-12-18
P1082,Charles,Johnson,Doctor 18,2023-12-18
P1121,Jack,Perez,Doctor 2,2023-12-18
P1258,Kathleen,Thomas,Doctor 10,2023-12-18
P1302,Andrew,Reyes,Doctor 1,2023-12-18
P1358,Tyler,Ramos,Doctor 13,2023-12-18
P1580,Thomas,Nelson,Doctor 9,2023-12-18
P1624,Daniel,Wilson,Doctor 9,2023-12-18
P1695,Emma,Morgan,Doctor 20,2023-12-18
P1780,Lisa,Ortiz,Doctor 14,2023-12-18
P1800,Tyler,Hill,Doctor 2,2023-12-18
P1804,Patricia,Perez,Doctor 10,2023-12-18
P1807,Kenneth,Chavez,Doctor 13,2023-12-18
P1889,Eric,Johnson,Doctor 12,2023-12-18
P1911,Mark,Jones,Doctor 18,2023-12-18
P1939,Jennifer,Gutierrez,Doctor 4,2023-12-18
P1954,Daniel,Price,Doctor 1,2023-12-18
P2179,Richard,Rogers,Doctor 20,2023-12-18
P2249,Joseph,Robinson,Doctor 20,2023-12-18
P2261,Gary,Evans,Doctor 15,2023-12-18
P0002,Sharon,Wood,Doctor 9,2023-12-19
P0007,Cynthia,Hall,Doctor 7,2023-12-19
P0031,Anna,Murphy,Doctor 7,2023-12-19
P0085,Helen,Johnson,Doctor 18,2023-12-19
P0165,Mark,Nelson,Doctor 14,2023-12-19
P0236,Helen,Wood,Doctor 13,2023-12-19
P0258,Matthew,Ward,Doctor 5,2023-12-19
P0328,Anthony,Harris,Doctor 10,2023-12-19
P0331,Andrew,Perez,Doctor 1,2023-12-19
P0358,Helen,Rogers,Doctor 18,2023-12-19
P0445,Barbara,Collins,Doctor 14,2023-12-19
P0471,Justin,Morales,Doctor 1,2023-12-19
P0493,Patricia,Reyes,Doctor 3,2023-12-19
P0507,Mary,Johnson,Doctor 18,2023-12-19
P0526,Donald,Hall,Doctor 12,2023-12-19
P0572,Laura,Moore,Doctor 5,2023-12-19
P0598,Sharon,Morales,Doctor 5,2023-12-19
P0785,Donna,Edwards,Doctor 13,2023-12-19
P0816,Matthew,Watson,Doctor 17,2023-12-19
P0818,Ruth,Harris,Doctor 16,2023-12-19
P0898,Robert,Gomez,Doctor 11,2023-12-19
P1178,Karen,Diaz,Doctor 6,2023-12-19
P1190,Jason,Taylor,Doctor 17,2023-12-19
P1281,Emma,Davis,Doctor 16,2023-12-19
P1298,Joshua,Johnson,Doctor 17,2023-12-19
P1344,Cynthia,Brown,Doctor 7,2023-12-19
P1408,Betty,Peterson,Doctor 17,2023-12-19
P1445,Thomas,Wood,Doctor 3,2023-12-19
P1509,Laura,Cruz,Doctor 11,2023-12-19
P1608,Gregory,Taylor,Doctor 16,2023-12-19
P1823,Sharon,Lopez,Doctor 4,2023-12-19
P1873,Nancy,Nguyen,Doctor 20,2023-12-19
P1953,Kathleen,Adams,Doctor 15,2023-12-19
P1993,Jack,Murphy,Doctor 13,2023-12-19
P2049,Mark,Davis,Doctor 16,2023-12-19
P2115,Edward,Ramos,Doctor 11,2023-12-19
P2174,Nicholas,Murphy,Doctor 3,2023-12-19
P2277,Anna,Torres,Doctor 1,2023-12-19
P2278,Andrew,Diaz,Doctor 11,2023-12-19
P0017,George,Bennett,Doctor 15,2023-12-20
P0073,Sandra,Cox,Doctor 20,2023-12-20
P0174,Timothy,Ortiz,Doctor 20,2023-12-20
P0221,Nancy,Anderson,Doctor 3,2023-12-20
P0446,Gregory,Hughes,Doctor 8,2023-12-20
P0472,John,White,Doctor 20,2023-12-20
P0504,Angela,Wood,Doctor 5,2023-12-20
P0551,Edward,Sanchez,Doctor 4,2023-12-20
P0614,James,Wood,Doctor 15,2023-12-20
P0635,Barbara,Mitchell,Doctor 19,2023-12-20
P0712,Justin,Gray,Doctor 15,2023-12-20
P0721,Sharon,Young,Doctor 18,2023-12-20
P0738,Lisa,Castillo,Doctor 20,2023-12-20
P0755,Laura,Phillips,Doctor 6,2023-12-20
P0796,Patricia,Mendoza,Doctor 4,2023-12-20
P0812,Kimberly,Cruz,Doctor 10,2023-12-20
P0837,Patrick,Torres,Doctor 20,2023-12-20
P1048,Nancy,Baker,Doctor 10,2023-12-20
P1113,Laura,Brooks,Doctor 8,2023-12-20
P1303,Gregory,Hall,Doctor 3,2023-12-20
P1322,Daniel,Thompson,Doctor 16,2023-12-20
P1341,Michelle,Gomez,Doctor 9,2023-12-20
P1357,Gregory,Ramos,Doctor 1,2023-12-20
P1417,Michael,Chavez,Doctor 18,2023-12-20
P1430,Joshua,Gray,Doctor 5,2023-12-20
P1550,Alexander,Thompson,Doctor 14,2023-12-20
P1719,David,Ward,Doctor 19,2023-12-20
P2098,Dorothy,Phillips,Doctor 10,2023-12-20
P2159,Susan,Parker,Doctor 8,2023-12-20
P0105,Kimberly,Bailey,Doctor 8,2023-12-21
P0142,Melissa,Mendoza,Doctor 10,2023-12-21
P0142,Melissa,Mendoza,Doctor 17,2023-12-21
P0163,Kimberly,Sanders,Doctor 7,2023-12-21
P0704,Virginia,Robinson,Doctor 5,2023-12-21
P0802,Amy,Edwards,Doctor 2,2023-12-21
P1019,Robert,Cook,Doctor 16,2023-12-21
P1158,Patrick,Thompson,Doctor 9,2023-12-21
P1212,Sandra,Howard,Doctor 12,2023-12-21
P1231,Thomas,Kim,Doctor 15,2023-12-21
P1378,Frank,Green,Doctor 17,2023-12-21
P1439,Justin,Gutierrez,Doctor 19,2023-12-21
P1449,Patricia,Thompson,Doctor 17,2023-12-21
P1511,Linda,Evans,Doctor 8,2023-12-21
P1645,Thomas,Jackson,Doctor 14,2023-12-21
P1668,Stephen,Green,Doctor 3,2023-12-21
P1769,Laura,Jackson,Doctor 16,2023-12-21
P1802,Michelle,Lopez,Doctor 1,2023-12-21
P1840,Jason,Ortiz,Doctor 11,2023-12-21
P1989,Melissa,Carter,Doctor 12,2023-12-21
P2250,Tyler,Hall,Doctor 2,2023-12-21
P0005,Michelle,Morales,Doctor 19,2023-12-22
P0156,Jose,Nelson,Doctor 12,2023-12-22
P0209,Eric,Morris,Doctor 5,2023-12-22
P0237,Anna,Smith,Doctor 1,2023-12-22
P0259,Kenneth,Young,Doctor 3,2023-12-22
P0314,David,Lee,Doctor 7,2023-12-22
P0324,Tyler,Thomas,Doctor 14,2023-12-22
P0361,Shirley,Ward,Doctor 1,2023-12-22
P0365,Sarah,Ramirez,Doctor 13,2023-12-22
P0403,Benjamin,Kim,Doctor 18,2023-12-22
P0411,Brian,Walker,Doctor 6,2023-12-22
P0435,Jessica,Morris,Doctor 3,2023-12-22
P0439,Robert,Ruiz,Doctor 2,2023-12-22
P0513,Patrick,Scott,Doctor 1,2023-12-22
P0552,Deborah,White,Doctor 8,2023-12-22
P0847,Kimberly,Jones,Doctor 9,2023-12-22
P0893,Michelle,Green,Doctor 14,2023-12-22
P0910,Kevin,Gutierrez,Doctor 6,2023-12-22
P0995,Richard,Morgan,Doctor 14,2023-12-22
P1002,Helen,Kelly,Doctor 17,2023-12-22
P1465,Raymond,Thomas,Doctor 5,2023-12-22
P1487,Brian,Nguyen,Doctor 2,2023-12-22
P1521,George,Robinson,Doctor 6,2023-12-22
P1530,Kevin,Gray,Doctor 1,2023-12-22
P1540,Jessica,Thomas,Doctor 2,2023-12-22
P1585,Lisa,Phillips,Doctor 20,2023-12-22
P1630,Kevin,Davis,Doctor 19,2023-12-22
P1764,Scott,Sanchez,Doctor 17,2023-12-22
P1924,Donald,Ortiz,Doctor 11,2023-12-22
P2043,Deborah,Jones,Doctor 7,2023-12-22
P2068,Kathleen,Morris,Doctor 10,2023-12-22
P2196,Larry,Cruz,Doctor 13,2023-12-22
P2203,Betty,Kelly,Doctor 7,2023-12-22
P2288,Kimberly,Allen,Doctor 1,2023-12-22
P0212,Helen,Collins,Doctor 13,2023-12-23
P0244,Elizabeth,Chavez,Doctor 4,2023-12-23
P0282,Matthew,Reyes,Doctor 14,2023-12-23
P0334,Steven,James,Doctor 15,2023-12-23
P0630,Jonathan,Johnson,Doctor 10,2023-12-23
P0823,Ruth,Moore,Doctor 11,2023-12-23
P0858,Anthony,Ward,Doctor 13,2023-12-23
P0904,Kimberly,Murphy,Doctor 20,2023-12-23
P1080,Kimberly,Wright,Doctor 19,2023-12-23
P1087,Andrew,Patel,Doctor 20,2023-12-23
P1118,Patrick,Jones,Doctor 11,2023-12-23
P1165,Michelle,Chavez,Doctor 19,2023-12-23
P1264,Anthony,Lee,Doctor 5,2023-12-23
P1528,Andrew,Clark,Doctor 13,2023-12-23
P1562,William,Flores,Doctor 1,2023-12-23
P1571,Barbara,Reed,Doctor 8,2023-12-23
P1574,Michelle,Collins,Doctor 9,2023-12-23
P1575,Melissa,Hill,Doctor 16,2023-12-23
P1584,David,Peterson,Doctor 4,2023-12-23
P1616,Michael,Nguyen,Doctor 19,2023-12-23
P1912,Dorothy,Lee,Doctor 2,2023-12-23
P1918,Melissa,Price,Doctor 15,2023-12-23
P2008,George,Morris,Doctor 8,2023-12-23
P2165,Michael,Collins,Doctor 13,2023-12-23
P2227,Donna,Ruiz,Doctor 5,2023-12-23
P2251,Steven,Thomas,Doctor 4,2023-12-23
P2269,Justin,Rodriguez,Doctor 11,2023-12-23
P0169,Betty,Kim,Doctor 5,2023-12-24
P0343,James,Ramos,Doctor 7,2023-12-24
P0385,Ryan,Evans,Doctor 19,2023-12-24
P0416,Eric,Brooks,Doctor 4,2023-12-24
P0453,Joshua,Bailey,Doctor 20,2023-12-24
P0473,Frank,Phillips,Doctor 8,2023-12-24
P0480,Laura,Walker,Doctor 13,2023-12-24
P0509,Aaron,Green,Doctor 20,2023-12-24
P0529,Anthony,Bennett,Doctor 6,2023-12-24
P0532,Brandon,Hernandez,Doctor 5,2023-12-24
P0765,Ryan,Jackson,Doctor 14,2023-12-24
P0815,Sarah,Wilson,Doctor 12,2023-12-24
P0925,Kenneth,Smith,Doctor 10,2023-12-24
P0938,Kathleen,Turner,Doctor 2,2023-12-24
P0944,Thomas,Cook,Doctor 7,2023-12-24
P0947,Helen,Cruz,Doctor 17,2023-12-24
P1067,Larry,Chavez,Doctor 6,2023-12-24
P1130,Joshua,Sanders,Doctor 18,2023-12-24
P1200,Ryan,Gonzalez,Doctor 17,2023-12-24
P1260,Rebecca,Price,Doctor 4,2023-12-24
P1292,Laura,Young,Doctor 16,2023-12-24
P1669,Karen,Hernandez,Doctor 14,2023-12-24
P1746,Samuel,Thompson,Doctor 9,2023-12-24
P1767,William,Edwards,Doctor 19,2023-12-24
P1819,Dorothy,Harris,Doctor 17,2023-12-24
P1890,Patricia,Cruz,Doctor 9,2023-12-24
P2033,Patrick,Walker,Doctor 4,2023-12-24
P2079,Tyler,Wilson,Doctor 16,2023-12-24
P2084,Jason,Jones,Doctor 20,2023-12-24
P2181,Edward,Perez,Doctor 14,2023-12-24
P2210,Virginia,Perez,Doctor 14,2023-12-24
P0019,Laura,Martin,Doctor 7,2023-12-25
P0022,Ronald,Taylor,Doctor 1,2023-12-25
P0223,Richard,Scott,Doctor 19,2023-12-25
P0271,Deborah,Murphy,Doctor 4,2023-12-25
P0274,Scott,Martin,Doctor 1,2023-12-25
P0609,Kenneth,Gutierrez,Doctor 2,2023-12-25
P0730,Lisa,Sanchez,Doctor 11,2023-12-25
P0774,Benjamin,Bennett,Doctor 1,2023-12-25
P0806,Jeffrey,Thompson,Doctor 14,2023-12-25
P1021,Jack,Bailey,Doctor 11,2023-12-25
P1025,Nancy,Rodriguez,Doctor 10,2023-12-25
P1044,George,Flores,Doctor 9,2023-12-25
P1063,George,Reyes,Doctor 1,2023-12-25
P1179,Linda,Reyes,Doctor 3,2023-12-25
P1307,Donna,Rivera,Doctor 15,2023-12-25
P1524,Shirley,James,Doctor 10,2023-12-25
P1621,Sarah,Kim,Doctor 20,2023-12-25
P1678,Cynthia,Howard,Doctor 15,2023-12-25
P1730,Patrick,Ramirez,Doctor 2,2023-12-25
P1895,Kevin,Chavez,Doctor 12,2023-12-25
P1944,Kimberly,Campbell,Doctor 5,2023-12-25
P2041,Lisa,Gomez,Doctor 10,2023-12-25
P2094,Deborah,Roberts,Doctor 10,2023-12-25
P2155,Dorothy,Jackson,Doctor 4,2023-12-25
P2261,Gary,Evans,Doctor 11,2023-12-25
P2293,Donna,Wright,Doctor 7,2023-12-25
P0064,Joshua,Thomas,Doctor 5,2023-12-26
P0079,Laura,Ramos,Doctor 19,2023-12-26
P0095,Stephen,Reyes,Doctor 5,2023-12-26
P0117,Donald,Miller,Doctor 4,2023-12-26
P0187,Timothy,Anderson,Doctor 4,2023-12-26
P0226,Jeffrey,Price,Doctor 6,2023-12-26
P0249,Aaron,Kim,Doctor 6,2023-12-26
P0333,Sarah,Parker,Doctor 3,2023-12-26
P0387,Gary,Thomas,Doctor 17,2023-12-26
P0389,Jerry,Parker,Doctor 11,2023-12-26
P0428,Angela,Hill,Doctor 19,2023-12-26
P0625,Dorothy,Hughes,Doctor 11,2023-12-26
P0749,Cynthia,Ramirez,Doctor 4,2023-12-26
P0861,Ryan,Peterson,Doctor 3,2023-12-26
P1078,Sharon,Lewis,Doctor 19,2023-12-26
P1104,Betty,Sanchez,Doctor 13,2023-12-26
P1199,Angela,Brown,Doctor 20,2023-12-26
P1252,Brian,Young,Doctor 6,2023-12-26
P1284,Alexander,Castillo,Doctor 20,2023-12-26
P1308,Sharon,Cox,Doctor 4,2023-12-26
P1313,Patrick,Bennett,Doctor 15,2023-12-26
P1438,Amy,Baker,Doctor 14,2023-12-26
P1465,Raymond,Thomas,Doctor 13,2023-12-26
P1493,Patrick,Jackson,Doctor 19,2023-12-26
P1534,Emma,Martinez,Doctor 19,2023-12-26
P1677,Sarah,Wright,Doctor 14,2023-12-26
P1751,Christopher,Rogers,Doctor 1,2023-12-26
P1774,David,Howard,Doctor 7,2023-12-26
P1898,Joseph,Watson,Doctor 3,2023-12-26
P2078,Nancy,Lopez,Doctor 13,2023-12-26
P2156,Andrew,Phillips,Doctor 19,2023-12-26
P2161,Andrew,Wood,Doctor 17,2023-12-26
P2191,Edward,Brown,Doctor 5,2023-12-26
P2230,Donald,Sanchez,Doctor 17,2023-12-26
P2247,William,Morris,Doctor 18,2023-12-26
P2294,Matthew,Moore,Doctor 4,2023-12-26
P0117,Donald,Miller,Doctor 2,2023-12-27
P0242,Angela,Turner,Doctor 9,2023-12-27
P0326,Sandra,Brooks,Doctor 3,2023-12-27
P0352,Dorothy,Morgan,Doctor 18,2023-12-27
P0353,Joseph,Bennett,Doctor 20,2023-12-27
P0361,Shirley,Ward,Doctor 11,2023-12-27
P0547,Matthew,Flores,Doctor 8,2023-12-27
P0580,James,Edwards,Doctor 1,2023-12-27
P0627,Edward,Mitchell,Doctor 12,2023-12-27
P0683,Tyler,Carter,Doctor 1,2023-12-27
P0801,Jessica,Robinson,Doctor 5,2023-12-27
P0879,Kenneth,Lee,Doctor 8,2023-12-27
P0930,George,Nelson,Doctor 13,2023-12-27
P0934,Lisa,Roberts,Doctor 11,2023-12-27
P0988,Sharon,Ward,Doctor 5,2023-12-27
P1015,Jose,Ruiz,Doctor 17,2023-12-27
P1027,Jack,Kim,Doctor 10,2023-12-27
P1187,Kenneth,Morgan,Doctor 14,2023-12-27
P1288,Lisa,Rodriguez,Doctor 15,2023-12-27
P1397,Ronald,Morales,Doctor 12,2023-12-27
P1416,Rebecca,Reyes,Doctor 10,2023-12-27
P1453,Gary,Watson,Doctor 7,2023-12-27
P1463,Tyler,Williams,Doctor 7,2023-12-27
P1509,Laura,Cruz,Doctor 11,2023-12-27
P1523,Sarah,Ramos,Doctor 10,2023-12-27
P1580,Thomas,Nelson,Doctor 9,2023-12-27
P1664,Barbara,Carter,Doctor 9,2023-12-27
P1724,Jason,Green,Doctor 16,2023-12-27
P1796,Angela,Peterson,Doctor 3,2023-12-27
P1997,Mary,Diaz,Doctor 20,2023-12-27
P2002,Sarah,Turner,Doctor 5,2023-12-27
P2074,Robert,Thomas,Doctor 12,2023-12-27
P2264,Samuel,Morris,Doctor 9,2023-12-27
P0106,Jose,Gutierrez,Doctor 9,2023-12-28
P0221,Nancy,Anderson,Doctor 3,2023-12-28
P0277,Steven,Adams,Doctor 9,2023-12-28
P0404,Jonathan,Castillo,Doctor 17,2023-12-28
P0420,Kimberly,Thompson,Doctor 13,2023-12-28
P0450,Angela,Scott,Doctor 17,2023-12-28
P0488,Michelle,Wilson,Doctor 2,2023-12-28
P0544,Ruth,Baker,Doctor 18,2023-12-28
P0687,Dorothy,Castillo,Doctor 12,2023-12-28
P0697,Gregory,Rodriguez,Doctor 18,2023-12-28
P0745,Melissa,Turner,Doctor 20,2023-12-28
P0944,Thomas,Cook,Doctor 7,2023-12-28
P1016,Melissa,Garcia,Doctor 17,2023-12-28
P1093,George,Miller,Doctor 8,2023-12-28
P1311,Ruth,Adams,Doctor 3,2023-12-28
P1311,Ruth,Adams,Doctor 3,2023-12-28
P1411,Sharon,Gutierrez,Doctor 14,2023-12-28
P1494,Matthew,Patel,Doctor 8,2023-12-28
P1590,Kathleen,Johnson,Doctor 11,2023-12-28
P1672,Alexander,Adams,Doctor 14,2023-12-28
P1690,Deborah,Lee,Doctor 12,2023-12-28
P1752,George,Clark,Doctor 4,2023-12-28
P1812,Christopher,Reed,Doctor 2,2023-12-28
P1937,Ryan,Reyes,Doctor 11,2023-12-28
P2092,Matthew,Sanchez,Doctor 12,2023-12-28
P2135,Frank,Sanchez,Doctor 10,2023-12-28
P2162,Timothy,Price,Doctor 19,2023-12-28
P2219,Dennis,Alvarez,Doctor 14,2023-12-28
P0263,Susan,Thompson,Doctor 2,2023-12-29
P0525,Jennifer,James,Doctor 12,2023-12-29
P0647,Matthew,Scott,Doctor 17,2023-12-29
P0678,Susan,Castillo,Doctor 13,2023-12-29
P0683,Tyler,Carter,Doctor 18,2023-12-29
P0734,Cynthia,Adams,Doctor 19,2023-12-29
P1058,Nancy,Morris,Doctor 15,2023-12-29
P1160,Richard,Clark,Doctor 2,2023-12-29
P1204,Melissa,Sanders,Doctor 9,2023-12-29
P1467,Michelle,Morgan,Doctor 4,2023-12-29
P1502,Helen,Ramos,Doctor 14,2023-12-29
P1506,Joshua,Anderson,Doctor 20,2023-12-29
P1574,Michelle,Collins,Doctor 15,2023-12-29
P1696,Jack,Wilson,Doctor 16,2023-12-29
P1776,Lisa,Morris,Doctor 19,2023-12-29
P1975,Matthew,Lee,Doctor 9,2023-12-29
P1985,Lisa,Taylor,Doctor 13,2023-12-29
P2070,Deborah,Ramirez,Doctor 9,2023-12-29
P2127,Donna,Ward,Doctor 13,2023-12-29
P0141,Carol,Ortiz,Doctor 3,2023-12-30
P0202,Aaron,Roberts,Doctor 16,2023-12-30
P0254,Jennifer,Cook,Doctor 4,2023-12-30
P0280,Sharon,Ortiz,Doctor 16,2023-12-30
P0294,Joseph,Bailey,Doctor 6,2023-12-30
P0298,Helen,Bailey,Doctor 17,2023-12-30
P0336,Kathleen,Stewart,Doctor 2,2023-12-30
P0347,Deborah,Bailey,Doctor 4,2023-12-30
P0350,Jacob,Thomas,Doctor 13,2023-12-30
P0432,Sandra,Turner,Doctor 2,2023-12-30
P0443,Stephen,Campbell,Doctor 17,2023-12-30
P0536,Robert,Carter,Doctor 5,2023-12-30
P0665,Jose,Mitchell,Doctor 12,2023-12-30
P0783,Anna,Kelly,Doctor 8,2023-12-30
P0811,Jeffrey,Rodriguez,Doctor 3,2023-12-30
P0869,Andrew,Myers,Doctor 13,2023-12-30
P0924,Jerry,Johnson,Doctor 4,2023-12-30
P1322,Daniel,Thompson,Doctor 16,2023-12-30
P1416,Rebecca,Reyes,Doctor 10,2023-12-30
P1582,Patricia,Kelly,Doctor 17,2023-12-30
P1721,Michelle,Cruz,Doctor 12,2023-12-30
P1860,Donna,Lee,Doctor 19,2023-12-30
P2071,Justin,Jackson,Doctor 19,2023-12-30