patient_id,patient_first_name,patient_last_name,doctor_id,appointment_date
P0124,Larry,Bennett,Doctor 13,2022-12-31
P0045,Kevin,Lopez,Doctor 25,2023-01-01
P0091,Alexander,Hernandez,Doctor 184,2023-01-01
P0125,Susan,Moore,Doctor 47,2023-01-01
P0196,Sarah,Morales,Doctor 137,2023-01-01
P0204,Rebecca,Thompson,Doctor 111,2023-01-01
P0255,Larry,Brown,Doctor 28,2023-01-01
P0278,Melissa,Young,Doctor 55,2023-01-01
P0281,George,Peterson,Doctor 142,2023-01-01
P0499,Jonathan,Brown,Doctor 130,2023-01-01
P0022,Kathleen,Miller,Doctor 22,2023-01-02
P0100,Emma,Perez,Doctor 84,2023-01-02
P0245,Linda,Thomas,Doctor 116,2023-01-02
P0373,Jessica,Turner,Doctor 144,2023-01-02
P0381,Kathleen,Wright,Doctor 133,2023-01-02
P0469,Michael,Mitchell,Doctor 175,2023-01-02
P0075,Charles,Harris,Doctor 128,2023-01-03
P0075,Charles,Harris,Doctor 128,2023-01-03
P0133,Helen,Hill,Doctor 171,2023-01-03
P0193,Christopher,Diaz,Doctor 7,2023-01-03
P0311,Nicholas,Stewart,Doctor 196,2023-01-03
P0347,Karen,Anderson,Doctor 120,2023-01-03
P0354,Lisa,Gonzalez,Doctor 175,2023-01-03
P0385,Dennis,Bailey,Doctor 14,2023-01-03
P0412,Tyler,Young,Doctor 182,2023-01-03
P0133,Helen,Hill,Doctor 171,2023-01-04
P0145,Christopher,Ramos,Doctor 189,2023-01-04
P0205,Laura,Garcia,Doctor 61,2023-01-04
P0278,Melissa,Young,Doctor 55,2023-01-04
P0390,Jacob,Wood,Doctor 10,2023-01-04
P0442,Sarah,Peterson,Doctor 96,2023-01-04
P0088,Betty,Martin,Doctor 169,2023-01-05
P0100,Emma,Perez,Doctor 84,2023-01-05
P0262,Karen,Brooks,Doctor 175,2023-01-05
P0335,David,Morales,Doctor 134,2023-01-05
P0364,Barbara,Rivera,Doctor 152,2023-01-05
P0393,Jennifer,Anderson,Doctor 99,2023-01-05
P0480,Joshua,Brown,Doctor 67,2023-01-05
P0488,Dennis,Walker,Doctor 57,2023-01-05
P0489,Jeffrey,Smith,Doctor 86,2023-01-05
P0099,Kathleen,King,Doctor 188,2023-01-06
P0199,Larry,Rodriguez,Doctor 19,2023-01-06
P0200,Lisa,Mendoza,Doctor 134,2023-01-06
P0217,Charles,Kim,Doctor 3,2023-01-06
P0462,Shirley,Ruiz,Doctor 107,2023-01-06
P0007,Lisa,Brooks,Doctor 41,2023-01-07
P0014,Jason,Hernandez,Doctor 20,2023-01-07
P0044,Jack,Allen,Doctor 169,2023-01-07
P0286,Joseph,Murphy,Doctor 115,2023-01-07
P0303,Edward,Phillips,Doctor 6,2023-01-07
P0339,Ruth,Ortiz,Doctor 25,2023-01-07
P0395,Karen,Green,Doctor 155,2023-01-07
P0480,Joshua,Brown,Doctor 67,2023-01-07
P0014,Jason,Hernandez,Doctor 20,2023-01-08
P0138,Melissa,Wright,Doctor 40,2023-01-08
P0215,Amy,Phillips,Doctor 142,2023-01-08
P0305,Rebecca,Stewart,Doctor 59,2023-01-08
P0346,Dorothy,Williams,Doctor 56,2023-01-08
P0352,Dorothy,Baker,Doctor 187,2023-01-08
P0355,Gregory,Myers,Doctor 140,2023-01-08
P0377,Sharon,Gutierrez,Doctor 66,2023-01-08
P0490,Justin,Sanders,Doctor 86,2023-01-08
P0496,Joseph,Ramirez,Doctor 91,2023-01-08
P0045,Kevin,Lopez,Doctor 25,2023-01-09
P0182,Matthew,Wood,Doctor 101,2023-01-09
P0195,Deborah,Hughes,Doctor 135,2023-01-09
P0251,Lisa,Bailey,Doctor 158,2023-01-09
P0262,Karen,Brooks,Doctor 175,2023-01-09
P0296,Jason,Chavez,Doctor 106,2023-01-09
P0312,Joseph,Kim,Doctor 180,2023-01-09
P0357,Helen,Harris,Doctor 2,2023-01-09
P0385,Dennis,Bailey,Doctor 14,2023-01-09
P0393,Jennifer,Anderson,Doctor 99,2023-01-09
P0052,Brenda,Price,Doctor 32,2023-01-10
P0220,Steven,Rogers,Doctor 49,2023-01-10
P0229,Sharon,Hughes,Doctor 63,2023-01-10
P0362,Scott,Alvarez,Doctor 38,2023-01-10
P0433,Lisa,Kelly,Doctor 57,2023-01-10
P0452,Brandon,Parker,Doctor 10,2023-01-10
P0455,Jessica,Hall,Doctor 157,2023-01-10
P0003,Kimberly,Anderson,Doctor 159,2023-01-11
P0044,Jack,Allen,Doctor 169,2023-01-11
P0154,Emma,Baker,Doctor 68,2023-01-11
P0238,Virginia,Thompson,Doctor 198,2023-01-11
P0287,Thomas,Green,Doctor 62,2023-01-11
P0426,Gary,Torres,Doctor 12,2023-01-11
P0497,Jose,White,Doctor 153,2023-01-11
P0061,Melissa,Gonzalez,Doctor 80,2023-01-12
P0169,Mary,Johnson,Doctor 123,2023-01-12
P0319,Patrick,Howard,Doctor 144,2023-01-12
P0372,Kenneth,Bennett,Doctor 106,2023-01-12
P0403,Betty,Turner,Doctor 47,2023-01-12
P0444,Betty,Perez,Doctor 124,2023-01-12
P0454,Linda,Sanders,Doctor 196,2023-01-12
P0494,Helen,Cooper,Doctor 127,2023-01-12
P0005,Rebecca,Taylor,Doctor 124,2023-01-13
P0007,Lisa,Brooks,Doctor 41,2023-01-13
P0015,Deborah,Mendoza,Doctor 85,2023-01-13
P0018,Karen,Smith,Doctor 27,2023-01-13
P0068,Elizabeth,Jackson,Doctor 148,2023-01-13
P0097,Jessica,Adams,Doctor 106,2023-01-13
P0112,Stephen,Lee,Doctor 152,2023-01-13
P0197,Cynthia,Gonzalez,Doctor 112,2023-01-13
P0205,Laura,Garcia,Doctor 61,2023-01-13
P0292,Patrick,Ramirez,Doctor 94,2023-01-13
P0317,Angela,Martinez,Doctor 101,2023-01-13
P0327,Kevin,Clark,Doctor 93,2023-01-13
P0368,Donna,Martinez,Doctor 163,2023-01-13
P0187,Brian,King,Doctor 192,2023-01-14
P0216,Barbara,Torres,Doctor 12,2023-01-14
P0239,Betty,Bailey,Doctor 83,2023-01-14
P0321,Jerry,Jones,Doctor 112,2023-01-14
P0062,Stephen,Ruiz,Doctor 6,2023-01-15
P0260,Sandra,Gonzalez,Doctor 112,2023-01-15
P0313,Steven,Carter,Doctor 196,2023-01-15
P0403,Betty,Turner,Doctor 47,2023-01-15
P0424,Matthew,Sanders,Doctor 59,2023-01-15
P0425,Lisa,Martin,Doctor 66,2023-01-15
P0451,Emma,Ramirez,Doctor 39,2023-01-15
P0073,Mary,Thompson,Doctor 44,2023-01-16
P0139,Karen,Torres,Doctor 173,2023-01-16
P0185,Laura,Cooper,Doctor 34,2023-01-16
P0199,Larry,Rodriguez,Doctor 19,2023-01-16
P0279,Steven,Stewart,Doctor 196,2023-01-16
P0442,Sarah,Peterson,Doctor 96,2023-01-16
P0477,Aaron,Ortiz,Doctor 111,2023-01-16
P0277,Laura,Chavez,Doctor 70,2023-01-17
P0299,Anthony,Chavez,Doctor 193,2023-01-17
P0166,Larry,Hughes,Doctor 6,2023-01-18
P0286,Joseph,Murphy,Doctor 115,2023-01-18
P0338,Richard,James,Doctor 119,2023-01-18
P0364,Barbara,Rivera,Doctor 152,2023-01-18
P0415,Joshua,Gonzalez,Doctor 80,2023-01-18
P0476,Robert,Cruz,Doctor 143,2023-01-18
P0002,Nancy,White,Doctor 21,2023-01-19
P0101,Robert,Baker,Doctor 137,2023-01-19
P0138,Melissa,Wright,Doctor 40,2023-01-19
P0186,Robert,Robinson,Doctor 107,2023-01-19
P0237,Jeffrey,Morales,Doctor 50,2023-01-19
P0288,Dennis,Kim,Doctor 143,2023-01-19
P0310,Joshua,Hernandez,Doctor 12,2023-01-19
P0397,Frank,Morgan,Doctor 59,2023-01-19
P0435,Amy,Price,Doctor 51,2023-01-19
P0475,Jason,Wood,Doctor 16,2023-01-19
P0095,Brenda,Miller,Doctor 36,2023-01-20
P0116,Steven,Gomez,Doctor 200,2023-01-20
P0132,Aaron,Jackson,Doctor 120,2023-01-20
P0190,Sarah,Flores,Doctor 151,2023-01-20
P0245,Linda,Thomas,Doctor 116,2023-01-20
P0285,Thomas,Castillo,Doctor 116,2023-01-20
P0380,Amy,Howard,Doctor 104,2023-01-20
P0420,Scott,Stewart,Doctor 84,2023-01-20
P0025,Mary,Morales,Doctor 100,2023-01-21
P0206,Timothy,Murphy,Doctor 168,2023-01-21
P0212,William,Gray,Doctor 130,2023-01-21
P0213,Deborah,Lewis,Doctor 158,2023-01-21
P0223,Larry,Cruz,Doctor 103,2023-01-21
P0265,Sharon,Patel,Doctor 192,2023-01-21
P0303,Edward,Phillips,Doctor 6,2023-01-21
P0421,Larry,Lewis,Doctor 14,2023-01-21
P0426,Gary,Torres,Doctor 12,2023-01-21
P0019,Nancy,Gutierrez,Doctor 160,2023-01-22
P0077,Jessica,Murphy,Doctor 7,2023-01-22
P0225,David,Taylor,Doctor 152,2023-01-22
P0231,Carol,Lewis,Doctor 88,2023-01-22
P0254,Brian,Ramos,Doctor 150,2023-01-22
P0365,Kenneth,Hughes,Doctor 45,2023-01-22
P0381,Kathleen,Wright,Doctor 133,2023-01-22
P0410,Susan,Ruiz,Doctor 199,2023-01-22
P0422,Robert,Allen,Doctor 101,2023-01-22
P0144,Michelle,Lewis,Doctor 101,2023-01-23
P0148,John,Cruz,Doctor 183,2023-01-23
P0158,Deborah,Richardson,Doctor 13,2023-01-23
P0167,Michael,Lopez,Doctor 106,2023-01-23
P0175,Scott,Ramirez,Doctor 192,2023-01-23
P0236,Susan,Williams,Doctor 56,2023-01-23
P0237,Jeffrey,Morales,Doctor 50,2023-01-23
P0273,Thomas,Jones,Doctor 49,2023-01-23
P0295,Aaron,Edwards,Doctor 44,2023-01-23
P0326,Betty,Clark,Doctor 26,2023-01-23
P0341,Jason,Alvarez,Doctor 170,2023-01-23
P0392,Sharon,Parker,Doctor 15,2023-01-23
P0458,Deborah,Bailey,Doctor 75,2023-01-23
P0465,James,Collins,Doctor 103,2023-01-23
P0483,William,James,Doctor 58,2023-01-23
P0042,Kenneth,Torres,Doctor 22,2023-01-24
P0127,Scott,Mitchell,Doctor 144,2023-01-24
P0373,Jessica,Turner,Doctor 144,2023-01-24
P0459,Donald,Ramos,Doctor 16,2023-01-24
P0474,Helen,Scott,Doctor 77,2023-01-24
P0029,Sandra,Collins,Doctor 119,2023-01-25
P0233,Lisa,Cox,Doctor 102,2023-01-25
P0447,Deborah,Moore,Doctor 6,2023-01-25
P0468,Richard,Nguyen,Doctor 165,2023-01-25
P0006,Cynthia,Walker,Doctor 109,2023-01-26
P0084,Aaron,Morris,Doctor 11,2023-01-26
P0199,Larry,Rodriguez,Doctor 19,2023-01-26
P0206,Timothy,Murphy,Doctor 168,2023-01-26
P0250,Dorothy,Evans,Doctor 38,2023-01-26
P0293,Robert,Stewart,Doctor 25,2023-01-26
P0366,Sharon,Campbell,Doctor 91,2023-01-26
P0390,Jacob,Wood,Doctor 10,2023-01-26
P0391,Steven,Martin,Doctor 14,2023-01-26
P0404,Anthony,Cook,Doctor 198,2023-01-26
P0416,Gary,Robinson,Doctor 150,2023-01-26
P0483,William,James,Doctor 58,2023-01-26
P0028,Susan,Cook,Doctor 147,2023-01-27
P0121,Christopher,Taylor,Doctor 97,2023-01-27
P0146,David,Hughes,Doctor 91,2023-01-27
P0208,Jessica,Phillips,Doctor 90,2023-01-27
P0272,George,Thompson,Doctor 3,2023-01-27
P0420,Scott,Stewart,Doctor 84,2023-01-27
P0433,Lisa,Kelly,Doctor 57,2023-01-27
P0155,Helen,Lopez,Doctor 196,2023-01-28
P0175,Scott,Ramirez,Doctor 192,2023-01-28
P0213,Deborah,Lewis,Doctor 158,2023-01-28
P0216,Barbara,Torres,Doctor 12,2023-01-28
P0313,Steven,Carter,Doctor 196,2023-01-28
P0361,Jason,Mitchell,Doctor 190,2023-01-28
P0010,Ronald,Price,Doctor 115,2023-01-29
P0048,Donna,Peterson,Doctor 134,2023-01-29
P0070,Emma,Garcia,Doctor 156,2023-01-29
P0218,Sarah,Sanchez,Doctor 102,2023-01-29
P0271,Jessica,James,Doctor 106,2023-01-29
P0335,David,Morales,Doctor 134,2023-01-29
P0074,Kenneth,Adams,Doctor 35,2023-01-30
P0157,Brenda,Gray,Doctor 139,2023-01-30
P0197,Cynthia,Gonzalez,Doctor 112,2023-01-30
P0230,Sarah,Diaz,Doctor 27,2023-01-30
P0267,Patrick,Harris,Doctor 178,2023-01-30
P0351,Karen,Taylor,Doctor 142,2023-01-30
P0380,Amy,Howard,Doctor 104,2023-01-30
P0430,Jacob,Flores,Doctor 97,2023-01-30
P0053,David,Myers,Doctor 197,2023-01-31
P0075,Charles,Harris,Doctor 128,2023-01-31
P0116,Steven,Gomez,Doctor 200,2023-01-31
P0176,Lisa,Miller,Doctor 138,2023-01-31
P0177,Lisa,Morgan,Doctor 38,2023-01-31
P0252,Linda,Lopez,Doctor 132,2023-01-31
P0262,Karen,Brooks,Doctor 175,2023-01-31
P0343,Karen,Garcia,Doctor 148,2023-01-31
P0345,Dorothy,Lee,Doctor 54,2023-01-31
P0354,Lisa,Gonzalez,Doctor 175,2023-01-31
P0393,Jennifer,Anderson,Doctor 99,2023-01-31
P0421,Larry,Lewis,Doctor 14,2023-01-31
P0007,Lisa,Brooks,Doctor 41,2023-02-01
P0023,Donna,Scott,Doctor 167,2023-02-01
P0204,Rebecca,Thompson,Doctor 111,2023-02-01
P0281,George,Peterson,Doctor 142,2023-02-01
P0426,Gary,Torres,Doctor 12,2023-02-01
P0489,Jeffrey,Smith,Doctor 86,2023-02-01
P0230,Sarah,Diaz,Doctor 27,2023-02-02
P0266,Christopher,Baker,Doctor 113,2023-02-02
P0396,Joseph,Harris,Doctor 135,2023-02-02
P0419,Ronald,White,Doctor 146,2023-02-02
P0481,Mark,Cook,Doctor 148,2023-02-02
P0128,Jessica,Thompson,Doctor 77,2023-02-03
P0190,Sarah,Flores,Doctor 151,2023-02-03
P0219,Michelle,Ward,Doctor 182,2023-02-03
P0058,Karen,White,Doctor 18,2023-02-04
P0093,John,Robinson,Doctor 200,2023-02-04
P0200,Lisa,Mendoza,Doctor 134,2023-02-04
P0269,Amy,Alvarez,Doctor 155,2023-02-04
P0349,Nancy,Clark,Doctor 67,2023-02-04
P0117,Sarah,Edwards,Doctor 172,2023-02-05
P0256,Kathleen,Perez,Doctor 194,2023-02-05
P0341,Jason,Alvarez,Doctor 170,2023-02-05
P0411,Michael,Wright,Doctor 63,2023-02-05
P0412,Tyler,Young,Doctor 182,2023-02-05
P0497,Jose,White,Doctor 153,2023-02-05
P0057,Scott,Ward,Doctor 146,2023-02-06
P0169,Mary,Johnson,Doctor 123,2023-02-06
P0192,Kathleen,Bennett,Doctor 109,2023-02-06
P0212,William,Gray,Doctor 130,2023-02-06
P0268,Kimberly,Mendoza,Doctor 157,2023-02-06
P0274,Andrew,Richardson,Doctor 11,2023-02-06
P0314,Donna,Morales,Doctor 28,2023-02-06
P0373,Jessica,Turner,Doctor 144,2023-02-06
P0394,Mark,Edwards,Doctor 123,2023-02-06
P0426,Gary,Torres,Doctor 12,2023-02-06
P0473,Sharon,Flores,Doctor 172,2023-02-06
P0002,Nancy,White,Doctor 21,2023-02-07
P0024,Donna,Rodriguez,Doctor 67,2023-02-07
P0041,Cynthia,Lewis,Doctor 198,2023-02-07
P0143,Joshua,Ward,Doctor 166,2023-02-07
P0159,David,Jones,Doctor 27,2023-02-07
P0272,George,Thompson,Doctor 3,2023-02-07
P0280,Cynthia,Phillips,Doctor 92,2023-02-07
P0312,Joseph,Kim,Doctor 180,2023-02-07
P0363,Ronald,Kelly,Doctor 14,2023-02-07
P0016,Sarah,Roberts,Doctor 23,2023-02-08
P0029,Sandra,Collins,Doctor 119,2023-02-08
P0146,David,Hughes,Doctor 91,2023-02-08
P0241,Stephen,Young,Doctor 192,2023-02-08
P0268,Kimberly,Mendoza,Doctor 157,2023-02-08
P0417,Ryan,Cruz,Doctor 193,2023-02-08
P0490,Justin,Sanders,Doctor 86,2023-02-08
P0030,Donna,Ruiz,Doctor 38,2023-02-09
P0111,Jack,Reyes,Doctor 153,2023-02-09
P0182,Matthew,Wood,Doctor 101,2023-02-09
P0312,Joseph,Kim,Doctor 180,2023-02-09
P0481,Mark,Cook,Doctor 148,2023-02-09
P0014,Jason,Hernandez,Doctor 20,2023-02-10
P0082,Helen,Smith,Doctor 66,2023-02-10
P0166,Larry,Hughes,Doctor 6,2023-02-10
P0185,Laura,Cooper,Doctor 34,2023-02-10
P0202,Edward,Wood,Doctor 159,2023-02-10
P0277,Laura,Chavez,Doctor 70,2023-02-10
P0383,Jacob,Morales,Doctor 37,2023-02-10
P0449,Virginia,Hughes,Doctor 171,2023-02-10
P0038,Cynthia,Watson,Doctor 153,2023-02-11
P0051,Daniel,Wood,Doctor 143,2023-02-11
P0324,Ryan,Carter,Doctor 133,2023-02-11
P0417,Ryan,Cruz,Doctor 193,2023-02-11
P0428,Gary,Thompson,Doctor 112,2023-02-11
P0434,Gary,Johnson,Doctor 132,2023-02-11
P0488,Dennis,Walker,Doctor 57,2023-02-11
P0500,William,Morris,Doctor 36,2023-02-11
P0016,Sarah,Roberts,Doctor 23,2023-02-12
P0017,Steven,Myers,Doctor 32,2023-02-12
P0076,Jessica,Young,Doctor 196,2023-02-12
P0161,Linda,Brooks,Doctor 48,2023-02-12
P0180,Ryan,Morris,Doctor 67,2023-02-12
P0211,John,Murphy,Doctor 43,2023-02-12
P0376,Michelle,Gonzalez,Doctor 3,2023-02-12
P0423,Jose,Robinson,Doctor 145,2023-02-12
P0165,Jack,Richardson,Doctor 43,2023-02-13
P0170,Sarah,Hall,Doctor 9,2023-02-13
P0359,Donna,Hernandez,Doctor 103,2023-02-13
P0370,Larry,Ramos,Doctor 147,2023-02-13
P0399,Kimberly,Roberts,Doctor 168,2023-02-13
P0037,Cynthia,Clark,Doctor 51,2023-02-14
P0046,David,Morgan,Doctor 4,2023-02-14
P0092,Virginia,King,Doctor 12,2023-02-14
P0308,Matthew,Reed,Doctor 32,2023-02-14
P0454,Linda,Sanders,Doctor 196,2023-02-14
P0238,Virginia,Thompson,Doctor 198,2023-02-15
P0319,Patrick,Howard,Doctor 144,2023-02-15
P0399,Kimberly,Roberts,Doctor 168,2023-02-15
P0065,James,Kelly,Doctor 71,2023-02-16
P0082,Helen,Smith,Doctor 66,2023-02-16
P0145,Christopher,Ramos,Doctor 189,2023-02-16
P0161,Linda,Brooks,Doctor 48,2023-02-16
P0243,Gary,Gutierrez,Doctor 183,2023-02-16
P0001,Karen,Cooper,Doctor 155,2023-02-17
P0046,David,Morgan,Doctor 4,2023-02-17
P0059,Sarah,Reed,Doctor 12,2023-02-17
P0066,Jennifer,Hernandez,Doctor 40,2023-02-17
P0098,Barbara,Scott,Doctor 200,2023-02-17
P0116,Steven,Gomez,Doctor 200,2023-02-17
P0116,Steven,Gomez,Doctor 200,2023-02-17
P0163,Deborah,Wright,Doctor 127,2023-02-17
P0235,Andrew,Allen,Doctor 189,2023-02-17
P0309,Brian,Johnson,Doctor 165,2023-02-17
P0368,Donna,Martinez,Doctor 163,2023-02-17
P0435,Amy,Price,Doctor 51,2023-02-17
P0009,Tyler,Cook,Doctor 91,2023-02-18
P0018,Karen,Smith,Doctor 27,2023-02-18
P0064,Jack,Rivera,Doctor 102,2023-02-18
P0066,Jennifer,Hernandez,Doctor 40,2023-02-18
P0080,James,Davis,Doctor 102,2023-02-18
P0167,Michael,Lopez,Doctor 106,2023-02-18
P0411,Michael,Wright,Doctor 63,2023-02-18
P0432,Kathleen,James,Doctor 32,2023-02-18
P0492,Sharon,Kim,Doctor 199,2023-02-18
P0015,Deborah,Mendoza,Doctor 85,2023-02-19
P0035,Elizabeth,Cooper,Doctor 69,2023-02-19
P0051,Daniel,Wood,Doctor 143,2023-02-19
P0089,Lisa,Patel,Doctor 7,2023-02-19
P0105,Kenneth,Thompson,Doctor 180,2023-02-19
P0155,Helen,Lopez,Doctor 196,2023-02-19
P0216,Barbara,Torres,Doctor 12,2023-02-19
P0264,Sarah,Torres,Doctor 4,2023-02-19
P0288,Dennis,Kim,Doctor 143,2023-02-19
P0309,Brian,Johnson,Doctor 165,2023-02-19
P0352,Dorothy,Baker,Doctor 187,2023-02-19
P0484,Sarah,Cox,Doctor 164,2023-02-19
P0489,Jeffrey,Smith,Doctor 86,2023-02-19
P0032,Melissa,Clark,Doctor 107,2023-02-20
P0460,Scott,Gonzalez,Doctor 27,2023-02-20
P0017,Steven,Myers,Doctor 32,2023-02-21
P0036,Alexander,Stewart,Doctor 191,2023-02-21
P0043,Kevin,Gutierrez,Doctor 17,2023-02-21
P0106,Justin,White,Doctor 47,2023-02-21
P0117,Sarah,Edwards,Doctor 172,2023-02-21
P0209,Anthony,Martin,Doctor 178,2023-02-21
P0234,Ruth,Miller,Doctor 197,2023-02-21
P0237,Jeffrey,Morales,Doctor 50,2023-02-21
P0266,Christopher,Baker,Doctor 113,2023-02-21
P0296,Jason,Chavez,Doctor 106,2023-02-21
P0333,Aaron,Rodriguez,Doctor 109,2023-02-21
P0399,Kimberly,Roberts,Doctor 168,2023-02-21
P0447,Deborah,Moore,Doctor 6,2023-02-21
P0182,Matthew,Wood,Doctor 101,2023-02-22
P0430,Jacob,Flores,Doctor 97,2023-02-22
P0031,Anthony,Edwards,Doctor 182,2023-02-23
P0054,Jacob,Walker,Doctor 179,2023-02-23
P0232,Kathleen,Martinez,Doctor 2,2023-02-23
P0269,Amy,Alvarez,Doctor 155,2023-02-23
P0375,Rebecca,Flores,Doctor 66,2023-02-23
P0480,Joshua,Brown,Doctor 67,2023-02-23
P0497,Jose,White,Doctor 153,2023-02-23
P0075,Charles,Harris,Doctor 128,2023-02-24
P0094,Samuel,Hill,Doctor 193,2023-02-24
P0177,Lisa,Morgan,Doctor 38,2023-02-24
P0279,Steven,Stewart,Doctor 196,2023-02-24
P0358,Carol,Cruz,Doctor 165,2023-02-24
P0011,Laura,Morgan,Doctor 181,2023-02-25
P0034,Timothy,Walker,Doctor 81,2023-02-25
P0043,Kevin,Gutierrez,Doctor 17,2023-02-25
P0290,Donna,Anderson,Doctor 180,2023-02-25
P0309,Brian,Johnson,Doctor 165,2023-02-25
P0338,Richard,James,Doctor 119,2023-02-25
P0383,Jacob,Morales,Doctor 37,2023-02-25
P0443,Scott,Roberts,Doctor 99,2023-02-25
P0451,Emma,Ramirez,Doctor 39,2023-02-25
P0470,Jason,Williams,Doctor 131,2023-02-25
P0027,Richard,Collins,Doctor 55,2023-02-26
P0125,Susan,Moore,Doctor 47,2023-02-26
P0131,Jason,Thomas,Doctor 150,2023-02-26
P0151,Helen,Adams,Doctor 108,2023-02-26
P0388,Sandra,Kim,Doctor 77,2023-02-26
P0462,Shirley,Ruiz,Doctor 107,2023-02-26
P0474,Helen,Scott,Doctor 77,2023-02-26
P0069,Kimberly,Reyes,Doctor 105,2023-02-27
P0077,Jessica,Murphy,Doctor 7,2023-02-27
P0211,John,Murphy,Doctor 43,2023-02-27
P0219,Michelle,Ward,Doctor 182,2023-02-27
P0241,Stephen,Young,Doctor 192,2023-02-27
P0245,Linda,Thomas,Doctor 116,2023-02-27
P0360,Matthew,Bennett,Doctor 200,2023-02-27
P0401,Kimberly,Nguyen,Doctor 14,2023-02-27
P0475,Jason,Wood,Doctor 16,2023-02-27
P0252,Linda,Lopez,Doctor 132,2023-02-28
P0377,Sharon,Gutierrez,Doctor 66,2023-02-28
P0380,Amy,Howard,Doctor 104,2023-02-28
P0010,Ronald,Price,Doctor 115,2023-03-01
P0103,Brian,Myers,Doctor 52,2023-03-01
P0118,Virginia,Ramos,Doctor 184,2023-03-01
P0304,Karen,Gomez,Doctor 126,2023-03-01
P0379,Anthony,Gomez,Doctor 170,2023-03-01
P0380,Amy,Howard,Doctor 104,2023-03-01
P0394,Mark,Edwards,Doctor 123,2023-03-01
P0437,Lisa,Bennett,Doctor 80,2023-03-01
P0130,Susan,Robinson,Doctor 129,2023-03-02
P0348,Mark,Price,Doctor 57,2023-03-02
P0449,Virginia,Hughes,Doctor 171,2023-03-02
P0003,Kimberly,Anderson,Doctor 159,2023-03-03
P0133,Helen,Hill,Doctor 171,2023-03-03
P0226,Anna,Mendoza,Doctor 97,2023-03-03
P0248,Robert,Ruiz,Doctor 143,2023-03-03
P0346,Dorothy,Williams,Doctor 56,2023-03-03
P0368,Donna,Martinez,Doctor 163,2023-03-03
P0369,Ruth,Chavez,Doctor 158,2023-03-03
P0378,Andrew,Watson,Doctor 50,2023-03-03
P0405,Donna,Diaz,Doctor 138,2023-03-03
P0443,Scott,Roberts,Doctor 99,2023-03-03
P0458,Deborah,Bailey,Doctor 75,2023-03-03
P0464,Jacob,James,Doctor 23,2023-03-03
P0074,Kenneth,Adams,Doctor 35,2023-03-04
P0082,Helen,Smith,Doctor 66,2023-03-04
P0112,Stephen,Lee,Doctor 152,2023-03-04
P0117,Sarah,Edwards,Doctor 172,2023-03-04
P0395,Karen,Green,Doctor 155,2023-03-04
P0450,Jessica,Morris,Doctor 10,2023-03-04
P0466,Jose,Thomas,Doctor 60,2023-03-04
P0477,Aaron,Ortiz,Doctor 111,2023-03-04
P0478,Christopher,Martin,Doctor 41,2023-03-04
P0483,William,James,Doctor 58,2023-03-04
P0139,Karen,Torres,Doctor 173,2023-03-05
P0147,Dennis,Cooper,Doctor 142,2023-03-05
P0283,Joseph,Cox,Doctor 191,2023-03-05
P0358,Carol,Cruz,Doctor 165,2023-03-05
P0364,Barbara,Rivera,Doctor 152,2023-03-05
P0394,Mark,Edwards,Doctor 123,2023-03-05
P0495,John,Bailey,Doctor 61,2023-03-05
P0040,Ruth,Sanchez,Doctor 110,2023-03-06
P0071,Carol,Hernandez,Doctor 167,2023-03-06
P0477,Aaron,Ortiz,Doctor 111,2023-03-06
P0485,Frank,Nguyen,Doctor 38,2023-03-06
P0085,Sarah,Hernandez,Doctor 93,2023-03-07
P0100,Emma,Perez,Doctor 84,2023-03-07
P0196,Sarah,Morales,Doctor 137,2023-03-07
P0260,Sandra,Gonzalez,Doctor 112,2023-03-07
P0350,Brenda,Hughes,Doctor 185,2023-03-07
P0405,Donna,Diaz,Doctor 138,2023-03-07
P0144,Michelle,Lewis,Doctor 101,2023-03-08
P0169,Mary,Johnson,Doctor 123,2023-03-08
P0440,Cynthia,Kim,Doctor 159,2023-03-08
P0479,Benjamin,Turner,Doctor 112,2023-03-08
P0500,William,Morris,Doctor 36,2023-03-08
P0073,Mary,Thompson,Doctor 44,2023-03-09
P0097,Jessica,Adams,Doctor 106,2023-03-09
P0114,Larry,Mitchell,Doctor 192,2023-03-09
P0139,Karen,Torres,Doctor 173,2023-03-09
P0242,Betty,Chavez,Doctor 148,2023-03-09
P0269,Amy,Alvarez,Doctor 155,2023-03-09
P0394,Mark,Edwards,Doctor 123,2023-03-09
P0408,Timothy,King,Doctor 107,2023-03-09
P0411,Michael,Wright,Doctor 63,2023-03-09
P0426,Gary,Torres,Doctor 12,2023-03-09
P0021,Shirley,Robinson,Doctor 58,2023-03-10
P0057,Scott,Ward,Doctor 146,2023-03-10
P0276,Brian,White,Doctor 52,2023-03-10
P0302,Jacob,Cox,Doctor 46,2023-03-10
P0390,Jacob,Wood,Doctor 10,2023-03-10
P0395,Karen,Green,Doctor 155,2023-03-10
P0433,Lisa,Kelly,Doctor 57,2023-03-10
P0114,Larry,Mitchell,Doctor 192,2023-03-11
P0124,Larry,Bennett,Doctor 13,2023-03-11
P0194,Carol,Martin,Doctor 180,2023-03-11
P0204,Rebecca,Thompson,Doctor 111,2023-03-11
P0214,Lisa,Jackson,Doctor 54,2023-03-11
P0322,Michelle,Alvarez,Doctor 123,2023-03-11
P0345,Dorothy,Lee,Doctor 54,2023-03-11
P0378,Andrew,Watson,Doctor 50,2023-03-11
P0038,Cynthia,Watson,Doctor 153,2023-03-12
P0069,Kimberly,Reyes,Doctor 105,2023-03-12
P0084,Aaron,Morris,Doctor 11,2023-03-12
P0235,Andrew,Allen,Doctor 189,2023-03-12
P0251,Lisa,Bailey,Doctor 158,2023-03-12
P0298,Samuel,Anderson,Doctor 96,2023-03-12
P0315,Carol,Williams,Doctor 169,2023-03-12
P0019,Nancy,Gutierrez,Doctor 160,2023-03-13
P0077,Jessica,Murphy,Doctor 7,2023-03-13
P0083,Sarah,Mitchell,Doctor 118,2023-03-13
P0096,Deborah,Price,Doctor 154,2023-03-13
P0108,Helen,Lewis,Doctor 28,2023-03-13
P0174,Anna,Edwards,Doctor 192,2023-03-13
P0264,Sarah,Torres,Doctor 4,2023-03-13
P0270,Laura,Morales,Doctor 133,2023-03-13
P0303,Edward,Phillips,Doctor 6,2023-03-13
P0324,Ryan,Carter,Doctor 133,2023-03-13
P0006,Cynthia,Walker,Doctor 109,2023-03-14
P0022,Kathleen,Miller,Doctor 22,2023-03-14
P0034,Timothy,Walker,Doctor 81,2023-03-14
P0340,Robert,Rivera,Doctor 131,2023-03-14
P0021,Shirley,Robinson,Doctor 58,2023-03-15
P0094,Samuel,Hill,Doctor 193,2023-03-15
P0096,Deborah,Price,Doctor 154,2023-03-15
P0116,Steven,Gomez,Doctor 200,2023-03-15
P0255,Larry,Brown,Doctor 28,2023-03-15
P0336,Kevin,Baker,Doctor 98,2023-03-15
P0136,Jonathan,Cook,Doctor 32,2023-03-16
P0238,Virginia,Thompson,Doctor 198,2023-03-16
P0309,Brian,Johnson,Doctor 165,2023-03-16
P0359,Donna,Hernandez,Doctor 103,2023-03-16
P0382,Donna,Cook,Doctor 62,2023-03-16
P0410,Susan,Ruiz,Doctor 199,2023-03-16
P0416,Gary,Robinson,Doctor 150,2023-03-16
P0244,Samuel,Martinez,Doctor 5,2023-03-17
P0487,Timothy,Gutierrez,Doctor 88,2023-03-17
P0495,John,Bailey,Doctor 61,2023-03-17
P0500,William,Morris,Doctor 36,2023-03-17
P0155,Helen,Lopez,Doctor 196,2023-03-18
P0439,Michelle,Moore,Doctor 64,2023-03-18
P0023,Donna,Scott,Doctor 167,2023-03-19
P0028,Susan,Cook,Doctor 147,2023-03-19
P0100,Emma,Perez,Doctor 84,2023-03-19
P0136,Jonathan,Cook,Doctor 32,2023-03-19
P0159,David,Jones,Doctor 27,2023-03-19
P0172,David,Nguyen,Doctor 172,2023-03-19
P0367,Jack,Sanders,Doctor 75,2023-03-19
P0386,Barbara,Gonzalez,Doctor 106,2023-03-19
P0431,Nicholas,Rogers,Doctor 68,2023-03-19
P0445,Michael,Carter,Doctor 104,2023-03-19
P0464,Jacob,James,Doctor 23,2023-03-19
P0001,Karen,Cooper,Doctor 155,2023-03-20
P0132,Aaron,Jackson,Doctor 120,2023-03-20
P0159,David,Jones,Doctor 27,2023-03-20
P0162,Joseph,Davis,Doctor 77,2023-03-20
P0254,Brian,Ramos,Doctor 150,2023-03-20
P0346,Dorothy,Williams,Doctor 56,2023-03-20
P0364,Barbara,Rivera,Doctor 152,2023-03-20
P0428,Gary,Thompson,Doctor 112,2023-03-20
P0447,Deborah,Moore,Doctor 6,2023-03-20
P0034,Timothy,Walker,Doctor 81,2023-03-21
P0037,Cynthia,Clark,Doctor 51,2023-03-21
P0071,Carol,Hernandez,Doctor 167,2023-03-21
P0319,Patrick,Howard,Doctor 144,2023-03-21
P0433,Lisa,Kelly,Doctor 57,2023-03-21
P0441,Deborah,Anderson,Doctor 47,2023-03-21
P0447,Deborah,Moore,Doctor 6,2023-03-21
P0152,Jerry,Price,Doctor 149,2023-03-22
P0162,Joseph,Davis,Doctor 77,2023-03-22
P0194,Carol,Martin,Doctor 180,2023-03-22
P0289,Joshua,Torres,Doctor 155,2023-03-22
P0398,Brian,Ortiz,Doctor 44,2023-03-22
P0487,Timothy,Gutierrez,Doctor 88,2023-03-22
P0497,Jose,White,Doctor 153,2023-03-22
P0046,David,Morgan,Doctor 4,2023-03-23
P0086,Nancy,Cooper,Doctor 73,2023-03-23
P0127,Scott,Mitchell,Doctor 144,2023-03-23
P0137,Patrick,Gray,Doctor 120,2023-03-23
P0155,Helen,Lopez,Doctor 196,2023-03-23
P0025,Mary,Morales,Doctor 100,2023-03-24
P0371,Frank,Kim,Doctor 23,2023-03-24
P0428,Gary,Thompson,Doctor 112,2023-03-24
P0140,Jerry,Kelly,Doctor 122,2023-03-25
P0180,Ryan,Morris,Doctor 67,2023-03-25
P0242,Betty,Chavez,Doctor 148,2023-03-25
P0260,Sandra,Gonzalez,Doctor 112,2023-03-25
P0261,Robert,Gomez,Doctor 115,2023-03-25
P0327,Kevin,Clark,Doctor 93,2023-03-25
P0347,Karen,Anderson,Doctor 120,2023-03-25
P0360,Matthew,Bennett,Doctor 200,2023-03-25
P0376,Michelle,Gonzalez,Doctor 3,2023-03-25
P0431,Nicholas,Rogers,Doctor 68,2023-03-25
P0085,Sarah,Hernandez,Doctor 93,2023-03-26
P0110,Laura,Castillo,Doctor 127,2023-03-26
P0266,Christopher,Baker,Doctor 113,2023-03-26
P0342,Jonathan,Turner,Doctor 172,2023-03-26
P0012,John,Ortiz,Doctor 116,2023-03-27
P0013,Kenneth,Smith,Doctor 8,2023-03-27
P0020,James,Gray,Doctor 133,2023-03-27
P0125,Susan,Moore,Doctor 47,2023-03-27
P0258,Kevin,Torres,Doctor 25,2023-03-27
P0472,Kathleen,Scott,Doctor 125,2023-03-27
P0060,Richard,Brown,Doctor 139,2023-03-28
P0070,Emma,Garcia,Doctor 156,2023-03-28
P0117,Sarah,Edwards,Doctor 172,2023-03-28
P0181,Linda,Taylor,Doctor 86,2023-03-28
P0265,Sharon,Patel,Doctor 192,2023-03-28
P0310,Joshua,Hernandez,Doctor 12,2023-03-28
P0446,Thomas,Ramirez,Doctor 43,2023-03-28
P0231,Carol,Lewis,Doctor 88,2023-03-29
P0244,Samuel,Martinez,Doctor 5,2023-03-29
P0494,Helen,Cooper,Doctor 127,2023-03-29
P0221,Eric,Brown,Doctor 101,2023-03-30
P0356,Joshua,Patel,Doctor 14,2023-03-30
P0366,Sharon,Campbell,Doctor 91,2023-03-30
P0381,Kathleen,Wright,Doctor 133,2023-03-30
P0464,Jacob,James,Doctor 23,2023-03-30
P0062,Stephen,Ruiz,Doctor 6,2023-03-31
P0103,Brian,Myers,Doctor 52,2023-03-31
P0117,Sarah,Edwards,Doctor 172,2023-03-31
P0463,Aaron,Gomez,Doctor 86,2023-03-31
P0013,Kenneth,Smith,Doctor 8,2023-04-01
P0087,William,Jackson,Doctor 70,2023-04-01
P0097,Jessica,Adams,Doctor 106,2023-04-01
P0104,Daniel,Hill,Doctor 102,2023-04-01
P0118,Virginia,Ramos,Doctor 184,2023-04-01
P0178,Sharon,Ortiz,Doctor 81,2023-04-01
P0299,Anthony,Chavez,Doctor 193,2023-04-01
P0371,Frank,Kim,Doctor 23,2023-04-01
P0487,Timothy,Gutierrez,Doctor 88,2023-04-01
P0043,Kevin,Gutierrez,Doctor 17,2023-04-02
P0063,Jessica,Gutierrez,Doctor 133,2023-04-02
P0088,Betty,Martin,Doctor 169,2023-04-02
P0133,Helen,Hill,Doctor 171,2023-04-02
P0169,Mary,Johnson,Doctor 123,2023-04-02
P0193,Christopher,Diaz,Doctor 7,2023-04-02
P0236,Susan,Williams,Doctor 56,2023-04-02
P0357,Helen,Harris,Doctor 2,2023-04-02
P0480,Joshua,Brown,Doctor 67,2023-04-02
P0063,Jessica,Gutierrez,Doctor 133,2023-04-03
P0134,Joseph,Hernandez,Doctor 133,2023-04-03
P0213,Deborah,Lewis,Doctor 158,2023-04-03
P0357,Helen,Harris,Doctor 2,2023-04-03
P0430,Jacob,Flores,Doctor 97,2023-04-03
P0457,Andrew,Murphy,Doctor 151,2023-04-03
P0468,Richard,Nguyen,Doctor 165,2023-04-03
P0004,Sandra,Wilson,Doctor 20,2023-04-04
P0015,Deborah,Mendoza,Doctor 85,2023-04-04
P0056,Joshua,Richardson,Doctor 148,2023-04-04
P0159,David,Jones,Doctor 27,2023-04-04
P0160,Barbara,Murphy,Doctor 128,2023-04-04
P0268,Kimberly,Mendoza,Doctor 157,2023-04-04
P0386,Barbara,Gonzalez,Doctor 106,2023-04-04
P0401,Kimberly,Nguyen,Doctor 14,2023-04-04
P0466,Jose,Thomas,Doctor 60,2023-04-04
P0047,Christopher,Clark,Doctor 200,2023-04-05
P0134,Joseph,Hernandez,Doctor 133,2023-04-05
P0255,Larry,Brown,Doctor 28,2023-04-05
P0295,Aaron,Edwards,Doctor 44,2023-04-05
P0374,Melissa,Martinez,Doctor 133,2023-04-05
P0481,Mark,Cook,Doctor 148,2023-04-05
P0140,Jerry,Kelly,Doctor 122,2023-04-06
P0183,Carol,Murphy,Doctor 43,2023-04-06
P0269,Amy,Alvarez,Doctor 155,2023-04-06
P0338,Richard,James,Doctor 119,2023-04-06
P0417,Ryan,Cruz,Doctor 193,2023-04-06
P0429,Laura,Baker,Doctor 192,2023-04-06
P0444,Betty,Perez,Doctor 124,2023-04-06
P0474,Helen,Scott,Doctor 77,2023-04-06
P0484,Sarah,Cox,Doctor 164,2023-04-06
P0009,Tyler,Cook,Doctor 91,2023-04-07
P0071,Carol,Hernandez,Doctor 167,2023-04-07
P0086,Nancy,Cooper,Doctor 73,2023-04-07
P0159,David,Jones,Doctor 27,2023-04-07
P0260,Sandra,Gonzalez,Doctor 112,2023-04-07
P0358,Carol,Cruz,Doctor 165,2023-04-07
P0412,Tyler,Young,Doctor 182,2023-04-07
P0456,Sharon,Martinez,Doctor 5,2023-04-07
P0008,Robert,Cox,Doctor 139,2023-04-08
P0100,Emma,Perez,Doctor 84,2023-04-08
P0108,Helen,Lewis,Doctor 28,2023-04-08
P0292,Patrick,Ramirez,Doctor 94,2023-04-08
P0359,Donna,Hernandez,Doctor 103,2023-04-08
P0496,Joseph,Ramirez,Doctor 91,2023-04-08
P0079,Kathleen,Ruiz,Doctor 66,2023-04-09
P0152,Jerry,Price,Doctor 149,2023-04-09
P0168,Karen,Chavez,Doctor 193,2023-04-09
P0273,Thomas,Jones,Doctor 49,2023-04-09
P0472,Kathleen,Scott,Doctor 125,2023-04-09
P0005,Rebecca,Taylor,Doctor 124,2023-04-10
P0059,Sarah,Reed,Doctor 12,2023-04-10
P0269,Amy,Alvarez,Doctor 155,2023-04-10
P0306,Eric,Hernandez,Doctor 42,2023-04-10
P0411,Michael,Wright,Doctor 63,2023-04-10
P0192,Kathleen,Bennett,Doctor 109,2023-04-11
P0320,Anthony,Alvarez,Doctor 53,2023-04-11
P0360,Matthew,Bennett,Doctor 200,2023-04-11
P0381,Kathleen,Wright,Doctor 133,2023-04-11
P0398,Brian,Ortiz,Doctor 44,2023-04-11
P0015,Deborah,Mendoza,Doctor 85,2023-04-12
P0018,Karen,Smith,Doctor 27,2023-04-12
P0102,Sandra,Watson,Doctor 58,2023-04-12
P0179,Jack,Collins,Doctor 86,2023-04-12
P0205,Laura,Garcia,Doctor 61,2023-04-12
P0223,Larry,Cruz,Doctor 103,2023-04-12
P0312,Joseph,Kim,Doctor 180,2023-04-12
P0345,Dorothy,Lee,Doctor 54,2023-04-12
P0372,Kenneth,Bennett,Doctor 106,2023-04-12
P0372,Kenneth,Bennett,Doctor 106,2023-04-12
P0471,Virginia,Wilson,Doctor 197,2023-04-12
P0496,Joseph,Ramirez,Doctor 91,2023-04-12
P0173,Laura,Gonzalez,Doctor 172,2023-04-13
P0200,Lisa,Mendoza,Doctor 134,2023-04-13
P0215,Amy,Phillips,Doctor 142,2023-04-13
P0226,Anna,Mendoza,Doctor 97,2023-04-13
P0276,Brian,White,Doctor 52,2023-04-13
P0396,Joseph,Harris,Doctor 135,2023-04-13
P0440,Cynthia,Kim,Doctor 159,2023-04-13
P0456,Sharon,Martinez,Doctor 5,2023-04-13
P0145,Christopher,Ramos,Doctor 189,2023-04-14
P0214,Lisa,Jackson,Doctor 54,2023-04-14
P0287,Thomas,Green,Doctor 62,2023-04-14
P0290,Donna,Anderson,Doctor 180,2023-04-14
P0298,Samuel,Anderson,Doctor 96,2023-04-14
P0401,Kimberly,Nguyen,Doctor 14,2023-04-14
P0428,Gary,Thompson,Doctor 112,2023-04-14
P0480,Joshua,Brown,Doctor 67,2023-04-14
P0017,Steven,Myers,Doctor 32,2023-04-15
P0144,Michelle,Lewis,Doctor 101,2023-04-15
P0161,Linda,Brooks,Doctor 48,2023-04-15
P0241,Stephen,Young,Doctor 192,2023-04-15
P0242,Betty,Chavez,Doctor 148,2023-04-15
P0453,Brian,Edwards,Doctor 93,2023-04-15
P0043,Kevin,Gutierrez,Doctor 17,2023-04-16
P0097,Jessica,Adams,Doctor 106,2023-04-16
P0202,Edward,Wood,Doctor 159,2023-04-16
P0284,Helen,Ortiz,Doctor 98,2023-04-16
P0334,Lisa,Reyes,Doctor 65,2023-04-16
P0381,Kathleen,Wright,Doctor 133,2023-04-16
P0439,Michelle,Moore,Doctor 64,2023-04-16
P0027,Richard,Collins,Doctor 55,2023-04-17
P0329,Benjamin,Morales,Doctor 87,2023-04-17
P0364,Barbara,Rivera,Doctor 152,2023-04-17
P0402,Jeffrey,Miller,Doctor 188,2023-04-17
P0420,Scott,Stewart,Doctor 84,2023-04-17
P0484,Sarah,Cox,Doctor 164,2023-04-17
P0053,David,Myers,Doctor 197,2023-04-18
P0189,Steven,Kelly,Doctor 98,2023-04-18
P0230,Sarah,Diaz,Doctor 27,2023-04-18
P0264,Sarah,Torres,Doctor 4,2023-04-18
P0302,Jacob,Cox,Doctor 46,2023-04-18
P0384,Kevin,Ortiz,Doctor 28,2023-04-18
P0397,Frank,Morgan,Doctor 59,2023-04-18
P0418,Melissa,Campbell,Doctor 170,2023-04-18
P0213,Deborah,Lewis,Doctor 158,2023-04-19
P0304,Karen,Gomez,Doctor 126,2023-04-19
P0359,Donna,Hernandez,Doctor 103,2023-04-19
P0373,Jessica,Turner,Doctor 144,2023-04-19
P0402,Jeffrey,Miller,Doctor 188,2023-04-19
P0011,Laura,Morgan,Doctor 181,2023-04-20
P0046,David,Morgan,Doctor 4,2023-04-20
P0124,Larry,Bennett,Doctor 13,2023-04-20
P0143,Joshua,Ward,Doctor 166,2023-04-20
P0229,Sharon,Hughes,Doctor 63,2023-04-20
P0268,Kimberly,Mendoza,Doctor 157,2023-04-20
P0270,Laura,Morales,Doctor 133,2023-04-20
P0351,Karen,Taylor,Doctor 142,2023-04-20
P0414,Kathleen,Watson,Doctor 123,2023-04-20
P0491,Rebecca,Cox,Doctor 82,2023-04-20
P0019,Nancy,Gutierrez,Doctor 160,2023-04-21
P0109,Angela,Carter,Doctor 147,2023-04-21
P0252,Linda,Lopez,Doctor 132,2023-04-21
P0411,Michael,Wright,Doctor 63,2023-04-21
P0455,Jessica,Hall,Doctor 157,2023-04-21
P0009,Tyler,Cook,Doctor 91,2023-04-22
P0015,Deborah,Mendoza,Doctor 85,2023-04-22
P0031,Anthony,Edwards,Doctor 182,2023-04-22
P0298,Samuel,Anderson,Doctor 96,2023-04-22
P0414,Kathleen,Watson,Doctor 123,2023-04-22
P0438,Karen,Jackson,Doctor 47,2023-04-22
P0497,Jose,White,Doctor 153,2023-04-22
P0088,Betty,Martin,Doctor 169,2023-04-23
P0093,John,Robinson,Doctor 200,2023-04-23
P0192,Kathleen,Bennett,Doctor 109,2023-04-23
P0209,Anthony,Martin,Doctor 178,2023-04-23
P0355,Gregory,Myers,Doctor 140,2023-04-23
P0004,Sandra,Wilson,Doctor 20,2023-04-24
P0004,Sandra,Wilson,Doctor 20,2023-04-24
P0115,Karen,Gray,Doctor 147,2023-04-24
P0118,Virginia,Ramos,Doctor 184,2023-04-24
P0149,Sharon,Harris,Doctor 48,2023-04-24
P0180,Ryan,Morris,Doctor 67,2023-04-24
P0279,Steven,Stewart,Doctor 196,2023-04-24
P0312,Joseph,Kim,Doctor 180,2023-04-24
P0336,Kevin,Baker,Doctor 98,2023-04-24
P0446,Thomas,Ramirez,Doctor 43,2023-04-24
P0037,Cynthia,Clark,Doctor 51,2023-04-25
P0232,Kathleen,Martinez,Doctor 2,2023-04-25
P0247,Jacob,Hall,Doctor 174,2023-04-25
P0324,Ryan,Carter,Doctor 133,2023-04-25
P0332,David,Morris,Doctor 66,2023-04-25
P0486,Nancy,Morgan,Doctor 29,2023-04-25
P0492,Sharon,Kim,Doctor 199,2023-04-25
P0499,Jonathan,Brown,Doctor 130,2023-04-25
P0038,Cynthia,Watson,Doctor 153,2023-04-26
P0072,Kathleen,Smith,Doctor 183,2023-04-26
P0210,Shirley,Wood,Doctor 169,2023-04-26
P0308,Matthew,Reed,Doctor 32,2023-04-26
P0464,Jacob,James,Doctor 23,2023-04-26
P0093,John,Robinson,Doctor 200,2023-04-27
P0244,Samuel,Martinez,Doctor 5,2023-04-27
P0250,Dorothy,Evans,Doctor 38,2023-04-27
P0316,Patricia,Brown,Doctor 36,2023-04-27
P0440,Cynthia,Kim,Doctor 159,2023-04-27
P0458,Deborah,Bailey,Doctor 75,2023-04-27
P0049,Nicholas,Miller,Doctor 117,2023-04-28
P0051,Daniel,Wood,Doctor 143,2023-04-28
P0128,Jessica,Thompson,Doctor 77,2023-04-28
P0256,Kathleen,Perez,Doctor 194,2023-04-28
P0262,Karen,Brooks,Doctor 175,2023-04-28
P0313,Steven,Carter,Doctor 196,2023-04-28
P0446,Thomas,Ramirez,Doctor 43,2023-04-28
P0467,Amy,Hughes,Doctor 112,2023-04-28
P0057,Scott,Ward,Doctor 146,2023-04-29
P0111,Jack,Reyes,Doctor 153,2023-04-29
P0178,Sharon,Ortiz,Doctor 81,2023-04-29
P0181,Linda,Taylor,Doctor 86,2023-04-29
P0259,Donna,Sanders,Doctor 115,2023-04-29
P0348,Mark,Price,Doctor 57,2023-04-29
P0442,Sarah,Peterson,Doctor 96,2023-04-29
P0001,Karen,Cooper,Doctor 155,2023-04-30
P0153,Linda,Bennett,Doctor 159,2023-04-30
P0296,Jason,Chavez,Doctor 106,2023-04-30
P0332,David,Morris,Doctor 66,2023-04-30
P0420,Scott,Stewart,Doctor 84,2023-04-30
P0447,Deborah,Moore,Doctor 6,2023-04-30
P0498,Kathleen,Green,Doctor 170,2023-04-30
P0012,John,Ortiz,Doctor 116,2023-05-01
P0035,Elizabeth,Cooper,Doctor 69,2023-05-01
P0056,Joshua,Richardson,Doctor 148,2023-05-01
P0177,Lisa,Morgan,Doctor 38,2023-05-01
P0297,Angela,Reed,Doctor 101,2023-05-01
P0402,Jeffrey,Miller,Doctor 188,2023-05-01
P0405,Donna,Diaz,Doctor 138,2023-05-01
P0488,Dennis,Walker,Doctor 57,2023-05-01
P0051,Daniel,Wood,Doctor 143,2023-05-02
P0096,Deborah,Price,Doctor 154,2023-05-02
P0099,Kathleen,King,Doctor 188,2023-05-02
P0179,Jack,Collins,Doctor 86,2023-05-02
P0192,Kathleen,Bennett,Doctor 109,2023-05-02
P0228,Matthew,Watson,Doctor 51,2023-05-02
P0246,Joseph,Howard,Doctor 18,2023-05-02
P0171,Christopher,Campbell,Doctor 58,2023-05-03
P0068,Elizabeth,Jackson,Doctor 148,2023-05-04
P0102,Sandra,Watson,Doctor 58,2023-05-04
P0124,Larry,Bennett,Doctor 13,2023-05-04
P0241,Stephen,Young,Doctor 192,2023-05-04
P0282,Edward,Davis,Doctor 62,2023-05-04
P0339,Ruth,Ortiz,Doctor 25,2023-05-04
P0109,Angela,Carter,Doctor 147,2023-05-05
P0119,Donna,Reed,Doctor 181,2023-05-05
P0209,Anthony,Martin,Doctor 178,2023-05-05
P0268,Kimberly,Mendoza,Doctor 157,2023-05-05
P0454,Linda,Sanders,Doctor 196,2023-05-05
P0471,Virginia,Wilson,Doctor 197,2023-05-05
P0030,Donna,Ruiz,Doctor 38,2023-05-06
P0115,Karen,Gray,Doctor 147,2023-05-06
P0200,Lisa,Mendoza,Doctor 134,2023-05-06
P0427,Emma,Martinez,Doctor 85,2023-05-06
P0010,Ronald,Price,Doctor 115,2023-05-07
P0014,Jason,Hernandez,Doctor 20,2023-05-07
P0050,Amy,Harris,Doctor 28,2023-05-07
P0054,Jacob,Walker,Doctor 179,2023-05-07
P0055,Kevin,Campbell,Doctor 150,2023-05-07
P0089,Lisa,Patel,Doctor 7,2023-05-07
P0123,Gregory,Roberts,Doctor 3,2023-05-07
P0146,David,Hughes,Doctor 91,2023-05-07
P0189,Steven,Kelly,Doctor 98,2023-05-07
P0216,Barbara,Torres,Doctor 12,2023-05-07
P0307,Emma,Gutierrez,Doctor 134,2023-05-07
P0390,Jacob,Wood,Doctor 10,2023-05-07
P0489,Jeffrey,Smith,Doctor 86,2023-05-07
P0032,Melissa,Clark,Doctor 107,2023-05-08
P0050,Amy,Harris,Doctor 28,2023-05-08
P0089,Lisa,Patel,Doctor 7,2023-05-08
P0099,Kathleen,King,Doctor 188,2023-05-08
P0344,Brian,Chavez,Doctor 178,2023-05-08
P0417,Ryan,Cruz,Doctor 193,2023-05-08
P0451,Emma,Ramirez,Doctor 39,2023-05-08
P0464,Jacob,James,Doctor 23,2023-05-08
P0005,Rebecca,Taylor,Doctor 124,2023-05-09
P0193,Christopher,Diaz,Doctor 7,2023-05-09
P0245,Linda,Thomas,Doctor 116,2023-05-09
P0276,Brian,White,Doctor 52,2023-05-09
P0340,Robert,Rivera,Doctor 131,2023-05-09
P0452,Brandon,Parker,Doctor 10,2023-05-09
P0057,Scott,Ward,Doctor 146,2023-05-10
P0071,Carol,Hernandez,Doctor 167,2023-05-10
P0180,Ryan,Morris,Doctor 67,2023-05-10
P0209,Anthony,Martin,Doctor 178,2023-05-10
P0413,Tyler,Garcia,Doctor 19,2023-05-10
P0421,Larry,Lewis,Doctor 14,2023-05-10
P0465,James,Collins,Doctor 103,2023-05-10
P0491,Rebecca,Cox,Doctor 82,2023-05-10
P0003,Kimberly,Anderson,Doctor 159,2023-05-11
P0244,Samuel,Martinez,Doctor 5,2023-05-11
P0271,Jessica,James,Doctor 106,2023-05-11
P0468,Richard,Nguyen,Doctor 165,2023-05-11
P0015,Deborah,Mendoza,Doctor 85,2023-05-12
P0128,Jessica,Thompson,Doctor 77,2023-05-12
P0139,Karen,Torres,Doctor 173,2023-05-12
P0493,Brenda,Watson,Doctor 45,2023-05-12
P0108,Helen,Lewis,Doctor 28,2023-05-13
P0203,Virginia,Baker,Doctor 17,2023-05-13
P0290,Donna,Anderson,Doctor 180,2023-05-13
P0423,Jose,Robinson,Doctor 145,2023-05-13
P0428,Gary,Thompson,Doctor 112,2023-05-13
P0498,Kathleen,Green,Doctor 170,2023-05-13
P0058,Karen,White,Doctor 18,2023-05-14
P0058,Karen,White,Doctor 18,2023-05-14
P0111,Jack,Reyes,Doctor 153,2023-05-14
P0112,Stephen,Lee,Doctor 152,2023-05-14
P0174,Anna,Edwards,Doctor 192,2023-05-14
P0252,Linda,Lopez,Doctor 132,2023-05-14
P0294,Carol,Gray,Doctor 124,2023-05-14
P0316,Patricia,Brown,Doctor 36,2023-05-14
P0328,Frank,Smith,Doctor 104,2023-05-14
P0341,Jason,Alvarez,Doctor 170,2023-05-14
P0371,Frank,Kim,Doctor 23,2023-05-14
P0426,Gary,Torres,Doctor 12,2023-05-14
P0483,William,James,Doctor 58,2023-05-14
P0492,Sharon,Kim,Doctor 199,2023-05-14
P0129,Charles,Clark,Doctor 40,2023-05-15
P0315,Carol,Williams,Doctor 169,2023-05-15
P0476,Robert,Cruz,Doctor 143,2023-05-15
P0478,Christopher,Martin,Doctor 41,2023-05-15
P0491,Rebecca,Cox,Doctor 82,2023-05-15
P0498,Kathleen,Green,Doctor 170,2023-05-15
P0118,Virginia,Ramos,Doctor 184,2023-05-16
P0188,Andrew,Kim,Doctor 80,2023-05-16
P0323,Gary,Miller,Doctor 110,2023-05-16
P0332,David,Morris,Doctor 66,2023-05-16
P0382,Donna,Cook,Doctor 62,2023-05-16
P0400,Mary,Baker,Doctor 164,2023-05-16
P0421,Larry,Lewis,Doctor 14,2023-05-16
P0435,Amy,Price,Doctor 51,2023-05-16
P0456,Sharon,Martinez,Doctor 5,2023-05-16
P0240,Kenneth,Garcia,Doctor 51,2023-05-17
P0265,Sharon,Patel,Doctor 192,2023-05-17
P0309,Brian,Johnson,Doctor 165,2023-05-17
P0370,Larry,Ramos,Doctor 147,2023-05-17
P0377,Sharon,Gutierrez,Doctor 66,2023-05-17
P0417,Ryan,Cruz,Doctor 193,2023-05-17
P0484,Sarah,Cox,Doctor 164,2023-05-17
P0494,Helen,Cooper,Doctor 127,2023-05-17
P0495,John,Bailey,Doctor 61,2023-05-17
P0067,David,Moore,Doctor 7,2023-05-18
P0072,Kathleen,Smith,Doctor 183,2023-05-18
P0283,Joseph,Cox,Doctor 191,2023-05-18
P0310,Joshua,Hernandez,Doctor 12,2023-05-18
P0381,Kathleen,Wright,Doctor 133,2023-05-18
P0453,Brian,Edwards,Doctor 93,2023-05-18
P0482,Christopher,Rodriguez,Doctor 94,2023-05-18
P0219,Michelle,Ward,Doctor 182,2023-05-19
P0287,Thomas,Green,Doctor 62,2023-05-19
P0313,Steven,Carter,Doctor 196,2023-05-19
P0333,Aaron,Rodriguez,Doctor 109,2023-05-19
P0352,Dorothy,Baker,Doctor 187,2023-05-19
P0353,Alexander,Adams,Doctor 4,2023-05-19
P0391,Steven,Martin,Doctor 14,2023-05-19
P0430,Jacob,Flores,Doctor 97,2023-05-19
P0031,Anthony,Edwards,Doctor 182,2023-05-20
P0044,Jack,Allen,Doctor 169,2023-05-20
P0259,Donna,Sanders,Doctor 115,2023-05-20
P0269,Amy,Alvarez,Doctor 155,2023-05-20
P0291,Carol,Johnson,Doctor 59,2023-05-20
P0443,Scott,Roberts,Doctor 99,2023-05-20
P0052,Brenda,Price,Doctor 32,2023-05-21
P0058,Karen,White,Doctor 18,2023-05-21
P0060,Richard,Brown,Doctor 139,2023-05-21
P0168,Karen,Chavez,Doctor 193,2023-05-21
P0182,Matthew,Wood,Doctor 101,2023-05-21
P0339,Ruth,Ortiz,Doctor 25,2023-05-21
P0142,Patrick,Ward,Doctor 143,2023-05-22
P0227,Thomas,Garcia,Doctor 182,2023-05-22
P0228,Matthew,Watson,Doctor 51,2023-05-22
P0359,Donna,Hernandez,Doctor 103,2023-05-22
P0365,Kenneth,Hughes,Doctor 45,2023-05-22
P0019,Nancy,Gutierrez,Doctor 160,2023-05-23
P0023,Donna,Scott,Doctor 167,2023-05-23
P0110,Laura,Castillo,Doctor 127,2023-05-23
P0117,Sarah,Edwards,Doctor 172,2023-05-23
P0132,Aaron,Jackson,Doctor 120,2023-05-23
P0226,Anna,Mendoza,Doctor 97,2023-05-23
P0239,Betty,Bailey,Doctor 83,2023-05-23
P0378,Andrew,Watson,Doctor 50,2023-05-23
P0203,Virginia,Baker,Doctor 17,2023-05-24
P0240,Kenneth,Garcia,Doctor 51,2023-05-24
P0207,Joseph,Evans,Doctor 25,2023-05-25
P0296,Jason,Chavez,Doctor 106,2023-05-25
P0319,Patrick,Howard,Doctor 144,2023-05-25
P0320,Anthony,Alvarez,Doctor 53,2023-05-25
P0462,Shirley,Ruiz,Doctor 107,2023-05-25
P0475,Jason,Wood,Doctor 16,2023-05-25
P0495,John,Bailey,Doctor 61,2023-05-25
P0021,Shirley,Robinson,Doctor 58,2023-05-26
P0076,Jessica,Young,Doctor 196,2023-05-26
P0083,Sarah,Mitchell,Doctor 118,2023-05-26
P0194,Carol,Martin,Doctor 180,2023-05-26
P0208,Jessica,Phillips,Doctor 90,2023-05-26
P0244,Samuel,Martinez,Doctor 5,2023-05-26
P0396,Joseph,Harris,Doctor 135,2023-05-26
P0442,Sarah,Peterson,Doctor 96,2023-05-26
P0048,Donna,Peterson,Doctor 134,2023-05-27
P0162,Joseph,Davis,Doctor 77,2023-05-27
P0194,Carol,Martin,Doctor 180,2023-05-27
P0211,John,Murphy,Doctor 43,2023-05-27
P0211,John,Murphy,Doctor 43,2023-05-27
P0325,Jennifer,Phillips,Doctor 152,2023-05-27
P0043,Kevin,Gutierrez,Doctor 17,2023-05-28
P0078,Donald,Jones,Doctor 196,2023-05-28
P0180,Ryan,Morris,Doctor 67,2023-05-28
P0241,Stephen,Young,Doctor 192,2023-05-28
P0253,Jason,Brown,Doctor 20,2023-05-28
P0333,Aaron,Rodriguez,Doctor 109,2023-05-28
P0408,Timothy,King,Doctor 107,2023-05-28
P0422,Robert,Allen,Doctor 101,2023-05-28
P0465,James,Collins,Doctor 103,2023-05-28
P0111,Jack,Reyes,Doctor 153,2023-05-29
P0117,Sarah,Edwards,Doctor 172,2023-05-29
P0120,Melissa,Perez,Doctor 62,2023-05-29
P0170,Sarah,Hall,Doctor 9,2023-05-29
P0234,Ruth,Miller,Doctor 197,2023-05-29
P0388,Sandra,Kim,Doctor 77,2023-05-29
P0465,James,Collins,Doctor 103,2023-05-29
P0478,Christopher,Martin,Doctor 41,2023-05-29
P0045,Kevin,Lopez,Doctor 25,2023-05-30
P0135,Mary,Williams,Doctor 99,2023-05-30
P0196,Sarah,Morales,Doctor 137,2023-05-30
P0250,Dorothy,Evans,Doctor 38,2023-05-30
P0312,Joseph,Kim,Doctor 180,2023-05-30
P0402,Jeffrey,Miller,Doctor 188,2023-05-30
P0476,Robert,Cruz,Doctor 143,2023-05-30
P0008,Robert,Cox,Doctor 139,2023-05-31
P0032,Melissa,Clark,Doctor 107,2023-05-31
P0045,Kevin,Lopez,Doctor 25,2023-05-31
P0113,Susan,Evans,Doctor 56,2023-05-31
P0124,Larry,Bennett,Doctor 13,2023-05-31
P0154,Emma,Baker,Doctor 68,2023-05-31
P0282,Edward,Davis,Doctor 62,2023-05-31
P0286,Joseph,Murphy,Doctor 115,2023-05-31
P0483,William,James,Doctor 58,2023-05-31
P0484,Sarah,Cox,Doctor 164,2023-05-31
P0009,Tyler,Cook,Doctor 91,2023-06-01
P0075,Charles,Harris,Doctor 128,2023-06-01
P0126,Jessica,Cook,Doctor 159,2023-06-01
P0183,Carol,Murphy,Doctor 43,2023-06-01
P0220,Steven,Rogers,Doctor 49,2023-06-01
P0250,Dorothy,Evans,Doctor 38,2023-06-01
P0344,Brian,Chavez,Doctor 178,2023-06-01
P0445,Michael,Carter,Doctor 104,2023-06-01
P0151,Helen,Adams,Doctor 108,2023-06-02
P0284,Helen,Ortiz,Doctor 98,2023-06-02
P0337,Deborah,Clark,Doctor 179,2023-06-02
P0084,Aaron,Morris,Doctor 11,2023-06-03
P0103,Brian,Myers,Doctor 52,2023-06-03
P0104,Daniel,Hill,Doctor 102,2023-06-03
P0201,Raymond,Parker,Doctor 87,2023-06-03
P0300,Kevin,Cook,Doctor 162,2023-06-03
P0395,Karen,Green,Doctor 155,2023-06-03
P0413,Tyler,Garcia,Doctor 19,2023-06-03
P0453,Brian,Edwards,Doctor 93,2023-06-03
P0484,Sarah,Cox,Doctor 164,2023-06-03
P0136,Jonathan,Cook,Doctor 32,2023-06-04
P0294,Carol,Gray,Doctor 124,2023-06-04
P0473,Sharon,Flores,Doctor 172,2023-06-04
P0065,James,Kelly,Doctor 71,2023-06-05
P0188,Andrew,Kim,Doctor 80,2023-06-05
P0267,Patrick,Harris,Doctor 178,2023-06-05
P0329,Benjamin,Morales,Doctor 87,2023-06-05
P0443,Scott,Roberts,Doctor 99,2023-06-05
P0018,Karen,Smith,Doctor 27,2023-06-06
P0078,Donald,Jones,Doctor 196,2023-06-06
P0115,Karen,Gray,Doctor 147,2023-06-06
P0149,Sharon,Harris,Doctor 48,2023-06-06
P0208,Jessica,Phillips,Doctor 90,2023-06-06
P0239,Betty,Bailey,Doctor 83,2023-06-06
P0349,Nancy,Clark,Doctor 67,2023-06-06
P0473,Sharon,Flores,Doctor 172,2023-06-06
P0087,William,Jackson,Doctor 70,2023-06-07
P0379,Anthony,Gomez,Doctor 170,2023-06-07
P0436,Helen,White,Doctor 83,2023-06-07
P0439,Michelle,Moore,Doctor 64,2023-06-07
P0460,Scott,Gonzalez,Doctor 27,2023-06-07
P0069,Kimberly,Reyes,Doctor 105,2023-06-08
P0105,Kenneth,Thompson,Doctor 180,2023-06-08
P0182,Matthew,Wood,Doctor 101,2023-06-08
P0205,Laura,Garcia,Doctor 61,2023-06-08
P0212,William,Gray,Doctor 130,2023-06-08
P0219,Michelle,Ward,Doctor 182,2023-06-08
P0279,Steven,Stewart,Doctor 196,2023-06-08
P0279,Steven,Stewart,Doctor 196,2023-06-08
P0425,Lisa,Martin,Doctor 66,2023-06-08
P0203,Virginia,Baker,Doctor 17,2023-06-09
P0443,Scott,Roberts,Doctor 99,2023-06-09
P0285,Thomas,Castillo,Doctor 116,2023-06-10
P0331,Nancy,Carter,Doctor 13,2023-06-10
P0382,Donna,Cook,Doctor 62,2023-06-10
P0467,Amy,Hughes,Doctor 112,2023-06-10
P0009,Tyler,Cook,Doctor 91,2023-06-11
P0011,Laura,Morgan,Doctor 181,2023-06-11
P0044,Jack,Allen,Doctor 169,2023-06-11
P0055,Kevin,Campbell,Doctor 150,2023-06-11
P0215,Amy,Phillips,Doctor 142,2023-06-11
P0307,Emma,Gutierrez,Doctor 134,2023-06-11
P0324,Ryan,Carter,Doctor 133,2023-06-11
P0380,Amy,Howard,Doctor 104,2023-06-11
P0024,Donna,Rodriguez,Doctor 67,2023-06-12
P0048,Donna,Peterson,Doctor 134,2023-06-12
P0143,Joshua,Ward,Doctor 166,2023-06-12
P0219,Michelle,Ward,Doctor 182,2023-06-12
P0225,David,Taylor,Doctor 152,2023-06-12
P0251,Lisa,Bailey,Doctor 158,2023-06-12
P0431,Nicholas,Rogers,Doctor 68,2023-06-12
P0032,Melissa,Clark,Doctor 107,2023-06-13
P0174,Anna,Edwards,Doctor 192,2023-06-13
P0253,Jason,Brown,Doctor 20,2023-06-13
P0303,Edward,Phillips,Doctor 6,2023-06-13
P0335,David,Morales,Doctor 134,2023-06-13
P0450,Jessica,Morris,Doctor 10,2023-06-13
P0452,Brandon,Parker,Doctor 10,2023-06-13
P0481,Mark,Cook,Doctor 148,2023-06-13
P0059,Sarah,Reed,Doctor 12,2023-06-14
P0081,Brian,Taylor,Doctor 24,2023-06-14
P0141,Laura,Richardson,Doctor 115,2023-06-15
P0323,Gary,Miller,Doctor 110,2023-06-15
P0347,Karen,Anderson,Doctor 120,2023-06-15
P0365,Kenneth,Hughes,Doctor 45,2023-06-15
P0484,Sarah,Cox,Doctor 164,2023-06-15
P0002,Nancy,White,Doctor 21,2023-06-16
P0123,Gregory,Roberts,Doctor 3,2023-06-16
P0207,Joseph,Evans,Doctor 25,2023-06-16
P0211,John,Murphy,Doctor 43,2023-06-16
P0298,Samuel,Anderson,Doctor 96,2023-06-16
P0406,Michael,Anderson,Doctor 133,2023-06-16
P0424,Matthew,Sanders,Doctor 59,2023-06-16
P0450,Jessica,Morris,Doctor 10,2023-06-16
P0451,Emma,Ramirez,Doctor 39,2023-06-16
P0470,Jason,Williams,Doctor 131,2023-06-16
P0488,Dennis,Walker,Doctor 57,2023-06-16
P0178,Sharon,Ortiz,Doctor 81,2023-06-17
P0221,Eric,Brown,Doctor 101,2023-06-17
P0233,Lisa,Cox,Doctor 102,2023-06-17
P0386,Barbara,Gonzalez,Doctor 106,2023-06-17
P0427,Emma,Martinez,Doctor 85,2023-06-17
P0195,Deborah,Hughes,Doctor 135,2023-06-18
P0202,Edward,Wood,Doctor 159,2023-06-18
P0286,Joseph,Murphy,Doctor 115,2023-06-18
P0401,Kimberly,Nguyen,Doctor 14,2023-06-18
P0455,Jessica,Hall,Doctor 157,2023-06-18
P0494,Helen,Cooper,Doctor 127,2023-06-18
P0014,Jason,Hernandez,Doctor 20,2023-06-19
P0080,James,Davis,Doctor 102,2023-06-19
P0416,Gary,Robinson,Doctor 150,2023-06-19
P0463,Aaron,Gomez,Doctor 86,2023-06-19
P0060,Richard,Brown,Doctor 139,2023-06-20
P0166,Larry,Hughes,Doctor 6,2023-06-20
P0224,Kevin,Cooper,Doctor 128,2023-06-20
P0321,Jerry,Jones,Doctor 112,2023-06-20
P0325,Jennifer,Phillips,Doctor 152,2023-06-20
P0337,Deborah,Clark,Doctor 179,2023-06-20
P0066,Jennifer,Hernandez,Doctor 40,2023-06-21
P0102,Sandra,Watson,Doctor 58,2023-06-21
P0184,Rebecca,White,Doctor 106,2023-06-21
P0195,Deborah,Hughes,Doctor 135,2023-06-21
P0261,Robert,Gomez,Doctor 115,2023-06-21
P0363,Ronald,Kelly,Doctor 14,2023-06-21
P0407,Betty,Edwards,Doctor 199,2023-06-21
P0423,Jose,Robinson,Doctor 145,2023-06-21
P0470,Jason,Williams,Doctor 131,2023-06-21
P0133,Helen,Hill,Doctor 171,2023-06-22
P0150,Gregory,Phillips,Doctor 186,2023-06-22
P0161,Linda,Brooks,Doctor 48,2023-06-22
P0169,Mary,Johnson,Doctor 123,2023-06-22
P0232,Kathleen,Martinez,Doctor 2,2023-06-22
P0347,Karen,Anderson,Doctor 120,2023-06-22
P0492,Sharon,Kim,Doctor 199,2023-06-22
P0094,Samuel,Hill,Doctor 193,2023-06-23
P0237,Jeffrey,Morales,Doctor 50,2023-06-23
P0301,Deborah,Allen,Doctor 180,2023-06-23
P0446,Thomas,Ramirez,Doctor 43,2023-06-23
P0460,Scott,Gonzalez,Doctor 27,2023-06-23
P0018,Karen,Smith,Doctor 27,2023-06-24
P0257,Helen,Ward,Doctor 192,2023-06-24
P0362,Scott,Alvarez,Doctor 38,2023-06-24
P0409,Patricia,Stewart,Doctor 197,2023-06-24
P0414,Kathleen,Watson,Doctor 123,2023-06-24
P0040,Ruth,Sanchez,Doctor 110,2023-06-25
P0086,Nancy,Cooper,Doctor 73,2023-06-25
P0094,Samuel,Hill,Doctor 193,2023-06-25
P0137,Patrick,Gray,Doctor 120,2023-06-25
P0254,Brian,Ramos,Doctor 150,2023-06-25
P0494,Helen,Cooper,Doctor 127,2023-06-25
P0051,Daniel,Wood,Doctor 143,2023-06-26
P0199,Larry,Rodriguez,Doctor 19,2023-06-26
P0261,Robert,Gomez,Doctor 115,2023-06-26
P0378,Andrew,Watson,Doctor 50,2023-06-26
P0002,Nancy,White,Doctor 21,2023-06-27
P0110,Laura,Castillo,Doctor 127,2023-06-27
P0256,Kathleen,Perez,Doctor 194,2023-06-27
P0275,Elizabeth,Castillo,Doctor 1,2023-06-27
P0046,David,Morgan,Doctor 4,2023-06-28
P0081,Brian,Taylor,Doctor 24,2023-06-28
P0104,Daniel,Hill,Doctor 102,2023-06-28
P0139,Karen,Torres,Doctor 173,2023-06-28
P0183,Carol,Murphy,Doctor 43,2023-06-28
P0191,Virginia,Parker,Doctor 26,2023-06-28
P0296,Jason,Chavez,Doctor 106,2023-06-28
P0318,Sarah,Thompson,Doctor 181,2023-06-28
P0378,Andrew,Watson,Doctor 50,2023-06-28
P0400,Mary,Baker,Doctor 164,2023-06-28
P0475,Jason,Wood,Doctor 16,2023-06-28
P0061,Melissa,Gonzalez,Doctor 80,2023-06-29
P0110,Laura,Castillo,Doctor 127,2023-06-29
P0155,Helen,Lopez,Doctor 196,2023-06-29
P0196,Sarah,Morales,Doctor 137,2023-06-29
P0216,Barbara,Torres,Doctor 12,2023-06-29
P0223,Larry,Cruz,Doctor 103,2023-06-29
P0234,Ruth,Miller,Doctor 197,2023-06-29
P0264,Sarah,Torres,Doctor 4,2023-06-29
P0266,Christopher,Baker,Doctor 113,2023-06-29
P0301,Deborah,Allen,Doctor 180,2023-06-29
P0329,Benjamin,Morales,Doctor 87,2023-06-29
P0369,Ruth,Chavez,Doctor 158,2023-06-29
P0399,Kimberly,Roberts,Doctor 168,2023-06-29
P0099,Kathleen,King,Doctor 188,2023-06-30
P0227,Thomas,Garcia,Doctor 182,2023-06-30
P0252,Linda,Lopez,Doctor 132,2023-06-30
P0428,Gary,Thompson,Doctor 112,2023-06-30
P0472,Kathleen,Scott,Doctor 125,2023-06-30
P0066,Jennifer,Hernandez,Doctor 40,2023-07-01
P0094,Samuel,Hill,Doctor 193,2023-07-01
P0188,Andrew,Kim,Doctor 80,2023-07-01
P0391,Steven,Martin,Doctor 14,2023-07-01
P0429,Laura,Baker,Doctor 192,2023-07-01
P0210,Shirley,Wood,Doctor 169,2023-07-02
P0257,Helen,Ward,Doctor 192,2023-07-02
P0281,George,Peterson,Doctor 142,2023-07-02
P0300,Kevin,Cook,Doctor 162,2023-07-02
P0339,Ruth,Ortiz,Doctor 25,2023-07-02
P0036,Alexander,Stewart,Doctor 191,2023-07-03
P0039,Samuel,Baker,Doctor 73,2023-07-03
P0111,Jack,Reyes,Doctor 153,2023-07-03
P0135,Mary,Williams,Doctor 99,2023-07-03
P0234,Ruth,Miller,Doctor 197,2023-07-03
P0243,Gary,Gutierrez,Doctor 183,2023-07-03
P0260,Sandra,Gonzalez,Doctor 112,2023-07-03
P0441,Deborah,Anderson,Doctor 47,2023-07-03
P0127,Scott,Mitchell,Doctor 144,2023-07-04
P0186,Robert,Robinson,Doctor 107,2023-07-04
P0189,Steven,Kelly,Doctor 98,2023-07-04
P0248,Robert,Ruiz,Doctor 143,2023-07-04
P0305,Rebecca,Stewart,Doctor 59,2023-07-04
P0316,Patricia,Brown,Doctor 36,2023-07-04
P0320,Anthony,Alvarez,Doctor 53,2023-07-04
P0120,Melissa,Perez,Doctor 62,2023-07-05
P0127,Scott,Mitchell,Doctor 144,2023-07-05
P0145,Christopher,Ramos,Doctor 189,2023-07-05
P0310,Joshua,Hernandez,Doctor 12,2023-07-05
P0311,Nicholas,Stewart,Doctor 196,2023-07-05
P0330,Linda,Hill,Doctor 37,2023-07-05
P0353,Alexander,Adams,Doctor 4,2023-07-05
P0355,Gregory,Myers,Doctor 140,2023-07-05
P0376,Michelle,Gonzalez,Doctor 3,2023-07-05
P0409,Patricia,Stewart,Doctor 197,2023-07-05
P0438,Karen,Jackson,Doctor 47,2023-07-05
P0442,Sarah,Peterson,Doctor 96,2023-07-05
P0044,Jack,Allen,Doctor 169,2023-07-06
P0220,Steven,Rogers,Doctor 49,2023-07-06
P0241,Stephen,Young,Doctor 192,2023-07-06
P0345,Dorothy,Lee,Doctor 54,2023-07-06
P0416,Gary,Robinson,Doctor 150,2023-07-06
P0486,Nancy,Morgan,Doctor 29,2023-07-06
P0137,Patrick,Gray,Doctor 120,2023-07-07
P0153,Linda,Bennett,Doctor 159,2023-07-07
P0157,Brenda,Gray,Doctor 139,2023-07-07
P0191,Virginia,Parker,Doctor 26,2023-07-07
P0324,Ryan,Carter,Doctor 133,2023-07-07
P0325,Jennifer,Phillips,Doctor 152,2023-07-07
P0381,Kathleen,Wright,Doctor 133,2023-07-07
P0448,Thomas,Chavez,Doctor 148,2023-07-07
P0062,Stephen,Ruiz,Doctor 6,2023-07-08
P0229,Sharon,Hughes,Doctor 63,2023-07-08
P0404,Anthony,Cook,Doctor 198,2023-07-08
P0436,Helen,White,Doctor 83,2023-07-08
P0052,Brenda,Price,Doctor 32,2023-07-09
P0058,Karen,White,Doctor 18,2023-07-09
P0275,Elizabeth,Castillo,Doctor 1,2023-07-09
P0305,Rebecca,Stewart,Doctor 59,2023-07-09
P0387,Sharon,Morris,Doctor 110,2023-07-09
P0467,Amy,Hughes,Doctor 112,2023-07-09
P0013,Kenneth,Smith,Doctor 8,2023-07-10
P0061,Melissa,Gonzalez,Doctor 80,2023-07-10
P0090,Larry,Sanchez,Doctor 143,2023-07-10
P0222,Sarah,Watson,Doctor 106,2023-07-10
P0489,Jeffrey,Smith,Doctor 86,2023-07-10
P0170,Sarah,Hall,Doctor 9,2023-07-11
P0259,Donna,Sanders,Doctor 115,2023-07-11
P0446,Thomas,Ramirez,Doctor 43,2023-07-11
P0064,Jack,Rivera,Doctor 102,2023-07-12
P0073,Mary,Thompson,Doctor 44,2023-07-12
P0288,Dennis,Kim,Doctor 143,2023-07-12
P0389,Nicholas,Collins,Doctor 129,2023-07-12
P0396,Joseph,Harris,Doctor 135,2023-07-12
P0407,Betty,Edwards,Doctor 199,2023-07-12
P0418,Melissa,Campbell,Doctor 170,2023-07-12
P0432,Kathleen,James,Doctor 32,2023-07-12
P0122,Jose,Sanchez,Doctor 135,2023-07-13
P0142,Patrick,Ward,Doctor 143,2023-07-13
P0148,John,Cruz,Doctor 183,2023-07-13
P0249,Sarah,Wright,Doctor 150,2023-07-13
P0258,Kevin,Torres,Doctor 25,2023-07-13
P0296,Jason,Chavez,Doctor 106,2023-07-13
P0473,Sharon,Flores,Doctor 172,2023-07-13
P0494,Helen,Cooper,Doctor 127,2023-07-13
P0007,Lisa,Brooks,Doctor 41,2023-07-14
P0024,Donna,Rodriguez,Doctor 67,2023-07-14
P0109,Angela,Carter,Doctor 147,2023-07-14
P0150,Gregory,Phillips,Doctor 186,2023-07-14
P0183,Carol,Murphy,Doctor 43,2023-07-14
P0191,Virginia,Parker,Doctor 26,2023-07-14
P0293,Robert,Stewart,Doctor 25,2023-07-14
P0376,Michelle,Gonzalez,Doctor 3,2023-07-14
P0481,Mark,Cook,Doctor 148,2023-07-14
P0483,William,James,Doctor 58,2023-07-14
P0491,Rebecca,Cox,Doctor 82,2023-07-14
P0005,Rebecca,Taylor,Doctor 124,2023-07-15
P0020,James,Gray,Doctor 133,2023-07-15
P0109,Angela,Carter,Doctor 147,2023-07-15
P0171,Christopher,Campbell,Doctor 58,2023-07-15
P0247,Jacob,Hall,Doctor 174,2023-07-15
P0354,Lisa,Gonzalez,Doctor 175,2023-07-15
P0040,Ruth,Sanchez,Doctor 110,2023-07-16
P0042,Kenneth,Torres,Doctor 22,2023-07-16
P0125,Susan,Moore,Doctor 47,2023-07-16
P0177,Lisa,Morgan,Doctor 38,2023-07-16
P0312,Joseph,Kim,Doctor 180,2023-07-16
P0343,Karen,Garcia,Doctor 148,2023-07-16
P0368,Donna,Martinez,Doctor 163,2023-07-16
P0016,Sarah,Roberts,Doctor 23,2023-07-17
P0080,James,Davis,Doctor 102,2023-07-17
P0094,Samuel,Hill,Doctor 193,2023-07-17
P0133,Helen,Hill,Doctor 171,2023-07-17
P0134,Joseph,Hernandez,Doctor 133,2023-07-17
P0136,Jonathan,Cook,Doctor 32,2023-07-17
P0179,Jack,Collins,Doctor 86,2023-07-17
P0185,Laura,Cooper,Doctor 34,2023-07-17
P0194,Carol,Martin,Doctor 180,2023-07-17
P0240,Kenneth,Garcia,Doctor 51,2023-07-17
P0291,Carol,Johnson,Doctor 59,2023-07-17
P0297,Angela,Reed,Doctor 101,2023-07-17
P0375,Rebecca,Flores,Doctor 66,2023-07-17
P0418,Melissa,Campbell,Doctor 170,2023-07-17
P0453,Brian,Edwards,Doctor 93,2023-07-17
P0472,Kathleen,Scott,Doctor 125,2023-07-17
P0475,Jason,Wood,Doctor 16,2023-07-17
P0488,Dennis,Walker,Doctor 57,2023-07-17
P0106,Justin,White,Doctor 47,2023-07-18
P0120,Melissa,Perez,Doctor 62,2023-07-18
P0150,Gregory,Phillips,Doctor 186,2023-07-18
P0179,Jack,Collins,Doctor 86,2023-07-18
P0223,Larry,Cruz,Doctor 103,2023-07-18
P0353,Alexander,Adams,Doctor 4,2023-07-18
P0006,Cynthia,Walker,Doctor 109,2023-07-19
P0027,Richard,Collins,Doctor 55,2023-07-19
P0064,Jack,Rivera,Doctor 102,2023-07-19
P0146,David,Hughes,Doctor 91,2023-07-19
P0157,Brenda,Gray,Doctor 139,2023-07-19
P0217,Charles,Kim,Doctor 3,2023-07-19
P0096,Deborah,Price,Doctor 154,2023-07-20
P0130,Susan,Robinson,Doctor 129,2023-07-20
P0344,Brian,Chavez,Doctor 178,2023-07-20
P0362,Scott,Alvarez,Doctor 38,2023-07-20
P0416,Gary,Robinson,Doctor 150,2023-07-20
P0430,Jacob,Flores,Doctor 97,2023-07-20
P0493,Brenda,Watson,Doctor 45,2023-07-20
P0127,Scott,Mitchell,Doctor 144,2023-07-21
P0175,Scott,Ramirez,Doctor 192,2023-07-21
P0287,Thomas,Green,Doctor 62,2023-07-21
P0308,Matthew,Reed,Doctor 32,2023-07-21
P0462,Shirley,Ruiz,Doctor 107,2023-07-21
P0486,Nancy,Morgan,Doctor 29,2023-07-21
P0039,Samuel,Baker,Doctor 73,2023-07-22
P0040,Ruth,Sanchez,Doctor 110,2023-07-22
P0106,Justin,White,Doctor 47,2023-07-22
P0134,Joseph,Hernandez,Doctor 133,2023-07-22
P0171,Christopher,Campbell,Doctor 58,2023-07-22
P0231,Carol,Lewis,Doctor 88,2023-07-22
P0242,Betty,Chavez,Doctor 148,2023-07-22
P0283,Joseph,Cox,Doctor 191,2023-07-22
P0358,Carol,Cruz,Doctor 165,2023-07-22
P0042,Kenneth,Torres,Doctor 22,2023-07-23
P0205,Laura,Garcia,Doctor 61,2023-07-23
P0389,Nicholas,Collins,Doctor 129,2023-07-23
P0479,Benjamin,Turner,Doctor 112,2023-07-23
P0065,James,Kelly,Doctor 71,2023-07-24
P0130,Susan,Robinson,Doctor 129,2023-07-24
P0256,Kathleen,Perez,Doctor 194,2023-07-24
P0272,George,Thompson,Doctor 3,2023-07-24
P0274,Andrew,Richardson,Doctor 11,2023-07-24
P0340,Robert,Rivera,Doctor 131,2023-07-24
P0059,Sarah,Reed,Doctor 12,2023-07-25
P0072,Kathleen,Smith,Doctor 183,2023-07-25
P0272,George,Thompson,Doctor 3,2023-07-25
P0299,Anthony,Chavez,Doctor 193,2023-07-25
P0273,Thomas,Jones,Doctor 49,2023-07-26
P0304,Karen,Gomez,Doctor 126,2023-07-26
P0420,Scott,Stewart,Doctor 84,2023-07-26
P0232,Kathleen,Martinez,Doctor 2,2023-07-27
P0384,Kevin,Ortiz,Doctor 28,2023-07-27
P0469,Michael,Mitchell,Doctor 175,2023-07-27
P0473,Sharon,Flores,Doctor 172,2023-07-27
P0033,John,Wilson,Doctor 187,2023-07-28
P0059,Sarah,Reed,Doctor 12,2023-07-28
P0154,Emma,Baker,Doctor 68,2023-07-28
P0255,Larry,Brown,Doctor 28,2023-07-28
P0338,Richard,James,Doctor 119,2023-07-28
P0370,Larry,Ramos,Doctor 147,2023-07-28
P0428,Gary,Thompson,Doctor 112,2023-07-28
P0037,Cynthia,Clark,Doctor 51,2023-07-29
P0053,David,Myers,Doctor 197,2023-07-29
P0280,Cynthia,Phillips,Doctor 92,2023-07-29
P0387,Sharon,Morris,Doctor 110,2023-07-29
P0120,Melissa,Perez,Doctor 62,2023-07-30
P0157,Brenda,Gray,Doctor 139,2023-07-30
P0181,Linda,Taylor,Doctor 86,2023-07-30
P0273,Thomas,Jones,Doctor 49,2023-07-30
P0276,Brian,White,Doctor 52,2023-07-30
P0329,Benjamin,Morales,Doctor 87,2023-07-30
P0345,Dorothy,Lee,Doctor 54,2023-07-30
P0092,Virginia,King,Doctor 12,2023-07-31
P0133,Helen,Hill,Doctor 171,2023-07-31
P0167,Michael,Lopez,Doctor 106,2023-07-31
P0176,Lisa,Miller,Doctor 138,2023-07-31
P0273,Thomas,Jones,Doctor 49,2023-07-31
P0302,Jacob,Cox,Doctor 46,2023-07-31
P0386,Barbara,Gonzalez,Doctor 106,2023-07-31
P0394,Mark,Edwards,Doctor 123,2023-07-31
P0024,Donna,Rodriguez,Doctor 67,2023-08-01
P0142,Patrick,Ward,Doctor 143,2023-08-01
P0251,Lisa,Bailey,Doctor 158,2023-08-01
P0363,Ronald,Kelly,Doctor 14,2023-08-01
P0387,Sharon,Morris,Doctor 110,2023-08-01
P0482,Christopher,Rodriguez,Doctor 94,2023-08-01
P0150,Gregory,Phillips,Doctor 186,2023-08-02
P0174,Anna,Edwards,Doctor 192,2023-08-02
P0198,Carol,Rogers,Doctor 139,2023-08-02
P0284,Helen,Ortiz,Doctor 98,2023-08-02
P0288,Dennis,Kim,Doctor 143,2023-08-02
P0378,Andrew,Watson,Doctor 50,2023-08-02
P0393,Jennifer,Anderson,Doctor 99,2023-08-02
P0461,Anthony,Green,Doctor 165,2023-08-02
P0463,Aaron,Gomez,Doctor 86,2023-08-02
P0017,Steven,Myers,Doctor 32,2023-08-03
P0284,Helen,Ortiz,Doctor 98,2023-08-03
P0406,Michael,Anderson,Doctor 133,2023-08-03
P0431,Nicholas,Rogers,Doctor 68,2023-08-03
P0444,Betty,Perez,Doctor 124,2023-08-03
P0454,Linda,Sanders,Doctor 196,2023-08-03
P0480,Joshua,Brown,Doctor 67,2023-08-03
P0488,Dennis,Walker,Doctor 57,2023-08-03
P0015,Deborah,Mendoza,Doctor 85,2023-08-04
P0063,Jessica,Gutierrez,Doctor 133,2023-08-04
P0101,Robert,Baker,Doctor 137,2023-08-04
P0106,Justin,White,Doctor 47,2023-08-04
P0120,Melissa,Perez,Doctor 62,2023-08-04
P0242,Betty,Chavez,Doctor 148,2023-08-04
P0325,Jennifer,Phillips,Doctor 152,2023-08-04
P0349,Nancy,Clark,Doctor 67,2023-08-04
P0371,Frank,Kim,Doctor 23,2023-08-04
P0037,Cynthia,Clark,Doctor 51,2023-08-05
P0083,Sarah,Mitchell,Doctor 118,2023-08-05
P0263,Kathleen,Hernandez,Doctor 35,2023-08-05
P0327,Kevin,Clark,Doctor 93,2023-08-05
P0334,Lisa,Reyes,Doctor 65,2023-08-05
P0434,Gary,Johnson,Doctor 132,2023-08-05
P0025,Mary,Morales,Doctor 100,2023-08-06
P0040,Ruth,Sanchez,Doctor 110,2023-08-06
P0046,David,Morgan,Doctor 4,2023-08-06
P0238,Virginia,Thompson,Doctor 198,2023-08-06
P0257,Helen,Ward,Doctor 192,2023-08-06
P0313,Steven,Carter,Doctor 196,2023-08-06
P0317,Angela,Martinez,Doctor 101,2023-08-06
P0388,Sandra,Kim,Doctor 77,2023-08-06
P0441,Deborah,Anderson,Doctor 47,2023-08-06
P0001,Karen,Cooper,Doctor 155,2023-08-07
P0004,Sandra,Wilson,Doctor 20,2023-08-07
P0063,Jessica,Gutierrez,Doctor 133,2023-08-07
P0190,Sarah,Flores,Doctor 151,2023-08-07
P0264,Sarah,Torres,Doctor 4,2023-08-07
P0151,Helen,Adams,Doctor 108,2023-08-08
P0206,Timothy,Murphy,Doctor 168,2023-08-08
P0236,Susan,Williams,Doctor 56,2023-08-08
P0348,Mark,Price,Doctor 57,2023-08-08
P0362,Scott,Alvarez,Doctor 38,2023-08-08
P0390,Jacob,Wood,Doctor 10,2023-08-08
P0119,Donna,Reed,Doctor 181,2023-08-09
P0177,Lisa,Morgan,Doctor 38,2023-08-09
P0252,Linda,Lopez,Doctor 132,2023-08-09
P0261,Robert,Gomez,Doctor 115,2023-08-09
P0313,Steven,Carter,Doctor 196,2023-08-09
P0319,Patrick,Howard,Doctor 144,2023-08-09
P0326,Betty,Clark,Doctor 26,2023-08-09
P0346,Dorothy,Williams,Doctor 56,2023-08-09
P0350,Brenda,Hughes,Doctor 185,2023-08-09
P0462,Shirley,Ruiz,Doctor 107,2023-08-09
P0470,Jason,Williams,Doctor 131,2023-08-09
P0487,Timothy,Gutierrez,Doctor 88,2023-08-09
P0018,Karen,Smith,Doctor 27,2023-08-10
P0155,Helen,Lopez,Doctor 196,2023-08-10
P0253,Jason,Brown,Doctor 20,2023-08-10
P0369,Ruth,Chavez,Doctor 158,2023-08-10
P0423,Jose,Robinson,Doctor 145,2023-08-10
P0458,Deborah,Bailey,Doctor 75,2023-08-10
P0038,Cynthia,Watson,Doctor 153,2023-08-11
P0099,Kathleen,King,Doctor 188,2023-08-11
P0170,Sarah,Hall,Doctor 9,2023-08-11
P0318,Sarah,Thompson,Doctor 181,2023-08-11
P0079,Kathleen,Ruiz,Doctor 66,2023-08-12
P0202,Edward,Wood,Doctor 159,2023-08-12
P0267,Patrick,Harris,Doctor 178,2023-08-12
P0352,Dorothy,Baker,Doctor 187,2023-08-12
P0376,Michelle,Gonzalez,Doctor 3,2023-08-12
P0433,Lisa,Kelly,Doctor 57,2023-08-12
P0448,Thomas,Chavez,Doctor 148,2023-08-12
P0466,Jose,Thomas,Doctor 60,2023-08-12
P0473,Sharon,Flores,Doctor 172,2023-08-12
P0143,Joshua,Ward,Doctor 166,2023-08-13
P0147,Dennis,Cooper,Doctor 142,2023-08-13
P0147,Dennis,Cooper,Doctor 142,2023-08-13
P0208,Jessica,Phillips,Doctor 90,2023-08-13
P0248,Robert,Ruiz,Doctor 143,2023-08-13
P0286,Joseph,Murphy,Doctor 115,2023-08-13
P0346,Dorothy,Williams,Doctor 56,2023-08-13
P0387,Sharon,Morris,Doctor 110,2023-08-13
P0471,Virginia,Wilson,Doctor 197,2023-08-13
P0491,Rebecca,Cox,Doctor 82,2023-08-13
P0057,Scott,Ward,Doctor 146,2023-08-14
P0104,Daniel,Hill,Doctor 102,2023-08-14
P0150,Gregory,Phillips,Doctor 186,2023-08-14
P0266,Christopher,Baker,Doctor 113,2023-08-14
P0325,Jennifer,Phillips,Doctor 152,2023-08-14
P0380,Amy,Howard,Doctor 104,2023-08-14
P0455,Jessica,Hall,Doctor 157,2023-08-14
P0492,Sharon,Kim,Doctor 199,2023-08-14
P0493,Brenda,Watson,Doctor 45,2023-08-14
P0039,Samuel,Baker,Doctor 73,2023-08-15
P0069,Kimberly,Reyes,Doctor 105,2023-08-15
P0098,Barbara,Scott,Doctor 200,2023-08-15
P0152,Jerry,Price,Doctor 149,2023-08-15
P0186,Robert,Robinson,Doctor 107,2023-08-15
P0191,Virginia,Parker,Doctor 26,2023-08-15
P0316,Patricia,Brown,Doctor 36,2023-08-15
P0330,Linda,Hill,Doctor 37,2023-08-15
P0107,Jose,Rivera,Doctor 33,2023-08-16
P0107,Jose,Rivera,Doctor 33,2023-08-16
P0163,Deborah,Wright,Doctor 127,2023-08-16
P0199,Larry,Rodriguez,Doctor 19,2023-08-16
P0212,William,Gray,Doctor 130,2023-08-16
P0226,Anna,Mendoza,Doctor 97,2023-08-16
P0319,Patrick,Howard,Doctor 144,2023-08-16
P0439,Michelle,Moore,Doctor 64,2023-08-16
P0059,Sarah,Reed,Doctor 12,2023-08-17
P0217,Charles,Kim,Doctor 3,2023-08-17
P0267,Patrick,Harris,Doctor 178,2023-08-17
P0307,Emma,Gutierrez,Doctor 134,2023-08-17
P0408,Timothy,King,Doctor 107,2023-08-17
P0437,Lisa,Bennett,Doctor 80,2023-08-17
P0445,Michael,Carter,Doctor 104,2023-08-17
P0465,James,Collins,Doctor 103,2023-08-17
P0088,Betty,Martin,Doctor 169,2023-08-18
P0355,Gregory,Myers,Doctor 140,2023-08-18
P0357,Helen,Harris,Doctor 2,2023-08-18
P0360,Matthew,Bennett,Doctor 200,2023-08-18
P0418,Melissa,Campbell,Doctor 170,2023-08-18
P0436,Helen,White,Doctor 83,2023-08-18
P0032,Melissa,Clark,Doctor 107,2023-08-19
P0083,Sarah,Mitchell,Doctor 118,2023-08-19
P0128,Jessica,Thompson,Doctor 77,2023-08-19
P0183,Carol,Murphy,Doctor 43,2023-08-19
P0186,Robert,Robinson,Doctor 107,2023-08-19
P0230,Sarah,Diaz,Doctor 27,2023-08-19
P0309,Brian,Johnson,Doctor 165,2023-08-19
P0327,Kevin,Clark,Doctor 93,2023-08-19
P0337,Deborah,Clark,Doctor 179,2023-08-19
P0368,Donna,Martinez,Doctor 163,2023-08-19
P0421,Larry,Lewis,Doctor 14,2023-08-19
P0470,Jason,Williams,Doctor 131,2023-08-19
P0158,Deborah,Richardson,Doctor 13,2023-08-20
P0198,Carol,Rogers,Doctor 139,2023-08-20
P0241,Stephen,Young,Doctor 192,2023-08-20
P0246,Joseph,Howard,Doctor 18,2023-08-20
P0362,Scott,Alvarez,Doctor 38,2023-08-20
P0448,Thomas,Chavez,Doctor 148,2023-08-20
P0055,Kevin,Campbell,Doctor 150,2023-08-21
P0126,Jessica,Cook,Doctor 159,2023-08-21
P0159,David,Jones,Doctor 27,2023-08-21
P0212,William,Gray,Doctor 130,2023-08-21
P0222,Sarah,Watson,Doctor 106,2023-08-21
P0225,David,Taylor,Doctor 152,2023-08-21
P0274,Andrew,Richardson,Doctor 11,2023-08-21
P0289,Joshua,Torres,Doctor 155,2023-08-21
P0338,Richard,James,Doctor 119,2023-08-21
P0495,John,Bailey,Doctor 61,2023-08-21
P0026,Gary,Hall,Doctor 102,2023-08-22
P0306,Eric,Hernandez,Doctor 42,2023-08-22
P0356,Joshua,Patel,Doctor 14,2023-08-22
P0375,Rebecca,Flores,Doctor 66,2023-08-22
P0396,Joseph,Harris,Doctor 135,2023-08-22
P0459,Donald,Ramos,Doctor 16,2023-08-22
P0469,Michael,Mitchell,Doctor 175,2023-08-22
P0012,John,Ortiz,Doctor 116,2023-08-23
P0043,Kevin,Gutierrez,Doctor 17,2023-08-23
P0064,Jack,Rivera,Doctor 102,2023-08-23
P0072,Kathleen,Smith,Doctor 183,2023-08-23
P0193,Christopher,Diaz,Doctor 7,2023-08-23
P0197,Cynthia,Gonzalez,Doctor 112,2023-08-23
P0295,Aaron,Edwards,Doctor 44,2023-08-23
P0308,Matthew,Reed,Doctor 32,2023-08-23
P0417,Ryan,Cruz,Doctor 193,2023-08-23
P0489,Jeffrey,Smith,Doctor 86,2023-08-23
P0228,Matthew,Watson,Doctor 51,2023-08-24
P0328,Frank,Smith,Doctor 104,2023-08-24
P0497,Jose,White,Doctor 153,2023-08-24
P0052,Brenda,Price,Doctor 32,2023-08-25
P0142,Patrick,Ward,Doctor 143,2023-08-25
P0163,Deborah,Wright,Doctor 127,2023-08-25
P0167,Michael,Lopez,Doctor 106,2023-08-25
P0415,Joshua,Gonzalez,Doctor 80,2023-08-25
P0446,Thomas,Ramirez,Doctor 43,2023-08-25
P0472,Kathleen,Scott,Doctor 125,2023-08-25
P0049,Nicholas,Miller,Doctor 117,2023-08-26
P0136,Jonathan,Cook,Doctor 32,2023-08-26
P0189,Steven,Kelly,Doctor 98,2023-08-26
P0287,Thomas,Green,Doctor 62,2023-08-26
P0479,Benjamin,Turner,Doctor 112,2023-08-26
P0008,Robert,Cox,Doctor 139,2023-08-27
P0196,Sarah,Morales,Doctor 137,2023-08-27
P0303,Edward,Phillips,Doctor 6,2023-08-27
P0331,Nancy,Carter,Doctor 13,2023-08-27
P0374,Melissa,Martinez,Doctor 133,2023-08-27
P0456,Sharon,Martinez,Doctor 5,2023-08-27
P0012,John,Ortiz,Doctor 116,2023-08-28
P0013,Kenneth,Smith,Doctor 8,2023-08-28
P0025,Mary,Morales,Doctor 100,2023-08-28
P0069,Kimberly,Reyes,Doctor 105,2023-08-28
P0090,Larry,Sanchez,Doctor 143,2023-08-28
P0123,Gregory,Roberts,Doctor 3,2023-08-28
P0151,Helen,Adams,Doctor 108,2023-08-28
P0225,David,Taylor,Doctor 152,2023-08-28
P0234,Ruth,Miller,Doctor 197,2023-08-28
P0342,Jonathan,Turner,Doctor 172,2023-08-28
P0407,Betty,Edwards,Doctor 199,2023-08-28
P0138,Melissa,Wright,Doctor 40,2023-08-29
P0184,Rebecca,White,Doctor 106,2023-08-29
P0208,Jessica,Phillips,Doctor 90,2023-08-29
P0280,Cynthia,Phillips,Doctor 92,2023-08-29
P0314,Donna,Morales,Doctor 28,2023-08-29
P0380,Amy,Howard,Doctor 104,2023-08-29
P0468,Richard,Nguyen,Doctor 165,2023-08-29
P0045,Kevin,Lopez,Doctor 25,2023-08-30
P0132,Aaron,Jackson,Doctor 120,2023-08-30
P0277,Laura,Chavez,Doctor 70,2023-08-30
P0311,Nicholas,Stewart,Doctor 196,2023-08-30
P0325,Jennifer,Phillips,Doctor 152,2023-08-30
P0492,Sharon,Kim,Doctor 199,2023-08-30
P0035,Elizabeth,Cooper,Doctor 69,2023-08-31
P0070,Emma,Garcia,Doctor 156,2023-08-31
P0145,Christopher,Ramos,Doctor 189,2023-08-31
P0276,Brian,White,Doctor 52,2023-08-31
P0079,Kathleen,Ruiz,Doctor 66,2023-09-01
P0101,Robert,Baker,Doctor 137,2023-09-01
P0111,Jack,Reyes,Doctor 153,2023-09-01
P0218,Sarah,Sanchez,Doctor 102,2023-09-01
P0225,David,Taylor,Doctor 152,2023-09-01
P0237,Jeffrey,Morales,Doctor 50,2023-09-01
P0468,Richard,Nguyen,Doctor 165,2023-09-01
P0206,Timothy,Murphy,Doctor 168,2023-09-02
P0213,Deborah,Lewis,Doctor 158,2023-09-02
P0221,Eric,Brown,Doctor 101,2023-09-02
P0231,Carol,Lewis,Doctor 88,2023-09-02
P0279,Steven,Stewart,Doctor 196,2023-09-02
P0322,Michelle,Alvarez,Doctor 123,2023-09-02
P0369,Ruth,Chavez,Doctor 158,2023-09-02
P0010,Ronald,Price,Doctor 115,2023-09-03
P0049,Nicholas,Miller,Doctor 117,2023-09-03
P0131,Jason,Thomas,Doctor 150,2023-09-03
P0190,Sarah,Flores,Doctor 151,2023-09-03
P0216,Barbara,Torres,Doctor 12,2023-09-03
P0227,Thomas,Garcia,Doctor 182,2023-09-03
P0233,Lisa,Cox,Doctor 102,2023-09-03
P0341,Jason,Alvarez,Doctor 170,2023-09-03
P0396,Joseph,Harris,Doctor 135,2023-09-03
P0431,Nicholas,Rogers,Doctor 68,2023-09-03
P0459,Donald,Ramos,Doctor 16,2023-09-03
P0042,Kenneth,Torres,Doctor 22,2023-09-04
P0058,Karen,White,Doctor 18,2023-09-04
P0086,Nancy,Cooper,Doctor 73,2023-09-04
P0103,Brian,Myers,Doctor 52,2023-09-04
P0120,Melissa,Perez,Doctor 62,2023-09-04
P0215,Amy,Phillips,Doctor 142,2023-09-04
P0271,Jessica,James,Doctor 106,2023-09-04
P0284,Helen,Ortiz,Doctor 98,2023-09-04
P0348,Mark,Price,Doctor 57,2023-09-04
P0372,Kenneth,Bennett,Doctor 106,2023-09-04
P0397,Frank,Morgan,Doctor 59,2023-09-04
P0027,Richard,Collins,Doctor 55,2023-09-05
P0041,Cynthia,Lewis,Doctor 198,2023-09-05
P0071,Carol,Hernandez,Doctor 167,2023-09-05
P0107,Jose,Rivera,Doctor 33,2023-09-05
P0121,Christopher,Taylor,Doctor 97,2023-09-05
P0123,Gregory,Roberts,Doctor 3,2023-09-05
P0185,Laura,Cooper,Doctor 34,2023-09-05
P0387,Sharon,Morris,Doctor 110,2023-09-05
P0043,Kevin,Gutierrez,Doctor 17,2023-09-06
P0066,Jennifer,Hernandez,Doctor 40,2023-09-06
P0320,Anthony,Alvarez,Doctor 53,2023-09-06
P0392,Sharon,Parker,Doctor 15,2023-09-06
P0179,Jack,Collins,Doctor 86,2023-09-07
P0222,Sarah,Watson,Doctor 106,2023-09-07
P0227,Thomas,Garcia,Doctor 182,2023-09-07
P0277,Laura,Chavez,Doctor 70,2023-09-07
P0358,Carol,Cruz,Doctor 165,2023-09-07
P0016,Sarah,Roberts,Doctor 23,2023-09-08
P0057,Scott,Ward,Doctor 146,2023-09-08
P0147,Dennis,Cooper,Doctor 142,2023-09-08
P0163,Deborah,Wright,Doctor 127,2023-09-08
P0218,Sarah,Sanchez,Doctor 102,2023-09-08
P0336,Kevin,Baker,Doctor 98,2023-09-08
P0356,Joshua,Patel,Doctor 14,2023-09-08
P0366,Sharon,Campbell,Doctor 91,2023-09-08
P0234,Ruth,Miller,Doctor 197,2023-09-09
P0297,Angela,Reed,Doctor 101,2023-09-09
P0376,Michelle,Gonzalez,Doctor 3,2023-09-09
P0081,Brian,Taylor,Doctor 24,2023-09-10
P0105,Kenneth,Thompson,Doctor 180,2023-09-10
P0134,Joseph,Hernandez,Doctor 133,2023-09-10
P0147,Dennis,Cooper,Doctor 142,2023-09-10
P0173,Laura,Gonzalez,Doctor 172,2023-09-10
P0311,Nicholas,Stewart,Doctor 196,2023-09-10
P0353,Alexander,Adams,Doctor 4,2023-09-10
P0454,Linda,Sanders,Doctor 196,2023-09-10
P0123,Gregory,Roberts,Doctor 3,2023-09-11
P0210,Shirley,Wood,Doctor 169,2023-09-11
P0041,Cynthia,Lewis,Doctor 198,2023-09-12
P0095,Brenda,Miller,Doctor 36,2023-09-12
P0271,Jessica,James,Doctor 106,2023-09-12
P0340,Robert,Rivera,Doctor 131,2023-09-12
P0431,Nicholas,Rogers,Doctor 68,2023-09-12
P0486,Nancy,Morgan,Doctor 29,2023-09-12
P0499,Jonathan,Brown,Doctor 130,2023-09-12
P0046,David,Morgan,Doctor 4,2023-09-13
P0074,Kenneth,Adams,Doctor 35,2023-09-13
P0089,Lisa,Patel,Doctor 7,2023-09-13
P0169,Mary,Johnson,Doctor 123,2023-09-13
P0191,Virginia,Parker,Doctor 26,2023-09-13
P0246,Joseph,Howard,Doctor 18,2023-09-13
P0253,Jason,Brown,Doctor 20,2023-09-13
P0338,Richard,James,Doctor 119,2023-09-13
P0412,Tyler,Young,Doctor 182,2023-09-13
P0451,Emma,Ramirez,Doctor 39,2023-09-13
P0467,Amy,Hughes,Doctor 112,2023-09-13
P0475,Jason,Wood,Doctor 16,2023-09-13
P0500,William,Morris,Doctor 36,2023-09-13
P0014,Jason,Hernandez,Doctor 20,2023-09-14
P0054,Jacob,Walker,Doctor 179,2023-09-14
P0091,Alexander,Hernandez,Doctor 184,2023-09-14
P0142,Patrick,Ward,Doctor 143,2023-09-14
P0264,Sarah,Torres,Doctor 4,2023-09-14
P0333,Aaron,Rodriguez,Doctor 109,2023-09-14
P0351,Karen,Taylor,Doctor 142,2023-09-14
P0383,Jacob,Morales,Doctor 37,2023-09-14
P0129,Charles,Clark,Doctor 40,2023-09-15
P0136,Jonathan,Cook,Doctor 32,2023-09-15
P0209,Anthony,Martin,Doctor 178,2023-09-15
P0253,Jason,Brown,Doctor 20,2023-09-15
P0383,Jacob,Morales,Doctor 37,2023-09-15
P0392,Sharon,Parker,Doctor 15,2023-09-15
P0448,Thomas,Chavez,Doctor 148,2023-09-15
P0014,Jason,Hernandez,Doctor 20,2023-09-16
P0116,Steven,Gomez,Doctor 200,2023-09-16
P0164,Larry,Wood,Doctor 185,2023-09-16
P0166,Larry,Hughes,Doctor 6,2023-09-16
P0168,Karen,Chavez,Doctor 193,2023-09-16
P0316,Patricia,Brown,Doctor 36,2023-09-16
P0439,Michelle,Moore,Doctor 64,2023-09-16
P0472,Kathleen,Scott,Doctor 125,2023-09-16
P0006,Cynthia,Walker,Doctor 109,2023-09-17
P0080,James,Davis,Doctor 102,2023-09-17
P0093,John,Robinson,Doctor 200,2023-09-17
P0154,Emma,Baker,Doctor 68,2023-09-17
P0200,Lisa,Mendoza,Doctor 134,2023-09-17
P0302,Jacob,Cox,Doctor 46,2023-09-17
P0194,Carol,Martin,Doctor 180,2023-09-18
P0413,Tyler,Garcia,Doctor 19,2023-09-18
P0413,Tyler,Garcia,Doctor 19,2023-09-18
P0434,Gary,Johnson,Doctor 132,2023-09-18
P0052,Brenda,Price,Doctor 32,2023-09-19
P0165,Jack,Richardson,Doctor 43,2023-09-19
P0183,Carol,Murphy,Doctor 43,2023-09-19
P0195,Deborah,Hughes,Doctor 135,2023-09-19
P0404,Anthony,Cook,Doctor 198,2023-09-19
P0405,Donna,Diaz,Doctor 138,2023-09-19
P0230,Sarah,Diaz,Doctor 27,2023-09-20
P0307,Emma,Gutierrez,Doctor 134,2023-09-20
P0336,Kevin,Baker,Doctor 98,2023-09-20
P0361,Jason,Mitchell,Doctor 190,2023-09-20
P0119,Donna,Reed,Doctor 181,2023-09-21
P0217,Charles,Kim,Doctor 3,2023-09-21
P0389,Nicholas,Collins,Doctor 129,2023-09-21
P0429,Laura,Baker,Doctor 192,2023-09-21
P0438,Karen,Jackson,Doctor 47,2023-09-21
P0469,Michael,Mitchell,Doctor 175,2023-09-21
P0107,Jose,Rivera,Doctor 33,2023-09-22
P0267,Patrick,Harris,Doctor 178,2023-09-22
P0343,Karen,Garcia,Doctor 148,2023-09-22
P0415,Joshua,Gonzalez,Doctor 80,2023-09-22
P0417,Ryan,Cruz,Doctor 193,2023-09-22
P0033,John,Wilson,Doctor 187,2023-09-23
P0075,Charles,Harris,Doctor 128,2023-09-23
P0300,Kevin,Cook,Doctor 162,2023-09-23
P0449,Virginia,Hughes,Doctor 171,2023-09-23
P0045,Kevin,Lopez,Doctor 25,2023-09-24
P0161,Linda,Brooks,Doctor 48,2023-09-24
P0195,Deborah,Hughes,Doctor 135,2023-09-24
P0258,Kevin,Torres,Doctor 25,2023-09-24
P0260,Sandra,Gonzalez,Doctor 112,2023-09-24
P0294,Carol,Gray,Doctor 124,2023-09-24
P0329,Benjamin,Morales,Doctor 87,2023-09-24
P0223,Larry,Cruz,Doctor 103,2023-09-25
P0332,David,Morris,Doctor 66,2023-09-25
P0341,Jason,Alvarez,Doctor 170,2023-09-25
P0345,Dorothy,Lee,Doctor 54,2023-09-25
P0388,Sandra,Kim,Doctor 77,2023-09-25
P0061,Melissa,Gonzalez,Doctor 80,2023-09-26
P0192,Kathleen,Bennett,Doctor 109,2023-09-26
P0266,Christopher,Baker,Doctor 113,2023-09-26
P0268,Kimberly,Mendoza,Doctor 157,2023-09-26
P0308,Matthew,Reed,Doctor 32,2023-09-26
P0340,Robert,Rivera,Doctor 131,2023-09-26
P0377,Sharon,Gutierrez,Doctor 66,2023-09-26
P0423,Jose,Robinson,Doctor 145,2023-09-26
P0458,Deborah,Bailey,Doctor 75,2023-09-26
P0470,Jason,Williams,Doctor 131,2023-09-26
P0485,Frank,Nguyen,Doctor 38,2023-09-26
P0140,Jerry,Kelly,Doctor 122,2023-09-27
P0328,Frank,Smith,Doctor 104,2023-09-27
P0334,Lisa,Reyes,Doctor 65,2023-09-27
P0340,Robert,Rivera,Doctor 131,2023-09-27
P0352,Dorothy,Baker,Doctor 187,2023-09-27
P0382,Donna,Cook,Doctor 62,2023-09-27
P0461,Anthony,Green,Doctor 165,2023-09-27
P0482,Christopher,Rodriguez,Doctor 94,2023-09-27
P0486,Nancy,Morgan,Doctor 29,2023-09-27
P0091,Alexander,Hernandez,Doctor 184,2023-09-28
P0197,Cynthia,Gonzalez,Doctor 112,2023-09-28
P0265,Sharon,Patel,Doctor 192,2023-09-28
P0276,Brian,White,Doctor 52,2023-09-28
P0329,Benjamin,Morales,Doctor 87,2023-09-28
P0476,Robert,Cruz,Doctor 143,2023-09-28
P0486,Nancy,Morgan,Doctor 29,2023-09-28
P0007,Lisa,Brooks,Doctor 41,2023-09-29
P0087,William,Jackson,Doctor 70,2023-09-29
P0189,Steven,Kelly,Doctor 98,2023-09-29
P0228,Matthew,Watson,Doctor 51,2023-09-29
P0276,Brian,White,Doctor 52,2023-09-29
P0289,Joshua,Torres,Doctor 155,2023-09-29
P0419,Ronald,White,Doctor 146,2023-09-29
P0453,Brian,Edwards,Doctor 93,2023-09-29
P0101,Robert,Baker,Doctor 137,2023-09-30
P0110,Laura,Castillo,Doctor 127,2023-09-30
P0456,Sharon,Martinez,Doctor 5,2023-09-30
P0132,Aaron,Jackson,Doctor 120,2023-10-01
P0242,Betty,Chavez,Doctor 148,2023-10-01
P0334,Lisa,Reyes,Doctor 65,2023-10-01
P0335,David,Morales,Doctor 134,2023-10-01
P0479,Benjamin,Turner,Doctor 112,2023-10-01
P0100,Emma,Perez,Doctor 84,2023-10-02
P0114,Larry,Mitchell,Doctor 192,2023-10-02
P0210,Shirley,Wood,Doctor 169,2023-10-02
P0255,Larry,Brown,Doctor 28,2023-10-02
P0328,Frank,Smith,Doctor 104,2023-10-02
P0375,Rebecca,Flores,Doctor 66,2023-10-02
P0095,Brenda,Miller,Doctor 36,2023-10-03
P0138,Melissa,Wright,Doctor 40,2023-10-03
P0156,Dennis,Evans,Doctor 33,2023-10-03
P0253,Jason,Brown,Doctor 20,2023-10-03
P0271,Jessica,James,Doctor 106,2023-10-03
P0076,Jessica,Young,Doctor 196,2023-10-04
P0168,Karen,Chavez,Doctor 193,2023-10-04
P0243,Gary,Gutierrez,Doctor 183,2023-10-04
P0400,Mary,Baker,Doctor 164,2023-10-04
P0194,Carol,Martin,Doctor 180,2023-10-05
P0231,Carol,Lewis,Doctor 88,2023-10-05
P0280,Cynthia,Phillips,Doctor 92,2023-10-05
P0462,Shirley,Ruiz,Doctor 107,2023-10-05
P0462,Shirley,Ruiz,Doctor 107,2023-10-05
P0479,Benjamin,Turner,Doctor 112,2023-10-05
P0030,Donna,Ruiz,Doctor 38,2023-10-06
P0036,Alexander,Stewart,Doctor 191,2023-10-06
P0056,Joshua,Richardson,Doctor 148,2023-10-06
P0067,David,Moore,Doctor 7,2023-10-06
P0249,Sarah,Wright,Doctor 150,2023-10-06
P0290,Donna,Anderson,Doctor 180,2023-10-06
P0318,Sarah,Thompson,Doctor 181,2023-10-06
P0489,Jeffrey,Smith,Doctor 86,2023-10-06
P0495,John,Bailey,Doctor 61,2023-10-06
P0051,Daniel,Wood,Doctor 143,2023-10-07
P0060,Richard,Brown,Doctor 139,2023-10-07
P0265,Sharon,Patel,Doctor 192,2023-10-07
P0275,Elizabeth,Castillo,Doctor 1,2023-10-07
P0311,Nicholas,Stewart,Doctor 196,2023-10-07
P0336,Kevin,Baker,Doctor 98,2023-10-07
P0401,Kimberly,Nguyen,Doctor 14,2023-10-07
P0430,Jacob,Flores,Doctor 97,2023-10-07
P0087,William,Jackson,Doctor 70,2023-10-08
P0300,Kevin,Cook,Doctor 162,2023-10-08
P0403,Betty,Turner,Doctor 47,2023-10-08
P0040,Ruth,Sanchez,Doctor 110,2023-10-09
P0059,Sarah,Reed,Doctor 12,2023-10-09
P0063,Jessica,Gutierrez,Doctor 133,2023-10-09
P0205,Laura,Garcia,Doctor 61,2023-10-09
P0284,Helen,Ortiz,Doctor 98,2023-10-09
P0122,Jose,Sanchez,Doctor 135,2023-10-10
P0180,Ryan,Morris,Doctor 67,2023-10-10
P0237,Jeffrey,Morales,Doctor 50,2023-10-10
P0224,Kevin,Cooper,Doctor 128,2023-10-11
P0231,Carol,Lewis,Doctor 88,2023-10-11
P0367,Jack,Sanders,Doctor 75,2023-10-11
P0401,Kimberly,Nguyen,Doctor 14,2023-10-11
P0408,Timothy,King,Doctor 107,2023-10-11
P0422,Robert,Allen,Doctor 101,2023-10-11
P0425,Lisa,Martin,Doctor 66,2023-10-11
P0456,Sharon,Martinez,Doctor 5,2023-10-11
P0472,Kathleen,Scott,Doctor 125,2023-10-11
P0053,David,Myers,Doctor 197,2023-10-12
P0121,Christopher,Taylor,Doctor 97,2023-10-12
P0127,Scott,Mitchell,Doctor 144,2023-10-12
P0173,Laura,Gonzalez,Doctor 172,2023-10-12
P0246,Joseph,Howard,Doctor 18,2023-10-12
P0260,Sandra,Gonzalez,Doctor 112,2023-10-12
P0263,Kathleen,Hernandez,Doctor 35,2023-10-12
P0346,Dorothy,Williams,Doctor 56,2023-10-12
P0423,Jose,Robinson,Doctor 145,2023-10-12
P0427,Emma,Martinez,Doctor 85,2023-10-12
P0078,Donald,Jones,Doctor 196,2023-10-13
P0089,Lisa,Patel,Doctor 7,2023-10-13
P0129,Charles,Clark,Doctor 40,2023-10-13
P0156,Dennis,Evans,Doctor 33,2023-10-13
P0212,William,Gray,Doctor 130,2023-10-13
P0246,Joseph,Howard,Doctor 18,2023-10-13
P0288,Dennis,Kim,Doctor 143,2023-10-13
P0291,Carol,Johnson,Doctor 59,2023-10-13
P0342,Jonathan,Turner,Doctor 172,2023-10-13
P0459,Donald,Ramos,Doctor 16,2023-10-13
P0494,Helen,Cooper,Doctor 127,2023-10-13
P0087,William,Jackson,Doctor 70,2023-10-14
P0088,Betty,Martin,Doctor 169,2023-10-14
P0147,Dennis,Cooper,Doctor 142,2023-10-14
P0156,Dennis,Evans,Doctor 33,2023-10-14
P0160,Barbara,Murphy,Doctor 128,2023-10-14
P0249,Sarah,Wright,Doctor 150,2023-10-14
P0307,Emma,Gutierrez,Doctor 134,2023-10-14
P0449,Virginia,Hughes,Doctor 171,2023-10-14
P0097,Jessica,Adams,Doctor 106,2023-10-15
P0113,Susan,Evans,Doctor 56,2023-10-15
P0113,Susan,Evans,Doctor 56,2023-10-15
P0134,Joseph,Hernandez,Doctor 133,2023-10-15
P0143,Joshua,Ward,Doctor 166,2023-10-15
P0191,Virginia,Parker,Doctor 26,2023-10-15
P0231,Carol,Lewis,Doctor 88,2023-10-15
P0441,Deborah,Anderson,Doctor 47,2023-10-15
P0003,Kimberly,Anderson,Doctor 159,2023-10-16
P0111,Jack,Reyes,Doctor 153,2023-10-16
P0150,Gregory,Phillips,Doctor 186,2023-10-16
P0156,Dennis,Evans,Doctor 33,2023-10-16
P0184,Rebecca,White,Doctor 106,2023-10-16
P0267,Patrick,Harris,Doctor 178,2023-10-16
P0269,Amy,Alvarez,Doctor 155,2023-10-16
P0287,Thomas,Green,Doctor 62,2023-10-16
P0297,Angela,Reed,Doctor 101,2023-10-16
P0443,Scott,Roberts,Doctor 99,2023-10-16
P0451,Emma,Ramirez,Doctor 39,2023-10-16
P0005,Rebecca,Taylor,Doctor 124,2023-10-17
P0006,Cynthia,Walker,Doctor 109,2023-10-17
P0074,Kenneth,Adams,Doctor 35,2023-10-17
P0148,John,Cruz,Doctor 183,2023-10-17
P0161,Linda,Brooks,Doctor 48,2023-10-17
P0163,Deborah,Wright,Doctor 127,2023-10-17
P0184,Rebecca,White,Doctor 106,2023-10-17
P0240,Kenneth,Garcia,Doctor 51,2023-10-17
P0256,Kathleen,Perez,Doctor 194,2023-10-17
P0285,Thomas,Castillo,Doctor 116,2023-10-17
P0398,Brian,Ortiz,Doctor 44,2023-10-17
P0158,Deborah,Richardson,Doctor 13,2023-10-18
P0265,Sharon,Patel,Doctor 192,2023-10-18
P0294,Carol,Gray,Doctor 124,2023-10-18
P0403,Betty,Turner,Doctor 47,2023-10-18
P0081,Brian,Taylor,Doctor 24,2023-10-19
P0098,Barbara,Scott,Doctor 200,2023-10-19
P0121,Christopher,Taylor,Doctor 97,2023-10-19
P0272,George,Thompson,Doctor 3,2023-10-19
P0317,Angela,Martinez,Doctor 101,2023-10-19
P0336,Kevin,Baker,Doctor 98,2023-10-19
P0341,Jason,Alvarez,Doctor 170,2023-10-19
P0361,Jason,Mitchell,Doctor 190,2023-10-19
P0363,Ronald,Kelly,Doctor 14,2023-10-19
P0429,Laura,Baker,Doctor 192,2023-10-19
P0437,Lisa,Bennett,Doctor 80,2023-10-19
P0455,Jessica,Hall,Doctor 157,2023-10-19
P0465,James,Collins,Doctor 103,2023-10-19
P0032,Melissa,Clark,Doctor 107,2023-10-20
P0095,Brenda,Miller,Doctor 36,2023-10-20
P0145,Christopher,Ramos,Doctor 189,2023-10-20
P0166,Larry,Hughes,Doctor 6,2023-10-20
P0303,Edward,Phillips,Doctor 6,2023-10-20
P0353,Alexander,Adams,Doctor 4,2023-10-20
P0354,Lisa,Gonzalez,Doctor 175,2023-10-20
P0385,Dennis,Bailey,Doctor 14,2023-10-20
P0439,Michelle,Moore,Doctor 64,2023-10-20
P0488,Dennis,Walker,Doctor 57,2023-10-20
P0103,Brian,Myers,Doctor 52,2023-10-21
P0213,Deborah,Lewis,Doctor 158,2023-10-21
P0217,Charles,Kim,Doctor 3,2023-10-21
P0411,Michael,Wright,Doctor 63,2023-10-21
P0160,Barbara,Murphy,Doctor 128,2023-10-22
P0226,Anna,Mendoza,Doctor 97,2023-10-22
P0410,Susan,Ruiz,Doctor 199,2023-10-22
P0481,Mark,Cook,Doctor 148,2023-10-22
P0011,Laura,Morgan,Doctor 181,2023-10-23
P0076,Jessica,Young,Doctor 196,2023-10-23
P0160,Barbara,Murphy,Doctor 128,2023-10-23
P0164,Larry,Wood,Doctor 185,2023-10-23
P0172,David,Nguyen,Doctor 172,2023-10-23
P0304,Karen,Gomez,Doctor 126,2023-10-23
P0322,Michelle,Alvarez,Doctor 123,2023-10-23
P0361,Jason,Mitchell,Doctor 190,2023-10-23
P0464,Jacob,James,Doctor 23,2023-10-23
P0042,Kenneth,Torres,Doctor 22,2023-10-24
P0058,Karen,White,Doctor 18,2023-10-24
P0123,Gregory,Roberts,Doctor 3,2023-10-24
P0127,Scott,Mitchell,Doctor 144,2023-10-24
P0317,Angela,Martinez,Doctor 101,2023-10-24
P0405,Donna,Diaz,Doctor 138,2023-10-24
P0102,Sandra,Watson,Doctor 58,2023-10-25
P0148,John,Cruz,Doctor 183,2023-10-25
P0211,John,Murphy,Doctor 43,2023-10-25
P0222,Sarah,Watson,Doctor 106,2023-10-25
P0224,Kevin,Cooper,Doctor 128,2023-10-25
P0293,Robert,Stewart,Doctor 25,2023-10-25
P0308,Matthew,Reed,Doctor 32,2023-10-25
P0358,Carol,Cruz,Doctor 165,2023-10-25
P0377,Sharon,Gutierrez,Doctor 66,2023-10-25
P0413,Tyler,Garcia,Doctor 19,2023-10-25
P0062,Stephen,Ruiz,Doctor 6,2023-10-26
P0075,Charles,Harris,Doctor 128,2023-10-26
P0301,Deborah,Allen,Doctor 180,2023-10-26
P0304,Karen,Gomez,Doctor 126,2023-10-27
P0348,Mark,Price,Doctor 57,2023-10-27
P0073,Mary,Thompson,Doctor 44,2023-10-28
P0092,Virginia,King,Doctor 12,2023-10-28
P0197,Cynthia,Gonzalez,Doctor 112,2023-10-28
P0210,Shirley,Wood,Doctor 169,2023-10-28
P0249,Sarah,Wright,Doctor 150,2023-10-28
P0297,Angela,Reed,Doctor 101,2023-10-28
P0305,Rebecca,Stewart,Doctor 59,2023-10-28
P0371,Frank,Kim,Doctor 23,2023-10-28
P0394,Mark,Edwards,Doctor 123,2023-10-28
P0030,Donna,Ruiz,Doctor 38,2023-10-29
P0222,Sarah,Watson,Doctor 106,2023-10-29
P0254,Brian,Ramos,Doctor 150,2023-10-29
P0306,Eric,Hernandez,Doctor 42,2023-10-29
P0358,Carol,Cruz,Doctor 165,2023-10-29
P0421,Larry,Lewis,Doctor 14,2023-10-29
P0439,Michelle,Moore,Doctor 64,2023-10-29
P0119,Donna,Reed,Doctor 181,2023-10-30
P0160,Barbara,Murphy,Doctor 128,2023-10-30
P0238,Virginia,Thompson,Doctor 198,2023-10-30
P0271,Jessica,James,Doctor 106,2023-10-30
P0313,Steven,Carter,Doctor 196,2023-10-30
P0320,Anthony,Alvarez,Doctor 53,2023-10-30
P0412,Tyler,Young,Doctor 182,2023-10-30
P0010,Ronald,Price,Doctor 115,2023-10-31
P0138,Melissa,Wright,Doctor 40,2023-10-31
P0200,Lisa,Mendoza,Doctor 134,2023-10-31
P0232,Kathleen,Martinez,Doctor 2,2023-10-31
P0302,Jacob,Cox,Doctor 46,2023-10-31
P0337,Deborah,Clark,Doctor 179,2023-10-31
P0382,Donna,Cook,Doctor 62,2023-10-31
P0393,Jennifer,Anderson,Doctor 99,2023-10-31
P0135,Mary,Williams,Doctor 99,2023-11-01
P0150,Gregory,Phillips,Doctor 186,2023-11-01
P0237,Jeffrey,Morales,Doctor 50,2023-11-01
P0351,Karen,Taylor,Doctor 142,2023-11-01
P0371,Frank,Kim,Doctor 23,2023-11-01
P0036,Alexander,Stewart,Doctor 191,2023-11-02
P0116,Steven,Gomez,Doctor 200,2023-11-02
P0126,Jessica,Cook,Doctor 159,2023-11-02
P0193,Christopher,Diaz,Doctor 7,2023-11-02
P0350,Brenda,Hughes,Doctor 185,2023-11-02
P0079,Kathleen,Ruiz,Doctor 66,2023-11-03
P0156,Dennis,Evans,Doctor 33,2023-11-03
P0331,Nancy,Carter,Doctor 13,2023-11-03
P0423,Jose,Robinson,Doctor 145,2023-11-03
P0070,Emma,Garcia,Doctor 156,2023-11-04
P0160,Barbara,Murphy,Doctor 128,2023-11-04
P0204,Rebecca,Thompson,Doctor 111,2023-11-04
P0442,Sarah,Peterson,Doctor 96,2023-11-04
P0461,Anthony,Green,Doctor 165,2023-11-04
P0118,Virginia,Ramos,Doctor 184,2023-11-05
P0374,Melissa,Martinez,Doctor 133,2023-11-05
P0405,Donna,Diaz,Doctor 138,2023-11-05
P0419,Ronald,White,Doctor 146,2023-11-05
P0459,Donald,Ramos,Doctor 16,2023-11-05
P0481,Mark,Cook,Doctor 148,2023-11-05
P0128,Jessica,Thompson,Doctor 77,2023-11-06
P0249,Sarah,Wright,Doctor 150,2023-11-06
P0383,Jacob,Morales,Doctor 37,2023-11-06
P0464,Jacob,James,Doctor 23,2023-11-06
P0010,Ronald,Price,Doctor 115,2023-11-07
P0091,Alexander,Hernandez,Doctor 184,2023-11-07
P0115,Karen,Gray,Doctor 147,2023-11-07
P0314,Donna,Morales,Doctor 28,2023-11-07
P0316,Patricia,Brown,Doctor 36,2023-11-07
P0356,Joshua,Patel,Doctor 14,2023-11-07
P0453,Brian,Edwards,Doctor 93,2023-11-07
P0020,James,Gray,Doctor 133,2023-11-08
P0071,Carol,Hernandez,Doctor 167,2023-11-08
P0108,Helen,Lewis,Doctor 28,2023-11-08
P0197,Cynthia,Gonzalez,Doctor 112,2023-11-08
P0290,Donna,Anderson,Doctor 180,2023-11-08
P0016,Sarah,Roberts,Doctor 23,2023-11-09
P0047,Christopher,Clark,Doctor 200,2023-11-09
P0048,Donna,Peterson,Doctor 134,2023-11-09
P0099,Kathleen,King,Doctor 188,2023-11-09
P0121,Christopher,Taylor,Doctor 97,2023-11-09
P0173,Laura,Gonzalez,Doctor 172,2023-11-09
P0245,Linda,Thomas,Doctor 116,2023-11-09
P0315,Carol,Williams,Doctor 169,2023-11-09
P0333,Aaron,Rodriguez,Doctor 109,2023-11-09
P0002,Nancy,White,Doctor 21,2023-11-10
P0024,Donna,Rodriguez,Doctor 67,2023-11-10
P0152,Jerry,Price,Doctor 149,2023-11-10
P0215,Amy,Phillips,Doctor 142,2023-11-10
P0223,Larry,Cruz,Doctor 103,2023-11-10
P0225,David,Taylor,Doctor 152,2023-11-10
P0320,Anthony,Alvarez,Doctor 53,2023-11-10
P0026,Gary,Hall,Doctor 102,2023-11-11
P0065,James,Kelly,Doctor 71,2023-11-11
P0168,Karen,Chavez,Doctor 193,2023-11-11
P0186,Robert,Robinson,Doctor 107,2023-11-11
P0201,Raymond,Parker,Doctor 87,2023-11-11
P0210,Shirley,Wood,Doctor 169,2023-11-11
P0222,Sarah,Watson,Doctor 106,2023-11-11
P0264,Sarah,Torres,Doctor 4,2023-11-11
P0327,Kevin,Clark,Doctor 93,2023-11-11
P0365,Kenneth,Hughes,Doctor 45,2023-11-11
P0413,Tyler,Garcia,Doctor 19,2023-11-11
P0447,Deborah,Moore,Doctor 6,2023-11-11
P0118,Virginia,Ramos,Doctor 184,2023-11-12
P0280,Cynthia,Phillips,Doctor 92,2023-11-12
P0288,Dennis,Kim,Doctor 143,2023-11-12
P0320,Anthony,Alvarez,Doctor 53,2023-11-12
P0063,Jessica,Gutierrez,Doctor 133,2023-11-13
P0151,Helen,Adams,Doctor 108,2023-11-13
P0164,Larry,Wood,Doctor 185,2023-11-13
P0175,Scott,Ramirez,Doctor 192,2023-11-13
P0247,Jacob,Hall,Doctor 174,2023-11-13
P0249,Sarah,Wright,Doctor 150,2023-11-13
P0279,Steven,Stewart,Doctor 196,2023-11-13
P0300,Kevin,Cook,Doctor 162,2023-11-13
P0410,Susan,Ruiz,Doctor 199,2023-11-13
P0013,Kenneth,Smith,Doctor 8,2023-11-14
P0047,Christopher,Clark,Doctor 200,2023-11-14
P0124,Larry,Bennett,Doctor 13,2023-11-14
P0340,Robert,Rivera,Doctor 131,2023-11-14
P0354,Lisa,Gonzalez,Doctor 175,2023-11-14
P0019,Nancy,Gutierrez,Doctor 160,2023-11-15
P0023,Donna,Scott,Doctor 167,2023-11-15
P0263,Kathleen,Hernandez,Doctor 35,2023-11-15
P0299,Anthony,Chavez,Doctor 193,2023-11-15
P0321,Jerry,Jones,Doctor 112,2023-11-15
P0435,Amy,Price,Doctor 51,2023-11-15
P0122,Jose,Sanchez,Doctor 135,2023-11-16
P0159,David,Jones,Doctor 27,2023-11-16
P0167,Michael,Lopez,Doctor 106,2023-11-16
P0193,Christopher,Diaz,Doctor 7,2023-11-16
P0432,Kathleen,James,Doctor 32,2023-11-16
P0068,Elizabeth,Jackson,Doctor 148,2023-11-17
P0081,Brian,Taylor,Doctor 24,2023-11-17
P0105,Kenneth,Thompson,Doctor 180,2023-11-17
P0165,Jack,Richardson,Doctor 43,2023-11-17
P0181,Linda,Taylor,Doctor 86,2023-11-17
P0214,Lisa,Jackson,Doctor 54,2023-11-17
P0287,Thomas,Green,Doctor 62,2023-11-17
P0370,Larry,Ramos,Doctor 147,2023-11-17
P0444,Betty,Perez,Doctor 124,2023-11-17
P0446,Thomas,Ramirez,Doctor 43,2023-11-17
P0107,Jose,Rivera,Doctor 33,2023-11-18
P0156,Dennis,Evans,Doctor 33,2023-11-18
P0182,Matthew,Wood,Doctor 101,2023-11-18
P0310,Joshua,Hernandez,Doctor 12,2023-11-18
P0438,Karen,Jackson,Doctor 47,2023-11-18
P0493,Brenda,Watson,Doctor 45,2023-11-18
P0041,Cynthia,Lewis,Doctor 198,2023-11-19
P0174,Anna,Edwards,Doctor 192,2023-11-19
P0184,Rebecca,White,Doctor 106,2023-11-19
P0238,Virginia,Thompson,Doctor 198,2023-11-19
P0253,Jason,Brown,Doctor 20,2023-11-19
P0329,Benjamin,Morales,Doctor 87,2023-11-19
P0402,Jeffrey,Miller,Doctor 188,2023-11-19
P0220,Steven,Rogers,Doctor 49,2023-11-20
P0283,Joseph,Cox,Doctor 191,2023-11-20
P0292,Patrick,Ramirez,Doctor 94,2023-11-20
P0298,Samuel,Anderson,Doctor 96,2023-11-20
P0353,Alexander,Adams,Doctor 4,2023-11-20
P0006,Cynthia,Walker,Doctor 109,2023-11-21
P0086,Nancy,Cooper,Doctor 73,2023-11-21
P0168,Karen,Chavez,Doctor 193,2023-11-21
P0187,Brian,King,Doctor 192,2023-11-21
P0243,Gary,Gutierrez,Doctor 183,2023-11-21
P0273,Thomas,Jones,Doctor 49,2023-11-21
P0360,Matthew,Bennett,Doctor 200,2023-11-21
P0441,Deborah,Anderson,Doctor 47,2023-11-21
P0465,James,Collins,Doctor 103,2023-11-21
P0480,Joshua,Brown,Doctor 67,2023-11-21
P0483,William,James,Doctor 58,2023-11-21
P0492,Sharon,Kim,Doctor 199,2023-11-21
P0010,Ronald,Price,Doctor 115,2023-11-22
P0032,Melissa,Clark,Doctor 107,2023-11-22
P0052,Brenda,Price,Doctor 32,2023-11-22
P0149,Sharon,Harris,Doctor 48,2023-11-22
P0242,Betty,Chavez,Doctor 148,2023-11-22
P0396,Joseph,Harris,Doctor 135,2023-11-22
P0471,Virginia,Wilson,Doctor 197,2023-11-22
P0023,Donna,Scott,Doctor 167,2023-11-23
P0028,Susan,Cook,Doctor 147,2023-11-23
P0163,Deborah,Wright,Doctor 127,2023-11-23
P0308,Matthew,Reed,Doctor 32,2023-11-23
P0457,Andrew,Murphy,Doctor 151,2023-11-23
P0017,Steven,Myers,Doctor 32,2023-11-24
P0022,Kathleen,Miller,Doctor 22,2023-11-24
P0091,Alexander,Hernandez,Doctor 184,2023-11-24
P0174,Anna,Edwards,Doctor 192,2023-11-24
P0317,Angela,Martinez,Doctor 101,2023-11-24
P0318,Sarah,Thompson,Doctor 181,2023-11-24
P0057,Scott,Ward,Doctor 146,2023-11-25
P0088,Betty,Martin,Doctor 169,2023-11-25
P0247,Jacob,Hall,Doctor 174,2023-11-25
P0325,Jennifer,Phillips,Doctor 152,2023-11-25
P0434,Gary,Johnson,Doctor 132,2023-11-25
P0437,Lisa,Bennett,Doctor 80,2023-11-25
P0174,Anna,Edwards,Doctor 192,2023-11-26
P0282,Edward,Davis,Doctor 62,2023-11-26
P0284,Helen,Ortiz,Doctor 98,2023-11-26
P0454,Linda,Sanders,Doctor 196,2023-11-26
P0114,Larry,Mitchell,Doctor 192,2023-11-27
P0176,Lisa,Miller,Doctor 138,2023-11-27
P0177,Lisa,Morgan,Doctor 38,2023-11-27
P0265,Sharon,Patel,Doctor 192,2023-11-27
P0278,Melissa,Young,Doctor 55,2023-11-27
P0456,Sharon,Martinez,Doctor 5,2023-11-27
P0490,Justin,Sanders,Doctor 86,2023-11-27
P0002,Nancy,White,Doctor 21,2023-11-28
P0002,Nancy,White,Doctor 21,2023-11-28
P0042,Kenneth,Torres,Doctor 22,2023-11-28
P0076,Jessica,Young,Doctor 196,2023-11-28
P0085,Sarah,Hernandez,Doctor 93,2023-11-28
P0094,Samuel,Hill,Doctor 193,2023-11-28
P0180,Ryan,Morris,Doctor 67,2023-11-28
P0208,Jessica,Phillips,Doctor 90,2023-11-28
P0349,Nancy,Clark,Doctor 67,2023-11-28
P0404,Anthony,Cook,Doctor 198,2023-11-28
P0491,Rebecca,Cox,Doctor 82,2023-11-28
P0039,Samuel,Baker,Doctor 73,2023-11-29
P0102,Sandra,Watson,Doctor 58,2023-11-29
P0106,Justin,White,Doctor 47,2023-11-29
P0198,Carol,Rogers,Doctor 139,2023-11-29
P0273,Thomas,Jones,Doctor 49,2023-11-29
P0432,Kathleen,James,Doctor 32,2023-11-29
P0455,Jessica,Hall,Doctor 157,2023-11-29
P0458,Deborah,Bailey,Doctor 75,2023-11-29
P0471,Virginia,Wilson,Doctor 197,2023-11-29
P0001,Karen,Cooper,Doctor 155,2023-11-30
P0026,Gary,Hall,Doctor 102,2023-11-30
P0212,William,Gray,Doctor 130,2023-11-30
P0254,Brian,Ramos,Doctor 150,2023-11-30
P0404,Anthony,Cook,Doctor 198,2023-11-30
P0122,Jose,Sanchez,Doctor 135,2023-12-01
P0191,Virginia,Parker,Doctor 26,2023-12-01
P0207,Joseph,Evans,Doctor 25,2023-12-01
P0258,Kevin,Torres,Doctor 25,2023-12-01
P0278,Melissa,Young,Doctor 55,2023-12-01
P0333,Aaron,Rodriguez,Doctor 109,2023-12-01
P0430,Jacob,Flores,Doctor 97,2023-12-01
P0129,Charles,Clark,Doctor 40,2023-12-02
P0146,David,Hughes,Doctor 91,2023-12-02
P0152,Jerry,Price,Doctor 149,2023-12-02
P0155,Helen,Lopez,Doctor 196,2023-12-02
P0258,Kevin,Torres,Doctor 25,2023-12-02
P0351,Karen,Taylor,Doctor 142,2023-12-02
P0409,Patricia,Stewart,Doctor 197,2023-12-02
P0435,Amy,Price,Doctor 51,2023-12-02
P0441,Deborah,Anderson,Doctor 47,2023-12-02
P0207,Joseph,Evans,Doctor 25,2023-12-03
P0239,Betty,Bailey,Doctor 83,2023-12-03
P0345,Dorothy,Lee,Doctor 54,2023-12-03
P0197,Cynthia,Gonzalez,Doctor 112,2023-12-04
P0335,David,Morales,Doctor 134,2023-12-04
P0016,Sarah,Roberts,Doctor 23,2023-12-05
P0163,Deborah,Wright,Doctor 127,2023-12-05
P0250,Dorothy,Evans,Doctor 38,2023-12-05
P0321,Jerry,Jones,Doctor 112,2023-12-05
P0412,Tyler,Young,Doctor 182,2023-12-05
P0005,Rebecca,Taylor,Doctor 124,2023-12-06
P0038,Cynthia,Watson,Doctor 153,2023-12-06
P0039,Samuel,Baker,Doctor 73,2023-12-06
P0230,Sarah,Diaz,Doctor 27,2023-12-06
P0377,Sharon,Gutierrez,Doctor 66,2023-12-06
P0017,Steven,Myers,Doctor 32,2023-12-07
P0053,David,Myers,Doctor 197,2023-12-07
P0067,David,Moore,Doctor 7,2023-12-07
P0087,William,Jackson,Doctor 70,2023-12-07
P0088,Betty,Martin,Doctor 169,2023-12-07
P0141,Laura,Richardson,Doctor 115,2023-12-07
P0173,Laura,Gonzalez,Doctor 172,2023-12-07
P0184,Rebecca,White,Doctor 106,2023-12-07
P0207,Joseph,Evans,Doctor 25,2023-12-07
P0339,Ruth,Ortiz,Doctor 25,2023-12-07
P0361,Jason,Mitchell,Doctor 190,2023-12-07
P0033,John,Wilson,Doctor 187,2023-12-08
P0065,James,Kelly,Doctor 71,2023-12-08
P0403,Betty,Turner,Doctor 47,2023-12-08
P0453,Brian,Edwards,Doctor 93,2023-12-08
P0493,Brenda,Watson,Doctor 45,2023-12-08
P0003,Kimberly,Anderson,Doctor 159,2023-12-09
P0049,Nicholas,Miller,Doctor 117,2023-12-09
P0053,David,Myers,Doctor 197,2023-12-09
P0100,Emma,Perez,Doctor 84,2023-12-09
P0141,Laura,Richardson,Doctor 115,2023-12-09
P0327,Kevin,Clark,Doctor 93,2023-12-09
P0333,Aaron,Rodriguez,Doctor 109,2023-12-09
P0412,Tyler,Young,Doctor 182,2023-12-09
P0005,Rebecca,Taylor,Doctor 124,2023-12-10
P0177,Lisa,Morgan,Doctor 38,2023-12-10
P0019,Nancy,Gutierrez,Doctor 160,2023-12-11
P0090,Larry,Sanchez,Doctor 143,2023-12-11
P0123,Gregory,Roberts,Doctor 3,2023-12-11
P0186,Robert,Robinson,Doctor 107,2023-12-11
P0207,Joseph,Evans,Doctor 25,2023-12-11
P0211,John,Murphy,Doctor 43,2023-12-11
P0254,Brian,Ramos,Doctor 150,2023-12-11
P0256,Kathleen,Perez,Doctor 194,2023-12-11
P0262,Karen,Brooks,Doctor 175,2023-12-11
P0410,Susan,Ruiz,Doctor 199,2023-12-11
P0418,Melissa,Campbell,Doctor 170,2023-12-11
P0424,Matthew,Sanders,Doctor 59,2023-12-11
P0436,Helen,White,Doctor 83,2023-12-11
P0077,Jessica,Murphy,Doctor 7,2023-12-12
P0113,Susan,Evans,Doctor 56,2023-12-12
P0201,Raymond,Parker,Doctor 87,2023-12-12
P0365,Kenneth,Hughes,Doctor 45,2023-12-12
P0387,Sharon,Morris,Doctor 110,2023-12-12
P0435,Amy,Price,Doctor 51,2023-12-12
P0048,Donna,Peterson,Doctor 134,2023-12-13
P0138,Melissa,Wright,Doctor 40,2023-12-13
P0251,Lisa,Bailey,Doctor 158,2023-12-13
P0346,Dorothy,Williams,Doctor 56,2023-12-13
P0362,Scott,Alvarez,Doctor 38,2023-12-13
P0468,Richard,Nguyen,Doctor 165,2023-12-13
P0024,Donna,Rodriguez,Doctor 67,2023-12-14
P0029,Sandra,Collins,Doctor 119,2023-12-14
P0196,Sarah,Morales,Doctor 137,2023-12-14
P0257,Helen,Ward,Doctor 192,2023-12-14
P0300,Kevin,Cook,Doctor 162,2023-12-14
P0392,Sharon,Parker,Doctor 15,2023-12-14
P0411,Michael,Wright,Doctor 63,2023-12-14
P0467,Amy,Hughes,Doctor 112,2023-12-14
P0071,Carol,Hernandez,Doctor 167,2023-12-15
P0186,Robert,Robinson,Doctor 107,2023-12-15
P0223,Larry,Cruz,Doctor 103,2023-12-15
P0249,Sarah,Wright,Doctor 150,2023-12-15
P0252,Linda,Lopez,Doctor 132,2023-12-15
P0272,George,Thompson,Doctor 3,2023-12-15
P0362,Scott,Alvarez,Doctor 38,2023-12-15
P0388,Sandra,Kim,Doctor 77,2023-12-15
P0104,Daniel,Hill,Doctor 102,2023-12-16
P0188,Andrew,Kim,Doctor 80,2023-12-16
P0359,Donna,Hernandez,Doctor 103,2023-12-16
P0371,Frank,Kim,Doctor 23,2023-12-16
P0435,Amy,Price,Doctor 51,2023-12-16
P0445,Michael,Carter,Doctor 104,2023-12-16
P0463,Aaron,Gomez,Doctor 86,2023-12-16
P0044,Jack,Allen,Doctor 169,2023-12-17
P0089,Lisa,Patel,Doctor 7,2023-12-17
P0323,Gary,Miller,Doctor 110,2023-12-17
P0431,Nicholas,Rogers,Doctor 68,2023-12-17
P0436,Helen,White,Doctor 83,2023-12-17
P0493,Brenda,Watson,Doctor 45,2023-12-17
P0239,Betty,Bailey,Doctor 83,2023-12-18
P0244,Samuel,Martinez,Doctor 5,2023-12-18
P0256,Kathleen,Perez,Doctor 194,2023-12-18
P0041,Cynthia,Lewis,Doctor 198,2023-12-19
P0102,Sandra,Watson,Doctor 58,2023-12-19
P0178,Sharon,Ortiz,Doctor 81,2023-12-19
P0383,Jacob,Morales,Doctor 37,2023-12-19
P0479,Benjamin,Turner,Doctor 112,2023-12-19
P0487,Timothy,Gutierrez,Doctor 88,2023-12-19
P0050,Amy,Harris,Doctor 28,2023-12-20
P0090,Larry,Sanchez,Doctor 143,2023-12-20
P0114,Larry,Mitchell,Doctor 192,2023-12-20
P0275,Elizabeth,Castillo,Doctor 1,2023-12-20
P0321,Jerry,Jones,Doctor 112,2023-12-20
P0392,Sharon,Parker,Doctor 15,2023-12-20
P0392,Sharon,Parker,Doctor 15,2023-12-20
P0025,Mary,Morales,Doctor 100,2023-12-22
P0040,Ruth,Sanchez,Doctor 110,2023-12-22
P0096,Deborah,Price,Doctor 154,2023-12-22
P0172,David,Nguyen,Doctor 172,2023-12-22
P0195,Deborah,Hughes,Doctor 135,2023-12-22
P0270,Laura,Morales,Doctor 133,2023-12-22
P0280,Cynthia,Phillips,Doctor 92,2023-12-22
P0309,Brian,Johnson,Doctor 165,2023-12-22
P0330,Linda,Hill,Doctor 37,2023-12-22
P0373,Jessica,Turner,Doctor 144,2023-12-22
P0475,Jason,Wood,Doctor 16,2023-12-22
P0104,Daniel,Hill,Doctor 102,2023-12-23
P0125,Susan,Moore,Doctor 47,2023-12-23
P0248,Robert,Ruiz,Doctor 143,2023-12-23
P0367,Jack,Sanders,Doctor 75,2023-12-23
P0413,Tyler,Garcia,Doctor 19,2023-12-23
P0201,Raymond,Parker,Doctor 87,2023-12-24
P0457,Andrew,Murphy,Doctor 151,2023-12-24
P0086,Nancy,Cooper,Doctor 73,2023-12-25
P0140,Jerry,Kelly,Doctor 122,2023-12-25
P0305,Rebecca,Stewart,Doctor 59,2023-12-25
P0342,Jonathan,Turner,Doctor 172,2023-12-25
P0001,Karen,Cooper,Doctor 155,2023-12-26
P0048,Donna,Peterson,Doctor 134,2023-12-26
P0092,Virginia,King,Doctor 12,2023-12-26
P0131,Jason,Thomas,Doctor 150,2023-12-26
P0153,Linda,Bennett,Doctor 159,2023-12-26
P0207,Joseph,Evans,Doctor 25,2023-12-26
P0302,Jacob,Cox,Doctor 46,2023-12-26
P0323,Gary,Miller,Doctor 110,2023-12-26
P0379,Anthony,Gomez,Doctor 170,2023-12-26
P0078,Donald,Jones,Doctor 196,2023-12-27
P0108,Helen,Lewis,Doctor 28,2023-12-27
P0109,Angela,Carter,Doctor 147,2023-12-27
P0156,Dennis,Evans,Doctor 33,2023-12-27
P0347,Karen,Anderson,Doctor 120,2023-12-27
P0406,Michael,Anderson,Doctor 133,2023-12-27
P0449,Virginia,Hughes,Doctor 171,2023-12-27
P0496,Joseph,Ramirez,Doctor 91,2023-12-27
P0497,Jose,White,Doctor 153,2023-12-27
P0022,Kathleen,Miller,Doctor 22,2023-12-28
P0048,Donna,Peterson,Doctor 134,2023-12-28
P0235,Andrew,Allen,Doctor 189,2023-12-28
P0266,Christopher,Baker,Doctor 113,2023-12-28
P0326,Betty,Clark,Doctor 26,2023-12-28
P0017,Steven,Myers,Doctor 32,2023-12-29
P0051,Daniel,Wood,Doctor 143,2023-12-29
P0187,Brian,King,Doctor 192,2023-12-29
P0199,Larry,Rodriguez,Doctor 19,2023-12-29
P0220,Steven,Rogers,Doctor 49,2023-12-29
P0225,David,Taylor,Doctor 152,2023-12-29
P0286,Joseph,Murphy,Doctor 115,2023-12-29
P0288,Dennis,Kim,Doctor 143,2023-12-29
P0384,Kevin,Ortiz,Doctor 28,2023-12-29
P0384,Kevin,Ortiz,Doctor 28,2023-12-29
P0407,Betty,Edwards,Doctor 199,2023-12-29
P0450,Jessica,Morris,Doctor 10,2023-12-29
P0025,Mary,Morales,Doctor 100,2023-12-30
P0064,Jack,Rivera,Doctor 102,2023-12-30
P0292,Patrick,Ramirez,Doctor 94,2023-12-30
P0410,Susan,Ruiz,Doctor 199,2023-12-30
P0451,Emma,Ramirez,Doctor 39,2023-12-30
P0485,Frank,Nguyen,Doctor 38,2023-12-30